2026-04-27 01:34:00,615 - INFO - Accelerator: num_processes=2, mixed_precision=bf16, device=cuda:0
2026-04-27 01:34:00,615 - INFO - Validation sampler: heun
2026-04-27 01:34:01,038 - INFO - Loading class map from /home/hmolin/3DGen-Playground/object_labels/image_kmeans_k103/object_to_class.json
2026-04-27 01:34:01,203 - INFO - Number of classes: 103
2026-04-27 01:34:01,204 - INFO - Creating base dataset...
2026-04-27 01:34:01,204 - INFO - Loading sphere2plane permutation from /home/tiangexiang/gen3d/gaussianverse/sphere2plane.npy
2026-04-27 01:34:01,204 - INFO - Loading sphere2plane permutation from /home/tiangexiang/gen3d/gaussianverse/sphere2plane.npy
2026-04-27 01:34:01,211 - INFO - Loading obj list from /home/tiangexiang/gen3d/gaussianverse/all_obj_list_filtered.json
2026-04-27 01:34:01,211 - INFO - Loading obj list from /home/tiangexiang/gen3d/gaussianverse/all_obj_list_filtered.json
2026-04-27 01:34:01,426 - INFO - Loaded 254338 entries from /home/tiangexiang/gen3d/gaussianverse/all_obj_list_filtered.json
2026-04-27 01:34:01,427 - INFO - Loaded 254338 entries from /home/tiangexiang/gen3d/gaussianverse/all_obj_list_filtered.json
2026-04-27 01:34:01,433 - INFO - Total merged entries: 254338
2026-04-27 01:34:01,433 - INFO - Total merged entries: 254338
2026-04-27 01:34:01,441 - INFO - Loading normalization statistics from /home/hmolin/3DGen-Playground/data/stats/all_mean.pt and /home/hmolin/3DGen-Playground/data/stats/all_std.pt
2026-04-27 01:34:01,441 - INFO - Loading normalization statistics from /home/hmolin/3DGen-Playground/data/stats/all_mean.pt and /home/hmolin/3DGen-Playground/data/stats/all_std.pt
2026-04-27 01:34:01,461 - INFO - Initialized dataset with 254338 samples
2026-04-27 01:34:01,461 - INFO - Initialized dataset with 254338 samples
2026-04-27 01:34:01,462 - INFO - sh_degree0_only: selecting 14 features from 59
2026-04-27 01:34:01,527 - INFO - Loaded sphere2plane permutation: 16384 points
2026-04-27 01:34:01,774 - INFO - Class3DGenDataset: 254337 valid samples, 1 skipped (class -1 or missing)
2026-04-27 01:34:01,778 - INFO - Class3DGenDataset: 254337 valid samples, 1 skipped (class -1 or missing)
2026-04-27 01:34:01,798 - INFO - [class-balanced] sampling with inverse-frequency weights over 103 classes (min=791, max=4760, mean=2469.3 samples/class)
2026-04-27 01:34:01,798 - INFO - Dataset size: 254337, Per-GPU batch size: 16
2026-04-27 01:34:01,799 - INFO - Creating model: JiT-B/8
2026-04-27 01:34:03,527 - INFO - JiT spatial folding: disabled (factor=1)
2026-04-27 01:34:03,528 - INFO - Model parameters: 130,721,664 (130.7M)
2026-04-27 01:34:03,862 - INFO - Diffusion timesteps: 1000, predict=x0, schedule=squaredcos_cap_v2
2026-04-27 01:34:03,862 - INFO - Training mode: DDPM (sampler=heun), timestep sampling: sigmoid(N(0.000, 1.000)) mapped to discrete steps [0, 999]
2026-04-27 01:34:05,363 - INFO - LR schedule: cosine | warmup=500 opt steps | max_opt_steps=556360 | lr_min=1e-05
2026-04-27 01:34:05,422 - INFO - [channel_loss_weights] active: 14 values, mean=1.0000, min=0.6440, max=1.7350
2026-04-27 01:34:05,585 - INFO - Loaded 52 reference cameras from /home/hmolin/3DGen-Playground/artifacts/ref_camera.tar.gz
/home/hmolin/3DGen-Playground/.3dgen/lib/python3.10/site-packages/torchvision/models/_utils.py:208: UserWarning: The parameter 'pretrained' is deprecated since 0.13 and may be removed in the future, please use 'weights' instead.
  warnings.warn(
/home/hmolin/3DGen-Playground/.3dgen/lib/python3.10/site-packages/torchvision/models/_utils.py:208: UserWarning: The parameter 'pretrained' is deprecated since 0.13 and may be removed in the future, please use 'weights' instead.
  warnings.warn(
/home/hmolin/3DGen-Playground/.3dgen/lib/python3.10/site-packages/torchvision/models/_utils.py:223: UserWarning: Arguments other than a weight enum or `None` for 'weights' are deprecated since 0.13 and may be removed in the future. The current behavior is equivalent to passing `weights=VGG16_Weights.IMAGENET1K_V1`. You can also use `weights=VGG16_Weights.DEFAULT` to get the most up-to-date weights.
  warnings.warn(msg)
/home/hmolin/3DGen-Playground/.3dgen/lib/python3.10/site-packages/torchvision/models/_utils.py:223: UserWarning: Arguments other than a weight enum or `None` for 'weights' are deprecated since 0.13 and may be removed in the future. The current behavior is equivalent to passing `weights=VGG16_Weights.IMAGENET1K_V1`. You can also use `weights=VGG16_Weights.DEFAULT` to get the most up-to-date weights.
  warnings.warn(msg)
2026-04-27 01:34:08,579 - INFO - Resuming from checkpoint: output/jit_JiT-B_8_kmeans_k103/0020000.pt
2026-04-27 01:34:16,274 - INFO - Resumed at step 20000
2026-04-27 01:34:16,274 - INFO - Resumed LR opt_step=20000
2026-04-27 01:34:16,276 - INFO - Starting training from epoch 2, step 20000...
2026-04-27 01:34:16,276 - INFO - [render_weight_schedule] active with 2 control points: (50000, rl1=0.000, a=0.000, lp=0.0000), (80000, rl1=0.600, a=0.300, lp=0.0400) | initial weights at step 20000: rl1=0.0000, alpha=0.0000, lpips=0.0000
2026-04-27 01:35:21,948 - INFO - Step   20200 | Epoch   2 | MSE: 0.4588 | Steps/sec: 3.05 | LR: 1.99e-04 | cos(c,null): +0.0582 | GradNorm: 0.0299 | MSE/t: [0.00-0.50]0.509(n=1590) [0.50-0.85]0.410(n=1468) [0.85-0.95]0.396(n=137) [0.95-1.00]0.296(n=5)
2026-04-27 01:35:22,473 - INFO - [cond] cfg_signal=0.0587 (min=0.0407 max=0.0869, n=16) | class_signal=0.0716 (min=0.0424 max=0.0890, n=16) | pred_rms=0.6006
2026-04-27 01:36:24,386 - INFO - Step   20400 | Epoch   2 | MSE: 0.4752 | Steps/sec: 3.23 | LR: 1.99e-04 | cos(c,null): +0.0600 | GradNorm: 0.0301 | MSE/t: [0.00-0.50]0.538(n=1613) [0.50-0.85]0.417(n=1449) [0.85-0.95]0.361(n=131) [0.95-1.00]0.383(n=7)
2026-04-27 01:36:24,885 - INFO - [cond] cfg_signal=0.0561 (min=0.0400 max=0.0817, n=16) | class_signal=0.0716 (min=0.0456 max=0.0879, n=16) | pred_rms=0.6048
2026-04-27 01:37:27,286 - INFO - Step   20600 | Epoch   2 | MSE: 0.4704 | Steps/sec: 3.21 | LR: 1.99e-04 | cos(c,null): +0.0630 | GradNorm: 0.0288 | MSE/t: [0.00-0.50]0.537(n=1592) [0.50-0.85]0.409(n=1473) [0.85-0.95]0.358(n=126) [0.95-1.00]0.443(n=9)
2026-04-27 01:37:27,778 - INFO - [cond] cfg_signal=0.0578 (min=0.0412 max=0.0776, n=16) | class_signal=0.0704 (min=0.0417 max=0.0929, n=16) | pred_rms=0.6028
2026-04-27 01:38:28,813 - INFO - Step   20800 | Epoch   2 | MSE: 0.4734 | Steps/sec: 3.28 | LR: 1.99e-04 | cos(c,null): +0.0657 | GradNorm: 0.0323 | MSE/t: [0.00-0.50]0.540(n=1594) [0.50-0.85]0.410(n=1471) [0.85-0.95]0.378(n=127) [0.95-1.00]0.403(n=8)
2026-04-27 01:38:29,318 - INFO - [cond] cfg_signal=0.0549 (min=0.0388 max=0.0759, n=16) | class_signal=0.0639 (min=0.0353 max=0.0836, n=16) | pred_rms=0.5698
2026-04-27 01:39:32,046 - INFO - Step   21000 | Epoch   2 | MSE: 0.4621 | Steps/sec: 3.19 | LR: 1.99e-04 | cos(c,null): +0.0651 | GradNorm: 0.0349 | MSE/t: [0.00-0.50]0.530(n=1571) [0.50-0.85]0.401(n=1481) [0.85-0.95]0.351(n=140) [0.95-1.00]0.359(n=8)
2026-04-27 01:39:32,532 - INFO - [cond] cfg_signal=0.0571 (min=0.0413 max=0.0742, n=16) | class_signal=0.0701 (min=0.0413 max=0.0864, n=16) | pred_rms=0.6221
2026-04-27 01:39:41,760 - INFO - [validation] saved: output/jit_JiT-B_8_kmeans_k103_v2/dit_validation/epoch_002_step_0021000_class049.png (class=49, sampler=heun, steps=100)
2026-04-27 01:40:46,549 - INFO - Step   21200 | Epoch   2 | MSE: 0.4576 | Steps/sec: 2.70 | LR: 1.99e-04 | cos(c,null): +0.0684 | GradNorm: 0.0282 | MSE/t: [0.00-0.50]0.529(n=1533) [0.50-0.85]0.395(n=1549) [0.85-0.95]0.357(n=117) [0.95-1.00]0.206(n=1)
2026-04-27 01:40:47,096 - INFO - [cond] cfg_signal=0.0538 (min=0.0402 max=0.0683, n=16) | class_signal=0.0684 (min=0.0398 max=0.0855, n=16) | pred_rms=0.6138
2026-04-27 01:41:48,551 - INFO - Step   21400 | Epoch   2 | MSE: 0.4699 | Steps/sec: 3.25 | LR: 1.99e-04 | cos(c,null): +0.0726 | GradNorm: 0.0310 | MSE/t: [0.00-0.50]0.540(n=1585) [0.50-0.85]0.401(n=1480) [0.85-0.95]0.395(n=132) [0.95-1.00]0.338(n=3)
2026-04-27 01:41:49,048 - INFO - [cond] cfg_signal=0.0538 (min=0.0387 max=0.0693, n=16) | class_signal=0.0688 (min=0.0400 max=0.0855, n=16) | pred_rms=0.6004
2026-04-27 01:42:51,400 - INFO - Step   21600 | Epoch   2 | MSE: 0.4673 | Steps/sec: 3.21 | LR: 1.99e-04 | cos(c,null): +0.0720 | GradNorm: 0.0329 | MSE/t: [0.00-0.50]0.531(n=1612) [0.50-0.85]0.406(n=1439) [0.85-0.95]0.361(n=141) [0.95-1.00]0.459(n=8)
2026-04-27 01:42:51,908 - INFO - [cond] cfg_signal=0.0571 (min=0.0402 max=0.0768, n=16) | class_signal=0.0725 (min=0.0415 max=0.0964, n=16) | pred_rms=0.6045
2026-04-27 01:43:55,158 - INFO - Step   21800 | Epoch   2 | MSE: 0.4565 | Steps/sec: 3.16 | LR: 1.99e-04 | cos(c,null): +0.0739 | GradNorm: 0.0258 | MSE/t: [0.00-0.50]0.515(n=1600) [0.50-0.85]0.400(n=1460) [0.85-0.95]0.374(n=134) [0.95-1.00]0.393(n=6)
2026-04-27 01:43:55,657 - INFO - [cond] cfg_signal=0.0582 (min=0.0384 max=0.0730, n=16) | class_signal=0.0747 (min=0.0432 max=0.1002, n=16) | pred_rms=0.6234
2026-04-27 01:44:59,512 - INFO - Step   22000 | Epoch   2 | MSE: 0.4635 | Steps/sec: 3.13 | LR: 1.99e-04 | cos(c,null): +0.0745 | GradNorm: 0.0299 | MSE/t: [0.00-0.50]0.527(n=1564) [0.50-0.85]0.404(n=1478) [0.85-0.95]0.399(n=148) [0.95-1.00]0.326(n=10)
2026-04-27 01:45:00,026 - INFO - [cond] cfg_signal=0.0589 (min=0.0434 max=0.0757, n=16) | class_signal=0.0760 (min=0.0511 max=0.0957, n=16) | pred_rms=0.6029
2026-04-27 01:45:08,557 - INFO - [validation] saved: output/jit_JiT-B_8_kmeans_k103_v2/dit_validation/epoch_002_step_0022000_class053.png (class=53, sampler=heun, steps=100)
2026-04-27 01:46:11,660 - INFO - Step   22200 | Epoch   2 | MSE: 0.4626 | Steps/sec: 2.79 | LR: 1.99e-04 | cos(c,null): +0.0740 | GradNorm: 0.0261 | MSE/t: [0.00-0.50]0.526(n=1544) [0.50-0.85]0.407(n=1503) [0.85-0.95]0.372(n=146) [0.95-1.00]0.471(n=7)
2026-04-27 01:46:12,186 - INFO - [cond] cfg_signal=0.0584 (min=0.0398 max=0.0704, n=16) | class_signal=0.0763 (min=0.0500 max=0.0977, n=16) | pred_rms=0.6427
2026-04-27 01:47:14,509 - INFO - Step   22400 | Epoch   2 | MSE: 0.4666 | Steps/sec: 3.21 | LR: 1.99e-04 | cos(c,null): +0.0772 | GradNorm: 0.0293 | MSE/t: [0.00-0.50]0.524(n=1582) [0.50-0.85]0.413(n=1472) [0.85-0.95]0.392(n=139) [0.95-1.00]0.282(n=7)
2026-04-27 01:47:15,021 - INFO - [cond] cfg_signal=0.0610 (min=0.0446 max=0.0839, n=16) | class_signal=0.0750 (min=0.0501 max=0.0937, n=16) | pred_rms=0.6036
2026-04-27 01:48:18,417 - INFO - Step   22600 | Epoch   2 | MSE: 0.4601 | Steps/sec: 3.15 | LR: 1.99e-04 | cos(c,null): +0.0781 | GradNorm: 0.0309 | MSE/t: [0.00-0.50]0.519(n=1629) [0.50-0.85]0.401(n=1462) [0.85-0.95]0.374(n=101) [0.95-1.00]0.283(n=8)
2026-04-27 01:48:18,908 - INFO - [cond] cfg_signal=0.0562 (min=0.0362 max=0.0764, n=16) | class_signal=0.0735 (min=0.0412 max=0.0951, n=16) | pred_rms=0.6166
2026-04-27 01:49:21,336 - INFO - Step   22800 | Epoch   2 | MSE: 0.4570 | Steps/sec: 3.20 | LR: 1.99e-04 | cos(c,null): +0.0842 | GradNorm: 0.0319 | MSE/t: [0.00-0.50]0.515(n=1600) [0.50-0.85]0.396(n=1473) [0.85-0.95]0.321(n=120) [0.95-1.00]2.234(n=7)
2026-04-27 01:49:21,855 - INFO - [cond] cfg_signal=0.0525 (min=0.0380 max=0.0695, n=16) | class_signal=0.0683 (min=0.0419 max=0.0854, n=16) | pred_rms=0.6088
2026-04-27 01:50:24,255 - INFO - Step   23000 | Epoch   2 | MSE: 0.4680 | Steps/sec: 3.21 | LR: 1.99e-04 | cos(c,null): +0.0800 | GradNorm: 0.0288 | MSE/t: [0.00-0.50]0.540(n=1556) [0.50-0.85]0.406(n=1519) [0.85-0.95]0.329(n=119) [0.95-1.00]0.278(n=6)
2026-04-27 01:50:24,746 - INFO - [cond] cfg_signal=0.0536 (min=0.0369 max=0.0683, n=16) | class_signal=0.0700 (min=0.0440 max=0.0995, n=16) | pred_rms=0.6242
2026-04-27 01:50:32,961 - INFO - [validation] saved: output/jit_JiT-B_8_kmeans_k103_v2/dit_validation/epoch_002_step_0023000_class033.png (class=33, sampler=heun, steps=100)
2026-04-27 01:51:37,829 - INFO - Step   23200 | Epoch   2 | MSE: 0.4607 | Steps/sec: 2.74 | LR: 1.99e-04 | cos(c,null): +0.0829 | GradNorm: 0.0279 | MSE/t: [0.00-0.50]0.523(n=1623) [0.50-0.85]0.401(n=1439) [0.85-0.95]0.357(n=132) [0.95-1.00]0.224(n=6)
2026-04-27 01:51:38,357 - INFO - [cond] cfg_signal=0.0549 (min=0.0375 max=0.0687, n=16) | class_signal=0.0718 (min=0.0390 max=0.1014, n=16) | pred_rms=0.6387
2026-04-27 01:52:41,217 - INFO - Step   23400 | Epoch   2 | MSE: 0.4680 | Steps/sec: 3.18 | LR: 1.99e-04 | cos(c,null): +0.0849 | GradNorm: 0.0322 | MSE/t: [0.00-0.50]0.541(n=1584) [0.50-0.85]0.403(n=1482) [0.85-0.95]0.334(n=130) [0.95-1.00]0.348(n=4)
2026-04-27 01:52:41,704 - INFO - [cond] cfg_signal=0.0554 (min=0.0391 max=0.0723, n=16) | class_signal=0.0709 (min=0.0393 max=0.0910, n=16) | pred_rms=0.5992
2026-04-27 01:53:44,691 - INFO - Step   23600 | Epoch   2 | MSE: 0.4694 | Steps/sec: 3.18 | LR: 1.99e-04 | cos(c,null): +0.0848 | GradNorm: 0.0331 | MSE/t: [0.00-0.50]0.528(n=1606) [0.50-0.85]0.413(n=1464) [0.85-0.95]0.378(n=124) [0.95-1.00]0.446(n=6)
2026-04-27 01:53:45,200 - INFO - [cond] cfg_signal=0.0565 (min=0.0414 max=0.0782, n=16) | class_signal=0.0702 (min=0.0392 max=0.0933, n=16) | pred_rms=0.6071
2026-04-27 01:54:48,482 - INFO - Step   23800 | Epoch   2 | MSE: 0.4565 | Steps/sec: 3.16 | LR: 1.99e-04 | cos(c,null): +0.0848 | GradNorm: 0.0282 | MSE/t: [0.00-0.50]0.521(n=1590) [0.50-0.85]0.396(n=1483) [0.85-0.95]0.356(n=122) [0.95-1.00]0.424(n=5)
2026-04-27 01:54:48,957 - INFO - [cond] cfg_signal=0.0549 (min=0.0377 max=0.0751, n=16) | class_signal=0.0713 (min=0.0361 max=0.0934, n=16) | pred_rms=0.6205
2026-04-27 01:55:52,100 - INFO - Step   24000 | Epoch   2 | MSE: 0.4734 | Steps/sec: 3.17 | LR: 1.99e-04 | cos(c,null): +0.0864 | GradNorm: 0.0293 | MSE/t: [0.00-0.50]0.530(n=1627) [0.50-0.85]0.419(n=1454) [0.85-0.95]0.367(n=116) [0.95-1.00]0.429(n=3)
2026-04-27 01:55:52,601 - INFO - [cond] cfg_signal=0.0563 (min=0.0366 max=0.0825, n=16) | class_signal=0.0709 (min=0.0359 max=0.0957, n=16) | pred_rms=0.6209
2026-04-27 01:56:00,872 - INFO - [validation] saved: output/jit_JiT-B_8_kmeans_k103_v2/dit_validation/epoch_002_step_0024000_class062.png (class=62, sampler=heun, steps=100)
2026-04-27 01:57:04,327 - INFO - Step   24200 | Epoch   2 | MSE: 0.4619 | Steps/sec: 2.79 | LR: 1.99e-04 | cos(c,null): +0.0875 | GradNorm: 0.0285 | MSE/t: [0.00-0.50]0.522(n=1616) [0.50-0.85]0.401(n=1465) [0.85-0.95]0.398(n=112) [0.95-1.00]0.351(n=7)
2026-04-27 01:57:04,820 - INFO - [cond] cfg_signal=0.0514 (min=0.0333 max=0.0735, n=16) | class_signal=0.0647 (min=0.0374 max=0.0798, n=16) | pred_rms=0.5736
2026-04-27 01:58:06,549 - INFO - Step   24400 | Epoch   2 | MSE: 0.4748 | Steps/sec: 3.24 | LR: 1.99e-04 | cos(c,null): +0.0911 | GradNorm: 0.0309 | MSE/t: [0.00-0.50]0.545(n=1641) [0.50-0.85]0.402(n=1427) [0.85-0.95]0.390(n=128) [0.95-1.00]0.476(n=4)
2026-04-27 01:58:07,083 - INFO - [cond] cfg_signal=0.0508 (min=0.0359 max=0.0712, n=16) | class_signal=0.0645 (min=0.0386 max=0.0816, n=16) | pred_rms=0.6010
2026-04-27 01:59:09,254 - INFO - Step   24600 | Epoch   2 | MSE: 0.4713 | Steps/sec: 3.22 | LR: 1.99e-04 | cos(c,null): +0.0926 | GradNorm: 0.0336 | MSE/t: [0.00-0.50]0.539(n=1636) [0.50-0.85]0.403(n=1429) [0.85-0.95]0.381(n=133) [0.95-1.00]0.226(n=2)
2026-04-27 01:59:09,858 - INFO - [cond] cfg_signal=0.0549 (min=0.0360 max=0.0801, n=16) | class_signal=0.0703 (min=0.0332 max=0.0982, n=16) | pred_rms=0.6120
2026-04-27 02:00:12,868 - INFO - Step   24800 | Epoch   2 | MSE: 0.4617 | Steps/sec: 3.17 | LR: 1.99e-04 | cos(c,null): +0.0800 | GradNorm: 0.0265 | MSE/t: [0.00-0.50]0.522(n=1593) [0.50-0.85]0.407(n=1472) [0.85-0.95]0.353(n=132) [0.95-1.00]0.346(n=3)
2026-04-27 02:00:13,425 - INFO - [cond] cfg_signal=0.0549 (min=0.0373 max=0.0774, n=16) | class_signal=0.0695 (min=0.0399 max=0.0922, n=16) | pred_rms=0.6199
2026-04-27 02:01:16,067 - INFO - Step   25000 | Epoch   2 | MSE: 0.4626 | Steps/sec: 3.19 | LR: 1.99e-04 | cos(c,null): +0.0832 | GradNorm: 0.0278 | MSE/t: [0.00-0.50]0.535(n=1559) [0.50-0.85]0.398(n=1514) [0.85-0.95]0.349(n=122) [0.95-1.00]0.295(n=5)
2026-04-27 02:01:16,559 - INFO - [cond] cfg_signal=0.0552 (min=0.0402 max=0.0816, n=16) | class_signal=0.0703 (min=0.0374 max=0.0897, n=16) | pred_rms=0.6008
2026-04-27 02:01:25,103 - INFO - [validation] saved: output/jit_JiT-B_8_kmeans_k103_v2/dit_validation/epoch_002_step_0025000_class100.png (class=100, sampler=heun, steps=100)
2026-04-27 02:02:29,938 - INFO - Step   25200 | Epoch   2 | MSE: 0.4591 | Steps/sec: 2.73 | LR: 1.99e-04 | cos(c,null): +0.0866 | GradNorm: 0.0283 | MSE/t: [0.00-0.50]0.524(n=1606) [0.50-0.85]0.402(n=1464) [0.85-0.95]0.305(n=123) [0.95-1.00]0.366(n=7)
2026-04-27 02:02:30,465 - INFO - [cond] cfg_signal=0.0530 (min=0.0376 max=0.0803, n=16) | class_signal=0.0687 (min=0.0376 max=0.0953, n=16) | pred_rms=0.6233
2026-04-27 02:03:34,029 - INFO - Step   25400 | Epoch   2 | MSE: 0.4649 | Steps/sec: 3.15 | LR: 1.99e-04 | cos(c,null): +0.0898 | GradNorm: 0.0282 | MSE/t: [0.00-0.50]0.536(n=1558) [0.50-0.85]0.403(n=1483) [0.85-0.95]0.339(n=152) [0.95-1.00]0.403(n=7)
2026-04-27 02:03:34,532 - INFO - [cond] cfg_signal=0.0526 (min=0.0364 max=0.0722, n=16) | class_signal=0.0682 (min=0.0338 max=0.0897, n=16) | pred_rms=0.6225
2026-04-27 02:04:38,032 - INFO - Step   25600 | Epoch   2 | MSE: 0.4625 | Steps/sec: 3.15 | LR: 1.99e-04 | cos(c,null): +0.0893 | GradNorm: 0.0255 | MSE/t: [0.00-0.50]0.525(n=1586) [0.50-0.85]0.403(n=1484) [0.85-0.95]0.365(n=127) [0.95-1.00]0.612(n=3)
2026-04-27 02:04:38,562 - INFO - [cond] cfg_signal=0.0544 (min=0.0371 max=0.0756, n=16) | class_signal=0.0688 (min=0.0363 max=0.0981, n=16) | pred_rms=0.6111
2026-04-27 02:05:41,270 - INFO - Step   25800 | Epoch   2 | MSE: 0.4613 | Steps/sec: 3.19 | LR: 1.99e-04 | cos(c,null): +0.0918 | GradNorm: 0.0288 | MSE/t: [0.00-0.50]0.535(n=1566) [0.50-0.85]0.395(n=1507) [0.85-0.95]0.344(n=120) [0.95-1.00]0.303(n=7)
2026-04-27 02:05:41,812 - INFO - [cond] cfg_signal=0.0521 (min=0.0350 max=0.0710, n=16) | class_signal=0.0650 (min=0.0365 max=0.0815, n=16) | pred_rms=0.6070
2026-04-27 02:06:45,404 - INFO - Step   26000 | Epoch   2 | MSE: 0.4641 | Steps/sec: 3.15 | LR: 1.99e-04 | cos(c,null): +0.0942 | GradNorm: 0.0308 | MSE/t: [0.00-0.50]0.525(n=1609) [0.50-0.85]0.405(n=1462) [0.85-0.95]0.372(n=118) [0.95-1.00]0.430(n=11)
2026-04-27 02:06:46,053 - INFO - [cond] cfg_signal=0.0508 (min=0.0384 max=0.0688, n=16) | class_signal=0.0643 (min=0.0376 max=0.0852, n=16) | pred_rms=0.6099
2026-04-27 02:06:54,366 - INFO - [validation] saved: output/jit_JiT-B_8_kmeans_k103_v2/dit_validation/epoch_002_step_0026000_class061.png (class=61, sampler=heun, steps=100)
2026-04-27 02:07:58,728 - INFO - Step   26200 | Epoch   2 | MSE: 0.4689 | Steps/sec: 2.75 | LR: 1.99e-04 | cos(c,null): +0.0971 | GradNorm: 0.0306 | MSE/t: [0.00-0.50]0.534(n=1637) [0.50-0.85]0.405(n=1428) [0.85-0.95]0.356(n=131) [0.95-1.00]0.415(n=4)
2026-04-27 02:07:59,269 - INFO - [cond] cfg_signal=0.0522 (min=0.0413 max=0.0686, n=16) | class_signal=0.0662 (min=0.0340 max=0.0834, n=16) | pred_rms=0.6099
2026-04-27 02:09:02,348 - INFO - Step   26400 | Epoch   2 | MSE: 0.4662 | Steps/sec: 3.17 | LR: 1.99e-04 | cos(c,null): +0.0973 | GradNorm: 0.0253 | MSE/t: [0.00-0.50]0.542(n=1602) [0.50-0.85]0.395(n=1468) [0.85-0.95]0.334(n=124) [0.95-1.00]0.516(n=6)
2026-04-27 02:09:02,859 - INFO - [cond] cfg_signal=0.0547 (min=0.0385 max=0.0750, n=16) | class_signal=0.0704 (min=0.0378 max=0.0925, n=16) | pred_rms=0.6331
2026-04-27 02:10:05,857 - INFO - Step   26600 | Epoch   2 | MSE: 0.4640 | Steps/sec: 3.17 | LR: 1.99e-04 | cos(c,null): +0.0976 | GradNorm: 0.0252 | MSE/t: [0.00-0.50]0.527(n=1611) [0.50-0.85]0.402(n=1474) [0.85-0.95]0.390(n=110) [0.95-1.00]0.299(n=5)
2026-04-27 02:10:06,367 - INFO - [cond] cfg_signal=0.0532 (min=0.0374 max=0.0674, n=16) | class_signal=0.0702 (min=0.0369 max=0.0916, n=16) | pred_rms=0.6435
2026-04-27 02:11:09,727 - INFO - Step   26800 | Epoch   2 | MSE: 0.4651 | Steps/sec: 3.16 | LR: 1.99e-04 | cos(c,null): +0.1008 | GradNorm: 0.0291 | MSE/t: [0.00-0.50]0.529(n=1577) [0.50-0.85]0.404(n=1468) [0.85-0.95]0.393(n=152) [0.95-1.00]0.348(n=3)
2026-04-27 02:11:10,235 - INFO - [cond] cfg_signal=0.0499 (min=0.0313 max=0.0662, n=16) | class_signal=0.0634 (min=0.0345 max=0.0834, n=16) | pred_rms=0.6338
2026-04-27 02:12:13,159 - INFO - Step   27000 | Epoch   2 | MSE: 0.4723 | Steps/sec: 3.18 | LR: 1.99e-04 | cos(c,null): +0.0984 | GradNorm: 0.0421 | MSE/t: [0.00-0.50]0.527(n=1584) [0.50-0.85]0.421(n=1501) [0.85-0.95]0.382(n=111) [0.95-1.00]0.343(n=4)
2026-04-27 02:12:13,664 - INFO - [cond] cfg_signal=0.0527 (min=0.0350 max=0.0724, n=16) | class_signal=0.0665 (min=0.0345 max=0.0882, n=16) | pred_rms=0.6012
2026-04-27 02:12:21,954 - INFO - [validation] saved: output/jit_JiT-B_8_kmeans_k103_v2/dit_validation/epoch_002_step_0027000_class074.png (class=74, sampler=heun, steps=100)
2026-04-27 02:13:24,969 - INFO - Step   27200 | Epoch   2 | MSE: 0.4638 | Steps/sec: 2.80 | LR: 1.99e-04 | cos(c,null): +0.1016 | GradNorm: 0.0290 | MSE/t: [0.00-0.50]0.534(n=1596) [0.50-0.85]0.394(n=1453) [0.85-0.95]0.397(n=145) [0.95-1.00]0.391(n=6)
2026-04-27 02:13:25,470 - INFO - [cond] cfg_signal=0.0585 (min=0.0411 max=0.0862, n=16) | class_signal=0.0715 (min=0.0410 max=0.0962, n=16) | pred_rms=0.6091
2026-04-27 02:14:28,113 - INFO - Step   27400 | Epoch   2 | MSE: 0.4680 | Steps/sec: 3.19 | LR: 1.99e-04 | cos(c,null): +0.1054 | GradNorm: 0.0296 | MSE/t: [0.00-0.50]0.534(n=1590) [0.50-0.85]0.405(n=1469) [0.85-0.95]0.383(n=134) [0.95-1.00]0.285(n=7)
2026-04-27 02:14:28,631 - INFO - [cond] cfg_signal=0.0530 (min=0.0373 max=0.0713, n=16) | class_signal=0.0671 (min=0.0392 max=0.0833, n=16) | pred_rms=0.6296
2026-04-27 02:15:31,916 - INFO - Step   27600 | Epoch   2 | MSE: 0.4558 | Steps/sec: 3.16 | LR: 1.99e-04 | cos(c,null): +0.1092 | GradNorm: 0.0288 | MSE/t: [0.00-0.50]0.520(n=1622) [0.50-0.85]0.392(n=1443) [0.85-0.95]0.361(n=129) [0.95-1.00]0.374(n=6)
2026-04-27 02:15:32,401 - INFO - [cond] cfg_signal=0.0517 (min=0.0387 max=0.0720, n=16) | class_signal=0.0671 (min=0.0383 max=0.0865, n=16) | pred_rms=0.6457
2026-04-27 02:16:35,013 - INFO - Step   27800 | Epoch   2 | MSE: 0.4552 | Steps/sec: 3.19 | LR: 1.99e-04 | cos(c,null): +0.1124 | GradNorm: 0.0269 | MSE/t: [0.00-0.50]0.523(n=1592) [0.50-0.85]0.395(n=1469) [0.85-0.95]0.311(n=133) [0.95-1.00]0.313(n=6)
2026-04-27 02:16:35,532 - INFO - [cond] cfg_signal=0.0531 (min=0.0337 max=0.0883, n=16) | class_signal=0.0691 (min=0.0381 max=0.0892, n=16) | pred_rms=0.6372
2026-04-27 02:17:39,479 - INFO - Step   28000 | Epoch   3 | MSE: 0.4692 | Steps/sec: 3.13 | LR: 1.99e-04 | cos(c,null): +0.0985 | GradNorm: 0.0311 | MSE/t: [0.00-0.50]0.534(n=1595) [0.50-0.85]0.411(n=1473) [0.85-0.95]0.345(n=129) [0.95-1.00]0.280(n=3)
2026-04-27 02:17:40,003 - INFO - [cond] cfg_signal=0.0524 (min=0.0380 max=0.0788, n=16) | class_signal=0.0679 (min=0.0450 max=0.0925, n=16) | pred_rms=0.6030
2026-04-27 02:17:48,145 - INFO - [validation] saved: output/jit_JiT-B_8_kmeans_k103_v2/dit_validation/epoch_003_step_0028000_class064.png (class=64, sampler=heun, steps=100)
2026-04-27 02:18:53,218 - INFO - Step   28200 | Epoch   3 | MSE: 0.4615 | Steps/sec: 2.73 | LR: 1.99e-04 | cos(c,null): +0.0900 | GradNorm: 0.0243 | MSE/t: [0.00-0.50]0.527(n=1659) [0.50-0.85]0.394(n=1415) [0.85-0.95]0.355(n=119) [0.95-1.00]0.384(n=7)
2026-04-27 02:18:53,829 - INFO - [cond] cfg_signal=0.0509 (min=0.0396 max=0.0741, n=16) | class_signal=0.0634 (min=0.0412 max=0.0811, n=16) | pred_rms=0.6145
2026-04-27 02:19:56,938 - INFO - Step   28400 | Epoch   3 | MSE: 0.4632 | Steps/sec: 3.17 | LR: 1.99e-04 | cos(c,null): +0.0816 | GradNorm: 0.0309 | MSE/t: [0.00-0.50]0.528(n=1586) [0.50-0.85]0.404(n=1470) [0.85-0.95]0.362(n=140) [0.95-1.00]0.179(n=4)
2026-04-27 02:19:57,473 - INFO - [cond] cfg_signal=0.0533 (min=0.0413 max=0.0735, n=16) | class_signal=0.0652 (min=0.0429 max=0.0786, n=16) | pred_rms=0.6387
2026-04-27 02:20:59,817 - INFO - Step   28600 | Epoch   3 | MSE: 0.4701 | Steps/sec: 3.21 | LR: 1.99e-04 | cos(c,null): +0.0853 | GradNorm: 0.0361 | MSE/t: [0.00-0.50]0.527(n=1592) [0.50-0.85]0.415(n=1469) [0.85-0.95]0.411(n=130) [0.95-1.00]0.309(n=9)
2026-04-27 02:21:00,344 - INFO - [cond] cfg_signal=0.0574 (min=0.0389 max=0.0784, n=16) | class_signal=0.0678 (min=0.0422 max=0.0899, n=16) | pred_rms=0.6318
2026-04-27 02:22:03,866 - INFO - Step   28800 | Epoch   3 | MSE: 0.4559 | Steps/sec: 3.15 | LR: 1.99e-04 | cos(c,null): +0.0937 | GradNorm: 0.0264 | MSE/t: [0.00-0.50]0.514(n=1607) [0.50-0.85]0.400(n=1446) [0.85-0.95]0.373(n=145) [0.95-1.00]0.262(n=2)
2026-04-27 02:22:04,363 - INFO - [cond] cfg_signal=0.0548 (min=0.0357 max=0.0797, n=16) | class_signal=0.0681 (min=0.0423 max=0.0895, n=16) | pred_rms=0.6417
2026-04-27 02:23:07,215 - INFO - Step   29000 | Epoch   3 | MSE: 0.4609 | Steps/sec: 3.18 | LR: 1.99e-04 | cos(c,null): +0.1000 | GradNorm: 0.0258 | MSE/t: [0.00-0.50]0.533(n=1616) [0.50-0.85]0.393(n=1438) [0.85-0.95]0.333(n=141) [0.95-1.00]0.329(n=5)
2026-04-27 02:23:07,707 - INFO - [cond] cfg_signal=0.0515 (min=0.0391 max=0.0721, n=16) | class_signal=0.0665 (min=0.0404 max=0.0893, n=16) | pred_rms=0.6267
2026-04-27 02:23:16,115 - INFO - [validation] saved: output/jit_JiT-B_8_kmeans_k103_v2/dit_validation/epoch_003_step_0029000_class036.png (class=36, sampler=heun, steps=100)
2026-04-27 02:24:19,313 - INFO - Step   29200 | Epoch   3 | MSE: 0.4631 | Steps/sec: 2.79 | LR: 1.99e-04 | cos(c,null): +0.1081 | GradNorm: 0.0400 | MSE/t: [0.00-0.50]0.529(n=1560) [0.50-0.85]0.405(n=1486) [0.85-0.95]0.360(n=149) [0.95-1.00]0.404(n=5)
2026-04-27 02:24:19,826 - INFO - [cond] cfg_signal=0.0512 (min=0.0408 max=0.0723, n=16) | class_signal=0.0650 (min=0.0394 max=0.0812, n=16) | pred_rms=0.6293
2026-04-27 02:25:23,452 - INFO - Step   29400 | Epoch   3 | MSE: 0.4615 | Steps/sec: 3.14 | LR: 1.99e-04 | cos(c,null): +0.1136 | GradNorm: 0.0283 | MSE/t: [0.00-0.50]0.520(n=1598) [0.50-0.85]0.406(n=1461) [0.85-0.95]0.386(n=134) [0.95-1.00]0.237(n=7)
2026-04-27 02:25:23,948 - INFO - [cond] cfg_signal=0.0498 (min=0.0397 max=0.0692, n=16) | class_signal=0.0657 (min=0.0392 max=0.0838, n=16) | pred_rms=0.6067
2026-04-27 02:26:27,177 - INFO - Step   29600 | Epoch   3 | MSE: 0.4715 | Steps/sec: 3.16 | LR: 1.99e-04 | cos(c,null): +0.1187 | GradNorm: 0.0283 | MSE/t: [0.00-0.50]0.536(n=1637) [0.50-0.85]0.405(n=1434) [0.85-0.95]0.390(n=125) [0.95-1.00]0.758(n=4)
2026-04-27 02:26:27,740 - INFO - [cond] cfg_signal=0.0504 (min=0.0393 max=0.0647, n=16) | class_signal=0.0652 (min=0.0397 max=0.0806, n=16) | pred_rms=0.6221
2026-04-27 02:27:30,434 - INFO - Step   29800 | Epoch   3 | MSE: 0.4660 | Steps/sec: 3.19 | LR: 1.99e-04 | cos(c,null): +0.1146 | GradNorm: 0.0258 | MSE/t: [0.00-0.50]0.534(n=1607) [0.50-0.85]0.401(n=1467) [0.85-0.95]0.354(n=124) [0.95-1.00]0.209(n=2)
2026-04-27 02:27:30,960 - INFO - [cond] cfg_signal=0.0530 (min=0.0417 max=0.0754, n=16) | class_signal=0.0692 (min=0.0389 max=0.0912, n=16) | pred_rms=0.6532
2026-04-27 02:28:33,087 - INFO - Step   30000 | Epoch   3 | MSE: 0.4596 | Steps/sec: 3.22 | LR: 1.99e-04 | cos(c,null): +0.1204 | GradNorm: 0.0265 | MSE/t: [0.00-0.50]0.523(n=1617) [0.50-0.85]0.401(n=1432) [0.85-0.95]0.332(n=144) [0.95-1.00]0.448(n=7)
2026-04-27 02:28:33,650 - INFO - [cond] cfg_signal=0.0511 (min=0.0371 max=0.0725, n=16) | class_signal=0.0633 (min=0.0369 max=0.0837, n=16) | pred_rms=0.6196
2026-04-27 02:28:42,094 - INFO - [validation] saved: output/jit_JiT-B_8_kmeans_k103_v2/dit_validation/epoch_003_step_0030000_class096.png (class=96, sampler=heun, steps=100)
2026-04-27 02:29:47,331 - INFO - Step   30200 | Epoch   3 | MSE: 0.4759 | Steps/sec: 2.71 | LR: 1.99e-04 | cos(c,null): +0.1264 | GradNorm: 0.0256 | MSE/t: [0.00-0.50]0.541(n=1648) [0.50-0.85]0.411(n=1423) [0.85-0.95]0.358(n=125) [0.95-1.00]0.239(n=4)
2026-04-27 02:29:47,842 - INFO - [cond] cfg_signal=0.0512 (min=0.0402 max=0.0657, n=16) | class_signal=0.0653 (min=0.0355 max=0.0883, n=16) | pred_rms=0.6284
2026-04-27 02:30:51,620 - INFO - Step   30400 | Epoch   3 | MSE: 0.4621 | Steps/sec: 3.14 | LR: 1.99e-04 | cos(c,null): +0.1275 | GradNorm: 0.0287 | MSE/t: [0.00-0.50]0.528(n=1572) [0.50-0.85]0.398(n=1483) [0.85-0.95]0.392(n=135) [0.95-1.00]0.448(n=10)
2026-04-27 02:30:52,125 - INFO - [cond] cfg_signal=0.0506 (min=0.0391 max=0.0685, n=16) | class_signal=0.0648 (min=0.0347 max=0.0961, n=16) | pred_rms=0.6287
2026-04-27 02:31:53,559 - INFO - Step   30600 | Epoch   3 | MSE: 0.4634 | Steps/sec: 3.26 | LR: 1.99e-04 | cos(c,null): +0.1245 | GradNorm: 0.0269 | MSE/t: [0.00-0.50]0.530(n=1619) [0.50-0.85]0.399(n=1439) [0.85-0.95]0.343(n=137) [0.95-1.00]0.501(n=5)
2026-04-27 02:31:54,059 - INFO - [cond] cfg_signal=0.0510 (min=0.0364 max=0.0683, n=16) | class_signal=0.0654 (min=0.0423 max=0.0875, n=16) | pred_rms=0.6298
2026-04-27 02:32:56,878 - INFO - Step   30800 | Epoch   3 | MSE: 0.4585 | Steps/sec: 3.18 | LR: 1.99e-04 | cos(c,null): +0.1225 | GradNorm: 0.0262 | MSE/t: [0.00-0.50]0.524(n=1634) [0.50-0.85]0.393(n=1442) [0.85-0.95]0.353(n=120) [0.95-1.00]0.420(n=4)
2026-04-27 02:32:57,449 - INFO - [cond] cfg_signal=0.0506 (min=0.0371 max=0.0677, n=16) | class_signal=0.0654 (min=0.0361 max=0.0918, n=16) | pred_rms=0.6412
2026-04-27 02:34:01,848 - INFO - Step   31000 | Epoch   3 | MSE: 0.4692 | Steps/sec: 3.11 | LR: 1.99e-04 | cos(c,null): +0.1153 | GradNorm: 0.0288 | MSE/t: [0.00-0.50]0.540(n=1593) [0.50-0.85]0.403(n=1471) [0.85-0.95]0.366(n=127) [0.95-1.00]0.319(n=9)
2026-04-27 02:34:02,349 - INFO - [cond] cfg_signal=0.0568 (min=0.0384 max=0.0799, n=16) | class_signal=0.0687 (min=0.0353 max=0.0934, n=16) | pred_rms=0.6441
2026-04-27 02:34:10,869 - INFO - [validation] saved: output/jit_JiT-B_8_kmeans_k103_v2/dit_validation/epoch_003_step_0031000_class079.png (class=79, sampler=heun, steps=100)
2026-04-27 02:35:14,437 - INFO - Step   31200 | Epoch   3 | MSE: 0.4605 | Steps/sec: 2.77 | LR: 1.99e-04 | cos(c,null): +0.1136 | GradNorm: 0.0256 | MSE/t: [0.00-0.50]0.523(n=1560) [0.50-0.85]0.403(n=1507) [0.85-0.95]0.382(n=129) [0.95-1.00]0.429(n=4)
2026-04-27 02:35:14,947 - INFO - [cond] cfg_signal=0.0550 (min=0.0384 max=0.0744, n=16) | class_signal=0.0662 (min=0.0306 max=0.0931, n=16) | pred_rms=0.6361
2026-04-27 02:36:17,541 - INFO - Step   31400 | Epoch   3 | MSE: 0.4649 | Steps/sec: 3.20 | LR: 1.99e-04 | cos(c,null): +0.1203 | GradNorm: 0.0247 | MSE/t: [0.00-0.50]0.531(n=1639) [0.50-0.85]0.399(n=1426) [0.85-0.95]0.361(n=133) [0.95-1.00]0.224(n=2)
2026-04-27 02:36:18,043 - INFO - [cond] cfg_signal=0.0525 (min=0.0354 max=0.0764, n=16) | class_signal=0.0660 (min=0.0318 max=0.0918, n=16) | pred_rms=0.6336
2026-04-27 02:37:20,691 - INFO - Step   31600 | Epoch   3 | MSE: 0.4660 | Steps/sec: 3.19 | LR: 1.99e-04 | cos(c,null): +0.1244 | GradNorm: 0.0245 | MSE/t: [0.00-0.50]0.538(n=1588) [0.50-0.85]0.399(n=1481) [0.85-0.95]0.366(n=121) [0.95-1.00]0.271(n=10)
2026-04-27 02:37:21,326 - INFO - [cond] cfg_signal=0.0527 (min=0.0375 max=0.0727, n=16) | class_signal=0.0663 (min=0.0350 max=0.0918, n=16) | pred_rms=0.6549
2026-04-27 02:38:23,725 - INFO - Step   31800 | Epoch   3 | MSE: 0.4611 | Steps/sec: 3.21 | LR: 1.99e-04 | cos(c,null): +0.1231 | GradNorm: 0.0281 | MSE/t: [0.00-0.50]0.529(n=1543) [0.50-0.85]0.402(n=1512) [0.85-0.95]0.352(n=139) [0.95-1.00]0.470(n=6)
2026-04-27 02:38:24,266 - INFO - [cond] cfg_signal=0.0525 (min=0.0364 max=0.0710, n=16) | class_signal=0.0706 (min=0.0418 max=0.0941, n=16) | pred_rms=0.6245
2026-04-27 02:39:27,085 - INFO - Step   32000 | Epoch   3 | MSE: 0.4645 | Steps/sec: 3.18 | LR: 1.98e-04 | cos(c,null): +0.1341 | GradNorm: 0.0303 | MSE/t: [0.00-0.50]0.529(n=1581) [0.50-0.85]0.405(n=1476) [0.85-0.95]0.368(n=137) [0.95-1.00]0.219(n=6)
2026-04-27 02:39:27,573 - INFO - [cond] cfg_signal=0.0495 (min=0.0351 max=0.0691, n=16) | class_signal=0.0647 (min=0.0370 max=0.0895, n=16) | pred_rms=0.6467
2026-04-27 02:39:35,858 - INFO - [validation] saved: output/jit_JiT-B_8_kmeans_k103_v2/dit_validation/epoch_003_step_0032000_class032.png (class=32, sampler=heun, steps=100)
2026-04-27 02:40:40,181 - INFO - Step   32200 | Epoch   3 | MSE: 0.4650 | Steps/sec: 2.75 | LR: 1.98e-04 | cos(c,null): +0.1371 | GradNorm: 0.0261 | MSE/t: [0.00-0.50]0.533(n=1602) [0.50-0.85]0.401(n=1457) [0.85-0.95]0.351(n=133) [0.95-1.00]0.267(n=8)
2026-04-27 02:40:40,693 - INFO - [cond] cfg_signal=0.0463 (min=0.0350 max=0.0609, n=16) | class_signal=0.0585 (min=0.0316 max=0.0785, n=16) | pred_rms=0.6331
2026-04-27 02:41:43,481 - INFO - Step   32400 | Epoch   3 | MSE: 0.4655 | Steps/sec: 3.19 | LR: 1.98e-04 | cos(c,null): +0.1225 | GradNorm: 0.0282 | MSE/t: [0.00-0.50]0.530(n=1587) [0.50-0.85]0.407(n=1488) [0.85-0.95]0.323(n=121) [0.95-1.00]0.770(n=4)
2026-04-27 02:41:43,998 - INFO - [cond] cfg_signal=0.0532 (min=0.0384 max=0.0702, n=16) | class_signal=0.0662 (min=0.0311 max=0.0930, n=16) | pred_rms=0.6514
2026-04-27 02:42:47,418 - INFO - Step   32600 | Epoch   3 | MSE: 0.4678 | Steps/sec: 3.15 | LR: 1.98e-04 | cos(c,null): +0.1297 | GradNorm: 0.0336 | MSE/t: [0.00-0.50]0.529(n=1626) [0.50-0.85]0.410(n=1467) [0.85-0.95]0.331(n=104) [0.95-1.00]0.324(n=3)
2026-04-27 02:42:47,955 - INFO - [cond] cfg_signal=0.0487 (min=0.0352 max=0.0718, n=16) | class_signal=0.0611 (min=0.0304 max=0.0911, n=16) | pred_rms=0.6346
2026-04-27 02:43:50,605 - INFO - Step   32800 | Epoch   3 | MSE: 0.4529 | Steps/sec: 3.19 | LR: 1.98e-04 | cos(c,null): +0.1359 | GradNorm: 0.0261 | MSE/t: [0.00-0.50]0.511(n=1595) [0.50-0.85]0.398(n=1480) [0.85-0.95]0.363(n=116) [0.95-1.00]0.369(n=9)
2026-04-27 02:43:51,109 - INFO - [cond] cfg_signal=0.0502 (min=0.0366 max=0.0666, n=16) | class_signal=0.0651 (min=0.0334 max=0.0934, n=16) | pred_rms=0.6183
2026-04-27 02:44:53,900 - INFO - Step   33000 | Epoch   3 | MSE: 0.4640 | Steps/sec: 3.19 | LR: 1.98e-04 | cos(c,null): +0.1388 | GradNorm: 0.0243 | MSE/t: [0.00-0.50]0.537(n=1574) [0.50-0.85]0.398(n=1484) [0.85-0.95]0.346(n=134) [0.95-1.00]0.303(n=8)
2026-04-27 02:44:54,429 - INFO - [cond] cfg_signal=0.0504 (min=0.0316 max=0.0733, n=16) | class_signal=0.0695 (min=0.0382 max=0.0953, n=16) | pred_rms=0.6300
2026-04-27 02:45:03,038 - INFO - [validation] saved: output/jit_JiT-B_8_kmeans_k103_v2/dit_validation/epoch_003_step_0033000_class090.png (class=90, sampler=heun, steps=100)
2026-04-27 02:46:06,017 - INFO - Step   33200 | Epoch   3 | MSE: 0.4561 | Steps/sec: 2.79 | LR: 1.98e-04 | cos(c,null): +0.1377 | GradNorm: 0.0280 | MSE/t: [0.00-0.50]0.519(n=1558) [0.50-0.85]0.402(n=1506) [0.85-0.95]0.341(n=134) [0.95-1.00]0.188(n=2)
2026-04-27 02:46:06,548 - INFO - [cond] cfg_signal=0.0504 (min=0.0341 max=0.0709, n=16) | class_signal=0.0660 (min=0.0303 max=0.0908, n=16) | pred_rms=0.6143
2026-04-27 02:47:09,800 - INFO - Step   33400 | Epoch   3 | MSE: 0.4577 | Steps/sec: 3.16 | LR: 1.98e-04 | cos(c,null): +0.1405 | GradNorm: 0.0271 | MSE/t: [0.00-0.50]0.526(n=1634) [0.50-0.85]0.391(n=1441) [0.85-0.95]0.342(n=121) [0.95-1.00]0.267(n=4)
2026-04-27 02:47:10,313 - INFO - [cond] cfg_signal=0.0512 (min=0.0358 max=0.0695, n=16) | class_signal=0.0674 (min=0.0356 max=0.0928, n=16) | pred_rms=0.6518
2026-04-27 02:48:12,027 - INFO - Step   33600 | Epoch   3 | MSE: 0.4684 | Steps/sec: 3.24 | LR: 1.98e-04 | cos(c,null): +0.1445 | GradNorm: 0.0282 | MSE/t: [0.00-0.50]0.532(n=1620) [0.50-0.85]0.408(n=1459) [0.85-0.95]0.339(n=118) [0.95-1.00]0.239(n=3)
2026-04-27 02:48:12,560 - INFO - [cond] cfg_signal=0.0532 (min=0.0378 max=0.0746, n=16) | class_signal=0.0682 (min=0.0337 max=0.0917, n=16) | pred_rms=0.6252
2026-04-27 02:49:15,841 - INFO - Step   33800 | Epoch   3 | MSE: 0.4622 | Steps/sec: 3.16 | LR: 1.98e-04 | cos(c,null): +0.1444 | GradNorm: 0.0257 | MSE/t: [0.00-0.50]0.538(n=1578) [0.50-0.85]0.394(n=1499) [0.85-0.95]0.329(n=118) [0.95-1.00]0.371(n=5)
2026-04-27 02:49:16,367 - INFO - [cond] cfg_signal=0.0503 (min=0.0397 max=0.0677, n=16) | class_signal=0.0649 (min=0.0396 max=0.0884, n=16) | pred_rms=0.6415
2026-04-27 02:50:19,080 - INFO - Step   34000 | Epoch   3 | MSE: 0.4664 | Steps/sec: 3.19 | LR: 1.98e-04 | cos(c,null): +0.1470 | GradNorm: 0.0261 | MSE/t: [0.00-0.50]0.536(n=1557) [0.50-0.85]0.402(n=1502) [0.85-0.95]0.379(n=133) [0.95-1.00]0.376(n=8)
2026-04-27 02:50:19,560 - INFO - [cond] cfg_signal=0.0516 (min=0.0370 max=0.0706, n=16) | class_signal=0.0661 (min=0.0434 max=0.0828, n=16) | pred_rms=0.6501
2026-04-27 02:50:27,980 - INFO - [validation] saved: output/jit_JiT-B_8_kmeans_k103_v2/dit_validation/epoch_003_step_0034000_class077.png (class=77, sampler=heun, steps=100)
2026-04-27 02:51:31,389 - INFO - Step   34200 | Epoch   3 | MSE: 0.4707 | Steps/sec: 2.78 | LR: 1.98e-04 | cos(c,null): +0.1549 | GradNorm: 0.0309 | MSE/t: [0.00-0.50]0.538(n=1631) [0.50-0.85]0.407(n=1434) [0.85-0.95]0.336(n=128) [0.95-1.00]0.239(n=7)
2026-04-27 02:51:31,902 - INFO - [cond] cfg_signal=0.0471 (min=0.0339 max=0.0642, n=16) | class_signal=0.0592 (min=0.0343 max=0.0770, n=16) | pred_rms=0.6055
2026-04-27 02:52:34,575 - INFO - Step   34400 | Epoch   3 | MSE: 0.4628 | Steps/sec: 3.19 | LR: 1.98e-04 | cos(c,null): +0.1675 | GradNorm: 0.0300 | MSE/t: [0.00-0.50]0.533(n=1602) [0.50-0.85]0.395(n=1465) [0.85-0.95]0.350(n=127) [0.95-1.00]0.576(n=6)
2026-04-27 02:52:35,075 - INFO - [cond] cfg_signal=0.0470 (min=0.0345 max=0.0611, n=16) | class_signal=0.0613 (min=0.0372 max=0.0868, n=16) | pred_rms=0.6347
2026-04-27 02:53:39,763 - INFO - Step   34600 | Epoch   3 | MSE: 0.4689 | Steps/sec: 3.09 | LR: 1.98e-04 | cos(c,null): +0.1712 | GradNorm: 0.0255 | MSE/t: [0.00-0.50]0.533(n=1573) [0.50-0.85]0.411(n=1507) [0.85-0.95]0.353(n=113) [0.95-1.00]0.325(n=7)
2026-04-27 02:53:40,336 - INFO - [cond] cfg_signal=0.0458 (min=0.0324 max=0.0609, n=16) | class_signal=0.0609 (min=0.0365 max=0.0885, n=16) | pred_rms=0.6305
2026-04-27 02:54:43,132 - INFO - Step   34800 | Epoch   3 | MSE: 0.4723 | Steps/sec: 3.19 | LR: 1.98e-04 | cos(c,null): +0.1710 | GradNorm: 0.0260 | MSE/t: [0.00-0.50]0.530(n=1615) [0.50-0.85]0.421(n=1444) [0.85-0.95]0.336(n=137) [0.95-1.00]0.258(n=4)
2026-04-27 02:54:43,617 - INFO - [cond] cfg_signal=0.0475 (min=0.0357 max=0.0646, n=16) | class_signal=0.0624 (min=0.0365 max=0.0851, n=16) | pred_rms=0.6085
2026-04-27 02:55:45,790 - INFO - Step   35000 | Epoch   3 | MSE: 0.4691 | Steps/sec: 3.22 | LR: 1.98e-04 | cos(c,null): +0.1729 | GradNorm: 0.0363 | MSE/t: [0.00-0.50]0.541(n=1563) [0.50-0.85]0.405(n=1495) [0.85-0.95]0.352(n=134) [0.95-1.00]0.377(n=8)
2026-04-27 02:55:46,267 - INFO - [cond] cfg_signal=0.0477 (min=0.0355 max=0.0622, n=16) | class_signal=0.0626 (min=0.0361 max=0.0807, n=16) | pred_rms=0.6144
2026-04-27 02:55:54,520 - INFO - [validation] saved: output/jit_JiT-B_8_kmeans_k103_v2/dit_validation/epoch_003_step_0035000_class039.png (class=39, sampler=heun, steps=100)
2026-04-27 02:56:58,813 - INFO - Step   35200 | Epoch   3 | MSE: 0.4683 | Steps/sec: 2.76 | LR: 1.98e-04 | cos(c,null): +0.1708 | GradNorm: 0.0314 | MSE/t: [0.00-0.50]0.531(n=1589) [0.50-0.85]0.411(n=1463) [0.85-0.95]0.363(n=142) [0.95-1.00]0.264(n=6)
2026-04-27 02:56:59,317 - INFO - [cond] cfg_signal=0.0484 (min=0.0336 max=0.0640, n=16) | class_signal=0.0623 (min=0.0343 max=0.0854, n=16) | pred_rms=0.6100
2026-04-27 02:58:02,632 - INFO - Step   35400 | Epoch   3 | MSE: 0.4770 | Steps/sec: 3.16 | LR: 1.98e-04 | cos(c,null): +0.1764 | GradNorm: 0.0366 | MSE/t: [0.00-0.50]0.548(n=1611) [0.50-0.85]0.406(n=1448) [0.85-0.95]0.396(n=139) [0.95-1.00]0.189(n=2)
2026-04-27 02:58:03,131 - INFO - [cond] cfg_signal=0.0482 (min=0.0338 max=0.0653, n=16) | class_signal=0.0622 (min=0.0347 max=0.0796, n=16) | pred_rms=0.6475
2026-04-27 02:59:04,914 - INFO - Step   35600 | Epoch   3 | MSE: 0.4599 | Steps/sec: 3.24 | LR: 1.98e-04 | cos(c,null): +0.1782 | GradNorm: 0.0273 | MSE/t: [0.00-0.50]0.524(n=1606) [0.50-0.85]0.400(n=1464) [0.85-0.95]0.347(n=125) [0.95-1.00]0.264(n=5)
2026-04-27 02:59:05,408 - INFO - [cond] cfg_signal=0.0489 (min=0.0353 max=0.0670, n=16) | class_signal=0.0633 (min=0.0358 max=0.0809, n=16) | pred_rms=0.6268
2026-04-27 03:00:08,394 - INFO - Step   35800 | Epoch   3 | MSE: 0.4665 | Steps/sec: 3.18 | LR: 1.98e-04 | cos(c,null): +0.1782 | GradNorm: 0.0245 | MSE/t: [0.00-0.50]0.523(n=1649) [0.50-0.85]0.411(n=1417) [0.85-0.95]0.345(n=131) [0.95-1.00]0.748(n=3)
2026-04-27 03:00:08,931 - INFO - [cond] cfg_signal=0.0473 (min=0.0337 max=0.0618, n=16) | class_signal=0.0633 (min=0.0404 max=0.0822, n=16) | pred_rms=0.6585
2026-04-27 03:01:13,247 - INFO - Step   36000 | Epoch   4 | MSE: 0.4570 | Steps/sec: 3.11 | LR: 1.98e-04 | cos(c,null): +0.1850 | GradNorm: 0.0258 | MSE/t: [0.00-0.50]0.519(n=1587) [0.50-0.85]0.400(n=1460) [0.85-0.95]0.348(n=148) [0.95-1.00]0.497(n=5)
2026-04-27 03:01:13,737 - INFO - [cond] cfg_signal=0.0482 (min=0.0368 max=0.0679, n=16) | class_signal=0.0607 (min=0.0354 max=0.0770, n=16) | pred_rms=0.6179
2026-04-27 03:01:22,208 - INFO - [validation] saved: output/jit_JiT-B_8_kmeans_k103_v2/dit_validation/epoch_004_step_0036000_class093.png (class=93, sampler=heun, steps=100)
2026-04-27 03:02:27,755 - INFO - Step   36200 | Epoch   4 | MSE: 0.4660 | Steps/sec: 2.70 | LR: 1.98e-04 | cos(c,null): +0.1862 | GradNorm: 0.0310 | MSE/t: [0.00-0.50]0.532(n=1613) [0.50-0.85]0.401(n=1457) [0.85-0.95]0.381(n=123) [0.95-1.00]0.376(n=7)
2026-04-27 03:02:28,300 - INFO - [cond] cfg_signal=0.0447 (min=0.0316 max=0.0637, n=16) | class_signal=0.0599 (min=0.0397 max=0.0871, n=16) | pred_rms=0.6088
2026-04-27 03:03:30,520 - INFO - Step   36400 | Epoch   4 | MSE: 0.4586 | Steps/sec: 3.21 | LR: 1.98e-04 | cos(c,null): +0.1944 | GradNorm: 0.0329 | MSE/t: [0.00-0.50]0.527(n=1638) [0.50-0.85]0.393(n=1422) [0.85-0.95]0.331(n=134) [0.95-1.00]0.261(n=6)
2026-04-27 03:03:31,017 - INFO - [cond] cfg_signal=0.0486 (min=0.0361 max=0.0624, n=16) | class_signal=0.0637 (min=0.0387 max=0.0852, n=16) | pred_rms=0.6235
2026-04-27 03:04:34,566 - INFO - Step   36600 | Epoch   4 | MSE: 0.4573 | Steps/sec: 3.15 | LR: 1.98e-04 | cos(c,null): +0.1960 | GradNorm: 0.0250 | MSE/t: [0.00-0.50]0.526(n=1608) [0.50-0.85]0.393(n=1452) [0.85-0.95]0.338(n=135) [0.95-1.00]0.333(n=5)
2026-04-27 03:04:35,074 - INFO - [cond] cfg_signal=0.0482 (min=0.0353 max=0.0650, n=16) | class_signal=0.0658 (min=0.0401 max=0.0880, n=16) | pred_rms=0.6149
2026-04-27 03:05:38,837 - INFO - Step   36800 | Epoch   4 | MSE: 0.4608 | Steps/sec: 3.14 | LR: 1.98e-04 | cos(c,null): +0.1979 | GradNorm: 0.0283 | MSE/t: [0.00-0.50]0.526(n=1571) [0.50-0.85]0.402(n=1481) [0.85-0.95]0.349(n=142) [0.95-1.00]0.559(n=6)
2026-04-27 03:05:39,380 - INFO - [cond] cfg_signal=0.0510 (min=0.0386 max=0.0699, n=16) | class_signal=0.0662 (min=0.0400 max=0.0865, n=16) | pred_rms=0.6111
2026-04-27 03:06:42,012 - INFO - Step   37000 | Epoch   4 | MSE: 0.4627 | Steps/sec: 3.19 | LR: 1.98e-04 | cos(c,null): +0.1988 | GradNorm: 0.0306 | MSE/t: [0.00-0.50]0.525(n=1579) [0.50-0.85]0.407(n=1479) [0.85-0.95]0.355(n=138) [0.95-1.00]0.358(n=4)
2026-04-27 03:06:42,533 - INFO - [cond] cfg_signal=0.0495 (min=0.0357 max=0.0717, n=16) | class_signal=0.0654 (min=0.0343 max=0.0848, n=16) | pred_rms=0.6018
2026-04-27 03:06:50,871 - INFO - [validation] saved: output/jit_JiT-B_8_kmeans_k103_v2/dit_validation/epoch_004_step_0037000_class087.png (class=87, sampler=heun, steps=100)
2026-04-27 03:07:54,213 - INFO - Step   37200 | Epoch   4 | MSE: 0.4608 | Steps/sec: 2.79 | LR: 1.98e-04 | cos(c,null): +0.2020 | GradNorm: 0.0239 | MSE/t: [0.00-0.50]0.535(n=1568) [0.50-0.85]0.392(n=1480) [0.85-0.95]0.361(n=143) [0.95-1.00]0.390(n=9)
2026-04-27 03:07:54,737 - INFO - [cond] cfg_signal=0.0514 (min=0.0351 max=0.0706, n=16) | class_signal=0.0691 (min=0.0389 max=0.0920, n=16) | pred_rms=0.6211
2026-04-27 03:08:58,600 - INFO - Step   37400 | Epoch   4 | MSE: 0.4709 | Steps/sec: 3.13 | LR: 1.98e-04 | cos(c,null): +0.2104 | GradNorm: 0.0285 | MSE/t: [0.00-0.50]0.532(n=1570) [0.50-0.85]0.413(n=1485) [0.85-0.95]0.406(n=136) [0.95-1.00]0.337(n=9)
2026-04-27 03:08:59,101 - INFO - [cond] cfg_signal=0.0483 (min=0.0348 max=0.0641, n=16) | class_signal=0.0648 (min=0.0412 max=0.0821, n=16) | pred_rms=0.6118
2026-04-27 03:10:02,501 - INFO - Step   37600 | Epoch   4 | MSE: 0.4635 | Steps/sec: 3.15 | LR: 1.98e-04 | cos(c,null): +0.2133 | GradNorm: 0.0227 | MSE/t: [0.00-0.50]0.519(n=1562) [0.50-0.85]0.418(n=1504) [0.85-0.95]0.315(n=127) [0.95-1.00]0.468(n=7)
2026-04-27 03:10:03,034 - INFO - [cond] cfg_signal=0.0496 (min=0.0367 max=0.0686, n=16) | class_signal=0.0649 (min=0.0415 max=0.0815, n=16) | pred_rms=0.6146
2026-04-27 03:11:06,143 - INFO - Step   37800 | Epoch   4 | MSE: 0.4594 | Steps/sec: 3.17 | LR: 1.98e-04 | cos(c,null): +0.2148 | GradNorm: 0.0239 | MSE/t: [0.00-0.50]0.537(n=1628) [0.50-0.85]0.382(n=1443) [0.85-0.95]0.339(n=124) [0.95-1.00]0.352(n=5)
2026-04-27 03:11:06,621 - INFO - [cond] cfg_signal=0.0494 (min=0.0320 max=0.0695, n=16) | class_signal=0.0649 (min=0.0364 max=0.0858, n=16) | pred_rms=0.6419
2026-04-27 03:12:08,987 - INFO - Step   38000 | Epoch   4 | MSE: 0.4661 | Steps/sec: 3.21 | LR: 1.98e-04 | cos(c,null): +0.2139 | GradNorm: 0.0235 | MSE/t: [0.00-0.50]0.530(n=1583) [0.50-0.85]0.408(n=1482) [0.85-0.95]0.356(n=131) [0.95-1.00]0.346(n=4)
2026-04-27 03:12:09,476 - INFO - [cond] cfg_signal=0.0501 (min=0.0362 max=0.0699, n=16) | class_signal=0.0659 (min=0.0404 max=0.0909, n=16) | pred_rms=0.6076
2026-04-27 03:12:17,789 - INFO - [validation] saved: output/jit_JiT-B_8_kmeans_k103_v2/dit_validation/epoch_004_step_0038000_class060.png (class=60, sampler=heun, steps=100)
2026-04-27 03:13:22,500 - INFO - Step   38200 | Epoch   4 | MSE: 0.4678 | Steps/sec: 2.74 | LR: 1.98e-04 | cos(c,null): +0.2119 | GradNorm: 0.0267 | MSE/t: [0.00-0.50]0.547(n=1550) [0.50-0.85]0.399(n=1516) [0.85-0.95]0.325(n=129) [0.95-1.00]0.359(n=5)
2026-04-27 03:13:23,011 - INFO - [cond] cfg_signal=0.0469 (min=0.0361 max=0.0667, n=16) | class_signal=0.0616 (min=0.0381 max=0.0798, n=16) | pred_rms=0.6137
2026-04-27 03:14:25,620 - INFO - Step   38400 | Epoch   4 | MSE: 0.4582 | Steps/sec: 3.19 | LR: 1.98e-04 | cos(c,null): +0.2103 | GradNorm: 0.0307 | MSE/t: [0.00-0.50]0.523(n=1598) [0.50-0.85]0.396(n=1479) [0.85-0.95]0.361(n=119) [0.95-1.00]0.710(n=4)
2026-04-27 03:14:26,129 - INFO - [cond] cfg_signal=0.0622 (min=0.0452 max=0.0896, n=16) | class_signal=0.0769 (min=0.0484 max=0.1064, n=16) | pred_rms=0.6329
2026-04-27 03:15:28,799 - INFO - Step   38600 | Epoch   4 | MSE: 0.4673 | Steps/sec: 3.19 | LR: 1.98e-04 | cos(c,null): +0.2013 | GradNorm: 0.0293 | MSE/t: [0.00-0.50]0.537(n=1580) [0.50-0.85]0.404(n=1476) [0.85-0.95]0.350(n=137) [0.95-1.00]0.425(n=7)
2026-04-27 03:15:29,305 - INFO - [cond] cfg_signal=0.0554 (min=0.0421 max=0.0776, n=16) | class_signal=0.0720 (min=0.0511 max=0.1086, n=16) | pred_rms=0.6505
2026-04-27 03:16:32,586 - INFO - Step   38800 | Epoch   4 | MSE: 0.4663 | Steps/sec: 3.16 | LR: 1.98e-04 | cos(c,null): +0.2018 | GradNorm: 0.0233 | MSE/t: [0.00-0.50]0.537(n=1617) [0.50-0.85]0.398(n=1449) [0.85-0.95]0.357(n=128) [0.95-1.00]0.267(n=6)
2026-04-27 03:16:33,241 - INFO - [cond] cfg_signal=0.0521 (min=0.0386 max=0.0766, n=16) | class_signal=0.0685 (min=0.0437 max=0.0985, n=16) | pred_rms=0.6375
2026-04-27 03:17:37,253 - INFO - Step   39000 | Epoch   4 | MSE: 0.4650 | Steps/sec: 3.12 | LR: 1.98e-04 | cos(c,null): +0.2046 | GradNorm: 0.0243 | MSE/t: [0.00-0.50]0.537(n=1586) [0.50-0.85]0.398(n=1476) [0.85-0.95]0.353(n=135) [0.95-1.00]0.670(n=3)
2026-04-27 03:17:37,749 - INFO - [cond] cfg_signal=0.0533 (min=0.0387 max=0.0732, n=16) | class_signal=0.0698 (min=0.0408 max=0.0909, n=16) | pred_rms=0.6399
2026-04-27 03:17:46,218 - INFO - [validation] saved: output/jit_JiT-B_8_kmeans_k103_v2/dit_validation/epoch_004_step_0039000_class012.png (class=12, sampler=heun, steps=100)
2026-04-27 03:18:49,825 - INFO - Step   39200 | Epoch   4 | MSE: 0.4655 | Steps/sec: 2.77 | LR: 1.98e-04 | cos(c,null): +0.2153 | GradNorm: 0.0288 | MSE/t: [0.00-0.50]0.536(n=1555) [0.50-0.85]0.399(n=1499) [0.85-0.95]0.397(n=140) [0.95-1.00]0.325(n=6)
2026-04-27 03:18:50,345 - INFO - [cond] cfg_signal=0.0528 (min=0.0388 max=0.0749, n=16) | class_signal=0.0686 (min=0.0438 max=0.0961, n=16) | pred_rms=0.6190
2026-04-27 03:19:53,248 - INFO - Step   39400 | Epoch   4 | MSE: 0.4601 | Steps/sec: 3.18 | LR: 1.98e-04 | cos(c,null): +0.2160 | GradNorm: 0.0226 | MSE/t: [0.00-0.50]0.534(n=1595) [0.50-0.85]0.392(n=1466) [0.85-0.95]0.335(n=133) [0.95-1.00]0.245(n=6)
2026-04-27 03:19:53,750 - INFO - [cond] cfg_signal=0.0517 (min=0.0391 max=0.0670, n=16) | class_signal=0.0657 (min=0.0369 max=0.0925, n=16) | pred_rms=0.6473
2026-04-27 03:20:57,875 - INFO - Step   39600 | Epoch   4 | MSE: 0.4634 | Steps/sec: 3.12 | LR: 1.98e-04 | cos(c,null): +0.2136 | GradNorm: 0.0269 | MSE/t: [0.00-0.50]0.524(n=1630) [0.50-0.85]0.405(n=1429) [0.85-0.95]0.367(n=133) [0.95-1.00]0.280(n=8)
2026-04-27 03:20:58,376 - INFO - [cond] cfg_signal=0.0517 (min=0.0373 max=0.0746, n=16) | class_signal=0.0660 (min=0.0353 max=0.0842, n=16) | pred_rms=0.6298
2026-04-27 03:22:02,228 - INFO - Step   39800 | Epoch   4 | MSE: 0.4667 | Steps/sec: 3.13 | LR: 1.98e-04 | cos(c,null): +0.2084 | GradNorm: 0.0273 | MSE/t: [0.00-0.50]0.533(n=1671) [0.50-0.85]0.396(n=1394) [0.85-0.95]0.373(n=134) [0.95-1.00]0.861(n=1)
2026-04-27 03:22:02,756 - INFO - [cond] cfg_signal=0.0507 (min=0.0396 max=0.0709, n=16) | class_signal=0.0656 (min=0.0367 max=0.0844, n=16) | pred_rms=0.6229
2026-04-27 03:23:05,138 - INFO - Step   40000 | Epoch   4 | MSE: 0.4662 | Steps/sec: 3.21 | LR: 1.98e-04 | cos(c,null): +0.2119 | GradNorm: 0.0234 | MSE/t: [0.00-0.50]0.533(n=1630) [0.50-0.85]0.401(n=1427) [0.85-0.95]0.360(n=140) [0.95-1.00]0.231(n=3)
2026-04-27 03:23:05,644 - INFO - [cond] cfg_signal=0.0514 (min=0.0360 max=0.0697, n=16) | class_signal=0.0668 (min=0.0389 max=0.0907, n=16) | pred_rms=0.6128
2026-04-27 03:23:07,743 - INFO - Saved checkpoint to output/jit_JiT-B_8_kmeans_k103_v2/0040000.pt
2026-04-27 03:23:08,180 - INFO - [cond] cfg_signal=0.0514 (min=0.0360 max=0.0697, n=16) | class_signal=0.0668 (min=0.0389 max=0.0907, n=16) | pred_rms=0.6128
2026-04-27 03:23:16,452 - INFO - [validation] saved: output/jit_JiT-B_8_kmeans_k103_v2/dit_validation/epoch_004_step_0040000_class055.png (class=55, sampler=heun, steps=100)
2026-04-27 03:24:20,111 - INFO - Step   40200 | Epoch   4 | MSE: 0.4584 | Steps/sec: 2.69 | LR: 1.98e-04 | cos(c,null): +0.2131 | GradNorm: 0.0217 | MSE/t: [0.00-0.50]0.527(n=1595) [0.50-0.85]0.390(n=1478) [0.85-0.95]0.394(n=121) [0.95-1.00]0.228(n=6)
2026-04-27 03:24:20,626 - INFO - [cond] cfg_signal=0.0519 (min=0.0359 max=0.0711, n=16) | class_signal=0.0686 (min=0.0414 max=0.0918, n=16) | pred_rms=0.6176
2026-04-27 03:25:24,305 - INFO - Step   40400 | Epoch   4 | MSE: 0.4600 | Steps/sec: 3.14 | LR: 1.98e-04 | cos(c,null): +0.2147 | GradNorm: 0.0255 | MSE/t: [0.00-0.50]0.530(n=1580) [0.50-0.85]0.396(n=1486) [0.85-0.95]0.347(n=133) [0.95-1.00]0.556(n=1)
2026-04-27 03:25:24,845 - INFO - [cond] cfg_signal=0.0521 (min=0.0351 max=0.0690, n=16) | class_signal=0.0704 (min=0.0370 max=0.0957, n=16) | pred_rms=0.6378
2026-04-27 03:26:27,728 - INFO - Step   40600 | Epoch   4 | MSE: 0.4645 | Steps/sec: 3.18 | LR: 1.98e-04 | cos(c,null): +0.2135 | GradNorm: 0.0257 | MSE/t: [0.00-0.50]0.524(n=1607) [0.50-0.85]0.407(n=1460) [0.85-0.95]0.386(n=129) [0.95-1.00]0.252(n=4)
2026-04-27 03:26:28,240 - INFO - [cond] cfg_signal=0.0508 (min=0.0368 max=0.0708, n=16) | class_signal=0.0664 (min=0.0424 max=0.0852, n=16) | pred_rms=0.6181
2026-04-27 03:27:29,672 - INFO - Step   40800 | Epoch   4 | MSE: 0.4787 | Steps/sec: 3.26 | LR: 1.98e-04 | cos(c,null): +0.2134 | GradNorm: 0.0539 | MSE/t: [0.00-0.50]0.533(n=1607) [0.50-0.85]0.425(n=1478) [0.85-0.95]0.414(n=111) [0.95-1.00]0.229(n=4)
2026-04-27 03:27:30,250 - INFO - [cond] cfg_signal=0.0552 (min=0.0396 max=0.0734, n=16) | class_signal=0.0702 (min=0.0380 max=0.0892, n=16) | pred_rms=0.6352
2026-04-27 03:28:32,475 - INFO - Step   41000 | Epoch   4 | MSE: 0.4776 | Steps/sec: 3.21 | LR: 1.98e-04 | cos(c,null): +0.2169 | GradNorm: 0.0292 | MSE/t: [0.00-0.50]0.550(n=1577) [0.50-0.85]0.409(n=1488) [0.85-0.95]0.385(n=132) [0.95-1.00]0.779(n=3)
2026-04-27 03:28:33,047 - INFO - [cond] cfg_signal=0.0524 (min=0.0356 max=0.0764, n=16) | class_signal=0.0652 (min=0.0342 max=0.0837, n=16) | pred_rms=0.6521
2026-04-27 03:28:41,552 - INFO - [validation] saved: output/jit_JiT-B_8_kmeans_k103_v2/dit_validation/epoch_004_step_0041000_class078.png (class=78, sampler=heun, steps=100)
2026-04-27 03:29:46,028 - INFO - Step   41200 | Epoch   4 | MSE: 0.4583 | Steps/sec: 2.74 | LR: 1.97e-04 | cos(c,null): +0.2189 | GradNorm: 0.0277 | MSE/t: [0.00-0.50]0.526(n=1583) [0.50-0.85]0.393(n=1485) [0.85-0.95]0.377(n=129) [0.95-1.00]0.589(n=3)
2026-04-27 03:29:46,536 - INFO - [cond] cfg_signal=0.0496 (min=0.0327 max=0.0727, n=16) | class_signal=0.0641 (min=0.0366 max=0.0873, n=16) | pred_rms=0.6367
2026-04-27 03:30:49,259 - INFO - Step   41400 | Epoch   4 | MSE: 0.4609 | Steps/sec: 3.19 | LR: 1.97e-04 | cos(c,null): +0.2228 | GradNorm: 0.0255 | MSE/t: [0.00-0.50]0.536(n=1579) [0.50-0.85]0.393(n=1488) [0.85-0.95]0.330(n=127) [0.95-1.00]0.263(n=6)
2026-04-27 03:30:49,788 - INFO - [cond] cfg_signal=0.0487 (min=0.0338 max=0.0715, n=16) | class_signal=0.0637 (min=0.0358 max=0.0818, n=16) | pred_rms=0.6607
2026-04-27 03:31:51,859 - INFO - Step   41600 | Epoch   4 | MSE: 0.4629 | Steps/sec: 3.22 | LR: 1.97e-04 | cos(c,null): +0.2280 | GradNorm: 0.0251 | MSE/t: [0.00-0.50]0.537(n=1576) [0.50-0.85]0.398(n=1486) [0.85-0.95]0.323(n=132) [0.95-1.00]0.230(n=6)
2026-04-27 03:31:52,397 - INFO - [cond] cfg_signal=0.0483 (min=0.0339 max=0.0737, n=16) | class_signal=0.0633 (min=0.0366 max=0.0868, n=16) | pred_rms=0.6050
2026-04-27 03:32:56,577 - INFO - Step   41800 | Epoch   4 | MSE: 0.4576 | Steps/sec: 3.12 | LR: 1.97e-04 | cos(c,null): +0.2314 | GradNorm: 0.0268 | MSE/t: [0.00-0.50]0.536(n=1609) [0.50-0.85]0.381(n=1489) [0.85-0.95]0.354(n=96) [0.95-1.00]0.319(n=6)
2026-04-27 03:32:57,103 - INFO - [cond] cfg_signal=0.0497 (min=0.0370 max=0.0760, n=16) | class_signal=0.0629 (min=0.0326 max=0.0919, n=16) | pred_rms=0.6267
2026-04-27 03:34:00,197 - INFO - Step   42000 | Epoch   4 | MSE: 0.4605 | Steps/sec: 3.17 | LR: 1.97e-04 | cos(c,null): +0.2412 | GradNorm: 0.0379 | MSE/t: [0.00-0.50]0.526(n=1538) [0.50-0.85]0.404(n=1512) [0.85-0.95]0.351(n=144) [0.95-1.00]0.342(n=6)
2026-04-27 03:34:00,742 - INFO - [cond] cfg_signal=0.0535 (min=0.0379 max=0.0864, n=16) | class_signal=0.0646 (min=0.0366 max=0.0801, n=16) | pred_rms=0.6444
2026-04-27 03:34:09,137 - INFO - [validation] saved: output/jit_JiT-B_8_kmeans_k103_v2/dit_validation/epoch_004_step_0042000_class026.png (class=26, sampler=heun, steps=100)
2026-04-27 03:35:12,619 - INFO - Step   42200 | Epoch   4 | MSE: 0.4679 | Steps/sec: 2.78 | LR: 1.97e-04 | cos(c,null): +0.2405 | GradNorm: 0.0323 | MSE/t: [0.00-0.50]0.534(n=1640) [0.50-0.85]0.402(n=1426) [0.85-0.95]0.360(n=130) [0.95-1.00]0.391(n=4)
2026-04-27 03:35:13,151 - INFO - [cond] cfg_signal=0.0548 (min=0.0380 max=0.0805, n=16) | class_signal=0.0690 (min=0.0415 max=0.0871, n=16) | pred_rms=0.6373
2026-04-27 03:36:16,847 - INFO - Step   42400 | Epoch   4 | MSE: 0.4616 | Steps/sec: 3.14 | LR: 1.97e-04 | cos(c,null): +0.2397 | GradNorm: 0.0257 | MSE/t: [0.00-0.50]0.525(n=1601) [0.50-0.85]0.400(n=1487) [0.85-0.95]0.367(n=109) [0.95-1.00]0.313(n=3)
2026-04-27 03:36:17,365 - INFO - [cond] cfg_signal=0.0498 (min=0.0366 max=0.0749, n=16) | class_signal=0.0627 (min=0.0399 max=0.0805, n=16) | pred_rms=0.6379
2026-04-27 03:37:19,832 - INFO - Step   42600 | Epoch   4 | MSE: 0.4534 | Steps/sec: 3.20 | LR: 1.97e-04 | cos(c,null): +0.2374 | GradNorm: 0.0258 | MSE/t: [0.00-0.50]0.525(n=1601) [0.50-0.85]0.384(n=1480) [0.85-0.95]0.355(n=116) [0.95-1.00]0.285(n=3)
2026-04-27 03:37:20,356 - INFO - [cond] cfg_signal=0.0510 (min=0.0362 max=0.0792, n=16) | class_signal=0.0625 (min=0.0380 max=0.0836, n=16) | pred_rms=0.6394
2026-04-27 03:38:22,983 - INFO - Step   42800 | Epoch   4 | MSE: 0.4640 | Steps/sec: 3.19 | LR: 1.97e-04 | cos(c,null): +0.2360 | GradNorm: 0.0259 | MSE/t: [0.00-0.50]0.524(n=1631) [0.50-0.85]0.406(n=1435) [0.85-0.95]0.350(n=127) [0.95-1.00]0.325(n=7)
2026-04-27 03:38:23,529 - INFO - [cond] cfg_signal=0.0483 (min=0.0339 max=0.0730, n=16) | class_signal=0.0594 (min=0.0361 max=0.0783, n=16) | pred_rms=0.6016
2026-04-27 03:39:25,600 - INFO - Step   43000 | Epoch   4 | MSE: 0.4574 | Steps/sec: 3.22 | LR: 1.97e-04 | cos(c,null): +0.2376 | GradNorm: 0.0285 | MSE/t: [0.00-0.50]0.516(n=1603) [0.50-0.85]0.399(n=1463) [0.85-0.95]0.394(n=132) [0.95-1.00]0.611(n=2)
2026-04-27 03:39:26,081 - INFO - [cond] cfg_signal=0.0520 (min=0.0399 max=0.0719, n=16) | class_signal=0.0658 (min=0.0366 max=0.0875, n=16) | pred_rms=0.6345
2026-04-27 03:39:34,562 - INFO - [validation] saved: output/jit_JiT-B_8_kmeans_k103_v2/dit_validation/epoch_004_step_0043000_class061.png (class=61, sampler=heun, steps=100)
2026-04-27 03:40:38,927 - INFO - Step   43200 | Epoch   4 | MSE: 0.4728 | Steps/sec: 2.75 | LR: 1.97e-04 | cos(c,null): +0.2395 | GradNorm: 0.0277 | MSE/t: [0.00-0.50]0.541(n=1582) [0.50-0.85]0.412(n=1478) [0.85-0.95]0.358(n=133) [0.95-1.00]0.230(n=7)
2026-04-27 03:40:39,455 - INFO - [cond] cfg_signal=0.0491 (min=0.0346 max=0.0717, n=16) | class_signal=0.0632 (min=0.0326 max=0.0843, n=16) | pred_rms=0.6259
2026-04-27 03:41:43,299 - INFO - Step   43400 | Epoch   4 | MSE: 0.4666 | Steps/sec: 3.13 | LR: 1.97e-04 | cos(c,null): +0.2395 | GradNorm: 0.0272 | MSE/t: [0.00-0.50]0.542(n=1627) [0.50-0.85]0.392(n=1425) [0.85-0.95]0.354(n=142) [0.95-1.00]0.292(n=6)
2026-04-27 03:41:43,805 - INFO - [cond] cfg_signal=0.0526 (min=0.0381 max=0.0785, n=16) | class_signal=0.0658 (min=0.0298 max=0.0849, n=16) | pred_rms=0.6274
2026-04-27 03:42:46,358 - INFO - Step   43600 | Epoch   4 | MSE: 0.4657 | Steps/sec: 3.20 | LR: 1.97e-04 | cos(c,null): +0.2395 | GradNorm: 0.0246 | MSE/t: [0.00-0.50]0.534(n=1618) [0.50-0.85]0.401(n=1442) [0.85-0.95]0.344(n=130) [0.95-1.00]0.274(n=10)
2026-04-27 03:42:46,875 - INFO - [cond] cfg_signal=0.0532 (min=0.0382 max=0.0863, n=16) | class_signal=0.0656 (min=0.0313 max=0.0847, n=16) | pred_rms=0.6376
2026-04-27 03:43:49,611 - INFO - Step   43800 | Epoch   4 | MSE: 0.4642 | Steps/sec: 3.19 | LR: 1.97e-04 | cos(c,null): +0.2393 | GradNorm: 0.0232 | MSE/t: [0.00-0.50]0.541(n=1563) [0.50-0.85]0.394(n=1516) [0.85-0.95]0.343(n=118) [0.95-1.00]0.865(n=3)
2026-04-27 03:43:50,125 - INFO - [cond] cfg_signal=0.0514 (min=0.0346 max=0.0811, n=16) | class_signal=0.0661 (min=0.0362 max=0.0882, n=16) | pred_rms=0.6375
2026-04-27 03:44:53,974 - INFO - Step   44000 | Epoch   5 | MSE: 0.4649 | Steps/sec: 3.13 | LR: 1.97e-04 | cos(c,null): +0.2415 | GradNorm: 0.0263 | MSE/t: [0.00-0.50]0.537(n=1605) [0.50-0.85]0.395(n=1461) [0.85-0.95]0.364(n=131) [0.95-1.00]0.303(n=3)
2026-04-27 03:44:54,509 - INFO - [cond] cfg_signal=0.0526 (min=0.0372 max=0.0831, n=16) | class_signal=0.0649 (min=0.0350 max=0.0831, n=16) | pred_rms=0.6412
2026-04-27 03:45:02,948 - INFO - [validation] saved: output/jit_JiT-B_8_kmeans_k103_v2/dit_validation/epoch_005_step_0044000_class066.png (class=66, sampler=heun, steps=100)
2026-04-27 03:46:06,864 - INFO - Step   44200 | Epoch   5 | MSE: 0.4632 | Steps/sec: 2.76 | LR: 1.97e-04 | cos(c,null): +0.2444 | GradNorm: 0.0245 | MSE/t: [0.00-0.50]0.539(n=1603) [0.50-0.85]0.389(n=1457) [0.85-0.95]0.368(n=136) [0.95-1.00]0.293(n=4)
2026-04-27 03:46:07,366 - INFO - [cond] cfg_signal=0.0506 (min=0.0375 max=0.0788, n=16) | class_signal=0.0644 (min=0.0389 max=0.0849, n=16) | pred_rms=0.6252
2026-04-27 03:47:10,903 - INFO - Step   44400 | Epoch   5 | MSE: 0.4644 | Steps/sec: 3.15 | LR: 1.97e-04 | cos(c,null): +0.2481 | GradNorm: 0.0212 | MSE/t: [0.00-0.50]0.529(n=1612) [0.50-0.85]0.402(n=1454) [0.85-0.95]0.355(n=130) [0.95-1.00]0.375(n=4)
2026-04-27 03:47:11,397 - INFO - [cond] cfg_signal=0.0503 (min=0.0377 max=0.0816, n=16) | class_signal=0.0639 (min=0.0370 max=0.0812, n=16) | pred_rms=0.6421
2026-04-27 03:48:14,684 - INFO - Step   44600 | Epoch   5 | MSE: 0.4719 | Steps/sec: 3.16 | LR: 1.97e-04 | cos(c,null): +0.2531 | GradNorm: 0.0269 | MSE/t: [0.00-0.50]0.541(n=1595) [0.50-0.85]0.408(n=1475) [0.85-0.95]0.351(n=128) [0.95-1.00]0.468(n=2)
2026-04-27 03:48:15,221 - INFO - [cond] cfg_signal=0.0507 (min=0.0375 max=0.0779, n=16) | class_signal=0.0643 (min=0.0356 max=0.0824, n=16) | pred_rms=0.6387
2026-04-27 03:49:18,507 - INFO - Step   44800 | Epoch   5 | MSE: 0.4621 | Steps/sec: 3.16 | LR: 1.97e-04 | cos(c,null): +0.2525 | GradNorm: 0.0266 | MSE/t: [0.00-0.50]0.525(n=1562) [0.50-0.85]0.406(n=1496) [0.85-0.95]0.358(n=138) [0.95-1.00]0.310(n=4)
2026-04-27 03:49:19,017 - INFO - [cond] cfg_signal=0.0507 (min=0.0375 max=0.0767, n=16) | class_signal=0.0637 (min=0.0337 max=0.0835, n=16) | pred_rms=0.6251
2026-04-27 03:50:22,963 - INFO - Step   45000 | Epoch   5 | MSE: 0.4637 | Steps/sec: 3.13 | LR: 1.97e-04 | cos(c,null): +0.2537 | GradNorm: 0.0279 | MSE/t: [0.00-0.50]0.517(n=1647) [0.50-0.85]0.413(n=1435) [0.85-0.95]0.328(n=114) [0.95-1.00]0.332(n=4)
2026-04-27 03:50:23,497 - INFO - [cond] cfg_signal=0.0509 (min=0.0356 max=0.0771, n=16) | class_signal=0.0655 (min=0.0350 max=0.0870, n=16) | pred_rms=0.6513
2026-04-27 03:50:31,941 - INFO - [validation] saved: output/jit_JiT-B_8_kmeans_k103_v2/dit_validation/epoch_005_step_0045000_class007.png (class=7, sampler=heun, steps=100)
2026-04-27 03:51:35,752 - INFO - Step   45200 | Epoch   5 | MSE: 0.4593 | Steps/sec: 2.77 | LR: 1.97e-04 | cos(c,null): +0.2585 | GradNorm: 0.0267 | MSE/t: [0.00-0.50]0.527(n=1619) [0.50-0.85]0.394(n=1473) [0.85-0.95]0.337(n=102) [0.95-1.00]0.295(n=6)
2026-04-27 03:51:36,253 - INFO - [cond] cfg_signal=0.0486 (min=0.0342 max=0.0753, n=16) | class_signal=0.0621 (min=0.0371 max=0.0808, n=16) | pred_rms=0.6308
2026-04-27 03:52:39,871 - INFO - Step   45400 | Epoch   5 | MSE: 0.4595 | Steps/sec: 3.14 | LR: 1.97e-04 | cos(c,null): +0.2583 | GradNorm: 0.0239 | MSE/t: [0.00-0.50]0.522(n=1640) [0.50-0.85]0.400(n=1439) [0.85-0.95]0.323(n=115) [0.95-1.00]0.334(n=6)
2026-04-27 03:52:40,385 - INFO - [cond] cfg_signal=0.0501 (min=0.0354 max=0.0754, n=16) | class_signal=0.0653 (min=0.0369 max=0.0864, n=16) | pred_rms=0.6440
2026-04-27 03:53:43,447 - INFO - Step   45600 | Epoch   5 | MSE: 0.4583 | Steps/sec: 3.17 | LR: 1.97e-04 | cos(c,null): +0.2628 | GradNorm: 0.0255 | MSE/t: [0.00-0.50]0.528(n=1559) [0.50-0.85]0.397(n=1522) [0.85-0.95]0.333(n=119) [0.95-1.00]0.000(n=0)
2026-04-27 03:53:43,949 - INFO - [cond] cfg_signal=0.0479 (min=0.0359 max=0.0684, n=16) | class_signal=0.0637 (min=0.0355 max=0.0804, n=16) | pred_rms=0.6257
2026-04-27 03:54:47,645 - INFO - Step   45800 | Epoch   5 | MSE: 0.4597 | Steps/sec: 3.14 | LR: 1.97e-04 | cos(c,null): +0.2721 | GradNorm: 0.0241 | MSE/t: [0.00-0.50]0.527(n=1582) [0.50-0.85]0.398(n=1479) [0.85-0.95]0.348(n=130) [0.95-1.00]0.266(n=9)
2026-04-27 03:54:48,182 - INFO - [cond] cfg_signal=0.0491 (min=0.0371 max=0.0709, n=16) | class_signal=0.0641 (min=0.0330 max=0.0870, n=16) | pred_rms=0.6209
2026-04-27 03:55:51,396 - INFO - Step   46000 | Epoch   5 | MSE: 0.4594 | Steps/sec: 3.16 | LR: 1.97e-04 | cos(c,null): +0.2746 | GradNorm: 0.0241 | MSE/t: [0.00-0.50]0.523(n=1546) [0.50-0.85]0.404(n=1526) [0.85-0.95]0.347(n=122) [0.95-1.00]0.436(n=6)
2026-04-27 03:55:51,891 - INFO - [cond] cfg_signal=0.0481 (min=0.0359 max=0.0672, n=16) | class_signal=0.0632 (min=0.0335 max=0.0867, n=16) | pred_rms=0.6242
2026-04-27 03:56:00,436 - INFO - [validation] saved: output/jit_JiT-B_8_kmeans_k103_v2/dit_validation/epoch_005_step_0046000_class070.png (class=70, sampler=heun, steps=100)
2026-04-27 03:57:04,518 - INFO - Step   46200 | Epoch   5 | MSE: 0.4670 | Steps/sec: 2.75 | LR: 1.97e-04 | cos(c,null): +0.2776 | GradNorm: 0.0223 | MSE/t: [0.00-0.50]0.542(n=1602) [0.50-0.85]0.399(n=1453) [0.85-0.95]0.323(n=135) [0.95-1.00]0.288(n=10)
2026-04-27 03:57:05,094 - INFO - [cond] cfg_signal=0.0499 (min=0.0375 max=0.0687, n=16) | class_signal=0.0629 (min=0.0332 max=0.0846, n=16) | pred_rms=0.6386
2026-04-27 03:58:08,219 - INFO - Step   46400 | Epoch   5 | MSE: 0.4632 | Steps/sec: 3.17 | LR: 1.97e-04 | cos(c,null): +0.2800 | GradNorm: 0.0250 | MSE/t: [0.00-0.50]0.529(n=1590) [0.50-0.85]0.402(n=1485) [0.85-0.95]0.346(n=117) [0.95-1.00]0.521(n=8)
2026-04-27 03:58:08,706 - INFO - [cond] cfg_signal=0.0473 (min=0.0356 max=0.0669, n=16) | class_signal=0.0608 (min=0.0344 max=0.0730, n=16) | pred_rms=0.6208
2026-04-27 03:59:12,264 - INFO - Step   46600 | Epoch   5 | MSE: 0.4646 | Steps/sec: 3.15 | LR: 1.97e-04 | cos(c,null): +0.2835 | GradNorm: 0.0252 | MSE/t: [0.00-0.50]0.525(n=1611) [0.50-0.85]0.407(n=1471) [0.85-0.95]0.362(n=112) [0.95-1.00]0.302(n=6)
2026-04-27 03:59:12,772 - INFO - [cond] cfg_signal=0.0457 (min=0.0259 max=0.0632, n=16) | class_signal=0.0594 (min=0.0348 max=0.0833, n=16) | pred_rms=0.6307
2026-04-27 04:00:16,055 - INFO - Step   46800 | Epoch   5 | MSE: 0.4714 | Steps/sec: 3.16 | LR: 1.97e-04 | cos(c,null): +0.2837 | GradNorm: 0.0307 | MSE/t: [0.00-0.50]0.540(n=1568) [0.50-0.85]0.406(n=1494) [0.85-0.95]0.402(n=134) [0.95-1.00]0.318(n=4)
2026-04-27 04:00:16,575 - INFO - [cond] cfg_signal=0.0496 (min=0.0302 max=0.0843, n=16) | class_signal=0.0676 (min=0.0338 max=0.0988, n=16) | pred_rms=0.5799
2026-04-27 04:01:19,415 - INFO - Step   47000 | Epoch   5 | MSE: 0.4538 | Steps/sec: 3.18 | LR: 1.97e-04 | cos(c,null): +0.2939 | GradNorm: 0.0275 | MSE/t: [0.00-0.50]0.521(n=1581) [0.50-0.85]0.394(n=1484) [0.85-0.95]0.322(n=132) [0.95-1.00]0.276(n=3)
2026-04-27 04:01:19,932 - INFO - [cond] cfg_signal=0.0439 (min=0.0243 max=0.0628, n=16) | class_signal=0.0581 (min=0.0297 max=0.0749, n=16) | pred_rms=0.6046
2026-04-27 04:01:28,290 - INFO - [validation] saved: output/jit_JiT-B_8_kmeans_k103_v2/dit_validation/epoch_005_step_0047000_class011.png (class=11, sampler=heun, steps=100)
2026-04-27 04:02:32,295 - INFO - Step   47200 | Epoch   5 | MSE: 0.4569 | Steps/sec: 2.76 | LR: 1.97e-04 | cos(c,null): +0.2947 | GradNorm: 0.0237 | MSE/t: [0.00-0.50]0.523(n=1592) [0.50-0.85]0.396(n=1468) [0.85-0.95]0.349(n=133) [0.95-1.00]0.308(n=7)
2026-04-27 04:02:32,828 - INFO - [cond] cfg_signal=0.0462 (min=0.0268 max=0.0632, n=16) | class_signal=0.0617 (min=0.0309 max=0.0791, n=16) | pred_rms=0.6054
2026-04-27 04:03:34,688 - INFO - Step   47400 | Epoch   5 | MSE: 0.4619 | Steps/sec: 3.23 | LR: 1.97e-04 | cos(c,null): +0.2942 | GradNorm: 0.0266 | MSE/t: [0.00-0.50]0.527(n=1623) [0.50-0.85]0.396(n=1452) [0.85-0.95]0.374(n=120) [0.95-1.00]0.420(n=5)
2026-04-27 04:03:35,229 - INFO - [cond] cfg_signal=0.0479 (min=0.0324 max=0.0644, n=16) | class_signal=0.0609 (min=0.0272 max=0.0775, n=16) | pred_rms=0.6148
2026-04-27 04:04:37,544 - INFO - Step   47600 | Epoch   5 | MSE: 0.4723 | Steps/sec: 3.21 | LR: 1.97e-04 | cos(c,null): +0.2925 | GradNorm: 0.0250 | MSE/t: [0.00-0.50]0.535(n=1604) [0.50-0.85]0.415(n=1468) [0.85-0.95]0.345(n=125) [0.95-1.00]0.457(n=3)
2026-04-27 04:04:38,055 - INFO - [cond] cfg_signal=0.0469 (min=0.0306 max=0.0704, n=16) | class_signal=0.0585 (min=0.0286 max=0.0834, n=16) | pred_rms=0.6052
2026-04-27 04:05:40,870 - INFO - Step   47800 | Epoch   5 | MSE: 0.4532 | Steps/sec: 3.18 | LR: 1.97e-04 | cos(c,null): +0.2910 | GradNorm: 0.0247 | MSE/t: [0.00-0.50]0.525(n=1629) [0.50-0.85]0.380(n=1455) [0.85-0.95]0.364(n=112) [0.95-1.00]0.278(n=4)
2026-04-27 04:05:41,369 - INFO - [cond] cfg_signal=0.0459 (min=0.0298 max=0.0633, n=16) | class_signal=0.0593 (min=0.0352 max=0.0825, n=16) | pred_rms=0.6266
2026-04-27 04:06:44,137 - INFO - Step   48000 | Epoch   5 | MSE: 0.4579 | Steps/sec: 3.19 | LR: 1.97e-04 | cos(c,null): +0.2922 | GradNorm: 0.0238 | MSE/t: [0.00-0.50]0.517(n=1597) [0.50-0.85]0.402(n=1458) [0.85-0.95]0.365(n=144) [0.95-1.00]0.197(n=1)
2026-04-27 04:06:44,654 - INFO - [cond] cfg_signal=0.0476 (min=0.0320 max=0.0666, n=16) | class_signal=0.0602 (min=0.0346 max=0.0851, n=16) | pred_rms=0.6319
2026-04-27 04:06:53,324 - INFO - [validation] saved: output/jit_JiT-B_8_kmeans_k103_v2/dit_validation/epoch_005_step_0048000_class051.png (class=51, sampler=heun, steps=100)
2026-04-27 04:07:57,089 - INFO - Step   48200 | Epoch   5 | MSE: 0.4625 | Steps/sec: 2.76 | LR: 1.97e-04 | cos(c,null): +0.2927 | GradNorm: 0.0256 | MSE/t: [0.00-0.50]0.536(n=1574) [0.50-0.85]0.397(n=1499) [0.85-0.95]0.320(n=124) [0.95-1.00]0.572(n=3)
2026-04-27 04:07:57,634 - INFO - [cond] cfg_signal=0.0501 (min=0.0352 max=0.0723, n=16) | class_signal=0.0633 (min=0.0309 max=0.0899, n=16) | pred_rms=0.6464
2026-04-27 04:09:00,301 - INFO - Step   48400 | Epoch   5 | MSE: 0.4600 | Steps/sec: 3.19 | LR: 1.97e-04 | cos(c,null): +0.2944 | GradNorm: 0.0300 | MSE/t: [0.00-0.50]0.526(n=1631) [0.50-0.85]0.396(n=1432) [0.85-0.95]0.335(n=131) [0.95-1.00]0.359(n=6)
2026-04-27 04:09:00,788 - INFO - [cond] cfg_signal=0.0494 (min=0.0359 max=0.0732, n=16) | class_signal=0.0627 (min=0.0373 max=0.0848, n=16) | pred_rms=0.6399
2026-04-27 04:10:03,269 - INFO - Step   48600 | Epoch   5 | MSE: 0.4519 | Steps/sec: 3.20 | LR: 1.97e-04 | cos(c,null): +0.2931 | GradNorm: 0.0239 | MSE/t: [0.00-0.50]0.523(n=1580) [0.50-0.85]0.387(n=1480) [0.85-0.95]0.322(n=134) [0.95-1.00]0.607(n=6)
2026-04-27 04:10:03,765 - INFO - [cond] cfg_signal=0.0473 (min=0.0332 max=0.0683, n=16) | class_signal=0.0595 (min=0.0347 max=0.0805, n=16) | pred_rms=0.6220
2026-04-27 04:11:07,335 - INFO - Step   48800 | Epoch   5 | MSE: 0.4596 | Steps/sec: 3.15 | LR: 1.96e-04 | cos(c,null): +0.2847 | GradNorm: 0.0234 | MSE/t: [0.00-0.50]0.522(n=1597) [0.50-0.85]0.402(n=1484) [0.85-0.95]0.342(n=114) [0.95-1.00]0.327(n=5)
2026-04-27 04:11:07,856 - INFO - [cond] cfg_signal=0.0488 (min=0.0319 max=0.0670, n=16) | class_signal=0.0629 (min=0.0398 max=0.0896, n=16) | pred_rms=0.6367
2026-04-27 04:12:11,101 - INFO - Step   49000 | Epoch   5 | MSE: 0.4587 | Steps/sec: 3.16 | LR: 1.96e-04 | cos(c,null): +0.2877 | GradNorm: 0.0284 | MSE/t: [0.00-0.50]0.510(n=1610) [0.50-0.85]0.414(n=1441) [0.85-0.95]0.343(n=143) [0.95-1.00]0.260(n=6)
2026-04-27 04:12:11,602 - INFO - [cond] cfg_signal=0.0515 (min=0.0347 max=0.0788, n=16) | class_signal=0.0655 (min=0.0385 max=0.0845, n=16) | pred_rms=0.6304
2026-04-27 04:12:19,976 - INFO - [validation] saved: output/jit_JiT-B_8_kmeans_k103_v2/dit_validation/epoch_005_step_0049000_class100.png (class=100, sampler=heun, steps=100)
2026-04-27 04:13:23,780 - INFO - Step   49200 | Epoch   5 | MSE: 0.4565 | Steps/sec: 2.77 | LR: 1.96e-04 | cos(c,null): +0.2855 | GradNorm: 0.0227 | MSE/t: [0.00-0.50]0.515(n=1601) [0.50-0.85]0.402(n=1458) [0.85-0.95]0.363(n=131) [0.95-1.00]0.316(n=10)
2026-04-27 04:13:24,278 - INFO - [cond] cfg_signal=0.0508 (min=0.0364 max=0.0733, n=16) | class_signal=0.0628 (min=0.0366 max=0.0834, n=16) | pred_rms=0.5963
2026-04-27 04:14:28,279 - INFO - Step   49400 | Epoch   5 | MSE: 0.4752 | Steps/sec: 3.13 | LR: 1.96e-04 | cos(c,null): +0.2863 | GradNorm: 0.0280 | MSE/t: [0.00-0.50]0.539(n=1586) [0.50-0.85]0.413(n=1486) [0.85-0.95]0.393(n=122) [0.95-1.00]0.672(n=6)
2026-04-27 04:14:28,805 - INFO - [cond] cfg_signal=0.0491 (min=0.0382 max=0.0761, n=16) | class_signal=0.0619 (min=0.0327 max=0.0784, n=16) | pred_rms=0.5944
2026-04-27 04:15:32,048 - INFO - Step   49600 | Epoch   5 | MSE: 0.4570 | Steps/sec: 3.16 | LR: 1.96e-04 | cos(c,null): +0.2738 | GradNorm: 0.0253 | MSE/t: [0.00-0.50]0.528(n=1575) [0.50-0.85]0.391(n=1497) [0.85-0.95]0.365(n=123) [0.95-1.00]0.260(n=5)
2026-04-27 04:15:32,567 - INFO - [cond] cfg_signal=0.0510 (min=0.0384 max=0.0688, n=16) | class_signal=0.0629 (min=0.0353 max=0.0843, n=16) | pred_rms=0.6063
2026-04-27 04:16:34,996 - INFO - Step   49800 | Epoch   5 | MSE: 0.4597 | Steps/sec: 3.20 | LR: 1.96e-04 | cos(c,null): +0.2824 | GradNorm: 0.0450 | MSE/t: [0.00-0.50]0.521(n=1586) [0.50-0.85]0.405(n=1482) [0.85-0.95]0.336(n=130) [0.95-1.00]0.180(n=2)
2026-04-27 04:16:35,496 - INFO - [cond] cfg_signal=0.0524 (min=0.0341 max=0.0720, n=16) | class_signal=0.0672 (min=0.0391 max=0.0832, n=16) | pred_rms=0.6549
2026-04-27 04:17:38,834 - INFO - Step   50000 | Epoch   5 | MSE: 0.4545 | Steps/sec: 3.16 | LR: 1.96e-04 | cos(c,null): +0.2919 | GradNorm: 0.0270 | MSE/t: [0.00-0.50]0.514(n=1650) [0.50-0.85]0.394(n=1428) [0.85-0.95]0.355(n=120) [0.95-1.00]0.292(n=2)
2026-04-27 04:17:39,563 - INFO - [cond] cfg_signal=0.0508 (min=0.0360 max=0.0726, n=16) | class_signal=0.0629 (min=0.0401 max=0.0791, n=16) | pred_rms=0.6434
2026-04-27 04:17:47,811 - INFO - [validation] saved: output/jit_JiT-B_8_kmeans_k103_v2/dit_validation/epoch_005_step_0050000_class080.png (class=80, sampler=heun, steps=100)
2026-04-27 04:17:48,651 - INFO - [overrides] applied from jit/configs/overrides.yaml: lr_scale=1.0 max_grad_norm=5.0 null_repel_weight=0.0 P_mean=0.0
2026-04-27 04:19:41,799 - INFO - Step   50200 | Epoch   5 | MSE: 0.4583 | Steps/sec: 1.64 | LR: 1.96e-04 | Render_L1: 0.0394 | Alpha_L1: 0.0713 | Render_LPIPS: 0.1968 | cos(c,null): +0.2923 | GradNorm: 0.0251 | MSE/t: [0.00-0.50]0.529(n=1633) [0.50-0.85]0.388(n=1439) [0.85-0.95]0.341(n=124) [0.95-1.00]0.400(n=4)
2026-04-27 04:19:42,282 - INFO - [cond] cfg_signal=0.0523 (min=0.0351 max=0.0742, n=16) | class_signal=0.0647 (min=0.0356 max=0.0827, n=16) | pred_rms=0.6212
2026-04-27 04:19:42,338 - INFO - [render-loss] step=50200 masked 6/16 samples (t_value < 0.40)
2026-04-27 04:21:34,584 - INFO - Step   50400 | Epoch   5 | MSE: 0.4641 | Steps/sec: 1.78 | LR: 1.96e-04 | Render_L1: 0.0386 | Alpha_L1: 0.0704 | Render_LPIPS: 0.1954 | cos(c,null): +0.2943 | GradNorm: 0.0299 | MSE/t: [0.00-0.50]0.531(n=1564) [0.50-0.85]0.404(n=1503) [0.85-0.95]0.359(n=129) [0.95-1.00]0.279(n=4)
2026-04-27 04:21:35,054 - INFO - [cond] cfg_signal=0.0505 (min=0.0365 max=0.0685, n=16) | class_signal=0.0601 (min=0.0350 max=0.0741, n=16) | pred_rms=0.6147
2026-04-27 04:21:35,109 - INFO - [render-loss] step=50400 masked 7/16 samples (t_value < 0.40)
2026-04-27 04:23:27,226 - INFO - Step   50600 | Epoch   5 | MSE: 0.4542 | Steps/sec: 1.78 | LR: 1.96e-04 | Render_L1: 0.0384 | Alpha_L1: 0.0684 | Render_LPIPS: 0.1952 | cos(c,null): +0.2993 | GradNorm: 0.0238 | MSE/t: [0.00-0.50]0.521(n=1594) [0.50-0.85]0.391(n=1479) [0.85-0.95]0.343(n=122) [0.95-1.00]0.395(n=5)
2026-04-27 04:23:27,755 - INFO - [cond] cfg_signal=0.0540 (min=0.0403 max=0.0770, n=16) | class_signal=0.0642 (min=0.0352 max=0.0856, n=16) | pred_rms=0.6110
2026-04-27 04:23:27,811 - INFO - [render-loss] step=50600 masked 7/16 samples (t_value < 0.40)
2026-04-27 04:25:20,429 - INFO - Step   50800 | Epoch   5 | MSE: 0.4562 | Steps/sec: 1.78 | LR: 1.96e-04 | Render_L1: 0.0384 | Alpha_L1: 0.0685 | Render_LPIPS: 0.1951 | cos(c,null): +0.2947 | GradNorm: 0.0230 | MSE/t: [0.00-0.50]0.531(n=1615) [0.50-0.85]0.386(n=1458) [0.85-0.95]0.309(n=125) [0.95-1.00]0.307(n=2)
2026-04-27 04:25:20,907 - INFO - [cond] cfg_signal=0.0476 (min=0.0357 max=0.0716, n=16) | class_signal=0.0594 (min=0.0385 max=0.0744, n=16) | pred_rms=0.6107
2026-04-27 04:25:20,964 - INFO - [render-loss] step=50800 masked 5/16 samples (t_value < 0.40)
2026-04-27 04:27:13,198 - INFO - Step   51000 | Epoch   5 | MSE: 0.4660 | Steps/sec: 1.78 | LR: 1.96e-04 | Render_L1: 0.0397 | Alpha_L1: 0.0717 | Render_LPIPS: 0.2008 | cos(c,null): +0.2889 | GradNorm: 0.0301 | MSE/t: [0.00-0.50]0.537(n=1614) [0.50-0.85]0.396(n=1454) [0.85-0.95]0.368(n=128) [0.95-1.00]0.236(n=4)
2026-04-27 04:27:13,667 - INFO - [cond] cfg_signal=0.0504 (min=0.0335 max=0.0767, n=16) | class_signal=0.0602 (min=0.0350 max=0.0753, n=16) | pred_rms=0.6407
2026-04-27 04:27:21,983 - INFO - [validation] saved: output/jit_JiT-B_8_kmeans_k103_v2/dit_validation/epoch_005_step_0051000_class045.png (class=45, sampler=heun, steps=100)
2026-04-27 04:27:23,297 - INFO - [overrides] applied from jit/configs/overrides.yaml: lr_scale=1.0 max_grad_norm=5.0 null_repel_weight=0.0 P_mean=0.0
2026-04-27 04:27:23,347 - INFO - [render-loss] step=51000 masked 7/16 samples (t_value < 0.40)
2026-04-27 04:29:15,078 - INFO - Step   51200 | Epoch   5 | MSE: 0.4659 | Steps/sec: 1.65 | LR: 1.96e-04 | Render_L1: 0.0388 | Alpha_L1: 0.0697 | Render_LPIPS: 0.1992 | cos(c,null): +0.2887 | GradNorm: 0.6295 | MSE/t: [0.00-0.50]0.526(n=1578) [0.50-0.85]0.412(n=1499) [0.85-0.95]0.359(n=119) [0.95-1.00]0.220(n=4)
2026-04-27 04:29:15,546 - INFO - [cond] cfg_signal=0.0499 (min=0.0370 max=0.0692, n=16) | class_signal=0.0613 (min=0.0358 max=0.0769, n=16) | pred_rms=0.5971
2026-04-27 04:29:15,601 - INFO - [render-loss] step=51200 masked 4/16 samples (t_value < 0.40)
2026-04-27 04:31:07,531 - INFO - Step   51400 | Epoch   5 | MSE: 0.4602 | Steps/sec: 1.79 | LR: 1.96e-04 | Render_L1: 0.0386 | Alpha_L1: 0.0692 | Render_LPIPS: 0.1994 | cos(c,null): +0.2901 | GradNorm: 0.0244 | MSE/t: [0.00-0.50]0.525(n=1645) [0.50-0.85]0.399(n=1417) [0.85-0.95]0.314(n=134) [0.95-1.00]0.474(n=4)
2026-04-27 04:31:08,073 - INFO - [cond] cfg_signal=0.0482 (min=0.0351 max=0.0676, n=16) | class_signal=0.0600 (min=0.0334 max=0.0833, n=16) | pred_rms=0.6271
2026-04-27 04:31:08,150 - INFO - [render-loss] step=51400 masked 4/16 samples (t_value < 0.40)
2026-04-27 04:33:00,044 - INFO - Step   51600 | Epoch   5 | MSE: 0.4630 | Steps/sec: 1.79 | LR: 1.96e-04 | Render_L1: 0.0383 | Alpha_L1: 0.0681 | Render_LPIPS: 0.1983 | cos(c,null): +0.2963 | GradNorm: 0.0241 | MSE/t: [0.00-0.50]0.525(n=1651) [0.50-0.85]0.402(n=1423) [0.85-0.95]0.347(n=118) [0.95-1.00]0.282(n=8)
2026-04-27 04:33:00,530 - INFO - [cond] cfg_signal=0.0518 (min=0.0374 max=0.0749, n=16) | class_signal=0.0624 (min=0.0349 max=0.0802, n=16) | pred_rms=0.6212
2026-04-27 04:33:00,586 - INFO - [render-loss] step=51600 masked 3/16 samples (t_value < 0.40)
2026-04-27 04:34:53,912 - INFO - Step   51800 | Epoch   6 | MSE: 0.4679 | Steps/sec: 1.76 | LR: 1.96e-04 | Render_L1: 0.0376 | Alpha_L1: 0.0664 | Render_LPIPS: 0.1968 | cos(c,null): +0.2851 | GradNorm: 0.0244 | MSE/t: [0.00-0.50]0.531(n=1573) [0.50-0.85]0.413(n=1479) [0.85-0.95]0.345(n=144) [0.95-1.00]0.380(n=4)
2026-04-27 04:34:54,388 - INFO - [cond] cfg_signal=0.0477 (min=0.0369 max=0.0655, n=16) | class_signal=0.0594 (min=0.0382 max=0.0708, n=16) | pred_rms=0.6342
2026-04-27 04:34:54,443 - INFO - [render-loss] step=51800 masked 6/16 samples (t_value < 0.40)
2026-04-27 04:36:46,553 - INFO - Step   52000 | Epoch   6 | MSE: 0.4688 | Steps/sec: 1.78 | LR: 1.96e-04 | Render_L1: 0.0376 | Alpha_L1: 0.0669 | Render_LPIPS: 0.1968 | cos(c,null): +0.2916 | GradNorm: 0.0314 | MSE/t: [0.00-0.50]0.546(n=1584) [0.50-0.85]0.397(n=1482) [0.85-0.95]0.354(n=133) [0.95-1.00]0.266(n=1)
2026-04-27 04:36:47,040 - INFO - [cond] cfg_signal=0.0532 (min=0.0361 max=0.0757, n=16) | class_signal=0.0655 (min=0.0426 max=0.0860, n=16) | pred_rms=0.6482
2026-04-27 04:36:55,566 - INFO - [validation] saved: output/jit_JiT-B_8_kmeans_k103_v2/dit_validation/epoch_006_step_0052000_class100.png (class=100, sampler=heun, steps=100)
2026-04-27 04:36:56,983 - INFO - [overrides] applied from jit/configs/overrides.yaml: lr_scale=1.0 max_grad_norm=5.0 null_repel_weight=0.0 P_mean=0.0
2026-04-27 04:36:57,037 - INFO - [render-loss] step=52000 masked 3/16 samples (t_value < 0.40)
2026-04-27 04:38:49,272 - INFO - Step   52200 | Epoch   6 | MSE: 0.4671 | Steps/sec: 1.64 | LR: 1.96e-04 | Render_L1: 0.0383 | Alpha_L1: 0.0687 | Render_LPIPS: 0.2007 | cos(c,null): +0.2921 | GradNorm: 0.0232 | MSE/t: [0.00-0.50]0.536(n=1601) [0.50-0.85]0.402(n=1450) [0.85-0.95]0.369(n=141) [0.95-1.00]0.264(n=8)
2026-04-27 04:38:49,857 - INFO - [cond] cfg_signal=0.0518 (min=0.0380 max=0.0755, n=16) | class_signal=0.0650 (min=0.0390 max=0.0815, n=16) | pred_rms=0.6499
2026-04-27 04:38:50,086 - INFO - [render-loss] step=52200 masked 7/16 samples (t_value < 0.40)
2026-04-27 04:40:42,100 - INFO - Step   52400 | Epoch   6 | MSE: 0.4640 | Steps/sec: 1.78 | LR: 1.96e-04 | Render_L1: 0.0380 | Alpha_L1: 0.0666 | Render_LPIPS: 0.2006 | cos(c,null): +0.2868 | GradNorm: 0.0240 | MSE/t: [0.00-0.50]0.518(n=1643) [0.50-0.85]0.409(n=1428) [0.85-0.95]0.387(n=123) [0.95-1.00]0.165(n=6)
2026-04-27 04:40:42,580 - INFO - [cond] cfg_signal=0.0537 (min=0.0387 max=0.0852, n=16) | class_signal=0.0651 (min=0.0382 max=0.0878, n=16) | pred_rms=0.6498
2026-04-27 04:40:42,637 - INFO - [render-loss] step=52400 masked 5/16 samples (t_value < 0.40)
2026-04-27 04:42:34,757 - INFO - Step   52600 | Epoch   6 | MSE: 0.4612 | Steps/sec: 1.78 | LR: 1.96e-04 | Render_L1: 0.0371 | Alpha_L1: 0.0640 | Render_LPIPS: 0.1982 | cos(c,null): +0.2773 | GradNorm: 0.0245 | MSE/t: [0.00-0.50]0.528(n=1580) [0.50-0.85]0.397(n=1504) [0.85-0.95]0.395(n=110) [0.95-1.00]0.343(n=6)
2026-04-27 04:42:35,233 - INFO - [cond] cfg_signal=0.0520 (min=0.0377 max=0.0801, n=16) | class_signal=0.0629 (min=0.0393 max=0.0802, n=16) | pred_rms=0.6525
2026-04-27 04:42:35,289 - INFO - [render-loss] step=52600 masked 9/16 samples (t_value < 0.40)
2026-04-27 04:44:26,988 - INFO - Step   52800 | Epoch   6 | MSE: 0.4685 | Steps/sec: 1.79 | LR: 1.96e-04 | Render_L1: 0.0388 | Alpha_L1: 0.0679 | Render_LPIPS: 0.2033 | cos(c,null): +0.2833 | GradNorm: 0.0281 | MSE/t: [0.00-0.50]0.515(n=1661) [0.50-0.85]0.422(n=1400) [0.85-0.95]0.373(n=133) [0.95-1.00]0.407(n=6)
2026-04-27 04:44:27,485 - INFO - [cond] cfg_signal=0.0527 (min=0.0375 max=0.0779, n=16) | class_signal=0.0628 (min=0.0341 max=0.0788, n=16) | pred_rms=0.6505
2026-04-27 04:44:27,561 - INFO - [render-loss] step=52800 masked 5/16 samples (t_value < 0.40)
2026-04-27 04:46:20,262 - INFO - Step   53000 | Epoch   6 | MSE: 0.4710 | Steps/sec: 1.77 | LR: 1.96e-04 | Render_L1: 0.0369 | Alpha_L1: 0.0653 | Render_LPIPS: 0.1971 | cos(c,null): +0.2882 | GradNorm: 0.0264 | MSE/t: [0.00-0.50]0.543(n=1659) [0.50-0.85]0.395(n=1447) [0.85-0.95]0.376(n=89) [0.95-1.00]0.304(n=5)
2026-04-27 04:46:20,740 - INFO - [cond] cfg_signal=0.0538 (min=0.0375 max=0.0808, n=16) | class_signal=0.0683 (min=0.0354 max=0.0942, n=16) | pred_rms=0.6535
2026-04-27 04:46:29,136 - INFO - [validation] saved: output/jit_JiT-B_8_kmeans_k103_v2/dit_validation/epoch_006_step_0053000_class007.png (class=7, sampler=heun, steps=100)
2026-04-27 04:46:30,567 - INFO - [overrides] applied from jit/configs/overrides.yaml: lr_scale=1.0 max_grad_norm=5.0 null_repel_weight=0.0 P_mean=0.0
2026-04-27 04:46:30,617 - INFO - [render-loss] step=53000 masked 5/16 samples (t_value < 0.40)
2026-04-27 04:48:22,534 - INFO - Step   53200 | Epoch   6 | MSE: 0.4672 | Steps/sec: 1.64 | LR: 1.96e-04 | Render_L1: 0.0365 | Alpha_L1: 0.0639 | Render_LPIPS: 0.1984 | cos(c,null): +0.2922 | GradNorm: 0.0279 | MSE/t: [0.00-0.50]0.538(n=1615) [0.50-0.85]0.399(n=1438) [0.85-0.95]0.363(n=144) [0.95-1.00]0.226(n=3)
2026-04-27 04:48:23,004 - INFO - [cond] cfg_signal=0.0565 (min=0.0417 max=0.0875, n=16) | class_signal=0.0681 (min=0.0364 max=0.0895, n=16) | pred_rms=0.6675
2026-04-27 04:48:23,061 - INFO - [render-loss] step=53200 masked 3/16 samples (t_value < 0.40)
2026-04-27 04:50:14,760 - INFO - Step   53400 | Epoch   6 | MSE: 0.4720 | Steps/sec: 1.79 | LR: 1.96e-04 | Render_L1: 0.0374 | Alpha_L1: 0.0641 | Render_LPIPS: 0.1994 | cos(c,null): +0.2959 | GradNorm: 0.0268 | MSE/t: [0.00-0.50]0.549(n=1625) [0.50-0.85]0.396(n=1440) [0.85-0.95]0.355(n=132) [0.95-1.00]0.479(n=3)
2026-04-27 04:50:15,232 - INFO - [cond] cfg_signal=0.0529 (min=0.0367 max=0.0778, n=16) | class_signal=0.0636 (min=0.0331 max=0.0815, n=16) | pred_rms=0.6428
2026-04-27 04:50:15,288 - INFO - [render-loss] step=53400 masked 5/16 samples (t_value < 0.40)
2026-04-27 04:52:07,895 - INFO - Step   53600 | Epoch   6 | MSE: 0.4647 | Steps/sec: 1.78 | LR: 1.96e-04 | Render_L1: 0.0368 | Alpha_L1: 0.0632 | Render_LPIPS: 0.1987 | cos(c,null): +0.2993 | GradNorm: 0.0302 | MSE/t: [0.00-0.50]0.536(n=1608) [0.50-0.85]0.397(n=1459) [0.85-0.95]0.333(n=125) [0.95-1.00]0.512(n=8)
2026-04-27 04:52:08,371 - INFO - [cond] cfg_signal=0.0520 (min=0.0357 max=0.0778, n=16) | class_signal=0.0641 (min=0.0330 max=0.0869, n=16) | pred_rms=0.6263
2026-04-27 04:52:08,427 - INFO - [render-loss] step=53600 masked 8/16 samples (t_value < 0.40)
2026-04-27 04:54:00,580 - INFO - Step   53800 | Epoch   6 | MSE: 0.4709 | Steps/sec: 1.78 | LR: 1.96e-04 | Render_L1: 0.0370 | Alpha_L1: 0.0630 | Render_LPIPS: 0.1987 | cos(c,null): +0.3003 | GradNorm: 0.0280 | MSE/t: [0.00-0.50]0.543(n=1599) [0.50-0.85]0.404(n=1454) [0.85-0.95]0.354(n=144) [0.95-1.00]0.226(n=3)
2026-04-27 04:54:01,078 - INFO - [cond] cfg_signal=0.0539 (min=0.0379 max=0.0895, n=16) | class_signal=0.0657 (min=0.0369 max=0.0899, n=16) | pred_rms=0.6332
2026-04-27 04:54:01,139 - INFO - [render-loss] step=53800 masked 5/16 samples (t_value < 0.40)
2026-04-27 04:55:53,600 - INFO - Step   54000 | Epoch   6 | MSE: 0.4621 | Steps/sec: 1.78 | LR: 1.96e-04 | Render_L1: 0.0366 | Alpha_L1: 0.0623 | Render_LPIPS: 0.1985 | cos(c,null): +0.3005 | GradNorm: 0.0326 | MSE/t: [0.00-0.50]0.528(n=1576) [0.50-0.85]0.403(n=1507) [0.85-0.95]0.340(n=113) [0.95-1.00]0.326(n=4)
2026-04-27 04:55:54,079 - INFO - [cond] cfg_signal=0.0578 (min=0.0390 max=0.0873, n=16) | class_signal=0.0692 (min=0.0461 max=0.0917, n=16) | pred_rms=0.6586
2026-04-27 04:56:02,415 - INFO - [validation] saved: output/jit_JiT-B_8_kmeans_k103_v2/dit_validation/epoch_006_step_0054000_class057.png (class=57, sampler=heun, steps=100)
2026-04-27 04:56:03,704 - INFO - [overrides] applied from jit/configs/overrides.yaml: lr_scale=1.0 max_grad_norm=5.0 null_repel_weight=0.0 P_mean=0.0
2026-04-27 04:56:03,754 - INFO - [render-loss] step=54000 masked 4/16 samples (t_value < 0.40)
2026-04-27 04:57:56,003 - INFO - Step   54200 | Epoch   6 | MSE: 0.4556 | Steps/sec: 1.64 | LR: 1.96e-04 | Render_L1: 0.0352 | Alpha_L1: 0.0607 | Render_LPIPS: 0.1943 | cos(c,null): +0.3022 | GradNorm: 0.0264 | MSE/t: [0.00-0.50]0.528(n=1597) [0.50-0.85]0.387(n=1452) [0.85-0.95]0.348(n=144) [0.95-1.00]0.328(n=7)
2026-04-27 04:57:56,519 - INFO - [cond] cfg_signal=0.0558 (min=0.0358 max=0.0867, n=16) | class_signal=0.0664 (min=0.0380 max=0.0852, n=16) | pred_rms=0.6263
2026-04-27 04:57:56,616 - INFO - [render-loss] step=54200 masked 3/16 samples (t_value < 0.40)
2026-04-27 04:59:49,745 - INFO - Step   54400 | Epoch   6 | MSE: 0.4647 | Steps/sec: 1.77 | LR: 1.96e-04 | Render_L1: 0.0360 | Alpha_L1: 0.0612 | Render_LPIPS: 0.1976 | cos(c,null): +0.3030 | GradNorm: 0.0468 | MSE/t: [0.00-0.50]0.536(n=1540) [0.50-0.85]0.401(n=1516) [0.85-0.95]0.374(n=135) [0.95-1.00]0.275(n=9)
2026-04-27 04:59:50,324 - INFO - [cond] cfg_signal=0.0538 (min=0.0371 max=0.0843, n=16) | class_signal=0.0637 (min=0.0372 max=0.0887, n=16) | pred_rms=0.6086
2026-04-27 04:59:50,395 - INFO - [render-loss] step=54400 masked 6/16 samples (t_value < 0.40)
2026-04-27 05:01:44,491 - INFO - Step   54600 | Epoch   6 | MSE: 0.4656 | Steps/sec: 1.75 | LR: 1.96e-04 | Render_L1: 0.0368 | Alpha_L1: 0.0618 | Render_LPIPS: 0.1997 | cos(c,null): +0.3046 | GradNorm: 0.0324 | MSE/t: [0.00-0.50]0.534(n=1609) [0.50-0.85]0.404(n=1440) [0.85-0.95]0.338(n=144) [0.95-1.00]0.186(n=7)
2026-04-27 05:01:45,001 - INFO - [cond] cfg_signal=0.0560 (min=0.0405 max=0.0931, n=16) | class_signal=0.0656 (min=0.0389 max=0.0945, n=16) | pred_rms=0.5950
2026-04-27 05:01:45,060 - INFO - [render-loss] step=54600 masked 5/16 samples (t_value < 0.40)
2026-04-27 05:03:38,857 - INFO - Step   54800 | Epoch   6 | MSE: 0.4614 | Steps/sec: 1.76 | LR: 1.96e-04 | Render_L1: 0.0357 | Alpha_L1: 0.0608 | Render_LPIPS: 0.1971 | cos(c,null): +0.3144 | GradNorm: 0.0288 | MSE/t: [0.00-0.50]0.527(n=1609) [0.50-0.85]0.401(n=1471) [0.85-0.95]0.314(n=118) [0.95-1.00]0.392(n=2)
2026-04-27 05:03:39,334 - INFO - [cond] cfg_signal=0.0554 (min=0.0385 max=0.0918, n=16) | class_signal=0.0666 (min=0.0361 max=0.0904, n=16) | pred_rms=0.6274
2026-04-27 05:03:39,389 - INFO - [render-loss] step=54800 masked 5/16 samples (t_value < 0.40)
2026-04-27 05:05:32,825 - INFO - Step   55000 | Epoch   6 | MSE: 0.4680 | Steps/sec: 1.76 | LR: 1.96e-04 | Render_L1: 0.0360 | Alpha_L1: 0.0613 | Render_LPIPS: 0.1991 | cos(c,null): +0.3140 | GradNorm: 0.0371 | MSE/t: [0.00-0.50]0.531(n=1587) [0.50-0.85]0.412(n=1481) [0.85-0.95]0.342(n=127) [0.95-1.00]0.271(n=5)
2026-04-27 05:05:33,320 - INFO - [cond] cfg_signal=0.0530 (min=0.0374 max=0.0800, n=16) | class_signal=0.0661 (min=0.0344 max=0.0912, n=16) | pred_rms=0.6134
2026-04-27 05:05:41,834 - INFO - [validation] saved: output/jit_JiT-B_8_kmeans_k103_v2/dit_validation/epoch_006_step_0055000_class022.png (class=22, sampler=heun, steps=100)
2026-04-27 05:05:43,137 - INFO - [overrides] applied from jit/configs/overrides.yaml: lr_scale=1.0 max_grad_norm=5.0 null_repel_weight=0.0 P_mean=0.0
2026-04-27 05:05:43,187 - INFO - [render-loss] step=55000 masked 7/16 samples (t_value < 0.40)
2026-04-27 05:07:36,932 - INFO - Step   55200 | Epoch   6 | MSE: 0.4595 | Steps/sec: 1.62 | LR: 1.95e-04 | Render_L1: 0.0357 | Alpha_L1: 0.0587 | Render_LPIPS: 0.1957 | cos(c,null): +0.3132 | GradNorm: 0.0402 | MSE/t: [0.00-0.50]0.534(n=1565) [0.50-0.85]0.389(n=1509) [0.85-0.95]0.384(n=122) [0.95-1.00]0.246(n=4)
2026-04-27 05:07:37,425 - INFO - [cond] cfg_signal=0.0533 (min=0.0358 max=0.0801, n=16) | class_signal=0.0657 (min=0.0341 max=0.0888, n=16) | pred_rms=0.6155
2026-04-27 05:07:37,484 - INFO - [render-loss] step=55200 masked 7/16 samples (t_value < 0.40)
2026-04-27 05:09:29,922 - INFO - Step   55400 | Epoch   6 | MSE: 0.4589 | Steps/sec: 1.78 | LR: 1.95e-04 | Render_L1: 0.0343 | Alpha_L1: 0.0575 | Render_LPIPS: 0.1949 | cos(c,null): +0.3090 | GradNorm: 0.0290 | MSE/t: [0.00-0.50]0.527(n=1627) [0.50-0.85]0.393(n=1448) [0.85-0.95]0.339(n=118) [0.95-1.00]0.245(n=7)
2026-04-27 05:09:30,404 - INFO - [cond] cfg_signal=0.0540 (min=0.0357 max=0.0892, n=16) | class_signal=0.0647 (min=0.0335 max=0.0846, n=16) | pred_rms=0.6214
2026-04-27 05:09:30,460 - INFO - [render-loss] step=55400 masked 10/16 samples (t_value < 0.40)
2026-04-27 05:11:23,324 - INFO - Step   55600 | Epoch   6 | MSE: 0.4603 | Steps/sec: 1.77 | LR: 1.95e-04 | Render_L1: 0.0346 | Alpha_L1: 0.0595 | Render_LPIPS: 0.1961 | cos(c,null): +0.3142 | GradNorm: 0.0281 | MSE/t: [0.00-0.50]0.519(n=1663) [0.50-0.85]0.401(n=1417) [0.85-0.95]0.342(n=117) [0.95-1.00]0.231(n=3)
2026-04-27 05:11:23,818 - INFO - [cond] cfg_signal=0.0549 (min=0.0332 max=0.0884, n=16) | class_signal=0.0680 (min=0.0334 max=0.0892, n=16) | pred_rms=0.6090
2026-04-27 05:11:23,877 - INFO - [render-loss] step=55600 masked 4/16 samples (t_value < 0.40)
2026-04-27 05:13:16,199 - INFO - Step   55800 | Epoch   6 | MSE: 0.4679 | Steps/sec: 1.78 | LR: 1.95e-04 | Render_L1: 0.0356 | Alpha_L1: 0.0590 | Render_LPIPS: 0.1984 | cos(c,null): +0.3138 | GradNorm: 0.0283 | MSE/t: [0.00-0.50]0.539(n=1629) [0.50-0.85]0.399(n=1456) [0.85-0.95]0.338(n=112) [0.95-1.00]0.222(n=3)
2026-04-27 05:13:16,686 - INFO - [cond] cfg_signal=0.0539 (min=0.0346 max=0.0862, n=16) | class_signal=0.0648 (min=0.0384 max=0.0856, n=16) | pred_rms=0.6310
2026-04-27 05:13:16,742 - INFO - [render-loss] step=55800 masked 5/16 samples (t_value < 0.40)
2026-04-27 05:15:09,469 - INFO - Step   56000 | Epoch   6 | MSE: 0.4609 | Steps/sec: 1.77 | LR: 1.95e-04 | Render_L1: 0.0356 | Alpha_L1: 0.0595 | Render_LPIPS: 0.1986 | cos(c,null): +0.3139 | GradNorm: 0.0285 | MSE/t: [0.00-0.50]0.524(n=1631) [0.50-0.85]0.399(n=1446) [0.85-0.95]0.361(n=117) [0.95-1.00]0.251(n=6)
2026-04-27 05:15:09,935 - INFO - [cond] cfg_signal=0.0547 (min=0.0334 max=0.0937, n=16) | class_signal=0.0672 (min=0.0316 max=0.0912, n=16) | pred_rms=0.6240
2026-04-27 05:15:18,202 - INFO - [validation] saved: output/jit_JiT-B_8_kmeans_k103_v2/dit_validation/epoch_006_step_0056000_class094.png (class=94, sampler=heun, steps=100)
2026-04-27 05:15:19,473 - INFO - [overrides] applied from jit/configs/overrides.yaml: lr_scale=1.0 max_grad_norm=5.0 null_repel_weight=0.0 P_mean=0.0
2026-04-27 05:15:19,521 - INFO - [render-loss] step=56000 masked 4/16 samples (t_value < 0.40)
2026-04-27 05:17:11,599 - INFO - Step   56200 | Epoch   6 | MSE: 0.4677 | Steps/sec: 1.64 | LR: 1.95e-04 | Render_L1: 0.0358 | Alpha_L1: 0.0601 | Render_LPIPS: 0.1990 | cos(c,null): +0.3208 | GradNorm: 0.0752 | MSE/t: [0.00-0.50]0.530(n=1612) [0.50-0.85]0.411(n=1465) [0.85-0.95]0.323(n=120) [0.95-1.00]0.474(n=3)
2026-04-27 05:17:12,092 - INFO - [cond] cfg_signal=0.0571 (min=0.0425 max=0.1018, n=16) | class_signal=0.0706 (min=0.0315 max=0.1042, n=16) | pred_rms=0.5941
2026-04-27 05:17:12,148 - INFO - [render-loss] step=56200 masked 8/16 samples (t_value < 0.40)
2026-04-27 05:19:04,888 - INFO - Step   56400 | Epoch   6 | MSE: 0.4638 | Steps/sec: 1.77 | LR: 1.95e-04 | Render_L1: 0.0357 | Alpha_L1: 0.0580 | Render_LPIPS: 0.1965 | cos(c,null): +0.3245 | GradNorm: 0.0310 | MSE/t: [0.00-0.50]0.534(n=1608) [0.50-0.85]0.394(n=1462) [0.85-0.95]0.388(n=124) [0.95-1.00]0.243(n=6)
2026-04-27 05:19:05,381 - INFO - [cond] cfg_signal=0.0576 (min=0.0415 max=0.0992, n=16) | class_signal=0.0706 (min=0.0339 max=0.0968, n=16) | pred_rms=0.6491
2026-04-27 05:19:05,449 - INFO - [render-loss] step=56400 masked 6/16 samples (t_value < 0.40)
2026-04-27 05:20:57,958 - INFO - Step   56600 | Epoch   6 | MSE: 0.4620 | Steps/sec: 1.78 | LR: 1.95e-04 | Render_L1: 0.0349 | Alpha_L1: 0.0580 | Render_LPIPS: 0.1942 | cos(c,null): +0.3233 | GradNorm: 0.0312 | MSE/t: [0.00-0.50]0.524(n=1591) [0.50-0.85]0.404(n=1493) [0.85-0.95]0.366(n=111) [0.95-1.00]0.347(n=5)
2026-04-27 05:20:58,475 - INFO - [cond] cfg_signal=0.0557 (min=0.0387 max=0.0909, n=16) | class_signal=0.0701 (min=0.0375 max=0.0924, n=16) | pred_rms=0.6432
2026-04-27 05:20:58,532 - INFO - [render-loss] step=56600 masked 5/16 samples (t_value < 0.40)
2026-04-27 05:22:50,636 - INFO - Step   56800 | Epoch   6 | MSE: 0.4587 | Steps/sec: 1.78 | LR: 1.95e-04 | Render_L1: 0.0353 | Alpha_L1: 0.0589 | Render_LPIPS: 0.1979 | cos(c,null): +0.3198 | GradNorm: 0.0298 | MSE/t: [0.00-0.50]0.529(n=1570) [0.50-0.85]0.396(n=1503) [0.85-0.95]0.345(n=121) [0.95-1.00]0.263(n=6)
2026-04-27 05:22:51,117 - INFO - [cond] cfg_signal=0.0568 (min=0.0397 max=0.1003, n=16) | class_signal=0.0685 (min=0.0283 max=0.0928, n=16) | pred_rms=0.6222
2026-04-27 05:22:51,174 - INFO - [render-loss] step=56800 masked 4/16 samples (t_value < 0.40)
2026-04-27 05:24:43,719 - INFO - Step   57000 | Epoch   6 | MSE: 0.4627 | Steps/sec: 1.78 | LR: 1.95e-04 | Render_L1: 0.0344 | Alpha_L1: 0.0579 | Render_LPIPS: 0.1962 | cos(c,null): +0.3241 | GradNorm: 0.0304 | MSE/t: [0.00-0.50]0.525(n=1603) [0.50-0.85]0.404(n=1457) [0.85-0.95]0.350(n=137) [0.95-1.00]0.541(n=3)
2026-04-27 05:24:44,289 - INFO - [cond] cfg_signal=0.0558 (min=0.0385 max=0.0978, n=16) | class_signal=0.0672 (min=0.0301 max=0.0939, n=16) | pred_rms=0.6199
2026-04-27 05:24:52,600 - INFO - [validation] saved: output/jit_JiT-B_8_kmeans_k103_v2/dit_validation/epoch_006_step_0057000_class048.png (class=48, sampler=heun, steps=100)
2026-04-27 05:24:53,876 - INFO - [overrides] applied from jit/configs/overrides.yaml: lr_scale=1.0 max_grad_norm=5.0 null_repel_weight=0.0 P_mean=0.0
2026-04-27 05:24:53,925 - INFO - [render-loss] step=57000 masked 7/16 samples (t_value < 0.40)
2026-04-27 05:26:46,436 - INFO - Step   57200 | Epoch   6 | MSE: 0.4647 | Steps/sec: 1.64 | LR: 1.95e-04 | Render_L1: 0.0344 | Alpha_L1: 0.0573 | Render_LPIPS: 0.1955 | cos(c,null): +0.3216 | GradNorm: 0.0313 | MSE/t: [0.00-0.50]0.531(n=1638) [0.50-0.85]0.399(n=1429) [0.85-0.95]0.349(n=127) [0.95-1.00]0.399(n=6)
2026-04-27 05:26:46,914 - INFO - [cond] cfg_signal=0.0575 (min=0.0383 max=0.0996, n=16) | class_signal=0.0715 (min=0.0277 max=0.1048, n=16) | pred_rms=0.6090
2026-04-27 05:26:46,970 - INFO - [render-loss] step=57200 masked 5/16 samples (t_value < 0.40)
2026-04-27 05:28:39,392 - INFO - Step   57400 | Epoch   6 | MSE: 0.4567 | Steps/sec: 1.78 | LR: 1.95e-04 | Render_L1: 0.0344 | Alpha_L1: 0.0557 | Render_LPIPS: 0.1924 | cos(c,null): +0.3197 | GradNorm: 0.0314 | MSE/t: [0.00-0.50]0.519(n=1605) [0.50-0.85]0.392(n=1487) [0.85-0.95]0.420(n=107) [0.95-1.00]0.266(n=1)
2026-04-27 05:28:39,858 - INFO - [cond] cfg_signal=0.0557 (min=0.0376 max=0.0910, n=16) | class_signal=0.0689 (min=0.0321 max=0.0985, n=16) | pred_rms=0.6073
2026-04-27 05:28:39,913 - INFO - [render-loss] step=57400 masked 4/16 samples (t_value < 0.40)
2026-04-27 05:30:32,011 - INFO - Step   57600 | Epoch   6 | MSE: 0.4681 | Steps/sec: 1.78 | LR: 1.95e-04 | Render_L1: 0.0351 | Alpha_L1: 0.0584 | Render_LPIPS: 0.1990 | cos(c,null): +0.3218 | GradNorm: 0.0364 | MSE/t: [0.00-0.50]0.535(n=1614) [0.50-0.85]0.405(n=1449) [0.85-0.95]0.348(n=131) [0.95-1.00]0.229(n=6)
2026-04-27 05:30:32,494 - INFO - [cond] cfg_signal=0.0570 (min=0.0364 max=0.0924, n=16) | class_signal=0.0684 (min=0.0331 max=0.0913, n=16) | pred_rms=0.6017
2026-04-27 05:30:32,725 - INFO - [render-loss] step=57600 masked 6/16 samples (t_value < 0.40)
2026-04-27 05:32:24,897 - INFO - Step   57800 | Epoch   6 | MSE: 0.4654 | Steps/sec: 1.78 | LR: 1.95e-04 | Render_L1: 0.0345 | Alpha_L1: 0.0568 | Render_LPIPS: 0.1958 | cos(c,null): +0.3199 | GradNorm: 0.0318 | MSE/t: [0.00-0.50]0.537(n=1593) [0.50-0.85]0.398(n=1478) [0.85-0.95]0.350(n=122) [0.95-1.00]0.389(n=7)
2026-04-27 05:32:25,371 - INFO - [cond] cfg_signal=0.0569 (min=0.0354 max=0.0968, n=16) | class_signal=0.0683 (min=0.0296 max=0.0885, n=16) | pred_rms=0.6455
2026-04-27 05:32:25,427 - INFO - [render-loss] step=57800 masked 6/16 samples (t_value < 0.40)
2026-04-27 05:34:17,604 - INFO - Step   58000 | Epoch   6 | MSE: 0.4554 | Steps/sec: 1.78 | LR: 1.95e-04 | Render_L1: 0.0345 | Alpha_L1: 0.0570 | Render_LPIPS: 0.1965 | cos(c,null): +0.3212 | GradNorm: 0.0349 | MSE/t: [0.00-0.50]0.523(n=1587) [0.50-0.85]0.393(n=1468) [0.85-0.95]0.352(n=138) [0.95-1.00]0.367(n=7)
2026-04-27 05:34:18,089 - INFO - [cond] cfg_signal=0.0565 (min=0.0360 max=0.0989, n=16) | class_signal=0.0692 (min=0.0311 max=0.0910, n=16) | pred_rms=0.6237
2026-04-27 05:34:26,632 - INFO - [validation] saved: output/jit_JiT-B_8_kmeans_k103_v2/dit_validation/epoch_006_step_0058000_class064.png (class=64, sampler=heun, steps=100)
2026-04-27 05:34:28,109 - INFO - [overrides] applied from jit/configs/overrides.yaml: lr_scale=1.0 max_grad_norm=5.0 null_repel_weight=0.0 P_mean=0.0
2026-04-27 05:34:28,160 - INFO - [render-loss] step=58000 masked 9/16 samples (t_value < 0.40)
2026-04-27 05:36:20,052 - INFO - Step   58200 | Epoch   6 | MSE: 0.4661 | Steps/sec: 1.64 | LR: 1.95e-04 | Render_L1: 0.0332 | Alpha_L1: 0.0549 | Render_LPIPS: 0.1941 | cos(c,null): +0.3227 | GradNorm: 0.0345 | MSE/t: [0.00-0.50]0.539(n=1564) [0.50-0.85]0.399(n=1500) [0.85-0.95]0.357(n=127) [0.95-1.00]0.459(n=9)
2026-04-27 05:36:20,580 - INFO - [cond] cfg_signal=0.0578 (min=0.0355 max=0.0988, n=16) | class_signal=0.0697 (min=0.0329 max=0.0952, n=16) | pred_rms=0.6283
2026-04-27 05:36:20,642 - INFO - [render-loss] step=58200 masked 5/16 samples (t_value < 0.40)
2026-04-27 05:38:12,726 - INFO - Step   58400 | Epoch   6 | MSE: 0.4585 | Steps/sec: 1.78 | LR: 1.95e-04 | Render_L1: 0.0342 | Alpha_L1: 0.0559 | Render_LPIPS: 0.1975 | cos(c,null): +0.3239 | GradNorm: 0.0317 | MSE/t: [0.00-0.50]0.525(n=1571) [0.50-0.85]0.400(n=1486) [0.85-0.95]0.347(n=137) [0.95-1.00]0.236(n=6)
2026-04-27 05:38:13,233 - INFO - [cond] cfg_signal=0.0549 (min=0.0324 max=0.0965, n=16) | class_signal=0.0687 (min=0.0283 max=0.0935, n=16) | pred_rms=0.6217
2026-04-27 05:38:13,290 - INFO - [render-loss] step=58400 masked 5/16 samples (t_value < 0.40)
2026-04-27 05:40:05,472 - INFO - Step   58600 | Epoch   6 | MSE: 0.4704 | Steps/sec: 1.78 | LR: 1.95e-04 | Render_L1: 0.0342 | Alpha_L1: 0.0560 | Render_LPIPS: 0.1966 | cos(c,null): +0.3275 | GradNorm: 0.0369 | MSE/t: [0.00-0.50]0.542(n=1609) [0.50-0.85]0.402(n=1464) [0.85-0.95]0.333(n=122) [0.95-1.00]0.607(n=5)
2026-04-27 05:40:05,946 - INFO - [cond] cfg_signal=0.0573 (min=0.0372 max=0.0924, n=16) | class_signal=0.0712 (min=0.0338 max=0.0905, n=16) | pred_rms=0.6111
2026-04-27 05:40:06,003 - INFO - [render-loss] step=58600 masked 4/16 samples (t_value < 0.40)
2026-04-27 05:41:57,993 - INFO - Step   58800 | Epoch   6 | MSE: 0.4555 | Steps/sec: 1.79 | LR: 1.95e-04 | Render_L1: 0.0338 | Alpha_L1: 0.0547 | Render_LPIPS: 0.1946 | cos(c,null): +0.3322 | GradNorm: 0.0340 | MSE/t: [0.00-0.50]0.519(n=1619) [0.50-0.85]0.395(n=1435) [0.85-0.95]0.351(n=141) [0.95-1.00]0.264(n=5)
2026-04-27 05:41:58,471 - INFO - [cond] cfg_signal=0.0536 (min=0.0357 max=0.0883, n=16) | class_signal=0.0680 (min=0.0362 max=0.0941, n=16) | pred_rms=0.6002
2026-04-27 05:41:58,526 - INFO - [render-loss] step=58800 masked 6/16 samples (t_value < 0.40)
2026-04-27 05:43:50,553 - INFO - Step   59000 | Epoch   6 | MSE: 0.4721 | Steps/sec: 1.78 | LR: 1.95e-04 | Render_L1: 0.0340 | Alpha_L1: 0.0557 | Render_LPIPS: 0.1961 | cos(c,null): +0.3072 | GradNorm: 0.0403 | MSE/t: [0.00-0.50]0.551(n=1549) [0.50-0.85]0.404(n=1507) [0.85-0.95]0.349(n=138) [0.95-1.00]0.280(n=6)
2026-04-27 05:43:51,020 - INFO - [cond] cfg_signal=0.0550 (min=0.0366 max=0.0889, n=16) | class_signal=0.0699 (min=0.0341 max=0.0970, n=16) | pred_rms=0.6085
2026-04-27 05:43:59,321 - INFO - [validation] saved: output/jit_JiT-B_8_kmeans_k103_v2/dit_validation/epoch_006_step_0059000_class093.png (class=93, sampler=heun, steps=100)
2026-04-27 05:44:00,580 - INFO - [overrides] applied from jit/configs/overrides.yaml: lr_scale=1.0 max_grad_norm=5.0 null_repel_weight=0.0 P_mean=0.0
2026-04-27 05:44:00,629 - INFO - [render-loss] step=59000 masked 6/16 samples (t_value < 0.40)
2026-04-27 05:45:52,591 - INFO - Step   59200 | Epoch   6 | MSE: 0.4696 | Steps/sec: 1.65 | LR: 1.95e-04 | Render_L1: 0.0344 | Alpha_L1: 0.0558 | Render_LPIPS: 0.1956 | cos(c,null): +0.3085 | GradNorm: 0.0379 | MSE/t: [0.00-0.50]0.537(n=1602) [0.50-0.85]0.401(n=1475) [0.85-0.95]0.418(n=120) [0.95-1.00]0.305(n=3)
2026-04-27 05:45:53,112 - INFO - [cond] cfg_signal=0.0572 (min=0.0382 max=0.0944, n=16) | class_signal=0.0723 (min=0.0303 max=0.1006, n=16) | pred_rms=0.6077
2026-04-27 05:45:53,169 - INFO - [render-loss] step=59200 masked 5/16 samples (t_value < 0.40)
2026-04-27 05:47:45,020 - INFO - Step   59400 | Epoch   6 | MSE: 0.4585 | Steps/sec: 1.79 | LR: 1.95e-04 | Render_L1: 0.0337 | Alpha_L1: 0.0553 | Render_LPIPS: 0.1946 | cos(c,null): +0.3147 | GradNorm: 0.0375 | MSE/t: [0.00-0.50]0.529(n=1615) [0.50-0.85]0.389(n=1441) [0.85-0.95]0.364(n=133) [0.95-1.00]0.278(n=11)
2026-04-27 05:47:45,492 - INFO - [cond] cfg_signal=0.0573 (min=0.0351 max=0.1002, n=16) | class_signal=0.0708 (min=0.0354 max=0.0930, n=16) | pred_rms=0.6273
2026-04-27 05:47:45,553 - INFO - [render-loss] step=59400 masked 6/16 samples (t_value < 0.40)
2026-04-27 05:49:37,184 - INFO - Step   59600 | Epoch   6 | MSE: 0.4562 | Steps/sec: 1.79 | LR: 1.95e-04 | Render_L1: 0.0337 | Alpha_L1: 0.0551 | Render_LPIPS: 0.1971 | cos(c,null): +0.3221 | GradNorm: 0.0385 | MSE/t: [0.00-0.50]0.525(n=1577) [0.50-0.85]0.396(n=1492) [0.85-0.95]0.319(n=128) [0.95-1.00]0.312(n=3)
2026-04-27 05:49:37,651 - INFO - [cond] cfg_signal=0.0562 (min=0.0346 max=0.0970, n=16) | class_signal=0.0720 (min=0.0318 max=0.0861, n=16) | pred_rms=0.6090
2026-04-27 05:49:37,706 - INFO - [render-loss] step=59600 masked 4/16 samples (t_value < 0.40)
2026-04-27 05:51:31,024 - INFO - Step   59800 | Epoch   7 | MSE: 0.4597 | Steps/sec: 1.76 | LR: 1.95e-04 | Render_L1: 0.0342 | Alpha_L1: 0.0552 | Render_LPIPS: 0.1956 | cos(c,null): +0.3314 | GradNorm: 0.0393 | MSE/t: [0.00-0.50]0.520(n=1597) [0.50-0.85]0.405(n=1471) [0.85-0.95]0.339(n=131) [0.95-1.00]0.248(n=1)
2026-04-27 05:51:31,507 - INFO - [cond] cfg_signal=0.0546 (min=0.0336 max=0.0912, n=16) | class_signal=0.0700 (min=0.0360 max=0.0850, n=16) | pred_rms=0.6329
2026-04-27 05:51:31,563 - INFO - [render-loss] step=59800 masked 7/16 samples (t_value < 0.40)
2026-04-27 05:53:23,538 - INFO - Step   60000 | Epoch   7 | MSE: 0.4695 | Steps/sec: 1.79 | LR: 1.95e-04 | Render_L1: 0.0340 | Alpha_L1: 0.0554 | Render_LPIPS: 0.1988 | cos(c,null): +0.3359 | GradNorm: 0.0371 | MSE/t: [0.00-0.50]0.526(n=1617) [0.50-0.85]0.416(n=1463) [0.85-0.95]0.365(n=120) [0.95-1.00]0.000(n=0)
2026-04-27 05:53:24,026 - INFO - [cond] cfg_signal=0.0551 (min=0.0342 max=0.0852, n=16) | class_signal=0.0729 (min=0.0340 max=0.0937, n=16) | pred_rms=0.6384
2026-04-27 05:53:26,184 - INFO - Saved checkpoint to output/jit_JiT-B_8_kmeans_k103_v2/0060000.pt
2026-04-27 05:53:26,620 - INFO - [cond] cfg_signal=0.0551 (min=0.0342 max=0.0852, n=16) | class_signal=0.0729 (min=0.0340 max=0.0937, n=16) | pred_rms=0.6384
2026-04-27 05:53:34,919 - INFO - [validation] saved: output/jit_JiT-B_8_kmeans_k103_v2/dit_validation/epoch_007_step_0060000_class020.png (class=20, sampler=heun, steps=100)
2026-04-27 05:53:36,210 - INFO - [overrides] applied from jit/configs/overrides.yaml: lr_scale=1.0 max_grad_norm=5.0 null_repel_weight=0.0 P_mean=0.0
2026-04-27 05:53:36,258 - INFO - [render-loss] step=60000 masked 6/16 samples (t_value < 0.40)
2026-04-27 05:55:28,093 - INFO - Step   60200 | Epoch   7 | MSE: 0.4633 | Steps/sec: 1.61 | LR: 1.95e-04 | Render_L1: 0.0336 | Alpha_L1: 0.0548 | Render_LPIPS: 0.1960 | cos(c,null): +0.3432 | GradNorm: 0.0407 | MSE/t: [0.00-0.50]0.522(n=1650) [0.50-0.85]0.406(n=1436) [0.85-0.95]0.345(n=109) [0.95-1.00]0.303(n=5)
2026-04-27 05:55:28,568 - INFO - [cond] cfg_signal=0.0537 (min=0.0352 max=0.0864, n=16) | class_signal=0.0690 (min=0.0307 max=0.0916, n=16) | pred_rms=0.6007
2026-04-27 05:55:28,624 - INFO - [render-loss] step=60200 masked 4/16 samples (t_value < 0.40)
2026-04-27 05:57:20,519 - INFO - Step   60400 | Epoch   7 | MSE: 0.4628 | Steps/sec: 1.79 | LR: 1.95e-04 | Render_L1: 0.0335 | Alpha_L1: 0.0542 | Render_LPIPS: 0.1934 | cos(c,null): +0.3446 | GradNorm: 0.0609 | MSE/t: [0.00-0.50]0.548(n=1538) [0.50-0.85]0.388(n=1518) [0.85-0.95]0.354(n=139) [0.95-1.00]0.233(n=5)
2026-04-27 05:57:21,096 - INFO - [cond] cfg_signal=0.0580 (min=0.0361 max=0.0876, n=16) | class_signal=0.0772 (min=0.0328 max=0.1074, n=16) | pred_rms=0.5670
2026-04-27 05:57:21,153 - INFO - [render-loss] step=60400 masked 4/16 samples (t_value < 0.40)
2026-04-27 05:59:12,953 - INFO - Step   60600 | Epoch   7 | MSE: 0.4534 | Steps/sec: 1.79 | LR: 1.95e-04 | Render_L1: 0.0332 | Alpha_L1: 0.0548 | Render_LPIPS: 0.1959 | cos(c,null): +0.3477 | GradNorm: 0.0390 | MSE/t: [0.00-0.50]0.518(n=1606) [0.50-0.85]0.393(n=1468) [0.85-0.95]0.331(n=120) [0.95-1.00]0.397(n=6)
2026-04-27 05:59:13,435 - INFO - [cond] cfg_signal=0.0599 (min=0.0394 max=0.0971, n=16) | class_signal=0.0783 (min=0.0307 max=0.1130, n=16) | pred_rms=0.6120
2026-04-27 05:59:13,496 - INFO - [render-loss] step=60600 masked 4/16 samples (t_value < 0.40)
2026-04-27 06:01:05,424 - INFO - Step   60800 | Epoch   7 | MSE: 0.4660 | Steps/sec: 1.79 | LR: 1.95e-04 | Render_L1: 0.0332 | Alpha_L1: 0.0533 | Render_LPIPS: 0.1939 | cos(c,null): +0.3500 | GradNorm: 0.0370 | MSE/t: [0.00-0.50]0.535(n=1608) [0.50-0.85]0.398(n=1461) [0.85-0.95]0.383(n=127) [0.95-1.00]0.455(n=4)
2026-04-27 06:01:05,890 - INFO - [cond] cfg_signal=0.0575 (min=0.0366 max=0.0885, n=16) | class_signal=0.0746 (min=0.0299 max=0.1043, n=16) | pred_rms=0.5874
2026-04-27 06:01:05,949 - INFO - [render-loss] step=60800 masked 4/16 samples (t_value < 0.40)
2026-04-27 06:02:57,850 - INFO - Step   61000 | Epoch   7 | MSE: 0.4670 | Steps/sec: 1.79 | LR: 1.95e-04 | Render_L1: 0.0338 | Alpha_L1: 0.0543 | Render_LPIPS: 0.1954 | cos(c,null): +0.3519 | GradNorm: 0.0742 | MSE/t: [0.00-0.50]0.526(n=1602) [0.50-0.85]0.408(n=1481) [0.85-0.95]0.416(n=111) [0.95-1.00]0.229(n=6)
2026-04-27 06:02:58,317 - INFO - [cond] cfg_signal=0.0620 (min=0.0434 max=0.1047, n=16) | class_signal=0.0807 (min=0.0298 max=0.1093, n=16) | pred_rms=0.5933
2026-04-27 06:03:06,825 - INFO - [validation] saved: output/jit_JiT-B_8_kmeans_k103_v2/dit_validation/epoch_007_step_0061000_class066.png (class=66, sampler=heun, steps=100)
2026-04-27 06:03:08,272 - INFO - [overrides] applied from jit/configs/overrides.yaml: lr_scale=1.0 max_grad_norm=5.0 null_repel_weight=0.0 P_mean=0.0
2026-04-27 06:03:08,322 - INFO - [render-loss] step=61000 masked 6/16 samples (t_value < 0.40)
2026-04-27 06:05:00,602 - INFO - Step   61200 | Epoch   7 | MSE: 0.4679 | Steps/sec: 1.64 | LR: 1.94e-04 | Render_L1: 0.0336 | Alpha_L1: 0.0542 | Render_LPIPS: 0.1948 | cos(c,null): +0.3627 | GradNorm: 0.0462 | MSE/t: [0.00-0.50]0.538(n=1542) [0.50-0.85]0.409(n=1497) [0.85-0.95]0.349(n=157) [0.95-1.00]0.331(n=4)
2026-04-27 06:05:01,086 - INFO - [cond] cfg_signal=0.0582 (min=0.0366 max=0.1049, n=16) | class_signal=0.0746 (min=0.0332 max=0.1069, n=16) | pred_rms=0.5994
2026-04-27 06:05:01,143 - INFO - [render-loss] step=61200 masked 6/16 samples (t_value < 0.40)
2026-04-27 06:06:53,175 - INFO - Step   61400 | Epoch   7 | MSE: 0.4593 | Steps/sec: 1.78 | LR: 1.94e-04 | Render_L1: 0.0328 | Alpha_L1: 0.0532 | Render_LPIPS: 0.1940 | cos(c,null): +0.3608 | GradNorm: 0.0395 | MSE/t: [0.00-0.50]0.524(n=1552) [0.50-0.85]0.400(n=1514) [0.85-0.95]0.373(n=128) [0.95-1.00]0.478(n=6)
2026-04-27 06:06:53,727 - INFO - [cond] cfg_signal=0.0605 (min=0.0377 max=0.1068, n=16) | class_signal=0.0755 (min=0.0311 max=0.1147, n=16) | pred_rms=0.6154
2026-04-27 06:06:53,788 - INFO - [render-loss] step=61400 masked 7/16 samples (t_value < 0.40)
2026-04-27 06:08:45,553 - INFO - Step   61600 | Epoch   7 | MSE: 0.4731 | Steps/sec: 1.79 | LR: 1.94e-04 | Render_L1: 0.0337 | Alpha_L1: 0.0545 | Render_LPIPS: 0.1980 | cos(c,null): +0.3609 | GradNorm: 0.0414 | MSE/t: [0.00-0.50]0.541(n=1590) [0.50-0.85]0.408(n=1471) [0.85-0.95]0.392(n=129) [0.95-1.00]0.331(n=10)
2026-04-27 06:08:46,033 - INFO - [cond] cfg_signal=0.0567 (min=0.0395 max=0.0957, n=16) | class_signal=0.0707 (min=0.0313 max=0.0988, n=16) | pred_rms=0.6206
2026-04-27 06:08:46,089 - INFO - [render-loss] step=61600 masked 9/16 samples (t_value < 0.40)
2026-04-27 06:10:37,782 - INFO - Step   61800 | Epoch   7 | MSE: 0.4597 | Steps/sec: 1.79 | LR: 1.94e-04 | Render_L1: 0.0333 | Alpha_L1: 0.0540 | Render_LPIPS: 0.1959 | cos(c,null): +0.3595 | GradNorm: 0.0872 | MSE/t: [0.00-0.50]0.528(n=1583) [0.50-0.85]0.394(n=1505) [0.85-0.95]0.376(n=111) [0.95-1.00]0.230(n=1)
2026-04-27 06:10:38,256 - INFO - [cond] cfg_signal=0.0565 (min=0.0383 max=0.0907, n=16) | class_signal=0.0689 (min=0.0354 max=0.0957, n=16) | pred_rms=0.6012
2026-04-27 06:10:38,311 - INFO - [render-loss] step=61800 masked 10/16 samples (t_value < 0.40)
2026-04-27 06:12:30,430 - INFO - Step   62000 | Epoch   7 | MSE: 0.4737 | Steps/sec: 1.78 | LR: 1.94e-04 | Render_L1: 0.0333 | Alpha_L1: 0.0538 | Render_LPIPS: 0.1967 | cos(c,null): +0.3614 | GradNorm: 0.0637 | MSE/t: [0.00-0.50]0.539(n=1632) [0.50-0.85]0.409(n=1459) [0.85-0.95]0.360(n=103) [0.95-1.00]0.538(n=6)
2026-04-27 06:12:30,894 - INFO - [cond] cfg_signal=0.0556 (min=0.0403 max=0.0885, n=16) | class_signal=0.0668 (min=0.0328 max=0.0922, n=16) | pred_rms=0.6112
2026-04-27 06:12:39,055 - INFO - [validation] saved: output/jit_JiT-B_8_kmeans_k103_v2/dit_validation/epoch_007_step_0062000_class091.png (class=91, sampler=heun, steps=100)
2026-04-27 06:12:40,318 - INFO - [overrides] applied from jit/configs/overrides.yaml: lr_scale=1.0 max_grad_norm=5.0 null_repel_weight=0.0 P_mean=0.0
2026-04-27 06:12:40,367 - INFO - [render-loss] step=62000 masked 6/16 samples (t_value < 0.40)
2026-04-27 06:14:32,612 - INFO - Step   62200 | Epoch   7 | MSE: 0.4656 | Steps/sec: 1.64 | LR: 1.94e-04 | Render_L1: 0.0328 | Alpha_L1: 0.0514 | Render_LPIPS: 0.1946 | cos(c,null): +0.3568 | GradNorm: 0.0429 | MSE/t: [0.00-0.50]0.530(n=1574) [0.50-0.85]0.405(n=1488) [0.85-0.95]0.387(n=135) [0.95-1.00]0.261(n=3)
2026-04-27 06:14:33,095 - INFO - [cond] cfg_signal=0.0548 (min=0.0381 max=0.0886, n=16) | class_signal=0.0641 (min=0.0315 max=0.0869, n=16) | pred_rms=0.6012
2026-04-27 06:14:33,154 - INFO - [render-loss] step=62200 masked 9/16 samples (t_value < 0.40)
2026-04-27 06:16:24,932 - INFO - Step   62400 | Epoch   7 | MSE: 0.4589 | Steps/sec: 1.79 | LR: 1.94e-04 | Render_L1: 0.0327 | Alpha_L1: 0.0518 | Render_LPIPS: 0.1935 | cos(c,null): +0.3504 | GradNorm: 0.0454 | MSE/t: [0.00-0.50]0.523(n=1575) [0.50-0.85]0.402(n=1505) [0.85-0.95]0.332(n=117) [0.95-1.00]0.257(n=3)
2026-04-27 06:16:25,399 - INFO - [cond] cfg_signal=0.0575 (min=0.0400 max=0.0935, n=16) | class_signal=0.0680 (min=0.0330 max=0.0950, n=16) | pred_rms=0.6195
2026-04-27 06:16:25,453 - INFO - [render-loss] step=62400 masked 4/16 samples (t_value < 0.40)
2026-04-27 06:18:17,369 - INFO - Step   62600 | Epoch   7 | MSE: 0.4626 | Steps/sec: 1.79 | LR: 1.94e-04 | Render_L1: 0.0318 | Alpha_L1: 0.0507 | Render_LPIPS: 0.1932 | cos(c,null): +0.3554 | GradNorm: 0.0391 | MSE/t: [0.00-0.50]0.531(n=1564) [0.50-0.85]0.403(n=1498) [0.85-0.95]0.329(n=135) [0.95-1.00]0.412(n=3)
2026-04-27 06:18:17,846 - INFO - [cond] cfg_signal=0.0611 (min=0.0418 max=0.1050, n=16) | class_signal=0.0743 (min=0.0367 max=0.1027, n=16) | pred_rms=0.6274
2026-04-27 06:18:17,905 - INFO - [render-loss] step=62600 masked 7/16 samples (t_value < 0.40)
2026-04-27 06:20:09,845 - INFO - Step   62800 | Epoch   7 | MSE: 0.4583 | Steps/sec: 1.79 | LR: 1.94e-04 | Render_L1: 0.0324 | Alpha_L1: 0.0510 | Render_LPIPS: 0.1936 | cos(c,null): +0.3605 | GradNorm: 0.0445 | MSE/t: [0.00-0.50]0.526(n=1600) [0.50-0.85]0.391(n=1483) [0.85-0.95]0.393(n=110) [0.95-1.00]0.243(n=7)
2026-04-27 06:20:10,384 - INFO - [cond] cfg_signal=0.0609 (min=0.0384 max=0.1073, n=16) | class_signal=0.0755 (min=0.0369 max=0.1028, n=16) | pred_rms=0.6138
2026-04-27 06:20:10,442 - INFO - [render-loss] step=62800 masked 6/16 samples (t_value < 0.40)
2026-04-27 06:22:02,229 - INFO - Step   63000 | Epoch   7 | MSE: 0.4653 | Steps/sec: 1.79 | LR: 1.94e-04 | Render_L1: 0.0333 | Alpha_L1: 0.0516 | Render_LPIPS: 0.1985 | cos(c,null): +0.3630 | GradNorm: 0.0463 | MSE/t: [0.00-0.50]0.539(n=1553) [0.50-0.85]0.398(n=1504) [0.85-0.95]0.374(n=139) [0.95-1.00]0.512(n=4)
2026-04-27 06:22:02,695 - INFO - [cond] cfg_signal=0.0600 (min=0.0426 max=0.1013, n=16) | class_signal=0.0758 (min=0.0347 max=0.1053, n=16) | pred_rms=0.6064
2026-04-27 06:22:11,017 - INFO - [validation] saved: output/jit_JiT-B_8_kmeans_k103_v2/dit_validation/epoch_007_step_0063000_class003.png (class=3, sampler=heun, steps=100)
2026-04-27 06:22:12,219 - INFO - [overrides] applied from jit/configs/overrides.yaml: lr_scale=1.0 max_grad_norm=5.0 null_repel_weight=0.0 P_mean=0.0
2026-04-27 06:22:12,266 - INFO - [render-loss] step=63000 masked 11/16 samples (t_value < 0.40)
2026-04-27 06:24:04,066 - INFO - Step   63200 | Epoch   7 | MSE: 0.4642 | Steps/sec: 1.65 | LR: 1.94e-04 | Render_L1: 0.0323 | Alpha_L1: 0.0506 | Render_LPIPS: 0.1910 | cos(c,null): +0.3619 | GradNorm: 0.0438 | MSE/t: [0.00-0.50]0.529(n=1581) [0.50-0.85]0.405(n=1475) [0.85-0.95]0.359(n=140) [0.95-1.00]0.221(n=4)
2026-04-27 06:24:04,541 - INFO - [cond] cfg_signal=0.0590 (min=0.0396 max=0.0967, n=16) | class_signal=0.0723 (min=0.0307 max=0.1101, n=16) | pred_rms=0.6036
2026-04-27 06:24:04,599 - INFO - [render-loss] step=63200 masked 5/16 samples (t_value < 0.40)
2026-04-27 06:25:56,525 - INFO - Step   63400 | Epoch   7 | MSE: 0.4725 | Steps/sec: 1.79 | LR: 1.94e-04 | Render_L1: 0.0322 | Alpha_L1: 0.0506 | Render_LPIPS: 0.1912 | cos(c,null): +0.3671 | GradNorm: 0.0529 | MSE/t: [0.00-0.50]0.544(n=1626) [0.50-0.85]0.406(n=1427) [0.85-0.95]0.327(n=140) [0.95-1.00]0.398(n=7)
2026-04-27 06:25:56,994 - INFO - [cond] cfg_signal=0.0555 (min=0.0356 max=0.0853, n=16) | class_signal=0.0661 (min=0.0309 max=0.0913, n=16) | pred_rms=0.5993
2026-04-27 06:25:57,054 - INFO - [render-loss] step=63400 masked 5/16 samples (t_value < 0.40)
2026-04-27 06:27:49,121 - INFO - Step   63600 | Epoch   7 | MSE: 0.4696 | Steps/sec: 1.78 | LR: 1.94e-04 | Render_L1: 0.0341 | Alpha_L1: 0.0532 | Render_LPIPS: 0.1981 | cos(c,null): +0.3754 | GradNorm: 0.0473 | MSE/t: [0.00-0.50]0.539(n=1619) [0.50-0.85]0.403(n=1459) [0.85-0.95]0.354(n=119) [0.95-1.00]0.265(n=3)
2026-04-27 06:27:49,614 - INFO - [cond] cfg_signal=0.0548 (min=0.0397 max=0.0938, n=16) | class_signal=0.0695 (min=0.0352 max=0.1031, n=16) | pred_rms=0.6001
2026-04-27 06:27:49,673 - INFO - [render-loss] step=63600 masked 5/16 samples (t_value < 0.40)
2026-04-27 06:29:41,524 - INFO - Step   63800 | Epoch   7 | MSE: 0.4664 | Steps/sec: 1.79 | LR: 1.94e-04 | Render_L1: 0.0331 | Alpha_L1: 0.0518 | Render_LPIPS: 0.1974 | cos(c,null): +0.3785 | GradNorm: 0.0483 | MSE/t: [0.00-0.50]0.535(n=1605) [0.50-0.85]0.403(n=1465) [0.85-0.95]0.335(n=126) [0.95-1.00]0.397(n=4)
2026-04-27 06:29:41,999 - INFO - [cond] cfg_signal=0.0547 (min=0.0389 max=0.0917, n=16) | class_signal=0.0698 (min=0.0304 max=0.0989, n=16) | pred_rms=0.6029
2026-04-27 06:29:42,055 - INFO - [render-loss] step=63800 masked 6/16 samples (t_value < 0.40)
2026-04-27 06:31:34,187 - INFO - Step   64000 | Epoch   7 | MSE: 0.4624 | Steps/sec: 1.78 | LR: 1.94e-04 | Render_L1: 0.0328 | Alpha_L1: 0.0505 | Render_LPIPS: 0.1945 | cos(c,null): +0.3848 | GradNorm: 0.0493 | MSE/t: [0.00-0.50]0.531(n=1582) [0.50-0.85]0.400(n=1486) [0.85-0.95]0.337(n=127) [0.95-1.00]0.398(n=5)
2026-04-27 06:31:34,739 - INFO - [cond] cfg_signal=0.0573 (min=0.0375 max=0.1014, n=16) | class_signal=0.0721 (min=0.0321 max=0.1069, n=16) | pred_rms=0.6228
2026-04-27 06:31:43,338 - INFO - [validation] saved: output/jit_JiT-B_8_kmeans_k103_v2/dit_validation/epoch_007_step_0064000_class021.png (class=21, sampler=heun, steps=100)
2026-04-27 06:31:44,568 - INFO - [overrides] applied from jit/configs/overrides.yaml: lr_scale=1.0 max_grad_norm=5.0 null_repel_weight=0.0 P_mean=0.0
2026-04-27 06:31:44,620 - INFO - [render-loss] step=64000 masked 6/16 samples (t_value < 0.40)
2026-04-27 06:33:36,602 - INFO - Step   64200 | Epoch   7 | MSE: 0.4576 | Steps/sec: 1.64 | LR: 1.94e-04 | Render_L1: 0.0323 | Alpha_L1: 0.0503 | Render_LPIPS: 0.1927 | cos(c,null): +0.3825 | GradNorm: 0.0472 | MSE/t: [0.00-0.50]0.521(n=1602) [0.50-0.85]0.399(n=1458) [0.85-0.95]0.343(n=134) [0.95-1.00]0.397(n=6)
2026-04-27 06:33:37,072 - INFO - [cond] cfg_signal=0.0574 (min=0.0389 max=0.0973, n=16) | class_signal=0.0731 (min=0.0318 max=0.1110, n=16) | pred_rms=0.6123
2026-04-27 06:33:37,133 - INFO - [render-loss] step=64200 masked 6/16 samples (t_value < 0.40)
2026-04-27 06:35:29,061 - INFO - Step   64400 | Epoch   7 | MSE: 0.4517 | Steps/sec: 1.79 | LR: 1.94e-04 | Render_L1: 0.0322 | Alpha_L1: 0.0504 | Render_LPIPS: 0.1906 | cos(c,null): +0.3806 | GradNorm: 0.0547 | MSE/t: [0.00-0.50]0.513(n=1577) [0.50-0.85]0.392(n=1482) [0.85-0.95]0.388(n=136) [0.95-1.00]0.409(n=5)
2026-04-27 06:35:29,535 - INFO - [cond] cfg_signal=0.0604 (min=0.0420 max=0.1176, n=16) | class_signal=0.0763 (min=0.0323 max=0.1142, n=16) | pred_rms=0.6204
2026-04-27 06:35:29,591 - INFO - [render-loss] step=64400 masked 4/16 samples (t_value < 0.40)
2026-04-27 06:37:21,273 - INFO - Step   64600 | Epoch   7 | MSE: 0.4568 | Steps/sec: 1.79 | LR: 1.94e-04 | Render_L1: 0.0323 | Alpha_L1: 0.0499 | Render_LPIPS: 0.1925 | cos(c,null): +0.3735 | GradNorm: 0.0556 | MSE/t: [0.00-0.50]0.524(n=1554) [0.50-0.85]0.399(n=1509) [0.85-0.95]0.328(n=133) [0.95-1.00]0.699(n=4)
2026-04-27 06:37:21,748 - INFO - [cond] cfg_signal=0.0568 (min=0.0368 max=0.0974, n=16) | class_signal=0.0712 (min=0.0295 max=0.1123, n=16) | pred_rms=0.6048
2026-04-27 06:37:21,803 - INFO - [render-loss] step=64600 masked 9/16 samples (t_value < 0.40)
2026-04-27 06:39:13,842 - INFO - Step   64800 | Epoch   7 | MSE: 0.4644 | Steps/sec: 1.78 | LR: 1.94e-04 | Render_L1: 0.0321 | Alpha_L1: 0.0491 | Render_LPIPS: 0.1916 | cos(c,null): +0.3702 | GradNorm: 0.0540 | MSE/t: [0.00-0.50]0.534(n=1552) [0.50-0.85]0.401(n=1520) [0.85-0.95]0.377(n=123) [0.95-1.00]0.401(n=5)
2026-04-27 06:39:14,311 - INFO - [cond] cfg_signal=0.0585 (min=0.0391 max=0.1151, n=16) | class_signal=0.0723 (min=0.0325 max=0.1133, n=16) | pred_rms=0.6042
2026-04-27 06:39:14,370 - INFO - [render-loss] step=64800 masked 7/16 samples (t_value < 0.40)
2026-04-27 06:41:06,064 - INFO - Step   65000 | Epoch   7 | MSE: 0.4623 | Steps/sec: 1.79 | LR: 1.94e-04 | Render_L1: 0.0321 | Alpha_L1: 0.0498 | Render_LPIPS: 0.1928 | cos(c,null): +0.3736 | GradNorm: 0.0525 | MSE/t: [0.00-0.50]0.521(n=1621) [0.50-0.85]0.408(n=1452) [0.85-0.95]0.337(n=125) [0.95-1.00]0.316(n=2)
2026-04-27 06:41:06,532 - INFO - [cond] cfg_signal=0.0567 (min=0.0360 max=0.1080, n=16) | class_signal=0.0703 (min=0.0344 max=0.1040, n=16) | pred_rms=0.6246
2026-04-27 06:41:14,698 - INFO - [validation] saved: output/jit_JiT-B_8_kmeans_k103_v2/dit_validation/epoch_007_step_0065000_class043.png (class=43, sampler=heun, steps=100)
2026-04-27 06:41:15,903 - INFO - [overrides] applied from jit/configs/overrides.yaml: lr_scale=1.0 max_grad_norm=5.0 null_repel_weight=0.0 P_mean=0.0
2026-04-27 06:41:15,952 - INFO - [render-loss] step=65000 masked 6/16 samples (t_value < 0.40)
2026-04-27 06:43:07,662 - INFO - Step   65200 | Epoch   7 | MSE: 0.4549 | Steps/sec: 1.65 | LR: 1.94e-04 | Render_L1: 0.0311 | Alpha_L1: 0.0486 | Render_LPIPS: 0.1893 | cos(c,null): +0.3805 | GradNorm: 0.0512 | MSE/t: [0.00-0.50]0.519(n=1615) [0.50-0.85]0.391(n=1449) [0.85-0.95]0.378(n=131) [0.95-1.00]0.371(n=5)
2026-04-27 06:43:08,144 - INFO - [cond] cfg_signal=0.0573 (min=0.0366 max=0.1156, n=16) | class_signal=0.0708 (min=0.0347 max=0.1035, n=16) | pred_rms=0.6021
2026-04-27 06:43:08,200 - INFO - [render-loss] step=65200 masked 7/16 samples (t_value < 0.40)
2026-04-27 06:44:59,902 - INFO - Step   65400 | Epoch   7 | MSE: 0.4654 | Steps/sec: 1.79 | LR: 1.94e-04 | Render_L1: 0.0334 | Alpha_L1: 0.0502 | Render_LPIPS: 0.1951 | cos(c,null): +0.3838 | GradNorm: 0.0514 | MSE/t: [0.00-0.50]0.530(n=1570) [0.50-0.85]0.407(n=1497) [0.85-0.95]0.353(n=132) [0.95-1.00]0.453(n=1)
2026-04-27 06:45:00,375 - INFO - [cond] cfg_signal=0.0567 (min=0.0382 max=0.1039, n=16) | class_signal=0.0706 (min=0.0334 max=0.1018, n=16) | pred_rms=0.6085
2026-04-27 06:45:00,431 - INFO - [render-loss] step=65400 masked 5/16 samples (t_value < 0.40)
2026-04-27 06:46:52,615 - INFO - Step   65600 | Epoch   7 | MSE: 0.4653 | Steps/sec: 1.78 | LR: 1.94e-04 | Render_L1: 0.0314 | Alpha_L1: 0.0487 | Render_LPIPS: 0.1896 | cos(c,null): +0.3849 | GradNorm: 0.0572 | MSE/t: [0.00-0.50]0.542(n=1634) [0.50-0.85]0.390(n=1457) [0.85-0.95]0.325(n=105) [0.95-1.00]0.219(n=4)
2026-04-27 06:46:53,102 - INFO - [cond] cfg_signal=0.0591 (min=0.0396 max=0.1075, n=16) | class_signal=0.0743 (min=0.0353 max=0.1080, n=16) | pred_rms=0.6097
2026-04-27 06:46:53,193 - INFO - [render-loss] step=65600 masked 8/16 samples (t_value < 0.40)
2026-04-27 06:48:44,959 - INFO - Step   65800 | Epoch   7 | MSE: 0.4666 | Steps/sec: 1.79 | LR: 1.94e-04 | Render_L1: 0.0320 | Alpha_L1: 0.0493 | Render_LPIPS: 0.1923 | cos(c,null): +0.3871 | GradNorm: 0.0545 | MSE/t: [0.00-0.50]0.539(n=1590) [0.50-0.85]0.400(n=1498) [0.85-0.95]0.329(n=105) [0.95-1.00]0.230(n=7)
2026-04-27 06:48:45,432 - INFO - [cond] cfg_signal=0.0585 (min=0.0417 max=0.1015, n=16) | class_signal=0.0751 (min=0.0353 max=0.1079, n=16) | pred_rms=0.6281
2026-04-27 06:48:45,493 - INFO - [render-loss] step=65800 masked 3/16 samples (t_value < 0.40)
2026-04-27 06:50:37,334 - INFO - Step   66000 | Epoch   7 | MSE: 0.4617 | Steps/sec: 1.79 | LR: 1.94e-04 | Render_L1: 0.0321 | Alpha_L1: 0.0492 | Render_LPIPS: 0.1923 | cos(c,null): +0.3864 | GradNorm: 0.0965 | MSE/t: [0.00-0.50]0.522(n=1621) [0.50-0.85]0.404(n=1447) [0.85-0.95]0.358(n=128) [0.95-1.00]0.435(n=4)
2026-04-27 06:50:37,801 - INFO - [cond] cfg_signal=0.0569 (min=0.0409 max=0.0879, n=16) | class_signal=0.0728 (min=0.0364 max=0.0980, n=16) | pred_rms=0.5961
2026-04-27 06:50:46,018 - INFO - [validation] saved: output/jit_JiT-B_8_kmeans_k103_v2/dit_validation/epoch_007_step_0066000_class025.png (class=25, sampler=heun, steps=100)
2026-04-27 06:50:47,244 - INFO - [overrides] applied from jit/configs/overrides.yaml: lr_scale=1.0 max_grad_norm=5.0 null_repel_weight=0.0 P_mean=0.0
2026-04-27 06:50:47,295 - INFO - [render-loss] step=66000 masked 5/16 samples (t_value < 0.40)
2026-04-27 06:52:39,223 - INFO - Step   66200 | Epoch   7 | MSE: 0.4605 | Steps/sec: 1.65 | LR: 1.94e-04 | Render_L1: 0.0317 | Alpha_L1: 0.0485 | Render_LPIPS: 0.1922 | cos(c,null): +0.3893 | GradNorm: 0.0563 | MSE/t: [0.00-0.50]0.533(n=1537) [0.50-0.85]0.400(n=1529) [0.85-0.95]0.320(n=131) [0.95-1.00]0.296(n=3)
2026-04-27 06:52:39,707 - INFO - [cond] cfg_signal=0.0554 (min=0.0411 max=0.0912, n=16) | class_signal=0.0709 (min=0.0359 max=0.0942, n=16) | pred_rms=0.5965
2026-04-27 06:52:39,764 - INFO - [render-loss] step=66200 masked 6/16 samples (t_value < 0.40)
2026-04-27 06:54:31,717 - INFO - Step   66400 | Epoch   7 | MSE: 0.4599 | Steps/sec: 1.79 | LR: 1.93e-04 | Render_L1: 0.0309 | Alpha_L1: 0.0476 | Render_LPIPS: 0.1883 | cos(c,null): +0.3902 | GradNorm: 0.0588 | MSE/t: [0.00-0.50]0.534(n=1567) [0.50-0.85]0.394(n=1509) [0.85-0.95]0.337(n=120) [0.95-1.00]0.256(n=4)
2026-04-27 06:54:32,192 - INFO - [cond] cfg_signal=0.0585 (min=0.0391 max=0.1040, n=16) | class_signal=0.0746 (min=0.0390 max=0.1020, n=16) | pred_rms=0.6174
2026-04-27 06:54:32,251 - INFO - [render-loss] step=66400 masked 7/16 samples (t_value < 0.40)
2026-04-27 06:56:24,171 - INFO - Step   66600 | Epoch   7 | MSE: 0.4758 | Steps/sec: 1.79 | LR: 1.93e-04 | Render_L1: 0.0313 | Alpha_L1: 0.0478 | Render_LPIPS: 0.1888 | cos(c,null): +0.3962 | GradNorm: 0.0591 | MSE/t: [0.00-0.50]0.554(n=1591) [0.50-0.85]0.403(n=1474) [0.85-0.95]0.343(n=130) [0.95-1.00]0.332(n=5)
2026-04-27 06:56:24,640 - INFO - [cond] cfg_signal=0.0531 (min=0.0375 max=0.0778, n=16) | class_signal=0.0651 (min=0.0360 max=0.0911, n=16) | pred_rms=0.5820
2026-04-27 06:56:24,695 - INFO - [render-loss] step=66600 masked 3/16 samples (t_value < 0.40)
2026-04-27 06:58:16,584 - INFO - Step   66800 | Epoch   7 | MSE: 0.4650 | Steps/sec: 1.79 | LR: 1.93e-04 | Render_L1: 0.0307 | Alpha_L1: 0.0483 | Render_LPIPS: 0.1864 | cos(c,null): +0.3814 | GradNorm: 0.1112 | MSE/t: [0.00-0.50]0.535(n=1598) [0.50-0.85]0.395(n=1479) [0.85-0.95]0.390(n=118) [0.95-1.00]0.540(n=5)
2026-04-27 06:58:17,049 - INFO - [cond] cfg_signal=0.0587 (min=0.0422 max=0.0882, n=16) | class_signal=0.0723 (min=0.0374 max=0.1007, n=16) | pred_rms=0.6038
2026-04-27 06:58:17,103 - INFO - [render-loss] step=66800 masked 10/16 samples (t_value < 0.40)
2026-04-27 07:00:09,520 - INFO - Step   67000 | Epoch   7 | MSE: 0.4565 | Steps/sec: 1.78 | LR: 1.93e-04 | Render_L1: 0.0302 | Alpha_L1: 0.0467 | Render_LPIPS: 0.1871 | cos(c,null): +0.3773 | GradNorm: 0.0599 | MSE/t: [0.00-0.50]0.521(n=1592) [0.50-0.85]0.397(n=1476) [0.85-0.95]0.339(n=124) [0.95-1.00]0.336(n=8)
2026-04-27 07:00:10,003 - INFO - [cond] cfg_signal=0.0564 (min=0.0388 max=0.0889, n=16) | class_signal=0.0687 (min=0.0355 max=0.0950, n=16) | pred_rms=0.6211
2026-04-27 07:00:18,325 - INFO - [validation] saved: output/jit_JiT-B_8_kmeans_k103_v2/dit_validation/epoch_007_step_0067000_class098.png (class=98, sampler=heun, steps=100)
2026-04-27 07:00:19,728 - INFO - [overrides] applied from jit/configs/overrides.yaml: lr_scale=1.0 max_grad_norm=5.0 null_repel_weight=0.0 P_mean=0.0
2026-04-27 07:00:19,778 - INFO - [render-loss] step=67000 masked 8/16 samples (t_value < 0.40)
2026-04-27 07:02:11,877 - INFO - Step   67200 | Epoch   7 | MSE: 0.4667 | Steps/sec: 1.64 | LR: 1.93e-04 | Render_L1: 0.0312 | Alpha_L1: 0.0474 | Render_LPIPS: 0.1905 | cos(c,null): +0.3784 | GradNorm: 0.0592 | MSE/t: [0.00-0.50]0.521(n=1597) [0.50-0.85]0.418(n=1470) [0.85-0.95]0.361(n=128) [0.95-1.00]0.306(n=5)
2026-04-27 07:02:12,356 - INFO - [cond] cfg_signal=0.0554 (min=0.0408 max=0.0832, n=16) | class_signal=0.0679 (min=0.0375 max=0.0938, n=16) | pred_rms=0.6035
2026-04-27 07:02:12,413 - INFO - [render-loss] step=67200 masked 6/16 samples (t_value < 0.40)
2026-04-27 07:04:04,131 - INFO - Step   67400 | Epoch   7 | MSE: 0.4582 | Steps/sec: 1.79 | LR: 1.93e-04 | Render_L1: 0.0302 | Alpha_L1: 0.0463 | Render_LPIPS: 0.1873 | cos(c,null): +0.3813 | GradNorm: 0.0563 | MSE/t: [0.00-0.50]0.519(n=1590) [0.50-0.85]0.403(n=1483) [0.85-0.95]0.342(n=122) [0.95-1.00]0.478(n=5)
2026-04-27 07:04:04,596 - INFO - [cond] cfg_signal=0.0558 (min=0.0389 max=0.0848, n=16) | class_signal=0.0698 (min=0.0343 max=0.0962, n=16) | pred_rms=0.6275
2026-04-27 07:04:04,651 - INFO - [render-loss] step=67400 masked 9/16 samples (t_value < 0.40)
2026-04-27 07:05:56,663 - INFO - Step   67600 | Epoch   7 | MSE: 0.4692 | Steps/sec: 1.78 | LR: 1.93e-04 | Render_L1: 0.0303 | Alpha_L1: 0.0457 | Render_LPIPS: 0.1883 | cos(c,null): +0.3811 | GradNorm: 0.0576 | MSE/t: [0.00-0.50]0.538(n=1591) [0.50-0.85]0.401(n=1491) [0.85-0.95]0.398(n=114) [0.95-1.00]0.383(n=4)
2026-04-27 07:05:57,128 - INFO - [cond] cfg_signal=0.0568 (min=0.0370 max=0.0888, n=16) | class_signal=0.0692 (min=0.0314 max=0.0959, n=16) | pred_rms=0.6231
2026-04-27 07:05:57,184 - INFO - [render-loss] step=67600 masked 4/16 samples (t_value < 0.40)
2026-04-27 07:07:50,707 - INFO - Step   67800 | Epoch   8 | MSE: 0.4535 | Steps/sec: 1.76 | LR: 1.93e-04 | Render_L1: 0.0304 | Alpha_L1: 0.0463 | Render_LPIPS: 0.1883 | cos(c,null): +0.3833 | GradNorm: 0.0684 | MSE/t: [0.00-0.50]0.512(n=1617) [0.50-0.85]0.398(n=1457) [0.85-0.95]0.335(n=119) [0.95-1.00]0.423(n=7)
2026-04-27 07:07:51,179 - INFO - [cond] cfg_signal=0.0590 (min=0.0443 max=0.0967, n=16) | class_signal=0.0717 (min=0.0341 max=0.0991, n=16) | pred_rms=0.6317
2026-04-27 07:07:51,238 - INFO - [render-loss] step=67800 masked 5/16 samples (t_value < 0.40)
2026-04-27 07:09:42,855 - INFO - Step   68000 | Epoch   8 | MSE: 0.4625 | Steps/sec: 1.79 | LR: 1.93e-04 | Render_L1: 0.0302 | Alpha_L1: 0.0465 | Render_LPIPS: 0.1873 | cos(c,null): +0.3890 | GradNorm: 0.0569 | MSE/t: [0.00-0.50]0.531(n=1620) [0.50-0.85]0.399(n=1444) [0.85-0.95]0.319(n=134) [0.95-1.00]0.304(n=2)
2026-04-27 07:09:43,323 - INFO - [cond] cfg_signal=0.0557 (min=0.0393 max=0.0892, n=16) | class_signal=0.0695 (min=0.0329 max=0.0983, n=16) | pred_rms=0.6197
2026-04-27 07:09:51,567 - INFO - [validation] saved: output/jit_JiT-B_8_kmeans_k103_v2/dit_validation/epoch_008_step_0068000_class094.png (class=94, sampler=heun, steps=100)
2026-04-27 07:09:52,835 - INFO - [overrides] applied from jit/configs/overrides.yaml: lr_scale=1.0 max_grad_norm=5.0 null_repel_weight=0.0 P_mean=0.0
2026-04-27 07:09:52,883 - INFO - [render-loss] step=68000 masked 8/16 samples (t_value < 0.40)
2026-04-27 07:11:44,869 - INFO - Step   68200 | Epoch   8 | MSE: 0.4668 | Steps/sec: 1.65 | LR: 1.93e-04 | Render_L1: 0.0311 | Alpha_L1: 0.0479 | Render_LPIPS: 0.1905 | cos(c,null): +0.3946 | GradNorm: 0.1178 | MSE/t: [0.00-0.50]0.529(n=1631) [0.50-0.85]0.405(n=1427) [0.85-0.95]0.368(n=137) [0.95-1.00]0.399(n=5)
2026-04-27 07:11:45,356 - INFO - [cond] cfg_signal=0.0601 (min=0.0388 max=0.0962, n=16) | class_signal=0.0766 (min=0.0370 max=0.1040, n=16) | pred_rms=0.6198
2026-04-27 07:11:45,412 - INFO - [render-loss] step=68200 masked 5/16 samples (t_value < 0.40)
2026-04-27 07:13:37,614 - INFO - Step   68400 | Epoch   8 | MSE: 0.4655 | Steps/sec: 1.78 | LR: 1.93e-04 | Render_L1: 0.0300 | Alpha_L1: 0.0453 | Render_LPIPS: 0.1856 | cos(c,null): +0.3978 | GradNorm: 0.0623 | MSE/t: [0.00-0.50]0.537(n=1591) [0.50-0.85]0.397(n=1487) [0.85-0.95]0.371(n=119) [0.95-1.00]0.197(n=3)
2026-04-27 07:13:38,086 - INFO - [cond] cfg_signal=0.0585 (min=0.0361 max=0.0954, n=16) | class_signal=0.0741 (min=0.0346 max=0.0950, n=16) | pred_rms=0.6501
2026-04-27 07:13:38,146 - INFO - [render-loss] step=68400 masked 8/16 samples (t_value < 0.40)
2026-04-27 07:15:30,052 - INFO - Step   68600 | Epoch   8 | MSE: 0.4686 | Steps/sec: 1.79 | LR: 1.93e-04 | Render_L1: 0.0314 | Alpha_L1: 0.0469 | Render_LPIPS: 0.1914 | cos(c,null): +0.4042 | GradNorm: 0.0664 | MSE/t: [0.00-0.50]0.537(n=1623) [0.50-0.85]0.401(n=1462) [0.85-0.95]0.366(n=111) [0.95-1.00]0.302(n=4)
2026-04-27 07:15:30,535 - INFO - [cond] cfg_signal=0.0566 (min=0.0329 max=0.0907, n=16) | class_signal=0.0706 (min=0.0339 max=0.0944, n=16) | pred_rms=0.6358
2026-04-27 07:15:30,594 - INFO - [render-loss] step=68600 masked 4/16 samples (t_value < 0.40)
2026-04-27 07:17:22,311 - INFO - Step   68800 | Epoch   8 | MSE: 0.4638 | Steps/sec: 1.79 | LR: 1.93e-04 | Render_L1: 0.0308 | Alpha_L1: 0.0466 | Render_LPIPS: 0.1870 | cos(c,null): +0.4076 | GradNorm: 0.0594 | MSE/t: [0.00-0.50]0.530(n=1648) [0.50-0.85]0.398(n=1422) [0.85-0.95]0.341(n=127) [0.95-1.00]0.202(n=3)
2026-04-27 07:17:22,774 - INFO - [cond] cfg_signal=0.0568 (min=0.0345 max=0.0918, n=16) | class_signal=0.0710 (min=0.0377 max=0.0915, n=16) | pred_rms=0.6276
2026-04-27 07:17:22,829 - INFO - [render-loss] step=68800 masked 6/16 samples (t_value < 0.40)
2026-04-27 07:19:14,919 - INFO - Step   69000 | Epoch   8 | MSE: 0.4731 | Steps/sec: 1.78 | LR: 1.93e-04 | Render_L1: 0.0309 | Alpha_L1: 0.0469 | Render_LPIPS: 0.1892 | cos(c,null): +0.4105 | GradNorm: 0.0640 | MSE/t: [0.00-0.50]0.544(n=1616) [0.50-0.85]0.402(n=1447) [0.85-0.95]0.398(n=135) [0.95-1.00]0.177(n=2)
2026-04-27 07:19:15,390 - INFO - [cond] cfg_signal=0.0547 (min=0.0368 max=0.0917, n=16) | class_signal=0.0685 (min=0.0313 max=0.0924, n=16) | pred_rms=0.6187
2026-04-27 07:19:23,680 - INFO - [validation] saved: output/jit_JiT-B_8_kmeans_k103_v2/dit_validation/epoch_008_step_0069000_class071.png (class=71, sampler=heun, steps=100)
2026-04-27 07:19:24,928 - INFO - [overrides] applied from jit/configs/overrides.yaml: lr_scale=1.0 max_grad_norm=5.0 null_repel_weight=0.0 P_mean=0.0
2026-04-27 07:19:24,978 - INFO - [render-loss] step=69000 masked 8/16 samples (t_value < 0.40)
2026-04-27 07:21:17,158 - INFO - Step   69200 | Epoch   8 | MSE: 0.4738 | Steps/sec: 1.64 | LR: 1.93e-04 | Render_L1: 0.0313 | Alpha_L1: 0.0472 | Render_LPIPS: 0.1901 | cos(c,null): +0.4140 | GradNorm: 0.0670 | MSE/t: [0.00-0.50]0.543(n=1636) [0.50-0.85]0.407(n=1449) [0.85-0.95]0.338(n=112) [0.95-1.00]0.367(n=3)
2026-04-27 07:21:17,651 - INFO - [cond] cfg_signal=0.0570 (min=0.0402 max=0.1003, n=16) | class_signal=0.0724 (min=0.0362 max=0.0987, n=16) | pred_rms=0.6021
2026-04-27 07:21:17,712 - INFO - [render-loss] step=69200 masked 6/16 samples (t_value < 0.40)
2026-04-27 07:23:09,837 - INFO - Step   69400 | Epoch   8 | MSE: 0.4629 | Steps/sec: 1.78 | LR: 1.93e-04 | Render_L1: 0.0304 | Alpha_L1: 0.0461 | Render_LPIPS: 0.1878 | cos(c,null): +0.4208 | GradNorm: 0.0671 | MSE/t: [0.00-0.50]0.528(n=1601) [0.50-0.85]0.399(n=1478) [0.85-0.95]0.378(n=115) [0.95-1.00]0.298(n=6)
2026-04-27 07:23:10,305 - INFO - [cond] cfg_signal=0.0580 (min=0.0383 max=0.0988, n=16) | class_signal=0.0751 (min=0.0347 max=0.1083, n=16) | pred_rms=0.6400
2026-04-27 07:23:10,360 - INFO - [render-loss] step=69400 masked 8/16 samples (t_value < 0.40)
2026-04-27 07:25:02,112 - INFO - Step   69600 | Epoch   8 | MSE: 0.4716 | Steps/sec: 1.79 | LR: 1.93e-04 | Render_L1: 0.0305 | Alpha_L1: 0.0457 | Render_LPIPS: 0.1872 | cos(c,null): +0.4217 | GradNorm: 0.0622 | MSE/t: [0.00-0.50]0.538(n=1638) [0.50-0.85]0.407(n=1425) [0.85-0.95]0.349(n=130) [0.95-1.00]0.270(n=7)
2026-04-27 07:25:02,581 - INFO - [cond] cfg_signal=0.0558 (min=0.0351 max=0.0924, n=16) | class_signal=0.0718 (min=0.0355 max=0.0990, n=16) | pred_rms=0.6250
2026-04-27 07:25:02,637 - INFO - [render-loss] step=69600 masked 6/16 samples (t_value < 0.40)
2026-04-27 07:26:54,591 - INFO - Step   69800 | Epoch   8 | MSE: 0.4569 | Steps/sec: 1.79 | LR: 1.93e-04 | Render_L1: 0.0301 | Alpha_L1: 0.0448 | Render_LPIPS: 0.1862 | cos(c,null): +0.4242 | GradNorm: 0.0655 | MSE/t: [0.00-0.50]0.523(n=1560) [0.50-0.85]0.398(n=1522) [0.85-0.95]0.341(n=112) [0.95-1.00]0.426(n=6)
2026-04-27 07:26:55,087 - INFO - [cond] cfg_signal=0.0565 (min=0.0382 max=0.1034, n=16) | class_signal=0.0710 (min=0.0329 max=0.0970, n=16) | pred_rms=0.6004
2026-04-27 07:26:55,148 - INFO - [render-loss] step=69800 masked 8/16 samples (t_value < 0.40)
2026-04-27 07:28:47,171 - INFO - Step   70000 | Epoch   8 | MSE: 0.4579 | Steps/sec: 1.78 | LR: 1.93e-04 | Render_L1: 0.0299 | Alpha_L1: 0.0456 | Render_LPIPS: 0.1861 | cos(c,null): +0.4260 | GradNorm: 0.1058 | MSE/t: [0.00-0.50]0.522(n=1540) [0.50-0.85]0.404(n=1522) [0.85-0.95]0.343(n=134) [0.95-1.00]0.288(n=4)
2026-04-27 07:28:47,651 - INFO - [cond] cfg_signal=0.0552 (min=0.0357 max=0.0897, n=16) | class_signal=0.0697 (min=0.0340 max=0.0904, n=16) | pred_rms=0.6313
2026-04-27 07:28:55,884 - INFO - [validation] saved: output/jit_JiT-B_8_kmeans_k103_v2/dit_validation/epoch_008_step_0070000_class059.png (class=59, sampler=heun, steps=100)
2026-04-27 07:28:57,154 - INFO - [overrides] applied from jit/configs/overrides.yaml: lr_scale=1.0 max_grad_norm=5.0 null_repel_weight=0.0 P_mean=0.0
2026-04-27 07:28:57,206 - INFO - [render-loss] step=70000 masked 9/16 samples (t_value < 0.40)
2026-04-27 07:30:49,306 - INFO - Step   70200 | Epoch   8 | MSE: 0.4672 | Steps/sec: 1.64 | LR: 1.93e-04 | Render_L1: 0.0300 | Alpha_L1: 0.0458 | Render_LPIPS: 0.1865 | cos(c,null): +0.4256 | GradNorm: 0.0693 | MSE/t: [0.00-0.50]0.535(n=1583) [0.50-0.85]0.404(n=1481) [0.85-0.95]0.372(n=131) [0.95-1.00]0.394(n=5)
2026-04-27 07:30:49,781 - INFO - [cond] cfg_signal=0.0530 (min=0.0369 max=0.0864, n=16) | class_signal=0.0672 (min=0.0327 max=0.0873, n=16) | pred_rms=0.6288
2026-04-27 07:30:49,838 - INFO - [render-loss] step=70200 masked 6/16 samples (t_value < 0.40)
2026-04-27 07:32:41,780 - INFO - Step   70400 | Epoch   8 | MSE: 0.4662 | Steps/sec: 1.79 | LR: 1.93e-04 | Render_L1: 0.0306 | Alpha_L1: 0.0462 | Render_LPIPS: 0.1886 | cos(c,null): +0.4248 | GradNorm: 0.2895 | MSE/t: [0.00-0.50]0.532(n=1597) [0.50-0.85]0.407(n=1482) [0.85-0.95]0.331(n=114) [0.95-1.00]0.298(n=7)
2026-04-27 07:32:42,342 - INFO - [cond] cfg_signal=0.0540 (min=0.0379 max=0.0852, n=16) | class_signal=0.0667 (min=0.0280 max=0.0903, n=16) | pred_rms=0.6001
2026-04-27 07:32:42,398 - INFO - [render-loss] step=70400 masked 8/16 samples (t_value < 0.40)
2026-04-27 07:34:34,437 - INFO - Step   70600 | Epoch   8 | MSE: 0.4710 | Steps/sec: 1.78 | LR: 1.93e-04 | Render_L1: 0.0309 | Alpha_L1: 0.0457 | Render_LPIPS: 0.1897 | cos(c,null): +0.4245 | GradNorm: 0.0693 | MSE/t: [0.00-0.50]0.530(n=1653) [0.50-0.85]0.407(n=1421) [0.85-0.95]0.420(n=123) [0.95-1.00]0.329(n=3)
2026-04-27 07:34:34,912 - INFO - [cond] cfg_signal=0.0540 (min=0.0386 max=0.0865, n=16) | class_signal=0.0683 (min=0.0299 max=0.0990, n=16) | pred_rms=0.5977
2026-04-27 07:34:34,968 - INFO - [render-loss] step=70600 masked 5/16 samples (t_value < 0.40)
2026-04-27 07:36:27,058 - INFO - Step   70800 | Epoch   8 | MSE: 0.4644 | Steps/sec: 1.78 | LR: 1.93e-04 | Render_L1: 0.0298 | Alpha_L1: 0.0441 | Render_LPIPS: 0.1844 | cos(c,null): +0.4227 | GradNorm: 0.0692 | MSE/t: [0.00-0.50]0.537(n=1573) [0.50-0.85]0.400(n=1478) [0.85-0.95]0.336(n=139) [0.95-1.00]0.419(n=10)
2026-04-27 07:36:27,534 - INFO - [cond] cfg_signal=0.0535 (min=0.0357 max=0.0874, n=16) | class_signal=0.0698 (min=0.0286 max=0.1163, n=16) | pred_rms=0.5929
2026-04-27 07:36:27,591 - INFO - [render-loss] step=70800 masked 4/16 samples (t_value < 0.40)
2026-04-27 07:38:19,612 - INFO - Step   71000 | Epoch   8 | MSE: 0.4614 | Steps/sec: 1.78 | LR: 1.93e-04 | Render_L1: 0.0304 | Alpha_L1: 0.0456 | Render_LPIPS: 0.1849 | cos(c,null): +0.4250 | GradNorm: 0.0695 | MSE/t: [0.00-0.50]0.528(n=1548) [0.50-0.85]0.402(n=1517) [0.85-0.95]0.370(n=133) [0.95-1.00]0.406(n=2)
2026-04-27 07:38:20,076 - INFO - [cond] cfg_signal=0.0521 (min=0.0346 max=0.0868, n=16) | class_signal=0.0674 (min=0.0334 max=0.0998, n=16) | pred_rms=0.6052
2026-04-27 07:38:28,283 - INFO - [validation] saved: output/jit_JiT-B_8_kmeans_k103_v2/dit_validation/epoch_008_step_0071000_class037.png (class=37, sampler=heun, steps=100)
2026-04-27 07:38:29,660 - INFO - [overrides] applied from jit/configs/overrides.yaml: lr_scale=1.0 max_grad_norm=5.0 null_repel_weight=0.0 P_mean=0.0
2026-04-27 07:38:29,710 - INFO - [render-loss] step=71000 masked 5/16 samples (t_value < 0.40)
2026-04-27 07:40:21,923 - INFO - Step   71200 | Epoch   8 | MSE: 0.4800 | Steps/sec: 1.64 | LR: 1.93e-04 | Render_L1: 0.0299 | Alpha_L1: 0.0445 | Render_LPIPS: 0.1869 | cos(c,null): +0.4263 | GradNorm: 0.0699 | MSE/t: [0.00-0.50]0.552(n=1648) [0.50-0.85]0.410(n=1425) [0.85-0.95]0.334(n=123) [0.95-1.00]0.215(n=4)
2026-04-27 07:40:22,390 - INFO - [cond] cfg_signal=0.0510 (min=0.0339 max=0.0768, n=16) | class_signal=0.0655 (min=0.0334 max=0.0941, n=16) | pred_rms=0.6147
2026-04-27 07:40:22,445 - INFO - [render-loss] step=71200 masked 10/16 samples (t_value < 0.40)
2026-04-27 07:42:14,503 - INFO - Step   71400 | Epoch   8 | MSE: 0.4638 | Steps/sec: 1.78 | LR: 1.92e-04 | Render_L1: 0.0296 | Alpha_L1: 0.0444 | Render_LPIPS: 0.1849 | cos(c,null): +0.4272 | GradNorm: 0.0680 | MSE/t: [0.00-0.50]0.534(n=1572) [0.50-0.85]0.398(n=1500) [0.85-0.95]0.375(n=123) [0.95-1.00]0.275(n=5)
2026-04-27 07:42:14,975 - INFO - [cond] cfg_signal=0.0551 (min=0.0369 max=0.0896, n=16) | class_signal=0.0705 (min=0.0358 max=0.0964, n=16) | pred_rms=0.6163
2026-04-27 07:42:15,033 - INFO - [render-loss] step=71400 masked 8/16 samples (t_value < 0.40)
2026-04-27 07:44:07,246 - INFO - Step   71600 | Epoch   8 | MSE: 0.4553 | Steps/sec: 1.78 | LR: 1.92e-04 | Render_L1: 0.0289 | Alpha_L1: 0.0436 | Render_LPIPS: 0.1813 | cos(c,null): +0.4314 | GradNorm: 0.0671 | MSE/t: [0.00-0.50]0.526(n=1547) [0.50-0.85]0.394(n=1527) [0.85-0.95]0.340(n=121) [0.95-1.00]0.244(n=5)
2026-04-27 07:44:07,733 - INFO - [cond] cfg_signal=0.0559 (min=0.0383 max=0.0956, n=16) | class_signal=0.0719 (min=0.0317 max=0.1095, n=16) | pred_rms=0.6287
2026-04-27 07:44:07,789 - INFO - [render-loss] step=71600 masked 3/16 samples (t_value < 0.40)
2026-04-27 07:45:59,845 - INFO - Step   71800 | Epoch   8 | MSE: 0.4615 | Steps/sec: 1.78 | LR: 1.92e-04 | Render_L1: 0.0297 | Alpha_L1: 0.0438 | Render_LPIPS: 0.1844 | cos(c,null): +0.4332 | GradNorm: 0.0731 | MSE/t: [0.00-0.50]0.523(n=1654) [0.50-0.85]0.403(n=1402) [0.85-0.95]0.322(n=140) [0.95-1.00]0.282(n=4)
2026-04-27 07:46:00,320 - INFO - [cond] cfg_signal=0.0513 (min=0.0331 max=0.0823, n=16) | class_signal=0.0671 (min=0.0296 max=0.0990, n=16) | pred_rms=0.5983
2026-04-27 07:46:00,376 - INFO - [render-loss] step=71800 masked 3/16 samples (t_value < 0.40)
2026-04-27 07:47:52,607 - INFO - Step   72000 | Epoch   8 | MSE: 0.4720 | Steps/sec: 1.78 | LR: 1.92e-04 | Render_L1: 0.0305 | Alpha_L1: 0.0461 | Render_LPIPS: 0.1872 | cos(c,null): +0.4303 | GradNorm: 0.0681 | MSE/t: [0.00-0.50]0.533(n=1588) [0.50-0.85]0.417(n=1481) [0.85-0.95]0.357(n=125) [0.95-1.00]0.257(n=6)
2026-04-27 07:47:53,090 - INFO - [cond] cfg_signal=0.0562 (min=0.0349 max=0.0929, n=16) | class_signal=0.0745 (min=0.0346 max=0.1113, n=16) | pred_rms=0.6397
2026-04-27 07:48:01,670 - INFO - [validation] saved: output/jit_JiT-B_8_kmeans_k103_v2/dit_validation/epoch_008_step_0072000_class000.png (class=0, sampler=heun, steps=100)
2026-04-27 07:48:02,902 - INFO - [overrides] applied from jit/configs/overrides.yaml: lr_scale=1.0 max_grad_norm=5.0 null_repel_weight=0.0 P_mean=0.0
2026-04-27 07:48:02,951 - INFO - [render-loss] step=72000 masked 8/16 samples (t_value < 0.40)
2026-04-27 07:49:55,193 - INFO - Step   72200 | Epoch   8 | MSE: 0.4673 | Steps/sec: 1.64 | LR: 1.92e-04 | Render_L1: 0.0299 | Alpha_L1: 0.0443 | Render_LPIPS: 0.1843 | cos(c,null): +0.4314 | GradNorm: 0.0701 | MSE/t: [0.00-0.50]0.538(n=1605) [0.50-0.85]0.401(n=1466) [0.85-0.95]0.342(n=125) [0.95-1.00]0.262(n=4)
2026-04-27 07:49:55,676 - INFO - [cond] cfg_signal=0.0550 (min=0.0339 max=0.0932, n=16) | class_signal=0.0732 (min=0.0321 max=0.1119, n=16) | pred_rms=0.6105
2026-04-27 07:49:55,734 - INFO - [render-loss] step=72200 masked 6/16 samples (t_value < 0.40)
2026-04-27 07:51:47,624 - INFO - Step   72400 | Epoch   8 | MSE: 0.4674 | Steps/sec: 1.79 | LR: 1.92e-04 | Render_L1: 0.0307 | Alpha_L1: 0.0451 | Render_LPIPS: 0.1865 | cos(c,null): +0.4242 | GradNorm: 0.0708 | MSE/t: [0.00-0.50]0.541(n=1626) [0.50-0.85]0.398(n=1444) [0.85-0.95]0.322(n=125) [0.95-1.00]0.353(n=5)
2026-04-27 07:51:48,099 - INFO - [cond] cfg_signal=0.0555 (min=0.0368 max=0.0886, n=16) | class_signal=0.0698 (min=0.0322 max=0.0997, n=16) | pred_rms=0.6144
2026-04-27 07:51:48,154 - INFO - [render-loss] step=72400 masked 7/16 samples (t_value < 0.40)
2026-04-27 07:53:40,103 - INFO - Step   72600 | Epoch   8 | MSE: 0.4594 | Steps/sec: 1.79 | LR: 1.92e-04 | Render_L1: 0.0295 | Alpha_L1: 0.0437 | Render_LPIPS: 0.1851 | cos(c,null): +0.4157 | GradNorm: 0.0737 | MSE/t: [0.00-0.50]0.518(n=1589) [0.50-0.85]0.408(n=1461) [0.85-0.95]0.337(n=146) [0.95-1.00]0.366(n=4)
2026-04-27 07:53:40,605 - INFO - [cond] cfg_signal=0.0537 (min=0.0331 max=0.0850, n=16) | class_signal=0.0698 (min=0.0359 max=0.0942, n=16) | pred_rms=0.6286
2026-04-27 07:53:40,663 - INFO - [render-loss] step=72600 masked 8/16 samples (t_value < 0.40)
2026-04-27 07:55:32,705 - INFO - Step   72800 | Epoch   8 | MSE: 0.4658 | Steps/sec: 1.78 | LR: 1.92e-04 | Render_L1: 0.0293 | Alpha_L1: 0.0438 | Render_LPIPS: 0.1837 | cos(c,null): +0.4199 | GradNorm: 0.0758 | MSE/t: [0.00-0.50]0.543(n=1626) [0.50-0.85]0.393(n=1445) [0.85-0.95]0.310(n=123) [0.95-1.00]0.278(n=6)
2026-04-27 07:55:33,176 - INFO - [cond] cfg_signal=0.0576 (min=0.0371 max=0.0933, n=16) | class_signal=0.0741 (min=0.0365 max=0.1123, n=16) | pred_rms=0.6094
2026-04-27 07:55:33,234 - INFO - [render-loss] step=72800 masked 3/16 samples (t_value < 0.40)
2026-04-27 07:57:25,347 - INFO - Step   73000 | Epoch   8 | MSE: 0.4768 | Steps/sec: 1.78 | LR: 1.92e-04 | Render_L1: 0.0299 | Alpha_L1: 0.0455 | Render_LPIPS: 0.1843 | cos(c,null): +0.4252 | GradNorm: 0.0890 | MSE/t: [0.00-0.50]0.557(n=1572) [0.50-0.85]0.404(n=1502) [0.85-0.95]0.345(n=120) [0.95-1.00]0.459(n=6)
2026-04-27 07:57:25,809 - INFO - [cond] cfg_signal=0.0562 (min=0.0373 max=0.0822, n=16) | class_signal=0.0740 (min=0.0377 max=0.0962, n=16) | pred_rms=0.6146
2026-04-27 07:57:34,031 - INFO - [validation] saved: output/jit_JiT-B_8_kmeans_k103_v2/dit_validation/epoch_008_step_0073000_class095.png (class=95, sampler=heun, steps=100)
2026-04-27 07:57:35,230 - INFO - [overrides] applied from jit/configs/overrides.yaml: lr_scale=1.0 max_grad_norm=5.0 null_repel_weight=0.0 P_mean=0.0
2026-04-27 07:57:35,278 - INFO - [render-loss] step=73000 masked 6/16 samples (t_value < 0.40)
2026-04-27 07:59:26,957 - INFO - Step   73200 | Epoch   8 | MSE: 0.4653 | Steps/sec: 1.65 | LR: 1.92e-04 | Render_L1: 0.0301 | Alpha_L1: 0.0441 | Render_LPIPS: 0.1858 | cos(c,null): +0.4313 | GradNorm: 0.0764 | MSE/t: [0.00-0.50]0.540(n=1636) [0.50-0.85]0.389(n=1431) [0.85-0.95]0.369(n=127) [0.95-1.00]0.380(n=6)
2026-04-27 07:59:27,430 - INFO - [cond] cfg_signal=0.0549 (min=0.0341 max=0.0842, n=16) | class_signal=0.0705 (min=0.0371 max=0.0975, n=16) | pred_rms=0.6080
2026-04-27 07:59:27,486 - INFO - [render-loss] step=73200 masked 5/16 samples (t_value < 0.40)
2026-04-27 08:01:19,638 - INFO - Step   73400 | Epoch   8 | MSE: 0.4669 | Steps/sec: 1.78 | LR: 1.92e-04 | Render_L1: 0.0295 | Alpha_L1: 0.0437 | Render_LPIPS: 0.1826 | cos(c,null): +0.4339 | GradNorm: 0.0851 | MSE/t: [0.00-0.50]0.542(n=1590) [0.50-0.85]0.397(n=1490) [0.85-0.95]0.345(n=117) [0.95-1.00]0.203(n=3)
2026-04-27 08:01:20,129 - INFO - [cond] cfg_signal=0.0579 (min=0.0415 max=0.0817, n=16) | class_signal=0.0729 (min=0.0410 max=0.0989, n=16) | pred_rms=0.6395
2026-04-27 08:01:20,185 - INFO - [render-loss] step=73400 masked 3/16 samples (t_value < 0.40)
2026-04-27 08:03:12,618 - INFO - Step   73600 | Epoch   8 | MSE: 0.4616 | Steps/sec: 1.78 | LR: 1.92e-04 | Render_L1: 0.0296 | Alpha_L1: 0.0438 | Render_LPIPS: 0.1841 | cos(c,null): +0.4353 | GradNorm: 0.0780 | MSE/t: [0.00-0.50]0.534(n=1560) [0.50-0.85]0.394(n=1525) [0.85-0.95]0.378(n=107) [0.95-1.00]0.427(n=8)
2026-04-27 08:03:13,090 - INFO - [cond] cfg_signal=0.0580 (min=0.0392 max=0.0822, n=16) | class_signal=0.0716 (min=0.0356 max=0.0977, n=16) | pred_rms=0.6034
2026-04-27 08:03:13,146 - INFO - [render-loss] step=73600 masked 8/16 samples (t_value < 0.40)
2026-04-27 08:05:04,981 - INFO - Step   73800 | Epoch   8 | MSE: 0.4618 | Steps/sec: 1.79 | LR: 1.92e-04 | Render_L1: 0.0294 | Alpha_L1: 0.0433 | Render_LPIPS: 0.1832 | cos(c,null): +0.4390 | GradNorm: 0.0739 | MSE/t: [0.00-0.50]0.528(n=1613) [0.50-0.85]0.398(n=1472) [0.85-0.95]0.355(n=114) [0.95-1.00]0.311(n=1)
2026-04-27 08:05:05,453 - INFO - [cond] cfg_signal=0.0570 (min=0.0385 max=0.0824, n=16) | class_signal=0.0683 (min=0.0402 max=0.0937, n=16) | pred_rms=0.6055
2026-04-27 08:05:05,509 - INFO - [render-loss] step=73800 masked 10/16 samples (t_value < 0.40)
2026-04-27 08:06:57,271 - INFO - Step   74000 | Epoch   8 | MSE: 0.4644 | Steps/sec: 1.79 | LR: 1.92e-04 | Render_L1: 0.0291 | Alpha_L1: 0.0437 | Render_LPIPS: 0.1831 | cos(c,null): +0.4381 | GradNorm: 0.0761 | MSE/t: [0.00-0.50]0.533(n=1645) [0.50-0.85]0.397(n=1416) [0.85-0.95]0.340(n=134) [0.95-1.00]0.287(n=5)
2026-04-27 08:06:57,827 - INFO - [cond] cfg_signal=0.0569 (min=0.0397 max=0.0822, n=16) | class_signal=0.0695 (min=0.0356 max=0.0951, n=16) | pred_rms=0.6189
2026-04-27 08:07:06,384 - INFO - [validation] saved: output/jit_JiT-B_8_kmeans_k103_v2/dit_validation/epoch_008_step_0074000_class035.png (class=35, sampler=heun, steps=100)
2026-04-27 08:07:07,588 - INFO - [overrides] applied from jit/configs/overrides.yaml: lr_scale=1.0 max_grad_norm=5.0 null_repel_weight=0.0 P_mean=0.0
2026-04-27 08:07:07,638 - INFO - [render-loss] step=74000 masked 4/16 samples (t_value < 0.40)
2026-04-27 08:08:59,630 - INFO - Step   74200 | Epoch   8 | MSE: 0.4708 | Steps/sec: 1.64 | LR: 1.92e-04 | Render_L1: 0.0299 | Alpha_L1: 0.0455 | Render_LPIPS: 0.1886 | cos(c,null): +0.4410 | GradNorm: 0.1562 | MSE/t: [0.00-0.50]0.530(n=1572) [0.50-0.85]0.412(n=1488) [0.85-0.95]0.357(n=130) [0.95-1.00]1.322(n=10)
2026-04-27 08:09:00,115 - INFO - [cond] cfg_signal=0.0569 (min=0.0395 max=0.0916, n=16) | class_signal=0.0718 (min=0.0349 max=0.0975, n=16) | pred_rms=0.6318
2026-04-27 08:09:00,176 - INFO - [render-loss] step=74200 masked 4/16 samples (t_value < 0.40)
2026-04-27 08:10:52,341 - INFO - Step   74400 | Epoch   8 | MSE: 0.4650 | Steps/sec: 1.78 | LR: 1.92e-04 | Render_L1: 0.0294 | Alpha_L1: 0.0435 | Render_LPIPS: 0.1841 | cos(c,null): +0.4415 | GradNorm: 0.0777 | MSE/t: [0.00-0.50]0.534(n=1593) [0.50-0.85]0.398(n=1483) [0.85-0.95]0.383(n=118) [0.95-1.00]0.258(n=6)
2026-04-27 08:10:52,830 - INFO - [cond] cfg_signal=0.0579 (min=0.0384 max=0.0886, n=16) | class_signal=0.0752 (min=0.0415 max=0.1004, n=16) | pred_rms=0.6304
2026-04-27 08:10:52,892 - INFO - [render-loss] step=74400 masked 5/16 samples (t_value < 0.40)
2026-04-27 08:12:44,813 - INFO - Step   74600 | Epoch   8 | MSE: 0.4741 | Steps/sec: 1.79 | LR: 1.92e-04 | Render_L1: 0.0297 | Alpha_L1: 0.0439 | Render_LPIPS: 0.1849 | cos(c,null): +0.4449 | GradNorm: 0.0825 | MSE/t: [0.00-0.50]0.541(n=1660) [0.50-0.85]0.406(n=1432) [0.85-0.95]0.349(n=104) [0.95-1.00]0.239(n=4)
2026-04-27 08:12:45,294 - INFO - [cond] cfg_signal=0.0578 (min=0.0359 max=0.0941, n=16) | class_signal=0.0735 (min=0.0408 max=0.1052, n=16) | pred_rms=0.6110
2026-04-27 08:12:45,349 - INFO - [render-loss] step=74600 masked 6/16 samples (t_value < 0.40)
2026-04-27 08:14:37,709 - INFO - Step   74800 | Epoch   8 | MSE: 0.4678 | Steps/sec: 1.78 | LR: 1.92e-04 | Render_L1: 0.0294 | Alpha_L1: 0.0434 | Render_LPIPS: 0.1843 | cos(c,null): +0.4454 | GradNorm: 0.2011 | MSE/t: [0.00-0.50]0.526(n=1650) [0.50-0.85]0.410(n=1429) [0.85-0.95]0.364(n=119) [0.95-1.00]0.230(n=2)
2026-04-27 08:14:38,221 - INFO - [cond] cfg_signal=0.0597 (min=0.0394 max=0.0924, n=16) | class_signal=0.0760 (min=0.0359 max=0.1047, n=16) | pred_rms=0.6122
2026-04-27 08:14:38,281 - INFO - [render-loss] step=74800 masked 7/16 samples (t_value < 0.40)
2026-04-27 08:16:30,309 - INFO - Step   75000 | Epoch   8 | MSE: 0.4602 | Steps/sec: 1.78 | LR: 1.92e-04 | Render_L1: 0.0293 | Alpha_L1: 0.0429 | Render_LPIPS: 0.1832 | cos(c,null): +0.4414 | GradNorm: 0.0796 | MSE/t: [0.00-0.50]0.527(n=1551) [0.50-0.85]0.403(n=1532) [0.85-0.95]0.327(n=110) [0.95-1.00]0.358(n=7)
2026-04-27 08:16:30,775 - INFO - [cond] cfg_signal=0.0577 (min=0.0378 max=0.0864, n=16) | class_signal=0.0738 (min=0.0344 max=0.1029, n=16) | pred_rms=0.6039
2026-04-27 08:16:39,036 - INFO - [validation] saved: output/jit_JiT-B_8_kmeans_k103_v2/dit_validation/epoch_008_step_0075000_class079.png (class=79, sampler=heun, steps=100)
2026-04-27 08:16:40,268 - INFO - [overrides] applied from jit/configs/overrides.yaml: lr_scale=1.0 max_grad_norm=5.0 null_repel_weight=0.0 P_mean=0.0
2026-04-27 08:16:40,318 - INFO - [render-loss] step=75000 masked 6/16 samples (t_value < 0.40)
2026-04-27 08:18:32,246 - INFO - Step   75200 | Epoch   8 | MSE: 0.4693 | Steps/sec: 1.65 | LR: 1.92e-04 | Render_L1: 0.0305 | Alpha_L1: 0.0450 | Render_LPIPS: 0.1856 | cos(c,null): +0.4451 | GradNorm: 0.0836 | MSE/t: [0.00-0.50]0.542(n=1582) [0.50-0.85]0.400(n=1476) [0.85-0.95]0.393(n=135) [0.95-1.00]0.235(n=7)
2026-04-27 08:18:32,714 - INFO - [cond] cfg_signal=0.0552 (min=0.0378 max=0.0824, n=16) | class_signal=0.0705 (min=0.0348 max=0.0946, n=16) | pred_rms=0.6097
2026-04-27 08:18:32,768 - INFO - [render-loss] step=75200 masked 9/16 samples (t_value < 0.40)
2026-04-27 08:20:24,462 - INFO - Step   75400 | Epoch   8 | MSE: 0.4586 | Steps/sec: 1.79 | LR: 1.92e-04 | Render_L1: 0.0289 | Alpha_L1: 0.0432 | Render_LPIPS: 0.1820 | cos(c,null): +0.4472 | GradNorm: 0.0809 | MSE/t: [0.00-0.50]0.517(n=1608) [0.50-0.85]0.407(n=1455) [0.85-0.95]0.313(n=131) [0.95-1.00]0.429(n=6)
2026-04-27 08:20:25,035 - INFO - [cond] cfg_signal=0.0547 (min=0.0353 max=0.0866, n=16) | class_signal=0.0714 (min=0.0372 max=0.0957, n=16) | pred_rms=0.5987
2026-04-27 08:20:25,094 - INFO - [render-loss] step=75400 masked 7/16 samples (t_value < 0.40)
2026-04-27 08:22:17,151 - INFO - Step   75600 | Epoch   8 | MSE: 0.4636 | Steps/sec: 1.78 | LR: 1.92e-04 | Render_L1: 0.0289 | Alpha_L1: 0.0430 | Render_LPIPS: 0.1826 | cos(c,null): +0.4524 | GradNorm: 0.0770 | MSE/t: [0.00-0.50]0.531(n=1599) [0.50-0.85]0.396(n=1480) [0.85-0.95]0.392(n=118) [0.95-1.00]0.316(n=3)
2026-04-27 08:22:17,652 - INFO - [cond] cfg_signal=0.0573 (min=0.0400 max=0.0794, n=16) | class_signal=0.0748 (min=0.0387 max=0.0975, n=16) | pred_rms=0.6221
2026-04-27 08:22:17,711 - INFO - [render-loss] step=75600 masked 6/16 samples (t_value < 0.40)
2026-04-27 08:24:11,237 - INFO - Step   75800 | Epoch   9 | MSE: 0.4663 | Steps/sec: 1.76 | LR: 1.92e-04 | Render_L1: 0.0297 | Alpha_L1: 0.0435 | Render_LPIPS: 0.1868 | cos(c,null): +0.4531 | GradNorm: 0.0808 | MSE/t: [0.00-0.50]0.522(n=1610) [0.50-0.85]0.414(n=1467) [0.85-0.95]0.363(n=118) [0.95-1.00]0.319(n=5)
2026-04-27 08:24:11,734 - INFO - [cond] cfg_signal=0.0564 (min=0.0365 max=0.0833, n=16) | class_signal=0.0736 (min=0.0406 max=0.0998, n=16) | pred_rms=0.5864
2026-04-27 08:24:11,792 - INFO - [render-loss] step=75800 masked 5/16 samples (t_value < 0.40)
2026-04-27 08:26:03,821 - INFO - Step   76000 | Epoch   9 | MSE: 0.4767 | Steps/sec: 1.78 | LR: 1.91e-04 | Render_L1: 0.0299 | Alpha_L1: 0.0444 | Render_LPIPS: 0.1841 | cos(c,null): +0.4530 | GradNorm: 0.0892 | MSE/t: [0.00-0.50]0.537(n=1559) [0.50-0.85]0.425(n=1516) [0.85-0.95]0.340(n=118) [0.95-1.00]0.330(n=7)
2026-04-27 08:26:04,301 - INFO - [cond] cfg_signal=0.0533 (min=0.0311 max=0.0868, n=16) | class_signal=0.0702 (min=0.0355 max=0.0933, n=16) | pred_rms=0.6051
2026-04-27 08:26:12,881 - INFO - [validation] saved: output/jit_JiT-B_8_kmeans_k103_v2/dit_validation/epoch_009_step_0076000_class099.png (class=99, sampler=heun, steps=100)
2026-04-27 08:26:14,268 - INFO - [overrides] applied from jit/configs/overrides.yaml: lr_scale=1.0 max_grad_norm=5.0 null_repel_weight=0.0 P_mean=0.0
2026-04-27 08:26:14,317 - INFO - [render-loss] step=76000 masked 5/16 samples (t_value < 0.40)
2026-04-27 08:28:06,149 - INFO - Step   76200 | Epoch   9 | MSE: 0.4635 | Steps/sec: 1.64 | LR: 1.91e-04 | Render_L1: 0.0294 | Alpha_L1: 0.0435 | Render_LPIPS: 0.1833 | cos(c,null): +0.4558 | GradNorm: 0.0811 | MSE/t: [0.00-0.50]0.530(n=1585) [0.50-0.85]0.402(n=1479) [0.85-0.95]0.354(n=130) [0.95-1.00]0.323(n=6)
2026-04-27 08:28:06,624 - INFO - [cond] cfg_signal=0.0571 (min=0.0332 max=0.0995, n=16) | class_signal=0.0766 (min=0.0357 max=0.1017, n=16) | pred_rms=0.6156
2026-04-27 08:28:06,680 - INFO - [render-loss] step=76200 masked 3/16 samples (t_value < 0.40)
2026-04-27 08:29:58,491 - INFO - Step   76400 | Epoch   9 | MSE: 0.4666 | Steps/sec: 1.79 | LR: 1.91e-04 | Render_L1: 0.0288 | Alpha_L1: 0.0430 | Render_LPIPS: 0.1807 | cos(c,null): +0.4578 | GradNorm: 0.0850 | MSE/t: [0.00-0.50]0.533(n=1589) [0.50-0.85]0.407(n=1486) [0.85-0.95]0.331(n=119) [0.95-1.00]0.346(n=6)
2026-04-27 08:29:58,964 - INFO - [cond] cfg_signal=0.0582 (min=0.0334 max=0.0950, n=16) | class_signal=0.0769 (min=0.0377 max=0.0992, n=16) | pred_rms=0.6153
2026-04-27 08:29:59,020 - INFO - [render-loss] step=76400 masked 6/16 samples (t_value < 0.40)
2026-04-27 08:31:51,012 - INFO - Step   76600 | Epoch   9 | MSE: 0.4561 | Steps/sec: 1.78 | LR: 1.91e-04 | Render_L1: 0.0289 | Alpha_L1: 0.0430 | Render_LPIPS: 0.1809 | cos(c,null): +0.4581 | GradNorm: 0.0796 | MSE/t: [0.00-0.50]0.515(n=1623) [0.50-0.85]0.397(n=1450) [0.85-0.95]0.371(n=125) [0.95-1.00]0.646(n=2)
2026-04-27 08:31:51,506 - INFO - [cond] cfg_signal=0.0571 (min=0.0362 max=0.0983, n=16) | class_signal=0.0750 (min=0.0394 max=0.1011, n=16) | pred_rms=0.5809
2026-04-27 08:31:51,564 - INFO - [render-loss] step=76600 masked 6/16 samples (t_value < 0.40)
2026-04-27 08:33:43,597 - INFO - Step   76800 | Epoch   9 | MSE: 0.4742 | Steps/sec: 1.78 | LR: 1.91e-04 | Render_L1: 0.0304 | Alpha_L1: 0.0446 | Render_LPIPS: 0.1854 | cos(c,null): +0.4593 | GradNorm: 0.0989 | MSE/t: [0.00-0.50]0.532(n=1599) [0.50-0.85]0.422(n=1457) [0.85-0.95]0.368(n=134) [0.95-1.00]0.279(n=10)
2026-04-27 08:33:44,063 - INFO - [cond] cfg_signal=0.0602 (min=0.0390 max=0.1013, n=16) | class_signal=0.0779 (min=0.0425 max=0.1089, n=16) | pred_rms=0.5911
2026-04-27 08:33:44,119 - INFO - [render-loss] step=76800 masked 5/16 samples (t_value < 0.40)
2026-04-27 08:35:36,773 - INFO - Step   77000 | Epoch   9 | MSE: 0.4644 | Steps/sec: 1.77 | LR: 1.91e-04 | Render_L1: 0.0290 | Alpha_L1: 0.0433 | Render_LPIPS: 0.1809 | cos(c,null): +0.4620 | GradNorm: 0.0872 | MSE/t: [0.00-0.50]0.533(n=1611) [0.50-0.85]0.401(n=1468) [0.85-0.95]0.319(n=118) [0.95-1.00]0.259(n=3)
2026-04-27 08:35:37,270 - INFO - [cond] cfg_signal=0.0621 (min=0.0411 max=0.0991, n=16) | class_signal=0.0825 (min=0.0425 max=0.1203, n=16) | pred_rms=0.6124
2026-04-27 08:35:45,804 - INFO - [validation] saved: output/jit_JiT-B_8_kmeans_k103_v2/dit_validation/epoch_009_step_0077000_class063.png (class=63, sampler=heun, steps=100)
2026-04-27 08:35:47,053 - INFO - [overrides] applied from jit/configs/overrides.yaml: lr_scale=1.0 max_grad_norm=5.0 null_repel_weight=0.0 P_mean=0.0
2026-04-27 08:35:47,102 - INFO - [render-loss] step=77000 masked 6/16 samples (t_value < 0.40)
2026-04-27 08:37:39,450 - INFO - Step   77200 | Epoch   9 | MSE: 0.4705 | Steps/sec: 1.64 | LR: 1.91e-04 | Render_L1: 0.0287 | Alpha_L1: 0.0425 | Render_LPIPS: 0.1799 | cos(c,null): +0.4642 | GradNorm: 0.0877 | MSE/t: [0.00-0.50]0.534(n=1670) [0.50-0.85]0.405(n=1402) [0.85-0.95]0.370(n=118) [0.95-1.00]0.280(n=10)
2026-04-27 08:37:39,950 - INFO - [cond] cfg_signal=0.0564 (min=0.0398 max=0.0877, n=16) | class_signal=0.0751 (min=0.0421 max=0.1021, n=16) | pred_rms=0.6051
2026-04-27 08:37:40,009 - INFO - [render-loss] step=77200 masked 5/16 samples (t_value < 0.40)
2026-04-27 08:39:31,811 - INFO - Step   77400 | Epoch   9 | MSE: 0.4668 | Steps/sec: 1.79 | LR: 1.91e-04 | Render_L1: 0.0289 | Alpha_L1: 0.0419 | Render_LPIPS: 0.1824 | cos(c,null): +0.4672 | GradNorm: 0.0895 | MSE/t: [0.00-0.50]0.540(n=1558) [0.50-0.85]0.402(n=1506) [0.85-0.95]0.346(n=130) [0.95-1.00]0.256(n=6)
2026-04-27 08:39:32,280 - INFO - [cond] cfg_signal=0.0608 (min=0.0437 max=0.0947, n=16) | class_signal=0.0786 (min=0.0418 max=0.1101, n=16) | pred_rms=0.6232
2026-04-27 08:39:32,334 - INFO - [render-loss] step=77400 masked 6/16 samples (t_value < 0.40)
2026-04-27 08:41:24,582 - INFO - Step   77600 | Epoch   9 | MSE: 0.4597 | Steps/sec: 1.78 | LR: 1.91e-04 | Render_L1: 0.0283 | Alpha_L1: 0.0411 | Render_LPIPS: 0.1785 | cos(c,null): +0.4655 | GradNorm: 0.0827 | MSE/t: [0.00-0.50]0.532(n=1594) [0.50-0.85]0.391(n=1482) [0.85-0.95]0.351(n=120) [0.95-1.00]0.307(n=4)
2026-04-27 08:41:25,059 - INFO - [cond] cfg_signal=0.0593 (min=0.0415 max=0.0985, n=16) | class_signal=0.0784 (min=0.0478 max=0.1200, n=16) | pred_rms=0.6011
2026-04-27 08:41:25,115 - INFO - [render-loss] step=77600 masked 4/16 samples (t_value < 0.40)
2026-04-27 08:43:17,117 - INFO - Step   77800 | Epoch   9 | MSE: 0.4677 | Steps/sec: 1.78 | LR: 1.91e-04 | Render_L1: 0.0295 | Alpha_L1: 0.0433 | Render_LPIPS: 0.1834 | cos(c,null): +0.4664 | GradNorm: 0.0861 | MSE/t: [0.00-0.50]0.539(n=1588) [0.50-0.85]0.401(n=1490) [0.85-0.95]0.353(n=120) [0.95-1.00]0.453(n=2)
2026-04-27 08:43:17,598 - INFO - [cond] cfg_signal=0.0589 (min=0.0445 max=0.0993, n=16) | class_signal=0.0759 (min=0.0441 max=0.1174, n=16) | pred_rms=0.6099
2026-04-27 08:43:17,655 - INFO - [render-loss] step=77800 masked 8/16 samples (t_value < 0.40)
2026-04-27 08:45:09,688 - INFO - Step   78000 | Epoch   9 | MSE: 0.4573 | Steps/sec: 1.78 | LR: 1.91e-04 | Render_L1: 0.0276 | Alpha_L1: 0.0412 | Render_LPIPS: 0.1774 | cos(c,null): +0.4683 | GradNorm: 0.0816 | MSE/t: [0.00-0.50]0.528(n=1545) [0.50-0.85]0.396(n=1537) [0.85-0.95]0.332(n=114) [0.95-1.00]0.251(n=4)
2026-04-27 08:45:10,166 - INFO - [cond] cfg_signal=0.0611 (min=0.0459 max=0.1002, n=16) | class_signal=0.0758 (min=0.0433 max=0.1112, n=16) | pred_rms=0.6167
2026-04-27 08:45:18,519 - INFO - [validation] saved: output/jit_JiT-B_8_kmeans_k103_v2/dit_validation/epoch_009_step_0078000_class008.png (class=8, sampler=heun, steps=100)
2026-04-27 08:45:19,719 - INFO - [overrides] applied from jit/configs/overrides.yaml: lr_scale=1.0 max_grad_norm=5.0 null_repel_weight=0.0 P_mean=0.0
2026-04-27 08:45:19,770 - INFO - [render-loss] step=78000 masked 5/16 samples (t_value < 0.40)
2026-04-27 08:47:11,567 - INFO - Step   78200 | Epoch   9 | MSE: 0.4672 | Steps/sec: 1.65 | LR: 1.91e-04 | Render_L1: 0.0293 | Alpha_L1: 0.0436 | Render_LPIPS: 0.1820 | cos(c,null): +0.4687 | GradNorm: 0.1015 | MSE/t: [0.00-0.50]0.534(n=1624) [0.50-0.85]0.405(n=1431) [0.85-0.95]0.329(n=141) [0.95-1.00]0.533(n=4)
2026-04-27 08:47:12,046 - INFO - [cond] cfg_signal=0.0587 (min=0.0438 max=0.1045, n=16) | class_signal=0.0747 (min=0.0465 max=0.1168, n=16) | pred_rms=0.6136
2026-04-27 08:47:12,101 - INFO - [render-loss] step=78200 masked 8/16 samples (t_value < 0.40)
2026-04-27 08:49:04,109 - INFO - Step   78400 | Epoch   9 | MSE: 0.4586 | Steps/sec: 1.78 | LR: 1.91e-04 | Render_L1: 0.0282 | Alpha_L1: 0.0411 | Render_LPIPS: 0.1774 | cos(c,null): +0.4694 | GradNorm: 0.0914 | MSE/t: [0.00-0.50]0.519(n=1627) [0.50-0.85]0.401(n=1457) [0.85-0.95]0.328(n=114) [0.95-1.00]0.656(n=2)
2026-04-27 08:49:04,594 - INFO - [cond] cfg_signal=0.0591 (min=0.0440 max=0.1019, n=16) | class_signal=0.0768 (min=0.0421 max=0.1288, n=16) | pred_rms=0.5777
2026-04-27 08:49:04,651 - INFO - [render-loss] step=78400 masked 8/16 samples (t_value < 0.40)
2026-04-27 08:50:56,510 - INFO - Step   78600 | Epoch   9 | MSE: 0.4651 | Steps/sec: 1.79 | LR: 1.91e-04 | Render_L1: 0.0291 | Alpha_L1: 0.0429 | Render_LPIPS: 0.1820 | cos(c,null): +0.4729 | GradNorm: 0.0879 | MSE/t: [0.00-0.50]0.533(n=1574) [0.50-0.85]0.403(n=1488) [0.85-0.95]0.363(n=133) [0.95-1.00]0.297(n=5)
2026-04-27 08:50:56,976 - INFO - [cond] cfg_signal=0.0576 (min=0.0450 max=0.0922, n=16) | class_signal=0.0759 (min=0.0456 max=0.1167, n=16) | pred_rms=0.6199
2026-04-27 08:50:57,031 - INFO - [render-loss] step=78600 masked 4/16 samples (t_value < 0.40)
2026-04-27 08:52:48,686 - INFO - Step   78800 | Epoch   9 | MSE: 0.4718 | Steps/sec: 1.79 | LR: 1.91e-04 | Render_L1: 0.0286 | Alpha_L1: 0.0418 | Render_LPIPS: 0.1824 | cos(c,null): +0.4729 | GradNorm: 0.0928 | MSE/t: [0.00-0.50]0.532(n=1598) [0.50-0.85]0.416(n=1487) [0.85-0.95]0.349(n=112) [0.95-1.00]0.231(n=3)
2026-04-27 08:52:49,160 - INFO - [cond] cfg_signal=0.0599 (min=0.0404 max=0.0924, n=16) | class_signal=0.0817 (min=0.0417 max=0.1267, n=16) | pred_rms=0.6202
2026-04-27 08:52:49,216 - INFO - [render-loss] step=78800 masked 5/16 samples (t_value < 0.40)
2026-04-27 08:54:41,095 - INFO - Step   79000 | Epoch   9 | MSE: 0.4672 | Steps/sec: 1.79 | LR: 1.91e-04 | Render_L1: 0.0285 | Alpha_L1: 0.0423 | Render_LPIPS: 0.1808 | cos(c,null): +0.4714 | GradNorm: 0.0889 | MSE/t: [0.00-0.50]0.530(n=1611) [0.50-0.85]0.405(n=1445) [0.85-0.95]0.395(n=140) [0.95-1.00]0.292(n=4)
2026-04-27 08:54:41,630 - INFO - [cond] cfg_signal=0.0574 (min=0.0454 max=0.0915, n=16) | class_signal=0.0766 (min=0.0451 max=0.1093, n=16) | pred_rms=0.6337
2026-04-27 08:54:49,937 - INFO - [validation] saved: output/jit_JiT-B_8_kmeans_k103_v2/dit_validation/epoch_009_step_0079000_class056.png (class=56, sampler=heun, steps=100)
2026-04-27 08:54:51,169 - INFO - [overrides] applied from jit/configs/overrides.yaml: lr_scale=1.0 max_grad_norm=5.0 null_repel_weight=0.0 P_mean=0.0
2026-04-27 08:54:51,220 - INFO - [render-loss] step=79000 masked 7/16 samples (t_value < 0.40)
2026-04-27 08:56:43,141 - INFO - Step   79200 | Epoch   9 | MSE: 0.4692 | Steps/sec: 1.65 | LR: 1.91e-04 | Render_L1: 0.0276 | Alpha_L1: 0.0413 | Render_LPIPS: 0.1786 | cos(c,null): +0.4724 | GradNorm: 0.0900 | MSE/t: [0.00-0.50]0.538(n=1660) [0.50-0.85]0.396(n=1437) [0.85-0.95]0.385(n=100) [0.95-1.00]0.508(n=3)
2026-04-27 08:56:43,617 - INFO - [cond] cfg_signal=0.0573 (min=0.0415 max=0.0930, n=16) | class_signal=0.0761 (min=0.0466 max=0.1153, n=16) | pred_rms=0.6255
2026-04-27 08:56:43,673 - INFO - [render-loss] step=79200 masked 4/16 samples (t_value < 0.40)
2026-04-27 08:58:35,806 - INFO - Step   79400 | Epoch   9 | MSE: 0.4639 | Steps/sec: 1.78 | LR: 1.91e-04 | Render_L1: 0.0287 | Alpha_L1: 0.0423 | Render_LPIPS: 0.1800 | cos(c,null): +0.4683 | GradNorm: 0.0932 | MSE/t: [0.00-0.50]0.532(n=1577) [0.50-0.85]0.401(n=1486) [0.85-0.95]0.371(n=133) [0.95-1.00]0.354(n=4)
2026-04-27 08:58:36,283 - INFO - [cond] cfg_signal=0.0554 (min=0.0397 max=0.0903, n=16) | class_signal=0.0725 (min=0.0439 max=0.1039, n=16) | pred_rms=0.6264
2026-04-27 08:58:36,340 - INFO - [render-loss] step=79400 masked 6/16 samples (t_value < 0.40)
2026-04-27 09:00:27,985 - INFO - Step   79600 | Epoch   9 | MSE: 0.4686 | Steps/sec: 1.79 | LR: 1.91e-04 | Render_L1: 0.0293 | Alpha_L1: 0.0424 | Render_LPIPS: 0.1834 | cos(c,null): +0.4683 | GradNorm: 0.9818 | MSE/t: [0.00-0.50]0.535(n=1601) [0.50-0.85]0.407(n=1483) [0.85-0.95]0.319(n=109) [0.95-1.00]0.504(n=7)
2026-04-27 09:00:28,456 - INFO - [cond] cfg_signal=0.0595 (min=0.0454 max=0.0957, n=16) | class_signal=0.0771 (min=0.0458 max=0.1116, n=16) | pred_rms=0.6292
2026-04-27 09:00:28,511 - INFO - [render-loss] step=79600 masked 5/16 samples (t_value < 0.40)
2026-04-27 09:02:20,780 - INFO - Step   79800 | Epoch   9 | MSE: 0.4745 | Steps/sec: 1.78 | LR: 1.91e-04 | Render_L1: 0.0292 | Alpha_L1: 0.0434 | Render_LPIPS: 0.1824 | cos(c,null): +0.4606 | GradNorm: 0.3477 | MSE/t: [0.00-0.50]0.539(n=1614) [0.50-0.85]0.414(n=1447) [0.85-0.95]0.361(n=138) [0.95-1.00]0.315(n=1)
2026-04-27 09:02:21,268 - INFO - [cond] cfg_signal=0.0584 (min=0.0404 max=0.0892, n=16) | class_signal=0.0733 (min=0.0436 max=0.1008, n=16) | pred_rms=0.6163
2026-04-27 09:02:21,324 - INFO - [render-loss] step=79800 masked 8/16 samples (t_value < 0.40)
2026-04-27 09:04:13,227 - INFO - Step   80000 | Epoch   9 | MSE: 0.4617 | Steps/sec: 1.79 | LR: 1.91e-04 | Render_L1: 0.0285 | Alpha_L1: 0.0417 | Render_LPIPS: 0.1809 | cos(c,null): +0.4599 | GradNorm: 0.0898 | MSE/t: [0.00-0.50]0.526(n=1601) [0.50-0.85]0.402(n=1490) [0.85-0.95]0.333(n=108) [0.95-1.00]0.373(n=1)
2026-04-27 09:04:13,736 - INFO - [cond] cfg_signal=0.0580 (min=0.0419 max=0.0960, n=16) | class_signal=0.0718 (min=0.0378 max=0.1013, n=16) | pred_rms=0.6214
2026-04-27 09:04:15,825 - INFO - Saved checkpoint to output/jit_JiT-B_8_kmeans_k103_v2/0080000.pt
2026-04-27 09:04:16,275 - INFO - [cond] cfg_signal=0.0580 (min=0.0419 max=0.0960, n=16) | class_signal=0.0718 (min=0.0378 max=0.1013, n=16) | pred_rms=0.6214
2026-04-27 09:04:24,516 - INFO - [validation] saved: output/jit_JiT-B_8_kmeans_k103_v2/dit_validation/epoch_009_step_0080000_class050.png (class=50, sampler=heun, steps=100)
2026-04-27 09:04:25,902 - INFO - [overrides] applied from jit/configs/overrides.yaml: lr_scale=1.0 max_grad_norm=5.0 null_repel_weight=0.0 P_mean=0.0
2026-04-27 09:04:25,951 - INFO - [render-loss] step=80000 masked 11/16 samples (t_value < 0.40)
2026-04-27 09:06:18,184 - INFO - Step   80200 | Epoch   9 | MSE: 0.4615 | Steps/sec: 1.61 | LR: 1.91e-04 | Render_L1: 0.0285 | Alpha_L1: 0.0422 | Render_LPIPS: 0.1779 | cos(c,null): +0.4592 | GradNorm: 0.0957 | MSE/t: [0.00-0.50]0.527(n=1643) [0.50-0.85]0.397(n=1423) [0.85-0.95]0.340(n=127) [0.95-1.00]0.450(n=7)
2026-04-27 09:06:18,657 - INFO - [cond] cfg_signal=0.0573 (min=0.0384 max=0.0903, n=16) | class_signal=0.0714 (min=0.0375 max=0.0945, n=16) | pred_rms=0.6070
2026-04-27 09:06:18,712 - INFO - [render-loss] step=80200 masked 5/16 samples (t_value < 0.40)
2026-04-27 09:08:10,789 - INFO - Step   80400 | Epoch   9 | MSE: 0.4660 | Steps/sec: 1.78 | LR: 1.90e-04 | Render_L1: 0.0295 | Alpha_L1: 0.0427 | Render_LPIPS: 0.1833 | cos(c,null): +0.4583 | GradNorm: 0.0987 | MSE/t: [0.00-0.50]0.526(n=1582) [0.50-0.85]0.411(n=1491) [0.85-0.95]0.365(n=125) [0.95-1.00]0.230(n=2)
2026-04-27 09:08:11,291 - INFO - [cond] cfg_signal=0.0580 (min=0.0429 max=0.0934, n=16) | class_signal=0.0713 (min=0.0376 max=0.1004, n=16) | pred_rms=0.6114
2026-04-27 09:08:11,353 - INFO - [render-loss] step=80400 masked 6/16 samples (t_value < 0.40)
2026-04-27 09:10:03,168 - INFO - Step   80600 | Epoch   9 | MSE: 0.4667 | Steps/sec: 1.79 | LR: 1.90e-04 | Render_L1: 0.0290 | Alpha_L1: 0.0430 | Render_LPIPS: 0.1818 | cos(c,null): +0.4610 | GradNorm: 0.1228 | MSE/t: [0.00-0.50]0.518(n=1600) [0.50-0.85]0.422(n=1467) [0.85-0.95]0.330(n=125) [0.95-1.00]0.443(n=8)
2026-04-27 09:10:03,639 - INFO - [cond] cfg_signal=0.0635 (min=0.0449 max=0.1124, n=16) | class_signal=0.0788 (min=0.0379 max=0.1237, n=16) | pred_rms=0.6202
2026-04-27 09:10:03,869 - INFO - [render-loss] step=80600 masked 3/16 samples (t_value < 0.40)
2026-04-27 09:11:55,499 - INFO - Step   80800 | Epoch   9 | MSE: 0.4667 | Steps/sec: 1.79 | LR: 1.90e-04 | Render_L1: 0.0286 | Alpha_L1: 0.0422 | Render_LPIPS: 0.1807 | cos(c,null): +0.4660 | GradNorm: 0.0914 | MSE/t: [0.00-0.50]0.532(n=1567) [0.50-0.85]0.407(n=1499) [0.85-0.95]0.374(n=127) [0.95-1.00]0.355(n=7)
2026-04-27 09:11:55,966 - INFO - [cond] cfg_signal=0.0574 (min=0.0411 max=0.0993, n=16) | class_signal=0.0731 (min=0.0369 max=0.1159, n=16) | pred_rms=0.6101
2026-04-27 09:11:56,026 - INFO - [render-loss] step=80800 masked 6/16 samples (t_value < 0.40)
2026-04-27 09:13:47,997 - INFO - Step   81000 | Epoch   9 | MSE: 0.4639 | Steps/sec: 1.79 | LR: 1.90e-04 | Render_L1: 0.0282 | Alpha_L1: 0.0413 | Render_LPIPS: 0.1795 | cos(c,null): +0.4686 | GradNorm: 0.0914 | MSE/t: [0.00-0.50]0.534(n=1639) [0.50-0.85]0.394(n=1424) [0.85-0.95]0.361(n=131) [0.95-1.00]0.240(n=6)
2026-04-27 09:13:48,473 - INFO - [cond] cfg_signal=0.0562 (min=0.0373 max=0.1005, n=16) | class_signal=0.0723 (min=0.0370 max=0.1227, n=16) | pred_rms=0.6191
2026-04-27 09:13:56,905 - INFO - [validation] saved: output/jit_JiT-B_8_kmeans_k103_v2/dit_validation/epoch_009_step_0081000_class019.png (class=19, sampler=heun, steps=100)
2026-04-27 09:13:58,303 - INFO - [overrides] applied from jit/configs/overrides.yaml: lr_scale=1.0 max_grad_norm=5.0 null_repel_weight=0.0 P_mean=0.0
2026-04-27 09:13:58,351 - INFO - [render-loss] step=81000 masked 6/16 samples (t_value < 0.40)
2026-04-27 09:15:50,698 - INFO - Step   81200 | Epoch   9 | MSE: 0.4595 | Steps/sec: 1.64 | LR: 1.90e-04 | Render_L1: 0.0277 | Alpha_L1: 0.0405 | Render_LPIPS: 0.1778 | cos(c,null): +0.4702 | GradNorm: 0.0895 | MSE/t: [0.00-0.50]0.521(n=1578) [0.50-0.85]0.404(n=1507) [0.85-0.95]0.336(n=111) [0.95-1.00]0.288(n=4)
2026-04-27 09:15:51,159 - INFO - [cond] cfg_signal=0.0578 (min=0.0400 max=0.0976, n=16) | class_signal=0.0765 (min=0.0422 max=0.1257, n=16) | pred_rms=0.6181
2026-04-27 09:15:51,216 - INFO - [render-loss] step=81200 masked 7/16 samples (t_value < 0.40)
2026-04-27 09:17:43,161 - INFO - Step   81400 | Epoch   9 | MSE: 0.4579 | Steps/sec: 1.79 | LR: 1.90e-04 | Render_L1: 0.0280 | Alpha_L1: 0.0409 | Render_LPIPS: 0.1772 | cos(c,null): +0.4713 | GradNorm: 0.0877 | MSE/t: [0.00-0.50]0.517(n=1604) [0.50-0.85]0.402(n=1465) [0.85-0.95]0.365(n=122) [0.95-1.00]0.265(n=9)
2026-04-27 09:17:43,630 - INFO - [cond] cfg_signal=0.0571 (min=0.0395 max=0.0990, n=16) | class_signal=0.0733 (min=0.0386 max=0.1067, n=16) | pred_rms=0.5968
2026-04-27 09:17:43,684 - INFO - [render-loss] step=81400 masked 6/16 samples (t_value < 0.40)
2026-04-27 09:19:36,057 - INFO - Step   81600 | Epoch   9 | MSE: 0.4721 | Steps/sec: 1.78 | LR: 1.90e-04 | Render_L1: 0.0287 | Alpha_L1: 0.0412 | Render_LPIPS: 0.1796 | cos(c,null): +0.4714 | GradNorm: 0.0935 | MSE/t: [0.00-0.50]0.545(n=1608) [0.50-0.85]0.404(n=1452) [0.85-0.95]0.344(n=136) [0.95-1.00]0.249(n=4)
2026-04-27 09:19:36,544 - INFO - [cond] cfg_signal=0.0580 (min=0.0416 max=0.1044, n=16) | class_signal=0.0741 (min=0.0385 max=0.1162, n=16) | pred_rms=0.6205
2026-04-27 09:19:36,602 - INFO - [render-loss] step=81600 masked 6/16 samples (t_value < 0.40)
2026-04-27 09:21:28,309 - INFO - Step   81800 | Epoch   9 | MSE: 0.4725 | Steps/sec: 1.79 | LR: 1.90e-04 | Render_L1: 0.0290 | Alpha_L1: 0.0421 | Render_LPIPS: 0.1815 | cos(c,null): +0.4722 | GradNorm: 0.0906 | MSE/t: [0.00-0.50]0.542(n=1615) [0.50-0.85]0.403(n=1436) [0.85-0.95]0.392(n=143) [0.95-1.00]0.332(n=6)
2026-04-27 09:21:28,796 - INFO - [cond] cfg_signal=0.0566 (min=0.0359 max=0.1019, n=16) | class_signal=0.0740 (min=0.0389 max=0.1123, n=16) | pred_rms=0.6045
2026-04-27 09:21:28,854 - INFO - [render-loss] step=81800 masked 7/16 samples (t_value < 0.40)
2026-04-27 09:23:20,981 - INFO - Step   82000 | Epoch   9 | MSE: 0.4687 | Steps/sec: 1.78 | LR: 1.90e-04 | Render_L1: 0.0284 | Alpha_L1: 0.0411 | Render_LPIPS: 0.1787 | cos(c,null): +0.4722 | GradNorm: 0.0928 | MSE/t: [0.00-0.50]0.538(n=1592) [0.50-0.85]0.404(n=1492) [0.85-0.95]0.348(n=114) [0.95-1.00]0.827(n=2)
2026-04-27 09:23:21,451 - INFO - [cond] cfg_signal=0.0561 (min=0.0378 max=0.0939, n=16) | class_signal=0.0702 (min=0.0406 max=0.1082, n=16) | pred_rms=0.6078
2026-04-27 09:23:29,701 - INFO - [validation] saved: output/jit_JiT-B_8_kmeans_k103_v2/dit_validation/epoch_009_step_0082000_class023.png (class=23, sampler=heun, steps=100)
2026-04-27 09:23:30,938 - INFO - [overrides] applied from jit/configs/overrides.yaml: lr_scale=1.0 max_grad_norm=5.0 null_repel_weight=0.0 P_mean=0.0
2026-04-27 09:23:30,988 - INFO - [render-loss] step=82000 masked 8/16 samples (t_value < 0.40)
2026-04-27 09:25:23,159 - INFO - Step   82200 | Epoch   9 | MSE: 0.4688 | Steps/sec: 1.64 | LR: 1.90e-04 | Render_L1: 0.0275 | Alpha_L1: 0.0407 | Render_LPIPS: 0.1767 | cos(c,null): +0.4688 | GradNorm: 0.0906 | MSE/t: [0.00-0.50]0.540(n=1597) [0.50-0.85]0.401(n=1473) [0.85-0.95]0.354(n=127) [0.95-1.00]0.223(n=3)
2026-04-27 09:25:23,643 - INFO - [cond] cfg_signal=0.0550 (min=0.0417 max=0.0941, n=16) | class_signal=0.0693 (min=0.0368 max=0.1052, n=16) | pred_rms=0.6013
2026-04-27 09:25:23,716 - INFO - [render-loss] step=82200 masked 3/16 samples (t_value < 0.40)
2026-04-27 09:27:15,511 - INFO - Step   82400 | Epoch   9 | MSE: 0.4659 | Steps/sec: 1.79 | LR: 1.90e-04 | Render_L1: 0.0289 | Alpha_L1: 0.0413 | Render_LPIPS: 0.1799 | cos(c,null): +0.4713 | GradNorm: 0.0932 | MSE/t: [0.00-0.50]0.524(n=1640) [0.50-0.85]0.409(n=1427) [0.85-0.95]0.355(n=131) [0.95-1.00]0.273(n=2)
2026-04-27 09:27:15,983 - INFO - [cond] cfg_signal=0.0567 (min=0.0415 max=0.0992, n=16) | class_signal=0.0709 (min=0.0378 max=0.1175, n=16) | pred_rms=0.5917
2026-04-27 09:27:16,039 - INFO - [render-loss] step=82400 masked 4/16 samples (t_value < 0.40)
2026-04-27 09:29:07,725 - INFO - Step   82600 | Epoch   9 | MSE: 0.4581 | Steps/sec: 1.79 | LR: 1.90e-04 | Render_L1: 0.0281 | Alpha_L1: 0.0404 | Render_LPIPS: 0.1777 | cos(c,null): +0.4717 | GradNorm: 0.0873 | MSE/t: [0.00-0.50]0.523(n=1594) [0.50-0.85]0.393(n=1466) [0.85-0.95]0.390(n=136) [0.95-1.00]0.411(n=4)
2026-04-27 09:29:08,191 - INFO - [cond] cfg_signal=0.0569 (min=0.0402 max=0.1031, n=16) | class_signal=0.0734 (min=0.0375 max=0.1190, n=16) | pred_rms=0.6027
2026-04-27 09:29:08,246 - INFO - [render-loss] step=82600 masked 5/16 samples (t_value < 0.40)
2026-04-27 09:31:00,466 - INFO - Step   82800 | Epoch   9 | MSE: 0.4739 | Steps/sec: 1.78 | LR: 1.90e-04 | Render_L1: 0.0294 | Alpha_L1: 0.0426 | Render_LPIPS: 0.1815 | cos(c,null): +0.4738 | GradNorm: 0.0901 | MSE/t: [0.00-0.50]0.550(n=1564) [0.50-0.85]0.404(n=1516) [0.85-0.95]0.363(n=114) [0.95-1.00]0.332(n=6)
2026-04-27 09:31:00,940 - INFO - [cond] cfg_signal=0.0567 (min=0.0415 max=0.0897, n=16) | class_signal=0.0721 (min=0.0326 max=0.1105, n=16) | pred_rms=0.6095
2026-04-27 09:31:00,996 - INFO - [render-loss] step=82800 masked 5/16 samples (t_value < 0.40)
2026-04-27 09:32:53,114 - INFO - Step   83000 | Epoch   9 | MSE: 0.4697 | Steps/sec: 1.78 | LR: 1.90e-04 | Render_L1: 0.0275 | Alpha_L1: 0.0402 | Render_LPIPS: 0.1761 | cos(c,null): +0.4734 | GradNorm: 0.0868 | MSE/t: [0.00-0.50]0.532(n=1660) [0.50-0.85]0.407(n=1409) [0.85-0.95]0.349(n=125) [0.95-1.00]0.405(n=6)
2026-04-27 09:32:53,576 - INFO - [cond] cfg_signal=0.0602 (min=0.0438 max=0.0970, n=16) | class_signal=0.0744 (min=0.0378 max=0.1185, n=16) | pred_rms=0.5968
2026-04-27 09:33:01,718 - INFO - [validation] saved: output/jit_JiT-B_8_kmeans_k103_v2/dit_validation/epoch_009_step_0083000_class007.png (class=7, sampler=heun, steps=100)
2026-04-27 09:33:02,944 - INFO - [overrides] applied from jit/configs/overrides.yaml: lr_scale=1.0 max_grad_norm=5.0 null_repel_weight=0.0 P_mean=0.0
2026-04-27 09:33:02,994 - INFO - [render-loss] step=83000 masked 5/16 samples (t_value < 0.40)
2026-04-27 09:34:54,754 - INFO - Step   83200 | Epoch   9 | MSE: 0.4615 | Steps/sec: 1.65 | LR: 1.90e-04 | Render_L1: 0.0281 | Alpha_L1: 0.0404 | Render_LPIPS: 0.1790 | cos(c,null): +0.4762 | GradNorm: 0.0888 | MSE/t: [0.00-0.50]0.529(n=1581) [0.50-0.85]0.401(n=1493) [0.85-0.95]0.337(n=118) [0.95-1.00]0.216(n=8)
2026-04-27 09:34:55,222 - INFO - [cond] cfg_signal=0.0589 (min=0.0421 max=0.0941, n=16) | class_signal=0.0768 (min=0.0371 max=0.1184, n=16) | pred_rms=0.6278
2026-04-27 09:34:55,277 - INFO - [render-loss] step=83200 masked 3/16 samples (t_value < 0.40)
2026-04-27 09:36:47,315 - INFO - Step   83400 | Epoch   9 | MSE: 0.4645 | Steps/sec: 1.78 | LR: 1.90e-04 | Render_L1: 0.0283 | Alpha_L1: 0.0414 | Render_LPIPS: 0.1806 | cos(c,null): +0.4794 | GradNorm: 0.0956 | MSE/t: [0.00-0.50]0.526(n=1635) [0.50-0.85]0.405(n=1427) [0.85-0.95]0.352(n=130) [0.95-1.00]0.357(n=8)
2026-04-27 09:36:47,779 - INFO - [cond] cfg_signal=0.0581 (min=0.0399 max=0.0916, n=16) | class_signal=0.0779 (min=0.0393 max=0.1166, n=16) | pred_rms=0.6141
2026-04-27 09:36:47,836 - INFO - [render-loss] step=83400 masked 6/16 samples (t_value < 0.40)
2026-04-27 09:38:40,982 - INFO - Step   83600 | Epoch  10 | MSE: 0.4713 | Steps/sec: 1.77 | LR: 1.90e-04 | Render_L1: 0.0284 | Alpha_L1: 0.0410 | Render_LPIPS: 0.1777 | cos(c,null): +0.4834 | GradNorm: 0.0920 | MSE/t: [0.00-0.50]0.538(n=1624) [0.50-0.85]0.404(n=1453) [0.85-0.95]0.385(n=118) [0.95-1.00]0.265(n=5)
2026-04-27 09:38:41,540 - INFO - [cond] cfg_signal=0.0567 (min=0.0362 max=0.0953, n=16) | class_signal=0.0753 (min=0.0401 max=0.1283, n=16) | pred_rms=0.6096
2026-04-27 09:38:41,598 - INFO - [render-loss] step=83600 masked 8/16 samples (t_value < 0.40)
2026-04-27 09:40:33,535 - INFO - Step   83800 | Epoch  10 | MSE: 0.4601 | Steps/sec: 1.79 | LR: 1.90e-04 | Render_L1: 0.0274 | Alpha_L1: 0.0403 | Render_LPIPS: 0.1769 | cos(c,null): +0.4815 | GradNorm: 0.0908 | MSE/t: [0.00-0.50]0.519(n=1614) [0.50-0.85]0.404(n=1471) [0.85-0.95]0.346(n=112) [0.95-1.00]0.219(n=3)
2026-04-27 09:40:34,019 - INFO - [cond] cfg_signal=0.0570 (min=0.0359 max=0.1001, n=16) | class_signal=0.0759 (min=0.0420 max=0.1323, n=16) | pred_rms=0.6006
2026-04-27 09:40:34,076 - INFO - [render-loss] step=83800 masked 6/16 samples (t_value < 0.40)
2026-04-27 09:42:26,026 - INFO - Step   84000 | Epoch  10 | MSE: 0.4661 | Steps/sec: 1.79 | LR: 1.90e-04 | Render_L1: 0.0279 | Alpha_L1: 0.0410 | Render_LPIPS: 0.1783 | cos(c,null): +0.4824 | GradNorm: 0.0891 | MSE/t: [0.00-0.50]0.537(n=1563) [0.50-0.85]0.399(n=1482) [0.85-0.95]0.402(n=148) [0.95-1.00]0.300(n=7)
2026-04-27 09:42:26,502 - INFO - [cond] cfg_signal=0.0564 (min=0.0387 max=0.0957, n=16) | class_signal=0.0750 (min=0.0428 max=0.1310, n=16) | pred_rms=0.5852
2026-04-27 09:42:34,761 - INFO - [validation] saved: output/jit_JiT-B_8_kmeans_k103_v2/dit_validation/epoch_010_step_0084000_class102.png (class=102, sampler=heun, steps=100)
2026-04-27 09:42:36,029 - INFO - [overrides] applied from jit/configs/overrides.yaml: lr_scale=1.0 max_grad_norm=5.0 null_repel_weight=0.0 P_mean=0.0
2026-04-27 09:42:36,081 - INFO - [render-loss] step=84000 masked 6/16 samples (t_value < 0.40)
2026-04-27 09:44:27,999 - INFO - Step   84200 | Epoch  10 | MSE: 0.4635 | Steps/sec: 1.65 | LR: 1.90e-04 | Render_L1: 0.0283 | Alpha_L1: 0.0412 | Render_LPIPS: 0.1781 | cos(c,null): +0.4822 | GradNorm: 0.0888 | MSE/t: [0.00-0.50]0.523(n=1637) [0.50-0.85]0.402(n=1439) [0.85-0.95]0.391(n=122) [0.95-1.00]0.202(n=2)
2026-04-27 09:44:28,481 - INFO - [cond] cfg_signal=0.0573 (min=0.0382 max=0.1017, n=16) | class_signal=0.0745 (min=0.0424 max=0.1274, n=16) | pred_rms=0.5932
2026-04-27 09:44:28,537 - INFO - [render-loss] step=84200 masked 7/16 samples (t_value < 0.40)
2026-04-27 09:46:20,416 - INFO - Step   84400 | Epoch  10 | MSE: 0.4756 | Steps/sec: 1.79 | LR: 1.90e-04 | Render_L1: 0.0276 | Alpha_L1: 0.0406 | Render_LPIPS: 0.1773 | cos(c,null): +0.4841 | GradNorm: 0.0865 | MSE/t: [0.00-0.50]0.552(n=1597) [0.50-0.85]0.404(n=1474) [0.85-0.95]0.350(n=122) [0.95-1.00]0.383(n=7)
2026-04-27 09:46:20,880 - INFO - [cond] cfg_signal=0.0587 (min=0.0416 max=0.1057, n=16) | class_signal=0.0785 (min=0.0416 max=0.1456, n=16) | pred_rms=0.6182
2026-04-27 09:46:20,936 - INFO - [render-loss] step=84400 masked 6/16 samples (t_value < 0.40)
2026-04-27 09:48:12,542 - INFO - Step   84600 | Epoch  10 | MSE: 0.4566 | Steps/sec: 1.79 | LR: 1.89e-04 | Render_L1: 0.0274 | Alpha_L1: 0.0399 | Render_LPIPS: 0.1741 | cos(c,null): +0.4851 | GradNorm: 0.1000 | MSE/t: [0.00-0.50]0.520(n=1601) [0.50-0.85]0.396(n=1480) [0.85-0.95]0.343(n=116) [0.95-1.00]0.814(n=3)
2026-04-27 09:48:13,004 - INFO - [cond] cfg_signal=0.0554 (min=0.0387 max=0.0944, n=16) | class_signal=0.0745 (min=0.0384 max=0.1293, n=16) | pred_rms=0.6216
2026-04-27 09:48:13,059 - INFO - [render-loss] step=84600 masked 6/16 samples (t_value < 0.40)
2026-04-27 09:50:05,060 - INFO - Step   84800 | Epoch  10 | MSE: 0.4729 | Steps/sec: 1.78 | LR: 1.89e-04 | Render_L1: 0.0307 | Alpha_L1: 0.0463 | Render_LPIPS: 0.1878 | cos(c,null): +0.4686 | GradNorm: 1.3974 | MSE/t: [0.00-0.50]0.544(n=1562) [0.50-0.85]0.410(n=1486) [0.85-0.95]0.359(n=144) [0.95-1.00]0.227(n=8)
2026-04-27 09:50:05,534 - INFO - [cond] cfg_signal=0.0620 (min=0.0444 max=0.1092, n=16) | class_signal=0.0782 (min=0.0408 max=0.1253, n=16) | pred_rms=0.5867
2026-04-27 09:50:05,590 - INFO - [render-loss] step=84800 masked 6/16 samples (t_value < 0.40)
2026-04-27 09:51:58,024 - INFO - Step   85000 | Epoch  10 | MSE: 0.4758 | Steps/sec: 1.78 | LR: 1.89e-04 | Render_L1: 0.0276 | Alpha_L1: 0.0409 | Render_LPIPS: 0.1786 | cos(c,null): +0.4707 | GradNorm: 0.0927 | MSE/t: [0.00-0.50]0.549(n=1583) [0.50-0.85]0.408(n=1478) [0.85-0.95]0.371(n=136) [0.95-1.00]0.251(n=3)
2026-04-27 09:51:58,496 - INFO - [cond] cfg_signal=0.0590 (min=0.0404 max=0.1154, n=16) | class_signal=0.0755 (min=0.0395 max=0.1252, n=16) | pred_rms=0.5741
2026-04-27 09:52:06,790 - INFO - [validation] saved: output/jit_JiT-B_8_kmeans_k103_v2/dit_validation/epoch_010_step_0085000_class008.png (class=8, sampler=heun, steps=100)
2026-04-27 09:52:08,067 - INFO - [overrides] applied from jit/configs/overrides.yaml: lr_scale=1.0 max_grad_norm=5.0 null_repel_weight=0.0 P_mean=0.0
2026-04-27 09:52:08,117 - INFO - [render-loss] step=85000 masked 7/16 samples (t_value < 0.40)
2026-04-27 09:53:59,973 - INFO - Step   85200 | Epoch  10 | MSE: 0.4699 | Steps/sec: 1.65 | LR: 1.89e-04 | Render_L1: 0.0287 | Alpha_L1: 0.0415 | Render_LPIPS: 0.1806 | cos(c,null): +0.4725 | GradNorm: 0.0928 | MSE/t: [0.00-0.50]0.535(n=1590) [0.50-0.85]0.409(n=1477) [0.85-0.95]0.370(n=130) [0.95-1.00]0.300(n=3)
2026-04-27 09:54:00,456 - INFO - [cond] cfg_signal=0.0572 (min=0.0380 max=0.1123, n=16) | class_signal=0.0742 (min=0.0418 max=0.1244, n=16) | pred_rms=0.5858
2026-04-27 09:54:00,511 - INFO - [render-loss] step=85200 masked 5/16 samples (t_value < 0.40)
2026-04-27 09:55:52,313 - INFO - Step   85400 | Epoch  10 | MSE: 0.4571 | Steps/sec: 1.79 | LR: 1.89e-04 | Render_L1: 0.0275 | Alpha_L1: 0.0395 | Render_LPIPS: 0.1752 | cos(c,null): +0.4750 | GradNorm: 0.0879 | MSE/t: [0.00-0.50]0.520(n=1572) [0.50-0.85]0.398(n=1517) [0.85-0.95]0.371(n=109) [0.95-1.00]0.604(n=2)
2026-04-27 09:55:52,782 - INFO - [cond] cfg_signal=0.0598 (min=0.0413 max=0.1211, n=16) | class_signal=0.0778 (min=0.0478 max=0.1315, n=16) | pred_rms=0.5931
2026-04-27 09:55:52,837 - INFO - [render-loss] step=85400 masked 5/16 samples (t_value < 0.40)
2026-04-27 09:57:44,924 - INFO - Step   85600 | Epoch  10 | MSE: 0.4605 | Steps/sec: 1.78 | LR: 1.89e-04 | Render_L1: 0.0283 | Alpha_L1: 0.0402 | Render_LPIPS: 0.1781 | cos(c,null): +0.4758 | GradNorm: 0.0912 | MSE/t: [0.00-0.50]0.523(n=1565) [0.50-0.85]0.405(n=1495) [0.85-0.95]0.358(n=131) [0.95-1.00]0.294(n=9)
2026-04-27 09:57:45,408 - INFO - [cond] cfg_signal=0.0610 (min=0.0464 max=0.1210, n=16) | class_signal=0.0800 (min=0.0435 max=0.1402, n=16) | pred_rms=0.6068
2026-04-27 09:57:45,464 - INFO - [render-loss] step=85600 masked 9/16 samples (t_value < 0.40)
2026-04-27 09:59:37,240 - INFO - Step   85800 | Epoch  10 | MSE: 0.4738 | Steps/sec: 1.79 | LR: 1.89e-04 | Render_L1: 0.0281 | Alpha_L1: 0.0404 | Render_LPIPS: 0.1763 | cos(c,null): +0.4763 | GradNorm: 0.0896 | MSE/t: [0.00-0.50]0.544(n=1608) [0.50-0.85]0.406(n=1446) [0.85-0.95]0.373(n=145) [0.95-1.00]0.229(n=1)
2026-04-27 09:59:37,724 - INFO - [cond] cfg_signal=0.0582 (min=0.0406 max=0.1042, n=16) | class_signal=0.0756 (min=0.0433 max=0.1204, n=16) | pred_rms=0.5837
2026-04-27 09:59:37,781 - INFO - [render-loss] step=85800 masked 5/16 samples (t_value < 0.40)
2026-04-27 10:01:29,722 - INFO - Step   86000 | Epoch  10 | MSE: 0.4618 | Steps/sec: 1.79 | LR: 1.89e-04 | Render_L1: 0.0282 | Alpha_L1: 0.0405 | Render_LPIPS: 0.1781 | cos(c,null): +0.4555 | GradNorm: 0.0950 | MSE/t: [0.00-0.50]0.533(n=1569) [0.50-0.85]0.394(n=1505) [0.85-0.95]0.372(n=118) [0.95-1.00]0.492(n=8)
2026-04-27 10:01:30,190 - INFO - [cond] cfg_signal=0.0637 (min=0.0432 max=0.1081, n=16) | class_signal=0.0812 (min=0.0477 max=0.1357, n=16) | pred_rms=0.6231
2026-04-27 10:01:38,340 - INFO - [validation] saved: output/jit_JiT-B_8_kmeans_k103_v2/dit_validation/epoch_010_step_0086000_class037.png (class=37, sampler=heun, steps=100)
2026-04-27 10:01:39,756 - INFO - [overrides] applied from jit/configs/overrides.yaml: lr_scale=1.0 max_grad_norm=5.0 null_repel_weight=0.0 P_mean=0.0
2026-04-27 10:01:39,808 - INFO - [render-loss] step=86000 masked 4/16 samples (t_value < 0.40)
2026-04-27 10:03:32,026 - INFO - Step   86200 | Epoch  10 | MSE: 0.4637 | Steps/sec: 1.64 | LR: 1.89e-04 | Render_L1: 0.0278 | Alpha_L1: 0.0399 | Render_LPIPS: 0.1781 | cos(c,null): +0.4602 | GradNorm: 0.0885 | MSE/t: [0.00-0.50]0.528(n=1611) [0.50-0.85]0.404(n=1474) [0.85-0.95]0.327(n=114) [0.95-1.00]0.347(n=1)
2026-04-27 10:03:32,508 - INFO - [cond] cfg_signal=0.0633 (min=0.0453 max=0.1105, n=16) | class_signal=0.0816 (min=0.0481 max=0.1431, n=16) | pred_rms=0.6134
2026-04-27 10:03:32,565 - INFO - [render-loss] step=86200 masked 4/16 samples (t_value < 0.40)
2026-04-27 10:05:24,382 - INFO - Step   86400 | Epoch  10 | MSE: 0.4633 | Steps/sec: 1.79 | LR: 1.89e-04 | Render_L1: 0.0271 | Alpha_L1: 0.0390 | Render_LPIPS: 0.1749 | cos(c,null): +0.4635 | GradNorm: 0.1266 | MSE/t: [0.00-0.50]0.535(n=1591) [0.50-0.85]0.398(n=1473) [0.85-0.95]0.333(n=131) [0.95-1.00]0.228(n=5)
2026-04-27 10:05:24,854 - INFO - [cond] cfg_signal=0.0608 (min=0.0469 max=0.0972, n=16) | class_signal=0.0788 (min=0.0535 max=0.1239, n=16) | pred_rms=0.6012
2026-04-27 10:05:24,911 - INFO - [render-loss] step=86400 masked 2/16 samples (t_value < 0.40)
2026-04-27 10:07:17,163 - INFO - Step   86600 | Epoch  10 | MSE: 0.4679 | Steps/sec: 1.78 | LR: 1.89e-04 | Render_L1: 0.0284 | Alpha_L1: 0.0407 | Render_LPIPS: 0.1805 | cos(c,null): +0.4643 | GradNorm: 0.1166 | MSE/t: [0.00-0.50]0.537(n=1621) [0.50-0.85]0.401(n=1453) [0.85-0.95]0.354(n=120) [0.95-1.00]0.277(n=6)
2026-04-27 10:07:17,630 - INFO - [cond] cfg_signal=0.0590 (min=0.0424 max=0.1022, n=16) | class_signal=0.0757 (min=0.0426 max=0.1217, n=16) | pred_rms=0.6154
2026-04-27 10:07:17,686 - INFO - [render-loss] step=86600 masked 7/16 samples (t_value < 0.40)
2026-04-27 10:09:09,381 - INFO - Step   86800 | Epoch  10 | MSE: 0.4721 | Steps/sec: 1.79 | LR: 1.89e-04 | Render_L1: 0.0284 | Alpha_L1: 0.0410 | Render_LPIPS: 0.1800 | cos(c,null): +0.4670 | GradNorm: 0.0886 | MSE/t: [0.00-0.50]0.540(n=1597) [0.50-0.85]0.407(n=1469) [0.85-0.95]0.384(n=127) [0.95-1.00]0.305(n=7)
2026-04-27 10:09:09,849 - INFO - [cond] cfg_signal=0.0592 (min=0.0433 max=0.1035, n=16) | class_signal=0.0753 (min=0.0422 max=0.1177, n=16) | pred_rms=0.5947
2026-04-27 10:09:09,904 - INFO - [render-loss] step=86800 masked 3/16 samples (t_value < 0.40)
2026-04-27 10:11:01,814 - INFO - Step   87000 | Epoch  10 | MSE: 0.4694 | Steps/sec: 1.79 | LR: 1.89e-04 | Render_L1: 0.0284 | Alpha_L1: 0.0409 | Render_LPIPS: 0.1783 | cos(c,null): +0.4700 | GradNorm: 0.0867 | MSE/t: [0.00-0.50]0.537(n=1595) [0.50-0.85]0.405(n=1486) [0.85-0.95]0.366(n=115) [0.95-1.00]0.389(n=4)
2026-04-27 10:11:02,276 - INFO - [cond] cfg_signal=0.0598 (min=0.0428 max=0.1136, n=16) | class_signal=0.0779 (min=0.0425 max=0.1263, n=16) | pred_rms=0.6038
2026-04-27 10:11:10,505 - INFO - [validation] saved: output/jit_JiT-B_8_kmeans_k103_v2/dit_validation/epoch_010_step_0087000_class001.png (class=1, sampler=heun, steps=100)
2026-04-27 10:11:11,774 - INFO - [overrides] applied from jit/configs/overrides.yaml: lr_scale=1.0 max_grad_norm=5.0 null_repel_weight=0.0 P_mean=0.0
2026-04-27 10:11:11,825 - INFO - [render-loss] step=87000 masked 3/16 samples (t_value < 0.40)
2026-04-27 10:13:03,626 - INFO - Step   87200 | Epoch  10 | MSE: 0.4584 | Steps/sec: 1.65 | LR: 1.89e-04 | Render_L1: 0.0277 | Alpha_L1: 0.0400 | Render_LPIPS: 0.1756 | cos(c,null): +0.4706 | GradNorm: 0.1478 | MSE/t: [0.00-0.50]0.521(n=1584) [0.50-0.85]0.402(n=1499) [0.85-0.95]0.332(n=114) [0.95-1.00]0.324(n=3)
2026-04-27 10:13:04,094 - INFO - [cond] cfg_signal=0.0594 (min=0.0396 max=0.1050, n=16) | class_signal=0.0770 (min=0.0411 max=0.1197, n=16) | pred_rms=0.6039
2026-04-27 10:13:04,154 - INFO - [render-loss] step=87200 masked 5/16 samples (t_value < 0.40)
2026-04-27 10:14:56,528 - INFO - Step   87400 | Epoch  10 | MSE: 0.4653 | Steps/sec: 1.78 | LR: 1.89e-04 | Render_L1: 0.0270 | Alpha_L1: 0.0399 | Render_LPIPS: 0.1744 | cos(c,null): +0.4721 | GradNorm: 0.0902 | MSE/t: [0.00-0.50]0.524(n=1606) [0.50-0.85]0.411(n=1486) [0.85-0.95]0.348(n=103) [0.95-1.00]0.240(n=5)
2026-04-27 10:14:57,022 - INFO - [cond] cfg_signal=0.0590 (min=0.0395 max=0.1053, n=16) | class_signal=0.0758 (min=0.0415 max=0.1140, n=16) | pred_rms=0.6208
2026-04-27 10:14:57,083 - INFO - [render-loss] step=87400 masked 5/16 samples (t_value < 0.40)
2026-04-27 10:16:48,971 - INFO - Step   87600 | Epoch  10 | MSE: 0.4736 | Steps/sec: 1.79 | LR: 1.89e-04 | Render_L1: 0.0274 | Alpha_L1: 0.0395 | Render_LPIPS: 0.1770 | cos(c,null): +0.4734 | GradNorm: 0.0880 | MSE/t: [0.00-0.50]0.539(n=1648) [0.50-0.85]0.411(n=1421) [0.85-0.95]0.329(n=126) [0.95-1.00]0.208(n=5)
2026-04-27 10:16:49,446 - INFO - [cond] cfg_signal=0.0584 (min=0.0426 max=0.1029, n=16) | class_signal=0.0747 (min=0.0446 max=0.1150, n=16) | pred_rms=0.6114
2026-04-27 10:16:49,500 - INFO - [render-loss] step=87600 masked 8/16 samples (t_value < 0.40)
2026-04-27 10:18:41,499 - INFO - Step   87800 | Epoch  10 | MSE: 0.4526 | Steps/sec: 1.78 | LR: 1.89e-04 | Render_L1: 0.0273 | Alpha_L1: 0.0402 | Render_LPIPS: 0.1745 | cos(c,null): +0.4762 | GradNorm: 0.0912 | MSE/t: [0.00-0.50]0.519(n=1576) [0.50-0.85]0.393(n=1489) [0.85-0.95]0.342(n=130) [0.95-1.00]0.268(n=5)
2026-04-27 10:18:41,973 - INFO - [cond] cfg_signal=0.0583 (min=0.0388 max=0.1053, n=16) | class_signal=0.0759 (min=0.0489 max=0.1207, n=16) | pred_rms=0.6056
2026-04-27 10:18:42,031 - INFO - [render-loss] step=87800 masked 4/16 samples (t_value < 0.40)
2026-04-27 10:20:33,975 - INFO - Step   88000 | Epoch  10 | MSE: 0.4721 | Steps/sec: 1.79 | LR: 1.89e-04 | Render_L1: 0.0290 | Alpha_L1: 0.0414 | Render_LPIPS: 0.1827 | cos(c,null): +0.4786 | GradNorm: 0.0889 | MSE/t: [0.00-0.50]0.540(n=1559) [0.50-0.85]0.414(n=1501) [0.85-0.95]0.333(n=137) [0.95-1.00]0.320(n=3)
2026-04-27 10:20:34,446 - INFO - [cond] cfg_signal=0.0590 (min=0.0411 max=0.1104, n=16) | class_signal=0.0767 (min=0.0481 max=0.1310, n=16) | pred_rms=0.6228
2026-04-27 10:20:42,641 - INFO - [validation] saved: output/jit_JiT-B_8_kmeans_k103_v2/dit_validation/epoch_010_step_0088000_class075.png (class=75, sampler=heun, steps=100)
2026-04-27 10:20:43,936 - INFO - [overrides] applied from jit/configs/overrides.yaml: lr_scale=1.0 max_grad_norm=5.0 null_repel_weight=0.0 P_mean=0.0
2026-04-27 10:20:43,983 - INFO - [render-loss] step=88000 masked 4/16 samples (t_value < 0.40)
2026-04-27 10:22:35,843 - INFO - Step   88200 | Epoch  10 | MSE: 0.4621 | Steps/sec: 1.65 | LR: 1.89e-04 | Render_L1: 0.0273 | Alpha_L1: 0.0393 | Render_LPIPS: 0.1743 | cos(c,null): +0.4819 | GradNorm: 0.0890 | MSE/t: [0.00-0.50]0.536(n=1632) [0.50-0.85]0.388(n=1432) [0.85-0.95]0.356(n=133) [0.95-1.00]0.262(n=3)
2026-04-27 10:22:36,316 - INFO - [cond] cfg_signal=0.0584 (min=0.0401 max=0.1169, n=16) | class_signal=0.0759 (min=0.0450 max=0.1339, n=16) | pred_rms=0.6164
2026-04-27 10:22:36,372 - INFO - [render-loss] step=88200 masked 3/16 samples (t_value < 0.40)
2026-04-27 10:24:28,508 - INFO - Step   88400 | Epoch  10 | MSE: 0.4673 | Steps/sec: 1.78 | LR: 1.89e-04 | Render_L1: 0.0276 | Alpha_L1: 0.0400 | Render_LPIPS: 0.1780 | cos(c,null): +0.4815 | GradNorm: 0.0886 | MSE/t: [0.00-0.50]0.528(n=1581) [0.50-0.85]0.410(n=1495) [0.85-0.95]0.382(n=118) [0.95-1.00]0.379(n=6)
2026-04-27 10:24:28,972 - INFO - [cond] cfg_signal=0.0606 (min=0.0418 max=0.1181, n=16) | class_signal=0.0767 (min=0.0470 max=0.1360, n=16) | pred_rms=0.6191
2026-04-27 10:24:29,026 - INFO - [render-loss] step=88400 masked 5/16 samples (t_value < 0.40)
2026-04-27 10:26:21,003 - INFO - Step   88600 | Epoch  10 | MSE: 0.4580 | Steps/sec: 1.79 | LR: 1.88e-04 | Render_L1: 0.0271 | Alpha_L1: 0.0384 | Render_LPIPS: 0.1741 | cos(c,null): +0.4812 | GradNorm: 0.0856 | MSE/t: [0.00-0.50]0.525(n=1549) [0.50-0.85]0.401(n=1516) [0.85-0.95]0.337(n=132) [0.95-1.00]0.418(n=3)
2026-04-27 10:26:21,484 - INFO - [cond] cfg_signal=0.0588 (min=0.0400 max=0.1074, n=16) | class_signal=0.0749 (min=0.0463 max=0.1272, n=16) | pred_rms=0.6210
2026-04-27 10:26:21,543 - INFO - [render-loss] step=88600 masked 7/16 samples (t_value < 0.40)
2026-04-27 10:28:13,885 - INFO - Step   88800 | Epoch  10 | MSE: 0.4677 | Steps/sec: 1.78 | LR: 1.88e-04 | Render_L1: 0.0278 | Alpha_L1: 0.0395 | Render_LPIPS: 0.1739 | cos(c,null): +0.4832 | GradNorm: 0.0890 | MSE/t: [0.00-0.50]0.530(n=1611) [0.50-0.85]0.407(n=1447) [0.85-0.95]0.370(n=136) [0.95-1.00]0.555(n=6)
2026-04-27 10:28:14,365 - INFO - [cond] cfg_signal=0.0597 (min=0.0396 max=0.1083, n=16) | class_signal=0.0742 (min=0.0435 max=0.1246, n=16) | pred_rms=0.6309
2026-04-27 10:28:14,421 - INFO - [render-loss] step=88800 masked 5/16 samples (t_value < 0.40)
2026-04-27 10:30:06,125 - INFO - Step   89000 | Epoch  10 | MSE: 0.4652 | Steps/sec: 1.79 | LR: 1.88e-04 | Render_L1: 0.0277 | Alpha_L1: 0.0399 | Render_LPIPS: 0.1766 | cos(c,null): +0.4859 | GradNorm: 0.0882 | MSE/t: [0.00-0.50]0.520(n=1584) [0.50-0.85]0.419(n=1458) [0.85-0.95]0.340(n=153) [0.95-1.00]0.363(n=5)
2026-04-27 10:30:06,586 - INFO - [cond] cfg_signal=0.0573 (min=0.0395 max=0.1002, n=16) | class_signal=0.0735 (min=0.0442 max=0.1137, n=16) | pred_rms=0.6185
2026-04-27 10:30:14,796 - INFO - [validation] saved: output/jit_JiT-B_8_kmeans_k103_v2/dit_validation/epoch_010_step_0089000_class048.png (class=48, sampler=heun, steps=100)
2026-04-27 10:30:16,086 - INFO - [overrides] applied from jit/configs/overrides.yaml: lr_scale=1.0 max_grad_norm=5.0 null_repel_weight=0.0 P_mean=0.0
2026-04-27 10:30:16,137 - INFO - [render-loss] step=89000 masked 2/16 samples (t_value < 0.40)
2026-04-27 10:32:08,199 - INFO - Step   89200 | Epoch  10 | MSE: 0.4674 | Steps/sec: 1.64 | LR: 1.88e-04 | Render_L1: 0.0274 | Alpha_L1: 0.0396 | Render_LPIPS: 0.1758 | cos(c,null): +0.4890 | GradNorm: 0.0879 | MSE/t: [0.00-0.50]0.543(n=1596) [0.50-0.85]0.394(n=1480) [0.85-0.95]0.370(n=118) [0.95-1.00]0.339(n=6)
2026-04-27 10:32:08,674 - INFO - [cond] cfg_signal=0.0571 (min=0.0382 max=0.0991, n=16) | class_signal=0.0737 (min=0.0360 max=0.1133, n=16) | pred_rms=0.6158
2026-04-27 10:32:08,731 - INFO - [render-loss] step=89200 masked 7/16 samples (t_value < 0.40)
2026-04-27 10:34:00,576 - INFO - Step   89400 | Epoch  10 | MSE: 0.4584 | Steps/sec: 1.79 | LR: 1.88e-04 | Render_L1: 0.0275 | Alpha_L1: 0.0401 | Render_LPIPS: 0.1750 | cos(c,null): +0.4920 | GradNorm: 0.0855 | MSE/t: [0.00-0.50]0.527(n=1617) [0.50-0.85]0.390(n=1453) [0.85-0.95]0.371(n=126) [0.95-1.00]0.243(n=4)
2026-04-27 10:34:01,048 - INFO - [cond] cfg_signal=0.0607 (min=0.0386 max=0.1131, n=16) | class_signal=0.0771 (min=0.0423 max=0.1257, n=16) | pred_rms=0.6271
2026-04-27 10:34:01,104 - INFO - [render-loss] step=89400 masked 5/16 samples (t_value < 0.40)
2026-04-27 10:35:53,053 - INFO - Step   89600 | Epoch  10 | MSE: 0.4696 | Steps/sec: 1.79 | LR: 1.88e-04 | Render_L1: 0.0273 | Alpha_L1: 0.0396 | Render_LPIPS: 0.1741 | cos(c,null): +0.4965 | GradNorm: 0.0887 | MSE/t: [0.00-0.50]0.543(n=1597) [0.50-0.85]0.399(n=1473) [0.85-0.95]0.367(n=123) [0.95-1.00]0.315(n=7)
2026-04-27 10:35:53,523 - INFO - [cond] cfg_signal=0.0572 (min=0.0349 max=0.1093, n=16) | class_signal=0.0745 (min=0.0399 max=0.1243, n=16) | pred_rms=0.6007
2026-04-27 10:35:53,580 - INFO - [render-loss] step=89600 masked 6/16 samples (t_value < 0.40)
2026-04-27 10:37:45,190 - INFO - Step   89800 | Epoch  10 | MSE: 0.4541 | Steps/sec: 1.79 | LR: 1.88e-04 | Render_L1: 0.0275 | Alpha_L1: 0.0390 | Render_LPIPS: 0.1748 | cos(c,null): +0.4998 | GradNorm: 0.0856 | MSE/t: [0.00-0.50]0.515(n=1610) [0.50-0.85]0.397(n=1459) [0.85-0.95]0.343(n=126) [0.95-1.00]0.410(n=5)
2026-04-27 10:37:45,661 - INFO - [cond] cfg_signal=0.0595 (min=0.0360 max=0.1113, n=16) | class_signal=0.0769 (min=0.0337 max=0.1201, n=16) | pred_rms=0.6030
2026-04-27 10:37:45,716 - INFO - [render-loss] step=89800 masked 4/16 samples (t_value < 0.40)
2026-04-27 10:39:37,804 - INFO - Step   90000 | Epoch  10 | MSE: 0.4714 | Steps/sec: 1.78 | LR: 1.88e-04 | Render_L1: 0.0280 | Alpha_L1: 0.0409 | Render_LPIPS: 0.1774 | cos(c,null): +0.5001 | GradNorm: 0.0912 | MSE/t: [0.00-0.50]0.531(n=1609) [0.50-0.85]0.417(n=1475) [0.85-0.95]0.336(n=113) [0.95-1.00]0.550(n=3)
2026-04-27 10:39:38,287 - INFO - [cond] cfg_signal=0.0572 (min=0.0364 max=0.1018, n=16) | class_signal=0.0737 (min=0.0358 max=0.1085, n=16) | pred_rms=0.5968
2026-04-27 10:39:46,483 - INFO - [validation] saved: output/jit_JiT-B_8_kmeans_k103_v2/dit_validation/epoch_010_step_0090000_class042.png (class=42, sampler=heun, steps=100)
2026-04-27 10:39:47,938 - INFO - [overrides] applied from jit/configs/overrides.yaml: lr_scale=1.0 max_grad_norm=5.0 null_repel_weight=0.0 P_mean=0.0
2026-04-27 10:39:47,985 - INFO - [render-loss] step=90000 masked 4/16 samples (t_value < 0.40)
2026-04-27 10:41:40,090 - INFO - Step   90200 | Epoch  10 | MSE: 0.4589 | Steps/sec: 1.64 | LR: 1.88e-04 | Render_L1: 0.0277 | Alpha_L1: 0.0405 | Render_LPIPS: 0.1772 | cos(c,null): +0.5039 | GradNorm: 0.0895 | MSE/t: [0.00-0.50]0.519(n=1643) [0.50-0.85]0.400(n=1427) [0.85-0.95]0.356(n=123) [0.95-1.00]0.243(n=7)
2026-04-27 10:41:40,552 - INFO - [cond] cfg_signal=0.0573 (min=0.0335 max=0.0996, n=16) | class_signal=0.0738 (min=0.0368 max=0.1131, n=16) | pred_rms=0.6131
2026-04-27 10:41:40,607 - INFO - [render-loss] step=90200 masked 2/16 samples (t_value < 0.40)
2026-04-27 10:43:32,286 - INFO - Step   90400 | Epoch  10 | MSE: 0.4623 | Steps/sec: 1.79 | LR: 1.88e-04 | Render_L1: 0.0276 | Alpha_L1: 0.0402 | Render_LPIPS: 0.1751 | cos(c,null): +0.5098 | GradNorm: 0.0885 | MSE/t: [0.00-0.50]0.526(n=1543) [0.50-0.85]0.405(n=1529) [0.85-0.95]0.376(n=120) [0.95-1.00]0.224(n=8)
2026-04-27 10:43:32,757 - INFO - [cond] cfg_signal=0.0595 (min=0.0403 max=0.1091, n=16) | class_signal=0.0774 (min=0.0402 max=0.1245, n=16) | pred_rms=0.5957
2026-04-27 10:43:32,811 - INFO - [render-loss] step=90400 masked 7/16 samples (t_value < 0.40)
2026-04-27 10:45:24,791 - INFO - Step   90600 | Epoch  10 | MSE: 0.4603 | Steps/sec: 1.79 | LR: 1.88e-04 | Render_L1: 0.0275 | Alpha_L1: 0.0398 | Render_LPIPS: 0.1755 | cos(c,null): +0.5127 | GradNorm: 0.0954 | MSE/t: [0.00-0.50]0.525(n=1615) [0.50-0.85]0.398(n=1448) [0.85-0.95]0.355(n=134) [0.95-1.00]0.247(n=3)
2026-04-27 10:45:25,266 - INFO - [cond] cfg_signal=0.0594 (min=0.0424 max=0.1107, n=16) | class_signal=0.0787 (min=0.0411 max=0.1302, n=16) | pred_rms=0.6153
2026-04-27 10:45:25,322 - INFO - [render-loss] step=90600 masked 5/16 samples (t_value < 0.40)
2026-04-27 10:47:17,467 - INFO - Step   90800 | Epoch  10 | MSE: 0.4657 | Steps/sec: 1.78 | LR: 1.88e-04 | Render_L1: 0.0274 | Alpha_L1: 0.0396 | Render_LPIPS: 0.1759 | cos(c,null): +0.5129 | GradNorm: 0.0894 | MSE/t: [0.00-0.50]0.538(n=1609) [0.50-0.85]0.394(n=1459) [0.85-0.95]0.374(n=129) [0.95-1.00]0.389(n=3)
2026-04-27 10:47:17,946 - INFO - [cond] cfg_signal=0.0591 (min=0.0385 max=0.0946, n=16) | class_signal=0.0784 (min=0.0441 max=0.1199, n=16) | pred_rms=0.6050
2026-04-27 10:47:18,002 - INFO - [render-loss] step=90800 masked 7/16 samples (t_value < 0.40)
2026-04-27 10:49:09,918 - INFO - Step   91000 | Epoch  10 | MSE: 0.4690 | Steps/sec: 1.79 | LR: 1.88e-04 | Render_L1: 0.0283 | Alpha_L1: 0.0401 | Render_LPIPS: 0.1755 | cos(c,null): +0.5128 | GradNorm: 0.0873 | MSE/t: [0.00-0.50]0.540(n=1611) [0.50-0.85]0.400(n=1456) [0.85-0.95]0.360(n=130) [0.95-1.00]0.281(n=3)
2026-04-27 10:49:10,400 - INFO - [cond] cfg_signal=0.0578 (min=0.0362 max=0.0890, n=16) | class_signal=0.0776 (min=0.0428 max=0.1168, n=16) | pred_rms=0.6190
2026-04-27 10:49:18,558 - INFO - [validation] saved: output/jit_JiT-B_8_kmeans_k103_v2/dit_validation/epoch_010_step_0091000_class031.png (class=31, sampler=heun, steps=100)
2026-04-27 10:49:19,856 - INFO - [overrides] applied from jit/configs/overrides.yaml: lr_scale=1.0 max_grad_norm=5.0 null_repel_weight=0.0 P_mean=0.0
2026-04-27 10:49:19,905 - INFO - [render-loss] step=91000 masked 4/16 samples (t_value < 0.40)
2026-04-27 10:51:11,354 - INFO - Step   91200 | Epoch  10 | MSE: 0.4718 | Steps/sec: 1.65 | LR: 1.88e-04 | Render_L1: 0.0276 | Alpha_L1: 0.0396 | Render_LPIPS: 0.1738 | cos(c,null): +0.5146 | GradNorm: 2.4376 | MSE/t: [0.00-0.50]0.540(n=1660) [0.50-0.85]0.400(n=1412) [0.85-0.95]0.376(n=122) [0.95-1.00]0.265(n=6)
2026-04-27 10:51:11,832 - INFO - [cond] cfg_signal=0.0590 (min=0.0389 max=0.0866, n=16) | class_signal=0.0771 (min=0.0466 max=0.1064, n=16) | pred_rms=0.5968
2026-04-27 10:51:11,888 - INFO - [render-loss] step=91200 masked 6/16 samples (t_value < 0.40)
2026-04-27 10:53:03,985 - INFO - Step   91400 | Epoch  10 | MSE: 0.4610 | Steps/sec: 1.78 | LR: 1.88e-04 | Render_L1: 0.0276 | Alpha_L1: 0.0397 | Render_LPIPS: 0.1755 | cos(c,null): +0.5145 | GradNorm: 0.0854 | MSE/t: [0.00-0.50]0.523(n=1604) [0.50-0.85]0.401(n=1451) [0.85-0.95]0.384(n=136) [0.95-1.00]0.316(n=9)
2026-04-27 10:53:04,458 - INFO - [cond] cfg_signal=0.0582 (min=0.0359 max=0.0885, n=16) | class_signal=0.0777 (min=0.0369 max=0.1145, n=16) | pred_rms=0.6298
2026-04-27 10:53:04,513 - INFO - [render-loss] step=91400 masked 9/16 samples (t_value < 0.40)
2026-04-27 10:54:57,668 - INFO - Step   91600 | Epoch  11 | MSE: 0.4603 | Steps/sec: 1.77 | LR: 1.88e-04 | Render_L1: 0.0280 | Alpha_L1: 0.0404 | Render_LPIPS: 0.1782 | cos(c,null): +0.5154 | GradNorm: 0.2184 | MSE/t: [0.00-0.50]0.507(n=1638) [0.50-0.85]0.415(n=1446) [0.85-0.95]0.365(n=114) [0.95-1.00]0.343(n=2)
2026-04-27 10:54:58,183 - INFO - [cond] cfg_signal=0.0586 (min=0.0341 max=0.0943, n=16) | class_signal=0.0767 (min=0.0380 max=0.1075, n=16) | pred_rms=0.6245
2026-04-27 10:54:58,239 - INFO - [render-loss] step=91600 masked 1/16 samples (t_value < 0.40)
2026-04-27 10:56:50,170 - INFO - Step   91800 | Epoch  11 | MSE: 0.4767 | Steps/sec: 1.79 | LR: 1.88e-04 | Render_L1: 0.0280 | Alpha_L1: 0.0398 | Render_LPIPS: 0.1771 | cos(c,null): +0.5151 | GradNorm: 0.0931 | MSE/t: [0.00-0.50]0.549(n=1620) [0.50-0.85]0.406(n=1461) [0.85-0.95]0.360(n=115) [0.95-1.00]0.347(n=4)
2026-04-27 10:56:50,650 - INFO - [cond] cfg_signal=0.0582 (min=0.0363 max=0.0997, n=16) | class_signal=0.0758 (min=0.0360 max=0.1231, n=16) | pred_rms=0.6270
2026-04-27 10:56:50,705 - INFO - [render-loss] step=91800 masked 5/16 samples (t_value < 0.40)
2026-04-27 10:58:42,757 - INFO - Step   92000 | Epoch  11 | MSE: 0.4661 | Steps/sec: 1.78 | LR: 1.88e-04 | Render_L1: 0.0282 | Alpha_L1: 0.0401 | Render_LPIPS: 0.1778 | cos(c,null): +0.5154 | GradNorm: 0.0873 | MSE/t: [0.00-0.50]0.532(n=1578) [0.50-0.85]0.408(n=1502) [0.85-0.95]0.332(n=116) [0.95-1.00]0.251(n=4)
2026-04-27 10:58:43,268 - INFO - [cond] cfg_signal=0.0569 (min=0.0349 max=0.0942, n=16) | class_signal=0.0737 (min=0.0348 max=0.1225, n=16) | pred_rms=0.6274
2026-04-27 10:58:51,424 - INFO - [validation] saved: output/jit_JiT-B_8_kmeans_k103_v2/dit_validation/epoch_011_step_0092000_class099.png (class=99, sampler=heun, steps=100)
2026-04-27 10:58:52,653 - INFO - [overrides] applied from jit/configs/overrides.yaml: lr_scale=1.0 max_grad_norm=5.0 null_repel_weight=0.0 P_mean=0.0
2026-04-27 10:58:52,707 - INFO - [render-loss] step=92000 masked 6/16 samples (t_value < 0.40)
2026-04-27 11:00:44,521 - INFO - Step   92200 | Epoch  11 | MSE: 0.4640 | Steps/sec: 1.65 | LR: 1.88e-04 | Render_L1: 0.0277 | Alpha_L1: 0.0402 | Render_LPIPS: 0.1751 | cos(c,null): +0.5172 | GradNorm: 0.0875 | MSE/t: [0.00-0.50]0.534(n=1582) [0.50-0.85]0.396(n=1474) [0.85-0.95]0.385(n=132) [0.95-1.00]0.349(n=12)
2026-04-27 11:00:44,993 - INFO - [cond] cfg_signal=0.0566 (min=0.0337 max=0.0879, n=16) | class_signal=0.0750 (min=0.0324 max=0.1211, n=16) | pred_rms=0.6170
2026-04-27 11:00:45,050 - INFO - [render-loss] step=92200 masked 4/16 samples (t_value < 0.40)
2026-04-27 11:02:36,865 - INFO - Step   92400 | Epoch  11 | MSE: 0.4516 | Steps/sec: 1.79 | LR: 1.87e-04 | Render_L1: 0.0266 | Alpha_L1: 0.0383 | Render_LPIPS: 0.1716 | cos(c,null): +0.5171 | GradNorm: 0.0979 | MSE/t: [0.00-0.50]0.513(n=1592) [0.50-0.85]0.395(n=1478) [0.85-0.95]0.333(n=124) [0.95-1.00]0.325(n=6)
2026-04-27 11:02:37,341 - INFO - [cond] cfg_signal=0.0600 (min=0.0382 max=0.1023, n=16) | class_signal=0.0781 (min=0.0387 max=0.1312, n=16) | pred_rms=0.6267
2026-04-27 11:02:37,399 - INFO - [render-loss] step=92400 masked 5/16 samples (t_value < 0.40)
2026-04-27 11:04:29,150 - INFO - Step   92600 | Epoch  11 | MSE: 0.4785 | Steps/sec: 1.79 | LR: 1.87e-04 | Render_L1: 0.0278 | Alpha_L1: 0.0399 | Render_LPIPS: 0.1765 | cos(c,null): +0.5150 | GradNorm: 0.0857 | MSE/t: [0.00-0.50]0.554(n=1611) [0.50-0.85]0.409(n=1470) [0.85-0.95]0.327(n=115) [0.95-1.00]0.251(n=4)
2026-04-27 11:04:29,631 - INFO - [cond] cfg_signal=0.0558 (min=0.0345 max=0.0976, n=16) | class_signal=0.0707 (min=0.0332 max=0.1202, n=16) | pred_rms=0.6098
2026-04-27 11:04:29,690 - INFO - [render-loss] step=92600 masked 3/16 samples (t_value < 0.40)
2026-04-27 11:06:22,070 - INFO - Step   92800 | Epoch  11 | MSE: 0.4674 | Steps/sec: 1.78 | LR: 1.87e-04 | Render_L1: 0.0281 | Alpha_L1: 0.0390 | Render_LPIPS: 0.1782 | cos(c,null): +0.5155 | GradNorm: 0.0806 | MSE/t: [0.00-0.50]0.539(n=1527) [0.50-0.85]0.402(n=1547) [0.85-0.95]0.398(n=124) [0.95-1.00]0.379(n=2)
2026-04-27 11:06:22,563 - INFO - [cond] cfg_signal=0.0603 (min=0.0358 max=0.1047, n=16) | class_signal=0.0768 (min=0.0349 max=0.1435, n=16) | pred_rms=0.6391
2026-04-27 11:06:22,622 - INFO - [render-loss] step=92800 masked 7/16 samples (t_value < 0.40)
2026-04-27 11:08:15,285 - INFO - Step   93000 | Epoch  11 | MSE: 0.4602 | Steps/sec: 1.77 | LR: 1.87e-04 | Render_L1: 0.0271 | Alpha_L1: 0.0387 | Render_LPIPS: 0.1739 | cos(c,null): +0.5149 | GradNorm: 0.0926 | MSE/t: [0.00-0.50]0.511(n=1626) [0.50-0.85]0.413(n=1439) [0.85-0.95]0.350(n=130) [0.95-1.00]0.356(n=5)
2026-04-27 11:08:15,765 - INFO - [cond] cfg_signal=0.0610 (min=0.0362 max=0.1046, n=16) | class_signal=0.0783 (min=0.0375 max=0.1249, n=16) | pred_rms=0.6636
2026-04-27 11:08:23,903 - INFO - [validation] saved: output/jit_JiT-B_8_kmeans_k103_v2/dit_validation/epoch_011_step_0093000_class093.png (class=93, sampler=heun, steps=100)
2026-04-27 11:08:25,148 - INFO - [overrides] applied from jit/configs/overrides.yaml: lr_scale=1.0 max_grad_norm=5.0 null_repel_weight=0.0 P_mean=0.0
2026-04-27 11:08:25,196 - INFO - [render-loss] step=93000 masked 4/16 samples (t_value < 0.40)
2026-04-27 11:10:17,320 - INFO - Step   93200 | Epoch  11 | MSE: 0.4660 | Steps/sec: 1.65 | LR: 1.87e-04 | Render_L1: 0.0278 | Alpha_L1: 0.0406 | Render_LPIPS: 0.1769 | cos(c,null): +0.5173 | GradNorm: 0.2604 | MSE/t: [0.00-0.50]0.522(n=1602) [0.50-0.85]0.413(n=1470) [0.85-0.95]0.364(n=118) [0.95-1.00]0.483(n=10)
2026-04-27 11:10:17,791 - INFO - [cond] cfg_signal=0.0635 (min=0.0403 max=0.1128, n=16) | class_signal=0.0776 (min=0.0361 max=0.1395, n=16) | pred_rms=0.6181
2026-04-27 11:10:17,847 - INFO - [render-loss] step=93200 masked 2/16 samples (t_value < 0.40)
2026-04-27 11:12:09,948 - INFO - Step   93400 | Epoch  11 | MSE: 0.4650 | Steps/sec: 1.78 | LR: 1.87e-04 | Render_L1: 0.0278 | Alpha_L1: 0.0412 | Render_LPIPS: 0.1764 | cos(c,null): +0.5186 | GradNorm: 0.1031 | MSE/t: [0.00-0.50]0.533(n=1572) [0.50-0.85]0.402(n=1494) [0.85-0.95]0.370(n=128) [0.95-1.00]0.356(n=6)
2026-04-27 11:12:10,423 - INFO - [cond] cfg_signal=0.0605 (min=0.0357 max=0.1039, n=16) | class_signal=0.0753 (min=0.0354 max=0.1318, n=16) | pred_rms=0.6353
2026-04-27 11:12:10,477 - INFO - [render-loss] step=93400 masked 4/16 samples (t_value < 0.40)
2026-04-27 11:14:02,798 - INFO - Step   93600 | Epoch  11 | MSE: 0.4687 | Steps/sec: 1.78 | LR: 1.87e-04 | Render_L1: 0.0277 | Alpha_L1: 0.0410 | Render_LPIPS: 0.1779 | cos(c,null): +0.5182 | GradNorm: 1.0905 | MSE/t: [0.00-0.50]0.533(n=1604) [0.50-0.85]0.406(n=1461) [0.85-0.95]0.369(n=130) [0.95-1.00]0.925(n=5)
2026-04-27 11:14:03,290 - INFO - [cond] cfg_signal=0.0635 (min=0.0387 max=0.1254, n=16) | class_signal=0.0804 (min=0.0355 max=0.1512, n=16) | pred_rms=0.6095
2026-04-27 11:14:03,352 - INFO - [render-loss] step=93600 masked 7/16 samples (t_value < 0.40)
2026-04-27 11:15:55,375 - INFO - Step   93800 | Epoch  11 | MSE: 0.4583 | Steps/sec: 1.78 | LR: 1.87e-04 | Render_L1: 0.0278 | Alpha_L1: 0.0393 | Render_LPIPS: 0.1748 | cos(c,null): +0.5195 | GradNorm: 0.0859 | MSE/t: [0.00-0.50]0.532(n=1607) [0.50-0.85]0.389(n=1457) [0.85-0.95]0.330(n=136) [0.95-1.00]0.000(n=0)
2026-04-27 11:15:55,864 - INFO - [cond] cfg_signal=0.0624 (min=0.0385 max=0.1128, n=16) | class_signal=0.0774 (min=0.0401 max=0.1378, n=16) | pred_rms=0.6308
2026-04-27 11:15:55,927 - INFO - [render-loss] step=93800 masked 6/16 samples (t_value < 0.40)
2026-04-27 11:17:47,771 - INFO - Step   94000 | Epoch  11 | MSE: 0.4588 | Steps/sec: 1.79 | LR: 1.87e-04 | Render_L1: 0.0277 | Alpha_L1: 0.0383 | Render_LPIPS: 0.1751 | cos(c,null): +0.5197 | GradNorm: 0.0915 | MSE/t: [0.00-0.50]0.514(n=1619) [0.50-0.85]0.408(n=1465) [0.85-0.95]0.342(n=109) [0.95-1.00]0.263(n=7)
2026-04-27 11:17:48,247 - INFO - [cond] cfg_signal=0.0603 (min=0.0377 max=0.1006, n=16) | class_signal=0.0745 (min=0.0415 max=0.1297, n=16) | pred_rms=0.6215
2026-04-27 11:17:56,721 - INFO - [validation] saved: output/jit_JiT-B_8_kmeans_k103_v2/dit_validation/epoch_011_step_0094000_class091.png (class=91, sampler=heun, steps=100)
2026-04-27 11:17:58,168 - INFO - [overrides] applied from jit/configs/overrides.yaml: lr_scale=1.0 max_grad_norm=5.0 null_repel_weight=0.0 P_mean=0.0
2026-04-27 11:17:58,216 - INFO - [render-loss] step=94000 masked 8/16 samples (t_value < 0.40)
2026-04-27 11:19:50,555 - INFO - Step   94200 | Epoch  11 | MSE: 0.4653 | Steps/sec: 1.64 | LR: 1.87e-04 | Render_L1: 0.0275 | Alpha_L1: 0.0395 | Render_LPIPS: 0.1764 | cos(c,null): +0.5197 | GradNorm: 0.0858 | MSE/t: [0.00-0.50]0.538(n=1543) [0.50-0.85]0.398(n=1507) [0.85-0.95]0.401(n=144) [0.95-1.00]0.298(n=6)
2026-04-27 11:19:51,049 - INFO - [cond] cfg_signal=0.0601 (min=0.0394 max=0.0994, n=16) | class_signal=0.0756 (min=0.0461 max=0.1205, n=16) | pred_rms=0.6280
2026-04-27 11:19:51,113 - INFO - [render-loss] step=94200 masked 5/16 samples (t_value < 0.40)
2026-04-27 11:21:43,240 - INFO - Step   94400 | Epoch  11 | MSE: 0.4641 | Steps/sec: 1.78 | LR: 1.87e-04 | Render_L1: 0.0275 | Alpha_L1: 0.0395 | Render_LPIPS: 0.1741 | cos(c,null): +0.5215 | GradNorm: 0.0851 | MSE/t: [0.00-0.50]0.528(n=1591) [0.50-0.85]0.407(n=1476) [0.85-0.95]0.336(n=130) [0.95-1.00]0.174(n=3)
2026-04-27 11:21:43,835 - INFO - [cond] cfg_signal=0.0631 (min=0.0375 max=0.1040, n=16) | class_signal=0.0779 (min=0.0396 max=0.1294, n=16) | pred_rms=0.6303
2026-04-27 11:21:43,893 - INFO - [render-loss] step=94400 masked 4/16 samples (t_value < 0.40)
2026-04-27 11:23:35,662 - INFO - Step   94600 | Epoch  11 | MSE: 0.4545 | Steps/sec: 1.79 | LR: 1.87e-04 | Render_L1: 0.0270 | Alpha_L1: 0.0384 | Render_LPIPS: 0.1732 | cos(c,null): +0.5200 | GradNorm: 0.0849 | MSE/t: [0.00-0.50]0.504(n=1589) [0.50-0.85]0.407(n=1477) [0.85-0.95]0.398(n=126) [0.95-1.00]0.284(n=8)
2026-04-27 11:23:36,153 - INFO - [cond] cfg_signal=0.0636 (min=0.0456 max=0.1112, n=16) | class_signal=0.0798 (min=0.0386 max=0.1406, n=16) | pred_rms=0.6302
2026-04-27 11:23:36,214 - INFO - [render-loss] step=94600 masked 6/16 samples (t_value < 0.40)
2026-04-27 11:25:28,240 - INFO - Step   94800 | Epoch  11 | MSE: 0.4648 | Steps/sec: 1.78 | LR: 1.87e-04 | Render_L1: 0.0272 | Alpha_L1: 0.0384 | Render_LPIPS: 0.1729 | cos(c,null): +0.5208 | GradNorm: 0.0929 | MSE/t: [0.00-0.50]0.529(n=1636) [0.50-0.85]0.402(n=1413) [0.85-0.95]0.363(n=146) [0.95-1.00]0.384(n=5)
2026-04-27 11:25:28,739 - INFO - [cond] cfg_signal=0.0600 (min=0.0458 max=0.1073, n=16) | class_signal=0.0745 (min=0.0381 max=0.1184, n=16) | pred_rms=0.6326
2026-04-27 11:25:28,797 - INFO - [render-loss] step=94800 masked 2/16 samples (t_value < 0.40)
2026-04-27 11:27:20,786 - INFO - Step   95000 | Epoch  11 | MSE: 0.4603 | Steps/sec: 1.78 | LR: 1.87e-04 | Render_L1: 0.0269 | Alpha_L1: 0.0391 | Render_LPIPS: 0.1729 | cos(c,null): +0.5235 | GradNorm: 0.0878 | MSE/t: [0.00-0.50]0.520(n=1580) [0.50-0.85]0.407(n=1487) [0.85-0.95]0.341(n=125) [0.95-1.00]0.340(n=8)
2026-04-27 11:27:21,260 - INFO - [cond] cfg_signal=0.0598 (min=0.0344 max=0.1063, n=16) | class_signal=0.0740 (min=0.0354 max=0.1196, n=16) | pred_rms=0.6388
2026-04-27 11:27:29,527 - INFO - [validation] saved: output/jit_JiT-B_8_kmeans_k103_v2/dit_validation/epoch_011_step_0095000_class100.png (class=100, sampler=heun, steps=100)
2026-04-27 11:27:30,800 - INFO - [overrides] applied from jit/configs/overrides.yaml: lr_scale=1.0 max_grad_norm=5.0 null_repel_weight=0.0 P_mean=0.0
2026-04-27 11:27:30,848 - INFO - [render-loss] step=95000 masked 4/16 samples (t_value < 0.40)
2026-04-27 11:29:22,880 - INFO - Step   95200 | Epoch  11 | MSE: 0.4591 | Steps/sec: 1.64 | LR: 1.87e-04 | Render_L1: 0.0273 | Alpha_L1: 0.0387 | Render_LPIPS: 0.1731 | cos(c,null): +0.5254 | GradNorm: 0.0890 | MSE/t: [0.00-0.50]0.531(n=1614) [0.50-0.85]0.392(n=1437) [0.85-0.95]0.331(n=147) [0.95-1.00]0.224(n=2)
2026-04-27 11:29:23,369 - INFO - [cond] cfg_signal=0.0593 (min=0.0360 max=0.1085, n=16) | class_signal=0.0748 (min=0.0373 max=0.1209, n=16) | pred_rms=0.6118
2026-04-27 11:29:23,425 - INFO - [render-loss] step=95200 masked 3/16 samples (t_value < 0.40)
2026-04-27 11:31:15,211 - INFO - Step   95400 | Epoch  11 | MSE: 0.4614 | Steps/sec: 1.79 | LR: 1.87e-04 | Render_L1: 0.0273 | Alpha_L1: 0.0398 | Render_LPIPS: 0.1747 | cos(c,null): +0.5258 | GradNorm: 0.0852 | MSE/t: [0.00-0.50]0.523(n=1587) [0.50-0.85]0.403(n=1467) [0.85-0.95]0.390(n=140) [0.95-1.00]0.317(n=6)
2026-04-27 11:31:15,684 - INFO - [cond] cfg_signal=0.0620 (min=0.0372 max=0.1109, n=16) | class_signal=0.0792 (min=0.0408 max=0.1277, n=16) | pred_rms=0.6497
2026-04-27 11:31:15,739 - INFO - [render-loss] step=95400 masked 6/16 samples (t_value < 0.40)
2026-04-27 11:33:07,911 - INFO - Step   95600 | Epoch  11 | MSE: 0.4716 | Steps/sec: 1.78 | LR: 1.87e-04 | Render_L1: 0.0280 | Alpha_L1: 0.0405 | Render_LPIPS: 0.1787 | cos(c,null): +0.5221 | GradNorm: 0.0871 | MSE/t: [0.00-0.50]0.536(n=1558) [0.50-0.85]0.417(n=1497) [0.85-0.95]0.349(n=140) [0.95-1.00]0.348(n=5)
2026-04-27 11:33:08,383 - INFO - [cond] cfg_signal=0.0608 (min=0.0388 max=0.1061, n=16) | class_signal=0.0757 (min=0.0382 max=0.1200, n=16) | pred_rms=0.6052
2026-04-27 11:33:08,439 - INFO - [render-loss] step=95600 masked 3/16 samples (t_value < 0.40)
2026-04-27 11:35:00,885 - INFO - Step   95800 | Epoch  11 | MSE: 0.4611 | Steps/sec: 1.78 | LR: 1.87e-04 | Render_L1: 0.0279 | Alpha_L1: 0.0393 | Render_LPIPS: 0.1770 | cos(c,null): +0.5206 | GradNorm: 0.0830 | MSE/t: [0.00-0.50]0.525(n=1571) [0.50-0.85]0.406(n=1493) [0.85-0.95]0.338(n=128) [0.95-1.00]0.312(n=8)
2026-04-27 11:35:01,363 - INFO - [cond] cfg_signal=0.0603 (min=0.0431 max=0.1013, n=16) | class_signal=0.0761 (min=0.0406 max=0.1226, n=16) | pred_rms=0.6292
2026-04-27 11:35:01,419 - INFO - [render-loss] step=95800 masked 6/16 samples (t_value < 0.40)
2026-04-27 11:36:53,374 - INFO - Step   96000 | Epoch  11 | MSE: 0.4664 | Steps/sec: 1.79 | LR: 1.86e-04 | Render_L1: 0.0271 | Alpha_L1: 0.0383 | Render_LPIPS: 0.1729 | cos(c,null): +0.5196 | GradNorm: 0.0823 | MSE/t: [0.00-0.50]0.547(n=1546) [0.50-0.85]0.392(n=1521) [0.85-0.95]0.387(n=127) [0.95-1.00]0.264(n=6)
2026-04-27 11:36:53,832 - INFO - [cond] cfg_signal=0.0594 (min=0.0420 max=0.1060, n=16) | class_signal=0.0748 (min=0.0456 max=0.1163, n=16) | pred_rms=0.6075
2026-04-27 11:37:01,990 - INFO - [validation] saved: output/jit_JiT-B_8_kmeans_k103_v2/dit_validation/epoch_011_step_0096000_class095.png (class=95, sampler=heun, steps=100)
2026-04-27 11:37:03,232 - INFO - [overrides] applied from jit/configs/overrides.yaml: lr_scale=1.0 max_grad_norm=5.0 null_repel_weight=0.0 P_mean=0.0
2026-04-27 11:37:03,283 - INFO - [render-loss] step=96000 masked 8/16 samples (t_value < 0.40)
2026-04-27 11:38:55,068 - INFO - Step   96200 | Epoch  11 | MSE: 0.4623 | Steps/sec: 1.65 | LR: 1.86e-04 | Render_L1: 0.0274 | Alpha_L1: 0.0386 | Render_LPIPS: 0.1732 | cos(c,null): +0.5205 | GradNorm: 0.0842 | MSE/t: [0.00-0.50]0.533(n=1585) [0.50-0.85]0.398(n=1485) [0.85-0.95]0.327(n=126) [0.95-1.00]0.471(n=4)
2026-04-27 11:38:55,546 - INFO - [cond] cfg_signal=0.0628 (min=0.0434 max=0.1057, n=16) | class_signal=0.0819 (min=0.0451 max=0.1309, n=16) | pred_rms=0.6361
2026-04-27 11:38:55,602 - INFO - [render-loss] step=96200 masked 3/16 samples (t_value < 0.40)
2026-04-27 11:40:48,261 - INFO - Step   96400 | Epoch  11 | MSE: 0.4702 | Steps/sec: 1.77 | LR: 1.86e-04 | Render_L1: 0.0282 | Alpha_L1: 0.0405 | Render_LPIPS: 0.1767 | cos(c,null): +0.5173 | GradNorm: 0.1164 | MSE/t: [0.00-0.50]0.546(n=1584) [0.50-0.85]0.398(n=1469) [0.85-0.95]0.379(n=145) [0.95-1.00]0.450(n=2)
2026-04-27 11:40:48,738 - INFO - [cond] cfg_signal=0.0613 (min=0.0428 max=0.0998, n=16) | class_signal=0.0743 (min=0.0426 max=0.1173, n=16) | pred_rms=0.5695
2026-04-27 11:40:48,796 - INFO - [render-loss] step=96400 masked 2/16 samples (t_value < 0.40)
2026-04-27 11:42:40,540 - INFO - Step   96600 | Epoch  11 | MSE: 0.4631 | Steps/sec: 1.79 | LR: 1.86e-04 | Render_L1: 0.0276 | Alpha_L1: 0.0393 | Render_LPIPS: 0.1763 | cos(c,null): +0.5147 | GradNorm: 0.0841 | MSE/t: [0.00-0.50]0.529(n=1596) [0.50-0.85]0.398(n=1469) [0.85-0.95]0.388(n=130) [0.95-1.00]0.253(n=5)
2026-04-27 11:42:41,004 - INFO - [cond] cfg_signal=0.0579 (min=0.0386 max=0.0979, n=16) | class_signal=0.0716 (min=0.0382 max=0.1170, n=16) | pred_rms=0.5914
2026-04-27 11:42:41,061 - INFO - [render-loss] step=96600 masked 5/16 samples (t_value < 0.40)
2026-04-27 11:44:32,842 - INFO - Step   96800 | Epoch  11 | MSE: 0.4749 | Steps/sec: 1.79 | LR: 1.86e-04 | Render_L1: 0.0279 | Alpha_L1: 0.0388 | Render_LPIPS: 0.1757 | cos(c,null): +0.5177 | GradNorm: 0.0864 | MSE/t: [0.00-0.50]0.547(n=1591) [0.50-0.85]0.406(n=1471) [0.85-0.95]0.381(n=132) [0.95-1.00]0.267(n=6)
2026-04-27 11:44:33,310 - INFO - [cond] cfg_signal=0.0553 (min=0.0382 max=0.0919, n=16) | class_signal=0.0700 (min=0.0340 max=0.1068, n=16) | pred_rms=0.5985
2026-04-27 11:44:33,371 - INFO - [render-loss] step=96800 masked 7/16 samples (t_value < 0.40)
2026-04-27 11:46:25,477 - INFO - Step   97000 | Epoch  11 | MSE: 0.4643 | Steps/sec: 1.78 | LR: 1.86e-04 | Render_L1: 0.0272 | Alpha_L1: 0.0386 | Render_LPIPS: 0.1741 | cos(c,null): +0.5214 | GradNorm: 0.0813 | MSE/t: [0.00-0.50]0.535(n=1600) [0.50-0.85]0.400(n=1452) [0.85-0.95]0.320(n=147) [0.95-1.00]0.835(n=1)
2026-04-27 11:46:25,960 - INFO - [cond] cfg_signal=0.0591 (min=0.0414 max=0.1024, n=16) | class_signal=0.0756 (min=0.0418 max=0.1124, n=16) | pred_rms=0.5261
2026-04-27 11:46:34,325 - INFO - [validation] saved: output/jit_JiT-B_8_kmeans_k103_v2/dit_validation/epoch_011_step_0097000_class072.png (class=72, sampler=heun, steps=100)
2026-04-27 11:46:35,587 - INFO - [overrides] applied from jit/configs/overrides.yaml: lr_scale=1.0 max_grad_norm=5.0 null_repel_weight=0.0 P_mean=0.0
2026-04-27 11:46:35,639 - INFO - [render-loss] step=97000 masked 4/16 samples (t_value < 0.40)
2026-04-27 11:48:27,669 - INFO - Step   97200 | Epoch  11 | MSE: 0.4655 | Steps/sec: 1.64 | LR: 1.86e-04 | Render_L1: 0.0273 | Alpha_L1: 0.0389 | Render_LPIPS: 0.1736 | cos(c,null): +0.5235 | GradNorm: 0.0823 | MSE/t: [0.00-0.50]0.527(n=1577) [0.50-0.85]0.410(n=1487) [0.85-0.95]0.362(n=128) [0.95-1.00]0.251(n=8)
2026-04-27 11:48:28,139 - INFO - [cond] cfg_signal=0.0534 (min=0.0362 max=0.0906, n=16) | class_signal=0.0696 (min=0.0420 max=0.1071, n=16) | pred_rms=0.5762
2026-04-27 11:48:28,195 - INFO - [render-loss] step=97200 masked 5/16 samples (t_value < 0.40)
2026-04-27 11:50:20,176 - INFO - Step   97400 | Epoch  11 | MSE: 0.4571 | Steps/sec: 1.79 | LR: 1.86e-04 | Render_L1: 0.0270 | Alpha_L1: 0.0389 | Render_LPIPS: 0.1712 | cos(c,null): +0.5245 | GradNorm: 0.0855 | MSE/t: [0.00-0.50]0.523(n=1593) [0.50-0.85]0.397(n=1473) [0.85-0.95]0.338(n=127) [0.95-1.00]0.336(n=7)
2026-04-27 11:50:20,644 - INFO - [cond] cfg_signal=0.0552 (min=0.0359 max=0.0988, n=16) | class_signal=0.0718 (min=0.0411 max=0.1161, n=16) | pred_rms=0.5886
2026-04-27 11:50:20,700 - INFO - [render-loss] step=97400 masked 3/16 samples (t_value < 0.40)
2026-04-27 11:52:12,667 - INFO - Step   97600 | Epoch  11 | MSE: 0.4616 | Steps/sec: 1.79 | LR: 1.86e-04 | Render_L1: 0.0268 | Alpha_L1: 0.0378 | Render_LPIPS: 0.1716 | cos(c,null): +0.5232 | GradNorm: 0.0847 | MSE/t: [0.00-0.50]0.521(n=1631) [0.50-0.85]0.404(n=1457) [0.85-0.95]0.345(n=107) [0.95-1.00]0.216(n=5)
2026-04-27 11:52:13,136 - INFO - [cond] cfg_signal=0.0547 (min=0.0354 max=0.0952, n=16) | class_signal=0.0708 (min=0.0464 max=0.1041, n=16) | pred_rms=0.5784
2026-04-27 11:52:13,192 - INFO - [render-loss] step=97600 masked 4/16 samples (t_value < 0.40)
2026-04-27 11:54:05,206 - INFO - Step   97800 | Epoch  11 | MSE: 0.4689 | Steps/sec: 1.78 | LR: 1.86e-04 | Render_L1: 0.0280 | Alpha_L1: 0.0396 | Render_LPIPS: 0.1757 | cos(c,null): +0.5262 | GradNorm: 0.0857 | MSE/t: [0.00-0.50]0.527(n=1630) [0.50-0.85]0.414(n=1442) [0.85-0.95]0.336(n=121) [0.95-1.00]0.471(n=7)
2026-04-27 11:54:05,682 - INFO - [cond] cfg_signal=0.0562 (min=0.0378 max=0.0995, n=16) | class_signal=0.0734 (min=0.0449 max=0.1212, n=16) | pred_rms=0.5818
2026-04-27 11:54:05,739 - INFO - [render-loss] step=97800 masked 6/16 samples (t_value < 0.40)
2026-04-27 11:55:57,868 - INFO - Step   98000 | Epoch  11 | MSE: 0.4619 | Steps/sec: 1.78 | LR: 1.86e-04 | Render_L1: 0.0266 | Alpha_L1: 0.0387 | Render_LPIPS: 0.1705 | cos(c,null): +0.5280 | GradNorm: 0.0874 | MSE/t: [0.00-0.50]0.530(n=1586) [0.50-0.85]0.398(n=1492) [0.85-0.95]0.355(n=114) [0.95-1.00]0.441(n=8)
2026-04-27 11:55:58,384 - INFO - [cond] cfg_signal=0.0533 (min=0.0346 max=0.0930, n=16) | class_signal=0.0705 (min=0.0426 max=0.1106, n=16) | pred_rms=0.5744
2026-04-27 11:56:06,643 - INFO - [validation] saved: output/jit_JiT-B_8_kmeans_k103_v2/dit_validation/epoch_011_step_0098000_class034.png (class=34, sampler=heun, steps=100)
2026-04-27 11:56:07,948 - INFO - [overrides] applied from jit/configs/overrides.yaml: lr_scale=1.0 max_grad_norm=5.0 null_repel_weight=0.0 P_mean=0.0
2026-04-27 11:56:07,997 - INFO - [render-loss] step=98000 masked 3/16 samples (t_value < 0.40)
2026-04-27 11:58:00,249 - INFO - Step   98200 | Epoch  11 | MSE: 0.4595 | Steps/sec: 1.64 | LR: 1.86e-04 | Render_L1: 0.0263 | Alpha_L1: 0.0384 | Render_LPIPS: 0.1704 | cos(c,null): +0.5287 | GradNorm: 0.0829 | MSE/t: [0.00-0.50]0.527(n=1626) [0.50-0.85]0.394(n=1448) [0.85-0.95]0.331(n=117) [0.95-1.00]0.367(n=9)
2026-04-27 11:58:00,727 - INFO - [cond] cfg_signal=0.0568 (min=0.0351 max=0.1035, n=16) | class_signal=0.0734 (min=0.0421 max=0.1121, n=16) | pred_rms=0.5949
2026-04-27 11:58:00,784 - INFO - [render-loss] step=98200 masked 8/16 samples (t_value < 0.40)
2026-04-27 11:59:52,775 - INFO - Step   98400 | Epoch  11 | MSE: 0.4655 | Steps/sec: 1.78 | LR: 1.86e-04 | Render_L1: 0.0277 | Alpha_L1: 0.0396 | Render_LPIPS: 0.1737 | cos(c,null): +0.5290 | GradNorm: 0.0863 | MSE/t: [0.00-0.50]0.536(n=1630) [0.50-0.85]0.397(n=1452) [0.85-0.95]0.340(n=112) [0.95-1.00]0.295(n=6)
2026-04-27 11:59:53,250 - INFO - [cond] cfg_signal=0.0556 (min=0.0334 max=0.0966, n=16) | class_signal=0.0716 (min=0.0460 max=0.1026, n=16) | pred_rms=0.6067
2026-04-27 11:59:53,305 - INFO - [render-loss] step=98400 masked 8/16 samples (t_value < 0.40)
2026-04-27 12:01:45,131 - INFO - Step   98600 | Epoch  11 | MSE: 0.4566 | Steps/sec: 1.79 | LR: 1.86e-04 | Render_L1: 0.0273 | Alpha_L1: 0.0387 | Render_LPIPS: 0.1742 | cos(c,null): +0.5311 | GradNorm: 0.0800 | MSE/t: [0.00-0.50]0.524(n=1566) [0.50-0.85]0.392(n=1508) [0.85-0.95]0.391(n=123) [0.95-1.00]0.295(n=3)
2026-04-27 12:01:45,603 - INFO - [cond] cfg_signal=0.0602 (min=0.0396 max=0.1101, n=16) | class_signal=0.0791 (min=0.0506 max=0.1184, n=16) | pred_rms=0.5998
2026-04-27 12:01:45,659 - INFO - [render-loss] step=98600 masked 8/16 samples (t_value < 0.40)
2026-04-27 12:03:37,877 - INFO - Step   98800 | Epoch  11 | MSE: 0.4660 | Steps/sec: 1.78 | LR: 1.86e-04 | Render_L1: 0.0269 | Alpha_L1: 0.0388 | Render_LPIPS: 0.1731 | cos(c,null): +0.5321 | GradNorm: 0.0852 | MSE/t: [0.00-0.50]0.540(n=1600) [0.50-0.85]0.399(n=1481) [0.85-0.95]0.303(n=114) [0.95-1.00]0.260(n=5)
2026-04-27 12:03:38,353 - INFO - [cond] cfg_signal=0.0575 (min=0.0342 max=0.1063, n=16) | class_signal=0.0757 (min=0.0480 max=0.1157, n=16) | pred_rms=0.5883
2026-04-27 12:03:38,408 - INFO - [render-loss] step=98800 masked 7/16 samples (t_value < 0.40)
2026-04-27 12:05:30,064 - INFO - Step   99000 | Epoch  11 | MSE: 0.4635 | Steps/sec: 1.79 | LR: 1.86e-04 | Render_L1: 0.0276 | Alpha_L1: 0.0397 | Render_LPIPS: 0.1758 | cos(c,null): +0.5339 | GradNorm: 0.1307 | MSE/t: [0.00-0.50]0.528(n=1619) [0.50-0.85]0.400(n=1460) [0.85-0.95]0.364(n=117) [0.95-1.00]0.456(n=4)
2026-04-27 12:05:30,545 - INFO - [cond] cfg_signal=0.0600 (min=0.0390 max=0.0994, n=16) | class_signal=0.0776 (min=0.0454 max=0.1120, n=16) | pred_rms=0.5916
2026-04-27 12:05:38,678 - INFO - [validation] saved: output/jit_JiT-B_8_kmeans_k103_v2/dit_validation/epoch_011_step_0099000_class053.png (class=53, sampler=heun, steps=100)
2026-04-27 12:05:39,946 - INFO - [overrides] applied from jit/configs/overrides.yaml: lr_scale=1.0 max_grad_norm=5.0 null_repel_weight=0.0 P_mean=0.0
2026-04-27 12:05:39,994 - INFO - [render-loss] step=99000 masked 1/16 samples (t_value < 0.40)
2026-04-27 12:07:31,922 - INFO - Step   99200 | Epoch  11 | MSE: 0.4544 | Steps/sec: 1.65 | LR: 1.86e-04 | Render_L1: 0.0271 | Alpha_L1: 0.0390 | Render_LPIPS: 0.1737 | cos(c,null): +0.5335 | GradNorm: 0.0871 | MSE/t: [0.00-0.50]0.512(n=1603) [0.50-0.85]0.399(n=1468) [0.85-0.95]0.374(n=123) [0.95-1.00]0.242(n=6)
2026-04-27 12:07:32,409 - INFO - [cond] cfg_signal=0.0548 (min=0.0331 max=0.0875, n=16) | class_signal=0.0716 (min=0.0411 max=0.1084, n=16) | pred_rms=0.5803
2026-04-27 12:07:32,465 - INFO - [render-loss] step=99200 masked 3/16 samples (t_value < 0.40)
2026-04-27 12:09:24,645 - INFO - Step   99400 | Epoch  11 | MSE: 0.4545 | Steps/sec: 1.78 | LR: 1.86e-04 | Render_L1: 0.0263 | Alpha_L1: 0.0381 | Render_LPIPS: 0.1723 | cos(c,null): +0.5352 | GradNorm: 0.0815 | MSE/t: [0.00-0.50]0.518(n=1571) [0.50-0.85]0.395(n=1479) [0.85-0.95]0.377(n=144) [0.95-1.00]0.292(n=6)
2026-04-27 12:09:25,139 - INFO - [cond] cfg_signal=0.0561 (min=0.0385 max=0.1007, n=16) | class_signal=0.0727 (min=0.0427 max=0.1109, n=16) | pred_rms=0.5885
2026-04-27 12:09:25,197 - INFO - [render-loss] step=99400 masked 6/16 samples (t_value < 0.40)
2026-04-27 12:11:18,216 - INFO - Step   99600 | Epoch  12 | MSE: 0.4635 | Steps/sec: 1.77 | LR: 1.85e-04 | Render_L1: 0.0275 | Alpha_L1: 0.0391 | Render_LPIPS: 0.1731 | cos(c,null): +0.5334 | GradNorm: 0.0969 | MSE/t: [0.00-0.50]0.531(n=1568) [0.50-0.85]0.399(n=1485) [0.85-0.95]0.397(n=143) [0.95-1.00]0.360(n=4)
2026-04-27 12:11:18,705 - INFO - [cond] cfg_signal=0.0538 (min=0.0314 max=0.0948, n=16) | class_signal=0.0704 (min=0.0367 max=0.1064, n=16) | pred_rms=0.5805
2026-04-27 12:11:18,764 - INFO - [render-loss] step=99600 masked 4/16 samples (t_value < 0.40)
2026-04-27 12:13:10,480 - INFO - Step   99800 | Epoch  12 | MSE: 0.4669 | Steps/sec: 1.79 | LR: 1.85e-04 | Render_L1: 0.0272 | Alpha_L1: 0.0383 | Render_LPIPS: 0.1739 | cos(c,null): +0.5333 | GradNorm: 0.0849 | MSE/t: [0.00-0.50]0.529(n=1630) [0.50-0.85]0.406(n=1452) [0.85-0.95]0.362(n=116) [0.95-1.00]0.359(n=2)
2026-04-27 12:13:10,947 - INFO - [cond] cfg_signal=0.0551 (min=0.0339 max=0.1022, n=16) | class_signal=0.0723 (min=0.0377 max=0.1164, n=16) | pred_rms=0.5861
2026-04-27 12:13:11,002 - INFO - [render-loss] step=99800 masked 5/16 samples (t_value < 0.40)
2026-04-27 12:15:02,969 - INFO - Step  100000 | Epoch  12 | MSE: 0.4752 | Steps/sec: 1.79 | LR: 1.85e-04 | Render_L1: 0.0270 | Alpha_L1: 0.0387 | Render_LPIPS: 0.1723 | cos(c,null): +0.5307 | GradNorm: 0.0847 | MSE/t: [0.00-0.50]0.556(n=1608) [0.50-0.85]0.397(n=1452) [0.85-0.95]0.363(n=132) [0.95-1.00]0.347(n=8)
2026-04-27 12:15:03,447 - INFO - [cond] cfg_signal=0.0568 (min=0.0342 max=0.0951, n=16) | class_signal=0.0733 (min=0.0377 max=0.1113, n=16) | pred_rms=0.5994
2026-04-27 12:15:06,326 - INFO - Saved checkpoint to output/jit_JiT-B_8_kmeans_k103_v2/0100000.pt
2026-04-27 12:15:06,785 - INFO - [cond] cfg_signal=0.0568 (min=0.0342 max=0.0951, n=16) | class_signal=0.0733 (min=0.0377 max=0.1113, n=16) | pred_rms=0.5994
2026-04-27 12:15:15,305 - INFO - [validation] saved: output/jit_JiT-B_8_kmeans_k103_v2/dit_validation/epoch_012_step_0100000_class087.png (class=87, sampler=heun, steps=100)
2026-04-27 12:15:16,591 - INFO - [overrides] applied from jit/configs/overrides.yaml: lr_scale=1.0 max_grad_norm=5.0 null_repel_weight=0.0 P_mean=0.0
2026-04-27 12:15:16,665 - INFO - [render-loss] step=100000 masked 5/16 samples (t_value < 0.40)
2026-04-27 12:17:08,420 - INFO - Step  100200 | Epoch  12 | MSE: 0.4754 | Steps/sec: 1.60 | LR: 1.85e-04 | Render_L1: 0.0278 | Alpha_L1: 0.0404 | Render_LPIPS: 0.1764 | cos(c,null): +0.5316 | GradNorm: 0.0873 | MSE/t: [0.00-0.50]0.538(n=1612) [0.50-0.85]0.416(n=1446) [0.85-0.95]0.361(n=135) [0.95-1.00]0.516(n=7)
2026-04-27 12:17:08,890 - INFO - [cond] cfg_signal=0.0561 (min=0.0330 max=0.0916, n=16) | class_signal=0.0717 (min=0.0368 max=0.1059, n=16) | pred_rms=0.5896
2026-04-27 12:17:08,950 - INFO - [render-loss] step=100200 masked 7/16 samples (t_value < 0.40)
2026-04-27 12:19:00,808 - INFO - Step  100400 | Epoch  12 | MSE: 0.4544 | Steps/sec: 1.79 | LR: 1.85e-04 | Render_L1: 0.0274 | Alpha_L1: 0.0390 | Render_LPIPS: 0.1737 | cos(c,null): +0.5317 | GradNorm: 0.0880 | MSE/t: [0.00-0.50]0.520(n=1568) [0.50-0.85]0.395(n=1493) [0.85-0.95]0.349(n=135) [0.95-1.00]0.590(n=4)
2026-04-27 12:19:01,283 - INFO - [cond] cfg_signal=0.0548 (min=0.0331 max=0.0868, n=16) | class_signal=0.0698 (min=0.0345 max=0.0969, n=16) | pred_rms=0.5860
2026-04-27 12:19:01,342 - INFO - [render-loss] step=100400 masked 6/16 samples (t_value < 0.40)
2026-04-27 12:20:53,641 - INFO - Step  100600 | Epoch  12 | MSE: 0.4593 | Steps/sec: 1.78 | LR: 1.85e-04 | Render_L1: 0.0264 | Alpha_L1: 0.0374 | Render_LPIPS: 0.1704 | cos(c,null): +0.5304 | GradNorm: 1.4286 | MSE/t: [0.00-0.50]0.527(n=1611) [0.50-0.85]0.396(n=1451) [0.85-0.95]0.333(n=134) [0.95-1.00]0.383(n=4)
2026-04-27 12:20:54,114 - INFO - [cond] cfg_signal=0.0565 (min=0.0342 max=0.0936, n=16) | class_signal=0.0732 (min=0.0353 max=0.1044, n=16) | pred_rms=0.5881
2026-04-27 12:20:54,171 - INFO - [render-loss] step=100600 masked 4/16 samples (t_value < 0.40)
2026-04-27 12:22:45,998 - INFO - Step  100800 | Epoch  12 | MSE: 0.4690 | Steps/sec: 1.79 | LR: 1.85e-04 | Render_L1: 0.0276 | Alpha_L1: 0.0391 | Render_LPIPS: 0.1747 | cos(c,null): +0.5320 | GradNorm: 0.0858 | MSE/t: [0.00-0.50]0.530(n=1629) [0.50-0.85]0.410(n=1443) [0.85-0.95]0.356(n=124) [0.95-1.00]0.397(n=4)
2026-04-27 12:22:46,472 - INFO - [cond] cfg_signal=0.0560 (min=0.0381 max=0.0978, n=16) | class_signal=0.0727 (min=0.0336 max=0.1064, n=16) | pred_rms=0.5907
2026-04-27 12:22:46,528 - INFO - [render-loss] step=100800 masked 6/16 samples (t_value < 0.40)
2026-04-27 12:24:38,780 - INFO - Step  101000 | Epoch  12 | MSE: 0.4532 | Steps/sec: 1.78 | LR: 1.85e-04 | Render_L1: 0.0264 | Alpha_L1: 0.0383 | Render_LPIPS: 0.1709 | cos(c,null): +0.5334 | GradNorm: 0.0845 | MSE/t: [0.00-0.50]0.512(n=1639) [0.50-0.85]0.393(n=1422) [0.85-0.95]0.363(n=136) [0.95-1.00]1.039(n=3)
2026-04-27 12:24:39,267 - INFO - [cond] cfg_signal=0.0556 (min=0.0349 max=0.0963, n=16) | class_signal=0.0738 (min=0.0343 max=0.1104, n=16) | pred_rms=0.6027
2026-04-27 12:24:47,624 - INFO - [validation] saved: output/jit_JiT-B_8_kmeans_k103_v2/dit_validation/epoch_012_step_0101000_class034.png (class=34, sampler=heun, steps=100)
2026-04-27 12:24:48,945 - INFO - [overrides] applied from jit/configs/overrides.yaml: lr_scale=1.0 max_grad_norm=5.0 null_repel_weight=0.0 P_mean=0.0
2026-04-27 12:24:48,994 - INFO - [render-loss] step=101000 masked 5/16 samples (t_value < 0.40)
2026-04-27 12:26:40,967 - INFO - Step  101200 | Epoch  12 | MSE: 0.4649 | Steps/sec: 1.64 | LR: 1.85e-04 | Render_L1: 0.0270 | Alpha_L1: 0.0386 | Render_LPIPS: 0.1736 | cos(c,null): +0.5327 | GradNorm: 0.0898 | MSE/t: [0.00-0.50]0.535(n=1572) [0.50-0.85]0.400(n=1493) [0.85-0.95]0.357(n=129) [0.95-1.00]0.447(n=6)
2026-04-27 12:26:41,436 - INFO - [cond] cfg_signal=0.0586 (min=0.0418 max=0.1010, n=16) | class_signal=0.0756 (min=0.0396 max=0.1095, n=16) | pred_rms=0.5987
2026-04-27 12:26:41,491 - INFO - [render-loss] step=101200 masked 8/16 samples (t_value < 0.40)
2026-04-27 12:28:33,606 - INFO - Step  101400 | Epoch  12 | MSE: 0.4632 | Steps/sec: 1.78 | LR: 1.85e-04 | Render_L1: 0.0265 | Alpha_L1: 0.0378 | Render_LPIPS: 0.1697 | cos(c,null): +0.5314 | GradNorm: 0.0872 | MSE/t: [0.00-0.50]0.536(n=1575) [0.50-0.85]0.396(n=1485) [0.85-0.95]0.360(n=136) [0.95-1.00]0.322(n=4)
2026-04-27 12:28:34,077 - INFO - [cond] cfg_signal=0.0550 (min=0.0368 max=0.0934, n=16) | class_signal=0.0721 (min=0.0369 max=0.0983, n=16) | pred_rms=0.5926
2026-04-27 12:28:34,133 - INFO - [render-loss] step=101400 masked 7/16 samples (t_value < 0.40)
2026-04-27 12:30:26,006 - INFO - Step  101600 | Epoch  12 | MSE: 0.4732 | Steps/sec: 1.79 | LR: 1.85e-04 | Render_L1: 0.0272 | Alpha_L1: 0.0391 | Render_LPIPS: 0.1762 | cos(c,null): +0.5310 | GradNorm: 0.0815 | MSE/t: [0.00-0.50]0.536(n=1608) [0.50-0.85]0.411(n=1488) [0.85-0.95]0.405(n=101) [0.95-1.00]0.255(n=3)
2026-04-27 12:30:26,481 - INFO - [cond] cfg_signal=0.0562 (min=0.0396 max=0.0965, n=16) | class_signal=0.0731 (min=0.0365 max=0.1097, n=16) | pred_rms=0.5942
2026-04-27 12:30:26,537 - INFO - [render-loss] step=101600 masked 6/16 samples (t_value < 0.40)
2026-04-27 12:32:18,454 - INFO - Step  101800 | Epoch  12 | MSE: 0.4614 | Steps/sec: 1.79 | LR: 1.85e-04 | Render_L1: 0.0264 | Alpha_L1: 0.0385 | Render_LPIPS: 0.1719 | cos(c,null): +0.5311 | GradNorm: 0.0786 | MSE/t: [0.00-0.50]0.524(n=1603) [0.50-0.85]0.404(n=1463) [0.85-0.95]0.334(n=129) [0.95-1.00]0.382(n=5)
2026-04-27 12:32:18,936 - INFO - [cond] cfg_signal=0.0586 (min=0.0403 max=0.1031, n=16) | class_signal=0.0765 (min=0.0378 max=0.1171, n=16) | pred_rms=0.5955
2026-04-27 12:32:19,001 - INFO - [render-loss] step=101800 masked 2/16 samples (t_value < 0.40)
2026-04-27 12:34:11,095 - INFO - Step  102000 | Epoch  12 | MSE: 0.4586 | Steps/sec: 1.78 | LR: 1.85e-04 | Render_L1: 0.0272 | Alpha_L1: 0.0384 | Render_LPIPS: 0.1728 | cos(c,null): +0.5335 | GradNorm: 0.0817 | MSE/t: [0.00-0.50]0.514(n=1593) [0.50-0.85]0.411(n=1473) [0.85-0.95]0.316(n=126) [0.95-1.00]0.382(n=8)
2026-04-27 12:34:11,561 - INFO - [cond] cfg_signal=0.0597 (min=0.0404 max=0.1017, n=16) | class_signal=0.0769 (min=0.0397 max=0.1166, n=16) | pred_rms=0.6126
2026-04-27 12:34:19,896 - INFO - [validation] saved: output/jit_JiT-B_8_kmeans_k103_v2/dit_validation/epoch_012_step_0102000_class098.png (class=98, sampler=heun, steps=100)
2026-04-27 12:34:21,343 - INFO - [overrides] applied from jit/configs/overrides.yaml: lr_scale=1.0 max_grad_norm=5.0 null_repel_weight=0.0 P_mean=0.0
2026-04-27 12:34:21,391 - INFO - [render-loss] step=102000 masked 4/16 samples (t_value < 0.40)
2026-04-27 12:36:13,599 - INFO - Step  102200 | Epoch  12 | MSE: 0.4609 | Steps/sec: 1.64 | LR: 1.85e-04 | Render_L1: 0.0273 | Alpha_L1: 0.0385 | Render_LPIPS: 0.1732 | cos(c,null): +0.5343 | GradNorm: 0.0823 | MSE/t: [0.00-0.50]0.525(n=1629) [0.50-0.85]0.399(n=1438) [0.85-0.95]0.341(n=125) [0.95-1.00]0.390(n=8)
2026-04-27 12:36:14,072 - INFO - [cond] cfg_signal=0.0557 (min=0.0389 max=0.0977, n=16) | class_signal=0.0700 (min=0.0348 max=0.1024, n=16) | pred_rms=0.6187
2026-04-27 12:36:14,127 - INFO - [render-loss] step=102200 masked 6/16 samples (t_value < 0.40)
2026-04-27 12:38:06,403 - INFO - Step  102400 | Epoch  12 | MSE: 0.4655 | Steps/sec: 1.78 | LR: 1.85e-04 | Render_L1: 0.0276 | Alpha_L1: 0.0389 | Render_LPIPS: 0.1746 | cos(c,null): +0.5378 | GradNorm: 0.0806 | MSE/t: [0.00-0.50]0.533(n=1606) [0.50-0.85]0.402(n=1488) [0.85-0.95]0.344(n=105) [0.95-1.00]0.148(n=1)
2026-04-27 12:38:06,870 - INFO - [cond] cfg_signal=0.0568 (min=0.0393 max=0.0996, n=16) | class_signal=0.0742 (min=0.0352 max=0.1098, n=16) | pred_rms=0.6113
2026-04-27 12:38:06,927 - INFO - [render-loss] step=102400 masked 3/16 samples (t_value < 0.40)
2026-04-27 12:39:58,948 - INFO - Step  102600 | Epoch  12 | MSE: 0.4660 | Steps/sec: 1.78 | LR: 1.85e-04 | Render_L1: 0.0275 | Alpha_L1: 0.0385 | Render_LPIPS: 0.1737 | cos(c,null): +0.5395 | GradNorm: 0.0879 | MSE/t: [0.00-0.50]0.539(n=1549) [0.50-0.85]0.400(n=1537) [0.85-0.95]0.368(n=109) [0.95-1.00]0.329(n=5)
2026-04-27 12:39:59,437 - INFO - [cond] cfg_signal=0.0545 (min=0.0369 max=0.0915, n=16) | class_signal=0.0708 (min=0.0348 max=0.1019, n=16) | pred_rms=0.6157
2026-04-27 12:39:59,494 - INFO - [render-loss] step=102600 masked 5/16 samples (t_value < 0.40)
2026-04-27 12:41:51,537 - INFO - Step  102800 | Epoch  12 | MSE: 0.4672 | Steps/sec: 1.78 | LR: 1.85e-04 | Render_L1: 0.0270 | Alpha_L1: 0.0388 | Render_LPIPS: 0.1723 | cos(c,null): +0.5387 | GradNorm: 0.0897 | MSE/t: [0.00-0.50]0.545(n=1578) [0.50-0.85]0.395(n=1495) [0.85-0.95]0.349(n=122) [0.95-1.00]0.606(n=5)
2026-04-27 12:41:52,009 - INFO - [cond] cfg_signal=0.0578 (min=0.0368 max=0.0987, n=16) | class_signal=0.0753 (min=0.0376 max=0.1177, n=16) | pred_rms=0.6266
2026-04-27 12:41:52,065 - INFO - [render-loss] step=102800 masked 8/16 samples (t_value < 0.40)
2026-04-27 12:43:44,067 - INFO - Step  103000 | Epoch  12 | MSE: 0.4664 | Steps/sec: 1.78 | LR: 1.85e-04 | Render_L1: 0.0268 | Alpha_L1: 0.0375 | Render_LPIPS: 0.1715 | cos(c,null): +0.5402 | GradNorm: 0.0836 | MSE/t: [0.00-0.50]0.533(n=1612) [0.50-0.85]0.404(n=1469) [0.85-0.95]0.337(n=114) [0.95-1.00]0.315(n=5)
2026-04-27 12:43:44,550 - INFO - [cond] cfg_signal=0.0571 (min=0.0381 max=0.0984, n=16) | class_signal=0.0750 (min=0.0365 max=0.1183, n=16) | pred_rms=0.6132
2026-04-27 12:43:53,021 - INFO - [validation] saved: output/jit_JiT-B_8_kmeans_k103_v2/dit_validation/epoch_012_step_0103000_class050.png (class=50, sampler=heun, steps=100)
2026-04-27 12:43:54,255 - INFO - [overrides] applied from jit/configs/overrides.yaml: lr_scale=1.0 max_grad_norm=5.0 null_repel_weight=0.0 P_mean=0.0
2026-04-27 12:43:54,308 - INFO - [render-loss] step=103000 masked 6/16 samples (t_value < 0.40)
2026-04-27 12:45:46,143 - INFO - Step  103200 | Epoch  12 | MSE: 0.4665 | Steps/sec: 1.64 | LR: 1.84e-04 | Render_L1: 0.0270 | Alpha_L1: 0.0381 | Render_LPIPS: 0.1736 | cos(c,null): +0.5411 | GradNorm: 0.0864 | MSE/t: [0.00-0.50]0.534(n=1566) [0.50-0.85]0.407(n=1504) [0.85-0.95]0.354(n=125) [0.95-1.00]0.229(n=5)
2026-04-27 12:45:46,608 - INFO - [cond] cfg_signal=0.0580 (min=0.0383 max=0.1029, n=16) | class_signal=0.0768 (min=0.0426 max=0.1241, n=16) | pred_rms=0.6349
2026-04-27 12:45:46,663 - INFO - [render-loss] step=103200 masked 6/16 samples (t_value < 0.40)
2026-04-27 12:47:38,590 - INFO - Step  103400 | Epoch  12 | MSE: 0.4602 | Steps/sec: 1.79 | LR: 1.84e-04 | Render_L1: 0.0265 | Alpha_L1: 0.0374 | Render_LPIPS: 0.1698 | cos(c,null): +0.5425 | GradNorm: 0.0833 | MSE/t: [0.00-0.50]0.533(n=1571) [0.50-0.85]0.394(n=1509) [0.85-0.95]0.329(n=116) [0.95-1.00]0.478(n=4)
2026-04-27 12:47:39,077 - INFO - [cond] cfg_signal=0.0594 (min=0.0424 max=0.1034, n=16) | class_signal=0.0740 (min=0.0378 max=0.1161, n=16) | pred_rms=0.6163
2026-04-27 12:47:39,136 - INFO - [render-loss] step=103400 masked 5/16 samples (t_value < 0.40)
2026-04-27 12:49:31,080 - INFO - Step  103600 | Epoch  12 | MSE: 0.4711 | Steps/sec: 1.79 | LR: 1.84e-04 | Render_L1: 0.0268 | Alpha_L1: 0.0378 | Render_LPIPS: 0.1721 | cos(c,null): +0.5415 | GradNorm: 0.0812 | MSE/t: [0.00-0.50]0.543(n=1609) [0.50-0.85]0.405(n=1456) [0.85-0.95]0.326(n=131) [0.95-1.00]0.269(n=4)
2026-04-27 12:49:31,559 - INFO - [cond] cfg_signal=0.0590 (min=0.0430 max=0.1004, n=16) | class_signal=0.0749 (min=0.0391 max=0.1139, n=16) | pred_rms=0.6133
2026-04-27 12:49:31,615 - INFO - [render-loss] step=103600 masked 4/16 samples (t_value < 0.40)
2026-04-27 12:51:23,931 - INFO - Step  103800 | Epoch  12 | MSE: 0.4598 | Steps/sec: 1.78 | LR: 1.84e-04 | Render_L1: 0.0270 | Alpha_L1: 0.0379 | Render_LPIPS: 0.1715 | cos(c,null): +0.5261 | GradNorm: 0.0837 | MSE/t: [0.00-0.50]0.528(n=1614) [0.50-0.85]0.395(n=1448) [0.85-0.95]0.334(n=132) [0.95-1.00]0.406(n=6)
2026-04-27 12:51:24,422 - INFO - [cond] cfg_signal=0.0582 (min=0.0419 max=0.0970, n=16) | class_signal=0.0756 (min=0.0417 max=0.1166, n=16) | pred_rms=0.6200
2026-04-27 12:51:24,481 - INFO - [render-loss] step=103800 masked 2/16 samples (t_value < 0.40)
2026-04-27 12:53:16,355 - INFO - Step  104000 | Epoch  12 | MSE: 0.4573 | Steps/sec: 1.79 | LR: 1.84e-04 | Render_L1: 0.0262 | Alpha_L1: 0.0369 | Render_LPIPS: 0.1695 | cos(c,null): +0.5286 | GradNorm: 0.0852 | MSE/t: [0.00-0.50]0.526(n=1592) [0.50-0.85]0.389(n=1467) [0.85-0.95]0.383(n=135) [0.95-1.00]0.553(n=6)
2026-04-27 12:53:16,834 - INFO - [cond] cfg_signal=0.0582 (min=0.0413 max=0.1067, n=16) | class_signal=0.0739 (min=0.0378 max=0.1198, n=16) | pred_rms=0.6019
2026-04-27 12:53:25,033 - INFO - [validation] saved: output/jit_JiT-B_8_kmeans_k103_v2/dit_validation/epoch_012_step_0104000_class030.png (class=30, sampler=heun, steps=100)
2026-04-27 12:53:26,245 - INFO - [overrides] applied from jit/configs/overrides.yaml: lr_scale=1.0 max_grad_norm=5.0 null_repel_weight=0.0 P_mean=0.0
2026-04-27 12:53:26,294 - INFO - [render-loss] step=104000 masked 3/16 samples (t_value < 0.40)
2026-04-27 12:55:18,247 - INFO - Step  104200 | Epoch  12 | MSE: 0.4575 | Steps/sec: 1.65 | LR: 1.84e-04 | Render_L1: 0.0269 | Alpha_L1: 0.0382 | Render_LPIPS: 0.1710 | cos(c,null): +0.5234 | GradNorm: 0.0832 | MSE/t: [0.00-0.50]0.522(n=1609) [0.50-0.85]0.393(n=1461) [0.85-0.95]0.383(n=126) [0.95-1.00]0.334(n=4)
2026-04-27 12:55:18,728 - INFO - [cond] cfg_signal=0.0600 (min=0.0419 max=0.1038, n=16) | class_signal=0.0739 (min=0.0333 max=0.1149, n=16) | pred_rms=0.6211
2026-04-27 12:55:18,784 - INFO - [render-loss] step=104200 masked 4/16 samples (t_value < 0.40)
2026-04-27 12:57:10,757 - INFO - Step  104400 | Epoch  12 | MSE: 0.4643 | Steps/sec: 1.79 | LR: 1.84e-04 | Render_L1: 0.0269 | Alpha_L1: 0.0380 | Render_LPIPS: 0.1745 | cos(c,null): +0.5208 | GradNorm: 0.0809 | MSE/t: [0.00-0.50]0.525(n=1536) [0.50-0.85]0.410(n=1528) [0.85-0.95]0.378(n=132) [0.95-1.00]0.404(n=4)
2026-04-27 12:57:11,217 - INFO - [cond] cfg_signal=0.0578 (min=0.0407 max=0.0995, n=16) | class_signal=0.0719 (min=0.0419 max=0.1034, n=16) | pred_rms=0.6151
2026-04-27 12:57:11,278 - INFO - [render-loss] step=104400 masked 8/16 samples (t_value < 0.40)
2026-04-27 12:59:03,415 - INFO - Step  104600 | Epoch  12 | MSE: 0.4722 | Steps/sec: 1.78 | LR: 1.84e-04 | Render_L1: 0.0272 | Alpha_L1: 0.0391 | Render_LPIPS: 0.1727 | cos(c,null): +0.5251 | GradNorm: 0.0868 | MSE/t: [0.00-0.50]0.543(n=1597) [0.50-0.85]0.403(n=1468) [0.85-0.95]0.390(n=130) [0.95-1.00]0.312(n=5)
2026-04-27 12:59:03,891 - INFO - [cond] cfg_signal=0.0597 (min=0.0437 max=0.1054, n=16) | class_signal=0.0757 (min=0.0338 max=0.1179, n=16) | pred_rms=0.5939
2026-04-27 12:59:03,949 - INFO - [render-loss] step=104600 masked 5/16 samples (t_value < 0.40)
2026-04-27 13:00:56,022 - INFO - Step  104800 | Epoch  12 | MSE: 0.4702 | Steps/sec: 1.78 | LR: 1.84e-04 | Render_L1: 0.0266 | Alpha_L1: 0.0383 | Render_LPIPS: 0.1727 | cos(c,null): +0.5295 | GradNorm: 0.0846 | MSE/t: [0.00-0.50]0.545(n=1605) [0.50-0.85]0.401(n=1445) [0.85-0.95]0.332(n=146) [0.95-1.00]0.631(n=4)
2026-04-27 13:00:56,494 - INFO - [cond] cfg_signal=0.0561 (min=0.0375 max=0.0922, n=16) | class_signal=0.0709 (min=0.0312 max=0.1036, n=16) | pred_rms=0.6079
2026-04-27 13:00:56,551 - INFO - [render-loss] step=104800 masked 9/16 samples (t_value < 0.40)
2026-04-27 13:02:48,206 - INFO - Step  105000 | Epoch  12 | MSE: 0.4712 | Steps/sec: 1.79 | LR: 1.84e-04 | Render_L1: 0.0272 | Alpha_L1: 0.0382 | Render_LPIPS: 0.1731 | cos(c,null): +0.5362 | GradNorm: 0.0827 | MSE/t: [0.00-0.50]0.534(n=1613) [0.50-0.85]0.411(n=1451) [0.85-0.95]0.368(n=130) [0.95-1.00]0.232(n=6)
2026-04-27 13:02:48,669 - INFO - [cond] cfg_signal=0.0548 (min=0.0351 max=0.0923, n=16) | class_signal=0.0710 (min=0.0315 max=0.0990, n=16) | pred_rms=0.6233
2026-04-27 13:02:56,860 - INFO - [validation] saved: output/jit_JiT-B_8_kmeans_k103_v2/dit_validation/epoch_012_step_0105000_class064.png (class=64, sampler=heun, steps=100)
2026-04-27 13:02:58,056 - INFO - [overrides] applied from jit/configs/overrides.yaml: lr_scale=1.0 max_grad_norm=5.0 null_repel_weight=0.0 P_mean=0.0
2026-04-27 13:02:58,104 - INFO - [render-loss] step=105000 masked 9/16 samples (t_value < 0.40)
2026-04-27 13:04:50,176 - INFO - Step  105200 | Epoch  12 | MSE: 0.4654 | Steps/sec: 1.65 | LR: 1.84e-04 | Render_L1: 0.0269 | Alpha_L1: 0.0384 | Render_LPIPS: 0.1722 | cos(c,null): +0.5387 | GradNorm: 0.0851 | MSE/t: [0.00-0.50]0.533(n=1593) [0.50-0.85]0.396(n=1495) [0.85-0.95]0.431(n=108) [0.95-1.00]0.384(n=4)
2026-04-27 13:04:50,641 - INFO - [cond] cfg_signal=0.0558 (min=0.0352 max=0.0897, n=16) | class_signal=0.0718 (min=0.0314 max=0.1021, n=16) | pred_rms=0.6385
2026-04-27 13:04:50,719 - INFO - [render-loss] step=105200 masked 5/16 samples (t_value < 0.40)
2026-04-27 13:06:42,656 - INFO - Step  105400 | Epoch  12 | MSE: 0.4564 | Steps/sec: 1.79 | LR: 1.84e-04 | Render_L1: 0.0270 | Alpha_L1: 0.0388 | Render_LPIPS: 0.1727 | cos(c,null): +0.5382 | GradNorm: 0.0856 | MSE/t: [0.00-0.50]0.515(n=1590) [0.50-0.85]0.403(n=1465) [0.85-0.95]0.358(n=136) [0.95-1.00]0.315(n=9)
2026-04-27 13:06:43,134 - INFO - [cond] cfg_signal=0.0562 (min=0.0372 max=0.0939, n=16) | class_signal=0.0729 (min=0.0319 max=0.1109, n=16) | pred_rms=0.5952
2026-04-27 13:06:43,190 - INFO - [render-loss] step=105400 masked 4/16 samples (t_value < 0.40)
2026-04-27 13:08:35,240 - INFO - Step  105600 | Epoch  12 | MSE: 0.4690 | Steps/sec: 1.78 | LR: 1.84e-04 | Render_L1: 0.0279 | Alpha_L1: 0.0399 | Render_LPIPS: 0.1758 | cos(c,null): +0.5368 | GradNorm: 0.0902 | MSE/t: [0.00-0.50]0.533(n=1607) [0.50-0.85]0.408(n=1465) [0.85-0.95]0.359(n=124) [0.95-1.00]0.576(n=4)
2026-04-27 13:08:35,706 - INFO - [cond] cfg_signal=0.0566 (min=0.0376 max=0.0962, n=16) | class_signal=0.0736 (min=0.0314 max=0.1066, n=16) | pred_rms=0.6069
2026-04-27 13:08:35,761 - INFO - [render-loss] step=105600 masked 8/16 samples (t_value < 0.40)
2026-04-27 13:10:27,745 - INFO - Step  105800 | Epoch  12 | MSE: 0.4684 | Steps/sec: 1.79 | LR: 1.84e-04 | Render_L1: 0.0272 | Alpha_L1: 0.0391 | Render_LPIPS: 0.1739 | cos(c,null): +0.5387 | GradNorm: 0.4100 | MSE/t: [0.00-0.50]0.534(n=1598) [0.50-0.85]0.408(n=1457) [0.85-0.95]0.351(n=142) [0.95-1.00]0.345(n=3)
2026-04-27 13:10:28,216 - INFO - [cond] cfg_signal=0.0549 (min=0.0381 max=0.0885, n=16) | class_signal=0.0711 (min=0.0314 max=0.1021, n=16) | pred_rms=0.5987
2026-04-27 13:10:28,272 - INFO - [render-loss] step=105800 masked 4/16 samples (t_value < 0.40)
2026-04-27 13:12:20,391 - INFO - Step  106000 | Epoch  12 | MSE: 0.4760 | Steps/sec: 1.78 | LR: 1.84e-04 | Render_L1: 0.0268 | Alpha_L1: 0.0388 | Render_LPIPS: 0.1739 | cos(c,null): +0.5377 | GradNorm: 0.1041 | MSE/t: [0.00-0.50]0.544(n=1609) [0.50-0.85]0.403(n=1452) [0.85-0.95]0.439(n=134) [0.95-1.00]0.735(n=5)
2026-04-27 13:12:20,856 - INFO - [cond] cfg_signal=0.0565 (min=0.0358 max=0.0953, n=16) | class_signal=0.0725 (min=0.0342 max=0.1078, n=16) | pred_rms=0.5942
2026-04-27 13:12:29,021 - INFO - [validation] saved: output/jit_JiT-B_8_kmeans_k103_v2/dit_validation/epoch_012_step_0106000_class004.png (class=4, sampler=heun, steps=100)
2026-04-27 13:12:30,241 - INFO - [overrides] applied from jit/configs/overrides.yaml: lr_scale=1.0 max_grad_norm=5.0 null_repel_weight=0.0 P_mean=0.0
2026-04-27 13:12:30,292 - INFO - [render-loss] step=106000 masked 6/16 samples (t_value < 0.40)
2026-04-27 13:14:22,249 - INFO - Step  106200 | Epoch  12 | MSE: 0.4719 | Steps/sec: 1.65 | LR: 1.84e-04 | Render_L1: 0.0278 | Alpha_L1: 0.0390 | Render_LPIPS: 0.1760 | cos(c,null): +0.5361 | GradNorm: 0.3656 | MSE/t: [0.00-0.50]0.528(n=1598) [0.50-0.85]0.420(n=1463) [0.85-0.95]0.377(n=131) [0.95-1.00]0.316(n=8)
2026-04-27 13:14:22,723 - INFO - [cond] cfg_signal=0.0576 (min=0.0377 max=0.0897, n=16) | class_signal=0.0721 (min=0.0366 max=0.1022, n=16) | pred_rms=0.6154
2026-04-27 13:14:22,782 - INFO - [render-loss] step=106200 masked 6/16 samples (t_value < 0.40)
2026-04-27 13:16:14,486 - INFO - Step  106400 | Epoch  12 | MSE: 0.4660 | Steps/sec: 1.79 | LR: 1.83e-04 | Render_L1: 0.0266 | Alpha_L1: 0.0382 | Render_LPIPS: 0.1721 | cos(c,null): +0.5371 | GradNorm: 0.0772 | MSE/t: [0.00-0.50]0.539(n=1578) [0.50-0.85]0.397(n=1499) [0.85-0.95]0.370(n=118) [0.95-1.00]0.451(n=5)
2026-04-27 13:16:14,965 - INFO - [cond] cfg_signal=0.0562 (min=0.0369 max=0.0912, n=16) | class_signal=0.0699 (min=0.0344 max=0.0927, n=16) | pred_rms=0.6010
2026-04-27 13:16:15,020 - INFO - [render-loss] step=106400 masked 6/16 samples (t_value < 0.40)
2026-04-27 13:18:06,808 - INFO - Step  106600 | Epoch  12 | MSE: 0.4681 | Steps/sec: 1.79 | LR: 1.83e-04 | Render_L1: 0.0269 | Alpha_L1: 0.0376 | Render_LPIPS: 0.1730 | cos(c,null): +0.5356 | GradNorm: 0.0892 | MSE/t: [0.00-0.50]0.530(n=1574) [0.50-0.85]0.412(n=1482) [0.85-0.95]0.361(n=139) [0.95-1.00]0.382(n=5)
2026-04-27 13:18:07,406 - INFO - [cond] cfg_signal=0.0597 (min=0.0392 max=0.0966, n=16) | class_signal=0.0704 (min=0.0351 max=0.1019, n=16) | pred_rms=0.6181
2026-04-27 13:18:07,470 - INFO - [render-loss] step=106600 masked 5/16 samples (t_value < 0.40)
2026-04-27 13:19:59,558 - INFO - Step  106800 | Epoch  12 | MSE: 0.4603 | Steps/sec: 1.78 | LR: 1.83e-04 | Render_L1: 0.0266 | Alpha_L1: 0.0374 | Render_LPIPS: 0.1716 | cos(c,null): +0.5338 | GradNorm: 0.0809 | MSE/t: [0.00-0.50]0.524(n=1576) [0.50-0.85]0.399(n=1516) [0.85-0.95]0.402(n=106) [0.95-1.00]0.198(n=2)
2026-04-27 13:20:00,038 - INFO - [cond] cfg_signal=0.0573 (min=0.0360 max=0.1045, n=16) | class_signal=0.0709 (min=0.0354 max=0.1070, n=16) | pred_rms=0.6126
2026-04-27 13:20:00,096 - INFO - [render-loss] step=106800 masked 3/16 samples (t_value < 0.40)
2026-04-27 13:21:51,929 - INFO - Step  107000 | Epoch  12 | MSE: 0.4653 | Steps/sec: 1.79 | LR: 1.83e-04 | Render_L1: 0.0264 | Alpha_L1: 0.0368 | Render_LPIPS: 0.1697 | cos(c,null): +0.5380 | GradNorm: 0.0784 | MSE/t: [0.00-0.50]0.529(n=1608) [0.50-0.85]0.405(n=1453) [0.85-0.95]0.348(n=133) [0.95-1.00]0.633(n=6)
2026-04-27 13:21:52,395 - INFO - [cond] cfg_signal=0.0559 (min=0.0369 max=0.1025, n=16) | class_signal=0.0708 (min=0.0373 max=0.1086, n=16) | pred_rms=0.5951
2026-04-27 13:22:00,652 - INFO - [validation] saved: output/jit_JiT-B_8_kmeans_k103_v2/dit_validation/epoch_012_step_0107000_class035.png (class=35, sampler=heun, steps=100)
2026-04-27 13:22:01,864 - INFO - [overrides] applied from jit/configs/overrides.yaml: lr_scale=1.0 max_grad_norm=5.0 null_repel_weight=0.0 P_mean=0.0
2026-04-27 13:22:01,915 - INFO - [render-loss] step=107000 masked 3/16 samples (t_value < 0.40)
2026-04-27 13:23:53,896 - INFO - Step  107200 | Epoch  12 | MSE: 0.4647 | Steps/sec: 1.65 | LR: 1.83e-04 | Render_L1: 0.0275 | Alpha_L1: 0.0382 | Render_LPIPS: 0.1736 | cos(c,null): +0.5406 | GradNorm: 0.0793 | MSE/t: [0.00-0.50]0.527(n=1623) [0.50-0.85]0.406(n=1473) [0.85-0.95]0.332(n=99) [0.95-1.00]0.245(n=5)
2026-04-27 13:23:54,388 - INFO - [cond] cfg_signal=0.0558 (min=0.0367 max=0.0996, n=16) | class_signal=0.0701 (min=0.0369 max=0.1045, n=16) | pred_rms=0.6054
2026-04-27 13:23:54,445 - INFO - [render-loss] step=107200 masked 4/16 samples (t_value < 0.40)
2026-04-27 13:25:46,342 - INFO - Step  107400 | Epoch  12 | MSE: 0.4599 | Steps/sec: 1.79 | LR: 1.83e-04 | Render_L1: 0.0266 | Alpha_L1: 0.0369 | Render_LPIPS: 0.1707 | cos(c,null): +0.5436 | GradNorm: 0.0795 | MSE/t: [0.00-0.50]0.521(n=1629) [0.50-0.85]0.407(n=1418) [0.85-0.95]0.305(n=147) [0.95-1.00]0.317(n=6)
2026-04-27 13:25:46,839 - INFO - [cond] cfg_signal=0.0553 (min=0.0375 max=0.0993, n=16) | class_signal=0.0708 (min=0.0403 max=0.1107, n=16) | pred_rms=0.6112
2026-04-27 13:25:46,895 - INFO - [render-loss] step=107400 masked 5/16 samples (t_value < 0.40)
2026-04-27 13:27:39,859 - INFO - Step  107600 | Epoch  13 | MSE: 0.4555 | Steps/sec: 1.77 | LR: 1.83e-04 | Render_L1: 0.0260 | Alpha_L1: 0.0363 | Render_LPIPS: 0.1667 | cos(c,null): +0.5458 | GradNorm: 0.0754 | MSE/t: [0.00-0.50]0.522(n=1636) [0.50-0.85]0.389(n=1446) [0.85-0.95]0.345(n=112) [0.95-1.00]0.354(n=6)
2026-04-27 13:27:40,446 - INFO - [cond] cfg_signal=0.0552 (min=0.0405 max=0.0954, n=16) | class_signal=0.0692 (min=0.0372 max=0.1013, n=16) | pred_rms=0.6184
2026-04-27 13:27:40,509 - INFO - [render-loss] step=107600 masked 7/16 samples (t_value < 0.40)
2026-04-27 13:29:32,446 - INFO - Step  107800 | Epoch  13 | MSE: 0.4626 | Steps/sec: 1.79 | LR: 1.83e-04 | Render_L1: 0.0268 | Alpha_L1: 0.0379 | Render_LPIPS: 0.1712 | cos(c,null): +0.5466 | GradNorm: 0.0791 | MSE/t: [0.00-0.50]0.526(n=1587) [0.50-0.85]0.403(n=1482) [0.85-0.95]0.365(n=124) [0.95-1.00]0.333(n=7)
2026-04-27 13:29:32,913 - INFO - [cond] cfg_signal=0.0559 (min=0.0414 max=0.0921, n=16) | class_signal=0.0708 (min=0.0362 max=0.1019, n=16) | pred_rms=0.6228
2026-04-27 13:29:32,969 - INFO - [render-loss] step=107800 masked 4/16 samples (t_value < 0.40)
2026-04-27 13:31:24,804 - INFO - Step  108000 | Epoch  13 | MSE: 0.4651 | Steps/sec: 1.79 | LR: 1.83e-04 | Render_L1: 0.0271 | Alpha_L1: 0.0375 | Render_LPIPS: 0.1713 | cos(c,null): +0.5467 | GradNorm: 0.0830 | MSE/t: [0.00-0.50]0.534(n=1599) [0.50-0.85]0.398(n=1464) [0.85-0.95]0.381(n=127) [0.95-1.00]0.341(n=10)
2026-04-27 13:31:25,277 - INFO - [cond] cfg_signal=0.0557 (min=0.0383 max=0.1013, n=16) | class_signal=0.0722 (min=0.0354 max=0.1074, n=16) | pred_rms=0.5997
2026-04-27 13:31:33,465 - INFO - [validation] saved: output/jit_JiT-B_8_kmeans_k103_v2/dit_validation/epoch_013_step_0108000_class059.png (class=59, sampler=heun, steps=100)
2026-04-27 13:31:34,846 - INFO - [overrides] applied from jit/configs/overrides.yaml: lr_scale=1.0 max_grad_norm=5.0 null_repel_weight=0.0 P_mean=0.0
2026-04-27 13:31:34,896 - INFO - [render-loss] step=108000 masked 5/16 samples (t_value < 0.40)
2026-04-27 13:33:26,938 - INFO - Step  108200 | Epoch  13 | MSE: 0.4602 | Steps/sec: 1.64 | LR: 1.83e-04 | Render_L1: 0.0267 | Alpha_L1: 0.0382 | Render_LPIPS: 0.1713 | cos(c,null): +0.5492 | GradNorm: 0.0791 | MSE/t: [0.00-0.50]0.520(n=1602) [0.50-0.85]0.406(n=1458) [0.85-0.95]0.340(n=132) [0.95-1.00]0.249(n=8)
2026-04-27 13:33:27,416 - INFO - [cond] cfg_signal=0.0549 (min=0.0363 max=0.0994, n=16) | class_signal=0.0701 (min=0.0333 max=0.1095, n=16) | pred_rms=0.6106
2026-04-27 13:33:27,473 - INFO - [render-loss] step=108200 masked 8/16 samples (t_value < 0.40)
2026-04-27 13:35:19,463 - INFO - Step  108400 | Epoch  13 | MSE: 0.4605 | Steps/sec: 1.78 | LR: 1.83e-04 | Render_L1: 0.0266 | Alpha_L1: 0.0379 | Render_LPIPS: 0.1707 | cos(c,null): +0.5508 | GradNorm: 0.0847 | MSE/t: [0.00-0.50]0.528(n=1595) [0.50-0.85]0.398(n=1481) [0.85-0.95]0.334(n=118) [0.95-1.00]0.479(n=6)
2026-04-27 13:35:19,941 - INFO - [cond] cfg_signal=0.0559 (min=0.0376 max=0.0925, n=16) | class_signal=0.0715 (min=0.0320 max=0.1079, n=16) | pred_rms=0.6196
2026-04-27 13:35:20,000 - INFO - [render-loss] step=108400 masked 7/16 samples (t_value < 0.40)
2026-04-27 13:37:11,761 - INFO - Step  108600 | Epoch  13 | MSE: 0.4666 | Steps/sec: 1.79 | LR: 1.83e-04 | Render_L1: 0.0267 | Alpha_L1: 0.0376 | Render_LPIPS: 0.1715 | cos(c,null): +0.5499 | GradNorm: 0.0872 | MSE/t: [0.00-0.50]0.539(n=1597) [0.50-0.85]0.398(n=1467) [0.85-0.95]0.350(n=133) [0.95-1.00]0.330(n=3)
2026-04-27 13:37:12,225 - INFO - [cond] cfg_signal=0.0561 (min=0.0394 max=0.1014, n=16) | class_signal=0.0729 (min=0.0291 max=0.1201, n=16) | pred_rms=0.6091
2026-04-27 13:37:12,281 - INFO - [render-loss] step=108600 masked 4/16 samples (t_value < 0.40)
2026-04-27 13:39:04,475 - INFO - Step  108800 | Epoch  13 | MSE: 0.4623 | Steps/sec: 1.78 | LR: 1.83e-04 | Render_L1: 0.0270 | Alpha_L1: 0.0382 | Render_LPIPS: 0.1701 | cos(c,null): +0.5502 | GradNorm: 0.0812 | MSE/t: [0.00-0.50]0.538(n=1630) [0.50-0.85]0.388(n=1451) [0.85-0.95]0.329(n=114) [0.95-1.00]0.352(n=5)
2026-04-27 13:39:04,948 - INFO - [cond] cfg_signal=0.0558 (min=0.0381 max=0.0962, n=16) | class_signal=0.0735 (min=0.0307 max=0.1205, n=16) | pred_rms=0.6323
2026-04-27 13:39:05,006 - INFO - [render-loss] step=108800 masked 11/16 samples (t_value < 0.40)
2026-04-27 13:40:56,826 - INFO - Step  109000 | Epoch  13 | MSE: 0.4641 | Steps/sec: 1.79 | LR: 1.83e-04 | Render_L1: 0.0262 | Alpha_L1: 0.0375 | Render_LPIPS: 0.1696 | cos(c,null): +0.5515 | GradNorm: 0.0756 | MSE/t: [0.00-0.50]0.530(n=1608) [0.50-0.85]0.402(n=1455) [0.85-0.95]0.335(n=131) [0.95-1.00]0.689(n=6)
2026-04-27 13:40:57,307 - INFO - [cond] cfg_signal=0.0563 (min=0.0379 max=0.0935, n=16) | class_signal=0.0741 (min=0.0350 max=0.1153, n=16) | pred_rms=0.6233
2026-04-27 13:41:05,468 - INFO - [validation] saved: output/jit_JiT-B_8_kmeans_k103_v2/dit_validation/epoch_013_step_0109000_class019.png (class=19, sampler=heun, steps=100)
2026-04-27 13:41:06,697 - INFO - [overrides] applied from jit/configs/overrides.yaml: lr_scale=1.0 max_grad_norm=5.0 null_repel_weight=0.0 P_mean=0.0
2026-04-27 13:41:06,773 - INFO - [render-loss] step=109000 masked 6/16 samples (t_value < 0.40)
2026-04-27 13:42:59,031 - INFO - Step  109200 | Epoch  13 | MSE: 0.4644 | Steps/sec: 1.64 | LR: 1.83e-04 | Render_L1: 0.0266 | Alpha_L1: 0.0369 | Render_LPIPS: 0.1709 | cos(c,null): +0.5504 | GradNorm: 0.0821 | MSE/t: [0.00-0.50]0.532(n=1648) [0.50-0.85]0.399(n=1404) [0.85-0.95]0.327(n=144) [0.95-1.00]0.517(n=4)
2026-04-27 13:42:59,503 - INFO - [cond] cfg_signal=0.0572 (min=0.0359 max=0.0990, n=16) | class_signal=0.0759 (min=0.0297 max=0.1246, n=16) | pred_rms=0.5998
2026-04-27 13:42:59,559 - INFO - [render-loss] step=109200 masked 6/16 samples (t_value < 0.40)
2026-04-27 13:44:51,299 - INFO - Step  109400 | Epoch  13 | MSE: 0.4551 | Steps/sec: 1.79 | LR: 1.83e-04 | Render_L1: 0.0257 | Alpha_L1: 0.0366 | Render_LPIPS: 0.1673 | cos(c,null): +0.5505 | GradNorm: 0.0800 | MSE/t: [0.00-0.50]0.526(n=1593) [0.50-0.85]0.389(n=1469) [0.85-0.95]0.339(n=129) [0.95-1.00]0.409(n=9)
2026-04-27 13:44:51,779 - INFO - [cond] cfg_signal=0.0580 (min=0.0400 max=0.1013, n=16) | class_signal=0.0774 (min=0.0430 max=0.1223, n=16) | pred_rms=0.6281
2026-04-27 13:44:51,834 - INFO - [render-loss] step=109400 masked 4/16 samples (t_value < 0.40)
2026-04-27 13:46:43,922 - INFO - Step  109600 | Epoch  13 | MSE: 0.4698 | Steps/sec: 1.78 | LR: 1.83e-04 | Render_L1: 0.0272 | Alpha_L1: 0.0381 | Render_LPIPS: 0.1732 | cos(c,null): +0.5523 | GradNorm: 0.1083 | MSE/t: [0.00-0.50]0.532(n=1622) [0.50-0.85]0.405(n=1468) [0.85-0.95]0.422(n=104) [0.95-1.00]0.403(n=6)
2026-04-27 13:46:44,417 - INFO - [cond] cfg_signal=0.0607 (min=0.0382 max=0.1094, n=16) | class_signal=0.0800 (min=0.0351 max=0.1172, n=16) | pred_rms=0.6367
2026-04-27 13:46:44,474 - INFO - [render-loss] step=109600 masked 6/16 samples (t_value < 0.40)
2026-04-27 13:48:36,531 - INFO - Step  109800 | Epoch  13 | MSE: 0.4657 | Steps/sec: 1.78 | LR: 1.82e-04 | Render_L1: 0.0273 | Alpha_L1: 0.0388 | Render_LPIPS: 0.1743 | cos(c,null): +0.5515 | GradNorm: 0.1700 | MSE/t: [0.00-0.50]0.531(n=1609) [0.50-0.85]0.404(n=1443) [0.85-0.95]0.357(n=143) [0.95-1.00]0.319(n=5)
2026-04-27 13:48:37,037 - INFO - [cond] cfg_signal=0.0595 (min=0.0415 max=0.1032, n=16) | class_signal=0.0796 (min=0.0372 max=0.1282, n=16) | pred_rms=0.6305
2026-04-27 13:48:37,095 - INFO - [render-loss] step=109800 masked 6/16 samples (t_value < 0.40)
2026-04-27 13:50:28,961 - INFO - Step  110000 | Epoch  13 | MSE: 0.4737 | Steps/sec: 1.79 | LR: 1.82e-04 | Render_L1: 0.0276 | Alpha_L1: 0.0395 | Render_LPIPS: 0.1735 | cos(c,null): +0.5525 | GradNorm: 0.1569 | MSE/t: [0.00-0.50]0.536(n=1636) [0.50-0.85]0.411(n=1442) [0.85-0.95]0.375(n=118) [0.95-1.00]0.544(n=4)
2026-04-27 13:50:29,432 - INFO - [cond] cfg_signal=0.0608 (min=0.0409 max=0.0986, n=16) | class_signal=0.0783 (min=0.0345 max=0.1156, n=16) | pred_rms=0.6408
2026-04-27 13:50:37,666 - INFO - [validation] saved: output/jit_JiT-B_8_kmeans_k103_v2/dit_validation/epoch_013_step_0110000_class001.png (class=1, sampler=heun, steps=100)
2026-04-27 13:50:38,912 - INFO - [overrides] applied from jit/configs/overrides.yaml: lr_scale=1.0 max_grad_norm=5.0 null_repel_weight=0.0 P_mean=0.0
2026-04-27 13:50:38,963 - INFO - [render-loss] step=110000 masked 4/16 samples (t_value < 0.40)
2026-04-27 13:52:31,136 - INFO - Step  110200 | Epoch  13 | MSE: 0.4568 | Steps/sec: 1.64 | LR: 1.82e-04 | Render_L1: 0.0257 | Alpha_L1: 0.0366 | Render_LPIPS: 0.1661 | cos(c,null): +0.5535 | GradNorm: 0.0875 | MSE/t: [0.00-0.50]0.523(n=1604) [0.50-0.85]0.395(n=1464) [0.85-0.95]0.341(n=126) [0.95-1.00]0.382(n=6)
2026-04-27 13:52:31,616 - INFO - [cond] cfg_signal=0.0599 (min=0.0399 max=0.0962, n=16) | class_signal=0.0767 (min=0.0334 max=0.1109, n=16) | pred_rms=0.6435
2026-04-27 13:52:31,675 - INFO - [render-loss] step=110200 masked 2/16 samples (t_value < 0.40)
2026-04-27 13:54:23,489 - INFO - Step  110400 | Epoch  13 | MSE: 0.4607 | Steps/sec: 1.79 | LR: 1.82e-04 | Render_L1: 0.0261 | Alpha_L1: 0.0371 | Render_LPIPS: 0.1691 | cos(c,null): +0.5583 | GradNorm: 0.0795 | MSE/t: [0.00-0.50]0.533(n=1588) [0.50-0.85]0.394(n=1489) [0.85-0.95]0.336(n=123) [0.95-1.00]0.000(n=0)
2026-04-27 13:54:23,978 - INFO - [cond] cfg_signal=0.0572 (min=0.0373 max=0.0894, n=16) | class_signal=0.0770 (min=0.0366 max=0.1191, n=16) | pred_rms=0.6185
2026-04-27 13:54:24,040 - INFO - [render-loss] step=110400 masked 7/16 samples (t_value < 0.40)
2026-04-27 13:56:15,874 - INFO - Step  110600 | Epoch  13 | MSE: 0.4704 | Steps/sec: 1.79 | LR: 1.82e-04 | Render_L1: 0.0268 | Alpha_L1: 0.0381 | Render_LPIPS: 0.1724 | cos(c,null): +0.5566 | GradNorm: 1.0671 | MSE/t: [0.00-0.50]0.534(n=1614) [0.50-0.85]0.410(n=1451) [0.85-0.95]0.363(n=128) [0.95-1.00]0.314(n=7)
2026-04-27 13:56:16,339 - INFO - [cond] cfg_signal=0.0587 (min=0.0367 max=0.0951, n=16) | class_signal=0.0791 (min=0.0416 max=0.1184, n=16) | pred_rms=0.6278
2026-04-27 13:56:16,398 - INFO - [render-loss] step=110600 masked 7/16 samples (t_value < 0.40)
2026-04-27 13:58:08,310 - INFO - Step  110800 | Epoch  13 | MSE: 0.4573 | Steps/sec: 1.79 | LR: 1.82e-04 | Render_L1: 0.0265 | Alpha_L1: 0.0368 | Render_LPIPS: 0.1718 | cos(c,null): +0.5536 | GradNorm: 0.0799 | MSE/t: [0.00-0.50]0.519(n=1604) [0.50-0.85]0.400(n=1476) [0.85-0.95]0.341(n=114) [0.95-1.00]0.289(n=6)
2026-04-27 13:58:08,786 - INFO - [cond] cfg_signal=0.0591 (min=0.0393 max=0.0923, n=16) | class_signal=0.0784 (min=0.0412 max=0.1140, n=16) | pred_rms=0.6362
2026-04-27 13:58:08,843 - INFO - [render-loss] step=110800 masked 6/16 samples (t_value < 0.40)
2026-04-27 14:00:01,011 - INFO - Step  111000 | Epoch  13 | MSE: 0.4531 | Steps/sec: 1.78 | LR: 1.82e-04 | Render_L1: 0.0261 | Alpha_L1: 0.0360 | Render_LPIPS: 0.1702 | cos(c,null): +0.5532 | GradNorm: 0.0772 | MSE/t: [0.00-0.50]0.511(n=1572) [0.50-0.85]0.401(n=1487) [0.85-0.95]0.354(n=136) [0.95-1.00]0.315(n=5)
2026-04-27 14:00:01,476 - INFO - [cond] cfg_signal=0.0577 (min=0.0387 max=0.0866, n=16) | class_signal=0.0761 (min=0.0385 max=0.1109, n=16) | pred_rms=0.6302
2026-04-27 14:00:09,653 - INFO - [validation] saved: output/jit_JiT-B_8_kmeans_k103_v2/dit_validation/epoch_013_step_0111000_class001.png (class=1, sampler=heun, steps=100)
2026-04-27 14:00:10,883 - INFO - [overrides] applied from jit/configs/overrides.yaml: lr_scale=1.0 max_grad_norm=5.0 null_repel_weight=0.0 P_mean=0.0
2026-04-27 14:00:10,934 - INFO - [render-loss] step=111000 masked 6/16 samples (t_value < 0.40)
2026-04-27 14:02:03,045 - INFO - Step  111200 | Epoch  13 | MSE: 0.4610 | Steps/sec: 1.65 | LR: 1.82e-04 | Render_L1: 0.0268 | Alpha_L1: 0.0373 | Render_LPIPS: 0.1732 | cos(c,null): +0.5533 | GradNorm: 0.0806 | MSE/t: [0.00-0.50]0.529(n=1587) [0.50-0.85]0.396(n=1483) [0.85-0.95]0.371(n=123) [0.95-1.00]0.353(n=7)
2026-04-27 14:02:03,517 - INFO - [cond] cfg_signal=0.0570 (min=0.0386 max=0.0885, n=16) | class_signal=0.0748 (min=0.0391 max=0.1078, n=16) | pred_rms=0.6347
2026-04-27 14:02:03,578 - INFO - [render-loss] step=111200 masked 6/16 samples (t_value < 0.40)
2026-04-27 14:03:55,607 - INFO - Step  111400 | Epoch  13 | MSE: 0.4655 | Steps/sec: 1.78 | LR: 1.82e-04 | Render_L1: 0.0263 | Alpha_L1: 0.0369 | Render_LPIPS: 0.1694 | cos(c,null): +0.5504 | GradNorm: 0.0808 | MSE/t: [0.00-0.50]0.537(n=1565) [0.50-0.85]0.401(n=1505) [0.85-0.95]0.344(n=126) [0.95-1.00]0.392(n=4)
2026-04-27 14:03:56,078 - INFO - [cond] cfg_signal=0.0603 (min=0.0389 max=0.1019, n=16) | class_signal=0.0792 (min=0.0410 max=0.1196, n=16) | pred_rms=0.6483
2026-04-27 14:03:56,134 - INFO - [render-loss] step=111400 masked 5/16 samples (t_value < 0.40)
2026-04-27 14:05:48,156 - INFO - Step  111600 | Epoch  13 | MSE: 0.4639 | Steps/sec: 1.78 | LR: 1.82e-04 | Render_L1: 0.0262 | Alpha_L1: 0.0369 | Render_LPIPS: 0.1699 | cos(c,null): +0.5488 | GradNorm: 0.0809 | MSE/t: [0.00-0.50]0.530(n=1605) [0.50-0.85]0.405(n=1453) [0.85-0.95]0.329(n=137) [0.95-1.00]0.190(n=5)
2026-04-27 14:05:48,619 - INFO - [cond] cfg_signal=0.0591 (min=0.0380 max=0.1074, n=16) | class_signal=0.0765 (min=0.0349 max=0.1183, n=16) | pred_rms=0.6220
2026-04-27 14:05:48,674 - INFO - [render-loss] step=111600 masked 5/16 samples (t_value < 0.40)
2026-04-27 14:07:40,719 - INFO - Step  111800 | Epoch  13 | MSE: 0.4645 | Steps/sec: 1.78 | LR: 1.82e-04 | Render_L1: 0.0264 | Alpha_L1: 0.0369 | Render_LPIPS: 0.1685 | cos(c,null): +0.5484 | GradNorm: 0.0833 | MSE/t: [0.00-0.50]0.534(n=1593) [0.50-0.85]0.400(n=1469) [0.85-0.95]0.345(n=136) [0.95-1.00]0.311(n=2)
2026-04-27 14:07:41,235 - INFO - [cond] cfg_signal=0.0614 (min=0.0410 max=0.1126, n=16) | class_signal=0.0783 (min=0.0351 max=0.1206, n=16) | pred_rms=0.6412
2026-04-27 14:07:41,297 - INFO - [render-loss] step=111800 masked 3/16 samples (t_value < 0.40)
2026-04-27 14:09:33,388 - INFO - Step  112000 | Epoch  13 | MSE: 0.4587 | Steps/sec: 1.78 | LR: 1.82e-04 | Render_L1: 0.0261 | Alpha_L1: 0.0367 | Render_LPIPS: 0.1666 | cos(c,null): +0.5454 | GradNorm: 0.0836 | MSE/t: [0.00-0.50]0.522(n=1655) [0.50-0.85]0.393(n=1410) [0.85-0.95]0.365(n=133) [0.95-1.00]0.534(n=2)
2026-04-27 14:09:33,847 - INFO - [cond] cfg_signal=0.0633 (min=0.0430 max=0.1174, n=16) | class_signal=0.0807 (min=0.0388 max=0.1245, n=16) | pred_rms=0.6499
2026-04-27 14:09:42,013 - INFO - [validation] saved: output/jit_JiT-B_8_kmeans_k103_v2/dit_validation/epoch_013_step_0112000_class037.png (class=37, sampler=heun, steps=100)
2026-04-27 14:09:43,388 - INFO - [overrides] applied from jit/configs/overrides.yaml: lr_scale=1.0 max_grad_norm=5.0 null_repel_weight=0.0 P_mean=0.0
2026-04-27 14:09:43,435 - INFO - [render-loss] step=112000 masked 4/16 samples (t_value < 0.40)
2026-04-27 14:11:35,300 - INFO - Step  112200 | Epoch  13 | MSE: 0.4672 | Steps/sec: 1.65 | LR: 1.82e-04 | Render_L1: 0.0263 | Alpha_L1: 0.0369 | Render_LPIPS: 0.1691 | cos(c,null): +0.5418 | GradNorm: 0.0856 | MSE/t: [0.00-0.50]0.528(n=1599) [0.50-0.85]0.409(n=1464) [0.85-0.95]0.376(n=134) [0.95-1.00]0.236(n=3)
2026-04-27 14:11:35,767 - INFO - [cond] cfg_signal=0.0620 (min=0.0428 max=0.1110, n=16) | class_signal=0.0783 (min=0.0375 max=0.1154, n=16) | pred_rms=0.6356
2026-04-27 14:11:35,822 - INFO - [render-loss] step=112200 masked 4/16 samples (t_value < 0.40)
2026-04-27 14:13:27,849 - INFO - Step  112400 | Epoch  13 | MSE: 0.4731 | Steps/sec: 1.78 | LR: 1.82e-04 | Render_L1: 0.0263 | Alpha_L1: 0.0370 | Render_LPIPS: 0.1686 | cos(c,null): +0.5432 | GradNorm: 0.0810 | MSE/t: [0.00-0.50]0.544(n=1646) [0.50-0.85]0.399(n=1423) [0.85-0.95]0.383(n=124) [0.95-1.00]0.340(n=7)
2026-04-27 14:13:28,334 - INFO - [cond] cfg_signal=0.0593 (min=0.0399 max=0.1083, n=16) | class_signal=0.0781 (min=0.0337 max=0.1211, n=16) | pred_rms=0.6288
2026-04-27 14:13:28,417 - INFO - [render-loss] step=112400 masked 9/16 samples (t_value < 0.40)
2026-04-27 14:15:20,714 - INFO - Step  112600 | Epoch  13 | MSE: 0.4735 | Steps/sec: 1.78 | LR: 1.82e-04 | Render_L1: 0.0269 | Alpha_L1: 0.0381 | Render_LPIPS: 0.1734 | cos(c,null): +0.5442 | GradNorm: 0.1149 | MSE/t: [0.00-0.50]0.545(n=1603) [0.50-0.85]0.406(n=1469) [0.85-0.95]0.350(n=122) [0.95-1.00]0.360(n=6)
2026-04-27 14:15:21,246 - INFO - [cond] cfg_signal=0.0598 (min=0.0394 max=0.1013, n=16) | class_signal=0.0770 (min=0.0333 max=0.1208, n=16) | pred_rms=0.6351
2026-04-27 14:15:21,320 - INFO - [render-loss] step=112600 masked 8/16 samples (t_value < 0.40)
2026-04-27 14:17:13,159 - INFO - Step  112800 | Epoch  13 | MSE: 0.4509 | Steps/sec: 1.79 | LR: 1.81e-04 | Render_L1: 0.0259 | Alpha_L1: 0.0364 | Render_LPIPS: 0.1681 | cos(c,null): +0.5445 | GradNorm: 0.0784 | MSE/t: [0.00-0.50]0.512(n=1576) [0.50-0.85]0.395(n=1473) [0.85-0.95]0.364(n=145) [0.95-1.00]0.396(n=6)
2026-04-27 14:17:13,641 - INFO - [cond] cfg_signal=0.0588 (min=0.0406 max=0.0993, n=16) | class_signal=0.0754 (min=0.0349 max=0.1166, n=16) | pred_rms=0.6198
2026-04-27 14:17:13,698 - INFO - [render-loss] step=112800 masked 8/16 samples (t_value < 0.40)
2026-04-27 14:19:05,449 - INFO - Step  113000 | Epoch  13 | MSE: 0.4635 | Steps/sec: 1.79 | LR: 1.81e-04 | Render_L1: 0.0264 | Alpha_L1: 0.0370 | Render_LPIPS: 0.1685 | cos(c,null): +0.5474 | GradNorm: 0.0815 | MSE/t: [0.00-0.50]0.532(n=1568) [0.50-0.85]0.404(n=1474) [0.85-0.95]0.343(n=151) [0.95-1.00]0.314(n=7)
2026-04-27 14:19:05,927 - INFO - [cond] cfg_signal=0.0612 (min=0.0452 max=0.1055, n=16) | class_signal=0.0756 (min=0.0351 max=0.1151, n=16) | pred_rms=0.6343
2026-04-27 14:19:14,230 - INFO - [validation] saved: output/jit_JiT-B_8_kmeans_k103_v2/dit_validation/epoch_013_step_0113000_class020.png (class=20, sampler=heun, steps=100)
2026-04-27 14:19:15,486 - INFO - [overrides] applied from jit/configs/overrides.yaml: lr_scale=1.0 max_grad_norm=5.0 null_repel_weight=0.0 P_mean=0.0
2026-04-27 14:19:15,537 - INFO - [render-loss] step=113000 masked 4/16 samples (t_value < 0.40)
2026-04-27 14:21:07,661 - INFO - Step  113200 | Epoch  13 | MSE: 0.4611 | Steps/sec: 1.64 | LR: 1.81e-04 | Render_L1: 0.0265 | Alpha_L1: 0.0370 | Render_LPIPS: 0.1680 | cos(c,null): +0.5504 | GradNorm: 0.0807 | MSE/t: [0.00-0.50]0.527(n=1619) [0.50-0.85]0.401(n=1443) [0.85-0.95]0.316(n=131) [0.95-1.00]0.298(n=7)
2026-04-27 14:21:08,125 - INFO - [cond] cfg_signal=0.0594 (min=0.0424 max=0.1002, n=16) | class_signal=0.0732 (min=0.0345 max=0.1186, n=16) | pred_rms=0.6297
2026-04-27 14:21:08,183 - INFO - [render-loss] step=113200 masked 8/16 samples (t_value < 0.40)
2026-04-27 14:23:00,193 - INFO - Step  113400 | Epoch  13 | MSE: 0.4635 | Steps/sec: 1.78 | LR: 1.81e-04 | Render_L1: 0.0265 | Alpha_L1: 0.0375 | Render_LPIPS: 0.1701 | cos(c,null): +0.5505 | GradNorm: 0.0816 | MSE/t: [0.00-0.50]0.526(n=1633) [0.50-0.85]0.407(n=1426) [0.85-0.95]0.322(n=135) [0.95-1.00]0.251(n=6)
2026-04-27 14:23:00,697 - INFO - [cond] cfg_signal=0.0578 (min=0.0405 max=0.0961, n=16) | class_signal=0.0735 (min=0.0435 max=0.1154, n=16) | pred_rms=0.6342
2026-04-27 14:23:00,752 - INFO - [render-loss] step=113400 masked 9/16 samples (t_value < 0.40)
2026-04-27 14:24:52,736 - INFO - Step  113600 | Epoch  13 | MSE: 0.4724 | Steps/sec: 1.79 | LR: 1.81e-04 | Render_L1: 0.0263 | Alpha_L1: 0.0375 | Render_LPIPS: 0.1729 | cos(c,null): +0.5477 | GradNorm: 0.0849 | MSE/t: [0.00-0.50]0.548(n=1584) [0.50-0.85]0.405(n=1482) [0.85-0.95]0.322(n=131) [0.95-1.00]0.341(n=3)
2026-04-27 14:24:53,199 - INFO - [cond] cfg_signal=0.0600 (min=0.0403 max=0.1017, n=16) | class_signal=0.0755 (min=0.0398 max=0.1174, n=16) | pred_rms=0.6324
2026-04-27 14:24:53,255 - INFO - [render-loss] step=113600 masked 4/16 samples (t_value < 0.40)
2026-04-27 14:26:45,112 - INFO - Step  113800 | Epoch  13 | MSE: 0.4678 | Steps/sec: 1.79 | LR: 1.81e-04 | Render_L1: 0.0268 | Alpha_L1: 0.0374 | Render_LPIPS: 0.1704 | cos(c,null): +0.5489 | GradNorm: 0.1003 | MSE/t: [0.00-0.50]0.531(n=1631) [0.50-0.85]0.407(n=1428) [0.85-0.95]0.343(n=132) [0.95-1.00]0.448(n=9)
2026-04-27 14:26:45,616 - INFO - [cond] cfg_signal=0.0635 (min=0.0398 max=0.1076, n=16) | class_signal=0.0817 (min=0.0387 max=0.1228, n=16) | pred_rms=0.6413
2026-04-27 14:26:45,672 - INFO - [render-loss] step=113800 masked 4/16 samples (t_value < 0.40)
2026-04-27 14:28:37,682 - INFO - Step  114000 | Epoch  13 | MSE: 0.4574 | Steps/sec: 1.78 | LR: 1.81e-04 | Render_L1: 0.0265 | Alpha_L1: 0.0373 | Render_LPIPS: 0.1696 | cos(c,null): +0.5494 | GradNorm: 0.0791 | MSE/t: [0.00-0.50]0.520(n=1571) [0.50-0.85]0.403(n=1486) [0.85-0.95]0.334(n=136) [0.95-1.00]0.309(n=7)
2026-04-27 14:28:38,234 - INFO - [cond] cfg_signal=0.0616 (min=0.0451 max=0.1024, n=16) | class_signal=0.0782 (min=0.0419 max=0.1195, n=16) | pred_rms=0.6281
2026-04-27 14:28:46,560 - INFO - [validation] saved: output/jit_JiT-B_8_kmeans_k103_v2/dit_validation/epoch_013_step_0114000_class026.png (class=26, sampler=heun, steps=100)
2026-04-27 14:28:47,787 - INFO - [overrides] applied from jit/configs/overrides.yaml: lr_scale=1.0 max_grad_norm=5.0 null_repel_weight=0.0 P_mean=0.0
2026-04-27 14:28:47,839 - INFO - [render-loss] step=114000 masked 6/16 samples (t_value < 0.40)
2026-04-27 14:30:40,062 - INFO - Step  114200 | Epoch  13 | MSE: 0.4607 | Steps/sec: 1.64 | LR: 1.81e-04 | Render_L1: 0.0262 | Alpha_L1: 0.0363 | Render_LPIPS: 0.1659 | cos(c,null): +0.5506 | GradNorm: 0.0766 | MSE/t: [0.00-0.50]0.525(n=1551) [0.50-0.85]0.405(n=1525) [0.85-0.95]0.348(n=119) [0.95-1.00]0.241(n=5)
2026-04-27 14:30:40,538 - INFO - [cond] cfg_signal=0.0581 (min=0.0383 max=0.0988, n=16) | class_signal=0.0742 (min=0.0426 max=0.1104, n=16) | pred_rms=0.6324
2026-04-27 14:30:40,595 - INFO - [render-loss] step=114200 masked 5/16 samples (t_value < 0.40)
2026-04-27 14:32:32,363 - INFO - Step  114400 | Epoch  13 | MSE: 0.4606 | Steps/sec: 1.79 | LR: 1.81e-04 | Render_L1: 0.0262 | Alpha_L1: 0.0363 | Render_LPIPS: 0.1699 | cos(c,null): +0.5531 | GradNorm: 0.0786 | MSE/t: [0.00-0.50]0.530(n=1610) [0.50-0.85]0.391(n=1440) [0.85-0.95]0.379(n=145) [0.95-1.00]0.428(n=5)
2026-04-27 14:32:32,854 - INFO - [cond] cfg_signal=0.0588 (min=0.0383 max=0.0977, n=16) | class_signal=0.0750 (min=0.0433 max=0.1176, n=16) | pred_rms=0.6291
2026-04-27 14:32:32,932 - INFO - [render-loss] step=114400 masked 6/16 samples (t_value < 0.40)
2026-04-27 14:34:24,713 - INFO - Step  114600 | Epoch  13 | MSE: 0.4639 | Steps/sec: 1.79 | LR: 1.81e-04 | Render_L1: 0.0270 | Alpha_L1: 0.0370 | Render_LPIPS: 0.1710 | cos(c,null): +0.5552 | GradNorm: 0.0781 | MSE/t: [0.00-0.50]0.532(n=1602) [0.50-0.85]0.400(n=1469) [0.85-0.95]0.344(n=124) [0.95-1.00]0.442(n=5)
2026-04-27 14:34:25,188 - INFO - [cond] cfg_signal=0.0581 (min=0.0348 max=0.1023, n=16) | class_signal=0.0771 (min=0.0422 max=0.1180, n=16) | pred_rms=0.6375
2026-04-27 14:34:25,246 - INFO - [render-loss] step=114600 masked 4/16 samples (t_value < 0.40)
2026-04-27 14:36:17,801 - INFO - Step  114800 | Epoch  13 | MSE: 0.4593 | Steps/sec: 1.78 | LR: 1.81e-04 | Render_L1: 0.0257 | Alpha_L1: 0.0360 | Render_LPIPS: 0.1668 | cos(c,null): +0.5549 | GradNorm: 0.0770 | MSE/t: [0.00-0.50]0.528(n=1566) [0.50-0.85]0.397(n=1487) [0.85-0.95]0.366(n=142) [0.95-1.00]0.321(n=5)
2026-04-27 14:36:18,279 - INFO - [cond] cfg_signal=0.0619 (min=0.0398 max=0.0995, n=16) | class_signal=0.0803 (min=0.0493 max=0.1223, n=16) | pred_rms=0.6345
2026-04-27 14:36:18,333 - INFO - [render-loss] step=114800 masked 4/16 samples (t_value < 0.40)
2026-04-27 14:38:10,099 - INFO - Step  115000 | Epoch  13 | MSE: 0.4618 | Steps/sec: 1.79 | LR: 1.81e-04 | Render_L1: 0.0264 | Alpha_L1: 0.0361 | Render_LPIPS: 0.1682 | cos(c,null): +0.5540 | GradNorm: 0.0789 | MSE/t: [0.00-0.50]0.536(n=1594) [0.50-0.85]0.393(n=1459) [0.85-0.95]0.340(n=144) [0.95-1.00]0.221(n=3)
2026-04-27 14:38:10,571 - INFO - [cond] cfg_signal=0.0576 (min=0.0371 max=0.0919, n=16) | class_signal=0.0743 (min=0.0420 max=0.1182, n=16) | pred_rms=0.6317
2026-04-27 14:38:18,792 - INFO - [validation] saved: output/jit_JiT-B_8_kmeans_k103_v2/dit_validation/epoch_013_step_0115000_class055.png (class=55, sampler=heun, steps=100)
2026-04-27 14:38:20,030 - INFO - [overrides] applied from jit/configs/overrides.yaml: lr_scale=1.0 max_grad_norm=5.0 null_repel_weight=0.0 P_mean=0.0
2026-04-27 14:38:20,079 - INFO - [render-loss] step=115000 masked 9/16 samples (t_value < 0.40)
2026-04-27 14:40:12,411 - INFO - Step  115200 | Epoch  13 | MSE: 0.4683 | Steps/sec: 1.64 | LR: 1.81e-04 | Render_L1: 0.0259 | Alpha_L1: 0.0367 | Render_LPIPS: 0.1654 | cos(c,null): +0.5571 | GradNorm: 0.0835 | MSE/t: [0.00-0.50]0.533(n=1648) [0.50-0.85]0.404(n=1408) [0.85-0.95]0.356(n=141) [0.95-1.00]0.308(n=3)
2026-04-27 14:40:12,884 - INFO - [cond] cfg_signal=0.0596 (min=0.0364 max=0.1029, n=16) | class_signal=0.0776 (min=0.0378 max=0.1188, n=16) | pred_rms=0.6331
2026-04-27 14:40:12,940 - INFO - [render-loss] step=115200 masked 8/16 samples (t_value < 0.40)
2026-04-27 14:42:06,251 - INFO - Step  115400 | Epoch  14 | MSE: 0.4727 | Steps/sec: 1.76 | LR: 1.81e-04 | Render_L1: 0.0265 | Alpha_L1: 0.0368 | Render_LPIPS: 0.1698 | cos(c,null): +0.5591 | GradNorm: 0.0786 | MSE/t: [0.00-0.50]0.544(n=1613) [0.50-0.85]0.405(n=1454) [0.85-0.95]0.348(n=125) [0.95-1.00]0.287(n=8)
2026-04-27 14:42:06,775 - INFO - [cond] cfg_signal=0.0587 (min=0.0398 max=0.1028, n=16) | class_signal=0.0752 (min=0.0461 max=0.1212, n=16) | pred_rms=0.6419
2026-04-27 14:42:06,835 - INFO - [render-loss] step=115400 masked 5/16 samples (t_value < 0.40)
2026-04-27 14:43:59,206 - INFO - Step  115600 | Epoch  14 | MSE: 0.4545 | Steps/sec: 1.78 | LR: 1.81e-04 | Render_L1: 0.0262 | Alpha_L1: 0.0370 | Render_LPIPS: 0.1702 | cos(c,null): +0.5600 | GradNorm: 0.0810 | MSE/t: [0.00-0.50]0.514(n=1527) [0.50-0.85]0.401(n=1537) [0.85-0.95]0.384(n=132) [0.95-1.00]0.466(n=4)
2026-04-27 14:43:59,681 - INFO - [cond] cfg_signal=0.0592 (min=0.0393 max=0.1012, n=16) | class_signal=0.0753 (min=0.0411 max=0.1194, n=16) | pred_rms=0.6331
2026-04-27 14:43:59,737 - INFO - [render-loss] step=115600 masked 5/16 samples (t_value < 0.40)
2026-04-27 14:45:51,390 - INFO - Step  115800 | Epoch  14 | MSE: 0.4674 | Steps/sec: 1.79 | LR: 1.81e-04 | Render_L1: 0.0268 | Alpha_L1: 0.0379 | Render_LPIPS: 0.1700 | cos(c,null): +0.5603 | GradNorm: 0.0825 | MSE/t: [0.00-0.50]0.541(n=1573) [0.50-0.85]0.399(n=1486) [0.85-0.95]0.351(n=136) [0.95-1.00]0.546(n=5)
2026-04-27 14:45:51,857 - INFO - [cond] cfg_signal=0.0585 (min=0.0413 max=0.1102, n=16) | class_signal=0.0753 (min=0.0373 max=0.1265, n=16) | pred_rms=0.6368
2026-04-27 14:45:51,914 - INFO - [render-loss] step=115800 masked 8/16 samples (t_value < 0.40)
2026-04-27 14:47:43,864 - INFO - Step  116000 | Epoch  14 | MSE: 0.4559 | Steps/sec: 1.79 | LR: 1.80e-04 | Render_L1: 0.0260 | Alpha_L1: 0.0370 | Render_LPIPS: 0.1696 | cos(c,null): +0.5619 | GradNorm: 0.0860 | MSE/t: [0.00-0.50]0.517(n=1641) [0.50-0.85]0.393(n=1413) [0.85-0.95]0.377(n=140) [0.95-1.00]0.425(n=6)
2026-04-27 14:47:44,342 - INFO - [cond] cfg_signal=0.0584 (min=0.0413 max=0.1106, n=16) | class_signal=0.0754 (min=0.0383 max=0.1159, n=16) | pred_rms=0.6151
2026-04-27 14:47:52,548 - INFO - [validation] saved: output/jit_JiT-B_8_kmeans_k103_v2/dit_validation/epoch_014_step_0116000_class051.png (class=51, sampler=heun, steps=100)
2026-04-27 14:47:53,975 - INFO - [overrides] applied from jit/configs/overrides.yaml: lr_scale=1.0 max_grad_norm=5.0 null_repel_weight=0.0 P_mean=0.0
2026-04-27 14:47:54,023 - INFO - [render-loss] step=116000 masked 8/16 samples (t_value < 0.40)
2026-04-27 14:49:46,529 - INFO - Step  116200 | Epoch  14 | MSE: 0.4578 | Steps/sec: 1.64 | LR: 1.80e-04 | Render_L1: 0.0266 | Alpha_L1: 0.0368 | Render_LPIPS: 0.1700 | cos(c,null): +0.5605 | GradNorm: 0.0814 | MSE/t: [0.00-0.50]0.519(n=1585) [0.50-0.85]0.400(n=1474) [0.85-0.95]0.371(n=134) [0.95-1.00]0.426(n=7)
2026-04-27 14:49:47,009 - INFO - [cond] cfg_signal=0.0591 (min=0.0409 max=0.1051, n=16) | class_signal=0.0746 (min=0.0363 max=0.1174, n=16) | pred_rms=0.6377
2026-04-27 14:49:47,067 - INFO - [render-loss] step=116200 masked 3/16 samples (t_value < 0.40)
2026-04-27 14:51:38,909 - INFO - Step  116400 | Epoch  14 | MSE: 0.4689 | Steps/sec: 1.79 | LR: 1.80e-04 | Render_L1: 0.0266 | Alpha_L1: 0.0372 | Render_LPIPS: 0.1709 | cos(c,null): +0.5598 | GradNorm: 0.0817 | MSE/t: [0.00-0.50]0.534(n=1594) [0.50-0.85]0.406(n=1467) [0.85-0.95]0.381(n=134) [0.95-1.00]0.358(n=5)
2026-04-27 14:51:39,387 - INFO - [cond] cfg_signal=0.0583 (min=0.0405 max=0.1055, n=16) | class_signal=0.0717 (min=0.0339 max=0.1055, n=16) | pred_rms=0.6342
2026-04-27 14:51:39,444 - INFO - [render-loss] step=116400 masked 1/16 samples (t_value < 0.40)
2026-04-27 14:53:31,353 - INFO - Step  116600 | Epoch  14 | MSE: 0.4719 | Steps/sec: 1.79 | LR: 1.80e-04 | Render_L1: 0.0269 | Alpha_L1: 0.0386 | Render_LPIPS: 0.1745 | cos(c,null): +0.5603 | GradNorm: 0.0909 | MSE/t: [0.00-0.50]0.526(n=1585) [0.50-0.85]0.425(n=1494) [0.85-0.95]0.353(n=114) [0.95-1.00]0.209(n=7)
2026-04-27 14:53:31,815 - INFO - [cond] cfg_signal=0.0561 (min=0.0365 max=0.1011, n=16) | class_signal=0.0700 (min=0.0351 max=0.1051, n=16) | pred_rms=0.6241
2026-04-27 14:53:31,872 - INFO - [render-loss] step=116600 masked 6/16 samples (t_value < 0.40)
2026-04-27 14:55:23,907 - INFO - Step  116800 | Epoch  14 | MSE: 0.4629 | Steps/sec: 1.78 | LR: 1.80e-04 | Render_L1: 0.0266 | Alpha_L1: 0.0367 | Render_LPIPS: 0.1694 | cos(c,null): +0.5593 | GradNorm: 0.0812 | MSE/t: [0.00-0.50]0.529(n=1558) [0.50-0.85]0.401(n=1520) [0.85-0.95]0.388(n=117) [0.95-1.00]0.348(n=5)
2026-04-27 14:55:24,382 - INFO - [cond] cfg_signal=0.0566 (min=0.0375 max=0.0979, n=16) | class_signal=0.0740 (min=0.0373 max=0.1085, n=16) | pred_rms=0.6106
2026-04-27 14:55:24,437 - INFO - [render-loss] step=116800 masked 7/16 samples (t_value < 0.40)
2026-04-27 14:57:16,863 - INFO - Step  117000 | Epoch  14 | MSE: 0.4635 | Steps/sec: 1.78 | LR: 1.80e-04 | Render_L1: 0.0259 | Alpha_L1: 0.0361 | Render_LPIPS: 0.1691 | cos(c,null): +0.5611 | GradNorm: 0.0825 | MSE/t: [0.00-0.50]0.533(n=1544) [0.50-0.85]0.401(n=1499) [0.85-0.95]0.374(n=152) [0.95-1.00]0.336(n=5)
2026-04-27 14:57:17,357 - INFO - [cond] cfg_signal=0.0559 (min=0.0388 max=0.1042, n=16) | class_signal=0.0713 (min=0.0370 max=0.1074, n=16) | pred_rms=0.6165
2026-04-27 14:57:25,844 - INFO - [validation] saved: output/jit_JiT-B_8_kmeans_k103_v2/dit_validation/epoch_014_step_0117000_class015.png (class=15, sampler=heun, steps=100)
2026-04-27 14:57:27,160 - INFO - [overrides] applied from jit/configs/overrides.yaml: lr_scale=1.0 max_grad_norm=5.0 null_repel_weight=0.0 P_mean=0.0
2026-04-27 14:57:27,211 - INFO - [render-loss] step=117000 masked 4/16 samples (t_value < 0.40)
2026-04-27 14:59:19,298 - INFO - Step  117200 | Epoch  14 | MSE: 0.4683 | Steps/sec: 1.64 | LR: 1.80e-04 | Render_L1: 0.0262 | Alpha_L1: 0.0373 | Render_LPIPS: 0.1690 | cos(c,null): +0.5638 | GradNorm: 0.0818 | MSE/t: [0.00-0.50]0.538(n=1598) [0.50-0.85]0.401(n=1450) [0.85-0.95]0.372(n=151) [0.95-1.00]0.631(n=1)
2026-04-27 14:59:19,776 - INFO - [cond] cfg_signal=0.0562 (min=0.0349 max=0.1026, n=16) | class_signal=0.0731 (min=0.0381 max=0.1141, n=16) | pred_rms=0.6362
2026-04-27 14:59:19,833 - INFO - [render-loss] step=117200 masked 7/16 samples (t_value < 0.40)
2026-04-27 15:01:11,768 - INFO - Step  117400 | Epoch  14 | MSE: 0.4709 | Steps/sec: 1.79 | LR: 1.80e-04 | Render_L1: 0.0268 | Alpha_L1: 0.0377 | Render_LPIPS: 0.1721 | cos(c,null): +0.5625 | GradNorm: 0.0828 | MSE/t: [0.00-0.50]0.537(n=1646) [0.50-0.85]0.407(n=1409) [0.85-0.95]0.344(n=135) [0.95-1.00]0.243(n=10)
2026-04-27 15:01:12,238 - INFO - [cond] cfg_signal=0.0550 (min=0.0347 max=0.1013, n=16) | class_signal=0.0724 (min=0.0369 max=0.1165, n=16) | pred_rms=0.6236
2026-04-27 15:01:12,298 - INFO - [render-loss] step=117400 masked 9/16 samples (t_value < 0.40)
2026-04-27 15:03:04,185 - INFO - Step  117600 | Epoch  14 | MSE: 0.4596 | Steps/sec: 1.79 | LR: 1.80e-04 | Render_L1: 0.0267 | Alpha_L1: 0.0370 | Render_LPIPS: 0.1688 | cos(c,null): +0.5645 | GradNorm: 0.0806 | MSE/t: [0.00-0.50]0.520(n=1612) [0.50-0.85]0.404(n=1438) [0.85-0.95]0.332(n=141) [0.95-1.00]0.423(n=9)
2026-04-27 15:03:04,665 - INFO - [cond] cfg_signal=0.0566 (min=0.0339 max=0.1077, n=16) | class_signal=0.0738 (min=0.0369 max=0.1198, n=16) | pred_rms=0.6113
2026-04-27 15:03:04,726 - INFO - [render-loss] step=117600 masked 9/16 samples (t_value < 0.40)
2026-04-27 15:04:56,742 - INFO - Step  117800 | Epoch  14 | MSE: 0.4698 | Steps/sec: 1.78 | LR: 1.80e-04 | Render_L1: 0.0257 | Alpha_L1: 0.0362 | Render_LPIPS: 0.1679 | cos(c,null): +0.5661 | GradNorm: 0.0977 | MSE/t: [0.00-0.50]0.538(n=1499) [0.50-0.85]0.415(n=1549) [0.85-0.95]0.366(n=147) [0.95-1.00]0.326(n=5)
2026-04-27 15:04:57,241 - INFO - [cond] cfg_signal=0.0572 (min=0.0369 max=0.1038, n=16) | class_signal=0.0727 (min=0.0332 max=0.1104, n=16) | pred_rms=0.6152
2026-04-27 15:04:57,303 - INFO - [render-loss] step=117800 masked 4/16 samples (t_value < 0.40)
2026-04-27 15:06:49,229 - INFO - Step  118000 | Epoch  14 | MSE: 0.4646 | Steps/sec: 1.79 | LR: 1.80e-04 | Render_L1: 0.0266 | Alpha_L1: 0.0374 | Render_LPIPS: 0.1714 | cos(c,null): +0.5659 | GradNorm: 0.0815 | MSE/t: [0.00-0.50]0.535(n=1584) [0.50-0.85]0.401(n=1484) [0.85-0.95]0.345(n=128) [0.95-1.00]0.288(n=4)
2026-04-27 15:06:49,693 - INFO - [cond] cfg_signal=0.0577 (min=0.0367 max=0.1003, n=16) | class_signal=0.0737 (min=0.0373 max=0.1094, n=16) | pred_rms=0.6169
2026-04-27 15:06:57,933 - INFO - [validation] saved: output/jit_JiT-B_8_kmeans_k103_v2/dit_validation/epoch_014_step_0118000_class045.png (class=45, sampler=heun, steps=100)
2026-04-27 15:06:59,206 - INFO - [overrides] applied from jit/configs/overrides.yaml: lr_scale=1.0 max_grad_norm=5.0 null_repel_weight=0.0 P_mean=0.0
2026-04-27 15:06:59,254 - INFO - [render-loss] step=118000 masked 5/16 samples (t_value < 0.40)
2026-04-27 15:08:51,334 - INFO - Step  118200 | Epoch  14 | MSE: 0.4514 | Steps/sec: 1.64 | LR: 1.80e-04 | Render_L1: 0.0263 | Alpha_L1: 0.0372 | Render_LPIPS: 0.1696 | cos(c,null): +0.5681 | GradNorm: 0.0782 | MSE/t: [0.00-0.50]0.514(n=1608) [0.50-0.85]0.392(n=1475) [0.85-0.95]0.326(n=113) [0.95-1.00]0.593(n=4)
2026-04-27 15:08:51,806 - INFO - [cond] cfg_signal=0.0563 (min=0.0381 max=0.0971, n=16) | class_signal=0.0720 (min=0.0359 max=0.1098, n=16) | pred_rms=0.6093
2026-04-27 15:08:51,862 - INFO - [render-loss] step=118200 masked 4/16 samples (t_value < 0.40)
2026-04-27 15:10:44,138 - INFO - Step  118400 | Epoch  14 | MSE: 0.4622 | Steps/sec: 1.78 | LR: 1.80e-04 | Render_L1: 0.0254 | Alpha_L1: 0.0359 | Render_LPIPS: 0.1663 | cos(c,null): +0.5717 | GradNorm: 0.0804 | MSE/t: [0.00-0.50]0.521(n=1606) [0.50-0.85]0.410(n=1464) [0.85-0.95]0.330(n=125) [0.95-1.00]0.263(n=5)
2026-04-27 15:10:44,610 - INFO - [cond] cfg_signal=0.0566 (min=0.0380 max=0.1016, n=16) | class_signal=0.0719 (min=0.0407 max=0.1128, n=16) | pred_rms=0.6183
2026-04-27 15:10:44,666 - INFO - [render-loss] step=118400 masked 5/16 samples (t_value < 0.40)
2026-04-27 15:12:36,503 - INFO - Step  118600 | Epoch  14 | MSE: 0.4571 | Steps/sec: 1.79 | LR: 1.80e-04 | Render_L1: 0.0260 | Alpha_L1: 0.0365 | Render_LPIPS: 0.1691 | cos(c,null): +0.5703 | GradNorm: 0.0829 | MSE/t: [0.00-0.50]0.511(n=1620) [0.50-0.85]0.403(n=1454) [0.85-0.95]0.396(n=123) [0.95-1.00]0.353(n=3)
2026-04-27 15:12:36,973 - INFO - [cond] cfg_signal=0.0577 (min=0.0389 max=0.1044, n=16) | class_signal=0.0723 (min=0.0388 max=0.1162, n=16) | pred_rms=0.6024
2026-04-27 15:12:37,028 - INFO - [render-loss] step=118600 masked 8/16 samples (t_value < 0.40)
2026-04-27 15:14:29,382 - INFO - Step  118800 | Epoch  14 | MSE: 0.4674 | Steps/sec: 1.78 | LR: 1.80e-04 | Render_L1: 0.0265 | Alpha_L1: 0.0373 | Render_LPIPS: 0.1714 | cos(c,null): +0.5713 | GradNorm: 0.0807 | MSE/t: [0.00-0.50]0.529(n=1612) [0.50-0.85]0.411(n=1467) [0.85-0.95]0.332(n=114) [0.95-1.00]0.302(n=7)
2026-04-27 15:14:29,852 - INFO - [cond] cfg_signal=0.0592 (min=0.0399 max=0.1028, n=16) | class_signal=0.0756 (min=0.0378 max=0.1191, n=16) | pred_rms=0.6315
2026-04-27 15:14:29,907 - INFO - [render-loss] step=118800 masked 3/16 samples (t_value < 0.40)
2026-04-27 15:16:22,454 - INFO - Step  119000 | Epoch  14 | MSE: 0.4607 | Steps/sec: 1.78 | LR: 1.79e-04 | Render_L1: 0.0260 | Alpha_L1: 0.0364 | Render_LPIPS: 0.1692 | cos(c,null): +0.5721 | GradNorm: 0.0795 | MSE/t: [0.00-0.50]0.523(n=1602) [0.50-0.85]0.403(n=1459) [0.85-0.95]0.347(n=133) [0.95-1.00]0.427(n=6)
2026-04-27 15:16:23,004 - INFO - [cond] cfg_signal=0.0570 (min=0.0409 max=0.0943, n=16) | class_signal=0.0723 (min=0.0406 max=0.1059, n=16) | pred_rms=0.6071
2026-04-27 15:16:31,899 - INFO - [validation] saved: output/jit_JiT-B_8_kmeans_k103_v2/dit_validation/epoch_014_step_0119000_class038.png (class=38, sampler=heun, steps=100)
2026-04-27 15:16:33,254 - INFO - [overrides] applied from jit/configs/overrides.yaml: lr_scale=1.0 max_grad_norm=5.0 null_repel_weight=0.0 P_mean=0.0
2026-04-27 15:16:33,306 - INFO - [render-loss] step=119000 masked 7/16 samples (t_value < 0.40)
2026-04-27 15:18:26,284 - INFO - Step  119200 | Epoch  14 | MSE: 0.4678 | Steps/sec: 1.62 | LR: 1.79e-04 | Render_L1: 0.0258 | Alpha_L1: 0.0361 | Render_LPIPS: 0.1690 | cos(c,null): +0.5723 | GradNorm: 0.0771 | MSE/t: [0.00-0.50]0.539(n=1599) [0.50-0.85]0.401(n=1470) [0.85-0.95]0.350(n=126) [0.95-1.00]0.220(n=5)
2026-04-27 15:18:26,771 - INFO - [cond] cfg_signal=0.0588 (min=0.0393 max=0.0945, n=16) | class_signal=0.0726 (min=0.0443 max=0.1071, n=16) | pred_rms=0.6132
2026-04-27 15:18:26,829 - INFO - [render-loss] step=119200 masked 8/16 samples (t_value < 0.40)
2026-04-27 15:20:19,335 - INFO - Step  119400 | Epoch  14 | MSE: 0.4674 | Steps/sec: 1.78 | LR: 1.79e-04 | Render_L1: 0.0261 | Alpha_L1: 0.0367 | Render_LPIPS: 0.1688 | cos(c,null): +0.5712 | GradNorm: 0.0768 | MSE/t: [0.00-0.50]0.535(n=1600) [0.50-0.85]0.405(n=1477) [0.85-0.95]0.336(n=119) [0.95-1.00]0.339(n=4)
2026-04-27 15:20:19,949 - INFO - [cond] cfg_signal=0.0568 (min=0.0346 max=0.0834, n=16) | class_signal=0.0714 (min=0.0415 max=0.0988, n=16) | pred_rms=0.6106
2026-04-27 15:20:20,006 - INFO - [render-loss] step=119400 masked 6/16 samples (t_value < 0.40)
2026-04-27 15:22:12,167 - INFO - Step  119600 | Epoch  14 | MSE: 0.4657 | Steps/sec: 1.78 | LR: 1.79e-04 | Render_L1: 0.0265 | Alpha_L1: 0.0365 | Render_LPIPS: 0.1696 | cos(c,null): +0.5702 | GradNorm: 0.0821 | MSE/t: [0.00-0.50]0.532(n=1556) [0.50-0.85]0.404(n=1509) [0.85-0.95]0.384(n=126) [0.95-1.00]0.347(n=9)
2026-04-27 15:22:12,653 - INFO - [cond] cfg_signal=0.0572 (min=0.0362 max=0.0943, n=16) | class_signal=0.0724 (min=0.0365 max=0.1010, n=16) | pred_rms=0.6111
2026-04-27 15:22:12,709 - INFO - [render-loss] step=119600 masked 7/16 samples (t_value < 0.40)
2026-04-27 15:24:05,591 - INFO - Step  119800 | Epoch  14 | MSE: 0.4535 | Steps/sec: 1.77 | LR: 1.79e-04 | Render_L1: 0.0257 | Alpha_L1: 0.0362 | Render_LPIPS: 0.1669 | cos(c,null): +0.5719 | GradNorm: 0.0736 | MSE/t: [0.00-0.50]0.514(n=1569) [0.50-0.85]0.398(n=1489) [0.85-0.95]0.363(n=137) [0.95-1.00]0.265(n=5)
2026-04-27 15:24:06,180 - INFO - [cond] cfg_signal=0.0596 (min=0.0380 max=0.0974, n=16) | class_signal=0.0787 (min=0.0388 max=0.1161, n=16) | pred_rms=0.6635
2026-04-27 15:24:06,240 - INFO - [render-loss] step=119800 masked 3/16 samples (t_value < 0.40)
2026-04-27 15:25:58,639 - INFO - Step  120000 | Epoch  14 | MSE: 0.4623 | Steps/sec: 1.78 | LR: 1.79e-04 | Render_L1: 0.0257 | Alpha_L1: 0.0364 | Render_LPIPS: 0.1679 | cos(c,null): +0.5733 | GradNorm: 0.0767 | MSE/t: [0.00-0.50]0.532(n=1591) [0.50-0.85]0.399(n=1472) [0.85-0.95]0.336(n=132) [0.95-1.00]0.369(n=5)
2026-04-27 15:25:59,124 - INFO - [cond] cfg_signal=0.0572 (min=0.0361 max=0.0988, n=16) | class_signal=0.0750 (min=0.0378 max=0.1060, n=16) | pred_rms=0.6390
2026-04-27 15:26:02,327 - INFO - Saved checkpoint to output/jit_JiT-B_8_kmeans_k103_v2/0120000.pt
2026-04-27 15:26:02,762 - INFO - [cond] cfg_signal=0.0572 (min=0.0361 max=0.0988, n=16) | class_signal=0.0750 (min=0.0378 max=0.1060, n=16) | pred_rms=0.6390
2026-04-27 15:26:11,236 - INFO - [validation] saved: output/jit_JiT-B_8_kmeans_k103_v2/dit_validation/epoch_014_step_0120000_class098.png (class=98, sampler=heun, steps=100)
2026-04-27 15:26:12,509 - INFO - [overrides] applied from jit/configs/overrides.yaml: lr_scale=1.0 max_grad_norm=5.0 null_repel_weight=0.0 P_mean=0.0
2026-04-27 15:26:12,560 - INFO - [render-loss] step=120000 masked 8/16 samples (t_value < 0.40)
2026-04-27 15:28:05,261 - INFO - Step  120200 | Epoch  14 | MSE: 0.4642 | Steps/sec: 1.59 | LR: 1.79e-04 | Render_L1: 0.0269 | Alpha_L1: 0.0368 | Render_LPIPS: 0.1715 | cos(c,null): +0.5770 | GradNorm: 0.0796 | MSE/t: [0.00-0.50]0.532(n=1623) [0.50-0.85]0.396(n=1445) [0.85-0.95]0.380(n=131) [0.95-1.00]0.231(n=1)
2026-04-27 15:28:05,755 - INFO - [cond] cfg_signal=0.0544 (min=0.0381 max=0.0910, n=16) | class_signal=0.0715 (min=0.0378 max=0.0996, n=16) | pred_rms=0.6311
2026-04-27 15:28:05,813 - INFO - [render-loss] step=120200 masked 8/16 samples (t_value < 0.40)
2026-04-27 15:29:58,284 - INFO - Step  120400 | Epoch  14 | MSE: 0.4791 | Steps/sec: 1.78 | LR: 1.79e-04 | Render_L1: 0.0274 | Alpha_L1: 0.0376 | Render_LPIPS: 0.1730 | cos(c,null): +0.5703 | GradNorm: 0.0843 | MSE/t: [0.00-0.50]0.555(n=1599) [0.50-0.85]0.408(n=1464) [0.85-0.95]0.356(n=130) [0.95-1.00]0.335(n=7)
2026-04-27 15:29:58,752 - INFO - [cond] cfg_signal=0.0585 (min=0.0408 max=0.0962, n=16) | class_signal=0.0759 (min=0.0377 max=0.1123, n=16) | pred_rms=0.6385
2026-04-27 15:29:58,808 - INFO - [render-loss] step=120400 masked 8/16 samples (t_value < 0.40)
2026-04-27 15:31:51,401 - INFO - Step  120600 | Epoch  14 | MSE: 0.4650 | Steps/sec: 1.78 | LR: 1.79e-04 | Render_L1: 0.0259 | Alpha_L1: 0.0367 | Render_LPIPS: 0.1679 | cos(c,null): +0.5665 | GradNorm: 0.0834 | MSE/t: [0.00-0.50]0.536(n=1534) [0.50-0.85]0.408(n=1527) [0.85-0.95]0.305(n=132) [0.95-1.00]0.219(n=7)
2026-04-27 15:31:51,886 - INFO - [cond] cfg_signal=0.0568 (min=0.0361 max=0.0897, n=16) | class_signal=0.0757 (min=0.0350 max=0.1056, n=16) | pred_rms=0.6383
2026-04-27 15:31:51,942 - INFO - [render-loss] step=120600 masked 6/16 samples (t_value < 0.40)
2026-04-27 15:33:43,955 - INFO - Step  120800 | Epoch  14 | MSE: 0.4629 | Steps/sec: 1.78 | LR: 1.79e-04 | Render_L1: 0.0265 | Alpha_L1: 0.0367 | Render_LPIPS: 0.1697 | cos(c,null): +0.5703 | GradNorm: 0.0784 | MSE/t: [0.00-0.50]0.530(n=1618) [0.50-0.85]0.398(n=1445) [0.85-0.95]0.350(n=132) [0.95-1.00]0.444(n=5)
2026-04-27 15:33:44,448 - INFO - [cond] cfg_signal=0.0554 (min=0.0328 max=0.0871, n=16) | class_signal=0.0745 (min=0.0371 max=0.1055, n=16) | pred_rms=0.6490
2026-04-27 15:33:44,506 - INFO - [render-loss] step=120800 masked 6/16 samples (t_value < 0.40)
2026-04-27 15:35:36,319 - INFO - Step  121000 | Epoch  14 | MSE: 0.4603 | Steps/sec: 1.79 | LR: 1.79e-04 | Render_L1: 0.0252 | Alpha_L1: 0.0354 | Render_LPIPS: 0.1651 | cos(c,null): +0.5733 | GradNorm: 0.0805 | MSE/t: [0.00-0.50]0.528(n=1597) [0.50-0.85]0.401(n=1460) [0.85-0.95]0.316(n=138) [0.95-1.00]0.343(n=5)
2026-04-27 15:35:36,770 - INFO - [cond] cfg_signal=0.0543 (min=0.0330 max=0.0898, n=16) | class_signal=0.0712 (min=0.0364 max=0.0979, n=16) | pred_rms=0.6387
2026-04-27 15:35:44,927 - INFO - [validation] saved: output/jit_JiT-B_8_kmeans_k103_v2/dit_validation/epoch_014_step_0121000_class031.png (class=31, sampler=heun, steps=100)
2026-04-27 15:35:46,190 - INFO - [overrides] applied from jit/configs/overrides.yaml: lr_scale=1.0 max_grad_norm=5.0 null_repel_weight=0.0 P_mean=0.0
2026-04-27 15:35:46,240 - INFO - [render-loss] step=121000 masked 3/16 samples (t_value < 0.40)
2026-04-27 15:37:38,411 - INFO - Step  121200 | Epoch  14 | MSE: 0.4774 | Steps/sec: 1.64 | LR: 1.79e-04 | Render_L1: 0.0270 | Alpha_L1: 0.0370 | Render_LPIPS: 0.1723 | cos(c,null): +0.5722 | GradNorm: 0.1116 | MSE/t: [0.00-0.50]0.529(n=1607) [0.50-0.85]0.423(n=1467) [0.85-0.95]0.460(n=120) [0.95-1.00]0.261(n=6)
2026-04-27 15:37:38,885 - INFO - [cond] cfg_signal=0.0554 (min=0.0338 max=0.0902, n=16) | class_signal=0.0708 (min=0.0385 max=0.0948, n=16) | pred_rms=0.6421
2026-04-27 15:37:38,942 - INFO - [render-loss] step=121200 masked 4/16 samples (t_value < 0.40)
2026-04-27 15:39:31,465 - INFO - Step  121400 | Epoch  14 | MSE: 0.4606 | Steps/sec: 1.78 | LR: 1.79e-04 | Render_L1: 0.0261 | Alpha_L1: 0.0374 | Render_LPIPS: 0.1678 | cos(c,null): +0.5719 | GradNorm: 0.0804 | MSE/t: [0.00-0.50]0.526(n=1633) [0.50-0.85]0.397(n=1445) [0.85-0.95]0.342(n=118) [0.95-1.00]0.219(n=4)
2026-04-27 15:39:31,940 - INFO - [cond] cfg_signal=0.0580 (min=0.0370 max=0.0928, n=16) | class_signal=0.0728 (min=0.0394 max=0.0957, n=16) | pred_rms=0.6273
2026-04-27 15:39:32,032 - INFO - [render-loss] step=121400 masked 3/16 samples (t_value < 0.40)
W0427 15:41:23.960000 1575629 torch/distributed/elastic/agent/server/api.py:739] Received Signals.SIGTERM death signal, shutting down workers
W0427 15:41:23.967000 1575629 torch/distributed/elastic/multiprocessing/api.py:1012] Sending process 1575758 closing signal SIGTERM
W0427 15:41:23.969000 1575629 torch/distributed/elastic/multiprocessing/api.py:1012] Sending process 1575759 closing signal SIGTERM
Traceback (most recent call last):
  File "/home/hmolin/3DGen-Playground/.3dgen/bin/accelerate", line 8, in <module>
    sys.exit(main())
  File "/home/hmolin/3DGen-Playground/.3dgen/lib/python3.10/site-packages/accelerate/commands/accelerate_cli.py", line 50, in main
    args.func(args)
  File "/home/hmolin/3DGen-Playground/.3dgen/lib/python3.10/site-packages/accelerate/commands/launch.py", line 1396, in launch_command
    multi_gpu_launcher(args)
  File "/home/hmolin/3DGen-Playground/.3dgen/lib/python3.10/site-packages/accelerate/commands/launch.py", line 1023, in multi_gpu_launcher
    distrib_run.run(args)
  File "/home/hmolin/3DGen-Playground/.3dgen/lib/python3.10/site-packages/torch/distributed/run.py", line 981, in run
    elastic_launch(
  File "/home/hmolin/3DGen-Playground/.3dgen/lib/python3.10/site-packages/torch/distributed/launcher/api.py", line 170, in __call__
    return launch_agent(self._config, self._entrypoint, list(args))
  File "/home/hmolin/3DGen-Playground/.3dgen/lib/python3.10/site-packages/torch/distributed/launcher/api.py", line 308, in launch_agent
    result = agent.run()
  File "/home/hmolin/3DGen-Playground/.3dgen/lib/python3.10/site-packages/torch/distributed/elastic/metrics/api.py", line 134, in wrapper
    result = f(*args, **kwargs)
  File "/home/hmolin/3DGen-Playground/.3dgen/lib/python3.10/site-packages/torch/distributed/elastic/agent/server/api.py", line 731, in run
    result = self._invoke_run(role)
  File "/home/hmolin/3DGen-Playground/.3dgen/lib/python3.10/site-packages/torch/distributed/elastic/agent/server/api.py", line 908, in _invoke_run
    time.sleep(monitor_interval)
  File "/home/hmolin/3DGen-Playground/.3dgen/lib/python3.10/site-packages/torch/distributed/elastic/multiprocessing/api.py", line 86, in _terminate_process_handler
    raise SignalException(f"Process {os.getpid()} got signal: {sigval}", sigval=sigval)
torch.distributed.elastic.multiprocessing.api.SignalException: Process 1575629 got signal: 15
