2026-04-30 03:35:51,492 - INFO - Accelerator: num_processes=4, mixed_precision=bf16, device=cuda:0
2026-04-30 03:35:51,493 - INFO - Validation sampler: heun
2026-04-30 03:35:51,758 - INFO - Loading class map from /home/hmolin/3DGen-Playground/object_labels/image_kmeans_k103/object_to_class.json
2026-04-30 03:35:51,927 - INFO - Loading sphere2plane permutation from /home/tiangexiang/gen3d/gaussianverse/sphere2plane.npy
2026-04-30 03:35:51,927 - INFO - Loading sphere2plane permutation from /home/tiangexiang/gen3d/gaussianverse/sphere2plane.npy
2026-04-30 03:35:51,928 - INFO - Number of classes: 103
2026-04-30 03:35:51,928 - INFO - Creating base dataset...
2026-04-30 03:35:51,928 - INFO - Loading obj list from /home/tiangexiang/gen3d/gaussianverse/all_obj_list_filtered.json
2026-04-30 03:35:51,928 - INFO - Loading sphere2plane permutation from /home/tiangexiang/gen3d/gaussianverse/sphere2plane.npy
2026-04-30 03:35:51,928 - INFO - Loading obj list from /home/tiangexiang/gen3d/gaussianverse/all_obj_list_filtered.json
2026-04-30 03:35:51,928 - INFO - Loading sphere2plane permutation from /home/tiangexiang/gen3d/gaussianverse/sphere2plane.npy
2026-04-30 03:35:51,929 - INFO - Loading obj list from /home/tiangexiang/gen3d/gaussianverse/all_obj_list_filtered.json
2026-04-30 03:35:51,929 - INFO - Loading obj list from /home/tiangexiang/gen3d/gaussianverse/all_obj_list_filtered.json
2026-04-30 03:35:52,167 - INFO - Loaded 254338 entries from /home/tiangexiang/gen3d/gaussianverse/all_obj_list_filtered.json
2026-04-30 03:35:52,167 - INFO - Loaded 254338 entries from /home/tiangexiang/gen3d/gaussianverse/all_obj_list_filtered.json
2026-04-30 03:35:52,167 - INFO - Loaded 254338 entries from /home/tiangexiang/gen3d/gaussianverse/all_obj_list_filtered.json
2026-04-30 03:35:52,167 - INFO - Loaded 254338 entries from /home/tiangexiang/gen3d/gaussianverse/all_obj_list_filtered.json
2026-04-30 03:35:52,173 - INFO - Total merged entries: 254338
2026-04-30 03:35:52,174 - INFO - Total merged entries: 254338
2026-04-30 03:35:52,174 - INFO - Total merged entries: 254338
2026-04-30 03:35:52,174 - INFO - Total merged entries: 254338
2026-04-30 03:35:52,182 - INFO - Loading normalization statistics from /home/tiangexiang/gen3d/3DGen-Playground/playground/gaussianverse_plane_stats_mean_c11.pt and /home/tiangexiang/gen3d/3DGen-Playground/playground/gaussianverse_plane_stats_std_c11.pt
2026-04-30 03:35:52,182 - INFO - Loading normalization statistics from /home/tiangexiang/gen3d/3DGen-Playground/playground/gaussianverse_plane_stats_mean_c11.pt and /home/tiangexiang/gen3d/3DGen-Playground/playground/gaussianverse_plane_stats_std_c11.pt
2026-04-30 03:35:52,182 - INFO - Loading normalization statistics from /home/tiangexiang/gen3d/3DGen-Playground/playground/gaussianverse_plane_stats_mean_c11.pt and /home/tiangexiang/gen3d/3DGen-Playground/playground/gaussianverse_plane_stats_std_c11.pt
2026-04-30 03:35:52,182 - INFO - Loading normalization statistics from /home/tiangexiang/gen3d/3DGen-Playground/playground/gaussianverse_plane_stats_mean_c11.pt and /home/tiangexiang/gen3d/3DGen-Playground/playground/gaussianverse_plane_stats_std_c11.pt
2026-04-30 03:35:52,191 - INFO - Initialized dataset with 254338 samples
2026-04-30 03:35:52,191 - INFO - Initialized dataset with 254338 samples
2026-04-30 03:35:52,191 - INFO - Initialized dataset with 254338 samples
2026-04-30 03:35:52,191 - INFO - Initialized dataset with 254338 samples
2026-04-30 03:35:52,192 - INFO - sh_degree0_only: selecting 14 features from 59
2026-04-30 03:35:52,226 - INFO - Loaded sphere2plane permutation: 16384 points
2026-04-30 03:35:52,472 - INFO - Class3DGenDataset: 254337 valid samples, 1 skipped (class -1 or missing)
2026-04-30 03:35:52,472 - INFO - Class3DGenDataset: 254337 valid samples, 1 skipped (class -1 or missing)
2026-04-30 03:35:52,479 - INFO - Class3DGenDataset: 254337 valid samples, 1 skipped (class -1 or missing)
2026-04-30 03:35:52,493 - INFO - Class3DGenDataset: 254337 valid samples, 1 skipped (class -1 or missing)
2026-04-30 03:35:52,833 - INFO - Attached to existing lazy shared CPU cache: /home/hmolin/3dgen_cache/preload/b100dd94a30b877c6a26554b0c8486a9
2026-04-30 03:35:52,876 - INFO - Attached to existing lazy shared CPU cache: /home/hmolin/3dgen_cache/preload/b100dd94a30b877c6a26554b0c8486a9
2026-04-30 03:35:52,919 - INFO - Attached to existing lazy shared CPU cache: /home/hmolin/3dgen_cache/preload/b100dd94a30b877c6a26554b0c8486a9
2026-04-30 03:35:52,962 - INFO - Attached to existing lazy shared CPU cache: /home/hmolin/3dgen_cache/preload/b100dd94a30b877c6a26554b0c8486a9
2026-04-30 03:35:52,983 - INFO - [class-balanced] sampling with inverse-frequency weights over 103 classes (min=791, max=4760, mean=2469.3 samples/class)
2026-04-30 03:35:52,983 - INFO - Dataset size: 254337, Per-GPU batch size: 64
2026-04-30 03:35:52,983 - INFO - Creating model: JiT-B/8
2026-04-30 03:35:54,667 - INFO - JiT spatial folding: disabled (factor=1)
2026-04-30 03:35:54,668 - INFO - Model parameters: 130,934,656 (130.9M)
2026-04-30 03:35:54,987 - INFO - [layout] converted 2 Conv2d weights to channels_last
2026-04-30 03:35:54,987 - INFO - torch.compile: enabled (mode=default)
2026-04-30 03:35:57,224 - INFO - Diffusion timesteps: 1000, predict=x0, schedule=squaredcos_cap_v2
2026-04-30 03:35:57,224 - INFO - Training mode: DDPM (sampler=heun), timestep sampling: sigmoid(N(0.000, 1.000)) mapped to discrete steps [0, 999]
2026-04-30 03:35:57,635 - INFO - LR schedule: cosine | warmup=500 opt steps | max_opt_steps=198600 | lr_min=1e-05
2026-04-30 03:35:57,666 - INFO - [channel_loss_weights] active: 14 values, mean=1.0000, min=0.6440, max=1.7350
2026-04-30 03:35:57,828 - INFO - Loaded 52 reference cameras from /home/hmolin/3DGen-Playground/artifacts/ref_camera.tar.gz
/home/hmolin/3DGen-Playground/.3dgen/lib/python3.10/site-packages/torchvision/models/_utils.py:208: UserWarning: The parameter 'pretrained' is deprecated since 0.13 and may be removed in the future, please use 'weights' instead.
  warnings.warn(
/home/hmolin/3DGen-Playground/.3dgen/lib/python3.10/site-packages/torchvision/models/_utils.py:208: UserWarning: The parameter 'pretrained' is deprecated since 0.13 and may be removed in the future, please use 'weights' instead.
  warnings.warn(
/home/hmolin/3DGen-Playground/.3dgen/lib/python3.10/site-packages/torchvision/models/_utils.py:208: UserWarning: The parameter 'pretrained' is deprecated since 0.13 and may be removed in the future, please use 'weights' instead.
  warnings.warn(
/home/hmolin/3DGen-Playground/.3dgen/lib/python3.10/site-packages/torchvision/models/_utils.py:208: UserWarning: The parameter 'pretrained' is deprecated since 0.13 and may be removed in the future, please use 'weights' instead.
  warnings.warn(
/home/hmolin/3DGen-Playground/.3dgen/lib/python3.10/site-packages/torchvision/models/_utils.py:223: UserWarning: Arguments other than a weight enum or `None` for 'weights' are deprecated since 0.13 and may be removed in the future. The current behavior is equivalent to passing `weights=VGG16_Weights.IMAGENET1K_V1`. You can also use `weights=VGG16_Weights.DEFAULT` to get the most up-to-date weights.
  warnings.warn(msg)
/home/hmolin/3DGen-Playground/.3dgen/lib/python3.10/site-packages/torchvision/models/_utils.py:223: UserWarning: Arguments other than a weight enum or `None` for 'weights' are deprecated since 0.13 and may be removed in the future. The current behavior is equivalent to passing `weights=VGG16_Weights.IMAGENET1K_V1`. You can also use `weights=VGG16_Weights.DEFAULT` to get the most up-to-date weights.
  warnings.warn(msg)
/home/hmolin/3DGen-Playground/.3dgen/lib/python3.10/site-packages/torchvision/models/_utils.py:223: UserWarning: Arguments other than a weight enum or `None` for 'weights' are deprecated since 0.13 and may be removed in the future. The current behavior is equivalent to passing `weights=VGG16_Weights.IMAGENET1K_V1`. You can also use `weights=VGG16_Weights.DEFAULT` to get the most up-to-date weights.
  warnings.warn(msg)
/home/hmolin/3DGen-Playground/.3dgen/lib/python3.10/site-packages/torchvision/models/_utils.py:223: UserWarning: Arguments other than a weight enum or `None` for 'weights' are deprecated since 0.13 and may be removed in the future. The current behavior is equivalent to passing `weights=VGG16_Weights.IMAGENET1K_V1`. You can also use `weights=VGG16_Weights.DEFAULT` to get the most up-to-date weights.
  warnings.warn(msg)
2026-04-30 03:36:01,138 - INFO - Starting training from epoch 0, step 0...
2026-04-30 03:36:01,138 - INFO - [render_weight_schedule] active with 2 control points: (20000, rl1=0.000, a=0.000, lp=0.0000), (100000, rl1=0.600, a=0.300, lp=0.0400) | initial weights at step 0: rl1=0.0000, alpha=0.0000, lpips=0.0000
2026-04-30 03:38:12,949 - INFO - Step     200 | Epoch   0 | MSE: 0.6842 | Steps/sec: 1.52 | LR: 8.00e-05 | cos(c,null): +0.0011 | GradNorm: 0.1375 | MSE/t: [0.00-0.50]0.700(n=6413) [0.50-0.85]0.669(n=5851) [0.85-0.95]0.662(n=515) [0.95-1.00]0.507(n=21)
2026-04-30 03:39:37,361 - INFO - Step     400 | Epoch   0 | MSE: 0.4451 | Steps/sec: 2.37 | LR: 1.60e-04 | cos(c,null): +0.0018 | GradNorm: 0.2098 | MSE/t: [0.00-0.50]0.507(n=6256) [0.50-0.85]0.390(n=5980) [0.85-0.95]0.343(n=543) [0.95-1.00]0.305(n=21)
2026-04-30 03:41:01,736 - INFO - Step     600 | Epoch   0 | MSE: 0.4095 | Steps/sec: 2.37 | LR: 2.00e-04 | cos(c,null): +0.0011 | GradNorm: 0.1593 | MSE/t: [0.00-0.50]0.482(n=6388) [0.50-0.85]0.343(n=5898) [0.85-0.95]0.263(n=500) [0.95-1.00]0.304(n=14)
2026-04-30 03:42:26,072 - INFO - Step     800 | Epoch   0 | MSE: 0.3920 | Steps/sec: 2.37 | LR: 2.00e-04 | cos(c,null): +0.0006 | GradNorm: 0.1071 | MSE/t: [0.00-0.50]0.468(n=6360) [0.50-0.85]0.321(n=5889) [0.85-0.95]0.279(n=526) [0.95-1.00]0.298(n=25)
2026-04-30 03:43:50,583 - INFO - Step    1000 | Epoch   1 | MSE: 0.3863 | Steps/sec: 2.37 | LR: 2.00e-04 | cos(c,null): +0.0002 | GradNorm: 0.0898 | MSE/t: [0.00-0.50]0.463(n=6377) [0.50-0.85]0.315(n=5906) [0.85-0.95]0.261(n=502) [0.95-1.00]0.267(n=15)
[rank0]:W0430 03:44:07.293000 235536 .3dgen/lib/python3.10/site-packages/torch/_inductor/utils.py:1731] [0/2] Not enough SMs to use max_autotune_gemm mode
2026-04-30 03:44:18,574 - INFO - [cond] cfg_signal=0.0215 (min=0.0116 max=0.0461, n=16) | class_signal=0.0241 (min=0.0119 max=0.0547, n=16) | pred_rms=0.6144
2026-04-30 03:44:26,953 - INFO - [validation] saved: output/jit_B8_c11_20260430_033542/dit_validation/epoch_001_step_0001000_class049.png (class=49, sampler=heun, steps=100)
2026-04-30 03:45:52,785 - INFO - Step    1200 | Epoch   1 | MSE: 0.3751 | Steps/sec: 2.12 | LR: 2.00e-04 | cos(c,null): -0.0001 | GradNorm: 0.0749 | MSE/t: [0.00-0.50]0.452(n=6237) [0.50-0.85]0.306(n=6014) [0.85-0.95]0.252(n=525) [0.95-1.00]0.263(n=24)
2026-04-30 03:47:17,457 - INFO - Step    1400 | Epoch   1 | MSE: 0.3727 | Steps/sec: 2.36 | LR: 2.00e-04 | cos(c,null): -0.0004 | GradNorm: 0.0735 | MSE/t: [0.00-0.50]0.453(n=6391) [0.50-0.85]0.297(n=5860) [0.85-0.95]0.245(n=533) [0.95-1.00]0.198(n=16)
2026-04-30 03:48:41,992 - INFO - Step    1600 | Epoch   1 | MSE: 0.3714 | Steps/sec: 2.37 | LR: 2.00e-04 | cos(c,null): -0.0008 | GradNorm: 0.0651 | MSE/t: [0.00-0.50]0.453(n=6388) [0.50-0.85]0.294(n=5817) [0.85-0.95]0.247(n=575) [0.95-1.00]0.206(n=20)
2026-04-30 03:50:06,559 - INFO - Step    1800 | Epoch   1 | MSE: 0.3709 | Steps/sec: 2.37 | LR: 2.00e-04 | cos(c,null): -0.0011 | GradNorm: 0.0592 | MSE/t: [0.00-0.50]0.450(n=6471) [0.50-0.85]0.295(n=5779) [0.85-0.95]0.238(n=530) [0.95-1.00]0.231(n=20)
2026-04-30 03:51:32,219 - INFO - Step    2000 | Epoch   2 | MSE: 0.3703 | Steps/sec: 2.33 | LR: 2.00e-04 | cos(c,null): -0.0012 | GradNorm: 0.0570 | MSE/t: [0.00-0.50]0.451(n=6405) [0.50-0.85]0.294(n=5881) [0.85-0.95]0.235(n=497) [0.95-1.00]0.204(n=17)
2026-04-30 03:51:32,442 - INFO - [cond] cfg_signal=0.0290 (min=0.0146 max=0.0424, n=16) | class_signal=0.0270 (min=0.0132 max=0.0665, n=16) | pred_rms=0.6580
2026-04-30 03:51:40,432 - INFO - [validation] saved: output/jit_B8_c11_20260430_033542/dit_validation/epoch_002_step_0002000_class053.png (class=53, sampler=heun, steps=100)
2026-04-30 03:53:06,486 - INFO - Step    2200 | Epoch   2 | MSE: 0.3622 | Steps/sec: 2.13 | LR: 2.00e-04 | cos(c,null): -0.0015 | GradNorm: 0.0513 | MSE/t: [0.00-0.50]0.445(n=6375) [0.50-0.85]0.285(n=5914) [0.85-0.95]0.222(n=491) [0.95-1.00]0.231(n=20)
2026-04-30 03:54:31,120 - INFO - Step    2400 | Epoch   2 | MSE: 0.3606 | Steps/sec: 2.36 | LR: 2.00e-04 | cos(c,null): -0.0016 | GradNorm: 0.0503 | MSE/t: [0.00-0.50]0.443(n=6373) [0.50-0.85]0.284(n=5900) [0.85-0.95]0.221(n=509) [0.95-1.00]0.242(n=18)
2026-04-30 03:55:55,663 - INFO - Step    2600 | Epoch   2 | MSE: 0.3583 | Steps/sec: 2.37 | LR: 2.00e-04 | cos(c,null): -0.0017 | GradNorm: 0.0503 | MSE/t: [0.00-0.50]0.443(n=6425) [0.50-0.85]0.277(n=5844) [0.85-0.95]0.228(n=509) [0.95-1.00]0.221(n=22)
2026-04-30 03:57:20,205 - INFO - Step    2800 | Epoch   2 | MSE: 0.3598 | Steps/sec: 2.37 | LR: 2.00e-04 | cos(c,null): -0.0019 | GradNorm: 0.0522 | MSE/t: [0.00-0.50]0.447(n=6458) [0.50-0.85]0.276(n=5805) [0.85-0.95]0.224(n=514) [0.95-1.00]0.245(n=23)
2026-04-30 03:58:45,160 - INFO - Step    3000 | Epoch   3 | MSE: 0.3547 | Steps/sec: 2.35 | LR: 2.00e-04 | cos(c,null): -0.0020 | GradNorm: 0.0416 | MSE/t: [0.00-0.50]0.437(n=6343) [0.50-0.85]0.278(n=5926) [0.85-0.95]0.223(n=513) [0.95-1.00]0.206(n=18)
2026-04-30 03:58:45,376 - INFO - [cond] cfg_signal=0.0256 (min=0.0145 max=0.0453, n=16) | class_signal=0.0242 (min=0.0127 max=0.0381, n=16) | pred_rms=0.8516
2026-04-30 03:58:53,303 - INFO - [validation] saved: output/jit_B8_c11_20260430_033542/dit_validation/epoch_003_step_0003000_class033.png (class=33, sampler=heun, steps=100)
2026-04-30 04:00:18,541 - INFO - Step    3200 | Epoch   3 | MSE: 0.3564 | Steps/sec: 2.15 | LR: 2.00e-04 | cos(c,null): -0.0020 | GradNorm: 0.0380 | MSE/t: [0.00-0.50]0.442(n=6359) [0.50-0.85]0.276(n=5899) [0.85-0.95]0.219(n=521) [0.95-1.00]0.253(n=21)
2026-04-30 04:01:43,074 - INFO - Step    3400 | Epoch   3 | MSE: 0.3521 | Steps/sec: 2.37 | LR: 2.00e-04 | cos(c,null): -0.0021 | GradNorm: 0.0360 | MSE/t: [0.00-0.50]0.436(n=6305) [0.50-0.85]0.275(n=5941) [0.85-0.95]0.221(n=539) [0.95-1.00]0.257(n=15)
2026-04-30 04:03:07,627 - INFO - Step    3600 | Epoch   3 | MSE: 0.3523 | Steps/sec: 2.37 | LR: 2.00e-04 | cos(c,null): -0.0022 | GradNorm: 0.0403 | MSE/t: [0.00-0.50]0.438(n=6386) [0.50-0.85]0.271(n=5889) [0.85-0.95]0.214(n=505) [0.95-1.00]0.234(n=20)
2026-04-30 04:04:32,162 - INFO - Step    3800 | Epoch   3 | MSE: 0.3562 | Steps/sec: 2.37 | LR: 2.00e-04 | cos(c,null): -0.0026 | GradNorm: 0.0413 | MSE/t: [0.00-0.50]0.449(n=6394) [0.50-0.85]0.268(n=5860) [0.85-0.95]0.206(n=525) [0.95-1.00]0.238(n=21)
2026-04-30 04:05:57,041 - INFO - Step    4000 | Epoch   4 | MSE: 0.3477 | Steps/sec: 2.36 | LR: 2.00e-04 | cos(c,null): -0.0031 | GradNorm: 0.0323 | MSE/t: [0.00-0.50]0.430(n=6283) [0.50-0.85]0.274(n=5967) [0.85-0.95]0.211(n=524) [0.95-1.00]0.220(n=26)
2026-04-30 04:05:57,254 - INFO - [cond] cfg_signal=0.0335 (min=0.0245 max=0.0492, n=16) | class_signal=0.0340 (min=0.0137 max=0.0651, n=16) | pred_rms=0.8537
2026-04-30 04:06:05,272 - INFO - [validation] saved: output/jit_B8_c11_20260430_033542/dit_validation/epoch_004_step_0004000_class062.png (class=62, sampler=heun, steps=100)
2026-04-30 04:07:30,604 - INFO - Step    4200 | Epoch   4 | MSE: 0.3522 | Steps/sec: 2.14 | LR: 2.00e-04 | cos(c,null): -0.0029 | GradNorm: 0.0347 | MSE/t: [0.00-0.50]0.439(n=6413) [0.50-0.85]0.270(n=5870) [0.85-0.95]0.202(n=497) [0.95-1.00]0.216(n=20)
2026-04-30 04:08:55,167 - INFO - Step    4400 | Epoch   4 | MSE: 0.3509 | Steps/sec: 2.37 | LR: 2.00e-04 | cos(c,null): -0.0025 | GradNorm: 0.0376 | MSE/t: [0.00-0.50]0.439(n=6438) [0.50-0.85]0.266(n=5831) [0.85-0.95]0.210(n=510) [0.95-1.00]0.183(n=21)
2026-04-30 04:10:19,732 - INFO - Step    4600 | Epoch   4 | MSE: 0.3487 | Steps/sec: 2.37 | LR: 2.00e-04 | cos(c,null): -0.0021 | GradNorm: 0.0311 | MSE/t: [0.00-0.50]0.441(n=6262) [0.50-0.85]0.266(n=5953) [0.85-0.95]0.207(n=566) [0.95-1.00]0.174(n=19)
2026-04-30 04:11:44,330 - INFO - Step    4800 | Epoch   4 | MSE: 0.3475 | Steps/sec: 2.36 | LR: 2.00e-04 | cos(c,null): -0.0016 | GradNorm: 0.0319 | MSE/t: [0.00-0.50]0.437(n=6321) [0.50-0.85]0.266(n=5983) [0.85-0.95]0.189(n=478) [0.95-1.00]0.217(n=18)
2026-04-30 04:13:09,086 - INFO - Step    5000 | Epoch   5 | MSE: 0.3479 | Steps/sec: 2.36 | LR: 2.00e-04 | cos(c,null): -0.0023 | GradNorm: 0.0292 | MSE/t: [0.00-0.50]0.438(n=6413) [0.50-0.85]0.264(n=5844) [0.85-0.95]0.189(n=522) [0.95-1.00]0.205(n=21)
2026-04-30 04:13:09,300 - INFO - [cond] cfg_signal=0.0470 (min=0.0273 max=0.0629, n=16) | class_signal=0.0433 (min=0.0189 max=0.0705, n=16) | pred_rms=0.8198
2026-04-30 04:13:17,267 - INFO - [validation] saved: output/jit_B8_c11_20260430_033542/dit_validation/epoch_005_step_0005000_class100.png (class=100, sampler=heun, steps=100)
2026-04-30 04:14:42,584 - INFO - Step    5200 | Epoch   5 | MSE: 0.3491 | Steps/sec: 2.14 | LR: 2.00e-04 | cos(c,null): -0.0023 | GradNorm: 0.0285 | MSE/t: [0.00-0.50]0.437(n=6425) [0.50-0.85]0.266(n=5869) [0.85-0.95]0.204(n=481) [0.95-1.00]0.190(n=25)
2026-04-30 04:16:07,245 - INFO - Step    5400 | Epoch   5 | MSE: 0.3450 | Steps/sec: 2.36 | LR: 2.00e-04 | cos(c,null): -0.0027 | GradNorm: 0.0297 | MSE/t: [0.00-0.50]0.432(n=6365) [0.50-0.85]0.263(n=5910) [0.85-0.95]0.205(n=500) [0.95-1.00]0.211(n=25)
2026-04-30 04:17:31,830 - INFO - Step    5600 | Epoch   5 | MSE: 0.3402 | Steps/sec: 2.36 | LR: 2.00e-04 | cos(c,null): -0.0024 | GradNorm: 0.0265 | MSE/t: [0.00-0.50]0.427(n=6301) [0.50-0.85]0.261(n=6006) [0.85-0.95]0.195(n=474) [0.95-1.00]0.178(n=19)
2026-04-30 04:18:56,461 - INFO - Step    5800 | Epoch   5 | MSE: 0.3432 | Steps/sec: 2.36 | LR: 2.00e-04 | cos(c,null): -0.0019 | GradNorm: 0.0293 | MSE/t: [0.00-0.50]0.431(n=6376) [0.50-0.85]0.261(n=5892) [0.85-0.95]0.205(n=522) [0.95-1.00]0.213(n=10)
2026-04-30 04:20:21,325 - INFO - Step    6000 | Epoch   6 | MSE: 0.3453 | Steps/sec: 2.36 | LR: 2.00e-04 | cos(c,null): -0.0014 | GradNorm: 0.0271 | MSE/t: [0.00-0.50]0.436(n=6392) [0.50-0.85]0.258(n=5906) [0.85-0.95]0.211(n=482) [0.95-1.00]0.165(n=20)
2026-04-30 04:20:21,538 - INFO - [cond] cfg_signal=0.0432 (min=0.0265 max=0.0593, n=16) | class_signal=0.0447 (min=0.0235 max=0.0656, n=16) | pred_rms=0.8060
2026-04-30 04:20:29,585 - INFO - [validation] saved: output/jit_B8_c11_20260430_033542/dit_validation/epoch_006_step_0006000_class061.png (class=61, sampler=heun, steps=100)
2026-04-30 04:21:54,925 - INFO - Step    6200 | Epoch   6 | MSE: 0.3431 | Steps/sec: 2.14 | LR: 2.00e-04 | cos(c,null): -0.0012 | GradNorm: 0.0280 | MSE/t: [0.00-0.50]0.436(n=6334) [0.50-0.85]0.257(n=5941) [0.85-0.95]0.198(n=504) [0.95-1.00]0.190(n=21)
2026-04-30 04:23:19,521 - INFO - Step    6400 | Epoch   6 | MSE: 0.3432 | Steps/sec: 2.36 | LR: 2.00e-04 | cos(c,null): -0.0013 | GradNorm: 0.0274 | MSE/t: [0.00-0.50]0.434(n=6393) [0.50-0.85]0.257(n=5885) [0.85-0.95]0.199(n=499) [0.95-1.00]0.211(n=23)
2026-04-30 04:24:44,170 - INFO - Step    6600 | Epoch   6 | MSE: 0.3446 | Steps/sec: 2.36 | LR: 2.00e-04 | cos(c,null): -0.0016 | GradNorm: 0.0243 | MSE/t: [0.00-0.50]0.438(n=6405) [0.50-0.85]0.256(n=5888) [0.85-0.95]0.200(n=492) [0.95-1.00]0.197(n=15)
2026-04-30 04:26:08,744 - INFO - Step    6800 | Epoch   6 | MSE: 0.3402 | Steps/sec: 2.36 | LR: 2.00e-04 | cos(c,null): -0.0014 | GradNorm: 0.0249 | MSE/t: [0.00-0.50]0.430(n=6314) [0.50-0.85]0.258(n=5935) [0.85-0.95]0.200(n=532) [0.95-1.00]0.175(n=19)
2026-04-30 04:27:33,559 - INFO - Step    7000 | Epoch   7 | MSE: 0.3432 | Steps/sec: 2.36 | LR: 1.99e-04 | cos(c,null): -0.0011 | GradNorm: 0.0259 | MSE/t: [0.00-0.50]0.436(n=6397) [0.50-0.85]0.257(n=5839) [0.85-0.95]0.186(n=548) [0.95-1.00]0.200(n=16)
2026-04-30 04:27:33,774 - INFO - [cond] cfg_signal=0.0533 (min=0.0276 max=0.0840, n=16) | class_signal=0.0493 (min=0.0265 max=0.0710, n=16) | pred_rms=0.8433
2026-04-30 04:27:41,741 - INFO - [validation] saved: output/jit_B8_c11_20260430_033542/dit_validation/epoch_007_step_0007000_class074.png (class=74, sampler=heun, steps=100)
2026-04-30 04:29:07,008 - INFO - Step    7200 | Epoch   7 | MSE: 0.3415 | Steps/sec: 2.15 | LR: 1.99e-04 | cos(c,null): -0.0020 | GradNorm: 0.0248 | MSE/t: [0.00-0.50]0.434(n=6386) [0.50-0.85]0.255(n=5877) [0.85-0.95]0.191(n=527) [0.95-1.00]0.176(n=10)
2026-04-30 04:30:31,566 - INFO - Step    7400 | Epoch   7 | MSE: 0.3379 | Steps/sec: 2.37 | LR: 1.99e-04 | cos(c,null): -0.0029 | GradNorm: 0.0262 | MSE/t: [0.00-0.50]0.428(n=6322) [0.50-0.85]0.255(n=5951) [0.85-0.95]0.192(n=511) [0.95-1.00]0.185(n=16)
2026-04-30 04:31:56,085 - INFO - Step    7600 | Epoch   7 | MSE: 0.3398 | Steps/sec: 2.37 | LR: 1.99e-04 | cos(c,null): -0.0023 | GradNorm: 0.0239 | MSE/t: [0.00-0.50]0.431(n=6448) [0.50-0.85]0.254(n=5814) [0.85-0.95]0.182(n=516) [0.95-1.00]0.152(n=22)
2026-04-30 04:33:20,611 - INFO - Step    7800 | Epoch   7 | MSE: 0.3368 | Steps/sec: 2.37 | LR: 1.99e-04 | cos(c,null): -0.0012 | GradNorm: 0.0220 | MSE/t: [0.00-0.50]0.426(n=6350) [0.50-0.85]0.255(n=5924) [0.85-0.95]0.181(n=498) [0.95-1.00]0.206(n=28)
2026-04-30 04:34:45,353 - INFO - Step    8000 | Epoch   8 | MSE: 0.3360 | Steps/sec: 2.36 | LR: 1.99e-04 | cos(c,null): -0.0004 | GradNorm: 0.0246 | MSE/t: [0.00-0.50]0.426(n=6329) [0.50-0.85]0.254(n=5900) [0.85-0.95]0.179(n=553) [0.95-1.00]0.183(n=18)
2026-04-30 04:34:45,565 - INFO - [cond] cfg_signal=0.0521 (min=0.0330 max=0.0699, n=16) | class_signal=0.0580 (min=0.0318 max=0.0797, n=16) | pred_rms=0.8573
2026-04-30 04:34:53,604 - INFO - [validation] saved: output/jit_B8_c11_20260430_033542/dit_validation/epoch_008_step_0008000_class064.png (class=64, sampler=heun, steps=100)
2026-04-30 04:36:18,873 - INFO - Step    8200 | Epoch   8 | MSE: 0.3358 | Steps/sec: 2.14 | LR: 1.99e-04 | cos(c,null): -0.0002 | GradNorm: 0.0260 | MSE/t: [0.00-0.50]0.425(n=6464) [0.50-0.85]0.250(n=5813) [0.85-0.95]0.183(n=505) [0.95-1.00]0.171(n=18)
2026-04-30 04:37:43,367 - INFO - Step    8400 | Epoch   8 | MSE: 0.3396 | Steps/sec: 2.37 | LR: 1.99e-04 | cos(c,null): -0.0002 | GradNorm: 0.0235 | MSE/t: [0.00-0.50]0.433(n=6359) [0.50-0.85]0.252(n=5919) [0.85-0.95]0.189(n=500) [0.95-1.00]0.228(n=22)
2026-04-30 04:39:07,865 - INFO - Step    8600 | Epoch   8 | MSE: 0.3375 | Steps/sec: 2.37 | LR: 1.99e-04 | cos(c,null): +0.0002 | GradNorm: 0.0228 | MSE/t: [0.00-0.50]0.427(n=6399) [0.50-0.85]0.254(n=5899) [0.85-0.95]0.180(n=487) [0.95-1.00]0.175(n=15)
2026-04-30 04:40:32,213 - INFO - Step    8800 | Epoch   8 | MSE: 0.3386 | Steps/sec: 2.37 | LR: 1.99e-04 | cos(c,null): +0.0001 | GradNorm: 0.0225 | MSE/t: [0.00-0.50]0.433(n=6387) [0.50-0.85]0.250(n=5872) [0.85-0.95]0.182(n=517) [0.95-1.00]0.184(n=24)
2026-04-30 04:41:56,884 - INFO - Step    9000 | Epoch   9 | MSE: 0.3387 | Steps/sec: 2.36 | LR: 1.99e-04 | cos(c,null): -0.0011 | GradNorm: 0.0242 | MSE/t: [0.00-0.50]0.432(n=6456) [0.50-0.85]0.250(n=5766) [0.85-0.95]0.184(n=544) [0.95-1.00]0.167(n=34)
2026-04-30 04:41:57,101 - INFO - [cond] cfg_signal=0.0482 (min=0.0325 max=0.0671, n=16) | class_signal=0.0562 (min=0.0246 max=0.0817, n=16) | pred_rms=0.8423
2026-04-30 04:42:05,078 - INFO - [validation] saved: output/jit_B8_c11_20260430_033542/dit_validation/epoch_009_step_0009000_class036.png (class=36, sampler=heun, steps=100)
2026-04-30 04:43:30,137 - INFO - Step    9200 | Epoch   9 | MSE: 0.3379 | Steps/sec: 2.15 | LR: 1.99e-04 | cos(c,null): -0.0010 | GradNorm: 0.0195 | MSE/t: [0.00-0.50]0.428(n=6376) [0.50-0.85]0.254(n=5894) [0.85-0.95]0.184(n=511) [0.95-1.00]0.227(n=19)
2026-04-30 04:44:54,537 - INFO - Step    9400 | Epoch   9 | MSE: 0.3334 | Steps/sec: 2.37 | LR: 1.99e-04 | cos(c,null): -0.0019 | GradNorm: 0.0205 | MSE/t: [0.00-0.50]0.423(n=6381) [0.50-0.85]0.250(n=5893) [0.85-0.95]0.183(n=510) [0.95-1.00]0.141(n=16)
2026-04-30 04:46:18,922 - INFO - Step    9600 | Epoch   9 | MSE: 0.3376 | Steps/sec: 2.37 | LR: 1.99e-04 | cos(c,null): -0.0011 | GradNorm: 0.0197 | MSE/t: [0.00-0.50]0.430(n=6386) [0.50-0.85]0.251(n=5880) [0.85-0.95]0.187(n=516) [0.95-1.00]0.210(n=18)
2026-04-30 04:47:43,285 - INFO - Step    9800 | Epoch   9 | MSE: 0.3362 | Steps/sec: 2.37 | LR: 1.99e-04 | cos(c,null): -0.0013 | GradNorm: 0.0222 | MSE/t: [0.00-0.50]0.428(n=6332) [0.50-0.85]0.251(n=5947) [0.85-0.95]0.188(n=497) [0.95-1.00]0.167(n=24)
2026-04-30 04:49:07,928 - INFO - Step   10000 | Epoch  10 | MSE: 0.3356 | Steps/sec: 2.36 | LR: 1.99e-04 | cos(c,null): -0.0012 | GradNorm: 0.0247 | MSE/t: [0.00-0.50]0.427(n=6360) [0.50-0.85]0.251(n=5898) [0.85-0.95]0.184(n=519) [0.95-1.00]0.160(n=23)
2026-04-30 04:49:08,145 - INFO - [cond] cfg_signal=0.0522 (min=0.0297 max=0.0779, n=16) | class_signal=0.0585 (min=0.0257 max=0.0850, n=16) | pred_rms=0.7696
2026-04-30 04:49:16,205 - INFO - [validation] saved: output/jit_B8_c11_20260430_033542/dit_validation/epoch_010_step_0010000_class096.png (class=96, sampler=heun, steps=100)
2026-04-30 04:50:41,340 - INFO - Step   10200 | Epoch  10 | MSE: 0.3368 | Steps/sec: 2.15 | LR: 1.99e-04 | cos(c,null): -0.0010 | GradNorm: 0.0188 | MSE/t: [0.00-0.50]0.428(n=6465) [0.50-0.85]0.250(n=5772) [0.85-0.95]0.180(n=536) [0.95-1.00]0.165(n=27)
2026-04-30 04:52:05,713 - INFO - Step   10400 | Epoch  10 | MSE: 0.3340 | Steps/sec: 2.37 | LR: 1.99e-04 | cos(c,null): -0.0005 | GradNorm: 0.0207 | MSE/t: [0.00-0.50]0.428(n=6345) [0.50-0.85]0.247(n=5913) [0.85-0.95]0.181(n=518) [0.95-1.00]0.187(n=24)
2026-04-30 04:53:30,066 - INFO - Step   10600 | Epoch  10 | MSE: 0.3354 | Steps/sec: 2.37 | LR: 1.99e-04 | cos(c,null): -0.0007 | GradNorm: 0.0196 | MSE/t: [0.00-0.50]0.430(n=6305) [0.50-0.85]0.249(n=5952) [0.85-0.95]0.183(n=518) [0.95-1.00]0.173(n=25)
2026-04-30 04:54:54,432 - INFO - Step   10800 | Epoch  10 | MSE: 0.3364 | Steps/sec: 2.37 | LR: 1.99e-04 | cos(c,null): -0.0004 | GradNorm: 0.0188 | MSE/t: [0.00-0.50]0.428(n=6461) [0.50-0.85]0.249(n=5807) [0.85-0.95]0.189(n=506) [0.95-1.00]0.166(n=26)
2026-04-30 04:56:19,013 - INFO - Step   11000 | Epoch  11 | MSE: 0.3357 | Steps/sec: 2.36 | LR: 1.99e-04 | cos(c,null): -0.0007 | GradNorm: 0.0184 | MSE/t: [0.00-0.50]0.425(n=6529) [0.50-0.85]0.248(n=5762) [0.85-0.95]0.182(n=487) [0.95-1.00]0.179(n=22)
2026-04-30 04:56:19,228 - INFO - [cond] cfg_signal=0.0495 (min=0.0314 max=0.0730, n=16) | class_signal=0.0588 (min=0.0284 max=0.0811, n=16) | pred_rms=0.8056
2026-04-30 04:56:27,229 - INFO - [validation] saved: output/jit_B8_c11_20260430_033542/dit_validation/epoch_011_step_0011000_class079.png (class=79, sampler=heun, steps=100)
2026-04-30 04:57:52,375 - INFO - Step   11200 | Epoch  11 | MSE: 0.3342 | Steps/sec: 2.15 | LR: 1.99e-04 | cos(c,null): -0.0016 | GradNorm: 0.0183 | MSE/t: [0.00-0.50]0.426(n=6368) [0.50-0.85]0.249(n=5876) [0.85-0.95]0.182(n=536) [0.95-1.00]0.173(n=20)
2026-04-30 04:59:16,702 - INFO - Step   11400 | Epoch  11 | MSE: 0.3343 | Steps/sec: 2.37 | LR: 1.99e-04 | cos(c,null): -0.0006 | GradNorm: 0.0186 | MSE/t: [0.00-0.50]0.428(n=6274) [0.50-0.85]0.250(n=5967) [0.85-0.95]0.183(n=538) [0.95-1.00]0.146(n=21)
2026-04-30 05:00:41,105 - INFO - Step   11600 | Epoch  11 | MSE: 0.3323 | Steps/sec: 2.37 | LR: 1.99e-04 | cos(c,null): +0.0001 | GradNorm: 0.0192 | MSE/t: [0.00-0.50]0.426(n=6346) [0.50-0.85]0.245(n=5924) [0.85-0.95]0.185(n=510) [0.95-1.00]0.180(n=20)
2026-04-30 05:02:05,483 - INFO - Step   11800 | Epoch  11 | MSE: 0.3336 | Steps/sec: 2.37 | LR: 1.98e-04 | cos(c,null): +0.0002 | GradNorm: 0.0187 | MSE/t: [0.00-0.50]0.426(n=6406) [0.50-0.85]0.246(n=5825) [0.85-0.95]0.189(n=542) [0.95-1.00]0.219(n=27)
2026-04-30 05:03:30,132 - INFO - Step   12000 | Epoch  12 | MSE: 0.3333 | Steps/sec: 2.36 | LR: 1.98e-04 | cos(c,null): +0.0003 | GradNorm: 0.0202 | MSE/t: [0.00-0.50]0.425(n=6392) [0.50-0.85]0.248(n=5868) [0.85-0.95]0.182(n=520) [0.95-1.00]0.184(n=20)
2026-04-30 05:03:30,348 - INFO - [cond] cfg_signal=0.0574 (min=0.0417 max=0.0749, n=16) | class_signal=0.0660 (min=0.0337 max=0.0867, n=16) | pred_rms=0.8514
2026-04-30 05:03:38,287 - INFO - [validation] saved: output/jit_B8_c11_20260430_033542/dit_validation/epoch_012_step_0012000_class032.png (class=32, sampler=heun, steps=100)
2026-04-30 05:05:03,523 - INFO - Step   12200 | Epoch  12 | MSE: 0.3318 | Steps/sec: 2.15 | LR: 1.98e-04 | cos(c,null): +0.0008 | GradNorm: 0.0224 | MSE/t: [0.00-0.50]0.425(n=6346) [0.50-0.85]0.246(n=5933) [0.85-0.95]0.181(n=502) [0.95-1.00]0.166(n=19)
2026-04-30 05:06:27,900 - INFO - Step   12400 | Epoch  12 | MSE: 0.3318 | Steps/sec: 2.37 | LR: 1.98e-04 | cos(c,null): +0.0014 | GradNorm: 0.0175 | MSE/t: [0.00-0.50]0.422(n=6411) [0.50-0.85]0.246(n=5845) [0.85-0.95]0.180(n=527) [0.95-1.00]0.204(n=17)
2026-04-30 05:07:52,330 - INFO - Step   12600 | Epoch  12 | MSE: 0.3359 | Steps/sec: 2.37 | LR: 1.98e-04 | cos(c,null): +0.0023 | GradNorm: 0.0188 | MSE/t: [0.00-0.50]0.428(n=6448) [0.50-0.85]0.249(n=5796) [0.85-0.95]0.179(n=535) [0.95-1.00]0.146(n=21)
2026-04-30 05:09:16,754 - INFO - Step   12800 | Epoch  12 | MSE: 0.3375 | Steps/sec: 2.37 | LR: 1.98e-04 | cos(c,null): +0.0041 | GradNorm: 0.0175 | MSE/t: [0.00-0.50]0.430(n=6380) [0.50-0.85]0.250(n=5921) [0.85-0.95]0.187(n=479) [0.95-1.00]0.168(n=20)
2026-04-30 05:10:41,461 - INFO - Step   13000 | Epoch  13 | MSE: 0.3305 | Steps/sec: 2.36 | LR: 1.98e-04 | cos(c,null): +0.0054 | GradNorm: 0.0171 | MSE/t: [0.00-0.50]0.423(n=6299) [0.50-0.85]0.247(n=5984) [0.85-0.95]0.176(n=496) [0.95-1.00]0.153(n=21)
2026-04-30 05:10:41,674 - INFO - [cond] cfg_signal=0.0509 (min=0.0343 max=0.0718, n=16) | class_signal=0.0646 (min=0.0310 max=0.0943, n=16) | pred_rms=0.8503
2026-04-30 05:10:49,591 - INFO - [validation] saved: output/jit_B8_c11_20260430_033542/dit_validation/epoch_013_step_0013000_class090.png (class=90, sampler=heun, steps=100)
2026-04-30 05:12:14,848 - INFO - Step   13200 | Epoch  13 | MSE: 0.3335 | Steps/sec: 2.15 | LR: 1.98e-04 | cos(c,null): +0.0062 | GradNorm: 0.0182 | MSE/t: [0.00-0.50]0.426(n=6428) [0.50-0.85]0.245(n=5818) [0.85-0.95]0.184(n=526) [0.95-1.00]0.158(n=28)
2026-04-30 05:13:39,319 - INFO - Step   13400 | Epoch  13 | MSE: 0.3307 | Steps/sec: 2.37 | LR: 1.98e-04 | cos(c,null): +0.0041 | GradNorm: 0.0174 | MSE/t: [0.00-0.50]0.422(n=6423) [0.50-0.85]0.245(n=5823) [0.85-0.95]0.180(n=531) [0.95-1.00]0.233(n=23)
2026-04-30 05:15:03,805 - INFO - Step   13600 | Epoch  13 | MSE: 0.3309 | Steps/sec: 2.37 | LR: 1.98e-04 | cos(c,null): +0.0051 | GradNorm: 0.0159 | MSE/t: [0.00-0.50]0.423(n=6382) [0.50-0.85]0.245(n=5885) [0.85-0.95]0.179(n=516) [0.95-1.00]0.151(n=17)
2026-04-30 05:16:28,346 - INFO - Step   13800 | Epoch  13 | MSE: 0.3353 | Steps/sec: 2.37 | LR: 1.98e-04 | cos(c,null): +0.0068 | GradNorm: 0.0181 | MSE/t: [0.00-0.50]0.427(n=6494) [0.50-0.85]0.247(n=5731) [0.85-0.95]0.179(n=550) [0.95-1.00]0.169(n=25)
2026-04-30 05:17:53,039 - INFO - Step   14000 | Epoch  14 | MSE: 0.3308 | Steps/sec: 2.36 | LR: 1.98e-04 | cos(c,null): +0.0082 | GradNorm: 0.0181 | MSE/t: [0.00-0.50]0.422(n=6406) [0.50-0.85]0.245(n=5867) [0.85-0.95]0.175(n=506) [0.95-1.00]0.158(n=21)
2026-04-30 05:17:53,253 - INFO - [cond] cfg_signal=0.0540 (min=0.0385 max=0.0776, n=16) | class_signal=0.0648 (min=0.0331 max=0.0912, n=16) | pred_rms=0.8892
2026-04-30 05:18:01,282 - INFO - [validation] saved: output/jit_B8_c11_20260430_033542/dit_validation/epoch_014_step_0014000_class077.png (class=77, sampler=heun, steps=100)
2026-04-30 05:19:26,631 - INFO - Step   14200 | Epoch  14 | MSE: 0.3318 | Steps/sec: 2.14 | LR: 1.98e-04 | cos(c,null): +0.0070 | GradNorm: 0.0188 | MSE/t: [0.00-0.50]0.423(n=6438) [0.50-0.85]0.245(n=5801) [0.85-0.95]0.186(n=543) [0.95-1.00]0.167(n=18)
2026-04-30 05:20:51,164 - INFO - Step   14400 | Epoch  14 | MSE: 0.3353 | Steps/sec: 2.37 | LR: 1.98e-04 | cos(c,null): +0.0083 | GradNorm: 0.0166 | MSE/t: [0.00-0.50]0.431(n=6410) [0.50-0.85]0.245(n=5856) [0.85-0.95]0.178(n=510) [0.95-1.00]0.172(n=24)
2026-04-30 05:22:15,678 - INFO - Step   14600 | Epoch  14 | MSE: 0.3357 | Steps/sec: 2.37 | LR: 1.98e-04 | cos(c,null): +0.0053 | GradNorm: 0.0167 | MSE/t: [0.00-0.50]0.430(n=6425) [0.50-0.85]0.246(n=5849) [0.85-0.95]0.177(n=507) [0.95-1.00]0.201(n=19)
2026-04-30 05:23:40,252 - INFO - Step   14800 | Epoch  14 | MSE: 0.3310 | Steps/sec: 2.36 | LR: 1.98e-04 | cos(c,null): +0.0047 | GradNorm: 0.0171 | MSE/t: [0.00-0.50]0.425(n=6390) [0.50-0.85]0.243(n=5865) [0.85-0.95]0.176(n=524) [0.95-1.00]0.197(n=21)
2026-04-30 05:25:05,041 - INFO - Step   15000 | Epoch  15 | MSE: 0.3348 | Steps/sec: 2.36 | LR: 1.97e-04 | cos(c,null): +0.0027 | GradNorm: 0.0181 | MSE/t: [0.00-0.50]0.432(n=6335) [0.50-0.85]0.245(n=5927) [0.85-0.95]0.179(n=515) [0.95-1.00]0.189(n=23)
2026-04-30 05:25:05,257 - INFO - [cond] cfg_signal=0.0546 (min=0.0339 max=0.0880, n=16) | class_signal=0.0637 (min=0.0305 max=0.0950, n=16) | pred_rms=0.7354
2026-04-30 05:25:13,214 - INFO - [validation] saved: output/jit_B8_c11_20260430_033542/dit_validation/epoch_015_step_0015000_class039.png (class=39, sampler=heun, steps=100)
2026-04-30 05:26:38,651 - INFO - Step   15200 | Epoch  15 | MSE: 0.3316 | Steps/sec: 2.14 | LR: 1.97e-04 | cos(c,null): +0.0049 | GradNorm: 0.0209 | MSE/t: [0.00-0.50]0.424(n=6359) [0.50-0.85]0.246(n=5917) [0.85-0.95]0.178(n=500) [0.95-1.00]0.184(n=24)
2026-04-30 05:28:03,304 - INFO - Step   15400 | Epoch  15 | MSE: 0.3311 | Steps/sec: 2.36 | LR: 1.97e-04 | cos(c,null): +0.0058 | GradNorm: 0.0175 | MSE/t: [0.00-0.50]0.424(n=6396) [0.50-0.85]0.244(n=5883) [0.85-0.95]0.172(n=507) [0.95-1.00]0.188(n=14)
2026-04-30 05:29:27,919 - INFO - Step   15600 | Epoch  15 | MSE: 0.3292 | Steps/sec: 2.36 | LR: 1.97e-04 | cos(c,null): +0.0062 | GradNorm: 0.0154 | MSE/t: [0.00-0.50]0.424(n=6351) [0.50-0.85]0.241(n=5905) [0.85-0.95]0.177(n=518) [0.95-1.00]0.168(n=26)
2026-04-30 05:30:52,579 - INFO - Step   15800 | Epoch  15 | MSE: 0.3331 | Steps/sec: 2.36 | LR: 1.97e-04 | cos(c,null): +0.0061 | GradNorm: 0.0160 | MSE/t: [0.00-0.50]0.427(n=6382) [0.50-0.85]0.245(n=5885) [0.85-0.95]0.182(n=513) [0.95-1.00]0.187(n=20)
2026-04-30 05:32:17,405 - INFO - Step   16000 | Epoch  16 | MSE: 0.3322 | Steps/sec: 2.36 | LR: 1.97e-04 | cos(c,null): +0.0070 | GradNorm: 0.0162 | MSE/t: [0.00-0.50]0.425(n=6429) [0.50-0.85]0.244(n=5838) [0.85-0.95]0.169(n=507) [0.95-1.00]0.184(n=26)
2026-04-30 05:32:17,619 - INFO - [cond] cfg_signal=0.0532 (min=0.0344 max=0.0715, n=16) | class_signal=0.0621 (min=0.0335 max=0.0837, n=16) | pred_rms=0.8952
2026-04-30 05:32:25,603 - INFO - [validation] saved: output/jit_B8_c11_20260430_033542/dit_validation/epoch_016_step_0016000_class093.png (class=93, sampler=heun, steps=100)
2026-04-30 05:33:51,028 - INFO - Step   16200 | Epoch  16 | MSE: 0.3320 | Steps/sec: 2.14 | LR: 1.97e-04 | cos(c,null): +0.0075 | GradNorm: 0.0158 | MSE/t: [0.00-0.50]0.424(n=6477) [0.50-0.85]0.245(n=5754) [0.85-0.95]0.174(n=544) [0.95-1.00]0.177(n=25)
2026-04-30 05:35:15,746 - INFO - Step   16400 | Epoch  16 | MSE: 0.3322 | Steps/sec: 2.36 | LR: 1.97e-04 | cos(c,null): +0.0071 | GradNorm: 0.0152 | MSE/t: [0.00-0.50]0.423(n=6453) [0.50-0.85]0.245(n=5841) [0.85-0.95]0.179(n=485) [0.95-1.00]0.148(n=21)
2026-04-30 05:36:40,410 - INFO - Step   16600 | Epoch  16 | MSE: 0.3303 | Steps/sec: 2.36 | LR: 1.97e-04 | cos(c,null): +0.0065 | GradNorm: 0.0172 | MSE/t: [0.00-0.50]0.424(n=6348) [0.50-0.85]0.244(n=5927) [0.85-0.95]0.176(n=506) [0.95-1.00]0.167(n=19)
2026-04-30 05:38:05,104 - INFO - Step   16800 | Epoch  16 | MSE: 0.3299 | Steps/sec: 2.36 | LR: 1.97e-04 | cos(c,null): +0.0041 | GradNorm: 0.0154 | MSE/t: [0.00-0.50]0.422(n=6375) [0.50-0.85]0.244(n=5910) [0.85-0.95]0.173(n=499) [0.95-1.00]0.188(n=16)
2026-04-30 05:39:30,066 - INFO - Step   17000 | Epoch  17 | MSE: 0.3320 | Steps/sec: 2.35 | LR: 1.97e-04 | cos(c,null): +0.0054 | GradNorm: 0.0170 | MSE/t: [0.00-0.50]0.429(n=6326) [0.50-0.85]0.243(n=5927) [0.85-0.95]0.178(n=527) [0.95-1.00]0.189(n=20)
2026-04-30 05:39:30,281 - INFO - [cond] cfg_signal=0.0519 (min=0.0346 max=0.0730, n=16) | class_signal=0.0646 (min=0.0341 max=0.0905, n=16) | pred_rms=0.9071
2026-04-30 05:39:38,284 - INFO - [validation] saved: output/jit_B8_c11_20260430_033542/dit_validation/epoch_017_step_0017000_class087.png (class=87, sampler=heun, steps=100)
2026-04-30 05:41:03,778 - INFO - Step   17200 | Epoch  17 | MSE: 0.3313 | Steps/sec: 2.14 | LR: 1.97e-04 | cos(c,null): +0.0070 | GradNorm: 0.0157 | MSE/t: [0.00-0.50]0.421(n=6508) [0.50-0.85]0.245(n=5781) [0.85-0.95]0.172(n=488) [0.95-1.00]0.170(n=23)
2026-04-30 05:42:28,544 - INFO - Step   17400 | Epoch  17 | MSE: 0.3317 | Steps/sec: 2.36 | LR: 1.97e-04 | cos(c,null): +0.0078 | GradNorm: 0.0152 | MSE/t: [0.00-0.50]0.427(n=6419) [0.50-0.85]0.241(n=5843) [0.85-0.95]0.182(n=517) [0.95-1.00]0.170(n=21)
2026-04-30 05:43:53,344 - INFO - Step   17600 | Epoch  17 | MSE: 0.3275 | Steps/sec: 2.36 | LR: 1.97e-04 | cos(c,null): +0.0062 | GradNorm: 0.0157 | MSE/t: [0.00-0.50]0.416(n=6406) [0.50-0.85]0.244(n=5866) [0.85-0.95]0.174(n=506) [0.95-1.00]0.173(n=22)
2026-04-30 05:45:18,137 - INFO - Step   17800 | Epoch  17 | MSE: 0.3287 | Steps/sec: 2.36 | LR: 1.96e-04 | cos(c,null): +0.0073 | GradNorm: 0.0158 | MSE/t: [0.00-0.50]0.419(n=6499) [0.50-0.85]0.241(n=5799) [0.85-0.95]0.174(n=479) [0.95-1.00]0.175(n=23)
2026-04-30 05:46:43,098 - INFO - Step   18000 | Epoch  18 | MSE: 0.3267 | Steps/sec: 2.35 | LR: 1.96e-04 | cos(c,null): +0.0090 | GradNorm: 0.0143 | MSE/t: [0.00-0.50]0.419(n=6376) [0.50-0.85]0.241(n=5896) [0.85-0.95]0.176(n=508) [0.95-1.00]0.141(n=20)
2026-04-30 05:46:43,312 - INFO - [cond] cfg_signal=0.0544 (min=0.0373 max=0.0760, n=16) | class_signal=0.0634 (min=0.0351 max=0.0858, n=16) | pred_rms=0.8892
2026-04-30 05:46:51,168 - INFO - [validation] saved: output/jit_B8_c11_20260430_033542/dit_validation/epoch_018_step_0018000_class060.png (class=60, sampler=heun, steps=100)
2026-04-30 05:48:16,652 - INFO - Step   18200 | Epoch  18 | MSE: 0.3277 | Steps/sec: 2.14 | LR: 1.96e-04 | cos(c,null): +0.0084 | GradNorm: 0.0163 | MSE/t: [0.00-0.50]0.422(n=6303) [0.50-0.85]0.242(n=5955) [0.85-0.95]0.172(n=524) [0.95-1.00]0.151(n=18)
2026-04-30 05:49:41,482 - INFO - Step   18400 | Epoch  18 | MSE: 0.3303 | Steps/sec: 2.36 | LR: 1.96e-04 | cos(c,null): +0.0102 | GradNorm: 0.0162 | MSE/t: [0.00-0.50]0.422(n=6474) [0.50-0.85]0.241(n=5813) [0.85-0.95]0.175(n=491) [0.95-1.00]0.169(n=22)
2026-04-30 05:51:06,287 - INFO - Step   18600 | Epoch  18 | MSE: 0.3290 | Steps/sec: 2.36 | LR: 1.96e-04 | cos(c,null): +0.0113 | GradNorm: 0.0168 | MSE/t: [0.00-0.50]0.422(n=6378) [0.50-0.85]0.243(n=5906) [0.85-0.95]0.171(n=494) [0.95-1.00]0.147(n=22)
2026-04-30 05:52:31,058 - INFO - Step   18800 | Epoch  18 | MSE: 0.3320 | Steps/sec: 2.36 | LR: 1.96e-04 | cos(c,null): +0.0130 | GradNorm: 0.0145 | MSE/t: [0.00-0.50]0.425(n=6432) [0.50-0.85]0.243(n=5857) [0.85-0.95]0.174(n=489) [0.95-1.00]0.202(n=22)
2026-04-30 05:53:56,025 - INFO - Step   19000 | Epoch  19 | MSE: 0.3304 | Steps/sec: 2.35 | LR: 1.96e-04 | cos(c,null): +0.0146 | GradNorm: 0.0140 | MSE/t: [0.00-0.50]0.422(n=6428) [0.50-0.85]0.243(n=5861) [0.85-0.95]0.178(n=485) [0.95-1.00]0.191(n=26)
2026-04-30 05:53:56,241 - INFO - [cond] cfg_signal=0.0576 (min=0.0358 max=0.0794, n=16) | class_signal=0.0668 (min=0.0367 max=0.0918, n=16) | pred_rms=0.9461
2026-04-30 05:54:04,093 - INFO - [validation] saved: output/jit_B8_c11_20260430_033542/dit_validation/epoch_019_step_0019000_class012.png (class=12, sampler=heun, steps=100)
2026-04-30 05:55:30,407 - INFO - Step   19200 | Epoch  19 | MSE: 0.3311 | Steps/sec: 2.12 | LR: 1.96e-04 | cos(c,null): +0.0151 | GradNorm: 0.0157 | MSE/t: [0.00-0.50]0.425(n=6428) [0.50-0.85]0.242(n=5849) [0.85-0.95]0.175(n=506) [0.95-1.00]0.175(n=17)
2026-04-30 05:56:55,173 - INFO - Step   19400 | Epoch  19 | MSE: 0.3330 | Steps/sec: 2.36 | LR: 1.96e-04 | cos(c,null): +0.0129 | GradNorm: 0.0143 | MSE/t: [0.00-0.50]0.428(n=6407) [0.50-0.85]0.243(n=5894) [0.85-0.95]0.173(n=484) [0.95-1.00]0.152(n=15)
2026-04-30 05:58:19,889 - INFO - Step   19600 | Epoch  19 | MSE: 0.3344 | Steps/sec: 2.36 | LR: 1.96e-04 | cos(c,null): +0.0143 | GradNorm: 0.0161 | MSE/t: [0.00-0.50]0.434(n=6431) [0.50-0.85]0.240(n=5814) [0.85-0.95]0.175(n=537) [0.95-1.00]0.137(n=18)
2026-04-30 05:59:44,596 - INFO - Step   19800 | Epoch  19 | MSE: 0.3319 | Steps/sec: 2.36 | LR: 1.96e-04 | cos(c,null): +0.0171 | GradNorm: 0.0144 | MSE/t: [0.00-0.50]0.429(n=6382) [0.50-0.85]0.240(n=5848) [0.85-0.95]0.179(n=543) [0.95-1.00]0.162(n=27)
2026-04-30 06:01:09,514 - INFO - Step   20000 | Epoch  20 | MSE: 0.3303 | Steps/sec: 2.36 | LR: 1.95e-04 | cos(c,null): +0.0188 | GradNorm: 0.0142 | MSE/t: [0.00-0.50]0.427(n=6337) [0.50-0.85]0.241(n=5959) [0.85-0.95]0.168(n=480) [0.95-1.00]0.224(n=24)
2026-04-30 06:01:09,730 - INFO - [cond] cfg_signal=0.0543 (min=0.0365 max=0.0779, n=16) | class_signal=0.0649 (min=0.0418 max=0.0915, n=16) | pred_rms=0.9176
2026-04-30 06:01:13,573 - INFO - Saved checkpoint to output/jit_B8_c11_20260430_033542/0020000.pt
2026-04-30 06:01:13,782 - INFO - [cond] cfg_signal=0.0543 (min=0.0365 max=0.0779, n=16) | class_signal=0.0649 (min=0.0418 max=0.0915, n=16) | pred_rms=0.9176
2026-04-30 06:01:21,748 - INFO - [validation] saved: output/jit_B8_c11_20260430_033542/dit_validation/epoch_020_step_0020000_class055.png (class=55, sampler=heun, steps=100)
2026-04-30 06:01:22,555 - INFO - [overrides] applied from jit/configs/overrides.yaml: lr_scale=1.0 max_grad_norm=5.0 null_repel_weight=0.0 P_mean=0.0
2026-04-30 06:03:18,073 - INFO - Step   20200 | Epoch  20 | MSE: 0.3324 | Steps/sec: 1.56 | LR: 1.95e-04 | Render_L1: 0.0478 | Alpha_L1: 0.0892 | Render_LPIPS: 0.2466 | cos(c,null): +0.0175 | GradNorm: 0.0155 | MSE/t: [0.00-0.50]0.424(n=6463) [0.50-0.85]0.244(n=5797) [0.85-0.95]0.176(n=522) [0.95-1.00]0.176(n=18)
2026-04-30 06:03:18,174 - INFO - [render-loss] step=20200 kept 38/64 samples (t_value >= 0.50)
2026-04-30 06:05:13,102 - INFO - Step   20400 | Epoch  20 | MSE: 0.3303 | Steps/sec: 1.74 | LR: 1.95e-04 | Render_L1: 0.0463 | Alpha_L1: 0.0837 | Render_LPIPS: 0.2491 | cos(c,null): +0.0180 | GradNorm: 0.0143 | MSE/t: [0.00-0.50]0.424(n=6412) [0.50-0.85]0.242(n=5833) [0.85-0.95]0.176(n=530) [0.95-1.00]0.155(n=25)
2026-04-30 06:05:13,203 - INFO - [render-loss] step=20400 kept 30/64 samples (t_value >= 0.50)
2026-04-30 06:07:09,162 - INFO - Step   20600 | Epoch  20 | MSE: 0.3291 | Steps/sec: 1.72 | LR: 1.95e-04 | Render_L1: 0.0445 | Alpha_L1: 0.0787 | Render_LPIPS: 0.2556 | cos(c,null): +0.0193 | GradNorm: 0.0173 | MSE/t: [0.00-0.50]0.425(n=6286) [0.50-0.85]0.242(n=5966) [0.85-0.95]0.176(n=529) [0.95-1.00]0.180(n=19)
2026-04-30 06:07:09,264 - INFO - [render-loss] step=20600 kept 33/64 samples (t_value >= 0.50)
2026-04-30 06:09:04,231 - INFO - Step   20800 | Epoch  20 | MSE: 0.3341 | Steps/sec: 1.74 | LR: 1.95e-04 | Render_L1: 0.0430 | Alpha_L1: 0.0749 | Render_LPIPS: 0.2534 | cos(c,null): +0.0222 | GradNorm: 0.0155 | MSE/t: [0.00-0.50]0.431(n=6443) [0.50-0.85]0.242(n=5796) [0.85-0.95]0.176(n=530) [0.95-1.00]0.158(n=31)
2026-04-30 06:09:04,331 - INFO - [render-loss] step=20800 kept 30/64 samples (t_value >= 0.50)
2026-04-30 06:10:59,652 - INFO - Step   21000 | Epoch  21 | MSE: 0.3315 | Steps/sec: 1.73 | LR: 1.95e-04 | Render_L1: 0.0427 | Alpha_L1: 0.0735 | Render_LPIPS: 0.2540 | cos(c,null): +0.0241 | GradNorm: 0.0147 | MSE/t: [0.00-0.50]0.427(n=6382) [0.50-0.85]0.243(n=5905) [0.85-0.95]0.168(n=498) [0.95-1.00]0.195(n=15)
2026-04-30 06:10:59,862 - INFO - [cond] cfg_signal=0.0571 (min=0.0355 max=0.0802, n=16) | class_signal=0.0703 (min=0.0441 max=0.1002, n=16) | pred_rms=0.9655
2026-04-30 06:11:08,051 - INFO - [validation] saved: output/jit_B8_c11_20260430_033542/dit_validation/epoch_021_step_0021000_class095.png (class=95, sampler=heun, steps=100)
2026-04-30 06:11:09,237 - INFO - [overrides] applied from jit/configs/overrides.yaml: lr_scale=1.0 max_grad_norm=5.0 null_repel_weight=0.0 P_mean=0.0
2026-04-30 06:11:09,333 - INFO - [render-loss] step=21000 kept 37/64 samples (t_value >= 0.50)
2026-04-30 06:13:04,663 - INFO - Step   21200 | Epoch  21 | MSE: 0.3271 | Steps/sec: 1.60 | LR: 1.95e-04 | Render_L1: 0.0424 | Alpha_L1: 0.0718 | Render_LPIPS: 0.2547 | cos(c,null): +0.0234 | GradNorm: 0.0146 | MSE/t: [0.00-0.50]0.421(n=6330) [0.50-0.85]0.240(n=5934) [0.85-0.95]0.174(n=515) [0.95-1.00]0.152(n=21)
2026-04-30 06:13:04,764 - INFO - [render-loss] step=21200 kept 31/64 samples (t_value >= 0.50)
2026-04-30 06:14:59,765 - INFO - Step   21400 | Epoch  21 | MSE: 0.3302 | Steps/sec: 1.74 | LR: 1.95e-04 | Render_L1: 0.0411 | Alpha_L1: 0.0695 | Render_LPIPS: 0.2538 | cos(c,null): +0.0228 | GradNorm: 0.0162 | MSE/t: [0.00-0.50]0.423(n=6428) [0.50-0.85]0.243(n=5796) [0.85-0.95]0.174(n=555) [0.95-1.00]0.157(n=21)
2026-04-30 06:14:59,867 - INFO - [render-loss] step=21400 kept 30/64 samples (t_value >= 0.50)
2026-04-30 06:16:54,987 - INFO - Step   21600 | Epoch  21 | MSE: 0.3291 | Steps/sec: 1.74 | LR: 1.95e-04 | Render_L1: 0.0405 | Alpha_L1: 0.0679 | Render_LPIPS: 0.2509 | cos(c,null): +0.0237 | GradNorm: 0.0156 | MSE/t: [0.00-0.50]0.424(n=6416) [0.50-0.85]0.239(n=5870) [0.85-0.95]0.175(n=495) [0.95-1.00]0.161(n=19)
2026-04-30 06:16:55,090 - INFO - [render-loss] step=21600 kept 28/64 samples (t_value >= 0.50)
2026-04-30 06:18:50,143 - INFO - Step   21800 | Epoch  21 | MSE: 0.3283 | Steps/sec: 1.74 | LR: 1.95e-04 | Render_L1: 0.0402 | Alpha_L1: 0.0674 | Render_LPIPS: 0.2517 | cos(c,null): +0.0242 | GradNorm: 0.0152 | MSE/t: [0.00-0.50]0.422(n=6386) [0.50-0.85]0.241(n=5832) [0.85-0.95]0.173(n=558) [0.95-1.00]0.204(n=24)
2026-04-30 06:18:50,244 - INFO - [render-loss] step=21800 kept 30/64 samples (t_value >= 0.50)
2026-04-30 06:20:45,190 - INFO - Step   22000 | Epoch  22 | MSE: 0.3308 | Steps/sec: 1.74 | LR: 1.95e-04 | Render_L1: 0.0398 | Alpha_L1: 0.0664 | Render_LPIPS: 0.2513 | cos(c,null): +0.0251 | GradNorm: 0.0143 | MSE/t: [0.00-0.50]0.421(n=6468) [0.50-0.85]0.244(n=5840) [0.85-0.95]0.175(n=474) [0.95-1.00]0.177(n=18)
2026-04-30 06:20:45,402 - INFO - [cond] cfg_signal=0.0611 (min=0.0361 max=0.0880, n=16) | class_signal=0.0717 (min=0.0446 max=0.1031, n=16) | pred_rms=0.9507
2026-04-30 06:20:53,468 - INFO - [validation] saved: output/jit_B8_c11_20260430_033542/dit_validation/epoch_022_step_0022000_class049.png (class=49, sampler=heun, steps=100)
2026-04-30 06:20:54,628 - INFO - [overrides] applied from jit/configs/overrides.yaml: lr_scale=1.0 max_grad_norm=5.0 null_repel_weight=0.0 P_mean=0.0
2026-04-30 06:20:54,725 - INFO - [render-loss] step=22000 kept 32/64 samples (t_value >= 0.50)
2026-04-30 06:22:50,023 - INFO - Step   22200 | Epoch  22 | MSE: 0.3305 | Steps/sec: 1.60 | LR: 1.94e-04 | Render_L1: 0.0396 | Alpha_L1: 0.0642 | Render_LPIPS: 0.2494 | cos(c,null): +0.0249 | GradNorm: 0.0143 | MSE/t: [0.00-0.50]0.428(n=6325) [0.50-0.85]0.241(n=5940) [0.85-0.95]0.170(n=517) [0.95-1.00]0.146(n=18)
2026-04-30 06:22:50,125 - INFO - [render-loss] step=22200 kept 32/64 samples (t_value >= 0.50)
2026-04-30 06:24:45,308 - INFO - Step   22400 | Epoch  22 | MSE: 0.3318 | Steps/sec: 1.73 | LR: 1.94e-04 | Render_L1: 0.0395 | Alpha_L1: 0.0648 | Render_LPIPS: 0.2511 | cos(c,null): +0.0255 | GradNorm: 0.0151 | MSE/t: [0.00-0.50]0.428(n=6375) [0.50-0.85]0.241(n=5870) [0.85-0.95]0.178(n=543) [0.95-1.00]0.160(n=12)
2026-04-30 06:24:45,410 - INFO - [render-loss] step=22400 kept 31/64 samples (t_value >= 0.50)
2026-04-30 06:26:40,737 - INFO - Step   22600 | Epoch  22 | MSE: 0.3318 | Steps/sec: 1.73 | LR: 1.94e-04 | Render_L1: 0.0394 | Alpha_L1: 0.0634 | Render_LPIPS: 0.2499 | cos(c,null): +0.0240 | GradNorm: 0.0158 | MSE/t: [0.00-0.50]0.431(n=6288) [0.50-0.85]0.242(n=5964) [0.85-0.95]0.170(n=524) [0.95-1.00]0.198(n=24)
2026-04-30 06:26:40,837 - INFO - [render-loss] step=22600 kept 34/64 samples (t_value >= 0.50)
2026-04-30 06:28:36,730 - INFO - Step   22800 | Epoch  22 | MSE: 0.3288 | Steps/sec: 1.72 | LR: 1.94e-04 | Render_L1: 0.0387 | Alpha_L1: 0.0628 | Render_LPIPS: 0.2474 | cos(c,null): +0.0257 | GradNorm: 0.0149 | MSE/t: [0.00-0.50]0.425(n=6392) [0.50-0.85]0.239(n=5865) [0.85-0.95]0.173(n=517) [0.95-1.00]0.143(n=26)
2026-04-30 06:28:36,832 - INFO - [render-loss] step=22800 kept 32/64 samples (t_value >= 0.50)
2026-04-30 06:30:32,034 - INFO - Step   23000 | Epoch  23 | MSE: 0.3304 | Steps/sec: 1.73 | LR: 1.94e-04 | Render_L1: 0.0383 | Alpha_L1: 0.0623 | Render_LPIPS: 0.2465 | cos(c,null): +0.0270 | GradNorm: 0.0149 | MSE/t: [0.00-0.50]0.425(n=6452) [0.50-0.85]0.240(n=5835) [0.85-0.95]0.169(n=497) [0.95-1.00]0.162(n=16)
2026-04-30 06:30:32,247 - INFO - [cond] cfg_signal=0.0607 (min=0.0352 max=0.0942, n=16) | class_signal=0.0690 (min=0.0417 max=0.1076, n=16) | pred_rms=0.9496
2026-04-30 06:30:40,685 - INFO - [validation] saved: output/jit_B8_c11_20260430_033542/dit_validation/epoch_023_step_0023000_class097.png (class=97, sampler=heun, steps=100)
2026-04-30 06:30:41,876 - INFO - [overrides] applied from jit/configs/overrides.yaml: lr_scale=1.0 max_grad_norm=5.0 null_repel_weight=0.0 P_mean=0.0
2026-04-30 06:30:41,975 - INFO - [render-loss] step=23000 kept 27/64 samples (t_value >= 0.50)
2026-04-30 06:32:37,844 - INFO - Step   23200 | Epoch  23 | MSE: 0.3330 | Steps/sec: 1.59 | LR: 1.94e-04 | Render_L1: 0.0380 | Alpha_L1: 0.0617 | Render_LPIPS: 0.2468 | cos(c,null): +0.0271 | GradNorm: 0.0151 | MSE/t: [0.00-0.50]0.429(n=6502) [0.50-0.85]0.240(n=5766) [0.85-0.95]0.177(n=505) [0.95-1.00]0.153(n=27)
2026-04-30 06:32:37,946 - INFO - [render-loss] step=23200 kept 31/64 samples (t_value >= 0.50)
2026-04-30 06:34:33,117 - INFO - Step   23400 | Epoch  23 | MSE: 0.3289 | Steps/sec: 1.74 | LR: 1.94e-04 | Render_L1: 0.0390 | Alpha_L1: 0.0625 | Render_LPIPS: 0.2492 | cos(c,null): +0.0300 | GradNorm: 0.0159 | MSE/t: [0.00-0.50]0.424(n=6318) [0.50-0.85]0.242(n=5929) [0.85-0.95]0.175(n=530) [0.95-1.00]0.180(n=23)
2026-04-30 06:34:33,219 - INFO - [render-loss] step=23400 kept 34/64 samples (t_value >= 0.50)
2026-04-30 06:36:28,448 - INFO - Step   23600 | Epoch  23 | MSE: 0.3313 | Steps/sec: 1.73 | LR: 1.94e-04 | Render_L1: 0.0380 | Alpha_L1: 0.0614 | Render_LPIPS: 0.2469 | cos(c,null): +0.0289 | GradNorm: 0.0160 | MSE/t: [0.00-0.50]0.427(n=6368) [0.50-0.85]0.242(n=5909) [0.85-0.95]0.177(n=501) [0.95-1.00]0.143(n=22)
2026-04-30 06:36:28,549 - INFO - [render-loss] step=23600 kept 37/64 samples (t_value >= 0.50)
2026-04-30 06:38:23,945 - INFO - Step   23800 | Epoch  23 | MSE: 0.3293 | Steps/sec: 1.73 | LR: 1.94e-04 | Render_L1: 0.0375 | Alpha_L1: 0.0596 | Render_LPIPS: 0.2440 | cos(c,null): +0.0316 | GradNorm: 0.0161 | MSE/t: [0.00-0.50]0.424(n=6412) [0.50-0.85]0.240(n=5863) [0.85-0.95]0.168(n=511) [0.95-1.00]0.149(n=14)
2026-04-30 06:38:24,046 - INFO - [render-loss] step=23800 kept 33/64 samples (t_value >= 0.50)
2026-04-30 06:40:19,145 - INFO - Step   24000 | Epoch  24 | MSE: 0.3293 | Steps/sec: 1.74 | LR: 1.93e-04 | Render_L1: 0.0374 | Alpha_L1: 0.0591 | Render_LPIPS: 0.2434 | cos(c,null): +0.0311 | GradNorm: 0.0158 | MSE/t: [0.00-0.50]0.428(n=6353) [0.50-0.85]0.238(n=5884) [0.85-0.95]0.172(n=547) [0.95-1.00]0.177(n=16)
2026-04-30 06:40:19,358 - INFO - [cond] cfg_signal=0.0578 (min=0.0376 max=0.0869, n=16) | class_signal=0.0675 (min=0.0419 max=0.0979, n=16) | pred_rms=0.9400
2026-04-30 06:40:27,388 - INFO - [validation] saved: output/jit_B8_c11_20260430_033542/dit_validation/epoch_024_step_0024000_class075.png (class=75, sampler=heun, steps=100)
2026-04-30 06:40:28,597 - INFO - [overrides] applied from jit/configs/overrides.yaml: lr_scale=1.0 max_grad_norm=5.0 null_repel_weight=0.0 P_mean=0.0
2026-04-30 06:40:28,695 - INFO - [render-loss] step=24000 kept 33/64 samples (t_value >= 0.50)
2026-04-30 06:42:23,325 - INFO - Step   24200 | Epoch  24 | MSE: 0.3306 | Steps/sec: 1.61 | LR: 1.93e-04 | Render_L1: 0.0375 | Alpha_L1: 0.0590 | Render_LPIPS: 0.2446 | cos(c,null): +0.0304 | GradNorm: 0.0160 | MSE/t: [0.00-0.50]0.423(n=6454) [0.50-0.85]0.243(n=5811) [0.85-0.95]0.169(n=519) [0.95-1.00]0.177(n=16)
2026-04-30 06:42:23,428 - INFO - [render-loss] step=24200 kept 25/64 samples (t_value >= 0.50)
2026-04-30 06:44:18,764 - INFO - Step   24400 | Epoch  24 | MSE: 0.3318 | Steps/sec: 1.73 | LR: 1.93e-04 | Render_L1: 0.0386 | Alpha_L1: 0.0616 | Render_LPIPS: 0.2503 | cos(c,null): +0.0343 | GradNorm: 0.0291 | MSE/t: [0.00-0.50]0.423(n=6359) [0.50-0.85]0.248(n=5929) [0.85-0.95]0.177(n=493) [0.95-1.00]0.164(n=19)
2026-04-30 06:44:18,866 - INFO - [render-loss] step=24400 kept 31/64 samples (t_value >= 0.50)
2026-04-30 06:46:13,996 - INFO - Step   24600 | Epoch  24 | MSE: 0.3305 | Steps/sec: 1.74 | LR: 1.93e-04 | Render_L1: 0.0383 | Alpha_L1: 0.0603 | Render_LPIPS: 0.2483 | cos(c,null): +0.0416 | GradNorm: 0.0172 | MSE/t: [0.00-0.50]0.423(n=6418) [0.50-0.85]0.244(n=5847) [0.85-0.95]0.174(n=519) [0.95-1.00]0.187(n=16)
2026-04-30 06:46:14,098 - INFO - [render-loss] step=24600 kept 37/64 samples (t_value >= 0.50)
2026-04-30 06:48:08,883 - INFO - Step   24800 | Epoch  24 | MSE: 0.3304 | Steps/sec: 1.74 | LR: 1.93e-04 | Render_L1: 0.0374 | Alpha_L1: 0.0594 | Render_LPIPS: 0.2443 | cos(c,null): +0.0394 | GradNorm: 0.0175 | MSE/t: [0.00-0.50]0.424(n=6393) [0.50-0.85]0.243(n=5877) [0.85-0.95]0.173(n=519) [0.95-1.00]0.159(n=11)
2026-04-30 06:48:08,985 - INFO - [render-loss] step=24800 kept 30/64 samples (t_value >= 0.50)
2026-04-30 06:50:04,104 - INFO - Step   25000 | Epoch  25 | MSE: 0.3266 | Steps/sec: 1.74 | LR: 1.93e-04 | Render_L1: 0.0370 | Alpha_L1: 0.0577 | Render_LPIPS: 0.2423 | cos(c,null): +0.0411 | GradNorm: 0.0160 | MSE/t: [0.00-0.50]0.418(n=6431) [0.50-0.85]0.239(n=5848) [0.85-0.95]0.177(n=502) [0.95-1.00]0.180(n=19)
2026-04-30 06:50:04,316 - INFO - [cond] cfg_signal=0.0521 (min=0.0342 max=0.0753, n=16) | class_signal=0.0648 (min=0.0421 max=0.0951, n=16) | pred_rms=0.9297
2026-04-30 06:50:12,360 - INFO - [validation] saved: output/jit_B8_c11_20260430_033542/dit_validation/epoch_025_step_0025000_class077.png (class=77, sampler=heun, steps=100)
2026-04-30 06:50:13,530 - INFO - [overrides] applied from jit/configs/overrides.yaml: lr_scale=1.0 max_grad_norm=5.0 null_repel_weight=0.0 P_mean=0.0
2026-04-30 06:50:13,628 - INFO - [render-loss] step=25000 kept 35/64 samples (t_value >= 0.50)
2026-04-30 06:52:08,589 - INFO - Step   25200 | Epoch  25 | MSE: 0.3324 | Steps/sec: 1.61 | LR: 1.93e-04 | Render_L1: 0.0366 | Alpha_L1: 0.0571 | Render_LPIPS: 0.2422 | cos(c,null): +0.0428 | GradNorm: 0.0162 | MSE/t: [0.00-0.50]0.431(n=6357) [0.50-0.85]0.241(n=5912) [0.85-0.95]0.176(n=506) [0.95-1.00]0.151(n=25)
2026-04-30 06:52:08,690 - INFO - [render-loss] step=25200 kept 34/64 samples (t_value >= 0.50)
2026-04-30 06:54:03,627 - INFO - Step   25400 | Epoch  25 | MSE: 0.3311 | Steps/sec: 1.74 | LR: 1.93e-04 | Render_L1: 0.0375 | Alpha_L1: 0.0587 | Render_LPIPS: 0.2449 | cos(c,null): +0.0426 | GradNorm: 0.0156 | MSE/t: [0.00-0.50]0.428(n=6384) [0.50-0.85]0.240(n=5888) [0.85-0.95]0.174(n=506) [0.95-1.00]0.176(n=22)
2026-04-30 06:54:03,728 - INFO - [render-loss] step=25400 kept 36/64 samples (t_value >= 0.50)
2026-04-30 06:55:58,657 - INFO - Step   25600 | Epoch  25 | MSE: 0.3317 | Steps/sec: 1.74 | LR: 1.93e-04 | Render_L1: 0.0361 | Alpha_L1: 0.0569 | Render_LPIPS: 0.2395 | cos(c,null): +0.0430 | GradNorm: 0.0168 | MSE/t: [0.00-0.50]0.429(n=6393) [0.50-0.85]0.240(n=5917) [0.85-0.95]0.174(n=466) [0.95-1.00]0.154(n=24)
2026-04-30 06:55:58,759 - INFO - [render-loss] step=25600 kept 29/64 samples (t_value >= 0.50)
2026-04-30 06:57:55,689 - INFO - Step   25800 | Epoch  25 | MSE: 0.3288 | Steps/sec: 1.71 | LR: 1.92e-04 | Render_L1: 0.0364 | Alpha_L1: 0.0564 | Render_LPIPS: 0.2401 | cos(c,null): +0.0444 | GradNorm: 0.0171 | MSE/t: [0.00-0.50]0.424(n=6430) [0.50-0.85]0.239(n=5793) [0.85-0.95]0.169(n=550) [0.95-1.00]0.206(n=27)
2026-04-30 06:57:55,792 - INFO - [render-loss] step=25800 kept 28/64 samples (t_value >= 0.50)
2026-04-30 06:59:51,295 - INFO - Step   26000 | Epoch  26 | MSE: 0.3290 | Steps/sec: 1.73 | LR: 1.92e-04 | Render_L1: 0.0365 | Alpha_L1: 0.0570 | Render_LPIPS: 0.2416 | cos(c,null): +0.0448 | GradNorm: 0.0172 | MSE/t: [0.00-0.50]0.420(n=6455) [0.50-0.85]0.242(n=5804) [0.85-0.95]0.172(n=521) [0.95-1.00]0.183(n=20)
2026-04-30 06:59:51,505 - INFO - [cond] cfg_signal=0.0532 (min=0.0366 max=0.0752, n=16) | class_signal=0.0653 (min=0.0364 max=0.0943, n=16) | pred_rms=0.9331
2026-04-30 06:59:59,525 - INFO - [validation] saved: output/jit_B8_c11_20260430_033542/dit_validation/epoch_026_step_0026000_class027.png (class=27, sampler=heun, steps=100)
2026-04-30 07:00:00,722 - INFO - [overrides] applied from jit/configs/overrides.yaml: lr_scale=1.0 max_grad_norm=5.0 null_repel_weight=0.0 P_mean=0.0
2026-04-30 07:00:00,819 - INFO - [render-loss] step=26000 kept 38/64 samples (t_value >= 0.50)
2026-04-30 07:01:56,036 - INFO - Step   26200 | Epoch  26 | MSE: 0.3275 | Steps/sec: 1.61 | LR: 1.92e-04 | Render_L1: 0.0364 | Alpha_L1: 0.0571 | Render_LPIPS: 0.2417 | cos(c,null): +0.0461 | GradNorm: 0.0169 | MSE/t: [0.00-0.50]0.421(n=6342) [0.50-0.85]0.241(n=5907) [0.85-0.95]0.168(n=524) [0.95-1.00]0.188(n=27)
2026-04-30 07:01:56,138 - INFO - [render-loss] step=26200 kept 35/64 samples (t_value >= 0.50)
2026-04-30 07:03:50,977 - INFO - Step   26400 | Epoch  26 | MSE: 0.3279 | Steps/sec: 1.74 | LR: 1.92e-04 | Render_L1: 0.0360 | Alpha_L1: 0.0556 | Render_LPIPS: 0.2396 | cos(c,null): +0.0469 | GradNorm: 0.0182 | MSE/t: [0.00-0.50]0.423(n=6435) [0.50-0.85]0.238(n=5834) [0.85-0.95]0.174(n=513) [0.95-1.00]0.147(n=18)
2026-04-30 07:03:51,079 - INFO - [render-loss] step=26400 kept 37/64 samples (t_value >= 0.50)
2026-04-30 07:05:46,102 - INFO - Step   26600 | Epoch  26 | MSE: 0.3328 | Steps/sec: 1.74 | LR: 1.92e-04 | Render_L1: 0.0362 | Alpha_L1: 0.0566 | Render_LPIPS: 0.2416 | cos(c,null): +0.0482 | GradNorm: 0.0183 | MSE/t: [0.00-0.50]0.428(n=6333) [0.50-0.85]0.245(n=5947) [0.85-0.95]0.172(n=501) [0.95-1.00]0.163(n=19)
2026-04-30 07:05:46,204 - INFO - [render-loss] step=26600 kept 28/64 samples (t_value >= 0.50)
2026-04-30 07:07:41,161 - INFO - Step   26800 | Epoch  26 | MSE: 0.3325 | Steps/sec: 1.74 | LR: 1.92e-04 | Render_L1: 0.0361 | Alpha_L1: 0.0555 | Render_LPIPS: 0.2395 | cos(c,null): +0.0486 | GradNorm: 0.0180 | MSE/t: [0.00-0.50]0.429(n=6429) [0.50-0.85]0.241(n=5832) [0.85-0.95]0.173(n=507) [0.95-1.00]0.160(n=32)
2026-04-30 07:07:41,262 - INFO - [render-loss] step=26800 kept 29/64 samples (t_value >= 0.50)
2026-04-30 07:09:36,385 - INFO - Step   27000 | Epoch  27 | MSE: 0.3287 | Steps/sec: 1.74 | LR: 1.92e-04 | Render_L1: 0.0362 | Alpha_L1: 0.0557 | Render_LPIPS: 0.2405 | cos(c,null): +0.0481 | GradNorm: 0.0287 | MSE/t: [0.00-0.50]0.422(n=6419) [0.50-0.85]0.241(n=5882) [0.85-0.95]0.170(n=488) [0.95-1.00]0.162(n=11)
2026-04-30 07:09:36,599 - INFO - [cond] cfg_signal=0.0529 (min=0.0334 max=0.0795, n=16) | class_signal=0.0639 (min=0.0406 max=0.0909, n=16) | pred_rms=0.9533
2026-04-30 07:09:44,661 - INFO - [validation] saved: output/jit_B8_c11_20260430_033542/dit_validation/epoch_027_step_0027000_class098.png (class=98, sampler=heun, steps=100)
2026-04-30 07:09:45,873 - INFO - [overrides] applied from jit/configs/overrides.yaml: lr_scale=1.0 max_grad_norm=5.0 null_repel_weight=0.0 P_mean=0.0
2026-04-30 07:09:45,970 - INFO - [render-loss] step=27000 kept 30/64 samples (t_value >= 0.50)
2026-04-30 07:11:40,889 - INFO - Step   27200 | Epoch  27 | MSE: 0.3290 | Steps/sec: 1.61 | LR: 1.92e-04 | Render_L1: 0.0350 | Alpha_L1: 0.0542 | Render_LPIPS: 0.2366 | cos(c,null): +0.0487 | GradNorm: 0.0185 | MSE/t: [0.00-0.50]0.419(n=6542) [0.50-0.85]0.241(n=5769) [0.85-0.95]0.166(n=470) [0.95-1.00]0.151(n=19)
2026-04-30 07:11:40,990 - INFO - [render-loss] step=27200 kept 32/64 samples (t_value >= 0.50)
2026-04-30 07:13:36,096 - INFO - Step   27400 | Epoch  27 | MSE: 0.3309 | Steps/sec: 1.74 | LR: 1.91e-04 | Render_L1: 0.0366 | Alpha_L1: 0.0555 | Render_LPIPS: 0.2400 | cos(c,null): +0.0486 | GradNorm: 0.0203 | MSE/t: [0.00-0.50]0.427(n=6412) [0.50-0.85]0.240(n=5857) [0.85-0.95]0.176(n=510) [0.95-1.00]0.159(n=21)
2026-04-30 07:13:36,197 - INFO - [render-loss] step=27400 kept 27/64 samples (t_value >= 0.50)
2026-04-30 07:15:30,990 - INFO - Step   27600 | Epoch  27 | MSE: 0.3285 | Steps/sec: 1.74 | LR: 1.91e-04 | Render_L1: 0.0353 | Alpha_L1: 0.0545 | Render_LPIPS: 0.2375 | cos(c,null): +0.0509 | GradNorm: 0.0194 | MSE/t: [0.00-0.50]0.424(n=6396) [0.50-0.85]0.238(n=5896) [0.85-0.95]0.178(n=481) [0.95-1.00]0.176(n=27)
2026-04-30 07:15:31,093 - INFO - [render-loss] step=27600 kept 34/64 samples (t_value >= 0.50)
2026-04-30 07:17:26,144 - INFO - Step   27800 | Epoch  27 | MSE: 0.3309 | Steps/sec: 1.74 | LR: 1.91e-04 | Render_L1: 0.0352 | Alpha_L1: 0.0545 | Render_LPIPS: 0.2382 | cos(c,null): +0.0543 | GradNorm: 0.0189 | MSE/t: [0.00-0.50]0.426(n=6397) [0.50-0.85]0.241(n=5869) [0.85-0.95]0.176(n=513) [0.95-1.00]0.175(n=21)
2026-04-30 07:17:26,244 - INFO - [render-loss] step=27800 kept 30/64 samples (t_value >= 0.50)
2026-04-30 07:19:21,549 - INFO - Step   28000 | Epoch  28 | MSE: 0.3283 | Steps/sec: 1.73 | LR: 1.91e-04 | Render_L1: 0.0346 | Alpha_L1: 0.0529 | Render_LPIPS: 0.2356 | cos(c,null): +0.0549 | GradNorm: 0.0204 | MSE/t: [0.00-0.50]0.425(n=6345) [0.50-0.85]0.239(n=5888) [0.85-0.95]0.174(n=541) [0.95-1.00]0.166(n=26)
2026-04-30 07:19:21,760 - INFO - [cond] cfg_signal=0.0534 (min=0.0353 max=0.0690, n=16) | class_signal=0.0650 (min=0.0380 max=0.0939, n=16) | pred_rms=0.9592
2026-04-30 07:19:29,803 - INFO - [validation] saved: output/jit_B8_c11_20260430_033542/dit_validation/epoch_028_step_0028000_class075.png (class=75, sampler=heun, steps=100)
2026-04-30 07:19:31,036 - INFO - [overrides] applied from jit/configs/overrides.yaml: lr_scale=1.0 max_grad_norm=5.0 null_repel_weight=0.0 P_mean=0.0
2026-04-30 07:19:31,133 - INFO - [render-loss] step=28000 kept 34/64 samples (t_value >= 0.50)
2026-04-30 07:21:25,804 - INFO - Step   28200 | Epoch  28 | MSE: 0.3317 | Steps/sec: 1.61 | LR: 1.91e-04 | Render_L1: 0.0360 | Alpha_L1: 0.0552 | Render_LPIPS: 0.2391 | cos(c,null): +0.0563 | GradNorm: 0.0201 | MSE/t: [0.00-0.50]0.426(n=6424) [0.50-0.85]0.242(n=5847) [0.85-0.95]0.170(n=506) [0.95-1.00]0.145(n=23)
2026-04-30 07:21:25,906 - INFO - [render-loss] step=28200 kept 33/64 samples (t_value >= 0.50)
2026-04-30 07:23:22,106 - INFO - Step   28400 | Epoch  28 | MSE: 0.3283 | Steps/sec: 1.72 | LR: 1.91e-04 | Render_L1: 0.0356 | Alpha_L1: 0.0540 | Render_LPIPS: 0.2387 | cos(c,null): +0.0579 | GradNorm: 0.0188 | MSE/t: [0.00-0.50]0.421(n=6302) [0.50-0.85]0.243(n=6007) [0.85-0.95]0.181(n=476) [0.95-1.00]0.179(n=15)
2026-04-30 07:23:22,208 - INFO - [render-loss] step=28400 kept 37/64 samples (t_value >= 0.50)
2026-04-30 07:25:17,252 - INFO - Step   28600 | Epoch  28 | MSE: 0.3301 | Steps/sec: 1.74 | LR: 1.91e-04 | Render_L1: 0.0346 | Alpha_L1: 0.0535 | Render_LPIPS: 0.2346 | cos(c,null): +0.0579 | GradNorm: 0.0194 | MSE/t: [0.00-0.50]0.425(n=6448) [0.50-0.85]0.239(n=5827) [0.85-0.95]0.174(n=503) [0.95-1.00]0.153(n=22)
2026-04-30 07:25:17,354 - INFO - [render-loss] step=28600 kept 35/64 samples (t_value >= 0.50)
2026-04-30 07:27:13,591 - INFO - Step   28800 | Epoch  29 | MSE: 0.3293 | Steps/sec: 1.72 | LR: 1.91e-04 | Render_L1: 0.0349 | Alpha_L1: 0.0535 | Render_LPIPS: 0.2361 | cos(c,null): +0.0578 | GradNorm: 0.0196 | MSE/t: [0.00-0.50]0.428(n=6273) [0.50-0.85]0.240(n=6005) [0.85-0.95]0.175(n=497) [0.95-1.00]0.158(n=25)
2026-04-30 07:27:13,694 - INFO - [render-loss] step=28800 kept 34/64 samples (t_value >= 0.50)
2026-04-30 07:29:08,731 - INFO - Step   29000 | Epoch  29 | MSE: 0.3297 | Steps/sec: 1.74 | LR: 1.90e-04 | Render_L1: 0.0347 | Alpha_L1: 0.0524 | Render_LPIPS: 0.2344 | cos(c,null): +0.0578 | GradNorm: 0.0202 | MSE/t: [0.00-0.50]0.425(n=6413) [0.50-0.85]0.240(n=5831) [0.85-0.95]0.171(n=535) [0.95-1.00]0.144(n=21)
2026-04-30 07:29:08,945 - INFO - [cond] cfg_signal=0.0530 (min=0.0364 max=0.0739, n=16) | class_signal=0.0649 (min=0.0438 max=0.0931, n=16) | pred_rms=0.9345
2026-04-30 07:29:17,014 - INFO - [validation] saved: output/jit_B8_c11_20260430_033542/dit_validation/epoch_029_step_0029000_class047.png (class=47, sampler=heun, steps=100)
2026-04-30 07:29:18,207 - INFO - [overrides] applied from jit/configs/overrides.yaml: lr_scale=1.0 max_grad_norm=5.0 null_repel_weight=0.0 P_mean=0.0
2026-04-30 07:29:18,304 - INFO - [render-loss] step=29000 kept 30/64 samples (t_value >= 0.50)
2026-04-30 07:31:13,595 - INFO - Step   29200 | Epoch  29 | MSE: 0.3300 | Steps/sec: 1.60 | LR: 1.90e-04 | Render_L1: 0.0345 | Alpha_L1: 0.0528 | Render_LPIPS: 0.2341 | cos(c,null): +0.0575 | GradNorm: 0.0203 | MSE/t: [0.00-0.50]0.427(n=6353) [0.50-0.85]0.239(n=5948) [0.85-0.95]0.174(n=477) [0.95-1.00]0.193(n=22)
2026-04-30 07:31:13,697 - INFO - [render-loss] step=29200 kept 34/64 samples (t_value >= 0.50)
2026-04-30 07:33:08,791 - INFO - Step   29400 | Epoch  29 | MSE: 0.3293 | Steps/sec: 1.74 | LR: 1.90e-04 | Render_L1: 0.0347 | Alpha_L1: 0.0530 | Render_LPIPS: 0.2357 | cos(c,null): +0.0562 | GradNorm: 0.0204 | MSE/t: [0.00-0.50]0.419(n=6544) [0.50-0.85]0.241(n=5755) [0.85-0.95]0.168(n=480) [0.95-1.00]0.155(n=21)
2026-04-30 07:33:08,892 - INFO - [render-loss] step=29400 kept 23/64 samples (t_value >= 0.50)
2026-04-30 07:35:03,882 - INFO - Step   29600 | Epoch  29 | MSE: 0.3301 | Steps/sec: 1.74 | LR: 1.90e-04 | Render_L1: 0.0344 | Alpha_L1: 0.0527 | Render_LPIPS: 0.2339 | cos(c,null): +0.0561 | GradNorm: 0.0215 | MSE/t: [0.00-0.50]0.428(n=6367) [0.50-0.85]0.238(n=5917) [0.85-0.95]0.173(n=496) [0.95-1.00]0.129(n=20)
2026-04-30 07:35:03,984 - INFO - [render-loss] step=29600 kept 34/64 samples (t_value >= 0.50)
2026-04-30 07:36:59,217 - INFO - Step   29800 | Epoch  30 | MSE: 0.3301 | Steps/sec: 1.73 | LR: 1.90e-04 | Render_L1: 0.0346 | Alpha_L1: 0.0518 | Render_LPIPS: 0.2345 | cos(c,null): +0.0580 | GradNorm: 0.0229 | MSE/t: [0.00-0.50]0.425(n=6372) [0.50-0.85]0.242(n=5893) [0.85-0.95]0.170(n=511) [0.95-1.00]0.170(n=24)
2026-04-30 07:36:59,319 - INFO - [render-loss] step=29800 kept 36/64 samples (t_value >= 0.50)
2026-04-30 07:38:54,571 - INFO - Step   30000 | Epoch  30 | MSE: 0.3302 | Steps/sec: 1.73 | LR: 1.90e-04 | Render_L1: 0.0347 | Alpha_L1: 0.0521 | Render_LPIPS: 0.2347 | cos(c,null): +0.0590 | GradNorm: 0.0218 | MSE/t: [0.00-0.50]0.423(n=6424) [0.50-0.85]0.243(n=5826) [0.85-0.95]0.176(n=530) [0.95-1.00]0.163(n=20)
2026-04-30 07:38:54,784 - INFO - [cond] cfg_signal=0.0537 (min=0.0374 max=0.0752, n=16) | class_signal=0.0656 (min=0.0395 max=0.0904, n=16) | pred_rms=0.9680
2026-04-30 07:39:02,754 - INFO - [validation] saved: output/jit_B8_c11_20260430_033542/dit_validation/epoch_030_step_0030000_class090.png (class=90, sampler=heun, steps=100)
2026-04-30 07:39:03,967 - INFO - [overrides] applied from jit/configs/overrides.yaml: lr_scale=1.0 max_grad_norm=5.0 null_repel_weight=0.0 P_mean=0.0
2026-04-30 07:39:04,063 - INFO - [render-loss] step=30000 kept 30/64 samples (t_value >= 0.50)
2026-04-30 07:40:59,189 - INFO - Step   30200 | Epoch  30 | MSE: 0.3286 | Steps/sec: 1.61 | LR: 1.90e-04 | Render_L1: 0.0347 | Alpha_L1: 0.0522 | Render_LPIPS: 0.2354 | cos(c,null): +0.0602 | GradNorm: 0.0213 | MSE/t: [0.00-0.50]0.423(n=6344) [0.50-0.85]0.242(n=5919) [0.85-0.95]0.171(n=518) [0.95-1.00]0.153(n=19)
2026-04-30 07:40:59,291 - INFO - [render-loss] step=30200 kept 35/64 samples (t_value >= 0.50)
2026-04-30 07:42:54,633 - INFO - Step   30400 | Epoch  30 | MSE: 0.3299 | Steps/sec: 1.73 | LR: 1.90e-04 | Render_L1: 0.0347 | Alpha_L1: 0.0523 | Render_LPIPS: 0.2337 | cos(c,null): +0.0601 | GradNorm: 0.0219 | MSE/t: [0.00-0.50]0.425(n=6393) [0.50-0.85]0.241(n=5885) [0.85-0.95]0.172(n=506) [0.95-1.00]0.168(n=16)
2026-04-30 07:42:54,734 - INFO - [render-loss] step=30400 kept 26/64 samples (t_value >= 0.50)
2026-04-30 07:44:49,986 - INFO - Step   30600 | Epoch  30 | MSE: 0.3269 | Steps/sec: 1.73 | LR: 1.89e-04 | Render_L1: 0.0339 | Alpha_L1: 0.0510 | Render_LPIPS: 0.2320 | cos(c,null): +0.0603 | GradNorm: 0.0213 | MSE/t: [0.00-0.50]0.421(n=6396) [0.50-0.85]0.239(n=5840) [0.85-0.95]0.174(n=535) [0.95-1.00]0.164(n=29)
2026-04-30 07:44:50,086 - INFO - [render-loss] step=30600 kept 33/64 samples (t_value >= 0.50)
2026-04-30 07:46:45,288 - INFO - Step   30800 | Epoch  31 | MSE: 0.3321 | Steps/sec: 1.73 | LR: 1.89e-04 | Render_L1: 0.0340 | Alpha_L1: 0.0512 | Render_LPIPS: 0.2319 | cos(c,null): +0.0612 | GradNorm: 0.0220 | MSE/t: [0.00-0.50]0.429(n=6436) [0.50-0.85]0.239(n=5817) [0.85-0.95]0.172(n=526) [0.95-1.00]0.164(n=21)
2026-04-30 07:46:45,389 - INFO - [render-loss] step=30800 kept 32/64 samples (t_value >= 0.50)
2026-04-30 07:48:41,304 - INFO - Step   31000 | Epoch  31 | MSE: 0.3284 | Steps/sec: 1.72 | LR: 1.89e-04 | Render_L1: 0.0336 | Alpha_L1: 0.0503 | Render_LPIPS: 0.2305 | cos(c,null): +0.0622 | GradNorm: 0.0218 | MSE/t: [0.00-0.50]0.422(n=6429) [0.50-0.85]0.239(n=5861) [0.85-0.95]0.167(n=492) [0.95-1.00]0.137(n=18)
2026-04-30 07:48:41,517 - INFO - [cond] cfg_signal=0.0512 (min=0.0341 max=0.0741, n=16) | class_signal=0.0626 (min=0.0369 max=0.0866, n=16) | pred_rms=0.9153
2026-04-30 07:48:49,488 - INFO - [validation] saved: output/jit_B8_c11_20260430_033542/dit_validation/epoch_031_step_0031000_class005.png (class=5, sampler=heun, steps=100)
2026-04-30 07:48:50,687 - INFO - [overrides] applied from jit/configs/overrides.yaml: lr_scale=1.0 max_grad_norm=5.0 null_repel_weight=0.0 P_mean=0.0
2026-04-30 07:48:50,784 - INFO - [render-loss] step=31000 kept 30/64 samples (t_value >= 0.50)
2026-04-30 07:50:45,786 - INFO - Step   31200 | Epoch  31 | MSE: 0.3290 | Steps/sec: 1.61 | LR: 1.89e-04 | Render_L1: 0.0338 | Alpha_L1: 0.0512 | Render_LPIPS: 0.2315 | cos(c,null): +0.0629 | GradNorm: 0.0222 | MSE/t: [0.00-0.50]0.420(n=6514) [0.50-0.85]0.240(n=5766) [0.85-0.95]0.177(n=505) [0.95-1.00]0.183(n=15)
2026-04-30 07:50:45,887 - INFO - [render-loss] step=31200 kept 37/64 samples (t_value >= 0.50)
2026-04-30 07:52:41,098 - INFO - Step   31400 | Epoch  31 | MSE: 0.3282 | Steps/sec: 1.73 | LR: 1.89e-04 | Render_L1: 0.0339 | Alpha_L1: 0.0507 | Render_LPIPS: 0.2308 | cos(c,null): +0.0635 | GradNorm: 0.0226 | MSE/t: [0.00-0.50]0.425(n=6292) [0.50-0.85]0.241(n=5957) [0.85-0.95]0.168(n=535) [0.95-1.00]0.136(n=16)
2026-04-30 07:52:41,199 - INFO - [render-loss] step=31400 kept 28/64 samples (t_value >= 0.50)
2026-04-30 07:54:35,909 - INFO - Step   31600 | Epoch  31 | MSE: 0.3305 | Steps/sec: 1.74 | LR: 1.89e-04 | Render_L1: 0.0340 | Alpha_L1: 0.0510 | Render_LPIPS: 0.2308 | cos(c,null): +0.0637 | GradNorm: 0.0233 | MSE/t: [0.00-0.50]0.424(n=6456) [0.50-0.85]0.241(n=5788) [0.85-0.95]0.173(n=536) [0.95-1.00]0.145(n=20)
2026-04-30 07:54:36,010 - INFO - [render-loss] step=31600 kept 36/64 samples (t_value >= 0.50)
2026-04-30 07:56:32,130 - INFO - Step   31800 | Epoch  32 | MSE: 0.3291 | Steps/sec: 1.72 | LR: 1.89e-04 | Render_L1: 0.0339 | Alpha_L1: 0.0513 | Render_LPIPS: 0.2320 | cos(c,null): +0.0634 | GradNorm: 0.0234 | MSE/t: [0.00-0.50]0.423(n=6425) [0.50-0.85]0.239(n=5826) [0.85-0.95]0.179(n=520) [0.95-1.00]0.172(n=29)
2026-04-30 07:56:32,232 - INFO - [render-loss] step=31800 kept 32/64 samples (t_value >= 0.50)
2026-04-30 07:58:27,480 - INFO - Step   32000 | Epoch  32 | MSE: 0.3290 | Steps/sec: 1.73 | LR: 1.88e-04 | Render_L1: 0.0340 | Alpha_L1: 0.0499 | Render_LPIPS: 0.2303 | cos(c,null): +0.0648 | GradNorm: 0.0237 | MSE/t: [0.00-0.50]0.422(n=6418) [0.50-0.85]0.241(n=5852) [0.85-0.95]0.173(n=518) [0.95-1.00]0.158(n=12)
2026-04-30 07:58:27,693 - INFO - [cond] cfg_signal=0.0552 (min=0.0366 max=0.0763, n=16) | class_signal=0.0667 (min=0.0407 max=0.0915, n=16) | pred_rms=0.9732
2026-04-30 07:58:35,785 - INFO - [validation] saved: output/jit_B8_c11_20260430_033542/dit_validation/epoch_032_step_0032000_class017.png (class=17, sampler=heun, steps=100)
2026-04-30 07:58:37,016 - INFO - [overrides] applied from jit/configs/overrides.yaml: lr_scale=1.0 max_grad_norm=5.0 null_repel_weight=0.0 P_mean=0.0
2026-04-30 07:58:37,112 - INFO - [render-loss] step=32000 kept 35/64 samples (t_value >= 0.50)
2026-04-30 08:00:32,457 - INFO - Step   32200 | Epoch  32 | MSE: 0.3303 | Steps/sec: 1.60 | LR: 1.88e-04 | Render_L1: 0.0336 | Alpha_L1: 0.0501 | Render_LPIPS: 0.2293 | cos(c,null): +0.0664 | GradNorm: 0.0233 | MSE/t: [0.00-0.50]0.423(n=6395) [0.50-0.85]0.243(n=5880) [0.85-0.95]0.176(n=509) [0.95-1.00]0.174(n=16)
2026-04-30 08:00:32,559 - INFO - [render-loss] step=32200 kept 24/64 samples (t_value >= 0.50)
2026-04-30 08:02:27,130 - INFO - Step   32400 | Epoch  32 | MSE: 0.3317 | Steps/sec: 1.74 | LR: 1.88e-04 | Render_L1: 0.0345 | Alpha_L1: 0.0509 | Render_LPIPS: 0.2336 | cos(c,null): +0.0665 | GradNorm: 0.0237 | MSE/t: [0.00-0.50]0.422(n=6497) [0.50-0.85]0.244(n=5790) [0.85-0.95]0.175(n=490) [0.95-1.00]0.131(n=23)
2026-04-30 08:02:27,230 - INFO - [render-loss] step=32400 kept 33/64 samples (t_value >= 0.50)
2026-04-30 08:04:22,298 - INFO - Step   32600 | Epoch  32 | MSE: 0.3288 | Steps/sec: 1.74 | LR: 1.88e-04 | Render_L1: 0.0331 | Alpha_L1: 0.0489 | Render_LPIPS: 0.2268 | cos(c,null): +0.0678 | GradNorm: 0.0239 | MSE/t: [0.00-0.50]0.421(n=6498) [0.50-0.85]0.238(n=5779) [0.85-0.95]0.184(n=500) [0.95-1.00]0.201(n=23)
2026-04-30 08:04:22,400 - INFO - [render-loss] step=32600 kept 26/64 samples (t_value >= 0.50)
2026-04-30 08:06:17,312 - INFO - Step   32800 | Epoch  33 | MSE: 0.3326 | Steps/sec: 1.74 | LR: 1.88e-04 | Render_L1: 0.0335 | Alpha_L1: 0.0500 | Render_LPIPS: 0.2295 | cos(c,null): +0.0676 | GradNorm: 0.0237 | MSE/t: [0.00-0.50]0.427(n=6443) [0.50-0.85]0.241(n=5881) [0.85-0.95]0.175(n=452) [0.95-1.00]0.172(n=24)
2026-04-30 08:06:17,413 - INFO - [render-loss] step=32800 kept 36/64 samples (t_value >= 0.50)
2026-04-30 08:08:12,219 - INFO - Step   33000 | Epoch  33 | MSE: 0.3292 | Steps/sec: 1.74 | LR: 1.88e-04 | Render_L1: 0.0330 | Alpha_L1: 0.0490 | Render_LPIPS: 0.2263 | cos(c,null): +0.0685 | GradNorm: 0.0236 | MSE/t: [0.00-0.50]0.422(n=6471) [0.50-0.85]0.240(n=5782) [0.85-0.95]0.175(n=529) [0.95-1.00]0.149(n=18)
2026-04-30 08:08:12,431 - INFO - [cond] cfg_signal=0.0523 (min=0.0354 max=0.0742, n=16) | class_signal=0.0643 (min=0.0372 max=0.0941, n=16) | pred_rms=0.8954
2026-04-30 08:08:20,494 - INFO - [validation] saved: output/jit_B8_c11_20260430_033542/dit_validation/epoch_033_step_0033000_class016.png (class=16, sampler=heun, steps=100)
2026-04-30 08:08:21,727 - INFO - [overrides] applied from jit/configs/overrides.yaml: lr_scale=1.0 max_grad_norm=5.0 null_repel_weight=0.0 P_mean=0.0
2026-04-30 08:08:21,823 - INFO - [render-loss] step=33000 kept 40/64 samples (t_value >= 0.50)
2026-04-30 08:10:17,353 - INFO - Step   33200 | Epoch  33 | MSE: 0.3341 | Steps/sec: 1.60 | LR: 1.88e-04 | Render_L1: 0.0331 | Alpha_L1: 0.0487 | Render_LPIPS: 0.2261 | cos(c,null): +0.0662 | GradNorm: 0.0245 | MSE/t: [0.00-0.50]0.432(n=6403) [0.50-0.85]0.242(n=5870) [0.85-0.95]0.174(n=515) [0.95-1.00]0.128(n=12)
2026-04-30 08:10:17,455 - INFO - [render-loss] step=33200 kept 32/64 samples (t_value >= 0.50)
2026-04-30 08:12:12,511 - INFO - Step   33400 | Epoch  33 | MSE: 0.3275 | Steps/sec: 1.74 | LR: 1.87e-04 | Render_L1: 0.0331 | Alpha_L1: 0.0488 | Render_LPIPS: 0.2258 | cos(c,null): +0.0666 | GradNorm: 0.0243 | MSE/t: [0.00-0.50]0.422(n=6416) [0.50-0.85]0.239(n=5808) [0.85-0.95]0.172(n=556) [0.95-1.00]0.194(n=20)
2026-04-30 08:12:12,613 - INFO - [render-loss] step=33400 kept 34/64 samples (t_value >= 0.50)
2026-04-30 08:14:08,383 - INFO - Step   33600 | Epoch  33 | MSE: 0.3315 | Steps/sec: 1.73 | LR: 1.87e-04 | Render_L1: 0.0330 | Alpha_L1: 0.0491 | Render_LPIPS: 0.2264 | cos(c,null): +0.0672 | GradNorm: 0.0253 | MSE/t: [0.00-0.50]0.426(n=6451) [0.50-0.85]0.241(n=5795) [0.85-0.95]0.176(n=530) [0.95-1.00]0.173(n=24)
2026-04-30 08:14:08,484 - INFO - [render-loss] step=33600 kept 36/64 samples (t_value >= 0.50)
2026-04-30 08:16:03,809 - INFO - Step   33800 | Epoch  34 | MSE: 0.3307 | Steps/sec: 1.73 | LR: 1.87e-04 | Render_L1: 0.0328 | Alpha_L1: 0.0486 | Render_LPIPS: 0.2247 | cos(c,null): +0.0669 | GradNorm: 0.0252 | MSE/t: [0.00-0.50]0.429(n=6379) [0.50-0.85]0.239(n=5870) [0.85-0.95]0.173(n=533) [0.95-1.00]0.164(n=18)
2026-04-30 08:16:03,910 - INFO - [render-loss] step=33800 kept 27/64 samples (t_value >= 0.50)
2026-04-30 08:17:58,884 - INFO - Step   34000 | Epoch  34 | MSE: 0.3288 | Steps/sec: 1.74 | LR: 1.87e-04 | Render_L1: 0.0331 | Alpha_L1: 0.0489 | Render_LPIPS: 0.2250 | cos(c,null): +0.0686 | GradNorm: 0.0261 | MSE/t: [0.00-0.50]0.419(n=6502) [0.50-0.85]0.241(n=5763) [0.85-0.95]0.174(n=515) [0.95-1.00]0.149(n=20)
2026-04-30 08:17:59,098 - INFO - [cond] cfg_signal=0.0593 (min=0.0391 max=0.0885, n=16) | class_signal=0.0704 (min=0.0406 max=0.0936, n=16) | pred_rms=0.9681
2026-04-30 08:18:07,100 - INFO - [validation] saved: output/jit_B8_c11_20260430_033542/dit_validation/epoch_034_step_0034000_class036.png (class=36, sampler=heun, steps=100)
2026-04-30 08:18:08,366 - INFO - [overrides] applied from jit/configs/overrides.yaml: lr_scale=1.0 max_grad_norm=5.0 null_repel_weight=0.0 P_mean=0.0
2026-04-30 08:18:08,463 - INFO - [render-loss] step=34000 kept 35/64 samples (t_value >= 0.50)
2026-04-30 08:20:03,741 - INFO - Step   34200 | Epoch  34 | MSE: 0.3311 | Steps/sec: 1.60 | LR: 1.87e-04 | Render_L1: 0.0329 | Alpha_L1: 0.0481 | Render_LPIPS: 0.2248 | cos(c,null): +0.0698 | GradNorm: 0.0255 | MSE/t: [0.00-0.50]0.424(n=6488) [0.50-0.85]0.241(n=5785) [0.85-0.95]0.179(n=507) [0.95-1.00]0.147(n=20)
2026-04-30 08:20:03,843 - INFO - [render-loss] step=34200 kept 32/64 samples (t_value >= 0.50)
2026-04-30 08:21:58,841 - INFO - Step   34400 | Epoch  34 | MSE: 0.3276 | Steps/sec: 1.74 | LR: 1.87e-04 | Render_L1: 0.0329 | Alpha_L1: 0.0487 | Render_LPIPS: 0.2243 | cos(c,null): +0.0711 | GradNorm: 0.0268 | MSE/t: [0.00-0.50]0.422(n=6374) [0.50-0.85]0.240(n=5866) [0.85-0.95]0.166(n=533) [0.95-1.00]0.154(n=27)
2026-04-30 08:21:58,944 - INFO - [render-loss] step=34400 kept 31/64 samples (t_value >= 0.50)
2026-04-30 08:23:54,548 - INFO - Step   34600 | Epoch  34 | MSE: 0.3308 | Steps/sec: 1.73 | LR: 1.86e-04 | Render_L1: 0.0331 | Alpha_L1: 0.0489 | Render_LPIPS: 0.2253 | cos(c,null): +0.0727 | GradNorm: 0.0266 | MSE/t: [0.00-0.50]0.422(n=6456) [0.50-0.85]0.244(n=5841) [0.85-0.95]0.172(n=479) [0.95-1.00]0.153(n=24)
2026-04-30 08:23:54,650 - INFO - [render-loss] step=34600 kept 35/64 samples (t_value >= 0.50)
2026-04-30 08:25:50,164 - INFO - Step   34800 | Epoch  35 | MSE: 0.3294 | Steps/sec: 1.73 | LR: 1.86e-04 | Render_L1: 0.0327 | Alpha_L1: 0.0476 | Render_LPIPS: 0.2225 | cos(c,null): +0.0730 | GradNorm: 0.0260 | MSE/t: [0.00-0.50]0.426(n=6372) [0.50-0.85]0.240(n=5886) [0.85-0.95]0.172(n=526) [0.95-1.00]0.214(n=16)
2026-04-30 08:25:50,266 - INFO - [render-loss] step=34800 kept 35/64 samples (t_value >= 0.50)
2026-04-30 08:27:45,678 - INFO - Step   35000 | Epoch  35 | MSE: 0.3243 | Steps/sec: 1.73 | LR: 1.86e-04 | Render_L1: 0.0325 | Alpha_L1: 0.0478 | Render_LPIPS: 0.2228 | cos(c,null): +0.0735 | GradNorm: 0.0271 | MSE/t: [0.00-0.50]0.416(n=6352) [0.50-0.85]0.238(n=5933) [0.85-0.95]0.177(n=493) [0.95-1.00]0.211(n=22)
2026-04-30 08:27:45,890 - INFO - [cond] cfg_signal=0.0517 (min=0.0345 max=0.0741, n=16) | class_signal=0.0656 (min=0.0371 max=0.0888, n=16) | pred_rms=0.9223
2026-04-30 08:27:53,896 - INFO - [validation] saved: output/jit_B8_c11_20260430_033542/dit_validation/epoch_035_step_0035000_class037.png (class=37, sampler=heun, steps=100)
2026-04-30 08:27:55,158 - INFO - [overrides] applied from jit/configs/overrides.yaml: lr_scale=1.0 max_grad_norm=5.0 null_repel_weight=0.0 P_mean=0.0
2026-04-30 08:27:55,254 - INFO - [render-loss] step=35000 kept 36/64 samples (t_value >= 0.50)
2026-04-30 08:29:50,408 - INFO - Step   35200 | Epoch  35 | MSE: 0.3291 | Steps/sec: 1.61 | LR: 1.86e-04 | Render_L1: 0.0321 | Alpha_L1: 0.0471 | Render_LPIPS: 0.2200 | cos(c,null): +0.0751 | GradNorm: 0.0269 | MSE/t: [0.00-0.50]0.424(n=6455) [0.50-0.85]0.239(n=5817) [0.85-0.95]0.168(n=506) [0.95-1.00]0.171(n=22)
2026-04-30 08:29:50,509 - INFO - [render-loss] step=35200 kept 20/64 samples (t_value >= 0.50)
2026-04-30 08:31:45,390 - INFO - Step   35400 | Epoch  35 | MSE: 0.3292 | Steps/sec: 1.74 | LR: 1.86e-04 | Render_L1: 0.0324 | Alpha_L1: 0.0468 | Render_LPIPS: 0.2205 | cos(c,null): +0.0773 | GradNorm: 0.0269 | MSE/t: [0.00-0.50]0.422(n=6464) [0.50-0.85]0.240(n=5797) [0.85-0.95]0.174(n=507) [0.95-1.00]0.165(n=32)
2026-04-30 08:31:45,491 - INFO - [render-loss] step=35400 kept 34/64 samples (t_value >= 0.50)
2026-04-30 08:33:41,000 - INFO - Step   35600 | Epoch  35 | MSE: 0.3266 | Steps/sec: 1.73 | LR: 1.86e-04 | Render_L1: 0.0324 | Alpha_L1: 0.0470 | Render_LPIPS: 0.2201 | cos(c,null): +0.0770 | GradNorm: 0.0284 | MSE/t: [0.00-0.50]0.423(n=6273) [0.50-0.85]0.239(n=6013) [0.85-0.95]0.172(n=486) [0.95-1.00]0.163(n=28)
2026-04-30 08:33:41,103 - INFO - [render-loss] step=35600 kept 36/64 samples (t_value >= 0.50)
2026-04-30 08:35:36,490 - INFO - Step   35800 | Epoch  36 | MSE: 0.3265 | Steps/sec: 1.73 | LR: 1.85e-04 | Render_L1: 0.0318 | Alpha_L1: 0.0466 | Render_LPIPS: 0.2192 | cos(c,null): +0.0759 | GradNorm: 0.0276 | MSE/t: [0.00-0.50]0.423(n=6357) [0.50-0.85]0.237(n=5891) [0.85-0.95]0.171(n=533) [0.95-1.00]0.177(n=19)
2026-04-30 08:35:36,592 - INFO - [render-loss] step=35800 kept 35/64 samples (t_value >= 0.50)
2026-04-30 08:37:31,475 - INFO - Step   36000 | Epoch  36 | MSE: 0.3330 | Steps/sec: 1.74 | LR: 1.85e-04 | Render_L1: 0.0328 | Alpha_L1: 0.0474 | Render_LPIPS: 0.2216 | cos(c,null): +0.0776 | GradNorm: 0.0280 | MSE/t: [0.00-0.50]0.427(n=6401) [0.50-0.85]0.245(n=5864) [0.85-0.95]0.173(n=514) [0.95-1.00]0.162(n=21)
2026-04-30 08:37:31,689 - INFO - [cond] cfg_signal=0.0558 (min=0.0376 max=0.0776, n=16) | class_signal=0.0671 (min=0.0389 max=0.0891, n=16) | pred_rms=0.9757
2026-04-30 08:37:39,687 - INFO - [validation] saved: output/jit_B8_c11_20260430_033542/dit_validation/epoch_036_step_0036000_class099.png (class=99, sampler=heun, steps=100)
2026-04-30 08:37:40,967 - INFO - [overrides] applied from jit/configs/overrides.yaml: lr_scale=1.0 max_grad_norm=5.0 null_repel_weight=0.0 P_mean=0.0
2026-04-30 08:37:41,064 - INFO - [render-loss] step=36000 kept 33/64 samples (t_value >= 0.50)
2026-04-30 08:39:37,208 - INFO - Step   36200 | Epoch  36 | MSE: 0.3286 | Steps/sec: 1.59 | LR: 1.85e-04 | Render_L1: 0.0322 | Alpha_L1: 0.0470 | Render_LPIPS: 0.2186 | cos(c,null): +0.0795 | GradNorm: 0.0290 | MSE/t: [0.00-0.50]0.422(n=6423) [0.50-0.85]0.240(n=5855) [0.85-0.95]0.171(n=497) [0.95-1.00]0.162(n=25)
2026-04-30 08:39:37,310 - INFO - [render-loss] step=36200 kept 27/64 samples (t_value >= 0.50)
2026-04-30 08:41:32,352 - INFO - Step   36400 | Epoch  36 | MSE: 0.3309 | Steps/sec: 1.74 | LR: 1.85e-04 | Render_L1: 0.0320 | Alpha_L1: 0.0468 | Render_LPIPS: 0.2184 | cos(c,null): +0.0790 | GradNorm: 0.0296 | MSE/t: [0.00-0.50]0.426(n=6417) [0.50-0.85]0.241(n=5859) [0.85-0.95]0.168(n=498) [0.95-1.00]0.174(n=26)
2026-04-30 08:41:32,454 - INFO - [render-loss] step=36400 kept 35/64 samples (t_value >= 0.50)
2026-04-30 08:43:27,161 - INFO - Step   36600 | Epoch  36 | MSE: 0.3305 | Steps/sec: 1.74 | LR: 1.85e-04 | Render_L1: 0.0318 | Alpha_L1: 0.0474 | Render_LPIPS: 0.2171 | cos(c,null): +0.0792 | GradNorm: 0.0299 | MSE/t: [0.00-0.50]0.426(n=6456) [0.50-0.85]0.239(n=5802) [0.85-0.95]0.176(n=528) [0.95-1.00]0.163(n=14)
2026-04-30 08:43:27,263 - INFO - [render-loss] step=36600 kept 25/64 samples (t_value >= 0.50)
2026-04-30 08:45:22,149 - INFO - Step   36800 | Epoch  37 | MSE: 0.3273 | Steps/sec: 1.74 | LR: 1.85e-04 | Render_L1: 0.0319 | Alpha_L1: 0.0464 | Render_LPIPS: 0.2167 | cos(c,null): +0.0811 | GradNorm: 0.0303 | MSE/t: [0.00-0.50]0.420(n=6390) [0.50-0.85]0.240(n=5873) [0.85-0.95]0.172(n=518) [0.95-1.00]0.155(n=19)
2026-04-30 08:45:22,251 - INFO - [render-loss] step=36800 kept 29/64 samples (t_value >= 0.50)
2026-04-30 08:47:17,054 - INFO - Step   37000 | Epoch  37 | MSE: 0.3267 | Steps/sec: 1.74 | LR: 1.85e-04 | Render_L1: 0.0317 | Alpha_L1: 0.0461 | Render_LPIPS: 0.2155 | cos(c,null): +0.0825 | GradNorm: 0.0291 | MSE/t: [0.00-0.50]0.417(n=6440) [0.50-0.85]0.240(n=5867) [0.85-0.95]0.174(n=470) [0.95-1.00]0.175(n=23)
2026-04-30 08:47:17,266 - INFO - [cond] cfg_signal=0.0540 (min=0.0375 max=0.0786, n=16) | class_signal=0.0665 (min=0.0428 max=0.0896, n=16) | pred_rms=0.9779
2026-04-30 08:47:25,224 - INFO - [validation] saved: output/jit_B8_c11_20260430_033542/dit_validation/epoch_037_step_0037000_class066.png (class=66, sampler=heun, steps=100)
2026-04-30 08:47:26,469 - INFO - [overrides] applied from jit/configs/overrides.yaml: lr_scale=1.0 max_grad_norm=5.0 null_repel_weight=0.0 P_mean=0.0
2026-04-30 08:47:26,566 - INFO - [render-loss] step=37000 kept 34/64 samples (t_value >= 0.50)
2026-04-30 08:49:21,858 - INFO - Step   37200 | Epoch  37 | MSE: 0.3296 | Steps/sec: 1.61 | LR: 1.84e-04 | Render_L1: 0.0313 | Alpha_L1: 0.0461 | Render_LPIPS: 0.2149 | cos(c,null): +0.0830 | GradNorm: 0.0300 | MSE/t: [0.00-0.50]0.427(n=6405) [0.50-0.85]0.238(n=5845) [0.85-0.95]0.177(n=524) [0.95-1.00]0.161(n=26)
2026-04-30 08:49:21,960 - INFO - [render-loss] step=37200 kept 38/64 samples (t_value >= 0.50)
2026-04-30 08:51:18,056 - INFO - Step   37400 | Epoch  37 | MSE: 0.3279 | Steps/sec: 1.72 | LR: 1.84e-04 | Render_L1: 0.0321 | Alpha_L1: 0.0467 | Render_LPIPS: 0.2172 | cos(c,null): +0.0833 | GradNorm: 0.0302 | MSE/t: [0.00-0.50]0.423(n=6321) [0.50-0.85]0.241(n=5951) [0.85-0.95]0.174(n=502) [0.95-1.00]0.147(n=26)
2026-04-30 08:51:18,157 - INFO - [render-loss] step=37400 kept 31/64 samples (t_value >= 0.50)
2026-04-30 08:53:13,249 - INFO - Step   37600 | Epoch  37 | MSE: 0.3310 | Steps/sec: 1.74 | LR: 1.84e-04 | Render_L1: 0.0318 | Alpha_L1: 0.0464 | Render_LPIPS: 0.2159 | cos(c,null): +0.0836 | GradNorm: 0.0303 | MSE/t: [0.00-0.50]0.427(n=6352) [0.50-0.85]0.242(n=5917) [0.85-0.95]0.169(n=507) [0.95-1.00]0.148(n=24)
2026-04-30 08:53:13,352 - INFO - [render-loss] step=37600 kept 30/64 samples (t_value >= 0.50)
2026-04-30 08:55:08,615 - INFO - Step   37800 | Epoch  38 | MSE: 0.3274 | Steps/sec: 1.73 | LR: 1.84e-04 | Render_L1: 0.0314 | Alpha_L1: 0.0454 | Render_LPIPS: 0.2142 | cos(c,null): +0.0831 | GradNorm: 0.0304 | MSE/t: [0.00-0.50]0.420(n=6345) [0.50-0.85]0.242(n=5935) [0.85-0.95]0.172(n=496) [0.95-1.00]0.170(n=24)
2026-04-30 08:55:08,717 - INFO - [render-loss] step=37800 kept 31/64 samples (t_value >= 0.50)
2026-04-30 08:57:03,586 - INFO - Step   38000 | Epoch  38 | MSE: 0.3275 | Steps/sec: 1.74 | LR: 1.84e-04 | Render_L1: 0.0317 | Alpha_L1: 0.0460 | Render_LPIPS: 0.2152 | cos(c,null): +0.0829 | GradNorm: 0.0314 | MSE/t: [0.00-0.50]0.422(n=6444) [0.50-0.85]0.237(n=5821) [0.85-0.95]0.170(n=509) [0.95-1.00]0.167(n=26)
2026-04-30 08:57:03,798 - INFO - [cond] cfg_signal=0.0546 (min=0.0364 max=0.0805, n=16) | class_signal=0.0677 (min=0.0435 max=0.0941, n=16) | pred_rms=0.9896
2026-04-30 08:57:11,794 - INFO - [validation] saved: output/jit_B8_c11_20260430_033542/dit_validation/epoch_038_step_0038000_class059.png (class=59, sampler=heun, steps=100)
2026-04-30 08:57:13,005 - INFO - [overrides] applied from jit/configs/overrides.yaml: lr_scale=1.0 max_grad_norm=5.0 null_repel_weight=0.0 P_mean=0.0
2026-04-30 08:57:13,102 - INFO - [render-loss] step=38000 kept 36/64 samples (t_value >= 0.50)
2026-04-30 08:59:08,219 - INFO - Step   38200 | Epoch  38 | MSE: 0.3308 | Steps/sec: 1.61 | LR: 1.84e-04 | Render_L1: 0.0314 | Alpha_L1: 0.0459 | Render_LPIPS: 0.2140 | cos(c,null): +0.0824 | GradNorm: 0.0311 | MSE/t: [0.00-0.50]0.427(n=6405) [0.50-0.85]0.240(n=5864) [0.85-0.95]0.173(n=512) [0.95-1.00]0.151(n=19)
2026-04-30 08:59:08,321 - INFO - [render-loss] step=38200 kept 24/64 samples (t_value >= 0.50)
2026-04-30 09:01:03,302 - INFO - Step   38400 | Epoch  38 | MSE: 0.3284 | Steps/sec: 1.74 | LR: 1.83e-04 | Render_L1: 0.0314 | Alpha_L1: 0.0452 | Render_LPIPS: 0.2137 | cos(c,null): +0.0828 | GradNorm: 0.0320 | MSE/t: [0.00-0.50]0.422(n=6451) [0.50-0.85]0.239(n=5783) [0.85-0.95]0.175(n=548) [0.95-1.00]0.145(n=18)
2026-04-30 09:01:03,402 - INFO - [render-loss] step=38400 kept 35/64 samples (t_value >= 0.50)
2026-04-30 09:02:58,770 - INFO - Step   38600 | Epoch  38 | MSE: 0.3359 | Steps/sec: 1.73 | LR: 1.83e-04 | Render_L1: 0.0325 | Alpha_L1: 0.0476 | Render_LPIPS: 0.2164 | cos(c,null): +0.0830 | GradNorm: 0.0443 | MSE/t: [0.00-0.50]0.431(n=6446) [0.50-0.85]0.245(n=5825) [0.85-0.95]0.176(n=501) [0.95-1.00]0.148(n=28)
2026-04-30 09:02:58,871 - INFO - [render-loss] step=38600 kept 33/64 samples (t_value >= 0.50)
2026-04-30 09:04:54,652 - INFO - Step   38800 | Epoch  39 | MSE: 0.3309 | Steps/sec: 1.73 | LR: 1.83e-04 | Render_L1: 0.0322 | Alpha_L1: 0.0473 | Render_LPIPS: 0.2156 | cos(c,null): +0.0855 | GradNorm: 0.0350 | MSE/t: [0.00-0.50]0.423(n=6445) [0.50-0.85]0.242(n=5849) [0.85-0.95]0.182(n=489) [0.95-1.00]0.186(n=17)
2026-04-30 09:04:54,753 - INFO - [render-loss] step=38800 kept 35/64 samples (t_value >= 0.50)
2026-04-30 09:06:50,008 - INFO - Step   39000 | Epoch  39 | MSE: 0.3285 | Steps/sec: 1.73 | LR: 1.83e-04 | Render_L1: 0.0315 | Alpha_L1: 0.0453 | Render_LPIPS: 0.2119 | cos(c,null): +0.0863 | GradNorm: 0.0330 | MSE/t: [0.00-0.50]0.424(n=6367) [0.50-0.85]0.240(n=5885) [0.85-0.95]0.171(n=531) [0.95-1.00]0.164(n=17)
2026-04-30 09:06:50,221 - INFO - [cond] cfg_signal=0.0559 (min=0.0350 max=0.0769, n=16) | class_signal=0.0708 (min=0.0443 max=0.0925, n=16) | pred_rms=0.9344
2026-04-30 09:06:58,253 - INFO - [validation] saved: output/jit_B8_c11_20260430_033542/dit_validation/epoch_039_step_0039000_class015.png (class=15, sampler=heun, steps=100)
2026-04-30 09:06:59,487 - INFO - [overrides] applied from jit/configs/overrides.yaml: lr_scale=1.0 max_grad_norm=5.0 null_repel_weight=0.0 P_mean=0.0
2026-04-30 09:06:59,583 - INFO - [render-loss] step=39000 kept 30/64 samples (t_value >= 0.50)
2026-04-30 09:08:54,944 - INFO - Step   39200 | Epoch  39 | MSE: 0.3277 | Steps/sec: 1.60 | LR: 1.83e-04 | Render_L1: 0.0308 | Alpha_L1: 0.0449 | Render_LPIPS: 0.2106 | cos(c,null): +0.0867 | GradNorm: 0.0328 | MSE/t: [0.00-0.50]0.422(n=6323) [0.50-0.85]0.241(n=5944) [0.85-0.95]0.179(n=518) [0.95-1.00]0.169(n=15)
2026-04-30 09:08:55,046 - INFO - [render-loss] step=39200 kept 41/64 samples (t_value >= 0.50)
2026-04-30 09:10:50,197 - INFO - Step   39400 | Epoch  39 | MSE: 0.3270 | Steps/sec: 1.74 | LR: 1.82e-04 | Render_L1: 0.0306 | Alpha_L1: 0.0446 | Render_LPIPS: 0.2096 | cos(c,null): +0.0873 | GradNorm: 0.0334 | MSE/t: [0.00-0.50]0.419(n=6314) [0.50-0.85]0.243(n=5954) [0.85-0.95]0.175(n=517) [0.95-1.00]0.142(n=15)
2026-04-30 09:10:50,298 - INFO - [render-loss] step=39400 kept 30/64 samples (t_value >= 0.50)
2026-04-30 09:12:45,203 - INFO - Step   39600 | Epoch  39 | MSE: 0.3304 | Steps/sec: 1.74 | LR: 1.82e-04 | Render_L1: 0.0311 | Alpha_L1: 0.0451 | Render_LPIPS: 0.2105 | cos(c,null): +0.0880 | GradNorm: 0.0339 | MSE/t: [0.00-0.50]0.425(n=6473) [0.50-0.85]0.239(n=5826) [0.85-0.95]0.172(n=479) [0.95-1.00]0.195(n=22)
2026-04-30 09:12:45,304 - INFO - [render-loss] step=39600 kept 33/64 samples (t_value >= 0.50)
2026-04-30 09:14:40,767 - INFO - Step   39800 | Epoch  40 | MSE: 0.3280 | Steps/sec: 1.73 | LR: 1.82e-04 | Render_L1: 0.0311 | Alpha_L1: 0.0451 | Render_LPIPS: 0.2097 | cos(c,null): +0.0877 | GradNorm: 0.0332 | MSE/t: [0.00-0.50]0.421(n=6413) [0.50-0.85]0.240(n=5872) [0.85-0.95]0.171(n=492) [0.95-1.00]0.181(n=23)
2026-04-30 09:14:40,868 - INFO - [render-loss] step=39800 kept 35/64 samples (t_value >= 0.50)
2026-04-30 09:16:35,706 - INFO - Step   40000 | Epoch  40 | MSE: 0.3297 | Steps/sec: 1.74 | LR: 1.82e-04 | Render_L1: 0.0311 | Alpha_L1: 0.0443 | Render_LPIPS: 0.2098 | cos(c,null): +0.0881 | GradNorm: 0.0339 | MSE/t: [0.00-0.50]0.424(n=6419) [0.50-0.85]0.241(n=5863) [0.85-0.95]0.172(n=488) [0.95-1.00]0.135(n=30)
2026-04-30 09:16:35,918 - INFO - [cond] cfg_signal=0.0585 (min=0.0406 max=0.0837, n=16) | class_signal=0.0721 (min=0.0411 max=0.0957, n=16) | pred_rms=0.9304
2026-04-30 09:16:37,688 - INFO - Saved checkpoint to output/jit_B8_c11_20260430_033542/0040000.pt
2026-04-30 09:16:37,896 - INFO - [cond] cfg_signal=0.0585 (min=0.0406 max=0.0837, n=16) | class_signal=0.0721 (min=0.0411 max=0.0957, n=16) | pred_rms=0.9304
2026-04-30 09:16:45,918 - INFO - [validation] saved: output/jit_B8_c11_20260430_033542/dit_validation/epoch_040_step_0040000_class096.png (class=96, sampler=heun, steps=100)
2026-04-30 09:16:47,178 - INFO - [overrides] applied from jit/configs/overrides.yaml: lr_scale=1.0 max_grad_norm=5.0 null_repel_weight=0.0 P_mean=0.0
2026-04-30 09:16:47,274 - INFO - [render-loss] step=40000 kept 34/64 samples (t_value >= 0.50)
2026-04-30 09:18:42,688 - INFO - Step   40200 | Epoch  40 | MSE: 0.3284 | Steps/sec: 1.58 | LR: 1.82e-04 | Render_L1: 0.0308 | Alpha_L1: 0.0444 | Render_LPIPS: 0.2077 | cos(c,null): +0.0890 | GradNorm: 0.0352 | MSE/t: [0.00-0.50]0.421(n=6446) [0.50-0.85]0.240(n=5828) [0.85-0.95]0.178(n=509) [0.95-1.00]0.183(n=17)
2026-04-30 09:18:42,789 - INFO - [render-loss] step=40200 kept 35/64 samples (t_value >= 0.50)
2026-04-30 09:20:38,516 - INFO - Step   40400 | Epoch  40 | MSE: 0.3288 | Steps/sec: 1.73 | LR: 1.82e-04 | Render_L1: 0.0315 | Alpha_L1: 0.0448 | Render_LPIPS: 0.2098 | cos(c,null): +0.0908 | GradNorm: 0.0354 | MSE/t: [0.00-0.50]0.424(n=6366) [0.50-0.85]0.241(n=5939) [0.85-0.95]0.169(n=477) [0.95-1.00]0.142(n=18)
2026-04-30 09:20:38,617 - INFO - [render-loss] step=40400 kept 32/64 samples (t_value >= 0.50)
2026-04-30 09:22:33,758 - INFO - Step   40600 | Epoch  40 | MSE: 0.3275 | Steps/sec: 1.74 | LR: 1.81e-04 | Render_L1: 0.0315 | Alpha_L1: 0.0457 | Render_LPIPS: 0.2095 | cos(c,null): +0.0906 | GradNorm: 0.0370 | MSE/t: [0.00-0.50]0.423(n=6320) [0.50-0.85]0.240(n=5958) [0.85-0.95]0.174(n=502) [0.95-1.00]0.184(n=20)
2026-04-30 09:22:33,859 - INFO - [render-loss] step=40600 kept 28/64 samples (t_value >= 0.50)
2026-04-30 09:24:29,298 - INFO - Step   40800 | Epoch  41 | MSE: 0.3261 | Steps/sec: 1.73 | LR: 1.81e-04 | Render_L1: 0.0309 | Alpha_L1: 0.0445 | Render_LPIPS: 0.2076 | cos(c,null): +0.0906 | GradNorm: 0.0342 | MSE/t: [0.00-0.50]0.418(n=6403) [0.50-0.85]0.239(n=5899) [0.85-0.95]0.174(n=477) [0.95-1.00]0.195(n=21)
2026-04-30 09:24:29,399 - INFO - [render-loss] step=40800 kept 30/64 samples (t_value >= 0.50)
2026-04-30 09:26:24,059 - INFO - Step   41000 | Epoch  41 | MSE: 0.3309 | Steps/sec: 1.74 | LR: 1.81e-04 | Render_L1: 0.0308 | Alpha_L1: 0.0441 | Render_LPIPS: 0.2078 | cos(c,null): +0.0921 | GradNorm: 0.0361 | MSE/t: [0.00-0.50]0.423(n=6451) [0.50-0.85]0.242(n=5840) [0.85-0.95]0.177(n=489) [0.95-1.00]0.180(n=20)
2026-04-30 09:26:24,272 - INFO - [cond] cfg_signal=0.0555 (min=0.0384 max=0.0767, n=16) | class_signal=0.0688 (min=0.0462 max=0.0903, n=16) | pred_rms=0.9385
2026-04-30 09:26:32,180 - INFO - [validation] saved: output/jit_B8_c11_20260430_033542/dit_validation/epoch_041_step_0041000_class072.png (class=72, sampler=heun, steps=100)
2026-04-30 09:26:33,388 - INFO - [overrides] applied from jit/configs/overrides.yaml: lr_scale=1.0 max_grad_norm=5.0 null_repel_weight=0.0 P_mean=0.0
2026-04-30 09:26:33,485 - INFO - [render-loss] step=41000 kept 26/64 samples (t_value >= 0.50)
2026-04-30 09:28:29,345 - INFO - Step   41200 | Epoch  41 | MSE: 0.3290 | Steps/sec: 1.60 | LR: 1.81e-04 | Render_L1: 0.0309 | Alpha_L1: 0.0451 | Render_LPIPS: 0.2088 | cos(c,null): +0.0929 | GradNorm: 0.0361 | MSE/t: [0.00-0.50]0.422(n=6437) [0.50-0.85]0.241(n=5836) [0.85-0.95]0.174(n=510) [0.95-1.00]0.179(n=17)
2026-04-30 09:28:29,446 - INFO - [render-loss] step=41200 kept 38/64 samples (t_value >= 0.50)
2026-04-30 09:30:24,225 - INFO - Step   41400 | Epoch  41 | MSE: 0.3260 | Steps/sec: 1.74 | LR: 1.81e-04 | Render_L1: 0.0308 | Alpha_L1: 0.0440 | Render_LPIPS: 0.2059 | cos(c,null): +0.0926 | GradNorm: 0.0372 | MSE/t: [0.00-0.50]0.418(n=6402) [0.50-0.85]0.240(n=5865) [0.85-0.95]0.164(n=511) [0.95-1.00]0.176(n=22)
2026-04-30 09:30:24,328 - INFO - [render-loss] step=41400 kept 35/64 samples (t_value >= 0.50)
2026-04-30 09:32:19,564 - INFO - Step   41600 | Epoch  41 | MSE: 0.3292 | Steps/sec: 1.73 | LR: 1.81e-04 | Render_L1: 0.0309 | Alpha_L1: 0.0446 | Render_LPIPS: 0.2081 | cos(c,null): +0.0941 | GradNorm: 0.0375 | MSE/t: [0.00-0.50]0.424(n=6357) [0.50-0.85]0.242(n=5920) [0.85-0.95]0.167(n=497) [0.95-1.00]0.132(n=26)
2026-04-30 09:32:19,666 - INFO - [render-loss] step=41600 kept 31/64 samples (t_value >= 0.50)
2026-04-30 09:34:15,070 - INFO - Step   41800 | Epoch  42 | MSE: 0.3263 | Steps/sec: 1.73 | LR: 1.80e-04 | Render_L1: 0.0311 | Alpha_L1: 0.0448 | Render_LPIPS: 0.2078 | cos(c,null): +0.0935 | GradNorm: 0.0373 | MSE/t: [0.00-0.50]0.416(n=6351) [0.50-0.85]0.243(n=5906) [0.85-0.95]0.177(n=519) [0.95-1.00]0.158(n=24)
2026-04-30 09:34:15,172 - INFO - [render-loss] step=41800 kept 34/64 samples (t_value >= 0.50)
2026-04-30 09:36:10,333 - INFO - Step   42000 | Epoch  42 | MSE: 0.3302 | Steps/sec: 1.74 | LR: 1.80e-04 | Render_L1: 0.0304 | Alpha_L1: 0.0436 | Render_LPIPS: 0.2050 | cos(c,null): +0.0937 | GradNorm: 0.0376 | MSE/t: [0.00-0.50]0.430(n=6334) [0.50-0.85]0.238(n=5942) [0.85-0.95]0.173(n=503) [0.95-1.00]0.164(n=21)
2026-04-30 09:36:10,543 - INFO - [cond] cfg_signal=0.0593 (min=0.0412 max=0.0840, n=16) | class_signal=0.0687 (min=0.0398 max=0.0927, n=16) | pred_rms=0.9418
2026-04-30 09:36:18,524 - INFO - [validation] saved: output/jit_B8_c11_20260430_033542/dit_validation/epoch_042_step_0042000_class039.png (class=39, sampler=heun, steps=100)
2026-04-30 09:36:19,646 - INFO - [overrides] applied from jit/configs/overrides.yaml: lr_scale=1.0 max_grad_norm=5.0 null_repel_weight=0.0 P_mean=0.0
2026-04-30 09:36:19,743 - INFO - [render-loss] step=42000 kept 28/64 samples (t_value >= 0.50)
2026-04-30 09:38:14,813 - INFO - Step   42200 | Epoch  42 | MSE: 0.3302 | Steps/sec: 1.61 | LR: 1.80e-04 | Render_L1: 0.0305 | Alpha_L1: 0.0440 | Render_LPIPS: 0.2058 | cos(c,null): +0.0928 | GradNorm: 0.0371 | MSE/t: [0.00-0.50]0.423(n=6513) [0.50-0.85]0.240(n=5737) [0.85-0.95]0.169(n=526) [0.95-1.00]0.208(n=24)
2026-04-30 09:38:14,915 - INFO - [render-loss] step=42200 kept 25/64 samples (t_value >= 0.50)
2026-04-30 09:40:10,189 - INFO - Step   42400 | Epoch  42 | MSE: 0.3311 | Steps/sec: 1.73 | LR: 1.80e-04 | Render_L1: 0.0302 | Alpha_L1: 0.0437 | Render_LPIPS: 0.2032 | cos(c,null): +0.0930 | GradNorm: 0.0400 | MSE/t: [0.00-0.50]0.427(n=6431) [0.50-0.85]0.240(n=5827) [0.85-0.95]0.169(n=526) [0.95-1.00]0.199(n=16)
2026-04-30 09:40:10,291 - INFO - [render-loss] step=42400 kept 46/64 samples (t_value >= 0.50)
2026-04-30 09:42:05,780 - INFO - Step   42600 | Epoch  42 | MSE: 0.3283 | Steps/sec: 1.73 | LR: 1.80e-04 | Render_L1: 0.0302 | Alpha_L1: 0.0435 | Render_LPIPS: 0.2047 | cos(c,null): +0.0950 | GradNorm: 0.0376 | MSE/t: [0.00-0.50]0.424(n=6330) [0.50-0.85]0.240(n=5924) [0.85-0.95]0.170(n=524) [0.95-1.00]0.152(n=22)
2026-04-30 09:42:05,882 - INFO - [render-loss] step=42600 kept 27/64 samples (t_value >= 0.50)
2026-04-30 09:44:00,705 - INFO - Step   42800 | Epoch  43 | MSE: 0.3314 | Steps/sec: 1.74 | LR: 1.79e-04 | Render_L1: 0.0308 | Alpha_L1: 0.0439 | Render_LPIPS: 0.2050 | cos(c,null): +0.0950 | GradNorm: 0.0401 | MSE/t: [0.00-0.50]0.426(n=6479) [0.50-0.85]0.241(n=5745) [0.85-0.95]0.178(n=558) [0.95-1.00]0.156(n=18)
2026-04-30 09:44:00,806 - INFO - [render-loss] step=42800 kept 33/64 samples (t_value >= 0.50)
2026-04-30 09:45:56,068 - INFO - Step   43000 | Epoch  43 | MSE: 0.3265 | Steps/sec: 1.73 | LR: 1.79e-04 | Render_L1: 0.0304 | Alpha_L1: 0.0432 | Render_LPIPS: 0.2021 | cos(c,null): +0.0949 | GradNorm: 0.0382 | MSE/t: [0.00-0.50]0.421(n=6362) [0.50-0.85]0.239(n=5924) [0.85-0.95]0.169(n=496) [0.95-1.00]0.144(n=18)
2026-04-30 09:45:56,279 - INFO - [cond] cfg_signal=0.0567 (min=0.0401 max=0.0800, n=16) | class_signal=0.0690 (min=0.0409 max=0.0929, n=16) | pred_rms=0.9573
2026-04-30 09:46:04,334 - INFO - [validation] saved: output/jit_B8_c11_20260430_033542/dit_validation/epoch_043_step_0043000_class074.png (class=74, sampler=heun, steps=100)
2026-04-30 09:46:05,460 - INFO - [overrides] applied from jit/configs/overrides.yaml: lr_scale=1.0 max_grad_norm=5.0 null_repel_weight=0.0 P_mean=0.0
2026-04-30 09:46:05,557 - INFO - [render-loss] step=43000 kept 29/64 samples (t_value >= 0.50)
2026-04-30 09:48:01,012 - INFO - Step   43200 | Epoch  43 | MSE: 0.3238 | Steps/sec: 1.60 | LR: 1.79e-04 | Render_L1: 0.0302 | Alpha_L1: 0.0434 | Render_LPIPS: 0.2025 | cos(c,null): +0.0963 | GradNorm: 0.0595 | MSE/t: [0.00-0.50]0.416(n=6285) [0.50-0.85]0.241(n=5981) [0.85-0.95]0.167(n=515) [0.95-1.00]0.141(n=19)
2026-04-30 09:48:01,113 - INFO - [render-loss] step=43200 kept 27/64 samples (t_value >= 0.50)
2026-04-30 09:49:56,816 - INFO - Step   43400 | Epoch  43 | MSE: 0.3313 | Steps/sec: 1.73 | LR: 1.79e-04 | Render_L1: 0.0303 | Alpha_L1: 0.0439 | Render_LPIPS: 0.2041 | cos(c,null): +0.0972 | GradNorm: 0.0391 | MSE/t: [0.00-0.50]0.424(n=6450) [0.50-0.85]0.243(n=5796) [0.85-0.95]0.172(n=533) [0.95-1.00]0.156(n=21)
2026-04-30 09:49:56,917 - INFO - [render-loss] step=43400 kept 33/64 samples (t_value >= 0.50)
2026-04-30 09:51:51,832 - INFO - Step   43600 | Epoch  43 | MSE: 0.3285 | Steps/sec: 1.74 | LR: 1.79e-04 | Render_L1: 0.0306 | Alpha_L1: 0.0444 | Render_LPIPS: 0.2040 | cos(c,null): +0.0967 | GradNorm: 0.0402 | MSE/t: [0.00-0.50]0.419(n=6455) [0.50-0.85]0.242(n=5801) [0.85-0.95]0.175(n=522) [0.95-1.00]0.147(n=22)
2026-04-30 09:51:51,933 - INFO - [render-loss] step=43600 kept 36/64 samples (t_value >= 0.50)
2026-04-30 09:53:48,124 - INFO - Step   43800 | Epoch  44 | MSE: 0.3288 | Steps/sec: 1.72 | LR: 1.78e-04 | Render_L1: 0.0296 | Alpha_L1: 0.0425 | Render_LPIPS: 0.1997 | cos(c,null): +0.0977 | GradNorm: 0.0392 | MSE/t: [0.00-0.50]0.425(n=6433) [0.50-0.85]0.238(n=5826) [0.85-0.95]0.169(n=525) [0.95-1.00]0.167(n=16)
2026-04-30 09:53:48,224 - INFO - [render-loss] step=43800 kept 30/64 samples (t_value >= 0.50)
2026-04-30 09:55:43,390 - INFO - Step   44000 | Epoch  44 | MSE: 0.3296 | Steps/sec: 1.74 | LR: 1.78e-04 | Render_L1: 0.0300 | Alpha_L1: 0.0421 | Render_LPIPS: 0.2015 | cos(c,null): +0.0979 | GradNorm: 0.0393 | MSE/t: [0.00-0.50]0.423(n=6406) [0.50-0.85]0.242(n=5863) [0.85-0.95]0.171(n=509) [0.95-1.00]0.143(n=22)
2026-04-30 09:55:43,602 - INFO - [cond] cfg_signal=0.0574 (min=0.0402 max=0.0745, n=16) | class_signal=0.0681 (min=0.0420 max=0.0924, n=16) | pred_rms=0.9702
2026-04-30 09:55:51,520 - INFO - [validation] saved: output/jit_B8_c11_20260430_033542/dit_validation/epoch_044_step_0044000_class041.png (class=41, sampler=heun, steps=100)
2026-04-30 09:55:52,674 - INFO - [overrides] applied from jit/configs/overrides.yaml: lr_scale=1.0 max_grad_norm=5.0 null_repel_weight=0.0 P_mean=0.0
2026-04-30 09:55:52,771 - INFO - [render-loss] step=44000 kept 27/64 samples (t_value >= 0.50)
2026-04-30 09:57:47,629 - INFO - Step   44200 | Epoch  44 | MSE: 0.3291 | Steps/sec: 1.61 | LR: 1.78e-04 | Render_L1: 0.0300 | Alpha_L1: 0.0422 | Render_LPIPS: 0.2002 | cos(c,null): +0.0971 | GradNorm: 0.0418 | MSE/t: [0.00-0.50]0.424(n=6423) [0.50-0.85]0.239(n=5841) [0.85-0.95]0.170(n=508) [0.95-1.00]0.157(n=28)
2026-04-30 09:57:47,731 - INFO - [render-loss] step=44200 kept 33/64 samples (t_value >= 0.50)
2026-04-30 09:59:42,971 - INFO - Step   44400 | Epoch  44 | MSE: 0.3314 | Steps/sec: 1.73 | LR: 1.78e-04 | Render_L1: 0.0301 | Alpha_L1: 0.0431 | Render_LPIPS: 0.2016 | cos(c,null): +0.0960 | GradNorm: 0.0415 | MSE/t: [0.00-0.50]0.429(n=6372) [0.50-0.85]0.240(n=5835) [0.85-0.95]0.175(n=564) [0.95-1.00]0.167(n=29)
2026-04-30 09:59:43,073 - INFO - [render-loss] step=44400 kept 41/64 samples (t_value >= 0.50)
2026-04-30 10:01:38,536 - INFO - Step   44600 | Epoch  44 | MSE: 0.3279 | Steps/sec: 1.73 | LR: 1.78e-04 | Render_L1: 0.0298 | Alpha_L1: 0.0424 | Render_LPIPS: 0.1997 | cos(c,null): +0.0975 | GradNorm: 0.0415 | MSE/t: [0.00-0.50]0.422(n=6332) [0.50-0.85]0.241(n=5943) [0.85-0.95]0.170(n=507) [0.95-1.00]0.174(n=18)
2026-04-30 10:01:38,637 - INFO - [render-loss] step=44600 kept 34/64 samples (t_value >= 0.50)
2026-04-30 10:03:33,986 - INFO - Step   44800 | Epoch  45 | MSE: 0.3292 | Steps/sec: 1.73 | LR: 1.78e-04 | Render_L1: 0.0297 | Alpha_L1: 0.0424 | Render_LPIPS: 0.1997 | cos(c,null): +0.0982 | GradNorm: 0.0414 | MSE/t: [0.00-0.50]0.423(n=6369) [0.50-0.85]0.242(n=5883) [0.85-0.95]0.174(n=528) [0.95-1.00]0.168(n=20)
2026-04-30 10:03:34,087 - INFO - [render-loss] step=44800 kept 37/64 samples (t_value >= 0.50)
2026-04-30 10:05:29,593 - INFO - Step   45000 | Epoch  45 | MSE: 0.3294 | Steps/sec: 1.73 | LR: 1.77e-04 | Render_L1: 0.0301 | Alpha_L1: 0.0425 | Render_LPIPS: 0.2011 | cos(c,null): +0.0986 | GradNorm: 0.0412 | MSE/t: [0.00-0.50]0.423(n=6301) [0.50-0.85]0.244(n=5980) [0.85-0.95]0.172(n=490) [0.95-1.00]0.183(n=29)
2026-04-30 10:05:29,804 - INFO - [cond] cfg_signal=0.0566 (min=0.0402 max=0.0788, n=16) | class_signal=0.0707 (min=0.0468 max=0.0928, n=16) | pred_rms=0.9489
2026-04-30 10:05:37,902 - INFO - [validation] saved: output/jit_B8_c11_20260430_033542/dit_validation/epoch_045_step_0045000_class059.png (class=59, sampler=heun, steps=100)
2026-04-30 10:05:39,061 - INFO - [overrides] applied from jit/configs/overrides.yaml: lr_scale=1.0 max_grad_norm=5.0 null_repel_weight=0.0 P_mean=0.0
2026-04-30 10:05:39,157 - INFO - [render-loss] step=45000 kept 22/64 samples (t_value >= 0.50)
2026-04-30 10:07:34,257 - INFO - Step   45200 | Epoch  45 | MSE: 0.3269 | Steps/sec: 1.61 | LR: 1.77e-04 | Render_L1: 0.0297 | Alpha_L1: 0.0425 | Render_LPIPS: 0.2003 | cos(c,null): +0.0997 | GradNorm: 0.0406 | MSE/t: [0.00-0.50]0.418(n=6449) [0.50-0.85]0.240(n=5844) [0.85-0.95]0.167(n=487) [0.95-1.00]0.162(n=20)
2026-04-30 10:07:34,359 - INFO - [render-loss] step=45200 kept 26/64 samples (t_value >= 0.50)
2026-04-30 10:09:29,273 - INFO - Step   45400 | Epoch  45 | MSE: 0.3305 | Steps/sec: 1.74 | LR: 1.77e-04 | Render_L1: 0.0296 | Alpha_L1: 0.0418 | Render_LPIPS: 0.1973 | cos(c,null): +0.0999 | GradNorm: 0.0424 | MSE/t: [0.00-0.50]0.423(n=6479) [0.50-0.85]0.242(n=5752) [0.85-0.95]0.170(n=547) [0.95-1.00]0.168(n=22)
2026-04-30 10:09:29,375 - INFO - [render-loss] step=45400 kept 30/64 samples (t_value >= 0.50)
2026-04-30 10:11:24,703 - INFO - Step   45600 | Epoch  45 | MSE: 0.3312 | Steps/sec: 1.73 | LR: 1.77e-04 | Render_L1: 0.0297 | Alpha_L1: 0.0417 | Render_LPIPS: 0.1988 | cos(c,null): +0.1015 | GradNorm: 0.0415 | MSE/t: [0.00-0.50]0.424(n=6445) [0.50-0.85]0.243(n=5843) [0.85-0.95]0.174(n=489) [0.95-1.00]0.161(n=23)
2026-04-30 10:11:24,804 - INFO - [render-loss] step=45600 kept 34/64 samples (t_value >= 0.50)
2026-04-30 10:13:19,967 - INFO - Step   45800 | Epoch  46 | MSE: 0.3292 | Steps/sec: 1.74 | LR: 1.77e-04 | Render_L1: 0.0293 | Alpha_L1: 0.0415 | Render_LPIPS: 0.1964 | cos(c,null): +0.1019 | GradNorm: 0.0427 | MSE/t: [0.00-0.50]0.421(n=6500) [0.50-0.85]0.241(n=5801) [0.85-0.95]0.166(n=474) [0.95-1.00]0.150(n=25)
2026-04-30 10:13:20,068 - INFO - [render-loss] step=45800 kept 28/64 samples (t_value >= 0.50)
2026-04-30 10:15:14,913 - INFO - Step   46000 | Epoch  46 | MSE: 0.3278 | Steps/sec: 1.74 | LR: 1.76e-04 | Render_L1: 0.0300 | Alpha_L1: 0.0422 | Render_LPIPS: 0.1990 | cos(c,null): +0.1019 | GradNorm: 0.0433 | MSE/t: [0.00-0.50]0.422(n=6389) [0.50-0.85]0.240(n=5927) [0.85-0.95]0.164(n=468) [0.95-1.00]0.130(n=16)
2026-04-30 10:15:15,125 - INFO - [cond] cfg_signal=0.0549 (min=0.0400 max=0.0764, n=16) | class_signal=0.0685 (min=0.0450 max=0.0895, n=16) | pred_rms=0.9669
2026-04-30 10:15:23,157 - INFO - [validation] saved: output/jit_B8_c11_20260430_033542/dit_validation/epoch_046_step_0046000_class050.png (class=50, sampler=heun, steps=100)
2026-04-30 10:15:24,316 - INFO - [overrides] applied from jit/configs/overrides.yaml: lr_scale=1.0 max_grad_norm=5.0 null_repel_weight=0.0 P_mean=0.0
2026-04-30 10:15:24,413 - INFO - [render-loss] step=46000 kept 34/64 samples (t_value >= 0.50)
2026-04-30 10:17:19,643 - INFO - Step   46200 | Epoch  46 | MSE: 0.3301 | Steps/sec: 1.61 | LR: 1.76e-04 | Render_L1: 0.0297 | Alpha_L1: 0.0422 | Render_LPIPS: 0.1982 | cos(c,null): +0.1015 | GradNorm: 0.0443 | MSE/t: [0.00-0.50]0.426(n=6350) [0.50-0.85]0.242(n=5891) [0.85-0.95]0.170(n=536) [0.95-1.00]0.168(n=23)
2026-04-30 10:17:19,746 - INFO - [render-loss] step=46200 kept 39/64 samples (t_value >= 0.50)
2026-04-30 10:19:16,274 - INFO - Step   46400 | Epoch  46 | MSE: 0.3324 | Steps/sec: 1.71 | LR: 1.76e-04 | Render_L1: 0.0297 | Alpha_L1: 0.0425 | Render_LPIPS: 0.1982 | cos(c,null): +0.1030 | GradNorm: 0.0441 | MSE/t: [0.00-0.50]0.428(n=6408) [0.50-0.85]0.242(n=5869) [0.85-0.95]0.170(n=501) [0.95-1.00]0.150(n=22)
2026-04-30 10:19:16,376 - INFO - [render-loss] step=46400 kept 32/64 samples (t_value >= 0.50)
2026-04-30 10:21:11,709 - INFO - Step   46600 | Epoch  46 | MSE: 0.3317 | Steps/sec: 1.73 | LR: 1.76e-04 | Render_L1: 0.0299 | Alpha_L1: 0.0423 | Render_LPIPS: 0.1989 | cos(c,null): +0.1040 | GradNorm: 0.0443 | MSE/t: [0.00-0.50]0.428(n=6380) [0.50-0.85]0.242(n=5892) [0.85-0.95]0.172(n=509) [0.95-1.00]0.174(n=19)
2026-04-30 10:21:11,811 - INFO - [render-loss] step=46600 kept 33/64 samples (t_value >= 0.50)
2026-04-30 10:23:06,863 - INFO - Step   46800 | Epoch  47 | MSE: 0.3308 | Steps/sec: 1.74 | LR: 1.76e-04 | Render_L1: 0.0293 | Alpha_L1: 0.0419 | Render_LPIPS: 0.1960 | cos(c,null): +0.1034 | GradNorm: 0.0454 | MSE/t: [0.00-0.50]0.430(n=6389) [0.50-0.85]0.239(n=5865) [0.85-0.95]0.163(n=537) [0.95-1.00]0.146(n=9)
2026-04-30 10:23:06,964 - INFO - [render-loss] step=46800 kept 30/64 samples (t_value >= 0.50)
2026-04-30 10:25:02,308 - INFO - Step   47000 | Epoch  47 | MSE: 0.3264 | Steps/sec: 1.73 | LR: 1.75e-04 | Render_L1: 0.0294 | Alpha_L1: 0.0416 | Render_LPIPS: 0.1954 | cos(c,null): +0.1032 | GradNorm: 0.0454 | MSE/t: [0.00-0.50]0.419(n=6436) [0.50-0.85]0.238(n=5863) [0.85-0.95]0.169(n=476) [0.95-1.00]0.161(n=25)
2026-04-30 10:25:02,520 - INFO - [cond] cfg_signal=0.0554 (min=0.0399 max=0.0735, n=16) | class_signal=0.0682 (min=0.0421 max=0.0913, n=16) | pred_rms=0.9354
2026-04-30 10:25:10,463 - INFO - [validation] saved: output/jit_B8_c11_20260430_033542/dit_validation/epoch_047_step_0047000_class090.png (class=90, sampler=heun, steps=100)
2026-04-30 10:25:11,620 - INFO - [overrides] applied from jit/configs/overrides.yaml: lr_scale=1.0 max_grad_norm=5.0 null_repel_weight=0.0 P_mean=0.0
2026-04-30 10:25:11,717 - INFO - [render-loss] step=47000 kept 30/64 samples (t_value >= 0.50)
2026-04-30 10:27:06,499 - INFO - Step   47200 | Epoch  47 | MSE: 0.3260 | Steps/sec: 1.61 | LR: 1.75e-04 | Render_L1: 0.0293 | Alpha_L1: 0.0415 | Render_LPIPS: 0.1954 | cos(c,null): +0.1017 | GradNorm: 0.0456 | MSE/t: [0.00-0.50]0.418(n=6428) [0.50-0.85]0.240(n=5832) [0.85-0.95]0.166(n=519) [0.95-1.00]0.168(n=21)
2026-04-30 10:27:06,601 - INFO - [render-loss] step=47200 kept 30/64 samples (t_value >= 0.50)
2026-04-30 10:29:01,631 - INFO - Step   47400 | Epoch  47 | MSE: 0.3280 | Steps/sec: 1.74 | LR: 1.75e-04 | Render_L1: 0.0294 | Alpha_L1: 0.0418 | Render_LPIPS: 0.1967 | cos(c,null): +0.1038 | GradNorm: 0.0449 | MSE/t: [0.00-0.50]0.421(n=6411) [0.50-0.85]0.240(n=5883) [0.85-0.95]0.169(n=487) [0.95-1.00]0.175(n=19)
2026-04-30 10:29:01,732 - INFO - [render-loss] step=47400 kept 30/64 samples (t_value >= 0.50)
2026-04-30 10:30:56,481 - INFO - Step   47600 | Epoch  47 | MSE: 0.3285 | Steps/sec: 1.74 | LR: 1.75e-04 | Render_L1: 0.0295 | Alpha_L1: 0.0418 | Render_LPIPS: 0.1967 | cos(c,null): +0.1051 | GradNorm: 0.0462 | MSE/t: [0.00-0.50]0.419(n=6527) [0.50-0.85]0.240(n=5717) [0.85-0.95]0.172(n=532) [0.95-1.00]0.153(n=24)
2026-04-30 10:30:56,583 - INFO - [render-loss] step=47600 kept 31/64 samples (t_value >= 0.50)
2026-04-30 10:32:51,532 - INFO - Step   47800 | Epoch  48 | MSE: 0.3321 | Steps/sec: 1.74 | LR: 1.75e-04 | Render_L1: 0.0287 | Alpha_L1: 0.0412 | Render_LPIPS: 0.1931 | cos(c,null): +0.1060 | GradNorm: 0.0457 | MSE/t: [0.00-0.50]0.428(n=6480) [0.50-0.85]0.240(n=5784) [0.85-0.95]0.168(n=522) [0.95-1.00]0.149(n=14)
2026-04-30 10:32:51,635 - INFO - [render-loss] step=47800 kept 28/64 samples (t_value >= 0.50)
2026-04-30 10:34:46,654 - INFO - Step   48000 | Epoch  48 | MSE: 0.3279 | Steps/sec: 1.74 | LR: 1.74e-04 | Render_L1: 0.0289 | Alpha_L1: 0.0414 | Render_LPIPS: 0.1944 | cos(c,null): +0.1069 | GradNorm: 0.0437 | MSE/t: [0.00-0.50]0.423(n=6362) [0.50-0.85]0.240(n=5916) [0.85-0.95]0.166(n=498) [0.95-1.00]0.163(n=24)
2026-04-30 10:34:46,866 - INFO - [cond] cfg_signal=0.0577 (min=0.0357 max=0.0787, n=16) | class_signal=0.0681 (min=0.0421 max=0.0902, n=16) | pred_rms=0.9609
2026-04-30 10:34:54,870 - INFO - [validation] saved: output/jit_B8_c11_20260430_033542/dit_validation/epoch_048_step_0048000_class059.png (class=59, sampler=heun, steps=100)
2026-04-30 10:34:56,048 - INFO - [overrides] applied from jit/configs/overrides.yaml: lr_scale=1.0 max_grad_norm=5.0 null_repel_weight=0.0 P_mean=0.0
2026-04-30 10:34:56,145 - INFO - [render-loss] step=48000 kept 33/64 samples (t_value >= 0.50)
2026-04-30 10:36:51,207 - INFO - Step   48200 | Epoch  48 | MSE: 0.3275 | Steps/sec: 1.61 | LR: 1.74e-04 | Render_L1: 0.0297 | Alpha_L1: 0.0416 | Render_LPIPS: 0.1952 | cos(c,null): +0.1083 | GradNorm: 0.0452 | MSE/t: [0.00-0.50]0.422(n=6373) [0.50-0.85]0.240(n=5873) [0.85-0.95]0.167(n=528) [0.95-1.00]0.167(n=26)
2026-04-30 10:36:51,308 - INFO - [render-loss] step=48200 kept 32/64 samples (t_value >= 0.50)
2026-04-30 10:38:46,358 - INFO - Step   48400 | Epoch  48 | MSE: 0.3325 | Steps/sec: 1.74 | LR: 1.74e-04 | Render_L1: 0.0292 | Alpha_L1: 0.0414 | Render_LPIPS: 0.1938 | cos(c,null): +0.1083 | GradNorm: 0.0471 | MSE/t: [0.00-0.50]0.428(n=6431) [0.50-0.85]0.242(n=5848) [0.85-0.95]0.169(n=498) [0.95-1.00]0.218(n=23)
2026-04-30 10:38:46,459 - INFO - [render-loss] step=48400 kept 32/64 samples (t_value >= 0.50)
2026-04-30 10:40:41,580 - INFO - Step   48600 | Epoch  48 | MSE: 0.3297 | Steps/sec: 1.74 | LR: 1.74e-04 | Render_L1: 0.0292 | Alpha_L1: 0.0416 | Render_LPIPS: 0.1941 | cos(c,null): +0.1074 | GradNorm: 0.0469 | MSE/t: [0.00-0.50]0.424(n=6458) [0.50-0.85]0.240(n=5789) [0.85-0.95]0.171(n=529) [0.95-1.00]0.156(n=24)
2026-04-30 10:40:41,681 - INFO - [render-loss] step=48600 kept 30/64 samples (t_value >= 0.50)
2026-04-30 10:42:37,083 - INFO - Step   48800 | Epoch  49 | MSE: 0.3299 | Steps/sec: 1.73 | LR: 1.73e-04 | Render_L1: 0.0290 | Alpha_L1: 0.0410 | Render_LPIPS: 0.1947 | cos(c,null): +0.1068 | GradNorm: 0.0458 | MSE/t: [0.00-0.50]0.423(n=6420) [0.50-0.85]0.242(n=5858) [0.85-0.95]0.170(n=510) [0.95-1.00]0.139(n=12)
2026-04-30 10:42:37,184 - INFO - [render-loss] step=48800 kept 31/64 samples (t_value >= 0.50)
2026-04-30 10:44:33,436 - INFO - Step   49000 | Epoch  49 | MSE: 0.3304 | Steps/sec: 1.72 | LR: 1.73e-04 | Render_L1: 0.0290 | Alpha_L1: 0.0412 | Render_LPIPS: 0.1939 | cos(c,null): +0.1073 | GradNorm: 0.0475 | MSE/t: [0.00-0.50]0.427(n=6313) [0.50-0.85]0.243(n=5960) [0.85-0.95]0.164(n=508) [0.95-1.00]0.156(n=19)
2026-04-30 10:44:33,646 - INFO - [cond] cfg_signal=0.0559 (min=0.0389 max=0.0744, n=16) | class_signal=0.0681 (min=0.0452 max=0.0882, n=16) | pred_rms=0.9605
2026-04-30 10:44:41,676 - INFO - [validation] saved: output/jit_B8_c11_20260430_033542/dit_validation/epoch_049_step_0049000_class040.png (class=40, sampler=heun, steps=100)
2026-04-30 10:44:42,876 - INFO - [overrides] applied from jit/configs/overrides.yaml: lr_scale=1.0 max_grad_norm=5.0 null_repel_weight=0.0 P_mean=0.0
2026-04-30 10:44:42,973 - INFO - [render-loss] step=49000 kept 34/64 samples (t_value >= 0.50)
2026-04-30 10:46:37,901 - INFO - Step   49200 | Epoch  49 | MSE: 0.3287 | Steps/sec: 1.61 | LR: 1.73e-04 | Render_L1: 0.0290 | Alpha_L1: 0.0410 | Render_LPIPS: 0.1929 | cos(c,null): +0.1071 | GradNorm: 0.0466 | MSE/t: [0.00-0.50]0.424(n=6377) [0.50-0.85]0.239(n=5921) [0.85-0.95]0.178(n=489) [0.95-1.00]0.171(n=13)
2026-04-30 10:46:38,004 - INFO - [render-loss] step=49200 kept 33/64 samples (t_value >= 0.50)
2026-04-30 10:48:33,811 - INFO - Step   49400 | Epoch  49 | MSE: 0.3311 | Steps/sec: 1.73 | LR: 1.73e-04 | Render_L1: 0.0292 | Alpha_L1: 0.0415 | Render_LPIPS: 0.1941 | cos(c,null): +0.1062 | GradNorm: 0.0486 | MSE/t: [0.00-0.50]0.427(n=6428) [0.50-0.85]0.240(n=5845) [0.85-0.95]0.170(n=505) [0.95-1.00]0.175(n=22)
2026-04-30 10:48:33,913 - INFO - [render-loss] step=49400 kept 40/64 samples (t_value >= 0.50)
2026-04-30 10:50:29,254 - INFO - Step   49600 | Epoch  49 | MSE: 0.3274 | Steps/sec: 1.73 | LR: 1.73e-04 | Render_L1: 0.0286 | Alpha_L1: 0.0400 | Render_LPIPS: 0.1914 | cos(c,null): +0.1073 | GradNorm: 0.0480 | MSE/t: [0.00-0.50]0.421(n=6384) [0.50-0.85]0.240(n=5915) [0.85-0.95]0.166(n=484) [0.95-1.00]0.164(n=17)
2026-04-30 10:50:29,355 - INFO - [render-loss] step=49600 kept 30/64 samples (t_value >= 0.50)
2026-04-30 10:52:24,795 - INFO - Step   49800 | Epoch  50 | MSE: 0.3280 | Steps/sec: 1.73 | LR: 1.72e-04 | Render_L1: 0.0287 | Alpha_L1: 0.0410 | Render_LPIPS: 0.1922 | cos(c,null): +0.1081 | GradNorm: 0.0509 | MSE/t: [0.00-0.50]0.421(n=6404) [0.50-0.85]0.241(n=5849) [0.85-0.95]0.171(n=528) [0.95-1.00]0.155(n=19)
2026-04-30 10:52:24,897 - INFO - [render-loss] step=49800 kept 37/64 samples (t_value >= 0.50)
2026-04-30 10:54:19,632 - INFO - Step   50000 | Epoch  50 | MSE: 0.3301 | Steps/sec: 1.74 | LR: 1.72e-04 | Render_L1: 0.0287 | Alpha_L1: 0.0407 | Render_LPIPS: 0.1930 | cos(c,null): +0.1096 | GradNorm: 0.0481 | MSE/t: [0.00-0.50]0.424(n=6456) [0.50-0.85]0.239(n=5834) [0.85-0.95]0.184(n=481) [0.95-1.00]0.196(n=29)
2026-04-30 10:54:19,845 - INFO - [cond] cfg_signal=0.0556 (min=0.0369 max=0.0814, n=16) | class_signal=0.0690 (min=0.0439 max=0.0874, n=16) | pred_rms=0.9317
2026-04-30 10:54:27,876 - INFO - [validation] saved: output/jit_B8_c11_20260430_033542/dit_validation/epoch_050_step_0050000_class069.png (class=69, sampler=heun, steps=100)
2026-04-30 10:54:29,070 - INFO - [overrides] applied from jit/configs/overrides.yaml: lr_scale=1.0 max_grad_norm=5.0 null_repel_weight=0.0 P_mean=0.0
2026-04-30 10:54:29,167 - INFO - [render-loss] step=50000 kept 34/64 samples (t_value >= 0.50)
2026-04-30 10:56:24,844 - INFO - Step   50200 | Epoch  50 | MSE: 0.3307 | Steps/sec: 1.60 | LR: 1.72e-04 | Render_L1: 0.0289 | Alpha_L1: 0.0408 | Render_LPIPS: 0.1924 | cos(c,null): +0.1109 | GradNorm: 0.0486 | MSE/t: [0.00-0.50]0.427(n=6349) [0.50-0.85]0.242(n=5944) [0.85-0.95]0.165(n=495) [0.95-1.00]0.175(n=12)
2026-04-30 10:56:24,946 - INFO - [render-loss] step=50200 kept 31/64 samples (t_value >= 0.50)
2026-04-30 10:58:20,102 - INFO - Step   50400 | Epoch  50 | MSE: 0.3296 | Steps/sec: 1.74 | LR: 1.72e-04 | Render_L1: 0.0290 | Alpha_L1: 0.0411 | Render_LPIPS: 0.1929 | cos(c,null): +0.1116 | GradNorm: 0.0481 | MSE/t: [0.00-0.50]0.423(n=6431) [0.50-0.85]0.240(n=5847) [0.85-0.95]0.181(n=502) [0.95-1.00]0.166(n=20)
2026-04-30 10:58:20,204 - INFO - [render-loss] step=50400 kept 29/64 samples (t_value >= 0.50)
2026-04-30 11:00:14,968 - INFO - Step   50600 | Epoch  50 | MSE: 0.3288 | Steps/sec: 1.74 | LR: 1.72e-04 | Render_L1: 0.0291 | Alpha_L1: 0.0410 | Render_LPIPS: 0.1922 | cos(c,null): +0.1109 | GradNorm: 0.0485 | MSE/t: [0.00-0.50]0.421(n=6459) [0.50-0.85]0.241(n=5787) [0.85-0.95]0.175(n=533) [0.95-1.00]0.190(n=21)
2026-04-30 11:00:15,070 - INFO - [render-loss] step=50600 kept 32/64 samples (t_value >= 0.50)
2026-04-30 11:02:10,065 - INFO - Step   50800 | Epoch  51 | MSE: 0.3273 | Steps/sec: 1.74 | LR: 1.71e-04 | Render_L1: 0.0292 | Alpha_L1: 0.0412 | Render_LPIPS: 0.1926 | cos(c,null): +0.1104 | GradNorm: 0.0503 | MSE/t: [0.00-0.50]0.420(n=6404) [0.50-0.85]0.240(n=5887) [0.85-0.95]0.173(n=490) [0.95-1.00]0.174(n=19)
2026-04-30 11:02:10,168 - INFO - [render-loss] step=50800 kept 32/64 samples (t_value >= 0.50)
2026-04-30 11:04:05,450 - INFO - Step   51000 | Epoch  51 | MSE: 0.3294 | Steps/sec: 1.73 | LR: 1.71e-04 | Render_L1: 0.0289 | Alpha_L1: 0.0405 | Render_LPIPS: 0.1917 | cos(c,null): +0.1099 | GradNorm: 0.0508 | MSE/t: [0.00-0.50]0.422(n=6375) [0.50-0.85]0.244(n=5862) [0.85-0.95]0.175(n=546) [0.95-1.00]0.152(n=17)
2026-04-30 11:04:05,664 - INFO - [cond] cfg_signal=0.0585 (min=0.0410 max=0.0841, n=16) | class_signal=0.0722 (min=0.0457 max=0.0931, n=16) | pred_rms=0.9714
2026-04-30 11:04:13,657 - INFO - [validation] saved: output/jit_B8_c11_20260430_033542/dit_validation/epoch_051_step_0051000_class030.png (class=30, sampler=heun, steps=100)
2026-04-30 11:04:14,848 - INFO - [overrides] applied from jit/configs/overrides.yaml: lr_scale=1.0 max_grad_norm=5.0 null_repel_weight=0.0 P_mean=0.0
2026-04-30 11:04:14,944 - INFO - [render-loss] step=51000 kept 29/64 samples (t_value >= 0.50)
2026-04-30 11:06:09,861 - INFO - Step   51200 | Epoch  51 | MSE: 0.3290 | Steps/sec: 1.61 | LR: 1.71e-04 | Render_L1: 0.0288 | Alpha_L1: 0.0411 | Render_LPIPS: 0.1913 | cos(c,null): +0.1121 | GradNorm: 0.0506 | MSE/t: [0.00-0.50]0.424(n=6409) [0.50-0.85]0.241(n=5839) [0.85-0.95]0.163(n=527) [0.95-1.00]0.157(n=25)
2026-04-30 11:06:09,963 - INFO - [render-loss] step=51200 kept 32/64 samples (t_value >= 0.50)
2026-04-30 11:08:05,182 - INFO - Step   51400 | Epoch  51 | MSE: 0.3288 | Steps/sec: 1.73 | LR: 1.71e-04 | Render_L1: 0.0286 | Alpha_L1: 0.0402 | Render_LPIPS: 0.1904 | cos(c,null): +0.1124 | GradNorm: 0.0488 | MSE/t: [0.00-0.50]0.423(n=6378) [0.50-0.85]0.241(n=5897) [0.85-0.95]0.170(n=503) [0.95-1.00]0.184(n=22)
2026-04-30 11:08:05,284 - INFO - [render-loss] step=51400 kept 32/64 samples (t_value >= 0.50)
2026-04-30 11:10:01,339 - INFO - Step   51600 | Epoch  51 | MSE: 0.3315 | Steps/sec: 1.72 | LR: 1.70e-04 | Render_L1: 0.0289 | Alpha_L1: 0.0407 | Render_LPIPS: 0.1922 | cos(c,null): +0.1121 | GradNorm: 0.0505 | MSE/t: [0.00-0.50]0.425(n=6432) [0.50-0.85]0.243(n=5813) [0.85-0.95]0.177(n=538) [0.95-1.00]0.156(n=17)
2026-04-30 11:10:01,442 - INFO - [render-loss] step=51600 kept 34/64 samples (t_value >= 0.50)
2026-04-30 11:11:56,688 - INFO - Step   51800 | Epoch  52 | MSE: 0.3277 | Steps/sec: 1.73 | LR: 1.70e-04 | Render_L1: 0.0287 | Alpha_L1: 0.0399 | Render_LPIPS: 0.1907 | cos(c,null): +0.1126 | GradNorm: 0.0492 | MSE/t: [0.00-0.50]0.421(n=6374) [0.50-0.85]0.241(n=5949) [0.85-0.95]0.165(n=459) [0.95-1.00]0.155(n=18)
2026-04-30 11:11:56,790 - INFO - [render-loss] step=51800 kept 29/64 samples (t_value >= 0.50)
2026-04-30 11:13:52,172 - INFO - Step   52000 | Epoch  52 | MSE: 0.3265 | Steps/sec: 1.73 | LR: 1.70e-04 | Render_L1: 0.0291 | Alpha_L1: 0.0409 | Render_LPIPS: 0.1913 | cos(c,null): +0.1132 | GradNorm: 0.0513 | MSE/t: [0.00-0.50]0.418(n=6315) [0.50-0.85]0.243(n=5947) [0.85-0.95]0.175(n=522) [0.95-1.00]0.179(n=16)
2026-04-30 11:13:52,384 - INFO - [cond] cfg_signal=0.0550 (min=0.0400 max=0.0837, n=16) | class_signal=0.0683 (min=0.0435 max=0.0850, n=16) | pred_rms=0.9566
2026-04-30 11:14:00,367 - INFO - [validation] saved: output/jit_B8_c11_20260430_033542/dit_validation/epoch_052_step_0052000_class058.png (class=58, sampler=heun, steps=100)
2026-04-30 11:14:01,555 - INFO - [overrides] applied from jit/configs/overrides.yaml: lr_scale=1.0 max_grad_norm=5.0 null_repel_weight=0.0 P_mean=0.0
2026-04-30 11:14:01,652 - INFO - [render-loss] step=52000 kept 34/64 samples (t_value >= 0.50)
2026-04-30 11:15:56,560 - INFO - Step   52200 | Epoch  52 | MSE: 0.3288 | Steps/sec: 1.61 | LR: 1.70e-04 | Render_L1: 0.0283 | Alpha_L1: 0.0396 | Render_LPIPS: 0.1889 | cos(c,null): +0.1134 | GradNorm: 0.0497 | MSE/t: [0.00-0.50]0.422(n=6443) [0.50-0.85]0.239(n=5853) [0.85-0.95]0.173(n=486) [0.95-1.00]0.141(n=18)
2026-04-30 11:15:56,662 - INFO - [render-loss] step=52200 kept 28/64 samples (t_value >= 0.50)
2026-04-30 11:17:52,109 - INFO - Step   52400 | Epoch  52 | MSE: 0.3329 | Steps/sec: 1.73 | LR: 1.70e-04 | Render_L1: 0.0284 | Alpha_L1: 0.0393 | Render_LPIPS: 0.1889 | cos(c,null): +0.1137 | GradNorm: 0.0505 | MSE/t: [0.00-0.50]0.432(n=6402) [0.50-0.85]0.240(n=5817) [0.85-0.95]0.173(n=558) [0.95-1.00]0.138(n=23)
2026-04-30 11:17:52,211 - INFO - [render-loss] step=52400 kept 35/64 samples (t_value >= 0.50)
2026-04-30 11:19:47,415 - INFO - Step   52600 | Epoch  52 | MSE: 0.3261 | Steps/sec: 1.73 | LR: 1.69e-04 | Render_L1: 0.0284 | Alpha_L1: 0.0398 | Render_LPIPS: 0.1888 | cos(c,null): +0.1148 | GradNorm: 0.0503 | MSE/t: [0.00-0.50]0.420(n=6366) [0.50-0.85]0.239(n=5863) [0.85-0.95]0.173(n=550) [0.95-1.00]0.176(n=21)
2026-04-30 11:19:47,516 - INFO - [render-loss] step=52600 kept 34/64 samples (t_value >= 0.50)
2026-04-30 11:21:42,580 - INFO - Step   52800 | Epoch  53 | MSE: 0.3275 | Steps/sec: 1.74 | LR: 1.69e-04 | Render_L1: 0.0291 | Alpha_L1: 0.0407 | Render_LPIPS: 0.1915 | cos(c,null): +0.1159 | GradNorm: 0.0531 | MSE/t: [0.00-0.50]0.417(n=6460) [0.50-0.85]0.242(n=5822) [0.85-0.95]0.166(n=501) [0.95-1.00]0.165(n=17)
2026-04-30 11:21:42,683 - INFO - [render-loss] step=52800 kept 31/64 samples (t_value >= 0.50)
2026-04-30 11:23:37,360 - INFO - Step   53000 | Epoch  53 | MSE: 0.3319 | Steps/sec: 1.74 | LR: 1.69e-04 | Render_L1: 0.0288 | Alpha_L1: 0.0405 | Render_LPIPS: 0.1894 | cos(c,null): +0.1159 | GradNorm: 0.0524 | MSE/t: [0.00-0.50]0.427(n=6497) [0.50-0.85]0.240(n=5800) [0.85-0.95]0.163(n=484) [0.95-1.00]0.158(n=19)
2026-04-30 11:23:37,574 - INFO - [cond] cfg_signal=0.0550 (min=0.0379 max=0.0797, n=16) | class_signal=0.0701 (min=0.0400 max=0.0917, n=16) | pred_rms=0.9271
2026-04-30 11:23:45,521 - INFO - [validation] saved: output/jit_B8_c11_20260430_033542/dit_validation/epoch_053_step_0053000_class007.png (class=7, sampler=heun, steps=100)
2026-04-30 11:23:46,727 - INFO - [overrides] applied from jit/configs/overrides.yaml: lr_scale=1.0 max_grad_norm=5.0 null_repel_weight=0.0 P_mean=0.0
2026-04-30 11:23:46,825 - INFO - [render-loss] step=53000 kept 30/64 samples (t_value >= 0.50)
2026-04-30 11:25:42,199 - INFO - Step   53200 | Epoch  53 | MSE: 0.3301 | Steps/sec: 1.60 | LR: 1.69e-04 | Render_L1: 0.0287 | Alpha_L1: 0.0398 | Render_LPIPS: 0.1892 | cos(c,null): +0.1167 | GradNorm: 0.0572 | MSE/t: [0.00-0.50]0.425(n=6402) [0.50-0.85]0.241(n=5847) [0.85-0.95]0.179(n=535) [0.95-1.00]0.161(n=16)
2026-04-30 11:25:42,302 - INFO - [render-loss] step=53200 kept 30/64 samples (t_value >= 0.50)
2026-04-30 11:27:37,482 - INFO - Step   53400 | Epoch  53 | MSE: 0.3279 | Steps/sec: 1.73 | LR: 1.68e-04 | Render_L1: 0.0285 | Alpha_L1: 0.0395 | Render_LPIPS: 0.1887 | cos(c,null): +0.1175 | GradNorm: 0.0521 | MSE/t: [0.00-0.50]0.419(n=6373) [0.50-0.85]0.243(n=5915) [0.85-0.95]0.171(n=486) [0.95-1.00]0.172(n=26)
2026-04-30 11:27:37,584 - INFO - [render-loss] step=53400 kept 39/64 samples (t_value >= 0.50)
2026-04-30 11:29:33,141 - INFO - Step   53600 | Epoch  53 | MSE: 0.3300 | Steps/sec: 1.73 | LR: 1.68e-04 | Render_L1: 0.0283 | Alpha_L1: 0.0396 | Render_LPIPS: 0.1884 | cos(c,null): +0.1187 | GradNorm: 0.0517 | MSE/t: [0.00-0.50]0.425(n=6405) [0.50-0.85]0.241(n=5864) [0.85-0.95]0.167(n=518) [0.95-1.00]0.148(n=13)
2026-04-30 11:29:33,244 - INFO - [render-loss] step=53600 kept 39/64 samples (t_value >= 0.50)
2026-04-30 11:31:28,860 - INFO - Step   53800 | Epoch  54 | MSE: 0.3289 | Steps/sec: 1.73 | LR: 1.68e-04 | Render_L1: 0.0285 | Alpha_L1: 0.0402 | Render_LPIPS: 0.1896 | cos(c,null): +0.1191 | GradNorm: 0.0554 | MSE/t: [0.00-0.50]0.424(n=6341) [0.50-0.85]0.242(n=5905) [0.85-0.95]0.173(n=536) [0.95-1.00]0.206(n=18)
2026-04-30 11:31:28,962 - INFO - [render-loss] step=53800 kept 42/64 samples (t_value >= 0.50)
2026-04-30 11:33:24,231 - INFO - Step   54000 | Epoch  54 | MSE: 0.3263 | Steps/sec: 1.73 | LR: 1.68e-04 | Render_L1: 0.0281 | Alpha_L1: 0.0393 | Render_LPIPS: 0.1862 | cos(c,null): +0.1187 | GradNorm: 0.0533 | MSE/t: [0.00-0.50]0.419(n=6388) [0.50-0.85]0.240(n=5881) [0.85-0.95]0.168(n=505) [0.95-1.00]0.166(n=26)
2026-04-30 11:33:24,442 - INFO - [cond] cfg_signal=0.0587 (min=0.0390 max=0.0868, n=16) | class_signal=0.0711 (min=0.0422 max=0.0908, n=16) | pred_rms=0.9600
2026-04-30 11:33:32,467 - INFO - [validation] saved: output/jit_B8_c11_20260430_033542/dit_validation/epoch_054_step_0054000_class013.png (class=13, sampler=heun, steps=100)
2026-04-30 11:33:33,688 - INFO - [overrides] applied from jit/configs/overrides.yaml: lr_scale=1.0 max_grad_norm=5.0 null_repel_weight=0.0 P_mean=0.0
2026-04-30 11:33:33,785 - INFO - [render-loss] step=54000 kept 28/64 samples (t_value >= 0.50)
2026-04-30 11:35:29,962 - INFO - Step   54200 | Epoch  54 | MSE: 0.3271 | Steps/sec: 1.59 | LR: 1.68e-04 | Render_L1: 0.0283 | Alpha_L1: 0.0398 | Render_LPIPS: 0.1886 | cos(c,null): +0.1188 | GradNorm: 0.0530 | MSE/t: [0.00-0.50]0.421(n=6309) [0.50-0.85]0.241(n=5941) [0.85-0.95]0.173(n=530) [0.95-1.00]0.132(n=20)
2026-04-30 11:35:30,063 - INFO - [render-loss] step=54200 kept 29/64 samples (t_value >= 0.50)
2026-04-30 11:37:25,077 - INFO - Step   54400 | Epoch  54 | MSE: 0.3254 | Steps/sec: 1.74 | LR: 1.67e-04 | Render_L1: 0.0283 | Alpha_L1: 0.0396 | Render_LPIPS: 0.1872 | cos(c,null): +0.1193 | GradNorm: 0.0525 | MSE/t: [0.00-0.50]0.418(n=6351) [0.50-0.85]0.240(n=5939) [0.85-0.95]0.169(n=494) [0.95-1.00]0.137(n=16)
2026-04-30 11:37:25,179 - INFO - [render-loss] step=54400 kept 30/64 samples (t_value >= 0.50)
2026-04-30 11:39:20,562 - INFO - Step   54600 | Epoch  54 | MSE: 0.3261 | Steps/sec: 1.73 | LR: 1.67e-04 | Render_L1: 0.0282 | Alpha_L1: 0.0394 | Render_LPIPS: 0.1872 | cos(c,null): +0.1189 | GradNorm: 0.0569 | MSE/t: [0.00-0.50]0.418(n=6296) [0.50-0.85]0.243(n=5989) [0.85-0.95]0.171(n=493) [0.95-1.00]0.142(n=22)
2026-04-30 11:39:20,663 - INFO - [render-loss] step=54600 kept 32/64 samples (t_value >= 0.50)
2026-04-30 11:41:16,203 - INFO - Step   54800 | Epoch  55 | MSE: 0.3309 | Steps/sec: 1.73 | LR: 1.67e-04 | Render_L1: 0.0284 | Alpha_L1: 0.0397 | Render_LPIPS: 0.1868 | cos(c,null): +0.1206 | GradNorm: 0.0538 | MSE/t: [0.00-0.50]0.427(n=6374) [0.50-0.85]0.241(n=5899) [0.85-0.95]0.179(n=512) [0.95-1.00]0.157(n=15)
2026-04-30 11:41:16,305 - INFO - [render-loss] step=54800 kept 29/64 samples (t_value >= 0.50)
2026-04-30 11:43:11,143 - INFO - Step   55000 | Epoch  55 | MSE: 0.3286 | Steps/sec: 1.74 | LR: 1.67e-04 | Render_L1: 0.0284 | Alpha_L1: 0.0396 | Render_LPIPS: 0.1876 | cos(c,null): +0.1210 | GradNorm: 0.0540 | MSE/t: [0.00-0.50]0.421(n=6450) [0.50-0.85]0.240(n=5848) [0.85-0.95]0.174(n=485) [0.95-1.00]0.172(n=17)
2026-04-30 11:43:11,353 - INFO - [cond] cfg_signal=0.0556 (min=0.0372 max=0.0877, n=16) | class_signal=0.0689 (min=0.0406 max=0.0961, n=16) | pred_rms=0.9551
2026-04-30 11:43:19,407 - INFO - [validation] saved: output/jit_B8_c11_20260430_033542/dit_validation/epoch_055_step_0055000_class020.png (class=20, sampler=heun, steps=100)
2026-04-30 11:43:20,648 - INFO - [overrides] applied from jit/configs/overrides.yaml: lr_scale=1.0 max_grad_norm=5.0 null_repel_weight=0.0 P_mean=0.0
2026-04-30 11:43:20,745 - INFO - [render-loss] step=55000 kept 36/64 samples (t_value >= 0.50)
2026-04-30 11:45:15,696 - INFO - Step   55200 | Epoch  55 | MSE: 0.3300 | Steps/sec: 1.61 | LR: 1.66e-04 | Render_L1: 0.0278 | Alpha_L1: 0.0391 | Render_LPIPS: 0.1845 | cos(c,null): +0.1226 | GradNorm: 0.0604 | MSE/t: [0.00-0.50]0.426(n=6366) [0.50-0.85]0.240(n=5924) [0.85-0.95]0.176(n=493) [0.95-1.00]0.144(n=17)
2026-04-30 11:45:15,797 - INFO - [render-loss] step=55200 kept 35/64 samples (t_value >= 0.50)
2026-04-30 11:47:11,500 - INFO - Step   55400 | Epoch  55 | MSE: 0.3282 | Steps/sec: 1.73 | LR: 1.66e-04 | Render_L1: 0.0279 | Alpha_L1: 0.0393 | Render_LPIPS: 0.1869 | cos(c,null): +0.1228 | GradNorm: 0.0558 | MSE/t: [0.00-0.50]0.421(n=6449) [0.50-0.85]0.239(n=5858) [0.85-0.95]0.172(n=469) [0.95-1.00]0.141(n=24)
2026-04-30 11:47:11,601 - INFO - [render-loss] step=55400 kept 25/64 samples (t_value >= 0.50)
2026-04-30 11:49:06,982 - INFO - Step   55600 | Epoch  55 | MSE: 0.3317 | Steps/sec: 1.73 | LR: 1.66e-04 | Render_L1: 0.0283 | Alpha_L1: 0.0388 | Render_LPIPS: 0.1863 | cos(c,null): +0.1222 | GradNorm: 0.0549 | MSE/t: [0.00-0.50]0.428(n=6456) [0.50-0.85]0.239(n=5785) [0.85-0.95]0.173(n=539) [0.95-1.00]0.165(n=20)
2026-04-30 11:49:07,083 - INFO - [render-loss] step=55600 kept 28/64 samples (t_value >= 0.50)
2026-04-30 11:51:02,223 - INFO - Step   55800 | Epoch  56 | MSE: 0.3300 | Steps/sec: 1.74 | LR: 1.66e-04 | Render_L1: 0.0281 | Alpha_L1: 0.0393 | Render_LPIPS: 0.1874 | cos(c,null): +0.1217 | GradNorm: 0.0549 | MSE/t: [0.00-0.50]0.424(n=6412) [0.50-0.85]0.242(n=5845) [0.85-0.95]0.179(n=527) [0.95-1.00]0.184(n=16)
2026-04-30 11:51:02,324 - INFO - [render-loss] step=55800 kept 31/64 samples (t_value >= 0.50)
2026-04-30 11:52:57,516 - INFO - Step   56000 | Epoch  56 | MSE: 0.3266 | Steps/sec: 1.73 | LR: 1.66e-04 | Render_L1: 0.0281 | Alpha_L1: 0.0391 | Render_LPIPS: 0.1857 | cos(c,null): +0.1222 | GradNorm: 0.0555 | MSE/t: [0.00-0.50]0.419(n=6383) [0.50-0.85]0.241(n=5890) [0.85-0.95]0.173(n=508) [0.95-1.00]0.137(n=19)
2026-04-30 11:52:57,726 - INFO - [cond] cfg_signal=0.0619 (min=0.0420 max=0.0865, n=16) | class_signal=0.0743 (min=0.0432 max=0.0912, n=16) | pred_rms=0.9539
2026-04-30 11:53:05,632 - INFO - [validation] saved: output/jit_B8_c11_20260430_033542/dit_validation/epoch_056_step_0056000_class002.png (class=2, sampler=heun, steps=100)
2026-04-30 11:53:06,860 - INFO - [overrides] applied from jit/configs/overrides.yaml: lr_scale=1.0 max_grad_norm=5.0 null_repel_weight=0.0 P_mean=0.0
2026-04-30 11:53:06,956 - INFO - [render-loss] step=56000 kept 35/64 samples (t_value >= 0.50)
2026-04-30 11:55:02,349 - INFO - Step   56200 | Epoch  56 | MSE: 0.3280 | Steps/sec: 1.60 | LR: 1.65e-04 | Render_L1: 0.0282 | Alpha_L1: 0.0388 | Render_LPIPS: 0.1857 | cos(c,null): +0.1233 | GradNorm: 0.0554 | MSE/t: [0.00-0.50]0.421(n=6347) [0.50-0.85]0.242(n=5943) [0.85-0.95]0.166(n=488) [0.95-1.00]0.218(n=22)
2026-04-30 11:55:02,450 - INFO - [render-loss] step=56200 kept 29/64 samples (t_value >= 0.50)
2026-04-30 11:56:57,492 - INFO - Step   56400 | Epoch  56 | MSE: 0.3258 | Steps/sec: 1.74 | LR: 1.65e-04 | Render_L1: 0.0276 | Alpha_L1: 0.0390 | Render_LPIPS: 0.1847 | cos(c,null): +0.1243 | GradNorm: 0.0559 | MSE/t: [0.00-0.50]0.418(n=6378) [0.50-0.85]0.240(n=5862) [0.85-0.95]0.170(n=536) [0.95-1.00]0.207(n=24)
2026-04-30 11:56:57,593 - INFO - [render-loss] step=56400 kept 31/64 samples (t_value >= 0.50)
2026-04-30 11:58:52,982 - INFO - Step   56600 | Epoch  56 | MSE: 0.3271 | Steps/sec: 1.73 | LR: 1.65e-04 | Render_L1: 0.0278 | Alpha_L1: 0.0385 | Render_LPIPS: 0.1848 | cos(c,null): +0.1243 | GradNorm: 0.0555 | MSE/t: [0.00-0.50]0.420(n=6415) [0.50-0.85]0.240(n=5848) [0.85-0.95]0.171(n=517) [0.95-1.00]0.141(n=20)
2026-04-30 11:58:53,085 - INFO - [render-loss] step=56600 kept 36/64 samples (t_value >= 0.50)
2026-04-30 12:00:49,381 - INFO - Step   56800 | Epoch  57 | MSE: 0.3270 | Steps/sec: 1.72 | LR: 1.65e-04 | Render_L1: 0.0278 | Alpha_L1: 0.0387 | Render_LPIPS: 0.1841 | cos(c,null): +0.1248 | GradNorm: 0.0524 | MSE/t: [0.00-0.50]0.421(n=6388) [0.50-0.85]0.239(n=5861) [0.85-0.95]0.171(n=540) [0.95-1.00]0.161(n=11)
2026-04-30 12:00:49,482 - INFO - [render-loss] step=56800 kept 35/64 samples (t_value >= 0.50)
2026-04-30 12:02:44,735 - INFO - Step   57000 | Epoch  57 | MSE: 0.3280 | Steps/sec: 1.73 | LR: 1.64e-04 | Render_L1: 0.0272 | Alpha_L1: 0.0380 | Render_LPIPS: 0.1827 | cos(c,null): +0.1253 | GradNorm: 0.0557 | MSE/t: [0.00-0.50]0.423(n=6358) [0.50-0.85]0.240(n=5928) [0.85-0.95]0.170(n=495) [0.95-1.00]0.207(n=19)
2026-04-30 12:02:44,948 - INFO - [cond] cfg_signal=0.0561 (min=0.0383 max=0.0786, n=16) | class_signal=0.0702 (min=0.0419 max=0.0898, n=16) | pred_rms=0.9285
2026-04-30 12:02:52,940 - INFO - [validation] saved: output/jit_B8_c11_20260430_033542/dit_validation/epoch_057_step_0057000_class053.png (class=53, sampler=heun, steps=100)
2026-04-30 12:02:54,146 - INFO - [overrides] applied from jit/configs/overrides.yaml: lr_scale=1.0 max_grad_norm=5.0 null_repel_weight=0.0 P_mean=0.0
2026-04-30 12:02:54,242 - INFO - [render-loss] step=57000 kept 39/64 samples (t_value >= 0.50)
2026-04-30 12:04:49,177 - INFO - Step   57200 | Epoch  57 | MSE: 0.3257 | Steps/sec: 1.61 | LR: 1.64e-04 | Render_L1: 0.0276 | Alpha_L1: 0.0385 | Render_LPIPS: 0.1834 | cos(c,null): +0.1256 | GradNorm: 0.0567 | MSE/t: [0.00-0.50]0.420(n=6398) [0.50-0.85]0.237(n=5898) [0.85-0.95]0.167(n=485) [0.95-1.00]0.139(n=19)
2026-04-30 12:04:49,279 - INFO - [render-loss] step=57200 kept 27/64 samples (t_value >= 0.50)
2026-04-30 12:06:44,870 - INFO - Step   57400 | Epoch  57 | MSE: 0.3288 | Steps/sec: 1.73 | LR: 1.64e-04 | Render_L1: 0.0278 | Alpha_L1: 0.0391 | Render_LPIPS: 0.1849 | cos(c,null): +0.1253 | GradNorm: 0.0561 | MSE/t: [0.00-0.50]0.422(n=6372) [0.50-0.85]0.241(n=5921) [0.85-0.95]0.174(n=483) [0.95-1.00]0.164(n=24)
2026-04-30 12:06:44,972 - INFO - [render-loss] step=57400 kept 36/64 samples (t_value >= 0.50)
2026-04-30 12:08:40,550 - INFO - Step   57600 | Epoch  58 | MSE: 0.3303 | Steps/sec: 1.73 | LR: 1.64e-04 | Render_L1: 0.0280 | Alpha_L1: 0.0388 | Render_LPIPS: 0.1856 | cos(c,null): +0.1247 | GradNorm: 0.0565 | MSE/t: [0.00-0.50]0.422(n=6410) [0.50-0.85]0.244(n=5892) [0.85-0.95]0.173(n=475) [0.95-1.00]0.188(n=23)
2026-04-30 12:08:40,652 - INFO - [render-loss] step=57600 kept 37/64 samples (t_value >= 0.50)
2026-04-30 12:10:35,616 - INFO - Step   57800 | Epoch  58 | MSE: 0.3308 | Steps/sec: 1.74 | LR: 1.63e-04 | Render_L1: 0.0278 | Alpha_L1: 0.0390 | Render_LPIPS: 0.1839 | cos(c,null): +0.1261 | GradNorm: 0.0581 | MSE/t: [0.00-0.50]0.422(n=6548) [0.50-0.85]0.241(n=5747) [0.85-0.95]0.169(n=490) [0.95-1.00]0.200(n=15)
2026-04-30 12:10:35,718 - INFO - [render-loss] step=57800 kept 31/64 samples (t_value >= 0.50)
2026-04-30 12:12:31,311 - INFO - Step   58000 | Epoch  58 | MSE: 0.3292 | Steps/sec: 1.73 | LR: 1.63e-04 | Render_L1: 0.0281 | Alpha_L1: 0.0391 | Render_LPIPS: 0.1850 | cos(c,null): +0.1275 | GradNorm: 0.0568 | MSE/t: [0.00-0.50]0.424(n=6352) [0.50-0.85]0.241(n=5938) [0.85-0.95]0.176(n=496) [0.95-1.00]0.176(n=14)
2026-04-30 12:12:31,521 - INFO - [cond] cfg_signal=0.0562 (min=0.0385 max=0.0830, n=16) | class_signal=0.0686 (min=0.0401 max=0.0879, n=16) | pred_rms=0.9290
2026-04-30 12:12:39,473 - INFO - [validation] saved: output/jit_B8_c11_20260430_033542/dit_validation/epoch_058_step_0058000_class050.png (class=50, sampler=heun, steps=100)
2026-04-30 12:12:40,700 - INFO - [overrides] applied from jit/configs/overrides.yaml: lr_scale=1.0 max_grad_norm=5.0 null_repel_weight=0.0 P_mean=0.0
2026-04-30 12:12:40,797 - INFO - [render-loss] step=58000 kept 31/64 samples (t_value >= 0.50)
2026-04-30 12:14:36,311 - INFO - Step   58200 | Epoch  58 | MSE: 0.3260 | Steps/sec: 1.60 | LR: 1.63e-04 | Render_L1: 0.0273 | Alpha_L1: 0.0381 | Render_LPIPS: 0.1826 | cos(c,null): +0.1268 | GradNorm: 0.0570 | MSE/t: [0.00-0.50]0.419(n=6398) [0.50-0.85]0.239(n=5896) [0.85-0.95]0.164(n=487) [0.95-1.00]0.178(n=19)
2026-04-30 12:14:36,413 - INFO - [render-loss] step=58200 kept 31/64 samples (t_value >= 0.50)
2026-04-30 12:16:32,370 - INFO - Step   58400 | Epoch  58 | MSE: 0.3252 | Steps/sec: 1.72 | LR: 1.63e-04 | Render_L1: 0.0278 | Alpha_L1: 0.0386 | Render_LPIPS: 0.1834 | cos(c,null): +0.1270 | GradNorm: 0.0601 | MSE/t: [0.00-0.50]0.419(n=6366) [0.50-0.85]0.239(n=5906) [0.85-0.95]0.168(n=507) [0.95-1.00]0.147(n=21)
2026-04-30 12:16:32,473 - INFO - [render-loss] step=58400 kept 27/64 samples (t_value >= 0.50)
2026-04-30 12:18:27,822 - INFO - Step   58600 | Epoch  59 | MSE: 0.3267 | Steps/sec: 1.73 | LR: 1.62e-04 | Render_L1: 0.0275 | Alpha_L1: 0.0382 | Render_LPIPS: 0.1824 | cos(c,null): +0.1275 | GradNorm: 0.0575 | MSE/t: [0.00-0.50]0.419(n=6402) [0.50-0.85]0.240(n=5869) [0.85-0.95]0.178(n=501) [0.95-1.00]0.212(n=28)
2026-04-30 12:18:27,923 - INFO - [render-loss] step=58600 kept 29/64 samples (t_value >= 0.50)
2026-04-30 12:20:23,289 - INFO - Step   58800 | Epoch  59 | MSE: 0.3295 | Steps/sec: 1.73 | LR: 1.62e-04 | Render_L1: 0.0280 | Alpha_L1: 0.0387 | Render_LPIPS: 0.1837 | cos(c,null): +0.1273 | GradNorm: 0.0576 | MSE/t: [0.00-0.50]0.426(n=6398) [0.50-0.85]0.239(n=5860) [0.85-0.95]0.169(n=521) [0.95-1.00]0.170(n=21)
2026-04-30 12:20:23,391 - INFO - [render-loss] step=58800 kept 31/64 samples (t_value >= 0.50)
2026-04-30 12:22:18,561 - INFO - Step   59000 | Epoch  59 | MSE: 0.3314 | Steps/sec: 1.74 | LR: 1.62e-04 | Render_L1: 0.0277 | Alpha_L1: 0.0381 | Render_LPIPS: 0.1838 | cos(c,null): +0.1280 | GradNorm: 0.0567 | MSE/t: [0.00-0.50]0.426(n=6395) [0.50-0.85]0.242(n=5929) [0.85-0.95]0.170(n=446) [0.95-1.00]0.163(n=30)
2026-04-30 12:22:18,775 - INFO - [cond] cfg_signal=0.0571 (min=0.0374 max=0.0844, n=16) | class_signal=0.0718 (min=0.0407 max=0.0925, n=16) | pred_rms=0.9387
2026-04-30 12:22:26,783 - INFO - [validation] saved: output/jit_B8_c11_20260430_033542/dit_validation/epoch_059_step_0059000_class064.png (class=64, sampler=heun, steps=100)
2026-04-30 12:22:28,025 - INFO - [overrides] applied from jit/configs/overrides.yaml: lr_scale=1.0 max_grad_norm=5.0 null_repel_weight=0.0 P_mean=0.0
2026-04-30 12:22:28,123 - INFO - [render-loss] step=59000 kept 30/64 samples (t_value >= 0.50)
2026-04-30 12:24:23,614 - INFO - Step   59200 | Epoch  59 | MSE: 0.3231 | Steps/sec: 1.60 | LR: 1.62e-04 | Render_L1: 0.0274 | Alpha_L1: 0.0378 | Render_LPIPS: 0.1809 | cos(c,null): +0.1289 | GradNorm: 0.0564 | MSE/t: [0.00-0.50]0.418(n=6336) [0.50-0.85]0.235(n=5949) [0.85-0.95]0.163(n=495) [0.95-1.00]0.144(n=20)
2026-04-30 12:24:23,717 - INFO - [render-loss] step=59200 kept 37/64 samples (t_value >= 0.50)
2026-04-30 12:26:19,711 - INFO - Step   59400 | Epoch  59 | MSE: 0.3276 | Steps/sec: 1.72 | LR: 1.61e-04 | Render_L1: 0.0274 | Alpha_L1: 0.0377 | Render_LPIPS: 0.1812 | cos(c,null): +0.1295 | GradNorm: 0.0605 | MSE/t: [0.00-0.50]0.421(n=6388) [0.50-0.85]0.240(n=5887) [0.85-0.95]0.174(n=510) [0.95-1.00]0.168(n=15)
2026-04-30 12:26:19,812 - INFO - [render-loss] step=59400 kept 30/64 samples (t_value >= 0.50)
2026-04-30 12:28:15,370 - INFO - Step   59600 | Epoch  60 | MSE: 0.3274 | Steps/sec: 1.73 | LR: 1.61e-04 | Render_L1: 0.0276 | Alpha_L1: 0.0382 | Render_LPIPS: 0.1828 | cos(c,null): +0.1300 | GradNorm: 0.0621 | MSE/t: [0.00-0.50]0.419(n=6402) [0.50-0.85]0.241(n=5897) [0.85-0.95]0.172(n=483) [0.95-1.00]0.194(n=18)
2026-04-30 12:28:15,472 - INFO - [render-loss] step=59600 kept 31/64 samples (t_value >= 0.50)
2026-04-30 12:30:10,512 - INFO - Step   59800 | Epoch  60 | MSE: 0.3290 | Steps/sec: 1.74 | LR: 1.61e-04 | Render_L1: 0.0273 | Alpha_L1: 0.0382 | Render_LPIPS: 0.1822 | cos(c,null): +0.1298 | GradNorm: 0.0582 | MSE/t: [0.00-0.50]0.423(n=6402) [0.50-0.85]0.240(n=5891) [0.85-0.95]0.170(n=480) [0.95-1.00]0.161(n=27)
2026-04-30 12:30:10,614 - INFO - [render-loss] step=59800 kept 34/64 samples (t_value >= 0.50)
2026-04-30 12:32:06,216 - INFO - Step   60000 | Epoch  60 | MSE: 0.3274 | Steps/sec: 1.73 | LR: 1.61e-04 | Render_L1: 0.0275 | Alpha_L1: 0.0379 | Render_LPIPS: 0.1819 | cos(c,null): +0.1306 | GradNorm: 0.0615 | MSE/t: [0.00-0.50]0.426(n=6252) [0.50-0.85]0.239(n=5995) [0.85-0.95]0.171(n=534) [0.95-1.00]0.222(n=19)
2026-04-30 12:32:06,430 - INFO - [cond] cfg_signal=0.0581 (min=0.0409 max=0.0844, n=16) | class_signal=0.0731 (min=0.0448 max=0.0921, n=16) | pred_rms=0.9280
2026-04-30 12:32:08,245 - INFO - Saved checkpoint to output/jit_B8_c11_20260430_033542/0060000.pt
2026-04-30 12:32:08,456 - INFO - [cond] cfg_signal=0.0581 (min=0.0409 max=0.0844, n=16) | class_signal=0.0731 (min=0.0448 max=0.0921, n=16) | pred_rms=0.9280
2026-04-30 12:32:16,386 - INFO - [validation] saved: output/jit_B8_c11_20260430_033542/dit_validation/epoch_060_step_0060000_class017.png (class=17, sampler=heun, steps=100)
2026-04-30 12:32:17,622 - INFO - [overrides] applied from jit/configs/overrides.yaml: lr_scale=1.0 max_grad_norm=5.0 null_repel_weight=0.0 P_mean=0.0
2026-04-30 12:32:17,719 - INFO - [render-loss] step=60000 kept 32/64 samples (t_value >= 0.50)
2026-04-30 12:34:13,340 - INFO - Step   60200 | Epoch  60 | MSE: 0.3292 | Steps/sec: 1.58 | LR: 1.61e-04 | Render_L1: 0.0274 | Alpha_L1: 0.0378 | Render_LPIPS: 0.1816 | cos(c,null): +0.1315 | GradNorm: 0.0566 | MSE/t: [0.00-0.50]0.425(n=6420) [0.50-0.85]0.239(n=5851) [0.85-0.95]0.170(n=515) [0.95-1.00]0.140(n=14)
2026-04-30 12:34:13,442 - INFO - [render-loss] step=60200 kept 38/64 samples (t_value >= 0.50)
2026-04-30 12:36:08,663 - INFO - Step   60400 | Epoch  60 | MSE: 0.3262 | Steps/sec: 1.73 | LR: 1.60e-04 | Render_L1: 0.0271 | Alpha_L1: 0.0380 | Render_LPIPS: 0.1801 | cos(c,null): +0.1312 | GradNorm: 0.0595 | MSE/t: [0.00-0.50]0.420(n=6386) [0.50-0.85]0.238(n=5896) [0.85-0.95]0.172(n=500) [0.95-1.00]0.170(n=18)
2026-04-30 12:36:08,764 - INFO - [render-loss] step=60400 kept 34/64 samples (t_value >= 0.50)
2026-04-30 12:38:04,224 - INFO - Step   60600 | Epoch  61 | MSE: 0.3293 | Steps/sec: 1.73 | LR: 1.60e-04 | Render_L1: 0.0279 | Alpha_L1: 0.0388 | Render_LPIPS: 0.1842 | cos(c,null): +0.1315 | GradNorm: 0.0607 | MSE/t: [0.00-0.50]0.419(n=6457) [0.50-0.85]0.244(n=5806) [0.85-0.95]0.172(n=514) [0.95-1.00]0.183(n=23)
2026-04-30 12:38:04,325 - INFO - [render-loss] step=60600 kept 38/64 samples (t_value >= 0.50)
2026-04-30 12:39:59,463 - INFO - Step   60800 | Epoch  61 | MSE: 0.3303 | Steps/sec: 1.74 | LR: 1.60e-04 | Render_L1: 0.0274 | Alpha_L1: 0.0379 | Render_LPIPS: 0.1809 | cos(c,null): +0.1331 | GradNorm: 0.0585 | MSE/t: [0.00-0.50]0.429(n=6357) [0.50-0.85]0.239(n=5911) [0.85-0.95]0.167(n=514) [0.95-1.00]0.167(n=18)
2026-04-30 12:39:59,565 - INFO - [render-loss] step=60800 kept 27/64 samples (t_value >= 0.50)
2026-04-30 12:41:54,526 - INFO - Step   61000 | Epoch  61 | MSE: 0.3298 | Steps/sec: 1.74 | LR: 1.60e-04 | Render_L1: 0.0271 | Alpha_L1: 0.0375 | Render_LPIPS: 0.1798 | cos(c,null): +0.1341 | GradNorm: 0.0582 | MSE/t: [0.00-0.50]0.428(n=6378) [0.50-0.85]0.238(n=5907) [0.85-0.95]0.172(n=484) [0.95-1.00]0.178(n=31)
2026-04-30 12:41:54,739 - INFO - [cond] cfg_signal=0.0587 (min=0.0403 max=0.0863, n=16) | class_signal=0.0748 (min=0.0453 max=0.1010, n=16) | pred_rms=0.9369
2026-04-30 12:42:02,724 - INFO - [validation] saved: output/jit_B8_c11_20260430_033542/dit_validation/epoch_061_step_0061000_class058.png (class=58, sampler=heun, steps=100)
2026-04-30 12:42:03,965 - INFO - [overrides] applied from jit/configs/overrides.yaml: lr_scale=1.0 max_grad_norm=5.0 null_repel_weight=0.0 P_mean=0.0
2026-04-30 12:42:04,061 - INFO - [render-loss] step=61000 kept 28/64 samples (t_value >= 0.50)
2026-04-30 12:43:59,528 - INFO - Step   61200 | Epoch  61 | MSE: 0.3297 | Steps/sec: 1.60 | LR: 1.59e-04 | Render_L1: 0.0273 | Alpha_L1: 0.0378 | Render_LPIPS: 0.1814 | cos(c,null): +0.1331 | GradNorm: 0.0624 | MSE/t: [0.00-0.50]0.425(n=6430) [0.50-0.85]0.240(n=5852) [0.85-0.95]0.167(n=499) [0.95-1.00]0.176(n=19)
2026-04-30 12:43:59,631 - INFO - [render-loss] step=61200 kept 33/64 samples (t_value >= 0.50)
2026-04-30 12:45:54,912 - INFO - Step   61400 | Epoch  61 | MSE: 0.3308 | Steps/sec: 1.73 | LR: 1.59e-04 | Render_L1: 0.0277 | Alpha_L1: 0.0378 | Render_LPIPS: 0.1825 | cos(c,null): +0.1327 | GradNorm: 0.0609 | MSE/t: [0.00-0.50]0.424(n=6434) [0.50-0.85]0.242(n=5853) [0.85-0.95]0.172(n=491) [0.95-1.00]0.149(n=22)
2026-04-30 12:45:55,013 - INFO - [render-loss] step=61400 kept 35/64 samples (t_value >= 0.50)
2026-04-30 12:47:50,431 - INFO - Step   61600 | Epoch  62 | MSE: 0.3309 | Steps/sec: 1.73 | LR: 1.59e-04 | Render_L1: 0.0271 | Alpha_L1: 0.0373 | Render_LPIPS: 0.1789 | cos(c,null): +0.1331 | GradNorm: 0.0590 | MSE/t: [0.00-0.50]0.425(n=6516) [0.50-0.85]0.239(n=5795) [0.85-0.95]0.169(n=463) [0.95-1.00]0.166(n=26)
2026-04-30 12:47:50,532 - INFO - [render-loss] step=61600 kept 40/64 samples (t_value >= 0.50)
2026-04-30 12:49:45,496 - INFO - Step   61800 | Epoch  62 | MSE: 0.3309 | Steps/sec: 1.74 | LR: 1.59e-04 | Render_L1: 0.0273 | Alpha_L1: 0.0373 | Render_LPIPS: 0.1806 | cos(c,null): +0.1348 | GradNorm: 0.0591 | MSE/t: [0.00-0.50]0.426(n=6381) [0.50-0.85]0.241(n=5919) [0.85-0.95]0.178(n=472) [0.95-1.00]0.133(n=28)
2026-04-30 12:49:45,597 - INFO - [render-loss] step=61800 kept 30/64 samples (t_value >= 0.50)
2026-04-30 12:51:41,681 - INFO - Step   62000 | Epoch  62 | MSE: 0.3290 | Steps/sec: 1.72 | LR: 1.58e-04 | Render_L1: 0.0272 | Alpha_L1: 0.0382 | Render_LPIPS: 0.1808 | cos(c,null): +0.1342 | GradNorm: 0.0646 | MSE/t: [0.00-0.50]0.423(n=6353) [0.50-0.85]0.243(n=5928) [0.85-0.95]0.166(n=497) [0.95-1.00]0.161(n=22)
2026-04-30 12:51:41,892 - INFO - [cond] cfg_signal=0.0563 (min=0.0384 max=0.0851, n=16) | class_signal=0.0699 (min=0.0481 max=0.0901, n=16) | pred_rms=0.9189
2026-04-30 12:51:49,946 - INFO - [validation] saved: output/jit_B8_c11_20260430_033542/dit_validation/epoch_062_step_0062000_class005.png (class=5, sampler=heun, steps=100)
2026-04-30 12:51:51,143 - INFO - [overrides] applied from jit/configs/overrides.yaml: lr_scale=1.0 max_grad_norm=5.0 null_repel_weight=0.0 P_mean=0.0
2026-04-30 12:51:51,240 - INFO - [render-loss] step=62000 kept 37/64 samples (t_value >= 0.50)
2026-04-30 12:53:46,678 - INFO - Step   62200 | Epoch  62 | MSE: 0.3269 | Steps/sec: 1.60 | LR: 1.58e-04 | Render_L1: 0.0270 | Alpha_L1: 0.0376 | Render_LPIPS: 0.1803 | cos(c,null): +0.1341 | GradNorm: 0.0599 | MSE/t: [0.00-0.50]0.422(n=6371) [0.50-0.85]0.239(n=5857) [0.85-0.95]0.173(n=559) [0.95-1.00]0.148(n=13)
2026-04-30 12:53:46,780 - INFO - [render-loss] step=62200 kept 35/64 samples (t_value >= 0.50)
2026-04-30 12:55:42,127 - INFO - Step   62400 | Epoch  62 | MSE: 0.3297 | Steps/sec: 1.73 | LR: 1.58e-04 | Render_L1: 0.0273 | Alpha_L1: 0.0373 | Render_LPIPS: 0.1808 | cos(c,null): +0.1351 | GradNorm: 0.0597 | MSE/t: [0.00-0.50]0.426(n=6356) [0.50-0.85]0.241(n=5922) [0.85-0.95]0.168(n=497) [0.95-1.00]0.189(n=25)
2026-04-30 12:55:42,228 - INFO - [render-loss] step=62400 kept 29/64 samples (t_value >= 0.50)
2026-04-30 12:57:37,847 - INFO - Step   62600 | Epoch  63 | MSE: 0.3273 | Steps/sec: 1.73 | LR: 1.58e-04 | Render_L1: 0.0273 | Alpha_L1: 0.0375 | Render_LPIPS: 0.1805 | cos(c,null): +0.1347 | GradNorm: 0.0632 | MSE/t: [0.00-0.50]0.422(n=6324) [0.50-0.85]0.240(n=5972) [0.85-0.95]0.172(n=485) [0.95-1.00]0.165(n=19)
2026-04-30 12:57:37,948 - INFO - [render-loss] step=62600 kept 28/64 samples (t_value >= 0.50)
2026-04-30 12:59:32,797 - INFO - Step   62800 | Epoch  63 | MSE: 0.3296 | Steps/sec: 1.74 | LR: 1.57e-04 | Render_L1: 0.0271 | Alpha_L1: 0.0372 | Render_LPIPS: 0.1794 | cos(c,null): +0.1350 | GradNorm: 0.0631 | MSE/t: [0.00-0.50]0.423(n=6440) [0.50-0.85]0.241(n=5835) [0.85-0.95]0.167(n=499) [0.95-1.00]0.150(n=26)
2026-04-30 12:59:32,898 - INFO - [render-loss] step=62800 kept 26/64 samples (t_value >= 0.50)
2026-04-30 13:01:27,822 - INFO - Step   63000 | Epoch  63 | MSE: 0.3280 | Steps/sec: 1.74 | LR: 1.57e-04 | Render_L1: 0.0272 | Alpha_L1: 0.0369 | Render_LPIPS: 0.1794 | cos(c,null): +0.1346 | GradNorm: 0.0628 | MSE/t: [0.00-0.50]0.423(n=6435) [0.50-0.85]0.238(n=5815) [0.85-0.95]0.167(n=531) [0.95-1.00]0.154(n=19)
2026-04-30 13:01:28,034 - INFO - [cond] cfg_signal=0.0598 (min=0.0412 max=0.0882, n=16) | class_signal=0.0732 (min=0.0529 max=0.0918, n=16) | pred_rms=0.9442
2026-04-30 13:01:35,972 - INFO - [validation] saved: output/jit_B8_c11_20260430_033542/dit_validation/epoch_063_step_0063000_class075.png (class=75, sampler=heun, steps=100)
2026-04-30 13:01:37,161 - INFO - [overrides] applied from jit/configs/overrides.yaml: lr_scale=1.0 max_grad_norm=5.0 null_repel_weight=0.0 P_mean=0.0
2026-04-30 13:01:37,258 - INFO - [render-loss] step=63000 kept 27/64 samples (t_value >= 0.50)
2026-04-30 13:03:32,540 - INFO - Step   63200 | Epoch  63 | MSE: 0.3299 | Steps/sec: 1.61 | LR: 1.57e-04 | Render_L1: 0.0271 | Alpha_L1: 0.0373 | Render_LPIPS: 0.1799 | cos(c,null): +0.1357 | GradNorm: 0.0620 | MSE/t: [0.00-0.50]0.426(n=6400) [0.50-0.85]0.239(n=5837) [0.85-0.95]0.172(n=544) [0.95-1.00]0.133(n=19)
2026-04-30 13:03:32,641 - INFO - [render-loss] step=63200 kept 35/64 samples (t_value >= 0.50)
2026-04-30 13:05:27,981 - INFO - Step   63400 | Epoch  63 | MSE: 0.3252 | Steps/sec: 1.73 | LR: 1.57e-04 | Render_L1: 0.0272 | Alpha_L1: 0.0375 | Render_LPIPS: 0.1800 | cos(c,null): +0.1358 | GradNorm: 0.0641 | MSE/t: [0.00-0.50]0.418(n=6355) [0.50-0.85]0.240(n=5875) [0.85-0.95]0.175(n=548) [0.95-1.00]0.171(n=22)
2026-04-30 13:05:28,082 - INFO - [render-loss] step=63400 kept 32/64 samples (t_value >= 0.50)
2026-04-30 13:07:22,884 - INFO - Step   63600 | Epoch  64 | MSE: 0.3281 | Steps/sec: 1.74 | LR: 1.56e-04 | Render_L1: 0.0270 | Alpha_L1: 0.0369 | Render_LPIPS: 0.1792 | cos(c,null): +0.1361 | GradNorm: 0.0640 | MSE/t: [0.00-0.50]0.419(n=6514) [0.50-0.85]0.240(n=5759) [0.85-0.95]0.166(n=510) [0.95-1.00]0.149(n=17)
2026-04-30 13:07:22,987 - INFO - [render-loss] step=63600 kept 28/64 samples (t_value >= 0.50)
2026-04-30 13:09:18,447 - INFO - Step   63800 | Epoch  64 | MSE: 0.3277 | Steps/sec: 1.73 | LR: 1.56e-04 | Render_L1: 0.0269 | Alpha_L1: 0.0370 | Render_LPIPS: 0.1774 | cos(c,null): +0.1367 | GradNorm: 0.0622 | MSE/t: [0.00-0.50]0.425(n=6359) [0.50-0.85]0.237(n=5893) [0.85-0.95]0.169(n=523) [0.95-1.00]0.156(n=25)
2026-04-30 13:09:18,548 - INFO - [render-loss] step=63800 kept 36/64 samples (t_value >= 0.50)
2026-04-30 13:11:13,576 - INFO - Step   64000 | Epoch  64 | MSE: 0.3295 | Steps/sec: 1.74 | LR: 1.56e-04 | Render_L1: 0.0270 | Alpha_L1: 0.0368 | Render_LPIPS: 0.1784 | cos(c,null): +0.1368 | GradNorm: 0.0634 | MSE/t: [0.00-0.50]0.425(n=6360) [0.50-0.85]0.241(n=5952) [0.85-0.95]0.169(n=468) [0.95-1.00]0.152(n=20)
2026-04-30 13:11:13,786 - INFO - [cond] cfg_signal=0.0568 (min=0.0376 max=0.0801, n=16) | class_signal=0.0691 (min=0.0445 max=0.0873, n=16) | pred_rms=0.9314
2026-04-30 13:11:21,804 - INFO - [validation] saved: output/jit_B8_c11_20260430_033542/dit_validation/epoch_064_step_0064000_class095.png (class=95, sampler=heun, steps=100)
2026-04-30 13:11:22,998 - INFO - [overrides] applied from jit/configs/overrides.yaml: lr_scale=1.0 max_grad_norm=5.0 null_repel_weight=0.0 P_mean=0.0
2026-04-30 13:11:23,095 - INFO - [render-loss] step=64000 kept 30/64 samples (t_value >= 0.50)
2026-04-30 13:13:18,923 - INFO - Step   64200 | Epoch  64 | MSE: 0.3270 | Steps/sec: 1.60 | LR: 1.56e-04 | Render_L1: 0.0268 | Alpha_L1: 0.0367 | Render_LPIPS: 0.1785 | cos(c,null): +0.1364 | GradNorm: 0.0632 | MSE/t: [0.00-0.50]0.418(n=6475) [0.50-0.85]0.240(n=5814) [0.85-0.95]0.168(n=492) [0.95-1.00]0.143(n=19)
2026-04-30 13:13:19,025 - INFO - [render-loss] step=64200 kept 36/64 samples (t_value >= 0.50)
2026-04-30 13:15:14,695 - INFO - Step   64400 | Epoch  64 | MSE: 0.3272 | Steps/sec: 1.73 | LR: 1.55e-04 | Render_L1: 0.0268 | Alpha_L1: 0.0369 | Render_LPIPS: 0.1779 | cos(c,null): +0.1362 | GradNorm: 0.0631 | MSE/t: [0.00-0.50]0.424(n=6302) [0.50-0.85]0.239(n=5986) [0.85-0.95]0.167(n=495) [0.95-1.00]0.177(n=17)
2026-04-30 13:15:14,796 - INFO - [render-loss] step=64400 kept 36/64 samples (t_value >= 0.50)
2026-04-30 13:17:10,694 - INFO - Step   64600 | Epoch  65 | MSE: 0.3296 | Steps/sec: 1.72 | LR: 1.55e-04 | Render_L1: 0.0267 | Alpha_L1: 0.0372 | Render_LPIPS: 0.1781 | cos(c,null): +0.1384 | GradNorm: 0.0682 | MSE/t: [0.00-0.50]0.425(n=6419) [0.50-0.85]0.240(n=5865) [0.85-0.95]0.163(n=492) [0.95-1.00]0.179(n=24)
2026-04-30 13:17:10,795 - INFO - [render-loss] step=64600 kept 35/64 samples (t_value >= 0.50)
2026-04-30 13:19:05,895 - INFO - Step   64800 | Epoch  65 | MSE: 0.3295 | Steps/sec: 1.74 | LR: 1.55e-04 | Render_L1: 0.0270 | Alpha_L1: 0.0370 | Render_LPIPS: 0.1796 | cos(c,null): +0.1400 | GradNorm: 0.0671 | MSE/t: [0.00-0.50]0.421(n=6476) [0.50-0.85]0.242(n=5804) [0.85-0.95]0.175(n=505) [0.95-1.00]0.165(n=15)
2026-04-30 13:19:05,998 - INFO - [render-loss] step=64800 kept 32/64 samples (t_value >= 0.50)
2026-04-30 13:21:01,296 - INFO - Step   65000 | Epoch  65 | MSE: 0.3305 | Steps/sec: 1.73 | LR: 1.54e-04 | Render_L1: 0.0273 | Alpha_L1: 0.0372 | Render_LPIPS: 0.1791 | cos(c,null): +0.1404 | GradNorm: 0.0658 | MSE/t: [0.00-0.50]0.427(n=6416) [0.50-0.85]0.239(n=5878) [0.85-0.95]0.169(n=481) [0.95-1.00]0.198(n=25)
2026-04-30 13:21:01,508 - INFO - [cond] cfg_signal=0.0586 (min=0.0403 max=0.0808, n=16) | class_signal=0.0722 (min=0.0498 max=0.0901, n=16) | pred_rms=0.9486
2026-04-30 13:21:09,867 - INFO - [validation] saved: output/jit_B8_c11_20260430_033542/dit_validation/epoch_065_step_0065000_class005.png (class=5, sampler=heun, steps=100)
2026-04-30 13:21:11,066 - INFO - [overrides] applied from jit/configs/overrides.yaml: lr_scale=1.0 max_grad_norm=5.0 null_repel_weight=0.0 P_mean=0.0
2026-04-30 13:21:11,163 - INFO - [render-loss] step=65000 kept 23/64 samples (t_value >= 0.50)
2026-04-30 13:23:06,268 - INFO - Step   65200 | Epoch  65 | MSE: 0.3255 | Steps/sec: 1.60 | LR: 1.54e-04 | Render_L1: 0.0270 | Alpha_L1: 0.0372 | Render_LPIPS: 0.1783 | cos(c,null): +0.1403 | GradNorm: 0.0658 | MSE/t: [0.00-0.50]0.419(n=6349) [0.50-0.85]0.238(n=5878) [0.85-0.95]0.179(n=543) [0.95-1.00]0.179(n=30)
2026-04-30 13:23:06,369 - INFO - [render-loss] step=65200 kept 38/64 samples (t_value >= 0.50)
2026-04-30 13:25:01,385 - INFO - Step   65400 | Epoch  65 | MSE: 0.3281 | Steps/sec: 1.74 | LR: 1.54e-04 | Render_L1: 0.0269 | Alpha_L1: 0.0367 | Render_LPIPS: 0.1774 | cos(c,null): +0.1404 | GradNorm: 0.0647 | MSE/t: [0.00-0.50]0.422(n=6456) [0.50-0.85]0.239(n=5836) [0.85-0.95]0.170(n=486) [0.95-1.00]0.153(n=22)
2026-04-30 13:25:01,487 - INFO - [render-loss] step=65400 kept 34/64 samples (t_value >= 0.50)
2026-04-30 13:26:57,005 - INFO - Step   65600 | Epoch  66 | MSE: 0.3271 | Steps/sec: 1.73 | LR: 1.54e-04 | Render_L1: 0.0268 | Alpha_L1: 0.0364 | Render_LPIPS: 0.1771 | cos(c,null): +0.1417 | GradNorm: 0.0644 | MSE/t: [0.00-0.50]0.424(n=6343) [0.50-0.85]0.238(n=5881) [0.85-0.95]0.173(n=553) [0.95-1.00]0.150(n=23)
2026-04-30 13:26:57,107 - INFO - [render-loss] step=65600 kept 31/64 samples (t_value >= 0.50)
2026-04-30 13:28:52,115 - INFO - Step   65800 | Epoch  66 | MSE: 0.3297 | Steps/sec: 1.74 | LR: 1.53e-04 | Render_L1: 0.0269 | Alpha_L1: 0.0363 | Render_LPIPS: 0.1781 | cos(c,null): +0.1417 | GradNorm: 0.0619 | MSE/t: [0.00-0.50]0.424(n=6439) [0.50-0.85]0.240(n=5811) [0.85-0.95]0.176(n=528) [0.95-1.00]0.167(n=22)
2026-04-30 13:28:52,217 - INFO - [render-loss] step=65800 kept 25/64 samples (t_value >= 0.50)
2026-04-30 13:30:47,079 - INFO - Step   66000 | Epoch  66 | MSE: 0.3275 | Steps/sec: 1.74 | LR: 1.53e-04 | Render_L1: 0.0270 | Alpha_L1: 0.0369 | Render_LPIPS: 0.1791 | cos(c,null): +0.1406 | GradNorm: 0.0661 | MSE/t: [0.00-0.50]0.419(n=6424) [0.50-0.85]0.242(n=5857) [0.85-0.95]0.168(n=498) [0.95-1.00]0.138(n=21)
2026-04-30 13:30:47,291 - INFO - [cond] cfg_signal=0.0576 (min=0.0386 max=0.0800, n=16) | class_signal=0.0703 (min=0.0467 max=0.0904, n=16) | pred_rms=0.9514
2026-04-30 13:30:55,334 - INFO - [validation] saved: output/jit_B8_c11_20260430_033542/dit_validation/epoch_066_step_0066000_class070.png (class=70, sampler=heun, steps=100)
2026-04-30 13:30:56,529 - INFO - [overrides] applied from jit/configs/overrides.yaml: lr_scale=1.0 max_grad_norm=5.0 null_repel_weight=0.0 P_mean=0.0
2026-04-30 13:30:56,626 - INFO - [render-loss] step=66000 kept 39/64 samples (t_value >= 0.50)
2026-04-30 13:32:51,845 - INFO - Step   66200 | Epoch  66 | MSE: 0.3265 | Steps/sec: 1.61 | LR: 1.53e-04 | Render_L1: 0.0272 | Alpha_L1: 0.0373 | Render_LPIPS: 0.1791 | cos(c,null): +0.1408 | GradNorm: 0.0651 | MSE/t: [0.00-0.50]0.418(n=6323) [0.50-0.85]0.244(n=5913) [0.85-0.95]0.169(n=541) [0.95-1.00]0.138(n=23)
2026-04-30 13:32:51,947 - INFO - [render-loss] step=66200 kept 31/64 samples (t_value >= 0.50)
2026-04-30 13:34:46,828 - INFO - Step   66400 | Epoch  66 | MSE: 0.3289 | Steps/sec: 1.74 | LR: 1.53e-04 | Render_L1: 0.0264 | Alpha_L1: 0.0359 | Render_LPIPS: 0.1756 | cos(c,null): +0.1425 | GradNorm: 0.0648 | MSE/t: [0.00-0.50]0.423(n=6414) [0.50-0.85]0.240(n=5850) [0.85-0.95]0.172(n=520) [0.95-1.00]0.174(n=16)
2026-04-30 13:34:46,930 - INFO - [render-loss] step=66400 kept 23/64 samples (t_value >= 0.50)
2026-04-30 13:36:42,252 - INFO - Step   66600 | Epoch  67 | MSE: 0.3281 | Steps/sec: 1.73 | LR: 1.52e-04 | Render_L1: 0.0268 | Alpha_L1: 0.0371 | Render_LPIPS: 0.1770 | cos(c,null): +0.1436 | GradNorm: 0.0657 | MSE/t: [0.00-0.50]0.424(n=6378) [0.50-0.85]0.238(n=5899) [0.85-0.95]0.175(n=505) [0.95-1.00]0.165(n=18)
2026-04-30 13:36:42,354 - INFO - [render-loss] step=66600 kept 30/64 samples (t_value >= 0.50)
2026-04-30 13:38:37,433 - INFO - Step   66800 | Epoch  67 | MSE: 0.3334 | Steps/sec: 1.74 | LR: 1.52e-04 | Render_L1: 0.0263 | Alpha_L1: 0.0357 | Render_LPIPS: 0.1748 | cos(c,null): +0.1432 | GradNorm: 0.0652 | MSE/t: [0.00-0.50]0.429(n=6514) [0.50-0.85]0.240(n=5756) [0.85-0.95]0.167(n=516) [0.95-1.00]0.198(n=14)
2026-04-30 13:38:37,534 - INFO - [render-loss] step=66800 kept 29/64 samples (t_value >= 0.50)
2026-04-30 13:40:33,207 - INFO - Step   67000 | Epoch  67 | MSE: 0.3271 | Steps/sec: 1.73 | LR: 1.52e-04 | Render_L1: 0.0267 | Alpha_L1: 0.0363 | Render_LPIPS: 0.1758 | cos(c,null): +0.1438 | GradNorm: 0.0653 | MSE/t: [0.00-0.50]0.418(n=6465) [0.50-0.85]0.241(n=5797) [0.85-0.95]0.168(n=522) [0.95-1.00]0.154(n=16)
2026-04-30 13:40:33,418 - INFO - [cond] cfg_signal=0.0578 (min=0.0417 max=0.0839, n=16) | class_signal=0.0734 (min=0.0531 max=0.0989, n=16) | pred_rms=0.9585
2026-04-30 13:40:41,417 - INFO - [validation] saved: output/jit_B8_c11_20260430_033542/dit_validation/epoch_067_step_0067000_class055.png (class=55, sampler=heun, steps=100)
2026-04-30 13:40:42,634 - INFO - [overrides] applied from jit/configs/overrides.yaml: lr_scale=1.0 max_grad_norm=5.0 null_repel_weight=0.0 P_mean=0.0
2026-04-30 13:40:42,731 - INFO - [render-loss] step=67000 kept 31/64 samples (t_value >= 0.50)
2026-04-30 13:42:38,937 - INFO - Step   67200 | Epoch  67 | MSE: 0.3265 | Steps/sec: 1.59 | LR: 1.52e-04 | Render_L1: 0.0265 | Alpha_L1: 0.0360 | Render_LPIPS: 0.1765 | cos(c,null): +0.1448 | GradNorm: 0.0685 | MSE/t: [0.00-0.50]0.420(n=6388) [0.50-0.85]0.239(n=5868) [0.85-0.95]0.173(n=530) [0.95-1.00]0.183(n=14)
2026-04-30 13:42:39,038 - INFO - [render-loss] step=67200 kept 34/64 samples (t_value >= 0.50)
2026-04-30 13:44:34,748 - INFO - Step   67400 | Epoch  67 | MSE: 0.3288 | Steps/sec: 1.73 | LR: 1.51e-04 | Render_L1: 0.0271 | Alpha_L1: 0.0370 | Render_LPIPS: 0.1786 | cos(c,null): +0.1447 | GradNorm: 0.0661 | MSE/t: [0.00-0.50]0.427(n=6261) [0.50-0.85]0.241(n=5969) [0.85-0.95]0.170(n=555) [0.95-1.00]0.177(n=15)
2026-04-30 13:44:34,851 - INFO - [render-loss] step=67400 kept 36/64 samples (t_value >= 0.50)
2026-04-30 13:46:30,168 - INFO - Step   67600 | Epoch  68 | MSE: 0.3308 | Steps/sec: 1.73 | LR: 1.51e-04 | Render_L1: 0.0264 | Alpha_L1: 0.0366 | Render_LPIPS: 0.1757 | cos(c,null): +0.1453 | GradNorm: 0.0686 | MSE/t: [0.00-0.50]0.427(n=6475) [0.50-0.85]0.239(n=5812) [0.85-0.95]0.165(n=492) [0.95-1.00]0.146(n=21)
2026-04-30 13:46:30,270 - INFO - [render-loss] step=67600 kept 37/64 samples (t_value >= 0.50)
2026-04-30 13:48:25,599 - INFO - Step   67800 | Epoch  68 | MSE: 0.3299 | Steps/sec: 1.73 | LR: 1.51e-04 | Render_L1: 0.0267 | Alpha_L1: 0.0366 | Render_LPIPS: 0.1776 | cos(c,null): +0.1455 | GradNorm: 0.0701 | MSE/t: [0.00-0.50]0.424(n=6431) [0.50-0.85]0.242(n=5814) [0.85-0.95]0.169(n=534) [0.95-1.00]0.149(n=21)
2026-04-30 13:48:25,699 - INFO - [render-loss] step=67800 kept 26/64 samples (t_value >= 0.50)
2026-04-30 13:50:21,047 - INFO - Step   68000 | Epoch  68 | MSE: 0.3259 | Steps/sec: 1.73 | LR: 1.51e-04 | Render_L1: 0.0266 | Alpha_L1: 0.0365 | Render_LPIPS: 0.1754 | cos(c,null): +0.1451 | GradNorm: 0.0652 | MSE/t: [0.00-0.50]0.420(n=6341) [0.50-0.85]0.239(n=5940) [0.85-0.95]0.162(n=506) [0.95-1.00]0.152(n=13)
2026-04-30 13:50:21,262 - INFO - [cond] cfg_signal=0.0605 (min=0.0425 max=0.0872, n=16) | class_signal=0.0756 (min=0.0531 max=0.1045, n=16) | pred_rms=0.9494
2026-04-30 13:50:29,313 - INFO - [validation] saved: output/jit_B8_c11_20260430_033542/dit_validation/epoch_068_step_0068000_class048.png (class=48, sampler=heun, steps=100)
2026-04-30 13:50:30,549 - INFO - [overrides] applied from jit/configs/overrides.yaml: lr_scale=1.0 max_grad_norm=5.0 null_repel_weight=0.0 P_mean=0.0
2026-04-30 13:50:30,645 - INFO - [render-loss] step=68000 kept 27/64 samples (t_value >= 0.50)
2026-04-30 13:52:25,492 - INFO - Step   68200 | Epoch  68 | MSE: 0.3260 | Steps/sec: 1.61 | LR: 1.50e-04 | Render_L1: 0.0267 | Alpha_L1: 0.0366 | Render_LPIPS: 0.1774 | cos(c,null): +0.1441 | GradNorm: 0.0668 | MSE/t: [0.00-0.50]0.417(n=6404) [0.50-0.85]0.240(n=5897) [0.85-0.95]0.178(n=478) [0.95-1.00]0.164(n=21)
2026-04-30 13:52:25,593 - INFO - [render-loss] step=68200 kept 30/64 samples (t_value >= 0.50)
2026-04-30 13:54:20,814 - INFO - Step   68400 | Epoch  68 | MSE: 0.3307 | Steps/sec: 1.73 | LR: 1.50e-04 | Render_L1: 0.0263 | Alpha_L1: 0.0365 | Render_LPIPS: 0.1747 | cos(c,null): +0.1445 | GradNorm: 0.0676 | MSE/t: [0.00-0.50]0.428(n=6343) [0.50-0.85]0.240(n=5914) [0.85-0.95]0.172(n=518) [0.95-1.00]0.155(n=25)
2026-04-30 13:54:20,915 - INFO - [render-loss] step=68400 kept 30/64 samples (t_value >= 0.50)
2026-04-30 13:56:16,468 - INFO - Step   68600 | Epoch  69 | MSE: 0.3275 | Steps/sec: 1.73 | LR: 1.50e-04 | Render_L1: 0.0270 | Alpha_L1: 0.0361 | Render_LPIPS: 0.1771 | cos(c,null): +0.1452 | GradNorm: 0.0682 | MSE/t: [0.00-0.50]0.425(n=6276) [0.50-0.85]0.241(n=5931) [0.85-0.95]0.164(n=577) [0.95-1.00]0.141(n=16)
2026-04-30 13:56:16,570 - INFO - [render-loss] step=68600 kept 24/64 samples (t_value >= 0.50)
2026-04-30 13:58:11,499 - INFO - Step   68800 | Epoch  69 | MSE: 0.3286 | Steps/sec: 1.74 | LR: 1.50e-04 | Render_L1: 0.0268 | Alpha_L1: 0.0363 | Render_LPIPS: 0.1763 | cos(c,null): +0.1453 | GradNorm: 0.0717 | MSE/t: [0.00-0.50]0.418(n=6523) [0.50-0.85]0.241(n=5778) [0.85-0.95]0.174(n=487) [0.95-1.00]0.216(n=12)
2026-04-30 13:58:11,600 - INFO - [render-loss] step=68800 kept 38/64 samples (t_value >= 0.50)
2026-04-30 14:00:06,753 - INFO - Step   69000 | Epoch  69 | MSE: 0.3285 | Steps/sec: 1.74 | LR: 1.49e-04 | Render_L1: 0.0263 | Alpha_L1: 0.0362 | Render_LPIPS: 0.1744 | cos(c,null): +0.1457 | GradNorm: 0.0688 | MSE/t: [0.00-0.50]0.422(n=6471) [0.50-0.85]0.239(n=5786) [0.85-0.95]0.172(n=522) [0.95-1.00]0.141(n=21)
2026-04-30 14:00:06,966 - INFO - [cond] cfg_signal=0.0573 (min=0.0407 max=0.0827, n=16) | class_signal=0.0728 (min=0.0494 max=0.1035, n=16) | pred_rms=0.9578
2026-04-30 14:00:15,015 - INFO - [validation] saved: output/jit_B8_c11_20260430_033542/dit_validation/epoch_069_step_0069000_class087.png (class=87, sampler=heun, steps=100)
2026-04-30 14:00:16,247 - INFO - [overrides] applied from jit/configs/overrides.yaml: lr_scale=1.0 max_grad_norm=5.0 null_repel_weight=0.0 P_mean=0.0
2026-04-30 14:00:16,345 - INFO - [render-loss] step=69000 kept 29/64 samples (t_value >= 0.50)
2026-04-30 14:02:11,655 - INFO - Step   69200 | Epoch  69 | MSE: 0.3259 | Steps/sec: 1.60 | LR: 1.49e-04 | Render_L1: 0.0262 | Alpha_L1: 0.0356 | Render_LPIPS: 0.1740 | cos(c,null): +0.1455 | GradNorm: 0.0651 | MSE/t: [0.00-0.50]0.422(n=6363) [0.50-0.85]0.236(n=5912) [0.85-0.95]0.174(n=506) [0.95-1.00]0.136(n=19)
2026-04-30 14:02:11,757 - INFO - [render-loss] step=69200 kept 38/64 samples (t_value >= 0.50)
2026-04-30 14:04:07,196 - INFO - Step   69400 | Epoch  69 | MSE: 0.3278 | Steps/sec: 1.73 | LR: 1.49e-04 | Render_L1: 0.0265 | Alpha_L1: 0.0353 | Render_LPIPS: 0.1739 | cos(c,null): +0.1447 | GradNorm: 0.0679 | MSE/t: [0.00-0.50]0.422(n=6489) [0.50-0.85]0.237(n=5794) [0.85-0.95]0.166(n=489) [0.95-1.00]0.177(n=28)
2026-04-30 14:04:07,297 - INFO - [render-loss] step=69400 kept 31/64 samples (t_value >= 0.50)
2026-04-30 14:06:03,080 - INFO - Step   69600 | Epoch  70 | MSE: 0.3286 | Steps/sec: 1.73 | LR: 1.48e-04 | Render_L1: 0.0265 | Alpha_L1: 0.0355 | Render_LPIPS: 0.1749 | cos(c,null): +0.1456 | GradNorm: 0.0693 | MSE/t: [0.00-0.50]0.424(n=6435) [0.50-0.85]0.239(n=5819) [0.85-0.95]0.162(n=529) [0.95-1.00]0.169(n=17)
2026-04-30 14:06:03,181 - INFO - [render-loss] step=69600 kept 33/64 samples (t_value >= 0.50)
2026-04-30 14:07:58,960 - INFO - Step   69800 | Epoch  70 | MSE: 0.3253 | Steps/sec: 1.73 | LR: 1.48e-04 | Render_L1: 0.0263 | Alpha_L1: 0.0358 | Render_LPIPS: 0.1741 | cos(c,null): +0.1446 | GradNorm: 0.0747 | MSE/t: [0.00-0.50]0.422(n=6328) [0.50-0.85]0.236(n=5908) [0.85-0.95]0.175(n=540) [0.95-1.00]0.174(n=24)
2026-04-30 14:07:59,062 - INFO - [render-loss] step=69800 kept 31/64 samples (t_value >= 0.50)
2026-04-30 14:09:54,166 - INFO - Step   70000 | Epoch  70 | MSE: 0.3300 | Steps/sec: 1.74 | LR: 1.48e-04 | Render_L1: 0.0265 | Alpha_L1: 0.0357 | Render_LPIPS: 0.1748 | cos(c,null): +0.1449 | GradNorm: 0.0663 | MSE/t: [0.00-0.50]0.425(n=6430) [0.50-0.85]0.240(n=5864) [0.85-0.95]0.166(n=484) [0.95-1.00]0.177(n=22)
2026-04-30 14:09:54,380 - INFO - [cond] cfg_signal=0.0591 (min=0.0412 max=0.0792, n=16) | class_signal=0.0742 (min=0.0544 max=0.0989, n=16) | pred_rms=0.9419
2026-04-30 14:10:02,686 - INFO - [validation] saved: output/jit_B8_c11_20260430_033542/dit_validation/epoch_070_step_0070000_class034.png (class=34, sampler=heun, steps=100)
2026-04-30 14:10:03,916 - INFO - [overrides] applied from jit/configs/overrides.yaml: lr_scale=1.0 max_grad_norm=5.0 null_repel_weight=0.0 P_mean=0.0
2026-04-30 14:10:04,012 - INFO - [render-loss] step=70000 kept 33/64 samples (t_value >= 0.50)
2026-04-30 14:11:59,760 - INFO - Step   70200 | Epoch  70 | MSE: 0.3282 | Steps/sec: 1.60 | LR: 1.48e-04 | Render_L1: 0.0259 | Alpha_L1: 0.0357 | Render_LPIPS: 0.1738 | cos(c,null): +0.1459 | GradNorm: 0.0714 | MSE/t: [0.00-0.50]0.420(n=6399) [0.50-0.85]0.241(n=5896) [0.85-0.95]0.175(n=484) [0.95-1.00]0.147(n=21)
2026-04-30 14:11:59,862 - INFO - [render-loss] step=70200 kept 29/64 samples (t_value >= 0.50)
2026-04-30 14:13:55,039 - INFO - Step   70400 | Epoch  70 | MSE: 0.3262 | Steps/sec: 1.73 | LR: 1.47e-04 | Render_L1: 0.0265 | Alpha_L1: 0.0355 | Render_LPIPS: 0.1744 | cos(c,null): +0.1463 | GradNorm: 0.0687 | MSE/t: [0.00-0.50]0.417(n=6441) [0.50-0.85]0.240(n=5829) [0.85-0.95]0.171(n=510) [0.95-1.00]0.166(n=20)
2026-04-30 14:13:55,141 - INFO - [render-loss] step=70400 kept 33/64 samples (t_value >= 0.50)
2026-04-30 14:15:50,407 - INFO - Step   70600 | Epoch  71 | MSE: 0.3303 | Steps/sec: 1.73 | LR: 1.47e-04 | Render_L1: 0.0266 | Alpha_L1: 0.0362 | Render_LPIPS: 0.1760 | cos(c,null): +0.1471 | GradNorm: 0.0719 | MSE/t: [0.00-0.50]0.422(n=6521) [0.50-0.85]0.242(n=5757) [0.85-0.95]0.164(n=506) [0.95-1.00]0.158(n=16)
2026-04-30 14:15:50,509 - INFO - [render-loss] step=70600 kept 29/64 samples (t_value >= 0.50)
2026-04-30 14:17:46,041 - INFO - Step   70800 | Epoch  71 | MSE: 0.3277 | Steps/sec: 1.73 | LR: 1.47e-04 | Render_L1: 0.0263 | Alpha_L1: 0.0357 | Render_LPIPS: 0.1746 | cos(c,null): +0.1471 | GradNorm: 0.0688 | MSE/t: [0.00-0.50]0.422(n=6337) [0.50-0.85]0.241(n=5941) [0.85-0.95]0.177(n=505) [0.95-1.00]0.177(n=17)
2026-04-30 14:17:46,144 - INFO - [render-loss] step=70800 kept 24/64 samples (t_value >= 0.50)
2026-04-30 14:19:41,393 - INFO - Step   71000 | Epoch  71 | MSE: 0.3302 | Steps/sec: 1.73 | LR: 1.47e-04 | Render_L1: 0.0266 | Alpha_L1: 0.0363 | Render_LPIPS: 0.1747 | cos(c,null): +0.1482 | GradNorm: 0.0695 | MSE/t: [0.00-0.50]0.425(n=6493) [0.50-0.85]0.238(n=5800) [0.85-0.95]0.171(n=486) [0.95-1.00]0.194(n=21)
2026-04-30 14:19:41,607 - INFO - [cond] cfg_signal=0.0603 (min=0.0397 max=0.0843, n=16) | class_signal=0.0758 (min=0.0531 max=0.1058, n=16) | pred_rms=0.9454
2026-04-30 14:19:49,508 - INFO - [validation] saved: output/jit_B8_c11_20260430_033542/dit_validation/epoch_071_step_0071000_class007.png (class=7, sampler=heun, steps=100)
2026-04-30 14:19:50,752 - INFO - [overrides] applied from jit/configs/overrides.yaml: lr_scale=1.0 max_grad_norm=5.0 null_repel_weight=0.0 P_mean=0.0
2026-04-30 14:19:50,849 - INFO - [render-loss] step=71000 kept 30/64 samples (t_value >= 0.50)
2026-04-30 14:21:46,034 - INFO - Step   71200 | Epoch  71 | MSE: 0.3271 | Steps/sec: 1.61 | LR: 1.46e-04 | Render_L1: 0.0268 | Alpha_L1: 0.0360 | Render_LPIPS: 0.1755 | cos(c,null): +0.1475 | GradNorm: 0.0720 | MSE/t: [0.00-0.50]0.419(n=6360) [0.50-0.85]0.242(n=5951) [0.85-0.95]0.170(n=476) [0.95-1.00]0.194(n=13)
2026-04-30 14:21:46,136 - INFO - [render-loss] step=71200 kept 30/64 samples (t_value >= 0.50)
2026-04-30 14:23:41,307 - INFO - Step   71400 | Epoch  71 | MSE: 0.3260 | Steps/sec: 1.74 | LR: 1.46e-04 | Render_L1: 0.0265 | Alpha_L1: 0.0357 | Render_LPIPS: 0.1741 | cos(c,null): +0.1483 | GradNorm: 0.0707 | MSE/t: [0.00-0.50]0.416(n=6430) [0.50-0.85]0.241(n=5832) [0.85-0.95]0.176(n=530) [0.95-1.00]0.192(n=8)
2026-04-30 14:23:41,408 - INFO - [render-loss] step=71400 kept 29/64 samples (t_value >= 0.50)
2026-04-30 14:25:36,722 - INFO - Step   71600 | Epoch  72 | MSE: 0.3264 | Steps/sec: 1.73 | LR: 1.46e-04 | Render_L1: 0.0260 | Alpha_L1: 0.0350 | Render_LPIPS: 0.1722 | cos(c,null): +0.1489 | GradNorm: 0.0711 | MSE/t: [0.00-0.50]0.423(n=6343) [0.50-0.85]0.237(n=5917) [0.85-0.95]0.170(n=515) [0.95-1.00]0.206(n=25)
2026-04-30 14:25:36,825 - INFO - [render-loss] step=71600 kept 35/64 samples (t_value >= 0.50)
2026-04-30 14:27:32,101 - INFO - Step   71800 | Epoch  72 | MSE: 0.3299 | Steps/sec: 1.73 | LR: 1.45e-04 | Render_L1: 0.0263 | Alpha_L1: 0.0358 | Render_LPIPS: 0.1747 | cos(c,null): +0.1495 | GradNorm: 0.0690 | MSE/t: [0.00-0.50]0.424(n=6409) [0.50-0.85]0.242(n=5831) [0.85-0.95]0.170(n=535) [0.95-1.00]0.138(n=25)
2026-04-30 14:27:32,202 - INFO - [render-loss] step=71800 kept 37/64 samples (t_value >= 0.50)
2026-04-30 14:29:27,569 - INFO - Step   72000 | Epoch  72 | MSE: 0.3283 | Steps/sec: 1.73 | LR: 1.45e-04 | Render_L1: 0.0262 | Alpha_L1: 0.0356 | Render_LPIPS: 0.1728 | cos(c,null): +0.1500 | GradNorm: 0.0712 | MSE/t: [0.00-0.50]0.423(n=6350) [0.50-0.85]0.241(n=5942) [0.85-0.95]0.166(n=493) [0.95-1.00]0.152(n=15)
2026-04-30 14:29:27,783 - INFO - [cond] cfg_signal=0.0592 (min=0.0407 max=0.0811, n=16) | class_signal=0.0733 (min=0.0488 max=0.0993, n=16) | pred_rms=0.9519
2026-04-30 14:29:35,852 - INFO - [validation] saved: output/jit_B8_c11_20260430_033542/dit_validation/epoch_072_step_0072000_class021.png (class=21, sampler=heun, steps=100)
2026-04-30 14:29:37,061 - INFO - [overrides] applied from jit/configs/overrides.yaml: lr_scale=1.0 max_grad_norm=5.0 null_repel_weight=0.0 P_mean=0.0
2026-04-30 14:29:37,158 - INFO - [render-loss] step=72000 kept 30/64 samples (t_value >= 0.50)
2026-04-30 14:31:33,167 - INFO - Step   72200 | Epoch  72 | MSE: 0.3319 | Steps/sec: 1.60 | LR: 1.45e-04 | Render_L1: 0.0256 | Alpha_L1: 0.0349 | Render_LPIPS: 0.1721 | cos(c,null): +0.1498 | GradNorm: 0.0692 | MSE/t: [0.00-0.50]0.430(n=6400) [0.50-0.85]0.240(n=5884) [0.85-0.95]0.165(n=498) [0.95-1.00]0.128(n=18)
2026-04-30 14:31:33,270 - INFO - [render-loss] step=72200 kept 32/64 samples (t_value >= 0.50)
2026-04-30 14:33:28,898 - INFO - Step   72400 | Epoch  72 | MSE: 0.3278 | Steps/sec: 1.73 | LR: 1.45e-04 | Render_L1: 0.0261 | Alpha_L1: 0.0354 | Render_LPIPS: 0.1738 | cos(c,null): +0.1496 | GradNorm: 0.0680 | MSE/t: [0.00-0.50]0.420(n=6413) [0.50-0.85]0.241(n=5878) [0.85-0.95]0.172(n=495) [0.95-1.00]0.189(n=14)
2026-04-30 14:33:29,000 - INFO - [render-loss] step=72400 kept 32/64 samples (t_value >= 0.50)
2026-04-30 14:35:24,386 - INFO - Step   72600 | Epoch  73 | MSE: 0.3273 | Steps/sec: 1.73 | LR: 1.44e-04 | Render_L1: 0.0258 | Alpha_L1: 0.0348 | Render_LPIPS: 0.1714 | cos(c,null): +0.1509 | GradNorm: 0.0730 | MSE/t: [0.00-0.50]0.422(n=6432) [0.50-0.85]0.237(n=5862) [0.85-0.95]0.168(n=492) [0.95-1.00]0.167(n=14)
2026-04-30 14:35:24,488 - INFO - [render-loss] step=72600 kept 32/64 samples (t_value >= 0.50)
2026-04-30 14:37:20,245 - INFO - Step   72800 | Epoch  73 | MSE: 0.3290 | Steps/sec: 1.73 | LR: 1.44e-04 | Render_L1: 0.0262 | Alpha_L1: 0.0354 | Render_LPIPS: 0.1724 | cos(c,null): +0.1511 | GradNorm: 0.0700 | MSE/t: [0.00-0.50]0.425(n=6378) [0.50-0.85]0.240(n=5855) [0.85-0.95]0.168(n=547) [0.95-1.00]0.183(n=20)
2026-04-30 14:37:20,346 - INFO - [render-loss] step=72800 kept 31/64 samples (t_value >= 0.50)
2026-04-30 14:39:15,668 - INFO - Step   73000 | Epoch  73 | MSE: 0.3283 | Steps/sec: 1.73 | LR: 1.44e-04 | Render_L1: 0.0260 | Alpha_L1: 0.0352 | Render_LPIPS: 0.1724 | cos(c,null): +0.1514 | GradNorm: 0.0735 | MSE/t: [0.00-0.50]0.423(n=6414) [0.50-0.85]0.238(n=5869) [0.85-0.95]0.174(n=497) [0.95-1.00]0.191(n=20)
2026-04-30 14:39:15,881 - INFO - [cond] cfg_signal=0.0625 (min=0.0444 max=0.0859, n=16) | class_signal=0.0784 (min=0.0539 max=0.1072, n=16) | pred_rms=0.9439
2026-04-30 14:39:23,891 - INFO - [validation] saved: output/jit_B8_c11_20260430_033542/dit_validation/epoch_073_step_0073000_class075.png (class=75, sampler=heun, steps=100)
2026-04-30 14:39:25,101 - INFO - [overrides] applied from jit/configs/overrides.yaml: lr_scale=1.0 max_grad_norm=5.0 null_repel_weight=0.0 P_mean=0.0
2026-04-30 14:39:25,767 - INFO - [render-loss] step=73000 kept 31/64 samples (t_value >= 0.50)
2026-04-30 14:41:20,949 - INFO - Step   73200 | Epoch  73 | MSE: 0.3265 | Steps/sec: 1.60 | LR: 1.44e-04 | Render_L1: 0.0261 | Alpha_L1: 0.0356 | Render_LPIPS: 0.1730 | cos(c,null): +0.1520 | GradNorm: 0.0715 | MSE/t: [0.00-0.50]0.421(n=6400) [0.50-0.85]0.238(n=5851) [0.85-0.95]0.166(n=531) [0.95-1.00]0.123(n=18)
2026-04-30 14:41:21,050 - INFO - [render-loss] step=73200 kept 34/64 samples (t_value >= 0.50)
2026-04-30 14:43:16,261 - INFO - Step   73400 | Epoch  73 | MSE: 0.3303 | Steps/sec: 1.73 | LR: 1.43e-04 | Render_L1: 0.0260 | Alpha_L1: 0.0350 | Render_LPIPS: 0.1718 | cos(c,null): +0.1528 | GradNorm: 0.0745 | MSE/t: [0.00-0.50]0.428(n=6375) [0.50-0.85]0.239(n=5868) [0.85-0.95]0.169(n=531) [0.95-1.00]0.180(n=26)
2026-04-30 14:43:16,363 - INFO - [render-loss] step=73400 kept 39/64 samples (t_value >= 0.50)
2026-04-30 14:45:11,701 - INFO - Step   73600 | Epoch  74 | MSE: 0.3263 | Steps/sec: 1.73 | LR: 1.43e-04 | Render_L1: 0.0264 | Alpha_L1: 0.0361 | Render_LPIPS: 0.1745 | cos(c,null): +0.1529 | GradNorm: 0.0726 | MSE/t: [0.00-0.50]0.417(n=6434) [0.50-0.85]0.241(n=5849) [0.85-0.95]0.172(n=500) [0.95-1.00]0.140(n=17)
2026-04-30 14:45:11,803 - INFO - [render-loss] step=73600 kept 29/64 samples (t_value >= 0.50)
2026-04-30 14:47:06,917 - INFO - Step   73800 | Epoch  74 | MSE: 0.3299 | Steps/sec: 1.74 | LR: 1.43e-04 | Render_L1: 0.0264 | Alpha_L1: 0.0354 | Render_LPIPS: 0.1739 | cos(c,null): +0.1509 | GradNorm: 0.0713 | MSE/t: [0.00-0.50]0.425(n=6368) [0.50-0.85]0.241(n=5861) [0.85-0.95]0.175(n=549) [0.95-1.00]0.158(n=22)
2026-04-30 14:47:07,020 - INFO - [render-loss] step=73800 kept 31/64 samples (t_value >= 0.50)
2026-04-30 14:49:02,099 - INFO - Step   74000 | Epoch  74 | MSE: 0.3304 | Steps/sec: 1.74 | LR: 1.42e-04 | Render_L1: 0.0258 | Alpha_L1: 0.0346 | Render_LPIPS: 0.1711 | cos(c,null): +0.1506 | GradNorm: 0.0739 | MSE/t: [0.00-0.50]0.425(n=6440) [0.50-0.85]0.240(n=5832) [0.85-0.95]0.173(n=514) [0.95-1.00]0.166(n=14)
2026-04-30 14:49:02,309 - INFO - [cond] cfg_signal=0.0591 (min=0.0430 max=0.0787, n=16) | class_signal=0.0740 (min=0.0485 max=0.0970, n=16) | pred_rms=0.9452
2026-04-30 14:49:10,352 - INFO - [validation] saved: output/jit_B8_c11_20260430_033542/dit_validation/epoch_074_step_0074000_class071.png (class=71, sampler=heun, steps=100)
2026-04-30 14:49:11,572 - INFO - [overrides] applied from jit/configs/overrides.yaml: lr_scale=1.0 max_grad_norm=5.0 null_repel_weight=0.0 P_mean=0.0
2026-04-30 14:49:11,669 - INFO - [render-loss] step=74000 kept 27/64 samples (t_value >= 0.50)
2026-04-30 14:51:06,701 - INFO - Step   74200 | Epoch  74 | MSE: 0.3299 | Steps/sec: 1.61 | LR: 1.42e-04 | Render_L1: 0.0260 | Alpha_L1: 0.0352 | Render_LPIPS: 0.1717 | cos(c,null): +0.1514 | GradNorm: 0.0745 | MSE/t: [0.00-0.50]0.425(n=6497) [0.50-0.85]0.237(n=5788) [0.85-0.95]0.172(n=500) [0.95-1.00]0.168(n=15)
2026-04-30 14:51:06,803 - INFO - [render-loss] step=74200 kept 38/64 samples (t_value >= 0.50)
2026-04-30 14:53:02,015 - INFO - Step   74400 | Epoch  74 | MSE: 0.3267 | Steps/sec: 1.73 | LR: 1.42e-04 | Render_L1: 0.0257 | Alpha_L1: 0.0346 | Render_LPIPS: 0.1704 | cos(c,null): +0.1520 | GradNorm: 0.0729 | MSE/t: [0.00-0.50]0.424(n=6356) [0.50-0.85]0.237(n=5883) [0.85-0.95]0.170(n=543) [0.95-1.00]0.190(n=18)
2026-04-30 14:53:02,117 - INFO - [render-loss] step=74400 kept 31/64 samples (t_value >= 0.50)
2026-04-30 14:54:57,595 - INFO - Step   74600 | Epoch  75 | MSE: 0.3271 | Steps/sec: 1.73 | LR: 1.42e-04 | Render_L1: 0.0258 | Alpha_L1: 0.0351 | Render_LPIPS: 0.1716 | cos(c,null): +0.1510 | GradNorm: 0.0755 | MSE/t: [0.00-0.50]0.425(n=6291) [0.50-0.85]0.239(n=5948) [0.85-0.95]0.168(n=541) [0.95-1.00]0.153(n=20)
2026-04-30 14:54:57,698 - INFO - [render-loss] step=74600 kept 31/64 samples (t_value >= 0.50)
2026-04-30 14:56:53,793 - INFO - Step   74800 | Epoch  75 | MSE: 0.3244 | Steps/sec: 1.72 | LR: 1.41e-04 | Render_L1: 0.0257 | Alpha_L1: 0.0345 | Render_LPIPS: 0.1702 | cos(c,null): +0.1513 | GradNorm: 0.0772 | MSE/t: [0.00-0.50]0.415(n=6414) [0.50-0.85]0.240(n=5883) [0.85-0.95]0.162(n=483) [0.95-1.00]0.150(n=20)
2026-04-30 14:56:53,893 - INFO - [render-loss] step=74800 kept 33/64 samples (t_value >= 0.50)
2026-04-30 14:58:49,100 - INFO - Step   75000 | Epoch  75 | MSE: 0.3316 | Steps/sec: 1.73 | LR: 1.41e-04 | Render_L1: 0.0263 | Alpha_L1: 0.0356 | Render_LPIPS: 0.1736 | cos(c,null): +0.1523 | GradNorm: 0.0760 | MSE/t: [0.00-0.50]0.424(n=6492) [0.50-0.85]0.242(n=5784) [0.85-0.95]0.176(n=503) [0.95-1.00]0.157(n=21)
2026-04-30 14:58:49,312 - INFO - [cond] cfg_signal=0.0630 (min=0.0429 max=0.0917, n=16) | class_signal=0.0778 (min=0.0512 max=0.1045, n=16) | pred_rms=0.9215
2026-04-30 14:58:57,643 - INFO - [validation] saved: output/jit_B8_c11_20260430_033542/dit_validation/epoch_075_step_0075000_class029.png (class=29, sampler=heun, steps=100)
2026-04-30 14:58:58,857 - INFO - [overrides] applied from jit/configs/overrides.yaml: lr_scale=1.0 max_grad_norm=5.0 null_repel_weight=0.0 P_mean=0.0
2026-04-30 14:58:58,953 - INFO - [render-loss] step=75000 kept 27/64 samples (t_value >= 0.50)
2026-04-30 15:00:54,800 - INFO - Step   75200 | Epoch  75 | MSE: 0.3279 | Steps/sec: 1.59 | LR: 1.41e-04 | Render_L1: 0.0263 | Alpha_L1: 0.0350 | Render_LPIPS: 0.1725 | cos(c,null): +0.1527 | GradNorm: 0.0752 | MSE/t: [0.00-0.50]0.420(n=6413) [0.50-0.85]0.241(n=5832) [0.85-0.95]0.174(n=540) [0.95-1.00]0.141(n=15)
2026-04-30 15:00:54,903 - INFO - [render-loss] step=75200 kept 34/64 samples (t_value >= 0.50)
2026-04-30 15:02:50,037 - INFO - Step   75400 | Epoch  75 | MSE: 0.3282 | Steps/sec: 1.74 | LR: 1.41e-04 | Render_L1: 0.0260 | Alpha_L1: 0.0352 | Render_LPIPS: 0.1723 | cos(c,null): +0.1523 | GradNorm: 0.0783 | MSE/t: [0.00-0.50]0.424(n=6366) [0.50-0.85]0.239(n=5937) [0.85-0.95]0.173(n=484) [0.95-1.00]0.185(n=13)
2026-04-30 15:02:50,139 - INFO - [render-loss] step=75400 kept 33/64 samples (t_value >= 0.50)
2026-04-30 15:04:45,104 - INFO - Step   75600 | Epoch  76 | MSE: 0.3304 | Steps/sec: 1.74 | LR: 1.40e-04 | Render_L1: 0.0264 | Alpha_L1: 0.0355 | Render_LPIPS: 0.1739 | cos(c,null): +0.1515 | GradNorm: 0.0758 | MSE/t: [0.00-0.50]0.425(n=6403) [0.50-0.85]0.241(n=5852) [0.85-0.95]0.175(n=526) [0.95-1.00]0.158(n=19)
2026-04-30 15:04:45,206 - INFO - [render-loss] step=75600 kept 28/64 samples (t_value >= 0.50)
2026-04-30 15:06:40,292 - INFO - Step   75800 | Epoch  76 | MSE: 0.3268 | Steps/sec: 1.74 | LR: 1.40e-04 | Render_L1: 0.0256 | Alpha_L1: 0.0352 | Render_LPIPS: 0.1700 | cos(c,null): +0.1522 | GradNorm: 0.0768 | MSE/t: [0.00-0.50]0.422(n=6418) [0.50-0.85]0.236(n=5844) [0.85-0.95]0.172(n=517) [0.95-1.00]0.162(n=21)
2026-04-30 15:06:40,394 - INFO - [render-loss] step=75800 kept 33/64 samples (t_value >= 0.50)
2026-04-30 15:08:35,397 - INFO - Step   76000 | Epoch  76 | MSE: 0.3276 | Steps/sec: 1.74 | LR: 1.40e-04 | Render_L1: 0.0258 | Alpha_L1: 0.0345 | Render_LPIPS: 0.1712 | cos(c,null): +0.1535 | GradNorm: 0.0743 | MSE/t: [0.00-0.50]0.421(n=6386) [0.50-0.85]0.240(n=5879) [0.85-0.95]0.176(n=515) [0.95-1.00]0.166(n=20)
2026-04-30 15:08:35,609 - INFO - [cond] cfg_signal=0.0628 (min=0.0454 max=0.0841, n=16) | class_signal=0.0808 (min=0.0573 max=0.1109, n=16) | pred_rms=0.9484
2026-04-30 15:08:43,643 - INFO - [validation] saved: output/jit_B8_c11_20260430_033542/dit_validation/epoch_076_step_0076000_class055.png (class=55, sampler=heun, steps=100)
2026-04-30 15:08:45,497 - INFO - [overrides] applied from jit/configs/overrides.yaml: lr_scale=1.0 max_grad_norm=5.0 null_repel_weight=0.0 P_mean=0.0
2026-04-30 15:08:45,594 - INFO - [render-loss] step=76000 kept 33/64 samples (t_value >= 0.50)
2026-04-30 15:10:41,149 - INFO - Step   76200 | Epoch  76 | MSE: 0.3251 | Steps/sec: 1.59 | LR: 1.39e-04 | Render_L1: 0.0260 | Alpha_L1: 0.0347 | Render_LPIPS: 0.1711 | cos(c,null): +0.1535 | GradNorm: 0.0759 | MSE/t: [0.00-0.50]0.421(n=6280) [0.50-0.85]0.238(n=5976) [0.85-0.95]0.175(n=520) [0.95-1.00]0.139(n=24)
2026-04-30 15:10:41,251 - INFO - [render-loss] step=76200 kept 28/64 samples (t_value >= 0.50)
2026-04-30 15:12:36,475 - INFO - Step   76400 | Epoch  76 | MSE: 0.3292 | Steps/sec: 1.73 | LR: 1.39e-04 | Render_L1: 0.0256 | Alpha_L1: 0.0345 | Render_LPIPS: 0.1706 | cos(c,null): +0.1542 | GradNorm: 0.0736 | MSE/t: [0.00-0.50]0.423(n=6447) [0.50-0.85]0.240(n=5833) [0.85-0.95]0.166(n=495) [0.95-1.00]0.178(n=25)
2026-04-30 15:12:36,578 - INFO - [render-loss] step=76400 kept 31/64 samples (t_value >= 0.50)
2026-04-30 15:14:31,791 - INFO - Step   76600 | Epoch  77 | MSE: 0.3314 | Steps/sec: 1.73 | LR: 1.39e-04 | Render_L1: 0.0256 | Alpha_L1: 0.0341 | Render_LPIPS: 0.1693 | cos(c,null): +0.1537 | GradNorm: 0.0784 | MSE/t: [0.00-0.50]0.429(n=6423) [0.50-0.85]0.239(n=5822) [0.85-0.95]0.167(n=531) [0.95-1.00]0.179(n=24)
2026-04-30 15:14:31,892 - INFO - [render-loss] step=76600 kept 27/64 samples (t_value >= 0.50)
2026-04-30 15:16:26,391 - INFO - Step   76800 | Epoch  77 | MSE: 0.3286 | Steps/sec: 1.75 | LR: 1.39e-04 | Render_L1: 0.0258 | Alpha_L1: 0.0345 | Render_LPIPS: 0.1691 | cos(c,null): +0.1537 | GradNorm: 0.0759 | MSE/t: [0.00-0.50]0.421(n=6508) [0.50-0.85]0.238(n=5775) [0.85-0.95]0.172(n=504) [0.95-1.00]0.150(n=13)
2026-04-30 15:16:26,492 - INFO - [render-loss] step=76800 kept 34/64 samples (t_value >= 0.50)
2026-04-30 15:18:21,752 - INFO - Step   77000 | Epoch  77 | MSE: 0.3292 | Steps/sec: 1.73 | LR: 1.38e-04 | Render_L1: 0.0260 | Alpha_L1: 0.0348 | Render_LPIPS: 0.1706 | cos(c,null): +0.1535 | GradNorm: 0.0788 | MSE/t: [0.00-0.50]0.425(n=6394) [0.50-0.85]0.240(n=5889) [0.85-0.95]0.168(n=498) [0.95-1.00]0.207(n=19)
2026-04-30 15:18:21,966 - INFO - [cond] cfg_signal=0.0615 (min=0.0420 max=0.0864, n=16) | class_signal=0.0783 (min=0.0539 max=0.1033, n=16) | pred_rms=0.9279
2026-04-30 15:18:29,981 - INFO - [validation] saved: output/jit_B8_c11_20260430_033542/dit_validation/epoch_077_step_0077000_class030.png (class=30, sampler=heun, steps=100)
2026-04-30 15:18:31,223 - INFO - [overrides] applied from jit/configs/overrides.yaml: lr_scale=1.0 max_grad_norm=5.0 null_repel_weight=0.0 P_mean=0.0
2026-04-30 15:18:31,320 - INFO - [render-loss] step=77000 kept 34/64 samples (t_value >= 0.50)
2026-04-30 15:20:26,520 - INFO - Step   77200 | Epoch  77 | MSE: 0.3302 | Steps/sec: 1.61 | LR: 1.38e-04 | Render_L1: 0.0255 | Alpha_L1: 0.0343 | Render_LPIPS: 0.1699 | cos(c,null): +0.1536 | GradNorm: 0.0786 | MSE/t: [0.00-0.50]0.425(n=6403) [0.50-0.85]0.241(n=5893) [0.85-0.95]0.174(n=474) [0.95-1.00]0.157(n=30)
2026-04-30 15:20:26,623 - INFO - [render-loss] step=77200 kept 37/64 samples (t_value >= 0.50)
2026-04-30 15:22:22,576 - INFO - Step   77400 | Epoch  77 | MSE: 0.3300 | Steps/sec: 1.72 | LR: 1.38e-04 | Render_L1: 0.0258 | Alpha_L1: 0.0348 | Render_LPIPS: 0.1708 | cos(c,null): +0.1544 | GradNorm: 0.0774 | MSE/t: [0.00-0.50]0.425(n=6389) [0.50-0.85]0.241(n=5852) [0.85-0.95]0.172(n=542) [0.95-1.00]0.152(n=17)
2026-04-30 15:22:22,678 - INFO - [render-loss] step=77400 kept 39/64 samples (t_value >= 0.50)
2026-04-30 15:24:18,138 - INFO - Step   77600 | Epoch  78 | MSE: 0.3285 | Steps/sec: 1.73 | LR: 1.37e-04 | Render_L1: 0.0259 | Alpha_L1: 0.0345 | Render_LPIPS: 0.1705 | cos(c,null): +0.1546 | GradNorm: 0.0737 | MSE/t: [0.00-0.50]0.424(n=6342) [0.50-0.85]0.241(n=5946) [0.85-0.95]0.166(n=493) [0.95-1.00]0.141(n=19)
2026-04-30 15:24:18,240 - INFO - [render-loss] step=77600 kept 36/64 samples (t_value >= 0.50)
2026-04-30 15:26:13,335 - INFO - Step   77800 | Epoch  78 | MSE: 0.3268 | Steps/sec: 1.74 | LR: 1.37e-04 | Render_L1: 0.0257 | Alpha_L1: 0.0344 | Render_LPIPS: 0.1687 | cos(c,null): +0.1552 | GradNorm: 0.0766 | MSE/t: [0.00-0.50]0.422(n=6415) [0.50-0.85]0.236(n=5863) [0.85-0.95]0.172(n=507) [0.95-1.00]0.158(n=15)
2026-04-30 15:26:13,437 - INFO - [render-loss] step=77800 kept 30/64 samples (t_value >= 0.50)
2026-04-30 15:28:08,739 - INFO - Step   78000 | Epoch  78 | MSE: 0.3306 | Steps/sec: 1.73 | LR: 1.37e-04 | Render_L1: 0.0257 | Alpha_L1: 0.0340 | Render_LPIPS: 0.1705 | cos(c,null): +0.1549 | GradNorm: 0.0790 | MSE/t: [0.00-0.50]0.425(n=6427) [0.50-0.85]0.241(n=5846) [0.85-0.95]0.164(n=503) [0.95-1.00]0.165(n=24)
2026-04-30 15:28:08,949 - INFO - [cond] cfg_signal=0.0617 (min=0.0466 max=0.0826, n=16) | class_signal=0.0790 (min=0.0518 max=0.1123, n=16) | pred_rms=0.9164
2026-04-30 15:28:16,894 - INFO - [validation] saved: output/jit_B8_c11_20260430_033542/dit_validation/epoch_078_step_0078000_class090.png (class=90, sampler=heun, steps=100)
2026-04-30 15:28:18,155 - INFO - [overrides] applied from jit/configs/overrides.yaml: lr_scale=1.0 max_grad_norm=5.0 null_repel_weight=0.0 P_mean=0.0
2026-04-30 15:28:18,253 - INFO - [render-loss] step=78000 kept 35/64 samples (t_value >= 0.50)
2026-04-30 15:30:13,722 - INFO - Step   78200 | Epoch  78 | MSE: 0.3251 | Steps/sec: 1.60 | LR: 1.37e-04 | Render_L1: 0.0254 | Alpha_L1: 0.0343 | Render_LPIPS: 0.1686 | cos(c,null): +0.1566 | GradNorm: 0.0801 | MSE/t: [0.00-0.50]0.420(n=6338) [0.50-0.85]0.238(n=5912) [0.85-0.95]0.173(n=529) [0.95-1.00]0.167(n=21)
2026-04-30 15:30:13,824 - INFO - [render-loss] step=78200 kept 37/64 samples (t_value >= 0.50)
2026-04-30 15:32:08,979 - INFO - Step   78400 | Epoch  78 | MSE: 0.3241 | Steps/sec: 1.74 | LR: 1.36e-04 | Render_L1: 0.0255 | Alpha_L1: 0.0350 | Render_LPIPS: 0.1705 | cos(c,null): +0.1566 | GradNorm: 0.0780 | MSE/t: [0.00-0.50]0.414(n=6414) [0.50-0.85]0.240(n=5834) [0.85-0.95]0.164(n=528) [0.95-1.00]0.181(n=24)
2026-04-30 15:32:09,081 - INFO - [render-loss] step=78400 kept 39/64 samples (t_value >= 0.50)
2026-04-30 15:34:04,529 - INFO - Step   78600 | Epoch  79 | MSE: 0.3269 | Steps/sec: 1.73 | LR: 1.36e-04 | Render_L1: 0.0258 | Alpha_L1: 0.0348 | Render_LPIPS: 0.1700 | cos(c,null): +0.1580 | GradNorm: 0.0788 | MSE/t: [0.00-0.50]0.422(n=6293) [0.50-0.85]0.241(n=5978) [0.85-0.95]0.171(n=512) [0.95-1.00]0.131(n=17)
2026-04-30 15:34:04,631 - INFO - [render-loss] step=78600 kept 33/64 samples (t_value >= 0.50)
2026-04-30 15:36:00,010 - INFO - Step   78800 | Epoch  79 | MSE: 0.3297 | Steps/sec: 1.73 | LR: 1.36e-04 | Render_L1: 0.0253 | Alpha_L1: 0.0337 | Render_LPIPS: 0.1683 | cos(c,null): +0.1578 | GradNorm: 0.0794 | MSE/t: [0.00-0.50]0.428(n=6389) [0.50-0.85]0.238(n=5840) [0.85-0.95]0.169(n=550) [0.95-1.00]0.159(n=21)
2026-04-30 15:36:00,111 - INFO - [render-loss] step=78800 kept 29/64 samples (t_value >= 0.50)
2026-04-30 15:37:55,153 - INFO - Step   79000 | Epoch  79 | MSE: 0.3270 | Steps/sec: 1.74 | LR: 1.35e-04 | Render_L1: 0.0255 | Alpha_L1: 0.0340 | Render_LPIPS: 0.1686 | cos(c,null): +0.1569 | GradNorm: 0.0779 | MSE/t: [0.00-0.50]0.420(n=6415) [0.50-0.85]0.240(n=5847) [0.85-0.95]0.167(n=508) [0.95-1.00]0.136(n=30)
2026-04-30 15:37:55,365 - INFO - [cond] cfg_signal=0.0585 (min=0.0410 max=0.0781, n=16) | class_signal=0.0715 (min=0.0450 max=0.0974, n=16) | pred_rms=0.9501
2026-04-30 15:38:03,618 - INFO - [validation] saved: output/jit_B8_c11_20260430_033542/dit_validation/epoch_079_step_0079000_class013.png (class=13, sampler=heun, steps=100)
2026-04-30 15:38:05,515 - INFO - [overrides] applied from jit/configs/overrides.yaml: lr_scale=1.0 max_grad_norm=5.0 null_repel_weight=0.0 P_mean=0.0
2026-04-30 15:38:05,612 - INFO - [render-loss] step=79000 kept 34/64 samples (t_value >= 0.50)
2026-04-30 15:40:00,972 - INFO - Step   79200 | Epoch  79 | MSE: 0.3300 | Steps/sec: 1.59 | LR: 1.35e-04 | Render_L1: 0.0259 | Alpha_L1: 0.0347 | Render_LPIPS: 0.1710 | cos(c,null): +0.1563 | GradNorm: 0.0803 | MSE/t: [0.00-0.50]0.425(n=6456) [0.50-0.85]0.239(n=5816) [0.85-0.95]0.169(n=511) [0.95-1.00]0.170(n=17)
2026-04-30 15:40:01,074 - INFO - [render-loss] step=79200 kept 36/64 samples (t_value >= 0.50)
2026-04-30 15:41:56,332 - INFO - Step   79400 | Epoch  79 | MSE: 0.3302 | Steps/sec: 1.73 | LR: 1.35e-04 | Render_L1: 0.0259 | Alpha_L1: 0.0348 | Render_LPIPS: 0.1707 | cos(c,null): +0.1571 | GradNorm: 0.0796 | MSE/t: [0.00-0.50]0.426(n=6464) [0.50-0.85]0.239(n=5817) [0.85-0.95]0.162(n=502) [0.95-1.00]0.215(n=17)
2026-04-30 15:41:56,434 - INFO - [render-loss] step=79400 kept 28/64 samples (t_value >= 0.50)
2026-04-30 15:43:51,478 - INFO - Step   79600 | Epoch  80 | MSE: 0.3300 | Steps/sec: 1.74 | LR: 1.35e-04 | Render_L1: 0.0253 | Alpha_L1: 0.0336 | Render_LPIPS: 0.1686 | cos(c,null): +0.1572 | GradNorm: 0.0765 | MSE/t: [0.00-0.50]0.424(n=6523) [0.50-0.85]0.239(n=5732) [0.85-0.95]0.171(n=526) [0.95-1.00]0.178(n=19)
2026-04-30 15:43:51,580 - INFO - [render-loss] step=79600 kept 25/64 samples (t_value >= 0.50)
2026-04-30 15:45:46,923 - INFO - Step   79800 | Epoch  80 | MSE: 0.3301 | Steps/sec: 1.73 | LR: 1.34e-04 | Render_L1: 0.0256 | Alpha_L1: 0.0346 | Render_LPIPS: 0.1696 | cos(c,null): +0.1569 | GradNorm: 0.0791 | MSE/t: [0.00-0.50]0.428(n=6350) [0.50-0.85]0.240(n=5897) [0.85-0.95]0.170(n=535) [0.95-1.00]0.155(n=18)
2026-04-30 15:45:47,025 - INFO - [render-loss] step=79800 kept 36/64 samples (t_value >= 0.50)
2026-04-30 15:47:43,064 - INFO - Step   80000 | Epoch  80 | MSE: 0.3274 | Steps/sec: 1.72 | LR: 1.34e-04 | Render_L1: 0.0257 | Alpha_L1: 0.0345 | Render_LPIPS: 0.1700 | cos(c,null): +0.1594 | GradNorm: 0.0811 | MSE/t: [0.00-0.50]0.421(n=6376) [0.50-0.85]0.240(n=5899) [0.85-0.95]0.177(n=501) [0.95-1.00]0.145(n=24)
2026-04-30 15:47:43,274 - INFO - [cond] cfg_signal=0.0571 (min=0.0432 max=0.0775, n=16) | class_signal=0.0721 (min=0.0443 max=0.0964, n=16) | pred_rms=0.9218
2026-04-30 15:47:47,316 - INFO - Saved checkpoint to output/jit_B8_c11_20260430_033542/0080000.pt
2026-04-30 15:47:47,524 - INFO - [cond] cfg_signal=0.0571 (min=0.0432 max=0.0775, n=16) | class_signal=0.0721 (min=0.0443 max=0.0964, n=16) | pred_rms=0.9218
2026-04-30 15:47:55,578 - INFO - [validation] saved: output/jit_B8_c11_20260430_033542/dit_validation/epoch_080_step_0080000_class044.png (class=44, sampler=heun, steps=100)
2026-04-30 15:47:56,839 - INFO - [overrides] applied from jit/configs/overrides.yaml: lr_scale=1.0 max_grad_norm=5.0 null_repel_weight=0.0 P_mean=0.0
2026-04-30 15:47:56,935 - INFO - [render-loss] step=80000 kept 32/64 samples (t_value >= 0.50)
2026-04-30 15:49:52,182 - INFO - Step   80200 | Epoch  80 | MSE: 0.3267 | Steps/sec: 1.55 | LR: 1.34e-04 | Render_L1: 0.0254 | Alpha_L1: 0.0338 | Render_LPIPS: 0.1683 | cos(c,null): +0.1592 | GradNorm: 0.0811 | MSE/t: [0.00-0.50]0.420(n=6389) [0.50-0.85]0.240(n=5843) [0.85-0.95]0.169(n=544) [0.95-1.00]0.159(n=24)
2026-04-30 15:49:52,285 - INFO - [render-loss] step=80200 kept 31/64 samples (t_value >= 0.50)
2026-04-30 15:51:47,392 - INFO - Step   80400 | Epoch  80 | MSE: 0.3294 | Steps/sec: 1.74 | LR: 1.33e-04 | Render_L1: 0.0257 | Alpha_L1: 0.0344 | Render_LPIPS: 0.1692 | cos(c,null): +0.1594 | GradNorm: 0.0811 | MSE/t: [0.00-0.50]0.425(n=6362) [0.50-0.85]0.240(n=5909) [0.85-0.95]0.173(n=507) [0.95-1.00]0.169(n=22)
2026-04-30 15:51:47,493 - INFO - [render-loss] step=80400 kept 37/64 samples (t_value >= 0.50)
2026-04-30 15:53:43,006 - INFO - Step   80600 | Epoch  81 | MSE: 0.3274 | Steps/sec: 1.73 | LR: 1.33e-04 | Render_L1: 0.0256 | Alpha_L1: 0.0342 | Render_LPIPS: 0.1694 | cos(c,null): +0.1598 | GradNorm: 0.0780 | MSE/t: [0.00-0.50]0.420(n=6390) [0.50-0.85]0.240(n=5868) [0.85-0.95]0.172(n=519) [0.95-1.00]0.147(n=23)
2026-04-30 15:53:43,108 - INFO - [render-loss] step=80600 kept 35/64 samples (t_value >= 0.50)
2026-04-30 15:55:38,620 - INFO - Step   80800 | Epoch  81 | MSE: 0.3285 | Steps/sec: 1.73 | LR: 1.33e-04 | Render_L1: 0.0257 | Alpha_L1: 0.0338 | Render_LPIPS: 0.1693 | cos(c,null): +0.1613 | GradNorm: 0.0795 | MSE/t: [0.00-0.50]0.423(n=6317) [0.50-0.85]0.242(n=5960) [0.85-0.95]0.171(n=501) [0.95-1.00]0.180(n=22)
2026-04-30 15:55:38,721 - INFO - [render-loss] step=80800 kept 37/64 samples (t_value >= 0.50)
2026-04-30 15:57:34,121 - INFO - Step   81000 | Epoch  81 | MSE: 0.3276 | Steps/sec: 1.73 | LR: 1.33e-04 | Render_L1: 0.0256 | Alpha_L1: 0.0339 | Render_LPIPS: 0.1688 | cos(c,null): +0.1612 | GradNorm: 0.0796 | MSE/t: [0.00-0.50]0.421(n=6382) [0.50-0.85]0.240(n=5885) [0.85-0.95]0.172(n=505) [0.95-1.00]0.196(n=28)
2026-04-30 15:57:34,335 - INFO - [cond] cfg_signal=0.0592 (min=0.0417 max=0.0799, n=16) | class_signal=0.0763 (min=0.0484 max=0.0976, n=16) | pred_rms=0.9673
2026-04-30 15:57:42,434 - INFO - [validation] saved: output/jit_B8_c11_20260430_033542/dit_validation/epoch_081_step_0081000_class102.png (class=102, sampler=heun, steps=100)
2026-04-30 15:57:43,685 - INFO - [overrides] applied from jit/configs/overrides.yaml: lr_scale=1.0 max_grad_norm=5.0 null_repel_weight=0.0 P_mean=0.0
2026-04-30 15:57:43,782 - INFO - [render-loss] step=81000 kept 34/64 samples (t_value >= 0.50)
2026-04-30 15:59:38,878 - INFO - Step   81200 | Epoch  81 | MSE: 0.3295 | Steps/sec: 1.61 | LR: 1.32e-04 | Render_L1: 0.0255 | Alpha_L1: 0.0339 | Render_LPIPS: 0.1688 | cos(c,null): +0.1614 | GradNorm: 0.0792 | MSE/t: [0.00-0.50]0.424(n=6463) [0.50-0.85]0.239(n=5792) [0.85-0.95]0.166(n=520) [0.95-1.00]0.157(n=25)
2026-04-30 15:59:38,981 - INFO - [render-loss] step=81200 kept 28/64 samples (t_value >= 0.50)
2026-04-30 16:01:34,279 - INFO - Step   81400 | Epoch  81 | MSE: 0.3250 | Steps/sec: 1.73 | LR: 1.32e-04 | Render_L1: 0.0255 | Alpha_L1: 0.0337 | Render_LPIPS: 0.1688 | cos(c,null): +0.1614 | GradNorm: 0.0837 | MSE/t: [0.00-0.50]0.418(n=6287) [0.50-0.85]0.241(n=6015) [0.85-0.95]0.169(n=474) [0.95-1.00]0.171(n=24)
2026-04-30 16:01:34,381 - INFO - [render-loss] step=81400 kept 35/64 samples (t_value >= 0.50)
2026-04-30 16:03:30,093 - INFO - Step   81600 | Epoch  82 | MSE: 0.3259 | Steps/sec: 1.73 | LR: 1.32e-04 | Render_L1: 0.0252 | Alpha_L1: 0.0339 | Render_LPIPS: 0.1692 | cos(c,null): +0.1618 | GradNorm: 0.0787 | MSE/t: [0.00-0.50]0.420(n=6311) [0.50-0.85]0.239(n=5949) [0.85-0.95]0.179(n=520) [0.95-1.00]0.181(n=20)
2026-04-30 16:03:30,195 - INFO - [render-loss] step=81600 kept 28/64 samples (t_value >= 0.50)
2026-04-30 16:05:25,390 - INFO - Step   81800 | Epoch  82 | MSE: 0.3282 | Steps/sec: 1.73 | LR: 1.31e-04 | Render_L1: 0.0256 | Alpha_L1: 0.0344 | Render_LPIPS: 0.1692 | cos(c,null): +0.1628 | GradNorm: 0.0796 | MSE/t: [0.00-0.50]0.423(n=6383) [0.50-0.85]0.239(n=5867) [0.85-0.95]0.173(n=530) [0.95-1.00]0.152(n=20)
2026-04-30 16:05:25,491 - INFO - [render-loss] step=81800 kept 31/64 samples (t_value >= 0.50)
2026-04-30 16:07:21,196 - INFO - Step   82000 | Epoch  82 | MSE: 0.3257 | Steps/sec: 1.73 | LR: 1.31e-04 | Render_L1: 0.0249 | Alpha_L1: 0.0334 | Render_LPIPS: 0.1665 | cos(c,null): +0.1623 | GradNorm: 0.0824 | MSE/t: [0.00-0.50]0.418(n=6421) [0.50-0.85]0.239(n=5794) [0.85-0.95]0.167(n=563) [0.95-1.00]0.162(n=22)
2026-04-30 16:07:21,409 - INFO - [cond] cfg_signal=0.0653 (min=0.0451 max=0.0910, n=16) | class_signal=0.0819 (min=0.0512 max=0.1259, n=16) | pred_rms=0.9644
2026-04-30 16:07:29,492 - INFO - [validation] saved: output/jit_B8_c11_20260430_033542/dit_validation/epoch_082_step_0082000_class016.png (class=16, sampler=heun, steps=100)
2026-04-30 16:07:30,750 - INFO - [overrides] applied from jit/configs/overrides.yaml: lr_scale=1.0 max_grad_norm=5.0 null_repel_weight=0.0 P_mean=0.0
2026-04-30 16:07:30,847 - INFO - [render-loss] step=82000 kept 30/64 samples (t_value >= 0.50)
2026-04-30 16:09:25,785 - INFO - Step   82200 | Epoch  82 | MSE: 0.3293 | Steps/sec: 1.61 | LR: 1.31e-04 | Render_L1: 0.0254 | Alpha_L1: 0.0340 | Render_LPIPS: 0.1684 | cos(c,null): +0.1621 | GradNorm: 0.0811 | MSE/t: [0.00-0.50]0.426(n=6364) [0.50-0.85]0.239(n=5885) [0.85-0.95]0.179(n=525) [0.95-1.00]0.175(n=26)
2026-04-30 16:09:25,887 - INFO - [render-loss] step=82200 kept 33/64 samples (t_value >= 0.50)
2026-04-30 16:11:21,268 - INFO - Step   82400 | Epoch  82 | MSE: 0.3272 | Steps/sec: 1.73 | LR: 1.31e-04 | Render_L1: 0.0255 | Alpha_L1: 0.0340 | Render_LPIPS: 0.1689 | cos(c,null): +0.1620 | GradNorm: 0.0846 | MSE/t: [0.00-0.50]0.421(n=6359) [0.50-0.85]0.240(n=5939) [0.85-0.95]0.169(n=485) [0.95-1.00]0.190(n=17)
2026-04-30 16:11:21,369 - INFO - [render-loss] step=82400 kept 30/64 samples (t_value >= 0.50)
2026-04-30 16:13:18,313 - INFO - Step   82600 | Epoch  83 | MSE: 0.3261 | Steps/sec: 1.71 | LR: 1.30e-04 | Render_L1: 0.0257 | Alpha_L1: 0.0343 | Render_LPIPS: 0.1689 | cos(c,null): +0.1611 | GradNorm: 0.0838 | MSE/t: [0.00-0.50]0.418(n=6350) [0.50-0.85]0.241(n=5929) [0.85-0.95]0.174(n=499) [0.95-1.00]0.136(n=22)
2026-04-30 16:13:18,415 - INFO - [render-loss] step=82600 kept 35/64 samples (t_value >= 0.50)
2026-04-30 16:15:13,659 - INFO - Step   82800 | Epoch  83 | MSE: 0.3268 | Steps/sec: 1.73 | LR: 1.30e-04 | Render_L1: 0.0250 | Alpha_L1: 0.0337 | Render_LPIPS: 0.1667 | cos(c,null): +0.1624 | GradNorm: 0.0798 | MSE/t: [0.00-0.50]0.421(n=6441) [0.50-0.85]0.237(n=5813) [0.85-0.95]0.166(n=518) [0.95-1.00]0.167(n=28)
2026-04-30 16:15:13,760 - INFO - [render-loss] step=82800 kept 41/64 samples (t_value >= 0.50)
2026-04-30 16:17:09,384 - INFO - Step   83000 | Epoch  83 | MSE: 0.3269 | Steps/sec: 1.73 | LR: 1.30e-04 | Render_L1: 0.0254 | Alpha_L1: 0.0334 | Render_LPIPS: 0.1666 | cos(c,null): +0.1630 | GradNorm: 0.0820 | MSE/t: [0.00-0.50]0.422(n=6365) [0.50-0.85]0.238(n=5939) [0.85-0.95]0.166(n=480) [0.95-1.00]0.170(n=16)
2026-04-30 16:17:09,598 - INFO - [cond] cfg_signal=0.0615 (min=0.0406 max=0.0845, n=16) | class_signal=0.0783 (min=0.0516 max=0.1025, n=16) | pred_rms=0.9406
2026-04-30 16:17:17,635 - INFO - [validation] saved: output/jit_B8_c11_20260430_033542/dit_validation/epoch_083_step_0083000_class028.png (class=28, sampler=heun, steps=100)
2026-04-30 16:17:18,809 - INFO - [overrides] applied from jit/configs/overrides.yaml: lr_scale=1.0 max_grad_norm=5.0 null_repel_weight=0.0 P_mean=0.0
2026-04-30 16:17:18,906 - INFO - [render-loss] step=83000 kept 21/64 samples (t_value >= 0.50)
2026-04-30 16:19:14,136 - INFO - Step   83200 | Epoch  83 | MSE: 0.3265 | Steps/sec: 1.61 | LR: 1.29e-04 | Render_L1: 0.0252 | Alpha_L1: 0.0329 | Render_LPIPS: 0.1666 | cos(c,null): +0.1617 | GradNorm: 0.0846 | MSE/t: [0.00-0.50]0.418(n=6498) [0.50-0.85]0.238(n=5763) [0.85-0.95]0.176(n=520) [0.95-1.00]0.209(n=19)
2026-04-30 16:19:14,238 - INFO - [render-loss] step=83200 kept 41/64 samples (t_value >= 0.50)
2026-04-30 16:21:09,447 - INFO - Step   83400 | Epoch  83 | MSE: 0.3281 | Steps/sec: 1.73 | LR: 1.29e-04 | Render_L1: 0.0253 | Alpha_L1: 0.0338 | Render_LPIPS: 0.1674 | cos(c,null): +0.1630 | GradNorm: 0.0798 | MSE/t: [0.00-0.50]0.426(n=6353) [0.50-0.85]0.238(n=5915) [0.85-0.95]0.171(n=506) [0.95-1.00]0.148(n=26)
2026-04-30 16:21:09,548 - INFO - [render-loss] step=83400 kept 30/64 samples (t_value >= 0.50)
2026-04-30 16:23:05,131 - INFO - Step   83600 | Epoch  84 | MSE: 0.3304 | Steps/sec: 1.73 | LR: 1.29e-04 | Render_L1: 0.0254 | Alpha_L1: 0.0336 | Render_LPIPS: 0.1677 | cos(c,null): +0.1632 | GradNorm: 0.0857 | MSE/t: [0.00-0.50]0.428(n=6397) [0.50-0.85]0.239(n=5849) [0.85-0.95]0.170(n=523) [0.95-1.00]0.157(n=31)
2026-04-30 16:23:05,232 - INFO - [render-loss] step=83600 kept 35/64 samples (t_value >= 0.50)
2026-04-30 16:25:00,599 - INFO - Step   83800 | Epoch  84 | MSE: 0.3275 | Steps/sec: 1.73 | LR: 1.28e-04 | Render_L1: 0.0253 | Alpha_L1: 0.0337 | Render_LPIPS: 0.1662 | cos(c,null): +0.1629 | GradNorm: 0.0837 | MSE/t: [0.00-0.50]0.421(n=6464) [0.50-0.85]0.238(n=5813) [0.85-0.95]0.167(n=505) [0.95-1.00]0.180(n=18)
2026-04-30 16:25:00,700 - INFO - [render-loss] step=83800 kept 32/64 samples (t_value >= 0.50)
2026-04-30 16:26:55,820 - INFO - Step   84000 | Epoch  84 | MSE: 0.3304 | Steps/sec: 1.74 | LR: 1.28e-04 | Render_L1: 0.0256 | Alpha_L1: 0.0342 | Render_LPIPS: 0.1692 | cos(c,null): +0.1630 | GradNorm: 0.0868 | MSE/t: [0.00-0.50]0.427(n=6429) [0.50-0.85]0.238(n=5834) [0.85-0.95]0.178(n=511) [0.95-1.00]0.140(n=26)
2026-04-30 16:26:56,035 - INFO - [cond] cfg_signal=0.0611 (min=0.0427 max=0.0800, n=16) | class_signal=0.0783 (min=0.0523 max=0.1061, n=16) | pred_rms=0.9117
2026-04-30 16:27:04,042 - INFO - [validation] saved: output/jit_B8_c11_20260430_033542/dit_validation/epoch_084_step_0084000_class038.png (class=38, sampler=heun, steps=100)
2026-04-30 16:27:05,212 - INFO - [overrides] applied from jit/configs/overrides.yaml: lr_scale=1.0 max_grad_norm=5.0 null_repel_weight=0.0 P_mean=0.0
2026-04-30 16:27:05,308 - INFO - [render-loss] step=84000 kept 29/64 samples (t_value >= 0.50)
2026-04-30 16:29:00,625 - INFO - Step   84200 | Epoch  84 | MSE: 0.3267 | Steps/sec: 1.61 | LR: 1.28e-04 | Render_L1: 0.0253 | Alpha_L1: 0.0335 | Render_LPIPS: 0.1668 | cos(c,null): +0.1635 | GradNorm: 0.0820 | MSE/t: [0.00-0.50]0.421(n=6351) [0.50-0.85]0.240(n=5898) [0.85-0.95]0.173(n=527) [0.95-1.00]0.157(n=24)
2026-04-30 16:29:00,726 - INFO - [render-loss] step=84200 kept 31/64 samples (t_value >= 0.50)
2026-04-30 16:30:55,812 - INFO - Step   84400 | Epoch  84 | MSE: 0.3286 | Steps/sec: 1.74 | LR: 1.28e-04 | Render_L1: 0.0255 | Alpha_L1: 0.0336 | Render_LPIPS: 0.1686 | cos(c,null): +0.1635 | GradNorm: 0.0859 | MSE/t: [0.00-0.50]0.418(n=6543) [0.50-0.85]0.240(n=5771) [0.85-0.95]0.172(n=466) [0.95-1.00]0.131(n=20)
2026-04-30 16:30:55,914 - INFO - [render-loss] step=84400 kept 32/64 samples (t_value >= 0.50)
2026-04-30 16:32:51,189 - INFO - Step   84600 | Epoch  85 | MSE: 0.3268 | Steps/sec: 1.73 | LR: 1.27e-04 | Render_L1: 0.0254 | Alpha_L1: 0.0336 | Render_LPIPS: 0.1670 | cos(c,null): +0.1627 | GradNorm: 0.0855 | MSE/t: [0.00-0.50]0.422(n=6325) [0.50-0.85]0.241(n=5936) [0.85-0.95]0.166(n=518) [0.95-1.00]0.163(n=21)
2026-04-30 16:32:51,291 - INFO - [render-loss] step=84600 kept 40/64 samples (t_value >= 0.50)
2026-04-30 16:34:46,583 - INFO - Step   84800 | Epoch  85 | MSE: 0.3301 | Steps/sec: 1.73 | LR: 1.27e-04 | Render_L1: 0.0253 | Alpha_L1: 0.0338 | Render_LPIPS: 0.1674 | cos(c,null): +0.1635 | GradNorm: 0.0807 | MSE/t: [0.00-0.50]0.429(n=6322) [0.50-0.85]0.240(n=5883) [0.85-0.95]0.169(n=576) [0.95-1.00]0.140(n=19)
2026-04-30 16:34:46,684 - INFO - [render-loss] step=84800 kept 40/64 samples (t_value >= 0.50)
2026-04-30 16:36:42,655 - INFO - Step   85000 | Epoch  85 | MSE: 0.3281 | Steps/sec: 1.72 | LR: 1.27e-04 | Render_L1: 0.0250 | Alpha_L1: 0.0333 | Render_LPIPS: 0.1658 | cos(c,null): +0.1642 | GradNorm: 0.0830 | MSE/t: [0.00-0.50]0.426(n=6311) [0.50-0.85]0.239(n=5962) [0.85-0.95]0.165(n=501) [0.95-1.00]0.176(n=26)
2026-04-30 16:36:42,868 - INFO - [cond] cfg_signal=0.0635 (min=0.0478 max=0.0812, n=16) | class_signal=0.0821 (min=0.0534 max=0.1062, n=16) | pred_rms=0.9834
2026-04-30 16:36:51,196 - INFO - [validation] saved: output/jit_B8_c11_20260430_033542/dit_validation/epoch_085_step_0085000_class036.png (class=36, sampler=heun, steps=100)
2026-04-30 16:36:52,363 - INFO - [overrides] applied from jit/configs/overrides.yaml: lr_scale=1.0 max_grad_norm=5.0 null_repel_weight=0.0 P_mean=0.0
2026-04-30 16:36:52,460 - INFO - [render-loss] step=85000 kept 29/64 samples (t_value >= 0.50)
2026-04-30 16:38:48,526 - INFO - Step   85200 | Epoch  85 | MSE: 0.3279 | Steps/sec: 1.59 | LR: 1.26e-04 | Render_L1: 0.0251 | Alpha_L1: 0.0333 | Render_LPIPS: 0.1670 | cos(c,null): +0.1640 | GradNorm: 0.0817 | MSE/t: [0.00-0.50]0.421(n=6397) [0.50-0.85]0.241(n=5883) [0.85-0.95]0.170(n=500) [0.95-1.00]0.161(n=20)
2026-04-30 16:38:48,629 - INFO - [render-loss] step=85200 kept 29/64 samples (t_value >= 0.50)
2026-04-30 16:40:44,014 - INFO - Step   85400 | Epoch  86 | MSE: 0.3286 | Steps/sec: 1.73 | LR: 1.26e-04 | Render_L1: 0.0252 | Alpha_L1: 0.0329 | Render_LPIPS: 0.1659 | cos(c,null): +0.1638 | GradNorm: 0.0827 | MSE/t: [0.00-0.50]0.426(n=6346) [0.50-0.85]0.238(n=5903) [0.85-0.95]0.172(n=527) [0.95-1.00]0.167(n=24)
2026-04-30 16:40:44,115 - INFO - [render-loss] step=85400 kept 34/64 samples (t_value >= 0.50)
2026-04-30 16:42:39,557 - INFO - Step   85600 | Epoch  86 | MSE: 0.3275 | Steps/sec: 1.73 | LR: 1.26e-04 | Render_L1: 0.0253 | Alpha_L1: 0.0337 | Render_LPIPS: 0.1670 | cos(c,null): +0.1647 | GradNorm: 0.0848 | MSE/t: [0.00-0.50]0.425(n=6328) [0.50-0.85]0.238(n=5922) [0.85-0.95]0.167(n=515) [0.95-1.00]0.167(n=35)
2026-04-30 16:42:39,658 - INFO - [render-loss] step=85600 kept 31/64 samples (t_value >= 0.50)
2026-04-30 16:44:34,787 - INFO - Step   85800 | Epoch  86 | MSE: 0.3283 | Steps/sec: 1.74 | LR: 1.26e-04 | Render_L1: 0.0248 | Alpha_L1: 0.0329 | Render_LPIPS: 0.1648 | cos(c,null): +0.1643 | GradNorm: 0.0836 | MSE/t: [0.00-0.50]0.423(n=6462) [0.50-0.85]0.237(n=5813) [0.85-0.95]0.170(n=499) [0.95-1.00]0.163(n=26)
2026-04-30 16:44:34,888 - INFO - [render-loss] step=85800 kept 35/64 samples (t_value >= 0.50)
2026-04-30 16:46:30,619 - INFO - Step   86000 | Epoch  86 | MSE: 0.3298 | Steps/sec: 1.73 | LR: 1.25e-04 | Render_L1: 0.0253 | Alpha_L1: 0.0341 | Render_LPIPS: 0.1683 | cos(c,null): +0.1646 | GradNorm: 0.0852 | MSE/t: [0.00-0.50]0.423(n=6376) [0.50-0.85]0.243(n=5887) [0.85-0.95]0.174(n=513) [0.95-1.00]0.143(n=24)
2026-04-30 16:46:30,831 - INFO - [cond] cfg_signal=0.0631 (min=0.0443 max=0.0874, n=16) | class_signal=0.0810 (min=0.0510 max=0.1028, n=16) | pred_rms=0.9588
2026-04-30 16:46:38,866 - INFO - [validation] saved: output/jit_B8_c11_20260430_033542/dit_validation/epoch_086_step_0086000_class034.png (class=34, sampler=heun, steps=100)
2026-04-30 16:46:40,034 - INFO - [overrides] applied from jit/configs/overrides.yaml: lr_scale=1.0 max_grad_norm=5.0 null_repel_weight=0.0 P_mean=0.0
2026-04-30 16:46:40,131 - INFO - [render-loss] step=86000 kept 33/64 samples (t_value >= 0.50)
2026-04-30 16:48:35,695 - INFO - Step   86200 | Epoch  86 | MSE: 0.3279 | Steps/sec: 1.60 | LR: 1.25e-04 | Render_L1: 0.0251 | Alpha_L1: 0.0333 | Render_LPIPS: 0.1664 | cos(c,null): +0.1643 | GradNorm: 0.0848 | MSE/t: [0.00-0.50]0.425(n=6326) [0.50-0.85]0.239(n=5911) [0.85-0.95]0.168(n=530) [0.95-1.00]0.150(n=33)
2026-04-30 16:48:35,797 - INFO - [render-loss] step=86200 kept 33/64 samples (t_value >= 0.50)
2026-04-30 16:50:31,035 - INFO - Step   86400 | Epoch  87 | MSE: 0.3288 | Steps/sec: 1.73 | LR: 1.25e-04 | Render_L1: 0.0251 | Alpha_L1: 0.0335 | Render_LPIPS: 0.1665 | cos(c,null): +0.1644 | GradNorm: 0.0875 | MSE/t: [0.00-0.50]0.426(n=6348) [0.50-0.85]0.239(n=5910) [0.85-0.95]0.172(n=527) [0.95-1.00]0.148(n=15)
2026-04-30 16:50:31,137 - INFO - [render-loss] step=86400 kept 30/64 samples (t_value >= 0.50)
2026-04-30 16:52:26,315 - INFO - Step   86600 | Epoch  87 | MSE: 0.3241 | Steps/sec: 1.73 | LR: 1.24e-04 | Render_L1: 0.0246 | Alpha_L1: 0.0332 | Render_LPIPS: 0.1645 | cos(c,null): +0.1649 | GradNorm: 0.0846 | MSE/t: [0.00-0.50]0.416(n=6403) [0.50-0.85]0.238(n=5885) [0.85-0.95]0.171(n=489) [0.95-1.00]0.138(n=23)
2026-04-30 16:52:26,416 - INFO - [render-loss] step=86600 kept 30/64 samples (t_value >= 0.50)
2026-04-30 16:54:21,713 - INFO - Step   86800 | Epoch  87 | MSE: 0.3292 | Steps/sec: 1.73 | LR: 1.24e-04 | Render_L1: 0.0256 | Alpha_L1: 0.0339 | Render_LPIPS: 0.1678 | cos(c,null): +0.1647 | GradNorm: 0.0851 | MSE/t: [0.00-0.50]0.425(n=6404) [0.50-0.85]0.240(n=5851) [0.85-0.95]0.165(n=527) [0.95-1.00]0.184(n=18)
2026-04-30 16:54:21,815 - INFO - [render-loss] step=86800 kept 34/64 samples (t_value >= 0.50)
2026-04-30 16:56:16,797 - INFO - Step   87000 | Epoch  87 | MSE: 0.3285 | Steps/sec: 1.74 | LR: 1.24e-04 | Render_L1: 0.0248 | Alpha_L1: 0.0335 | Render_LPIPS: 0.1666 | cos(c,null): +0.1661 | GradNorm: 0.0842 | MSE/t: [0.00-0.50]0.422(n=6375) [0.50-0.85]0.241(n=5888) [0.85-0.95]0.172(n=521) [0.95-1.00]0.233(n=16)
2026-04-30 16:56:17,011 - INFO - [cond] cfg_signal=0.0662 (min=0.0449 max=0.0868, n=16) | class_signal=0.0852 (min=0.0538 max=0.1135, n=16) | pred_rms=0.9335
2026-04-30 16:56:25,068 - INFO - [validation] saved: output/jit_B8_c11_20260430_033542/dit_validation/epoch_087_step_0087000_class069.png (class=69, sampler=heun, steps=100)
2026-04-30 16:56:26,277 - INFO - [overrides] applied from jit/configs/overrides.yaml: lr_scale=1.0 max_grad_norm=5.0 null_repel_weight=0.0 P_mean=0.0
2026-04-30 16:56:26,376 - INFO - [render-loss] step=87000 kept 29/64 samples (t_value >= 0.50)
2026-04-30 16:58:22,245 - INFO - Step   87200 | Epoch  87 | MSE: 0.3277 | Steps/sec: 1.60 | LR: 1.23e-04 | Render_L1: 0.0251 | Alpha_L1: 0.0334 | Render_LPIPS: 0.1665 | cos(c,null): +0.1687 | GradNorm: 0.0843 | MSE/t: [0.00-0.50]0.424(n=6317) [0.50-0.85]0.239(n=5936) [0.85-0.95]0.171(n=530) [0.95-1.00]0.183(n=17)
2026-04-30 16:58:22,346 - INFO - [render-loss] step=87200 kept 32/64 samples (t_value >= 0.50)
2026-04-30 17:00:17,791 - INFO - Step   87400 | Epoch  88 | MSE: 0.3265 | Steps/sec: 1.73 | LR: 1.23e-04 | Render_L1: 0.0249 | Alpha_L1: 0.0331 | Render_LPIPS: 0.1663 | cos(c,null): +0.1698 | GradNorm: 0.0872 | MSE/t: [0.00-0.50]0.423(n=6293) [0.50-0.85]0.239(n=5960) [0.85-0.95]0.170(n=531) [0.95-1.00]0.161(n=16)
2026-04-30 17:00:17,893 - INFO - [render-loss] step=87400 kept 35/64 samples (t_value >= 0.50)
2026-04-30 17:02:12,661 - INFO - Step   87600 | Epoch  88 | MSE: 0.3310 | Steps/sec: 1.74 | LR: 1.23e-04 | Render_L1: 0.0250 | Alpha_L1: 0.0328 | Render_LPIPS: 0.1667 | cos(c,null): +0.1696 | GradNorm: 0.0860 | MSE/t: [0.00-0.50]0.426(n=6456) [0.50-0.85]0.241(n=5793) [0.85-0.95]0.165(n=527) [0.95-1.00]0.152(n=24)
2026-04-30 17:02:12,763 - INFO - [render-loss] step=87600 kept 33/64 samples (t_value >= 0.50)
2026-04-30 17:04:08,603 - INFO - Step   87800 | Epoch  88 | MSE: 0.3264 | Steps/sec: 1.73 | LR: 1.23e-04 | Render_L1: 0.0251 | Alpha_L1: 0.0328 | Render_LPIPS: 0.1654 | cos(c,null): +0.1690 | GradNorm: 0.0862 | MSE/t: [0.00-0.50]0.419(n=6411) [0.50-0.85]0.239(n=5847) [0.85-0.95]0.174(n=518) [0.95-1.00]0.172(n=24)
2026-04-30 17:04:08,706 - INFO - [render-loss] step=87800 kept 32/64 samples (t_value >= 0.50)
2026-04-30 17:06:04,535 - INFO - Step   88000 | Epoch  88 | MSE: 0.3262 | Steps/sec: 1.73 | LR: 1.22e-04 | Render_L1: 0.0246 | Alpha_L1: 0.0329 | Render_LPIPS: 0.1645 | cos(c,null): +0.1697 | GradNorm: 0.0901 | MSE/t: [0.00-0.50]0.421(n=6377) [0.50-0.85]0.238(n=5876) [0.85-0.95]0.164(n=531) [0.95-1.00]0.147(n=16)
2026-04-30 17:06:04,748 - INFO - [cond] cfg_signal=0.0664 (min=0.0448 max=0.0847, n=16) | class_signal=0.0846 (min=0.0571 max=0.1158, n=16) | pred_rms=0.9655
2026-04-30 17:06:12,786 - INFO - [validation] saved: output/jit_B8_c11_20260430_033542/dit_validation/epoch_088_step_0088000_class086.png (class=86, sampler=heun, steps=100)
2026-04-30 17:06:13,991 - INFO - [overrides] applied from jit/configs/overrides.yaml: lr_scale=1.0 max_grad_norm=5.0 null_repel_weight=0.0 P_mean=0.0
2026-04-30 17:06:14,087 - INFO - [render-loss] step=88000 kept 37/64 samples (t_value >= 0.50)
2026-04-30 17:08:09,145 - INFO - Step   88200 | Epoch  88 | MSE: 0.3284 | Steps/sec: 1.61 | LR: 1.22e-04 | Render_L1: 0.0251 | Alpha_L1: 0.0330 | Render_LPIPS: 0.1663 | cos(c,null): +0.1705 | GradNorm: 0.0889 | MSE/t: [0.00-0.50]0.423(n=6387) [0.50-0.85]0.239(n=5892) [0.85-0.95]0.175(n=506) [0.95-1.00]0.157(n=15)
2026-04-30 17:08:09,247 - INFO - [render-loss] step=88200 kept 25/64 samples (t_value >= 0.50)
2026-04-30 17:10:04,641 - INFO - Step   88400 | Epoch  89 | MSE: 0.3295 | Steps/sec: 1.73 | LR: 1.22e-04 | Render_L1: 0.0252 | Alpha_L1: 0.0337 | Render_LPIPS: 0.1664 | cos(c,null): +0.1701 | GradNorm: 0.0959 | MSE/t: [0.00-0.50]0.423(n=6425) [0.50-0.85]0.241(n=5807) [0.85-0.95]0.173(n=549) [0.95-1.00]0.141(n=19)
2026-04-30 17:10:04,744 - INFO - [render-loss] step=88400 kept 36/64 samples (t_value >= 0.50)
2026-04-30 17:11:59,667 - INFO - Step   88600 | Epoch  89 | MSE: 0.3298 | Steps/sec: 1.74 | LR: 1.21e-04 | Render_L1: 0.0251 | Alpha_L1: 0.0331 | Render_LPIPS: 0.1652 | cos(c,null): +0.1700 | GradNorm: 0.0852 | MSE/t: [0.00-0.50]0.425(n=6429) [0.50-0.85]0.238(n=5888) [0.85-0.95]0.178(n=467) [0.95-1.00]0.183(n=16)
2026-04-30 17:11:59,768 - INFO - [render-loss] step=88600 kept 26/64 samples (t_value >= 0.50)
2026-04-30 17:13:54,336 - INFO - Step   88800 | Epoch  89 | MSE: 0.3301 | Steps/sec: 1.74 | LR: 1.21e-04 | Render_L1: 0.0253 | Alpha_L1: 0.0336 | Render_LPIPS: 0.1676 | cos(c,null): +0.1695 | GradNorm: 0.0855 | MSE/t: [0.00-0.50]0.420(n=6518) [0.50-0.85]0.243(n=5771) [0.85-0.95]0.172(n=490) [0.95-1.00]0.165(n=21)
2026-04-30 17:13:54,438 - INFO - [render-loss] step=88800 kept 31/64 samples (t_value >= 0.50)
2026-04-30 17:15:49,777 - INFO - Step   89000 | Epoch  89 | MSE: 0.3285 | Steps/sec: 1.73 | LR: 1.21e-04 | Render_L1: 0.0248 | Alpha_L1: 0.0327 | Render_LPIPS: 0.1641 | cos(c,null): +0.1707 | GradNorm: 0.0859 | MSE/t: [0.00-0.50]0.426(n=6340) [0.50-0.85]0.238(n=5933) [0.85-0.95]0.165(n=499) [0.95-1.00]0.156(n=28)
2026-04-30 17:15:49,988 - INFO - [cond] cfg_signal=0.0664 (min=0.0471 max=0.0880, n=16) | class_signal=0.0830 (min=0.0569 max=0.1152, n=16) | pred_rms=0.9542
2026-04-30 17:15:57,952 - INFO - [validation] saved: output/jit_B8_c11_20260430_033542/dit_validation/epoch_089_step_0089000_class086.png (class=86, sampler=heun, steps=100)
2026-04-30 17:15:59,146 - INFO - [overrides] applied from jit/configs/overrides.yaml: lr_scale=1.0 max_grad_norm=5.0 null_repel_weight=0.0 P_mean=0.0
2026-04-30 17:15:59,244 - INFO - [render-loss] step=89000 kept 34/64 samples (t_value >= 0.50)
2026-04-30 17:17:54,529 - INFO - Step   89200 | Epoch  89 | MSE: 0.3297 | Steps/sec: 1.61 | LR: 1.21e-04 | Render_L1: 0.0245 | Alpha_L1: 0.0325 | Render_LPIPS: 0.1636 | cos(c,null): +0.1713 | GradNorm: 0.0832 | MSE/t: [0.00-0.50]0.426(n=6370) [0.50-0.85]0.240(n=5922) [0.85-0.95]0.166(n=489) [0.95-1.00]0.150(n=19)
2026-04-30 17:17:54,630 - INFO - [render-loss] step=89200 kept 29/64 samples (t_value >= 0.50)
2026-04-30 17:19:49,913 - INFO - Step   89400 | Epoch  90 | MSE: 0.3297 | Steps/sec: 1.73 | LR: 1.20e-04 | Render_L1: 0.0251 | Alpha_L1: 0.0331 | Render_LPIPS: 0.1656 | cos(c,null): +0.1710 | GradNorm: 0.0860 | MSE/t: [0.00-0.50]0.423(n=6526) [0.50-0.85]0.239(n=5761) [0.85-0.95]0.167(n=498) [0.95-1.00]0.192(n=15)
2026-04-30 17:19:50,014 - INFO - [render-loss] step=89400 kept 25/64 samples (t_value >= 0.50)
2026-04-30 17:21:44,934 - INFO - Step   89600 | Epoch  90 | MSE: 0.3324 | Steps/sec: 1.74 | LR: 1.20e-04 | Render_L1: 0.0252 | Alpha_L1: 0.0326 | Render_LPIPS: 0.1665 | cos(c,null): +0.1719 | GradNorm: 0.0911 | MSE/t: [0.00-0.50]0.427(n=6403) [0.50-0.85]0.243(n=5886) [0.85-0.95]0.168(n=488) [0.95-1.00]0.159(n=23)
2026-04-30 17:21:45,035 - INFO - [render-loss] step=89600 kept 32/64 samples (t_value >= 0.50)
2026-04-30 17:23:40,031 - INFO - Step   89800 | Epoch  90 | MSE: 0.3298 | Steps/sec: 1.74 | LR: 1.20e-04 | Render_L1: 0.0250 | Alpha_L1: 0.0332 | Render_LPIPS: 0.1659 | cos(c,null): +0.1720 | GradNorm: 0.0901 | MSE/t: [0.00-0.50]0.422(n=6425) [0.50-0.85]0.243(n=5842) [0.85-0.95]0.168(n=510) [0.95-1.00]0.156(n=23)
2026-04-30 17:23:40,132 - INFO - [render-loss] step=89800 kept 32/64 samples (t_value >= 0.50)
2026-04-30 17:25:35,405 - INFO - Step   90000 | Epoch  90 | MSE: 0.3276 | Steps/sec: 1.73 | LR: 1.19e-04 | Render_L1: 0.0244 | Alpha_L1: 0.0326 | Render_LPIPS: 0.1643 | cos(c,null): +0.1729 | GradNorm: 0.0878 | MSE/t: [0.00-0.50]0.419(n=6383) [0.50-0.85]0.242(n=5914) [0.85-0.95]0.168(n=487) [0.95-1.00]0.162(n=16)
2026-04-30 17:25:35,615 - INFO - [cond] cfg_signal=0.0674 (min=0.0472 max=0.0952, n=16) | class_signal=0.0841 (min=0.0546 max=0.1286, n=16) | pred_rms=0.9406
2026-04-30 17:25:43,939 - INFO - [validation] saved: output/jit_B8_c11_20260430_033542/dit_validation/epoch_090_step_0090000_class005.png (class=5, sampler=heun, steps=100)
2026-04-30 17:25:45,133 - INFO - [overrides] applied from jit/configs/overrides.yaml: lr_scale=1.0 max_grad_norm=5.0 null_repel_weight=0.0 P_mean=0.0
2026-04-30 17:25:45,229 - INFO - [render-loss] step=90000 kept 37/64 samples (t_value >= 0.50)
2026-04-30 17:27:40,203 - INFO - Step   90200 | Epoch  90 | MSE: 0.3254 | Steps/sec: 1.61 | LR: 1.19e-04 | Render_L1: 0.0249 | Alpha_L1: 0.0328 | Render_LPIPS: 0.1644 | cos(c,null): +0.1719 | GradNorm: 0.0886 | MSE/t: [0.00-0.50]0.415(n=6444) [0.50-0.85]0.240(n=5815) [0.85-0.95]0.165(n=518) [0.95-1.00]0.176(n=23)
2026-04-30 17:27:40,304 - INFO - [render-loss] step=90200 kept 31/64 samples (t_value >= 0.50)
2026-04-30 17:29:36,286 - INFO - Step   90400 | Epoch  91 | MSE: 0.3288 | Steps/sec: 1.72 | LR: 1.19e-04 | Render_L1: 0.0249 | Alpha_L1: 0.0326 | Render_LPIPS: 0.1640 | cos(c,null): +0.1721 | GradNorm: 0.0889 | MSE/t: [0.00-0.50]0.422(n=6495) [0.50-0.85]0.239(n=5768) [0.85-0.95]0.167(n=517) [0.95-1.00]0.148(n=20)
2026-04-30 17:29:36,387 - INFO - [render-loss] step=90400 kept 23/64 samples (t_value >= 0.50)
2026-04-30 17:31:31,756 - INFO - Step   90600 | Epoch  91 | MSE: 0.3289 | Steps/sec: 1.73 | LR: 1.18e-04 | Render_L1: 0.0248 | Alpha_L1: 0.0333 | Render_LPIPS: 0.1647 | cos(c,null): +0.1733 | GradNorm: 0.0888 | MSE/t: [0.00-0.50]0.424(n=6416) [0.50-0.85]0.238(n=5899) [0.85-0.95]0.174(n=461) [0.95-1.00]0.169(n=24)
2026-04-30 17:31:31,858 - INFO - [render-loss] step=90600 kept 35/64 samples (t_value >= 0.50)
2026-04-30 17:33:27,301 - INFO - Step   90800 | Epoch  91 | MSE: 0.3287 | Steps/sec: 1.73 | LR: 1.18e-04 | Render_L1: 0.0245 | Alpha_L1: 0.0322 | Render_LPIPS: 0.1633 | cos(c,null): +0.1732 | GradNorm: 0.0886 | MSE/t: [0.00-0.50]0.425(n=6394) [0.50-0.85]0.239(n=5869) [0.85-0.95]0.169(n=516) [0.95-1.00]0.151(n=21)
2026-04-30 17:33:27,403 - INFO - [render-loss] step=90800 kept 36/64 samples (t_value >= 0.50)
2026-04-30 17:35:22,886 - INFO - Step   91000 | Epoch  91 | MSE: 0.3299 | Steps/sec: 1.73 | LR: 1.18e-04 | Render_L1: 0.0244 | Alpha_L1: 0.0320 | Render_LPIPS: 0.1638 | cos(c,null): +0.1740 | GradNorm: 0.0894 | MSE/t: [0.00-0.50]0.426(n=6344) [0.50-0.85]0.240(n=5965) [0.85-0.95]0.175(n=471) [0.95-1.00]0.158(n=20)
2026-04-30 17:35:23,099 - INFO - [cond] cfg_signal=0.0723 (min=0.0473 max=0.1310, n=16) | class_signal=0.0910 (min=0.0585 max=0.1560, n=16) | pred_rms=0.9562
2026-04-30 17:35:31,108 - INFO - [validation] saved: output/jit_B8_c11_20260430_033542/dit_validation/epoch_091_step_0091000_class013.png (class=13, sampler=heun, steps=100)
2026-04-30 17:35:32,311 - INFO - [overrides] applied from jit/configs/overrides.yaml: lr_scale=1.0 max_grad_norm=5.0 null_repel_weight=0.0 P_mean=0.0
2026-04-30 17:35:32,408 - INFO - [render-loss] step=91000 kept 26/64 samples (t_value >= 0.50)
2026-04-30 17:37:27,557 - INFO - Step   91200 | Epoch  91 | MSE: 0.3253 | Steps/sec: 1.61 | LR: 1.18e-04 | Render_L1: 0.0250 | Alpha_L1: 0.0333 | Render_LPIPS: 0.1653 | cos(c,null): +0.1741 | GradNorm: 0.0909 | MSE/t: [0.00-0.50]0.416(n=6426) [0.50-0.85]0.239(n=5882) [0.85-0.95]0.171(n=469) [0.95-1.00]0.194(n=23)
2026-04-30 17:37:27,658 - INFO - [render-loss] step=91200 kept 39/64 samples (t_value >= 0.50)
2026-04-30 17:39:22,788 - INFO - Step   91400 | Epoch  92 | MSE: 0.3277 | Steps/sec: 1.74 | LR: 1.17e-04 | Render_L1: 0.0243 | Alpha_L1: 0.0323 | Render_LPIPS: 0.1626 | cos(c,null): +0.1746 | GradNorm: 0.0879 | MSE/t: [0.00-0.50]0.424(n=6419) [0.50-0.85]0.237(n=5848) [0.85-0.95]0.171(n=510) [0.95-1.00]0.208(n=23)
2026-04-30 17:39:22,890 - INFO - [render-loss] step=91400 kept 36/64 samples (t_value >= 0.50)
2026-04-30 17:41:17,666 - INFO - Step   91600 | Epoch  92 | MSE: 0.3295 | Steps/sec: 1.74 | LR: 1.17e-04 | Render_L1: 0.0248 | Alpha_L1: 0.0326 | Render_LPIPS: 0.1646 | cos(c,null): +0.1736 | GradNorm: 0.0917 | MSE/t: [0.00-0.50]0.423(n=6470) [0.50-0.85]0.241(n=5791) [0.85-0.95]0.165(n=516) [0.95-1.00]0.141(n=23)
2026-04-30 17:41:17,766 - INFO - [render-loss] step=91600 kept 33/64 samples (t_value >= 0.50)
2026-04-30 17:43:12,924 - INFO - Step   91800 | Epoch  92 | MSE: 0.3260 | Steps/sec: 1.74 | LR: 1.17e-04 | Render_L1: 0.0246 | Alpha_L1: 0.0326 | Render_LPIPS: 0.1644 | cos(c,null): +0.1730 | GradNorm: 0.0892 | MSE/t: [0.00-0.50]0.420(n=6364) [0.50-0.85]0.239(n=5892) [0.85-0.95]0.167(n=528) [0.95-1.00]0.154(n=16)
2026-04-30 17:43:13,025 - INFO - [render-loss] step=91800 kept 26/64 samples (t_value >= 0.50)
2026-04-30 17:45:08,429 - INFO - Step   92000 | Epoch  92 | MSE: 0.3262 | Steps/sec: 1.73 | LR: 1.16e-04 | Render_L1: 0.0242 | Alpha_L1: 0.0320 | Render_LPIPS: 0.1615 | cos(c,null): +0.1730 | GradNorm: 0.0892 | MSE/t: [0.00-0.50]0.421(n=6387) [0.50-0.85]0.237(n=5916) [0.85-0.95]0.169(n=478) [0.95-1.00]0.183(n=19)
2026-04-30 17:45:08,642 - INFO - [cond] cfg_signal=0.0693 (min=0.0493 max=0.1100, n=16) | class_signal=0.0879 (min=0.0586 max=0.1320, n=16) | pred_rms=0.9598
2026-04-30 17:45:16,693 - INFO - [validation] saved: output/jit_B8_c11_20260430_033542/dit_validation/epoch_092_step_0092000_class057.png (class=57, sampler=heun, steps=100)
2026-04-30 17:45:17,893 - INFO - [overrides] applied from jit/configs/overrides.yaml: lr_scale=1.0 max_grad_norm=5.0 null_repel_weight=0.0 P_mean=0.0
2026-04-30 17:45:17,990 - INFO - [render-loss] step=92000 kept 24/64 samples (t_value >= 0.50)
2026-04-30 17:47:12,998 - INFO - Step   92200 | Epoch  92 | MSE: 0.3289 | Steps/sec: 1.61 | LR: 1.16e-04 | Render_L1: 0.0247 | Alpha_L1: 0.0329 | Render_LPIPS: 0.1648 | cos(c,null): +0.1728 | GradNorm: 0.0878 | MSE/t: [0.00-0.50]0.420(n=6497) [0.50-0.85]0.242(n=5779) [0.85-0.95]0.163(n=511) [0.95-1.00]0.123(n=13)
2026-04-30 17:47:13,101 - INFO - [render-loss] step=92200 kept 28/64 samples (t_value >= 0.50)
2026-04-30 17:49:08,348 - INFO - Step   92400 | Epoch  93 | MSE: 0.3286 | Steps/sec: 1.73 | LR: 1.16e-04 | Render_L1: 0.0248 | Alpha_L1: 0.0324 | Render_LPIPS: 0.1642 | cos(c,null): +0.1733 | GradNorm: 0.0956 | MSE/t: [0.00-0.50]0.425(n=6349) [0.50-0.85]0.240(n=5923) [0.85-0.95]0.165(n=507) [0.95-1.00]0.180(n=21)
2026-04-30 17:49:08,450 - INFO - [render-loss] step=92400 kept 31/64 samples (t_value >= 0.50)
2026-04-30 17:51:03,326 - INFO - Step   92600 | Epoch  93 | MSE: 0.3295 | Steps/sec: 1.74 | LR: 1.15e-04 | Render_L1: 0.0247 | Alpha_L1: 0.0327 | Render_LPIPS: 0.1644 | cos(c,null): +0.1732 | GradNorm: 0.0989 | MSE/t: [0.00-0.50]0.422(n=6397) [0.50-0.85]0.243(n=5900) [0.85-0.95]0.167(n=487) [0.95-1.00]0.132(n=16)
2026-04-30 17:51:03,428 - INFO - [render-loss] step=92600 kept 29/64 samples (t_value >= 0.50)
2026-04-30 17:52:58,436 - INFO - Step   92800 | Epoch  93 | MSE: 0.3316 | Steps/sec: 1.74 | LR: 1.15e-04 | Render_L1: 0.0249 | Alpha_L1: 0.0326 | Render_LPIPS: 0.1647 | cos(c,null): +0.1723 | GradNorm: 0.0946 | MSE/t: [0.00-0.50]0.424(n=6486) [0.50-0.85]0.242(n=5824) [0.85-0.95]0.174(n=472) [0.95-1.00]0.141(n=18)
2026-04-30 17:52:58,538 - INFO - [render-loss] step=92800 kept 37/64 samples (t_value >= 0.50)
2026-04-30 17:54:54,277 - INFO - Step   93000 | Epoch  93 | MSE: 0.3304 | Steps/sec: 1.73 | LR: 1.15e-04 | Render_L1: 0.0245 | Alpha_L1: 0.0322 | Render_LPIPS: 0.1631 | cos(c,null): +0.1729 | GradNorm: 0.0928 | MSE/t: [0.00-0.50]0.426(n=6417) [0.50-0.85]0.239(n=5884) [0.85-0.95]0.171(n=479) [0.95-1.00]0.168(n=20)
2026-04-30 17:54:54,489 - INFO - [cond] cfg_signal=0.0692 (min=0.0431 max=0.1026, n=16) | class_signal=0.0866 (min=0.0576 max=0.1214, n=16) | pred_rms=0.9407
2026-04-30 17:55:02,520 - INFO - [validation] saved: output/jit_B8_c11_20260430_033542/dit_validation/epoch_093_step_0093000_class006.png (class=6, sampler=heun, steps=100)
2026-04-30 17:55:03,718 - INFO - [overrides] applied from jit/configs/overrides.yaml: lr_scale=1.0 max_grad_norm=5.0 null_repel_weight=0.0 P_mean=0.0
2026-04-30 17:55:03,814 - INFO - [render-loss] step=93000 kept 36/64 samples (t_value >= 0.50)
2026-04-30 17:56:58,924 - INFO - Step   93200 | Epoch  93 | MSE: 0.3293 | Steps/sec: 1.61 | LR: 1.15e-04 | Render_L1: 0.0252 | Alpha_L1: 0.0329 | Render_LPIPS: 0.1664 | cos(c,null): +0.1729 | GradNorm: 0.0942 | MSE/t: [0.00-0.50]0.420(n=6418) [0.50-0.85]0.244(n=5838) [0.85-0.95]0.170(n=521) [0.95-1.00]0.184(n=23)
2026-04-30 17:56:59,025 - INFO - [render-loss] step=93200 kept 33/64 samples (t_value >= 0.50)
2026-04-30 17:58:54,304 - INFO - Step   93400 | Epoch  94 | MSE: 0.3298 | Steps/sec: 1.73 | LR: 1.14e-04 | Render_L1: 0.0248 | Alpha_L1: 0.0330 | Render_LPIPS: 0.1652 | cos(c,null): +0.1730 | GradNorm: 0.0897 | MSE/t: [0.00-0.50]0.423(n=6376) [0.50-0.85]0.243(n=5906) [0.85-0.95]0.181(n=495) [0.95-1.00]0.152(n=23)
2026-04-30 17:58:54,405 - INFO - [render-loss] step=93400 kept 23/64 samples (t_value >= 0.50)
2026-04-30 18:00:49,510 - INFO - Step   93600 | Epoch  94 | MSE: 0.3284 | Steps/sec: 1.74 | LR: 1.14e-04 | Render_L1: 0.0247 | Alpha_L1: 0.0323 | Render_LPIPS: 0.1639 | cos(c,null): +0.1744 | GradNorm: 0.0906 | MSE/t: [0.00-0.50]0.422(n=6423) [0.50-0.85]0.240(n=5840) [0.85-0.95]0.176(n=515) [0.95-1.00]0.156(n=22)
2026-04-30 18:00:49,612 - INFO - [render-loss] step=93600 kept 31/64 samples (t_value >= 0.50)
2026-04-30 18:02:44,718 - INFO - Step   93800 | Epoch  94 | MSE: 0.3276 | Steps/sec: 1.74 | LR: 1.14e-04 | Render_L1: 0.0248 | Alpha_L1: 0.0325 | Render_LPIPS: 0.1648 | cos(c,null): +0.1752 | GradNorm: 0.0893 | MSE/t: [0.00-0.50]0.422(n=6381) [0.50-0.85]0.240(n=5920) [0.85-0.95]0.166(n=477) [0.95-1.00]0.156(n=22)
2026-04-30 18:02:44,820 - INFO - [render-loss] step=93800 kept 35/64 samples (t_value >= 0.50)
2026-04-30 18:04:40,277 - INFO - Step   94000 | Epoch  94 | MSE: 0.3278 | Steps/sec: 1.73 | LR: 1.13e-04 | Render_L1: 0.0248 | Alpha_L1: 0.0327 | Render_LPIPS: 0.1641 | cos(c,null): +0.1758 | GradNorm: 0.0956 | MSE/t: [0.00-0.50]0.419(n=6500) [0.50-0.85]0.240(n=5771) [0.85-0.95]0.168(n=511) [0.95-1.00]0.164(n=18)
2026-04-30 18:04:40,489 - INFO - [cond] cfg_signal=0.0670 (min=0.0486 max=0.0894, n=16) | class_signal=0.0847 (min=0.0549 max=0.1081, n=16) | pred_rms=0.9231
2026-04-30 18:04:48,869 - INFO - [validation] saved: output/jit_B8_c11_20260430_033542/dit_validation/epoch_094_step_0094000_class055.png (class=55, sampler=heun, steps=100)
2026-04-30 18:04:50,076 - INFO - [overrides] applied from jit/configs/overrides.yaml: lr_scale=1.0 max_grad_norm=5.0 null_repel_weight=0.0 P_mean=0.0
2026-04-30 18:04:50,173 - INFO - [render-loss] step=94000 kept 39/64 samples (t_value >= 0.50)
2026-04-30 18:06:45,492 - INFO - Step   94200 | Epoch  94 | MSE: 0.3269 | Steps/sec: 1.60 | LR: 1.13e-04 | Render_L1: 0.0248 | Alpha_L1: 0.0325 | Render_LPIPS: 0.1637 | cos(c,null): +0.1754 | GradNorm: 0.0939 | MSE/t: [0.00-0.50]0.422(n=6274) [0.50-0.85]0.242(n=5983) [0.85-0.95]0.170(n=522) [0.95-1.00]0.151(n=21)
2026-04-30 18:06:45,595 - INFO - [render-loss] step=94200 kept 39/64 samples (t_value >= 0.50)
2026-04-30 18:08:40,798 - INFO - Step   94400 | Epoch  95 | MSE: 0.3275 | Steps/sec: 1.73 | LR: 1.13e-04 | Render_L1: 0.0242 | Alpha_L1: 0.0316 | Render_LPIPS: 0.1617 | cos(c,null): +0.1753 | GradNorm: 0.0920 | MSE/t: [0.00-0.50]0.423(n=6382) [0.50-0.85]0.238(n=5880) [0.85-0.95]0.175(n=515) [0.95-1.00]0.164(n=23)
2026-04-30 18:08:40,899 - INFO - [render-loss] step=94400 kept 29/64 samples (t_value >= 0.50)
2026-04-30 18:10:35,949 - INFO - Step   94600 | Epoch  95 | MSE: 0.3288 | Steps/sec: 1.74 | LR: 1.12e-04 | Render_L1: 0.0245 | Alpha_L1: 0.0320 | Render_LPIPS: 0.1636 | cos(c,null): +0.1765 | GradNorm: 0.0948 | MSE/t: [0.00-0.50]0.422(n=6401) [0.50-0.85]0.241(n=5903) [0.85-0.95]0.175(n=477) [0.95-1.00]0.161(n=19)
2026-04-30 18:10:36,051 - INFO - [render-loss] step=94600 kept 36/64 samples (t_value >= 0.50)
2026-04-30 18:12:31,203 - INFO - Step   94800 | Epoch  95 | MSE: 0.3265 | Steps/sec: 1.74 | LR: 1.12e-04 | Render_L1: 0.0241 | Alpha_L1: 0.0318 | Render_LPIPS: 0.1612 | cos(c,null): +0.1774 | GradNorm: 0.0946 | MSE/t: [0.00-0.50]0.421(n=6319) [0.50-0.85]0.240(n=5936) [0.85-0.95]0.166(n=527) [0.95-1.00]0.194(n=18)
2026-04-30 18:12:31,305 - INFO - [render-loss] step=94800 kept 34/64 samples (t_value >= 0.50)
2026-04-30 18:14:26,323 - INFO - Step   95000 | Epoch  95 | MSE: 0.3264 | Steps/sec: 1.74 | LR: 1.12e-04 | Render_L1: 0.0242 | Alpha_L1: 0.0317 | Render_LPIPS: 0.1611 | cos(c,null): +0.1777 | GradNorm: 0.0932 | MSE/t: [0.00-0.50]0.424(n=6260) [0.50-0.85]0.239(n=6018) [0.85-0.95]0.166(n=503) [0.95-1.00]0.162(n=19)
2026-04-30 18:14:26,537 - INFO - [cond] cfg_signal=0.0636 (min=0.0441 max=0.0850, n=16) | class_signal=0.0813 (min=0.0538 max=0.1114, n=16) | pred_rms=0.9321
2026-04-30 18:14:34,644 - INFO - [validation] saved: output/jit_B8_c11_20260430_033542/dit_validation/epoch_095_step_0095000_class038.png (class=38, sampler=heun, steps=100)
2026-04-30 18:14:35,858 - INFO - [overrides] applied from jit/configs/overrides.yaml: lr_scale=1.0 max_grad_norm=5.0 null_repel_weight=0.0 P_mean=0.0
2026-04-30 18:14:35,954 - INFO - [render-loss] step=95000 kept 36/64 samples (t_value >= 0.50)
2026-04-30 18:16:31,554 - INFO - Step   95200 | Epoch  95 | MSE: 0.3265 | Steps/sec: 1.60 | LR: 1.12e-04 | Render_L1: 0.0249 | Alpha_L1: 0.0321 | Render_LPIPS: 0.1643 | cos(c,null): +0.1782 | GradNorm: 0.0915 | MSE/t: [0.00-0.50]0.418(n=6362) [0.50-0.85]0.242(n=5892) [0.85-0.95]0.172(n=531) [0.95-1.00]0.145(n=15)
2026-04-30 18:16:31,656 - INFO - [render-loss] step=95200 kept 33/64 samples (t_value >= 0.50)
2026-04-30 18:18:27,759 - INFO - Step   95400 | Epoch  96 | MSE: 0.3309 | Steps/sec: 1.72 | LR: 1.11e-04 | Render_L1: 0.0243 | Alpha_L1: 0.0316 | Render_LPIPS: 0.1633 | cos(c,null): +0.1788 | GradNorm: 0.0964 | MSE/t: [0.00-0.50]0.428(n=6420) [0.50-0.85]0.238(n=5855) [0.85-0.95]0.179(n=496) [0.95-1.00]0.175(n=29)
2026-04-30 18:18:27,861 - INFO - [render-loss] step=95400 kept 34/64 samples (t_value >= 0.50)
2026-04-30 18:20:23,544 - INFO - Step   95600 | Epoch  96 | MSE: 0.3298 | Steps/sec: 1.73 | LR: 1.11e-04 | Render_L1: 0.0244 | Alpha_L1: 0.0322 | Render_LPIPS: 0.1636 | cos(c,null): +0.1787 | GradNorm: 0.0901 | MSE/t: [0.00-0.50]0.424(n=6325) [0.50-0.85]0.243(n=5945) [0.85-0.95]0.175(n=511) [0.95-1.00]0.185(n=19)
2026-04-30 18:20:23,647 - INFO - [render-loss] step=95600 kept 40/64 samples (t_value >= 0.50)
2026-04-30 18:22:18,673 - INFO - Step   95800 | Epoch  96 | MSE: 0.3271 | Steps/sec: 1.74 | LR: 1.11e-04 | Render_L1: 0.0244 | Alpha_L1: 0.0320 | Render_LPIPS: 0.1621 | cos(c,null): +0.1794 | GradNorm: 0.0944 | MSE/t: [0.00-0.50]0.420(n=6439) [0.50-0.85]0.239(n=5842) [0.85-0.95]0.170(n=496) [0.95-1.00]0.194(n=23)
2026-04-30 18:22:18,775 - INFO - [render-loss] step=95800 kept 33/64 samples (t_value >= 0.50)
2026-04-30 18:24:13,863 - INFO - Step   96000 | Epoch  96 | MSE: 0.3280 | Steps/sec: 1.74 | LR: 1.10e-04 | Render_L1: 0.0248 | Alpha_L1: 0.0322 | Render_LPIPS: 0.1650 | cos(c,null): +0.1791 | GradNorm: 0.0979 | MSE/t: [0.00-0.50]0.420(n=6353) [0.50-0.85]0.244(n=5909) [0.85-0.95]0.168(n=521) [0.95-1.00]0.168(n=17)
2026-04-30 18:24:14,075 - INFO - [cond] cfg_signal=0.0710 (min=0.0443 max=0.1275, n=16) | class_signal=0.0885 (min=0.0545 max=0.1563, n=16) | pred_rms=0.9406
2026-04-30 18:24:22,218 - INFO - [validation] saved: output/jit_B8_c11_20260430_033542/dit_validation/epoch_096_step_0096000_class043.png (class=43, sampler=heun, steps=100)
2026-04-30 18:24:23,444 - INFO - [overrides] applied from jit/configs/overrides.yaml: lr_scale=1.0 max_grad_norm=5.0 null_repel_weight=0.0 P_mean=0.0
2026-04-30 18:24:23,540 - INFO - [render-loss] step=96000 kept 34/64 samples (t_value >= 0.50)
2026-04-30 18:26:19,252 - INFO - Step   96200 | Epoch  96 | MSE: 0.3285 | Steps/sec: 1.60 | LR: 1.10e-04 | Render_L1: 0.0244 | Alpha_L1: 0.0319 | Render_LPIPS: 0.1624 | cos(c,null): +0.1800 | GradNorm: 0.0909 | MSE/t: [0.00-0.50]0.424(n=6333) [0.50-0.85]0.241(n=5947) [0.85-0.95]0.165(n=493) [0.95-1.00]0.159(n=27)
2026-04-30 18:26:19,353 - INFO - [render-loss] step=96200 kept 29/64 samples (t_value >= 0.50)
2026-04-30 18:28:14,862 - INFO - Step   96400 | Epoch  97 | MSE: 0.3281 | Steps/sec: 1.73 | LR: 1.10e-04 | Render_L1: 0.0243 | Alpha_L1: 0.0315 | Render_LPIPS: 0.1618 | cos(c,null): +0.1803 | GradNorm: 0.0895 | MSE/t: [0.00-0.50]0.424(n=6371) [0.50-0.85]0.239(n=5876) [0.85-0.95]0.171(n=534) [0.95-1.00]0.164(n=19)
2026-04-30 18:28:14,964 - INFO - [render-loss] step=96400 kept 30/64 samples (t_value >= 0.50)
2026-04-30 18:30:10,084 - INFO - Step   96600 | Epoch  97 | MSE: 0.3256 | Steps/sec: 1.74 | LR: 1.09e-04 | Render_L1: 0.0243 | Alpha_L1: 0.0316 | Render_LPIPS: 0.1615 | cos(c,null): +0.1804 | GradNorm: 0.0878 | MSE/t: [0.00-0.50]0.418(n=6371) [0.50-0.85]0.239(n=5907) [0.85-0.95]0.171(n=498) [0.95-1.00]0.170(n=24)
2026-04-30 18:30:10,186 - INFO - [render-loss] step=96600 kept 29/64 samples (t_value >= 0.50)
2026-04-30 18:32:05,577 - INFO - Step   96800 | Epoch  97 | MSE: 0.3277 | Steps/sec: 1.73 | LR: 1.09e-04 | Render_L1: 0.0245 | Alpha_L1: 0.0318 | Render_LPIPS: 0.1631 | cos(c,null): +0.1800 | GradNorm: 0.0980 | MSE/t: [0.00-0.50]0.421(n=6324) [0.50-0.85]0.242(n=5946) [0.85-0.95]0.170(n=504) [0.95-1.00]0.143(n=26)
2026-04-30 18:32:05,679 - INFO - [render-loss] step=96800 kept 34/64 samples (t_value >= 0.50)
2026-04-30 18:34:00,984 - INFO - Step   97000 | Epoch  97 | MSE: 0.3305 | Steps/sec: 1.73 | LR: 1.09e-04 | Render_L1: 0.0243 | Alpha_L1: 0.0322 | Render_LPIPS: 0.1622 | cos(c,null): +0.1800 | GradNorm: 0.0968 | MSE/t: [0.00-0.50]0.426(n=6432) [0.50-0.85]0.240(n=5853) [0.85-0.95]0.167(n=496) [0.95-1.00]0.180(n=19)
2026-04-30 18:34:01,198 - INFO - [cond] cfg_signal=0.0686 (min=0.0458 max=0.0989, n=16) | class_signal=0.0861 (min=0.0559 max=0.1333, n=16) | pred_rms=0.9441
2026-04-30 18:34:09,169 - INFO - [validation] saved: output/jit_B8_c11_20260430_033542/dit_validation/epoch_097_step_0097000_class069.png (class=69, sampler=heun, steps=100)
2026-04-30 18:34:10,404 - INFO - [overrides] applied from jit/configs/overrides.yaml: lr_scale=1.0 max_grad_norm=5.0 null_repel_weight=0.0 P_mean=0.0
2026-04-30 18:34:10,501 - INFO - [render-loss] step=97000 kept 36/64 samples (t_value >= 0.50)
2026-04-30 18:36:05,433 - INFO - Step   97200 | Epoch  97 | MSE: 0.3270 | Steps/sec: 1.61 | LR: 1.09e-04 | Render_L1: 0.0246 | Alpha_L1: 0.0321 | Render_LPIPS: 0.1624 | cos(c,null): +0.1795 | GradNorm: 0.0958 | MSE/t: [0.00-0.50]0.419(n=6422) [0.50-0.85]0.241(n=5830) [0.85-0.95]0.166(n=532) [0.95-1.00]0.167(n=16)
2026-04-30 18:36:05,536 - INFO - [render-loss] step=97200 kept 32/64 samples (t_value >= 0.50)
2026-04-30 18:38:00,876 - INFO - Step   97400 | Epoch  98 | MSE: 0.3274 | Steps/sec: 1.73 | LR: 1.08e-04 | Render_L1: 0.0245 | Alpha_L1: 0.0323 | Render_LPIPS: 0.1641 | cos(c,null): +0.1789 | GradNorm: 0.0948 | MSE/t: [0.00-0.50]0.422(n=6383) [0.50-0.85]0.239(n=5880) [0.85-0.95]0.172(n=511) [0.95-1.00]0.180(n=26)
2026-04-30 18:38:00,978 - INFO - [render-loss] step=97400 kept 33/64 samples (t_value >= 0.50)
2026-04-30 18:39:56,013 - INFO - Step   97600 | Epoch  98 | MSE: 0.3255 | Steps/sec: 1.74 | LR: 1.08e-04 | Render_L1: 0.0247 | Alpha_L1: 0.0322 | Render_LPIPS: 0.1627 | cos(c,null): +0.1789 | GradNorm: 0.0957 | MSE/t: [0.00-0.50]0.417(n=6402) [0.50-0.85]0.240(n=5846) [0.85-0.95]0.173(n=535) [0.95-1.00]0.194(n=17)
2026-04-30 18:39:56,115 - INFO - [render-loss] step=97600 kept 34/64 samples (t_value >= 0.50)
2026-04-30 18:41:51,455 - INFO - Step   97800 | Epoch  98 | MSE: 0.3266 | Steps/sec: 1.73 | LR: 1.08e-04 | Render_L1: 0.0244 | Alpha_L1: 0.0321 | Render_LPIPS: 0.1615 | cos(c,null): +0.1793 | GradNorm: 0.0956 | MSE/t: [0.00-0.50]0.420(n=6387) [0.50-0.85]0.239(n=5891) [0.85-0.95]0.163(n=509) [0.95-1.00]0.217(n=13)
2026-04-30 18:41:51,558 - INFO - [render-loss] step=97800 kept 27/64 samples (t_value >= 0.50)
2026-04-30 18:43:47,507 - INFO - Step   98000 | Epoch  98 | MSE: 0.3272 | Steps/sec: 1.72 | LR: 1.07e-04 | Render_L1: 0.0242 | Alpha_L1: 0.0317 | Render_LPIPS: 0.1612 | cos(c,null): +0.1789 | GradNorm: 0.0950 | MSE/t: [0.00-0.50]0.419(n=6331) [0.50-0.85]0.243(n=5883) [0.85-0.95]0.177(n=562) [0.95-1.00]0.181(n=24)
2026-04-30 18:43:47,720 - INFO - [cond] cfg_signal=0.0673 (min=0.0450 max=0.0969, n=16) | class_signal=0.0860 (min=0.0542 max=0.1320, n=16) | pred_rms=0.9310
2026-04-30 18:43:55,778 - INFO - [validation] saved: output/jit_B8_c11_20260430_033542/dit_validation/epoch_098_step_0098000_class001.png (class=1, sampler=heun, steps=100)
2026-04-30 18:43:57,015 - INFO - [overrides] applied from jit/configs/overrides.yaml: lr_scale=1.0 max_grad_norm=5.0 null_repel_weight=0.0 P_mean=0.0
2026-04-30 18:43:57,112 - INFO - [render-loss] step=98000 kept 27/64 samples (t_value >= 0.50)
2026-04-30 18:45:52,794 - INFO - Step   98200 | Epoch  98 | MSE: 0.3281 | Steps/sec: 1.60 | LR: 1.07e-04 | Render_L1: 0.0246 | Alpha_L1: 0.0324 | Render_LPIPS: 0.1630 | cos(c,null): +0.1779 | GradNorm: 0.0966 | MSE/t: [0.00-0.50]0.422(n=6373) [0.50-0.85]0.242(n=5874) [0.85-0.95]0.171(n=531) [0.95-1.00]0.148(n=22)
2026-04-30 18:45:52,895 - INFO - [render-loss] step=98200 kept 33/64 samples (t_value >= 0.50)
2026-04-30 18:47:48,757 - INFO - Step   98400 | Epoch  99 | MSE: 0.3273 | Steps/sec: 1.72 | LR: 1.07e-04 | Render_L1: 0.0244 | Alpha_L1: 0.0320 | Render_LPIPS: 0.1620 | cos(c,null): +0.1775 | GradNorm: 0.0941 | MSE/t: [0.00-0.50]0.423(n=6311) [0.50-0.85]0.240(n=5956) [0.85-0.95]0.172(n=518) [0.95-1.00]0.153(n=15)
2026-04-30 18:47:48,858 - INFO - [render-loss] step=98400 kept 29/64 samples (t_value >= 0.50)
2026-04-30 18:49:44,475 - INFO - Step   98600 | Epoch  99 | MSE: 0.3264 | Steps/sec: 1.73 | LR: 1.06e-04 | Render_L1: 0.0243 | Alpha_L1: 0.0318 | Render_LPIPS: 0.1616 | cos(c,null): +0.1782 | GradNorm: 0.0944 | MSE/t: [0.00-0.50]0.420(n=6350) [0.50-0.85]0.240(n=5934) [0.85-0.95]0.166(n=492) [0.95-1.00]0.156(n=24)
2026-04-30 18:49:44,576 - INFO - [render-loss] step=98600 kept 28/64 samples (t_value >= 0.50)
2026-04-30 18:51:40,016 - INFO - Step   98800 | Epoch  99 | MSE: 0.3267 | Steps/sec: 1.73 | LR: 1.06e-04 | Render_L1: 0.0241 | Alpha_L1: 0.0315 | Render_LPIPS: 0.1614 | cos(c,null): +0.1785 | GradNorm: 0.0947 | MSE/t: [0.00-0.50]0.421(n=6337) [0.50-0.85]0.240(n=5915) [0.85-0.95]0.170(n=529) [0.95-1.00]0.134(n=19)
2026-04-30 18:51:40,117 - INFO - [render-loss] step=98800 kept 42/64 samples (t_value >= 0.50)
2026-04-30 18:53:35,045 - INFO - Step   99000 | Epoch  99 | MSE: 0.3292 | Steps/sec: 1.74 | LR: 1.06e-04 | Render_L1: 0.0242 | Alpha_L1: 0.0318 | Render_LPIPS: 0.1608 | cos(c,null): +0.1794 | GradNorm: 0.0978 | MSE/t: [0.00-0.50]0.427(n=6399) [0.50-0.85]0.238(n=5868) [0.85-0.95]0.164(n=515) [0.95-1.00]0.148(n=18)
2026-04-30 18:53:35,254 - INFO - [cond] cfg_signal=0.0684 (min=0.0470 max=0.0959, n=16) | class_signal=0.0842 (min=0.0567 max=0.1321, n=16) | pred_rms=0.9499
2026-04-30 18:53:43,514 - INFO - [validation] saved: output/jit_B8_c11_20260430_033542/dit_validation/epoch_099_step_0099000_class058.png (class=58, sampler=heun, steps=100)
2026-04-30 18:53:44,758 - INFO - [overrides] applied from jit/configs/overrides.yaml: lr_scale=1.0 max_grad_norm=5.0 null_repel_weight=0.0 P_mean=0.0
2026-04-30 18:53:44,855 - INFO - [render-loss] step=99000 kept 35/64 samples (t_value >= 0.50)
2026-04-30 18:55:40,397 - INFO - Step   99200 | Epoch  99 | MSE: 0.3245 | Steps/sec: 1.60 | LR: 1.06e-04 | Render_L1: 0.0244 | Alpha_L1: 0.0314 | Render_LPIPS: 0.1614 | cos(c,null): +0.1788 | GradNorm: 0.0939 | MSE/t: [0.00-0.50]0.421(n=6266) [0.50-0.85]0.239(n=5969) [0.85-0.95]0.165(n=541) [0.95-1.00]0.157(n=24)
2026-04-30 18:55:40,499 - INFO - [render-loss] step=99200 kept 32/64 samples (t_value >= 0.50)
2026-04-30 18:57:35,507 - INFO - Step   99400 | Epoch 100 | MSE: 0.3276 | Steps/sec: 1.74 | LR: 1.05e-04 | Render_L1: 0.0241 | Alpha_L1: 0.0314 | Render_LPIPS: 0.1610 | cos(c,null): +0.1786 | GradNorm: 0.0969 | MSE/t: [0.00-0.50]0.419(n=6481) [0.50-0.85]0.240(n=5821) [0.85-0.95]0.169(n=473) [0.95-1.00]0.180(n=25)
2026-04-30 18:57:35,609 - INFO - [render-loss] step=99400 kept 26/64 samples (t_value >= 0.50)
2026-04-30 18:59:30,644 - INFO - Step   99600 | Epoch 100 | MSE: 0.3301 | Steps/sec: 1.74 | LR: 1.05e-04 | Render_L1: 0.0246 | Alpha_L1: 0.0321 | Render_LPIPS: 0.1627 | cos(c,null): +0.1778 | GradNorm: 0.0983 | MSE/t: [0.00-0.50]0.424(n=6505) [0.50-0.85]0.239(n=5775) [0.85-0.95]0.166(n=503) [0.95-1.00]0.228(n=17)
2026-04-30 18:59:30,747 - INFO - [render-loss] step=99600 kept 28/64 samples (t_value >= 0.50)
2026-04-30 19:01:26,524 - INFO - Step   99800 | Epoch 100 | MSE: 0.3277 | Steps/sec: 1.73 | LR: 1.05e-04 | Render_L1: 0.0239 | Alpha_L1: 0.0311 | Render_LPIPS: 0.1607 | cos(c,null): +0.1789 | GradNorm: 0.0966 | MSE/t: [0.00-0.50]0.421(n=6498) [0.50-0.85]0.239(n=5750) [0.85-0.95]0.163(n=530) [0.95-1.00]0.143(n=22)
2026-04-30 19:01:26,625 - INFO - [render-loss] step=99800 kept 34/64 samples (t_value >= 0.50)
2026-04-30 19:03:21,692 - INFO - Step  100000 | Epoch 100 | MSE: 0.3259 | Steps/sec: 1.74 | LR: 1.04e-04 | Render_L1: 0.0241 | Alpha_L1: 0.0314 | Render_LPIPS: 0.1608 | cos(c,null): +0.1799 | GradNorm: 0.0985 | MSE/t: [0.00-0.50]0.422(n=6336) [0.50-0.85]0.237(n=5913) [0.85-0.95]0.170(n=531) [0.95-1.00]0.154(n=20)
2026-04-30 19:03:21,905 - INFO - [cond] cfg_signal=0.0696 (min=0.0466 max=0.1018, n=16) | class_signal=0.0884 (min=0.0567 max=0.1361, n=16) | pred_rms=0.9429
2026-04-30 19:03:24,217 - INFO - Saved checkpoint to output/jit_B8_c11_20260430_033542/0100000.pt
2026-04-30 19:03:24,427 - INFO - [cond] cfg_signal=0.0696 (min=0.0466 max=0.1018, n=16) | class_signal=0.0884 (min=0.0567 max=0.1361, n=16) | pred_rms=0.9429
2026-04-30 19:03:32,456 - INFO - [validation] saved: output/jit_B8_c11_20260430_033542/dit_validation/epoch_100_step_0100000_class027.png (class=27, sampler=heun, steps=100)
2026-04-30 19:03:33,691 - INFO - [overrides] applied from jit/configs/overrides.yaml: lr_scale=1.0 max_grad_norm=5.0 null_repel_weight=0.0 P_mean=0.0
2026-04-30 19:03:33,790 - INFO - [render-loss] step=100000 kept 30/64 samples (t_value >= 0.50)
2026-04-30 19:05:28,580 - INFO - Step  100200 | Epoch 100 | MSE: 0.3270 | Steps/sec: 1.58 | LR: 1.04e-04 | Render_L1: 0.0240 | Alpha_L1: 0.0319 | Render_LPIPS: 0.1604 | cos(c,null): +0.1806 | GradNorm: 0.0965 | MSE/t: [0.00-0.50]0.419(n=6432) [0.50-0.85]0.240(n=5837) [0.85-0.95]0.164(n=510) [0.95-1.00]0.197(n=21)
2026-04-30 19:05:28,682 - INFO - [render-loss] step=100200 kept 33/64 samples (t_value >= 0.50)
2026-04-30 19:07:24,070 - INFO - Step  100400 | Epoch 101 | MSE: 0.3282 | Steps/sec: 1.73 | LR: 1.04e-04 | Render_L1: 0.0243 | Alpha_L1: 0.0313 | Render_LPIPS: 0.1610 | cos(c,null): +0.1807 | GradNorm: 0.1012 | MSE/t: [0.00-0.50]0.418(n=6528) [0.50-0.85]0.240(n=5774) [0.85-0.95]0.170(n=478) [0.95-1.00]0.203(n=20)
2026-04-30 19:07:24,172 - INFO - [render-loss] step=100400 kept 32/64 samples (t_value >= 0.50)
2026-04-30 19:09:20,377 - INFO - Step  100600 | Epoch 101 | MSE: 0.3266 | Steps/sec: 1.72 | LR: 1.03e-04 | Render_L1: 0.0242 | Alpha_L1: 0.0310 | Render_LPIPS: 0.1600 | cos(c,null): +0.1803 | GradNorm: 0.0944 | MSE/t: [0.00-0.50]0.420(n=6436) [0.50-0.85]0.237(n=5851) [0.85-0.95]0.168(n=494) [0.95-1.00]0.169(n=19)
2026-04-30 19:09:20,479 - INFO - [render-loss] step=100600 kept 33/64 samples (t_value >= 0.50)
2026-04-30 19:11:15,456 - INFO - Step  100800 | Epoch 101 | MSE: 0.3288 | Steps/sec: 1.74 | LR: 1.03e-04 | Render_L1: 0.0241 | Alpha_L1: 0.0315 | Render_LPIPS: 0.1612 | cos(c,null): +0.1802 | GradNorm: 0.0979 | MSE/t: [0.00-0.50]0.422(n=6427) [0.50-0.85]0.239(n=5870) [0.85-0.95]0.178(n=478) [0.95-1.00]0.172(n=25)
2026-04-30 19:11:15,558 - INFO - [render-loss] step=100800 kept 36/64 samples (t_value >= 0.50)
2026-04-30 19:13:11,197 - INFO - Step  101000 | Epoch 101 | MSE: 0.3263 | Steps/sec: 1.73 | LR: 1.03e-04 | Render_L1: 0.0239 | Alpha_L1: 0.0314 | Render_LPIPS: 0.1606 | cos(c,null): +0.1813 | GradNorm: 0.0936 | MSE/t: [0.00-0.50]0.423(n=6337) [0.50-0.85]0.237(n=5924) [0.85-0.95]0.169(n=519) [0.95-1.00]0.164(n=20)
2026-04-30 19:13:11,411 - INFO - [cond] cfg_signal=0.0711 (min=0.0476 max=0.1082, n=16) | class_signal=0.0909 (min=0.0558 max=0.1534, n=16) | pred_rms=0.9496
2026-04-30 19:13:19,568 - INFO - [validation] saved: output/jit_B8_c11_20260430_033542/dit_validation/epoch_101_step_0101000_class026.png (class=26, sampler=heun, steps=100)
2026-04-30 19:13:20,812 - INFO - [overrides] applied from jit/configs/overrides.yaml: lr_scale=1.0 max_grad_norm=5.0 null_repel_weight=0.0 P_mean=0.0
2026-04-30 19:13:20,909 - INFO - [render-loss] step=101000 kept 32/64 samples (t_value >= 0.50)
2026-04-30 19:15:15,983 - INFO - Step  101200 | Epoch 101 | MSE: 0.3295 | Steps/sec: 1.61 | LR: 1.03e-04 | Render_L1: 0.0243 | Alpha_L1: 0.0317 | Render_LPIPS: 0.1618 | cos(c,null): +0.1827 | GradNorm: 0.0971 | MSE/t: [0.00-0.50]0.423(n=6415) [0.50-0.85]0.242(n=5851) [0.85-0.95]0.173(n=502) [0.95-1.00]0.173(n=32)
2026-04-30 19:15:16,085 - INFO - [render-loss] step=101200 kept 31/64 samples (t_value >= 0.50)
2026-04-30 19:17:11,285 - INFO - Step  101400 | Epoch 102 | MSE: 0.3314 | Steps/sec: 1.73 | LR: 1.02e-04 | Render_L1: 0.0241 | Alpha_L1: 0.0314 | Render_LPIPS: 0.1615 | cos(c,null): +0.1832 | GradNorm: 0.0977 | MSE/t: [0.00-0.50]0.428(n=6408) [0.50-0.85]0.241(n=5832) [0.85-0.95]0.170(n=540) [0.95-1.00]0.158(n=20)
2026-04-30 19:17:11,387 - INFO - [render-loss] step=101400 kept 35/64 samples (t_value >= 0.50)
2026-04-30 19:19:06,629 - INFO - Step  101600 | Epoch 102 | MSE: 0.3268 | Steps/sec: 1.73 | LR: 1.02e-04 | Render_L1: 0.0240 | Alpha_L1: 0.0313 | Render_LPIPS: 0.1599 | cos(c,null): +0.1834 | GradNorm: 0.0971 | MSE/t: [0.00-0.50]0.422(n=6372) [0.50-0.85]0.238(n=5871) [0.85-0.95]0.171(n=539) [0.95-1.00]0.167(n=18)
2026-04-30 19:19:06,730 - INFO - [render-loss] step=101600 kept 32/64 samples (t_value >= 0.50)
2026-04-30 19:21:02,272 - INFO - Step  101800 | Epoch 102 | MSE: 0.3260 | Steps/sec: 1.73 | LR: 1.02e-04 | Render_L1: 0.0239 | Alpha_L1: 0.0312 | Render_LPIPS: 0.1594 | cos(c,null): +0.1831 | GradNorm: 0.0936 | MSE/t: [0.00-0.50]0.418(n=6328) [0.50-0.85]0.242(n=5931) [0.85-0.95]0.168(n=522) [0.95-1.00]0.142(n=19)
2026-04-30 19:21:02,374 - INFO - [render-loss] step=101800 kept 27/64 samples (t_value >= 0.50)
2026-04-30 19:22:57,464 - INFO - Step  102000 | Epoch 102 | MSE: 0.3246 | Steps/sec: 1.74 | LR: 1.01e-04 | Render_L1: 0.0239 | Alpha_L1: 0.0309 | Render_LPIPS: 0.1602 | cos(c,null): +0.1825 | GradNorm: 0.0963 | MSE/t: [0.00-0.50]0.418(n=6368) [0.50-0.85]0.237(n=5907) [0.85-0.95]0.172(n=502) [0.95-1.00]0.148(n=23)
2026-04-30 19:22:57,677 - INFO - [cond] cfg_signal=0.0731 (min=0.0500 max=0.1077, n=16) | class_signal=0.0907 (min=0.0577 max=0.1427, n=16) | pred_rms=0.9588
2026-04-30 19:23:05,827 - INFO - [validation] saved: output/jit_B8_c11_20260430_033542/dit_validation/epoch_102_step_0102000_class061.png (class=61, sampler=heun, steps=100)
2026-04-30 19:23:07,070 - INFO - [overrides] applied from jit/configs/overrides.yaml: lr_scale=1.0 max_grad_norm=5.0 null_repel_weight=0.0 P_mean=0.0
2026-04-30 19:23:07,167 - INFO - [render-loss] step=102000 kept 31/64 samples (t_value >= 0.50)
2026-04-30 19:25:02,782 - INFO - Step  102200 | Epoch 102 | MSE: 0.3283 | Steps/sec: 1.60 | LR: 1.01e-04 | Render_L1: 0.0244 | Alpha_L1: 0.0315 | Render_LPIPS: 0.1617 | cos(c,null): +0.1826 | GradNorm: 0.0990 | MSE/t: [0.00-0.50]0.425(n=6330) [0.50-0.85]0.239(n=5918) [0.85-0.95]0.168(n=529) [0.95-1.00]0.180(n=23)
2026-04-30 19:25:02,884 - INFO - [render-loss] step=102200 kept 40/64 samples (t_value >= 0.50)
W0430 19:26:19.591000 235374 torch/distributed/elastic/agent/server/api.py:739] Received Signals.SIGTERM death signal, shutting down workers
W0430 19:26:19.592000 235374 torch/distributed/elastic/multiprocessing/api.py:1012] Sending process 235536 closing signal SIGTERM
W0430 19:26:19.593000 235374 torch/distributed/elastic/multiprocessing/api.py:1012] Sending process 235537 closing signal SIGTERM
W0430 19:26:19.593000 235374 torch/distributed/elastic/multiprocessing/api.py:1012] Sending process 235538 closing signal SIGTERM
W0430 19:26:19.593000 235374 torch/distributed/elastic/multiprocessing/api.py:1012] Sending process 235539 closing signal SIGTERM
Traceback (most recent call last):
  File "/home/hmolin/3DGen-Playground/.3dgen/bin/accelerate", line 8, in <module>
    sys.exit(main())
  File "/home/hmolin/3DGen-Playground/.3dgen/lib/python3.10/site-packages/accelerate/commands/accelerate_cli.py", line 50, in main
    args.func(args)
  File "/home/hmolin/3DGen-Playground/.3dgen/lib/python3.10/site-packages/accelerate/commands/launch.py", line 1396, in launch_command
    multi_gpu_launcher(args)
  File "/home/hmolin/3DGen-Playground/.3dgen/lib/python3.10/site-packages/accelerate/commands/launch.py", line 1023, in multi_gpu_launcher
    distrib_run.run(args)
  File "/home/hmolin/3DGen-Playground/.3dgen/lib/python3.10/site-packages/torch/distributed/run.py", line 981, in run
    elastic_launch(
  File "/home/hmolin/3DGen-Playground/.3dgen/lib/python3.10/site-packages/torch/distributed/launcher/api.py", line 170, in __call__
    return launch_agent(self._config, self._entrypoint, list(args))
  File "/home/hmolin/3DGen-Playground/.3dgen/lib/python3.10/site-packages/torch/distributed/launcher/api.py", line 308, in launch_agent
    result = agent.run()
  File "/home/hmolin/3DGen-Playground/.3dgen/lib/python3.10/site-packages/torch/distributed/elastic/metrics/api.py", line 134, in wrapper
    result = f(*args, **kwargs)
  File "/home/hmolin/3DGen-Playground/.3dgen/lib/python3.10/site-packages/torch/distributed/elastic/agent/server/api.py", line 731, in run
    result = self._invoke_run(role)
  File "/home/hmolin/3DGen-Playground/.3dgen/lib/python3.10/site-packages/torch/distributed/elastic/agent/server/api.py", line 908, in _invoke_run
    time.sleep(monitor_interval)
  File "/home/hmolin/3DGen-Playground/.3dgen/lib/python3.10/site-packages/torch/distributed/elastic/multiprocessing/api.py", line 86, in _terminate_process_handler
    raise SignalException(f"Process {os.getpid()} got signal: {sigval}", sigval=sigval)
torch.distributed.elastic.multiprocessing.api.SignalException: Process 235374 got signal: 15
