2026-04-23 18:10:09,776 - INFO - Accelerator: num_processes=2, mixed_precision=bf16, device=cuda:0
2026-04-23 18:10:09,776 - INFO - Validation sampler: heun
2026-04-23 18:10:10,258 - INFO - Loading class map from /home/hmolin/3DGen-Playground/object_labels/improved_labels/object_to_class.json
2026-04-23 18:10:10,399 - INFO - Number of classes: 120
2026-04-23 18:10:10,399 - INFO - Creating base dataset...
2026-04-23 18:10:10,399 - INFO - Loading sphere2plane permutation from /home/tiangexiang/gen3d/gaussianverse/sphere2plane.npy
2026-04-23 18:10:10,399 - INFO - Loading sphere2plane permutation from /home/tiangexiang/gen3d/gaussianverse/sphere2plane.npy
2026-04-23 18:10:10,400 - INFO - Loading obj list from /home/tiangexiang/gen3d/gaussianverse/all_obj_list_filtered.json
2026-04-23 18:10:10,400 - INFO - Loading obj list from /home/tiangexiang/gen3d/gaussianverse/all_obj_list_filtered.json
2026-04-23 18:10:10,552 - INFO - Loaded 254338 entries from /home/tiangexiang/gen3d/gaussianverse/all_obj_list_filtered.json
2026-04-23 18:10:10,553 - INFO - Loaded 254338 entries from /home/tiangexiang/gen3d/gaussianverse/all_obj_list_filtered.json
2026-04-23 18:10:10,557 - INFO - Total merged entries: 254338
2026-04-23 18:10:10,559 - INFO - Total merged entries: 254338
2026-04-23 18:10:10,565 - INFO - Loading normalization statistics from /home/hmolin/3DGen-Playground/data/stats/all_mean.pt and /home/hmolin/3DGen-Playground/data/stats/all_std.pt
2026-04-23 18:10:10,566 - INFO - Loading normalization statistics from /home/hmolin/3DGen-Playground/data/stats/all_mean.pt and /home/hmolin/3DGen-Playground/data/stats/all_std.pt
2026-04-23 18:10:10,573 - INFO - Initialized dataset with 254338 samples
2026-04-23 18:10:10,574 - INFO - sh_degree0_only: selecting 14 features from 59
2026-04-23 18:10:10,574 - INFO - Initialized dataset with 254338 samples
2026-04-23 18:10:10,606 - INFO - Loaded sphere2plane permutation: 16384 points
2026-04-23 18:10:10,869 - INFO - Class3DGenDataset: 254338 valid samples, 0 skipped (class -1 or missing)
2026-04-23 18:10:10,871 - INFO - Class3DGenDataset: 254338 valid samples, 0 skipped (class -1 or missing)
2026-04-23 18:10:10,889 - INFO - [class-balanced] sampling with inverse-frequency weights over 120 classes (min=682, max=4315, mean=2119.5 samples/class)
2026-04-23 18:10:10,889 - INFO - Dataset size: 254338, Per-GPU batch size: 16
2026-04-23 18:10:10,890 - INFO - Creating model: JiT-B/8
2026-04-23 18:10:12,553 - INFO - JiT spatial folding: disabled (factor=1)
2026-04-23 18:10:12,554 - INFO - Model parameters: 130,734,720 (130.7M)
2026-04-23 18:10:12,868 - INFO - Diffusion timesteps: 1000, predict=x0, schedule=squaredcos_cap_v2
2026-04-23 18:10:12,869 - INFO - Training mode: DDPM (sampler=heun), timestep sampling: sigmoid(N(0.000, 1.000)) mapped to discrete steps [0, 999]
2026-04-23 18:10:14,356 - INFO - LR schedule: cosine | warmup=500 opt steps | max_opt_steps=556360 | lr_min=1e-05
2026-04-23 18:10:14,387 - INFO - [channel_loss_weights] active: 14 values, mean=1.0000, min=0.6440, max=1.7350
2026-04-23 18:10:14,551 - INFO - Loaded 52 reference cameras from /home/hmolin/3DGen-Playground/artifacts/ref_camera.tar.gz
/home/hmolin/3DGen-Playground/.3dgen/lib/python3.10/site-packages/torchvision/models/_utils.py:208: UserWarning: The parameter 'pretrained' is deprecated since 0.13 and may be removed in the future, please use 'weights' instead.
  warnings.warn(
/home/hmolin/3DGen-Playground/.3dgen/lib/python3.10/site-packages/torchvision/models/_utils.py:223: UserWarning: Arguments other than a weight enum or `None` for 'weights' are deprecated since 0.13 and may be removed in the future. The current behavior is equivalent to passing `weights=VGG16_Weights.IMAGENET1K_V1`. You can also use `weights=VGG16_Weights.DEFAULT` to get the most up-to-date weights.
  warnings.warn(msg)
/home/hmolin/3DGen-Playground/.3dgen/lib/python3.10/site-packages/torchvision/models/_utils.py:208: UserWarning: The parameter 'pretrained' is deprecated since 0.13 and may be removed in the future, please use 'weights' instead.
  warnings.warn(
/home/hmolin/3DGen-Playground/.3dgen/lib/python3.10/site-packages/torchvision/models/_utils.py:223: UserWarning: Arguments other than a weight enum or `None` for 'weights' are deprecated since 0.13 and may be removed in the future. The current behavior is equivalent to passing `weights=VGG16_Weights.IMAGENET1K_V1`. You can also use `weights=VGG16_Weights.DEFAULT` to get the most up-to-date weights.
  warnings.warn(msg)
2026-04-23 18:10:17,459 - INFO - Resuming from checkpoint: /home/hmolin/3DGen-Playground/output/jit_JiT-B_8_full_improved_renderprobe/0260000.pt
2026-04-23 18:10:19,215 - INFO - Resumed at step 260000
2026-04-23 18:10:19,216 - INFO - Resumed LR opt_step=260000
2026-04-23 18:10:19,217 - INFO - Starting training from epoch 32, step 260000...
2026-04-23 18:10:19,217 - INFO - [render_weight_schedule] active with 4 control points: (50000, rl1=0.000, a=0.000, lp=0.0000), (80000, rl1=0.300, a=0.150, lp=0.0200), (140000, rl1=0.300, a=0.150, lp=0.0200), (200000, rl1=6.000, a=3.000, lp=0.4000) | initial weights at step 260000: rl1=6.0000, alpha=3.0000, lpips=0.4000
2026-04-23 18:10:20,917 - INFO - [overrides] applied from jit/configs/overrides.yaml: lr_scale=1.0 max_grad_norm=5.0 null_repel_weight=0.01 P_mean=0.0
2026-04-23 18:10:22,059 - INFO - [render-loss] step=260000 masked 7/16 samples (t_value < 0.40)
2026-04-23 18:12:13,218 - INFO - Step  260200 | Epoch  32 | MSE: 0.4745 | Steps/sec: 1.75 | LR: 1.15e-04 | Render_L1: 0.0220 | Alpha_L1: 0.0287 | Render_LPIPS: 0.1472 | Repel: 0.1568 | cos(c,null): +0.8953 | GradNorm: 0.6661 | MSE/t: [0.00-0.25]0.589(n=434) [0.25-0.50]0.514(n=1156) [0.50-0.75]0.420(n=1151) [0.75-1.00]0.402(n=459)
2026-04-23 18:12:13,695 - INFO - [cond] cfg_signal=0.0586 (min=0.0454 max=0.0794, n=16) | class_signal=0.0736 (min=0.0581 max=0.1020, n=16) | pred_rms=0.5928
2026-04-23 18:12:13,750 - INFO - [render-loss] step=260200 masked 7/16 samples (t_value < 0.40)
2026-04-23 18:14:05,050 - INFO - Step  260400 | Epoch  32 | MSE: 0.4671 | Steps/sec: 1.80 | LR: 1.15e-04 | Render_L1: 0.0218 | Alpha_L1: 0.0280 | Render_LPIPS: 0.1469 | Repel: 0.1558 | cos(c,null): +0.8940 | GradNorm: 0.6569 | MSE/t: [0.00-0.25]0.594(n=457) [0.25-0.50]0.504(n=1156) [0.50-0.75]0.413(n=1164) [0.75-1.00]0.379(n=423)
2026-04-23 18:14:05,506 - INFO - [cond] cfg_signal=0.0586 (min=0.0450 max=0.0817, n=16) | class_signal=0.0729 (min=0.0580 max=0.0986, n=16) | pred_rms=0.5840
2026-04-23 18:14:05,559 - INFO - [render-loss] step=260400 masked 6/16 samples (t_value < 0.40)
2026-04-23 18:15:56,862 - INFO - Step  260600 | Epoch  32 | MSE: 0.4702 | Steps/sec: 1.80 | LR: 1.15e-04 | Render_L1: 0.0221 | Alpha_L1: 0.0278 | Render_LPIPS: 0.1471 | Repel: 0.1546 | cos(c,null): +0.8925 | GradNorm: 0.6562 | MSE/t: [0.00-0.25]0.608(n=439) [0.25-0.50]0.507(n=1153) [0.50-0.75]0.420(n=1147) [0.75-1.00]0.371(n=461)
2026-04-23 18:15:57,349 - INFO - [cond] cfg_signal=0.0610 (min=0.0448 max=0.0888, n=16) | class_signal=0.0769 (min=0.0607 max=0.1054, n=16) | pred_rms=0.5853
2026-04-23 18:15:57,413 - INFO - [render-loss] step=260600 masked 4/16 samples (t_value < 0.40)
2026-04-23 18:17:49,005 - INFO - Step  260800 | Epoch  32 | MSE: 0.4592 | Steps/sec: 1.79 | LR: 1.14e-04 | Render_L1: 0.0215 | Alpha_L1: 0.0275 | Render_LPIPS: 0.1451 | Repel: 0.1539 | cos(c,null): +0.8915 | GradNorm: 0.6219 | MSE/t: [0.00-0.25]0.562(n=485) [0.25-0.50]0.495(n=1109) [0.50-0.75]0.418(n=1150) [0.75-1.00]0.366(n=456)
2026-04-23 18:17:49,488 - INFO - [cond] cfg_signal=0.0608 (min=0.0444 max=0.0849, n=16) | class_signal=0.0757 (min=0.0614 max=0.0969, n=16) | pred_rms=0.5845
2026-04-23 18:17:49,543 - INFO - [render-loss] step=260800 masked 4/16 samples (t_value < 0.40)
2026-04-23 18:19:41,055 - INFO - Step  261000 | Epoch  32 | MSE: 0.4714 | Steps/sec: 1.79 | LR: 1.14e-04 | Render_L1: 0.0215 | Alpha_L1: 0.0270 | Render_LPIPS: 0.1463 | Repel: 0.1526 | cos(c,null): +0.8898 | GradNorm: 0.6680 | MSE/t: [0.00-0.25]0.592(n=435) [0.25-0.50]0.513(n=1136) [0.50-0.75]0.429(n=1177) [0.75-1.00]0.362(n=452)
2026-04-23 18:19:41,552 - INFO - [cond] cfg_signal=0.0606 (min=0.0449 max=0.0884, n=16) | class_signal=0.0761 (min=0.0606 max=0.1064, n=16) | pred_rms=0.5802
2026-04-23 18:19:49,754 - INFO - [validation] saved: output/jit_JiT-B_8_full_improved_renderprobe_null_repel/dit_validation/epoch_032_step_0261000_class110.png (class=110, sampler=heun, steps=100)
2026-04-23 18:19:51,064 - INFO - [overrides] applied from jit/configs/overrides.yaml: lr_scale=1.0 max_grad_norm=5.0 null_repel_weight=0.01 P_mean=0.0
2026-04-23 18:19:51,112 - INFO - [render-loss] step=261000 masked 6/16 samples (t_value < 0.40)
2026-04-23 18:21:42,976 - INFO - Step  261200 | Epoch  32 | MSE: 0.4765 | Steps/sec: 1.65 | LR: 1.14e-04 | Render_L1: 0.0213 | Alpha_L1: 0.0276 | Render_LPIPS: 0.1450 | Repel: 0.1513 | cos(c,null): +0.8881 | GradNorm: 0.5936 | MSE/t: [0.00-0.25]0.607(n=383) [0.25-0.50]0.530(n=1150) [0.50-0.75]0.426(n=1237) [0.75-1.00]0.365(n=430)
2026-04-23 18:21:43,443 - INFO - [cond] cfg_signal=0.0597 (min=0.0474 max=0.0821, n=16) | class_signal=0.0755 (min=0.0582 max=0.0985, n=16) | pred_rms=0.5889
2026-04-23 18:21:43,498 - INFO - [render-loss] step=261200 masked 7/16 samples (t_value < 0.40)
2026-04-23 18:23:35,390 - INFO - Step  261400 | Epoch  32 | MSE: 0.4628 | Steps/sec: 1.79 | LR: 1.14e-04 | Render_L1: 0.0216 | Alpha_L1: 0.0276 | Render_LPIPS: 0.1449 | Repel: 0.1499 | cos(c,null): +0.8862 | GradNorm: 0.6218 | MSE/t: [0.00-0.25]0.573(n=441) [0.25-0.50]0.491(n=1144) [0.50-0.75]0.419(n=1162) [0.75-1.00]0.395(n=453)
2026-04-23 18:23:35,856 - INFO - [cond] cfg_signal=0.0602 (min=0.0476 max=0.0822, n=16) | class_signal=0.0750 (min=0.0587 max=0.0986, n=16) | pred_rms=0.5882
2026-04-23 18:23:35,917 - INFO - [render-loss] step=261400 masked 6/16 samples (t_value < 0.40)
2026-04-23 18:25:27,384 - INFO - Step  261600 | Epoch  32 | MSE: 0.4585 | Steps/sec: 1.79 | LR: 1.14e-04 | Render_L1: 0.0215 | Alpha_L1: 0.0274 | Render_LPIPS: 0.1440 | Repel: 0.1486 | cos(c,null): +0.8845 | GradNorm: 0.6062 | MSE/t: [0.00-0.25]0.587(n=435) [0.25-0.50]0.484(n=1177) [0.50-0.75]0.416(n=1126) [0.75-1.00]0.376(n=462)
2026-04-23 18:25:27,873 - INFO - [cond] cfg_signal=0.0599 (min=0.0476 max=0.0880, n=16) | class_signal=0.0764 (min=0.0577 max=0.1118, n=16) | pred_rms=0.5785
2026-04-23 18:25:27,927 - INFO - [render-loss] step=261600 masked 6/16 samples (t_value < 0.40)
2026-04-23 18:27:19,880 - INFO - Step  261800 | Epoch  32 | MSE: 0.4666 | Steps/sec: 1.79 | LR: 1.14e-04 | Render_L1: 0.0213 | Alpha_L1: 0.0277 | Render_LPIPS: 0.1434 | Repel: 0.1474 | cos(c,null): +0.8830 | GradNorm: 0.6028 | MSE/t: [0.00-0.25]0.588(n=435) [0.25-0.50]0.500(n=1165) [0.50-0.75]0.423(n=1178) [0.75-1.00]0.371(n=422)
2026-04-23 18:27:20,348 - INFO - [cond] cfg_signal=0.0573 (min=0.0449 max=0.0830, n=16) | class_signal=0.0740 (min=0.0552 max=0.1032, n=16) | pred_rms=0.5876
2026-04-23 18:27:20,415 - INFO - [render-loss] step=261800 masked 7/16 samples (t_value < 0.40)
2026-04-23 18:29:12,264 - INFO - Step  262000 | Epoch  32 | MSE: 0.4640 | Steps/sec: 1.79 | LR: 1.14e-04 | Render_L1: 0.0215 | Alpha_L1: 0.0272 | Render_LPIPS: 0.1450 | Repel: 0.1462 | cos(c,null): +0.8814 | GradNorm: 0.6238 | MSE/t: [0.00-0.25]0.579(n=423) [0.25-0.50]0.502(n=1141) [0.50-0.75]0.424(n=1163) [0.75-1.00]0.369(n=473)
2026-04-23 18:29:12,743 - INFO - [cond] cfg_signal=0.0593 (min=0.0448 max=0.0890, n=16) | class_signal=0.0775 (min=0.0581 max=0.1149, n=16) | pred_rms=0.5860
2026-04-23 18:29:20,860 - INFO - [validation] saved: output/jit_JiT-B_8_full_improved_renderprobe_null_repel/dit_validation/epoch_032_step_0262000_class089.png (class=89, sampler=heun, steps=100)
2026-04-23 18:29:22,132 - INFO - [overrides] applied from jit/configs/overrides.yaml: lr_scale=1.0 max_grad_norm=5.0 null_repel_weight=0.01 P_mean=0.0
2026-04-23 18:29:22,181 - INFO - [render-loss] step=262000 masked 10/16 samples (t_value < 0.40)
2026-04-23 18:31:14,264 - INFO - Step  262200 | Epoch  32 | MSE: 0.4629 | Steps/sec: 1.65 | LR: 1.14e-04 | Render_L1: 0.0215 | Alpha_L1: 0.0273 | Render_LPIPS: 0.1463 | Repel: 0.1449 | cos(c,null): +0.8796 | GradNorm: 0.6047 | MSE/t: [0.00-0.25]0.587(n=411) [0.25-0.50]0.499(n=1133) [0.50-0.75]0.429(n=1189) [0.75-1.00]0.351(n=467)
2026-04-23 18:31:14,726 - INFO - [cond] cfg_signal=0.0597 (min=0.0469 max=0.0835, n=16) | class_signal=0.0775 (min=0.0618 max=0.1109, n=16) | pred_rms=0.5866
2026-04-23 18:31:14,784 - INFO - [render-loss] step=262200 masked 1/16 samples (t_value < 0.40)
2026-04-23 18:33:06,319 - INFO - Step  262400 | Epoch  32 | MSE: 0.4697 | Steps/sec: 1.79 | LR: 1.14e-04 | Render_L1: 0.0217 | Alpha_L1: 0.0274 | Render_LPIPS: 0.1474 | Repel: 0.1436 | cos(c,null): +0.8779 | GradNorm: 0.6252 | MSE/t: [0.00-0.25]0.590(n=416) [0.25-0.50]0.513(n=1166) [0.50-0.75]0.413(n=1161) [0.75-1.00]0.395(n=457)
2026-04-23 18:33:06,781 - INFO - [cond] cfg_signal=0.0614 (min=0.0468 max=0.0810, n=16) | class_signal=0.0790 (min=0.0602 max=0.1062, n=16) | pred_rms=0.5964
2026-04-23 18:33:06,836 - INFO - [render-loss] step=262400 masked 6/16 samples (t_value < 0.40)
2026-04-23 18:34:58,543 - INFO - Step  262600 | Epoch  32 | MSE: 0.4740 | Steps/sec: 1.79 | LR: 1.13e-04 | Render_L1: 0.0214 | Alpha_L1: 0.0274 | Render_LPIPS: 0.1470 | Repel: 0.1425 | cos(c,null): +0.8764 | GradNorm: 0.6107 | MSE/t: [0.00-0.25]0.575(n=446) [0.25-0.50]0.513(n=1183) [0.50-0.75]0.429(n=1167) [0.75-1.00]0.378(n=404)
2026-04-23 18:34:59,010 - INFO - [cond] cfg_signal=0.0604 (min=0.0470 max=0.0794, n=16) | class_signal=0.0768 (min=0.0620 max=0.0982, n=16) | pred_rms=0.5893
2026-04-23 18:34:59,064 - INFO - [render-loss] step=262600 masked 5/16 samples (t_value < 0.40)
2026-04-23 18:36:51,200 - INFO - Step  262800 | Epoch  32 | MSE: 0.4750 | Steps/sec: 1.78 | LR: 1.13e-04 | Render_L1: 0.0213 | Alpha_L1: 0.0273 | Render_LPIPS: 0.1440 | Repel: 0.1414 | cos(c,null): +0.8749 | GradNorm: 0.6011 | MSE/t: [0.00-0.25]0.611(n=439) [0.25-0.50]0.525(n=1161) [0.50-0.75]0.412(n=1168) [0.75-1.00]0.373(n=432)
2026-04-23 18:36:51,685 - INFO - [cond] cfg_signal=0.0603 (min=0.0461 max=0.0780, n=16) | class_signal=0.0779 (min=0.0596 max=0.0983, n=16) | pred_rms=0.5916
2026-04-23 18:36:51,745 - INFO - [render-loss] step=262800 masked 3/16 samples (t_value < 0.40)
2026-04-23 18:38:43,528 - INFO - Step  263000 | Epoch  32 | MSE: 0.4665 | Steps/sec: 1.79 | LR: 1.13e-04 | Render_L1: 0.0217 | Alpha_L1: 0.0275 | Render_LPIPS: 0.1457 | Repel: 0.1404 | cos(c,null): +0.8735 | GradNorm: 0.5948 | MSE/t: [0.00-0.25]0.594(n=437) [0.25-0.50]0.494(n=1119) [0.50-0.75]0.427(n=1210) [0.75-1.00]0.378(n=434)
2026-04-23 18:38:43,981 - INFO - [cond] cfg_signal=0.0649 (min=0.0484 max=0.0922, n=16) | class_signal=0.0837 (min=0.0649 max=0.1133, n=16) | pred_rms=0.5885
2026-04-23 18:38:52,034 - INFO - [validation] saved: output/jit_JiT-B_8_full_improved_renderprobe_null_repel/dit_validation/epoch_032_step_0263000_class001.png (class=1, sampler=heun, steps=100)
2026-04-23 18:38:53,254 - INFO - [overrides] applied from jit/configs/overrides.yaml: lr_scale=1.0 max_grad_norm=5.0 null_repel_weight=0.01 P_mean=0.0
2026-04-23 18:38:53,302 - INFO - [render-loss] step=263000 masked 5/16 samples (t_value < 0.40)
2026-04-23 18:40:45,007 - INFO - Step  263200 | Epoch  32 | MSE: 0.4767 | Steps/sec: 1.65 | LR: 1.13e-04 | Render_L1: 0.0215 | Alpha_L1: 0.0269 | Render_LPIPS: 0.1458 | Repel: 0.1391 | cos(c,null): +0.8717 | GradNorm: 0.6054 | MSE/t: [0.00-0.25]0.593(n=418) [0.25-0.50]0.523(n=1205) [0.50-0.75]0.425(n=1136) [0.75-1.00]0.373(n=441)
2026-04-23 18:40:45,458 - INFO - [cond] cfg_signal=0.0642 (min=0.0499 max=0.0932, n=16) | class_signal=0.0820 (min=0.0665 max=0.1050, n=16) | pred_rms=0.5948
2026-04-23 18:40:45,511 - INFO - [render-loss] step=263200 masked 6/16 samples (t_value < 0.40)
2026-04-23 18:42:37,269 - INFO - Step  263400 | Epoch  32 | MSE: 0.4654 | Steps/sec: 1.79 | LR: 1.13e-04 | Render_L1: 0.0212 | Alpha_L1: 0.0271 | Render_LPIPS: 0.1440 | Repel: 0.1380 | cos(c,null): +0.8702 | GradNorm: 0.7552 | MSE/t: [0.00-0.25]0.568(n=428) [0.25-0.50]0.506(n=1156) [0.50-0.75]0.418(n=1175) [0.75-1.00]0.385(n=441)
2026-04-23 18:42:37,748 - INFO - [cond] cfg_signal=0.0650 (min=0.0510 max=0.0865, n=16) | class_signal=0.0853 (min=0.0678 max=0.1062, n=16) | pred_rms=0.6088
2026-04-23 18:42:37,809 - INFO - [render-loss] step=263400 masked 8/16 samples (t_value < 0.40)
2026-04-23 18:44:29,887 - INFO - Step  263600 | Epoch  32 | MSE: 0.4729 | Steps/sec: 1.78 | LR: 1.13e-04 | Render_L1: 0.0218 | Alpha_L1: 0.0277 | Render_LPIPS: 0.1449 | Repel: 0.1367 | cos(c,null): +0.8684 | GradNorm: 0.5889 | MSE/t: [0.00-0.25]0.605(n=457) [0.25-0.50]0.516(n=1149) [0.50-0.75]0.412(n=1136) [0.75-1.00]0.385(n=458)
2026-04-23 18:44:30,358 - INFO - [cond] cfg_signal=0.0628 (min=0.0483 max=0.0815, n=16) | class_signal=0.0805 (min=0.0639 max=0.1013, n=16) | pred_rms=0.5969
2026-04-23 18:44:30,417 - INFO - [render-loss] step=263600 masked 7/16 samples (t_value < 0.40)
2026-04-23 18:46:21,779 - INFO - Step  263800 | Epoch  32 | MSE: 0.4730 | Steps/sec: 1.80 | LR: 1.13e-04 | Render_L1: 0.0217 | Alpha_L1: 0.0279 | Render_LPIPS: 0.1459 | Repel: 0.1353 | cos(c,null): +0.8664 | GradNorm: 0.5996 | MSE/t: [0.00-0.25]0.603(n=420) [0.25-0.50]0.509(n=1170) [0.50-0.75]0.431(n=1164) [0.75-1.00]0.365(n=446)
2026-04-23 18:46:22,242 - INFO - [cond] cfg_signal=0.0643 (min=0.0504 max=0.0841, n=16) | class_signal=0.0816 (min=0.0643 max=0.0991, n=16) | pred_rms=0.6097
2026-04-23 18:46:22,295 - INFO - [render-loss] step=263800 masked 6/16 samples (t_value < 0.40)
2026-04-23 18:48:13,883 - INFO - Step  264000 | Epoch  32 | MSE: 0.4716 | Steps/sec: 1.79 | LR: 1.13e-04 | Render_L1: 0.0214 | Alpha_L1: 0.0267 | Render_LPIPS: 0.1451 | Repel: 0.1343 | cos(c,null): +0.8650 | GradNorm: 0.6359 | MSE/t: [0.00-0.25]0.595(n=427) [0.25-0.50]0.509(n=1200) [0.50-0.75]0.416(n=1162) [0.75-1.00]0.392(n=411)
2026-04-23 18:48:14,341 - INFO - [cond] cfg_signal=0.0633 (min=0.0493 max=0.0819, n=16) | class_signal=0.0815 (min=0.0640 max=0.1004, n=16) | pred_rms=0.6157
2026-04-23 18:48:22,451 - INFO - [validation] saved: output/jit_JiT-B_8_full_improved_renderprobe_null_repel/dit_validation/epoch_032_step_0264000_class003.png (class=3, sampler=heun, steps=100)
2026-04-23 18:48:23,747 - INFO - [overrides] applied from jit/configs/overrides.yaml: lr_scale=1.0 max_grad_norm=5.0 null_repel_weight=0.01 P_mean=0.0
2026-04-23 18:48:23,797 - INFO - [render-loss] step=264000 masked 2/16 samples (t_value < 0.40)
2026-04-23 18:50:15,485 - INFO - Step  264200 | Epoch  32 | MSE: 0.4704 | Steps/sec: 1.65 | LR: 1.13e-04 | Render_L1: 0.0219 | Alpha_L1: 0.0272 | Render_LPIPS: 0.1463 | Repel: 0.1329 | cos(c,null): +0.8630 | GradNorm: 0.6398 | MSE/t: [0.00-0.25]0.594(n=434) [0.25-0.50]0.516(n=1182) [0.50-0.75]0.422(n=1166) [0.75-1.00]0.349(n=418)
2026-04-23 18:50:15,958 - INFO - [cond] cfg_signal=0.0625 (min=0.0465 max=0.0830, n=16) | class_signal=0.0799 (min=0.0653 max=0.0978, n=16) | pred_rms=0.6077
2026-04-23 18:50:16,013 - INFO - [render-loss] step=264200 masked 7/16 samples (t_value < 0.40)
2026-04-23 18:52:07,749 - INFO - Step  264400 | Epoch  32 | MSE: 0.4724 | Steps/sec: 1.79 | LR: 1.13e-04 | Render_L1: 0.0212 | Alpha_L1: 0.0273 | Render_LPIPS: 0.1445 | Repel: 0.1315 | cos(c,null): +0.8611 | GradNorm: 0.6058 | MSE/t: [0.00-0.25]0.581(n=473) [0.25-0.50]0.508(n=1168) [0.50-0.75]0.422(n=1143) [0.75-1.00]0.388(n=416)
2026-04-23 18:52:08,231 - INFO - [cond] cfg_signal=0.0637 (min=0.0481 max=0.0836, n=16) | class_signal=0.0823 (min=0.0631 max=0.1065, n=16) | pred_rms=0.6232
2026-04-23 18:52:08,286 - INFO - [render-loss] step=264400 masked 6/16 samples (t_value < 0.40)
2026-04-23 18:54:00,310 - INFO - Step  264600 | Epoch  32 | MSE: 0.4719 | Steps/sec: 1.78 | LR: 1.12e-04 | Render_L1: 0.0218 | Alpha_L1: 0.0280 | Render_LPIPS: 0.1474 | Repel: 0.1302 | cos(c,null): +0.8592 | GradNorm: 0.6145 | MSE/t: [0.00-0.25]0.593(n=464) [0.25-0.50]0.507(n=1172) [0.50-0.75]0.413(n=1155) [0.75-1.00]0.400(n=409)
2026-04-23 18:54:00,764 - INFO - [cond] cfg_signal=0.0644 (min=0.0476 max=0.0861, n=16) | class_signal=0.0820 (min=0.0635 max=0.1000, n=16) | pred_rms=0.5989
2026-04-23 18:54:00,822 - INFO - [render-loss] step=264600 masked 6/16 samples (t_value < 0.40)
2026-04-23 18:55:52,894 - INFO - Step  264800 | Epoch  32 | MSE: 0.4732 | Steps/sec: 1.78 | LR: 1.12e-04 | Render_L1: 0.0218 | Alpha_L1: 0.0280 | Render_LPIPS: 0.1464 | Repel: 0.1290 | cos(c,null): +0.8575 | GradNorm: 0.6328 | MSE/t: [0.00-0.25]0.563(n=450) [0.25-0.50]0.526(n=1143) [0.50-0.75]0.420(n=1168) [0.75-1.00]0.383(n=439)
2026-04-23 18:55:53,368 - INFO - [cond] cfg_signal=0.0660 (min=0.0501 max=0.0867, n=16) | class_signal=0.0844 (min=0.0655 max=0.0989, n=16) | pred_rms=0.6151
2026-04-23 18:55:53,432 - INFO - [render-loss] step=264800 masked 5/16 samples (t_value < 0.40)
2026-04-23 18:57:45,179 - INFO - Step  265000 | Epoch  32 | MSE: 0.4587 | Steps/sec: 1.79 | LR: 1.12e-04 | Render_L1: 0.0216 | Alpha_L1: 0.0277 | Render_LPIPS: 0.1462 | Repel: 0.1278 | cos(c,null): +0.8558 | GradNorm: 0.7740 | MSE/t: [0.00-0.25]0.586(n=436) [0.25-0.50]0.495(n=1123) [0.50-0.75]0.412(n=1207) [0.75-1.00]0.366(n=434)
2026-04-23 18:57:45,646 - INFO - [cond] cfg_signal=0.0650 (min=0.0503 max=0.0843, n=16) | class_signal=0.0839 (min=0.0626 max=0.1011, n=16) | pred_rms=0.6201
2026-04-23 18:57:53,768 - INFO - [validation] saved: output/jit_JiT-B_8_full_improved_renderprobe_null_repel/dit_validation/epoch_032_step_0265000_class041.png (class=41, sampler=heun, steps=100)
2026-04-23 18:57:55,015 - INFO - [overrides] applied from jit/configs/overrides.yaml: lr_scale=1.0 max_grad_norm=5.0 null_repel_weight=0.01 P_mean=0.0
2026-04-23 18:57:55,063 - INFO - [render-loss] step=265000 masked 5/16 samples (t_value < 0.40)
2026-04-23 18:59:46,539 - INFO - Step  265200 | Epoch  32 | MSE: 0.4681 | Steps/sec: 1.65 | LR: 1.12e-04 | Render_L1: 0.0213 | Alpha_L1: 0.0275 | Render_LPIPS: 0.1449 | Repel: 0.1265 | cos(c,null): +0.8540 | GradNorm: 0.6223 | MSE/t: [0.00-0.25]0.612(n=445) [0.25-0.50]0.501(n=1161) [0.50-0.75]0.416(n=1168) [0.75-1.00]0.372(n=426)
2026-04-23 18:59:46,997 - INFO - [cond] cfg_signal=0.0653 (min=0.0502 max=0.0826, n=16) | class_signal=0.0825 (min=0.0619 max=0.1037, n=16) | pred_rms=0.5996
2026-04-23 18:59:47,050 - INFO - [render-loss] step=265200 masked 7/16 samples (t_value < 0.40)
2026-04-23 19:01:39,019 - INFO - Step  265400 | Epoch  32 | MSE: 0.4620 | Steps/sec: 1.79 | LR: 1.12e-04 | Render_L1: 0.0212 | Alpha_L1: 0.0271 | Render_LPIPS: 0.1454 | Repel: 0.1255 | cos(c,null): +0.8524 | GradNorm: 0.6281 | MSE/t: [0.00-0.25]0.541(n=457) [0.25-0.50]0.510(n=1101) [0.50-0.75]0.414(n=1194) [0.75-1.00]0.392(n=448)
2026-04-23 19:01:39,499 - INFO - [cond] cfg_signal=0.0612 (min=0.0480 max=0.0769, n=16) | class_signal=0.0770 (min=0.0589 max=0.0951, n=16) | pred_rms=0.6025
2026-04-23 19:01:39,556 - INFO - [render-loss] step=265400 masked 7/16 samples (t_value < 0.40)
2026-04-23 19:03:31,355 - INFO - Step  265600 | Epoch  32 | MSE: 0.4667 | Steps/sec: 1.79 | LR: 1.12e-04 | Render_L1: 0.0217 | Alpha_L1: 0.0274 | Render_LPIPS: 0.1463 | Repel: 0.1244 | cos(c,null): +0.8508 | GradNorm: 0.6679 | MSE/t: [0.00-0.25]0.583(n=446) [0.25-0.50]0.503(n=1140) [0.50-0.75]0.413(n=1179) [0.75-1.00]0.397(n=435)
2026-04-23 19:03:31,826 - INFO - [cond] cfg_signal=0.0629 (min=0.0465 max=0.0796, n=16) | class_signal=0.0780 (min=0.0584 max=0.0961, n=16) | pred_rms=0.5989
2026-04-23 19:03:31,885 - INFO - [render-loss] step=265600 masked 7/16 samples (t_value < 0.40)
2026-04-23 19:05:23,514 - INFO - Step  265800 | Epoch  32 | MSE: 0.4702 | Steps/sec: 1.79 | LR: 1.12e-04 | Render_L1: 0.0218 | Alpha_L1: 0.0281 | Render_LPIPS: 0.1462 | Repel: 0.1230 | cos(c,null): +0.8488 | GradNorm: 0.6080 | MSE/t: [0.00-0.25]0.595(n=422) [0.25-0.50]0.512(n=1144) [0.50-0.75]0.420(n=1184) [0.75-1.00]0.380(n=450)
2026-04-23 19:05:23,977 - INFO - [cond] cfg_signal=0.0638 (min=0.0452 max=0.0857, n=16) | class_signal=0.0782 (min=0.0639 max=0.0963, n=16) | pred_rms=0.6040
2026-04-23 19:05:24,030 - INFO - [render-loss] step=265800 masked 5/16 samples (t_value < 0.40)
2026-04-23 19:07:15,629 - INFO - Step  266000 | Epoch  32 | MSE: 0.4732 | Steps/sec: 1.79 | LR: 1.12e-04 | Render_L1: 0.0210 | Alpha_L1: 0.0265 | Render_LPIPS: 0.1415 | Repel: 0.1216 | cos(c,null): +0.8466 | GradNorm: 0.7851 | MSE/t: [0.00-0.25]0.591(n=413) [0.25-0.50]0.518(n=1196) [0.50-0.75]0.412(n=1160) [0.75-1.00]0.401(n=431)
2026-04-23 19:07:16,099 - INFO - [cond] cfg_signal=0.0633 (min=0.0447 max=0.0804, n=16) | class_signal=0.0780 (min=0.0636 max=0.0931, n=16) | pred_rms=0.6013
2026-04-23 19:07:24,587 - INFO - [validation] saved: output/jit_JiT-B_8_full_improved_renderprobe_null_repel/dit_validation/epoch_032_step_0266000_class080.png (class=80, sampler=heun, steps=100)
2026-04-23 19:07:25,850 - INFO - [overrides] applied from jit/configs/overrides.yaml: lr_scale=1.0 max_grad_norm=5.0 null_repel_weight=0.01 P_mean=0.0
2026-04-23 19:07:25,901 - INFO - [render-loss] step=266000 masked 5/16 samples (t_value < 0.40)
2026-04-23 19:09:17,937 - INFO - Step  266200 | Epoch  32 | MSE: 0.4608 | Steps/sec: 1.64 | LR: 1.12e-04 | Render_L1: 0.0207 | Alpha_L1: 0.0264 | Render_LPIPS: 0.1418 | Repel: 0.1201 | cos(c,null): +0.8445 | GradNorm: 0.6101 | MSE/t: [0.00-0.25]0.562(n=474) [0.25-0.50]0.490(n=1163) [0.50-0.75]0.423(n=1144) [0.75-1.00]0.368(n=419)
2026-04-23 19:09:18,421 - INFO - [cond] cfg_signal=0.0632 (min=0.0442 max=0.0825, n=16) | class_signal=0.0781 (min=0.0609 max=0.0989, n=16) | pred_rms=0.6080
2026-04-23 19:09:18,478 - INFO - [render-loss] step=266200 masked 4/16 samples (t_value < 0.40)
2026-04-23 19:11:09,970 - INFO - Step  266400 | Epoch  32 | MSE: 0.4651 | Steps/sec: 1.79 | LR: 1.11e-04 | Render_L1: 0.0212 | Alpha_L1: 0.0274 | Render_LPIPS: 0.1422 | Repel: 0.1188 | cos(c,null): +0.8424 | GradNorm: 7.2165 | MSE/t: [0.00-0.25]0.595(n=419) [0.25-0.50]0.503(n=1183) [0.50-0.75]0.412(n=1164) [0.75-1.00]0.378(n=434)
2026-04-23 19:11:10,433 - INFO - [cond] cfg_signal=0.0662 (min=0.0477 max=0.0855, n=16) | class_signal=0.0795 (min=0.0613 max=0.1005, n=16) | pred_rms=0.6093
2026-04-23 19:11:10,486 - INFO - [render-loss] step=266400 masked 6/16 samples (t_value < 0.40)
2026-04-23 19:13:02,101 - INFO - Step  266600 | Epoch  32 | MSE: 0.4708 | Steps/sec: 1.79 | LR: 1.11e-04 | Render_L1: 0.0215 | Alpha_L1: 0.0278 | Render_LPIPS: 0.1452 | Repel: 0.1172 | cos(c,null): +0.8400 | GradNorm: 0.6792 | MSE/t: [0.00-0.25]0.555(n=431) [0.25-0.50]0.512(n=1180) [0.50-0.75]0.432(n=1173) [0.75-1.00]0.374(n=416)
2026-04-23 19:13:02,564 - INFO - [cond] cfg_signal=0.0677 (min=0.0478 max=0.0893, n=16) | class_signal=0.0832 (min=0.0661 max=0.1112, n=16) | pred_rms=0.6271
2026-04-23 19:13:02,619 - INFO - [render-loss] step=266600 masked 7/16 samples (t_value < 0.40)
2026-04-23 19:14:54,296 - INFO - Step  266800 | Epoch  32 | MSE: 0.4715 | Steps/sec: 1.79 | LR: 1.11e-04 | Render_L1: 0.0215 | Alpha_L1: 0.0277 | Render_LPIPS: 0.1453 | Repel: 0.1157 | cos(c,null): +0.8378 | GradNorm: 0.6295 | MSE/t: [0.00-0.25]0.577(n=445) [0.25-0.50]0.517(n=1132) [0.50-0.75]0.425(n=1169) [0.75-1.00]0.374(n=454)
2026-04-23 19:14:54,748 - INFO - [cond] cfg_signal=0.0632 (min=0.0461 max=0.0800, n=16) | class_signal=0.0779 (min=0.0593 max=0.0983, n=16) | pred_rms=0.6028
2026-04-23 19:14:54,802 - INFO - [render-loss] step=266800 masked 2/16 samples (t_value < 0.40)
2026-04-23 19:16:46,628 - INFO - Step  267000 | Epoch  32 | MSE: 0.4764 | Steps/sec: 1.79 | LR: 1.11e-04 | Render_L1: 0.0213 | Alpha_L1: 0.0268 | Render_LPIPS: 0.1442 | Repel: 0.1149 | cos(c,null): +0.8366 | GradNorm: 0.6418 | MSE/t: [0.00-0.25]0.606(n=440) [0.25-0.50]0.516(n=1144) [0.50-0.75]0.422(n=1178) [0.75-1.00]0.390(n=438)
2026-04-23 19:16:47,087 - INFO - [cond] cfg_signal=0.0602 (min=0.0438 max=0.0733, n=16) | class_signal=0.0763 (min=0.0599 max=0.0923, n=16) | pred_rms=0.5895
2026-04-23 19:16:55,168 - INFO - [validation] saved: output/jit_JiT-B_8_full_improved_renderprobe_null_repel/dit_validation/epoch_032_step_0267000_class084.png (class=84, sampler=heun, steps=100)
2026-04-23 19:16:56,432 - INFO - [overrides] applied from jit/configs/overrides.yaml: lr_scale=1.0 max_grad_norm=5.0 null_repel_weight=0.01 P_mean=0.0
2026-04-23 19:16:56,480 - INFO - [render-loss] step=267000 masked 8/16 samples (t_value < 0.40)
2026-04-23 19:18:48,386 - INFO - Step  267200 | Epoch  32 | MSE: 0.4678 | Steps/sec: 1.65 | LR: 1.11e-04 | Render_L1: 0.0208 | Alpha_L1: 0.0263 | Render_LPIPS: 0.1423 | Repel: 0.1139 | cos(c,null): +0.8350 | GradNorm: 0.5921 | MSE/t: [0.00-0.25]0.598(n=457) [0.25-0.50]0.499(n=1139) [0.50-0.75]0.425(n=1158) [0.75-1.00]0.367(n=446)
2026-04-23 19:18:48,850 - INFO - [cond] cfg_signal=0.0588 (min=0.0445 max=0.0710, n=16) | class_signal=0.0747 (min=0.0588 max=0.0973, n=16) | pred_rms=0.5909
2026-04-23 19:18:48,905 - INFO - [render-loss] step=267200 masked 6/16 samples (t_value < 0.40)
2026-04-23 19:20:40,394 - INFO - Step  267400 | Epoch  32 | MSE: 0.4716 | Steps/sec: 1.79 | LR: 1.11e-04 | Render_L1: 0.0211 | Alpha_L1: 0.0265 | Render_LPIPS: 0.1434 | Repel: 0.1123 | cos(c,null): +0.8326 | GradNorm: 0.6286 | MSE/t: [0.00-0.25]0.598(n=417) [0.25-0.50]0.520(n=1173) [0.50-0.75]0.420(n=1176) [0.75-1.00]0.361(n=434)
2026-04-23 19:20:40,865 - INFO - [cond] cfg_signal=0.0627 (min=0.0456 max=0.0780, n=16) | class_signal=0.0771 (min=0.0615 max=0.0974, n=16) | pred_rms=0.6067
2026-04-23 19:20:40,919 - INFO - [render-loss] step=267400 masked 7/16 samples (t_value < 0.40)
2026-04-23 19:22:32,631 - INFO - Step  267600 | Epoch  32 | MSE: 0.4726 | Steps/sec: 1.79 | LR: 1.11e-04 | Render_L1: 0.0219 | Alpha_L1: 0.0276 | Render_LPIPS: 0.1450 | Repel: 0.1109 | cos(c,null): +0.8304 | GradNorm: 0.6164 | MSE/t: [0.00-0.25]0.579(n=414) [0.25-0.50]0.526(n=1208) [0.50-0.75]0.418(n=1143) [0.75-1.00]0.367(n=435)
2026-04-23 19:22:33,094 - INFO - [cond] cfg_signal=0.0640 (min=0.0469 max=0.0818, n=16) | class_signal=0.0791 (min=0.0602 max=0.1083, n=16) | pred_rms=0.6080
2026-04-23 19:22:33,150 - INFO - [render-loss] step=267600 masked 7/16 samples (t_value < 0.40)
2026-04-23 19:24:24,932 - INFO - Step  267800 | Epoch  32 | MSE: 0.4836 | Steps/sec: 1.79 | LR: 1.11e-04 | Render_L1: 0.0214 | Alpha_L1: 0.0272 | Render_LPIPS: 0.1454 | Repel: 0.1092 | cos(c,null): +0.8276 | GradNorm: 0.5934 | MSE/t: [0.00-0.25]0.613(n=448) [0.25-0.50]0.523(n=1144) [0.50-0.75]0.437(n=1164) [0.75-1.00]0.375(n=444)
2026-04-23 19:24:25,414 - INFO - [cond] cfg_signal=0.0655 (min=0.0475 max=0.0800, n=16) | class_signal=0.0813 (min=0.0602 max=0.1099, n=16) | pred_rms=0.6200
2026-04-23 19:24:25,469 - INFO - [render-loss] step=267800 masked 5/16 samples (t_value < 0.40)
2026-04-23 19:26:18,263 - INFO - Step  268000 | Epoch  33 | MSE: 0.4662 | Steps/sec: 1.77 | LR: 1.11e-04 | Render_L1: 0.0215 | Alpha_L1: 0.0272 | Render_LPIPS: 0.1455 | Repel: 0.1076 | cos(c,null): +0.8251 | GradNorm: 0.6119 | MSE/t: [0.00-0.25]0.595(n=446) [0.25-0.50]0.509(n=1149) [0.50-0.75]0.422(n=1147) [0.75-1.00]0.344(n=458)
2026-04-23 19:26:18,716 - INFO - [cond] cfg_signal=0.0634 (min=0.0461 max=0.0798, n=16) | class_signal=0.0789 (min=0.0574 max=0.1087, n=16) | pred_rms=0.6150
2026-04-23 19:26:26,796 - INFO - [validation] saved: output/jit_JiT-B_8_full_improved_renderprobe_null_repel/dit_validation/epoch_033_step_0268000_class043.png (class=43, sampler=heun, steps=100)
2026-04-23 19:26:28,062 - INFO - [overrides] applied from jit/configs/overrides.yaml: lr_scale=1.0 max_grad_norm=5.0 null_repel_weight=0.01 P_mean=0.0
2026-04-23 19:26:28,110 - INFO - [render-loss] step=268000 masked 4/16 samples (t_value < 0.40)
2026-04-23 19:28:19,991 - INFO - Step  268200 | Epoch  33 | MSE: 0.4707 | Steps/sec: 1.65 | LR: 1.10e-04 | Render_L1: 0.0212 | Alpha_L1: 0.0268 | Render_LPIPS: 0.1434 | Repel: 0.1063 | cos(c,null): +0.8229 | GradNorm: 0.6104 | MSE/t: [0.00-0.25]0.585(n=431) [0.25-0.50]0.523(n=1228) [0.50-0.75]0.408(n=1119) [0.75-1.00]0.370(n=422)
2026-04-23 19:28:20,460 - INFO - [cond] cfg_signal=0.0634 (min=0.0480 max=0.0764, n=16) | class_signal=0.0787 (min=0.0595 max=0.1040, n=16) | pred_rms=0.6049
2026-04-23 19:28:20,515 - INFO - [render-loss] step=268200 masked 7/16 samples (t_value < 0.40)
2026-04-23 19:30:12,272 - INFO - Step  268400 | Epoch  33 | MSE: 0.4646 | Steps/sec: 1.79 | LR: 1.10e-04 | Render_L1: 0.0216 | Alpha_L1: 0.0268 | Render_LPIPS: 0.1455 | Repel: 0.1051 | cos(c,null): +0.8209 | GradNorm: 0.6191 | MSE/t: [0.00-0.25]0.609(n=414) [0.25-0.50]0.491(n=1172) [0.50-0.75]0.422(n=1165) [0.75-1.00]0.372(n=449)
2026-04-23 19:30:12,744 - INFO - [cond] cfg_signal=0.0627 (min=0.0466 max=0.0799, n=16) | class_signal=0.0743 (min=0.0529 max=0.0958, n=16) | pred_rms=0.6038
2026-04-23 19:30:12,957 - INFO - [render-loss] step=268400 masked 6/16 samples (t_value < 0.40)
2026-04-23 19:32:04,557 - INFO - Step  268600 | Epoch  33 | MSE: 0.4734 | Steps/sec: 1.79 | LR: 1.10e-04 | Render_L1: 0.0219 | Alpha_L1: 0.0278 | Render_LPIPS: 0.1468 | Repel: 0.1036 | cos(c,null): +0.8186 | GradNorm: 0.6382 | MSE/t: [0.00-0.25]0.609(n=431) [0.25-0.50]0.508(n=1161) [0.50-0.75]0.428(n=1173) [0.75-1.00]0.371(n=435)
2026-04-23 19:32:05,026 - INFO - [cond] cfg_signal=0.0628 (min=0.0469 max=0.0807, n=16) | class_signal=0.0755 (min=0.0564 max=0.1000, n=16) | pred_rms=0.6112
2026-04-23 19:32:05,080 - INFO - [render-loss] step=268600 masked 4/16 samples (t_value < 0.40)
2026-04-23 19:33:57,027 - INFO - Step  268800 | Epoch  33 | MSE: 0.4806 | Steps/sec: 1.79 | LR: 1.10e-04 | Render_L1: 0.0217 | Alpha_L1: 0.0272 | Render_LPIPS: 0.1462 | Repel: 0.1024 | cos(c,null): +0.8166 | GradNorm: 0.6595 | MSE/t: [0.00-0.25]0.561(n=444) [0.25-0.50]0.527(n=1163) [0.50-0.75]0.433(n=1170) [0.75-1.00]0.401(n=423)
2026-04-23 19:33:57,514 - INFO - [cond] cfg_signal=0.0630 (min=0.0459 max=0.0853, n=16) | class_signal=0.0762 (min=0.0586 max=0.1023, n=16) | pred_rms=0.6055
2026-04-23 19:33:57,570 - INFO - [render-loss] step=268800 masked 3/16 samples (t_value < 0.40)
2026-04-23 19:35:49,485 - INFO - Step  269000 | Epoch  33 | MSE: 0.4697 | Steps/sec: 1.79 | LR: 1.10e-04 | Render_L1: 0.0216 | Alpha_L1: 0.0275 | Render_LPIPS: 0.1449 | Repel: 0.1013 | cos(c,null): +0.8148 | GradNorm: 0.6858 | MSE/t: [0.00-0.25]0.577(n=439) [0.25-0.50]0.512(n=1177) [0.50-0.75]0.419(n=1147) [0.75-1.00]0.380(n=437)
2026-04-23 19:35:49,958 - INFO - [cond] cfg_signal=0.0651 (min=0.0512 max=0.0902, n=16) | class_signal=0.0779 (min=0.0601 max=0.1148, n=16) | pred_rms=0.5845
2026-04-23 19:35:58,020 - INFO - [validation] saved: output/jit_JiT-B_8_full_improved_renderprobe_null_repel/dit_validation/epoch_033_step_0269000_class100.png (class=100, sampler=heun, steps=100)
2026-04-23 19:35:59,187 - INFO - [overrides] applied from jit/configs/overrides.yaml: lr_scale=1.0 max_grad_norm=5.0 null_repel_weight=0.01 P_mean=0.0
2026-04-23 19:35:59,236 - INFO - [render-loss] step=269000 masked 6/16 samples (t_value < 0.40)
2026-04-23 19:37:50,948 - INFO - Step  269200 | Epoch  33 | MSE: 0.4543 | Steps/sec: 1.65 | LR: 1.10e-04 | Render_L1: 0.0208 | Alpha_L1: 0.0256 | Render_LPIPS: 0.1426 | Repel: 0.1000 | cos(c,null): +0.8126 | GradNorm: 0.5937 | MSE/t: [0.00-0.25]0.578(n=445) [0.25-0.50]0.504(n=1115) [0.50-0.75]0.399(n=1162) [0.75-1.00]0.359(n=478)
2026-04-23 19:37:51,420 - INFO - [cond] cfg_signal=0.0626 (min=0.0466 max=0.0847, n=16) | class_signal=0.0768 (min=0.0615 max=0.1063, n=16) | pred_rms=0.5924
2026-04-23 19:37:51,475 - INFO - [render-loss] step=269200 masked 5/16 samples (t_value < 0.40)
2026-04-23 19:39:43,217 - INFO - Step  269400 | Epoch  33 | MSE: 0.4635 | Steps/sec: 1.79 | LR: 1.10e-04 | Render_L1: 0.0216 | Alpha_L1: 0.0269 | Render_LPIPS: 0.1440 | Repel: 0.0989 | cos(c,null): +0.8108 | GradNorm: 0.6128 | MSE/t: [0.00-0.25]0.561(n=425) [0.25-0.50]0.501(n=1173) [0.50-0.75]0.424(n=1158) [0.75-1.00]0.375(n=444)
2026-04-23 19:39:43,677 - INFO - [cond] cfg_signal=0.0656 (min=0.0484 max=0.0851, n=16) | class_signal=0.0784 (min=0.0596 max=0.1099, n=16) | pred_rms=0.6072
2026-04-23 19:39:43,731 - INFO - [render-loss] step=269400 masked 9/16 samples (t_value < 0.40)
2026-04-23 19:41:35,275 - INFO - Step  269600 | Epoch  33 | MSE: 0.4649 | Steps/sec: 1.79 | LR: 1.10e-04 | Render_L1: 0.0211 | Alpha_L1: 0.0274 | Render_LPIPS: 0.1436 | Repel: 0.0979 | cos(c,null): +0.8091 | GradNorm: 0.6313 | MSE/t: [0.00-0.25]0.568(n=433) [0.25-0.50]0.506(n=1204) [0.50-0.75]0.419(n=1120) [0.75-1.00]0.370(n=443)
2026-04-23 19:41:35,747 - INFO - [cond] cfg_signal=0.0646 (min=0.0496 max=0.0779, n=16) | class_signal=0.0797 (min=0.0591 max=0.1101, n=16) | pred_rms=0.6114
2026-04-23 19:41:35,801 - INFO - [render-loss] step=269600 masked 3/16 samples (t_value < 0.40)
2026-04-23 19:43:27,459 - INFO - Step  269800 | Epoch  33 | MSE: 0.4693 | Steps/sec: 1.79 | LR: 1.10e-04 | Render_L1: 0.0218 | Alpha_L1: 0.0272 | Render_LPIPS: 0.1477 | Repel: 0.0966 | cos(c,null): +0.8069 | GradNorm: 0.6062 | MSE/t: [0.00-0.25]0.597(n=468) [0.25-0.50]0.505(n=1139) [0.50-0.75]0.420(n=1178) [0.75-1.00]0.369(n=415)
2026-04-23 19:43:27,961 - INFO - [cond] cfg_signal=0.0616 (min=0.0495 max=0.0747, n=16) | class_signal=0.0765 (min=0.0577 max=0.1055, n=16) | pred_rms=0.5964
2026-04-23 19:43:28,019 - INFO - [render-loss] step=269800 masked 4/16 samples (t_value < 0.40)
2026-04-23 19:45:19,909 - INFO - Step  270000 | Epoch  33 | MSE: 0.4759 | Steps/sec: 1.79 | LR: 1.10e-04 | Render_L1: 0.0216 | Alpha_L1: 0.0275 | Render_LPIPS: 0.1466 | Repel: 0.0954 | cos(c,null): +0.8047 | GradNorm: 0.6682 | MSE/t: [0.00-0.25]0.581(n=440) [0.25-0.50]0.500(n=1177) [0.50-0.75]0.451(n=1140) [0.75-1.00]0.373(n=443)
2026-04-23 19:45:20,382 - INFO - [cond] cfg_signal=0.0642 (min=0.0470 max=0.0829, n=16) | class_signal=0.0807 (min=0.0608 max=0.1166, n=16) | pred_rms=0.6022
2026-04-23 19:45:28,406 - INFO - [validation] saved: output/jit_JiT-B_8_full_improved_renderprobe_null_repel/dit_validation/epoch_033_step_0270000_class099.png (class=99, sampler=heun, steps=100)
2026-04-23 19:45:29,581 - INFO - [overrides] applied from jit/configs/overrides.yaml: lr_scale=1.0 max_grad_norm=5.0 null_repel_weight=0.01 P_mean=0.0
2026-04-23 19:45:29,630 - INFO - [render-loss] step=270000 masked 9/16 samples (t_value < 0.40)
2026-04-23 19:47:21,692 - INFO - Step  270200 | Epoch  33 | MSE: 0.4676 | Steps/sec: 1.65 | LR: 1.09e-04 | Render_L1: 0.0219 | Alpha_L1: 0.0278 | Render_LPIPS: 0.1461 | Repel: 0.0942 | cos(c,null): +0.8028 | GradNorm: 0.6356 | MSE/t: [0.00-0.25]0.590(n=451) [0.25-0.50]0.494(n=1197) [0.50-0.75]0.427(n=1103) [0.75-1.00]0.375(n=449)
2026-04-23 19:47:22,167 - INFO - [cond] cfg_signal=0.0630 (min=0.0471 max=0.0822, n=16) | class_signal=0.0792 (min=0.0588 max=0.1104, n=16) | pred_rms=0.6089
2026-04-23 19:47:22,221 - INFO - [render-loss] step=270200 masked 7/16 samples (t_value < 0.40)
2026-04-23 19:49:13,822 - INFO - Step  270400 | Epoch  33 | MSE: 0.4708 | Steps/sec: 1.79 | LR: 1.09e-04 | Render_L1: 0.0211 | Alpha_L1: 0.0261 | Render_LPIPS: 0.1415 | Repel: 0.0929 | cos(c,null): +0.8003 | GradNorm: 0.6204 | MSE/t: [0.00-0.25]0.624(n=434) [0.25-0.50]0.507(n=1138) [0.50-0.75]0.417(n=1159) [0.75-1.00]0.374(n=469)
2026-04-23 19:49:14,285 - INFO - [cond] cfg_signal=0.0621 (min=0.0461 max=0.0826, n=16) | class_signal=0.0751 (min=0.0526 max=0.0992, n=16) | pred_rms=0.5999
2026-04-23 19:49:14,340 - INFO - [render-loss] step=270400 masked 10/16 samples (t_value < 0.40)
2026-04-23 19:51:06,324 - INFO - Step  270600 | Epoch  33 | MSE: 0.4725 | Steps/sec: 1.79 | LR: 1.09e-04 | Render_L1: 0.0211 | Alpha_L1: 0.0271 | Render_LPIPS: 0.1446 | Repel: 0.0913 | cos(c,null): +0.7976 | GradNorm: 0.5822 | MSE/t: [0.00-0.25]0.575(n=433) [0.25-0.50]0.522(n=1186) [0.50-0.75]0.420(n=1157) [0.75-1.00]0.373(n=424)
2026-04-23 19:51:06,795 - INFO - [cond] cfg_signal=0.0602 (min=0.0455 max=0.0787, n=16) | class_signal=0.0746 (min=0.0541 max=0.0997, n=16) | pred_rms=0.5934
2026-04-23 19:51:06,850 - INFO - [render-loss] step=270600 masked 5/16 samples (t_value < 0.40)
2026-04-23 19:52:58,648 - INFO - Step  270800 | Epoch  33 | MSE: 0.4755 | Steps/sec: 1.79 | LR: 1.09e-04 | Render_L1: 0.0220 | Alpha_L1: 0.0277 | Render_LPIPS: 0.1476 | Repel: 0.0902 | cos(c,null): +0.7956 | GradNorm: 0.6309 | MSE/t: [0.00-0.25]0.585(n=462) [0.25-0.50]0.524(n=1172) [0.50-0.75]0.416(n=1139) [0.75-1.00]0.382(n=427)
2026-04-23 19:52:59,112 - INFO - [cond] cfg_signal=0.0594 (min=0.0454 max=0.0773, n=16) | class_signal=0.0738 (min=0.0530 max=0.0992, n=16) | pred_rms=0.5794
2026-04-23 19:52:59,167 - INFO - [render-loss] step=270800 masked 8/16 samples (t_value < 0.40)
2026-04-23 19:54:50,558 - INFO - Step  271000 | Epoch  33 | MSE: 0.4757 | Steps/sec: 1.79 | LR: 1.09e-04 | Render_L1: 0.0211 | Alpha_L1: 0.0271 | Render_LPIPS: 0.1430 | Repel: 0.0890 | cos(c,null): +0.7935 | GradNorm: 0.5846 | MSE/t: [0.00-0.25]0.575(n=425) [0.25-0.50]0.535(n=1168) [0.50-0.75]0.428(n=1175) [0.75-1.00]0.350(n=432)
2026-04-23 19:54:51,017 - INFO - [cond] cfg_signal=0.0629 (min=0.0473 max=0.0831, n=16) | class_signal=0.0774 (min=0.0598 max=0.1051, n=16) | pred_rms=0.5862
2026-04-23 19:54:59,144 - INFO - [validation] saved: output/jit_JiT-B_8_full_improved_renderprobe_null_repel/dit_validation/epoch_033_step_0271000_class100.png (class=100, sampler=heun, steps=100)
2026-04-23 19:55:00,341 - INFO - [overrides] applied from jit/configs/overrides.yaml: lr_scale=1.0 max_grad_norm=5.0 null_repel_weight=0.01 P_mean=0.0
2026-04-23 19:55:00,391 - INFO - [render-loss] step=271000 masked 4/16 samples (t_value < 0.40)
2026-04-23 19:56:52,047 - INFO - Step  271200 | Epoch  33 | MSE: 0.4639 | Steps/sec: 1.65 | LR: 1.09e-04 | Render_L1: 0.0213 | Alpha_L1: 0.0279 | Render_LPIPS: 0.1434 | Repel: 0.0878 | cos(c,null): +0.7914 | GradNorm: 0.6513 | MSE/t: [0.00-0.25]0.560(n=410) [0.25-0.50]0.500(n=1150) [0.50-0.75]0.427(n=1194) [0.75-1.00]0.380(n=446)
2026-04-23 19:56:52,521 - INFO - [cond] cfg_signal=0.0649 (min=0.0500 max=0.0840, n=16) | class_signal=0.0794 (min=0.0615 max=0.1069, n=16) | pred_rms=0.5839
2026-04-23 19:56:52,576 - INFO - [render-loss] step=271200 masked 5/16 samples (t_value < 0.40)
2026-04-23 19:58:44,394 - INFO - Step  271400 | Epoch  33 | MSE: 0.4754 | Steps/sec: 1.79 | LR: 1.09e-04 | Render_L1: 0.0212 | Alpha_L1: 0.0264 | Render_LPIPS: 0.1440 | Repel: 0.0867 | cos(c,null): +0.7893 | GradNorm: 0.5969 | MSE/t: [0.00-0.25]0.584(n=437) [0.25-0.50]0.519(n=1202) [0.50-0.75]0.421(n=1138) [0.75-1.00]0.386(n=423)
2026-04-23 19:58:44,864 - INFO - [cond] cfg_signal=0.0616 (min=0.0444 max=0.0765, n=16) | class_signal=0.0770 (min=0.0617 max=0.1001, n=16) | pred_rms=0.5835
2026-04-23 19:58:44,921 - INFO - [render-loss] step=271400 masked 4/16 samples (t_value < 0.40)
2026-04-23 20:00:36,671 - INFO - Step  271600 | Epoch  33 | MSE: 0.4811 | Steps/sec: 1.79 | LR: 1.09e-04 | Render_L1: 0.0219 | Alpha_L1: 0.0281 | Render_LPIPS: 0.1460 | Repel: 0.0855 | cos(c,null): +0.7870 | GradNorm: 0.6059 | MSE/t: [0.00-0.25]0.599(n=446) [0.25-0.50]0.534(n=1142) [0.50-0.75]0.426(n=1187) [0.75-1.00]0.369(n=425)
2026-04-23 20:00:37,139 - INFO - [cond] cfg_signal=0.0639 (min=0.0469 max=0.0786, n=16) | class_signal=0.0786 (min=0.0660 max=0.0953, n=16) | pred_rms=0.6010
2026-04-23 20:00:37,195 - INFO - [render-loss] step=271600 masked 5/16 samples (t_value < 0.40)
2026-04-23 20:02:28,761 - INFO - Step  271800 | Epoch  33 | MSE: 0.4623 | Steps/sec: 1.79 | LR: 1.09e-04 | Render_L1: 0.0207 | Alpha_L1: 0.0268 | Render_LPIPS: 0.1426 | Repel: 0.0841 | cos(c,null): +0.7846 | GradNorm: 0.6049 | MSE/t: [0.00-0.25]0.587(n=406) [0.25-0.50]0.507(n=1137) [0.50-0.75]0.406(n=1184) [0.75-1.00]0.389(n=473)
2026-04-23 20:02:29,240 - INFO - [cond] cfg_signal=0.0612 (min=0.0448 max=0.0740, n=16) | class_signal=0.0757 (min=0.0612 max=0.0973, n=16) | pred_rms=0.5913
2026-04-23 20:02:29,294 - INFO - [render-loss] step=271800 masked 7/16 samples (t_value < 0.40)
2026-04-23 20:04:21,250 - INFO - Step  272000 | Epoch  33 | MSE: 0.4615 | Steps/sec: 1.79 | LR: 1.08e-04 | Render_L1: 0.0216 | Alpha_L1: 0.0274 | Render_LPIPS: 0.1459 | Repel: 0.0830 | cos(c,null): +0.7825 | GradNorm: 0.6449 | MSE/t: [0.00-0.25]0.545(n=425) [0.25-0.50]0.505(n=1156) [0.50-0.75]0.424(n=1176) [0.75-1.00]0.367(n=443)
2026-04-23 20:04:21,711 - INFO - [cond] cfg_signal=0.0588 (min=0.0410 max=0.0806, n=16) | class_signal=0.0733 (min=0.0601 max=0.1020, n=16) | pred_rms=0.5850
2026-04-23 20:04:29,882 - INFO - [validation] saved: output/jit_JiT-B_8_full_improved_renderprobe_null_repel/dit_validation/epoch_033_step_0272000_class024.png (class=24, sampler=heun, steps=100)
2026-04-23 20:04:31,150 - INFO - [overrides] applied from jit/configs/overrides.yaml: lr_scale=1.0 max_grad_norm=5.0 null_repel_weight=0.01 P_mean=0.0
2026-04-23 20:04:31,200 - INFO - [render-loss] step=272000 masked 4/16 samples (t_value < 0.40)
2026-04-23 20:06:22,826 - INFO - Step  272200 | Epoch  33 | MSE: 0.4588 | Steps/sec: 1.65 | LR: 1.08e-04 | Render_L1: 0.0206 | Alpha_L1: 0.0261 | Render_LPIPS: 0.1407 | Repel: 0.0819 | cos(c,null): +0.7804 | GradNorm: 0.5936 | MSE/t: [0.00-0.25]0.596(n=411) [0.25-0.50]0.501(n=1191) [0.50-0.75]0.411(n=1161) [0.75-1.00]0.341(n=437)
2026-04-23 20:06:23,288 - INFO - [cond] cfg_signal=0.0601 (min=0.0434 max=0.0757, n=16) | class_signal=0.0739 (min=0.0605 max=0.0961, n=16) | pred_rms=0.5849
2026-04-23 20:06:23,343 - INFO - [render-loss] step=272200 masked 4/16 samples (t_value < 0.40)
2026-04-23 20:08:15,277 - INFO - Step  272400 | Epoch  33 | MSE: 0.4801 | Steps/sec: 1.79 | LR: 1.08e-04 | Render_L1: 0.0214 | Alpha_L1: 0.0276 | Render_LPIPS: 0.1454 | Repel: 0.0807 | cos(c,null): +0.7782 | GradNorm: 3.7894 | MSE/t: [0.00-0.25]0.638(n=461) [0.25-0.50]0.513(n=1126) [0.50-0.75]0.418(n=1207) [0.75-1.00]0.394(n=406)
2026-04-23 20:08:15,739 - INFO - [cond] cfg_signal=0.0611 (min=0.0448 max=0.0751, n=16) | class_signal=0.0750 (min=0.0581 max=0.0937, n=16) | pred_rms=0.5790
2026-04-23 20:08:15,794 - INFO - [render-loss] step=272400 masked 7/16 samples (t_value < 0.40)
2026-04-23 20:10:07,299 - INFO - Step  272600 | Epoch  33 | MSE: 0.4781 | Steps/sec: 1.79 | LR: 1.08e-04 | Render_L1: 0.0208 | Alpha_L1: 0.0260 | Render_LPIPS: 0.1430 | Repel: 0.0798 | cos(c,null): +0.7766 | GradNorm: 0.6134 | MSE/t: [0.00-0.25]0.578(n=442) [0.25-0.50]0.517(n=1184) [0.50-0.75]0.421(n=1181) [0.75-1.00]0.420(n=393)
2026-04-23 20:10:07,758 - INFO - [cond] cfg_signal=0.0586 (min=0.0429 max=0.0764, n=16) | class_signal=0.0718 (min=0.0554 max=0.0929, n=16) | pred_rms=0.5739
2026-04-23 20:10:07,812 - INFO - [render-loss] step=272600 masked 4/16 samples (t_value < 0.40)
2026-04-23 20:11:59,422 - INFO - Step  272800 | Epoch  33 | MSE: 0.4746 | Steps/sec: 1.79 | LR: 1.08e-04 | Render_L1: 0.0218 | Alpha_L1: 0.0277 | Render_LPIPS: 0.1481 | Repel: 0.0789 | cos(c,null): +0.7749 | GradNorm: 0.6086 | MSE/t: [0.00-0.25]0.558(n=440) [0.25-0.50]0.512(n=1155) [0.50-0.75]0.435(n=1172) [0.75-1.00]0.397(n=433)
2026-04-23 20:11:59,899 - INFO - [cond] cfg_signal=0.0584 (min=0.0387 max=0.0803, n=16) | class_signal=0.0724 (min=0.0585 max=0.0981, n=16) | pred_rms=0.5823
2026-04-23 20:11:59,954 - INFO - [render-loss] step=272800 masked 4/16 samples (t_value < 0.40)
2026-04-23 20:13:51,701 - INFO - Step  273000 | Epoch  33 | MSE: 0.4740 | Steps/sec: 1.79 | LR: 1.08e-04 | Render_L1: 0.0214 | Alpha_L1: 0.0270 | Render_LPIPS: 0.1453 | Repel: 0.0781 | cos(c,null): +0.7735 | GradNorm: 0.5971 | MSE/t: [0.00-0.25]0.607(n=439) [0.25-0.50]0.510(n=1135) [0.50-0.75]0.426(n=1208) [0.75-1.00]0.376(n=418)
2026-04-23 20:13:52,175 - INFO - [cond] cfg_signal=0.0633 (min=0.0461 max=0.0859, n=16) | class_signal=0.0771 (min=0.0603 max=0.1038, n=16) | pred_rms=0.5924
2026-04-23 20:14:00,307 - INFO - [validation] saved: output/jit_JiT-B_8_full_improved_renderprobe_null_repel/dit_validation/epoch_033_step_0273000_class083.png (class=83, sampler=heun, steps=100)
2026-04-23 20:14:01,573 - INFO - [overrides] applied from jit/configs/overrides.yaml: lr_scale=1.0 max_grad_norm=5.0 null_repel_weight=0.01 P_mean=0.0
2026-04-23 20:14:01,626 - INFO - [render-loss] step=273000 masked 7/16 samples (t_value < 0.40)
2026-04-23 20:15:53,515 - INFO - Step  273200 | Epoch  33 | MSE: 0.4693 | Steps/sec: 1.65 | LR: 1.08e-04 | Render_L1: 0.0213 | Alpha_L1: 0.0264 | Render_LPIPS: 0.1451 | Repel: 0.0772 | cos(c,null): +0.7716 | GradNorm: 0.6150 | MSE/t: [0.00-0.25]0.576(n=380) [0.25-0.50]0.522(n=1178) [0.50-0.75]0.413(n=1195) [0.75-1.00]0.391(n=447)
2026-04-23 20:15:53,983 - INFO - [cond] cfg_signal=0.0605 (min=0.0441 max=0.0813, n=16) | class_signal=0.0759 (min=0.0548 max=0.1107, n=16) | pred_rms=0.5884
2026-04-23 20:15:54,037 - INFO - [render-loss] step=273200 masked 7/16 samples (t_value < 0.40)
2026-04-23 20:17:46,074 - INFO - Step  273400 | Epoch  33 | MSE: 0.4695 | Steps/sec: 1.78 | LR: 1.08e-04 | Render_L1: 0.0220 | Alpha_L1: 0.0273 | Render_LPIPS: 0.1470 | Repel: 0.0760 | cos(c,null): +0.7695 | GradNorm: 0.6176 | MSE/t: [0.00-0.25]0.566(n=428) [0.25-0.50]0.507(n=1206) [0.50-0.75]0.431(n=1129) [0.75-1.00]0.371(n=437)
2026-04-23 20:17:46,544 - INFO - [cond] cfg_signal=0.0584 (min=0.0431 max=0.0776, n=16) | class_signal=0.0727 (min=0.0545 max=0.1025, n=16) | pred_rms=0.5827
2026-04-23 20:17:46,599 - INFO - [render-loss] step=273400 masked 5/16 samples (t_value < 0.40)
2026-04-23 20:19:38,703 - INFO - Step  273600 | Epoch  33 | MSE: 0.4714 | Steps/sec: 1.78 | LR: 1.08e-04 | Render_L1: 0.0208 | Alpha_L1: 0.0271 | Render_LPIPS: 0.1415 | Repel: 0.0748 | cos(c,null): +0.7671 | GradNorm: 0.6122 | MSE/t: [0.00-0.25]0.587(n=458) [0.25-0.50]0.510(n=1162) [0.50-0.75]0.414(n=1166) [0.75-1.00]0.396(n=414)
2026-04-23 20:19:39,179 - INFO - [cond] cfg_signal=0.0584 (min=0.0434 max=0.0756, n=16) | class_signal=0.0724 (min=0.0549 max=0.0987, n=16) | pred_rms=0.5864
2026-04-23 20:19:39,235 - INFO - [render-loss] step=273600 masked 5/16 samples (t_value < 0.40)
2026-04-23 20:21:30,877 - INFO - Step  273800 | Epoch  33 | MSE: 0.4688 | Steps/sec: 1.79 | LR: 1.07e-04 | Render_L1: 0.0215 | Alpha_L1: 0.0277 | Render_LPIPS: 0.1452 | Repel: 0.0736 | cos(c,null): +0.7648 | GradNorm: 0.5923 | MSE/t: [0.00-0.25]0.617(n=422) [0.25-0.50]0.502(n=1156) [0.50-0.75]0.418(n=1183) [0.75-1.00]0.376(n=439)
2026-04-23 20:21:31,347 - INFO - [cond] cfg_signal=0.0615 (min=0.0478 max=0.0792, n=16) | class_signal=0.0758 (min=0.0563 max=0.1056, n=16) | pred_rms=0.5820
2026-04-23 20:21:31,404 - INFO - [render-loss] step=273800 masked 10/16 samples (t_value < 0.40)
2026-04-23 20:23:22,927 - INFO - Step  274000 | Epoch  33 | MSE: 0.4630 | Steps/sec: 1.79 | LR: 1.07e-04 | Render_L1: 0.0211 | Alpha_L1: 0.0267 | Render_LPIPS: 0.1434 | Repel: 0.0725 | cos(c,null): +0.7626 | GradNorm: 0.6162 | MSE/t: [0.00-0.25]0.580(n=431) [0.25-0.50]0.494(n=1126) [0.50-0.75]0.419(n=1164) [0.75-1.00]0.390(n=479)
2026-04-23 20:23:23,381 - INFO - [cond] cfg_signal=0.0607 (min=0.0485 max=0.0791, n=16) | class_signal=0.0757 (min=0.0564 max=0.1019, n=16) | pred_rms=0.5995
2026-04-23 20:23:31,489 - INFO - [validation] saved: output/jit_JiT-B_8_full_improved_renderprobe_null_repel/dit_validation/epoch_033_step_0274000_class033.png (class=33, sampler=heun, steps=100)
2026-04-23 20:23:32,924 - INFO - [overrides] applied from jit/configs/overrides.yaml: lr_scale=1.0 max_grad_norm=5.0 null_repel_weight=0.01 P_mean=0.0
2026-04-23 20:23:32,971 - INFO - [render-loss] step=274000 masked 5/16 samples (t_value < 0.40)
2026-04-23 20:25:24,675 - INFO - Step  274200 | Epoch  33 | MSE: 0.4796 | Steps/sec: 1.65 | LR: 1.07e-04 | Render_L1: 0.0210 | Alpha_L1: 0.0269 | Render_LPIPS: 0.1422 | Repel: 0.0717 | cos(c,null): +0.7609 | GradNorm: 0.6015 | MSE/t: [0.00-0.25]0.627(n=459) [0.25-0.50]0.528(n=1172) [0.50-0.75]0.410(n=1133) [0.75-1.00]0.377(n=436)
2026-04-23 20:25:25,147 - INFO - [cond] cfg_signal=0.0612 (min=0.0461 max=0.0816, n=16) | class_signal=0.0754 (min=0.0568 max=0.0985, n=16) | pred_rms=0.5969
2026-04-23 20:25:25,201 - INFO - [render-loss] step=274200 masked 3/16 samples (t_value < 0.40)
2026-04-23 20:27:17,219 - INFO - Step  274400 | Epoch  33 | MSE: 0.4634 | Steps/sec: 1.78 | LR: 1.07e-04 | Render_L1: 0.0213 | Alpha_L1: 0.0274 | Render_LPIPS: 0.1438 | Repel: 0.0706 | cos(c,null): +0.7588 | GradNorm: 0.5996 | MSE/t: [0.00-0.25]0.602(n=433) [0.25-0.50]0.493(n=1169) [0.50-0.75]0.413(n=1157) [0.75-1.00]0.381(n=441)
2026-04-23 20:27:17,700 - INFO - [cond] cfg_signal=0.0607 (min=0.0444 max=0.0843, n=16) | class_signal=0.0754 (min=0.0596 max=0.1057, n=16) | pred_rms=0.5912
2026-04-23 20:27:17,755 - INFO - [render-loss] step=274400 masked 3/16 samples (t_value < 0.40)
2026-04-23 20:29:09,448 - INFO - Step  274600 | Epoch  33 | MSE: 0.4742 | Steps/sec: 1.79 | LR: 1.07e-04 | Render_L1: 0.0213 | Alpha_L1: 0.0268 | Render_LPIPS: 0.1445 | Repel: 0.0697 | cos(c,null): +0.7568 | GradNorm: 0.5855 | MSE/t: [0.00-0.25]0.618(n=444) [0.25-0.50]0.512(n=1129) [0.50-0.75]0.418(n=1218) [0.75-1.00]0.382(n=409)
2026-04-23 20:29:09,911 - INFO - [cond] cfg_signal=0.0614 (min=0.0471 max=0.0820, n=16) | class_signal=0.0778 (min=0.0597 max=0.1038, n=16) | pred_rms=0.5991
2026-04-23 20:29:09,965 - INFO - [render-loss] step=274600 masked 7/16 samples (t_value < 0.40)
2026-04-23 20:31:01,447 - INFO - Step  274800 | Epoch  33 | MSE: 0.4768 | Steps/sec: 1.79 | LR: 1.07e-04 | Render_L1: 0.0216 | Alpha_L1: 0.0271 | Render_LPIPS: 0.1456 | Repel: 0.0686 | cos(c,null): +0.7547 | GradNorm: 0.6544 | MSE/t: [0.00-0.25]0.586(n=429) [0.25-0.50]0.533(n=1186) [0.50-0.75]0.416(n=1164) [0.75-1.00]0.376(n=421)
2026-04-23 20:31:01,934 - INFO - [cond] cfg_signal=0.0623 (min=0.0463 max=0.0892, n=16) | class_signal=0.0779 (min=0.0616 max=0.1096, n=16) | pred_rms=0.5922
2026-04-23 20:31:01,989 - INFO - [render-loss] step=274800 masked 5/16 samples (t_value < 0.40)
2026-04-23 20:32:53,664 - INFO - Step  275000 | Epoch  33 | MSE: 0.4718 | Steps/sec: 1.79 | LR: 1.07e-04 | Render_L1: 0.0207 | Alpha_L1: 0.0265 | Render_LPIPS: 0.1426 | Repel: 0.0674 | cos(c,null): +0.7523 | GradNorm: 0.5934 | MSE/t: [0.00-0.25]0.576(n=430) [0.25-0.50]0.526(n=1133) [0.50-0.75]0.416(n=1160) [0.75-1.00]0.385(n=477)
2026-04-23 20:32:54,120 - INFO - [cond] cfg_signal=0.0648 (min=0.0497 max=0.0849, n=16) | class_signal=0.0809 (min=0.0619 max=0.1132, n=16) | pred_rms=0.6078
2026-04-23 20:33:02,229 - INFO - [validation] saved: output/jit_JiT-B_8_full_improved_renderprobe_null_repel/dit_validation/epoch_033_step_0275000_class094.png (class=94, sampler=heun, steps=100)
2026-04-23 20:33:03,537 - INFO - [overrides] applied from jit/configs/overrides.yaml: lr_scale=1.0 max_grad_norm=5.0 null_repel_weight=0.01 P_mean=0.0
2026-04-23 20:33:03,585 - INFO - [render-loss] step=275000 masked 8/16 samples (t_value < 0.40)
2026-04-23 20:34:54,977 - INFO - Step  275200 | Epoch  33 | MSE: 0.4704 | Steps/sec: 1.65 | LR: 1.07e-04 | Render_L1: 0.0211 | Alpha_L1: 0.0268 | Render_LPIPS: 0.1432 | Repel: 0.0664 | cos(c,null): +0.7502 | GradNorm: 0.6057 | MSE/t: [0.00-0.25]0.591(n=426) [0.25-0.50]0.508(n=1163) [0.50-0.75]0.422(n=1172) [0.75-1.00]0.384(n=439)
2026-04-23 20:34:55,452 - INFO - [cond] cfg_signal=0.0631 (min=0.0477 max=0.0880, n=16) | class_signal=0.0789 (min=0.0614 max=0.1139, n=16) | pred_rms=0.6110
2026-04-23 20:34:55,512 - INFO - [render-loss] step=275200 masked 5/16 samples (t_value < 0.40)
2026-04-23 20:36:47,174 - INFO - Step  275400 | Epoch  33 | MSE: 0.4877 | Steps/sec: 1.79 | LR: 1.07e-04 | Render_L1: 0.0216 | Alpha_L1: 0.0278 | Render_LPIPS: 0.1447 | Repel: 0.0653 | cos(c,null): +0.7478 | GradNorm: 0.8422 | MSE/t: [0.00-0.25]0.557(n=462) [0.25-0.50]0.512(n=1149) [0.50-0.75]0.477(n=1142) [0.75-1.00]0.380(n=447)
2026-04-23 20:36:47,631 - INFO - [cond] cfg_signal=0.0612 (min=0.0472 max=0.0831, n=16) | class_signal=0.0754 (min=0.0597 max=0.1018, n=16) | pred_rms=0.6015
2026-04-23 20:36:47,686 - INFO - [render-loss] step=275400 masked 3/16 samples (t_value < 0.40)
2026-04-23 20:38:39,481 - INFO - Step  275600 | Epoch  33 | MSE: 0.4702 | Steps/sec: 1.79 | LR: 1.07e-04 | Render_L1: 0.0216 | Alpha_L1: 0.0272 | Render_LPIPS: 0.1462 | Repel: 0.0642 | cos(c,null): +0.7455 | GradNorm: 0.6127 | MSE/t: [0.00-0.25]0.599(n=454) [0.25-0.50]0.495(n=1152) [0.50-0.75]0.432(n=1157) [0.75-1.00]0.373(n=437)
2026-04-23 20:38:39,943 - INFO - [cond] cfg_signal=0.0630 (min=0.0473 max=0.0800, n=16) | class_signal=0.0792 (min=0.0639 max=0.0993, n=16) | pred_rms=0.6119
2026-04-23 20:38:39,998 - INFO - [render-loss] step=275600 masked 2/16 samples (t_value < 0.40)
2026-04-23 20:40:32,105 - INFO - Step  275800 | Epoch  33 | MSE: 0.4701 | Steps/sec: 1.78 | LR: 1.06e-04 | Render_L1: 0.0213 | Alpha_L1: 0.0270 | Render_LPIPS: 0.1442 | Repel: 0.0632 | cos(c,null): +0.7434 | GradNorm: 0.6060 | MSE/t: [0.00-0.25]0.569(n=437) [0.25-0.50]0.522(n=1212) [0.50-0.75]0.407(n=1113) [0.75-1.00]0.388(n=438)
2026-04-23 20:40:32,583 - INFO - [cond] cfg_signal=0.0608 (min=0.0475 max=0.0776, n=16) | class_signal=0.0780 (min=0.0609 max=0.0992, n=16) | pred_rms=0.6160
2026-04-23 20:40:32,639 - INFO - [render-loss] step=275800 masked 7/16 samples (t_value < 0.40)
2026-04-23 20:42:25,629 - INFO - Step  276000 | Epoch  34 | MSE: 0.4827 | Steps/sec: 1.77 | LR: 1.06e-04 | Render_L1: 0.0215 | Alpha_L1: 0.0274 | Render_LPIPS: 0.1449 | Repel: 0.0620 | cos(c,null): +0.7408 | GradNorm: 0.6085 | MSE/t: [0.00-0.25]0.601(n=456) [0.25-0.50]0.527(n=1131) [0.50-0.75]0.427(n=1179) [0.75-1.00]0.395(n=434)
2026-04-23 20:42:26,101 - INFO - [cond] cfg_signal=0.0599 (min=0.0479 max=0.0765, n=16) | class_signal=0.0757 (min=0.0597 max=0.0956, n=16) | pred_rms=0.6066
2026-04-23 20:42:34,224 - INFO - [validation] saved: output/jit_JiT-B_8_full_improved_renderprobe_null_repel/dit_validation/epoch_034_step_0276000_class022.png (class=22, sampler=heun, steps=100)
2026-04-23 20:42:35,571 - INFO - [overrides] applied from jit/configs/overrides.yaml: lr_scale=1.0 max_grad_norm=5.0 null_repel_weight=0.01 P_mean=0.0
2026-04-23 20:42:35,623 - INFO - [render-loss] step=276000 masked 5/16 samples (t_value < 0.40)
2026-04-23 20:44:27,628 - INFO - Step  276200 | Epoch  34 | MSE: 0.4705 | Steps/sec: 1.65 | LR: 1.06e-04 | Render_L1: 0.0209 | Alpha_L1: 0.0255 | Render_LPIPS: 0.1420 | Repel: 0.0610 | cos(c,null): +0.7389 | GradNorm: 0.5819 | MSE/t: [0.00-0.25]0.594(n=412) [0.25-0.50]0.520(n=1201) [0.50-0.75]0.416(n=1131) [0.75-1.00]0.362(n=456)
2026-04-23 20:44:28,111 - INFO - [cond] cfg_signal=0.0628 (min=0.0476 max=0.0875, n=16) | class_signal=0.0802 (min=0.0636 max=0.1072, n=16) | pred_rms=0.6120
2026-04-23 20:44:28,169 - INFO - [render-loss] step=276200 masked 7/16 samples (t_value < 0.40)
2026-04-23 20:46:20,173 - INFO - Step  276400 | Epoch  34 | MSE: 0.4695 | Steps/sec: 1.78 | LR: 1.06e-04 | Render_L1: 0.0213 | Alpha_L1: 0.0271 | Render_LPIPS: 0.1434 | Repel: 0.0603 | cos(c,null): +0.7374 | GradNorm: 0.6165 | MSE/t: [0.00-0.25]0.588(n=470) [0.25-0.50]0.495(n=1168) [0.50-0.75]0.428(n=1120) [0.75-1.00]0.383(n=442)
2026-04-23 20:46:20,642 - INFO - [cond] cfg_signal=0.0631 (min=0.0454 max=0.0845, n=16) | class_signal=0.0820 (min=0.0651 max=0.1103, n=16) | pred_rms=0.6071
2026-04-23 20:46:20,697 - INFO - [render-loss] step=276400 masked 5/16 samples (t_value < 0.40)
2026-04-23 20:48:12,319 - INFO - Step  276600 | Epoch  34 | MSE: 0.4680 | Steps/sec: 1.79 | LR: 1.06e-04 | Render_L1: 0.0212 | Alpha_L1: 0.0275 | Render_LPIPS: 0.1433 | Repel: 0.0594 | cos(c,null): +0.7354 | GradNorm: 0.6267 | MSE/t: [0.00-0.25]0.586(n=421) [0.25-0.50]0.506(n=1187) [0.50-0.75]0.424(n=1134) [0.75-1.00]0.370(n=458)
2026-04-23 20:48:12,781 - INFO - [cond] cfg_signal=0.0621 (min=0.0451 max=0.0886, n=16) | class_signal=0.0787 (min=0.0621 max=0.1055, n=16) | pred_rms=0.5938
2026-04-23 20:48:12,837 - INFO - [render-loss] step=276600 masked 2/16 samples (t_value < 0.40)
2026-04-23 20:50:04,472 - INFO - Step  276800 | Epoch  34 | MSE: 0.4617 | Steps/sec: 1.79 | LR: 1.06e-04 | Render_L1: 0.0206 | Alpha_L1: 0.0260 | Render_LPIPS: 0.1435 | Repel: 0.0583 | cos(c,null): +0.7330 | GradNorm: 0.6051 | MSE/t: [0.00-0.25]0.582(n=428) [0.25-0.50]0.494(n=1143) [0.50-0.75]0.427(n=1165) [0.75-1.00]0.359(n=464)
2026-04-23 20:50:04,929 - INFO - [cond] cfg_signal=0.0631 (min=0.0449 max=0.0859, n=16) | class_signal=0.0792 (min=0.0633 max=0.1013, n=16) | pred_rms=0.6154
2026-04-23 20:50:05,007 - INFO - [render-loss] step=276800 masked 5/16 samples (t_value < 0.40)
2026-04-23 20:51:56,860 - INFO - Step  277000 | Epoch  34 | MSE: 0.4539 | Steps/sec: 1.79 | LR: 1.06e-04 | Render_L1: 0.0204 | Alpha_L1: 0.0261 | Render_LPIPS: 0.1408 | Repel: 0.0573 | cos(c,null): +0.7307 | GradNorm: 2.3053 | MSE/t: [0.00-0.25]0.582(n=437) [0.25-0.50]0.487(n=1142) [0.50-0.75]0.408(n=1180) [0.75-1.00]0.366(n=441)
2026-04-23 20:51:57,324 - INFO - [cond] cfg_signal=0.0617 (min=0.0466 max=0.0807, n=16) | class_signal=0.0787 (min=0.0622 max=0.0981, n=16) | pred_rms=0.6047
2026-04-23 20:52:05,545 - INFO - [validation] saved: output/jit_JiT-B_8_full_improved_renderprobe_null_repel/dit_validation/epoch_034_step_0277000_class058.png (class=58, sampler=heun, steps=100)
2026-04-23 20:52:07,019 - INFO - [overrides] applied from jit/configs/overrides.yaml: lr_scale=1.0 max_grad_norm=5.0 null_repel_weight=0.01 P_mean=0.0
2026-04-23 20:52:07,069 - INFO - [render-loss] step=277000 masked 6/16 samples (t_value < 0.40)
2026-04-23 20:53:59,173 - INFO - Step  277200 | Epoch  34 | MSE: 0.4644 | Steps/sec: 1.64 | LR: 1.06e-04 | Render_L1: 0.0206 | Alpha_L1: 0.0267 | Render_LPIPS: 0.1423 | Repel: 0.0563 | cos(c,null): +0.7285 | GradNorm: 0.5844 | MSE/t: [0.00-0.25]0.584(n=420) [0.25-0.50]0.496(n=1148) [0.50-0.75]0.416(n=1138) [0.75-1.00]0.401(n=494)
2026-04-23 20:53:59,641 - INFO - [cond] cfg_signal=0.0640 (min=0.0446 max=0.0848, n=16) | class_signal=0.0793 (min=0.0636 max=0.1024, n=16) | pred_rms=0.5943
2026-04-23 20:53:59,696 - INFO - [render-loss] step=277200 masked 5/16 samples (t_value < 0.40)
2026-04-23 20:55:51,410 - INFO - Step  277400 | Epoch  34 | MSE: 0.4695 | Steps/sec: 1.79 | LR: 1.06e-04 | Render_L1: 0.0218 | Alpha_L1: 0.0272 | Render_LPIPS: 0.1447 | Repel: 0.0553 | cos(c,null): +0.7262 | GradNorm: 0.6558 | MSE/t: [0.00-0.25]0.588(n=432) [0.25-0.50]0.507(n=1138) [0.50-0.75]0.418(n=1174) [0.75-1.00]0.398(n=456)
2026-04-23 20:55:51,875 - INFO - [cond] cfg_signal=0.0607 (min=0.0432 max=0.0756, n=16) | class_signal=0.0747 (min=0.0600 max=0.0955, n=16) | pred_rms=0.5892
2026-04-23 20:55:51,929 - INFO - [render-loss] step=277400 masked 4/16 samples (t_value < 0.40)
2026-04-23 20:57:43,703 - INFO - Step  277600 | Epoch  34 | MSE: 0.4749 | Steps/sec: 1.79 | LR: 1.05e-04 | Render_L1: 0.0217 | Alpha_L1: 0.0278 | Render_LPIPS: 0.1466 | Repel: 0.0542 | cos(c,null): +0.7239 | GradNorm: 0.8002 | MSE/t: [0.00-0.25]0.582(n=417) [0.25-0.50]0.528(n=1145) [0.50-0.75]0.420(n=1211) [0.75-1.00]0.382(n=427)
2026-04-23 20:57:44,174 - INFO - [cond] cfg_signal=0.0677 (min=0.0453 max=0.0838, n=16) | class_signal=0.0806 (min=0.0636 max=0.0991, n=16) | pred_rms=0.5981
2026-04-23 20:57:44,228 - INFO - [render-loss] step=277600 masked 4/16 samples (t_value < 0.40)
2026-04-23 20:59:36,140 - INFO - Step  277800 | Epoch  34 | MSE: 0.4796 | Steps/sec: 1.79 | LR: 1.05e-04 | Render_L1: 0.0225 | Alpha_L1: 0.0282 | Render_LPIPS: 0.1509 | Repel: 0.0533 | cos(c,null): +0.7217 | GradNorm: 0.7664 | MSE/t: [0.00-0.25]0.581(n=437) [0.25-0.50]0.514(n=1191) [0.50-0.75]0.426(n=1139) [0.75-1.00]0.424(n=433)
2026-04-23 20:59:36,619 - INFO - [cond] cfg_signal=0.0620 (min=0.0421 max=0.0775, n=16) | class_signal=0.0767 (min=0.0621 max=0.0989, n=16) | pred_rms=0.5991
2026-04-23 20:59:36,674 - INFO - [render-loss] step=277800 masked 6/16 samples (t_value < 0.40)
2026-04-23 21:01:28,573 - INFO - Step  278000 | Epoch  34 | MSE: 0.4721 | Steps/sec: 1.79 | LR: 1.05e-04 | Render_L1: 0.0210 | Alpha_L1: 0.0264 | Render_LPIPS: 0.1437 | Repel: 0.0526 | cos(c,null): +0.7201 | GradNorm: 0.7246 | MSE/t: [0.00-0.25]0.587(n=427) [0.25-0.50]0.504(n=1156) [0.50-0.75]0.429(n=1188) [0.75-1.00]0.391(n=429)
2026-04-23 21:01:29,075 - INFO - [cond] cfg_signal=0.0624 (min=0.0436 max=0.0773, n=16) | class_signal=0.0784 (min=0.0634 max=0.0975, n=16) | pred_rms=0.5954
2026-04-23 21:01:37,366 - INFO - [validation] saved: output/jit_JiT-B_8_full_improved_renderprobe_null_repel/dit_validation/epoch_034_step_0278000_class098.png (class=98, sampler=heun, steps=100)
2026-04-23 21:01:38,683 - INFO - [overrides] applied from jit/configs/overrides.yaml: lr_scale=1.0 max_grad_norm=5.0 null_repel_weight=0.01 P_mean=0.0
2026-04-23 21:01:38,734 - INFO - [render-loss] step=278000 masked 7/16 samples (t_value < 0.40)
2026-04-23 21:03:30,443 - INFO - Step  278200 | Epoch  34 | MSE: 0.4694 | Steps/sec: 1.65 | LR: 1.05e-04 | Render_L1: 0.0213 | Alpha_L1: 0.0269 | Render_LPIPS: 0.1457 | Repel: 0.0518 | cos(c,null): +0.7184 | GradNorm: 0.5908 | MSE/t: [0.00-0.25]0.587(n=425) [0.25-0.50]0.510(n=1125) [0.50-0.75]0.417(n=1202) [0.75-1.00]0.395(n=448)
2026-04-23 21:03:30,906 - INFO - [cond] cfg_signal=0.0660 (min=0.0439 max=0.0824, n=16) | class_signal=0.0815 (min=0.0650 max=0.0999, n=16) | pred_rms=0.5999
2026-04-23 21:03:30,960 - INFO - [render-loss] step=278200 masked 5/16 samples (t_value < 0.40)
2026-04-23 21:05:22,674 - INFO - Step  278400 | Epoch  34 | MSE: 0.4786 | Steps/sec: 1.79 | LR: 1.05e-04 | Render_L1: 0.0218 | Alpha_L1: 0.0273 | Render_LPIPS: 0.1473 | Repel: 0.0510 | cos(c,null): +0.7164 | GradNorm: 0.6079 | MSE/t: [0.00-0.25]0.606(n=414) [0.25-0.50]0.512(n=1184) [0.50-0.75]0.429(n=1166) [0.75-1.00]0.399(n=436)
2026-04-23 21:05:23,160 - INFO - [cond] cfg_signal=0.0649 (min=0.0448 max=0.0809, n=16) | class_signal=0.0817 (min=0.0637 max=0.1035, n=16) | pred_rms=0.6133
2026-04-23 21:05:23,215 - INFO - [render-loss] step=278400 masked 3/16 samples (t_value < 0.40)
2026-04-23 21:07:15,074 - INFO - Step  278600 | Epoch  34 | MSE: 0.4708 | Steps/sec: 1.79 | LR: 1.05e-04 | Render_L1: 0.0215 | Alpha_L1: 0.0273 | Render_LPIPS: 0.1459 | Repel: 0.0501 | cos(c,null): +0.7144 | GradNorm: 0.6716 | MSE/t: [0.00-0.25]0.577(n=460) [0.25-0.50]0.490(n=1120) [0.50-0.75]0.443(n=1173) [0.75-1.00]0.385(n=447)
2026-04-23 21:07:15,551 - INFO - [cond] cfg_signal=0.0631 (min=0.0459 max=0.0818, n=16) | class_signal=0.0790 (min=0.0632 max=0.1037, n=16) | pred_rms=0.5961
2026-04-23 21:07:15,607 - INFO - [render-loss] step=278600 masked 9/16 samples (t_value < 0.40)
2026-04-23 21:09:07,423 - INFO - Step  278800 | Epoch  34 | MSE: 0.4712 | Steps/sec: 1.79 | LR: 1.05e-04 | Render_L1: 0.0210 | Alpha_L1: 0.0264 | Render_LPIPS: 0.1423 | Repel: 0.0489 | cos(c,null): +0.7116 | GradNorm: 0.5783 | MSE/t: [0.00-0.25]0.555(n=426) [0.25-0.50]0.523(n=1191) [0.50-0.75]0.428(n=1141) [0.75-1.00]0.362(n=442)
2026-04-23 21:09:07,881 - INFO - [cond] cfg_signal=0.0649 (min=0.0462 max=0.0838, n=16) | class_signal=0.0815 (min=0.0629 max=0.1114, n=16) | pred_rms=0.6100
2026-04-23 21:09:07,939 - INFO - [render-loss] step=278800 masked 4/16 samples (t_value < 0.40)
2026-04-23 21:10:59,766 - INFO - Step  279000 | Epoch  34 | MSE: 0.4580 | Steps/sec: 1.79 | LR: 1.05e-04 | Render_L1: 0.0211 | Alpha_L1: 0.0263 | Render_LPIPS: 0.1419 | Repel: 0.0480 | cos(c,null): +0.7094 | GradNorm: 0.5846 | MSE/t: [0.00-0.25]0.571(n=438) [0.25-0.50]0.509(n=1148) [0.50-0.75]0.404(n=1167) [0.75-1.00]0.358(n=447)
2026-04-23 21:11:00,241 - INFO - [cond] cfg_signal=0.0634 (min=0.0465 max=0.0792, n=16) | class_signal=0.0811 (min=0.0645 max=0.1086, n=16) | pred_rms=0.5975
2026-04-23 21:11:08,355 - INFO - [validation] saved: output/jit_JiT-B_8_full_improved_renderprobe_null_repel/dit_validation/epoch_034_step_0279000_class000.png (class=0, sampler=heun, steps=100)
2026-04-23 21:11:09,628 - INFO - [overrides] applied from jit/configs/overrides.yaml: lr_scale=1.0 max_grad_norm=5.0 null_repel_weight=0.01 P_mean=0.0
2026-04-23 21:11:09,676 - INFO - [render-loss] step=279000 masked 4/16 samples (t_value < 0.40)
2026-04-23 21:13:01,627 - INFO - Step  279200 | Epoch  34 | MSE: 0.4721 | Steps/sec: 1.65 | LR: 1.05e-04 | Render_L1: 0.0214 | Alpha_L1: 0.0267 | Render_LPIPS: 0.1441 | Repel: 0.0472 | cos(c,null): +0.7075 | GradNorm: 0.5950 | MSE/t: [0.00-0.25]0.642(n=430) [0.25-0.50]0.497(n=1125) [0.50-0.75]0.423(n=1206) [0.75-1.00]0.376(n=439)
2026-04-23 21:13:02,100 - INFO - [cond] cfg_signal=0.0618 (min=0.0452 max=0.0751, n=16) | class_signal=0.0785 (min=0.0600 max=0.1017, n=16) | pred_rms=0.6017
2026-04-23 21:13:02,155 - INFO - [render-loss] step=279200 masked 6/16 samples (t_value < 0.40)
2026-04-23 21:14:53,856 - INFO - Step  279400 | Epoch  34 | MSE: 0.4613 | Steps/sec: 1.79 | LR: 1.04e-04 | Render_L1: 0.0212 | Alpha_L1: 0.0266 | Render_LPIPS: 0.1434 | Repel: 0.0467 | cos(c,null): +0.7064 | GradNorm: 0.5953 | MSE/t: [0.00-0.25]0.584(n=428) [0.25-0.50]0.492(n=1167) [0.50-0.75]0.426(n=1138) [0.75-1.00]0.359(n=467)
2026-04-23 21:14:54,326 - INFO - [cond] cfg_signal=0.0631 (min=0.0461 max=0.0759, n=16) | class_signal=0.0803 (min=0.0620 max=0.1048, n=16) | pred_rms=0.6016
2026-04-23 21:14:54,382 - INFO - [render-loss] step=279400 masked 5/16 samples (t_value < 0.40)
2026-04-23 21:16:45,852 - INFO - Step  279600 | Epoch  34 | MSE: 0.4691 | Steps/sec: 1.79 | LR: 1.04e-04 | Render_L1: 0.0206 | Alpha_L1: 0.0266 | Render_LPIPS: 0.1416 | Repel: 0.0461 | cos(c,null): +0.7049 | GradNorm: 0.6054 | MSE/t: [0.00-0.25]0.588(n=442) [0.25-0.50]0.510(n=1188) [0.50-0.75]0.419(n=1130) [0.75-1.00]0.367(n=440)
2026-04-23 21:16:46,317 - INFO - [cond] cfg_signal=0.0605 (min=0.0457 max=0.0725, n=16) | class_signal=0.0784 (min=0.0584 max=0.1016, n=16) | pred_rms=0.6023
2026-04-23 21:16:46,370 - INFO - [render-loss] step=279600 masked 5/16 samples (t_value < 0.40)
2026-04-23 21:18:38,463 - INFO - Step  279800 | Epoch  34 | MSE: 0.4739 | Steps/sec: 1.78 | LR: 1.04e-04 | Render_L1: 0.0212 | Alpha_L1: 0.0273 | Render_LPIPS: 0.1446 | Repel: 0.0453 | cos(c,null): +0.7029 | GradNorm: 0.6023 | MSE/t: [0.00-0.25]0.593(n=446) [0.25-0.50]0.496(n=1225) [0.50-0.75]0.436(n=1109) [0.75-1.00]0.383(n=420)
2026-04-23 21:18:38,959 - INFO - [cond] cfg_signal=0.0599 (min=0.0460 max=0.0687, n=16) | class_signal=0.0775 (min=0.0619 max=0.0963, n=16) | pred_rms=0.5881
2026-04-23 21:18:39,017 - INFO - [render-loss] step=279800 masked 4/16 samples (t_value < 0.40)
2026-04-23 21:20:30,935 - INFO - Step  280000 | Epoch  34 | MSE: 0.4742 | Steps/sec: 1.79 | LR: 1.04e-04 | Render_L1: 0.0213 | Alpha_L1: 0.0264 | Render_LPIPS: 0.1426 | Repel: 0.0446 | cos(c,null): +0.7010 | GradNorm: 0.6315 | MSE/t: [0.00-0.25]0.595(n=440) [0.25-0.50]0.508(n=1190) [0.50-0.75]0.425(n=1138) [0.75-1.00]0.388(n=432)
2026-04-23 21:20:31,398 - INFO - [cond] cfg_signal=0.0596 (min=0.0460 max=0.0696, n=16) | class_signal=0.0763 (min=0.0575 max=0.0969, n=16) | pred_rms=0.5823
2026-04-23 21:20:33,795 - INFO - Saved checkpoint to output/jit_JiT-B_8_full_improved_renderprobe_null_repel/0280000.pt
2026-04-23 21:20:34,225 - INFO - [cond] cfg_signal=0.0596 (min=0.0460 max=0.0696, n=16) | class_signal=0.0763 (min=0.0575 max=0.0969, n=16) | pred_rms=0.5823
2026-04-23 21:20:42,330 - INFO - [validation] saved: output/jit_JiT-B_8_full_improved_renderprobe_null_repel/dit_validation/epoch_034_step_0280000_class116.png (class=116, sampler=heun, steps=100)
2026-04-23 21:20:43,649 - INFO - [overrides] applied from jit/configs/overrides.yaml: lr_scale=1.0 max_grad_norm=5.0 null_repel_weight=0.01 P_mean=0.0
2026-04-23 21:20:43,695 - INFO - [render-loss] step=280000 masked 8/16 samples (t_value < 0.40)
2026-04-23 21:22:35,560 - INFO - Step  280200 | Epoch  34 | MSE: 0.4643 | Steps/sec: 1.61 | LR: 1.04e-04 | Render_L1: 0.0210 | Alpha_L1: 0.0266 | Render_LPIPS: 0.1419 | Repel: 0.0439 | cos(c,null): +0.6992 | GradNorm: 0.6118 | MSE/t: [0.00-0.25]0.603(n=453) [0.25-0.50]0.501(n=1142) [0.50-0.75]0.404(n=1165) [0.75-1.00]0.387(n=440)
2026-04-23 21:22:36,016 - INFO - [cond] cfg_signal=0.0616 (min=0.0505 max=0.0748, n=16) | class_signal=0.0790 (min=0.0583 max=0.1010, n=16) | pred_rms=0.6049
2026-04-23 21:22:36,071 - INFO - [render-loss] step=280200 masked 5/16 samples (t_value < 0.40)
2026-04-23 21:24:27,630 - INFO - Step  280400 | Epoch  34 | MSE: 0.4615 | Steps/sec: 1.79 | LR: 1.04e-04 | Render_L1: 0.0210 | Alpha_L1: 0.0268 | Render_LPIPS: 0.1416 | Repel: 0.0431 | cos(c,null): +0.6973 | GradNorm: 0.6143 | MSE/t: [0.00-0.25]0.570(n=428) [0.25-0.50]0.505(n=1152) [0.50-0.75]0.410(n=1161) [0.75-1.00]0.379(n=459)
2026-04-23 21:24:28,117 - INFO - [cond] cfg_signal=0.0608 (min=0.0501 max=0.0761, n=16) | class_signal=0.0786 (min=0.0568 max=0.1017, n=16) | pred_rms=0.5890
2026-04-23 21:24:28,172 - INFO - [render-loss] step=280400 masked 6/16 samples (t_value < 0.40)
2026-04-23 21:26:19,921 - INFO - Step  280600 | Epoch  34 | MSE: 0.4664 | Steps/sec: 1.79 | LR: 1.04e-04 | Render_L1: 0.0212 | Alpha_L1: 0.0265 | Render_LPIPS: 0.1437 | Repel: 0.0422 | cos(c,null): +0.6950 | GradNorm: 0.6141 | MSE/t: [0.00-0.25]0.571(n=434) [0.25-0.50]0.499(n=1173) [0.50-0.75]0.431(n=1157) [0.75-1.00]0.368(n=436)
2026-04-23 21:26:20,409 - INFO - [cond] cfg_signal=0.0604 (min=0.0486 max=0.0727, n=16) | class_signal=0.0776 (min=0.0561 max=0.1015, n=16) | pred_rms=0.5959
2026-04-23 21:26:20,468 - INFO - [render-loss] step=280600 masked 5/16 samples (t_value < 0.40)
2026-04-23 21:28:12,136 - INFO - Step  280800 | Epoch  34 | MSE: 0.4679 | Steps/sec: 1.79 | LR: 1.04e-04 | Render_L1: 0.0207 | Alpha_L1: 0.0263 | Render_LPIPS: 0.1415 | Repel: 0.0415 | cos(c,null): +0.6932 | GradNorm: 0.5877 | MSE/t: [0.00-0.25]0.576(n=431) [0.25-0.50]0.513(n=1176) [0.50-0.75]0.414(n=1169) [0.75-1.00]0.379(n=424)
2026-04-23 21:28:12,600 - INFO - [cond] cfg_signal=0.0602 (min=0.0487 max=0.0773, n=16) | class_signal=0.0793 (min=0.0581 max=0.1078, n=16) | pred_rms=0.5916
2026-04-23 21:28:12,655 - INFO - [render-loss] step=280800 masked 4/16 samples (t_value < 0.40)
2026-04-23 21:30:04,422 - INFO - Step  281000 | Epoch  34 | MSE: 0.4759 | Steps/sec: 1.79 | LR: 1.04e-04 | Render_L1: 0.0210 | Alpha_L1: 0.0268 | Render_LPIPS: 0.1428 | Repel: 0.0407 | cos(c,null): +0.6911 | GradNorm: 0.6060 | MSE/t: [0.00-0.25]0.581(n=476) [0.25-0.50]0.508(n=1101) [0.50-0.75]0.429(n=1188) [0.75-1.00]0.409(n=435)
2026-04-23 21:30:04,880 - INFO - [cond] cfg_signal=0.0605 (min=0.0483 max=0.0726, n=16) | class_signal=0.0797 (min=0.0591 max=0.1057, n=16) | pred_rms=0.5911
2026-04-23 21:30:13,002 - INFO - [validation] saved: output/jit_JiT-B_8_full_improved_renderprobe_null_repel/dit_validation/epoch_034_step_0281000_class004.png (class=4, sampler=heun, steps=100)
2026-04-23 21:30:14,332 - INFO - [overrides] applied from jit/configs/overrides.yaml: lr_scale=1.0 max_grad_norm=5.0 null_repel_weight=0.01 P_mean=0.0
2026-04-23 21:30:14,381 - INFO - [render-loss] step=281000 masked 3/16 samples (t_value < 0.40)
2026-04-23 21:32:06,311 - INFO - Step  281200 | Epoch  34 | MSE: 0.4756 | Steps/sec: 1.65 | LR: 1.04e-04 | Render_L1: 0.0220 | Alpha_L1: 0.0274 | Render_LPIPS: 0.1476 | Repel: 0.0399 | cos(c,null): +0.6890 | GradNorm: 6.3101 | MSE/t: [0.00-0.25]0.571(n=413) [0.25-0.50]0.524(n=1170) [0.50-0.75]0.429(n=1173) [0.75-1.00]0.382(n=444)
2026-04-23 21:32:06,777 - INFO - [cond] cfg_signal=0.0623 (min=0.0527 max=0.0783, n=16) | class_signal=0.0806 (min=0.0588 max=0.1031, n=16) | pred_rms=0.5945
2026-04-23 21:32:06,832 - INFO - [render-loss] step=281200 masked 4/16 samples (t_value < 0.40)
2026-04-23 21:33:58,640 - INFO - Step  281400 | Epoch  34 | MSE: 0.4673 | Steps/sec: 1.79 | LR: 1.03e-04 | Render_L1: 0.0208 | Alpha_L1: 0.0266 | Render_LPIPS: 0.1412 | Repel: 0.0391 | cos(c,null): +0.6870 | GradNorm: 0.5986 | MSE/t: [0.00-0.25]0.585(n=407) [0.25-0.50]0.523(n=1172) [0.50-0.75]0.408(n=1166) [0.75-1.00]0.371(n=455)
2026-04-23 21:33:59,114 - INFO - [cond] cfg_signal=0.0659 (min=0.0534 max=0.0848, n=16) | class_signal=0.0834 (min=0.0625 max=0.1119, n=16) | pred_rms=0.5882
2026-04-23 21:33:59,170 - INFO - [render-loss] step=281400 masked 5/16 samples (t_value < 0.40)
2026-04-23 21:35:51,288 - INFO - Step  281600 | Epoch  34 | MSE: 0.4772 | Steps/sec: 1.78 | LR: 1.03e-04 | Render_L1: 0.0214 | Alpha_L1: 0.0263 | Render_LPIPS: 0.1449 | Repel: 0.0385 | cos(c,null): +0.6854 | GradNorm: 0.5930 | MSE/t: [0.00-0.25]0.598(n=411) [0.25-0.50]0.527(n=1165) [0.50-0.75]0.415(n=1180) [0.75-1.00]0.400(n=444)
2026-04-23 21:35:51,753 - INFO - [cond] cfg_signal=0.0669 (min=0.0530 max=0.0850, n=16) | class_signal=0.0870 (min=0.0630 max=0.1120, n=16) | pred_rms=0.6062
2026-04-23 21:35:51,807 - INFO - [render-loss] step=281600 masked 3/16 samples (t_value < 0.40)
2026-04-23 21:37:43,673 - INFO - Step  281800 | Epoch  34 | MSE: 0.4662 | Steps/sec: 1.79 | LR: 1.03e-04 | Render_L1: 0.0209 | Alpha_L1: 0.0267 | Render_LPIPS: 0.1432 | Repel: 0.0379 | cos(c,null): +0.6837 | GradNorm: 0.6122 | MSE/t: [0.00-0.25]0.572(n=454) [0.25-0.50]0.506(n=1155) [0.50-0.75]0.415(n=1165) [0.75-1.00]0.385(n=426)
2026-04-23 21:37:44,153 - INFO - [cond] cfg_signal=0.0640 (min=0.0525 max=0.0826, n=16) | class_signal=0.0837 (min=0.0593 max=0.1144, n=16) | pred_rms=0.5940
2026-04-23 21:37:44,208 - INFO - [render-loss] step=281800 masked 8/16 samples (t_value < 0.40)
2026-04-23 21:39:36,037 - INFO - Step  282000 | Epoch  34 | MSE: 0.4551 | Steps/sec: 1.79 | LR: 1.03e-04 | Render_L1: 0.0203 | Alpha_L1: 0.0254 | Render_LPIPS: 0.1401 | Repel: 0.0372 | cos(c,null): +0.6817 | GradNorm: 0.5786 | MSE/t: [0.00-0.25]0.588(n=430) [0.25-0.50]0.494(n=1108) [0.50-0.75]0.411(n=1200) [0.75-1.00]0.351(n=462)
2026-04-23 21:39:36,502 - INFO - [cond] cfg_signal=0.0615 (min=0.0479 max=0.0785, n=16) | class_signal=0.0784 (min=0.0555 max=0.1058, n=16) | pred_rms=0.5870
2026-04-23 21:39:44,634 - INFO - [validation] saved: output/jit_JiT-B_8_full_improved_renderprobe_null_repel/dit_validation/epoch_034_step_0282000_class071.png (class=71, sampler=heun, steps=100)
2026-04-23 21:39:45,799 - INFO - [overrides] applied from jit/configs/overrides.yaml: lr_scale=1.0 max_grad_norm=5.0 null_repel_weight=0.01 P_mean=0.0
2026-04-23 21:39:45,846 - INFO - [render-loss] step=282000 masked 3/16 samples (t_value < 0.40)
2026-04-23 21:41:37,717 - INFO - Step  282200 | Epoch  34 | MSE: 0.4756 | Steps/sec: 1.65 | LR: 1.03e-04 | Render_L1: 0.0213 | Alpha_L1: 0.0281 | Render_LPIPS: 0.1434 | Repel: 0.0366 | cos(c,null): +0.6803 | GradNorm: 0.6337 | MSE/t: [0.00-0.25]0.613(n=453) [0.25-0.50]0.515(n=1187) [0.50-0.75]0.422(n=1127) [0.75-1.00]0.362(n=433)
2026-04-23 21:41:38,202 - INFO - [cond] cfg_signal=0.0605 (min=0.0479 max=0.0765, n=16) | class_signal=0.0783 (min=0.0541 max=0.1055, n=16) | pred_rms=0.5831
2026-04-23 21:41:38,258 - INFO - [render-loss] step=282200 masked 6/16 samples (t_value < 0.40)
2026-04-23 21:43:29,804 - INFO - Step  282400 | Epoch  34 | MSE: 0.4695 | Steps/sec: 1.79 | LR: 1.03e-04 | Render_L1: 0.0210 | Alpha_L1: 0.0264 | Render_LPIPS: 0.1426 | Repel: 0.0360 | cos(c,null): +0.6788 | GradNorm: 0.6030 | MSE/t: [0.00-0.25]0.597(n=446) [0.25-0.50]0.495(n=1155) [0.50-0.75]0.424(n=1187) [0.75-1.00]0.393(n=412)
2026-04-23 21:43:30,290 - INFO - [cond] cfg_signal=0.0615 (min=0.0507 max=0.0792, n=16) | class_signal=0.0793 (min=0.0544 max=0.1014, n=16) | pred_rms=0.6003
2026-04-23 21:43:30,344 - INFO - [render-loss] step=282400 masked 5/16 samples (t_value < 0.40)
2026-04-23 21:45:21,890 - INFO - Step  282600 | Epoch  34 | MSE: 0.4671 | Steps/sec: 1.79 | LR: 1.03e-04 | Render_L1: 0.0214 | Alpha_L1: 0.0267 | Render_LPIPS: 0.1457 | Repel: 0.0355 | cos(c,null): +0.6772 | GradNorm: 0.5848 | MSE/t: [0.00-0.25]0.592(n=404) [0.25-0.50]0.497(n=1197) [0.50-0.75]0.429(n=1162) [0.75-1.00]0.371(n=437)
2026-04-23 21:45:22,368 - INFO - [cond] cfg_signal=0.0607 (min=0.0488 max=0.0802, n=16) | class_signal=0.0776 (min=0.0553 max=0.1108, n=16) | pred_rms=0.5908
2026-04-23 21:45:22,423 - INFO - [render-loss] step=282600 masked 5/16 samples (t_value < 0.40)
2026-04-23 21:47:14,272 - INFO - Step  282800 | Epoch  34 | MSE: 0.4693 | Steps/sec: 1.79 | LR: 1.03e-04 | Render_L1: 0.0214 | Alpha_L1: 0.0270 | Render_LPIPS: 0.1444 | Repel: 0.0348 | cos(c,null): +0.6752 | GradNorm: 0.6375 | MSE/t: [0.00-0.25]0.607(n=420) [0.25-0.50]0.503(n=1211) [0.50-0.75]0.411(n=1147) [0.75-1.00]0.395(n=422)
2026-04-23 21:47:14,744 - INFO - [cond] cfg_signal=0.0603 (min=0.0507 max=0.0781, n=16) | class_signal=0.0772 (min=0.0537 max=0.1047, n=16) | pred_rms=0.5918
2026-04-23 21:47:14,800 - INFO - [render-loss] step=282800 masked 7/16 samples (t_value < 0.40)
2026-04-23 21:49:06,735 - INFO - Step  283000 | Epoch  34 | MSE: 0.4743 | Steps/sec: 1.79 | LR: 1.03e-04 | Render_L1: 0.0223 | Alpha_L1: 0.0276 | Render_LPIPS: 0.1486 | Repel: 0.0342 | cos(c,null): +0.6735 | GradNorm: 0.6193 | MSE/t: [0.00-0.25]0.569(n=411) [0.25-0.50]0.506(n=1192) [0.50-0.75]0.445(n=1188) [0.75-1.00]0.371(n=409)
2026-04-23 21:49:07,218 - INFO - [cond] cfg_signal=0.0609 (min=0.0499 max=0.0801, n=16) | class_signal=0.0782 (min=0.0544 max=0.1029, n=16) | pred_rms=0.6011
2026-04-23 21:49:15,630 - INFO - [validation] saved: output/jit_JiT-B_8_full_improved_renderprobe_null_repel/dit_validation/epoch_034_step_0283000_class113.png (class=113, sampler=heun, steps=100)
2026-04-23 21:49:16,808 - INFO - [overrides] applied from jit/configs/overrides.yaml: lr_scale=1.0 max_grad_norm=5.0 null_repel_weight=0.01 P_mean=0.0
2026-04-23 21:49:16,858 - INFO - [render-loss] step=283000 masked 8/16 samples (t_value < 0.40)
2026-04-23 21:51:08,796 - INFO - Step  283200 | Epoch  34 | MSE: 0.4731 | Steps/sec: 1.65 | LR: 1.02e-04 | Render_L1: 0.0211 | Alpha_L1: 0.0266 | Render_LPIPS: 0.1433 | Repel: 0.0335 | cos(c,null): +0.6714 | GradNorm: 0.6014 | MSE/t: [0.00-0.25]0.598(n=452) [0.25-0.50]0.506(n=1130) [0.50-0.75]0.432(n=1178) [0.75-1.00]0.372(n=440)
2026-04-23 21:51:09,282 - INFO - [cond] cfg_signal=0.0630 (min=0.0502 max=0.0827, n=16) | class_signal=0.0812 (min=0.0553 max=0.1090, n=16) | pred_rms=0.5938
2026-04-23 21:51:09,338 - INFO - [render-loss] step=283200 masked 6/16 samples (t_value < 0.40)
2026-04-23 21:53:01,104 - INFO - Step  283400 | Epoch  34 | MSE: 0.4724 | Steps/sec: 1.79 | LR: 1.02e-04 | Render_L1: 0.0212 | Alpha_L1: 0.0264 | Render_LPIPS: 0.1429 | Repel: 0.0327 | cos(c,null): +0.6693 | GradNorm: 0.6086 | MSE/t: [0.00-0.25]0.590(n=455) [0.25-0.50]0.525(n=1172) [0.50-0.75]0.407(n=1157) [0.75-1.00]0.376(n=416)
2026-04-23 21:53:01,587 - INFO - [cond] cfg_signal=0.0632 (min=0.0490 max=0.0882, n=16) | class_signal=0.0821 (min=0.0570 max=0.1147, n=16) | pred_rms=0.6025
2026-04-23 21:53:01,646 - INFO - [render-loss] step=283400 masked 8/16 samples (t_value < 0.40)
2026-04-23 21:54:53,746 - INFO - Step  283600 | Epoch  34 | MSE: 0.4733 | Steps/sec: 1.78 | LR: 1.02e-04 | Render_L1: 0.0211 | Alpha_L1: 0.0266 | Render_LPIPS: 0.1435 | Repel: 0.0321 | cos(c,null): +0.6674 | GradNorm: 0.6041 | MSE/t: [0.00-0.25]0.594(n=477) [0.25-0.50]0.504(n=1141) [0.50-0.75]0.428(n=1129) [0.75-1.00]0.380(n=453)
2026-04-23 21:54:54,212 - INFO - [cond] cfg_signal=0.0642 (min=0.0504 max=0.0869, n=16) | class_signal=0.0826 (min=0.0583 max=0.1162, n=16) | pred_rms=0.6052
2026-04-23 21:54:54,273 - INFO - [render-loss] step=283600 masked 4/16 samples (t_value < 0.40)
2026-04-23 21:56:46,133 - INFO - Step  283800 | Epoch  34 | MSE: 0.4548 | Steps/sec: 1.79 | LR: 1.02e-04 | Render_L1: 0.0207 | Alpha_L1: 0.0261 | Render_LPIPS: 0.1402 | Repel: 0.0317 | cos(c,null): +0.6662 | GradNorm: 0.5861 | MSE/t: [0.00-0.25]0.607(n=413) [0.25-0.50]0.479(n=1150) [0.50-0.75]0.413(n=1219) [0.75-1.00]0.358(n=418)
2026-04-23 21:56:46,598 - INFO - [cond] cfg_signal=0.0603 (min=0.0478 max=0.0807, n=16) | class_signal=0.0793 (min=0.0578 max=0.1082, n=16) | pred_rms=0.5925
2026-04-23 21:56:46,652 - INFO - [render-loss] step=283800 masked 5/16 samples (t_value < 0.40)
2026-04-23 21:58:39,557 - INFO - Step  284000 | Epoch  35 | MSE: 0.4672 | Steps/sec: 1.77 | LR: 1.02e-04 | Render_L1: 0.0205 | Alpha_L1: 0.0261 | Render_LPIPS: 0.1404 | Repel: 0.0312 | cos(c,null): +0.6649 | GradNorm: 0.5924 | MSE/t: [0.00-0.25]0.598(n=434) [0.25-0.50]0.499(n=1171) [0.50-0.75]0.417(n=1143) [0.75-1.00]0.386(n=452)
2026-04-23 21:58:40,011 - INFO - [cond] cfg_signal=0.0610 (min=0.0483 max=0.0817, n=16) | class_signal=0.0814 (min=0.0557 max=0.1121, n=16) | pred_rms=0.5953
2026-04-23 21:58:48,094 - INFO - [validation] saved: output/jit_JiT-B_8_full_improved_renderprobe_null_repel/dit_validation/epoch_035_step_0284000_class111.png (class=111, sampler=heun, steps=100)
2026-04-23 21:58:49,283 - INFO - [overrides] applied from jit/configs/overrides.yaml: lr_scale=1.0 max_grad_norm=5.0 null_repel_weight=0.01 P_mean=0.0
2026-04-23 21:58:49,330 - INFO - [render-loss] step=284000 masked 6/16 samples (t_value < 0.40)
2026-04-23 22:00:40,998 - INFO - Step  284200 | Epoch  35 | MSE: 0.4638 | Steps/sec: 1.65 | LR: 1.02e-04 | Render_L1: 0.0207 | Alpha_L1: 0.0266 | Render_LPIPS: 0.1421 | Repel: 0.0307 | cos(c,null): +0.6633 | GradNorm: 0.5950 | MSE/t: [0.00-0.25]0.584(n=447) [0.25-0.50]0.512(n=1156) [0.50-0.75]0.401(n=1132) [0.75-1.00]0.383(n=465)
2026-04-23 22:00:41,463 - INFO - [cond] cfg_signal=0.0619 (min=0.0481 max=0.0813, n=16) | class_signal=0.0828 (min=0.0590 max=0.1100, n=16) | pred_rms=0.5931
2026-04-23 22:00:41,686 - INFO - [render-loss] step=284200 masked 4/16 samples (t_value < 0.40)
2026-04-23 22:02:33,519 - INFO - Step  284400 | Epoch  35 | MSE: 0.4618 | Steps/sec: 1.78 | LR: 1.02e-04 | Render_L1: 0.0208 | Alpha_L1: 0.0260 | Render_LPIPS: 0.1413 | Repel: 0.0301 | cos(c,null): +0.6616 | GradNorm: 0.6527 | MSE/t: [0.00-0.25]0.611(n=417) [0.25-0.50]0.492(n=1195) [0.50-0.75]0.411(n=1153) [0.75-1.00]0.370(n=435)
2026-04-23 22:02:33,972 - INFO - [cond] cfg_signal=0.0615 (min=0.0491 max=0.0863, n=16) | class_signal=0.0804 (min=0.0589 max=0.1141, n=16) | pred_rms=0.5994
2026-04-23 22:02:34,026 - INFO - [render-loss] step=284400 masked 4/16 samples (t_value < 0.40)
2026-04-23 22:04:25,901 - INFO - Step  284600 | Epoch  35 | MSE: 0.4795 | Steps/sec: 1.79 | LR: 1.02e-04 | Render_L1: 0.0211 | Alpha_L1: 0.0270 | Render_LPIPS: 0.1445 | Repel: 0.0298 | cos(c,null): +0.6606 | GradNorm: 0.6543 | MSE/t: [0.00-0.25]0.599(n=428) [0.25-0.50]0.519(n=1167) [0.50-0.75]0.430(n=1167) [0.75-1.00]0.390(n=438)
2026-04-23 22:04:26,382 - INFO - [cond] cfg_signal=0.0610 (min=0.0483 max=0.0852, n=16) | class_signal=0.0812 (min=0.0595 max=0.1119, n=16) | pred_rms=0.5815
2026-04-23 22:04:26,600 - INFO - [render-loss] step=284600 masked 3/16 samples (t_value < 0.40)
2026-04-23 22:06:18,190 - INFO - Step  284800 | Epoch  35 | MSE: 0.4639 | Steps/sec: 1.79 | LR: 1.02e-04 | Render_L1: 0.0210 | Alpha_L1: 0.0262 | Render_LPIPS: 0.1449 | Repel: 0.0293 | cos(c,null): +0.6594 | GradNorm: 0.6186 | MSE/t: [0.00-0.25]0.589(n=402) [0.25-0.50]0.505(n=1160) [0.50-0.75]0.415(n=1192) [0.75-1.00]0.375(n=446)
2026-04-23 22:06:18,665 - INFO - [cond] cfg_signal=0.0614 (min=0.0496 max=0.0832, n=16) | class_signal=0.0795 (min=0.0585 max=0.1085, n=16) | pred_rms=0.5807
2026-04-23 22:06:18,723 - INFO - [render-loss] step=284800 masked 5/16 samples (t_value < 0.40)
2026-04-23 22:08:10,620 - INFO - Step  285000 | Epoch  35 | MSE: 0.4704 | Steps/sec: 1.79 | LR: 1.01e-04 | Render_L1: 0.0209 | Alpha_L1: 0.0262 | Render_LPIPS: 0.1432 | Repel: 0.0289 | cos(c,null): +0.6580 | GradNorm: 0.5964 | MSE/t: [0.00-0.25]0.586(n=410) [0.25-0.50]0.507(n=1237) [0.50-0.75]0.426(n=1127) [0.75-1.00]0.370(n=426)
2026-04-23 22:08:11,072 - INFO - [cond] cfg_signal=0.0602 (min=0.0487 max=0.0774, n=16) | class_signal=0.0786 (min=0.0602 max=0.1068, n=16) | pred_rms=0.5954
2026-04-23 22:08:19,258 - INFO - [validation] saved: output/jit_JiT-B_8_full_improved_renderprobe_null_repel/dit_validation/epoch_035_step_0285000_class014.png (class=14, sampler=heun, steps=100)
2026-04-23 22:08:20,626 - INFO - [overrides] applied from jit/configs/overrides.yaml: lr_scale=1.0 max_grad_norm=5.0 null_repel_weight=0.01 P_mean=0.0
2026-04-23 22:08:20,676 - INFO - [render-loss] step=285000 masked 5/16 samples (t_value < 0.40)
2026-04-23 22:10:12,287 - INFO - Step  285200 | Epoch  35 | MSE: 0.4768 | Steps/sec: 1.65 | LR: 1.01e-04 | Render_L1: 0.0216 | Alpha_L1: 0.0274 | Render_LPIPS: 0.1449 | Repel: 0.0285 | cos(c,null): +0.6568 | GradNorm: 0.6279 | MSE/t: [0.00-0.25]0.574(n=437) [0.25-0.50]0.527(n=1182) [0.50-0.75]0.424(n=1199) [0.75-1.00]0.375(n=382)
2026-04-23 22:10:12,749 - INFO - [cond] cfg_signal=0.0597 (min=0.0475 max=0.0784, n=16) | class_signal=0.0769 (min=0.0576 max=0.1053, n=16) | pred_rms=0.5946
2026-04-23 22:10:12,803 - INFO - [render-loss] step=285200 masked 7/16 samples (t_value < 0.40)
2026-04-23 22:12:04,439 - INFO - Step  285400 | Epoch  35 | MSE: 0.4697 | Steps/sec: 1.79 | LR: 1.01e-04 | Render_L1: 0.0208 | Alpha_L1: 0.0266 | Render_LPIPS: 0.1409 | Repel: 0.0280 | cos(c,null): +0.6553 | GradNorm: 0.6201 | MSE/t: [0.00-0.25]0.594(n=422) [0.25-0.50]0.515(n=1218) [0.50-0.75]0.409(n=1142) [0.75-1.00]0.378(n=418)
2026-04-23 22:12:04,914 - INFO - [cond] cfg_signal=0.0618 (min=0.0494 max=0.0803, n=16) | class_signal=0.0799 (min=0.0585 max=0.1135, n=16) | pred_rms=0.5780
2026-04-23 22:12:04,969 - INFO - [render-loss] step=285400 masked 6/16 samples (t_value < 0.40)
2026-04-23 22:13:56,763 - INFO - Step  285600 | Epoch  35 | MSE: 0.4692 | Steps/sec: 1.79 | LR: 1.01e-04 | Render_L1: 0.0209 | Alpha_L1: 0.0260 | Render_LPIPS: 0.1444 | Repel: 0.0276 | cos(c,null): +0.6543 | GradNorm: 0.6249 | MSE/t: [0.00-0.25]0.566(n=436) [0.25-0.50]0.525(n=1123) [0.50-0.75]0.420(n=1172) [0.75-1.00]0.367(n=469)
2026-04-23 22:13:57,248 - INFO - [cond] cfg_signal=0.0620 (min=0.0515 max=0.0819, n=16) | class_signal=0.0802 (min=0.0562 max=0.1120, n=16) | pred_rms=0.6106
2026-04-23 22:13:57,307 - INFO - [render-loss] step=285600 masked 5/16 samples (t_value < 0.40)
2026-04-23 22:15:49,236 - INFO - Step  285800 | Epoch  35 | MSE: 0.4678 | Steps/sec: 1.79 | LR: 1.01e-04 | Render_L1: 0.0207 | Alpha_L1: 0.0266 | Render_LPIPS: 0.1413 | Repel: 0.0272 | cos(c,null): +0.6531 | GradNorm: 0.5987 | MSE/t: [0.00-0.25]0.592(n=415) [0.25-0.50]0.507(n=1167) [0.50-0.75]0.427(n=1151) [0.75-1.00]0.360(n=467)
2026-04-23 22:15:49,713 - INFO - [cond] cfg_signal=0.0620 (min=0.0511 max=0.0774, n=16) | class_signal=0.0808 (min=0.0599 max=0.1100, n=16) | pred_rms=0.5952
2026-04-23 22:15:49,768 - INFO - [render-loss] step=285800 masked 3/16 samples (t_value < 0.40)
2026-04-23 22:17:41,353 - INFO - Step  286000 | Epoch  35 | MSE: 0.4661 | Steps/sec: 1.79 | LR: 1.01e-04 | Render_L1: 0.0206 | Alpha_L1: 0.0260 | Render_LPIPS: 0.1426 | Repel: 0.0267 | cos(c,null): +0.6515 | GradNorm: 0.5921 | MSE/t: [0.00-0.25]0.586(n=446) [0.25-0.50]0.493(n=1100) [0.50-0.75]0.428(n=1218) [0.75-1.00]0.382(n=436)
2026-04-23 22:17:41,813 - INFO - [cond] cfg_signal=0.0610 (min=0.0511 max=0.0780, n=16) | class_signal=0.0782 (min=0.0570 max=0.1040, n=16) | pred_rms=0.5876
2026-04-23 22:17:49,941 - INFO - [validation] saved: output/jit_JiT-B_8_full_improved_renderprobe_null_repel/dit_validation/epoch_035_step_0286000_class098.png (class=98, sampler=heun, steps=100)
2026-04-23 22:17:51,146 - INFO - [overrides] applied from jit/configs/overrides.yaml: lr_scale=1.0 max_grad_norm=5.0 null_repel_weight=0.01 P_mean=0.0
2026-04-23 22:17:51,197 - INFO - [render-loss] step=286000 masked 6/16 samples (t_value < 0.40)
2026-04-23 22:19:43,013 - INFO - Step  286200 | Epoch  35 | MSE: 0.4725 | Steps/sec: 1.65 | LR: 1.01e-04 | Render_L1: 0.0212 | Alpha_L1: 0.0263 | Render_LPIPS: 0.1441 | Repel: 0.0264 | cos(c,null): +0.6507 | GradNorm: 0.6104 | MSE/t: [0.00-0.25]0.595(n=450) [0.25-0.50]0.515(n=1152) [0.50-0.75]0.424(n=1171) [0.75-1.00]0.363(n=427)
2026-04-23 22:19:43,494 - INFO - [cond] cfg_signal=0.0634 (min=0.0501 max=0.0811, n=16) | class_signal=0.0815 (min=0.0562 max=0.1036, n=16) | pred_rms=0.6108
2026-04-23 22:19:43,550 - INFO - [render-loss] step=286200 masked 4/16 samples (t_value < 0.40)
2026-04-23 22:21:35,240 - INFO - Step  286400 | Epoch  35 | MSE: 0.4617 | Steps/sec: 1.79 | LR: 1.01e-04 | Render_L1: 0.0211 | Alpha_L1: 0.0272 | Render_LPIPS: 0.1427 | Repel: 0.0261 | cos(c,null): +0.6497 | GradNorm: 0.6013 | MSE/t: [0.00-0.25]0.549(n=442) [0.25-0.50]0.511(n=1148) [0.50-0.75]0.416(n=1181) [0.75-1.00]0.365(n=429)
2026-04-23 22:21:35,702 - INFO - [cond] cfg_signal=0.0634 (min=0.0507 max=0.0818, n=16) | class_signal=0.0806 (min=0.0595 max=0.1034, n=16) | pred_rms=0.5946
2026-04-23 22:21:35,757 - INFO - [render-loss] step=286400 masked 8/16 samples (t_value < 0.40)
2026-04-23 22:23:27,512 - INFO - Step  286600 | Epoch  35 | MSE: 0.4653 | Steps/sec: 1.79 | LR: 1.01e-04 | Render_L1: 0.0205 | Alpha_L1: 0.0261 | Render_LPIPS: 0.1414 | Repel: 0.0255 | cos(c,null): +0.6477 | GradNorm: 0.5989 | MSE/t: [0.00-0.25]0.611(n=416) [0.25-0.50]0.489(n=1195) [0.50-0.75]0.421(n=1146) [0.75-1.00]0.379(n=443)
2026-04-23 22:23:27,990 - INFO - [cond] cfg_signal=0.0627 (min=0.0517 max=0.0813, n=16) | class_signal=0.0795 (min=0.0580 max=0.1051, n=16) | pred_rms=0.5922
2026-04-23 22:23:28,044 - INFO - [render-loss] step=286600 masked 7/16 samples (t_value < 0.40)
2026-04-23 22:25:19,868 - INFO - Step  286800 | Epoch  35 | MSE: 0.4633 | Steps/sec: 1.79 | LR: 1.01e-04 | Render_L1: 0.0213 | Alpha_L1: 0.0274 | Render_LPIPS: 0.1430 | Repel: 0.0250 | cos(c,null): +0.6462 | GradNorm: 0.5856 | MSE/t: [0.00-0.25]0.605(n=394) [0.25-0.50]0.505(n=1174) [0.50-0.75]0.410(n=1200) [0.75-1.00]0.368(n=432)
2026-04-23 22:25:20,334 - INFO - [cond] cfg_signal=0.0619 (min=0.0511 max=0.0792, n=16) | class_signal=0.0789 (min=0.0641 max=0.1003, n=16) | pred_rms=0.5952
2026-04-23 22:25:20,389 - INFO - [render-loss] step=286800 masked 5/16 samples (t_value < 0.40)
2026-04-23 22:27:12,232 - INFO - Step  287000 | Epoch  35 | MSE: 0.4649 | Steps/sec: 1.79 | LR: 1.00e-04 | Render_L1: 0.0216 | Alpha_L1: 0.0273 | Render_LPIPS: 0.1440 | Repel: 0.0243 | cos(c,null): +0.6439 | GradNorm: 0.6087 | MSE/t: [0.00-0.25]0.550(n=414) [0.25-0.50]0.501(n=1167) [0.50-0.75]0.423(n=1195) [0.75-1.00]0.401(n=424)
2026-04-23 22:27:12,716 - INFO - [cond] cfg_signal=0.0627 (min=0.0508 max=0.0816, n=16) | class_signal=0.0804 (min=0.0642 max=0.1033, n=16) | pred_rms=0.6106
2026-04-23 22:27:20,929 - INFO - [validation] saved: output/jit_JiT-B_8_full_improved_renderprobe_null_repel/dit_validation/epoch_035_step_0287000_class051.png (class=51, sampler=heun, steps=100)
2026-04-23 22:27:22,137 - INFO - [overrides] applied from jit/configs/overrides.yaml: lr_scale=1.0 max_grad_norm=5.0 null_repel_weight=0.01 P_mean=0.0
2026-04-23 22:27:22,184 - INFO - [render-loss] step=287000 masked 5/16 samples (t_value < 0.40)
2026-04-23 22:29:13,860 - INFO - Step  287200 | Epoch  35 | MSE: 0.4596 | Steps/sec: 1.65 | LR: 1.00e-04 | Render_L1: 0.0208 | Alpha_L1: 0.0266 | Render_LPIPS: 0.1404 | Repel: 0.0238 | cos(c,null): +0.6420 | GradNorm: 0.6043 | MSE/t: [0.00-0.25]0.581(n=440) [0.25-0.50]0.489(n=1152) [0.50-0.75]0.410(n=1170) [0.75-1.00]0.393(n=438)
2026-04-23 22:29:14,340 - INFO - [cond] cfg_signal=0.0641 (min=0.0516 max=0.0869, n=16) | class_signal=0.0814 (min=0.0657 max=0.1060, n=16) | pred_rms=0.6192
2026-04-23 22:29:14,395 - INFO - [render-loss] step=287200 masked 8/16 samples (t_value < 0.40)
2026-04-23 22:31:06,268 - INFO - Step  287400 | Epoch  35 | MSE: 0.4721 | Steps/sec: 1.79 | LR: 1.00e-04 | Render_L1: 0.0214 | Alpha_L1: 0.0272 | Render_LPIPS: 0.1458 | Repel: 0.0231 | cos(c,null): +0.6397 | GradNorm: 0.5926 | MSE/t: [0.00-0.25]0.564(n=467) [0.25-0.50]0.509(n=1156) [0.50-0.75]0.426(n=1179) [0.75-1.00]0.392(n=398)
2026-04-23 22:31:06,743 - INFO - [cond] cfg_signal=0.0642 (min=0.0509 max=0.0853, n=16) | class_signal=0.0815 (min=0.0641 max=0.1016, n=16) | pred_rms=0.6044
2026-04-23 22:31:06,797 - INFO - [render-loss] step=287400 masked 5/16 samples (t_value < 0.40)
2026-04-23 22:32:58,805 - INFO - Step  287600 | Epoch  35 | MSE: 0.4589 | Steps/sec: 1.78 | LR: 1.00e-04 | Render_L1: 0.0205 | Alpha_L1: 0.0262 | Render_LPIPS: 0.1396 | Repel: 0.0226 | cos(c,null): +0.6379 | GradNorm: 0.6029 | MSE/t: [0.00-0.25]0.569(n=438) [0.25-0.50]0.503(n=1166) [0.50-0.75]0.411(n=1180) [0.75-1.00]0.357(n=416)
2026-04-23 22:32:59,272 - INFO - [cond] cfg_signal=0.0631 (min=0.0494 max=0.0835, n=16) | class_signal=0.0804 (min=0.0619 max=0.1005, n=16) | pred_rms=0.6127
2026-04-23 22:32:59,328 - INFO - [render-loss] step=287600 masked 5/16 samples (t_value < 0.40)
2026-04-23 22:34:50,974 - INFO - Step  287800 | Epoch  35 | MSE: 0.4671 | Steps/sec: 1.79 | LR: 1.00e-04 | Render_L1: 0.0208 | Alpha_L1: 0.0264 | Render_LPIPS: 0.1430 | Repel: 0.0222 | cos(c,null): +0.6365 | GradNorm: 0.5973 | MSE/t: [0.00-0.25]0.596(n=444) [0.25-0.50]0.497(n=1185) [0.50-0.75]0.427(n=1156) [0.75-1.00]0.355(n=415)
2026-04-23 22:34:51,454 - INFO - [cond] cfg_signal=0.0630 (min=0.0498 max=0.0851, n=16) | class_signal=0.0812 (min=0.0612 max=0.1057, n=16) | pred_rms=0.5996
2026-04-23 22:34:51,519 - INFO - [render-loss] step=287800 masked 4/16 samples (t_value < 0.40)
2026-04-23 22:36:43,117 - INFO - Step  288000 | Epoch  35 | MSE: 0.4609 | Steps/sec: 1.79 | LR: 9.99e-05 | Render_L1: 0.0199 | Alpha_L1: 0.0256 | Render_LPIPS: 0.1380 | Repel: 0.0218 | cos(c,null): +0.6349 | GradNorm: 0.5937 | MSE/t: [0.00-0.25]0.568(n=442) [0.25-0.50]0.513(n=1155) [0.50-0.75]0.401(n=1151) [0.75-1.00]0.377(n=452)
2026-04-23 22:36:43,576 - INFO - [cond] cfg_signal=0.0604 (min=0.0508 max=0.0816, n=16) | class_signal=0.0790 (min=0.0588 max=0.1063, n=16) | pred_rms=0.6157
2026-04-23 22:36:51,603 - INFO - [validation] saved: output/jit_JiT-B_8_full_improved_renderprobe_null_repel/dit_validation/epoch_035_step_0288000_class034.png (class=34, sampler=heun, steps=100)
2026-04-23 22:36:52,825 - INFO - [overrides] applied from jit/configs/overrides.yaml: lr_scale=1.0 max_grad_norm=5.0 null_repel_weight=0.01 P_mean=0.0
2026-04-23 22:36:52,871 - INFO - [render-loss] step=288000 masked 9/16 samples (t_value < 0.40)
2026-04-23 22:38:44,600 - INFO - Step  288200 | Epoch  35 | MSE: 0.4631 | Steps/sec: 1.65 | LR: 9.98e-05 | Render_L1: 0.0207 | Alpha_L1: 0.0264 | Render_LPIPS: 0.1424 | Repel: 0.0214 | cos(c,null): +0.6338 | GradNorm: 0.6171 | MSE/t: [0.00-0.25]0.549(n=414) [0.25-0.50]0.518(n=1160) [0.50-0.75]0.410(n=1200) [0.75-1.00]0.382(n=426)
2026-04-23 22:38:45,078 - INFO - [cond] cfg_signal=0.0607 (min=0.0496 max=0.0856, n=16) | class_signal=0.0786 (min=0.0591 max=0.1087, n=16) | pred_rms=0.6055
2026-04-23 22:38:45,135 - INFO - [render-loss] step=288200 masked 6/16 samples (t_value < 0.40)
2026-04-23 22:40:37,298 - INFO - Step  288400 | Epoch  35 | MSE: 0.4736 | Steps/sec: 1.78 | LR: 9.97e-05 | Render_L1: 0.0218 | Alpha_L1: 0.0276 | Render_LPIPS: 0.1459 | Repel: 0.0209 | cos(c,null): +0.6320 | GradNorm: 0.6285 | MSE/t: [0.00-0.25]0.587(n=441) [0.25-0.50]0.509(n=1190) [0.50-0.75]0.425(n=1143) [0.75-1.00]0.389(n=426)
2026-04-23 22:40:37,809 - INFO - [cond] cfg_signal=0.0592 (min=0.0509 max=0.0806, n=16) | class_signal=0.0768 (min=0.0589 max=0.1024, n=16) | pred_rms=0.5985
2026-04-23 22:40:37,870 - INFO - [render-loss] step=288400 masked 6/16 samples (t_value < 0.40)
2026-04-23 22:42:29,892 - INFO - Step  288600 | Epoch  35 | MSE: 0.4628 | Steps/sec: 1.78 | LR: 9.95e-05 | Render_L1: 0.0207 | Alpha_L1: 0.0268 | Render_LPIPS: 0.1408 | Repel: 0.0206 | cos(c,null): +0.6308 | GradNorm: 0.6048 | MSE/t: [0.00-0.25]0.549(n=429) [0.25-0.50]0.506(n=1151) [0.50-0.75]0.427(n=1142) [0.75-1.00]0.368(n=478)
2026-04-23 22:42:30,357 - INFO - [cond] cfg_signal=0.0641 (min=0.0545 max=0.0833, n=16) | class_signal=0.0805 (min=0.0587 max=0.1047, n=16) | pred_rms=0.6030
2026-04-23 22:42:30,417 - INFO - [render-loss] step=288600 masked 6/16 samples (t_value < 0.40)
2026-04-23 22:44:22,033 - INFO - Step  288800 | Epoch  35 | MSE: 0.4684 | Steps/sec: 1.79 | LR: 9.94e-05 | Render_L1: 0.0208 | Alpha_L1: 0.0257 | Render_LPIPS: 0.1418 | Repel: 0.0201 | cos(c,null): +0.6292 | GradNorm: 0.5978 | MSE/t: [0.00-0.25]0.603(n=447) [0.25-0.50]0.505(n=1150) [0.50-0.75]0.419(n=1166) [0.75-1.00]0.366(n=437)
2026-04-23 22:44:22,501 - INFO - [cond] cfg_signal=0.0622 (min=0.0507 max=0.0874, n=16) | class_signal=0.0782 (min=0.0580 max=0.1069, n=16) | pred_rms=0.6056
2026-04-23 22:44:22,556 - INFO - [render-loss] step=288800 masked 4/16 samples (t_value < 0.40)
2026-04-23 22:46:14,376 - INFO - Step  289000 | Epoch  35 | MSE: 0.4736 | Steps/sec: 1.79 | LR: 9.93e-05 | Render_L1: 0.0209 | Alpha_L1: 0.0262 | Render_LPIPS: 0.1435 | Repel: 0.0198 | cos(c,null): +0.6280 | GradNorm: 0.6481 | MSE/t: [0.00-0.25]0.609(n=453) [0.25-0.50]0.523(n=1157) [0.50-0.75]0.409(n=1126) [0.75-1.00]0.377(n=464)
2026-04-23 22:46:14,837 - INFO - [cond] cfg_signal=0.0618 (min=0.0530 max=0.0808, n=16) | class_signal=0.0788 (min=0.0614 max=0.1073, n=16) | pred_rms=0.6076
2026-04-23 22:46:23,120 - INFO - [validation] saved: output/jit_JiT-B_8_full_improved_renderprobe_null_repel/dit_validation/epoch_035_step_0289000_class017.png (class=17, sampler=heun, steps=100)
2026-04-23 22:46:24,393 - INFO - [overrides] applied from jit/configs/overrides.yaml: lr_scale=1.0 max_grad_norm=5.0 null_repel_weight=0.01 P_mean=0.0
2026-04-23 22:46:24,618 - INFO - [render-loss] step=289000 masked 6/16 samples (t_value < 0.40)
2026-04-23 22:48:16,247 - INFO - Step  289200 | Epoch  35 | MSE: 0.4632 | Steps/sec: 1.65 | LR: 9.92e-05 | Render_L1: 0.0208 | Alpha_L1: 0.0263 | Render_LPIPS: 0.1411 | Repel: 0.0196 | cos(c,null): +0.6275 | GradNorm: 0.6047 | MSE/t: [0.00-0.25]0.571(n=439) [0.25-0.50]0.504(n=1162) [0.50-0.75]0.411(n=1167) [0.75-1.00]0.385(n=432)
2026-04-23 22:48:16,714 - INFO - [cond] cfg_signal=0.0607 (min=0.0501 max=0.0768, n=16) | class_signal=0.0778 (min=0.0610 max=0.1009, n=16) | pred_rms=0.6079
2026-04-23 22:48:16,769 - INFO - [render-loss] step=289200 masked 7/16 samples (t_value < 0.40)
2026-04-23 22:50:08,775 - INFO - Step  289400 | Epoch  35 | MSE: 0.4730 | Steps/sec: 1.78 | LR: 9.91e-05 | Render_L1: 0.0212 | Alpha_L1: 0.0268 | Render_LPIPS: 0.1447 | Repel: 0.0193 | cos(c,null): +0.6263 | GradNorm: 0.6021 | MSE/t: [0.00-0.25]0.601(n=431) [0.25-0.50]0.503(n=1155) [0.50-0.75]0.428(n=1170) [0.75-1.00]0.389(n=444)
2026-04-23 22:50:09,253 - INFO - [cond] cfg_signal=0.0610 (min=0.0496 max=0.0783, n=16) | class_signal=0.0773 (min=0.0611 max=0.0999, n=16) | pred_rms=0.6126
2026-04-23 22:50:09,308 - INFO - [render-loss] step=289400 masked 5/16 samples (t_value < 0.40)
2026-04-23 22:52:01,114 - INFO - Step  289600 | Epoch  35 | MSE: 0.4741 | Steps/sec: 1.79 | LR: 9.90e-05 | Render_L1: 0.0211 | Alpha_L1: 0.0264 | Render_LPIPS: 0.1432 | Repel: 0.0190 | cos(c,null): +0.6249 | GradNorm: 0.5859 | MSE/t: [0.00-0.25]0.574(n=451) [0.25-0.50]0.520(n=1124) [0.50-0.75]0.424(n=1197) [0.75-1.00]0.387(n=428)
2026-04-23 22:52:01,599 - INFO - [cond] cfg_signal=0.0588 (min=0.0460 max=0.0823, n=16) | class_signal=0.0747 (min=0.0574 max=0.1030, n=16) | pred_rms=0.6041
2026-04-23 22:52:01,657 - INFO - [render-loss] step=289600 masked 6/16 samples (t_value < 0.40)
2026-04-23 22:53:53,838 - INFO - Step  289800 | Epoch  35 | MSE: 0.4631 | Steps/sec: 1.78 | LR: 9.89e-05 | Render_L1: 0.0206 | Alpha_L1: 0.0258 | Render_LPIPS: 0.1405 | Repel: 0.0185 | cos(c,null): +0.6232 | GradNorm: 0.5806 | MSE/t: [0.00-0.25]0.595(n=427) [0.25-0.50]0.508(n=1159) [0.50-0.75]0.401(n=1179) [0.75-1.00]0.383(n=435)
2026-04-23 22:53:54,298 - INFO - [cond] cfg_signal=0.0595 (min=0.0466 max=0.0762, n=16) | class_signal=0.0758 (min=0.0601 max=0.0958, n=16) | pred_rms=0.6001
2026-04-23 22:53:54,380 - INFO - [render-loss] step=289800 masked 6/16 samples (t_value < 0.40)
2026-04-23 22:55:46,185 - INFO - Step  290000 | Epoch  35 | MSE: 0.4627 | Steps/sec: 1.79 | LR: 9.88e-05 | Render_L1: 0.0205 | Alpha_L1: 0.0265 | Render_LPIPS: 0.1408 | Repel: 0.0182 | cos(c,null): +0.6222 | GradNorm: 0.6078 | MSE/t: [0.00-0.25]0.584(n=401) [0.25-0.50]0.505(n=1249) [0.50-0.75]0.404(n=1139) [0.75-1.00]0.380(n=411)
2026-04-23 22:55:46,644 - INFO - [cond] cfg_signal=0.0624 (min=0.0486 max=0.0836, n=16) | class_signal=0.0791 (min=0.0609 max=0.0986, n=16) | pred_rms=0.6143
2026-04-23 22:55:54,734 - INFO - [validation] saved: output/jit_JiT-B_8_full_improved_renderprobe_null_repel/dit_validation/epoch_035_step_0290000_class099.png (class=99, sampler=heun, steps=100)
2026-04-23 22:55:56,010 - INFO - [overrides] applied from jit/configs/overrides.yaml: lr_scale=1.0 max_grad_norm=5.0 null_repel_weight=0.01 P_mean=0.0
2026-04-23 22:55:56,060 - INFO - [render-loss] step=290000 masked 5/16 samples (t_value < 0.40)
2026-04-23 22:57:47,644 - INFO - Step  290200 | Epoch  35 | MSE: 0.4806 | Steps/sec: 1.65 | LR: 9.87e-05 | Render_L1: 0.0217 | Alpha_L1: 0.0272 | Render_LPIPS: 0.1463 | Repel: 0.0179 | cos(c,null): +0.6212 | GradNorm: 0.6179 | MSE/t: [0.00-0.25]0.604(n=423) [0.25-0.50]0.512(n=1210) [0.50-0.75]0.438(n=1130) [0.75-1.00]0.384(n=437)
2026-04-23 22:57:48,115 - INFO - [cond] cfg_signal=0.0616 (min=0.0477 max=0.0821, n=16) | class_signal=0.0806 (min=0.0634 max=0.1027, n=16) | pred_rms=0.6147
2026-04-23 22:57:48,171 - INFO - [render-loss] step=290200 masked 6/16 samples (t_value < 0.40)
2026-04-23 22:59:40,110 - INFO - Step  290400 | Epoch  35 | MSE: 0.4771 | Steps/sec: 1.79 | LR: 9.86e-05 | Render_L1: 0.0211 | Alpha_L1: 0.0271 | Render_LPIPS: 0.1439 | Repel: 0.0177 | cos(c,null): +0.6203 | GradNorm: 0.6625 | MSE/t: [0.00-0.25]0.561(n=427) [0.25-0.50]0.531(n=1137) [0.50-0.75]0.428(n=1195) [0.75-1.00]0.391(n=441)
2026-04-23 22:59:40,583 - INFO - [cond] cfg_signal=0.0633 (min=0.0494 max=0.0881, n=16) | class_signal=0.0820 (min=0.0650 max=0.1115, n=16) | pred_rms=0.6180
2026-04-23 22:59:40,644 - INFO - [render-loss] step=290400 masked 7/16 samples (t_value < 0.40)
2026-04-23 23:01:32,577 - INFO - Step  290600 | Epoch  35 | MSE: 0.4650 | Steps/sec: 1.79 | LR: 9.85e-05 | Render_L1: 0.0213 | Alpha_L1: 0.0266 | Render_LPIPS: 0.1434 | Repel: 0.0175 | cos(c,null): +0.6196 | GradNorm: 0.5910 | MSE/t: [0.00-0.25]0.576(n=425) [0.25-0.50]0.508(n=1169) [0.50-0.75]0.421(n=1173) [0.75-1.00]0.359(n=433)
2026-04-23 23:01:33,040 - INFO - [cond] cfg_signal=0.0633 (min=0.0492 max=0.0854, n=16) | class_signal=0.0814 (min=0.0667 max=0.1084, n=16) | pred_rms=0.6096
2026-04-23 23:01:33,098 - INFO - [render-loss] step=290600 masked 7/16 samples (t_value < 0.40)
2026-04-23 23:03:25,111 - INFO - Step  290800 | Epoch  35 | MSE: 0.4734 | Steps/sec: 1.78 | LR: 9.84e-05 | Render_L1: 0.0210 | Alpha_L1: 0.0272 | Render_LPIPS: 0.1436 | Repel: 0.0171 | cos(c,null): +0.6180 | GradNorm: 0.6473 | MSE/t: [0.00-0.25]0.588(n=438) [0.25-0.50]0.511(n=1177) [0.50-0.75]0.423(n=1142) [0.75-1.00]0.390(n=443)
2026-04-23 23:03:25,578 - INFO - [cond] cfg_signal=0.0591 (min=0.0457 max=0.0876, n=16) | class_signal=0.0764 (min=0.0604 max=0.1148, n=16) | pred_rms=0.6102
2026-04-23 23:03:25,639 - INFO - [render-loss] step=290800 masked 5/16 samples (t_value < 0.40)
2026-04-23 23:05:17,487 - INFO - Step  291000 | Epoch  35 | MSE: 0.4812 | Steps/sec: 1.79 | LR: 9.83e-05 | Render_L1: 0.0213 | Alpha_L1: 0.0263 | Render_LPIPS: 0.1423 | Repel: 0.0169 | cos(c,null): +0.6172 | GradNorm: 0.6320 | MSE/t: [0.00-0.25]0.615(n=453) [0.25-0.50]0.523(n=1161) [0.50-0.75]0.416(n=1145) [0.75-1.00]0.403(n=441)
2026-04-23 23:05:17,957 - INFO - [cond] cfg_signal=0.0590 (min=0.0472 max=0.0842, n=16) | class_signal=0.0770 (min=0.0622 max=0.1104, n=16) | pred_rms=0.6085
2026-04-23 23:05:26,404 - INFO - [validation] saved: output/jit_JiT-B_8_full_improved_renderprobe_null_repel/dit_validation/epoch_035_step_0291000_class006.png (class=6, sampler=heun, steps=100)
2026-04-23 23:05:27,721 - INFO - [overrides] applied from jit/configs/overrides.yaml: lr_scale=1.0 max_grad_norm=5.0 null_repel_weight=0.01 P_mean=0.0
2026-04-23 23:05:27,773 - INFO - [render-loss] step=291000 masked 7/16 samples (t_value < 0.40)
2026-04-23 23:07:19,790 - INFO - Step  291200 | Epoch  35 | MSE: 0.4673 | Steps/sec: 1.64 | LR: 9.81e-05 | Render_L1: 0.0211 | Alpha_L1: 0.0268 | Render_LPIPS: 0.1438 | Repel: 0.0165 | cos(c,null): +0.6157 | GradNorm: 0.6175 | MSE/t: [0.00-0.25]0.560(n=441) [0.25-0.50]0.503(n=1137) [0.50-0.75]0.433(n=1201) [0.75-1.00]0.372(n=421)
2026-04-23 23:07:20,264 - INFO - [cond] cfg_signal=0.0577 (min=0.0451 max=0.0830, n=16) | class_signal=0.0742 (min=0.0609 max=0.1002, n=16) | pred_rms=0.5977
2026-04-23 23:07:20,323 - INFO - [render-loss] step=291200 masked 4/16 samples (t_value < 0.40)
2026-04-23 23:09:12,482 - INFO - Step  291400 | Epoch  35 | MSE: 0.4684 | Steps/sec: 1.78 | LR: 9.80e-05 | Render_L1: 0.0214 | Alpha_L1: 0.0269 | Render_LPIPS: 0.1441 | Repel: 0.0164 | cos(c,null): +0.6153 | GradNorm: 0.7753 | MSE/t: [0.00-0.25]0.588(n=452) [0.25-0.50]0.501(n=1193) [0.50-0.75]0.419(n=1141) [0.75-1.00]0.380(n=414)
2026-04-23 23:09:12,973 - INFO - [cond] cfg_signal=0.0602 (min=0.0459 max=0.0813, n=16) | class_signal=0.0774 (min=0.0619 max=0.1066, n=16) | pred_rms=0.6062
2026-04-23 23:09:13,030 - INFO - [render-loss] step=291400 masked 4/16 samples (t_value < 0.40)
2026-04-23 23:11:04,994 - INFO - Step  291600 | Epoch  35 | MSE: 0.4727 | Steps/sec: 1.79 | LR: 9.79e-05 | Render_L1: 0.0210 | Alpha_L1: 0.0267 | Render_LPIPS: 0.1440 | Repel: 0.0163 | cos(c,null): +0.6150 | GradNorm: 0.6248 | MSE/t: [0.00-0.25]0.611(n=419) [0.25-0.50]0.497(n=1232) [0.50-0.75]0.425(n=1138) [0.75-1.00]0.392(n=411)
2026-04-23 23:11:05,462 - INFO - [cond] cfg_signal=0.0602 (min=0.0473 max=0.0806, n=16) | class_signal=0.0785 (min=0.0648 max=0.1052, n=16) | pred_rms=0.6168
2026-04-23 23:11:05,516 - INFO - [render-loss] step=291600 masked 3/16 samples (t_value < 0.40)
2026-04-23 23:12:58,760 - INFO - Step  291800 | Epoch  36 | MSE: 0.4748 | Steps/sec: 1.77 | LR: 9.78e-05 | Render_L1: 0.0213 | Alpha_L1: 0.0267 | Render_LPIPS: 0.1436 | Repel: 0.0160 | cos(c,null): +0.6140 | GradNorm: 0.6233 | MSE/t: [0.00-0.25]0.584(n=428) [0.25-0.50]0.522(n=1145) [0.50-0.75]0.429(n=1143) [0.75-1.00]0.377(n=484)
2026-04-23 23:12:59,239 - INFO - [cond] cfg_signal=0.0611 (min=0.0490 max=0.0820, n=16) | class_signal=0.0801 (min=0.0658 max=0.1113, n=16) | pred_rms=0.6183
2026-04-23 23:12:59,293 - INFO - [render-loss] step=291800 masked 6/16 samples (t_value < 0.40)
2026-04-23 23:14:51,050 - INFO - Step  292000 | Epoch  36 | MSE: 0.4693 | Steps/sec: 1.79 | LR: 9.77e-05 | Render_L1: 0.0209 | Alpha_L1: 0.0263 | Render_LPIPS: 0.1429 | Repel: 0.0158 | cos(c,null): +0.6132 | GradNorm: 0.5926 | MSE/t: [0.00-0.25]0.570(n=442) [0.25-0.50]0.519(n=1142) [0.50-0.75]0.409(n=1150) [0.75-1.00]0.401(n=466)
2026-04-23 23:14:51,513 - INFO - [cond] cfg_signal=0.0620 (min=0.0484 max=0.0838, n=16) | class_signal=0.0814 (min=0.0660 max=0.1134, n=16) | pred_rms=0.6067
2026-04-23 23:14:59,950 - INFO - [validation] saved: output/jit_JiT-B_8_full_improved_renderprobe_null_repel/dit_validation/epoch_036_step_0292000_class033.png (class=33, sampler=heun, steps=100)
2026-04-23 23:15:01,272 - INFO - [overrides] applied from jit/configs/overrides.yaml: lr_scale=1.0 max_grad_norm=5.0 null_repel_weight=0.01 P_mean=0.0
2026-04-23 23:15:01,323 - INFO - [render-loss] step=292000 masked 3/16 samples (t_value < 0.40)
2026-04-23 23:16:53,223 - INFO - Step  292200 | Epoch  36 | MSE: 0.4721 | Steps/sec: 1.64 | LR: 9.76e-05 | Render_L1: 0.0208 | Alpha_L1: 0.0264 | Render_LPIPS: 0.1420 | Repel: 0.0154 | cos(c,null): +0.6115 | GradNorm: 0.5913 | MSE/t: [0.00-0.25]0.593(n=423) [0.25-0.50]0.506(n=1178) [0.50-0.75]0.428(n=1133) [0.75-1.00]0.384(n=466)
2026-04-23 23:16:53,708 - INFO - [cond] cfg_signal=0.0602 (min=0.0466 max=0.0809, n=16) | class_signal=0.0776 (min=0.0621 max=0.1088, n=16) | pred_rms=0.6025
2026-04-23 23:16:53,770 - INFO - [render-loss] step=292200 masked 7/16 samples (t_value < 0.40)
W0423 23:18:33.419000 1420697 torch/distributed/elastic/multiprocessing/api.py:1012] Sending process 1420748 closing signal SIGTERM
E0423 23:18:33.427000 1420697 torch/distributed/elastic/multiprocessing/api.py:986] failed (exitcode: -15) local_rank: 0 (pid: 1420747) of binary: /home/hmolin/3DGen-Playground/.3dgen/bin/python3
Traceback (most recent call last):
  File "/home/hmolin/3DGen-Playground/.3dgen/bin/accelerate", line 8, in <module>
    sys.exit(main())
  File "/home/hmolin/3DGen-Playground/.3dgen/lib/python3.10/site-packages/accelerate/commands/accelerate_cli.py", line 50, in main
    args.func(args)
  File "/home/hmolin/3DGen-Playground/.3dgen/lib/python3.10/site-packages/accelerate/commands/launch.py", line 1396, in launch_command
    multi_gpu_launcher(args)
  File "/home/hmolin/3DGen-Playground/.3dgen/lib/python3.10/site-packages/accelerate/commands/launch.py", line 1023, in multi_gpu_launcher
    distrib_run.run(args)
  File "/home/hmolin/3DGen-Playground/.3dgen/lib/python3.10/site-packages/torch/distributed/run.py", line 981, in run
    elastic_launch(
  File "/home/hmolin/3DGen-Playground/.3dgen/lib/python3.10/site-packages/torch/distributed/launcher/api.py", line 170, in __call__
    return launch_agent(self._config, self._entrypoint, list(args))
  File "/home/hmolin/3DGen-Playground/.3dgen/lib/python3.10/site-packages/torch/distributed/launcher/api.py", line 317, in launch_agent
    raise ChildFailedError(
torch.distributed.elastic.multiprocessing.errors.ChildFailedError: 
=========================================================
jit/train_gsplat.py FAILED
---------------------------------------------------------
Failures:
[1]:
  time      : 2026-04-23_23:18:33
  host      : yusu-l4.c.gcp-langmotion.internal
  rank      : 1 (local_rank: 1)
  exitcode  : -15 (pid: 1420748)
  error_file: <N/A>
  traceback : Signal 15 (SIGTERM) received by PID 1420748
---------------------------------------------------------
Root Cause (first observed failure):
[0]:
  time      : 2026-04-23_23:18:33
  host      : yusu-l4.c.gcp-langmotion.internal
  rank      : 0 (local_rank: 0)
  exitcode  : -15 (pid: 1420747)
  error_file: <N/A>
  traceback : Signal 15 (SIGTERM) received by PID 1420747
=========================================================
