2026-04-22 19:09:06,183 - INFO - Accelerator: num_processes=2, mixed_precision=bf16, device=cuda:0
2026-04-22 19:09:06,183 - INFO - Validation sampler: heun
2026-04-22 19:09:06,451 - INFO - Loading class map from /home/hmolin/3DGen-Playground/object_labels/improved_labels/object_to_class.json
2026-04-22 19:09:06,635 - INFO - Loading sphere2plane permutation from /home/tiangexiang/gen3d/gaussianverse/sphere2plane.npy
2026-04-22 19:09:06,636 - INFO - Loading obj list from /home/tiangexiang/gen3d/gaussianverse/all_obj_list_filtered.json
2026-04-22 19:09:06,636 - INFO - Number of classes: 120
2026-04-22 19:09:06,636 - INFO - Creating base dataset...
2026-04-22 19:09:06,636 - INFO - Loading sphere2plane permutation from /home/tiangexiang/gen3d/gaussianverse/sphere2plane.npy
2026-04-22 19:09:06,637 - INFO - Loading obj list from /home/tiangexiang/gen3d/gaussianverse/all_obj_list_filtered.json
2026-04-22 19:09:06,794 - INFO - Loaded 254338 entries from /home/tiangexiang/gen3d/gaussianverse/all_obj_list_filtered.json
2026-04-22 19:09:06,794 - INFO - Loaded 254338 entries from /home/tiangexiang/gen3d/gaussianverse/all_obj_list_filtered.json
2026-04-22 19:09:06,800 - INFO - Total merged entries: 254338
2026-04-22 19:09:06,800 - INFO - Total merged entries: 254338
2026-04-22 19:09:06,808 - INFO - Loading normalization statistics from /home/hmolin/3DGen-Playground/data/stats/all_mean.pt and /home/hmolin/3DGen-Playground/data/stats/all_std.pt
2026-04-22 19:09:06,808 - INFO - Loading normalization statistics from /home/hmolin/3DGen-Playground/data/stats/all_mean.pt and /home/hmolin/3DGen-Playground/data/stats/all_std.pt
2026-04-22 19:09:06,816 - INFO - Initialized dataset with 254338 samples
2026-04-22 19:09:06,816 - INFO - Initialized dataset with 254338 samples
2026-04-22 19:09:06,816 - INFO - sh_degree0_only: selecting 14 features from 59
2026-04-22 19:09:06,848 - INFO - Loaded sphere2plane permutation: 16384 points
2026-04-22 19:09:07,119 - INFO - Class3DGenDataset: 254338 valid samples, 0 skipped (class -1 or missing)
2026-04-22 19:09:07,121 - INFO - Class3DGenDataset: 254338 valid samples, 0 skipped (class -1 or missing)
2026-04-22 19:09:07,141 - INFO - [class-balanced] sampling with inverse-frequency weights over 120 classes (min=682, max=4315, mean=2119.5 samples/class)
2026-04-22 19:09:07,142 - INFO - Dataset size: 254338, Per-GPU batch size: 16
2026-04-22 19:09:07,142 - INFO - Creating model: JiT-B/8
2026-04-22 19:09:08,817 - INFO - JiT spatial folding: disabled (factor=1)
2026-04-22 19:09:08,817 - INFO - Model parameters: 130,734,720 (130.7M)
2026-04-22 19:09:09,139 - INFO - Diffusion timesteps: 1000, predict=x0, schedule=squaredcos_cap_v2
2026-04-22 19:09:09,140 - INFO - Training mode: DDPM (sampler=heun), timestep sampling: sigmoid(N(0.000, 1.000)) mapped to discrete steps [0, 999]
2026-04-22 19:09:10,609 - INFO - LR schedule: cosine | warmup=500 opt steps | max_opt_steps=556360 | lr_min=1e-05
2026-04-22 19:09:10,640 - INFO - [channel_loss_weights] active: 14 values, mean=1.0000, min=0.6440, max=1.7350
2026-04-22 19:09:10,802 - INFO - Loaded 52 reference cameras from /home/hmolin/3DGen-Playground/artifacts/ref_camera.tar.gz
/home/hmolin/3DGen-Playground/.3dgen/lib/python3.10/site-packages/torchvision/models/_utils.py:208: UserWarning: The parameter 'pretrained' is deprecated since 0.13 and may be removed in the future, please use 'weights' instead.
  warnings.warn(
/home/hmolin/3DGen-Playground/.3dgen/lib/python3.10/site-packages/torchvision/models/_utils.py:223: UserWarning: Arguments other than a weight enum or `None` for 'weights' are deprecated since 0.13 and may be removed in the future. The current behavior is equivalent to passing `weights=VGG16_Weights.IMAGENET1K_V1`. You can also use `weights=VGG16_Weights.DEFAULT` to get the most up-to-date weights.
  warnings.warn(msg)
/home/hmolin/3DGen-Playground/.3dgen/lib/python3.10/site-packages/torchvision/models/_utils.py:208: UserWarning: The parameter 'pretrained' is deprecated since 0.13 and may be removed in the future, please use 'weights' instead.
  warnings.warn(
/home/hmolin/3DGen-Playground/.3dgen/lib/python3.10/site-packages/torchvision/models/_utils.py:223: UserWarning: Arguments other than a weight enum or `None` for 'weights' are deprecated since 0.13 and may be removed in the future. The current behavior is equivalent to passing `weights=VGG16_Weights.IMAGENET1K_V1`. You can also use `weights=VGG16_Weights.DEFAULT` to get the most up-to-date weights.
  warnings.warn(msg)
2026-04-22 19:09:12,448 - INFO - Resuming from checkpoint: output/jit_JiT-B_8_full_improved/0140000.pt
2026-04-22 19:09:14,721 - INFO - Resumed at step 140000
2026-04-22 19:09:14,721 - INFO - Resumed LR opt_step=140000
2026-04-22 19:09:14,724 - INFO - Starting training from epoch 17, step 140000...
2026-04-22 19:09:14,724 - INFO - [render_weight_schedule] active with 4 control points: (50000, rl1=0.000, a=0.000, lp=0.0000), (80000, rl1=0.300, a=0.150, lp=0.0200), (140000, rl1=0.300, a=0.150, lp=0.0200), (200000, rl1=6.000, a=3.000, lp=0.4000) | initial weights at step 140000: rl1=0.3000, alpha=0.1500, lpips=0.0200
2026-04-22 19:09:16,663 - INFO - [overrides] applied from jit/configs/overrides.yaml: lr_scale=1.0 max_grad_norm=5.0 P_mean=0.0
2026-04-22 19:09:18,217 - INFO - [render-loss] step=140000 masked 7/16 samples (t_value < 0.40)
2026-04-22 19:11:10,484 - INFO - Step  140200 | Epoch  17 | MSE: 0.4628 | Steps/sec: 1.73 | LR: 1.72e-04 | Render_L1: 0.0276 | Alpha_L1: 0.0400 | Render_LPIPS: 0.1753 | GradNorm: 0.0488 | MSE/t: [0.00-0.25]0.589(n=434) [0.25-0.50]0.508(n=1156) [0.50-0.75]0.404(n=1151) [0.75-1.00]0.378(n=459)
2026-04-22 19:11:10,557 - INFO - [render-loss] step=140200 masked 7/16 samples (t_value < 0.40)
2026-04-22 19:13:01,992 - INFO - Step  140400 | Epoch  17 | MSE: 0.4562 | Steps/sec: 1.79 | LR: 1.72e-04 | Render_L1: 0.0274 | Alpha_L1: 0.0386 | Render_LPIPS: 0.1744 | GradNorm: 0.0526 | MSE/t: [0.00-0.25]0.594(n=457) [0.25-0.50]0.498(n=1156) [0.50-0.75]0.397(n=1164) [0.75-1.00]0.355(n=423)
2026-04-22 19:13:02,050 - INFO - [render-loss] step=140400 masked 6/16 samples (t_value < 0.40)
2026-04-22 19:14:53,674 - INFO - Step  140600 | Epoch  17 | MSE: 0.4591 | Steps/sec: 1.79 | LR: 1.72e-04 | Render_L1: 0.0278 | Alpha_L1: 0.0386 | Render_LPIPS: 0.1755 | GradNorm: 0.0513 | MSE/t: [0.00-0.25]0.608(n=439) [0.25-0.50]0.501(n=1153) [0.50-0.75]0.404(n=1147) [0.75-1.00]0.349(n=461)
2026-04-22 19:14:53,733 - INFO - [render-loss] step=140600 masked 4/16 samples (t_value < 0.40)
2026-04-22 19:16:45,258 - INFO - Step  140800 | Epoch  17 | MSE: 0.4483 | Steps/sec: 1.79 | LR: 1.72e-04 | Render_L1: 0.0271 | Alpha_L1: 0.0382 | Render_LPIPS: 0.1722 | GradNorm: 0.0526 | MSE/t: [0.00-0.25]0.563(n=485) [0.25-0.50]0.489(n=1109) [0.50-0.75]0.402(n=1150) [0.75-1.00]0.344(n=456)
2026-04-22 19:16:45,321 - INFO - [render-loss] step=140800 masked 4/16 samples (t_value < 0.40)
2026-04-22 19:18:37,341 - INFO - Step  141000 | Epoch  17 | MSE: 0.4601 | Steps/sec: 1.78 | LR: 1.72e-04 | Render_L1: 0.0271 | Alpha_L1: 0.0378 | Render_LPIPS: 0.1744 | GradNorm: 0.0575 | MSE/t: [0.00-0.25]0.592(n=435) [0.25-0.50]0.507(n=1136) [0.50-0.75]0.412(n=1177) [0.75-1.00]0.340(n=452)
2026-04-22 19:18:45,555 - INFO - [validation] saved: output/jit_JiT-B_8_full_improved_renderprobe/dit_validation/epoch_017_step_0141000_class110.png (class=110, sampler=heun, steps=100)
2026-04-22 19:18:46,548 - INFO - [overrides] applied from jit/configs/overrides.yaml: lr_scale=1.0 max_grad_norm=5.0 P_mean=0.0
2026-04-22 19:18:46,595 - INFO - [render-loss] step=141000 masked 6/16 samples (t_value < 0.40)
2026-04-22 19:20:38,624 - INFO - Step  141200 | Epoch  17 | MSE: 0.4653 | Steps/sec: 1.65 | LR: 1.72e-04 | Render_L1: 0.0267 | Alpha_L1: 0.0375 | Render_LPIPS: 0.1721 | GradNorm: 0.0553 | MSE/t: [0.00-0.25]0.607(n=383) [0.25-0.50]0.523(n=1150) [0.50-0.75]0.410(n=1237) [0.75-1.00]0.344(n=430)
2026-04-22 19:20:38,682 - INFO - [render-loss] step=141200 masked 7/16 samples (t_value < 0.40)
2026-04-22 19:22:30,997 - INFO - Step  141400 | Epoch  17 | MSE: 0.4523 | Steps/sec: 1.78 | LR: 1.71e-04 | Render_L1: 0.0268 | Alpha_L1: 0.0380 | Render_LPIPS: 0.1726 | GradNorm: 0.0598 | MSE/t: [0.00-0.25]0.573(n=441) [0.25-0.50]0.486(n=1144) [0.50-0.75]0.404(n=1162) [0.75-1.00]0.373(n=453)
2026-04-22 19:22:31,091 - INFO - [render-loss] step=141400 masked 6/16 samples (t_value < 0.40)
2026-04-22 19:24:23,200 - INFO - Step  141600 | Epoch  17 | MSE: 0.4480 | Steps/sec: 1.78 | LR: 1.71e-04 | Render_L1: 0.0268 | Alpha_L1: 0.0379 | Render_LPIPS: 0.1713 | GradNorm: 0.0589 | MSE/t: [0.00-0.25]0.586(n=435) [0.25-0.50]0.479(n=1177) [0.50-0.75]0.400(n=1126) [0.75-1.00]0.355(n=462)
2026-04-22 19:24:23,258 - INFO - [render-loss] step=141600 masked 6/16 samples (t_value < 0.40)
2026-04-22 19:26:15,205 - INFO - Step  141800 | Epoch  17 | MSE: 0.4560 | Steps/sec: 1.79 | LR: 1.71e-04 | Render_L1: 0.0266 | Alpha_L1: 0.0384 | Render_LPIPS: 0.1711 | GradNorm: 0.0656 | MSE/t: [0.00-0.25]0.588(n=435) [0.25-0.50]0.494(n=1165) [0.50-0.75]0.408(n=1178) [0.75-1.00]0.350(n=422)
2026-04-22 19:26:15,265 - INFO - [render-loss] step=141800 masked 7/16 samples (t_value < 0.40)
2026-04-22 19:28:07,328 - INFO - Step  142000 | Epoch  17 | MSE: 0.4534 | Steps/sec: 1.78 | LR: 1.71e-04 | Render_L1: 0.0272 | Alpha_L1: 0.0382 | Render_LPIPS: 0.1724 | GradNorm: 0.0694 | MSE/t: [0.00-0.25]0.579(n=423) [0.25-0.50]0.496(n=1141) [0.50-0.75]0.409(n=1163) [0.75-1.00]0.348(n=473)
2026-04-22 19:28:15,543 - INFO - [validation] saved: output/jit_JiT-B_8_full_improved_renderprobe/dit_validation/epoch_017_step_0142000_class089.png (class=89, sampler=heun, steps=100)
2026-04-22 19:28:16,539 - INFO - [overrides] applied from jit/configs/overrides.yaml: lr_scale=1.0 max_grad_norm=5.0 P_mean=0.0
2026-04-22 19:28:16,588 - INFO - [render-loss] step=142000 masked 10/16 samples (t_value < 0.40)
2026-04-22 19:30:09,125 - INFO - Step  142200 | Epoch  17 | MSE: 0.4520 | Steps/sec: 1.64 | LR: 1.71e-04 | Render_L1: 0.0271 | Alpha_L1: 0.0381 | Render_LPIPS: 0.1738 | GradNorm: 0.0706 | MSE/t: [0.00-0.25]0.588(n=411) [0.25-0.50]0.494(n=1133) [0.50-0.75]0.413(n=1189) [0.75-1.00]0.332(n=467)
2026-04-22 19:30:09,190 - INFO - [render-loss] step=142200 masked 1/16 samples (t_value < 0.40)
2026-04-22 19:32:01,296 - INFO - Step  142400 | Epoch  17 | MSE: 0.4594 | Steps/sec: 1.78 | LR: 1.71e-04 | Render_L1: 0.0273 | Alpha_L1: 0.0380 | Render_LPIPS: 0.1745 | GradNorm: 0.0735 | MSE/t: [0.00-0.25]0.590(n=416) [0.25-0.50]0.507(n=1166) [0.50-0.75]0.398(n=1161) [0.75-1.00]0.374(n=457)
2026-04-22 19:32:01,353 - INFO - [render-loss] step=142400 masked 6/16 samples (t_value < 0.40)
2026-04-22 19:33:53,210 - INFO - Step  142600 | Epoch  17 | MSE: 0.4637 | Steps/sec: 1.79 | LR: 1.71e-04 | Render_L1: 0.0266 | Alpha_L1: 0.0379 | Render_LPIPS: 0.1740 | GradNorm: 0.0738 | MSE/t: [0.00-0.25]0.576(n=446) [0.25-0.50]0.507(n=1183) [0.50-0.75]0.414(n=1167) [0.75-1.00]0.357(n=404)
2026-04-22 19:33:53,274 - INFO - [render-loss] step=142600 masked 5/16 samples (t_value < 0.40)
2026-04-22 19:35:45,632 - INFO - Step  142800 | Epoch  17 | MSE: 0.4651 | Steps/sec: 1.78 | LR: 1.71e-04 | Render_L1: 0.0265 | Alpha_L1: 0.0375 | Render_LPIPS: 0.1704 | GradNorm: 0.0774 | MSE/t: [0.00-0.25]0.613(n=439) [0.25-0.50]0.519(n=1161) [0.50-0.75]0.398(n=1168) [0.75-1.00]0.353(n=432)
2026-04-22 19:35:45,694 - INFO - [render-loss] step=142800 masked 3/16 samples (t_value < 0.40)
2026-04-22 19:37:37,637 - INFO - Step  143000 | Epoch  17 | MSE: 0.4562 | Steps/sec: 1.79 | LR: 1.71e-04 | Render_L1: 0.0272 | Alpha_L1: 0.0379 | Render_LPIPS: 0.1723 | GradNorm: 0.0752 | MSE/t: [0.00-0.25]0.594(n=437) [0.25-0.50]0.489(n=1119) [0.50-0.75]0.412(n=1210) [0.75-1.00]0.357(n=434)
2026-04-22 19:37:46,174 - INFO - [validation] saved: output/jit_JiT-B_8_full_improved_renderprobe/dit_validation/epoch_017_step_0143000_class001.png (class=1, sampler=heun, steps=100)
2026-04-22 19:37:47,122 - INFO - [overrides] applied from jit/configs/overrides.yaml: lr_scale=1.0 max_grad_norm=5.0 P_mean=0.0
2026-04-22 19:37:47,172 - INFO - [render-loss] step=143000 masked 5/16 samples (t_value < 0.40)
2026-04-22 19:39:39,255 - INFO - Step  143200 | Epoch  17 | MSE: 0.4670 | Steps/sec: 1.64 | LR: 1.71e-04 | Render_L1: 0.0271 | Alpha_L1: 0.0379 | Render_LPIPS: 0.1729 | GradNorm: 0.0863 | MSE/t: [0.00-0.25]0.597(n=418) [0.25-0.50]0.517(n=1205) [0.50-0.75]0.410(n=1136) [0.75-1.00]0.353(n=441)
2026-04-22 19:39:39,314 - INFO - [render-loss] step=143200 masked 6/16 samples (t_value < 0.40)
2026-04-22 19:41:31,159 - INFO - Step  143400 | Epoch  17 | MSE: 0.4561 | Steps/sec: 1.79 | LR: 1.71e-04 | Render_L1: 0.0271 | Alpha_L1: 0.0385 | Render_LPIPS: 0.1721 | GradNorm: 0.1771 | MSE/t: [0.00-0.25]0.569(n=428) [0.25-0.50]0.501(n=1156) [0.50-0.75]0.404(n=1175) [0.75-1.00]0.365(n=441)
2026-04-22 19:41:31,223 - INFO - [render-loss] step=143400 masked 8/16 samples (t_value < 0.40)
2026-04-22 19:43:23,128 - INFO - Step  143600 | Epoch  17 | MSE: 0.4630 | Steps/sec: 1.79 | LR: 1.71e-04 | Render_L1: 0.0271 | Alpha_L1: 0.0379 | Render_LPIPS: 0.1710 | GradNorm: 0.0782 | MSE/t: [0.00-0.25]0.606(n=457) [0.25-0.50]0.510(n=1149) [0.50-0.75]0.397(n=1136) [0.75-1.00]0.365(n=458)
2026-04-22 19:43:23,188 - INFO - [render-loss] step=143600 masked 7/16 samples (t_value < 0.40)
2026-04-22 19:45:15,495 - INFO - Step  143800 | Epoch  17 | MSE: 0.4629 | Steps/sec: 1.78 | LR: 1.71e-04 | Render_L1: 0.0268 | Alpha_L1: 0.0377 | Render_LPIPS: 0.1716 | GradNorm: 0.0855 | MSE/t: [0.00-0.25]0.604(n=420) [0.25-0.50]0.503(n=1170) [0.50-0.75]0.417(n=1164) [0.75-1.00]0.346(n=446)
2026-04-22 19:45:15,560 - INFO - [render-loss] step=143800 masked 6/16 samples (t_value < 0.40)
2026-04-22 19:47:07,565 - INFO - Step  144000 | Epoch  17 | MSE: 0.4619 | Steps/sec: 1.78 | LR: 1.70e-04 | Render_L1: 0.0264 | Alpha_L1: 0.0365 | Render_LPIPS: 0.1712 | GradNorm: 0.0941 | MSE/t: [0.00-0.25]0.595(n=427) [0.25-0.50]0.504(n=1200) [0.50-0.75]0.402(n=1162) [0.75-1.00]0.371(n=411)
2026-04-22 19:47:15,723 - INFO - [validation] saved: output/jit_JiT-B_8_full_improved_renderprobe/dit_validation/epoch_017_step_0144000_class003.png (class=3, sampler=heun, steps=100)
2026-04-22 19:47:16,722 - INFO - [overrides] applied from jit/configs/overrides.yaml: lr_scale=1.0 max_grad_norm=5.0 P_mean=0.0
2026-04-22 19:47:16,773 - INFO - [render-loss] step=144000 masked 2/16 samples (t_value < 0.40)
2026-04-22 19:49:08,784 - INFO - Step  144200 | Epoch  17 | MSE: 0.4609 | Steps/sec: 1.65 | LR: 1.70e-04 | Render_L1: 0.0274 | Alpha_L1: 0.0379 | Render_LPIPS: 0.1729 | GradNorm: 0.1123 | MSE/t: [0.00-0.25]0.594(n=434) [0.25-0.50]0.510(n=1182) [0.50-0.75]0.408(n=1166) [0.75-1.00]0.332(n=418)
2026-04-22 19:49:08,842 - INFO - [render-loss] step=144200 masked 7/16 samples (t_value < 0.40)
2026-04-22 19:51:01,058 - INFO - Step  144400 | Epoch  17 | MSE: 0.4632 | Steps/sec: 1.78 | LR: 1.70e-04 | Render_L1: 0.0264 | Alpha_L1: 0.0377 | Render_LPIPS: 0.1712 | GradNorm: 0.1096 | MSE/t: [0.00-0.25]0.581(n=473) [0.25-0.50]0.503(n=1168) [0.50-0.75]0.408(n=1143) [0.75-1.00]0.368(n=416)
2026-04-22 19:51:01,116 - INFO - [render-loss] step=144400 masked 6/16 samples (t_value < 0.40)
2026-04-22 19:52:53,219 - INFO - Step  144600 | Epoch  17 | MSE: 0.4624 | Steps/sec: 1.78 | LR: 1.70e-04 | Render_L1: 0.0269 | Alpha_L1: 0.0378 | Render_LPIPS: 0.1732 | GradNorm: 0.0947 | MSE/t: [0.00-0.25]0.593(n=464) [0.25-0.50]0.502(n=1172) [0.50-0.75]0.399(n=1155) [0.75-1.00]0.379(n=409)
2026-04-22 19:52:53,278 - INFO - [render-loss] step=144600 masked 6/16 samples (t_value < 0.40)
2026-04-22 19:54:45,450 - INFO - Step  144800 | Epoch  17 | MSE: 0.4633 | Steps/sec: 1.78 | LR: 1.70e-04 | Render_L1: 0.0269 | Alpha_L1: 0.0378 | Render_LPIPS: 0.1722 | GradNorm: 0.1025 | MSE/t: [0.00-0.25]0.564(n=450) [0.25-0.50]0.521(n=1143) [0.50-0.75]0.406(n=1168) [0.75-1.00]0.363(n=439)
2026-04-22 19:54:45,508 - INFO - [render-loss] step=144800 masked 5/16 samples (t_value < 0.40)
2026-04-22 19:56:37,943 - INFO - Step  145000 | Epoch  17 | MSE: 0.4494 | Steps/sec: 1.78 | LR: 1.70e-04 | Render_L1: 0.0267 | Alpha_L1: 0.0378 | Render_LPIPS: 0.1716 | GradNorm: 0.1055 | MSE/t: [0.00-0.25]0.586(n=436) [0.25-0.50]0.491(n=1123) [0.50-0.75]0.398(n=1207) [0.75-1.00]0.349(n=434)
2026-04-22 19:56:46,500 - INFO - [validation] saved: output/jit_JiT-B_8_full_improved_renderprobe/dit_validation/epoch_017_step_0145000_class041.png (class=41, sampler=heun, steps=100)
2026-04-22 19:56:47,443 - INFO - [overrides] applied from jit/configs/overrides.yaml: lr_scale=1.0 max_grad_norm=5.0 P_mean=0.0
2026-04-22 19:56:47,493 - INFO - [render-loss] step=145000 masked 5/16 samples (t_value < 0.40)
2026-04-22 19:58:39,504 - INFO - Step  145200 | Epoch  17 | MSE: 0.4585 | Steps/sec: 1.65 | LR: 1.70e-04 | Render_L1: 0.0264 | Alpha_L1: 0.0372 | Render_LPIPS: 0.1701 | GradNorm: 0.1009 | MSE/t: [0.00-0.25]0.612(n=445) [0.25-0.50]0.496(n=1161) [0.50-0.75]0.402(n=1168) [0.75-1.00]0.353(n=426)
2026-04-22 19:58:39,562 - INFO - [render-loss] step=145200 masked 7/16 samples (t_value < 0.40)
2026-04-22 20:00:31,415 - INFO - Step  145400 | Epoch  17 | MSE: 0.4524 | Steps/sec: 1.79 | LR: 1.70e-04 | Render_L1: 0.0263 | Alpha_L1: 0.0367 | Render_LPIPS: 0.1709 | GradNorm: 0.1118 | MSE/t: [0.00-0.25]0.542(n=457) [0.25-0.50]0.505(n=1101) [0.50-0.75]0.400(n=1194) [0.75-1.00]0.372(n=448)
2026-04-22 20:00:31,478 - INFO - [render-loss] step=145400 masked 7/16 samples (t_value < 0.40)
2026-04-22 20:02:23,978 - INFO - Step  145600 | Epoch  17 | MSE: 0.4572 | Steps/sec: 1.78 | LR: 1.70e-04 | Render_L1: 0.0267 | Alpha_L1: 0.0368 | Render_LPIPS: 0.1716 | GradNorm: 0.1077 | MSE/t: [0.00-0.25]0.584(n=446) [0.25-0.50]0.497(n=1140) [0.50-0.75]0.400(n=1179) [0.75-1.00]0.377(n=435)
2026-04-22 20:02:24,036 - INFO - [render-loss] step=145600 masked 7/16 samples (t_value < 0.40)
2026-04-22 20:04:15,936 - INFO - Step  145800 | Epoch  17 | MSE: 0.4605 | Steps/sec: 1.79 | LR: 1.70e-04 | Render_L1: 0.0268 | Alpha_L1: 0.0375 | Render_LPIPS: 0.1717 | GradNorm: 0.1098 | MSE/t: [0.00-0.25]0.596(n=422) [0.25-0.50]0.506(n=1144) [0.50-0.75]0.406(n=1184) [0.75-1.00]0.360(n=450)
2026-04-22 20:04:15,994 - INFO - [render-loss] step=145800 masked 5/16 samples (t_value < 0.40)
2026-04-22 20:06:08,235 - INFO - Step  146000 | Epoch  17 | MSE: 0.4639 | Steps/sec: 1.78 | LR: 1.70e-04 | Render_L1: 0.0257 | Alpha_L1: 0.0358 | Render_LPIPS: 0.1660 | GradNorm: 0.1181 | MSE/t: [0.00-0.25]0.591(n=413) [0.25-0.50]0.512(n=1196) [0.50-0.75]0.399(n=1160) [0.75-1.00]0.383(n=431)
2026-04-22 20:06:16,354 - INFO - [validation] saved: output/jit_JiT-B_8_full_improved_renderprobe/dit_validation/epoch_017_step_0146000_class080.png (class=80, sampler=heun, steps=100)
2026-04-22 20:06:17,277 - INFO - [overrides] applied from jit/configs/overrides.yaml: lr_scale=1.0 max_grad_norm=5.0 P_mean=0.0
2026-04-22 20:06:17,350 - INFO - [render-loss] step=146000 masked 5/16 samples (t_value < 0.40)
2026-04-22 20:08:09,498 - INFO - Step  146200 | Epoch  17 | MSE: 0.4517 | Steps/sec: 1.65 | LR: 1.70e-04 | Render_L1: 0.0257 | Alpha_L1: 0.0358 | Render_LPIPS: 0.1667 | GradNorm: 0.1138 | MSE/t: [0.00-0.25]0.563(n=474) [0.25-0.50]0.485(n=1163) [0.50-0.75]0.409(n=1144) [0.75-1.00]0.350(n=419)
2026-04-22 20:08:09,557 - INFO - [render-loss] step=146200 masked 4/16 samples (t_value < 0.40)
2026-04-22 20:10:01,534 - INFO - Step  146400 | Epoch  17 | MSE: 0.4556 | Steps/sec: 1.79 | LR: 1.69e-04 | Render_L1: 0.0260 | Alpha_L1: 0.0363 | Render_LPIPS: 0.1667 | GradNorm: 0.1173 | MSE/t: [0.00-0.25]0.596(n=419) [0.25-0.50]0.498(n=1183) [0.50-0.75]0.399(n=1164) [0.75-1.00]0.358(n=434)
2026-04-22 20:10:01,597 - INFO - [render-loss] step=146400 masked 6/16 samples (t_value < 0.40)
2026-04-22 20:11:54,204 - INFO - Step  146600 | Epoch  17 | MSE: 0.4604 | Steps/sec: 1.78 | LR: 1.69e-04 | Render_L1: 0.0263 | Alpha_L1: 0.0374 | Render_LPIPS: 0.1702 | GradNorm: 0.1274 | MSE/t: [0.00-0.25]0.555(n=431) [0.25-0.50]0.507(n=1180) [0.50-0.75]0.416(n=1173) [0.75-1.00]0.355(n=416)
2026-04-22 20:11:54,269 - INFO - [render-loss] step=146600 masked 7/16 samples (t_value < 0.40)
2026-04-22 20:13:46,664 - INFO - Step  146800 | Epoch  17 | MSE: 0.4620 | Steps/sec: 1.78 | LR: 1.69e-04 | Render_L1: 0.0264 | Alpha_L1: 0.0371 | Render_LPIPS: 0.1705 | GradNorm: 0.1248 | MSE/t: [0.00-0.25]0.577(n=445) [0.25-0.50]0.512(n=1132) [0.50-0.75]0.411(n=1169) [0.75-1.00]0.355(n=454)
2026-04-22 20:13:46,723 - INFO - [render-loss] step=146800 masked 2/16 samples (t_value < 0.40)
2026-04-22 20:15:38,811 - INFO - Step  147000 | Epoch  17 | MSE: 0.4682 | Steps/sec: 1.78 | LR: 1.69e-04 | Render_L1: 0.0266 | Alpha_L1: 0.0373 | Render_LPIPS: 0.1709 | GradNorm: 0.1947 | MSE/t: [0.00-0.25]0.606(n=440) [0.25-0.50]0.512(n=1144) [0.50-0.75]0.410(n=1178) [0.75-1.00]0.373(n=438)
2026-04-22 20:15:47,060 - INFO - [validation] saved: output/jit_JiT-B_8_full_improved_renderprobe/dit_validation/epoch_017_step_0147000_class084.png (class=84, sampler=heun, steps=100)
2026-04-22 20:15:48,030 - INFO - [overrides] applied from jit/configs/overrides.yaml: lr_scale=1.0 max_grad_norm=5.0 P_mean=0.0
2026-04-22 20:15:48,084 - INFO - [render-loss] step=147000 masked 8/16 samples (t_value < 0.40)
2026-04-22 20:17:40,518 - INFO - Step  147200 | Epoch  17 | MSE: 0.4595 | Steps/sec: 1.64 | LR: 1.69e-04 | Render_L1: 0.0254 | Alpha_L1: 0.0352 | Render_LPIPS: 0.1662 | GradNorm: 0.1221 | MSE/t: [0.00-0.25]0.598(n=457) [0.25-0.50]0.495(n=1139) [0.50-0.75]0.412(n=1158) [0.75-1.00]0.351(n=446)
2026-04-22 20:17:40,580 - INFO - [render-loss] step=147200 masked 6/16 samples (t_value < 0.40)
2026-04-22 20:19:32,730 - INFO - Step  147400 | Epoch  17 | MSE: 0.4626 | Steps/sec: 1.78 | LR: 1.69e-04 | Render_L1: 0.0259 | Alpha_L1: 0.0354 | Render_LPIPS: 0.1678 | GradNorm: 0.1295 | MSE/t: [0.00-0.25]0.599(n=417) [0.25-0.50]0.514(n=1173) [0.50-0.75]0.406(n=1176) [0.75-1.00]0.344(n=434)
2026-04-22 20:19:32,789 - INFO - [render-loss] step=147400 masked 7/16 samples (t_value < 0.40)
2026-04-22 20:21:25,487 - INFO - Step  147600 | Epoch  17 | MSE: 0.4641 | Steps/sec: 1.77 | LR: 1.69e-04 | Render_L1: 0.0268 | Alpha_L1: 0.0370 | Render_LPIPS: 0.1693 | GradNorm: 0.1421 | MSE/t: [0.00-0.25]0.579(n=414) [0.25-0.50]0.521(n=1208) [0.50-0.75]0.406(n=1143) [0.75-1.00]0.350(n=435)
2026-04-22 20:21:25,545 - INFO - [render-loss] step=147600 masked 7/16 samples (t_value < 0.40)
2026-04-22 20:23:17,544 - INFO - Step  147800 | Epoch  17 | MSE: 0.4743 | Steps/sec: 1.78 | LR: 1.69e-04 | Render_L1: 0.0263 | Alpha_L1: 0.0371 | Render_LPIPS: 0.1700 | GradNorm: 0.2696 | MSE/t: [0.00-0.25]0.613(n=448) [0.25-0.50]0.518(n=1144) [0.50-0.75]0.423(n=1164) [0.75-1.00]0.356(n=444)
2026-04-22 20:23:17,603 - INFO - [render-loss] step=147800 masked 5/16 samples (t_value < 0.40)
2026-04-22 20:25:10,955 - INFO - Step  148000 | Epoch  18 | MSE: 0.4576 | Steps/sec: 1.76 | LR: 1.69e-04 | Render_L1: 0.0262 | Alpha_L1: 0.0361 | Render_LPIPS: 0.1692 | GradNorm: 0.1308 | MSE/t: [0.00-0.25]0.595(n=446) [0.25-0.50]0.504(n=1149) [0.50-0.75]0.409(n=1147) [0.75-1.00]0.328(n=458)
2026-04-22 20:25:19,148 - INFO - [validation] saved: output/jit_JiT-B_8_full_improved_renderprobe/dit_validation/epoch_018_step_0148000_class043.png (class=43, sampler=heun, steps=100)
2026-04-22 20:25:20,122 - INFO - [overrides] applied from jit/configs/overrides.yaml: lr_scale=1.0 max_grad_norm=5.0 P_mean=0.0
2026-04-22 20:25:20,172 - INFO - [render-loss] step=148000 masked 4/16 samples (t_value < 0.40)
2026-04-22 20:27:12,218 - INFO - Step  148200 | Epoch  18 | MSE: 0.4623 | Steps/sec: 1.65 | LR: 1.69e-04 | Render_L1: 0.0258 | Alpha_L1: 0.0357 | Render_LPIPS: 0.1675 | GradNorm: 0.1440 | MSE/t: [0.00-0.25]0.585(n=431) [0.25-0.50]0.518(n=1228) [0.50-0.75]0.395(n=1119) [0.75-1.00]0.353(n=422)
2026-04-22 20:27:12,277 - INFO - [render-loss] step=148200 masked 7/16 samples (t_value < 0.40)
2026-04-22 20:29:04,602 - INFO - Step  148400 | Epoch  18 | MSE: 0.4561 | Steps/sec: 1.78 | LR: 1.69e-04 | Render_L1: 0.0262 | Alpha_L1: 0.0356 | Render_LPIPS: 0.1692 | GradNorm: 0.1392 | MSE/t: [0.00-0.25]0.610(n=414) [0.25-0.50]0.487(n=1172) [0.50-0.75]0.410(n=1165) [0.75-1.00]0.355(n=449)
2026-04-22 20:29:04,661 - INFO - [render-loss] step=148400 masked 6/16 samples (t_value < 0.40)
2026-04-22 20:30:56,842 - INFO - Step  148600 | Epoch  18 | MSE: 0.4647 | Steps/sec: 1.78 | LR: 1.69e-04 | Render_L1: 0.0265 | Alpha_L1: 0.0368 | Render_LPIPS: 0.1708 | GradNorm: 0.1433 | MSE/t: [0.00-0.25]0.609(n=431) [0.25-0.50]0.503(n=1161) [0.50-0.75]0.415(n=1173) [0.75-1.00]0.353(n=435)
2026-04-22 20:30:56,905 - INFO - [render-loss] step=148600 masked 4/16 samples (t_value < 0.40)
2026-04-22 20:32:48,974 - INFO - Step  148800 | Epoch  18 | MSE: 0.4714 | Steps/sec: 1.78 | LR: 1.69e-04 | Render_L1: 0.0265 | Alpha_L1: 0.0366 | Render_LPIPS: 0.1707 | GradNorm: 0.1472 | MSE/t: [0.00-0.25]0.561(n=444) [0.25-0.50]0.522(n=1163) [0.50-0.75]0.420(n=1170) [0.75-1.00]0.383(n=423)
2026-04-22 20:32:49,031 - INFO - [render-loss] step=148800 masked 3/16 samples (t_value < 0.40)
2026-04-22 20:34:41,047 - INFO - Step  149000 | Epoch  18 | MSE: 0.4601 | Steps/sec: 1.78 | LR: 1.68e-04 | Render_L1: 0.0270 | Alpha_L1: 0.0381 | Render_LPIPS: 0.1711 | GradNorm: 0.4709 | MSE/t: [0.00-0.25]0.577(n=439) [0.25-0.50]0.504(n=1177) [0.50-0.75]0.407(n=1147) [0.75-1.00]0.363(n=437)
2026-04-22 20:34:49,243 - INFO - [validation] saved: output/jit_JiT-B_8_full_improved_renderprobe/dit_validation/epoch_018_step_0149000_class100.png (class=100, sampler=heun, steps=100)
2026-04-22 20:34:50,129 - INFO - [overrides] applied from jit/configs/overrides.yaml: lr_scale=1.0 max_grad_norm=5.0 P_mean=0.0
2026-04-22 20:34:50,181 - INFO - [render-loss] step=149000 masked 6/16 samples (t_value < 0.40)
2026-04-22 20:36:42,443 - INFO - Step  149200 | Epoch  18 | MSE: 0.4463 | Steps/sec: 1.65 | LR: 1.68e-04 | Render_L1: 0.0253 | Alpha_L1: 0.0342 | Render_LPIPS: 0.1662 | GradNorm: 0.1438 | MSE/t: [0.00-0.25]0.578(n=445) [0.25-0.50]0.500(n=1115) [0.50-0.75]0.387(n=1162) [0.75-1.00]0.343(n=478)
2026-04-22 20:36:42,509 - INFO - [render-loss] step=149200 masked 5/16 samples (t_value < 0.40)
2026-04-22 20:38:34,391 - INFO - Step  149400 | Epoch  18 | MSE: 0.4552 | Steps/sec: 1.79 | LR: 1.68e-04 | Render_L1: 0.0261 | Alpha_L1: 0.0353 | Render_LPIPS: 0.1673 | GradNorm: 0.1495 | MSE/t: [0.00-0.25]0.561(n=425) [0.25-0.50]0.496(n=1173) [0.50-0.75]0.412(n=1158) [0.75-1.00]0.358(n=444)
2026-04-22 20:38:34,449 - INFO - [render-loss] step=149400 masked 9/16 samples (t_value < 0.40)
2026-04-22 20:40:26,475 - INFO - Step  149600 | Epoch  18 | MSE: 0.4569 | Steps/sec: 1.78 | LR: 1.68e-04 | Render_L1: 0.0258 | Alpha_L1: 0.0361 | Render_LPIPS: 0.1671 | GradNorm: 0.1556 | MSE/t: [0.00-0.25]0.569(n=433) [0.25-0.50]0.502(n=1204) [0.50-0.75]0.406(n=1120) [0.75-1.00]0.353(n=443)
2026-04-22 20:40:26,537 - INFO - [render-loss] step=149600 masked 3/16 samples (t_value < 0.40)
2026-04-22 20:42:18,540 - INFO - Step  149800 | Epoch  18 | MSE: 0.4610 | Steps/sec: 1.78 | LR: 1.68e-04 | Render_L1: 0.0264 | Alpha_L1: 0.0362 | Render_LPIPS: 0.1711 | GradNorm: 0.1529 | MSE/t: [0.00-0.25]0.597(n=468) [0.25-0.50]0.501(n=1139) [0.50-0.75]0.407(n=1178) [0.75-1.00]0.352(n=415)
2026-04-22 20:42:18,609 - INFO - [render-loss] step=149800 masked 4/16 samples (t_value < 0.40)
2026-04-22 20:44:10,393 - INFO - Step  150000 | Epoch  18 | MSE: 0.4673 | Steps/sec: 1.79 | LR: 1.68e-04 | Render_L1: 0.0262 | Alpha_L1: 0.0371 | Render_LPIPS: 0.1701 | GradNorm: 0.1704 | MSE/t: [0.00-0.25]0.581(n=440) [0.25-0.50]0.496(n=1177) [0.50-0.75]0.437(n=1140) [0.75-1.00]0.356(n=443)
2026-04-22 20:44:18,599 - INFO - [validation] saved: output/jit_JiT-B_8_full_improved_renderprobe/dit_validation/epoch_018_step_0150000_class099.png (class=99, sampler=heun, steps=100)
2026-04-22 20:44:19,512 - INFO - [overrides] applied from jit/configs/overrides.yaml: lr_scale=1.0 max_grad_norm=5.0 P_mean=0.0
2026-04-22 20:44:19,559 - INFO - [render-loss] step=150000 masked 9/16 samples (t_value < 0.40)
2026-04-22 20:46:11,594 - INFO - Step  150200 | Epoch  18 | MSE: 0.4591 | Steps/sec: 1.65 | LR: 1.68e-04 | Render_L1: 0.0263 | Alpha_L1: 0.0364 | Render_LPIPS: 0.1695 | GradNorm: 0.1579 | MSE/t: [0.00-0.25]0.590(n=451) [0.25-0.50]0.489(n=1197) [0.50-0.75]0.414(n=1103) [0.75-1.00]0.359(n=449)
2026-04-22 20:46:11,650 - INFO - [render-loss] step=150200 masked 7/16 samples (t_value < 0.40)
2026-04-22 20:48:04,020 - INFO - Step  150400 | Epoch  18 | MSE: 0.4621 | Steps/sec: 1.78 | LR: 1.68e-04 | Render_L1: 0.0259 | Alpha_L1: 0.0352 | Render_LPIPS: 0.1650 | GradNorm: 0.1755 | MSE/t: [0.00-0.25]0.624(n=434) [0.25-0.50]0.503(n=1138) [0.50-0.75]0.405(n=1159) [0.75-1.00]0.355(n=469)
2026-04-22 20:48:04,119 - INFO - [render-loss] step=150400 masked 10/16 samples (t_value < 0.40)
2026-04-22 20:49:56,041 - INFO - Step  150600 | Epoch  18 | MSE: 0.4644 | Steps/sec: 1.79 | LR: 1.68e-04 | Render_L1: 0.0256 | Alpha_L1: 0.0358 | Render_LPIPS: 0.1678 | GradNorm: 0.1633 | MSE/t: [0.00-0.25]0.575(n=433) [0.25-0.50]0.517(n=1186) [0.50-0.75]0.408(n=1157) [0.75-1.00]0.357(n=424)
2026-04-22 20:49:56,098 - INFO - [render-loss] step=150600 masked 5/16 samples (t_value < 0.40)
2026-04-22 20:51:47,927 - INFO - Step  150800 | Epoch  18 | MSE: 0.4673 | Steps/sec: 1.79 | LR: 1.68e-04 | Render_L1: 0.0267 | Alpha_L1: 0.0365 | Render_LPIPS: 0.1712 | GradNorm: 0.1689 | MSE/t: [0.00-0.25]0.585(n=462) [0.25-0.50]0.519(n=1172) [0.50-0.75]0.404(n=1139) [0.75-1.00]0.366(n=427)
2026-04-22 20:51:47,985 - INFO - [render-loss] step=150800 masked 8/16 samples (t_value < 0.40)
2026-04-22 20:53:40,159 - INFO - Step  151000 | Epoch  18 | MSE: 0.4675 | Steps/sec: 1.78 | LR: 1.68e-04 | Render_L1: 0.0256 | Alpha_L1: 0.0359 | Render_LPIPS: 0.1662 | GradNorm: 0.1795 | MSE/t: [0.00-0.25]0.575(n=425) [0.25-0.50]0.530(n=1168) [0.50-0.75]0.415(n=1175) [0.75-1.00]0.334(n=432)
2026-04-22 20:53:48,410 - INFO - [validation] saved: output/jit_JiT-B_8_full_improved_renderprobe/dit_validation/epoch_018_step_0151000_class100.png (class=100, sampler=heun, steps=100)
2026-04-22 20:53:49,460 - INFO - [overrides] applied from jit/configs/overrides.yaml: lr_scale=1.0 max_grad_norm=5.0 P_mean=0.0
2026-04-22 20:53:49,508 - INFO - [render-loss] step=151000 masked 4/16 samples (t_value < 0.40)
2026-04-22 20:55:41,553 - INFO - Step  151200 | Epoch  18 | MSE: 0.4560 | Steps/sec: 1.65 | LR: 1.68e-04 | Render_L1: 0.0264 | Alpha_L1: 0.0368 | Render_LPIPS: 0.1666 | GradNorm: 0.2484 | MSE/t: [0.00-0.25]0.561(n=410) [0.25-0.50]0.497(n=1150) [0.50-0.75]0.415(n=1194) [0.75-1.00]0.364(n=446)
2026-04-22 20:55:41,612 - INFO - [render-loss] step=151200 masked 5/16 samples (t_value < 0.40)
2026-04-22 20:57:33,977 - INFO - Step  151400 | Epoch  18 | MSE: 0.4680 | Steps/sec: 1.78 | LR: 1.67e-04 | Render_L1: 0.0259 | Alpha_L1: 0.0360 | Render_LPIPS: 0.1677 | GradNorm: 0.1958 | MSE/t: [0.00-0.25]0.585(n=437) [0.25-0.50]0.515(n=1202) [0.50-0.75]0.410(n=1138) [0.75-1.00]0.370(n=423)
2026-04-22 20:57:34,035 - INFO - [render-loss] step=151400 masked 4/16 samples (t_value < 0.40)
2026-04-22 20:59:25,831 - INFO - Step  151600 | Epoch  18 | MSE: 0.4732 | Steps/sec: 1.79 | LR: 1.67e-04 | Render_L1: 0.0265 | Alpha_L1: 0.0371 | Render_LPIPS: 0.1691 | GradNorm: 0.1776 | MSE/t: [0.00-0.25]0.599(n=446) [0.25-0.50]0.530(n=1142) [0.50-0.75]0.414(n=1187) [0.75-1.00]0.354(n=425)
2026-04-22 20:59:25,893 - INFO - [render-loss] step=151600 masked 5/16 samples (t_value < 0.40)
2026-04-22 21:01:18,008 - INFO - Step  151800 | Epoch  18 | MSE: 0.4549 | Steps/sec: 1.78 | LR: 1.67e-04 | Render_L1: 0.0250 | Alpha_L1: 0.0350 | Render_LPIPS: 0.1651 | GradNorm: 1.2301 | MSE/t: [0.00-0.25]0.587(n=406) [0.25-0.50]0.504(n=1137) [0.50-0.75]0.395(n=1184) [0.75-1.00]0.374(n=473)
2026-04-22 21:01:18,072 - INFO - [render-loss] step=151800 masked 7/16 samples (t_value < 0.40)
2026-04-22 21:03:10,049 - INFO - Step  152000 | Epoch  18 | MSE: 0.4547 | Steps/sec: 1.79 | LR: 1.67e-04 | Render_L1: 0.0261 | Alpha_L1: 0.0360 | Render_LPIPS: 0.1686 | GradNorm: 0.2537 | MSE/t: [0.00-0.25]0.546(n=425) [0.25-0.50]0.502(n=1156) [0.50-0.75]0.413(n=1176) [0.75-1.00]0.353(n=443)
2026-04-22 21:03:18,583 - INFO - [validation] saved: output/jit_JiT-B_8_full_improved_renderprobe/dit_validation/epoch_018_step_0152000_class024.png (class=24, sampler=heun, steps=100)
2026-04-22 21:03:19,540 - INFO - [overrides] applied from jit/configs/overrides.yaml: lr_scale=1.0 max_grad_norm=5.0 P_mean=0.0
2026-04-22 21:03:19,592 - INFO - [render-loss] step=152000 masked 4/16 samples (t_value < 0.40)
2026-04-22 21:05:11,657 - INFO - Step  152200 | Epoch  18 | MSE: 0.4518 | Steps/sec: 1.64 | LR: 1.67e-04 | Render_L1: 0.0246 | Alpha_L1: 0.0338 | Render_LPIPS: 0.1624 | GradNorm: 0.1716 | MSE/t: [0.00-0.25]0.596(n=411) [0.25-0.50]0.498(n=1191) [0.50-0.75]0.400(n=1161) [0.75-1.00]0.327(n=437)
2026-04-22 21:05:11,719 - INFO - [render-loss] step=152200 masked 4/16 samples (t_value < 0.40)
2026-04-22 21:07:04,313 - INFO - Step  152400 | Epoch  18 | MSE: 0.4725 | Steps/sec: 1.78 | LR: 1.67e-04 | Render_L1: 0.0257 | Alpha_L1: 0.0360 | Render_LPIPS: 0.1682 | GradNorm: 0.4453 | MSE/t: [0.00-0.25]0.637(n=461) [0.25-0.50]0.509(n=1126) [0.50-0.75]0.407(n=1207) [0.75-1.00]0.378(n=406)
2026-04-22 21:07:04,376 - INFO - [render-loss] step=152400 masked 7/16 samples (t_value < 0.40)
2026-04-22 21:08:56,361 - INFO - Step  152600 | Epoch  18 | MSE: 0.4710 | Steps/sec: 1.79 | LR: 1.67e-04 | Render_L1: 0.0252 | Alpha_L1: 0.0348 | Render_LPIPS: 0.1659 | GradNorm: 0.3509 | MSE/t: [0.00-0.25]0.579(n=442) [0.25-0.50]0.514(n=1184) [0.50-0.75]0.411(n=1181) [0.75-1.00]0.402(n=393)
2026-04-22 21:08:56,419 - INFO - [render-loss] step=152600 masked 4/16 samples (t_value < 0.40)
2026-04-22 21:10:48,505 - INFO - Step  152800 | Epoch  18 | MSE: 0.4670 | Steps/sec: 1.78 | LR: 1.67e-04 | Render_L1: 0.0263 | Alpha_L1: 0.0362 | Render_LPIPS: 0.1703 | GradNorm: 0.1972 | MSE/t: [0.00-0.25]0.559(n=440) [0.25-0.50]0.508(n=1155) [0.50-0.75]0.424(n=1172) [0.75-1.00]0.380(n=433)
2026-04-22 21:10:48,579 - INFO - [render-loss] step=152800 masked 4/16 samples (t_value < 0.40)
2026-04-22 21:12:41,130 - INFO - Step  153000 | Epoch  18 | MSE: 0.4664 | Steps/sec: 1.78 | LR: 1.67e-04 | Render_L1: 0.0256 | Alpha_L1: 0.0348 | Render_LPIPS: 0.1672 | GradNorm: 0.1851 | MSE/t: [0.00-0.25]0.607(n=439) [0.25-0.50]0.506(n=1135) [0.50-0.75]0.414(n=1208) [0.75-1.00]0.361(n=418)
2026-04-22 21:12:49,382 - INFO - [validation] saved: output/jit_JiT-B_8_full_improved_renderprobe/dit_validation/epoch_018_step_0153000_class083.png (class=83, sampler=heun, steps=100)
2026-04-22 21:12:50,378 - INFO - [overrides] applied from jit/configs/overrides.yaml: lr_scale=1.0 max_grad_norm=5.0 P_mean=0.0
2026-04-22 21:12:50,428 - INFO - [render-loss] step=153000 masked 7/16 samples (t_value < 0.40)
2026-04-22 21:14:42,512 - INFO - Step  153200 | Epoch  18 | MSE: 0.4618 | Steps/sec: 1.65 | LR: 1.67e-04 | Render_L1: 0.0253 | Alpha_L1: 0.0342 | Render_LPIPS: 0.1661 | GradNorm: 0.1945 | MSE/t: [0.00-0.25]0.576(n=380) [0.25-0.50]0.518(n=1178) [0.50-0.75]0.402(n=1195) [0.75-1.00]0.376(n=447)
2026-04-22 21:14:42,570 - INFO - [render-loss] step=153200 masked 7/16 samples (t_value < 0.40)
2026-04-22 21:16:34,559 - INFO - Step  153400 | Epoch  18 | MSE: 0.4623 | Steps/sec: 1.78 | LR: 1.67e-04 | Render_L1: 0.0263 | Alpha_L1: 0.0354 | Render_LPIPS: 0.1693 | GradNorm: 0.2042 | MSE/t: [0.00-0.25]0.567(n=428) [0.25-0.50]0.503(n=1206) [0.50-0.75]0.420(n=1129) [0.75-1.00]0.357(n=437)
2026-04-22 21:16:34,615 - INFO - [render-loss] step=153400 masked 5/16 samples (t_value < 0.40)
2026-04-22 21:18:26,879 - INFO - Step  153600 | Epoch  18 | MSE: 0.4640 | Steps/sec: 1.78 | LR: 1.67e-04 | Render_L1: 0.0250 | Alpha_L1: 0.0351 | Render_LPIPS: 0.1632 | GradNorm: 0.1968 | MSE/t: [0.00-0.25]0.587(n=458) [0.25-0.50]0.507(n=1162) [0.50-0.75]0.403(n=1166) [0.75-1.00]0.380(n=414)
2026-04-22 21:18:26,969 - INFO - [render-loss] step=153600 masked 5/16 samples (t_value < 0.40)
2026-04-22 21:20:19,215 - INFO - Step  153800 | Epoch  18 | MSE: 0.4611 | Steps/sec: 1.78 | LR: 1.67e-04 | Render_L1: 0.0259 | Alpha_L1: 0.0361 | Render_LPIPS: 0.1671 | GradNorm: 0.1904 | MSE/t: [0.00-0.25]0.617(n=422) [0.25-0.50]0.498(n=1156) [0.50-0.75]0.406(n=1183) [0.75-1.00]0.361(n=439)
2026-04-22 21:20:19,271 - INFO - [render-loss] step=153800 masked 10/16 samples (t_value < 0.40)
2026-04-22 21:22:11,163 - INFO - Step  154000 | Epoch  18 | MSE: 0.4555 | Steps/sec: 1.79 | LR: 1.66e-04 | Render_L1: 0.0254 | Alpha_L1: 0.0346 | Render_LPIPS: 0.1656 | GradNorm: 0.2069 | MSE/t: [0.00-0.25]0.580(n=431) [0.25-0.50]0.491(n=1126) [0.50-0.75]0.408(n=1164) [0.75-1.00]0.374(n=479)
2026-04-22 21:22:19,399 - INFO - [validation] saved: output/jit_JiT-B_8_full_improved_renderprobe/dit_validation/epoch_018_step_0154000_class033.png (class=33, sampler=heun, steps=100)
2026-04-22 21:22:20,562 - INFO - [overrides] applied from jit/configs/overrides.yaml: lr_scale=1.0 max_grad_norm=5.0 P_mean=0.0
2026-04-22 21:22:20,610 - INFO - [render-loss] step=154000 masked 5/16 samples (t_value < 0.40)
2026-04-22 21:24:12,778 - INFO - Step  154200 | Epoch  18 | MSE: 0.4724 | Steps/sec: 1.64 | LR: 1.66e-04 | Render_L1: 0.0251 | Alpha_L1: 0.0349 | Render_LPIPS: 0.1637 | GradNorm: 0.2118 | MSE/t: [0.00-0.25]0.627(n=459) [0.25-0.50]0.524(n=1172) [0.50-0.75]0.400(n=1133) [0.75-1.00]0.361(n=436)
2026-04-22 21:24:12,838 - INFO - [render-loss] step=154200 masked 3/16 samples (t_value < 0.40)
2026-04-22 21:26:05,044 - INFO - Step  154400 | Epoch  18 | MSE: 0.4560 | Steps/sec: 1.78 | LR: 1.66e-04 | Render_L1: 0.0256 | Alpha_L1: 0.0359 | Render_LPIPS: 0.1655 | GradNorm: 0.1976 | MSE/t: [0.00-0.25]0.602(n=433) [0.25-0.50]0.489(n=1169) [0.50-0.75]0.402(n=1157) [0.75-1.00]0.365(n=441)
2026-04-22 21:26:05,103 - INFO - [render-loss] step=154400 masked 3/16 samples (t_value < 0.40)
2026-04-22 21:27:57,007 - INFO - Step  154600 | Epoch  18 | MSE: 0.4670 | Steps/sec: 1.79 | LR: 1.66e-04 | Render_L1: 0.0255 | Alpha_L1: 0.0348 | Render_LPIPS: 0.1661 | GradNorm: 0.2068 | MSE/t: [0.00-0.25]0.618(n=444) [0.25-0.50]0.508(n=1129) [0.50-0.75]0.407(n=1218) [0.75-1.00]0.368(n=409)
2026-04-22 21:27:57,064 - INFO - [render-loss] step=154600 masked 7/16 samples (t_value < 0.40)
2026-04-22 21:29:49,062 - INFO - Step  154800 | Epoch  18 | MSE: 0.4696 | Steps/sec: 1.78 | LR: 1.66e-04 | Render_L1: 0.0261 | Alpha_L1: 0.0355 | Render_LPIPS: 0.1680 | GradNorm: 0.2277 | MSE/t: [0.00-0.25]0.587(n=429) [0.25-0.50]0.529(n=1186) [0.50-0.75]0.405(n=1164) [0.75-1.00]0.361(n=421)
2026-04-22 21:29:49,126 - INFO - [render-loss] step=154800 masked 5/16 samples (t_value < 0.40)
2026-04-22 21:31:41,582 - INFO - Step  155000 | Epoch  18 | MSE: 0.4644 | Steps/sec: 1.78 | LR: 1.66e-04 | Render_L1: 0.0250 | Alpha_L1: 0.0346 | Render_LPIPS: 0.1648 | GradNorm: 0.2063 | MSE/t: [0.00-0.25]0.576(n=430) [0.25-0.50]0.522(n=1133) [0.50-0.75]0.406(n=1160) [0.75-1.00]0.370(n=477)
2026-04-22 21:31:49,837 - INFO - [validation] saved: output/jit_JiT-B_8_full_improved_renderprobe/dit_validation/epoch_018_step_0155000_class094.png (class=94, sampler=heun, steps=100)
2026-04-22 21:31:50,838 - INFO - [overrides] applied from jit/configs/overrides.yaml: lr_scale=1.0 max_grad_norm=5.0 P_mean=0.0
2026-04-22 21:31:50,886 - INFO - [render-loss] step=155000 masked 8/16 samples (t_value < 0.40)
2026-04-22 21:33:42,953 - INFO - Step  155200 | Epoch  18 | MSE: 0.4638 | Steps/sec: 1.65 | LR: 1.66e-04 | Render_L1: 0.0251 | Alpha_L1: 0.0349 | Render_LPIPS: 0.1647 | GradNorm: 0.2010 | MSE/t: [0.00-0.25]0.591(n=426) [0.25-0.50]0.504(n=1163) [0.50-0.75]0.412(n=1172) [0.75-1.00]0.371(n=439)
2026-04-22 21:33:43,010 - INFO - [render-loss] step=155200 masked 5/16 samples (t_value < 0.40)
2026-04-22 21:35:35,338 - INFO - Step  155400 | Epoch  18 | MSE: 0.4795 | Steps/sec: 1.78 | LR: 1.66e-04 | Render_L1: 0.0258 | Alpha_L1: 0.0359 | Render_LPIPS: 0.1666 | GradNorm: 0.4060 | MSE/t: [0.00-0.25]0.557(n=462) [0.25-0.50]0.509(n=1149) [0.50-0.75]0.463(n=1142) [0.75-1.00]0.365(n=447)
2026-04-22 21:35:35,397 - INFO - [render-loss] step=155400 masked 3/16 samples (t_value < 0.40)
2026-04-22 21:37:27,891 - INFO - Step  155600 | Epoch  18 | MSE: 0.4637 | Steps/sec: 1.78 | LR: 1.66e-04 | Render_L1: 0.0258 | Alpha_L1: 0.0349 | Render_LPIPS: 0.1679 | GradNorm: 0.2159 | MSE/t: [0.00-0.25]0.599(n=454) [0.25-0.50]0.492(n=1152) [0.50-0.75]0.421(n=1157) [0.75-1.00]0.360(n=437)
2026-04-22 21:37:27,950 - INFO - [render-loss] step=155600 masked 2/16 samples (t_value < 0.40)
2026-04-22 21:39:20,245 - INFO - Step  155800 | Epoch  18 | MSE: 0.4634 | Steps/sec: 1.78 | LR: 1.66e-04 | Render_L1: 0.0255 | Alpha_L1: 0.0348 | Render_LPIPS: 0.1652 | GradNorm: 0.2165 | MSE/t: [0.00-0.25]0.569(n=437) [0.25-0.50]0.518(n=1212) [0.50-0.75]0.398(n=1113) [0.75-1.00]0.373(n=438)
2026-04-22 21:39:20,303 - INFO - [render-loss] step=155800 masked 7/16 samples (t_value < 0.40)
2026-04-22 21:41:13,624 - INFO - Step  156000 | Epoch  19 | MSE: 0.4753 | Steps/sec: 1.76 | LR: 1.66e-04 | Render_L1: 0.0258 | Alpha_L1: 0.0352 | Render_LPIPS: 0.1669 | GradNorm: 0.2235 | MSE/t: [0.00-0.25]0.602(n=456) [0.25-0.50]0.523(n=1131) [0.50-0.75]0.416(n=1179) [0.75-1.00]0.379(n=434)
2026-04-22 21:41:21,826 - INFO - [validation] saved: output/jit_JiT-B_8_full_improved_renderprobe/dit_validation/epoch_019_step_0156000_class022.png (class=22, sampler=heun, steps=100)
2026-04-22 21:41:22,864 - INFO - [overrides] applied from jit/configs/overrides.yaml: lr_scale=1.0 max_grad_norm=5.0 P_mean=0.0
2026-04-22 21:41:22,913 - INFO - [render-loss] step=156000 masked 5/16 samples (t_value < 0.40)
2026-04-22 21:43:15,073 - INFO - Step  156200 | Epoch  19 | MSE: 0.4637 | Steps/sec: 1.65 | LR: 1.66e-04 | Render_L1: 0.0250 | Alpha_L1: 0.0334 | Render_LPIPS: 0.1629 | GradNorm: 0.2263 | MSE/t: [0.00-0.25]0.594(n=412) [0.25-0.50]0.517(n=1201) [0.50-0.75]0.406(n=1131) [0.75-1.00]0.349(n=456)
2026-04-22 21:43:15,134 - INFO - [render-loss] step=156200 masked 7/16 samples (t_value < 0.40)
2026-04-22 21:45:07,656 - INFO - Step  156400 | Epoch  19 | MSE: 0.4628 | Steps/sec: 1.78 | LR: 1.65e-04 | Render_L1: 0.0254 | Alpha_L1: 0.0352 | Render_LPIPS: 0.1644 | GradNorm: 0.2253 | MSE/t: [0.00-0.25]0.588(n=470) [0.25-0.50]0.492(n=1168) [0.50-0.75]0.417(n=1120) [0.75-1.00]0.369(n=442)
2026-04-22 21:45:07,715 - INFO - [render-loss] step=156400 masked 5/16 samples (t_value < 0.40)
2026-04-22 21:46:59,970 - INFO - Step  156600 | Epoch  19 | MSE: 0.4614 | Steps/sec: 1.78 | LR: 1.65e-04 | Render_L1: 0.0251 | Alpha_L1: 0.0354 | Render_LPIPS: 0.1643 | GradNorm: 0.2404 | MSE/t: [0.00-0.25]0.587(n=421) [0.25-0.50]0.502(n=1187) [0.50-0.75]0.414(n=1134) [0.75-1.00]0.358(n=458)
2026-04-22 21:47:00,029 - INFO - [render-loss] step=156600 masked 2/16 samples (t_value < 0.40)
2026-04-22 21:48:52,153 - INFO - Step  156800 | Epoch  19 | MSE: 0.4553 | Steps/sec: 1.78 | LR: 1.65e-04 | Render_L1: 0.0247 | Alpha_L1: 0.0337 | Render_LPIPS: 0.1646 | GradNorm: 0.2353 | MSE/t: [0.00-0.25]0.583(n=428) [0.25-0.50]0.491(n=1143) [0.50-0.75]0.417(n=1165) [0.75-1.00]0.347(n=464)
2026-04-22 21:48:52,211 - INFO - [render-loss] step=156800 masked 5/16 samples (t_value < 0.40)
2026-04-22 21:50:44,141 - INFO - Step  157000 | Epoch  19 | MSE: 0.4475 | Steps/sec: 1.79 | LR: 1.65e-04 | Render_L1: 0.0245 | Alpha_L1: 0.0345 | Render_LPIPS: 0.1617 | GradNorm: 0.2580 | MSE/t: [0.00-0.25]0.582(n=437) [0.25-0.50]0.483(n=1142) [0.50-0.75]0.398(n=1180) [0.75-1.00]0.353(n=441)
2026-04-22 21:50:52,285 - INFO - [validation] saved: output/jit_JiT-B_8_full_improved_renderprobe/dit_validation/epoch_019_step_0157000_class058.png (class=58, sampler=heun, steps=100)
2026-04-22 21:50:53,302 - INFO - [overrides] applied from jit/configs/overrides.yaml: lr_scale=1.0 max_grad_norm=5.0 P_mean=0.0
2026-04-22 21:50:53,351 - INFO - [render-loss] step=157000 masked 6/16 samples (t_value < 0.40)
2026-04-22 21:52:45,288 - INFO - Step  157200 | Epoch  19 | MSE: 0.4580 | Steps/sec: 1.65 | LR: 1.65e-04 | Render_L1: 0.0246 | Alpha_L1: 0.0345 | Render_LPIPS: 0.1636 | GradNorm: 0.2336 | MSE/t: [0.00-0.25]0.585(n=420) [0.25-0.50]0.492(n=1148) [0.50-0.75]0.407(n=1138) [0.75-1.00]0.388(n=494)
2026-04-22 21:52:45,344 - INFO - [render-loss] step=157200 masked 5/16 samples (t_value < 0.40)
2026-04-22 21:54:37,285 - INFO - Step  157400 | Epoch  19 | MSE: 0.4630 | Steps/sec: 1.79 | LR: 1.65e-04 | Render_L1: 0.0257 | Alpha_L1: 0.0347 | Render_LPIPS: 0.1660 | GradNorm: 0.2455 | MSE/t: [0.00-0.25]0.588(n=432) [0.25-0.50]0.504(n=1138) [0.50-0.75]0.408(n=1174) [0.75-1.00]0.384(n=456)
2026-04-22 21:54:37,346 - INFO - [render-loss] step=157400 masked 4/16 samples (t_value < 0.40)
2026-04-22 21:56:29,457 - INFO - Step  157600 | Epoch  19 | MSE: 0.4688 | Steps/sec: 1.78 | LR: 1.65e-04 | Render_L1: 0.0256 | Alpha_L1: 0.0356 | Render_LPIPS: 0.1681 | GradNorm: 0.3908 | MSE/t: [0.00-0.25]0.583(n=417) [0.25-0.50]0.525(n=1145) [0.50-0.75]0.411(n=1211) [0.75-1.00]0.369(n=427)
2026-04-22 21:56:29,520 - INFO - [render-loss] step=157600 masked 4/16 samples (t_value < 0.40)
2026-04-22 21:58:21,422 - INFO - Step  157800 | Epoch  19 | MSE: 0.4733 | Steps/sec: 1.79 | LR: 1.65e-04 | Render_L1: 0.0269 | Alpha_L1: 0.0367 | Render_LPIPS: 0.1722 | GradNorm: 0.2676 | MSE/t: [0.00-0.25]0.582(n=437) [0.25-0.50]0.511(n=1191) [0.50-0.75]0.416(n=1139) [0.75-1.00]0.410(n=433)
2026-04-22 21:58:21,481 - INFO - [render-loss] step=157800 masked 6/16 samples (t_value < 0.40)
2026-04-22 22:00:13,488 - INFO - Step  158000 | Epoch  19 | MSE: 0.4647 | Steps/sec: 1.78 | LR: 1.65e-04 | Render_L1: 0.0249 | Alpha_L1: 0.0339 | Render_LPIPS: 0.1642 | GradNorm: 0.2465 | MSE/t: [0.00-0.25]0.587(n=427) [0.25-0.50]0.501(n=1156) [0.50-0.75]0.418(n=1188) [0.75-1.00]0.373(n=429)
2026-04-22 22:00:21,638 - INFO - [validation] saved: output/jit_JiT-B_8_full_improved_renderprobe/dit_validation/epoch_019_step_0158000_class098.png (class=98, sampler=heun, steps=100)
2026-04-22 22:00:22,664 - INFO - [overrides] applied from jit/configs/overrides.yaml: lr_scale=1.0 max_grad_norm=5.0 P_mean=0.0
2026-04-22 22:00:22,714 - INFO - [render-loss] step=158000 masked 7/16 samples (t_value < 0.40)
2026-04-22 22:02:14,907 - INFO - Step  158200 | Epoch  19 | MSE: 0.4626 | Steps/sec: 1.65 | LR: 1.65e-04 | Render_L1: 0.0251 | Alpha_L1: 0.0344 | Render_LPIPS: 0.1658 | GradNorm: 0.2455 | MSE/t: [0.00-0.25]0.588(n=425) [0.25-0.50]0.506(n=1125) [0.50-0.75]0.408(n=1202) [0.75-1.00]0.381(n=448)
2026-04-22 22:02:14,965 - INFO - [render-loss] step=158200 masked 5/16 samples (t_value < 0.40)
2026-04-22 22:04:06,952 - INFO - Step  158400 | Epoch  19 | MSE: 0.4718 | Steps/sec: 1.79 | LR: 1.65e-04 | Render_L1: 0.0256 | Alpha_L1: 0.0347 | Render_LPIPS: 0.1673 | GradNorm: 0.2486 | MSE/t: [0.00-0.25]0.606(n=414) [0.25-0.50]0.508(n=1184) [0.50-0.75]0.419(n=1166) [0.75-1.00]0.386(n=436)
2026-04-22 22:04:07,012 - INFO - [render-loss] step=158400 masked 3/16 samples (t_value < 0.40)
2026-04-22 22:05:59,558 - INFO - Step  158600 | Epoch  19 | MSE: 0.4641 | Steps/sec: 1.78 | LR: 1.65e-04 | Render_L1: 0.0255 | Alpha_L1: 0.0349 | Render_LPIPS: 0.1670 | GradNorm: 0.2623 | MSE/t: [0.00-0.25]0.577(n=460) [0.25-0.50]0.487(n=1120) [0.50-0.75]0.433(n=1173) [0.75-1.00]0.372(n=447)
2026-04-22 22:05:59,615 - INFO - [render-loss] step=158600 masked 9/16 samples (t_value < 0.40)
2026-04-22 22:07:51,897 - INFO - Step  158800 | Epoch  19 | MSE: 0.4649 | Steps/sec: 1.78 | LR: 1.64e-04 | Render_L1: 0.0250 | Alpha_L1: 0.0342 | Render_LPIPS: 0.1630 | GradNorm: 0.2837 | MSE/t: [0.00-0.25]0.555(n=426) [0.25-0.50]0.520(n=1191) [0.50-0.75]0.418(n=1141) [0.75-1.00]0.350(n=442)
2026-04-22 22:07:51,979 - INFO - [render-loss] step=158800 masked 4/16 samples (t_value < 0.40)
2026-04-22 22:09:43,901 - INFO - Step  159000 | Epoch  19 | MSE: 0.4520 | Steps/sec: 1.79 | LR: 1.64e-04 | Render_L1: 0.0253 | Alpha_L1: 0.0339 | Render_LPIPS: 0.1623 | GradNorm: 0.2478 | MSE/t: [0.00-0.25]0.572(n=438) [0.25-0.50]0.506(n=1148) [0.50-0.75]0.395(n=1167) [0.75-1.00]0.345(n=447)
2026-04-22 22:09:52,090 - INFO - [validation] saved: output/jit_JiT-B_8_full_improved_renderprobe/dit_validation/epoch_019_step_0159000_class000.png (class=0, sampler=heun, steps=100)
2026-04-22 22:09:53,263 - INFO - [overrides] applied from jit/configs/overrides.yaml: lr_scale=1.0 max_grad_norm=5.0 P_mean=0.0
2026-04-22 22:09:53,314 - INFO - [render-loss] step=159000 masked 4/16 samples (t_value < 0.40)
2026-04-22 22:11:45,204 - INFO - Step  159200 | Epoch  19 | MSE: 0.4660 | Steps/sec: 1.65 | LR: 1.64e-04 | Render_L1: 0.0252 | Alpha_L1: 0.0340 | Render_LPIPS: 0.1641 | GradNorm: 0.2512 | MSE/t: [0.00-0.25]0.642(n=430) [0.25-0.50]0.494(n=1125) [0.50-0.75]0.415(n=1206) [0.75-1.00]0.364(n=439)
2026-04-22 22:11:45,264 - INFO - [render-loss] step=159200 masked 6/16 samples (t_value < 0.40)
2026-04-22 22:13:37,597 - INFO - Step  159400 | Epoch  19 | MSE: 0.4550 | Steps/sec: 1.78 | LR: 1.64e-04 | Render_L1: 0.0250 | Alpha_L1: 0.0340 | Render_LPIPS: 0.1636 | GradNorm: 0.2567 | MSE/t: [0.00-0.25]0.585(n=428) [0.25-0.50]0.489(n=1167) [0.50-0.75]0.416(n=1138) [0.75-1.00]0.347(n=467)
2026-04-22 22:13:37,660 - INFO - [render-loss] step=159400 masked 5/16 samples (t_value < 0.40)
2026-04-22 22:15:29,708 - INFO - Step  159600 | Epoch  19 | MSE: 0.4633 | Steps/sec: 1.78 | LR: 1.64e-04 | Render_L1: 0.0244 | Alpha_L1: 0.0340 | Render_LPIPS: 0.1620 | GradNorm: 0.2711 | MSE/t: [0.00-0.25]0.588(n=442) [0.25-0.50]0.507(n=1188) [0.50-0.75]0.411(n=1130) [0.75-1.00]0.355(n=440)
2026-04-22 22:15:29,768 - INFO - [render-loss] step=159600 masked 5/16 samples (t_value < 0.40)
2026-04-22 22:17:21,698 - INFO - Step  159800 | Epoch  19 | MSE: 0.4681 | Steps/sec: 1.79 | LR: 1.64e-04 | Render_L1: 0.0252 | Alpha_L1: 0.0347 | Render_LPIPS: 0.1653 | GradNorm: 0.2686 | MSE/t: [0.00-0.25]0.594(n=446) [0.25-0.50]0.493(n=1225) [0.50-0.75]0.427(n=1109) [0.75-1.00]0.371(n=420)
2026-04-22 22:17:21,756 - INFO - [render-loss] step=159800 masked 4/16 samples (t_value < 0.40)
2026-04-22 22:19:13,891 - INFO - Step  160000 | Epoch  19 | MSE: 0.4678 | Steps/sec: 1.78 | LR: 1.64e-04 | Render_L1: 0.0257 | Alpha_L1: 0.0345 | Render_LPIPS: 0.1635 | GradNorm: 0.3034 | MSE/t: [0.00-0.25]0.596(n=440) [0.25-0.50]0.505(n=1190) [0.50-0.75]0.416(n=1138) [0.75-1.00]0.370(n=432)
2026-04-22 22:19:16,090 - INFO - Saved checkpoint to output/jit_JiT-B_8_full_improved_renderprobe/0160000.pt
2026-04-22 22:19:16,631 - INFO - [cond] cfg_signal=0.0554 | class_signal=0.0522 | pred_rms=0.6067
2026-04-22 22:19:25,146 - INFO - [validation] saved: output/jit_JiT-B_8_full_improved_renderprobe/dit_validation/epoch_019_step_0160000_class116.png (class=116, sampler=heun, steps=100)
2026-04-22 22:19:26,219 - INFO - [overrides] applied from jit/configs/overrides.yaml: lr_scale=1.0 max_grad_norm=5.0 P_mean=0.0
2026-04-22 22:19:26,286 - INFO - [render-loss] step=160000 masked 8/16 samples (t_value < 0.40)
2026-04-22 22:21:18,231 - INFO - Step  160200 | Epoch  19 | MSE: 0.4586 | Steps/sec: 1.61 | LR: 1.64e-04 | Render_L1: 0.0250 | Alpha_L1: 0.0340 | Render_LPIPS: 0.1619 | GradNorm: 0.2649 | MSE/t: [0.00-0.25]0.604(n=453) [0.25-0.50]0.498(n=1142) [0.50-0.75]0.395(n=1165) [0.75-1.00]0.375(n=440)
2026-04-22 22:21:18,288 - INFO - [render-loss] step=160200 masked 5/16 samples (t_value < 0.40)
2026-04-22 22:23:10,416 - INFO - Step  160400 | Epoch  19 | MSE: 0.4561 | Steps/sec: 1.78 | LR: 1.64e-04 | Render_L1: 0.0252 | Alpha_L1: 0.0348 | Render_LPIPS: 0.1629 | GradNorm: 0.3700 | MSE/t: [0.00-0.25]0.571(n=428) [0.25-0.50]0.503(n=1152) [0.50-0.75]0.403(n=1161) [0.75-1.00]0.368(n=459)
2026-04-22 22:23:10,473 - INFO - [render-loss] step=160400 masked 6/16 samples (t_value < 0.40)
2026-04-22 22:25:02,614 - INFO - Step  160600 | Epoch  19 | MSE: 0.4610 | Steps/sec: 1.78 | LR: 1.64e-04 | Render_L1: 0.0248 | Alpha_L1: 0.0336 | Render_LPIPS: 0.1638 | GradNorm: 0.2664 | MSE/t: [0.00-0.25]0.571(n=434) [0.25-0.50]0.496(n=1173) [0.50-0.75]0.423(n=1157) [0.75-1.00]0.357(n=436)
2026-04-22 22:25:02,697 - INFO - [render-loss] step=160600 masked 5/16 samples (t_value < 0.40)
2026-04-22 22:26:55,020 - INFO - Step  160800 | Epoch  19 | MSE: 0.4624 | Steps/sec: 1.78 | LR: 1.64e-04 | Render_L1: 0.0245 | Alpha_L1: 0.0335 | Render_LPIPS: 0.1617 | GradNorm: 0.2655 | MSE/t: [0.00-0.25]0.577(n=431) [0.25-0.50]0.510(n=1176) [0.50-0.75]0.407(n=1169) [0.75-1.00]0.368(n=424)
2026-04-22 22:26:55,080 - INFO - [render-loss] step=160800 masked 4/16 samples (t_value < 0.40)
2026-04-22 22:28:46,967 - INFO - Step  161000 | Epoch  19 | MSE: 0.4697 | Steps/sec: 1.79 | LR: 1.64e-04 | Render_L1: 0.0248 | Alpha_L1: 0.0337 | Render_LPIPS: 0.1627 | GradNorm: 0.2791 | MSE/t: [0.00-0.25]0.582(n=476) [0.25-0.50]0.505(n=1101) [0.50-0.75]0.420(n=1188) [0.75-1.00]0.396(n=435)
2026-04-22 22:28:55,501 - INFO - [validation] saved: output/jit_JiT-B_8_full_improved_renderprobe/dit_validation/epoch_019_step_0161000_class004.png (class=4, sampler=heun, steps=100)
2026-04-22 22:28:56,442 - INFO - [overrides] applied from jit/configs/overrides.yaml: lr_scale=1.0 max_grad_norm=5.0 P_mean=0.0
2026-04-22 22:28:56,489 - INFO - [render-loss] step=161000 masked 3/16 samples (t_value < 0.40)
2026-04-22 22:30:48,540 - INFO - Step  161200 | Epoch  19 | MSE: 0.4692 | Steps/sec: 1.65 | LR: 1.63e-04 | Render_L1: 0.0260 | Alpha_L1: 0.0349 | Render_LPIPS: 0.1683 | GradNorm: 0.2846 | MSE/t: [0.00-0.25]0.572(n=413) [0.25-0.50]0.520(n=1170) [0.50-0.75]0.420(n=1173) [0.75-1.00]0.369(n=444)
2026-04-22 22:30:48,597 - INFO - [render-loss] step=161200 masked 4/16 samples (t_value < 0.40)
2026-04-22 22:32:40,842 - INFO - Step  161400 | Epoch  19 | MSE: 0.4613 | Steps/sec: 1.78 | LR: 1.63e-04 | Render_L1: 0.0247 | Alpha_L1: 0.0337 | Render_LPIPS: 0.1609 | GradNorm: 0.2915 | MSE/t: [0.00-0.25]0.585(n=407) [0.25-0.50]0.520(n=1172) [0.50-0.75]0.399(n=1166) [0.75-1.00]0.359(n=455)
2026-04-22 22:32:40,900 - INFO - [render-loss] step=161400 masked 5/16 samples (t_value < 0.40)
2026-04-22 22:34:32,970 - INFO - Step  161600 | Epoch  19 | MSE: 0.4712 | Steps/sec: 1.78 | LR: 1.63e-04 | Render_L1: 0.0252 | Alpha_L1: 0.0333 | Render_LPIPS: 0.1651 | GradNorm: 0.2898 | MSE/t: [0.00-0.25]0.599(n=411) [0.25-0.50]0.524(n=1165) [0.50-0.75]0.406(n=1180) [0.75-1.00]0.388(n=444)
2026-04-22 22:34:33,027 - INFO - [render-loss] step=161600 masked 3/16 samples (t_value < 0.40)
2026-04-22 22:36:25,112 - INFO - Step  161800 | Epoch  19 | MSE: 0.4607 | Steps/sec: 1.78 | LR: 1.63e-04 | Render_L1: 0.0246 | Alpha_L1: 0.0337 | Render_LPIPS: 0.1629 | GradNorm: 0.2904 | MSE/t: [0.00-0.25]0.572(n=454) [0.25-0.50]0.503(n=1155) [0.50-0.75]0.407(n=1165) [0.75-1.00]0.374(n=426)
2026-04-22 22:36:25,169 - INFO - [render-loss] step=161800 masked 8/16 samples (t_value < 0.40)
2026-04-22 22:38:17,086 - INFO - Step  162000 | Epoch  19 | MSE: 0.4496 | Steps/sec: 1.79 | LR: 1.63e-04 | Render_L1: 0.0240 | Alpha_L1: 0.0322 | Render_LPIPS: 0.1597 | GradNorm: 0.2809 | MSE/t: [0.00-0.25]0.588(n=430) [0.25-0.50]0.492(n=1108) [0.50-0.75]0.403(n=1200) [0.75-1.00]0.340(n=462)
2026-04-22 22:38:25,295 - INFO - [validation] saved: output/jit_JiT-B_8_full_improved_renderprobe/dit_validation/epoch_019_step_0162000_class071.png (class=71, sampler=heun, steps=100)
2026-04-22 22:38:26,288 - INFO - [overrides] applied from jit/configs/overrides.yaml: lr_scale=1.0 max_grad_norm=5.0 P_mean=0.0
2026-04-22 22:38:26,337 - INFO - [render-loss] step=162000 masked 3/16 samples (t_value < 0.40)
2026-04-22 22:40:18,113 - INFO - Step  162200 | Epoch  19 | MSE: 0.4701 | Steps/sec: 1.65 | LR: 1.63e-04 | Render_L1: 0.0252 | Alpha_L1: 0.0351 | Render_LPIPS: 0.1623 | GradNorm: 0.2964 | MSE/t: [0.00-0.25]0.614(n=453) [0.25-0.50]0.512(n=1187) [0.50-0.75]0.414(n=1127) [0.75-1.00]0.351(n=433)
2026-04-22 22:40:18,170 - INFO - [render-loss] step=162200 masked 6/16 samples (t_value < 0.40)
2026-04-22 22:42:10,067 - INFO - Step  162400 | Epoch  19 | MSE: 0.4642 | Steps/sec: 1.79 | LR: 1.63e-04 | Render_L1: 0.0244 | Alpha_L1: 0.0333 | Render_LPIPS: 0.1618 | GradNorm: 0.2879 | MSE/t: [0.00-0.25]0.597(n=446) [0.25-0.50]0.492(n=1155) [0.50-0.75]0.416(n=1187) [0.75-1.00]0.381(n=412)
2026-04-22 22:42:10,128 - INFO - [render-loss] step=162400 masked 5/16 samples (t_value < 0.40)
2026-04-22 22:44:02,168 - INFO - Step  162600 | Epoch  19 | MSE: 0.4615 | Steps/sec: 1.78 | LR: 1.63e-04 | Render_L1: 0.0252 | Alpha_L1: 0.0341 | Render_LPIPS: 0.1653 | GradNorm: 0.2868 | MSE/t: [0.00-0.25]0.593(n=404) [0.25-0.50]0.494(n=1197) [0.50-0.75]0.421(n=1162) [0.75-1.00]0.359(n=437)
2026-04-22 22:44:02,258 - INFO - [render-loss] step=162600 masked 5/16 samples (t_value < 0.40)
2026-04-22 22:45:54,536 - INFO - Step  162800 | Epoch  19 | MSE: 0.4638 | Steps/sec: 1.78 | LR: 1.63e-04 | Render_L1: 0.0253 | Alpha_L1: 0.0340 | Render_LPIPS: 0.1639 | GradNorm: 0.2926 | MSE/t: [0.00-0.25]0.608(n=420) [0.25-0.50]0.500(n=1211) [0.50-0.75]0.403(n=1147) [0.75-1.00]0.383(n=422)
2026-04-22 22:45:54,594 - INFO - [render-loss] step=162800 masked 7/16 samples (t_value < 0.40)
2026-04-22 22:47:46,616 - INFO - Step  163000 | Epoch  19 | MSE: 0.4685 | Steps/sec: 1.78 | LR: 1.63e-04 | Render_L1: 0.0260 | Alpha_L1: 0.0346 | Render_LPIPS: 0.1682 | GradNorm: 0.2928 | MSE/t: [0.00-0.25]0.570(n=411) [0.25-0.50]0.503(n=1192) [0.50-0.75]0.436(n=1188) [0.75-1.00]0.359(n=409)
2026-04-22 22:47:54,839 - INFO - [validation] saved: output/jit_JiT-B_8_full_improved_renderprobe/dit_validation/epoch_019_step_0163000_class113.png (class=113, sampler=heun, steps=100)
2026-04-22 22:47:55,807 - INFO - [overrides] applied from jit/configs/overrides.yaml: lr_scale=1.0 max_grad_norm=5.0 P_mean=0.0
2026-04-22 22:47:55,891 - INFO - [render-loss] step=163000 masked 8/16 samples (t_value < 0.40)
2026-04-22 22:49:47,839 - INFO - Step  163200 | Epoch  19 | MSE: 0.4679 | Steps/sec: 1.65 | LR: 1.63e-04 | Render_L1: 0.0248 | Alpha_L1: 0.0336 | Render_LPIPS: 0.1628 | GradNorm: 0.5248 | MSE/t: [0.00-0.25]0.598(n=452) [0.25-0.50]0.503(n=1130) [0.50-0.75]0.424(n=1178) [0.75-1.00]0.361(n=440)
2026-04-22 22:49:47,905 - INFO - [render-loss] step=163200 masked 6/16 samples (t_value < 0.40)
2026-04-22 22:51:40,007 - INFO - Step  163400 | Epoch  19 | MSE: 0.4673 | Steps/sec: 1.78 | LR: 1.63e-04 | Render_L1: 0.0249 | Alpha_L1: 0.0334 | Render_LPIPS: 0.1623 | GradNorm: 0.3090 | MSE/t: [0.00-0.25]0.591(n=455) [0.25-0.50]0.523(n=1172) [0.50-0.75]0.400(n=1157) [0.75-1.00]0.365(n=416)
2026-04-22 22:51:40,066 - INFO - [render-loss] step=163400 masked 8/16 samples (t_value < 0.40)
2026-04-22 22:53:31,825 - INFO - Step  163600 | Epoch  19 | MSE: 0.4682 | Steps/sec: 1.79 | LR: 1.62e-04 | Render_L1: 0.0248 | Alpha_L1: 0.0338 | Render_LPIPS: 0.1627 | GradNorm: 0.2951 | MSE/t: [0.00-0.25]0.595(n=477) [0.25-0.50]0.502(n=1141) [0.50-0.75]0.420(n=1129) [0.75-1.00]0.369(n=453)
2026-04-22 22:53:31,883 - INFO - [render-loss] step=163600 masked 4/16 samples (t_value < 0.40)
2026-04-22 22:55:23,751 - INFO - Step  163800 | Epoch  19 | MSE: 0.4496 | Steps/sec: 1.79 | LR: 1.62e-04 | Render_L1: 0.0244 | Alpha_L1: 0.0330 | Render_LPIPS: 0.1595 | GradNorm: 0.2870 | MSE/t: [0.00-0.25]0.607(n=413) [0.25-0.50]0.477(n=1150) [0.50-0.75]0.405(n=1219) [0.75-1.00]0.348(n=418)
2026-04-22 22:55:23,810 - INFO - [render-loss] step=163800 masked 5/16 samples (t_value < 0.40)
2026-04-22 22:57:17,093 - INFO - Step  164000 | Epoch  20 | MSE: 0.4621 | Steps/sec: 1.76 | LR: 1.62e-04 | Render_L1: 0.0239 | Alpha_L1: 0.0327 | Render_LPIPS: 0.1595 | GradNorm: 0.2908 | MSE/t: [0.00-0.25]0.598(n=434) [0.25-0.50]0.497(n=1171) [0.50-0.75]0.409(n=1143) [0.75-1.00]0.376(n=452)
2026-04-22 22:57:25,399 - INFO - [validation] saved: output/jit_JiT-B_8_full_improved_renderprobe/dit_validation/epoch_020_step_0164000_class111.png (class=111, sampler=heun, steps=100)
2026-04-22 22:57:26,536 - INFO - [overrides] applied from jit/configs/overrides.yaml: lr_scale=1.0 max_grad_norm=5.0 P_mean=0.0
2026-04-22 22:57:26,584 - INFO - [render-loss] step=164000 masked 6/16 samples (t_value < 0.40)
2026-04-22 22:59:18,277 - INFO - Step  164200 | Epoch  20 | MSE: 0.4590 | Steps/sec: 1.65 | LR: 1.62e-04 | Render_L1: 0.0242 | Alpha_L1: 0.0332 | Render_LPIPS: 0.1610 | GradNorm: 0.2991 | MSE/t: [0.00-0.25]0.585(n=447) [0.25-0.50]0.510(n=1156) [0.50-0.75]0.393(n=1132) [0.75-1.00]0.373(n=465)
2026-04-22 22:59:18,334 - INFO - [render-loss] step=164200 masked 4/16 samples (t_value < 0.40)
2026-04-22 23:01:10,412 - INFO - Step  164400 | Epoch  20 | MSE: 0.4569 | Steps/sec: 1.78 | LR: 1.62e-04 | Render_L1: 0.0245 | Alpha_L1: 0.0327 | Render_LPIPS: 0.1607 | GradNorm: 0.3225 | MSE/t: [0.00-0.25]0.612(n=417) [0.25-0.50]0.489(n=1195) [0.50-0.75]0.404(n=1153) [0.75-1.00]0.360(n=435)
2026-04-22 23:01:10,469 - INFO - [render-loss] step=164400 masked 4/16 samples (t_value < 0.40)
2026-04-22 23:03:02,505 - INFO - Step  164600 | Epoch  20 | MSE: 0.4738 | Steps/sec: 1.78 | LR: 1.62e-04 | Render_L1: 0.0246 | Alpha_L1: 0.0340 | Render_LPIPS: 0.1634 | GradNorm: 0.3833 | MSE/t: [0.00-0.25]0.600(n=428) [0.25-0.50]0.515(n=1167) [0.50-0.75]0.422(n=1167) [0.75-1.00]0.379(n=438)
2026-04-22 23:03:02,564 - INFO - [render-loss] step=164600 masked 3/16 samples (t_value < 0.40)
2026-04-22 23:04:54,214 - INFO - Step  164800 | Epoch  20 | MSE: 0.4591 | Steps/sec: 1.79 | LR: 1.62e-04 | Render_L1: 0.0249 | Alpha_L1: 0.0332 | Render_LPIPS: 0.1645 | GradNorm: 0.3511 | MSE/t: [0.00-0.25]0.589(n=402) [0.25-0.50]0.502(n=1160) [0.50-0.75]0.408(n=1192) [0.75-1.00]0.366(n=446)
2026-04-22 23:04:54,271 - INFO - [render-loss] step=164800 masked 5/16 samples (t_value < 0.40)
2026-04-22 23:06:46,592 - INFO - Step  165000 | Epoch  20 | MSE: 0.4663 | Steps/sec: 1.78 | LR: 1.62e-04 | Render_L1: 0.0245 | Alpha_L1: 0.0330 | Render_LPIPS: 0.1627 | GradNorm: 0.3326 | MSE/t: [0.00-0.25]0.586(n=410) [0.25-0.50]0.504(n=1237) [0.50-0.75]0.420(n=1127) [0.75-1.00]0.363(n=426)
2026-04-22 23:06:55,080 - INFO - [validation] saved: output/jit_JiT-B_8_full_improved_renderprobe/dit_validation/epoch_020_step_0165000_class014.png (class=14, sampler=heun, steps=100)
2026-04-22 23:06:56,097 - INFO - [overrides] applied from jit/configs/overrides.yaml: lr_scale=1.0 max_grad_norm=5.0 P_mean=0.0
2026-04-22 23:06:56,149 - INFO - [render-loss] step=165000 masked 5/16 samples (t_value < 0.40)
2026-04-22 23:08:47,967 - INFO - Step  165200 | Epoch  20 | MSE: 0.4721 | Steps/sec: 1.65 | LR: 1.62e-04 | Render_L1: 0.0252 | Alpha_L1: 0.0340 | Render_LPIPS: 0.1638 | GradNorm: 0.3097 | MSE/t: [0.00-0.25]0.574(n=437) [0.25-0.50]0.524(n=1182) [0.50-0.75]0.418(n=1199) [0.75-1.00]0.366(n=382)
2026-04-22 23:08:48,031 - INFO - [render-loss] step=165200 masked 7/16 samples (t_value < 0.40)
2026-04-22 23:10:40,045 - INFO - Step  165400 | Epoch  20 | MSE: 0.4649 | Steps/sec: 1.78 | LR: 1.62e-04 | Render_L1: 0.0245 | Alpha_L1: 0.0331 | Render_LPIPS: 0.1600 | GradNorm: 0.3320 | MSE/t: [0.00-0.25]0.595(n=422) [0.25-0.50]0.512(n=1218) [0.50-0.75]0.402(n=1142) [0.75-1.00]0.369(n=418)
2026-04-22 23:10:40,134 - INFO - [render-loss] step=165400 masked 6/16 samples (t_value < 0.40)
2026-04-22 23:12:31,946 - INFO - Step  165600 | Epoch  20 | MSE: 0.4641 | Steps/sec: 1.79 | LR: 1.62e-04 | Render_L1: 0.0246 | Alpha_L1: 0.0328 | Render_LPIPS: 0.1633 | GradNorm: 0.3698 | MSE/t: [0.00-0.25]0.566(n=436) [0.25-0.50]0.523(n=1123) [0.50-0.75]0.413(n=1172) [0.75-1.00]0.357(n=469)
2026-04-22 23:12:32,004 - INFO - [render-loss] step=165600 masked 5/16 samples (t_value < 0.40)
2026-04-22 23:14:23,701 - INFO - Step  165800 | Epoch  20 | MSE: 0.4636 | Steps/sec: 1.79 | LR: 1.61e-04 | Render_L1: 0.0242 | Alpha_L1: 0.0332 | Render_LPIPS: 0.1600 | GradNorm: 0.3097 | MSE/t: [0.00-0.25]0.592(n=415) [0.25-0.50]0.505(n=1167) [0.50-0.75]0.421(n=1151) [0.75-1.00]0.351(n=467)
2026-04-22 23:14:23,759 - INFO - [render-loss] step=165800 masked 3/16 samples (t_value < 0.40)
2026-04-22 23:16:15,770 - INFO - Step  166000 | Epoch  20 | MSE: 0.4615 | Steps/sec: 1.78 | LR: 1.61e-04 | Render_L1: 0.0241 | Alpha_L1: 0.0327 | Render_LPIPS: 0.1614 | GradNorm: 0.3283 | MSE/t: [0.00-0.25]0.586(n=446) [0.25-0.50]0.491(n=1100) [0.50-0.75]0.421(n=1218) [0.75-1.00]0.373(n=436)
2026-04-22 23:16:24,002 - INFO - [validation] saved: output/jit_JiT-B_8_full_improved_renderprobe/dit_validation/epoch_020_step_0166000_class098.png (class=98, sampler=heun, steps=100)
2026-04-22 23:16:25,016 - INFO - [overrides] applied from jit/configs/overrides.yaml: lr_scale=1.0 max_grad_norm=5.0 P_mean=0.0
2026-04-22 23:16:25,078 - INFO - [render-loss] step=166000 masked 6/16 samples (t_value < 0.40)
2026-04-22 23:18:17,002 - INFO - Step  166200 | Epoch  20 | MSE: 0.4678 | Steps/sec: 1.65 | LR: 1.61e-04 | Render_L1: 0.0247 | Alpha_L1: 0.0328 | Render_LPIPS: 0.1628 | GradNorm: 0.3432 | MSE/t: [0.00-0.25]0.595(n=450) [0.25-0.50]0.512(n=1152) [0.50-0.75]0.416(n=1171) [0.75-1.00]0.354(n=427)
2026-04-22 23:18:17,061 - INFO - [render-loss] step=166200 masked 4/16 samples (t_value < 0.40)
2026-04-22 23:20:09,055 - INFO - Step  166400 | Epoch  20 | MSE: 0.4574 | Steps/sec: 1.78 | LR: 1.61e-04 | Render_L1: 0.0246 | Alpha_L1: 0.0340 | Render_LPIPS: 0.1617 | GradNorm: 0.3364 | MSE/t: [0.00-0.25]0.549(n=442) [0.25-0.50]0.509(n=1148) [0.50-0.75]0.410(n=1181) [0.75-1.00]0.357(n=429)
2026-04-22 23:20:09,117 - INFO - [render-loss] step=166400 masked 8/16 samples (t_value < 0.40)
2026-04-22 23:22:01,007 - INFO - Step  166600 | Epoch  20 | MSE: 0.4609 | Steps/sec: 1.79 | LR: 1.61e-04 | Render_L1: 0.0240 | Alpha_L1: 0.0328 | Render_LPIPS: 0.1601 | GradNorm: 0.3436 | MSE/t: [0.00-0.25]0.611(n=416) [0.25-0.50]0.487(n=1195) [0.50-0.75]0.415(n=1146) [0.75-1.00]0.369(n=443)
2026-04-22 23:22:01,069 - INFO - [render-loss] step=166600 masked 7/16 samples (t_value < 0.40)
2026-04-22 23:23:52,823 - INFO - Step  166800 | Epoch  20 | MSE: 0.4585 | Steps/sec: 1.79 | LR: 1.61e-04 | Render_L1: 0.0248 | Alpha_L1: 0.0342 | Render_LPIPS: 0.1619 | GradNorm: 0.3285 | MSE/t: [0.00-0.25]0.605(n=394) [0.25-0.50]0.502(n=1174) [0.50-0.75]0.403(n=1200) [0.75-1.00]0.358(n=432)
2026-04-22 23:23:52,879 - INFO - [render-loss] step=166800 masked 5/16 samples (t_value < 0.40)
2026-04-22 23:25:44,812 - INFO - Step  167000 | Epoch  20 | MSE: 0.4604 | Steps/sec: 1.79 | LR: 1.61e-04 | Render_L1: 0.0252 | Alpha_L1: 0.0342 | Render_LPIPS: 0.1628 | GradNorm: 0.3615 | MSE/t: [0.00-0.25]0.551(n=414) [0.25-0.50]0.499(n=1167) [0.50-0.75]0.416(n=1195) [0.75-1.00]0.392(n=424)
2026-04-22 23:25:53,024 - INFO - [validation] saved: output/jit_JiT-B_8_full_improved_renderprobe/dit_validation/epoch_020_step_0167000_class051.png (class=51, sampler=heun, steps=100)
2026-04-22 23:25:54,010 - INFO - [overrides] applied from jit/configs/overrides.yaml: lr_scale=1.0 max_grad_norm=5.0 P_mean=0.0
2026-04-22 23:25:54,060 - INFO - [render-loss] step=167000 masked 5/16 samples (t_value < 0.40)
2026-04-22 23:27:46,006 - INFO - Step  167200 | Epoch  20 | MSE: 0.4555 | Steps/sec: 1.65 | LR: 1.61e-04 | Render_L1: 0.0242 | Alpha_L1: 0.0331 | Render_LPIPS: 0.1588 | GradNorm: 0.3360 | MSE/t: [0.00-0.25]0.582(n=440) [0.25-0.50]0.487(n=1152) [0.50-0.75]0.404(n=1170) [0.75-1.00]0.384(n=438)
2026-04-22 23:27:46,066 - INFO - [render-loss] step=167200 masked 8/16 samples (t_value < 0.40)
2026-04-22 23:29:38,156 - INFO - Step  167400 | Epoch  20 | MSE: 0.4676 | Steps/sec: 1.78 | LR: 1.61e-04 | Render_L1: 0.0251 | Alpha_L1: 0.0341 | Render_LPIPS: 0.1649 | GradNorm: 0.3552 | MSE/t: [0.00-0.25]0.565(n=467) [0.25-0.50]0.507(n=1156) [0.50-0.75]0.419(n=1179) [0.75-1.00]0.382(n=398)
2026-04-22 23:29:38,212 - INFO - [render-loss] step=167400 masked 5/16 samples (t_value < 0.40)
2026-04-22 23:31:30,204 - INFO - Step  167600 | Epoch  20 | MSE: 0.4547 | Steps/sec: 1.78 | LR: 1.61e-04 | Render_L1: 0.0240 | Alpha_L1: 0.0328 | Render_LPIPS: 0.1578 | GradNorm: 0.3438 | MSE/t: [0.00-0.25]0.569(n=438) [0.25-0.50]0.500(n=1166) [0.50-0.75]0.405(n=1180) [0.75-1.00]0.348(n=416)
2026-04-22 23:31:30,263 - INFO - [render-loss] step=167600 masked 5/16 samples (t_value < 0.40)
2026-04-22 23:33:22,280 - INFO - Step  167800 | Epoch  20 | MSE: 0.4631 | Steps/sec: 1.78 | LR: 1.61e-04 | Render_L1: 0.0243 | Alpha_L1: 0.0330 | Render_LPIPS: 0.1616 | GradNorm: 0.3353 | MSE/t: [0.00-0.25]0.598(n=444) [0.25-0.50]0.495(n=1185) [0.50-0.75]0.420(n=1156) [0.75-1.00]0.347(n=415)
2026-04-22 23:33:22,353 - INFO - [render-loss] step=167800 masked 4/16 samples (t_value < 0.40)
2026-04-22 23:35:14,634 - INFO - Step  168000 | Epoch  20 | MSE: 0.4569 | Steps/sec: 1.78 | LR: 1.61e-04 | Render_L1: 0.0234 | Alpha_L1: 0.0321 | Render_LPIPS: 0.1560 | GradNorm: 0.3467 | MSE/t: [0.00-0.25]0.569(n=442) [0.25-0.50]0.511(n=1155) [0.50-0.75]0.395(n=1151) [0.75-1.00]0.368(n=452)
2026-04-22 23:35:23,046 - INFO - [validation] saved: output/jit_JiT-B_8_full_improved_renderprobe/dit_validation/epoch_020_step_0168000_class034.png (class=34, sampler=heun, steps=100)
2026-04-22 23:35:24,100 - INFO - [overrides] applied from jit/configs/overrides.yaml: lr_scale=1.0 max_grad_norm=5.0 P_mean=0.0
2026-04-22 23:35:24,150 - INFO - [render-loss] step=168000 masked 9/16 samples (t_value < 0.40)
2026-04-22 23:37:15,845 - INFO - Step  168200 | Epoch  20 | MSE: 0.4592 | Steps/sec: 1.65 | LR: 1.60e-04 | Render_L1: 0.0242 | Alpha_L1: 0.0330 | Render_LPIPS: 0.1614 | GradNorm: 0.3710 | MSE/t: [0.00-0.25]0.550(n=414) [0.25-0.50]0.516(n=1160) [0.50-0.75]0.403(n=1200) [0.75-1.00]0.373(n=426)
2026-04-22 23:37:15,904 - INFO - [render-loss] step=168200 masked 6/16 samples (t_value < 0.40)
2026-04-22 23:39:07,838 - INFO - Step  168400 | Epoch  20 | MSE: 0.4692 | Steps/sec: 1.79 | LR: 1.60e-04 | Render_L1: 0.0252 | Alpha_L1: 0.0339 | Render_LPIPS: 0.1641 | GradNorm: 0.3459 | MSE/t: [0.00-0.25]0.587(n=441) [0.25-0.50]0.507(n=1190) [0.50-0.75]0.418(n=1143) [0.75-1.00]0.380(n=426)
2026-04-22 23:39:07,898 - INFO - [render-loss] step=168400 masked 6/16 samples (t_value < 0.40)
2026-04-22 23:40:59,667 - INFO - Step  168600 | Epoch  20 | MSE: 0.4581 | Steps/sec: 1.79 | LR: 1.60e-04 | Render_L1: 0.0240 | Alpha_L1: 0.0332 | Render_LPIPS: 0.1587 | GradNorm: 0.3453 | MSE/t: [0.00-0.25]0.550(n=429) [0.25-0.50]0.503(n=1151) [0.50-0.75]0.420(n=1142) [0.75-1.00]0.359(n=478)
2026-04-22 23:40:59,733 - INFO - [render-loss] step=168600 masked 6/16 samples (t_value < 0.40)
2026-04-22 23:42:51,665 - INFO - Step  168800 | Epoch  20 | MSE: 0.4642 | Steps/sec: 1.79 | LR: 1.60e-04 | Render_L1: 0.0242 | Alpha_L1: 0.0320 | Render_LPIPS: 0.1601 | GradNorm: 0.3659 | MSE/t: [0.00-0.25]0.603(n=447) [0.25-0.50]0.503(n=1150) [0.50-0.75]0.413(n=1166) [0.75-1.00]0.357(n=437)
2026-04-22 23:42:51,721 - INFO - [render-loss] step=168800 masked 4/16 samples (t_value < 0.40)
2026-04-22 23:44:43,534 - INFO - Step  169000 | Epoch  20 | MSE: 0.4690 | Steps/sec: 1.79 | LR: 1.60e-04 | Render_L1: 0.0244 | Alpha_L1: 0.0327 | Render_LPIPS: 0.1620 | GradNorm: 0.3905 | MSE/t: [0.00-0.25]0.609(n=453) [0.25-0.50]0.519(n=1157) [0.50-0.75]0.402(n=1126) [0.75-1.00]0.368(n=464)
2026-04-22 23:44:51,726 - INFO - [validation] saved: output/jit_JiT-B_8_full_improved_renderprobe/dit_validation/epoch_020_step_0169000_class017.png (class=17, sampler=heun, steps=100)
2026-04-22 23:44:52,735 - INFO - [overrides] applied from jit/configs/overrides.yaml: lr_scale=1.0 max_grad_norm=5.0 P_mean=0.0
2026-04-22 23:44:52,785 - INFO - [render-loss] step=169000 masked 6/16 samples (t_value < 0.40)
2026-04-22 23:46:44,954 - INFO - Step  169200 | Epoch  20 | MSE: 0.4589 | Steps/sec: 1.65 | LR: 1.60e-04 | Render_L1: 0.0242 | Alpha_L1: 0.0329 | Render_LPIPS: 0.1594 | GradNorm: 0.3601 | MSE/t: [0.00-0.25]0.571(n=439) [0.25-0.50]0.502(n=1162) [0.50-0.75]0.405(n=1167) [0.75-1.00]0.376(n=432)
2026-04-22 23:46:45,015 - INFO - [render-loss] step=169200 masked 7/16 samples (t_value < 0.40)
2026-04-22 23:48:36,983 - INFO - Step  169400 | Epoch  20 | MSE: 0.4687 | Steps/sec: 1.79 | LR: 1.60e-04 | Render_L1: 0.0248 | Alpha_L1: 0.0336 | Render_LPIPS: 0.1633 | GradNorm: 0.3569 | MSE/t: [0.00-0.25]0.602(n=431) [0.25-0.50]0.501(n=1155) [0.50-0.75]0.421(n=1170) [0.75-1.00]0.380(n=444)
2026-04-22 23:48:37,042 - INFO - [render-loss] step=169400 masked 5/16 samples (t_value < 0.40)
2026-04-22 23:50:29,079 - INFO - Step  169600 | Epoch  20 | MSE: 0.4701 | Steps/sec: 1.78 | LR: 1.60e-04 | Render_L1: 0.0244 | Alpha_L1: 0.0330 | Render_LPIPS: 0.1613 | GradNorm: 0.3629 | MSE/t: [0.00-0.25]0.575(n=451) [0.25-0.50]0.518(n=1124) [0.50-0.75]0.418(n=1197) [0.75-1.00]0.379(n=428)
2026-04-22 23:50:29,137 - INFO - [render-loss] step=169600 masked 6/16 samples (t_value < 0.40)
2026-04-22 23:52:21,544 - INFO - Step  169800 | Epoch  20 | MSE: 0.4597 | Steps/sec: 1.78 | LR: 1.60e-04 | Render_L1: 0.0240 | Alpha_L1: 0.0321 | Render_LPIPS: 0.1586 | GradNorm: 0.4093 | MSE/t: [0.00-0.25]0.596(n=427) [0.25-0.50]0.506(n=1159) [0.50-0.75]0.396(n=1179) [0.75-1.00]0.375(n=435)
2026-04-22 23:52:21,603 - INFO - [render-loss] step=169800 masked 6/16 samples (t_value < 0.40)
2026-04-22 23:54:13,400 - INFO - Step  170000 | Epoch  20 | MSE: 0.4592 | Steps/sec: 1.79 | LR: 1.60e-04 | Render_L1: 0.0238 | Alpha_L1: 0.0322 | Render_LPIPS: 0.1585 | GradNorm: 0.4045 | MSE/t: [0.00-0.25]0.584(n=401) [0.25-0.50]0.503(n=1249) [0.50-0.75]0.398(n=1139) [0.75-1.00]0.373(n=411)
2026-04-22 23:54:21,629 - INFO - [validation] saved: output/jit_JiT-B_8_full_improved_renderprobe/dit_validation/epoch_020_step_0170000_class099.png (class=99, sampler=heun, steps=100)
2026-04-22 23:54:22,811 - INFO - [overrides] applied from jit/configs/overrides.yaml: lr_scale=1.0 max_grad_norm=5.0 P_mean=0.0
2026-04-22 23:54:22,862 - INFO - [render-loss] step=170000 masked 5/16 samples (t_value < 0.40)
2026-04-22 23:56:14,854 - INFO - Step  170200 | Epoch  20 | MSE: 0.4766 | Steps/sec: 1.65 | LR: 1.60e-04 | Render_L1: 0.0252 | Alpha_L1: 0.0336 | Render_LPIPS: 0.1642 | GradNorm: 0.3667 | MSE/t: [0.00-0.25]0.605(n=423) [0.25-0.50]0.510(n=1210) [0.50-0.75]0.432(n=1130) [0.75-1.00]0.376(n=437)
2026-04-22 23:56:14,914 - INFO - [render-loss] step=170200 masked 6/16 samples (t_value < 0.40)
2026-04-22 23:58:07,007 - INFO - Step  170400 | Epoch  20 | MSE: 0.4736 | Steps/sec: 1.78 | LR: 1.59e-04 | Render_L1: 0.0247 | Alpha_L1: 0.0340 | Render_LPIPS: 0.1621 | GradNorm: 0.4250 | MSE/t: [0.00-0.25]0.561(n=427) [0.25-0.50]0.529(n=1137) [0.50-0.75]0.423(n=1195) [0.75-1.00]0.384(n=441)
2026-04-22 23:58:07,067 - INFO - [render-loss] step=170400 masked 7/16 samples (t_value < 0.40)
2026-04-22 23:59:59,364 - INFO - Step  170600 | Epoch  20 | MSE: 0.4617 | Steps/sec: 1.78 | LR: 1.59e-04 | Render_L1: 0.0246 | Alpha_L1: 0.0328 | Render_LPIPS: 0.1613 | GradNorm: 0.3654 | MSE/t: [0.00-0.25]0.577(n=425) [0.25-0.50]0.506(n=1169) [0.50-0.75]0.416(n=1173) [0.75-1.00]0.353(n=433)
2026-04-22 23:59:59,424 - INFO - [render-loss] step=170600 masked 7/16 samples (t_value < 0.40)
2026-04-23 00:01:51,409 - INFO - Step  170800 | Epoch  20 | MSE: 0.4693 | Steps/sec: 1.79 | LR: 1.59e-04 | Render_L1: 0.0244 | Alpha_L1: 0.0336 | Render_LPIPS: 0.1615 | GradNorm: 0.3980 | MSE/t: [0.00-0.25]0.588(n=438) [0.25-0.50]0.509(n=1177) [0.50-0.75]0.417(n=1142) [0.75-1.00]0.382(n=443)
2026-04-23 00:01:51,465 - INFO - [render-loss] step=170800 masked 5/16 samples (t_value < 0.40)
2026-04-23 00:03:43,691 - INFO - Step  171000 | Epoch  20 | MSE: 0.4779 | Steps/sec: 1.78 | LR: 1.59e-04 | Render_L1: 0.0246 | Alpha_L1: 0.0324 | Render_LPIPS: 0.1601 | GradNorm: 0.3862 | MSE/t: [0.00-0.25]0.616(n=453) [0.25-0.50]0.522(n=1161) [0.50-0.75]0.411(n=1145) [0.75-1.00]0.395(n=441)
2026-04-23 00:03:51,848 - INFO - [validation] saved: output/jit_JiT-B_8_full_improved_renderprobe/dit_validation/epoch_020_step_0171000_class006.png (class=6, sampler=heun, steps=100)
2026-04-23 00:03:52,850 - INFO - [overrides] applied from jit/configs/overrides.yaml: lr_scale=1.0 max_grad_norm=5.0 P_mean=0.0
2026-04-23 00:03:52,899 - INFO - [render-loss] step=171000 masked 7/16 samples (t_value < 0.40)
2026-04-23 00:05:45,172 - INFO - Step  171200 | Epoch  20 | MSE: 0.4636 | Steps/sec: 1.65 | LR: 1.59e-04 | Render_L1: 0.0245 | Alpha_L1: 0.0331 | Render_LPIPS: 0.1616 | GradNorm: 0.3873 | MSE/t: [0.00-0.25]0.560(n=441) [0.25-0.50]0.501(n=1137) [0.50-0.75]0.427(n=1201) [0.75-1.00]0.365(n=421)
2026-04-23 00:05:45,229 - INFO - [render-loss] step=171200 masked 4/16 samples (t_value < 0.40)
2026-04-23 00:07:37,150 - INFO - Step  171400 | Epoch  20 | MSE: 0.4647 | Steps/sec: 1.79 | LR: 1.59e-04 | Render_L1: 0.0248 | Alpha_L1: 0.0334 | Render_LPIPS: 0.1622 | GradNorm: 0.3811 | MSE/t: [0.00-0.25]0.588(n=452) [0.25-0.50]0.499(n=1193) [0.50-0.75]0.413(n=1141) [0.75-1.00]0.372(n=414)
2026-04-23 00:07:37,211 - INFO - [render-loss] step=171400 masked 4/16 samples (t_value < 0.40)
2026-04-23 00:09:28,926 - INFO - Step  171600 | Epoch  20 | MSE: 0.4686 | Steps/sec: 1.79 | LR: 1.59e-04 | Render_L1: 0.0244 | Alpha_L1: 0.0331 | Render_LPIPS: 0.1614 | GradNorm: 0.4060 | MSE/t: [0.00-0.25]0.612(n=419) [0.25-0.50]0.495(n=1232) [0.50-0.75]0.419(n=1138) [0.75-1.00]0.383(n=411)
2026-04-23 00:09:28,982 - INFO - [render-loss] step=171600 masked 3/16 samples (t_value < 0.40)
2026-04-23 00:11:22,203 - INFO - Step  171800 | Epoch  21 | MSE: 0.4712 | Steps/sec: 1.77 | LR: 1.59e-04 | Render_L1: 0.0247 | Alpha_L1: 0.0328 | Render_LPIPS: 0.1617 | GradNorm: 0.4831 | MSE/t: [0.00-0.25]0.585(n=428) [0.25-0.50]0.520(n=1145) [0.50-0.75]0.423(n=1143) [0.75-1.00]0.370(n=484)
2026-04-23 00:11:22,265 - INFO - [render-loss] step=171800 masked 6/16 samples (t_value < 0.40)
2026-04-23 00:13:14,369 - INFO - Step  172000 | Epoch  21 | MSE: 0.4658 | Steps/sec: 1.78 | LR: 1.59e-04 | Render_L1: 0.0241 | Alpha_L1: 0.0324 | Render_LPIPS: 0.1604 | GradNorm: 0.3821 | MSE/t: [0.00-0.25]0.571(n=442) [0.25-0.50]0.517(n=1142) [0.50-0.75]0.404(n=1150) [0.75-1.00]0.393(n=466)
2026-04-23 00:13:22,590 - INFO - [validation] saved: output/jit_JiT-B_8_full_improved_renderprobe/dit_validation/epoch_021_step_0172000_class033.png (class=33, sampler=heun, steps=100)
2026-04-23 00:13:23,591 - INFO - [overrides] applied from jit/configs/overrides.yaml: lr_scale=1.0 max_grad_norm=5.0 P_mean=0.0
2026-04-23 00:13:23,639 - INFO - [render-loss] step=172000 masked 3/16 samples (t_value < 0.40)
2026-04-23 00:15:15,645 - INFO - Step  172200 | Epoch  21 | MSE: 0.4693 | Steps/sec: 1.65 | LR: 1.59e-04 | Render_L1: 0.0242 | Alpha_L1: 0.0330 | Render_LPIPS: 0.1595 | GradNorm: 0.4355 | MSE/t: [0.00-0.25]0.594(n=423) [0.25-0.50]0.504(n=1178) [0.50-0.75]0.425(n=1133) [0.75-1.00]0.377(n=466)
2026-04-23 00:15:15,728 - INFO - [render-loss] step=172200 masked 7/16 samples (t_value < 0.40)
2026-04-23 00:17:07,522 - INFO - Step  172400 | Epoch  21 | MSE: 0.4635 | Steps/sec: 1.79 | LR: 1.59e-04 | Render_L1: 0.0244 | Alpha_L1: 0.0331 | Render_LPIPS: 0.1600 | GradNorm: 0.4148 | MSE/t: [0.00-0.25]0.590(n=467) [0.25-0.50]0.490(n=1176) [0.50-0.75]0.424(n=1142) [0.75-1.00]0.356(n=415)
2026-04-23 00:17:07,588 - INFO - [render-loss] step=172400 masked 5/16 samples (t_value < 0.40)
2026-04-23 00:18:59,449 - INFO - Step  172600 | Epoch  21 | MSE: 0.4696 | Steps/sec: 1.79 | LR: 1.58e-04 | Render_L1: 0.0248 | Alpha_L1: 0.0327 | Render_LPIPS: 0.1610 | GradNorm: 0.4104 | MSE/t: [0.00-0.25]0.573(n=419) [0.25-0.50]0.502(n=1161) [0.50-0.75]0.433(n=1188) [0.75-1.00]0.384(n=432)
2026-04-23 00:18:59,506 - INFO - [render-loss] step=172600 masked 9/16 samples (t_value < 0.40)
2026-04-23 00:20:51,404 - INFO - Step  172800 | Epoch  21 | MSE: 0.4757 | Steps/sec: 1.79 | LR: 1.58e-04 | Render_L1: 0.0241 | Alpha_L1: 0.0323 | Render_LPIPS: 0.1601 | GradNorm: 0.4004 | MSE/t: [0.00-0.25]0.609(n=461) [0.25-0.50]0.514(n=1200) [0.50-0.75]0.420(n=1110) [0.75-1.00]0.370(n=429)
2026-04-23 00:20:51,464 - INFO - [render-loss] step=172800 masked 5/16 samples (t_value < 0.40)
2026-04-23 00:22:43,605 - INFO - Step  173000 | Epoch  21 | MSE: 0.4650 | Steps/sec: 1.78 | LR: 1.58e-04 | Render_L1: 0.0241 | Alpha_L1: 0.0327 | Render_LPIPS: 0.1597 | GradNorm: 0.3899 | MSE/t: [0.00-0.25]0.580(n=418) [0.25-0.50]0.517(n=1241) [0.50-0.75]0.397(n=1146) [0.75-1.00]0.378(n=395)
2026-04-23 00:22:51,900 - INFO - [validation] saved: output/jit_JiT-B_8_full_improved_renderprobe/dit_validation/epoch_021_step_0173000_class095.png (class=95, sampler=heun, steps=100)
2026-04-23 00:22:52,896 - INFO - [overrides] applied from jit/configs/overrides.yaml: lr_scale=1.0 max_grad_norm=5.0 P_mean=0.0
2026-04-23 00:22:52,943 - INFO - [render-loss] step=173000 masked 5/16 samples (t_value < 0.40)
2026-04-23 00:24:44,991 - INFO - Step  173200 | Epoch  21 | MSE: 0.4757 | Steps/sec: 1.65 | LR: 1.58e-04 | Render_L1: 0.0244 | Alpha_L1: 0.0332 | Render_LPIPS: 0.1607 | GradNorm: 0.4150 | MSE/t: [0.00-0.25]0.578(n=446) [0.25-0.50]0.531(n=1169) [0.50-0.75]0.420(n=1121) [0.75-1.00]0.373(n=464)
2026-04-23 00:24:45,056 - INFO - [render-loss] step=173200 masked 3/16 samples (t_value < 0.40)
2026-04-23 00:26:36,563 - INFO - Step  173400 | Epoch  21 | MSE: 0.4707 | Steps/sec: 1.79 | LR: 1.58e-04 | Render_L1: 0.0243 | Alpha_L1: 0.0324 | Render_LPIPS: 0.1612 | GradNorm: 3.0694 | MSE/t: [0.00-0.25]0.582(n=437) [0.25-0.50]0.508(n=1188) [0.50-0.75]0.412(n=1177) [0.75-1.00]0.411(n=398)
2026-04-23 00:26:36,621 - INFO - [render-loss] step=173400 masked 5/16 samples (t_value < 0.40)
2026-04-23 00:28:28,419 - INFO - Step  173600 | Epoch  21 | MSE: 0.4658 | Steps/sec: 1.79 | LR: 1.58e-04 | Render_L1: 0.0240 | Alpha_L1: 0.0323 | Render_LPIPS: 0.1588 | GradNorm: 0.3904 | MSE/t: [0.00-0.25]0.571(n=438) [0.25-0.50]0.510(n=1170) [0.50-0.75]0.417(n=1142) [0.75-1.00]0.374(n=450)
2026-04-23 00:28:28,478 - INFO - [render-loss] step=173600 masked 8/16 samples (t_value < 0.40)
2026-04-23 00:30:20,479 - INFO - Step  173800 | Epoch  21 | MSE: 0.4652 | Steps/sec: 1.78 | LR: 1.58e-04 | Render_L1: 0.0245 | Alpha_L1: 0.0328 | Render_LPIPS: 0.1604 | GradNorm: 0.4098 | MSE/t: [0.00-0.25]0.568(n=407) [0.25-0.50]0.519(n=1192) [0.50-0.75]0.414(n=1171) [0.75-1.00]0.358(n=430)
2026-04-23 00:30:20,540 - INFO - [render-loss] step=173800 masked 5/16 samples (t_value < 0.40)
2026-04-23 00:32:12,556 - INFO - Step  174000 | Epoch  21 | MSE: 0.4693 | Steps/sec: 1.78 | LR: 1.58e-04 | Render_L1: 0.0238 | Alpha_L1: 0.0325 | Render_LPIPS: 0.1591 | GradNorm: 0.4019 | MSE/t: [0.00-0.25]0.601(n=442) [0.25-0.50]0.511(n=1134) [0.50-0.75]0.419(n=1185) [0.75-1.00]0.365(n=439)
2026-04-23 00:32:20,767 - INFO - [validation] saved: output/jit_JiT-B_8_full_improved_renderprobe/dit_validation/epoch_021_step_0174000_class024.png (class=24, sampler=heun, steps=100)
2026-04-23 00:32:21,812 - INFO - [overrides] applied from jit/configs/overrides.yaml: lr_scale=1.0 max_grad_norm=5.0 P_mean=0.0
2026-04-23 00:32:21,860 - INFO - [render-loss] step=174000 masked 4/16 samples (t_value < 0.40)
2026-04-23 00:34:13,845 - INFO - Step  174200 | Epoch  21 | MSE: 0.4695 | Steps/sec: 1.65 | LR: 1.58e-04 | Render_L1: 0.0242 | Alpha_L1: 0.0325 | Render_LPIPS: 0.1596 | GradNorm: 0.3950 | MSE/t: [0.00-0.25]0.607(n=448) [0.25-0.50]0.508(n=1149) [0.50-0.75]0.409(n=1155) [0.75-1.00]0.391(n=448)
2026-04-23 00:34:13,930 - INFO - [render-loss] step=174200 masked 3/16 samples (t_value < 0.40)
2026-04-23 00:36:06,512 - INFO - Step  174400 | Epoch  21 | MSE: 0.4725 | Steps/sec: 1.78 | LR: 1.58e-04 | Render_L1: 0.0240 | Alpha_L1: 0.0319 | Render_LPIPS: 0.1591 | GradNorm: 0.3948 | MSE/t: [0.00-0.25]0.609(n=425) [0.25-0.50]0.516(n=1115) [0.50-0.75]0.424(n=1217) [0.75-1.00]0.364(n=443)
2026-04-23 00:36:06,570 - INFO - [render-loss] step=174400 masked 6/16 samples (t_value < 0.40)
2026-04-23 00:37:58,336 - INFO - Step  174600 | Epoch  21 | MSE: 0.4684 | Steps/sec: 1.79 | LR: 1.58e-04 | Render_L1: 0.0241 | Alpha_L1: 0.0316 | Render_LPIPS: 0.1590 | GradNorm: 0.4048 | MSE/t: [0.00-0.25]0.576(n=422) [0.25-0.50]0.516(n=1187) [0.50-0.75]0.414(n=1123) [0.75-1.00]0.380(n=468)
2026-04-23 00:37:58,395 - INFO - [render-loss] step=174600 masked 5/16 samples (t_value < 0.40)
2026-04-23 00:39:50,405 - INFO - Step  174800 | Epoch  21 | MSE: 0.4583 | Steps/sec: 1.78 | LR: 1.58e-04 | Render_L1: 0.0243 | Alpha_L1: 0.0320 | Render_LPIPS: 0.1606 | GradNorm: 0.4396 | MSE/t: [0.00-0.25]0.560(n=443) [0.25-0.50]0.515(n=1166) [0.50-0.75]0.401(n=1161) [0.75-1.00]0.355(n=430)
2026-04-23 00:39:50,463 - INFO - [render-loss] step=174800 masked 5/16 samples (t_value < 0.40)
2026-04-23 00:41:42,369 - INFO - Step  175000 | Epoch  21 | MSE: 0.4638 | Steps/sec: 1.79 | LR: 1.57e-04 | Render_L1: 0.0241 | Alpha_L1: 0.0324 | Render_LPIPS: 0.1590 | GradNorm: 0.4059 | MSE/t: [0.00-0.25]0.588(n=406) [0.25-0.50]0.503(n=1181) [0.50-0.75]0.408(n=1160) [0.75-1.00]0.392(n=453)
2026-04-23 00:41:50,583 - INFO - [validation] saved: output/jit_JiT-B_8_full_improved_renderprobe/dit_validation/epoch_021_step_0175000_class101.png (class=101, sampler=heun, steps=100)
2026-04-23 00:41:51,604 - INFO - [overrides] applied from jit/configs/overrides.yaml: lr_scale=1.0 max_grad_norm=5.0 P_mean=0.0
2026-04-23 00:41:51,680 - INFO - [render-loss] step=175000 masked 7/16 samples (t_value < 0.40)
2026-04-23 00:43:43,973 - INFO - Step  175200 | Epoch  21 | MSE: 0.4608 | Steps/sec: 1.64 | LR: 1.57e-04 | Render_L1: 0.0241 | Alpha_L1: 0.0325 | Render_LPIPS: 0.1603 | GradNorm: 0.4172 | MSE/t: [0.00-0.25]0.598(n=377) [0.25-0.50]0.507(n=1188) [0.50-0.75]0.407(n=1214) [0.75-1.00]0.363(n=421)
2026-04-23 00:43:44,031 - INFO - [render-loss] step=175200 masked 7/16 samples (t_value < 0.40)
2026-04-23 00:45:35,918 - INFO - Step  175400 | Epoch  21 | MSE: 0.4581 | Steps/sec: 1.79 | LR: 1.57e-04 | Render_L1: 0.0241 | Alpha_L1: 0.0323 | Render_LPIPS: 0.1597 | GradNorm: 0.4115 | MSE/t: [0.00-0.25]0.560(n=449) [0.25-0.50]0.506(n=1178) [0.50-0.75]0.404(n=1151) [0.75-1.00]0.364(n=422)
2026-04-23 00:45:35,977 - INFO - [render-loss] step=175400 masked 10/16 samples (t_value < 0.40)
2026-04-23 00:47:27,768 - INFO - Step  175600 | Epoch  21 | MSE: 0.4724 | Steps/sec: 1.79 | LR: 1.57e-04 | Render_L1: 0.0242 | Alpha_L1: 0.0326 | Render_LPIPS: 0.1614 | GradNorm: 0.4253 | MSE/t: [0.00-0.25]0.567(n=437) [0.25-0.50]0.531(n=1226) [0.50-0.75]0.411(n=1123) [0.75-1.00]0.366(n=414)
2026-04-23 00:47:27,827 - INFO - [render-loss] step=175600 masked 4/16 samples (t_value < 0.40)
2026-04-23 00:49:19,860 - INFO - Step  175800 | Epoch  21 | MSE: 0.4700 | Steps/sec: 1.78 | LR: 1.57e-04 | Render_L1: 0.0242 | Alpha_L1: 0.0324 | Render_LPIPS: 0.1625 | GradNorm: 0.4274 | MSE/t: [0.00-0.25]0.595(n=461) [0.25-0.50]0.509(n=1168) [0.50-0.75]0.419(n=1148) [0.75-1.00]0.365(n=423)
2026-04-23 00:49:19,921 - INFO - [render-loss] step=175800 masked 5/16 samples (t_value < 0.40)
2026-04-23 00:51:11,340 - INFO - Step  176000 | Epoch  21 | MSE: 0.4734 | Steps/sec: 1.79 | LR: 1.57e-04 | Render_L1: 0.0244 | Alpha_L1: 0.0319 | Render_LPIPS: 0.1615 | GradNorm: 4.9341 | MSE/t: [0.00-0.25]0.603(n=450) [0.25-0.50]0.503(n=1181) [0.50-0.75]0.424(n=1171) [0.75-1.00]0.385(n=398)
2026-04-23 00:51:19,576 - INFO - [validation] saved: output/jit_JiT-B_8_full_improved_renderprobe/dit_validation/epoch_021_step_0176000_class026.png (class=26, sampler=heun, steps=100)
2026-04-23 00:51:20,731 - INFO - [overrides] applied from jit/configs/overrides.yaml: lr_scale=1.0 max_grad_norm=5.0 P_mean=0.0
2026-04-23 00:51:20,780 - INFO - [render-loss] step=176000 masked 4/16 samples (t_value < 0.40)
2026-04-23 00:53:12,890 - INFO - Step  176200 | Epoch  21 | MSE: 0.4657 | Steps/sec: 1.65 | LR: 1.57e-04 | Render_L1: 0.0244 | Alpha_L1: 0.0329 | Render_LPIPS: 0.1612 | GradNorm: 0.4333 | MSE/t: [0.00-0.25]0.583(n=423) [0.25-0.50]0.516(n=1189) [0.50-0.75]0.407(n=1158) [0.75-1.00]0.368(n=430)
2026-04-23 00:53:12,948 - INFO - [render-loss] step=176200 masked 8/16 samples (t_value < 0.40)
2026-04-23 00:55:04,945 - INFO - Step  176400 | Epoch  21 | MSE: 0.4733 | Steps/sec: 1.78 | LR: 1.57e-04 | Render_L1: 0.0244 | Alpha_L1: 0.0323 | Render_LPIPS: 0.1589 | GradNorm: 0.4362 | MSE/t: [0.00-0.25]0.589(n=433) [0.25-0.50]0.522(n=1175) [0.50-0.75]0.405(n=1174) [0.75-1.00]0.410(n=418)
2026-04-23 00:55:05,004 - INFO - [render-loss] step=176400 masked 6/16 samples (t_value < 0.40)
2026-04-23 00:56:56,980 - INFO - Step  176600 | Epoch  21 | MSE: 0.4726 | Steps/sec: 1.79 | LR: 1.57e-04 | Render_L1: 0.0241 | Alpha_L1: 0.0321 | Render_LPIPS: 0.1599 | GradNorm: 0.4396 | MSE/t: [0.00-0.25]0.608(n=442) [0.25-0.50]0.504(n=1149) [0.50-0.75]0.420(n=1218) [0.75-1.00]0.391(n=391)
2026-04-23 00:56:57,037 - INFO - [render-loss] step=176600 masked 5/16 samples (t_value < 0.40)
2026-04-23 00:58:48,715 - INFO - Step  176800 | Epoch  21 | MSE: 0.4746 | Steps/sec: 1.79 | LR: 1.57e-04 | Render_L1: 0.0240 | Alpha_L1: 0.0317 | Render_LPIPS: 0.1595 | GradNorm: 0.4144 | MSE/t: [0.00-0.25]0.623(n=430) [0.25-0.50]0.517(n=1140) [0.50-0.75]0.421(n=1149) [0.75-1.00]0.368(n=481)
2026-04-23 00:58:48,775 - INFO - [render-loss] step=176800 masked 4/16 samples (t_value < 0.40)
2026-04-23 01:00:40,880 - INFO - Step  177000 | Epoch  21 | MSE: 0.4594 | Steps/sec: 1.78 | LR: 1.57e-04 | Render_L1: 0.0235 | Alpha_L1: 0.0317 | Render_LPIPS: 0.1569 | GradNorm: 0.4358 | MSE/t: [0.00-0.25]0.564(n=430) [0.25-0.50]0.512(n=1173) [0.50-0.75]0.408(n=1166) [0.75-1.00]0.351(n=431)
2026-04-23 01:00:49,083 - INFO - [validation] saved: output/jit_JiT-B_8_full_improved_renderprobe/dit_validation/epoch_021_step_0177000_class023.png (class=23, sampler=heun, steps=100)
2026-04-23 01:00:50,089 - INFO - [overrides] applied from jit/configs/overrides.yaml: lr_scale=1.0 max_grad_norm=5.0 P_mean=0.0
2026-04-23 01:00:50,139 - INFO - [render-loss] step=177000 masked 7/16 samples (t_value < 0.40)
2026-04-23 01:02:41,928 - INFO - Step  177200 | Epoch  21 | MSE: 0.4703 | Steps/sec: 1.65 | LR: 1.56e-04 | Render_L1: 0.0239 | Alpha_L1: 0.0320 | Render_LPIPS: 0.1597 | GradNorm: 0.4488 | MSE/t: [0.00-0.25]0.587(n=445) [0.25-0.50]0.506(n=1193) [0.50-0.75]0.415(n=1131) [0.75-1.00]0.395(n=431)
2026-04-23 01:02:41,985 - INFO - [render-loss] step=177200 masked 5/16 samples (t_value < 0.40)
2026-04-23 01:04:33,948 - INFO - Step  177400 | Epoch  21 | MSE: 0.4661 | Steps/sec: 1.79 | LR: 1.56e-04 | Render_L1: 0.0239 | Alpha_L1: 0.0328 | Render_LPIPS: 0.1595 | GradNorm: 0.6518 | MSE/t: [0.00-0.25]0.559(n=442) [0.25-0.50]0.505(n=1163) [0.50-0.75]0.424(n=1199) [0.75-1.00]0.376(n=396)
2026-04-23 01:04:34,012 - INFO - [render-loss] step=177400 masked 4/16 samples (t_value < 0.40)
2026-04-23 01:06:26,167 - INFO - Step  177600 | Epoch  21 | MSE: 0.4636 | Steps/sec: 1.78 | LR: 1.56e-04 | Render_L1: 0.0233 | Alpha_L1: 0.0319 | Render_LPIPS: 0.1563 | GradNorm: 0.4325 | MSE/t: [0.00-0.25]0.600(n=421) [0.25-0.50]0.498(n=1193) [0.50-0.75]0.416(n=1143) [0.75-1.00]0.365(n=443)
2026-04-23 01:06:26,241 - INFO - [render-loss] step=177600 masked 6/16 samples (t_value < 0.40)
2026-04-23 01:08:18,328 - INFO - Step  177800 | Epoch  21 | MSE: 0.4669 | Steps/sec: 1.78 | LR: 1.56e-04 | Render_L1: 0.0242 | Alpha_L1: 0.0323 | Render_LPIPS: 0.1591 | GradNorm: 0.4460 | MSE/t: [0.00-0.25]0.575(n=438) [0.25-0.50]0.510(n=1155) [0.50-0.75]0.424(n=1154) [0.75-1.00]0.361(n=453)
2026-04-23 01:08:18,386 - INFO - [render-loss] step=177800 masked 6/16 samples (t_value < 0.40)
2026-04-23 01:10:10,238 - INFO - Step  178000 | Epoch  21 | MSE: 0.4635 | Steps/sec: 1.79 | LR: 1.56e-04 | Render_L1: 0.0242 | Alpha_L1: 0.0315 | Render_LPIPS: 0.1582 | GradNorm: 0.4426 | MSE/t: [0.00-0.25]0.547(n=408) [0.25-0.50]0.507(n=1179) [0.50-0.75]0.419(n=1205) [0.75-1.00]0.386(n=408)
2026-04-23 01:10:18,540 - INFO - [validation] saved: output/jit_JiT-B_8_full_improved_renderprobe/dit_validation/epoch_021_step_0178000_class012.png (class=12, sampler=heun, steps=100)
2026-04-23 01:10:19,537 - INFO - [overrides] applied from jit/configs/overrides.yaml: lr_scale=1.0 max_grad_norm=5.0 P_mean=0.0
2026-04-23 01:10:19,586 - INFO - [render-loss] step=178000 masked 9/16 samples (t_value < 0.40)
2026-04-23 01:12:11,726 - INFO - Step  178200 | Epoch  21 | MSE: 0.4637 | Steps/sec: 1.65 | LR: 1.56e-04 | Render_L1: 0.0233 | Alpha_L1: 0.0318 | Render_LPIPS: 0.1567 | GradNorm: 0.4397 | MSE/t: [0.00-0.25]0.614(n=470) [0.25-0.50]0.496(n=1094) [0.50-0.75]0.413(n=1184) [0.75-1.00]0.362(n=452)
2026-04-23 01:12:11,792 - INFO - [render-loss] step=178200 masked 5/16 samples (t_value < 0.40)
2026-04-23 01:14:03,642 - INFO - Step  178400 | Epoch  21 | MSE: 0.4632 | Steps/sec: 1.79 | LR: 1.56e-04 | Render_L1: 0.0238 | Alpha_L1: 0.0315 | Render_LPIPS: 0.1583 | GradNorm: 0.4719 | MSE/t: [0.00-0.25]0.582(n=426) [0.25-0.50]0.494(n=1145) [0.50-0.75]0.429(n=1202) [0.75-1.00]0.357(n=427)
2026-04-23 01:14:03,706 - INFO - [render-loss] step=178400 masked 5/16 samples (t_value < 0.40)
2026-04-23 01:15:55,601 - INFO - Step  178600 | Epoch  21 | MSE: 0.4684 | Steps/sec: 1.79 | LR: 1.56e-04 | Render_L1: 0.0243 | Alpha_L1: 0.0326 | Render_LPIPS: 0.1610 | GradNorm: 0.4510 | MSE/t: [0.00-0.25]0.588(n=462) [0.25-0.50]0.510(n=1147) [0.50-0.75]0.424(n=1165) [0.75-1.00]0.351(n=426)
2026-04-23 01:15:55,659 - INFO - [render-loss] step=178600 masked 4/16 samples (t_value < 0.40)
2026-04-23 01:17:48,120 - INFO - Step  178800 | Epoch  21 | MSE: 0.4702 | Steps/sec: 1.78 | LR: 1.56e-04 | Render_L1: 0.0238 | Alpha_L1: 0.0324 | Render_LPIPS: 0.1590 | GradNorm: 0.4491 | MSE/t: [0.00-0.25]0.569(n=462) [0.25-0.50]0.515(n=1157) [0.50-0.75]0.418(n=1132) [0.75-1.00]0.383(n=449)
2026-04-23 01:17:48,182 - INFO - [render-loss] step=178800 masked 6/16 samples (t_value < 0.40)
2026-04-23 01:19:40,692 - INFO - Step  179000 | Epoch  21 | MSE: 0.4709 | Steps/sec: 1.78 | LR: 1.56e-04 | Render_L1: 0.0240 | Alpha_L1: 0.0315 | Render_LPIPS: 0.1599 | GradNorm: 0.4434 | MSE/t: [0.00-0.25]0.598(n=405) [0.25-0.50]0.522(n=1144) [0.50-0.75]0.414(n=1169) [0.75-1.00]0.381(n=482)
2026-04-23 01:19:48,920 - INFO - [validation] saved: output/jit_JiT-B_8_full_improved_renderprobe/dit_validation/epoch_021_step_0179000_class005.png (class=5, sampler=heun, steps=100)
2026-04-23 01:19:49,942 - INFO - [overrides] applied from jit/configs/overrides.yaml: lr_scale=1.0 max_grad_norm=5.0 P_mean=0.0
2026-04-23 01:19:49,991 - INFO - [render-loss] step=179000 masked 6/16 samples (t_value < 0.40)
2026-04-23 01:21:41,883 - INFO - Step  179200 | Epoch  21 | MSE: 0.4612 | Steps/sec: 1.65 | LR: 1.56e-04 | Render_L1: 0.0239 | Alpha_L1: 0.0314 | Render_LPIPS: 0.1597 | GradNorm: 0.4727 | MSE/t: [0.00-0.25]0.564(n=433) [0.25-0.50]0.491(n=1169) [0.50-0.75]0.428(n=1151) [0.75-1.00]0.371(n=447)
2026-04-23 01:21:41,940 - INFO - [render-loss] step=179200 masked 5/16 samples (t_value < 0.40)
2026-04-23 01:23:33,743 - INFO - Step  179400 | Epoch  21 | MSE: 0.4761 | Steps/sec: 1.79 | LR: 1.55e-04 | Render_L1: 0.0242 | Alpha_L1: 0.0321 | Render_LPIPS: 0.1629 | GradNorm: 0.4794 | MSE/t: [0.00-0.25]0.598(n=458) [0.25-0.50]0.514(n=1157) [0.50-0.75]0.432(n=1135) [0.75-1.00]0.365(n=450)
2026-04-23 01:23:33,804 - INFO - [render-loss] step=179400 masked 6/16 samples (t_value < 0.40)
2026-04-23 01:25:26,135 - INFO - Step  179600 | Epoch  21 | MSE: 0.4595 | Steps/sec: 1.78 | LR: 1.55e-04 | Render_L1: 0.0237 | Alpha_L1: 0.0318 | Render_LPIPS: 0.1575 | GradNorm: 0.4473 | MSE/t: [0.00-0.25]0.569(n=422) [0.25-0.50]0.519(n=1155) [0.50-0.75]0.401(n=1172) [0.75-1.00]0.357(n=451)
2026-04-23 01:25:26,194 - INFO - [render-loss] step=179600 masked 4/16 samples (t_value < 0.40)
2026-04-23 01:27:19,095 - INFO - Step  179800 | Epoch  22 | MSE: 0.4670 | Steps/sec: 1.77 | LR: 1.55e-04 | Render_L1: 0.0245 | Alpha_L1: 0.0326 | Render_LPIPS: 0.1577 | GradNorm: 2.3924 | MSE/t: [0.00-0.25]0.580(n=427) [0.25-0.50]0.506(n=1170) [0.50-0.75]0.419(n=1181) [0.75-1.00]0.381(n=422)
2026-04-23 01:27:19,154 - INFO - [render-loss] step=179800 masked 7/16 samples (t_value < 0.40)
2026-04-23 01:29:11,525 - INFO - Step  180000 | Epoch  22 | MSE: 0.4734 | Steps/sec: 1.78 | LR: 1.55e-04 | Render_L1: 0.0241 | Alpha_L1: 0.0325 | Render_LPIPS: 0.1587 | GradNorm: 0.6812 | MSE/t: [0.00-0.25]0.579(n=456) [0.25-0.50]0.516(n=1161) [0.50-0.75]0.425(n=1162) [0.75-1.00]0.374(n=421)
2026-04-23 01:29:13,764 - INFO - Saved checkpoint to output/jit_JiT-B_8_full_improved_renderprobe/0180000.pt
2026-04-23 01:29:13,854 - INFO - [cond] cfg_signal=0.0512 | class_signal=0.0599 | pred_rms=0.6110
2026-04-23 01:29:22,041 - INFO - [validation] saved: output/jit_JiT-B_8_full_improved_renderprobe/dit_validation/epoch_022_step_0180000_class033.png (class=33, sampler=heun, steps=100)
2026-04-23 01:29:23,072 - INFO - [overrides] applied from jit/configs/overrides.yaml: lr_scale=1.0 max_grad_norm=5.0 P_mean=0.0
2026-04-23 01:29:23,121 - INFO - [render-loss] step=180000 masked 6/16 samples (t_value < 0.40)
2026-04-23 01:31:15,246 - INFO - Step  180200 | Epoch  22 | MSE: 0.4754 | Steps/sec: 1.62 | LR: 1.55e-04 | Render_L1: 0.0245 | Alpha_L1: 0.0325 | Render_LPIPS: 0.1615 | GradNorm: 0.5003 | MSE/t: [0.00-0.25]0.588(n=455) [0.25-0.50]0.507(n=1195) [0.50-0.75]0.432(n=1143) [0.75-1.00]0.379(n=407)
2026-04-23 01:31:15,306 - INFO - [render-loss] step=180200 masked 4/16 samples (t_value < 0.40)
2026-04-23 01:33:07,292 - INFO - Step  180400 | Epoch  22 | MSE: 0.4708 | Steps/sec: 1.79 | LR: 1.55e-04 | Render_L1: 0.0236 | Alpha_L1: 0.0314 | Render_LPIPS: 0.1563 | GradNorm: 0.4670 | MSE/t: [0.00-0.25]0.584(n=401) [0.25-0.50]0.525(n=1137) [0.50-0.75]0.417(n=1217) [0.75-1.00]0.377(n=445)
2026-04-23 01:33:07,349 - INFO - [render-loss] step=180400 masked 4/16 samples (t_value < 0.40)
2026-04-23 01:34:59,087 - INFO - Step  180600 | Epoch  22 | MSE: 0.4597 | Steps/sec: 1.79 | LR: 1.55e-04 | Render_L1: 0.0236 | Alpha_L1: 0.0311 | Render_LPIPS: 0.1558 | GradNorm: 0.4775 | MSE/t: [0.00-0.25]0.573(n=449) [0.25-0.50]0.498(n=1157) [0.50-0.75]0.412(n=1153) [0.75-1.00]0.369(n=441)
2026-04-23 01:34:59,146 - INFO - [render-loss] step=180600 masked 4/16 samples (t_value < 0.40)
2026-04-23 01:36:51,474 - INFO - Step  180800 | Epoch  22 | MSE: 0.4718 | Steps/sec: 1.78 | LR: 1.55e-04 | Render_L1: 0.0238 | Alpha_L1: 0.0321 | Render_LPIPS: 0.1580 | GradNorm: 0.4611 | MSE/t: [0.00-0.25]0.612(n=430) [0.25-0.50]0.512(n=1178) [0.50-0.75]0.418(n=1156) [0.75-1.00]0.367(n=436)
2026-04-23 01:36:51,533 - INFO - [render-loss] step=180800 masked 4/16 samples (t_value < 0.40)
2026-04-23 01:38:43,594 - INFO - Step  181000 | Epoch  22 | MSE: 0.4662 | Steps/sec: 1.78 | LR: 1.55e-04 | Render_L1: 0.0237 | Alpha_L1: 0.0319 | Render_LPIPS: 0.1589 | GradNorm: 0.4564 | MSE/t: [0.00-0.25]0.585(n=404) [0.25-0.50]0.511(n=1198) [0.50-0.75]0.414(n=1172) [0.75-1.00]0.374(n=426)
2026-04-23 01:38:51,815 - INFO - [validation] saved: output/jit_JiT-B_8_full_improved_renderprobe/dit_validation/epoch_022_step_0181000_class056.png (class=56, sampler=heun, steps=100)
2026-04-23 01:38:53,013 - INFO - [overrides] applied from jit/configs/overrides.yaml: lr_scale=1.0 max_grad_norm=5.0 P_mean=0.0
2026-04-23 01:38:53,063 - INFO - [render-loss] step=181000 masked 6/16 samples (t_value < 0.40)
2026-04-23 01:40:44,979 - INFO - Step  181200 | Epoch  22 | MSE: 0.4549 | Steps/sec: 1.65 | LR: 1.55e-04 | Render_L1: 0.0245 | Alpha_L1: 0.0328 | Render_LPIPS: 0.1589 | GradNorm: 0.4936 | MSE/t: [0.00-0.25]0.556(n=433) [0.25-0.50]0.499(n=1109) [0.50-0.75]0.409(n=1175) [0.75-1.00]0.373(n=483)
2026-04-23 01:40:45,039 - INFO - [render-loss] step=181200 masked 6/16 samples (t_value < 0.40)
2026-04-23 01:42:37,437 - INFO - Step  181400 | Epoch  22 | MSE: 0.4706 | Steps/sec: 1.78 | LR: 1.55e-04 | Render_L1: 0.0242 | Alpha_L1: 0.0325 | Render_LPIPS: 0.1587 | GradNorm: 0.5269 | MSE/t: [0.00-0.25]0.588(n=416) [0.25-0.50]0.506(n=1136) [0.50-0.75]0.425(n=1200) [0.75-1.00]0.396(n=448)
2026-04-23 01:42:37,500 - INFO - [render-loss] step=181400 masked 7/16 samples (t_value < 0.40)
2026-04-23 01:44:29,350 - INFO - Step  181600 | Epoch  22 | MSE: 0.4619 | Steps/sec: 1.79 | LR: 1.54e-04 | Render_L1: 0.0236 | Alpha_L1: 0.0318 | Render_LPIPS: 0.1588 | GradNorm: 0.4589 | MSE/t: [0.00-0.25]0.575(n=419) [0.25-0.50]0.507(n=1171) [0.50-0.75]0.409(n=1185) [0.75-1.00]0.373(n=425)
2026-04-23 01:44:29,409 - INFO - [render-loss] step=181600 masked 9/16 samples (t_value < 0.40)
2026-04-23 01:46:21,438 - INFO - Step  181800 | Epoch  22 | MSE: 0.4619 | Steps/sec: 1.78 | LR: 1.54e-04 | Render_L1: 0.0237 | Alpha_L1: 0.0316 | Render_LPIPS: 0.1579 | GradNorm: 0.5002 | MSE/t: [0.00-0.25]0.567(n=455) [0.25-0.50]0.509(n=1128) [0.50-0.75]0.414(n=1220) [0.75-1.00]0.354(n=397)
2026-04-23 01:46:21,497 - INFO - [render-loss] step=181800 masked 10/16 samples (t_value < 0.40)
2026-04-23 01:48:13,283 - INFO - Step  182000 | Epoch  22 | MSE: 0.4707 | Steps/sec: 1.79 | LR: 1.54e-04 | Render_L1: 0.0236 | Alpha_L1: 0.0315 | Render_LPIPS: 0.1574 | GradNorm: 0.4669 | MSE/t: [0.00-0.25]0.570(n=442) [0.25-0.50]0.516(n=1190) [0.50-0.75]0.416(n=1135) [0.75-1.00]0.388(n=433)
2026-04-23 01:48:21,453 - INFO - [validation] saved: output/jit_JiT-B_8_full_improved_renderprobe/dit_validation/epoch_022_step_0182000_class056.png (class=56, sampler=heun, steps=100)
2026-04-23 01:48:22,392 - INFO - [overrides] applied from jit/configs/overrides.yaml: lr_scale=1.0 max_grad_norm=5.0 P_mean=0.0
2026-04-23 01:48:22,442 - INFO - [render-loss] step=182000 masked 6/16 samples (t_value < 0.40)
2026-04-23 01:50:14,603 - INFO - Step  182200 | Epoch  22 | MSE: 0.4593 | Steps/sec: 1.65 | LR: 1.54e-04 | Render_L1: 0.0239 | Alpha_L1: 0.0319 | Render_LPIPS: 0.1580 | GradNorm: 0.5123 | MSE/t: [0.00-0.25]0.565(n=445) [0.25-0.50]0.502(n=1129) [0.50-0.75]0.408(n=1169) [0.75-1.00]0.382(n=457)
2026-04-23 01:50:14,661 - INFO - [render-loss] step=182200 masked 9/16 samples (t_value < 0.40)
2026-04-23 01:52:06,502 - INFO - Step  182400 | Epoch  22 | MSE: 0.4683 | Steps/sec: 1.79 | LR: 1.54e-04 | Render_L1: 0.0237 | Alpha_L1: 0.0319 | Render_LPIPS: 0.1584 | GradNorm: 0.4929 | MSE/t: [0.00-0.25]0.600(n=409) [0.25-0.50]0.501(n=1166) [0.50-0.75]0.426(n=1194) [0.75-1.00]0.372(n=431)
2026-04-23 01:52:06,559 - INFO - [render-loss] step=182400 masked 4/16 samples (t_value < 0.40)
2026-04-23 01:53:58,598 - INFO - Step  182600 | Epoch  22 | MSE: 0.4685 | Steps/sec: 1.78 | LR: 1.54e-04 | Render_L1: 0.0240 | Alpha_L1: 0.0321 | Render_LPIPS: 0.1590 | GradNorm: 0.4981 | MSE/t: [0.00-0.25]0.588(n=413) [0.25-0.50]0.511(n=1151) [0.50-0.75]0.422(n=1188) [0.75-1.00]0.372(n=448)
2026-04-23 01:53:58,679 - INFO - [render-loss] step=182600 masked 7/16 samples (t_value < 0.40)
2026-04-23 01:55:50,796 - INFO - Step  182800 | Epoch  22 | MSE: 0.4772 | Steps/sec: 1.78 | LR: 1.54e-04 | Render_L1: 0.0245 | Alpha_L1: 0.0322 | Render_LPIPS: 0.1607 | GradNorm: 0.4836 | MSE/t: [0.00-0.25]0.587(n=431) [0.25-0.50]0.525(n=1169) [0.50-0.75]0.422(n=1180) [0.75-1.00]0.387(n=420)
2026-04-23 01:55:50,853 - INFO - [render-loss] step=182800 masked 6/16 samples (t_value < 0.40)
2026-04-23 01:57:42,488 - INFO - Step  183000 | Epoch  22 | MSE: 0.4640 | Steps/sec: 1.79 | LR: 1.54e-04 | Render_L1: 0.0239 | Alpha_L1: 0.0314 | Render_LPIPS: 0.1580 | GradNorm: 0.5981 | MSE/t: [0.00-0.25]0.598(n=414) [0.25-0.50]0.493(n=1139) [0.50-0.75]0.418(n=1199) [0.75-1.00]0.390(n=448)
2026-04-23 01:57:50,680 - INFO - [validation] saved: output/jit_JiT-B_8_full_improved_renderprobe/dit_validation/epoch_022_step_0183000_class007.png (class=7, sampler=heun, steps=100)
2026-04-23 01:57:51,600 - INFO - [overrides] applied from jit/configs/overrides.yaml: lr_scale=1.0 max_grad_norm=5.0 P_mean=0.0
2026-04-23 01:57:51,651 - INFO - [render-loss] step=183000 masked 11/16 samples (t_value < 0.40)
2026-04-23 01:59:43,524 - INFO - Step  183200 | Epoch  22 | MSE: 0.4743 | Steps/sec: 1.65 | LR: 1.54e-04 | Render_L1: 0.0239 | Alpha_L1: 0.0314 | Render_LPIPS: 0.1591 | GradNorm: 0.4928 | MSE/t: [0.00-0.25]0.593(n=431) [0.25-0.50]0.516(n=1150) [0.50-0.75]0.418(n=1136) [0.75-1.00]0.401(n=483)
2026-04-23 01:59:43,581 - INFO - [render-loss] step=183200 masked 5/16 samples (t_value < 0.40)
2026-04-23 02:01:35,847 - INFO - Step  183400 | Epoch  22 | MSE: 0.4803 | Steps/sec: 1.78 | LR: 1.54e-04 | Render_L1: 0.0245 | Alpha_L1: 0.0321 | Render_LPIPS: 0.1614 | GradNorm: 0.5116 | MSE/t: [0.00-0.25]0.627(n=466) [0.25-0.50]0.513(n=1160) [0.50-0.75]0.426(n=1104) [0.75-1.00]0.382(n=470)
2026-04-23 02:01:35,906 - INFO - [render-loss] step=183400 masked 5/16 samples (t_value < 0.40)
2026-04-23 02:03:27,732 - INFO - Step  183600 | Epoch  22 | MSE: 0.4643 | Steps/sec: 1.79 | LR: 1.54e-04 | Render_L1: 0.0239 | Alpha_L1: 0.0320 | Render_LPIPS: 0.1592 | GradNorm: 0.5014 | MSE/t: [0.00-0.25]0.587(n=446) [0.25-0.50]0.499(n=1173) [0.50-0.75]0.416(n=1144) [0.75-1.00]0.372(n=437)
2026-04-23 02:03:27,789 - INFO - [render-loss] step=183600 masked 5/16 samples (t_value < 0.40)
2026-04-23 02:05:19,416 - INFO - Step  183800 | Epoch  22 | MSE: 0.4662 | Steps/sec: 1.79 | LR: 1.53e-04 | Render_L1: 0.0234 | Alpha_L1: 0.0319 | Render_LPIPS: 0.1580 | GradNorm: 0.5328 | MSE/t: [0.00-0.25]0.568(n=438) [0.25-0.50]0.509(n=1167) [0.50-0.75]0.420(n=1151) [0.75-1.00]0.376(n=444)
2026-04-23 02:05:19,474 - INFO - [render-loss] step=183800 masked 6/16 samples (t_value < 0.40)
2026-04-23 02:07:11,574 - INFO - Step  184000 | Epoch  22 | MSE: 0.4651 | Steps/sec: 1.78 | LR: 1.53e-04 | Render_L1: 0.0239 | Alpha_L1: 0.0320 | Render_LPIPS: 0.1580 | GradNorm: 0.5157 | MSE/t: [0.00-0.25]0.605(n=425) [0.25-0.50]0.500(n=1157) [0.50-0.75]0.412(n=1138) [0.75-1.00]0.384(n=480)
2026-04-23 02:07:19,949 - INFO - [validation] saved: output/jit_JiT-B_8_full_improved_renderprobe/dit_validation/epoch_022_step_0184000_class046.png (class=46, sampler=heun, steps=100)
2026-04-23 02:07:20,941 - INFO - [overrides] applied from jit/configs/overrides.yaml: lr_scale=1.0 max_grad_norm=5.0 P_mean=0.0
2026-04-23 02:07:20,991 - INFO - [render-loss] step=184000 masked 6/16 samples (t_value < 0.40)
2026-04-23 02:09:13,691 - INFO - Step  184200 | Epoch  22 | MSE: 0.4583 | Steps/sec: 1.64 | LR: 1.53e-04 | Render_L1: 0.0235 | Alpha_L1: 0.0315 | Render_LPIPS: 0.1559 | GradNorm: 0.4969 | MSE/t: [0.00-0.25]0.574(n=407) [0.25-0.50]0.503(n=1195) [0.50-0.75]0.409(n=1159) [0.75-1.00]0.359(n=439)
2026-04-23 02:09:13,752 - INFO - [render-loss] step=184200 masked 6/16 samples (t_value < 0.40)
2026-04-23 02:11:05,982 - INFO - Step  184400 | Epoch  22 | MSE: 0.4630 | Steps/sec: 1.78 | LR: 1.53e-04 | Render_L1: 0.0234 | Alpha_L1: 0.0319 | Render_LPIPS: 0.1576 | GradNorm: 0.5907 | MSE/t: [0.00-0.25]0.594(n=416) [0.25-0.50]0.498(n=1161) [0.50-0.75]0.419(n=1163) [0.75-1.00]0.366(n=460)
2026-04-23 02:11:06,039 - INFO - [render-loss] step=184400 masked 4/16 samples (t_value < 0.40)
2026-04-23 02:12:58,379 - INFO - Step  184600 | Epoch  22 | MSE: 0.4671 | Steps/sec: 1.78 | LR: 1.53e-04 | Render_L1: 0.0238 | Alpha_L1: 0.0315 | Render_LPIPS: 0.1575 | GradNorm: 0.5022 | MSE/t: [0.00-0.25]0.627(n=406) [0.25-0.50]0.510(n=1148) [0.50-0.75]0.409(n=1184) [0.75-1.00]0.367(n=462)
2026-04-23 02:12:58,445 - INFO - [render-loss] step=184600 masked 9/16 samples (t_value < 0.40)
2026-04-23 02:14:50,486 - INFO - Step  184800 | Epoch  22 | MSE: 0.4747 | Steps/sec: 1.78 | LR: 1.53e-04 | Render_L1: 0.0236 | Alpha_L1: 0.0312 | Render_LPIPS: 0.1585 | GradNorm: 0.5096 | MSE/t: [0.00-0.25]0.597(n=429) [0.25-0.50]0.516(n=1123) [0.50-0.75]0.431(n=1215) [0.75-1.00]0.368(n=433)
2026-04-23 02:14:50,551 - INFO - [render-loss] step=184800 masked 7/16 samples (t_value < 0.40)
2026-04-23 02:16:42,434 - INFO - Step  185000 | Epoch  22 | MSE: 0.4689 | Steps/sec: 1.79 | LR: 1.53e-04 | Render_L1: 0.0235 | Alpha_L1: 0.0309 | Render_LPIPS: 0.1566 | GradNorm: 0.5229 | MSE/t: [0.00-0.25]0.595(n=436) [0.25-0.50]0.519(n=1185) [0.50-0.75]0.407(n=1146) [0.75-1.00]0.369(n=433)
2026-04-23 02:16:50,601 - INFO - [validation] saved: output/jit_JiT-B_8_full_improved_renderprobe/dit_validation/epoch_022_step_0185000_class046.png (class=46, sampler=heun, steps=100)
2026-04-23 02:16:51,541 - INFO - [overrides] applied from jit/configs/overrides.yaml: lr_scale=1.0 max_grad_norm=5.0 P_mean=0.0
2026-04-23 02:16:51,591 - INFO - [render-loss] step=185000 masked 6/16 samples (t_value < 0.40)
2026-04-23 02:18:43,537 - INFO - Step  185200 | Epoch  22 | MSE: 0.4720 | Steps/sec: 1.65 | LR: 1.53e-04 | Render_L1: 0.0237 | Alpha_L1: 0.0320 | Render_LPIPS: 0.1570 | GradNorm: 0.5423 | MSE/t: [0.00-0.25]0.611(n=435) [0.25-0.50]0.507(n=1180) [0.50-0.75]0.418(n=1155) [0.75-1.00]0.382(n=430)
2026-04-23 02:18:43,598 - INFO - [render-loss] step=185200 masked 7/16 samples (t_value < 0.40)
2026-04-23 02:20:35,664 - INFO - Step  185400 | Epoch  22 | MSE: 0.4604 | Steps/sec: 1.78 | LR: 1.53e-04 | Render_L1: 0.0233 | Alpha_L1: 0.0303 | Render_LPIPS: 0.1548 | GradNorm: 0.5078 | MSE/t: [0.00-0.25]0.575(n=417) [0.25-0.50]0.502(n=1153) [0.50-0.75]0.417(n=1182) [0.75-1.00]0.360(n=448)
2026-04-23 02:20:35,722 - INFO - [render-loss] step=185400 masked 5/16 samples (t_value < 0.40)
2026-04-23 02:22:27,898 - INFO - Step  185600 | Epoch  22 | MSE: 0.4675 | Steps/sec: 1.78 | LR: 1.53e-04 | Render_L1: 0.0233 | Alpha_L1: 0.0313 | Render_LPIPS: 0.1562 | GradNorm: 0.5160 | MSE/t: [0.00-0.25]0.588(n=489) [0.25-0.50]0.511(n=1145) [0.50-0.75]0.407(n=1176) [0.75-1.00]0.371(n=390)
2026-04-23 02:22:27,955 - INFO - [render-loss] step=185600 masked 8/16 samples (t_value < 0.40)
2026-04-23 02:24:19,977 - INFO - Step  185800 | Epoch  22 | MSE: 0.4609 | Steps/sec: 1.78 | LR: 1.52e-04 | Render_L1: 0.0237 | Alpha_L1: 0.0310 | Render_LPIPS: 0.1576 | GradNorm: 0.5293 | MSE/t: [0.00-0.25]0.575(n=435) [0.25-0.50]0.509(n=1155) [0.50-0.75]0.404(n=1169) [0.75-1.00]0.372(n=441)
2026-04-23 02:24:20,055 - INFO - [render-loss] step=185800 masked 3/16 samples (t_value < 0.40)
2026-04-23 02:26:11,983 - INFO - Step  186000 | Epoch  22 | MSE: 0.4621 | Steps/sec: 1.79 | LR: 1.52e-04 | Render_L1: 0.0232 | Alpha_L1: 0.0312 | Render_LPIPS: 0.1554 | GradNorm: 0.5105 | MSE/t: [0.00-0.25]0.561(n=422) [0.25-0.50]0.506(n=1199) [0.50-0.75]0.414(n=1144) [0.75-1.00]0.371(n=435)
2026-04-23 02:26:20,178 - INFO - [validation] saved: output/jit_JiT-B_8_full_improved_renderprobe/dit_validation/epoch_022_step_0186000_class112.png (class=112, sampler=heun, steps=100)
2026-04-23 02:26:21,156 - INFO - [overrides] applied from jit/configs/overrides.yaml: lr_scale=1.0 max_grad_norm=5.0 P_mean=0.0
2026-04-23 02:26:21,203 - INFO - [render-loss] step=186000 masked 5/16 samples (t_value < 0.40)
2026-04-23 02:28:13,144 - INFO - Step  186200 | Epoch  22 | MSE: 0.4606 | Steps/sec: 1.65 | LR: 1.52e-04 | Render_L1: 0.0231 | Alpha_L1: 0.0307 | Render_LPIPS: 0.1542 | GradNorm: 0.5182 | MSE/t: [0.00-0.25]0.584(n=476) [0.25-0.50]0.508(n=1061) [0.50-0.75]0.406(n=1223) [0.75-1.00]0.364(n=440)
2026-04-23 02:28:13,206 - INFO - [render-loss] step=186200 masked 6/16 samples (t_value < 0.40)
2026-04-23 02:30:05,109 - INFO - Step  186400 | Epoch  22 | MSE: 0.4678 | Steps/sec: 1.79 | LR: 1.52e-04 | Render_L1: 0.0236 | Alpha_L1: 0.0309 | Render_LPIPS: 0.1565 | GradNorm: 0.5405 | MSE/t: [0.00-0.25]0.571(n=413) [0.25-0.50]0.513(n=1154) [0.50-0.75]0.425(n=1203) [0.75-1.00]0.369(n=430)
2026-04-23 02:30:05,168 - INFO - [render-loss] step=186400 masked 7/16 samples (t_value < 0.40)
2026-04-23 02:31:57,539 - INFO - Step  186600 | Epoch  22 | MSE: 0.4776 | Steps/sec: 1.78 | LR: 1.52e-04 | Render_L1: 0.0244 | Alpha_L1: 0.0321 | Render_LPIPS: 0.1583 | GradNorm: 1.5706 | MSE/t: [0.00-0.25]0.596(n=434) [0.25-0.50]0.513(n=1157) [0.50-0.75]0.422(n=1158) [0.75-1.00]0.416(n=451)
2026-04-23 02:31:57,598 - INFO - [render-loss] step=186600 masked 3/16 samples (t_value < 0.40)
2026-04-23 02:33:49,683 - INFO - Step  186800 | Epoch  22 | MSE: 0.4778 | Steps/sec: 1.78 | LR: 1.52e-04 | Render_L1: 0.0235 | Alpha_L1: 0.0319 | Render_LPIPS: 0.1551 | GradNorm: 0.5384 | MSE/t: [0.00-0.25]0.576(n=434) [0.25-0.50]0.512(n=1164) [0.50-0.75]0.452(n=1176) [0.75-1.00]0.355(n=426)
2026-04-23 02:33:49,745 - INFO - [render-loss] step=186800 masked 10/16 samples (t_value < 0.40)
2026-04-23 02:35:41,998 - INFO - Step  187000 | Epoch  22 | MSE: 0.4677 | Steps/sec: 1.78 | LR: 1.52e-04 | Render_L1: 0.0234 | Alpha_L1: 0.0308 | Render_LPIPS: 0.1563 | GradNorm: 0.6240 | MSE/t: [0.00-0.25]0.607(n=433) [0.25-0.50]0.508(n=1159) [0.50-0.75]0.415(n=1170) [0.75-1.00]0.365(n=438)
2026-04-23 02:35:50,214 - INFO - [validation] saved: output/jit_JiT-B_8_full_improved_renderprobe/dit_validation/epoch_022_step_0187000_class119.png (class=119, sampler=heun, steps=100)
2026-04-23 02:35:51,138 - INFO - [overrides] applied from jit/configs/overrides.yaml: lr_scale=1.0 max_grad_norm=5.0 P_mean=0.0
2026-04-23 02:35:51,188 - INFO - [render-loss] step=187000 masked 8/16 samples (t_value < 0.40)
2026-04-23 02:37:43,369 - INFO - Step  187200 | Epoch  22 | MSE: 0.4643 | Steps/sec: 1.65 | LR: 1.52e-04 | Render_L1: 0.0234 | Alpha_L1: 0.0306 | Render_LPIPS: 0.1556 | GradNorm: 0.5160 | MSE/t: [0.00-0.25]0.565(n=434) [0.25-0.50]0.509(n=1163) [0.50-0.75]0.420(n=1178) [0.75-1.00]0.362(n=425)
2026-04-23 02:37:43,434 - INFO - [render-loss] step=187200 masked 6/16 samples (t_value < 0.40)
2026-04-23 02:39:35,744 - INFO - Step  187400 | Epoch  22 | MSE: 0.4644 | Steps/sec: 1.78 | LR: 1.52e-04 | Render_L1: 0.0241 | Alpha_L1: 0.0317 | Render_LPIPS: 0.1586 | GradNorm: 0.5598 | MSE/t: [0.00-0.25]0.593(n=433) [0.25-0.50]0.501(n=1157) [0.50-0.75]0.415(n=1204) [0.75-1.00]0.370(n=406)
2026-04-23 02:39:35,806 - INFO - [render-loss] step=187400 masked 9/16 samples (t_value < 0.40)
2026-04-23 02:41:27,476 - INFO - Step  187600 | Epoch  22 | MSE: 0.4631 | Steps/sec: 1.79 | LR: 1.52e-04 | Render_L1: 0.0235 | Alpha_L1: 0.0310 | Render_LPIPS: 0.1570 | GradNorm: 0.5276 | MSE/t: [0.00-0.25]0.567(n=418) [0.25-0.50]0.505(n=1173) [0.50-0.75]0.419(n=1181) [0.75-1.00]0.369(n=428)
2026-04-23 02:41:27,532 - INFO - [render-loss] step=187600 masked 4/16 samples (t_value < 0.40)
2026-04-23 02:43:21,097 - INFO - Step  187800 | Epoch  23 | MSE: 0.4661 | Steps/sec: 1.76 | LR: 1.52e-04 | Render_L1: 0.0236 | Alpha_L1: 0.0312 | Render_LPIPS: 0.1572 | GradNorm: 0.5761 | MSE/t: [0.00-0.25]0.556(n=403) [0.25-0.50]0.506(n=1214) [0.50-0.75]0.424(n=1165) [0.75-1.00]0.379(n=418)
2026-04-23 02:43:21,159 - INFO - [render-loss] step=187800 masked 5/16 samples (t_value < 0.40)
2026-04-23 02:45:13,510 - INFO - Step  188000 | Epoch  23 | MSE: 0.4609 | Steps/sec: 1.78 | LR: 1.51e-04 | Render_L1: 0.0234 | Alpha_L1: 0.0311 | Render_LPIPS: 0.1546 | GradNorm: 0.6083 | MSE/t: [0.00-0.25]0.577(n=452) [0.25-0.50]0.498(n=1168) [0.50-0.75]0.411(n=1160) [0.75-1.00]0.371(n=420)
2026-04-23 02:45:22,114 - INFO - [validation] saved: output/jit_JiT-B_8_full_improved_renderprobe/dit_validation/epoch_023_step_0188000_class078.png (class=78, sampler=heun, steps=100)
2026-04-23 02:45:23,236 - INFO - [overrides] applied from jit/configs/overrides.yaml: lr_scale=1.0 max_grad_norm=5.0 P_mean=0.0
2026-04-23 02:45:23,286 - INFO - [render-loss] step=188000 masked 8/16 samples (t_value < 0.40)
2026-04-23 02:47:15,277 - INFO - Step  188200 | Epoch  23 | MSE: 0.4752 | Steps/sec: 1.64 | LR: 1.51e-04 | Render_L1: 0.0241 | Alpha_L1: 0.0318 | Render_LPIPS: 0.1570 | GradNorm: 0.5860 | MSE/t: [0.00-0.25]0.604(n=452) [0.25-0.50]0.511(n=1179) [0.50-0.75]0.423(n=1117) [0.75-1.00]0.382(n=452)
2026-04-23 02:47:15,336 - INFO - [render-loss] step=188200 masked 5/16 samples (t_value < 0.40)
2026-04-23 02:49:07,607 - INFO - Step  188400 | Epoch  23 | MSE: 0.4663 | Steps/sec: 1.78 | LR: 1.51e-04 | Render_L1: 0.0241 | Alpha_L1: 0.0317 | Render_LPIPS: 0.1603 | GradNorm: 0.5469 | MSE/t: [0.00-0.25]0.565(n=442) [0.25-0.50]0.491(n=1149) [0.50-0.75]0.436(n=1206) [0.75-1.00]0.379(n=403)
2026-04-23 02:49:07,705 - INFO - [render-loss] step=188400 masked 8/16 samples (t_value < 0.40)
2026-04-23 02:51:00,227 - INFO - Step  188600 | Epoch  23 | MSE: 0.4710 | Steps/sec: 1.78 | LR: 1.51e-04 | Render_L1: 0.0238 | Alpha_L1: 0.0309 | Render_LPIPS: 0.1562 | GradNorm: 0.5449 | MSE/t: [0.00-0.25]0.586(n=443) [0.25-0.50]0.519(n=1180) [0.50-0.75]0.411(n=1173) [0.75-1.00]0.377(n=404)
2026-04-23 02:51:00,287 - INFO - [render-loss] step=188600 masked 4/16 samples (t_value < 0.40)
2026-04-23 02:52:52,399 - INFO - Step  188800 | Epoch  23 | MSE: 0.4681 | Steps/sec: 1.78 | LR: 1.51e-04 | Render_L1: 0.0235 | Alpha_L1: 0.0304 | Render_LPIPS: 0.1553 | GradNorm: 0.5296 | MSE/t: [0.00-0.25]0.596(n=413) [0.25-0.50]0.503(n=1235) [0.50-0.75]0.418(n=1116) [0.75-1.00]0.376(n=436)
2026-04-23 02:52:52,457 - INFO - [render-loss] step=188800 masked 6/16 samples (t_value < 0.40)
2026-04-23 02:54:44,804 - INFO - Step  189000 | Epoch  23 | MSE: 0.4724 | Steps/sec: 1.78 | LR: 1.51e-04 | Render_L1: 0.0235 | Alpha_L1: 0.0313 | Render_LPIPS: 0.1568 | GradNorm: 0.5588 | MSE/t: [0.00-0.25]0.621(n=437) [0.25-0.50]0.507(n=1179) [0.50-0.75]0.415(n=1158) [0.75-1.00]0.379(n=426)
2026-04-23 02:54:53,324 - INFO - [validation] saved: output/jit_JiT-B_8_full_improved_renderprobe/dit_validation/epoch_023_step_0189000_class024.png (class=24, sampler=heun, steps=100)
2026-04-23 02:54:54,307 - INFO - [overrides] applied from jit/configs/overrides.yaml: lr_scale=1.0 max_grad_norm=5.0 P_mean=0.0
2026-04-23 02:54:54,359 - INFO - [render-loss] step=189000 masked 8/16 samples (t_value < 0.40)
2026-04-23 02:56:46,701 - INFO - Step  189200 | Epoch  23 | MSE: 0.4687 | Steps/sec: 1.64 | LR: 1.51e-04 | Render_L1: 0.0235 | Alpha_L1: 0.0317 | Render_LPIPS: 0.1565 | GradNorm: 0.5864 | MSE/t: [0.00-0.25]0.595(n=443) [0.25-0.50]0.509(n=1193) [0.50-0.75]0.412(n=1150) [0.75-1.00]0.375(n=414)
2026-04-23 02:56:46,762 - INFO - [render-loss] step=189200 masked 6/16 samples (t_value < 0.40)
2026-04-23 02:58:38,880 - INFO - Step  189400 | Epoch  23 | MSE: 0.4767 | Steps/sec: 1.78 | LR: 1.51e-04 | Render_L1: 0.0244 | Alpha_L1: 0.0320 | Render_LPIPS: 0.1587 | GradNorm: 0.5926 | MSE/t: [0.00-0.25]0.579(n=434) [0.25-0.50]0.510(n=1167) [0.50-0.75]0.446(n=1153) [0.75-1.00]0.369(n=446)
2026-04-23 02:58:38,939 - INFO - [render-loss] step=189400 masked 8/16 samples (t_value < 0.40)
2026-04-23 03:00:30,803 - INFO - Step  189600 | Epoch  23 | MSE: 0.4725 | Steps/sec: 1.79 | LR: 1.51e-04 | Render_L1: 0.0230 | Alpha_L1: 0.0306 | Render_LPIPS: 0.1544 | GradNorm: 0.5363 | MSE/t: [0.00-0.25]0.592(n=430) [0.25-0.50]0.517(n=1208) [0.50-0.75]0.419(n=1116) [0.75-1.00]0.370(n=446)
2026-04-23 03:00:30,861 - INFO - [render-loss] step=189600 masked 6/16 samples (t_value < 0.40)
2026-04-23 03:02:23,188 - INFO - Step  189800 | Epoch  23 | MSE: 0.4743 | Steps/sec: 1.78 | LR: 1.51e-04 | Render_L1: 0.0236 | Alpha_L1: 0.0308 | Render_LPIPS: 0.1552 | GradNorm: 0.5322 | MSE/t: [0.00-0.25]0.623(n=410) [0.25-0.50]0.506(n=1150) [0.50-0.75]0.428(n=1194) [0.75-1.00]0.379(n=446)
2026-04-23 03:02:23,245 - INFO - [render-loss] step=189800 masked 8/16 samples (t_value < 0.40)
2026-04-23 03:04:15,483 - INFO - Step  190000 | Epoch  23 | MSE: 0.4549 | Steps/sec: 1.78 | LR: 1.51e-04 | Render_L1: 0.0229 | Alpha_L1: 0.0305 | Render_LPIPS: 0.1547 | GradNorm: 0.5691 | MSE/t: [0.00-0.25]0.573(n=391) [0.25-0.50]0.507(n=1149) [0.50-0.75]0.408(n=1205) [0.75-1.00]0.346(n=455)
2026-04-23 03:04:23,709 - INFO - [validation] saved: output/jit_JiT-B_8_full_improved_renderprobe/dit_validation/epoch_023_step_0190000_class032.png (class=32, sampler=heun, steps=100)
2026-04-23 03:04:24,665 - INFO - [overrides] applied from jit/configs/overrides.yaml: lr_scale=1.0 max_grad_norm=5.0 P_mean=0.0
2026-04-23 03:04:24,713 - INFO - [render-loss] step=190000 masked 9/16 samples (t_value < 0.40)
2026-04-23 03:06:17,232 - INFO - Step  190200 | Epoch  23 | MSE: 0.4642 | Steps/sec: 1.64 | LR: 1.50e-04 | Render_L1: 0.0235 | Alpha_L1: 0.0311 | Render_LPIPS: 0.1556 | GradNorm: 0.5763 | MSE/t: [0.00-0.25]0.563(n=430) [0.25-0.50]0.515(n=1153) [0.50-0.75]0.411(n=1201) [0.75-1.00]0.373(n=416)
2026-04-23 03:06:17,289 - INFO - [render-loss] step=190200 masked 6/16 samples (t_value < 0.40)
2026-04-23 03:08:09,522 - INFO - Step  190400 | Epoch  23 | MSE: 0.4608 | Steps/sec: 1.78 | LR: 1.50e-04 | Render_L1: 0.0238 | Alpha_L1: 0.0312 | Render_LPIPS: 0.1563 | GradNorm: 0.5849 | MSE/t: [0.00-0.25]0.580(n=433) [0.25-0.50]0.490(n=1164) [0.50-0.75]0.425(n=1151) [0.75-1.00]0.363(n=452)
2026-04-23 03:08:09,580 - INFO - [render-loss] step=190400 masked 8/16 samples (t_value < 0.40)
2026-04-23 03:10:01,588 - INFO - Step  190600 | Epoch  23 | MSE: 0.4670 | Steps/sec: 1.78 | LR: 1.50e-04 | Render_L1: 0.0229 | Alpha_L1: 0.0301 | Render_LPIPS: 0.1549 | GradNorm: 6.9585 | MSE/t: [0.00-0.25]0.572(n=450) [0.25-0.50]0.519(n=1203) [0.50-0.75]0.405(n=1109) [0.75-1.00]0.370(n=438)
2026-04-23 03:10:01,646 - INFO - [render-loss] step=190600 masked 5/16 samples (t_value < 0.40)
2026-04-23 03:11:53,602 - INFO - Step  190800 | Epoch  23 | MSE: 0.4598 | Steps/sec: 1.79 | LR: 1.50e-04 | Render_L1: 0.0230 | Alpha_L1: 0.0310 | Render_LPIPS: 0.1548 | GradNorm: 4.0998 | MSE/t: [0.00-0.25]0.568(n=416) [0.25-0.50]0.502(n=1157) [0.50-0.75]0.418(n=1139) [0.75-1.00]0.365(n=488)
2026-04-23 03:11:53,660 - INFO - [render-loss] step=190800 masked 4/16 samples (t_value < 0.40)
2026-04-23 03:13:46,002 - INFO - Step  191000 | Epoch  23 | MSE: 0.4599 | Steps/sec: 1.78 | LR: 1.50e-04 | Render_L1: 0.0228 | Alpha_L1: 0.0302 | Render_LPIPS: 0.1532 | GradNorm: 0.5737 | MSE/t: [0.00-0.25]0.577(n=406) [0.25-0.50]0.504(n=1142) [0.50-0.75]0.414(n=1219) [0.75-1.00]0.366(n=433)
2026-04-23 03:13:54,222 - INFO - [validation] saved: output/jit_JiT-B_8_full_improved_renderprobe/dit_validation/epoch_023_step_0191000_class088.png (class=88, sampler=heun, steps=100)
2026-04-23 03:13:55,170 - INFO - [overrides] applied from jit/configs/overrides.yaml: lr_scale=1.0 max_grad_norm=5.0 P_mean=0.0
2026-04-23 03:13:55,217 - INFO - [render-loss] step=191000 masked 5/16 samples (t_value < 0.40)
2026-04-23 03:15:47,287 - INFO - Step  191200 | Epoch  23 | MSE: 0.4785 | Steps/sec: 1.65 | LR: 1.50e-04 | Render_L1: 0.0237 | Alpha_L1: 0.0316 | Render_LPIPS: 0.1565 | GradNorm: 0.5743 | MSE/t: [0.00-0.25]0.565(n=485) [0.25-0.50]0.520(n=1163) [0.50-0.75]0.437(n=1134) [0.75-1.00]0.375(n=418)
2026-04-23 03:15:47,346 - INFO - [render-loss] step=191200 masked 10/16 samples (t_value < 0.40)
2026-04-23 03:17:39,493 - INFO - Step  191400 | Epoch  23 | MSE: 0.4590 | Steps/sec: 1.78 | LR: 1.50e-04 | Render_L1: 0.0235 | Alpha_L1: 0.0316 | Render_LPIPS: 0.1559 | GradNorm: 0.5878 | MSE/t: [0.00-0.25]0.570(n=454) [0.25-0.50]0.490(n=1118) [0.50-0.75]0.427(n=1181) [0.75-1.00]0.355(n=447)
2026-04-23 03:17:39,559 - INFO - [render-loss] step=191400 masked 8/16 samples (t_value < 0.40)
2026-04-23 03:19:31,612 - INFO - Step  191600 | Epoch  23 | MSE: 0.4676 | Steps/sec: 1.78 | LR: 1.50e-04 | Render_L1: 0.0232 | Alpha_L1: 0.0303 | Render_LPIPS: 0.1557 | GradNorm: 0.5901 | MSE/t: [0.00-0.25]0.578(n=427) [0.25-0.50]0.516(n=1120) [0.50-0.75]0.423(n=1230) [0.75-1.00]0.358(n=423)
2026-04-23 03:19:31,676 - INFO - [render-loss] step=191600 masked 3/16 samples (t_value < 0.40)
2026-04-23 03:21:24,175 - INFO - Step  191800 | Epoch  23 | MSE: 0.4777 | Steps/sec: 1.78 | LR: 1.50e-04 | Render_L1: 0.0234 | Alpha_L1: 0.0316 | Render_LPIPS: 0.1541 | GradNorm: 0.6551 | MSE/t: [0.00-0.25]0.575(n=499) [0.25-0.50]0.519(n=1155) [0.50-0.75]0.428(n=1119) [0.75-1.00]0.383(n=427)
2026-04-23 03:21:24,253 - INFO - [render-loss] step=191800 masked 3/16 samples (t_value < 0.40)
2026-04-23 03:23:15,950 - INFO - Step  192000 | Epoch  23 | MSE: 0.4669 | Steps/sec: 1.79 | LR: 1.50e-04 | Render_L1: 0.0234 | Alpha_L1: 0.0308 | Render_LPIPS: 0.1553 | GradNorm: 0.5747 | MSE/t: [0.00-0.25]0.587(n=408) [0.25-0.50]0.506(n=1180) [0.50-0.75]0.421(n=1174) [0.75-1.00]0.374(n=438)
2026-04-23 03:23:24,101 - INFO - [validation] saved: output/jit_JiT-B_8_full_improved_renderprobe/dit_validation/epoch_023_step_0192000_class021.png (class=21, sampler=heun, steps=100)
2026-04-23 03:23:25,041 - INFO - [overrides] applied from jit/configs/overrides.yaml: lr_scale=1.0 max_grad_norm=5.0 P_mean=0.0
2026-04-23 03:23:25,090 - INFO - [render-loss] step=192000 masked 8/16 samples (t_value < 0.40)
2026-04-23 03:25:16,771 - INFO - Step  192200 | Epoch  23 | MSE: 0.4662 | Steps/sec: 1.66 | LR: 1.49e-04 | Render_L1: 0.0230 | Alpha_L1: 0.0308 | Render_LPIPS: 0.1548 | GradNorm: 0.5901 | MSE/t: [0.00-0.25]0.606(n=463) [0.25-0.50]0.502(n=1142) [0.50-0.75]0.407(n=1173) [0.75-1.00]0.379(n=422)
2026-04-23 03:25:16,827 - INFO - [render-loss] step=192200 masked 6/16 samples (t_value < 0.40)
2026-04-23 03:27:08,797 - INFO - Step  192400 | Epoch  23 | MSE: 0.4753 | Steps/sec: 1.79 | LR: 1.49e-04 | Render_L1: 0.0243 | Alpha_L1: 0.0325 | Render_LPIPS: 0.1600 | GradNorm: 0.6039 | MSE/t: [0.00-0.25]0.609(n=421) [0.25-0.50]0.507(n=1205) [0.50-0.75]0.438(n=1154) [0.75-1.00]0.353(n=420)
2026-04-23 03:27:08,855 - INFO - [render-loss] step=192400 masked 7/16 samples (t_value < 0.40)
2026-04-23 03:29:01,469 - INFO - Step  192600 | Epoch  23 | MSE: 0.4711 | Steps/sec: 1.78 | LR: 1.49e-04 | Render_L1: 0.0238 | Alpha_L1: 0.0314 | Render_LPIPS: 0.1555 | GradNorm: 0.6214 | MSE/t: [0.00-0.25]0.608(n=394) [0.25-0.50]0.522(n=1195) [0.50-0.75]0.412(n=1178) [0.75-1.00]0.368(n=433)
2026-04-23 03:29:01,527 - INFO - [render-loss] step=192600 masked 8/16 samples (t_value < 0.40)
2026-04-23 03:30:53,340 - INFO - Step  192800 | Epoch  23 | MSE: 0.4641 | Steps/sec: 1.79 | LR: 1.49e-04 | Render_L1: 0.0233 | Alpha_L1: 0.0308 | Render_LPIPS: 0.1546 | GradNorm: 0.5873 | MSE/t: [0.00-0.25]0.559(n=466) [0.25-0.50]0.505(n=1160) [0.50-0.75]0.425(n=1146) [0.75-1.00]0.354(n=428)
2026-04-23 03:30:53,400 - INFO - [render-loss] step=192800 masked 3/16 samples (t_value < 0.40)
2026-04-23 03:32:45,127 - INFO - Step  193000 | Epoch  23 | MSE: 0.4588 | Steps/sec: 1.79 | LR: 1.49e-04 | Render_L1: 0.0231 | Alpha_L1: 0.0307 | Render_LPIPS: 0.1547 | GradNorm: 0.5971 | MSE/t: [0.00-0.25]0.589(n=414) [0.25-0.50]0.501(n=1158) [0.50-0.75]0.410(n=1211) [0.75-1.00]0.353(n=417)
2026-04-23 03:32:53,367 - INFO - [validation] saved: output/jit_JiT-B_8_full_improved_renderprobe/dit_validation/epoch_023_step_0193000_class025.png (class=25, sampler=heun, steps=100)
2026-04-23 03:32:54,488 - INFO - [overrides] applied from jit/configs/overrides.yaml: lr_scale=1.0 max_grad_norm=5.0 P_mean=0.0
2026-04-23 03:32:54,537 - INFO - [render-loss] step=193000 masked 6/16 samples (t_value < 0.40)
2026-04-23 03:34:46,553 - INFO - Step  193200 | Epoch  23 | MSE: 0.4576 | Steps/sec: 1.65 | LR: 1.49e-04 | Render_L1: 0.0227 | Alpha_L1: 0.0300 | Render_LPIPS: 0.1525 | GradNorm: 0.5612 | MSE/t: [0.00-0.25]0.556(n=418) [0.25-0.50]0.496(n=1218) [0.50-0.75]0.413(n=1125) [0.75-1.00]0.371(n=439)
2026-04-23 03:34:46,620 - INFO - [render-loss] step=193200 masked 5/16 samples (t_value < 0.40)
2026-04-23 03:36:38,594 - INFO - Step  193400 | Epoch  23 | MSE: 0.4660 | Steps/sec: 1.79 | LR: 1.49e-04 | Render_L1: 0.0228 | Alpha_L1: 0.0299 | Render_LPIPS: 0.1538 | GradNorm: 0.5939 | MSE/t: [0.00-0.25]0.593(n=455) [0.25-0.50]0.494(n=1135) [0.50-0.75]0.424(n=1197) [0.75-1.00]0.372(n=413)
2026-04-23 03:36:38,658 - INFO - [render-loss] step=193400 masked 3/16 samples (t_value < 0.40)
2026-04-23 03:38:30,864 - INFO - Step  193600 | Epoch  23 | MSE: 0.4614 | Steps/sec: 1.78 | LR: 1.49e-04 | Render_L1: 0.0226 | Alpha_L1: 0.0293 | Render_LPIPS: 0.1520 | GradNorm: 0.5889 | MSE/t: [0.00-0.25]0.553(n=397) [0.25-0.50]0.514(n=1163) [0.50-0.75]0.414(n=1186) [0.75-1.00]0.371(n=454)
2026-04-23 03:38:30,925 - INFO - [render-loss] step=193600 masked 8/16 samples (t_value < 0.40)
2026-04-23 03:40:23,121 - INFO - Step  193800 | Epoch  23 | MSE: 0.4718 | Steps/sec: 1.78 | LR: 1.49e-04 | Render_L1: 0.0237 | Alpha_L1: 0.0307 | Render_LPIPS: 0.1560 | GradNorm: 0.6316 | MSE/t: [0.00-0.25]0.569(n=445) [0.25-0.50]0.509(n=1168) [0.50-0.75]0.432(n=1166) [0.75-1.00]0.378(n=421)
2026-04-23 03:40:23,183 - INFO - [render-loss] step=193800 masked 10/16 samples (t_value < 0.40)
2026-04-23 03:42:15,249 - INFO - Step  194000 | Epoch  23 | MSE: 0.4734 | Steps/sec: 1.78 | LR: 1.49e-04 | Render_L1: 0.0239 | Alpha_L1: 0.0311 | Render_LPIPS: 0.1582 | GradNorm: 0.5973 | MSE/t: [0.00-0.25]0.596(n=445) [0.25-0.50]0.506(n=1200) [0.50-0.75]0.430(n=1130) [0.75-1.00]0.368(n=425)
2026-04-23 03:42:23,408 - INFO - [validation] saved: output/jit_JiT-B_8_full_improved_renderprobe/dit_validation/epoch_023_step_0194000_class051.png (class=51, sampler=heun, steps=100)
2026-04-23 03:42:24,379 - INFO - [overrides] applied from jit/configs/overrides.yaml: lr_scale=1.0 max_grad_norm=5.0 P_mean=0.0
2026-04-23 03:42:24,428 - INFO - [render-loss] step=194000 masked 4/16 samples (t_value < 0.40)
2026-04-23 03:44:16,389 - INFO - Step  194200 | Epoch  23 | MSE: 0.4724 | Steps/sec: 1.65 | LR: 1.49e-04 | Render_L1: 0.0241 | Alpha_L1: 0.0313 | Render_LPIPS: 0.1593 | GradNorm: 0.5760 | MSE/t: [0.00-0.25]0.595(n=407) [0.25-0.50]0.508(n=1165) [0.50-0.75]0.426(n=1176) [0.75-1.00]0.391(n=452)
2026-04-23 03:44:16,447 - INFO - [render-loss] step=194200 masked 4/16 samples (t_value < 0.40)
2026-04-23 03:46:08,337 - INFO - Step  194400 | Epoch  23 | MSE: 0.4645 | Steps/sec: 1.79 | LR: 1.48e-04 | Render_L1: 0.0230 | Alpha_L1: 0.0301 | Render_LPIPS: 0.1535 | GradNorm: 0.6203 | MSE/t: [0.00-0.25]0.571(n=450) [0.25-0.50]0.497(n=1143) [0.50-0.75]0.426(n=1179) [0.75-1.00]0.371(n=428)
2026-04-23 03:46:08,394 - INFO - [render-loss] step=194400 masked 5/16 samples (t_value < 0.40)
2026-04-23 03:48:00,455 - INFO - Step  194600 | Epoch  23 | MSE: 0.4669 | Steps/sec: 1.78 | LR: 1.48e-04 | Render_L1: 0.0236 | Alpha_L1: 0.0310 | Render_LPIPS: 0.1561 | GradNorm: 0.5891 | MSE/t: [0.00-0.25]0.573(n=475) [0.25-0.50]0.508(n=1185) [0.50-0.75]0.407(n=1151) [0.75-1.00]0.388(n=389)
2026-04-23 03:48:00,513 - INFO - [render-loss] step=194600 masked 6/16 samples (t_value < 0.40)
2026-04-23 03:49:52,883 - INFO - Step  194800 | Epoch  23 | MSE: 0.4690 | Steps/sec: 1.78 | LR: 1.48e-04 | Render_L1: 0.0230 | Alpha_L1: 0.0313 | Render_LPIPS: 0.1550 | GradNorm: 0.6211 | MSE/t: [0.00-0.25]0.579(n=462) [0.25-0.50]0.497(n=1188) [0.50-0.75]0.427(n=1133) [0.75-1.00]0.381(n=417)
2026-04-23 03:49:52,940 - INFO - [render-loss] step=194800 masked 7/16 samples (t_value < 0.40)
2026-04-23 03:51:45,366 - INFO - Step  195000 | Epoch  23 | MSE: 0.4556 | Steps/sec: 1.78 | LR: 1.48e-04 | Render_L1: 0.0228 | Alpha_L1: 0.0303 | Render_LPIPS: 0.1521 | GradNorm: 0.6022 | MSE/t: [0.00-0.25]0.573(n=400) [0.25-0.50]0.503(n=1151) [0.50-0.75]0.408(n=1209) [0.75-1.00]0.355(n=440)
2026-04-23 03:51:53,585 - INFO - [validation] saved: output/jit_JiT-B_8_full_improved_renderprobe/dit_validation/epoch_023_step_0195000_class115.png (class=115, sampler=heun, steps=100)
2026-04-23 03:51:54,551 - INFO - [overrides] applied from jit/configs/overrides.yaml: lr_scale=1.0 max_grad_norm=5.0 P_mean=0.0
2026-04-23 03:51:54,602 - INFO - [render-loss] step=195000 masked 6/16 samples (t_value < 0.40)
2026-04-23 03:53:46,180 - INFO - Step  195200 | Epoch  23 | MSE: 0.4676 | Steps/sec: 1.66 | LR: 1.48e-04 | Render_L1: 0.0240 | Alpha_L1: 0.0307 | Render_LPIPS: 0.1572 | GradNorm: 0.6143 | MSE/t: [0.00-0.25]0.574(n=482) [0.25-0.50]0.509(n=1100) [0.50-0.75]0.425(n=1188) [0.75-1.00]0.359(n=430)
2026-04-23 03:53:46,263 - INFO - [render-loss] step=195200 masked 9/16 samples (t_value < 0.40)
2026-04-23 03:55:38,185 - INFO - Step  195400 | Epoch  23 | MSE: 0.4718 | Steps/sec: 1.79 | LR: 1.48e-04 | Render_L1: 0.0234 | Alpha_L1: 0.0307 | Render_LPIPS: 0.1550 | GradNorm: 0.6409 | MSE/t: [0.00-0.25]0.575(n=417) [0.25-0.50]0.511(n=1191) [0.50-0.75]0.432(n=1165) [0.75-1.00]0.371(n=427)
2026-04-23 03:55:38,244 - INFO - [render-loss] step=195400 masked 7/16 samples (t_value < 0.40)
2026-04-23 03:57:30,217 - INFO - Step  195600 | Epoch  23 | MSE: 0.4606 | Steps/sec: 1.79 | LR: 1.48e-04 | Render_L1: 0.0227 | Alpha_L1: 0.0300 | Render_LPIPS: 0.1524 | GradNorm: 0.6218 | MSE/t: [0.00-0.25]0.574(n=467) [0.25-0.50]0.504(n=1132) [0.50-0.75]0.409(n=1171) [0.75-1.00]0.363(n=430)
2026-04-23 03:57:30,275 - INFO - [render-loss] step=195600 masked 6/16 samples (t_value < 0.40)
2026-04-23 03:59:23,561 - INFO - Step  195800 | Epoch  24 | MSE: 0.4723 | Steps/sec: 1.76 | LR: 1.48e-04 | Render_L1: 0.0229 | Alpha_L1: 0.0303 | Render_LPIPS: 0.1535 | GradNorm: 0.6048 | MSE/t: [0.00-0.25]0.583(n=455) [0.25-0.50]0.518(n=1155) [0.50-0.75]0.420(n=1170) [0.75-1.00]0.372(n=420)
2026-04-23 03:59:23,620 - INFO - [render-loss] step=195800 masked 5/16 samples (t_value < 0.40)
2026-04-23 04:01:15,717 - INFO - Step  196000 | Epoch  24 | MSE: 0.4727 | Steps/sec: 1.78 | LR: 1.48e-04 | Render_L1: 0.0233 | Alpha_L1: 0.0308 | Render_LPIPS: 0.1551 | GradNorm: 0.6548 | MSE/t: [0.00-0.25]0.575(n=455) [0.25-0.50]0.516(n=1104) [0.50-0.75]0.426(n=1207) [0.75-1.00]0.385(n=434)
2026-04-23 04:01:23,832 - INFO - [validation] saved: output/jit_JiT-B_8_full_improved_renderprobe/dit_validation/epoch_024_step_0196000_class118.png (class=118, sampler=heun, steps=100)
2026-04-23 04:01:24,789 - INFO - [overrides] applied from jit/configs/overrides.yaml: lr_scale=1.0 max_grad_norm=5.0 P_mean=0.0
2026-04-23 04:01:24,839 - INFO - [render-loss] step=196000 masked 5/16 samples (t_value < 0.40)
2026-04-23 04:03:16,848 - INFO - Step  196200 | Epoch  24 | MSE: 0.4645 | Steps/sec: 1.65 | LR: 1.48e-04 | Render_L1: 0.0232 | Alpha_L1: 0.0304 | Render_LPIPS: 0.1542 | GradNorm: 0.6140 | MSE/t: [0.00-0.25]0.555(n=446) [0.25-0.50]0.508(n=1139) [0.50-0.75]0.418(n=1200) [0.75-1.00]0.382(n=415)
2026-04-23 04:03:16,907 - INFO - [render-loss] step=196200 masked 3/16 samples (t_value < 0.40)
2026-04-23 04:05:08,893 - INFO - Step  196400 | Epoch  24 | MSE: 0.4631 | Steps/sec: 1.79 | LR: 1.47e-04 | Render_L1: 0.0227 | Alpha_L1: 0.0313 | Render_LPIPS: 0.1524 | GradNorm: 0.6976 | MSE/t: [0.00-0.25]0.581(n=457) [0.25-0.50]0.492(n=1132) [0.50-0.75]0.420(n=1188) [0.75-1.00]0.379(n=423)
2026-04-23 04:05:08,951 - INFO - [render-loss] step=196400 masked 6/16 samples (t_value < 0.40)
2026-04-23 04:07:00,945 - INFO - Step  196600 | Epoch  24 | MSE: 0.4673 | Steps/sec: 1.78 | LR: 1.47e-04 | Render_L1: 0.0226 | Alpha_L1: 0.0294 | Render_LPIPS: 0.1538 | GradNorm: 0.6231 | MSE/t: [0.00-0.25]0.558(n=415) [0.25-0.50]0.517(n=1208) [0.50-0.75]0.414(n=1146) [0.75-1.00]0.381(n=431)
2026-04-23 04:07:01,003 - INFO - [render-loss] step=196600 masked 6/16 samples (t_value < 0.40)
2026-04-23 04:08:53,356 - INFO - Step  196800 | Epoch  24 | MSE: 0.4728 | Steps/sec: 1.78 | LR: 1.47e-04 | Render_L1: 0.0229 | Alpha_L1: 0.0306 | Render_LPIPS: 0.1536 | GradNorm: 25.0771 | MSE/t: [0.00-0.25]0.557(n=432) [0.25-0.50]0.514(n=1167) [0.50-0.75]0.442(n=1145) [0.75-1.00]0.366(n=456)
2026-04-23 04:08:53,415 - INFO - [render-loss] step=196800 masked 5/16 samples (t_value < 0.40)
2026-04-23 04:10:45,242 - INFO - Step  197000 | Epoch  24 | MSE: 0.4703 | Steps/sec: 1.79 | LR: 1.47e-04 | Render_L1: 0.0237 | Alpha_L1: 0.0310 | Render_LPIPS: 0.1572 | GradNorm: 0.6496 | MSE/t: [0.00-0.25]0.595(n=445) [0.25-0.50]0.506(n=1166) [0.50-0.75]0.419(n=1193) [0.75-1.00]0.379(n=396)
2026-04-23 04:10:53,448 - INFO - [validation] saved: output/jit_JiT-B_8_full_improved_renderprobe/dit_validation/epoch_024_step_0197000_class020.png (class=20, sampler=heun, steps=100)
2026-04-23 04:10:54,401 - INFO - [overrides] applied from jit/configs/overrides.yaml: lr_scale=1.0 max_grad_norm=5.0 P_mean=0.0
2026-04-23 04:10:54,450 - INFO - [render-loss] step=197000 masked 6/16 samples (t_value < 0.40)
2026-04-23 04:12:46,889 - INFO - Step  197200 | Epoch  24 | MSE: 0.4732 | Steps/sec: 1.64 | LR: 1.47e-04 | Render_L1: 0.0237 | Alpha_L1: 0.0312 | Render_LPIPS: 0.1559 | GradNorm: 2.8520 | MSE/t: [0.00-0.25]0.582(n=457) [0.25-0.50]0.505(n=1213) [0.50-0.75]0.433(n=1098) [0.75-1.00]0.372(n=432)
2026-04-23 04:12:46,947 - INFO - [render-loss] step=197200 masked 5/16 samples (t_value < 0.40)
2026-04-23 04:14:39,000 - INFO - Step  197400 | Epoch  24 | MSE: 0.4672 | Steps/sec: 1.78 | LR: 1.47e-04 | Render_L1: 0.0230 | Alpha_L1: 0.0310 | Render_LPIPS: 0.1552 | GradNorm: 0.6259 | MSE/t: [0.00-0.25]0.581(n=444) [0.25-0.50]0.503(n=1114) [0.50-0.75]0.422(n=1202) [0.75-1.00]0.385(n=440)
2026-04-23 04:14:39,056 - INFO - [render-loss] step=197400 masked 6/16 samples (t_value < 0.40)
2026-04-23 04:16:31,338 - INFO - Step  197600 | Epoch  24 | MSE: 0.4713 | Steps/sec: 1.78 | LR: 1.47e-04 | Render_L1: 0.0241 | Alpha_L1: 0.0317 | Render_LPIPS: 0.1580 | GradNorm: 0.9102 | MSE/t: [0.00-0.25]0.577(n=433) [0.25-0.50]0.494(n=1161) [0.50-0.75]0.443(n=1196) [0.75-1.00]0.378(n=410)
2026-04-23 04:16:31,398 - INFO - [render-loss] step=197600 masked 4/16 samples (t_value < 0.40)
2026-04-23 04:18:23,294 - INFO - Step  197800 | Epoch  24 | MSE: 0.4711 | Steps/sec: 1.79 | LR: 1.47e-04 | Render_L1: 0.0234 | Alpha_L1: 0.0308 | Render_LPIPS: 0.1569 | GradNorm: 0.6546 | MSE/t: [0.00-0.25]0.574(n=420) [0.25-0.50]0.513(n=1168) [0.50-0.75]0.423(n=1197) [0.75-1.00]0.389(n=415)
2026-04-23 04:18:23,358 - INFO - [render-loss] step=197800 masked 8/16 samples (t_value < 0.40)
2026-04-23 04:20:15,538 - INFO - Step  198000 | Epoch  24 | MSE: 0.4762 | Steps/sec: 1.78 | LR: 1.47e-04 | Render_L1: 0.0236 | Alpha_L1: 0.0304 | Render_LPIPS: 0.1558 | GradNorm: 0.6407 | MSE/t: [0.00-0.25]0.627(n=419) [0.25-0.50]0.508(n=1126) [0.50-0.75]0.426(n=1228) [0.75-1.00]0.390(n=427)
2026-04-23 04:20:23,745 - INFO - [validation] saved: output/jit_JiT-B_8_full_improved_renderprobe/dit_validation/epoch_024_step_0198000_class029.png (class=29, sampler=heun, steps=100)
2026-04-23 04:20:24,725 - INFO - [overrides] applied from jit/configs/overrides.yaml: lr_scale=1.0 max_grad_norm=5.0 P_mean=0.0
2026-04-23 04:20:24,773 - INFO - [render-loss] step=198000 masked 5/16 samples (t_value < 0.40)
2026-04-23 04:22:16,888 - INFO - Step  198200 | Epoch  24 | MSE: 0.4722 | Steps/sec: 1.65 | LR: 1.47e-04 | Render_L1: 0.0234 | Alpha_L1: 0.0302 | Render_LPIPS: 0.1546 | GradNorm: 0.6778 | MSE/t: [0.00-0.25]0.625(n=423) [0.25-0.50]0.498(n=1201) [0.50-0.75]0.430(n=1132) [0.75-1.00]0.363(n=444)
2026-04-23 04:22:16,956 - INFO - [render-loss] step=198200 masked 8/16 samples (t_value < 0.40)
2026-04-23 04:24:08,853 - INFO - Step  198400 | Epoch  24 | MSE: 0.4606 | Steps/sec: 1.79 | LR: 1.47e-04 | Render_L1: 0.0219 | Alpha_L1: 0.0291 | Render_LPIPS: 0.1488 | GradNorm: 0.6145 | MSE/t: [0.00-0.25]0.583(n=433) [0.25-0.50]0.497(n=1194) [0.50-0.75]0.415(n=1147) [0.75-1.00]0.357(n=426)
2026-04-23 04:24:08,915 - INFO - [render-loss] step=198400 masked 8/16 samples (t_value < 0.40)
2026-04-23 04:26:00,856 - INFO - Step  198600 | Epoch  24 | MSE: 0.4603 | Steps/sec: 1.79 | LR: 1.46e-04 | Render_L1: 0.0224 | Alpha_L1: 0.0290 | Render_LPIPS: 0.1512 | GradNorm: 0.6432 | MSE/t: [0.00-0.25]0.561(n=420) [0.25-0.50]0.513(n=1154) [0.50-0.75]0.409(n=1180) [0.75-1.00]0.365(n=446)
2026-04-23 04:26:00,918 - INFO - [render-loss] step=198600 masked 4/16 samples (t_value < 0.40)
2026-04-23 04:27:52,885 - INFO - Step  198800 | Epoch  24 | MSE: 0.4671 | Steps/sec: 1.79 | LR: 1.46e-04 | Render_L1: 0.0240 | Alpha_L1: 0.0308 | Render_LPIPS: 0.1565 | GradNorm: 0.6659 | MSE/t: [0.00-0.25]0.574(n=453) [0.25-0.50]0.504(n=1145) [0.50-0.75]0.423(n=1184) [0.75-1.00]0.375(n=418)
2026-04-23 04:27:52,971 - INFO - [render-loss] step=198800 masked 5/16 samples (t_value < 0.40)
2026-04-23 04:29:44,679 - INFO - Step  199000 | Epoch  24 | MSE: 0.4758 | Steps/sec: 1.79 | LR: 1.46e-04 | Render_L1: 0.0224 | Alpha_L1: 0.0291 | Render_LPIPS: 0.1503 | GradNorm: 0.6652 | MSE/t: [0.00-0.25]0.636(n=456) [0.25-0.50]0.508(n=1155) [0.50-0.75]0.413(n=1129) [0.75-1.00]0.389(n=460)
2026-04-23 04:29:52,793 - INFO - [validation] saved: output/jit_JiT-B_8_full_improved_renderprobe/dit_validation/epoch_024_step_0199000_class092.png (class=92, sampler=heun, steps=100)
2026-04-23 04:29:53,768 - INFO - [overrides] applied from jit/configs/overrides.yaml: lr_scale=1.0 max_grad_norm=5.0 P_mean=0.0
2026-04-23 04:29:53,821 - INFO - [render-loss] step=199000 masked 7/16 samples (t_value < 0.40)
2026-04-23 04:31:46,041 - INFO - Step  199200 | Epoch  24 | MSE: 0.4814 | Steps/sec: 1.65 | LR: 1.46e-04 | Render_L1: 0.0240 | Alpha_L1: 0.0307 | Render_LPIPS: 0.1586 | GradNorm: 0.6756 | MSE/t: [0.00-0.25]0.595(n=491) [0.25-0.50]0.506(n=1169) [0.50-0.75]0.435(n=1141) [0.75-1.00]0.402(n=399)
2026-04-23 04:31:46,120 - INFO - [render-loss] step=199200 masked 4/16 samples (t_value < 0.40)
2026-04-23 04:33:38,267 - INFO - Step  199400 | Epoch  24 | MSE: 0.4597 | Steps/sec: 1.78 | LR: 1.46e-04 | Render_L1: 0.0228 | Alpha_L1: 0.0296 | Render_LPIPS: 0.1502 | GradNorm: 0.6434 | MSE/t: [0.00-0.25]0.556(n=436) [0.25-0.50]0.514(n=1141) [0.50-0.75]0.401(n=1178) [0.75-1.00]0.384(n=445)
2026-04-23 04:33:38,325 - INFO - [render-loss] step=199400 masked 6/16 samples (t_value < 0.40)
2026-04-23 04:35:30,187 - INFO - Step  199600 | Epoch  24 | MSE: 0.4661 | Steps/sec: 1.79 | LR: 1.46e-04 | Render_L1: 0.0229 | Alpha_L1: 0.0306 | Render_LPIPS: 0.1531 | GradNorm: 0.6394 | MSE/t: [0.00-0.25]0.586(n=460) [0.25-0.50]0.504(n=1141) [0.50-0.75]0.411(n=1172) [0.75-1.00]0.387(n=427)
2026-04-23 04:35:30,245 - INFO - [render-loss] step=199600 masked 5/16 samples (t_value < 0.40)
2026-04-23 04:37:22,282 - INFO - Step  199800 | Epoch  24 | MSE: 0.4701 | Steps/sec: 1.78 | LR: 1.46e-04 | Render_L1: 0.0231 | Alpha_L1: 0.0307 | Render_LPIPS: 0.1539 | GradNorm: 1.2321 | MSE/t: [0.00-0.25]0.598(n=434) [0.25-0.50]0.517(n=1180) [0.50-0.75]0.412(n=1147) [0.75-1.00]0.370(n=439)
2026-04-23 04:37:22,347 - INFO - [render-loss] step=199800 masked 8/16 samples (t_value < 0.40)
2026-04-23 04:39:14,478 - INFO - Step  200000 | Epoch  24 | MSE: 0.4668 | Steps/sec: 1.78 | LR: 1.46e-04 | Render_L1: 0.0224 | Alpha_L1: 0.0294 | Render_LPIPS: 0.1511 | GradNorm: 0.6147 | MSE/t: [0.00-0.25]0.578(n=443) [0.25-0.50]0.524(n=1158) [0.50-0.75]0.404(n=1185) [0.75-1.00]0.367(n=414)
2026-04-23 04:39:16,887 - INFO - Saved checkpoint to output/jit_JiT-B_8_full_improved_renderprobe/0200000.pt
2026-04-23 04:39:16,981 - INFO - [cond] cfg_signal=0.0635 | class_signal=0.0726 | pred_rms=0.5994
2026-04-23 04:39:25,121 - INFO - [validation] saved: output/jit_JiT-B_8_full_improved_renderprobe/dit_validation/epoch_024_step_0200000_class031.png (class=31, sampler=heun, steps=100)
2026-04-23 04:39:26,276 - INFO - [overrides] applied from jit/configs/overrides.yaml: lr_scale=1.0 max_grad_norm=5.0 P_mean=0.0
2026-04-23 04:39:26,324 - INFO - [render-loss] step=200000 masked 11/16 samples (t_value < 0.40)
2026-04-23 04:41:18,223 - INFO - Step  200200 | Epoch  24 | MSE: 0.4634 | Steps/sec: 1.62 | LR: 1.46e-04 | Render_L1: 0.0222 | Alpha_L1: 0.0296 | Render_LPIPS: 0.1509 | GradNorm: 0.6538 | MSE/t: [0.00-0.25]0.569(n=446) [0.25-0.50]0.508(n=1197) [0.50-0.75]0.405(n=1136) [0.75-1.00]0.384(n=421)
2026-04-23 04:41:18,296 - INFO - [render-loss] step=200200 masked 5/16 samples (t_value < 0.40)
2026-04-23 04:43:10,149 - INFO - Step  200400 | Epoch  24 | MSE: 0.4709 | Steps/sec: 1.79 | LR: 1.46e-04 | Render_L1: 0.0236 | Alpha_L1: 0.0313 | Render_LPIPS: 0.1545 | GradNorm: 0.6601 | MSE/t: [0.00-0.25]0.611(n=460) [0.25-0.50]0.510(n=1122) [0.50-0.75]0.428(n=1158) [0.75-1.00]0.344(n=460)
2026-04-23 04:43:10,207 - INFO - [render-loss] step=200400 masked 6/16 samples (t_value < 0.40)
2026-04-23 04:45:02,526 - INFO - Step  200600 | Epoch  24 | MSE: 0.4647 | Steps/sec: 1.78 | LR: 1.45e-04 | Render_L1: 0.0229 | Alpha_L1: 0.0298 | Render_LPIPS: 0.1534 | GradNorm: 0.6520 | MSE/t: [0.00-0.25]0.558(n=422) [0.25-0.50]0.507(n=1178) [0.50-0.75]0.417(n=1162) [0.75-1.00]0.385(n=438)
2026-04-23 04:45:02,593 - INFO - [render-loss] step=200600 masked 3/16 samples (t_value < 0.40)
2026-04-23 04:46:54,463 - INFO - Step  200800 | Epoch  24 | MSE: 0.4591 | Steps/sec: 1.79 | LR: 1.45e-04 | Render_L1: 0.0221 | Alpha_L1: 0.0283 | Render_LPIPS: 0.1509 | GradNorm: 0.6259 | MSE/t: [0.00-0.25]0.564(n=419) [0.25-0.50]0.498(n=1148) [0.50-0.75]0.410(n=1196) [0.75-1.00]0.392(n=437)
2026-04-23 04:46:54,529 - INFO - [render-loss] step=200800 masked 6/16 samples (t_value < 0.40)
2026-04-23 04:48:46,407 - INFO - Step  201000 | Epoch  24 | MSE: 0.4783 | Steps/sec: 1.79 | LR: 1.45e-04 | Render_L1: 0.0234 | Alpha_L1: 0.0306 | Render_LPIPS: 0.1561 | GradNorm: 0.6557 | MSE/t: [0.00-0.25]0.589(n=475) [0.25-0.50]0.534(n=1164) [0.50-0.75]0.413(n=1132) [0.75-1.00]0.377(n=429)
2026-04-23 04:48:54,593 - INFO - [validation] saved: output/jit_JiT-B_8_full_improved_renderprobe/dit_validation/epoch_024_step_0201000_class082.png (class=82, sampler=heun, steps=100)
2026-04-23 04:48:55,581 - INFO - [overrides] applied from jit/configs/overrides.yaml: lr_scale=1.0 max_grad_norm=5.0 P_mean=0.0
2026-04-23 04:48:55,631 - INFO - [render-loss] step=201000 masked 6/16 samples (t_value < 0.40)
2026-04-23 04:50:47,399 - INFO - Step  201200 | Epoch  24 | MSE: 0.4716 | Steps/sec: 1.65 | LR: 1.45e-04 | Render_L1: 0.0226 | Alpha_L1: 0.0298 | Render_LPIPS: 0.1536 | GradNorm: 0.6644 | MSE/t: [0.00-0.25]0.566(n=428) [0.25-0.50]0.519(n=1150) [0.50-0.75]0.427(n=1182) [0.75-1.00]0.377(n=440)
2026-04-23 04:50:47,462 - INFO - [render-loss] step=201200 masked 7/16 samples (t_value < 0.40)
2026-04-23 04:52:39,265 - INFO - Step  201400 | Epoch  24 | MSE: 0.4843 | Steps/sec: 1.79 | LR: 1.45e-04 | Render_L1: 0.0235 | Alpha_L1: 0.0305 | Render_LPIPS: 0.1555 | GradNorm: 0.7067 | MSE/t: [0.00-0.25]0.632(n=457) [0.25-0.50]0.530(n=1147) [0.50-0.75]0.426(n=1141) [0.75-1.00]0.367(n=455)
2026-04-23 04:52:39,324 - INFO - [render-loss] step=201400 masked 6/16 samples (t_value < 0.40)
2026-04-23 04:54:31,873 - INFO - Step  201600 | Epoch  24 | MSE: 0.4744 | Steps/sec: 1.78 | LR: 1.45e-04 | Render_L1: 0.0229 | Alpha_L1: 0.0301 | Render_LPIPS: 0.1536 | GradNorm: 0.6824 | MSE/t: [0.00-0.25]0.583(n=441) [0.25-0.50]0.520(n=1167) [0.50-0.75]0.425(n=1147) [0.75-1.00]0.374(n=445)
2026-04-23 04:54:31,931 - INFO - [render-loss] step=201600 masked 6/16 samples (t_value < 0.40)
2026-04-23 04:56:23,698 - INFO - Step  201800 | Epoch  24 | MSE: 0.4600 | Steps/sec: 1.79 | LR: 1.45e-04 | Render_L1: 0.0232 | Alpha_L1: 0.0303 | Render_LPIPS: 0.1534 | GradNorm: 0.6488 | MSE/t: [0.00-0.25]0.583(n=449) [0.25-0.50]0.502(n=1166) [0.50-0.75]0.410(n=1148) [0.75-1.00]0.352(n=437)
2026-04-23 04:56:23,755 - INFO - [render-loss] step=201800 masked 7/16 samples (t_value < 0.40)
2026-04-23 04:58:15,696 - INFO - Step  202000 | Epoch  24 | MSE: 0.4659 | Steps/sec: 1.79 | LR: 1.45e-04 | Render_L1: 0.0230 | Alpha_L1: 0.0301 | Render_LPIPS: 0.1537 | GradNorm: 0.6937 | MSE/t: [0.00-0.25]0.556(n=461) [0.25-0.50]0.503(n=1131) [0.50-0.75]0.437(n=1197) [0.75-1.00]0.347(n=411)
2026-04-23 04:58:24,115 - INFO - [validation] saved: output/jit_JiT-B_8_full_improved_renderprobe/dit_validation/epoch_024_step_0202000_class044.png (class=44, sampler=heun, steps=100)
2026-04-23 04:58:25,121 - INFO - [overrides] applied from jit/configs/overrides.yaml: lr_scale=1.0 max_grad_norm=5.0 P_mean=0.0
2026-04-23 04:58:25,171 - INFO - [render-loss] step=202000 masked 8/16 samples (t_value < 0.40)
2026-04-23 05:00:16,964 - INFO - Step  202200 | Epoch  24 | MSE: 0.4671 | Steps/sec: 1.65 | LR: 1.45e-04 | Render_L1: 0.0220 | Alpha_L1: 0.0293 | Render_LPIPS: 0.1510 | GradNorm: 0.6569 | MSE/t: [0.00-0.25]0.574(n=420) [0.25-0.50]0.525(n=1177) [0.50-0.75]0.407(n=1158) [0.75-1.00]0.370(n=445)
2026-04-23 05:00:17,024 - INFO - [render-loss] step=202200 masked 3/16 samples (t_value < 0.40)
2026-04-23 05:02:08,809 - INFO - Step  202400 | Epoch  24 | MSE: 0.4648 | Steps/sec: 1.79 | LR: 1.45e-04 | Render_L1: 0.0228 | Alpha_L1: 0.0300 | Render_LPIPS: 0.1528 | GradNorm: 0.6466 | MSE/t: [0.00-0.25]0.584(n=449) [0.25-0.50]0.504(n=1191) [0.50-0.75]0.403(n=1137) [0.75-1.00]0.396(n=423)
2026-04-23 05:02:08,869 - INFO - [render-loss] step=202400 masked 4/16 samples (t_value < 0.40)
2026-04-23 05:04:00,711 - INFO - Step  202600 | Epoch  24 | MSE: 0.4602 | Steps/sec: 1.79 | LR: 1.44e-04 | Render_L1: 0.0227 | Alpha_L1: 0.0298 | Render_LPIPS: 0.1526 | GradNorm: 0.6462 | MSE/t: [0.00-0.25]0.556(n=442) [0.25-0.50]0.498(n=1152) [0.50-0.75]0.419(n=1158) [0.75-1.00]0.375(n=448)
2026-04-23 05:04:00,770 - INFO - [render-loss] step=202600 masked 5/16 samples (t_value < 0.40)
2026-04-23 05:05:52,856 - INFO - Step  202800 | Epoch  24 | MSE: 0.4620 | Steps/sec: 1.78 | LR: 1.44e-04 | Render_L1: 0.0223 | Alpha_L1: 0.0301 | Render_LPIPS: 0.1502 | GradNorm: 0.6466 | MSE/t: [0.00-0.25]0.596(n=429) [0.25-0.50]0.502(n=1135) [0.50-0.75]0.403(n=1245) [0.75-1.00]0.386(n=391)
2026-04-23 05:05:52,915 - INFO - [render-loss] step=202800 masked 5/16 samples (t_value < 0.40)
2026-04-23 05:07:44,689 - INFO - Step  203000 | Epoch  24 | MSE: 0.4628 | Steps/sec: 1.79 | LR: 1.44e-04 | Render_L1: 0.0230 | Alpha_L1: 0.0301 | Render_LPIPS: 0.1516 | GradNorm: 6.9792 | MSE/t: [0.00-0.25]0.574(n=447) [0.25-0.50]0.501(n=1213) [0.50-0.75]0.412(n=1112) [0.75-1.00]0.368(n=428)
2026-04-23 05:07:53,102 - INFO - [validation] saved: output/jit_JiT-B_8_full_improved_renderprobe/dit_validation/epoch_024_step_0203000_class043.png (class=43, sampler=heun, steps=100)
2026-04-23 05:07:54,104 - INFO - [overrides] applied from jit/configs/overrides.yaml: lr_scale=1.0 max_grad_norm=5.0 P_mean=0.0
2026-04-23 05:07:54,153 - INFO - [render-loss] step=203000 masked 5/16 samples (t_value < 0.40)
2026-04-23 05:09:46,209 - INFO - Step  203200 | Epoch  24 | MSE: 0.4714 | Steps/sec: 1.65 | LR: 1.44e-04 | Render_L1: 0.0230 | Alpha_L1: 0.0300 | Render_LPIPS: 0.1531 | GradNorm: 0.6676 | MSE/t: [0.00-0.25]0.597(n=439) [0.25-0.50]0.511(n=1142) [0.50-0.75]0.429(n=1147) [0.75-1.00]0.363(n=472)
2026-04-23 05:09:46,268 - INFO - [render-loss] step=203200 masked 3/16 samples (t_value < 0.40)
2026-04-23 05:11:38,094 - INFO - Step  203400 | Epoch  24 | MSE: 0.4753 | Steps/sec: 1.79 | LR: 1.44e-04 | Render_L1: 0.0225 | Alpha_L1: 0.0296 | Render_LPIPS: 0.1522 | GradNorm: 0.6701 | MSE/t: [0.00-0.25]0.614(n=458) [0.25-0.50]0.511(n=1177) [0.50-0.75]0.418(n=1102) [0.75-1.00]0.384(n=463)
2026-04-23 05:11:38,153 - INFO - [render-loss] step=203400 masked 6/16 samples (t_value < 0.40)
2026-04-23 05:13:31,691 - INFO - Step  203600 | Epoch  25 | MSE: 0.4733 | Steps/sec: 1.76 | LR: 1.44e-04 | Render_L1: 0.0233 | Alpha_L1: 0.0305 | Render_LPIPS: 0.1559 | GradNorm: 0.6664 | MSE/t: [0.00-0.25]0.574(n=404) [0.25-0.50]0.517(n=1220) [0.50-0.75]0.427(n=1165) [0.75-1.00]0.375(n=411)
2026-04-23 05:13:31,758 - INFO - [render-loss] step=203600 masked 8/16 samples (t_value < 0.40)
2026-04-23 05:15:23,154 - INFO - Step  203800 | Epoch  25 | MSE: 0.4745 | Steps/sec: 1.79 | LR: 1.44e-04 | Render_L1: 0.0229 | Alpha_L1: 0.0301 | Render_LPIPS: 0.1523 | GradNorm: 0.6590 | MSE/t: [0.00-0.25]0.568(n=445) [0.25-0.50]0.519(n=1169) [0.50-0.75]0.425(n=1150) [0.75-1.00]0.392(n=436)
2026-04-23 05:15:23,210 - INFO - [render-loss] step=203800 masked 6/16 samples (t_value < 0.40)
2026-04-23 05:17:15,359 - INFO - Step  204000 | Epoch  25 | MSE: 0.4735 | Steps/sec: 1.78 | LR: 1.44e-04 | Render_L1: 0.0234 | Alpha_L1: 0.0303 | Render_LPIPS: 0.1548 | GradNorm: 0.6906 | MSE/t: [0.00-0.25]0.587(n=414) [0.25-0.50]0.521(n=1149) [0.50-0.75]0.429(n=1192) [0.75-1.00]0.365(n=445)
2026-04-23 05:17:23,549 - INFO - [validation] saved: output/jit_JiT-B_8_full_improved_renderprobe/dit_validation/epoch_025_step_0204000_class089.png (class=89, sampler=heun, steps=100)
2026-04-23 05:17:24,540 - INFO - [overrides] applied from jit/configs/overrides.yaml: lr_scale=1.0 max_grad_norm=5.0 P_mean=0.0
2026-04-23 05:17:24,588 - INFO - [render-loss] step=204000 masked 6/16 samples (t_value < 0.40)
2026-04-23 05:19:16,997 - INFO - Step  204200 | Epoch  25 | MSE: 0.4644 | Steps/sec: 1.64 | LR: 1.44e-04 | Render_L1: 0.0223 | Alpha_L1: 0.0298 | Render_LPIPS: 0.1511 | GradNorm: 0.6207 | MSE/t: [0.00-0.25]0.602(n=411) [0.25-0.50]0.495(n=1226) [0.50-0.75]0.417(n=1123) [0.75-1.00]0.372(n=440)
2026-04-23 05:19:17,057 - INFO - [render-loss] step=204200 masked 7/16 samples (t_value < 0.40)
2026-04-23 05:21:09,615 - INFO - Step  204400 | Epoch  25 | MSE: 0.4663 | Steps/sec: 1.78 | LR: 1.44e-04 | Render_L1: 0.0226 | Alpha_L1: 0.0298 | Render_LPIPS: 0.1534 | GradNorm: 0.6430 | MSE/t: [0.00-0.25]0.584(n=420) [0.25-0.50]0.504(n=1177) [0.50-0.75]0.422(n=1157) [0.75-1.00]0.370(n=446)
2026-04-23 05:21:09,676 - INFO - [render-loss] step=204400 masked 6/16 samples (t_value < 0.40)
2026-04-23 05:23:01,307 - INFO - Step  204600 | Epoch  25 | MSE: 0.4721 | Steps/sec: 1.79 | LR: 1.44e-04 | Render_L1: 0.0228 | Alpha_L1: 0.0300 | Render_LPIPS: 0.1522 | GradNorm: 0.6377 | MSE/t: [0.00-0.25]0.581(n=429) [0.25-0.50]0.518(n=1172) [0.50-0.75]0.421(n=1171) [0.75-1.00]0.377(n=428)
2026-04-23 05:23:01,564 - INFO - [render-loss] step=204600 masked 6/16 samples (t_value < 0.40)
2026-04-23 05:24:53,518 - INFO - Step  204800 | Epoch  25 | MSE: 0.4692 | Steps/sec: 1.78 | LR: 1.43e-04 | Render_L1: 0.0229 | Alpha_L1: 0.0296 | Render_LPIPS: 0.1522 | GradNorm: 0.6445 | MSE/t: [0.00-0.25]0.594(n=431) [0.25-0.50]0.509(n=1131) [0.50-0.75]0.425(n=1154) [0.75-1.00]0.371(n=484)
2026-04-23 05:24:53,580 - INFO - [render-loss] step=204800 masked 6/16 samples (t_value < 0.40)
2026-04-23 05:26:45,696 - INFO - Step  205000 | Epoch  25 | MSE: 0.4768 | Steps/sec: 1.78 | LR: 1.43e-04 | Render_L1: 0.0229 | Alpha_L1: 0.0296 | Render_LPIPS: 0.1535 | GradNorm: 0.6406 | MSE/t: [0.00-0.25]0.609(n=455) [0.25-0.50]0.518(n=1128) [0.50-0.75]0.423(n=1186) [0.75-1.00]0.376(n=431)
2026-04-23 05:26:53,911 - INFO - [validation] saved: output/jit_JiT-B_8_full_improved_renderprobe/dit_validation/epoch_025_step_0205000_class096.png (class=96, sampler=heun, steps=100)
2026-04-23 05:26:55,063 - INFO - [overrides] applied from jit/configs/overrides.yaml: lr_scale=1.0 max_grad_norm=5.0 P_mean=0.0
2026-04-23 05:26:55,113 - INFO - [render-loss] step=205000 masked 7/16 samples (t_value < 0.40)
2026-04-23 05:28:47,277 - INFO - Step  205200 | Epoch  25 | MSE: 0.4774 | Steps/sec: 1.65 | LR: 1.43e-04 | Render_L1: 0.0235 | Alpha_L1: 0.0297 | Render_LPIPS: 0.1564 | GradNorm: 0.6485 | MSE/t: [0.00-0.25]0.599(n=437) [0.25-0.50]0.511(n=1153) [0.50-0.75]0.435(n=1173) [0.75-1.00]0.380(n=437)
2026-04-23 05:28:47,335 - INFO - [render-loss] step=205200 masked 5/16 samples (t_value < 0.40)
2026-04-23 05:30:39,568 - INFO - Step  205400 | Epoch  25 | MSE: 0.4751 | Steps/sec: 1.78 | LR: 1.43e-04 | Render_L1: 0.0233 | Alpha_L1: 0.0306 | Render_LPIPS: 0.1553 | GradNorm: 0.6412 | MSE/t: [0.00-0.25]0.604(n=410) [0.25-0.50]0.516(n=1162) [0.50-0.75]0.428(n=1236) [0.75-1.00]0.367(n=392)
2026-04-23 05:30:39,632 - INFO - [render-loss] step=205400 masked 5/16 samples (t_value < 0.40)
2026-04-23 05:32:31,789 - INFO - Step  205600 | Epoch  25 | MSE: 0.4606 | Steps/sec: 1.78 | LR: 1.43e-04 | Render_L1: 0.0230 | Alpha_L1: 0.0299 | Render_LPIPS: 0.1529 | GradNorm: 0.6336 | MSE/t: [0.00-0.25]0.585(n=432) [0.25-0.50]0.501(n=1133) [0.50-0.75]0.413(n=1156) [0.75-1.00]0.367(n=479)
2026-04-23 05:32:31,850 - INFO - [render-loss] step=205600 masked 9/16 samples (t_value < 0.40)
2026-04-23 05:34:24,041 - INFO - Step  205800 | Epoch  25 | MSE: 0.4730 | Steps/sec: 1.78 | LR: 1.43e-04 | Render_L1: 0.0235 | Alpha_L1: 0.0300 | Render_LPIPS: 0.1541 | GradNorm: 0.6730 | MSE/t: [0.00-0.25]0.591(n=427) [0.25-0.50]0.505(n=1181) [0.50-0.75]0.435(n=1140) [0.75-1.00]0.372(n=452)
2026-04-23 05:34:24,101 - INFO - [render-loss] step=205800 masked 5/16 samples (t_value < 0.40)
2026-04-23 05:36:15,794 - INFO - Step  206000 | Epoch  25 | MSE: 0.4811 | Steps/sec: 1.79 | LR: 1.43e-04 | Render_L1: 0.0230 | Alpha_L1: 0.0303 | Render_LPIPS: 0.1532 | GradNorm: 0.7189 | MSE/t: [0.00-0.25]0.598(n=401) [0.25-0.50]0.528(n=1168) [0.50-0.75]0.433(n=1178) [0.75-1.00]0.382(n=453)
2026-04-23 05:36:23,995 - INFO - [validation] saved: output/jit_JiT-B_8_full_improved_renderprobe/dit_validation/epoch_025_step_0206000_class014.png (class=14, sampler=heun, steps=100)
2026-04-23 05:36:24,993 - INFO - [overrides] applied from jit/configs/overrides.yaml: lr_scale=1.0 max_grad_norm=5.0 P_mean=0.0
2026-04-23 05:36:25,046 - INFO - [render-loss] step=206000 masked 4/16 samples (t_value < 0.40)
2026-04-23 05:38:17,280 - INFO - Step  206200 | Epoch  25 | MSE: 0.4669 | Steps/sec: 1.65 | LR: 1.43e-04 | Render_L1: 0.0223 | Alpha_L1: 0.0292 | Render_LPIPS: 0.1509 | GradNorm: 0.6526 | MSE/t: [0.00-0.25]0.594(n=456) [0.25-0.50]0.502(n=1155) [0.50-0.75]0.414(n=1172) [0.75-1.00]0.379(n=417)
2026-04-23 05:38:17,338 - INFO - [render-loss] step=206200 masked 4/16 samples (t_value < 0.40)
2026-04-23 05:40:09,254 - INFO - Step  206400 | Epoch  25 | MSE: 0.4615 | Steps/sec: 1.79 | LR: 1.43e-04 | Render_L1: 0.0225 | Alpha_L1: 0.0299 | Render_LPIPS: 0.1512 | GradNorm: 1.4128 | MSE/t: [0.00-0.25]0.570(n=404) [0.25-0.50]0.512(n=1187) [0.50-0.75]0.407(n=1185) [0.75-1.00]0.369(n=424)
2026-04-23 05:40:09,316 - INFO - [render-loss] step=206400 masked 2/16 samples (t_value < 0.40)
2026-04-23 05:42:01,280 - INFO - Step  206600 | Epoch  25 | MSE: 0.4772 | Steps/sec: 1.79 | LR: 1.43e-04 | Render_L1: 0.0228 | Alpha_L1: 0.0297 | Render_LPIPS: 0.1532 | GradNorm: 3.1907 | MSE/t: [0.00-0.25]0.595(n=433) [0.25-0.50]0.519(n=1188) [0.50-0.75]0.425(n=1144) [0.75-1.00]0.383(n=435)
2026-04-23 05:42:01,337 - INFO - [render-loss] step=206600 masked 7/16 samples (t_value < 0.40)
2026-04-23 05:43:53,363 - INFO - Step  206800 | Epoch  25 | MSE: 0.4668 | Steps/sec: 1.78 | LR: 1.42e-04 | Render_L1: 0.0224 | Alpha_L1: 0.0298 | Render_LPIPS: 0.1498 | GradNorm: 0.7374 | MSE/t: [0.00-0.25]0.622(n=434) [0.25-0.50]0.507(n=1163) [0.50-0.75]0.411(n=1175) [0.75-1.00]0.354(n=428)
2026-04-23 05:43:53,420 - INFO - [render-loss] step=206800 masked 3/16 samples (t_value < 0.40)
2026-04-23 05:45:45,778 - INFO - Step  207000 | Epoch  25 | MSE: 0.4645 | Steps/sec: 1.78 | LR: 1.42e-04 | Render_L1: 0.0232 | Alpha_L1: 0.0303 | Render_LPIPS: 0.1529 | GradNorm: 37.8776 | MSE/t: [0.00-0.25]0.562(n=442) [0.25-0.50]0.503(n=1153) [0.50-0.75]0.423(n=1166) [0.75-1.00]0.374(n=439)
2026-04-23 05:45:53,991 - INFO - [validation] saved: output/jit_JiT-B_8_full_improved_renderprobe/dit_validation/epoch_025_step_0207000_class067.png (class=67, sampler=heun, steps=100)
2026-04-23 05:45:55,024 - INFO - [overrides] applied from jit/configs/overrides.yaml: lr_scale=1.0 max_grad_norm=5.0 P_mean=0.0
2026-04-23 05:45:55,074 - INFO - [render-loss] step=207000 masked 3/16 samples (t_value < 0.40)
2026-04-23 05:47:47,093 - INFO - Step  207200 | Epoch  25 | MSE: 0.4653 | Steps/sec: 1.65 | LR: 1.42e-04 | Render_L1: 0.0226 | Alpha_L1: 0.0306 | Render_LPIPS: 0.1512 | GradNorm: 0.6411 | MSE/t: [0.00-0.25]0.583(n=453) [0.25-0.50]0.499(n=1131) [0.50-0.75]0.424(n=1205) [0.75-1.00]0.364(n=411)
2026-04-23 05:47:47,156 - INFO - [render-loss] step=207200 masked 5/16 samples (t_value < 0.40)
2026-04-23 05:49:39,085 - INFO - Step  207400 | Epoch  25 | MSE: 0.4739 | Steps/sec: 1.79 | LR: 1.42e-04 | Render_L1: 0.0230 | Alpha_L1: 0.0300 | Render_LPIPS: 0.1540 | GradNorm: 0.6730 | MSE/t: [0.00-0.25]0.561(n=467) [0.25-0.50]0.521(n=1139) [0.50-0.75]0.432(n=1146) [0.75-1.00]0.370(n=448)
2026-04-23 05:49:39,142 - INFO - [render-loss] step=207400 masked 5/16 samples (t_value < 0.40)
2026-04-23 05:51:31,434 - INFO - Step  207600 | Epoch  25 | MSE: 0.4750 | Steps/sec: 1.78 | LR: 1.42e-04 | Render_L1: 0.0235 | Alpha_L1: 0.0299 | Render_LPIPS: 0.1549 | GradNorm: 0.6462 | MSE/t: [0.00-0.25]0.572(n=441) [0.25-0.50]0.518(n=1207) [0.50-0.75]0.425(n=1119) [0.75-1.00]0.388(n=433)
2026-04-23 05:51:31,496 - INFO - [render-loss] step=207600 masked 8/16 samples (t_value < 0.40)
2026-04-23 05:53:23,432 - INFO - Step  207800 | Epoch  25 | MSE: 0.4609 | Steps/sec: 1.79 | LR: 1.42e-04 | Render_L1: 0.0228 | Alpha_L1: 0.0298 | Render_LPIPS: 0.1511 | GradNorm: 0.6397 | MSE/t: [0.00-0.25]0.585(n=430) [0.25-0.50]0.502(n=1146) [0.50-0.75]0.416(n=1186) [0.75-1.00]0.350(n=438)
2026-04-23 05:53:23,489 - INFO - [render-loss] step=207800 masked 4/16 samples (t_value < 0.40)
2026-04-23 05:55:15,404 - INFO - Step  208000 | Epoch  25 | MSE: 0.4701 | Steps/sec: 1.79 | LR: 1.42e-04 | Render_L1: 0.0229 | Alpha_L1: 0.0300 | Render_LPIPS: 0.1526 | GradNorm: 0.6859 | MSE/t: [0.00-0.25]0.629(n=445) [0.25-0.50]0.494(n=1114) [0.50-0.75]0.417(n=1219) [0.75-1.00]0.394(n=422)
2026-04-23 05:55:23,550 - INFO - [validation] saved: output/jit_JiT-B_8_full_improved_renderprobe/dit_validation/epoch_025_step_0208000_class061.png (class=61, sampler=heun, steps=100)
2026-04-23 05:55:24,583 - INFO - [overrides] applied from jit/configs/overrides.yaml: lr_scale=1.0 max_grad_norm=5.0 P_mean=0.0
2026-04-23 05:55:24,632 - INFO - [render-loss] step=208000 masked 4/16 samples (t_value < 0.40)
2026-04-23 05:57:16,360 - INFO - Step  208200 | Epoch  25 | MSE: 0.4593 | Steps/sec: 1.65 | LR: 1.42e-04 | Render_L1: 0.0228 | Alpha_L1: 0.0300 | Render_LPIPS: 0.1525 | GradNorm: 0.6338 | MSE/t: [0.00-0.25]0.591(n=438) [0.25-0.50]0.493(n=1194) [0.50-0.75]0.414(n=1123) [0.75-1.00]0.354(n=445)
2026-04-23 05:57:16,418 - INFO - [render-loss] step=208200 masked 3/16 samples (t_value < 0.40)
2026-04-23 05:59:08,521 - INFO - Step  208400 | Epoch  25 | MSE: 0.4748 | Steps/sec: 1.78 | LR: 1.42e-04 | Render_L1: 0.0231 | Alpha_L1: 0.0297 | Render_LPIPS: 0.1535 | GradNorm: 0.6503 | MSE/t: [0.00-0.25]0.618(n=401) [0.25-0.50]0.512(n=1180) [0.50-0.75]0.426(n=1179) [0.75-1.00]0.377(n=440)
2026-04-23 05:59:08,608 - INFO - [render-loss] step=208400 masked 5/16 samples (t_value < 0.40)
2026-04-23 06:01:00,845 - INFO - Step  208600 | Epoch  25 | MSE: 0.4873 | Steps/sec: 1.78 | LR: 1.42e-04 | Render_L1: 0.0232 | Alpha_L1: 0.0308 | Render_LPIPS: 0.1534 | GradNorm: 0.9326 | MSE/t: [0.00-0.25]0.590(n=397) [0.25-0.50]0.534(n=1152) [0.50-0.75]0.451(n=1198) [0.75-1.00]0.375(n=453)
2026-04-23 06:01:00,902 - INFO - [render-loss] step=208600 masked 7/16 samples (t_value < 0.40)
2026-04-23 06:02:52,829 - INFO - Step  208800 | Epoch  25 | MSE: 0.4670 | Steps/sec: 1.79 | LR: 1.41e-04 | Render_L1: 0.0227 | Alpha_L1: 0.0298 | Render_LPIPS: 0.1526 | GradNorm: 0.6354 | MSE/t: [0.00-0.25]0.588(n=454) [0.25-0.50]0.516(n=1157) [0.50-0.75]0.404(n=1119) [0.75-1.00]0.379(n=470)
2026-04-23 06:02:52,888 - INFO - [render-loss] step=208800 masked 5/16 samples (t_value < 0.40)
2026-04-23 06:04:44,921 - INFO - Step  209000 | Epoch  25 | MSE: 0.4692 | Steps/sec: 1.78 | LR: 1.41e-04 | Render_L1: 0.0225 | Alpha_L1: 0.0296 | Render_LPIPS: 0.1507 | GradNorm: 0.6465 | MSE/t: [0.00-0.25]0.562(n=482) [0.25-0.50]0.516(n=1102) [0.50-0.75]0.420(n=1163) [0.75-1.00]0.385(n=453)
2026-04-23 06:04:53,081 - INFO - [validation] saved: output/jit_JiT-B_8_full_improved_renderprobe/dit_validation/epoch_025_step_0209000_class051.png (class=51, sampler=heun, steps=100)
2026-04-23 06:04:54,103 - INFO - [overrides] applied from jit/configs/overrides.yaml: lr_scale=1.0 max_grad_norm=5.0 P_mean=0.0
2026-04-23 06:04:54,152 - INFO - [render-loss] step=209000 masked 2/16 samples (t_value < 0.40)
2026-04-23 06:06:46,257 - INFO - Step  209200 | Epoch  25 | MSE: 0.4670 | Steps/sec: 1.65 | LR: 1.41e-04 | Render_L1: 0.0226 | Alpha_L1: 0.0293 | Render_LPIPS: 0.1506 | GradNorm: 0.7768 | MSE/t: [0.00-0.25]0.595(n=430) [0.25-0.50]0.498(n=1166) [0.50-0.75]0.423(n=1180) [0.75-1.00]0.375(n=424)
2026-04-23 06:06:46,316 - INFO - [render-loss] step=209200 masked 7/16 samples (t_value < 0.40)
2026-04-23 06:08:38,149 - INFO - Step  209400 | Epoch  25 | MSE: 0.4637 | Steps/sec: 1.79 | LR: 1.41e-04 | Render_L1: 0.0230 | Alpha_L1: 0.0305 | Render_LPIPS: 0.1529 | GradNorm: 0.6502 | MSE/t: [0.00-0.25]0.580(n=428) [0.25-0.50]0.495(n=1189) [0.50-0.75]0.429(n=1172) [0.75-1.00]0.352(n=411)
2026-04-23 06:08:38,223 - INFO - [render-loss] step=209400 masked 5/16 samples (t_value < 0.40)
2026-04-23 06:10:29,799 - INFO - Step  209600 | Epoch  25 | MSE: 0.4744 | Steps/sec: 1.79 | LR: 1.41e-04 | Render_L1: 0.0231 | Alpha_L1: 0.0299 | Render_LPIPS: 0.1533 | GradNorm: 0.6417 | MSE/t: [0.00-0.25]0.578(n=447) [0.25-0.50]0.505(n=1150) [0.50-0.75]0.439(n=1176) [0.75-1.00]0.380(n=427)
2026-04-23 06:10:29,857 - INFO - [render-loss] step=209600 masked 6/16 samples (t_value < 0.40)
2026-04-23 06:12:21,997 - INFO - Step  209800 | Epoch  25 | MSE: 0.4657 | Steps/sec: 1.78 | LR: 1.41e-04 | Render_L1: 0.0224 | Alpha_L1: 0.0291 | Render_LPIPS: 0.1503 | GradNorm: 0.6554 | MSE/t: [0.00-0.25]0.577(n=444) [0.25-0.50]0.506(n=1166) [0.50-0.75]0.416(n=1154) [0.75-1.00]0.377(n=436)
2026-04-23 06:12:22,057 - INFO - [render-loss] step=209800 masked 4/16 samples (t_value < 0.40)
2026-04-23 06:14:14,218 - INFO - Step  210000 | Epoch  25 | MSE: 0.4676 | Steps/sec: 1.78 | LR: 1.41e-04 | Render_L1: 0.0230 | Alpha_L1: 0.0293 | Render_LPIPS: 0.1512 | GradNorm: 0.6424 | MSE/t: [0.00-0.25]0.582(n=434) [0.25-0.50]0.513(n=1175) [0.50-0.75]0.419(n=1152) [0.75-1.00]0.360(n=439)
2026-04-23 06:14:22,378 - INFO - [validation] saved: output/jit_JiT-B_8_full_improved_renderprobe/dit_validation/epoch_025_step_0210000_class096.png (class=96, sampler=heun, steps=100)
2026-04-23 06:14:23,389 - INFO - [overrides] applied from jit/configs/overrides.yaml: lr_scale=1.0 max_grad_norm=5.0 P_mean=0.0
2026-04-23 06:14:23,437 - INFO - [render-loss] step=210000 masked 4/16 samples (t_value < 0.40)
2026-04-23 06:16:15,337 - INFO - Step  210200 | Epoch  25 | MSE: 0.4726 | Steps/sec: 1.65 | LR: 1.41e-04 | Render_L1: 0.0227 | Alpha_L1: 0.0293 | Render_LPIPS: 0.1511 | GradNorm: 0.6396 | MSE/t: [0.00-0.25]0.605(n=432) [0.25-0.50]0.520(n=1211) [0.50-0.75]0.403(n=1122) [0.75-1.00]0.389(n=435)
2026-04-23 06:16:15,400 - INFO - [render-loss] step=210200 masked 2/16 samples (t_value < 0.40)
2026-04-23 06:18:07,717 - INFO - Step  210400 | Epoch  25 | MSE: 0.4781 | Steps/sec: 1.78 | LR: 1.41e-04 | Render_L1: 0.0228 | Alpha_L1: 0.0292 | Render_LPIPS: 0.1504 | GradNorm: 0.6204 | MSE/t: [0.00-0.25]0.635(n=405) [0.25-0.50]0.520(n=1138) [0.50-0.75]0.423(n=1179) [0.75-1.00]0.381(n=478)
2026-04-23 06:18:07,782 - INFO - [render-loss] step=210400 masked 7/16 samples (t_value < 0.40)
2026-04-23 06:19:59,465 - INFO - Step  210600 | Epoch  25 | MSE: 0.4631 | Steps/sec: 1.79 | LR: 1.41e-04 | Render_L1: 0.0229 | Alpha_L1: 0.0299 | Render_LPIPS: 0.1512 | GradNorm: 0.6537 | MSE/t: [0.00-0.25]0.586(n=436) [0.25-0.50]0.497(n=1179) [0.50-0.75]0.416(n=1165) [0.75-1.00]0.369(n=420)
2026-04-23 06:19:59,522 - INFO - [render-loss] step=210600 masked 5/16 samples (t_value < 0.40)
2026-04-23 06:21:51,692 - INFO - Step  210800 | Epoch  25 | MSE: 0.4653 | Steps/sec: 1.78 | LR: 1.40e-04 | Render_L1: 0.0231 | Alpha_L1: 0.0296 | Render_LPIPS: 0.1527 | GradNorm: 0.6183 | MSE/t: [0.00-0.25]0.574(n=400) [0.25-0.50]0.505(n=1209) [0.50-0.75]0.421(n=1153) [0.75-1.00]0.372(n=438)
2026-04-23 06:21:51,755 - INFO - [render-loss] step=210800 masked 7/16 samples (t_value < 0.40)
2026-04-23 06:23:43,522 - INFO - Step  211000 | Epoch  25 | MSE: 0.4622 | Steps/sec: 1.79 | LR: 1.40e-04 | Render_L1: 0.0222 | Alpha_L1: 0.0294 | Render_LPIPS: 0.1491 | GradNorm: 0.6603 | MSE/t: [0.00-0.25]0.571(n=448) [0.25-0.50]0.508(n=1163) [0.50-0.75]0.411(n=1166) [0.75-1.00]0.363(n=423)
2026-04-23 06:23:51,662 - INFO - [validation] saved: output/jit_JiT-B_8_full_improved_renderprobe/dit_validation/epoch_025_step_0211000_class117.png (class=117, sampler=heun, steps=100)
2026-04-23 06:23:52,826 - INFO - [overrides] applied from jit/configs/overrides.yaml: lr_scale=1.0 max_grad_norm=5.0 P_mean=0.0
2026-04-23 06:23:52,874 - INFO - [render-loss] step=211000 masked 4/16 samples (t_value < 0.40)
2026-04-23 06:25:44,812 - INFO - Step  211200 | Epoch  25 | MSE: 0.4801 | Steps/sec: 1.65 | LR: 1.40e-04 | Render_L1: 0.0233 | Alpha_L1: 0.0302 | Render_LPIPS: 0.1549 | GradNorm: 0.6757 | MSE/t: [0.00-0.25]0.588(n=509) [0.25-0.50]0.516(n=1151) [0.50-0.75]0.431(n=1128) [0.75-1.00]0.382(n=412)
2026-04-23 06:25:44,871 - INFO - [render-loss] step=211200 masked 6/16 samples (t_value < 0.40)
2026-04-23 06:27:36,939 - INFO - Step  211400 | Epoch  25 | MSE: 0.4687 | Steps/sec: 1.78 | LR: 1.40e-04 | Render_L1: 0.0232 | Alpha_L1: 0.0297 | Render_LPIPS: 0.1545 | GradNorm: 0.6693 | MSE/t: [0.00-0.25]0.605(n=436) [0.25-0.50]0.495(n=1168) [0.50-0.75]0.427(n=1132) [0.75-1.00]0.375(n=464)
2026-04-23 06:27:37,002 - INFO - [render-loss] step=211400 masked 9/16 samples (t_value < 0.40)
2026-04-23 06:29:29,903 - INFO - Step  211600 | Epoch  26 | MSE: 0.4807 | Steps/sec: 1.77 | LR: 1.40e-04 | Render_L1: 0.0227 | Alpha_L1: 0.0297 | Render_LPIPS: 0.1507 | GradNorm: 0.6789 | MSE/t: [0.00-0.25]0.611(n=440) [0.25-0.50]0.516(n=1198) [0.50-0.75]0.432(n=1157) [0.75-1.00]0.373(n=405)
2026-04-23 06:29:29,960 - INFO - [render-loss] step=211600 masked 1/16 samples (t_value < 0.40)
2026-04-23 06:31:21,718 - INFO - Step  211800 | Epoch  26 | MSE: 0.4708 | Steps/sec: 1.79 | LR: 1.40e-04 | Render_L1: 0.0222 | Alpha_L1: 0.0292 | Render_LPIPS: 0.1506 | GradNorm: 0.6738 | MSE/t: [0.00-0.25]0.612(n=426) [0.25-0.50]0.510(n=1194) [0.50-0.75]0.414(n=1170) [0.75-1.00]0.372(n=410)
2026-04-23 06:31:21,785 - INFO - [render-loss] step=211800 masked 5/16 samples (t_value < 0.40)
2026-04-23 06:33:14,065 - INFO - Step  212000 | Epoch  26 | MSE: 0.4721 | Steps/sec: 1.78 | LR: 1.40e-04 | Render_L1: 0.0228 | Alpha_L1: 0.0292 | Render_LPIPS: 0.1516 | GradNorm: 0.6349 | MSE/t: [0.00-0.25]0.586(n=411) [0.25-0.50]0.524(n=1167) [0.50-0.75]0.415(n=1191) [0.75-1.00]0.381(n=431)
2026-04-23 06:33:22,503 - INFO - [validation] saved: output/jit_JiT-B_8_full_improved_renderprobe/dit_validation/epoch_026_step_0212000_class014.png (class=14, sampler=heun, steps=100)
2026-04-23 06:33:23,518 - INFO - [overrides] applied from jit/configs/overrides.yaml: lr_scale=1.0 max_grad_norm=5.0 P_mean=0.0
2026-04-23 06:33:23,568 - INFO - [render-loss] step=212000 masked 6/16 samples (t_value < 0.40)
2026-04-23 06:35:15,855 - INFO - Step  212200 | Epoch  26 | MSE: 0.4632 | Steps/sec: 1.64 | LR: 1.40e-04 | Render_L1: 0.0227 | Alpha_L1: 0.0290 | Render_LPIPS: 0.1501 | GradNorm: 0.6538 | MSE/t: [0.00-0.25]0.588(n=417) [0.25-0.50]0.519(n=1165) [0.50-0.75]0.399(n=1148) [0.75-1.00]0.371(n=470)
2026-04-23 06:35:15,918 - INFO - [render-loss] step=212200 masked 4/16 samples (t_value < 0.40)
2026-04-23 06:37:07,411 - INFO - Step  212400 | Epoch  26 | MSE: 0.4691 | Steps/sec: 1.79 | LR: 1.40e-04 | Render_L1: 0.0226 | Alpha_L1: 0.0295 | Render_LPIPS: 0.1507 | GradNorm: 0.6505 | MSE/t: [0.00-0.25]0.590(n=434) [0.25-0.50]0.512(n=1158) [0.50-0.75]0.418(n=1163) [0.75-1.00]0.375(n=445)
2026-04-23 06:37:07,470 - INFO - [render-loss] step=212400 masked 5/16 samples (t_value < 0.40)
2026-04-23 06:38:59,489 - INFO - Step  212600 | Epoch  26 | MSE: 0.4739 | Steps/sec: 1.78 | LR: 1.40e-04 | Render_L1: 0.0230 | Alpha_L1: 0.0300 | Render_LPIPS: 0.1530 | GradNorm: 0.6780 | MSE/t: [0.00-0.25]0.560(n=434) [0.25-0.50]0.518(n=1177) [0.50-0.75]0.423(n=1122) [0.75-1.00]0.406(n=467)
2026-04-23 06:38:59,546 - INFO - [render-loss] step=212600 masked 3/16 samples (t_value < 0.40)
2026-04-23 06:40:51,556 - INFO - Step  212800 | Epoch  26 | MSE: 0.4602 | Steps/sec: 1.78 | LR: 1.39e-04 | Render_L1: 0.0226 | Alpha_L1: 0.0292 | Render_LPIPS: 0.1487 | GradNorm: 0.6705 | MSE/t: [0.00-0.25]0.568(n=414) [0.25-0.50]0.496(n=1113) [0.50-0.75]0.421(n=1196) [0.75-1.00]0.380(n=477)
2026-04-23 06:40:51,620 - INFO - [render-loss] step=212800 masked 7/16 samples (t_value < 0.40)
2026-04-23 06:42:43,898 - INFO - Step  213000 | Epoch  26 | MSE: 0.4659 | Steps/sec: 1.78 | LR: 1.39e-04 | Render_L1: 0.0229 | Alpha_L1: 0.0295 | Render_LPIPS: 0.1505 | GradNorm: 0.6799 | MSE/t: [0.00-0.25]0.559(n=404) [0.25-0.50]0.517(n=1222) [0.50-0.75]0.414(n=1157) [0.75-1.00]0.372(n=417)
2026-04-23 06:42:52,066 - INFO - [validation] saved: output/jit_JiT-B_8_full_improved_renderprobe/dit_validation/epoch_026_step_0213000_class111.png (class=111, sampler=heun, steps=100)
2026-04-23 06:42:53,076 - INFO - [overrides] applied from jit/configs/overrides.yaml: lr_scale=1.0 max_grad_norm=5.0 P_mean=0.0
2026-04-23 06:42:53,136 - INFO - [render-loss] step=213000 masked 4/16 samples (t_value < 0.40)
2026-04-23 06:44:45,081 - INFO - Step  213200 | Epoch  26 | MSE: 0.4675 | Steps/sec: 1.65 | LR: 1.39e-04 | Render_L1: 0.0219 | Alpha_L1: 0.0294 | Render_LPIPS: 0.1486 | GradNorm: 0.6406 | MSE/t: [0.00-0.25]0.602(n=409) [0.25-0.50]0.521(n=1193) [0.50-0.75]0.409(n=1129) [0.75-1.00]0.356(n=469)
2026-04-23 06:44:45,139 - INFO - [render-loss] step=213200 masked 2/16 samples (t_value < 0.40)
2026-04-23 06:46:37,372 - INFO - Step  213400 | Epoch  26 | MSE: 0.4697 | Steps/sec: 1.78 | LR: 1.39e-04 | Render_L1: 0.0227 | Alpha_L1: 0.0291 | Render_LPIPS: 0.1505 | GradNorm: 0.6293 | MSE/t: [0.00-0.25]0.607(n=430) [0.25-0.50]0.501(n=1142) [0.50-0.75]0.422(n=1174) [0.75-1.00]0.384(n=454)
2026-04-23 06:46:37,435 - INFO - [render-loss] step=213400 masked 4/16 samples (t_value < 0.40)
2026-04-23 06:48:29,467 - INFO - Step  213600 | Epoch  26 | MSE: 0.4695 | Steps/sec: 1.78 | LR: 1.39e-04 | Render_L1: 0.0229 | Alpha_L1: 0.0300 | Render_LPIPS: 0.1535 | GradNorm: 0.6385 | MSE/t: [0.00-0.25]0.565(n=440) [0.25-0.50]0.515(n=1164) [0.50-0.75]0.421(n=1153) [0.75-1.00]0.382(n=443)
2026-04-23 06:48:29,529 - INFO - [render-loss] step=213600 masked 7/16 samples (t_value < 0.40)
2026-04-23 06:50:21,274 - INFO - Step  213800 | Epoch  26 | MSE: 0.4691 | Steps/sec: 1.79 | LR: 1.39e-04 | Render_L1: 0.0229 | Alpha_L1: 0.0298 | Render_LPIPS: 0.1529 | GradNorm: 0.6841 | MSE/t: [0.00-0.25]0.562(n=467) [0.25-0.50]0.497(n=1140) [0.50-0.75]0.433(n=1145) [0.75-1.00]0.395(n=448)
2026-04-23 06:50:21,332 - INFO - [render-loss] step=213800 masked 6/16 samples (t_value < 0.40)
2026-04-23 06:52:13,318 - INFO - Step  214000 | Epoch  26 | MSE: 0.4678 | Steps/sec: 1.79 | LR: 1.39e-04 | Render_L1: 0.0231 | Alpha_L1: 0.0302 | Render_LPIPS: 0.1527 | GradNorm: 0.6532 | MSE/t: [0.00-0.25]0.592(n=423) [0.25-0.50]0.508(n=1196) [0.50-0.75]0.413(n=1168) [0.75-1.00]0.380(n=413)
2026-04-23 06:52:21,718 - INFO - [validation] saved: output/jit_JiT-B_8_full_improved_renderprobe/dit_validation/epoch_026_step_0214000_class002.png (class=2, sampler=heun, steps=100)
2026-04-23 06:52:22,760 - INFO - [overrides] applied from jit/configs/overrides.yaml: lr_scale=1.0 max_grad_norm=5.0 P_mean=0.0
2026-04-23 06:52:22,811 - INFO - [render-loss] step=214000 masked 8/16 samples (t_value < 0.40)
2026-04-23 06:54:15,243 - INFO - Step  214200 | Epoch  26 | MSE: 0.4617 | Steps/sec: 1.64 | LR: 1.39e-04 | Render_L1: 0.0223 | Alpha_L1: 0.0300 | Render_LPIPS: 0.1509 | GradNorm: 0.6173 | MSE/t: [0.00-0.25]0.553(n=436) [0.25-0.50]0.507(n=1107) [0.50-0.75]0.418(n=1198) [0.75-1.00]0.380(n=459)
2026-04-23 06:54:15,305 - INFO - [render-loss] step=214200 masked 5/16 samples (t_value < 0.40)
2026-04-23 06:56:07,585 - INFO - Step  214400 | Epoch  26 | MSE: 0.4682 | Steps/sec: 1.78 | LR: 1.39e-04 | Render_L1: 0.0225 | Alpha_L1: 0.0298 | Render_LPIPS: 0.1498 | GradNorm: 0.8102 | MSE/t: [0.00-0.25]0.599(n=455) [0.25-0.50]0.509(n=1136) [0.50-0.75]0.414(n=1203) [0.75-1.00]0.367(n=406)
2026-04-23 06:56:07,644 - INFO - [render-loss] step=214400 masked 4/16 samples (t_value < 0.40)
2026-04-23 06:57:59,469 - INFO - Step  214600 | Epoch  26 | MSE: 0.4734 | Steps/sec: 1.79 | LR: 1.39e-04 | Render_L1: 0.0232 | Alpha_L1: 0.0308 | Render_LPIPS: 0.1549 | GradNorm: 0.6428 | MSE/t: [0.00-0.25]0.593(n=424) [0.25-0.50]0.497(n=1165) [0.50-0.75]0.435(n=1160) [0.75-1.00]0.399(n=451)
2026-04-23 06:57:59,526 - INFO - [render-loss] step=214600 masked 6/16 samples (t_value < 0.40)
2026-04-23 06:59:51,280 - INFO - Step  214800 | Epoch  26 | MSE: 0.4677 | Steps/sec: 1.79 | LR: 1.38e-04 | Render_L1: 0.0225 | Alpha_L1: 0.0289 | Render_LPIPS: 0.1499 | GradNorm: 0.6410 | MSE/t: [0.00-0.25]0.554(n=442) [0.25-0.50]0.525(n=1194) [0.50-0.75]0.420(n=1093) [0.75-1.00]0.352(n=471)
2026-04-23 06:59:51,338 - INFO - [render-loss] step=214800 masked 2/16 samples (t_value < 0.40)
2026-04-23 07:01:43,337 - INFO - Step  215000 | Epoch  26 | MSE: 0.4723 | Steps/sec: 1.78 | LR: 1.38e-04 | Render_L1: 0.0224 | Alpha_L1: 0.0286 | Render_LPIPS: 0.1506 | GradNorm: 0.6379 | MSE/t: [0.00-0.25]0.601(n=429) [0.25-0.50]0.515(n=1151) [0.50-0.75]0.423(n=1182) [0.75-1.00]0.366(n=438)
2026-04-23 07:01:51,589 - INFO - [validation] saved: output/jit_JiT-B_8_full_improved_renderprobe/dit_validation/epoch_026_step_0215000_class119.png (class=119, sampler=heun, steps=100)
2026-04-23 07:01:52,593 - INFO - [overrides] applied from jit/configs/overrides.yaml: lr_scale=1.0 max_grad_norm=5.0 P_mean=0.0
2026-04-23 07:01:52,642 - INFO - [render-loss] step=215000 masked 4/16 samples (t_value < 0.40)
2026-04-23 07:03:44,572 - INFO - Step  215200 | Epoch  26 | MSE: 0.4737 | Steps/sec: 1.65 | LR: 1.38e-04 | Render_L1: 0.0235 | Alpha_L1: 0.0308 | Render_LPIPS: 0.1547 | GradNorm: 0.6462 | MSE/t: [0.00-0.25]0.557(n=432) [0.25-0.50]0.516(n=1182) [0.50-0.75]0.431(n=1161) [0.75-1.00]0.390(n=425)
2026-04-23 07:03:44,630 - INFO - [render-loss] step=215200 masked 3/16 samples (t_value < 0.40)
2026-04-23 07:05:36,313 - INFO - Step  215400 | Epoch  26 | MSE: 0.4655 | Steps/sec: 1.79 | LR: 1.38e-04 | Render_L1: 0.0227 | Alpha_L1: 0.0291 | Render_LPIPS: 0.1517 | GradNorm: 0.6221 | MSE/t: [0.00-0.25]0.581(n=414) [0.25-0.50]0.503(n=1173) [0.50-0.75]0.418(n=1157) [0.75-1.00]0.383(n=456)
2026-04-23 07:05:36,371 - INFO - [render-loss] step=215400 masked 6/16 samples (t_value < 0.40)
2026-04-23 07:07:28,361 - INFO - Step  215600 | Epoch  26 | MSE: 0.4728 | Steps/sec: 1.78 | LR: 1.38e-04 | Render_L1: 0.0229 | Alpha_L1: 0.0295 | Render_LPIPS: 0.1521 | GradNorm: 0.6849 | MSE/t: [0.00-0.25]0.615(n=416) [0.25-0.50]0.504(n=1142) [0.50-0.75]0.429(n=1195) [0.75-1.00]0.379(n=447)
2026-04-23 07:07:28,419 - INFO - [render-loss] step=215600 masked 3/16 samples (t_value < 0.40)
2026-04-23 07:09:20,112 - INFO - Step  215800 | Epoch  26 | MSE: 0.4675 | Steps/sec: 1.79 | LR: 1.38e-04 | Render_L1: 0.0224 | Alpha_L1: 0.0287 | Render_LPIPS: 0.1492 | GradNorm: 0.6396 | MSE/t: [0.00-0.25]0.646(n=425) [0.25-0.50]0.491(n=1146) [0.50-0.75]0.417(n=1193) [0.75-1.00]0.369(n=436)
2026-04-23 07:09:20,170 - INFO - [render-loss] step=215800 masked 6/16 samples (t_value < 0.40)
2026-04-23 07:11:12,101 - INFO - Step  216000 | Epoch  26 | MSE: 0.4660 | Steps/sec: 1.79 | LR: 1.38e-04 | Render_L1: 0.0228 | Alpha_L1: 0.0291 | Render_LPIPS: 0.1518 | GradNorm: 0.6694 | MSE/t: [0.00-0.25]0.577(n=411) [0.25-0.50]0.507(n=1135) [0.50-0.75]0.420(n=1204) [0.75-1.00]0.384(n=450)
2026-04-23 07:11:20,259 - INFO - [validation] saved: output/jit_JiT-B_8_full_improved_renderprobe/dit_validation/epoch_026_step_0216000_class092.png (class=92, sampler=heun, steps=100)
2026-04-23 07:11:21,277 - INFO - [overrides] applied from jit/configs/overrides.yaml: lr_scale=1.0 max_grad_norm=5.0 P_mean=0.0
2026-04-23 07:11:21,324 - INFO - [render-loss] step=216000 masked 8/16 samples (t_value < 0.40)
2026-04-23 07:13:13,564 - INFO - Step  216200 | Epoch  26 | MSE: 0.4660 | Steps/sec: 1.65 | LR: 1.38e-04 | Render_L1: 0.0226 | Alpha_L1: 0.0290 | Render_LPIPS: 0.1493 | GradNorm: 0.6319 | MSE/t: [0.00-0.25]0.551(n=440) [0.25-0.50]0.510(n=1145) [0.50-0.75]0.420(n=1200) [0.75-1.00]0.387(n=415)
2026-04-23 07:13:13,624 - INFO - [render-loss] step=216200 masked 3/16 samples (t_value < 0.40)
2026-04-23 07:15:05,782 - INFO - Step  216400 | Epoch  26 | MSE: 0.4653 | Steps/sec: 1.78 | LR: 1.38e-04 | Render_L1: 0.0228 | Alpha_L1: 0.0295 | Render_LPIPS: 0.1506 | GradNorm: 0.6756 | MSE/t: [0.00-0.25]0.577(n=442) [0.25-0.50]0.514(n=1142) [0.50-0.75]0.413(n=1196) [0.75-1.00]0.363(n=420)
2026-04-23 07:15:05,839 - INFO - [render-loss] step=216400 masked 2/16 samples (t_value < 0.40)
2026-04-23 07:16:57,666 - INFO - Step  216600 | Epoch  26 | MSE: 0.4726 | Steps/sec: 1.79 | LR: 1.38e-04 | Render_L1: 0.0225 | Alpha_L1: 0.0287 | Render_LPIPS: 0.1515 | GradNorm: 0.6338 | MSE/t: [0.00-0.25]0.609(n=460) [0.25-0.50]0.510(n=1136) [0.50-0.75]0.421(n=1175) [0.75-1.00]0.369(n=429)
2026-04-23 07:16:57,725 - INFO - [render-loss] step=216600 masked 5/16 samples (t_value < 0.40)
2026-04-23 07:18:49,605 - INFO - Step  216800 | Epoch  26 | MSE: 0.4720 | Steps/sec: 1.79 | LR: 1.37e-04 | Render_L1: 0.0227 | Alpha_L1: 0.0299 | Render_LPIPS: 0.1517 | GradNorm: 0.6543 | MSE/t: [0.00-0.25]0.595(n=441) [0.25-0.50]0.505(n=1150) [0.50-0.75]0.420(n=1177) [0.75-1.00]0.401(n=432)
2026-04-23 07:18:49,662 - INFO - [render-loss] step=216800 masked 7/16 samples (t_value < 0.40)
2026-04-23 07:20:41,745 - INFO - Step  217000 | Epoch  26 | MSE: 0.4687 | Steps/sec: 1.78 | LR: 1.37e-04 | Render_L1: 0.0228 | Alpha_L1: 0.0294 | Render_LPIPS: 0.1516 | GradNorm: 0.6172 | MSE/t: [0.00-0.25]0.559(n=427) [0.25-0.50]0.520(n=1173) [0.50-0.75]0.429(n=1140) [0.75-1.00]0.351(n=460)
2026-04-23 07:20:49,867 - INFO - [validation] saved: output/jit_JiT-B_8_full_improved_renderprobe/dit_validation/epoch_026_step_0217000_class071.png (class=71, sampler=heun, steps=100)
2026-04-23 07:20:51,100 - INFO - [overrides] applied from jit/configs/overrides.yaml: lr_scale=1.0 max_grad_norm=5.0 P_mean=0.0
2026-04-23 07:20:51,150 - INFO - [render-loss] step=217000 masked 4/16 samples (t_value < 0.40)
2026-04-23 07:22:42,967 - INFO - Step  217200 | Epoch  26 | MSE: 0.4715 | Steps/sec: 1.65 | LR: 1.37e-04 | Render_L1: 0.0229 | Alpha_L1: 0.0294 | Render_LPIPS: 0.1523 | GradNorm: 0.6440 | MSE/t: [0.00-0.25]0.584(n=444) [0.25-0.50]0.507(n=1133) [0.50-0.75]0.428(n=1169) [0.75-1.00]0.387(n=454)
2026-04-23 07:22:43,031 - INFO - [render-loss] step=217200 masked 5/16 samples (t_value < 0.40)
2026-04-23 07:24:34,764 - INFO - Step  217400 | Epoch  26 | MSE: 0.4640 | Steps/sec: 1.79 | LR: 1.37e-04 | Render_L1: 0.0231 | Alpha_L1: 0.0300 | Render_LPIPS: 0.1523 | GradNorm: 0.6488 | MSE/t: [0.00-0.25]0.584(n=430) [0.25-0.50]0.504(n=1163) [0.50-0.75]0.408(n=1170) [0.75-1.00]0.389(n=437)
2026-04-23 07:24:34,820 - INFO - [render-loss] step=217400 masked 3/16 samples (t_value < 0.40)
2026-04-23 07:26:26,855 - INFO - Step  217600 | Epoch  26 | MSE: 0.4759 | Steps/sec: 1.78 | LR: 1.37e-04 | Render_L1: 0.0229 | Alpha_L1: 0.0296 | Render_LPIPS: 0.1519 | GradNorm: 0.6440 | MSE/t: [0.00-0.25]0.582(n=432) [0.25-0.50]0.505(n=1199) [0.50-0.75]0.439(n=1177) [0.75-1.00]0.378(n=392)
2026-04-23 07:26:26,918 - INFO - [render-loss] step=217600 masked 4/16 samples (t_value < 0.40)
2026-04-23 07:28:18,772 - INFO - Step  217800 | Epoch  26 | MSE: 0.4763 | Steps/sec: 1.79 | LR: 1.37e-04 | Render_L1: 0.0224 | Alpha_L1: 0.0289 | Render_LPIPS: 0.1504 | GradNorm: 0.6556 | MSE/t: [0.00-0.25]0.607(n=435) [0.25-0.50]0.514(n=1195) [0.50-0.75]0.430(n=1150) [0.75-1.00]0.361(n=420)
2026-04-23 07:28:18,832 - INFO - [render-loss] step=217800 masked 6/16 samples (t_value < 0.40)
2026-04-23 07:30:10,733 - INFO - Step  218000 | Epoch  26 | MSE: 0.4654 | Steps/sec: 1.79 | LR: 1.37e-04 | Render_L1: 0.0227 | Alpha_L1: 0.0291 | Render_LPIPS: 0.1509 | GradNorm: 0.6375 | MSE/t: [0.00-0.25]0.547(n=444) [0.25-0.50]0.516(n=1142) [0.50-0.75]0.417(n=1191) [0.75-1.00]0.379(n=423)
2026-04-23 07:30:18,856 - INFO - [validation] saved: output/jit_JiT-B_8_full_improved_renderprobe/dit_validation/epoch_026_step_0218000_class019.png (class=19, sampler=heun, steps=100)
2026-04-23 07:30:19,895 - INFO - [overrides] applied from jit/configs/overrides.yaml: lr_scale=1.0 max_grad_norm=5.0 P_mean=0.0
2026-04-23 07:30:19,943 - INFO - [render-loss] step=218000 masked 3/16 samples (t_value < 0.40)
2026-04-23 07:32:11,868 - INFO - Step  218200 | Epoch  26 | MSE: 0.4760 | Steps/sec: 1.65 | LR: 1.37e-04 | Render_L1: 0.0221 | Alpha_L1: 0.0290 | Render_LPIPS: 0.1507 | GradNorm: 0.6393 | MSE/t: [0.00-0.25]0.585(n=471) [0.25-0.50]0.508(n=1155) [0.50-0.75]0.437(n=1126) [0.75-1.00]0.377(n=448)
2026-04-23 07:32:11,925 - INFO - [render-loss] step=218200 masked 8/16 samples (t_value < 0.40)
2026-04-23 07:34:03,917 - INFO - Step  218400 | Epoch  26 | MSE: 0.4738 | Steps/sec: 1.78 | LR: 1.37e-04 | Render_L1: 0.0228 | Alpha_L1: 0.0300 | Render_LPIPS: 0.1491 | GradNorm: 0.6305 | MSE/t: [0.00-0.25]0.602(n=441) [0.25-0.50]0.511(n=1189) [0.50-0.75]0.428(n=1150) [0.75-1.00]0.360(n=420)
2026-04-23 07:34:03,976 - INFO - [render-loss] step=218400 masked 8/16 samples (t_value < 0.40)
2026-04-23 07:35:56,337 - INFO - Step  218600 | Epoch  26 | MSE: 0.4742 | Steps/sec: 1.78 | LR: 1.37e-04 | Render_L1: 0.0224 | Alpha_L1: 0.0294 | Render_LPIPS: 0.1503 | GradNorm: 0.6416 | MSE/t: [0.00-0.25]0.621(n=441) [0.25-0.50]0.516(n=1125) [0.50-0.75]0.416(n=1206) [0.75-1.00]0.379(n=428)
2026-04-23 07:35:56,401 - INFO - [render-loss] step=218600 masked 8/16 samples (t_value < 0.40)
2026-04-23 07:37:48,196 - INFO - Step  218800 | Epoch  26 | MSE: 0.4713 | Steps/sec: 1.79 | LR: 1.36e-04 | Render_L1: 0.0227 | Alpha_L1: 0.0286 | Render_LPIPS: 0.1503 | GradNorm: 0.6644 | MSE/t: [0.00-0.25]0.582(n=446) [0.25-0.50]0.507(n=1154) [0.50-0.75]0.430(n=1190) [0.75-1.00]0.371(n=410)
2026-04-23 07:37:48,252 - INFO - [render-loss] step=218800 masked 7/16 samples (t_value < 0.40)
2026-04-23 07:39:40,423 - INFO - Step  219000 | Epoch  26 | MSE: 0.4647 | Steps/sec: 1.78 | LR: 1.36e-04 | Render_L1: 0.0222 | Alpha_L1: 0.0290 | Render_LPIPS: 0.1488 | GradNorm: 0.6207 | MSE/t: [0.00-0.25]0.582(n=433) [0.25-0.50]0.506(n=1186) [0.50-0.75]0.412(n=1155) [0.75-1.00]0.375(n=426)
2026-04-23 07:39:48,527 - INFO - [validation] saved: output/jit_JiT-B_8_full_improved_renderprobe/dit_validation/epoch_026_step_0219000_class071.png (class=71, sampler=heun, steps=100)
2026-04-23 07:39:49,571 - INFO - [overrides] applied from jit/configs/overrides.yaml: lr_scale=1.0 max_grad_norm=5.0 P_mean=0.0
2026-04-23 07:39:49,619 - INFO - [render-loss] step=219000 masked 1/16 samples (t_value < 0.40)
2026-04-23 07:41:41,636 - INFO - Step  219200 | Epoch  26 | MSE: 0.4766 | Steps/sec: 1.65 | LR: 1.36e-04 | Render_L1: 0.0232 | Alpha_L1: 0.0304 | Render_LPIPS: 0.1550 | GradNorm: 0.7476 | MSE/t: [0.00-0.25]0.567(n=444) [0.25-0.50]0.532(n=1159) [0.50-0.75]0.421(n=1170) [0.75-1.00]0.384(n=427)
2026-04-23 07:41:41,700 - INFO - [render-loss] step=219200 masked 3/16 samples (t_value < 0.40)
2026-04-23 07:43:33,793 - INFO - Step  219400 | Epoch  26 | MSE: 0.4711 | Steps/sec: 1.78 | LR: 1.36e-04 | Render_L1: 0.0232 | Alpha_L1: 0.0301 | Render_LPIPS: 0.1544 | GradNorm: 0.6854 | MSE/t: [0.00-0.25]0.593(n=412) [0.25-0.50]0.516(n=1159) [0.50-0.75]0.416(n=1216) [0.75-1.00]0.386(n=413)
2026-04-23 07:43:33,882 - INFO - [render-loss] step=219400 masked 6/16 samples (t_value < 0.40)
2026-04-23 07:45:26,958 - INFO - Step  219600 | Epoch  27 | MSE: 0.4621 | Steps/sec: 1.77 | LR: 1.36e-04 | Render_L1: 0.0222 | Alpha_L1: 0.0290 | Render_LPIPS: 0.1486 | GradNorm: 0.6290 | MSE/t: [0.00-0.25]0.576(n=412) [0.25-0.50]0.502(n=1156) [0.50-0.75]0.420(n=1173) [0.75-1.00]0.365(n=459)
2026-04-23 07:45:27,017 - INFO - [render-loss] step=219600 masked 4/16 samples (t_value < 0.40)
2026-04-23 07:47:18,959 - INFO - Step  219800 | Epoch  27 | MSE: 0.4731 | Steps/sec: 1.79 | LR: 1.36e-04 | Render_L1: 0.0231 | Alpha_L1: 0.0287 | Render_LPIPS: 0.1529 | GradNorm: 0.6497 | MSE/t: [0.00-0.25]0.563(n=461) [0.25-0.50]0.515(n=1169) [0.50-0.75]0.427(n=1167) [0.75-1.00]0.382(n=403)
2026-04-23 07:47:19,023 - INFO - [render-loss] step=219800 masked 5/16 samples (t_value < 0.40)
2026-04-23 07:49:10,914 - INFO - Step  220000 | Epoch  27 | MSE: 0.4712 | Steps/sec: 1.79 | LR: 1.36e-04 | Render_L1: 0.0228 | Alpha_L1: 0.0293 | Render_LPIPS: 0.1531 | GradNorm: 0.6529 | MSE/t: [0.00-0.25]0.571(n=455) [0.25-0.50]0.515(n=1153) [0.50-0.75]0.419(n=1139) [0.75-1.00]0.389(n=453)
2026-04-23 07:49:13,036 - INFO - Saved checkpoint to output/jit_JiT-B_8_full_improved_renderprobe/0220000.pt
2026-04-23 07:49:13,125 - INFO - [cond] cfg_signal=0.0643 | class_signal=0.0786 | pred_rms=0.6015
2026-04-23 07:49:21,278 - INFO - [validation] saved: output/jit_JiT-B_8_full_improved_renderprobe/dit_validation/epoch_027_step_0220000_class116.png (class=116, sampler=heun, steps=100)
2026-04-23 07:49:22,318 - INFO - [overrides] applied from jit/configs/overrides.yaml: lr_scale=1.0 max_grad_norm=5.0 P_mean=0.0
2026-04-23 07:49:22,365 - INFO - [render-loss] step=220000 masked 5/16 samples (t_value < 0.40)
2026-04-23 07:51:13,908 - INFO - Step  220200 | Epoch  27 | MSE: 0.4794 | Steps/sec: 1.63 | LR: 1.36e-04 | Render_L1: 0.0224 | Alpha_L1: 0.0283 | Render_LPIPS: 0.1501 | GradNorm: 0.6454 | MSE/t: [0.00-0.25]0.596(n=397) [0.25-0.50]0.513(n=1215) [0.50-0.75]0.445(n=1164) [0.75-1.00]0.370(n=424)
2026-04-23 07:51:13,965 - INFO - [render-loss] step=220200 masked 7/16 samples (t_value < 0.40)
2026-04-23 07:53:05,978 - INFO - Step  220400 | Epoch  27 | MSE: 0.4742 | Steps/sec: 1.78 | LR: 1.36e-04 | Render_L1: 0.0231 | Alpha_L1: 0.0301 | Render_LPIPS: 0.1523 | GradNorm: 0.6318 | MSE/t: [0.00-0.25]0.606(n=446) [0.25-0.50]0.509(n=1122) [0.50-0.75]0.424(n=1195) [0.75-1.00]0.388(n=437)
2026-04-23 07:53:06,036 - INFO - [render-loss] step=220400 masked 6/16 samples (t_value < 0.40)
2026-04-23 07:54:57,796 - INFO - Step  220600 | Epoch  27 | MSE: 0.4648 | Steps/sec: 1.79 | LR: 1.36e-04 | Render_L1: 0.0223 | Alpha_L1: 0.0288 | Render_LPIPS: 0.1494 | GradNorm: 0.6289 | MSE/t: [0.00-0.25]0.582(n=457) [0.25-0.50]0.506(n=1154) [0.50-0.75]0.416(n=1131) [0.75-1.00]0.366(n=458)
2026-04-23 07:54:57,854 - INFO - [render-loss] step=220600 masked 4/16 samples (t_value < 0.40)
2026-04-23 07:56:50,170 - INFO - Step  220800 | Epoch  27 | MSE: 0.4685 | Steps/sec: 1.78 | LR: 1.35e-04 | Render_L1: 0.0226 | Alpha_L1: 0.0288 | Render_LPIPS: 0.1513 | GradNorm: 0.6358 | MSE/t: [0.00-0.25]0.599(n=412) [0.25-0.50]0.508(n=1217) [0.50-0.75]0.418(n=1143) [0.75-1.00]0.367(n=428)
2026-04-23 07:56:50,229 - INFO - [render-loss] step=220800 masked 6/16 samples (t_value < 0.40)
2026-04-23 07:58:41,770 - INFO - Step  221000 | Epoch  27 | MSE: 0.4660 | Steps/sec: 1.79 | LR: 1.35e-04 | Render_L1: 0.0221 | Alpha_L1: 0.0288 | Render_LPIPS: 0.1482 | GradNorm: 0.6788 | MSE/t: [0.00-0.25]0.585(n=472) [0.25-0.50]0.494(n=1167) [0.50-0.75]0.416(n=1119) [0.75-1.00]0.392(n=442)
2026-04-23 07:58:49,876 - INFO - [validation] saved: output/jit_JiT-B_8_full_improved_renderprobe/dit_validation/epoch_027_step_0221000_class102.png (class=102, sampler=heun, steps=100)
2026-04-23 07:58:50,911 - INFO - [overrides] applied from jit/configs/overrides.yaml: lr_scale=1.0 max_grad_norm=5.0 P_mean=0.0
2026-04-23 07:58:50,958 - INFO - [render-loss] step=221000 masked 5/16 samples (t_value < 0.40)
2026-04-23 08:00:43,649 - INFO - Step  221200 | Epoch  27 | MSE: 0.4636 | Steps/sec: 1.64 | LR: 1.35e-04 | Render_L1: 0.0223 | Alpha_L1: 0.0284 | Render_LPIPS: 0.1485 | GradNorm: 0.6308 | MSE/t: [0.00-0.25]0.590(n=437) [0.25-0.50]0.514(n=1135) [0.50-0.75]0.409(n=1169) [0.75-1.00]0.358(n=459)
2026-04-23 08:00:43,714 - INFO - [render-loss] step=221200 masked 8/16 samples (t_value < 0.40)
2026-04-23 08:02:36,041 - INFO - Step  221400 | Epoch  27 | MSE: 0.4650 | Steps/sec: 1.78 | LR: 1.35e-04 | Render_L1: 0.0218 | Alpha_L1: 0.0281 | Render_LPIPS: 0.1459 | GradNorm: 0.6144 | MSE/t: [0.00-0.25]0.590(n=415) [0.25-0.50]0.513(n=1160) [0.50-0.75]0.408(n=1186) [0.75-1.00]0.374(n=439)
2026-04-23 08:02:36,111 - INFO - [render-loss] step=221400 masked 7/16 samples (t_value < 0.40)
2026-04-23 08:04:27,922 - INFO - Step  221600 | Epoch  27 | MSE: 0.4749 | Steps/sec: 1.79 | LR: 1.35e-04 | Render_L1: 0.0223 | Alpha_L1: 0.0291 | Render_LPIPS: 0.1509 | GradNorm: 0.6568 | MSE/t: [0.00-0.25]0.596(n=484) [0.25-0.50]0.507(n=1124) [0.50-0.75]0.433(n=1213) [0.75-1.00]0.361(n=379)
2026-04-23 08:04:27,980 - INFO - [render-loss] step=221600 masked 6/16 samples (t_value < 0.40)
2026-04-23 08:06:19,926 - INFO - Step  221800 | Epoch  27 | MSE: 0.4739 | Steps/sec: 1.79 | LR: 1.35e-04 | Render_L1: 0.0226 | Alpha_L1: 0.0296 | Render_LPIPS: 0.1518 | GradNorm: 0.6535 | MSE/t: [0.00-0.25]0.598(n=423) [0.25-0.50]0.519(n=1180) [0.50-0.75]0.424(n=1132) [0.75-1.00]0.370(n=465)
2026-04-23 08:06:19,984 - INFO - [render-loss] step=221800 masked 2/16 samples (t_value < 0.40)
2026-04-23 08:08:12,096 - INFO - Step  222000 | Epoch  27 | MSE: 0.4629 | Steps/sec: 1.78 | LR: 1.35e-04 | Render_L1: 0.0226 | Alpha_L1: 0.0291 | Render_LPIPS: 0.1504 | GradNorm: 0.6440 | MSE/t: [0.00-0.25]0.568(n=447) [0.25-0.50]0.502(n=1146) [0.50-0.75]0.418(n=1161) [0.75-1.00]0.374(n=446)
2026-04-23 08:08:20,371 - INFO - [validation] saved: output/jit_JiT-B_8_full_improved_renderprobe/dit_validation/epoch_027_step_0222000_class026.png (class=26, sampler=heun, steps=100)
2026-04-23 08:08:21,408 - INFO - [overrides] applied from jit/configs/overrides.yaml: lr_scale=1.0 max_grad_norm=5.0 P_mean=0.0
2026-04-23 08:08:21,455 - INFO - [render-loss] step=222000 masked 4/16 samples (t_value < 0.40)
2026-04-23 08:10:13,672 - INFO - Step  222200 | Epoch  27 | MSE: 0.4664 | Steps/sec: 1.65 | LR: 1.35e-04 | Render_L1: 0.0226 | Alpha_L1: 0.0295 | Render_LPIPS: 0.1518 | GradNorm: 0.6725 | MSE/t: [0.00-0.25]0.604(n=463) [0.25-0.50]0.488(n=1166) [0.50-0.75]0.422(n=1134) [0.75-1.00]0.377(n=437)
2026-04-23 08:10:13,903 - INFO - [render-loss] step=222200 masked 6/16 samples (t_value < 0.40)
2026-04-23 08:12:05,604 - INFO - Step  222400 | Epoch  27 | MSE: 0.4711 | Steps/sec: 1.79 | LR: 1.35e-04 | Render_L1: 0.0223 | Alpha_L1: 0.0288 | Render_LPIPS: 0.1491 | GradNorm: 0.6159 | MSE/t: [0.00-0.25]0.587(n=444) [0.25-0.50]0.507(n=1162) [0.50-0.75]0.430(n=1197) [0.75-1.00]0.361(n=397)
2026-04-23 08:12:05,659 - INFO - [render-loss] step=222400 masked 3/16 samples (t_value < 0.40)
2026-04-23 08:13:57,841 - INFO - Step  222600 | Epoch  27 | MSE: 0.4687 | Steps/sec: 1.78 | LR: 1.34e-04 | Render_L1: 0.0228 | Alpha_L1: 0.0290 | Render_LPIPS: 0.1510 | GradNorm: 0.6311 | MSE/t: [0.00-0.25]0.569(n=414) [0.25-0.50]0.512(n=1135) [0.50-0.75]0.422(n=1227) [0.75-1.00]0.390(n=424)
2026-04-23 08:13:57,903 - INFO - [render-loss] step=222600 masked 5/16 samples (t_value < 0.40)
2026-04-23 08:15:49,967 - INFO - Step  222800 | Epoch  27 | MSE: 0.4605 | Steps/sec: 1.78 | LR: 1.34e-04 | Render_L1: 0.0220 | Alpha_L1: 0.0287 | Render_LPIPS: 0.1492 | GradNorm: 0.6534 | MSE/t: [0.00-0.25]0.605(n=410) [0.25-0.50]0.504(n=1168) [0.50-0.75]0.405(n=1171) [0.75-1.00]0.361(n=451)
2026-04-23 08:15:50,027 - INFO - [render-loss] step=222800 masked 8/16 samples (t_value < 0.40)
2026-04-23 08:17:41,836 - INFO - Step  223000 | Epoch  27 | MSE: 0.4658 | Steps/sec: 1.79 | LR: 1.34e-04 | Render_L1: 0.0221 | Alpha_L1: 0.0286 | Render_LPIPS: 0.1495 | GradNorm: 0.6636 | MSE/t: [0.00-0.25]0.589(n=440) [0.25-0.50]0.500(n=1172) [0.50-0.75]0.412(n=1182) [0.75-1.00]0.389(n=406)
2026-04-23 08:17:50,051 - INFO - [validation] saved: output/jit_JiT-B_8_full_improved_renderprobe/dit_validation/epoch_027_step_0223000_class062.png (class=62, sampler=heun, steps=100)
2026-04-23 08:17:51,164 - INFO - [overrides] applied from jit/configs/overrides.yaml: lr_scale=1.0 max_grad_norm=5.0 P_mean=0.0
2026-04-23 08:17:51,214 - INFO - [render-loss] step=223000 masked 6/16 samples (t_value < 0.40)
2026-04-23 08:19:42,944 - INFO - Step  223200 | Epoch  27 | MSE: 0.4737 | Steps/sec: 1.65 | LR: 1.34e-04 | Render_L1: 0.0230 | Alpha_L1: 0.0291 | Render_LPIPS: 0.1533 | GradNorm: 0.6282 | MSE/t: [0.00-0.25]0.603(n=411) [0.25-0.50]0.507(n=1155) [0.50-0.75]0.428(n=1180) [0.75-1.00]0.389(n=454)
2026-04-23 08:19:43,013 - INFO - [render-loss] step=223200 masked 6/16 samples (t_value < 0.40)
2026-04-23 08:21:35,346 - INFO - Step  223400 | Epoch  27 | MSE: 0.4661 | Steps/sec: 1.78 | LR: 1.34e-04 | Render_L1: 0.0224 | Alpha_L1: 0.0286 | Render_LPIPS: 0.1511 | GradNorm: 0.7991 | MSE/t: [0.00-0.25]0.564(n=466) [0.25-0.50]0.513(n=1105) [0.50-0.75]0.418(n=1208) [0.75-1.00]0.374(n=421)
2026-04-23 08:21:35,409 - INFO - [render-loss] step=223400 masked 5/16 samples (t_value < 0.40)
2026-04-23 08:23:27,660 - INFO - Step  223600 | Epoch  27 | MSE: 0.4641 | Steps/sec: 1.78 | LR: 1.34e-04 | Render_L1: 0.0225 | Alpha_L1: 0.0297 | Render_LPIPS: 0.1501 | GradNorm: 0.6385 | MSE/t: [0.00-0.25]0.557(n=436) [0.25-0.50]0.507(n=1173) [0.50-0.75]0.420(n=1183) [0.75-1.00]0.369(n=408)
2026-04-23 08:23:27,721 - INFO - [render-loss] step=223600 masked 4/16 samples (t_value < 0.40)
2026-04-23 08:25:19,778 - INFO - Step  223800 | Epoch  27 | MSE: 0.4659 | Steps/sec: 1.78 | LR: 1.34e-04 | Render_L1: 0.0224 | Alpha_L1: 0.0284 | Render_LPIPS: 0.1494 | GradNorm: 0.6356 | MSE/t: [0.00-0.25]0.590(n=470) [0.25-0.50]0.497(n=1144) [0.50-0.75]0.423(n=1162) [0.75-1.00]0.362(n=424)
2026-04-23 08:25:19,840 - INFO - [render-loss] step=223800 masked 2/16 samples (t_value < 0.40)
2026-04-23 08:27:11,531 - INFO - Step  224000 | Epoch  27 | MSE: 0.4704 | Steps/sec: 1.79 | LR: 1.34e-04 | Render_L1: 0.0223 | Alpha_L1: 0.0288 | Render_LPIPS: 0.1518 | GradNorm: 0.6567 | MSE/t: [0.00-0.25]0.565(n=415) [0.25-0.50]0.504(n=1177) [0.50-0.75]0.434(n=1161) [0.75-1.00]0.389(n=447)
2026-04-23 08:27:19,681 - INFO - [validation] saved: output/jit_JiT-B_8_full_improved_renderprobe/dit_validation/epoch_027_step_0224000_class013.png (class=13, sampler=heun, steps=100)
2026-04-23 08:27:20,616 - INFO - [overrides] applied from jit/configs/overrides.yaml: lr_scale=1.0 max_grad_norm=5.0 P_mean=0.0
2026-04-23 08:27:20,668 - INFO - [render-loss] step=224000 masked 3/16 samples (t_value < 0.40)
2026-04-23 08:29:12,692 - INFO - Step  224200 | Epoch  27 | MSE: 0.4665 | Steps/sec: 1.65 | LR: 1.34e-04 | Render_L1: 0.0219 | Alpha_L1: 0.0286 | Render_LPIPS: 0.1495 | GradNorm: 0.6315 | MSE/t: [0.00-0.25]0.577(n=442) [0.25-0.50]0.497(n=1167) [0.50-0.75]0.420(n=1168) [0.75-1.00]0.394(n=423)
2026-04-23 08:29:12,754 - INFO - [render-loss] step=224200 masked 4/16 samples (t_value < 0.40)
2026-04-23 08:31:04,617 - INFO - Step  224400 | Epoch  27 | MSE: 0.4593 | Steps/sec: 1.79 | LR: 1.34e-04 | Render_L1: 0.0215 | Alpha_L1: 0.0286 | Render_LPIPS: 0.1466 | GradNorm: 0.5950 | MSE/t: [0.00-0.25]0.603(n=397) [0.25-0.50]0.508(n=1139) [0.50-0.75]0.406(n=1249) [0.75-1.00]0.348(n=415)
2026-04-23 08:31:04,674 - INFO - [render-loss] step=224400 masked 8/16 samples (t_value < 0.40)
2026-04-23 08:32:56,421 - INFO - Step  224600 | Epoch  27 | MSE: 0.4601 | Steps/sec: 1.79 | LR: 1.33e-04 | Render_L1: 0.0223 | Alpha_L1: 0.0289 | Render_LPIPS: 0.1494 | GradNorm: 0.6340 | MSE/t: [0.00-0.25]0.571(n=458) [0.25-0.50]0.499(n=1139) [0.50-0.75]0.423(n=1138) [0.75-1.00]0.345(n=465)
2026-04-23 08:32:56,477 - INFO - [render-loss] step=224600 masked 5/16 samples (t_value < 0.40)
2026-04-23 08:34:48,303 - INFO - Step  224800 | Epoch  27 | MSE: 0.4681 | Steps/sec: 1.79 | LR: 1.33e-04 | Render_L1: 0.0221 | Alpha_L1: 0.0290 | Render_LPIPS: 0.1493 | GradNorm: 0.6617 | MSE/t: [0.00-0.25]0.587(n=438) [0.25-0.50]0.510(n=1167) [0.50-0.75]0.407(n=1125) [0.75-1.00]0.398(n=470)
2026-04-23 08:34:48,362 - INFO - [render-loss] step=224800 masked 9/16 samples (t_value < 0.40)
2026-04-23 08:36:40,066 - INFO - Step  225000 | Epoch  27 | MSE: 0.4712 | Steps/sec: 1.79 | LR: 1.33e-04 | Render_L1: 0.0223 | Alpha_L1: 0.0287 | Render_LPIPS: 0.1508 | GradNorm: 0.6792 | MSE/t: [0.00-0.25]0.592(n=451) [0.25-0.50]0.525(n=1162) [0.50-0.75]0.412(n=1162) [0.75-1.00]0.357(n=425)
2026-04-23 08:36:48,244 - INFO - [validation] saved: output/jit_JiT-B_8_full_improved_renderprobe/dit_validation/epoch_027_step_0225000_class050.png (class=50, sampler=heun, steps=100)
2026-04-23 08:36:49,185 - INFO - [overrides] applied from jit/configs/overrides.yaml: lr_scale=1.0 max_grad_norm=5.0 P_mean=0.0
2026-04-23 08:36:49,232 - INFO - [render-loss] step=225000 masked 9/16 samples (t_value < 0.40)
2026-04-23 08:38:41,339 - INFO - Step  225200 | Epoch  27 | MSE: 0.4762 | Steps/sec: 1.65 | LR: 1.33e-04 | Render_L1: 0.0230 | Alpha_L1: 0.0293 | Render_LPIPS: 0.1512 | GradNorm: 0.6277 | MSE/t: [0.00-0.25]0.608(n=420) [0.25-0.50]0.510(n=1173) [0.50-0.75]0.429(n=1201) [0.75-1.00]0.383(n=406)
2026-04-23 08:38:41,401 - INFO - [render-loss] step=225200 masked 5/16 samples (t_value < 0.40)
2026-04-23 08:40:33,058 - INFO - Step  225400 | Epoch  27 | MSE: 0.4755 | Steps/sec: 1.79 | LR: 1.33e-04 | Render_L1: 0.0229 | Alpha_L1: 0.0292 | Render_LPIPS: 0.1503 | GradNorm: 0.6136 | MSE/t: [0.00-0.25]0.611(n=418) [0.25-0.50]0.509(n=1172) [0.50-0.75]0.427(n=1190) [0.75-1.00]0.385(n=420)
2026-04-23 08:40:33,117 - INFO - [render-loss] step=225400 masked 4/16 samples (t_value < 0.40)
2026-04-23 08:42:25,278 - INFO - Step  225600 | Epoch  27 | MSE: 0.4684 | Steps/sec: 1.78 | LR: 1.33e-04 | Render_L1: 0.0226 | Alpha_L1: 0.0291 | Render_LPIPS: 0.1505 | GradNorm: 1.0423 | MSE/t: [0.00-0.25]0.575(n=407) [0.25-0.50]0.510(n=1200) [0.50-0.75]0.424(n=1170) [0.75-1.00]0.372(n=423)
2026-04-23 08:42:25,336 - INFO - [render-loss] step=225600 masked 8/16 samples (t_value < 0.40)
2026-04-23 08:44:17,515 - INFO - Step  225800 | Epoch  27 | MSE: 0.4663 | Steps/sec: 1.78 | LR: 1.33e-04 | Render_L1: 0.0220 | Alpha_L1: 0.0286 | Render_LPIPS: 0.1491 | GradNorm: 0.6054 | MSE/t: [0.00-0.25]0.589(n=421) [0.25-0.50]0.502(n=1177) [0.50-0.75]0.417(n=1145) [0.75-1.00]0.386(n=457)
2026-04-23 08:44:17,572 - INFO - [render-loss] step=225800 masked 4/16 samples (t_value < 0.40)
2026-04-23 08:46:09,566 - INFO - Step  226000 | Epoch  27 | MSE: 0.4701 | Steps/sec: 1.78 | LR: 1.33e-04 | Render_L1: 0.0219 | Alpha_L1: 0.0284 | Render_LPIPS: 0.1485 | GradNorm: 0.6535 | MSE/t: [0.00-0.25]0.579(n=423) [0.25-0.50]0.516(n=1186) [0.50-0.75]0.413(n=1144) [0.75-1.00]0.393(n=447)
2026-04-23 08:46:17,696 - INFO - [validation] saved: output/jit_JiT-B_8_full_improved_renderprobe/dit_validation/epoch_027_step_0226000_class062.png (class=62, sampler=heun, steps=100)
2026-04-23 08:46:18,641 - INFO - [overrides] applied from jit/configs/overrides.yaml: lr_scale=1.0 max_grad_norm=5.0 P_mean=0.0
2026-04-23 08:46:18,692 - INFO - [render-loss] step=226000 masked 6/16 samples (t_value < 0.40)
2026-04-23 08:48:10,794 - INFO - Step  226200 | Epoch  27 | MSE: 0.4701 | Steps/sec: 1.65 | LR: 1.33e-04 | Render_L1: 0.0223 | Alpha_L1: 0.0282 | Render_LPIPS: 0.1499 | GradNorm: 0.6602 | MSE/t: [0.00-0.25]0.572(n=437) [0.25-0.50]0.509(n=1161) [0.50-0.75]0.429(n=1179) [0.75-1.00]0.373(n=423)
2026-04-23 08:48:10,855 - INFO - [render-loss] step=226200 masked 6/16 samples (t_value < 0.40)
2026-04-23 08:50:02,984 - INFO - Step  226400 | Epoch  27 | MSE: 0.4601 | Steps/sec: 1.78 | LR: 1.33e-04 | Render_L1: 0.0221 | Alpha_L1: 0.0286 | Render_LPIPS: 0.1486 | GradNorm: 0.6301 | MSE/t: [0.00-0.25]0.547(n=438) [0.25-0.50]0.505(n=1140) [0.50-0.75]0.423(n=1172) [0.75-1.00]0.359(n=450)
2026-04-23 08:50:03,042 - INFO - [render-loss] step=226400 masked 6/16 samples (t_value < 0.40)
2026-04-23 08:51:54,975 - INFO - Step  226600 | Epoch  27 | MSE: 0.4585 | Steps/sec: 1.79 | LR: 1.32e-04 | Render_L1: 0.0224 | Alpha_L1: 0.0291 | Render_LPIPS: 0.1482 | GradNorm: 0.6353 | MSE/t: [0.00-0.25]0.595(n=418) [0.25-0.50]0.500(n=1156) [0.50-0.75]0.414(n=1167) [0.75-1.00]0.344(n=459)
2026-04-23 08:51:55,035 - INFO - [render-loss] step=226600 masked 5/16 samples (t_value < 0.40)
2026-04-23 08:53:47,300 - INFO - Step  226800 | Epoch  27 | MSE: 0.4701 | Steps/sec: 1.78 | LR: 1.32e-04 | Render_L1: 0.0220 | Alpha_L1: 0.0283 | Render_LPIPS: 0.1470 | GradNorm: 0.6349 | MSE/t: [0.00-0.25]0.598(n=434) [0.25-0.50]0.507(n=1142) [0.50-0.75]0.417(n=1222) [0.75-1.00]0.387(n=402)
2026-04-23 08:53:47,358 - INFO - [render-loss] step=226800 masked 3/16 samples (t_value < 0.40)
2026-04-23 08:55:39,459 - INFO - Step  227000 | Epoch  27 | MSE: 0.4624 | Steps/sec: 1.78 | LR: 1.32e-04 | Render_L1: 0.0221 | Alpha_L1: 0.0291 | Render_LPIPS: 0.1481 | GradNorm: 0.6469 | MSE/t: [0.00-0.25]0.562(n=427) [0.25-0.50]0.495(n=1181) [0.50-0.75]0.422(n=1164) [0.75-1.00]0.385(n=428)
2026-04-23 08:55:47,681 - INFO - [validation] saved: output/jit_JiT-B_8_full_improved_renderprobe/dit_validation/epoch_027_step_0227000_class033.png (class=33, sampler=heun, steps=100)
2026-04-23 08:55:48,622 - INFO - [overrides] applied from jit/configs/overrides.yaml: lr_scale=1.0 max_grad_norm=5.0 P_mean=0.0
2026-04-23 08:55:48,670 - INFO - [render-loss] step=227000 masked 3/16 samples (t_value < 0.40)
2026-04-23 08:57:40,668 - INFO - Step  227200 | Epoch  27 | MSE: 0.4695 | Steps/sec: 1.65 | LR: 1.32e-04 | Render_L1: 0.0223 | Alpha_L1: 0.0290 | Render_LPIPS: 0.1498 | GradNorm: 0.6727 | MSE/t: [0.00-0.25]0.560(n=446) [0.25-0.50]0.518(n=1177) [0.50-0.75]0.419(n=1149) [0.75-1.00]0.378(n=428)
2026-04-23 08:57:40,728 - INFO - [render-loss] step=227200 masked 4/16 samples (t_value < 0.40)
2026-04-23 08:59:32,816 - INFO - Step  227400 | Epoch  27 | MSE: 0.4719 | Steps/sec: 1.78 | LR: 1.32e-04 | Render_L1: 0.0224 | Alpha_L1: 0.0287 | Render_LPIPS: 0.1497 | GradNorm: 0.6545 | MSE/t: [0.00-0.25]0.579(n=418) [0.25-0.50]0.507(n=1211) [0.50-0.75]0.427(n=1126) [0.75-1.00]0.389(n=445)
2026-04-23 08:59:32,876 - INFO - [render-loss] step=227400 masked 5/16 samples (t_value < 0.40)
2026-04-23 09:01:25,732 - INFO - Step  227600 | Epoch  28 | MSE: 0.4637 | Steps/sec: 1.77 | LR: 1.32e-04 | Render_L1: 0.0219 | Alpha_L1: 0.0287 | Render_LPIPS: 0.1485 | GradNorm: 0.6506 | MSE/t: [0.00-0.25]0.570(n=445) [0.25-0.50]0.499(n=1191) [0.50-0.75]0.415(n=1173) [0.75-1.00]0.383(n=391)
2026-04-23 09:01:25,790 - INFO - [render-loss] step=227600 masked 7/16 samples (t_value < 0.40)
2026-04-23 09:03:17,715 - INFO - Step  227800 | Epoch  28 | MSE: 0.4761 | Steps/sec: 1.79 | LR: 1.32e-04 | Render_L1: 0.0220 | Alpha_L1: 0.0288 | Render_LPIPS: 0.1486 | GradNorm: 0.6467 | MSE/t: [0.00-0.25]0.580(n=468) [0.25-0.50]0.530(n=1119) [0.50-0.75]0.428(n=1186) [0.75-1.00]0.355(n=427)
2026-04-23 09:03:17,774 - INFO - [render-loss] step=227800 masked 4/16 samples (t_value < 0.40)
2026-04-23 09:05:10,070 - INFO - Step  228000 | Epoch  28 | MSE: 0.4756 | Steps/sec: 1.78 | LR: 1.32e-04 | Render_L1: 0.0224 | Alpha_L1: 0.0290 | Render_LPIPS: 0.1503 | GradNorm: 0.8062 | MSE/t: [0.00-0.25]0.611(n=451) [0.25-0.50]0.509(n=1148) [0.50-0.75]0.425(n=1157) [0.75-1.00]0.383(n=444)
2026-04-23 09:05:18,271 - INFO - [validation] saved: output/jit_JiT-B_8_full_improved_renderprobe/dit_validation/epoch_028_step_0228000_class096.png (class=96, sampler=heun, steps=100)
2026-04-23 09:05:19,217 - INFO - [overrides] applied from jit/configs/overrides.yaml: lr_scale=1.0 max_grad_norm=5.0 P_mean=0.0
2026-04-23 09:05:19,269 - INFO - [render-loss] step=228000 masked 5/16 samples (t_value < 0.40)
2026-04-23 09:07:11,428 - INFO - Step  228200 | Epoch  28 | MSE: 0.4604 | Steps/sec: 1.65 | LR: 1.32e-04 | Render_L1: 0.0224 | Alpha_L1: 0.0287 | Render_LPIPS: 0.1493 | GradNorm: 0.6404 | MSE/t: [0.00-0.25]0.573(n=407) [0.25-0.50]0.499(n=1195) [0.50-0.75]0.421(n=1132) [0.75-1.00]0.360(n=466)
2026-04-23 09:07:11,486 - INFO - [render-loss] step=228200 masked 8/16 samples (t_value < 0.40)
2026-04-23 09:09:03,368 - INFO - Step  228400 | Epoch  28 | MSE: 0.4550 | Steps/sec: 1.79 | LR: 1.32e-04 | Render_L1: 0.0212 | Alpha_L1: 0.0279 | Render_LPIPS: 0.1444 | GradNorm: 0.6544 | MSE/t: [0.00-0.25]0.573(n=447) [0.25-0.50]0.500(n=1148) [0.50-0.75]0.401(n=1174) [0.75-1.00]0.359(n=431)
2026-04-23 09:09:03,426 - INFO - [render-loss] step=228400 masked 7/16 samples (t_value < 0.40)
2026-04-23 09:10:55,187 - INFO - Step  228600 | Epoch  28 | MSE: 0.4672 | Steps/sec: 1.79 | LR: 1.31e-04 | Render_L1: 0.0231 | Alpha_L1: 0.0290 | Render_LPIPS: 0.1524 | GradNorm: 0.6780 | MSE/t: [0.00-0.25]0.579(n=446) [0.25-0.50]0.500(n=1151) [0.50-0.75]0.431(n=1170) [0.75-1.00]0.361(n=433)
2026-04-23 09:10:55,246 - INFO - [render-loss] step=228600 masked 4/16 samples (t_value < 0.40)
2026-04-23 09:12:47,057 - INFO - Step  228800 | Epoch  28 | MSE: 0.4722 | Steps/sec: 1.79 | LR: 1.31e-04 | Render_L1: 0.0225 | Alpha_L1: 0.0292 | Render_LPIPS: 0.1500 | GradNorm: 0.6255 | MSE/t: [0.00-0.25]0.581(n=464) [0.25-0.50]0.506(n=1166) [0.50-0.75]0.424(n=1140) [0.75-1.00]0.389(n=430)
2026-04-23 09:12:47,118 - INFO - [render-loss] step=228800 masked 11/16 samples (t_value < 0.40)
2026-04-23 09:14:39,035 - INFO - Step  229000 | Epoch  28 | MSE: 0.4733 | Steps/sec: 1.79 | LR: 1.31e-04 | Render_L1: 0.0227 | Alpha_L1: 0.0297 | Render_LPIPS: 0.1515 | GradNorm: 1.5283 | MSE/t: [0.00-0.25]0.586(n=410) [0.25-0.50]0.512(n=1198) [0.50-0.75]0.423(n=1144) [0.75-1.00]0.396(n=448)
2026-04-23 09:14:47,173 - INFO - [validation] saved: output/jit_JiT-B_8_full_improved_renderprobe/dit_validation/epoch_028_step_0229000_class051.png (class=51, sampler=heun, steps=100)
2026-04-23 09:14:48,275 - INFO - [overrides] applied from jit/configs/overrides.yaml: lr_scale=1.0 max_grad_norm=5.0 P_mean=0.0
2026-04-23 09:14:48,322 - INFO - [render-loss] step=229000 masked 6/16 samples (t_value < 0.40)
2026-04-23 09:16:40,381 - INFO - Step  229200 | Epoch  28 | MSE: 0.4834 | Steps/sec: 1.65 | LR: 1.31e-04 | Render_L1: 0.0223 | Alpha_L1: 0.0292 | Render_LPIPS: 0.1489 | GradNorm: 0.6542 | MSE/t: [0.00-0.25]0.611(n=468) [0.25-0.50]0.495(n=1180) [0.50-0.75]0.456(n=1116) [0.75-1.00]0.388(n=436)
2026-04-23 09:16:40,439 - INFO - [render-loss] step=229200 masked 6/16 samples (t_value < 0.40)
2026-04-23 09:18:32,502 - INFO - Step  229400 | Epoch  28 | MSE: 0.4748 | Steps/sec: 1.78 | LR: 1.31e-04 | Render_L1: 0.0220 | Alpha_L1: 0.0287 | Render_LPIPS: 0.1479 | GradNorm: 4.8505 | MSE/t: [0.00-0.25]0.618(n=423) [0.25-0.50]0.507(n=1170) [0.50-0.75]0.431(n=1182) [0.75-1.00]0.366(n=425)
2026-04-23 09:18:32,559 - INFO - [render-loss] step=229400 masked 4/16 samples (t_value < 0.40)
2026-04-23 09:20:24,348 - INFO - Step  229600 | Epoch  28 | MSE: 0.4731 | Steps/sec: 1.79 | LR: 1.31e-04 | Render_L1: 0.0227 | Alpha_L1: 0.0290 | Render_LPIPS: 0.1515 | GradNorm: 0.6527 | MSE/t: [0.00-0.25]0.566(n=405) [0.25-0.50]0.523(n=1217) [0.50-0.75]0.428(n=1173) [0.75-1.00]0.363(n=405)
2026-04-23 09:20:24,576 - INFO - [render-loss] step=229600 masked 6/16 samples (t_value < 0.40)
2026-04-23 09:22:16,457 - INFO - Step  229800 | Epoch  28 | MSE: 0.4748 | Steps/sec: 1.78 | LR: 1.31e-04 | Render_L1: 0.0225 | Alpha_L1: 0.0288 | Render_LPIPS: 0.1489 | GradNorm: 0.6481 | MSE/t: [0.00-0.25]0.583(n=424) [0.25-0.50]0.526(n=1185) [0.50-0.75]0.427(n=1141) [0.75-1.00]0.360(n=450)
2026-04-23 09:22:16,516 - INFO - [render-loss] step=229800 masked 6/16 samples (t_value < 0.40)
2026-04-23 09:24:08,397 - INFO - Step  230000 | Epoch  28 | MSE: 0.4831 | Steps/sec: 1.79 | LR: 1.31e-04 | Render_L1: 0.0228 | Alpha_L1: 0.0288 | Render_LPIPS: 0.1526 | GradNorm: 0.6189 | MSE/t: [0.00-0.25]0.591(n=438) [0.25-0.50]0.521(n=1198) [0.50-0.75]0.436(n=1137) [0.75-1.00]0.393(n=427)
2026-04-23 09:24:16,882 - INFO - [validation] saved: output/jit_JiT-B_8_full_improved_renderprobe/dit_validation/epoch_028_step_0230000_class093.png (class=93, sampler=heun, steps=100)
2026-04-23 09:24:18,002 - INFO - [overrides] applied from jit/configs/overrides.yaml: lr_scale=1.0 max_grad_norm=5.0 P_mean=0.0
2026-04-23 09:24:18,053 - INFO - [render-loss] step=230000 masked 4/16 samples (t_value < 0.40)
2026-04-23 09:26:10,334 - INFO - Step  230200 | Epoch  28 | MSE: 0.4531 | Steps/sec: 1.64 | LR: 1.31e-04 | Render_L1: 0.0215 | Alpha_L1: 0.0277 | Render_LPIPS: 0.1458 | GradNorm: 1.0655 | MSE/t: [0.00-0.25]0.564(n=415) [0.25-0.50]0.494(n=1189) [0.50-0.75]0.403(n=1130) [0.75-1.00]0.370(n=466)
2026-04-23 09:26:10,399 - INFO - [render-loss] step=230200 masked 2/16 samples (t_value < 0.40)
2026-04-23 09:28:02,721 - INFO - Step  230400 | Epoch  28 | MSE: 0.4692 | Steps/sec: 1.78 | LR: 1.30e-04 | Render_L1: 0.0220 | Alpha_L1: 0.0285 | Render_LPIPS: 0.1482 | GradNorm: 0.6245 | MSE/t: [0.00-0.25]0.605(n=448) [0.25-0.50]0.499(n=1140) [0.50-0.75]0.419(n=1178) [0.75-1.00]0.386(n=434)
2026-04-23 09:28:02,783 - INFO - [render-loss] step=230400 masked 7/16 samples (t_value < 0.40)
2026-04-23 09:29:54,801 - INFO - Step  230600 | Epoch  28 | MSE: 0.4718 | Steps/sec: 1.78 | LR: 1.30e-04 | Render_L1: 0.0223 | Alpha_L1: 0.0284 | Render_LPIPS: 0.1491 | GradNorm: 0.6107 | MSE/t: [0.00-0.25]0.563(n=424) [0.25-0.50]0.515(n=1190) [0.50-0.75]0.422(n=1180) [0.75-1.00]0.393(n=406)
2026-04-23 09:29:54,860 - INFO - [render-loss] step=230600 masked 7/16 samples (t_value < 0.40)
2026-04-23 09:31:46,521 - INFO - Step  230800 | Epoch  28 | MSE: 0.4704 | Steps/sec: 1.79 | LR: 1.30e-04 | Render_L1: 0.0221 | Alpha_L1: 0.0284 | Render_LPIPS: 0.1467 | GradNorm: 0.6877 | MSE/t: [0.00-0.25]0.585(n=422) [0.25-0.50]0.498(n=1182) [0.50-0.75]0.425(n=1171) [0.75-1.00]0.406(n=425)
2026-04-23 09:31:46,579 - INFO - [render-loss] step=230800 masked 6/16 samples (t_value < 0.40)
2026-04-23 09:33:38,522 - INFO - Step  231000 | Epoch  28 | MSE: 0.4725 | Steps/sec: 1.79 | LR: 1.30e-04 | Render_L1: 0.0225 | Alpha_L1: 0.0291 | Render_LPIPS: 0.1500 | GradNorm: 0.6527 | MSE/t: [0.00-0.25]0.589(n=411) [0.25-0.50]0.530(n=1161) [0.50-0.75]0.414(n=1178) [0.75-1.00]0.373(n=450)
2026-04-23 09:33:46,669 - INFO - [validation] saved: output/jit_JiT-B_8_full_improved_renderprobe/dit_validation/epoch_028_step_0231000_class079.png (class=79, sampler=heun, steps=100)
2026-04-23 09:33:47,608 - INFO - [overrides] applied from jit/configs/overrides.yaml: lr_scale=1.0 max_grad_norm=5.0 P_mean=0.0
2026-04-23 09:33:47,656 - INFO - [render-loss] step=231000 masked 6/16 samples (t_value < 0.40)
2026-04-23 09:35:39,366 - INFO - Step  231200 | Epoch  28 | MSE: 0.4708 | Steps/sec: 1.66 | LR: 1.30e-04 | Render_L1: 0.0224 | Alpha_L1: 0.0288 | Render_LPIPS: 0.1478 | GradNorm: 0.6145 | MSE/t: [0.00-0.25]0.566(n=456) [0.25-0.50]0.514(n=1131) [0.50-0.75]0.425(n=1161) [0.75-1.00]0.385(n=452)
2026-04-23 09:35:39,424 - INFO - [render-loss] step=231200 masked 6/16 samples (t_value < 0.40)
2026-04-23 09:37:31,426 - INFO - Step  231400 | Epoch  28 | MSE: 0.4724 | Steps/sec: 1.78 | LR: 1.30e-04 | Render_L1: 0.0213 | Alpha_L1: 0.0275 | Render_LPIPS: 0.1468 | GradNorm: 0.6674 | MSE/t: [0.00-0.25]0.592(n=442) [0.25-0.50]0.519(n=1123) [0.50-0.75]0.410(n=1188) [0.75-1.00]0.404(n=447)
2026-04-23 09:37:31,488 - INFO - [render-loss] step=231400 masked 5/16 samples (t_value < 0.40)
2026-04-23 09:39:23,593 - INFO - Step  231600 | Epoch  28 | MSE: 0.4593 | Steps/sec: 1.78 | LR: 1.30e-04 | Render_L1: 0.0220 | Alpha_L1: 0.0284 | Render_LPIPS: 0.1478 | GradNorm: 0.6337 | MSE/t: [0.00-0.25]0.546(n=455) [0.25-0.50]0.503(n=1150) [0.50-0.75]0.410(n=1152) [0.75-1.00]0.385(n=443)
2026-04-23 09:39:23,651 - INFO - [render-loss] step=231600 masked 5/16 samples (t_value < 0.40)
2026-04-23 09:41:15,603 - INFO - Step  231800 | Epoch  28 | MSE: 0.4690 | Steps/sec: 1.79 | LR: 1.30e-04 | Render_L1: 0.0223 | Alpha_L1: 0.0290 | Render_LPIPS: 0.1495 | GradNorm: 0.6379 | MSE/t: [0.00-0.25]0.570(n=424) [0.25-0.50]0.511(n=1169) [0.50-0.75]0.429(n=1198) [0.75-1.00]0.361(n=409)
2026-04-23 09:41:15,666 - INFO - [render-loss] step=231800 masked 3/16 samples (t_value < 0.40)
2026-04-23 09:43:07,334 - INFO - Step  232000 | Epoch  28 | MSE: 0.4714 | Steps/sec: 1.79 | LR: 1.30e-04 | Render_L1: 0.0216 | Alpha_L1: 0.0283 | Render_LPIPS: 0.1484 | GradNorm: 0.6589 | MSE/t: [0.00-0.25]0.578(n=475) [0.25-0.50]0.506(n=1180) [0.50-0.75]0.428(n=1132) [0.75-1.00]0.369(n=413)
2026-04-23 09:43:15,474 - INFO - [validation] saved: output/jit_JiT-B_8_full_improved_renderprobe/dit_validation/epoch_028_step_0232000_class012.png (class=12, sampler=heun, steps=100)
2026-04-23 09:43:16,424 - INFO - [overrides] applied from jit/configs/overrides.yaml: lr_scale=1.0 max_grad_norm=5.0 P_mean=0.0
2026-04-23 09:43:16,475 - INFO - [render-loss] step=232000 masked 4/16 samples (t_value < 0.40)
2026-04-23 09:45:08,156 - INFO - Step  232200 | Epoch  28 | MSE: 0.4734 | Steps/sec: 1.66 | LR: 1.30e-04 | Render_L1: 0.0222 | Alpha_L1: 0.0284 | Render_LPIPS: 0.1503 | GradNorm: 0.6304 | MSE/t: [0.00-0.25]0.579(n=418) [0.25-0.50]0.515(n=1181) [0.50-0.75]0.428(n=1179) [0.75-1.00]0.378(n=422)
2026-04-23 09:45:08,214 - INFO - [render-loss] step=232200 masked 4/16 samples (t_value < 0.40)
2026-04-23 09:47:00,022 - INFO - Step  232400 | Epoch  28 | MSE: 0.4678 | Steps/sec: 1.79 | LR: 1.29e-04 | Render_L1: 0.0218 | Alpha_L1: 0.0281 | Render_LPIPS: 0.1464 | GradNorm: 0.5979 | MSE/t: [0.00-0.25]0.538(n=423) [0.25-0.50]0.516(n=1223) [0.50-0.75]0.428(n=1133) [0.75-1.00]0.365(n=421)
2026-04-23 09:47:00,085 - INFO - [render-loss] step=232400 masked 9/16 samples (t_value < 0.40)
2026-04-23 09:48:52,103 - INFO - Step  232600 | Epoch  28 | MSE: 0.4601 | Steps/sec: 1.78 | LR: 1.29e-04 | Render_L1: 0.0218 | Alpha_L1: 0.0279 | Render_LPIPS: 0.1455 | GradNorm: 0.5978 | MSE/t: [0.00-0.25]0.578(n=436) [0.25-0.50]0.495(n=1167) [0.50-0.75]0.415(n=1175) [0.75-1.00]0.367(n=422)
2026-04-23 09:48:52,166 - INFO - [render-loss] step=232600 masked 8/16 samples (t_value < 0.40)
2026-04-23 09:50:44,086 - INFO - Step  232800 | Epoch  28 | MSE: 0.4767 | Steps/sec: 1.79 | LR: 1.29e-04 | Render_L1: 0.0222 | Alpha_L1: 0.0283 | Render_LPIPS: 0.1502 | GradNorm: 0.6420 | MSE/t: [0.00-0.25]0.584(n=441) [0.25-0.50]0.513(n=1135) [0.50-0.75]0.437(n=1140) [0.75-1.00]0.386(n=484)
2026-04-23 09:50:44,145 - INFO - [render-loss] step=232800 masked 8/16 samples (t_value < 0.40)
2026-04-23 09:52:35,686 - INFO - Step  233000 | Epoch  28 | MSE: 0.4639 | Steps/sec: 1.79 | LR: 1.29e-04 | Render_L1: 0.0223 | Alpha_L1: 0.0290 | Render_LPIPS: 0.1485 | GradNorm: 0.6749 | MSE/t: [0.00-0.25]0.587(n=438) [0.25-0.50]0.508(n=1130) [0.50-0.75]0.411(n=1157) [0.75-1.00]0.375(n=475)
2026-04-23 09:52:43,870 - INFO - [validation] saved: output/jit_JiT-B_8_full_improved_renderprobe/dit_validation/epoch_028_step_0233000_class061.png (class=61, sampler=heun, steps=100)
2026-04-23 09:52:44,830 - INFO - [overrides] applied from jit/configs/overrides.yaml: lr_scale=1.0 max_grad_norm=5.0 P_mean=0.0
2026-04-23 09:52:44,877 - INFO - [render-loss] step=233000 masked 4/16 samples (t_value < 0.40)
2026-04-23 09:54:36,530 - INFO - Step  233200 | Epoch  28 | MSE: 0.4694 | Steps/sec: 1.66 | LR: 1.29e-04 | Render_L1: 0.0221 | Alpha_L1: 0.0286 | Render_LPIPS: 0.1495 | GradNorm: 0.6073 | MSE/t: [0.00-0.25]0.567(n=453) [0.25-0.50]0.514(n=1166) [0.50-0.75]0.414(n=1168) [0.75-1.00]0.391(n=413)
2026-04-23 09:54:36,589 - INFO - [render-loss] step=233200 masked 8/16 samples (t_value < 0.40)
2026-04-23 09:56:28,407 - INFO - Step  233400 | Epoch  28 | MSE: 0.4704 | Steps/sec: 1.79 | LR: 1.29e-04 | Render_L1: 0.0218 | Alpha_L1: 0.0278 | Render_LPIPS: 0.1474 | GradNorm: 0.6505 | MSE/t: [0.00-0.25]0.604(n=461) [0.25-0.50]0.505(n=1172) [0.50-0.75]0.414(n=1158) [0.75-1.00]0.382(n=409)
2026-04-23 09:56:28,464 - INFO - [render-loss] step=233400 masked 9/16 samples (t_value < 0.40)
2026-04-23 09:58:20,263 - INFO - Step  233600 | Epoch  28 | MSE: 0.4741 | Steps/sec: 1.79 | LR: 1.29e-04 | Render_L1: 0.0221 | Alpha_L1: 0.0282 | Render_LPIPS: 0.1478 | GradNorm: 0.6493 | MSE/t: [0.00-0.25]0.588(n=438) [0.25-0.50]0.514(n=1146) [0.50-0.75]0.430(n=1169) [0.75-1.00]0.374(n=447)
2026-04-23 09:58:20,326 - INFO - [render-loss] step=233600 masked 4/16 samples (t_value < 0.40)
2026-04-23 10:00:12,250 - INFO - Step  233800 | Epoch  28 | MSE: 0.4635 | Steps/sec: 1.79 | LR: 1.29e-04 | Render_L1: 0.0219 | Alpha_L1: 0.0292 | Render_LPIPS: 0.1467 | GradNorm: 0.6438 | MSE/t: [0.00-0.25]0.570(n=428) [0.25-0.50]0.508(n=1203) [0.50-0.75]0.413(n=1155) [0.75-1.00]0.366(n=414)
2026-04-23 10:00:12,306 - INFO - [render-loss] step=233800 masked 4/16 samples (t_value < 0.40)
2026-04-23 10:02:04,044 - INFO - Step  234000 | Epoch  28 | MSE: 0.4663 | Steps/sec: 1.79 | LR: 1.29e-04 | Render_L1: 0.0215 | Alpha_L1: 0.0274 | Render_LPIPS: 0.1471 | GradNorm: 0.6188 | MSE/t: [0.00-0.25]0.564(n=451) [0.25-0.50]0.518(n=1120) [0.50-0.75]0.413(n=1173) [0.75-1.00]0.379(n=456)
2026-04-23 10:02:12,199 - INFO - [validation] saved: output/jit_JiT-B_8_full_improved_renderprobe/dit_validation/epoch_028_step_0234000_class041.png (class=41, sampler=heun, steps=100)
2026-04-23 10:02:13,142 - INFO - [overrides] applied from jit/configs/overrides.yaml: lr_scale=1.0 max_grad_norm=5.0 P_mean=0.0
2026-04-23 10:02:13,192 - INFO - [render-loss] step=234000 masked 6/16 samples (t_value < 0.40)
2026-04-23 10:04:05,477 - INFO - Step  234200 | Epoch  28 | MSE: 0.4601 | Steps/sec: 1.65 | LR: 1.29e-04 | Render_L1: 0.0222 | Alpha_L1: 0.0284 | Render_LPIPS: 0.1487 | GradNorm: 0.6150 | MSE/t: [0.00-0.25]0.562(n=405) [0.25-0.50]0.499(n=1146) [0.50-0.75]0.416(n=1186) [0.75-1.00]0.387(n=463)
2026-04-23 10:04:05,541 - INFO - [render-loss] step=234200 masked 5/16 samples (t_value < 0.40)
2026-04-23 10:05:57,223 - INFO - Step  234400 | Epoch  28 | MSE: 0.4700 | Steps/sec: 1.79 | LR: 1.28e-04 | Render_L1: 0.0219 | Alpha_L1: 0.0279 | Render_LPIPS: 0.1477 | GradNorm: 0.6127 | MSE/t: [0.00-0.25]0.581(n=439) [0.25-0.50]0.523(n=1171) [0.50-0.75]0.409(n=1157) [0.75-1.00]0.377(n=433)
2026-04-23 10:05:57,280 - INFO - [render-loss] step=234400 masked 6/16 samples (t_value < 0.40)
2026-04-23 10:07:49,472 - INFO - Step  234600 | Epoch  28 | MSE: 0.4750 | Steps/sec: 1.78 | LR: 1.28e-04 | Render_L1: 0.0228 | Alpha_L1: 0.0299 | Render_LPIPS: 0.1534 | GradNorm: 0.6364 | MSE/t: [0.00-0.25]0.574(n=415) [0.25-0.50]0.505(n=1187) [0.50-0.75]0.439(n=1169) [0.75-1.00]0.393(n=429)
2026-04-23 10:07:49,535 - INFO - [render-loss] step=234600 masked 4/16 samples (t_value < 0.40)
2026-04-23 10:09:41,733 - INFO - Step  234800 | Epoch  28 | MSE: 0.4668 | Steps/sec: 1.78 | LR: 1.28e-04 | Render_L1: 0.0223 | Alpha_L1: 0.0296 | Render_LPIPS: 0.1498 | GradNorm: 0.6132 | MSE/t: [0.00-0.25]0.575(n=440) [0.25-0.50]0.510(n=1126) [0.50-0.75]0.418(n=1196) [0.75-1.00]0.381(n=438)
2026-04-23 10:09:41,789 - INFO - [render-loss] step=234800 masked 4/16 samples (t_value < 0.40)
2026-04-23 10:11:34,141 - INFO - Step  235000 | Epoch  28 | MSE: 0.4706 | Steps/sec: 1.78 | LR: 1.28e-04 | Render_L1: 0.0225 | Alpha_L1: 0.0289 | Render_LPIPS: 0.1503 | GradNorm: 0.6473 | MSE/t: [0.00-0.25]0.554(n=409) [0.25-0.50]0.513(n=1185) [0.50-0.75]0.434(n=1147) [0.75-1.00]0.378(n=459)
2026-04-23 10:11:42,257 - INFO - [validation] saved: output/jit_JiT-B_8_full_improved_renderprobe/dit_validation/epoch_028_step_0235000_class068.png (class=68, sampler=heun, steps=100)
2026-04-23 10:11:43,212 - INFO - [overrides] applied from jit/configs/overrides.yaml: lr_scale=1.0 max_grad_norm=5.0 P_mean=0.0
2026-04-23 10:11:43,259 - INFO - [render-loss] step=235000 masked 9/16 samples (t_value < 0.40)
2026-04-23 10:13:34,954 - INFO - Step  235200 | Epoch  28 | MSE: 0.4716 | Steps/sec: 1.66 | LR: 1.28e-04 | Render_L1: 0.0215 | Alpha_L1: 0.0280 | Render_LPIPS: 0.1455 | GradNorm: 0.6002 | MSE/t: [0.00-0.25]0.601(n=460) [0.25-0.50]0.502(n=1188) [0.50-0.75]0.418(n=1143) [0.75-1.00]0.386(n=409)
2026-04-23 10:13:35,014 - INFO - [render-loss] step=235200 masked 8/16 samples (t_value < 0.40)
2026-04-23 10:15:28,479 - INFO - Step  235400 | Epoch  29 | MSE: 0.4656 | Steps/sec: 1.76 | LR: 1.28e-04 | Render_L1: 0.0223 | Alpha_L1: 0.0289 | Render_LPIPS: 0.1492 | GradNorm: 0.6528 | MSE/t: [0.00-0.25]0.564(n=475) [0.25-0.50]0.502(n=1138) [0.50-0.75]0.424(n=1149) [0.75-1.00]0.374(n=438)
2026-04-23 10:15:28,538 - INFO - [render-loss] step=235400 masked 5/16 samples (t_value < 0.40)
2026-04-23 10:17:20,205 - INFO - Step  235600 | Epoch  29 | MSE: 0.4619 | Steps/sec: 1.79 | LR: 1.28e-04 | Render_L1: 0.0217 | Alpha_L1: 0.0284 | Render_LPIPS: 0.1478 | GradNorm: 0.8162 | MSE/t: [0.00-0.25]0.558(n=393) [0.25-0.50]0.511(n=1134) [0.50-0.75]0.416(n=1213) [0.75-1.00]0.379(n=460)
2026-04-23 10:17:20,266 - INFO - [render-loss] step=235600 masked 5/16 samples (t_value < 0.40)
2026-04-23 10:19:12,136 - INFO - Step  235800 | Epoch  29 | MSE: 0.4674 | Steps/sec: 1.79 | LR: 1.28e-04 | Render_L1: 0.0220 | Alpha_L1: 0.0284 | Render_LPIPS: 0.1483 | GradNorm: 0.6314 | MSE/t: [0.00-0.25]0.615(n=426) [0.25-0.50]0.500(n=1147) [0.50-0.75]0.419(n=1185) [0.75-1.00]0.370(n=442)
2026-04-23 10:19:12,194 - INFO - [render-loss] step=235800 masked 8/16 samples (t_value < 0.40)
2026-04-23 10:21:04,318 - INFO - Step  236000 | Epoch  29 | MSE: 0.4769 | Steps/sec: 1.78 | LR: 1.28e-04 | Render_L1: 0.0227 | Alpha_L1: 0.0290 | Render_LPIPS: 0.1507 | GradNorm: 0.6789 | MSE/t: [0.00-0.25]0.580(n=427) [0.25-0.50]0.516(n=1214) [0.50-0.75]0.436(n=1102) [0.75-1.00]0.377(n=457)
2026-04-23 10:21:12,449 - INFO - [validation] saved: output/jit_JiT-B_8_full_improved_renderprobe/dit_validation/epoch_029_step_0236000_class056.png (class=56, sampler=heun, steps=100)
2026-04-23 10:21:13,421 - INFO - [overrides] applied from jit/configs/overrides.yaml: lr_scale=1.0 max_grad_norm=5.0 P_mean=0.0
2026-04-23 10:21:13,471 - INFO - [render-loss] step=236000 masked 8/16 samples (t_value < 0.40)
2026-04-23 10:23:05,450 - INFO - Step  236200 | Epoch  29 | MSE: 0.4684 | Steps/sec: 1.65 | LR: 1.27e-04 | Render_L1: 0.0218 | Alpha_L1: 0.0281 | Render_LPIPS: 0.1451 | GradNorm: 0.6278 | MSE/t: [0.00-0.25]0.565(n=421) [0.25-0.50]0.518(n=1164) [0.50-0.75]0.417(n=1144) [0.75-1.00]0.384(n=471)
2026-04-23 10:23:05,509 - INFO - [render-loss] step=236200 masked 3/16 samples (t_value < 0.40)
2026-04-23 10:24:57,699 - INFO - Step  236400 | Epoch  29 | MSE: 0.4632 | Steps/sec: 1.78 | LR: 1.27e-04 | Render_L1: 0.0217 | Alpha_L1: 0.0280 | Render_LPIPS: 0.1467 | GradNorm: 0.6734 | MSE/t: [0.00-0.25]0.564(n=448) [0.25-0.50]0.514(n=1146) [0.50-0.75]0.414(n=1162) [0.75-1.00]0.359(n=444)
2026-04-23 10:24:57,761 - INFO - [render-loss] step=236400 masked 1/16 samples (t_value < 0.40)
2026-04-23 10:26:49,743 - INFO - Step  236600 | Epoch  29 | MSE: 0.4722 | Steps/sec: 1.79 | LR: 1.27e-04 | Render_L1: 0.0224 | Alpha_L1: 0.0282 | Render_LPIPS: 0.1495 | GradNorm: 0.6378 | MSE/t: [0.00-0.25]0.596(n=396) [0.25-0.50]0.515(n=1189) [0.50-0.75]0.424(n=1198) [0.75-1.00]0.371(n=417)
2026-04-23 10:26:49,800 - INFO - [render-loss] step=236600 masked 6/16 samples (t_value < 0.40)
2026-04-23 10:28:41,807 - INFO - Step  236800 | Epoch  29 | MSE: 0.4749 | Steps/sec: 1.78 | LR: 1.27e-04 | Render_L1: 0.0217 | Alpha_L1: 0.0280 | Render_LPIPS: 0.1469 | GradNorm: 0.6560 | MSE/t: [0.00-0.25]0.612(n=428) [0.25-0.50]0.513(n=1130) [0.50-0.75]0.429(n=1223) [0.75-1.00]0.366(n=419)
2026-04-23 10:28:41,871 - INFO - [render-loss] step=236800 masked 7/16 samples (t_value < 0.40)
2026-04-23 10:30:33,654 - INFO - Step  237000 | Epoch  29 | MSE: 0.4716 | Steps/sec: 1.79 | LR: 1.27e-04 | Render_L1: 0.0228 | Alpha_L1: 0.0292 | Render_LPIPS: 0.1509 | GradNorm: 0.7032 | MSE/t: [0.00-0.25]0.569(n=409) [0.25-0.50]0.506(n=1135) [0.50-0.75]0.439(n=1181) [0.75-1.00]0.388(n=475)
2026-04-23 10:30:41,857 - INFO - [validation] saved: output/jit_JiT-B_8_full_improved_renderprobe/dit_validation/epoch_029_step_0237000_class058.png (class=58, sampler=heun, steps=100)
2026-04-23 10:30:42,848 - INFO - [overrides] applied from jit/configs/overrides.yaml: lr_scale=1.0 max_grad_norm=5.0 P_mean=0.0
2026-04-23 10:30:42,896 - INFO - [render-loss] step=237000 masked 4/16 samples (t_value < 0.40)
2026-04-23 10:32:35,474 - INFO - Step  237200 | Epoch  29 | MSE: 0.4754 | Steps/sec: 1.64 | LR: 1.27e-04 | Render_L1: 0.0223 | Alpha_L1: 0.0286 | Render_LPIPS: 0.1492 | GradNorm: 0.6160 | MSE/t: [0.00-0.25]0.586(n=431) [0.25-0.50]0.508(n=1167) [0.50-0.75]0.441(n=1148) [0.75-1.00]0.374(n=454)
2026-04-23 10:32:35,538 - INFO - [render-loss] step=237200 masked 7/16 samples (t_value < 0.40)
2026-04-23 10:34:27,498 - INFO - Step  237400 | Epoch  29 | MSE: 0.4683 | Steps/sec: 1.79 | LR: 1.27e-04 | Render_L1: 0.0225 | Alpha_L1: 0.0293 | Render_LPIPS: 0.1492 | GradNorm: 0.6368 | MSE/t: [0.00-0.25]0.558(n=472) [0.25-0.50]0.505(n=1174) [0.50-0.75]0.421(n=1110) [0.75-1.00]0.394(n=444)
2026-04-23 10:34:27,557 - INFO - [render-loss] step=237400 masked 9/16 samples (t_value < 0.40)
2026-04-23 10:36:19,448 - INFO - Step  237600 | Epoch  29 | MSE: 0.4720 | Steps/sec: 1.79 | LR: 1.27e-04 | Render_L1: 0.0218 | Alpha_L1: 0.0280 | Render_LPIPS: 0.1474 | GradNorm: 0.6264 | MSE/t: [0.00-0.25]0.607(n=439) [0.25-0.50]0.520(n=1173) [0.50-0.75]0.415(n=1141) [0.75-1.00]0.360(n=447)
2026-04-23 10:36:19,517 - INFO - [render-loss] step=237600 masked 9/16 samples (t_value < 0.40)
2026-04-23 10:38:11,318 - INFO - Step  237800 | Epoch  29 | MSE: 0.4604 | Steps/sec: 1.79 | LR: 1.27e-04 | Render_L1: 0.0211 | Alpha_L1: 0.0274 | Render_LPIPS: 0.1439 | GradNorm: 0.6286 | MSE/t: [0.00-0.25]0.577(n=423) [0.25-0.50]0.523(n=1076) [0.50-0.75]0.405(n=1227) [0.75-1.00]0.358(n=474)
2026-04-23 10:38:11,376 - INFO - [render-loss] step=237800 masked 4/16 samples (t_value < 0.40)
2026-04-23 10:40:03,278 - INFO - Step  238000 | Epoch  29 | MSE: 0.4641 | Steps/sec: 1.79 | LR: 1.27e-04 | Render_L1: 0.0222 | Alpha_L1: 0.0287 | Render_LPIPS: 0.1474 | GradNorm: 0.6543 | MSE/t: [0.00-0.25]0.596(n=455) [0.25-0.50]0.485(n=1129) [0.50-0.75]0.421(n=1163) [0.75-1.00]0.390(n=453)
2026-04-23 10:40:11,428 - INFO - [validation] saved: output/jit_JiT-B_8_full_improved_renderprobe/dit_validation/epoch_029_step_0238000_class111.png (class=111, sampler=heun, steps=100)
2026-04-23 10:40:12,549 - INFO - [overrides] applied from jit/configs/overrides.yaml: lr_scale=1.0 max_grad_norm=5.0 P_mean=0.0
2026-04-23 10:40:12,599 - INFO - [render-loss] step=238000 masked 5/16 samples (t_value < 0.40)
2026-04-23 10:42:04,754 - INFO - Step  238200 | Epoch  29 | MSE: 0.4637 | Steps/sec: 1.65 | LR: 1.26e-04 | Render_L1: 0.0215 | Alpha_L1: 0.0273 | Render_LPIPS: 0.1450 | GradNorm: 1.9896 | MSE/t: [0.00-0.25]0.596(n=435) [0.25-0.50]0.508(n=1173) [0.50-0.75]0.401(n=1185) [0.75-1.00]0.378(n=407)
2026-04-23 10:42:04,812 - INFO - [render-loss] step=238200 masked 4/16 samples (t_value < 0.40)
2026-04-23 10:43:56,835 - INFO - Step  238400 | Epoch  29 | MSE: 0.4678 | Steps/sec: 1.78 | LR: 1.26e-04 | Render_L1: 0.0222 | Alpha_L1: 0.0282 | Render_LPIPS: 0.1490 | GradNorm: 0.5980 | MSE/t: [0.00-0.25]0.597(n=440) [0.25-0.50]0.502(n=1166) [0.50-0.75]0.420(n=1167) [0.75-1.00]0.372(n=427)
2026-04-23 10:43:56,892 - INFO - [render-loss] step=238400 masked 5/16 samples (t_value < 0.40)
2026-04-23 10:45:48,717 - INFO - Step  238600 | Epoch  29 | MSE: 0.4742 | Steps/sec: 1.79 | LR: 1.26e-04 | Render_L1: 0.0218 | Alpha_L1: 0.0275 | Render_LPIPS: 0.1465 | GradNorm: 0.6264 | MSE/t: [0.00-0.25]0.588(n=463) [0.25-0.50]0.521(n=1157) [0.50-0.75]0.419(n=1150) [0.75-1.00]0.374(n=430)
2026-04-23 10:45:48,780 - INFO - [render-loss] step=238600 masked 8/16 samples (t_value < 0.40)
2026-04-23 10:47:40,580 - INFO - Step  238800 | Epoch  29 | MSE: 0.4833 | Steps/sec: 1.79 | LR: 1.26e-04 | Render_L1: 0.0227 | Alpha_L1: 0.0293 | Render_LPIPS: 0.1515 | GradNorm: 0.6715 | MSE/t: [0.00-0.25]0.603(n=420) [0.25-0.50]0.520(n=1192) [0.50-0.75]0.429(n=1177) [0.75-1.00]0.407(n=411)
2026-04-23 10:47:40,639 - INFO - [render-loss] step=238800 masked 3/16 samples (t_value < 0.40)
2026-04-23 10:49:32,709 - INFO - Step  239000 | Epoch  29 | MSE: 0.4725 | Steps/sec: 1.78 | LR: 1.26e-04 | Render_L1: 0.0227 | Alpha_L1: 0.0288 | Render_LPIPS: 0.1485 | GradNorm: 0.6403 | MSE/t: [0.00-0.25]0.591(n=456) [0.25-0.50]0.521(n=1146) [0.50-0.75]0.412(n=1147) [0.75-1.00]0.383(n=451)
2026-04-23 10:49:41,161 - INFO - [validation] saved: output/jit_JiT-B_8_full_improved_renderprobe/dit_validation/epoch_029_step_0239000_class015.png (class=15, sampler=heun, steps=100)
2026-04-23 10:49:42,164 - INFO - [overrides] applied from jit/configs/overrides.yaml: lr_scale=1.0 max_grad_norm=5.0 P_mean=0.0
2026-04-23 10:49:42,217 - INFO - [render-loss] step=239000 masked 7/16 samples (t_value < 0.40)
2026-04-23 10:51:34,052 - INFO - Step  239200 | Epoch  29 | MSE: 0.4730 | Steps/sec: 1.65 | LR: 1.26e-04 | Render_L1: 0.0219 | Alpha_L1: 0.0284 | Render_LPIPS: 0.1481 | GradNorm: 0.6051 | MSE/t: [0.00-0.25]0.602(n=415) [0.25-0.50]0.516(n=1184) [0.50-0.75]0.422(n=1166) [0.75-1.00]0.371(n=435)
2026-04-23 10:51:34,111 - INFO - [render-loss] step=239200 masked 8/16 samples (t_value < 0.40)
2026-04-23 10:53:26,425 - INFO - Step  239400 | Epoch  29 | MSE: 0.4769 | Steps/sec: 1.78 | LR: 1.26e-04 | Render_L1: 0.0223 | Alpha_L1: 0.0291 | Render_LPIPS: 0.1500 | GradNorm: 0.6417 | MSE/t: [0.00-0.25]0.594(n=393) [0.25-0.50]0.519(n=1207) [0.50-0.75]0.436(n=1165) [0.75-1.00]0.364(n=435)
2026-04-23 10:53:26,482 - INFO - [render-loss] step=239400 masked 6/16 samples (t_value < 0.40)
2026-04-23 10:55:18,334 - INFO - Step  239600 | Epoch  29 | MSE: 0.4643 | Steps/sec: 1.79 | LR: 1.26e-04 | Render_L1: 0.0220 | Alpha_L1: 0.0286 | Render_LPIPS: 0.1484 | GradNorm: 0.6298 | MSE/t: [0.00-0.25]0.552(n=470) [0.25-0.50]0.517(n=1086) [0.50-0.75]0.418(n=1197) [0.75-1.00]0.369(n=447)
2026-04-23 10:55:18,392 - INFO - [render-loss] step=239600 masked 7/16 samples (t_value < 0.40)
2026-04-23 10:57:10,154 - INFO - Step  239800 | Epoch  29 | MSE: 0.4720 | Steps/sec: 1.79 | LR: 1.26e-04 | Render_L1: 0.0224 | Alpha_L1: 0.0287 | Render_LPIPS: 0.1509 | GradNorm: 0.6892 | MSE/t: [0.00-0.25]0.568(n=453) [0.25-0.50]0.508(n=1116) [0.50-0.75]0.438(n=1203) [0.75-1.00]0.372(n=428)
2026-04-23 10:57:10,212 - INFO - [render-loss] step=239800 masked 3/16 samples (t_value < 0.40)
2026-04-23 10:59:02,242 - INFO - Step  240000 | Epoch  29 | MSE: 0.4601 | Steps/sec: 1.78 | LR: 1.25e-04 | Render_L1: 0.0223 | Alpha_L1: 0.0286 | Render_LPIPS: 0.1494 | GradNorm: 0.6671 | MSE/t: [0.00-0.25]0.565(n=451) [0.25-0.50]0.495(n=1140) [0.50-0.75]0.423(n=1185) [0.75-1.00]0.359(n=424)
2026-04-23 10:59:04,483 - INFO - Saved checkpoint to output/jit_JiT-B_8_full_improved_renderprobe/0240000.pt
2026-04-23 10:59:04,570 - INFO - [cond] cfg_signal=0.0656 | class_signal=0.0715 | pred_rms=0.6159
2026-04-23 10:59:12,690 - INFO - [validation] saved: output/jit_JiT-B_8_full_improved_renderprobe/dit_validation/epoch_029_step_0240000_class102.png (class=102, sampler=heun, steps=100)
2026-04-23 10:59:13,677 - INFO - [overrides] applied from jit/configs/overrides.yaml: lr_scale=1.0 max_grad_norm=5.0 P_mean=0.0
2026-04-23 10:59:13,725 - INFO - [render-loss] step=240000 masked 8/16 samples (t_value < 0.40)
2026-04-23 11:01:05,569 - INFO - Step  240200 | Epoch  29 | MSE: 0.4691 | Steps/sec: 1.62 | LR: 1.25e-04 | Render_L1: 0.0223 | Alpha_L1: 0.0287 | Render_LPIPS: 0.1483 | GradNorm: 0.6503 | MSE/t: [0.00-0.25]0.590(n=441) [0.25-0.50]0.500(n=1182) [0.50-0.75]0.423(n=1153) [0.75-1.00]0.381(n=424)
2026-04-23 11:01:05,627 - INFO - [render-loss] step=240200 masked 8/16 samples (t_value < 0.40)
2026-04-23 11:02:57,893 - INFO - Step  240400 | Epoch  29 | MSE: 0.4626 | Steps/sec: 1.78 | LR: 1.25e-04 | Render_L1: 0.0220 | Alpha_L1: 0.0282 | Render_LPIPS: 0.1488 | GradNorm: 0.6471 | MSE/t: [0.00-0.25]0.577(n=426) [0.25-0.50]0.507(n=1173) [0.50-0.75]0.413(n=1190) [0.75-1.00]0.362(n=411)
2026-04-23 11:02:57,951 - INFO - [render-loss] step=240400 masked 8/16 samples (t_value < 0.40)
2026-04-23 11:04:50,105 - INFO - Step  240600 | Epoch  29 | MSE: 0.4654 | Steps/sec: 1.78 | LR: 1.25e-04 | Render_L1: 0.0216 | Alpha_L1: 0.0285 | Render_LPIPS: 0.1444 | GradNorm: 0.7276 | MSE/t: [0.00-0.25]0.589(n=436) [0.25-0.50]0.501(n=1098) [0.50-0.75]0.420(n=1220) [0.75-1.00]0.381(n=446)
2026-04-23 11:04:50,163 - INFO - [render-loss] step=240600 masked 6/16 samples (t_value < 0.40)
2026-04-23 11:06:42,019 - INFO - Step  240800 | Epoch  29 | MSE: 0.4721 | Steps/sec: 1.79 | LR: 1.25e-04 | Render_L1: 0.0222 | Alpha_L1: 0.0286 | Render_LPIPS: 0.1482 | GradNorm: 0.6578 | MSE/t: [0.00-0.25]0.592(n=466) [0.25-0.50]0.511(n=1152) [0.50-0.75]0.422(n=1117) [0.75-1.00]0.376(n=465)
2026-04-23 11:06:42,077 - INFO - [render-loss] step=240800 masked 6/16 samples (t_value < 0.40)
2026-04-23 11:08:34,015 - INFO - Step  241000 | Epoch  29 | MSE: 0.4713 | Steps/sec: 1.79 | LR: 1.25e-04 | Render_L1: 0.0214 | Alpha_L1: 0.0279 | Render_LPIPS: 0.1446 | GradNorm: 0.6089 | MSE/t: [0.00-0.25]0.613(n=423) [0.25-0.50]0.502(n=1174) [0.50-0.75]0.420(n=1152) [0.75-1.00]0.391(n=451)
2026-04-23 11:08:42,235 - INFO - [validation] saved: output/jit_JiT-B_8_full_improved_renderprobe/dit_validation/epoch_029_step_0241000_class084.png (class=84, sampler=heun, steps=100)
2026-04-23 11:08:43,231 - INFO - [overrides] applied from jit/configs/overrides.yaml: lr_scale=1.0 max_grad_norm=5.0 P_mean=0.0
2026-04-23 11:08:43,281 - INFO - [render-loss] step=241000 masked 3/16 samples (t_value < 0.40)
2026-04-23 11:10:35,361 - INFO - Step  241200 | Epoch  29 | MSE: 0.4730 | Steps/sec: 1.65 | LR: 1.25e-04 | Render_L1: 0.0224 | Alpha_L1: 0.0293 | Render_LPIPS: 0.1500 | GradNorm: 0.6052 | MSE/t: [0.00-0.25]0.582(n=437) [0.25-0.50]0.507(n=1170) [0.50-0.75]0.427(n=1151) [0.75-1.00]0.395(n=442)
2026-04-23 11:10:35,420 - INFO - [render-loss] step=241200 masked 4/16 samples (t_value < 0.40)
2026-04-23 11:12:27,506 - INFO - Step  241400 | Epoch  29 | MSE: 0.4756 | Steps/sec: 1.78 | LR: 1.25e-04 | Render_L1: 0.0227 | Alpha_L1: 0.0284 | Render_LPIPS: 0.1497 | GradNorm: 0.6174 | MSE/t: [0.00-0.25]0.607(n=469) [0.25-0.50]0.517(n=1164) [0.50-0.75]0.416(n=1169) [0.75-1.00]0.376(n=398)
2026-04-23 11:12:27,570 - INFO - [render-loss] step=241400 masked 3/16 samples (t_value < 0.40)
2026-04-23 11:14:19,372 - INFO - Step  241600 | Epoch  29 | MSE: 0.4645 | Steps/sec: 1.79 | LR: 1.25e-04 | Render_L1: 0.0215 | Alpha_L1: 0.0275 | Render_LPIPS: 0.1451 | GradNorm: 0.6318 | MSE/t: [0.00-0.25]0.581(n=463) [0.25-0.50]0.502(n=1159) [0.50-0.75]0.418(n=1148) [0.75-1.00]0.363(n=430)
2026-04-23 11:14:19,429 - INFO - [render-loss] step=241600 masked 4/16 samples (t_value < 0.40)
2026-04-23 11:16:11,629 - INFO - Step  241800 | Epoch  29 | MSE: 0.4814 | Steps/sec: 1.78 | LR: 1.25e-04 | Render_L1: 0.0225 | Alpha_L1: 0.0287 | Render_LPIPS: 0.1514 | GradNorm: 0.6412 | MSE/t: [0.00-0.25]0.606(n=455) [0.25-0.50]0.516(n=1139) [0.50-0.75]0.434(n=1170) [0.75-1.00]0.388(n=436)
2026-04-23 11:16:11,687 - INFO - [render-loss] step=241800 masked 5/16 samples (t_value < 0.40)
2026-04-23 11:18:03,849 - INFO - Step  242000 | Epoch  29 | MSE: 0.4798 | Steps/sec: 1.78 | LR: 1.24e-04 | Render_L1: 0.0227 | Alpha_L1: 0.0285 | Render_LPIPS: 0.1516 | GradNorm: 0.6425 | MSE/t: [0.00-0.25]0.606(n=432) [0.25-0.50]0.519(n=1173) [0.50-0.75]0.431(n=1142) [0.75-1.00]0.381(n=453)
2026-04-23 11:18:12,050 - INFO - [validation] saved: output/jit_JiT-B_8_full_improved_renderprobe/dit_validation/epoch_029_step_0242000_class006.png (class=6, sampler=heun, steps=100)
2026-04-23 11:18:13,054 - INFO - [overrides] applied from jit/configs/overrides.yaml: lr_scale=1.0 max_grad_norm=5.0 P_mean=0.0
2026-04-23 11:18:13,102 - INFO - [render-loss] step=242000 masked 4/16 samples (t_value < 0.40)
2026-04-23 11:20:05,197 - INFO - Step  242200 | Epoch  29 | MSE: 0.4681 | Steps/sec: 1.65 | LR: 1.24e-04 | Render_L1: 0.0220 | Alpha_L1: 0.0286 | Render_LPIPS: 0.1492 | GradNorm: 0.6631 | MSE/t: [0.00-0.25]0.578(n=468) [0.25-0.50]0.511(n=1140) [0.50-0.75]0.416(n=1160) [0.75-1.00]0.376(n=432)
2026-04-23 11:20:05,258 - INFO - [render-loss] step=242200 masked 4/16 samples (t_value < 0.40)
2026-04-23 11:21:56,985 - INFO - Step  242400 | Epoch  29 | MSE: 0.4739 | Steps/sec: 1.79 | LR: 1.24e-04 | Render_L1: 0.0218 | Alpha_L1: 0.0288 | Render_LPIPS: 0.1479 | GradNorm: 0.6137 | MSE/t: [0.00-0.25]0.604(n=415) [0.25-0.50]0.510(n=1166) [0.50-0.75]0.428(n=1213) [0.75-1.00]0.375(n=406)
2026-04-23 11:21:57,059 - INFO - [render-loss] step=242400 masked 10/16 samples (t_value < 0.40)
2026-04-23 11:23:48,917 - INFO - Step  242600 | Epoch  29 | MSE: 0.4631 | Steps/sec: 1.79 | LR: 1.24e-04 | Render_L1: 0.0221 | Alpha_L1: 0.0284 | Render_LPIPS: 0.1463 | GradNorm: 0.5865 | MSE/t: [0.00-0.25]0.576(n=425) [0.25-0.50]0.508(n=1161) [0.50-0.75]0.412(n=1201) [0.75-1.00]0.369(n=413)
2026-04-23 11:23:48,975 - INFO - [render-loss] step=242600 masked 7/16 samples (t_value < 0.40)
2026-04-23 11:25:40,940 - INFO - Step  242800 | Epoch  29 | MSE: 0.4738 | Steps/sec: 1.79 | LR: 1.24e-04 | Render_L1: 0.0222 | Alpha_L1: 0.0280 | Render_LPIPS: 0.1481 | GradNorm: 0.6308 | MSE/t: [0.00-0.25]0.579(n=419) [0.25-0.50]0.514(n=1140) [0.50-0.75]0.440(n=1207) [0.75-1.00]0.359(n=434)
2026-04-23 11:25:41,002 - INFO - [render-loss] step=242800 masked 7/16 samples (t_value < 0.40)
2026-04-23 11:27:32,843 - INFO - Step  243000 | Epoch  29 | MSE: 0.4693 | Steps/sec: 1.79 | LR: 1.24e-04 | Render_L1: 0.0220 | Alpha_L1: 0.0281 | Render_LPIPS: 0.1478 | GradNorm: 0.6552 | MSE/t: [0.00-0.25]0.592(n=463) [0.25-0.50]0.508(n=1187) [0.50-0.75]0.419(n=1106) [0.75-1.00]0.364(n=444)
2026-04-23 11:27:40,906 - INFO - [validation] saved: output/jit_JiT-B_8_full_improved_renderprobe/dit_validation/epoch_029_step_0243000_class063.png (class=63, sampler=heun, steps=100)
2026-04-23 11:27:41,875 - INFO - [overrides] applied from jit/configs/overrides.yaml: lr_scale=1.0 max_grad_norm=5.0 P_mean=0.0
2026-04-23 11:27:41,926 - INFO - [render-loss] step=243000 masked 5/16 samples (t_value < 0.40)
2026-04-23 11:29:33,759 - INFO - Step  243200 | Epoch  29 | MSE: 0.4621 | Steps/sec: 1.65 | LR: 1.24e-04 | Render_L1: 0.0221 | Alpha_L1: 0.0282 | Render_LPIPS: 0.1491 | GradNorm: 0.6221 | MSE/t: [0.00-0.25]0.562(n=408) [0.25-0.50]0.503(n=1144) [0.50-0.75]0.418(n=1195) [0.75-1.00]0.386(n=453)
2026-04-23 11:29:33,822 - INFO - [render-loss] step=243200 masked 4/16 samples (t_value < 0.40)
2026-04-23 11:31:26,781 - INFO - Step  243400 | Epoch  30 | MSE: 0.4714 | Steps/sec: 1.77 | LR: 1.24e-04 | Render_L1: 0.0223 | Alpha_L1: 0.0282 | Render_LPIPS: 0.1477 | GradNorm: 0.6374 | MSE/t: [0.00-0.25]0.576(n=450) [0.25-0.50]0.501(n=1168) [0.50-0.75]0.429(n=1136) [0.75-1.00]0.397(n=446)
2026-04-23 11:31:26,838 - INFO - [render-loss] step=243400 masked 6/16 samples (t_value < 0.40)
2026-04-23 11:33:18,805 - INFO - Step  243600 | Epoch  30 | MSE: 0.4726 | Steps/sec: 1.79 | LR: 1.24e-04 | Render_L1: 0.0220 | Alpha_L1: 0.0285 | Render_LPIPS: 0.1483 | GradNorm: 0.6233 | MSE/t: [0.00-0.25]0.624(n=467) [0.25-0.50]0.505(n=1096) [0.50-0.75]0.421(n=1148) [0.75-1.00]0.377(n=489)
2026-04-23 11:33:18,864 - INFO - [render-loss] step=243600 masked 5/16 samples (t_value < 0.40)
2026-04-23 11:35:10,694 - INFO - Step  243800 | Epoch  30 | MSE: 0.4727 | Steps/sec: 1.79 | LR: 1.23e-04 | Render_L1: 0.0226 | Alpha_L1: 0.0293 | Render_LPIPS: 0.1513 | GradNorm: 0.6457 | MSE/t: [0.00-0.25]0.595(n=436) [0.25-0.50]0.502(n=1216) [0.50-0.75]0.432(n=1104) [0.75-1.00]0.374(n=444)
2026-04-23 11:35:10,755 - INFO - [render-loss] step=243800 masked 6/16 samples (t_value < 0.40)
2026-04-23 11:37:02,803 - INFO - Step  244000 | Epoch  30 | MSE: 0.4729 | Steps/sec: 1.78 | LR: 1.23e-04 | Render_L1: 0.0216 | Alpha_L1: 0.0281 | Render_LPIPS: 0.1461 | GradNorm: 0.6270 | MSE/t: [0.00-0.25]0.607(n=415) [0.25-0.50]0.519(n=1149) [0.50-0.75]0.419(n=1228) [0.75-1.00]0.371(n=408)
2026-04-23 11:37:10,926 - INFO - [validation] saved: output/jit_JiT-B_8_full_improved_renderprobe/dit_validation/epoch_030_step_0244000_class110.png (class=110, sampler=heun, steps=100)
2026-04-23 11:37:12,069 - INFO - [overrides] applied from jit/configs/overrides.yaml: lr_scale=1.0 max_grad_norm=5.0 P_mean=0.0
2026-04-23 11:37:12,115 - INFO - [render-loss] step=244000 masked 6/16 samples (t_value < 0.40)
2026-04-23 11:39:03,869 - INFO - Step  244200 | Epoch  30 | MSE: 0.4635 | Steps/sec: 1.65 | LR: 1.23e-04 | Render_L1: 0.0226 | Alpha_L1: 0.0286 | Render_LPIPS: 0.1473 | GradNorm: 0.6456 | MSE/t: [0.00-0.25]0.590(n=439) [0.25-0.50]0.496(n=1150) [0.50-0.75]0.417(n=1197) [0.75-1.00]0.374(n=414)
2026-04-23 11:39:03,925 - INFO - [render-loss] step=244200 masked 7/16 samples (t_value < 0.40)
2026-04-23 11:40:56,155 - INFO - Step  244400 | Epoch  30 | MSE: 0.4676 | Steps/sec: 1.78 | LR: 1.23e-04 | Render_L1: 0.0219 | Alpha_L1: 0.0277 | Render_LPIPS: 0.1466 | GradNorm: 0.6073 | MSE/t: [0.00-0.25]0.580(n=476) [0.25-0.50]0.517(n=1123) [0.50-0.75]0.411(n=1183) [0.75-1.00]0.368(n=418)
2026-04-23 11:40:56,219 - INFO - [render-loss] step=244400 masked 6/16 samples (t_value < 0.40)
2026-04-23 11:42:48,153 - INFO - Step  244600 | Epoch  30 | MSE: 0.4651 | Steps/sec: 1.79 | LR: 1.23e-04 | Render_L1: 0.0219 | Alpha_L1: 0.0282 | Render_LPIPS: 0.1471 | GradNorm: 0.7015 | MSE/t: [0.00-0.25]0.575(n=445) [0.25-0.50]0.505(n=1124) [0.50-0.75]0.419(n=1209) [0.75-1.00]0.378(n=422)
2026-04-23 11:42:48,212 - INFO - [render-loss] step=244600 masked 6/16 samples (t_value < 0.40)
2026-04-23 11:44:40,376 - INFO - Step  244800 | Epoch  30 | MSE: 0.4720 | Steps/sec: 1.78 | LR: 1.23e-04 | Render_L1: 0.0219 | Alpha_L1: 0.0287 | Render_LPIPS: 0.1457 | GradNorm: 0.5994 | MSE/t: [0.00-0.25]0.581(n=432) [0.25-0.50]0.524(n=1184) [0.50-0.75]0.414(n=1152) [0.75-1.00]0.377(n=432)
2026-04-23 11:44:40,434 - INFO - [render-loss] step=244800 masked 6/16 samples (t_value < 0.40)
2026-04-23 11:46:32,029 - INFO - Step  245000 | Epoch  30 | MSE: 0.4763 | Steps/sec: 1.79 | LR: 1.23e-04 | Render_L1: 0.0223 | Alpha_L1: 0.0289 | Render_LPIPS: 0.1483 | GradNorm: 0.6248 | MSE/t: [0.00-0.25]0.629(n=444) [0.25-0.50]0.504(n=1241) [0.50-0.75]0.417(n=1074) [0.75-1.00]0.387(n=441)
2026-04-23 11:46:40,213 - INFO - [validation] saved: output/jit_JiT-B_8_full_improved_renderprobe/dit_validation/epoch_030_step_0245000_class116.png (class=116, sampler=heun, steps=100)
2026-04-23 11:46:41,345 - INFO - [overrides] applied from jit/configs/overrides.yaml: lr_scale=1.0 max_grad_norm=5.0 P_mean=0.0
2026-04-23 11:46:41,393 - INFO - [render-loss] step=245000 masked 7/16 samples (t_value < 0.40)
2026-04-23 11:48:33,647 - INFO - Step  245200 | Epoch  30 | MSE: 0.4621 | Steps/sec: 1.64 | LR: 1.23e-04 | Render_L1: 0.0213 | Alpha_L1: 0.0276 | Render_LPIPS: 0.1444 | GradNorm: 0.6157 | MSE/t: [0.00-0.25]0.564(n=476) [0.25-0.50]0.497(n=1132) [0.50-0.75]0.421(n=1136) [0.75-1.00]0.370(n=456)
2026-04-23 11:48:33,707 - INFO - [render-loss] step=245200 masked 6/16 samples (t_value < 0.40)
2026-04-23 11:50:25,376 - INFO - Step  245400 | Epoch  30 | MSE: 0.4777 | Steps/sec: 1.79 | LR: 1.23e-04 | Render_L1: 0.0221 | Alpha_L1: 0.0287 | Render_LPIPS: 0.1476 | GradNorm: 0.6135 | MSE/t: [0.00-0.25]0.604(n=420) [0.25-0.50]0.517(n=1184) [0.50-0.75]0.432(n=1169) [0.75-1.00]0.368(n=427)
2026-04-23 11:50:25,435 - INFO - [render-loss] step=245400 masked 7/16 samples (t_value < 0.40)
2026-04-23 11:52:17,373 - INFO - Step  245600 | Epoch  30 | MSE: 0.4700 | Steps/sec: 1.79 | LR: 1.23e-04 | Render_L1: 0.0217 | Alpha_L1: 0.0278 | Render_LPIPS: 0.1467 | GradNorm: 0.6128 | MSE/t: [0.00-0.25]0.564(n=471) [0.25-0.50]0.521(n=1150) [0.50-0.75]0.416(n=1180) [0.75-1.00]0.371(n=399)
2026-04-23 11:52:17,430 - INFO - [render-loss] step=245600 masked 5/16 samples (t_value < 0.40)
2026-04-23 11:54:09,480 - INFO - Step  245800 | Epoch  30 | MSE: 0.4721 | Steps/sec: 1.78 | LR: 1.22e-04 | Render_L1: 0.0220 | Alpha_L1: 0.0277 | Render_LPIPS: 0.1464 | GradNorm: 0.6360 | MSE/t: [0.00-0.25]0.575(n=466) [0.25-0.50]0.515(n=1170) [0.50-0.75]0.417(n=1116) [0.75-1.00]0.391(n=448)
2026-04-23 11:54:09,552 - INFO - [render-loss] step=245800 masked 2/16 samples (t_value < 0.40)
2026-04-23 11:56:01,549 - INFO - Step  246000 | Epoch  30 | MSE: 0.4676 | Steps/sec: 1.78 | LR: 1.22e-04 | Render_L1: 0.0221 | Alpha_L1: 0.0278 | Render_LPIPS: 0.1476 | GradNorm: 0.6146 | MSE/t: [0.00-0.25]0.544(n=412) [0.25-0.50]0.519(n=1192) [0.50-0.75]0.424(n=1180) [0.75-1.00]0.369(n=416)
2026-04-23 11:56:09,694 - INFO - [validation] saved: output/jit_JiT-B_8_full_improved_renderprobe/dit_validation/epoch_030_step_0246000_class063.png (class=63, sampler=heun, steps=100)
2026-04-23 11:56:10,675 - INFO - [overrides] applied from jit/configs/overrides.yaml: lr_scale=1.0 max_grad_norm=5.0 P_mean=0.0
2026-04-23 11:56:10,725 - INFO - [render-loss] step=246000 masked 3/16 samples (t_value < 0.40)
2026-04-23 11:58:02,843 - INFO - Step  246200 | Epoch  30 | MSE: 0.4714 | Steps/sec: 1.65 | LR: 1.22e-04 | Render_L1: 0.0211 | Alpha_L1: 0.0271 | Render_LPIPS: 0.1437 | GradNorm: 0.6090 | MSE/t: [0.00-0.25]0.586(n=436) [0.25-0.50]0.515(n=1141) [0.50-0.75]0.421(n=1172) [0.75-1.00]0.382(n=451)
2026-04-23 11:58:02,901 - INFO - [render-loss] step=246200 masked 6/16 samples (t_value < 0.40)
2026-04-23 11:59:54,863 - INFO - Step  246400 | Epoch  30 | MSE: 0.4678 | Steps/sec: 1.79 | LR: 1.22e-04 | Render_L1: 0.0217 | Alpha_L1: 0.0277 | Render_LPIPS: 0.1477 | GradNorm: 0.6260 | MSE/t: [0.00-0.25]0.552(n=454) [0.25-0.50]0.532(n=1101) [0.50-0.75]0.413(n=1199) [0.75-1.00]0.370(n=446)
2026-04-23 11:59:54,921 - INFO - [render-loss] step=246400 masked 7/16 samples (t_value < 0.40)
2026-04-23 12:01:46,873 - INFO - Step  246600 | Epoch  30 | MSE: 0.4818 | Steps/sec: 1.79 | LR: 1.22e-04 | Render_L1: 0.0224 | Alpha_L1: 0.0288 | Render_LPIPS: 0.1501 | GradNorm: 0.6674 | MSE/t: [0.00-0.25]0.608(n=430) [0.25-0.50]0.530(n=1178) [0.50-0.75]0.423(n=1163) [0.75-1.00]0.382(n=429)
2026-04-23 12:01:46,931 - INFO - [render-loss] step=246600 masked 5/16 samples (t_value < 0.40)
2026-04-23 12:03:38,640 - INFO - Step  246800 | Epoch  30 | MSE: 0.4692 | Steps/sec: 1.79 | LR: 1.22e-04 | Render_L1: 0.0220 | Alpha_L1: 0.0284 | Render_LPIPS: 0.1467 | GradNorm: 0.6199 | MSE/t: [0.00-0.25]0.572(n=445) [0.25-0.50]0.515(n=1158) [0.50-0.75]0.418(n=1147) [0.75-1.00]0.381(n=450)
2026-04-23 12:03:38,696 - INFO - [render-loss] step=246800 masked 6/16 samples (t_value < 0.40)
2026-04-23 12:05:30,865 - INFO - Step  247000 | Epoch  30 | MSE: 0.4688 | Steps/sec: 1.78 | LR: 1.22e-04 | Render_L1: 0.0222 | Alpha_L1: 0.0287 | Render_LPIPS: 0.1481 | GradNorm: 0.6904 | MSE/t: [0.00-0.25]0.585(n=452) [0.25-0.50]0.503(n=1141) [0.50-0.75]0.414(n=1203) [0.75-1.00]0.405(n=404)
2026-04-23 12:05:38,993 - INFO - [validation] saved: output/jit_JiT-B_8_full_improved_renderprobe/dit_validation/epoch_030_step_0247000_class005.png (class=5, sampler=heun, steps=100)
2026-04-23 12:05:39,990 - INFO - [overrides] applied from jit/configs/overrides.yaml: lr_scale=1.0 max_grad_norm=5.0 P_mean=0.0
2026-04-23 12:05:40,038 - INFO - [render-loss] step=247000 masked 7/16 samples (t_value < 0.40)
2026-04-23 12:07:31,927 - INFO - Step  247200 | Epoch  30 | MSE: 0.4670 | Steps/sec: 1.65 | LR: 1.22e-04 | Render_L1: 0.0220 | Alpha_L1: 0.0281 | Render_LPIPS: 0.1467 | GradNorm: 0.6402 | MSE/t: [0.00-0.25]0.594(n=394) [0.25-0.50]0.503(n=1222) [0.50-0.75]0.422(n=1173) [0.75-1.00]0.367(n=411)
2026-04-23 12:07:31,991 - INFO - [render-loss] step=247200 masked 4/16 samples (t_value < 0.40)
2026-04-23 12:09:23,914 - INFO - Step  247400 | Epoch  30 | MSE: 0.4793 | Steps/sec: 1.79 | LR: 1.22e-04 | Render_L1: 0.0215 | Alpha_L1: 0.0282 | Render_LPIPS: 0.1462 | GradNorm: 0.6377 | MSE/t: [0.00-0.25]0.583(n=466) [0.25-0.50]0.513(n=1145) [0.50-0.75]0.436(n=1171) [0.75-1.00]0.394(n=418)
2026-04-23 12:09:23,972 - INFO - [render-loss] step=247400 masked 3/16 samples (t_value < 0.40)
2026-04-23 12:11:15,677 - INFO - Step  247600 | Epoch  30 | MSE: 0.4645 | Steps/sec: 1.79 | LR: 1.21e-04 | Render_L1: 0.0210 | Alpha_L1: 0.0279 | Render_LPIPS: 0.1422 | GradNorm: 0.6186 | MSE/t: [0.00-0.25]0.587(n=446) [0.25-0.50]0.499(n=1204) [0.50-0.75]0.414(n=1145) [0.75-1.00]0.368(n=405)
2026-04-23 12:11:15,772 - INFO - [render-loss] step=247600 masked 4/16 samples (t_value < 0.40)
2026-04-23 12:13:07,324 - INFO - Step  247800 | Epoch  30 | MSE: 0.4624 | Steps/sec: 1.79 | LR: 1.21e-04 | Render_L1: 0.0211 | Alpha_L1: 0.0272 | Render_LPIPS: 0.1438 | GradNorm: 0.6191 | MSE/t: [0.00-0.25]0.584(n=418) [0.25-0.50]0.501(n=1176) [0.50-0.75]0.419(n=1159) [0.75-1.00]0.359(n=447)
2026-04-23 12:13:07,383 - INFO - [render-loss] step=247800 masked 4/16 samples (t_value < 0.40)
2026-04-23 12:14:59,242 - INFO - Step  248000 | Epoch  30 | MSE: 0.4678 | Steps/sec: 1.79 | LR: 1.21e-04 | Render_L1: 0.0214 | Alpha_L1: 0.0278 | Render_LPIPS: 0.1457 | GradNorm: 0.7195 | MSE/t: [0.00-0.25]0.601(n=425) [0.25-0.50]0.502(n=1155) [0.50-0.75]0.422(n=1169) [0.75-1.00]0.372(n=451)
2026-04-23 12:15:07,473 - INFO - [validation] saved: output/jit_JiT-B_8_full_improved_renderprobe/dit_validation/epoch_030_step_0248000_class113.png (class=113, sampler=heun, steps=100)
2026-04-23 12:15:08,473 - INFO - [overrides] applied from jit/configs/overrides.yaml: lr_scale=1.0 max_grad_norm=5.0 P_mean=0.0
2026-04-23 12:15:08,523 - INFO - [render-loss] step=248000 masked 6/16 samples (t_value < 0.40)
2026-04-23 12:17:00,011 - INFO - Step  248200 | Epoch  30 | MSE: 0.4722 | Steps/sec: 1.66 | LR: 1.21e-04 | Render_L1: 0.0217 | Alpha_L1: 0.0276 | Render_LPIPS: 0.1468 | GradNorm: 0.6395 | MSE/t: [0.00-0.25]0.609(n=454) [0.25-0.50]0.507(n=1139) [0.50-0.75]0.425(n=1121) [0.75-1.00]0.374(n=486)
2026-04-23 12:17:00,068 - INFO - [render-loss] step=248200 masked 6/16 samples (t_value < 0.40)
2026-04-23 12:18:51,901 - INFO - Step  248400 | Epoch  30 | MSE: 0.4698 | Steps/sec: 1.79 | LR: 1.21e-04 | Render_L1: 0.0216 | Alpha_L1: 0.0277 | Render_LPIPS: 0.1457 | GradNorm: 0.6301 | MSE/t: [0.00-0.25]0.570(n=466) [0.25-0.50]0.515(n=1105) [0.50-0.75]0.421(n=1178) [0.75-1.00]0.384(n=451)
2026-04-23 12:18:51,960 - INFO - [render-loss] step=248400 masked 3/16 samples (t_value < 0.40)
2026-04-23 12:20:43,980 - INFO - Step  248600 | Epoch  30 | MSE: 0.4762 | Steps/sec: 1.78 | LR: 1.21e-04 | Render_L1: 0.0216 | Alpha_L1: 0.0276 | Render_LPIPS: 0.1455 | GradNorm: 0.6453 | MSE/t: [0.00-0.25]0.569(n=447) [0.25-0.50]0.527(n=1180) [0.50-0.75]0.421(n=1165) [0.75-1.00]0.387(n=408)
2026-04-23 12:20:44,045 - INFO - [render-loss] step=248600 masked 7/16 samples (t_value < 0.40)
2026-04-23 12:22:36,078 - INFO - Step  248800 | Epoch  30 | MSE: 0.4658 | Steps/sec: 1.78 | LR: 1.21e-04 | Render_L1: 0.0214 | Alpha_L1: 0.0278 | Render_LPIPS: 0.1452 | GradNorm: 0.5991 | MSE/t: [0.00-0.25]0.614(n=472) [0.25-0.50]0.483(n=1167) [0.50-0.75]0.417(n=1130) [0.75-1.00]0.386(n=431)
2026-04-23 12:22:36,138 - INFO - [render-loss] step=248800 masked 5/16 samples (t_value < 0.40)
2026-04-23 12:24:27,883 - INFO - Step  249000 | Epoch  30 | MSE: 0.4642 | Steps/sec: 1.79 | LR: 1.21e-04 | Render_L1: 0.0214 | Alpha_L1: 0.0278 | Render_LPIPS: 0.1454 | GradNorm: 0.6187 | MSE/t: [0.00-0.25]0.588(n=422) [0.25-0.50]0.501(n=1167) [0.50-0.75]0.415(n=1183) [0.75-1.00]0.376(n=428)
2026-04-23 12:24:36,085 - INFO - [validation] saved: output/jit_JiT-B_8_full_improved_renderprobe/dit_validation/epoch_030_step_0249000_class017.png (class=17, sampler=heun, steps=100)
2026-04-23 12:24:37,066 - INFO - [overrides] applied from jit/configs/overrides.yaml: lr_scale=1.0 max_grad_norm=5.0 P_mean=0.0
2026-04-23 12:24:37,116 - INFO - [render-loss] step=249000 masked 5/16 samples (t_value < 0.40)
2026-04-23 12:26:28,847 - INFO - Step  249200 | Epoch  30 | MSE: 0.4588 | Steps/sec: 1.65 | LR: 1.21e-04 | Render_L1: 0.0216 | Alpha_L1: 0.0270 | Render_LPIPS: 0.1464 | GradNorm: 0.6236 | MSE/t: [0.00-0.25]0.537(n=424) [0.25-0.50]0.503(n=1130) [0.50-0.75]0.418(n=1214) [0.75-1.00]0.383(n=432)
2026-04-23 12:26:28,921 - INFO - [render-loss] step=249200 masked 7/16 samples (t_value < 0.40)
2026-04-23 12:28:21,050 - INFO - Step  249400 | Epoch  30 | MSE: 0.4740 | Steps/sec: 1.78 | LR: 1.21e-04 | Render_L1: 0.0222 | Alpha_L1: 0.0285 | Render_LPIPS: 0.1488 | GradNorm: 0.6413 | MSE/t: [0.00-0.25]0.570(n=423) [0.25-0.50]0.522(n=1207) [0.50-0.75]0.420(n=1136) [0.75-1.00]0.386(n=434)
2026-04-23 12:28:21,110 - INFO - [render-loss] step=249400 masked 5/16 samples (t_value < 0.40)
2026-04-23 12:30:12,861 - INFO - Step  249600 | Epoch  30 | MSE: 0.4783 | Steps/sec: 1.79 | LR: 1.20e-04 | Render_L1: 0.0217 | Alpha_L1: 0.0280 | Render_LPIPS: 0.1478 | GradNorm: 0.6082 | MSE/t: [0.00-0.25]0.603(n=460) [0.25-0.50]0.515(n=1109) [0.50-0.75]0.433(n=1164) [0.75-1.00]0.382(n=467)
2026-04-23 12:30:12,934 - INFO - [render-loss] step=249600 masked 7/16 samples (t_value < 0.40)
2026-04-23 12:32:04,921 - INFO - Step  249800 | Epoch  30 | MSE: 0.4646 | Steps/sec: 1.78 | LR: 1.20e-04 | Render_L1: 0.0219 | Alpha_L1: 0.0281 | Render_LPIPS: 0.1474 | GradNorm: 0.6187 | MSE/t: [0.00-0.25]0.601(n=415) [0.25-0.50]0.503(n=1175) [0.50-0.75]0.417(n=1205) [0.75-1.00]0.356(n=405)
2026-04-23 12:32:04,983 - INFO - [render-loss] step=249800 masked 6/16 samples (t_value < 0.40)
2026-04-23 12:33:57,010 - INFO - Step  250000 | Epoch  30 | MSE: 0.4752 | Steps/sec: 1.78 | LR: 1.20e-04 | Render_L1: 0.0216 | Alpha_L1: 0.0275 | Render_LPIPS: 0.1442 | GradNorm: 0.6027 | MSE/t: [0.00-0.25]0.579(n=452) [0.25-0.50]0.529(n=1157) [0.50-0.75]0.418(n=1172) [0.75-1.00]0.372(n=419)
2026-04-23 12:34:05,134 - INFO - [validation] saved: output/jit_JiT-B_8_full_improved_renderprobe/dit_validation/epoch_030_step_0250000_class091.png (class=91, sampler=heun, steps=100)
2026-04-23 12:34:06,108 - INFO - [overrides] applied from jit/configs/overrides.yaml: lr_scale=1.0 max_grad_norm=5.0 P_mean=0.0
2026-04-23 12:34:06,158 - INFO - [render-loss] step=250000 masked 1/16 samples (t_value < 0.40)
2026-04-23 12:35:58,335 - INFO - Step  250200 | Epoch  30 | MSE: 0.4633 | Steps/sec: 1.65 | LR: 1.20e-04 | Render_L1: 0.0216 | Alpha_L1: 0.0283 | Render_LPIPS: 0.1446 | GradNorm: 0.6267 | MSE/t: [0.00-0.25]0.588(n=461) [0.25-0.50]0.507(n=1097) [0.50-0.75]0.406(n=1215) [0.75-1.00]0.380(n=427)
2026-04-23 12:35:58,396 - INFO - [render-loss] step=250200 masked 6/16 samples (t_value < 0.40)
2026-04-23 12:37:50,167 - INFO - Step  250400 | Epoch  30 | MSE: 0.4744 | Steps/sec: 1.79 | LR: 1.20e-04 | Render_L1: 0.0214 | Alpha_L1: 0.0284 | Render_LPIPS: 0.1458 | GradNorm: 0.6149 | MSE/t: [0.00-0.25]0.574(n=454) [0.25-0.50]0.514(n=1169) [0.50-0.75]0.437(n=1167) [0.75-1.00]0.358(n=410)
2026-04-23 12:37:50,226 - INFO - [render-loss] step=250400 masked 10/16 samples (t_value < 0.40)
2026-04-23 12:39:41,772 - INFO - Step  250600 | Epoch  30 | MSE: 0.4681 | Steps/sec: 1.79 | LR: 1.20e-04 | Render_L1: 0.0216 | Alpha_L1: 0.0280 | Render_LPIPS: 0.1459 | GradNorm: 0.6348 | MSE/t: [0.00-0.25]0.561(n=442) [0.25-0.50]0.505(n=1124) [0.50-0.75]0.432(n=1188) [0.75-1.00]0.381(n=446)
2026-04-23 12:39:41,829 - INFO - [render-loss] step=250600 masked 5/16 samples (t_value < 0.40)
2026-04-23 12:41:33,936 - INFO - Step  250800 | Epoch  30 | MSE: 0.4601 | Steps/sec: 1.78 | LR: 1.20e-04 | Render_L1: 0.0216 | Alpha_L1: 0.0273 | Render_LPIPS: 0.1446 | GradNorm: 0.5983 | MSE/t: [0.00-0.25]0.583(n=449) [0.25-0.50]0.500(n=1134) [0.50-0.75]0.413(n=1160) [0.75-1.00]0.359(n=457)
2026-04-23 12:41:33,996 - INFO - [render-loss] step=250800 masked 6/16 samples (t_value < 0.40)
2026-04-23 12:43:26,110 - INFO - Step  251000 | Epoch  30 | MSE: 0.4724 | Steps/sec: 1.78 | LR: 1.20e-04 | Render_L1: 0.0220 | Alpha_L1: 0.0286 | Render_LPIPS: 0.1489 | GradNorm: 0.6367 | MSE/t: [0.00-0.25]0.584(n=444) [0.25-0.50]0.500(n=1133) [0.50-0.75]0.439(n=1191) [0.75-1.00]0.376(n=432)
2026-04-23 12:43:34,183 - INFO - [validation] saved: output/jit_JiT-B_8_full_improved_renderprobe/dit_validation/epoch_030_step_0251000_class117.png (class=117, sampler=heun, steps=100)
2026-04-23 12:43:35,172 - INFO - [overrides] applied from jit/configs/overrides.yaml: lr_scale=1.0 max_grad_norm=5.0 P_mean=0.0
2026-04-23 12:43:35,221 - INFO - [render-loss] step=251000 masked 9/16 samples (t_value < 0.40)
2026-04-23 12:45:27,503 - INFO - Step  251200 | Epoch  30 | MSE: 0.4757 | Steps/sec: 1.65 | LR: 1.20e-04 | Render_L1: 0.0221 | Alpha_L1: 0.0282 | Render_LPIPS: 0.1473 | GradNorm: 0.6433 | MSE/t: [0.00-0.25]0.588(n=408) [0.25-0.50]0.522(n=1208) [0.50-0.75]0.422(n=1141) [0.75-1.00]0.384(n=443)
2026-04-23 12:45:27,564 - INFO - [render-loss] step=251200 masked 7/16 samples (t_value < 0.40)
2026-04-23 12:47:20,561 - INFO - Step  251400 | Epoch  31 | MSE: 0.4662 | Steps/sec: 1.77 | LR: 1.19e-04 | Render_L1: 0.0222 | Alpha_L1: 0.0275 | Render_LPIPS: 0.1473 | GradNorm: 0.6072 | MSE/t: [0.00-0.25]0.613(n=416) [0.25-0.50]0.498(n=1168) [0.50-0.75]0.427(n=1187) [0.75-1.00]0.346(n=429)
2026-04-23 12:47:20,618 - INFO - [render-loss] step=251400 masked 3/16 samples (t_value < 0.40)
2026-04-23 12:49:12,702 - INFO - Step  251600 | Epoch  31 | MSE: 0.4724 | Steps/sec: 1.78 | LR: 1.19e-04 | Render_L1: 0.0217 | Alpha_L1: 0.0283 | Render_LPIPS: 0.1457 | GradNorm: 0.6472 | MSE/t: [0.00-0.25]0.610(n=458) [0.25-0.50]0.515(n=1164) [0.50-0.75]0.420(n=1153) [0.75-1.00]0.350(n=425)
2026-04-23 12:49:12,759 - INFO - [render-loss] step=251600 masked 2/16 samples (t_value < 0.40)
2026-04-23 12:51:04,631 - INFO - Step  251800 | Epoch  31 | MSE: 0.4707 | Steps/sec: 1.79 | LR: 1.19e-04 | Render_L1: 0.0217 | Alpha_L1: 0.0282 | Render_LPIPS: 0.1470 | GradNorm: 0.6565 | MSE/t: [0.00-0.25]0.600(n=460) [0.25-0.50]0.506(n=1139) [0.50-0.75]0.422(n=1160) [0.75-1.00]0.372(n=441)
2026-04-23 12:51:04,689 - INFO - [render-loss] step=251800 masked 4/16 samples (t_value < 0.40)
2026-04-23 12:52:56,707 - INFO - Step  252000 | Epoch  31 | MSE: 0.4604 | Steps/sec: 1.78 | LR: 1.19e-04 | Render_L1: 0.0211 | Alpha_L1: 0.0271 | Render_LPIPS: 0.1445 | GradNorm: 0.6208 | MSE/t: [0.00-0.25]0.565(n=449) [0.25-0.50]0.508(n=1126) [0.50-0.75]0.412(n=1203) [0.75-1.00]0.360(n=422)
2026-04-23 12:53:05,105 - INFO - [validation] saved: output/jit_JiT-B_8_full_improved_renderprobe/dit_validation/epoch_031_step_0252000_class099.png (class=99, sampler=heun, steps=100)
2026-04-23 12:53:06,088 - INFO - [overrides] applied from jit/configs/overrides.yaml: lr_scale=1.0 max_grad_norm=5.0 P_mean=0.0
2026-04-23 12:53:06,135 - INFO - [render-loss] step=252000 masked 6/16 samples (t_value < 0.40)
2026-04-23 12:54:58,291 - INFO - Step  252200 | Epoch  31 | MSE: 0.4718 | Steps/sec: 1.64 | LR: 1.19e-04 | Render_L1: 0.0219 | Alpha_L1: 0.0274 | Render_LPIPS: 0.1478 | GradNorm: 0.6173 | MSE/t: [0.00-0.25]0.578(n=457) [0.25-0.50]0.516(n=1117) [0.50-0.75]0.427(n=1172) [0.75-1.00]0.370(n=454)
2026-04-23 12:54:58,353 - INFO - [render-loss] step=252200 masked 9/16 samples (t_value < 0.40)
2026-04-23 12:56:50,215 - INFO - Step  252400 | Epoch  31 | MSE: 0.4758 | Steps/sec: 1.79 | LR: 1.19e-04 | Render_L1: 0.0222 | Alpha_L1: 0.0283 | Render_LPIPS: 0.1486 | GradNorm: 0.6241 | MSE/t: [0.00-0.25]0.597(n=429) [0.25-0.50]0.503(n=1177) [0.50-0.75]0.437(n=1155) [0.75-1.00]0.384(n=439)
2026-04-23 12:58:42,081 - INFO - Step  252600 | Epoch  31 | MSE: 0.4689 | Steps/sec: 1.79 | LR: 1.19e-04 | Render_L1: 0.0217 | Alpha_L1: 0.0279 | Render_LPIPS: 0.1469 | GradNorm: 0.6008 | MSE/t: [0.00-0.25]0.585(n=383) [0.25-0.50]0.523(n=1175) [0.50-0.75]0.418(n=1151) [0.75-1.00]0.369(n=491)
2026-04-23 12:58:42,140 - INFO - [render-loss] step=252600 masked 4/16 samples (t_value < 0.40)
2026-04-23 13:00:34,558 - INFO - Step  252800 | Epoch  31 | MSE: 0.4700 | Steps/sec: 1.78 | LR: 1.19e-04 | Render_L1: 0.0219 | Alpha_L1: 0.0274 | Render_LPIPS: 0.1462 | GradNorm: 0.6245 | MSE/t: [0.00-0.25]0.632(n=450) [0.25-0.50]0.500(n=1115) [0.50-0.75]0.415(n=1191) [0.75-1.00]0.378(n=444)
2026-04-23 13:00:34,614 - INFO - [render-loss] step=252800 masked 7/16 samples (t_value < 0.40)
2026-04-23 13:02:26,907 - INFO - Step  253000 | Epoch  31 | MSE: 0.4613 | Steps/sec: 1.78 | LR: 1.19e-04 | Render_L1: 0.0214 | Alpha_L1: 0.0274 | Render_LPIPS: 0.1450 | GradNorm: 0.6375 | MSE/t: [0.00-0.25]0.554(n=432) [0.25-0.50]0.511(n=1198) [0.50-0.75]0.406(n=1124) [0.75-1.00]0.379(n=446)
2026-04-23 13:02:35,111 - INFO - [validation] saved: output/jit_JiT-B_8_full_improved_renderprobe/dit_validation/epoch_031_step_0253000_class117.png (class=117, sampler=heun, steps=100)
2026-04-23 13:02:36,094 - INFO - [overrides] applied from jit/configs/overrides.yaml: lr_scale=1.0 max_grad_norm=5.0 P_mean=0.0
2026-04-23 13:02:36,146 - INFO - [render-loss] step=253000 masked 4/16 samples (t_value < 0.40)
2026-04-23 13:04:28,160 - INFO - Step  253200 | Epoch  31 | MSE: 0.4775 | Steps/sec: 1.65 | LR: 1.19e-04 | Render_L1: 0.0224 | Alpha_L1: 0.0280 | Render_LPIPS: 0.1494 | GradNorm: 0.6433 | MSE/t: [0.00-0.25]0.586(n=459) [0.25-0.50]0.522(n=1199) [0.50-0.75]0.422(n=1113) [0.75-1.00]0.381(n=429)
2026-04-23 13:04:28,217 - INFO - [render-loss] step=253200 masked 5/16 samples (t_value < 0.40)
2026-04-23 13:06:20,282 - INFO - Step  253400 | Epoch  31 | MSE: 0.4721 | Steps/sec: 1.78 | LR: 1.18e-04 | Render_L1: 0.0212 | Alpha_L1: 0.0270 | Render_LPIPS: 0.1436 | GradNorm: 0.6894 | MSE/t: [0.00-0.25]0.579(n=411) [0.25-0.50]0.513(n=1196) [0.50-0.75]0.429(n=1176) [0.75-1.00]0.370(n=417)
2026-04-23 13:06:20,340 - INFO - [render-loss] step=253400 masked 8/16 samples (t_value < 0.40)
2026-04-23 13:08:12,166 - INFO - Step  253600 | Epoch  31 | MSE: 0.4618 | Steps/sec: 1.79 | LR: 1.18e-04 | Render_L1: 0.0216 | Alpha_L1: 0.0283 | Render_LPIPS: 0.1453 | GradNorm: 0.6515 | MSE/t: [0.00-0.25]0.569(n=448) [0.25-0.50]0.514(n=1139) [0.50-0.75]0.406(n=1190) [0.75-1.00]0.366(n=423)
2026-04-23 13:08:12,225 - INFO - [render-loss] step=253600 masked 6/16 samples (t_value < 0.40)
2026-04-23 13:10:04,297 - INFO - Step  253800 | Epoch  31 | MSE: 0.4719 | Steps/sec: 1.78 | LR: 1.18e-04 | Render_L1: 0.0217 | Alpha_L1: 0.0276 | Render_LPIPS: 0.1453 | GradNorm: 0.6548 | MSE/t: [0.00-0.25]0.577(n=430) [0.25-0.50]0.512(n=1158) [0.50-0.75]0.430(n=1159) [0.75-1.00]0.376(n=453)
2026-04-23 13:10:04,355 - INFO - [render-loss] step=253800 masked 5/16 samples (t_value < 0.40)
2026-04-23 13:11:56,452 - INFO - Step  254000 | Epoch  31 | MSE: 0.4622 | Steps/sec: 1.78 | LR: 1.18e-04 | Render_L1: 0.0209 | Alpha_L1: 0.0274 | Render_LPIPS: 0.1427 | GradNorm: 0.6210 | MSE/t: [0.00-0.25]0.563(n=443) [0.25-0.50]0.507(n=1208) [0.50-0.75]0.416(n=1103) [0.75-1.00]0.356(n=446)
2026-04-23 13:12:04,554 - INFO - [validation] saved: output/jit_JiT-B_8_full_improved_renderprobe/dit_validation/epoch_031_step_0254000_class015.png (class=15, sampler=heun, steps=100)
2026-04-23 13:12:05,533 - INFO - [overrides] applied from jit/configs/overrides.yaml: lr_scale=1.0 max_grad_norm=5.0 P_mean=0.0
2026-04-23 13:12:05,584 - INFO - [render-loss] step=254000 masked 6/16 samples (t_value < 0.40)
2026-04-23 13:13:57,541 - INFO - Step  254200 | Epoch  31 | MSE: 0.4727 | Steps/sec: 1.65 | LR: 1.18e-04 | Render_L1: 0.0217 | Alpha_L1: 0.0274 | Render_LPIPS: 0.1458 | GradNorm: 0.6261 | MSE/t: [0.00-0.25]0.591(n=441) [0.25-0.50]0.528(n=1123) [0.50-0.75]0.416(n=1196) [0.75-1.00]0.368(n=440)
2026-04-23 13:13:57,600 - INFO - [render-loss] step=254200 masked 2/16 samples (t_value < 0.40)
2026-04-23 13:15:49,901 - INFO - Step  254400 | Epoch  31 | MSE: 0.4620 | Steps/sec: 1.78 | LR: 1.18e-04 | Render_L1: 0.0211 | Alpha_L1: 0.0275 | Render_LPIPS: 0.1433 | GradNorm: 0.6082 | MSE/t: [0.00-0.25]0.577(n=420) [0.25-0.50]0.509(n=1224) [0.50-0.75]0.406(n=1140) [0.75-1.00]0.362(n=416)
2026-04-23 13:15:49,964 - INFO - [render-loss] step=254400 masked 3/16 samples (t_value < 0.40)
2026-04-23 13:17:41,823 - INFO - Step  254600 | Epoch  31 | MSE: 0.4740 | Steps/sec: 1.79 | LR: 1.18e-04 | Render_L1: 0.0220 | Alpha_L1: 0.0278 | Render_LPIPS: 0.1472 | GradNorm: 0.6186 | MSE/t: [0.00-0.25]0.603(n=426) [0.25-0.50]0.510(n=1153) [0.50-0.75]0.416(n=1201) [0.75-1.00]0.411(n=420)
2026-04-23 13:17:41,881 - INFO - [render-loss] step=254600 masked 9/16 samples (t_value < 0.40)
2026-04-23 13:19:33,878 - INFO - Step  254800 | Epoch  31 | MSE: 0.4740 | Steps/sec: 1.78 | LR: 1.18e-04 | Render_L1: 0.0213 | Alpha_L1: 0.0270 | Render_LPIPS: 0.1441 | GradNorm: 0.7589 | MSE/t: [0.00-0.25]0.582(n=456) [0.25-0.50]0.509(n=1118) [0.50-0.75]0.440(n=1177) [0.75-1.00]0.368(n=449)
2026-04-23 13:19:33,939 - INFO - [render-loss] step=254800 masked 9/16 samples (t_value < 0.40)
2026-04-23 13:21:25,941 - INFO - Step  255000 | Epoch  31 | MSE: 0.4682 | Steps/sec: 1.78 | LR: 1.18e-04 | Render_L1: 0.0222 | Alpha_L1: 0.0278 | Render_LPIPS: 0.1472 | GradNorm: 0.6250 | MSE/t: [0.00-0.25]0.572(n=439) [0.25-0.50]0.499(n=1165) [0.50-0.75]0.423(n=1189) [0.75-1.00]0.398(n=407)
2026-04-23 13:21:34,007 - INFO - [validation] saved: output/jit_JiT-B_8_full_improved_renderprobe/dit_validation/epoch_031_step_0255000_class008.png (class=8, sampler=heun, steps=100)
2026-04-23 13:21:35,006 - INFO - [overrides] applied from jit/configs/overrides.yaml: lr_scale=1.0 max_grad_norm=5.0 P_mean=0.0
2026-04-23 13:21:35,053 - INFO - [render-loss] step=255000 masked 2/16 samples (t_value < 0.40)
2026-04-23 13:23:27,187 - INFO - Step  255200 | Epoch  31 | MSE: 0.4704 | Steps/sec: 1.65 | LR: 1.17e-04 | Render_L1: 0.0216 | Alpha_L1: 0.0282 | Render_LPIPS: 0.1455 | GradNorm: 0.6112 | MSE/t: [0.00-0.25]0.582(n=447) [0.25-0.50]0.513(n=1154) [0.50-0.75]0.415(n=1198) [0.75-1.00]0.388(n=401)
2026-04-23 13:23:27,250 - INFO - [render-loss] step=255200 masked 6/16 samples (t_value < 0.40)
2026-04-23 13:25:19,201 - INFO - Step  255400 | Epoch  31 | MSE: 0.4597 | Steps/sec: 1.79 | LR: 1.17e-04 | Render_L1: 0.0215 | Alpha_L1: 0.0274 | Render_LPIPS: 0.1457 | GradNorm: 0.6075 | MSE/t: [0.00-0.25]0.565(n=418) [0.25-0.50]0.498(n=1151) [0.50-0.75]0.418(n=1219) [0.75-1.00]0.368(n=412)
2026-04-23 13:25:19,260 - INFO - [render-loss] step=255400 masked 6/16 samples (t_value < 0.40)
2026-04-23 13:27:11,342 - INFO - Step  255600 | Epoch  31 | MSE: 0.4617 | Steps/sec: 1.78 | LR: 1.17e-04 | Render_L1: 0.0215 | Alpha_L1: 0.0273 | Render_LPIPS: 0.1456 | GradNorm: 0.5965 | MSE/t: [0.00-0.25]0.561(n=424) [0.25-0.50]0.500(n=1209) [0.50-0.75]0.414(n=1117) [0.75-1.00]0.384(n=450)
2026-04-23 13:27:11,405 - INFO - [render-loss] step=255600 masked 4/16 samples (t_value < 0.40)
2026-04-23 13:29:03,210 - INFO - Step  255800 | Epoch  31 | MSE: 0.4777 | Steps/sec: 1.79 | LR: 1.17e-04 | Render_L1: 0.0226 | Alpha_L1: 0.0283 | Render_LPIPS: 0.1489 | GradNorm: 0.6437 | MSE/t: [0.00-0.25]0.595(n=449) [0.25-0.50]0.525(n=1180) [0.50-0.75]0.418(n=1150) [0.75-1.00]0.383(n=421)
2026-04-23 13:29:03,271 - INFO - [render-loss] step=255800 masked 6/16 samples (t_value < 0.40)
2026-04-23 13:30:55,213 - INFO - Step  256000 | Epoch  31 | MSE: 0.4569 | Steps/sec: 1.79 | LR: 1.17e-04 | Render_L1: 0.0213 | Alpha_L1: 0.0270 | Render_LPIPS: 0.1455 | GradNorm: 0.6004 | MSE/t: [0.00-0.25]0.570(n=459) [0.25-0.50]0.496(n=1133) [0.50-0.75]0.410(n=1166) [0.75-1.00]0.363(n=442)
2026-04-23 13:31:03,384 - INFO - [validation] saved: output/jit_JiT-B_8_full_improved_renderprobe/dit_validation/epoch_031_step_0256000_class041.png (class=41, sampler=heun, steps=100)
2026-04-23 13:31:04,387 - INFO - [overrides] applied from jit/configs/overrides.yaml: lr_scale=1.0 max_grad_norm=5.0 P_mean=0.0
2026-04-23 13:31:04,435 - INFO - [render-loss] step=256000 masked 5/16 samples (t_value < 0.40)
2026-04-23 13:32:56,693 - INFO - Step  256200 | Epoch  31 | MSE: 0.4740 | Steps/sec: 1.65 | LR: 1.17e-04 | Render_L1: 0.0217 | Alpha_L1: 0.0276 | Render_LPIPS: 0.1473 | GradNorm: 0.6573 | MSE/t: [0.00-0.25]0.575(n=443) [0.25-0.50]0.517(n=1149) [0.50-0.75]0.427(n=1181) [0.75-1.00]0.382(n=427)
2026-04-23 13:32:56,751 - INFO - [render-loss] step=256200 masked 8/16 samples (t_value < 0.40)
2026-04-23 13:34:48,470 - INFO - Step  256400 | Epoch  31 | MSE: 0.4637 | Steps/sec: 1.79 | LR: 1.17e-04 | Render_L1: 0.0215 | Alpha_L1: 0.0272 | Render_LPIPS: 0.1447 | GradNorm: 0.6467 | MSE/t: [0.00-0.25]0.595(n=459) [0.25-0.50]0.504(n=1173) [0.50-0.75]0.413(n=1139) [0.75-1.00]0.349(n=429)
2026-04-23 13:34:48,527 - INFO - [render-loss] step=256400 masked 6/16 samples (t_value < 0.40)
2026-04-23 13:36:40,305 - INFO - Step  256600 | Epoch  31 | MSE: 0.4696 | Steps/sec: 1.79 | LR: 1.17e-04 | Render_L1: 0.0214 | Alpha_L1: 0.0272 | Render_LPIPS: 0.1440 | GradNorm: 0.6109 | MSE/t: [0.00-0.25]0.586(n=434) [0.25-0.50]0.512(n=1179) [0.50-0.75]0.418(n=1153) [0.75-1.00]0.374(n=434)
2026-04-23 13:36:40,366 - INFO - [render-loss] step=256600 masked 5/16 samples (t_value < 0.40)
2026-04-23 13:38:32,261 - INFO - Step  256800 | Epoch  31 | MSE: 0.4742 | Steps/sec: 1.79 | LR: 1.17e-04 | Render_L1: 0.0214 | Alpha_L1: 0.0276 | Render_LPIPS: 0.1447 | GradNorm: 0.6226 | MSE/t: [0.00-0.25]0.578(n=470) [0.25-0.50]0.519(n=1145) [0.50-0.75]0.427(n=1153) [0.75-1.00]0.369(n=432)
2026-04-23 13:38:32,319 - INFO - [render-loss] step=256800 masked 4/16 samples (t_value < 0.40)
2026-04-23 13:40:24,294 - INFO - Step  257000 | Epoch  31 | MSE: 0.4706 | Steps/sec: 1.79 | LR: 1.16e-04 | Render_L1: 0.0213 | Alpha_L1: 0.0275 | Render_LPIPS: 0.1449 | GradNorm: 0.6200 | MSE/t: [0.00-0.25]0.576(n=426) [0.25-0.50]0.511(n=1171) [0.50-0.75]0.422(n=1128) [0.75-1.00]0.391(n=475)
2026-04-23 13:40:32,682 - INFO - [validation] saved: output/jit_JiT-B_8_full_improved_renderprobe/dit_validation/epoch_031_step_0257000_class119.png (class=119, sampler=heun, steps=100)
2026-04-23 13:40:33,699 - INFO - [overrides] applied from jit/configs/overrides.yaml: lr_scale=1.0 max_grad_norm=5.0 P_mean=0.0
2026-04-23 13:40:33,749 - INFO - [render-loss] step=257000 masked 4/16 samples (t_value < 0.40)
2026-04-23 13:42:26,037 - INFO - Step  257200 | Epoch  31 | MSE: 0.4709 | Steps/sec: 1.64 | LR: 1.16e-04 | Render_L1: 0.0217 | Alpha_L1: 0.0273 | Render_LPIPS: 0.1457 | GradNorm: 0.6331 | MSE/t: [0.00-0.25]0.561(n=450) [0.25-0.50]0.513(n=1125) [0.50-0.75]0.438(n=1192) [0.75-1.00]0.358(n=433)
2026-04-23 13:42:26,095 - INFO - [render-loss] step=257200 masked 9/16 samples (t_value < 0.40)
2026-04-23 13:44:18,058 - INFO - Step  257400 | Epoch  31 | MSE: 0.4787 | Steps/sec: 1.79 | LR: 1.16e-04 | Render_L1: 0.0225 | Alpha_L1: 0.0278 | Render_LPIPS: 0.1501 | GradNorm: 0.6425 | MSE/t: [0.00-0.25]0.564(n=437) [0.25-0.50]0.523(n=1248) [0.50-0.75]0.431(n=1115) [0.75-1.00]0.380(n=400)
2026-04-23 13:44:18,124 - INFO - [render-loss] step=257400 masked 7/16 samples (t_value < 0.40)
2026-04-23 13:46:10,163 - INFO - Step  257600 | Epoch  31 | MSE: 0.4667 | Steps/sec: 1.78 | LR: 1.16e-04 | Render_L1: 0.0211 | Alpha_L1: 0.0270 | Render_LPIPS: 0.1429 | GradNorm: 0.6279 | MSE/t: [0.00-0.25]0.580(n=450) [0.25-0.50]0.503(n=1197) [0.50-0.75]0.418(n=1112) [0.75-1.00]0.373(n=441)
2026-04-23 13:46:10,221 - INFO - [render-loss] step=257600 masked 6/16 samples (t_value < 0.40)
2026-04-23 13:48:02,706 - INFO - Step  257800 | Epoch  31 | MSE: 0.4569 | Steps/sec: 1.78 | LR: 1.16e-04 | Render_L1: 0.0214 | Alpha_L1: 0.0273 | Render_LPIPS: 0.1444 | GradNorm: 0.6303 | MSE/t: [0.00-0.25]0.552(n=407) [0.25-0.50]0.500(n=1155) [0.50-0.75]0.416(n=1179) [0.75-1.00]0.369(n=459)
2026-04-23 13:48:02,766 - INFO - [render-loss] step=257800 masked 4/16 samples (t_value < 0.40)
2026-04-23 13:49:54,422 - INFO - Step  258000 | Epoch  31 | MSE: 0.4725 | Steps/sec: 1.79 | LR: 1.16e-04 | Render_L1: 0.0223 | Alpha_L1: 0.0284 | Render_LPIPS: 0.1478 | GradNorm: 0.6584 | MSE/t: [0.00-0.25]0.567(n=435) [0.25-0.50]0.518(n=1145) [0.50-0.75]0.428(n=1189) [0.75-1.00]0.382(n=431)
2026-04-23 13:50:02,535 - INFO - [validation] saved: output/jit_JiT-B_8_full_improved_renderprobe/dit_validation/epoch_031_step_0258000_class049.png (class=49, sampler=heun, steps=100)
2026-04-23 13:50:03,552 - INFO - [overrides] applied from jit/configs/overrides.yaml: lr_scale=1.0 max_grad_norm=5.0 P_mean=0.0
2026-04-23 13:50:03,600 - INFO - [render-loss] step=258000 masked 6/16 samples (t_value < 0.40)
2026-04-23 13:51:55,291 - INFO - Step  258200 | Epoch  31 | MSE: 0.4645 | Steps/sec: 1.65 | LR: 1.16e-04 | Render_L1: 0.0208 | Alpha_L1: 0.0277 | Render_LPIPS: 0.1438 | GradNorm: 0.6174 | MSE/t: [0.00-0.25]0.607(n=440) [0.25-0.50]0.490(n=1161) [0.50-0.75]0.418(n=1157) [0.75-1.00]0.377(n=442)
2026-04-23 13:51:55,352 - INFO - [render-loss] step=258200 masked 10/16 samples (t_value < 0.40)
2026-04-23 13:53:47,393 - INFO - Step  258400 | Epoch  31 | MSE: 0.4744 | Steps/sec: 1.78 | LR: 1.16e-04 | Render_L1: 0.0224 | Alpha_L1: 0.0279 | Render_LPIPS: 0.1471 | GradNorm: 0.6065 | MSE/t: [0.00-0.25]0.582(n=414) [0.25-0.50]0.508(n=1170) [0.50-0.75]0.436(n=1197) [0.75-1.00]0.383(n=419)
2026-04-23 13:53:47,455 - INFO - [render-loss] step=258400 masked 4/16 samples (t_value < 0.40)
2026-04-23 13:55:39,380 - INFO - Step  258600 | Epoch  31 | MSE: 0.4648 | Steps/sec: 1.79 | LR: 1.16e-04 | Render_L1: 0.0215 | Alpha_L1: 0.0276 | Render_LPIPS: 0.1446 | GradNorm: 0.6152 | MSE/t: [0.00-0.25]0.556(n=470) [0.25-0.50]0.517(n=1149) [0.50-0.75]0.406(n=1175) [0.75-1.00]0.379(n=406)
2026-04-23 13:55:39,437 - INFO - [render-loss] step=258600 masked 6/16 samples (t_value < 0.40)
2026-04-23 13:57:31,192 - INFO - Step  258800 | Epoch  31 | MSE: 0.4692 | Steps/sec: 1.79 | LR: 1.16e-04 | Render_L1: 0.0219 | Alpha_L1: 0.0274 | Render_LPIPS: 0.1467 | GradNorm: 0.6299 | MSE/t: [0.00-0.25]0.572(n=462) [0.25-0.50]0.507(n=1135) [0.50-0.75]0.435(n=1139) [0.75-1.00]0.358(n=464)
2026-04-23 13:57:31,249 - INFO - [render-loss] step=258800 masked 5/16 samples (t_value < 0.40)
2026-04-23 13:59:23,215 - INFO - Step  259000 | Epoch  31 | MSE: 0.4671 | Steps/sec: 1.79 | LR: 1.15e-04 | Render_L1: 0.0224 | Alpha_L1: 0.0283 | Render_LPIPS: 0.1484 | GradNorm: 0.6402 | MSE/t: [0.00-0.25]0.575(n=475) [0.25-0.50]0.507(n=1153) [0.50-0.75]0.415(n=1106) [0.75-1.00]0.382(n=466)
2026-04-23 13:59:31,333 - INFO - [validation] saved: output/jit_JiT-B_8_full_improved_renderprobe/dit_validation/epoch_031_step_0259000_class048.png (class=48, sampler=heun, steps=100)
2026-04-23 13:59:32,336 - INFO - [overrides] applied from jit/configs/overrides.yaml: lr_scale=1.0 max_grad_norm=5.0 P_mean=0.0
2026-04-23 13:59:32,409 - INFO - [render-loss] step=259000 masked 2/16 samples (t_value < 0.40)
2026-04-23 14:01:24,458 - INFO - Step  259200 | Epoch  31 | MSE: 0.4776 | Steps/sec: 1.65 | LR: 1.15e-04 | Render_L1: 0.0217 | Alpha_L1: 0.0280 | Render_LPIPS: 0.1455 | GradNorm: 0.7393 | MSE/t: [0.00-0.25]0.578(n=443) [0.25-0.50]0.519(n=1204) [0.50-0.75]0.428(n=1096) [0.75-1.00]0.391(n=457)
2026-04-23 14:01:24,516 - INFO - [render-loss] step=259200 masked 5/16 samples (t_value < 0.40)
2026-04-23 14:03:17,399 - INFO - Step  259400 | Epoch  32 | MSE: 0.4642 | Steps/sec: 1.77 | LR: 1.15e-04 | Render_L1: 0.0209 | Alpha_L1: 0.0272 | Render_LPIPS: 0.1421 | GradNorm: 0.6168 | MSE/t: [0.00-0.25]0.598(n=407) [0.25-0.50]0.502(n=1201) [0.50-0.75]0.414(n=1182) [0.75-1.00]0.365(n=410)
2026-04-23 14:03:17,456 - INFO - [render-loss] step=259400 masked 8/16 samples (t_value < 0.40)
2026-04-23 14:05:09,203 - INFO - Step  259600 | Epoch  32 | MSE: 0.4779 | Steps/sec: 1.79 | LR: 1.15e-04 | Render_L1: 0.0210 | Alpha_L1: 0.0275 | Render_LPIPS: 0.1449 | GradNorm: 0.6304 | MSE/t: [0.00-0.25]0.622(n=434) [0.25-0.50]0.508(n=1192) [0.50-0.75]0.432(n=1100) [0.75-1.00]0.377(n=474)
2026-04-23 14:05:09,262 - INFO - [render-loss] step=259600 masked 4/16 samples (t_value < 0.40)
2026-04-23 14:07:01,146 - INFO - Step  259800 | Epoch  32 | MSE: 0.4647 | Steps/sec: 1.79 | LR: 1.15e-04 | Render_L1: 0.0215 | Alpha_L1: 0.0274 | Render_LPIPS: 0.1449 | GradNorm: 0.7076 | MSE/t: [0.00-0.25]0.596(n=415) [0.25-0.50]0.498(n=1169) [0.50-0.75]0.418(n=1180) [0.75-1.00]0.377(n=436)
2026-04-23 14:07:01,207 - INFO - [render-loss] step=259800 masked 7/16 samples (t_value < 0.40)
2026-04-23 14:08:53,567 - INFO - Step  260000 | Epoch  32 | MSE: 0.4742 | Steps/sec: 1.78 | LR: 1.15e-04 | Render_L1: 0.0216 | Alpha_L1: 0.0268 | Render_LPIPS: 0.1452 | GradNorm: 0.6248 | MSE/t: [0.00-0.25]0.591(n=443) [0.25-0.50]0.519(n=1168) [0.50-0.75]0.426(n=1148) [0.75-1.00]0.363(n=441)
2026-04-23 14:08:55,856 - INFO - Saved checkpoint to output/jit_JiT-B_8_full_improved_renderprobe/0260000.pt
2026-04-23 14:08:55,944 - INFO - [cond] cfg_signal=0.0573 | class_signal=0.0692 | pred_rms=0.6051
2026-04-23 14:09:04,156 - INFO - [validation] saved: output/jit_JiT-B_8_full_improved_renderprobe/dit_validation/epoch_032_step_0260000_class106.png (class=106, sampler=heun, steps=100)
2026-04-23 14:09:05,182 - INFO - [overrides] applied from jit/configs/overrides.yaml: lr_scale=1.0 max_grad_norm=5.0 P_mean=0.0
2026-04-23 14:09:05,233 - INFO - [render-loss] step=260000 masked 4/16 samples (t_value < 0.40)
2026-04-23 14:10:57,155 - INFO - Step  260200 | Epoch  32 | MSE: 0.4776 | Steps/sec: 1.62 | LR: 1.15e-04 | Render_L1: 0.0213 | Alpha_L1: 0.0267 | Render_LPIPS: 0.1449 | GradNorm: 0.6106 | MSE/t: [0.00-0.25]0.597(n=473) [0.25-0.50]0.533(n=1082) [0.50-0.75]0.419(n=1202) [0.75-1.00]0.374(n=443)
2026-04-23 14:10:57,212 - INFO - [render-loss] step=260200 masked 2/16 samples (t_value < 0.40)
2026-04-23 14:12:49,059 - INFO - Step  260400 | Epoch  32 | MSE: 0.4629 | Steps/sec: 1.79 | LR: 1.15e-04 | Render_L1: 0.0207 | Alpha_L1: 0.0264 | Render_LPIPS: 0.1422 | GradNorm: 0.6197 | MSE/t: [0.00-0.25]0.585(n=423) [0.25-0.50]0.491(n=1161) [0.50-0.75]0.430(n=1174) [0.75-1.00]0.360(n=442)
2026-04-23 14:12:49,296 - INFO - [render-loss] step=260400 masked 6/16 samples (t_value < 0.40)
2026-04-23 14:14:41,059 - INFO - Step  260600 | Epoch  32 | MSE: 0.4768 | Steps/sec: 1.79 | LR: 1.15e-04 | Render_L1: 0.0217 | Alpha_L1: 0.0271 | Render_LPIPS: 0.1468 | GradNorm: 0.6170 | MSE/t: [0.00-0.25]0.621(n=391) [0.25-0.50]0.515(n=1155) [0.50-0.75]0.429(n=1207) [0.75-1.00]0.382(n=447)
2026-04-23 14:14:41,120 - INFO - [render-loss] step=260600 masked 2/16 samples (t_value < 0.40)
2026-04-23 14:16:33,125 - INFO - Step  260800 | Epoch  32 | MSE: 0.4701 | Steps/sec: 1.78 | LR: 1.14e-04 | Render_L1: 0.0215 | Alpha_L1: 0.0277 | Render_LPIPS: 0.1448 | GradNorm: 0.5951 | MSE/t: [0.00-0.25]0.573(n=415) [0.25-0.50]0.528(n=1177) [0.50-0.75]0.415(n=1164) [0.75-1.00]0.366(n=444)
2026-04-23 14:16:33,184 - INFO - [render-loss] step=260800 masked 7/16 samples (t_value < 0.40)
2026-04-23 14:18:25,147 - INFO - Step  261000 | Epoch  32 | MSE: 0.4638 | Steps/sec: 1.79 | LR: 1.14e-04 | Render_L1: 0.0213 | Alpha_L1: 0.0268 | Render_LPIPS: 0.1454 | GradNorm: 0.6094 | MSE/t: [0.00-0.25]0.598(n=408) [0.25-0.50]0.507(n=1186) [0.50-0.75]0.411(n=1179) [0.75-1.00]0.359(n=427)
2026-04-23 14:18:33,725 - INFO - [validation] saved: output/jit_JiT-B_8_full_improved_renderprobe/dit_validation/epoch_032_step_0261000_class014.png (class=14, sampler=heun, steps=100)
2026-04-23 14:18:34,878 - INFO - [overrides] applied from jit/configs/overrides.yaml: lr_scale=1.0 max_grad_norm=5.0 P_mean=0.0
2026-04-23 14:18:34,929 - INFO - [render-loss] step=261000 masked 4/16 samples (t_value < 0.40)
2026-04-23 14:20:26,971 - INFO - Step  261200 | Epoch  32 | MSE: 0.4672 | Steps/sec: 1.64 | LR: 1.14e-04 | Render_L1: 0.0213 | Alpha_L1: 0.0274 | Render_LPIPS: 0.1446 | GradNorm: 0.5967 | MSE/t: [0.00-0.25]0.583(n=416) [0.25-0.50]0.514(n=1178) [0.50-0.75]0.413(n=1202) [0.75-1.00]0.372(n=404)
2026-04-23 14:20:27,040 - INFO - [render-loss] step=261200 masked 4/16 samples (t_value < 0.40)
2026-04-23 14:22:19,055 - INFO - Step  261400 | Epoch  32 | MSE: 0.4596 | Steps/sec: 1.78 | LR: 1.14e-04 | Render_L1: 0.0217 | Alpha_L1: 0.0281 | Render_LPIPS: 0.1449 | GradNorm: 0.6016 | MSE/t: [0.00-0.25]0.574(n=410) [0.25-0.50]0.499(n=1132) [0.50-0.75]0.421(n=1224) [0.75-1.00]0.360(n=434)
2026-04-23 14:22:19,130 - INFO - [render-loss] step=261400 masked 6/16 samples (t_value < 0.40)
2026-04-23 14:24:11,201 - INFO - Step  261600 | Epoch  32 | MSE: 0.4823 | Steps/sec: 1.78 | LR: 1.14e-04 | Render_L1: 0.0217 | Alpha_L1: 0.0274 | Render_LPIPS: 0.1478 | GradNorm: 0.6201 | MSE/t: [0.00-0.25]0.584(n=478) [0.25-0.50]0.524(n=1181) [0.50-0.75]0.429(n=1140) [0.75-1.00]0.392(n=401)
2026-04-23 14:24:11,264 - INFO - [render-loss] step=261600 masked 5/16 samples (t_value < 0.40)
2026-04-23 14:26:03,077 - INFO - Step  261800 | Epoch  32 | MSE: 0.4639 | Steps/sec: 1.79 | LR: 1.14e-04 | Render_L1: 0.0222 | Alpha_L1: 0.0282 | Render_LPIPS: 0.1456 | GradNorm: 0.6500 | MSE/t: [0.00-0.25]0.584(n=428) [0.25-0.50]0.499(n=1197) [0.50-0.75]0.421(n=1133) [0.75-1.00]0.361(n=442)
2026-04-23 14:26:03,140 - INFO - [render-loss] step=261800 masked 5/16 samples (t_value < 0.40)
2026-04-23 14:27:55,369 - INFO - Step  262000 | Epoch  32 | MSE: 0.4712 | Steps/sec: 1.78 | LR: 1.14e-04 | Render_L1: 0.0218 | Alpha_L1: 0.0276 | Render_LPIPS: 0.1469 | GradNorm: 0.6798 | MSE/t: [0.00-0.25]0.572(n=400) [0.25-0.50]0.519(n=1177) [0.50-0.75]0.422(n=1177) [0.75-1.00]0.384(n=446)
2026-04-23 14:28:03,548 - INFO - [validation] saved: output/jit_JiT-B_8_full_improved_renderprobe/dit_validation/epoch_032_step_0262000_class087.png (class=87, sampler=heun, steps=100)
2026-04-23 14:28:04,564 - INFO - [overrides] applied from jit/configs/overrides.yaml: lr_scale=1.0 max_grad_norm=5.0 P_mean=0.0
2026-04-23 14:28:04,611 - INFO - [render-loss] step=262000 masked 8/16 samples (t_value < 0.40)
2026-04-23 14:29:56,818 - INFO - Step  262200 | Epoch  32 | MSE: 0.4588 | Steps/sec: 1.65 | LR: 1.14e-04 | Render_L1: 0.0208 | Alpha_L1: 0.0267 | Render_LPIPS: 0.1424 | GradNorm: 0.6361 | MSE/t: [0.00-0.25]0.588(n=403) [0.25-0.50]0.503(n=1171) [0.50-0.75]0.412(n=1171) [0.75-1.00]0.350(n=455)
2026-04-23 14:29:56,881 - INFO - [render-loss] step=262200 masked 5/16 samples (t_value < 0.40)
2026-04-23 14:31:48,971 - INFO - Step  262400 | Epoch  32 | MSE: 0.4768 | Steps/sec: 1.78 | LR: 1.14e-04 | Render_L1: 0.0209 | Alpha_L1: 0.0273 | Render_LPIPS: 0.1440 | GradNorm: 0.6208 | MSE/t: [0.00-0.25]0.604(n=437) [0.25-0.50]0.512(n=1180) [0.50-0.75]0.426(n=1153) [0.75-1.00]0.387(n=430)
2026-04-23 14:31:49,029 - INFO - [render-loss] step=262400 masked 5/16 samples (t_value < 0.40)
2026-04-23 14:33:40,797 - INFO - Step  262600 | Epoch  32 | MSE: 0.4671 | Steps/sec: 1.79 | LR: 1.13e-04 | Render_L1: 0.0210 | Alpha_L1: 0.0273 | Render_LPIPS: 0.1421 | GradNorm: 0.6129 | MSE/t: [0.00-0.25]0.602(n=429) [0.25-0.50]0.511(n=1174) [0.50-0.75]0.407(n=1128) [0.75-1.00]0.380(n=469)
2026-04-23 14:33:40,853 - INFO - [render-loss] step=262600 masked 4/16 samples (t_value < 0.40)
2026-04-23 14:35:33,005 - INFO - Step  262800 | Epoch  32 | MSE: 0.4672 | Steps/sec: 1.78 | LR: 1.13e-04 | Render_L1: 0.0211 | Alpha_L1: 0.0268 | Render_LPIPS: 0.1426 | GradNorm: 0.6023 | MSE/t: [0.00-0.25]0.578(n=402) [0.25-0.50]0.506(n=1196) [0.50-0.75]0.421(n=1155) [0.75-1.00]0.383(n=447)
2026-04-23 14:35:33,065 - INFO - [render-loss] step=262800 masked 5/16 samples (t_value < 0.40)
2026-04-23 14:37:24,981 - INFO - Step  263000 | Epoch  32 | MSE: 0.4651 | Steps/sec: 1.79 | LR: 1.13e-04 | Render_L1: 0.0214 | Alpha_L1: 0.0271 | Render_LPIPS: 0.1439 | GradNorm: 0.6035 | MSE/t: [0.00-0.25]0.590(n=406) [0.25-0.50]0.507(n=1200) [0.50-0.75]0.420(n=1147) [0.75-1.00]0.355(n=447)
2026-04-23 14:37:33,122 - INFO - [validation] saved: output/jit_JiT-B_8_full_improved_renderprobe/dit_validation/epoch_032_step_0263000_class091.png (class=91, sampler=heun, steps=100)
2026-04-23 14:37:34,150 - INFO - [overrides] applied from jit/configs/overrides.yaml: lr_scale=1.0 max_grad_norm=5.0 P_mean=0.0
2026-04-23 14:37:34,198 - INFO - [render-loss] step=263000 masked 3/16 samples (t_value < 0.40)
2026-04-23 14:39:25,916 - INFO - Step  263200 | Epoch  32 | MSE: 0.4673 | Steps/sec: 1.65 | LR: 1.13e-04 | Render_L1: 0.0218 | Alpha_L1: 0.0272 | Render_LPIPS: 0.1455 | GradNorm: 0.5928 | MSE/t: [0.00-0.25]0.568(n=430) [0.25-0.50]0.511(n=1191) [0.50-0.75]0.413(n=1163) [0.75-1.00]0.389(n=416)
2026-04-23 14:39:25,971 - INFO - [render-loss] step=263200 masked 6/16 samples (t_value < 0.40)
2026-04-23 14:41:17,973 - INFO - Step  263400 | Epoch  32 | MSE: 0.4697 | Steps/sec: 1.78 | LR: 1.13e-04 | Render_L1: 0.0209 | Alpha_L1: 0.0266 | Render_LPIPS: 0.1423 | GradNorm: 0.6128 | MSE/t: [0.00-0.25]0.588(n=442) [0.25-0.50]0.507(n=1160) [0.50-0.75]0.422(n=1148) [0.75-1.00]0.380(n=450)
2026-04-23 14:41:18,032 - INFO - [render-loss] step=263400 masked 5/16 samples (t_value < 0.40)
2026-04-23 14:43:10,329 - INFO - Step  263600 | Epoch  32 | MSE: 0.4676 | Steps/sec: 1.78 | LR: 1.13e-04 | Render_L1: 0.0215 | Alpha_L1: 0.0276 | Render_LPIPS: 0.1477 | GradNorm: 0.6151 | MSE/t: [0.00-0.25]0.572(n=425) [0.25-0.50]0.491(n=1193) [0.50-0.75]0.436(n=1161) [0.75-1.00]0.383(n=421)
2026-04-23 14:43:10,395 - INFO - [render-loss] step=263600 masked 9/16 samples (t_value < 0.40)
2026-04-23 14:45:02,424 - INFO - Step  263800 | Epoch  32 | MSE: 0.4728 | Steps/sec: 1.78 | LR: 1.13e-04 | Render_L1: 0.0220 | Alpha_L1: 0.0277 | Render_LPIPS: 0.1470 | GradNorm: 0.6234 | MSE/t: [0.00-0.25]0.589(n=437) [0.25-0.50]0.516(n=1150) [0.50-0.75]0.427(n=1171) [0.75-1.00]0.368(n=442)
2026-04-23 14:45:02,481 - INFO - [render-loss] step=263800 masked 4/16 samples (t_value < 0.40)
2026-04-23 14:46:54,395 - INFO - Step  264000 | Epoch  32 | MSE: 0.4743 | Steps/sec: 1.79 | LR: 1.13e-04 | Render_L1: 0.0215 | Alpha_L1: 0.0279 | Render_LPIPS: 0.1453 | GradNorm: 0.6193 | MSE/t: [0.00-0.25]0.588(n=447) [0.25-0.50]0.518(n=1176) [0.50-0.75]0.428(n=1170) [0.75-1.00]0.356(n=407)
2026-04-23 14:47:02,505 - INFO - [validation] saved: output/jit_JiT-B_8_full_improved_renderprobe/dit_validation/epoch_032_step_0264000_class116.png (class=116, sampler=heun, steps=100)
2026-04-23 14:47:03,514 - INFO - [overrides] applied from jit/configs/overrides.yaml: lr_scale=1.0 max_grad_norm=5.0 P_mean=0.0
2026-04-23 14:47:03,564 - INFO - [render-loss] step=264000 masked 7/16 samples (t_value < 0.40)
2026-04-23 14:48:55,593 - INFO - Step  264200 | Epoch  32 | MSE: 0.4885 | Steps/sec: 1.65 | LR: 1.13e-04 | Render_L1: 0.0218 | Alpha_L1: 0.0273 | Render_LPIPS: 0.1461 | GradNorm: 0.6583 | MSE/t: [0.00-0.25]0.618(n=454) [0.25-0.50]0.518(n=1182) [0.50-0.75]0.445(n=1132) [0.75-1.00]0.385(n=432)
2026-04-23 14:48:55,652 - INFO - [render-loss] step=264200 masked 3/16 samples (t_value < 0.40)
2026-04-23 14:50:47,355 - INFO - Step  264400 | Epoch  32 | MSE: 0.4697 | Steps/sec: 1.79 | LR: 1.13e-04 | Render_L1: 0.0216 | Alpha_L1: 0.0275 | Render_LPIPS: 0.1466 | GradNorm: 0.5908 | MSE/t: [0.00-0.25]0.558(n=446) [0.25-0.50]0.506(n=1146) [0.50-0.75]0.431(n=1181) [0.75-1.00]0.387(n=427)
2026-04-23 14:50:47,419 - INFO - [render-loss] step=264400 masked 6/16 samples (t_value < 0.40)
2026-04-23 14:52:39,341 - INFO - Step  264600 | Epoch  32 | MSE: 0.4663 | Steps/sec: 1.79 | LR: 1.12e-04 | Render_L1: 0.0209 | Alpha_L1: 0.0267 | Render_LPIPS: 0.1420 | GradNorm: 0.6365 | MSE/t: [0.00-0.25]0.571(n=470) [0.25-0.50]0.501(n=1161) [0.50-0.75]0.421(n=1141) [0.75-1.00]0.379(n=428)
2026-04-23 14:52:39,399 - INFO - [render-loss] step=264600 masked 6/16 samples (t_value < 0.40)
2026-04-23 14:54:31,401 - INFO - Step  264800 | Epoch  32 | MSE: 0.4665 | Steps/sec: 1.78 | LR: 1.12e-04 | Render_L1: 0.0215 | Alpha_L1: 0.0270 | Render_LPIPS: 0.1458 | GradNorm: 0.6570 | MSE/t: [0.00-0.25]0.586(n=435) [0.25-0.50]0.499(n=1113) [0.50-0.75]0.423(n=1216) [0.75-1.00]0.385(n=436)
2026-04-23 14:54:31,469 - INFO - [render-loss] step=264800 masked 3/16 samples (t_value < 0.40)
2026-04-23 14:56:23,683 - INFO - Step  265000 | Epoch  32 | MSE: 0.4660 | Steps/sec: 1.78 | LR: 1.12e-04 | Render_L1: 0.0214 | Alpha_L1: 0.0278 | Render_LPIPS: 0.1450 | GradNorm: 1.0973 | MSE/t: [0.00-0.25]0.581(n=447) [0.25-0.50]0.515(n=1137) [0.50-0.75]0.408(n=1175) [0.75-1.00]0.377(n=441)
2026-04-23 14:56:32,153 - INFO - [validation] saved: output/jit_JiT-B_8_full_improved_renderprobe/dit_validation/epoch_032_step_0265000_class092.png (class=92, sampler=heun, steps=100)
2026-04-23 14:56:33,202 - INFO - [overrides] applied from jit/configs/overrides.yaml: lr_scale=1.0 max_grad_norm=5.0 P_mean=0.0
2026-04-23 14:56:33,254 - INFO - [render-loss] step=265000 masked 3/16 samples (t_value < 0.40)
2026-04-23 14:58:25,687 - INFO - Step  265200 | Epoch  32 | MSE: 0.4635 | Steps/sec: 1.64 | LR: 1.12e-04 | Render_L1: 0.0212 | Alpha_L1: 0.0271 | Render_LPIPS: 0.1424 | GradNorm: 0.6045 | MSE/t: [0.00-0.25]0.566(n=396) [0.25-0.50]0.516(n=1166) [0.50-0.75]0.404(n=1182) [0.75-1.00]0.394(n=456)
2026-04-23 14:58:25,748 - INFO - [render-loss] step=265200 masked 7/16 samples (t_value < 0.40)
2026-04-23 15:00:17,657 - INFO - Step  265400 | Epoch  32 | MSE: 0.4728 | Steps/sec: 1.79 | LR: 1.12e-04 | Render_L1: 0.0220 | Alpha_L1: 0.0274 | Render_LPIPS: 0.1485 | GradNorm: 0.6274 | MSE/t: [0.00-0.25]0.607(n=422) [0.25-0.50]0.514(n=1151) [0.50-0.75]0.419(n=1201) [0.75-1.00]0.380(n=426)
2026-04-23 15:00:17,714 - INFO - [render-loss] step=265400 masked 1/16 samples (t_value < 0.40)
2026-04-23 15:02:09,498 - INFO - Step  265600 | Epoch  32 | MSE: 0.4603 | Steps/sec: 1.79 | LR: 1.12e-04 | Render_L1: 0.0216 | Alpha_L1: 0.0275 | Render_LPIPS: 0.1454 | GradNorm: 0.6156 | MSE/t: [0.00-0.25]0.535(n=443) [0.25-0.50]0.508(n=1116) [0.50-0.75]0.418(n=1205) [0.75-1.00]0.381(n=436)
2026-04-23 15:02:09,557 - INFO - [render-loss] step=265600 masked 7/16 samples (t_value < 0.40)
2026-04-23 15:04:01,813 - INFO - Step  265800 | Epoch  32 | MSE: 0.4605 | Steps/sec: 1.78 | LR: 1.12e-04 | Render_L1: 0.0215 | Alpha_L1: 0.0274 | Render_LPIPS: 0.1428 | GradNorm: 0.6363 | MSE/t: [0.00-0.25]0.596(n=408) [0.25-0.50]0.494(n=1193) [0.50-0.75]0.414(n=1156) [0.75-1.00]0.367(n=443)
2026-04-23 15:04:01,871 - INFO - [render-loss] step=265800 masked 10/16 samples (t_value < 0.40)
2026-04-23 15:05:53,581 - INFO - Step  266000 | Epoch  32 | MSE: 0.4718 | Steps/sec: 1.79 | LR: 1.12e-04 | Render_L1: 0.0216 | Alpha_L1: 0.0276 | Render_LPIPS: 0.1450 | GradNorm: 0.6046 | MSE/t: [0.00-0.25]0.581(n=453) [0.25-0.50]0.523(n=1169) [0.50-0.75]0.413(n=1167) [0.75-1.00]0.372(n=411)
2026-04-23 15:06:01,759 - INFO - [validation] saved: output/jit_JiT-B_8_full_improved_renderprobe/dit_validation/epoch_032_step_0266000_class106.png (class=106, sampler=heun, steps=100)
2026-04-23 15:06:02,772 - INFO - [overrides] applied from jit/configs/overrides.yaml: lr_scale=1.0 max_grad_norm=5.0 P_mean=0.0
2026-04-23 15:06:02,821 - INFO - [render-loss] step=266000 masked 6/16 samples (t_value < 0.40)
2026-04-23 15:07:55,471 - INFO - Step  266200 | Epoch  32 | MSE: 0.4761 | Steps/sec: 1.64 | LR: 1.12e-04 | Render_L1: 0.0210 | Alpha_L1: 0.0270 | Render_LPIPS: 0.1443 | GradNorm: 0.5906 | MSE/t: [0.00-0.25]0.595(n=455) [0.25-0.50]0.516(n=1185) [0.50-0.75]0.414(n=1137) [0.75-1.00]0.402(n=423)
2026-04-23 15:07:55,530 - INFO - [render-loss] step=266200 masked 6/16 samples (t_value < 0.40)
2026-04-23 15:09:47,629 - INFO - Step  266400 | Epoch  32 | MSE: 0.4674 | Steps/sec: 1.78 | LR: 1.11e-04 | Render_L1: 0.0213 | Alpha_L1: 0.0272 | Render_LPIPS: 0.1451 | GradNorm: 0.5987 | MSE/t: [0.00-0.25]0.581(n=464) [0.25-0.50]0.500(n=1130) [0.50-0.75]0.427(n=1139) [0.75-1.00]0.375(n=467)
2026-04-23 15:09:47,690 - INFO - [render-loss] step=266400 masked 3/16 samples (t_value < 0.40)
2026-04-23 15:11:39,516 - INFO - Step  266600 | Epoch  32 | MSE: 0.4685 | Steps/sec: 1.79 | LR: 1.11e-04 | Render_L1: 0.0213 | Alpha_L1: 0.0268 | Render_LPIPS: 0.1424 | GradNorm: 0.6122 | MSE/t: [0.00-0.25]0.594(n=408) [0.25-0.50]0.516(n=1181) [0.50-0.75]0.409(n=1167) [0.75-1.00]0.385(n=444)
2026-04-23 15:11:39,574 - INFO - [render-loss] step=266600 masked 4/16 samples (t_value < 0.40)
2026-04-23 15:13:31,681 - INFO - Step  266800 | Epoch  32 | MSE: 0.4674 | Steps/sec: 1.78 | LR: 1.11e-04 | Render_L1: 0.0214 | Alpha_L1: 0.0272 | Render_LPIPS: 0.1456 | GradNorm: 0.6281 | MSE/t: [0.00-0.25]0.590(n=448) [0.25-0.50]0.504(n=1177) [0.50-0.75]0.419(n=1158) [0.75-1.00]0.368(n=417)
2026-04-23 15:13:31,739 - INFO - [render-loss] step=266800 masked 7/16 samples (t_value < 0.40)
2026-04-23 15:15:24,162 - INFO - Step  267000 | Epoch  32 | MSE: 0.4661 | Steps/sec: 1.78 | LR: 1.11e-04 | Render_L1: 0.0214 | Alpha_L1: 0.0269 | Render_LPIPS: 0.1450 | GradNorm: 0.6082 | MSE/t: [0.00-0.25]0.588(n=428) [0.25-0.50]0.495(n=1147) [0.50-0.75]0.419(n=1187) [0.75-1.00]0.399(n=438)
2026-04-23 15:15:32,357 - INFO - [validation] saved: output/jit_JiT-B_8_full_improved_renderprobe/dit_validation/epoch_032_step_0267000_class079.png (class=79, sampler=heun, steps=100)
2026-04-23 15:15:33,533 - INFO - [overrides] applied from jit/configs/overrides.yaml: lr_scale=1.0 max_grad_norm=5.0 P_mean=0.0
2026-04-23 15:15:33,580 - INFO - [render-loss] step=267000 masked 6/16 samples (t_value < 0.40)
2026-04-23 15:17:26,681 - INFO - Step  267200 | Epoch  33 | MSE: 0.4706 | Steps/sec: 1.63 | LR: 1.11e-04 | Render_L1: 0.0222 | Alpha_L1: 0.0285 | Render_LPIPS: 0.1471 | GradNorm: 0.6278 | MSE/t: [0.00-0.25]0.604(n=412) [0.25-0.50]0.510(n=1230) [0.50-0.75]0.419(n=1116) [0.75-1.00]0.367(n=442)
2026-04-23 15:17:26,747 - INFO - [render-loss] step=267200 masked 5/16 samples (t_value < 0.40)
2026-04-23 15:19:18,710 - INFO - Step  267400 | Epoch  33 | MSE: 0.4652 | Steps/sec: 1.79 | LR: 1.11e-04 | Render_L1: 0.0214 | Alpha_L1: 0.0271 | Render_LPIPS: 0.1439 | GradNorm: 0.6002 | MSE/t: [0.00-0.25]0.578(n=457) [0.25-0.50]0.509(n=1184) [0.50-0.75]0.406(n=1143) [0.75-1.00]0.379(n=416)
2026-04-23 15:19:18,766 - INFO - [render-loss] step=267400 masked 3/16 samples (t_value < 0.40)
2026-04-23 15:21:11,091 - INFO - Step  267600 | Epoch  33 | MSE: 0.4563 | Steps/sec: 1.78 | LR: 1.11e-04 | Render_L1: 0.0210 | Alpha_L1: 0.0270 | Render_LPIPS: 0.1426 | GradNorm: 0.6766 | MSE/t: [0.00-0.25]0.570(n=456) [0.25-0.50]0.489(n=1170) [0.50-0.75]0.412(n=1136) [0.75-1.00]0.368(n=438)
2026-04-23 15:21:11,153 - INFO - [render-loss] step=267600 masked 7/16 samples (t_value < 0.40)
2026-04-23 15:23:03,441 - INFO - Step  267800 | Epoch  33 | MSE: 0.4712 | Steps/sec: 1.78 | LR: 1.11e-04 | Render_L1: 0.0213 | Alpha_L1: 0.0274 | Render_LPIPS: 0.1442 | GradNorm: 0.6231 | MSE/t: [0.00-0.25]0.611(n=425) [0.25-0.50]0.503(n=1167) [0.50-0.75]0.429(n=1184) [0.75-1.00]0.361(n=424)
2026-04-23 15:23:03,506 - INFO - [render-loss] step=267800 masked 4/16 samples (t_value < 0.40)
2026-04-23 15:24:55,478 - INFO - Step  268000 | Epoch  33 | MSE: 0.4699 | Steps/sec: 1.79 | LR: 1.11e-04 | Render_L1: 0.0213 | Alpha_L1: 0.0272 | Render_LPIPS: 0.1430 | GradNorm: 0.7364 | MSE/t: [0.00-0.25]0.580(n=427) [0.25-0.50]0.511(n=1186) [0.50-0.75]0.425(n=1166) [0.75-1.00]0.367(n=421)
2026-04-23 15:25:03,677 - INFO - [validation] saved: output/jit_JiT-B_8_full_improved_renderprobe/dit_validation/epoch_033_step_0268000_class058.png (class=58, sampler=heun, steps=100)
2026-04-23 15:25:04,702 - INFO - [overrides] applied from jit/configs/overrides.yaml: lr_scale=1.0 max_grad_norm=5.0 P_mean=0.0
2026-04-23 15:25:04,750 - INFO - [render-loss] step=268000 masked 4/16 samples (t_value < 0.40)
2026-04-23 15:26:56,809 - INFO - Step  268200 | Epoch  33 | MSE: 0.4731 | Steps/sec: 1.65 | LR: 1.10e-04 | Render_L1: 0.0212 | Alpha_L1: 0.0266 | Render_LPIPS: 0.1430 | GradNorm: 0.6245 | MSE/t: [0.00-0.25]0.604(n=452) [0.25-0.50]0.508(n=1182) [0.50-0.75]0.424(n=1122) [0.75-1.00]0.372(n=444)
2026-04-23 15:26:56,866 - INFO - [render-loss] step=268200 masked 4/16 samples (t_value < 0.40)
2026-04-23 15:28:48,671 - INFO - Step  268400 | Epoch  33 | MSE: 0.4731 | Steps/sec: 1.79 | LR: 1.10e-04 | Render_L1: 0.0216 | Alpha_L1: 0.0278 | Render_LPIPS: 0.1458 | GradNorm: 0.6012 | MSE/t: [0.00-0.25]0.577(n=439) [0.25-0.50]0.510(n=1181) [0.50-0.75]0.423(n=1174) [0.75-1.00]0.399(n=406)
2026-04-23 15:28:48,740 - INFO - [render-loss] step=268400 masked 6/16 samples (t_value < 0.40)
2026-04-23 15:30:41,056 - INFO - Step  268600 | Epoch  33 | MSE: 0.4814 | Steps/sec: 1.78 | LR: 1.10e-04 | Render_L1: 0.0211 | Alpha_L1: 0.0269 | Render_LPIPS: 0.1448 | GradNorm: 0.6156 | MSE/t: [0.00-0.25]0.640(n=465) [0.25-0.50]0.504(n=1110) [0.50-0.75]0.421(n=1202) [0.75-1.00]0.420(n=423)
2026-04-23 15:30:41,122 - INFO - [render-loss] step=268600 masked 7/16 samples (t_value < 0.40)
2026-04-23 15:32:32,922 - INFO - Step  268800 | Epoch  33 | MSE: 0.4656 | Steps/sec: 1.79 | LR: 1.10e-04 | Render_L1: 0.0213 | Alpha_L1: 0.0268 | Render_LPIPS: 0.1439 | GradNorm: 0.6019 | MSE/t: [0.00-0.25]0.576(n=452) [0.25-0.50]0.513(n=1142) [0.50-0.75]0.413(n=1164) [0.75-1.00]0.371(n=442)
2026-04-23 15:32:32,980 - INFO - [render-loss] step=268800 masked 6/16 samples (t_value < 0.40)
2026-04-23 15:34:24,771 - INFO - Step  269000 | Epoch  33 | MSE: 0.4643 | Steps/sec: 1.79 | LR: 1.10e-04 | Render_L1: 0.0214 | Alpha_L1: 0.0271 | Render_LPIPS: 0.1427 | GradNorm: 0.6143 | MSE/t: [0.00-0.25]0.566(n=425) [0.25-0.50]0.510(n=1191) [0.50-0.75]0.417(n=1156) [0.75-1.00]0.364(n=428)
2026-04-23 15:34:32,897 - INFO - [validation] saved: output/jit_JiT-B_8_full_improved_renderprobe/dit_validation/epoch_033_step_0269000_class073.png (class=73, sampler=heun, steps=100)
2026-04-23 15:34:33,919 - INFO - [overrides] applied from jit/configs/overrides.yaml: lr_scale=1.0 max_grad_norm=5.0 P_mean=0.0
2026-04-23 15:34:33,968 - INFO - [render-loss] step=269000 masked 5/16 samples (t_value < 0.40)
2026-04-23 15:36:26,131 - INFO - Step  269200 | Epoch  33 | MSE: 0.4749 | Steps/sec: 1.65 | LR: 1.10e-04 | Render_L1: 0.0218 | Alpha_L1: 0.0274 | Render_LPIPS: 0.1457 | GradNorm: 0.6102 | MSE/t: [0.00-0.25]0.558(n=408) [0.25-0.50]0.530(n=1202) [0.50-0.75]0.417(n=1157) [0.75-1.00]0.399(n=433)
2026-04-23 15:36:26,193 - INFO - [render-loss] step=269200 masked 8/16 samples (t_value < 0.40)
2026-04-23 15:38:18,160 - INFO - Step  269400 | Epoch  33 | MSE: 0.4553 | Steps/sec: 1.79 | LR: 1.10e-04 | Render_L1: 0.0209 | Alpha_L1: 0.0270 | Render_LPIPS: 0.1414 | GradNorm: 0.5982 | MSE/t: [0.00-0.25]0.562(n=428) [0.25-0.50]0.493(n=1198) [0.50-0.75]0.412(n=1133) [0.75-1.00]0.362(n=441)
2026-04-23 15:38:18,218 - INFO - [render-loss] step=269400 masked 8/16 samples (t_value < 0.40)
2026-04-23 15:40:10,095 - INFO - Step  269600 | Epoch  33 | MSE: 0.4727 | Steps/sec: 1.79 | LR: 1.10e-04 | Render_L1: 0.0209 | Alpha_L1: 0.0267 | Render_LPIPS: 0.1420 | GradNorm: 0.6130 | MSE/t: [0.00-0.25]0.585(n=431) [0.25-0.50]0.528(n=1202) [0.50-0.75]0.411(n=1141) [0.75-1.00]0.368(n=426)
2026-04-23 15:40:10,151 - INFO - [render-loss] step=269600 masked 2/16 samples (t_value < 0.40)
2026-04-23 15:42:02,080 - INFO - Step  269800 | Epoch  33 | MSE: 0.4656 | Steps/sec: 1.79 | LR: 1.10e-04 | Render_L1: 0.0216 | Alpha_L1: 0.0273 | Render_LPIPS: 0.1448 | GradNorm: 0.6408 | MSE/t: [0.00-0.25]0.576(n=451) [0.25-0.50]0.497(n=1181) [0.50-0.75]0.419(n=1141) [0.75-1.00]0.387(n=427)
2026-04-23 15:42:02,138 - INFO - [render-loss] step=269800 masked 3/16 samples (t_value < 0.40)
2026-04-23 15:43:54,098 - INFO - Step  270000 | Epoch  33 | MSE: 0.4759 | Steps/sec: 1.79 | LR: 1.10e-04 | Render_L1: 0.0218 | Alpha_L1: 0.0271 | Render_LPIPS: 0.1464 | GradNorm: 0.6711 | MSE/t: [0.00-0.25]0.589(n=469) [0.25-0.50]0.515(n=1148) [0.50-0.75]0.429(n=1122) [0.75-1.00]0.377(n=461)
2026-04-23 15:44:02,231 - INFO - [validation] saved: output/jit_JiT-B_8_full_improved_renderprobe/dit_validation/epoch_033_step_0270000_class015.png (class=15, sampler=heun, steps=100)
2026-04-23 15:44:03,265 - INFO - [overrides] applied from jit/configs/overrides.yaml: lr_scale=1.0 max_grad_norm=5.0 P_mean=0.0
2026-04-23 15:44:03,314 - INFO - [render-loss] step=270000 masked 6/16 samples (t_value < 0.40)
2026-04-23 15:45:55,213 - INFO - Step  270200 | Epoch  33 | MSE: 0.4735 | Steps/sec: 1.65 | LR: 1.09e-04 | Render_L1: 0.0214 | Alpha_L1: 0.0272 | Render_LPIPS: 0.1450 | GradNorm: 0.6270 | MSE/t: [0.00-0.25]0.579(n=435) [0.25-0.50]0.522(n=1159) [0.50-0.75]0.416(n=1176) [0.75-1.00]0.394(n=430)
2026-04-23 15:45:55,270 - INFO - [render-loss] step=270200 masked 6/16 samples (t_value < 0.40)
2026-04-23 15:47:47,308 - INFO - Step  270400 | Epoch  33 | MSE: 0.4759 | Steps/sec: 1.78 | LR: 1.09e-04 | Render_L1: 0.0213 | Alpha_L1: 0.0271 | Render_LPIPS: 0.1437 | GradNorm: 0.6113 | MSE/t: [0.00-0.25]0.568(n=455) [0.25-0.50]0.536(n=1166) [0.50-0.75]0.424(n=1154) [0.75-1.00]0.354(n=425)
2026-04-23 15:47:47,367 - INFO - [render-loss] step=270400 masked 4/16 samples (t_value < 0.40)
2026-04-23 15:49:39,522 - INFO - Step  270600 | Epoch  33 | MSE: 0.4663 | Steps/sec: 1.78 | LR: 1.09e-04 | Render_L1: 0.0215 | Alpha_L1: 0.0267 | Render_LPIPS: 0.1452 | GradNorm: 1.3203 | MSE/t: [0.00-0.25]0.552(n=442) [0.25-0.50]0.517(n=1175) [0.50-0.75]0.416(n=1169) [0.75-1.00]0.374(n=414)
2026-04-23 15:49:39,580 - INFO - [render-loss] step=270600 masked 4/16 samples (t_value < 0.40)
2026-04-23 15:51:31,729 - INFO - Step  270800 | Epoch  33 | MSE: 0.4726 | Steps/sec: 1.78 | LR: 1.09e-04 | Render_L1: 0.0219 | Alpha_L1: 0.0275 | Render_LPIPS: 0.1475 | GradNorm: 0.6497 | MSE/t: [0.00-0.25]0.580(n=435) [0.25-0.50]0.507(n=1196) [0.50-0.75]0.431(n=1165) [0.75-1.00]0.374(n=404)
2026-04-23 15:51:31,792 - INFO - [render-loss] step=270800 masked 5/16 samples (t_value < 0.40)
2026-04-23 15:53:23,722 - INFO - Step  271000 | Epoch  33 | MSE: 0.4870 | Steps/sec: 1.79 | LR: 1.09e-04 | Render_L1: 0.0218 | Alpha_L1: 0.0271 | Render_LPIPS: 0.1455 | GradNorm: 0.6474 | MSE/t: [0.00-0.25]0.604(n=441) [0.25-0.50]0.545(n=1160) [0.50-0.75]0.425(n=1182) [0.75-1.00]0.378(n=417)
2026-04-23 15:53:31,875 - INFO - [validation] saved: output/jit_JiT-B_8_full_improved_renderprobe/dit_validation/epoch_033_step_0271000_class034.png (class=34, sampler=heun, steps=100)
2026-04-23 15:53:32,886 - INFO - [overrides] applied from jit/configs/overrides.yaml: lr_scale=1.0 max_grad_norm=5.0 P_mean=0.0
2026-04-23 15:53:32,936 - INFO - [render-loss] step=271000 masked 3/16 samples (t_value < 0.40)
2026-04-23 15:55:25,085 - INFO - Step  271200 | Epoch  33 | MSE: 0.4668 | Steps/sec: 1.65 | LR: 1.09e-04 | Render_L1: 0.0221 | Alpha_L1: 0.0277 | Render_LPIPS: 0.1472 | GradNorm: 0.6300 | MSE/t: [0.00-0.25]0.582(n=435) [0.25-0.50]0.499(n=1164) [0.50-0.75]0.431(n=1138) [0.75-1.00]0.367(n=463)
2026-04-23 15:55:25,143 - INFO - [render-loss] step=271200 masked 3/16 samples (t_value < 0.40)
2026-04-23 15:57:17,162 - INFO - Step  271400 | Epoch  33 | MSE: 0.4686 | Steps/sec: 1.78 | LR: 1.09e-04 | Render_L1: 0.0215 | Alpha_L1: 0.0270 | Render_LPIPS: 0.1449 | GradNorm: 0.6447 | MSE/t: [0.00-0.25]0.578(n=439) [0.25-0.50]0.509(n=1164) [0.50-0.75]0.420(n=1186) [0.75-1.00]0.378(n=411)
2026-04-23 15:57:17,223 - INFO - [render-loss] step=271400 masked 6/16 samples (t_value < 0.40)
2026-04-23 15:59:09,202 - INFO - Step  271600 | Epoch  33 | MSE: 0.4790 | Steps/sec: 1.79 | LR: 1.09e-04 | Render_L1: 0.0218 | Alpha_L1: 0.0276 | Render_LPIPS: 0.1461 | GradNorm: 0.6155 | MSE/t: [0.00-0.25]0.616(n=427) [0.25-0.50]0.522(n=1168) [0.50-0.75]0.430(n=1148) [0.75-1.00]0.365(n=457)
2026-04-23 15:59:09,258 - INFO - [render-loss] step=271600 masked 2/16 samples (t_value < 0.40)
2026-04-23 16:01:01,395 - INFO - Step  271800 | Epoch  33 | MSE: 0.4810 | Steps/sec: 1.78 | LR: 1.09e-04 | Render_L1: 0.0220 | Alpha_L1: 0.0277 | Render_LPIPS: 0.1466 | GradNorm: 0.6316 | MSE/t: [0.00-0.25]0.617(n=440) [0.25-0.50]0.521(n=1127) [0.50-0.75]0.428(n=1199) [0.75-1.00]0.385(n=434)
2026-04-23 16:01:01,453 - INFO - [render-loss] step=271800 masked 8/16 samples (t_value < 0.40)
2026-04-23 16:02:53,464 - INFO - Step  272000 | Epoch  33 | MSE: 0.4713 | Steps/sec: 1.78 | LR: 1.08e-04 | Render_L1: 0.0211 | Alpha_L1: 0.0266 | Render_LPIPS: 0.1429 | GradNorm: 0.6113 | MSE/t: [0.00-0.25]0.582(n=433) [0.25-0.50]0.523(n=1185) [0.50-0.75]0.422(n=1150) [0.75-1.00]0.349(n=432)
2026-04-23 16:03:01,701 - INFO - [validation] saved: output/jit_JiT-B_8_full_improved_renderprobe/dit_validation/epoch_033_step_0272000_class018.png (class=18, sampler=heun, steps=100)
2026-04-23 16:03:02,739 - INFO - [overrides] applied from jit/configs/overrides.yaml: lr_scale=1.0 max_grad_norm=5.0 P_mean=0.0
2026-04-23 16:03:02,788 - INFO - [render-loss] step=272000 masked 7/16 samples (t_value < 0.40)
2026-04-23 16:04:55,144 - INFO - Step  272200 | Epoch  33 | MSE: 0.4622 | Steps/sec: 1.64 | LR: 1.08e-04 | Render_L1: 0.0210 | Alpha_L1: 0.0270 | Render_LPIPS: 0.1435 | GradNorm: 0.5888 | MSE/t: [0.00-0.25]0.598(n=437) [0.25-0.50]0.501(n=1186) [0.50-0.75]0.403(n=1152) [0.75-1.00]0.376(n=425)
2026-04-23 16:04:55,204 - INFO - [render-loss] step=272200 masked 9/16 samples (t_value < 0.40)
2026-04-23 16:06:47,402 - INFO - Step  272400 | Epoch  33 | MSE: 0.4694 | Steps/sec: 1.78 | LR: 1.08e-04 | Render_L1: 0.0211 | Alpha_L1: 0.0271 | Render_LPIPS: 0.1455 | GradNorm: 0.6419 | MSE/t: [0.00-0.25]0.592(n=426) [0.25-0.50]0.511(n=1181) [0.50-0.75]0.420(n=1134) [0.75-1.00]0.372(n=459)
2026-04-23 16:06:47,461 - INFO - [render-loss] step=272400 masked 10/16 samples (t_value < 0.40)
2026-04-23 16:08:40,304 - INFO - Step  272600 | Epoch  33 | MSE: 0.4627 | Steps/sec: 1.77 | LR: 1.08e-04 | Render_L1: 0.0218 | Alpha_L1: 0.0274 | Render_LPIPS: 0.1458 | GradNorm: 0.6301 | MSE/t: [0.00-0.25]0.579(n=421) [0.25-0.50]0.505(n=1167) [0.50-0.75]0.418(n=1173) [0.75-1.00]0.358(n=439)
2026-04-23 16:08:40,363 - INFO - [render-loss] step=272600 masked 5/16 samples (t_value < 0.40)
2026-04-23 16:10:33,129 - INFO - Step  272800 | Epoch  33 | MSE: 0.4702 | Steps/sec: 1.77 | LR: 1.08e-04 | Render_L1: 0.0217 | Alpha_L1: 0.0278 | Render_LPIPS: 0.1463 | GradNorm: 0.6048 | MSE/t: [0.00-0.25]0.559(n=407) [0.25-0.50]0.519(n=1177) [0.50-0.75]0.423(n=1176) [0.75-1.00]0.384(n=440)
2026-04-23 16:10:33,247 - INFO - [render-loss] step=272800 masked 8/16 samples (t_value < 0.40)
2026-04-23 16:12:25,580 - INFO - Step  273000 | Epoch  33 | MSE: 0.4625 | Steps/sec: 1.78 | LR: 1.08e-04 | Render_L1: 0.0214 | Alpha_L1: 0.0275 | Render_LPIPS: 0.1444 | GradNorm: 0.5900 | MSE/t: [0.00-0.25]0.574(n=422) [0.25-0.50]0.506(n=1185) [0.50-0.75]0.415(n=1156) [0.75-1.00]0.361(n=437)
2026-04-23 16:12:33,739 - INFO - [validation] saved: output/jit_JiT-B_8_full_improved_renderprobe/dit_validation/epoch_033_step_0273000_class057.png (class=57, sampler=heun, steps=100)
2026-04-23 16:12:34,939 - INFO - [overrides] applied from jit/configs/overrides.yaml: lr_scale=1.0 max_grad_norm=5.0 P_mean=0.0
2026-04-23 16:12:34,987 - INFO - [render-loss] step=273000 masked 4/16 samples (t_value < 0.40)
2026-04-23 16:14:27,153 - INFO - Step  273200 | Epoch  33 | MSE: 0.4615 | Steps/sec: 1.65 | LR: 1.08e-04 | Render_L1: 0.0209 | Alpha_L1: 0.0262 | Render_LPIPS: 0.1410 | GradNorm: 0.5883 | MSE/t: [0.00-0.25]0.614(n=418) [0.25-0.50]0.491(n=1132) [0.50-0.75]0.421(n=1200) [0.75-1.00]0.354(n=450)
2026-04-23 16:14:27,211 - INFO - [render-loss] step=273200 masked 3/16 samples (t_value < 0.40)
2026-04-23 16:16:19,294 - INFO - Step  273400 | Epoch  33 | MSE: 0.4726 | Steps/sec: 1.78 | LR: 1.08e-04 | Render_L1: 0.0211 | Alpha_L1: 0.0267 | Render_LPIPS: 0.1445 | GradNorm: 0.6167 | MSE/t: [0.00-0.25]0.585(n=472) [0.25-0.50]0.505(n=1140) [0.50-0.75]0.427(n=1155) [0.75-1.00]0.388(n=433)
2026-04-23 16:16:19,358 - INFO - [render-loss] step=273400 masked 6/16 samples (t_value < 0.40)
2026-04-23 16:18:11,512 - INFO - Step  273600 | Epoch  33 | MSE: 0.4658 | Steps/sec: 1.78 | LR: 1.08e-04 | Render_L1: 0.0215 | Alpha_L1: 0.0277 | Render_LPIPS: 0.1462 | GradNorm: 0.6108 | MSE/t: [0.00-0.25]0.592(n=430) [0.25-0.50]0.498(n=1183) [0.50-0.75]0.421(n=1139) [0.75-1.00]0.373(n=448)
2026-04-23 16:18:11,571 - INFO - [render-loss] step=273600 masked 5/16 samples (t_value < 0.40)
2026-04-23 16:20:03,674 - INFO - Step  273800 | Epoch  33 | MSE: 0.4699 | Steps/sec: 1.78 | LR: 1.07e-04 | Render_L1: 0.0216 | Alpha_L1: 0.0276 | Render_LPIPS: 0.1445 | GradNorm: 0.6206 | MSE/t: [0.00-0.25]0.582(n=462) [0.25-0.50]0.507(n=1123) [0.50-0.75]0.416(n=1182) [0.75-1.00]0.401(n=433)
2026-04-23 16:20:03,732 - INFO - [render-loss] step=273800 masked 6/16 samples (t_value < 0.40)
2026-04-23 16:21:56,021 - INFO - Step  274000 | Epoch  33 | MSE: 0.4709 | Steps/sec: 1.78 | LR: 1.07e-04 | Render_L1: 0.0212 | Alpha_L1: 0.0268 | Render_LPIPS: 0.1445 | GradNorm: 0.6046 | MSE/t: [0.00-0.25]0.570(n=447) [0.25-0.50]0.498(n=1203) [0.50-0.75]0.440(n=1109) [0.75-1.00]0.373(n=441)
2026-04-23 16:22:04,314 - INFO - [validation] saved: output/jit_JiT-B_8_full_improved_renderprobe/dit_validation/epoch_033_step_0274000_class085.png (class=85, sampler=heun, steps=100)
2026-04-23 16:22:05,389 - INFO - [overrides] applied from jit/configs/overrides.yaml: lr_scale=1.0 max_grad_norm=5.0 P_mean=0.0
2026-04-23 16:22:05,440 - INFO - [render-loss] step=274000 masked 4/16 samples (t_value < 0.40)
2026-04-23 16:23:58,166 - INFO - Step  274200 | Epoch  33 | MSE: 0.4636 | Steps/sec: 1.64 | LR: 1.07e-04 | Render_L1: 0.0211 | Alpha_L1: 0.0266 | Render_LPIPS: 0.1428 | GradNorm: 0.5959 | MSE/t: [0.00-0.25]0.571(n=431) [0.25-0.50]0.500(n=1155) [0.50-0.75]0.431(n=1187) [0.75-1.00]0.346(n=427)
2026-04-23 16:23:58,225 - INFO - [render-loss] step=274200 masked 6/16 samples (t_value < 0.40)
2026-04-23 16:25:50,143 - INFO - Step  274400 | Epoch  33 | MSE: 0.4681 | Steps/sec: 1.79 | LR: 1.07e-04 | Render_L1: 0.0216 | Alpha_L1: 0.0272 | Render_LPIPS: 0.1451 | GradNorm: 0.6187 | MSE/t: [0.00-0.25]0.581(n=404) [0.25-0.50]0.522(n=1172) [0.50-0.75]0.417(n=1171) [0.75-1.00]0.360(n=453)
2026-04-23 16:25:50,199 - INFO - [render-loss] step=274400 masked 2/16 samples (t_value < 0.40)
2026-04-23 16:27:42,204 - INFO - Step  274600 | Epoch  33 | MSE: 0.4706 | Steps/sec: 1.78 | LR: 1.07e-04 | Render_L1: 0.0216 | Alpha_L1: 0.0273 | Render_LPIPS: 0.1451 | GradNorm: 0.6167 | MSE/t: [0.00-0.25]0.596(n=439) [0.25-0.50]0.511(n=1177) [0.50-0.75]0.423(n=1157) [0.75-1.00]0.359(n=427)
2026-04-23 16:27:42,262 - INFO - [render-loss] step=274600 masked 3/16 samples (t_value < 0.40)
W0423 16:28:04.377000 1327220 torch/distributed/elastic/multiprocessing/api.py:1012] Sending process 1327260 closing signal SIGTERM
E0423 16:28:04.388000 1327220 torch/distributed/elastic/multiprocessing/api.py:986] failed (exitcode: -15) local_rank: 0 (pid: 1327259) of binary: /home/hmolin/3DGen-Playground/.3dgen/bin/python3
Traceback (most recent call last):
  File "/home/hmolin/3DGen-Playground/.3dgen/bin/accelerate", line 8, in <module>
    sys.exit(main())
  File "/home/hmolin/3DGen-Playground/.3dgen/lib/python3.10/site-packages/accelerate/commands/accelerate_cli.py", line 50, in main
    args.func(args)
  File "/home/hmolin/3DGen-Playground/.3dgen/lib/python3.10/site-packages/accelerate/commands/launch.py", line 1396, in launch_command
    multi_gpu_launcher(args)
  File "/home/hmolin/3DGen-Playground/.3dgen/lib/python3.10/site-packages/accelerate/commands/launch.py", line 1023, in multi_gpu_launcher
    distrib_run.run(args)
  File "/home/hmolin/3DGen-Playground/.3dgen/lib/python3.10/site-packages/torch/distributed/run.py", line 981, in run
    elastic_launch(
  File "/home/hmolin/3DGen-Playground/.3dgen/lib/python3.10/site-packages/torch/distributed/launcher/api.py", line 170, in __call__
    return launch_agent(self._config, self._entrypoint, list(args))
  File "/home/hmolin/3DGen-Playground/.3dgen/lib/python3.10/site-packages/torch/distributed/launcher/api.py", line 317, in launch_agent
    raise ChildFailedError(
torch.distributed.elastic.multiprocessing.errors.ChildFailedError: 
=========================================================
jit/train_gsplat.py FAILED
---------------------------------------------------------
Failures:
[1]:
  time      : 2026-04-23_16:28:04
  host      : yusu-l4.c.gcp-langmotion.internal
  rank      : 1 (local_rank: 1)
  exitcode  : -15 (pid: 1327260)
  error_file: <N/A>
  traceback : Signal 15 (SIGTERM) received by PID 1327260
---------------------------------------------------------
Root Cause (first observed failure):
[0]:
  time      : 2026-04-23_16:28:04
  host      : yusu-l4.c.gcp-langmotion.internal
  rank      : 0 (local_rank: 0)
  exitcode  : -15 (pid: 1327259)
  error_file: <N/A>
  traceback : Signal 15 (SIGTERM) received by PID 1327259
=========================================================
