2026-04-29 04:24:21,256 - INFO - Accelerator: num_processes=4, mixed_precision=bf16, device=cuda:0
2026-04-29 04:24:21,256 - INFO - Validation sampler: heun
2026-04-29 04:24:21,544 - INFO - Loading class map from /home/hmolin/3DGen-Playground/object_labels/image_kmeans_k103/object_to_class.json
2026-04-29 04:24:21,698 - INFO - Number of classes: 103
2026-04-29 04:24:21,698 - INFO - Loading sphere2plane permutation from /home/tiangexiang/gen3d/gaussianverse/sphere2plane.npy
2026-04-29 04:24:21,698 - INFO - Creating base dataset...
2026-04-29 04:24:21,698 - INFO - Loading sphere2plane permutation from /home/tiangexiang/gen3d/gaussianverse/sphere2plane.npy
2026-04-29 04:24:21,698 - INFO - Loading sphere2plane permutation from /home/tiangexiang/gen3d/gaussianverse/sphere2plane.npy
2026-04-29 04:24:21,699 - INFO - Loading sphere2plane permutation from /home/tiangexiang/gen3d/gaussianverse/sphere2plane.npy
2026-04-29 04:24:21,699 - INFO - Loading obj list from /home/tiangexiang/gen3d/gaussianverse/all_obj_list_filtered.json
2026-04-29 04:24:21,699 - INFO - Loading obj list from /home/tiangexiang/gen3d/gaussianverse/all_obj_list_filtered.json
2026-04-29 04:24:21,699 - INFO - Loading obj list from /home/tiangexiang/gen3d/gaussianverse/all_obj_list_filtered.json
2026-04-29 04:24:21,700 - INFO - Loading obj list from /home/tiangexiang/gen3d/gaussianverse/all_obj_list_filtered.json
2026-04-29 04:24:21,872 - INFO - Loaded 254338 entries from /home/tiangexiang/gen3d/gaussianverse/all_obj_list_filtered.json
2026-04-29 04:24:21,872 - INFO - Loaded 254338 entries from /home/tiangexiang/gen3d/gaussianverse/all_obj_list_filtered.json
2026-04-29 04:24:21,873 - INFO - Loaded 254338 entries from /home/tiangexiang/gen3d/gaussianverse/all_obj_list_filtered.json
2026-04-29 04:24:21,876 - INFO - Loaded 254338 entries from /home/tiangexiang/gen3d/gaussianverse/all_obj_list_filtered.json
2026-04-29 04:24:21,878 - INFO - Total merged entries: 254338
2026-04-29 04:24:21,878 - INFO - Total merged entries: 254338
2026-04-29 04:24:21,879 - INFO - Total merged entries: 254338
2026-04-29 04:24:21,883 - INFO - Total merged entries: 254338
2026-04-29 04:24:21,887 - INFO - Loading normalization statistics from /home/hmolin/3DGen-Playground/data/stats/all_mean.pt and /home/hmolin/3DGen-Playground/data/stats/all_std.pt
2026-04-29 04:24:21,887 - INFO - Loading normalization statistics from /home/hmolin/3DGen-Playground/data/stats/all_mean.pt and /home/hmolin/3DGen-Playground/data/stats/all_std.pt
2026-04-29 04:24:21,888 - INFO - Loading normalization statistics from /home/hmolin/3DGen-Playground/data/stats/all_mean.pt and /home/hmolin/3DGen-Playground/data/stats/all_std.pt
2026-04-29 04:24:21,891 - INFO - Loading normalization statistics from /home/hmolin/3DGen-Playground/data/stats/all_mean.pt and /home/hmolin/3DGen-Playground/data/stats/all_std.pt
2026-04-29 04:24:21,896 - INFO - Initialized dataset with 254338 samples
2026-04-29 04:24:21,896 - INFO - Initialized dataset with 254338 samples
2026-04-29 04:24:21,896 - INFO - sh_degree0_only: selecting 14 features from 59
2026-04-29 04:24:21,896 - INFO - Initialized dataset with 254338 samples
2026-04-29 04:24:21,899 - INFO - Initialized dataset with 254338 samples
2026-04-29 04:24:21,928 - INFO - Loaded sphere2plane permutation: 16384 points
2026-04-29 04:24:22,171 - INFO - Class3DGenDataset: 254337 valid samples, 1 skipped (class -1 or missing)
2026-04-29 04:24:22,172 - INFO - Class3DGenDataset: 254337 valid samples, 1 skipped (class -1 or missing)
2026-04-29 04:24:22,174 - INFO - Class3DGenDataset: 254337 valid samples, 1 skipped (class -1 or missing)
2026-04-29 04:24:22,178 - INFO - Class3DGenDataset: 254337 valid samples, 1 skipped (class -1 or missing)
2026-04-29 04:24:22,520 - INFO - Attached to existing lazy shared CPU cache: /home/hmolin/3dgen_cache/preload/16908fbeb8fefd88793c92aa99efbfe6
2026-04-29 04:24:22,563 - INFO - Attached to existing lazy shared CPU cache: /home/hmolin/3dgen_cache/preload/16908fbeb8fefd88793c92aa99efbfe6
2026-04-29 04:24:22,606 - INFO - Attached to existing lazy shared CPU cache: /home/hmolin/3dgen_cache/preload/16908fbeb8fefd88793c92aa99efbfe6
2026-04-29 04:24:22,650 - INFO - Attached to existing lazy shared CPU cache: /home/hmolin/3dgen_cache/preload/16908fbeb8fefd88793c92aa99efbfe6
2026-04-29 04:24:22,670 - INFO - [class-balanced] sampling with inverse-frequency weights over 103 classes (min=791, max=4760, mean=2469.3 samples/class)
2026-04-29 04:24:22,670 - INFO - Dataset size: 254337, Per-GPU batch size: 64
2026-04-29 04:24:22,670 - INFO - Creating model: JiT-B/8
2026-04-29 04:24:24,356 - INFO - JiT spatial folding: disabled (factor=1)
2026-04-29 04:24:24,356 - INFO - Model parameters: 130,721,664 (130.7M)
2026-04-29 04:24:24,683 - INFO - [layout] converted 2 Conv2d weights to channels_last
2026-04-29 04:24:24,684 - INFO - torch.compile: enabled (mode=default)
2026-04-29 04:24:26,803 - INFO - Diffusion timesteps: 1000, predict=x0, schedule=squaredcos_cap_v2
2026-04-29 04:24:26,803 - INFO - Training mode: DDPM (sampler=heun), timestep sampling: sigmoid(N(0.000, 1.000)) mapped to discrete steps [0, 999]
2026-04-29 04:24:27,205 - INFO - LR schedule: cosine | warmup=500 opt steps | max_opt_steps=198600 | lr_min=1e-05
2026-04-29 04:24:27,236 - INFO - [channel_loss_weights] active: 14 values, mean=1.0000, min=0.6440, max=1.7350
2026-04-29 04:24:27,397 - INFO - Loaded 52 reference cameras from /home/hmolin/3DGen-Playground/artifacts/ref_camera.tar.gz
/home/hmolin/3DGen-Playground/.3dgen/lib/python3.10/site-packages/torchvision/models/_utils.py:208: UserWarning: The parameter 'pretrained' is deprecated since 0.13 and may be removed in the future, please use 'weights' instead.
  warnings.warn(
/home/hmolin/3DGen-Playground/.3dgen/lib/python3.10/site-packages/torchvision/models/_utils.py:223: UserWarning: Arguments other than a weight enum or `None` for 'weights' are deprecated since 0.13 and may be removed in the future. The current behavior is equivalent to passing `weights=VGG16_Weights.IMAGENET1K_V1`. You can also use `weights=VGG16_Weights.DEFAULT` to get the most up-to-date weights.
  warnings.warn(msg)
/home/hmolin/3DGen-Playground/.3dgen/lib/python3.10/site-packages/torchvision/models/_utils.py:208: UserWarning: The parameter 'pretrained' is deprecated since 0.13 and may be removed in the future, please use 'weights' instead.
  warnings.warn(
/home/hmolin/3DGen-Playground/.3dgen/lib/python3.10/site-packages/torchvision/models/_utils.py:223: UserWarning: Arguments other than a weight enum or `None` for 'weights' are deprecated since 0.13 and may be removed in the future. The current behavior is equivalent to passing `weights=VGG16_Weights.IMAGENET1K_V1`. You can also use `weights=VGG16_Weights.DEFAULT` to get the most up-to-date weights.
  warnings.warn(msg)
/home/hmolin/3DGen-Playground/.3dgen/lib/python3.10/site-packages/torchvision/models/_utils.py:208: UserWarning: The parameter 'pretrained' is deprecated since 0.13 and may be removed in the future, please use 'weights' instead.
  warnings.warn(
/home/hmolin/3DGen-Playground/.3dgen/lib/python3.10/site-packages/torchvision/models/_utils.py:223: UserWarning: Arguments other than a weight enum or `None` for 'weights' are deprecated since 0.13 and may be removed in the future. The current behavior is equivalent to passing `weights=VGG16_Weights.IMAGENET1K_V1`. You can also use `weights=VGG16_Weights.DEFAULT` to get the most up-to-date weights.
  warnings.warn(msg)
/home/hmolin/3DGen-Playground/.3dgen/lib/python3.10/site-packages/torchvision/models/_utils.py:208: UserWarning: The parameter 'pretrained' is deprecated since 0.13 and may be removed in the future, please use 'weights' instead.
  warnings.warn(
/home/hmolin/3DGen-Playground/.3dgen/lib/python3.10/site-packages/torchvision/models/_utils.py:223: UserWarning: Arguments other than a weight enum or `None` for 'weights' are deprecated since 0.13 and may be removed in the future. The current behavior is equivalent to passing `weights=VGG16_Weights.IMAGENET1K_V1`. You can also use `weights=VGG16_Weights.DEFAULT` to get the most up-to-date weights.
  warnings.warn(msg)
2026-04-29 04:24:29,117 - INFO - Resuming from checkpoint: output/jit_B8_profile_20260428_225254/0020000.pt
2026-04-29 04:24:30,917 - INFO - Resumed at step 20000
2026-04-29 04:24:30,918 - INFO - Resumed LR opt_step=20000
2026-04-29 04:24:30,920 - INFO - Starting training from epoch 20, step 20000...
2026-04-29 04:24:30,920 - INFO - [render_weight_schedule] active with 2 control points: (20000, rl1=0.000, a=0.000, lp=0.0000), (100000, rl1=0.600, a=0.300, lp=0.0400) | initial weights at step 20000: rl1=0.0000, alpha=0.0000, lpips=0.0000
2026-04-29 04:24:31,303 - INFO - [overrides] applied from jit/configs/overrides.yaml: lr_scale=1.0 max_grad_norm=5.0 null_repel_weight=0.0 P_mean=0.0
2026-04-29 04:27:12,246 - INFO - Step   20200 | Epoch  20 | MSE: 0.4612 | Steps/sec: 1.24 | LR: 1.95e-04 | Render_L1: 0.0393 | Alpha_L1: 0.0655 | Render_LPIPS: 0.2411 | cos(c,null): +0.0370 | GradNorm: 0.0185 | MSE/t: [0.00-0.50]0.530(n=6413) [0.50-0.85]0.396(n=5851) [0.85-0.95]0.353(n=515) [0.95-1.00]0.291(n=21)
2026-04-29 04:27:12,347 - INFO - [render-loss] step=20200 kept 32/64 samples (t_value >= 0.50)
2026-04-29 04:29:06,336 - INFO - Step   20400 | Epoch  20 | MSE: 0.4573 | Steps/sec: 1.75 | LR: 1.95e-04 | Render_L1: 0.0394 | Alpha_L1: 0.0652 | Render_LPIPS: 0.2419 | cos(c,null): +0.0356 | GradNorm: 0.0173 | MSE/t: [0.00-0.50]0.526(n=6256) [0.50-0.85]0.395(n=5980) [0.85-0.95]0.351(n=543) [0.95-1.00]0.337(n=21)
2026-04-29 04:29:06,437 - INFO - [render-loss] step=20400 kept 36/64 samples (t_value >= 0.50)
2026-04-29 04:30:59,825 - INFO - Step   20600 | Epoch  20 | MSE: 0.4617 | Steps/sec: 1.76 | LR: 1.95e-04 | Render_L1: 0.0405 | Alpha_L1: 0.0665 | Render_LPIPS: 0.2426 | cos(c,null): +0.0336 | GradNorm: 0.0177 | MSE/t: [0.00-0.50]0.528(n=6388) [0.50-0.85]0.402(n=5898) [0.85-0.95]0.327(n=500) [0.95-1.00]0.375(n=14)
2026-04-29 04:30:59,926 - INFO - [render-loss] step=20600 kept 31/64 samples (t_value >= 0.50)
2026-04-29 04:32:53,433 - INFO - Step   20800 | Epoch  20 | MSE: 0.4615 | Steps/sec: 1.76 | LR: 1.95e-04 | Render_L1: 0.0396 | Alpha_L1: 0.0653 | Render_LPIPS: 0.2430 | cos(c,null): +0.0365 | GradNorm: 0.0187 | MSE/t: [0.00-0.50]0.528(n=6360) [0.50-0.85]0.398(n=5889) [0.85-0.95]0.363(n=526) [0.95-1.00]0.381(n=25)
2026-04-29 04:32:53,535 - INFO - [render-loss] step=20800 kept 28/64 samples (t_value >= 0.50)
2026-04-29 04:34:47,173 - INFO - Step   21000 | Epoch  21 | MSE: 0.4635 | Steps/sec: 1.76 | LR: 1.95e-04 | Render_L1: 0.0397 | Alpha_L1: 0.0652 | Render_LPIPS: 0.2425 | cos(c,null): +0.0327 | GradNorm: 0.0161 | MSE/t: [0.00-0.50]0.529(n=6377) [0.50-0.85]0.402(n=5906) [0.85-0.95]0.355(n=502) [0.95-1.00]0.356(n=15)
2026-04-29 04:34:52,247 - INFO - [cond] cfg_signal=0.0747 (min=0.0505 max=0.1314, n=16) | class_signal=0.0899 (min=0.0477 max=0.1398, n=16) | pred_rms=0.6841
2026-04-29 04:35:00,496 - INFO - [validation] saved: output/jit_B8_20260429_042413/dit_validation/epoch_021_step_0021000_class053.png (class=53, sampler=heun, steps=100)
2026-04-29 04:35:01,773 - INFO - [overrides] applied from jit/configs/overrides.yaml: lr_scale=1.0 max_grad_norm=5.0 null_repel_weight=0.0 P_mean=0.0
2026-04-29 04:35:01,869 - INFO - [render-loss] step=21000 kept 33/64 samples (t_value >= 0.50)
2026-04-29 04:36:57,449 - INFO - Step   21200 | Epoch  21 | MSE: 0.4586 | Steps/sec: 1.60 | LR: 1.95e-04 | Render_L1: 0.0397 | Alpha_L1: 0.0650 | Render_LPIPS: 0.2441 | cos(c,null): +0.0306 | GradNorm: 0.0323 | MSE/t: [0.00-0.50]0.523(n=6237) [0.50-0.85]0.401(n=6014) [0.85-0.95]0.351(n=525) [0.95-1.00]0.372(n=24)
2026-04-29 04:36:57,551 - INFO - [render-loss] step=21200 kept 37/64 samples (t_value >= 0.50)
2026-04-29 04:38:52,408 - INFO - Step   21400 | Epoch  21 | MSE: 0.4593 | Steps/sec: 1.74 | LR: 1.95e-04 | Render_L1: 0.0391 | Alpha_L1: 0.0642 | Render_LPIPS: 0.2413 | cos(c,null): +0.0324 | GradNorm: 0.0172 | MSE/t: [0.00-0.50]0.529(n=6391) [0.50-0.85]0.393(n=5860) [0.85-0.95]0.353(n=533) [0.95-1.00]0.298(n=16)
2026-04-29 04:38:52,510 - INFO - [render-loss] step=21400 kept 32/64 samples (t_value >= 0.50)
2026-04-29 04:40:48,038 - INFO - Step   21600 | Epoch  21 | MSE: 0.4615 | Steps/sec: 1.73 | LR: 1.95e-04 | Render_L1: 0.0386 | Alpha_L1: 0.0631 | Render_LPIPS: 0.2409 | cos(c,null): +0.0344 | GradNorm: 0.0164 | MSE/t: [0.00-0.50]0.531(n=6388) [0.50-0.85]0.396(n=5817) [0.85-0.95]0.360(n=575) [0.95-1.00]0.305(n=20)
2026-04-29 04:40:48,140 - INFO - [render-loss] step=21600 kept 31/64 samples (t_value >= 0.50)
2026-04-29 04:42:43,228 - INFO - Step   21800 | Epoch  21 | MSE: 0.4658 | Steps/sec: 1.74 | LR: 1.95e-04 | Render_L1: 0.0388 | Alpha_L1: 0.0635 | Render_LPIPS: 0.2424 | cos(c,null): +0.0375 | GradNorm: 0.0250 | MSE/t: [0.00-0.50]0.533(n=6471) [0.50-0.85]0.402(n=5779) [0.85-0.95]0.351(n=530) [0.95-1.00]0.343(n=20)
2026-04-29 04:42:43,329 - INFO - [render-loss] step=21800 kept 28/64 samples (t_value >= 0.50)
2026-04-29 04:44:38,287 - INFO - Step   22000 | Epoch  22 | MSE: 0.4662 | Steps/sec: 1.74 | LR: 1.95e-04 | Render_L1: 0.0384 | Alpha_L1: 0.0634 | Render_LPIPS: 0.2415 | cos(c,null): +0.0370 | GradNorm: 0.0172 | MSE/t: [0.00-0.50]0.532(n=6405) [0.50-0.85]0.405(n=5881) [0.85-0.95]0.352(n=497) [0.95-1.00]0.310(n=17)
2026-04-29 04:44:38,498 - INFO - [cond] cfg_signal=0.0765 (min=0.0507 max=0.1354, n=16) | class_signal=0.0961 (min=0.0430 max=0.1450, n=16) | pred_rms=0.7287
2026-04-29 04:44:46,752 - INFO - [validation] saved: output/jit_B8_20260429_042413/dit_validation/epoch_022_step_0022000_class089.png (class=89, sampler=heun, steps=100)
2026-04-29 04:44:48,008 - INFO - [overrides] applied from jit/configs/overrides.yaml: lr_scale=1.0 max_grad_norm=5.0 null_repel_weight=0.0 P_mean=0.0
2026-04-29 04:44:48,104 - INFO - [render-loss] step=22000 kept 27/64 samples (t_value >= 0.50)
2026-04-29 04:46:42,793 - INFO - Step   22200 | Epoch  22 | MSE: 0.4597 | Steps/sec: 1.61 | LR: 1.94e-04 | Render_L1: 0.0377 | Alpha_L1: 0.0610 | Render_LPIPS: 0.2392 | cos(c,null): +0.0379 | GradNorm: 0.0290 | MSE/t: [0.00-0.50]0.528(n=6375) [0.50-0.85]0.396(n=5914) [0.85-0.95]0.341(n=491) [0.95-1.00]0.364(n=20)
2026-04-29 04:46:42,894 - INFO - [render-loss] step=22200 kept 26/64 samples (t_value >= 0.50)
2026-04-29 04:48:38,047 - INFO - Step   22400 | Epoch  22 | MSE: 0.4603 | Steps/sec: 1.74 | LR: 1.94e-04 | Render_L1: 0.0377 | Alpha_L1: 0.0609 | Render_LPIPS: 0.2398 | cos(c,null): +0.0401 | GradNorm: 0.0167 | MSE/t: [0.00-0.50]0.529(n=6373) [0.50-0.85]0.397(n=5900) [0.85-0.95]0.339(n=509) [0.95-1.00]0.373(n=18)
2026-04-29 04:48:38,148 - INFO - [render-loss] step=22400 kept 23/64 samples (t_value >= 0.50)
2026-04-29 04:50:33,235 - INFO - Step   22600 | Epoch  22 | MSE: 0.4570 | Steps/sec: 1.74 | LR: 1.94e-04 | Render_L1: 0.0379 | Alpha_L1: 0.0607 | Render_LPIPS: 0.2401 | cos(c,null): +0.0402 | GradNorm: 0.0246 | MSE/t: [0.00-0.50]0.526(n=6425) [0.50-0.85]0.391(n=5844) [0.85-0.95]0.357(n=509) [0.95-1.00]0.343(n=22)
2026-04-29 04:50:33,336 - INFO - [render-loss] step=22600 kept 25/64 samples (t_value >= 0.50)
2026-04-29 04:52:28,587 - INFO - Step   22800 | Epoch  22 | MSE: 0.4600 | Steps/sec: 1.73 | LR: 1.94e-04 | Render_L1: 0.0375 | Alpha_L1: 0.0597 | Render_LPIPS: 0.2382 | cos(c,null): +0.0432 | GradNorm: 0.0201 | MSE/t: [0.00-0.50]0.533(n=6458) [0.50-0.85]0.389(n=5805) [0.85-0.95]0.352(n=514) [0.95-1.00]0.371(n=23)
2026-04-29 04:52:28,688 - INFO - [render-loss] step=22800 kept 29/64 samples (t_value >= 0.50)
2026-04-29 04:54:24,226 - INFO - Step   23000 | Epoch  23 | MSE: 0.4571 | Steps/sec: 1.73 | LR: 1.94e-04 | Render_L1: 0.0382 | Alpha_L1: 0.0614 | Render_LPIPS: 0.2399 | cos(c,null): +0.0419 | GradNorm: 0.0169 | MSE/t: [0.00-0.50]0.523(n=6343) [0.50-0.85]0.396(n=5926) [0.85-0.95]0.351(n=513) [0.95-1.00]0.317(n=18)
2026-04-29 04:54:24,434 - INFO - [cond] cfg_signal=0.0669 (min=0.0447 max=0.1183, n=16) | class_signal=0.0891 (min=0.0497 max=0.1330, n=16) | pred_rms=0.6721
2026-04-29 04:54:32,635 - INFO - [validation] saved: output/jit_B8_20260429_042413/dit_validation/epoch_023_step_0023000_class001.png (class=1, sampler=heun, steps=100)
2026-04-29 04:54:33,788 - INFO - [overrides] applied from jit/configs/overrides.yaml: lr_scale=1.0 max_grad_norm=5.0 null_repel_weight=0.0 P_mean=0.0
2026-04-29 04:54:33,884 - INFO - [render-loss] step=23000 kept 35/64 samples (t_value >= 0.50)
2026-04-29 04:56:29,219 - INFO - Step   23200 | Epoch  23 | MSE: 0.4614 | Steps/sec: 1.60 | LR: 1.94e-04 | Render_L1: 0.0371 | Alpha_L1: 0.0598 | Render_LPIPS: 0.2387 | cos(c,null): +0.0422 | GradNorm: 0.0153 | MSE/t: [0.00-0.50]0.530(n=6359) [0.50-0.85]0.398(n=5899) [0.85-0.95]0.352(n=521) [0.95-1.00]0.440(n=21)
2026-04-29 04:56:29,320 - INFO - [render-loss] step=23200 kept 27/64 samples (t_value >= 0.50)
2026-04-29 04:58:24,001 - INFO - Step   23400 | Epoch  23 | MSE: 0.4586 | Steps/sec: 1.74 | LR: 1.94e-04 | Render_L1: 0.0373 | Alpha_L1: 0.0593 | Render_LPIPS: 0.2378 | cos(c,null): +0.0451 | GradNorm: 0.0144 | MSE/t: [0.00-0.50]0.525(n=6305) [0.50-0.85]0.396(n=5941) [0.85-0.95]0.362(n=539) [0.95-1.00]0.424(n=15)
2026-04-29 04:58:24,103 - INFO - [render-loss] step=23400 kept 33/64 samples (t_value >= 0.50)
2026-04-29 05:00:19,180 - INFO - Step   23600 | Epoch  23 | MSE: 0.4579 | Steps/sec: 1.74 | LR: 1.94e-04 | Render_L1: 0.0371 | Alpha_L1: 0.0588 | Render_LPIPS: 0.2382 | cos(c,null): +0.0478 | GradNorm: 0.0173 | MSE/t: [0.00-0.50]0.527(n=6386) [0.50-0.85]0.392(n=5889) [0.85-0.95]0.351(n=505) [0.95-1.00]0.390(n=20)
2026-04-29 05:00:19,281 - INFO - [render-loss] step=23600 kept 36/64 samples (t_value >= 0.50)
2026-04-29 05:02:13,870 - INFO - Step   23800 | Epoch  23 | MSE: 0.4639 | Steps/sec: 1.74 | LR: 1.94e-04 | Render_L1: 0.0367 | Alpha_L1: 0.0578 | Render_LPIPS: 0.2367 | cos(c,null): +0.0468 | GradNorm: 0.0178 | MSE/t: [0.00-0.50]0.542(n=6394) [0.50-0.85]0.390(n=5860) [0.85-0.95]0.340(n=525) [0.95-1.00]0.396(n=21)
2026-04-29 05:02:13,971 - INFO - [render-loss] step=23800 kept 33/64 samples (t_value >= 0.50)
2026-04-29 05:04:09,232 - INFO - Step   24000 | Epoch  24 | MSE: 0.4568 | Steps/sec: 1.73 | LR: 1.93e-04 | Render_L1: 0.0375 | Alpha_L1: 0.0596 | Render_LPIPS: 0.2412 | cos(c,null): +0.0450 | GradNorm: 0.0176 | MSE/t: [0.00-0.50]0.518(n=6283) [0.50-0.85]0.402(n=5967) [0.85-0.95]0.352(n=524) [0.95-1.00]0.351(n=26)
2026-04-29 05:04:09,442 - INFO - [cond] cfg_signal=0.0692 (min=0.0447 max=0.1236, n=16) | class_signal=0.0890 (min=0.0447 max=0.1355, n=16) | pred_rms=0.6721
2026-04-29 05:04:17,647 - INFO - [validation] saved: output/jit_B8_20260429_042413/dit_validation/epoch_024_step_0024000_class003.png (class=3, sampler=heun, steps=100)
2026-04-29 05:04:18,898 - INFO - [overrides] applied from jit/configs/overrides.yaml: lr_scale=1.0 max_grad_norm=5.0 null_repel_weight=0.0 P_mean=0.0
2026-04-29 05:04:18,995 - INFO - [render-loss] step=24000 kept 38/64 samples (t_value >= 0.50)
2026-04-29 05:06:14,177 - INFO - Step   24200 | Epoch  24 | MSE: 0.4607 | Steps/sec: 1.60 | LR: 1.93e-04 | Render_L1: 0.0372 | Alpha_L1: 0.0586 | Render_LPIPS: 0.2401 | cos(c,null): +0.0456 | GradNorm: 0.0161 | MSE/t: [0.00-0.50]0.530(n=6413) [0.50-0.85]0.396(n=5870) [0.85-0.95]0.341(n=497) [0.95-1.00]0.354(n=20)
2026-04-29 05:06:14,279 - INFO - [render-loss] step=24200 kept 34/64 samples (t_value >= 0.50)
2026-04-29 05:08:09,541 - INFO - Step   24400 | Epoch  24 | MSE: 0.4597 | Steps/sec: 1.73 | LR: 1.93e-04 | Render_L1: 0.0362 | Alpha_L1: 0.0572 | Render_LPIPS: 0.2374 | cos(c,null): +0.0463 | GradNorm: 0.0179 | MSE/t: [0.00-0.50]0.531(n=6438) [0.50-0.85]0.391(n=5831) [0.85-0.95]0.354(n=510) [0.95-1.00]0.302(n=21)
2026-04-29 05:08:09,641 - INFO - [render-loss] step=24400 kept 29/64 samples (t_value >= 0.50)
2026-04-29 05:10:04,946 - INFO - Step   24600 | Epoch  24 | MSE: 0.4606 | Steps/sec: 1.73 | LR: 1.93e-04 | Render_L1: 0.0360 | Alpha_L1: 0.0565 | Render_LPIPS: 0.2363 | cos(c,null): +0.0439 | GradNorm: 0.0194 | MSE/t: [0.00-0.50]0.533(n=6262) [0.50-0.85]0.395(n=5953) [0.85-0.95]0.353(n=566) [0.95-1.00]0.311(n=19)
2026-04-29 05:10:05,047 - INFO - [render-loss] step=24600 kept 31/64 samples (t_value >= 0.50)
2026-04-29 05:11:59,705 - INFO - Step   24800 | Epoch  24 | MSE: 0.4574 | Steps/sec: 1.74 | LR: 1.93e-04 | Render_L1: 0.0363 | Alpha_L1: 0.0568 | Render_LPIPS: 0.2382 | cos(c,null): +0.0458 | GradNorm: 0.0161 | MSE/t: [0.00-0.50]0.527(n=6321) [0.50-0.85]0.395(n=5983) [0.85-0.95]0.317(n=478) [0.95-1.00]0.366(n=18)
2026-04-29 05:11:59,806 - INFO - [render-loss] step=24800 kept 38/64 samples (t_value >= 0.50)
2026-04-29 05:13:55,317 - INFO - Step   25000 | Epoch  25 | MSE: 0.4589 | Steps/sec: 1.73 | LR: 1.93e-04 | Render_L1: 0.0360 | Alpha_L1: 0.0564 | Render_LPIPS: 0.2355 | cos(c,null): +0.0474 | GradNorm: 0.0170 | MSE/t: [0.00-0.50]0.530(n=6413) [0.50-0.85]0.394(n=5844) [0.85-0.95]0.317(n=522) [0.95-1.00]0.352(n=21)
2026-04-29 05:13:55,527 - INFO - [cond] cfg_signal=0.0695 (min=0.0427 max=0.1343, n=16) | class_signal=0.0905 (min=0.0458 max=0.1434, n=16) | pred_rms=0.6646
2026-04-29 05:14:03,775 - INFO - [validation] saved: output/jit_B8_20260429_042413/dit_validation/epoch_025_step_0025000_class041.png (class=41, sampler=heun, steps=100)
2026-04-29 05:14:04,931 - INFO - [overrides] applied from jit/configs/overrides.yaml: lr_scale=1.0 max_grad_norm=5.0 null_repel_weight=0.0 P_mean=0.0
2026-04-29 05:14:05,027 - INFO - [render-loss] step=25000 kept 29/64 samples (t_value >= 0.50)
2026-04-29 05:15:59,607 - INFO - Step   25200 | Epoch  25 | MSE: 0.4631 | Steps/sec: 1.61 | LR: 1.93e-04 | Render_L1: 0.0362 | Alpha_L1: 0.0565 | Render_LPIPS: 0.2382 | cos(c,null): +0.0494 | GradNorm: 0.0157 | MSE/t: [0.00-0.50]0.531(n=6425) [0.50-0.85]0.398(n=5869) [0.85-0.95]0.355(n=481) [0.95-1.00]0.356(n=25)
2026-04-29 05:15:59,709 - INFO - [render-loss] step=25200 kept 27/64 samples (t_value >= 0.50)
2026-04-29 05:17:54,382 - INFO - Step   25400 | Epoch  25 | MSE: 0.4578 | Steps/sec: 1.74 | LR: 1.93e-04 | Render_L1: 0.0361 | Alpha_L1: 0.0564 | Render_LPIPS: 0.2366 | cos(c,null): +0.0504 | GradNorm: 0.0181 | MSE/t: [0.00-0.50]0.523(n=6365) [0.50-0.85]0.396(n=5910) [0.85-0.95]0.357(n=500) [0.95-1.00]0.360(n=25)
2026-04-29 05:17:54,483 - INFO - [render-loss] step=25400 kept 29/64 samples (t_value >= 0.50)
2026-04-29 05:19:49,786 - INFO - Step   25600 | Epoch  25 | MSE: 0.4535 | Steps/sec: 1.73 | LR: 1.93e-04 | Render_L1: 0.0355 | Alpha_L1: 0.0557 | Render_LPIPS: 0.2369 | cos(c,null): +0.0481 | GradNorm: 0.0169 | MSE/t: [0.00-0.50]0.519(n=6301) [0.50-0.85]0.394(n=6006) [0.85-0.95]0.340(n=474) [0.95-1.00]0.306(n=19)
2026-04-29 05:19:49,887 - INFO - [render-loss] step=25600 kept 27/64 samples (t_value >= 0.50)
2026-04-29 05:21:44,747 - INFO - Step   25800 | Epoch  25 | MSE: 0.4583 | Steps/sec: 1.74 | LR: 1.92e-04 | Render_L1: 0.0360 | Alpha_L1: 0.0556 | Render_LPIPS: 0.2373 | cos(c,null): +0.0468 | GradNorm: 0.0151 | MSE/t: [0.00-0.50]0.526(n=6376) [0.50-0.85]0.394(n=5892) [0.85-0.95]0.361(n=522) [0.95-1.00]0.365(n=10)
2026-04-29 05:21:44,847 - INFO - [render-loss] step=25800 kept 30/64 samples (t_value >= 0.50)
2026-04-29 05:23:39,825 - INFO - Step   26000 | Epoch  26 | MSE: 0.4626 | Steps/sec: 1.74 | LR: 1.92e-04 | Render_L1: 0.0353 | Alpha_L1: 0.0555 | Render_LPIPS: 0.2359 | cos(c,null): +0.0512 | GradNorm: 0.0238 | MSE/t: [0.00-0.50]0.533(n=6392) [0.50-0.85]0.393(n=5906) [0.85-0.95]0.390(n=482) [0.95-1.00]0.288(n=20)
2026-04-29 05:23:40,034 - INFO - [cond] cfg_signal=0.0699 (min=0.0422 max=0.1212, n=16) | class_signal=0.0897 (min=0.0438 max=0.1380, n=16) | pred_rms=0.6591
2026-04-29 05:23:48,193 - INFO - [validation] saved: output/jit_B8_20260429_042413/dit_validation/epoch_026_step_0026000_class080.png (class=80, sampler=heun, steps=100)
2026-04-29 05:23:49,372 - INFO - [overrides] applied from jit/configs/overrides.yaml: lr_scale=1.0 max_grad_norm=5.0 null_repel_weight=0.0 P_mean=0.0
2026-04-29 05:23:49,469 - INFO - [render-loss] step=26000 kept 30/64 samples (t_value >= 0.50)
2026-04-29 05:25:44,794 - INFO - Step   26200 | Epoch  26 | MSE: 0.4609 | Steps/sec: 1.60 | LR: 1.92e-04 | Render_L1: 0.0351 | Alpha_L1: 0.0550 | Render_LPIPS: 0.2355 | cos(c,null): +0.0529 | GradNorm: 0.0151 | MSE/t: [0.00-0.50]0.533(n=6334) [0.50-0.85]0.393(n=5941) [0.85-0.95]0.353(n=504) [0.95-1.00]0.334(n=21)
2026-04-29 05:25:44,895 - INFO - [render-loss] step=26200 kept 33/64 samples (t_value >= 0.50)
2026-04-29 05:27:40,108 - INFO - Step   26400 | Epoch  26 | MSE: 0.4610 | Steps/sec: 1.73 | LR: 1.92e-04 | Render_L1: 0.0352 | Alpha_L1: 0.0547 | Render_LPIPS: 0.2359 | cos(c,null): +0.0507 | GradNorm: 0.0159 | MSE/t: [0.00-0.50]0.530(n=6393) [0.50-0.85]0.395(n=5885) [0.85-0.95]0.357(n=499) [0.95-1.00]0.381(n=23)
2026-04-29 05:27:40,209 - INFO - [render-loss] step=26400 kept 32/64 samples (t_value >= 0.50)
2026-04-29 05:29:35,050 - INFO - Step   26600 | Epoch  26 | MSE: 0.4643 | Steps/sec: 1.74 | LR: 1.92e-04 | Render_L1: 0.0358 | Alpha_L1: 0.0546 | Render_LPIPS: 0.2363 | cos(c,null): +0.0524 | GradNorm: 0.0157 | MSE/t: [0.00-0.50]0.536(n=6405) [0.50-0.85]0.395(n=5888) [0.85-0.95]0.359(n=492) [0.95-1.00]0.359(n=15)
2026-04-29 05:29:35,151 - INFO - [render-loss] step=26600 kept 26/64 samples (t_value >= 0.50)
2026-04-29 05:31:30,553 - INFO - Step   26800 | Epoch  26 | MSE: 0.4641 | Steps/sec: 1.73 | LR: 1.92e-04 | Render_L1: 0.0364 | Alpha_L1: 0.0566 | Render_LPIPS: 0.2424 | cos(c,null): +0.0568 | GradNorm: 0.0536 | MSE/t: [0.00-0.50]0.527(n=6314) [0.50-0.85]0.406(n=5935) [0.85-0.95]0.370(n=532) [0.95-1.00]0.323(n=19)
2026-04-29 05:31:30,655 - INFO - [render-loss] step=26800 kept 28/64 samples (t_value >= 0.50)
2026-04-29 05:33:25,963 - INFO - Step   27000 | Epoch  27 | MSE: 0.4633 | Steps/sec: 1.73 | LR: 1.92e-04 | Render_L1: 0.0363 | Alpha_L1: 0.0553 | Render_LPIPS: 0.2396 | cos(c,null): +0.0598 | GradNorm: 0.0175 | MSE/t: [0.00-0.50]0.532(n=6397) [0.50-0.85]0.400(n=5839) [0.85-0.95]0.340(n=548) [0.95-1.00]0.345(n=16)
2026-04-29 05:33:26,171 - INFO - [cond] cfg_signal=0.0602 (min=0.0410 max=0.0932, n=16) | class_signal=0.0794 (min=0.0408 max=0.1088, n=16) | pred_rms=0.6154
2026-04-29 05:33:34,436 - INFO - [validation] saved: output/jit_B8_20260429_042413/dit_validation/epoch_027_step_0027000_class084.png (class=84, sampler=heun, steps=100)
2026-04-29 05:33:36,126 - INFO - [overrides] applied from jit/configs/overrides.yaml: lr_scale=1.0 max_grad_norm=5.0 null_repel_weight=0.0 P_mean=0.0
2026-04-29 05:33:36,224 - INFO - [render-loss] step=27000 kept 38/64 samples (t_value >= 0.50)
2026-04-29 05:35:31,259 - INFO - Step   27200 | Epoch  27 | MSE: 0.4606 | Steps/sec: 1.60 | LR: 1.92e-04 | Render_L1: 0.0352 | Alpha_L1: 0.0544 | Render_LPIPS: 0.2370 | cos(c,null): +0.0586 | GradNorm: 0.0183 | MSE/t: [0.00-0.50]0.530(n=6386) [0.50-0.85]0.396(n=5877) [0.85-0.95]0.351(n=527) [0.95-1.00]0.331(n=10)
2026-04-29 05:35:31,361 - INFO - [render-loss] step=27200 kept 24/64 samples (t_value >= 0.50)
2026-04-29 05:37:26,281 - INFO - Step   27400 | Epoch  27 | MSE: 0.4580 | Steps/sec: 1.74 | LR: 1.91e-04 | Render_L1: 0.0349 | Alpha_L1: 0.0535 | Render_LPIPS: 0.2358 | cos(c,null): +0.0592 | GradNorm: 0.0172 | MSE/t: [0.00-0.50]0.525(n=6322) [0.50-0.85]0.396(n=5951) [0.85-0.95]0.352(n=511) [0.95-1.00]0.350(n=16)
2026-04-29 05:37:26,383 - INFO - [render-loss] step=27400 kept 31/64 samples (t_value >= 0.50)
2026-04-29 05:39:21,072 - INFO - Step   27600 | Epoch  27 | MSE: 0.4591 | Steps/sec: 1.74 | LR: 1.91e-04 | Render_L1: 0.0348 | Alpha_L1: 0.0530 | Render_LPIPS: 0.2354 | cos(c,null): +0.0603 | GradNorm: 0.0153 | MSE/t: [0.00-0.50]0.528(n=6448) [0.50-0.85]0.394(n=5814) [0.85-0.95]0.336(n=516) [0.95-1.00]0.275(n=22)
2026-04-29 05:39:21,172 - INFO - [render-loss] step=27600 kept 27/64 samples (t_value >= 0.50)
2026-04-29 05:41:16,333 - INFO - Step   27800 | Epoch  27 | MSE: 0.4580 | Steps/sec: 1.74 | LR: 1.91e-04 | Render_L1: 0.0354 | Alpha_L1: 0.0538 | Render_LPIPS: 0.2367 | cos(c,null): +0.0568 | GradNorm: 0.0159 | MSE/t: [0.00-0.50]0.525(n=6350) [0.50-0.85]0.397(n=5924) [0.85-0.95]0.332(n=498) [0.95-1.00]0.410(n=28)
2026-04-29 05:41:16,433 - INFO - [render-loss] step=27800 kept 34/64 samples (t_value >= 0.50)
2026-04-29 05:43:11,611 - INFO - Step   28000 | Epoch  28 | MSE: 0.4574 | Steps/sec: 1.73 | LR: 1.91e-04 | Render_L1: 0.0349 | Alpha_L1: 0.0531 | Render_LPIPS: 0.2346 | cos(c,null): +0.0582 | GradNorm: 0.0161 | MSE/t: [0.00-0.50]0.524(n=6329) [0.50-0.85]0.399(n=5900) [0.85-0.95]0.327(n=553) [0.95-1.00]0.352(n=18)
2026-04-29 05:43:11,821 - INFO - [cond] cfg_signal=0.0716 (min=0.0460 max=0.1094, n=16) | class_signal=0.0935 (min=0.0471 max=0.1469, n=16) | pred_rms=0.6743
2026-04-29 05:43:20,066 - INFO - [validation] saved: output/jit_B8_20260429_042413/dit_validation/epoch_028_step_0028000_class043.png (class=43, sampler=heun, steps=100)
2026-04-29 05:43:21,344 - INFO - [overrides] applied from jit/configs/overrides.yaml: lr_scale=1.0 max_grad_norm=5.0 null_repel_weight=0.0 P_mean=0.0
2026-04-29 05:43:21,440 - INFO - [render-loss] step=28000 kept 30/64 samples (t_value >= 0.50)
2026-04-29 05:45:16,167 - INFO - Step   28200 | Epoch  28 | MSE: 0.4547 | Steps/sec: 1.61 | LR: 1.91e-04 | Render_L1: 0.0344 | Alpha_L1: 0.0525 | Render_LPIPS: 0.2342 | cos(c,null): +0.0586 | GradNorm: 0.0200 | MSE/t: [0.00-0.50]0.524(n=6464) [0.50-0.85]0.388(n=5813) [0.85-0.95]0.344(n=505) [0.95-1.00]0.324(n=18)
2026-04-29 05:45:16,269 - INFO - [render-loss] step=28200 kept 33/64 samples (t_value >= 0.50)
2026-04-29 05:47:11,087 - INFO - Step   28400 | Epoch  28 | MSE: 0.4618 | Steps/sec: 1.74 | LR: 1.91e-04 | Render_L1: 0.0345 | Alpha_L1: 0.0522 | Render_LPIPS: 0.2342 | cos(c,null): +0.0610 | GradNorm: 0.0182 | MSE/t: [0.00-0.50]0.534(n=6359) [0.50-0.85]0.394(n=5919) [0.85-0.95]0.342(n=500) [0.95-1.00]0.421(n=22)
2026-04-29 05:47:11,188 - INFO - [render-loss] step=28400 kept 31/64 samples (t_value >= 0.50)
2026-04-29 05:49:05,848 - INFO - Step   28600 | Epoch  28 | MSE: 0.4581 | Steps/sec: 1.74 | LR: 1.91e-04 | Render_L1: 0.0347 | Alpha_L1: 0.0529 | Render_LPIPS: 0.2350 | cos(c,null): +0.0639 | GradNorm: 0.0171 | MSE/t: [0.00-0.50]0.524(n=6399) [0.50-0.85]0.398(n=5899) [0.85-0.95]0.327(n=487) [0.95-1.00]0.322(n=15)
2026-04-29 05:49:05,950 - INFO - [render-loss] step=28600 kept 32/64 samples (t_value >= 0.50)
2026-04-29 05:51:01,191 - INFO - Step   28800 | Epoch  28 | MSE: 0.4607 | Steps/sec: 1.73 | LR: 1.91e-04 | Render_L1: 0.0345 | Alpha_L1: 0.0530 | Render_LPIPS: 0.2345 | cos(c,null): +0.0641 | GradNorm: 0.0267 | MSE/t: [0.00-0.50]0.534(n=6387) [0.50-0.85]0.392(n=5872) [0.85-0.95]0.337(n=517) [0.95-1.00]0.344(n=24)
2026-04-29 05:51:01,292 - INFO - [render-loss] step=28800 kept 31/64 samples (t_value >= 0.50)
2026-04-29 05:52:56,112 - INFO - Step   29000 | Epoch  29 | MSE: 0.4592 | Steps/sec: 1.74 | LR: 1.90e-04 | Render_L1: 0.0340 | Alpha_L1: 0.0515 | Render_LPIPS: 0.2321 | cos(c,null): +0.0612 | GradNorm: 0.0223 | MSE/t: [0.00-0.50]0.531(n=6456) [0.50-0.85]0.391(n=5766) [0.85-0.95]0.348(n=544) [0.95-1.00]0.318(n=34)
2026-04-29 05:52:56,319 - INFO - [cond] cfg_signal=0.0739 (min=0.0441 max=0.1398, n=16) | class_signal=0.0910 (min=0.0397 max=0.1543, n=16) | pred_rms=0.6779
2026-04-29 05:53:04,466 - INFO - [validation] saved: output/jit_B8_20260429_042413/dit_validation/epoch_029_step_0029000_class100.png (class=100, sampler=heun, steps=100)
2026-04-29 05:53:05,633 - INFO - [overrides] applied from jit/configs/overrides.yaml: lr_scale=1.0 max_grad_norm=5.0 null_repel_weight=0.0 P_mean=0.0
2026-04-29 05:53:05,729 - INFO - [render-loss] step=29000 kept 33/64 samples (t_value >= 0.50)
2026-04-29 05:55:01,523 - INFO - Step   29200 | Epoch  29 | MSE: 0.4637 | Steps/sec: 1.60 | LR: 1.90e-04 | Render_L1: 0.0345 | Alpha_L1: 0.0526 | Render_LPIPS: 0.2350 | cos(c,null): +0.0544 | GradNorm: 0.0174 | MSE/t: [0.00-0.50]0.530(n=6376) [0.50-0.85]0.402(n=5894) [0.85-0.95]0.341(n=511) [0.95-1.00]0.444(n=19)
2026-04-29 05:55:01,625 - INFO - [render-loss] step=29200 kept 17/64 samples (t_value >= 0.50)
2026-04-29 05:56:56,676 - INFO - Step   29400 | Epoch  29 | MSE: 0.4552 | Steps/sec: 1.74 | LR: 1.90e-04 | Render_L1: 0.0342 | Alpha_L1: 0.0515 | Render_LPIPS: 0.2351 | cos(c,null): +0.0486 | GradNorm: 0.0177 | MSE/t: [0.00-0.50]0.520(n=6381) [0.50-0.85]0.395(n=5893) [0.85-0.95]0.346(n=510) [0.95-1.00]0.231(n=16)
2026-04-29 05:56:56,778 - INFO - [render-loss] step=29400 kept 33/64 samples (t_value >= 0.50)
2026-04-29 05:58:52,229 - INFO - Step   29600 | Epoch  29 | MSE: 0.4609 | Steps/sec: 1.73 | LR: 1.90e-04 | Render_L1: 0.0344 | Alpha_L1: 0.0523 | Render_LPIPS: 0.2352 | cos(c,null): +0.0493 | GradNorm: 0.0236 | MSE/t: [0.00-0.50]0.528(n=6386) [0.50-0.85]0.397(n=5880) [0.85-0.95]0.350(n=516) [0.95-1.00]0.428(n=18)
2026-04-29 05:58:52,331 - INFO - [render-loss] step=29600 kept 28/64 samples (t_value >= 0.50)
2026-04-29 06:00:47,198 - INFO - Step   29800 | Epoch  29 | MSE: 0.4610 | Steps/sec: 1.74 | LR: 1.90e-04 | Render_L1: 0.0350 | Alpha_L1: 0.0519 | Render_LPIPS: 0.2372 | cos(c,null): +0.0543 | GradNorm: 0.0176 | MSE/t: [0.00-0.50]0.528(n=6332) [0.50-0.85]0.399(n=5947) [0.85-0.95]0.358(n=497) [0.95-1.00]0.326(n=24)
2026-04-29 06:00:47,299 - INFO - [render-loss] step=29800 kept 33/64 samples (t_value >= 0.50)
2026-04-29 06:02:42,548 - INFO - Step   30000 | Epoch  30 | MSE: 0.4583 | Steps/sec: 1.73 | LR: 1.90e-04 | Render_L1: 0.0339 | Alpha_L1: 0.0505 | Render_LPIPS: 0.2325 | cos(c,null): +0.0577 | GradNorm: 0.0184 | MSE/t: [0.00-0.50]0.524(n=6360) [0.50-0.85]0.397(n=5898) [0.85-0.95]0.349(n=519) [0.95-1.00]0.301(n=23)
2026-04-29 06:02:42,758 - INFO - [cond] cfg_signal=0.0721 (min=0.0452 max=0.1293, n=16) | class_signal=0.0937 (min=0.0511 max=0.1502, n=16) | pred_rms=0.6803
2026-04-29 06:02:50,907 - INFO - [validation] saved: output/jit_B8_20260429_042413/dit_validation/epoch_030_step_0030000_class099.png (class=99, sampler=heun, steps=100)
2026-04-29 06:02:52,122 - INFO - [overrides] applied from jit/configs/overrides.yaml: lr_scale=1.0 max_grad_norm=5.0 null_repel_weight=0.0 P_mean=0.0
2026-04-29 06:02:52,219 - INFO - [render-loss] step=30000 kept 26/64 samples (t_value >= 0.50)
2026-04-29 06:04:47,252 - INFO - Step   30200 | Epoch  30 | MSE: 0.4585 | Steps/sec: 1.61 | LR: 1.90e-04 | Render_L1: 0.0337 | Alpha_L1: 0.0505 | Render_LPIPS: 0.2319 | cos(c,null): +0.0568 | GradNorm: 0.0175 | MSE/t: [0.00-0.50]0.527(n=6465) [0.50-0.85]0.394(n=5772) [0.85-0.95]0.340(n=536) [0.95-1.00]0.307(n=27)
2026-04-29 06:04:47,354 - INFO - [render-loss] step=30200 kept 35/64 samples (t_value >= 0.50)
2026-04-29 06:06:42,467 - INFO - Step   30400 | Epoch  30 | MSE: 0.4570 | Steps/sec: 1.74 | LR: 1.90e-04 | Render_L1: 0.0336 | Alpha_L1: 0.0499 | Render_LPIPS: 0.2322 | cos(c,null): +0.0574 | GradNorm: 0.0171 | MSE/t: [0.00-0.50]0.528(n=6345) [0.50-0.85]0.392(n=5913) [0.85-0.95]0.340(n=518) [0.95-1.00]0.361(n=24)
2026-04-29 06:06:42,568 - INFO - [render-loss] step=30400 kept 30/64 samples (t_value >= 0.50)
2026-04-29 06:08:37,679 - INFO - Step   30600 | Epoch  30 | MSE: 0.4596 | Steps/sec: 1.74 | LR: 1.89e-04 | Render_L1: 0.0336 | Alpha_L1: 0.0501 | Render_LPIPS: 0.2319 | cos(c,null): +0.0601 | GradNorm: 0.0175 | MSE/t: [0.00-0.50]0.531(n=6305) [0.50-0.85]0.395(n=5952) [0.85-0.95]0.340(n=518) [0.95-1.00]0.319(n=25)
2026-04-29 06:08:37,781 - INFO - [render-loss] step=30600 kept 36/64 samples (t_value >= 0.50)
2026-04-29 06:10:32,311 - INFO - Step   30800 | Epoch  30 | MSE: 0.4609 | Steps/sec: 1.74 | LR: 1.89e-04 | Render_L1: 0.0336 | Alpha_L1: 0.0497 | Render_LPIPS: 0.2326 | cos(c,null): +0.0625 | GradNorm: 0.0196 | MSE/t: [0.00-0.50]0.531(n=6461) [0.50-0.85]0.393(n=5807) [0.85-0.95]0.358(n=506) [0.95-1.00]0.308(n=26)
2026-04-29 06:10:32,413 - INFO - [render-loss] step=30800 kept 35/64 samples (t_value >= 0.50)
2026-04-29 06:12:26,733 - INFO - Step   31000 | Epoch  31 | MSE: 0.4573 | Steps/sec: 1.75 | LR: 1.89e-04 | Render_L1: 0.0336 | Alpha_L1: 0.0503 | Render_LPIPS: 0.2324 | cos(c,null): +0.0641 | GradNorm: 0.0187 | MSE/t: [0.00-0.50]0.523(n=6529) [0.50-0.85]0.393(n=5762) [0.85-0.95]0.345(n=487) [0.95-1.00]0.329(n=22)
2026-04-29 06:12:26,939 - INFO - [cond] cfg_signal=0.0676 (min=0.0440 max=0.1068, n=16) | class_signal=0.0881 (min=0.0417 max=0.1190, n=16) | pred_rms=0.6359
2026-04-29 06:12:35,077 - INFO - [validation] saved: output/jit_B8_20260429_042413/dit_validation/epoch_031_step_0031000_class100.png (class=100, sampler=heun, steps=100)
2026-04-29 06:12:36,268 - INFO - [overrides] applied from jit/configs/overrides.yaml: lr_scale=1.0 max_grad_norm=5.0 null_repel_weight=0.0 P_mean=0.0
2026-04-29 06:12:36,364 - INFO - [render-loss] step=31000 kept 34/64 samples (t_value >= 0.50)
2026-04-29 06:14:31,271 - INFO - Step   31200 | Epoch  31 | MSE: 0.4591 | Steps/sec: 1.61 | LR: 1.89e-04 | Render_L1: 0.0335 | Alpha_L1: 0.0497 | Render_LPIPS: 0.2317 | cos(c,null): +0.0672 | GradNorm: 0.0191 | MSE/t: [0.00-0.50]0.526(n=6368) [0.50-0.85]0.397(n=5876) [0.85-0.95]0.350(n=536) [0.95-1.00]0.327(n=20)
2026-04-29 06:14:31,372 - INFO - [render-loss] step=31200 kept 38/64 samples (t_value >= 0.50)
2026-04-29 06:16:26,800 - INFO - Step   31400 | Epoch  31 | MSE: 0.4597 | Steps/sec: 1.73 | LR: 1.89e-04 | Render_L1: 0.0329 | Alpha_L1: 0.0486 | Render_LPIPS: 0.2303 | cos(c,null): +0.0672 | GradNorm: 0.0181 | MSE/t: [0.00-0.50]0.530(n=6274) [0.50-0.85]0.396(n=5967) [0.85-0.95]0.346(n=538) [0.95-1.00]0.284(n=21)
2026-04-29 06:16:26,901 - INFO - [render-loss] step=31400 kept 32/64 samples (t_value >= 0.50)
2026-04-29 06:18:21,682 - INFO - Step   31600 | Epoch  31 | MSE: 0.4565 | Steps/sec: 1.74 | LR: 1.89e-04 | Render_L1: 0.0327 | Alpha_L1: 0.0487 | Render_LPIPS: 0.2294 | cos(c,null): +0.0650 | GradNorm: 0.0185 | MSE/t: [0.00-0.50]0.526(n=6346) [0.50-0.85]0.391(n=5924) [0.85-0.95]0.355(n=510) [0.95-1.00]0.332(n=20)
2026-04-29 06:18:21,783 - INFO - [render-loss] step=31600 kept 22/64 samples (t_value >= 0.50)
2026-04-29 06:20:16,896 - INFO - Step   31800 | Epoch  31 | MSE: 0.4581 | Steps/sec: 1.74 | LR: 1.89e-04 | Render_L1: 0.0330 | Alpha_L1: 0.0488 | Render_LPIPS: 0.2311 | cos(c,null): +0.0676 | GradNorm: 0.0174 | MSE/t: [0.00-0.50]0.526(n=6406) [0.50-0.85]0.393(n=5825) [0.85-0.95]0.358(n=542) [0.95-1.00]0.453(n=27)
2026-04-29 06:20:16,998 - INFO - [render-loss] step=31800 kept 33/64 samples (t_value >= 0.50)
2026-04-29 06:22:12,288 - INFO - Step   32000 | Epoch  32 | MSE: 0.4578 | Steps/sec: 1.73 | LR: 1.88e-04 | Render_L1: 0.0329 | Alpha_L1: 0.0484 | Render_LPIPS: 0.2295 | cos(c,null): +0.0703 | GradNorm: 0.0234 | MSE/t: [0.00-0.50]0.525(n=6392) [0.50-0.85]0.395(n=5868) [0.85-0.95]0.345(n=520) [0.95-1.00]0.396(n=20)
2026-04-29 06:22:12,500 - INFO - [cond] cfg_signal=0.0680 (min=0.0448 max=0.1222, n=16) | class_signal=0.0891 (min=0.0484 max=0.1410, n=16) | pred_rms=0.6730
2026-04-29 06:22:20,680 - INFO - [validation] saved: output/jit_B8_20260429_042413/dit_validation/epoch_032_step_0032000_class024.png (class=24, sampler=heun, steps=100)
2026-04-29 06:22:21,931 - INFO - [overrides] applied from jit/configs/overrides.yaml: lr_scale=1.0 max_grad_norm=5.0 null_repel_weight=0.0 P_mean=0.0
2026-04-29 06:22:22,027 - INFO - [render-loss] step=32000 kept 31/64 samples (t_value >= 0.50)
2026-04-29 06:24:17,377 - INFO - Step   32200 | Epoch  32 | MSE: 0.4578 | Steps/sec: 1.60 | LR: 1.88e-04 | Render_L1: 0.0330 | Alpha_L1: 0.0484 | Render_LPIPS: 0.2304 | cos(c,null): +0.0703 | GradNorm: 0.0198 | MSE/t: [0.00-0.50]0.527(n=6346) [0.50-0.85]0.393(n=5933) [0.85-0.95]0.350(n=502) [0.95-1.00]0.319(n=19)
2026-04-29 06:24:17,479 - INFO - [render-loss] step=32200 kept 31/64 samples (t_value >= 0.50)
2026-04-29 06:26:12,443 - INFO - Step   32400 | Epoch  32 | MSE: 0.4571 | Steps/sec: 1.74 | LR: 1.88e-04 | Render_L1: 0.0331 | Alpha_L1: 0.0487 | Render_LPIPS: 0.2307 | cos(c,null): +0.0728 | GradNorm: 0.8045 | MSE/t: [0.00-0.50]0.523(n=6411) [0.50-0.85]0.394(n=5845) [0.85-0.95]0.356(n=527) [0.95-1.00]0.495(n=17)
2026-04-29 06:26:12,547 - INFO - [render-loss] step=32400 kept 36/64 samples (t_value >= 0.50)
2026-04-29 06:28:07,543 - INFO - Step   32600 | Epoch  32 | MSE: 0.4624 | Steps/sec: 1.74 | LR: 1.88e-04 | Render_L1: 0.0330 | Alpha_L1: 0.0484 | Render_LPIPS: 0.2313 | cos(c,null): +0.0736 | GradNorm: 0.0228 | MSE/t: [0.00-0.50]0.529(n=6448) [0.50-0.85]0.401(n=5796) [0.85-0.95]0.341(n=535) [0.95-1.00]0.284(n=21)
2026-04-29 06:28:07,644 - INFO - [render-loss] step=32600 kept 27/64 samples (t_value >= 0.50)
2026-04-29 06:30:02,443 - INFO - Step   32800 | Epoch  32 | MSE: 0.4672 | Steps/sec: 1.74 | LR: 1.88e-04 | Render_L1: 0.0328 | Alpha_L1: 0.0477 | Render_LPIPS: 0.2291 | cos(c,null): +0.0751 | GradNorm: 0.0207 | MSE/t: [0.00-0.50]0.533(n=6380) [0.50-0.85]0.405(n=5921) [0.85-0.95]0.354(n=479) [0.95-1.00]0.331(n=20)
2026-04-29 06:30:02,544 - INFO - [render-loss] step=32800 kept 34/64 samples (t_value >= 0.50)
2026-04-29 06:31:57,978 - INFO - Step   33000 | Epoch  33 | MSE: 0.4554 | Steps/sec: 1.73 | LR: 1.88e-04 | Render_L1: 0.0321 | Alpha_L1: 0.0468 | Render_LPIPS: 0.2262 | cos(c,null): +0.0705 | GradNorm: 0.0198 | MSE/t: [0.00-0.50]0.522(n=6299) [0.50-0.85]0.396(n=5984) [0.85-0.95]0.341(n=496) [0.95-1.00]0.294(n=21)
2026-04-29 06:31:58,188 - INFO - [cond] cfg_signal=0.0760 (min=0.0462 max=0.1368, n=16) | class_signal=0.0980 (min=0.0471 max=0.1605, n=16) | pred_rms=0.6819
2026-04-29 06:32:06,378 - INFO - [validation] saved: output/jit_B8_20260429_042413/dit_validation/epoch_033_step_0033000_class083.png (class=83, sampler=heun, steps=100)
2026-04-29 06:32:07,592 - INFO - [overrides] applied from jit/configs/overrides.yaml: lr_scale=1.0 max_grad_norm=5.0 null_repel_weight=0.0 P_mean=0.0
2026-04-29 06:32:07,689 - INFO - [render-loss] step=33000 kept 27/64 samples (t_value >= 0.50)
2026-04-29 06:34:02,185 - INFO - Step   33200 | Epoch  33 | MSE: 0.4609 | Steps/sec: 1.61 | LR: 1.88e-04 | Render_L1: 0.0323 | Alpha_L1: 0.0470 | Render_LPIPS: 0.2271 | cos(c,null): +0.0718 | GradNorm: 0.0253 | MSE/t: [0.00-0.50]0.529(n=6428) [0.50-0.85]0.396(n=5818) [0.85-0.95]0.359(n=526) [0.95-1.00]0.301(n=28)
2026-04-29 06:34:02,286 - INFO - [render-loss] step=33200 kept 36/64 samples (t_value >= 0.50)
2026-04-29 06:35:57,207 - INFO - Step   33400 | Epoch  33 | MSE: 0.4549 | Steps/sec: 1.74 | LR: 1.87e-04 | Render_L1: 0.0322 | Alpha_L1: 0.0462 | Render_LPIPS: 0.2272 | cos(c,null): +0.0702 | GradNorm: 0.0202 | MSE/t: [0.00-0.50]0.521(n=6423) [0.50-0.85]0.391(n=5823) [0.85-0.95]0.354(n=531) [0.95-1.00]0.469(n=23)
2026-04-29 06:35:57,309 - INFO - [render-loss] step=33400 kept 28/64 samples (t_value >= 0.50)
2026-04-29 06:37:52,842 - INFO - Step   33600 | Epoch  33 | MSE: 0.4557 | Steps/sec: 1.73 | LR: 1.87e-04 | Render_L1: 0.0318 | Alpha_L1: 0.0457 | Render_LPIPS: 0.2247 | cos(c,null): +0.0708 | GradNorm: 0.0183 | MSE/t: [0.00-0.50]0.522(n=6382) [0.50-0.85]0.393(n=5885) [0.85-0.95]0.350(n=516) [0.95-1.00]0.295(n=17)
2026-04-29 06:37:52,944 - INFO - [render-loss] step=33600 kept 33/64 samples (t_value >= 0.50)
2026-04-29 06:39:47,649 - INFO - Step   33800 | Epoch  33 | MSE: 0.4608 | Steps/sec: 1.74 | LR: 1.87e-04 | Render_L1: 0.0319 | Alpha_L1: 0.0461 | Render_LPIPS: 0.2255 | cos(c,null): +0.0726 | GradNorm: 0.0218 | MSE/t: [0.00-0.50]0.528(n=6494) [0.50-0.85]0.396(n=5731) [0.85-0.95]0.345(n=550) [0.95-1.00]0.344(n=25)
2026-04-29 06:39:47,749 - INFO - [render-loss] step=33800 kept 30/64 samples (t_value >= 0.50)
2026-04-29 06:41:42,772 - INFO - Step   34000 | Epoch  34 | MSE: 0.4560 | Steps/sec: 1.74 | LR: 1.87e-04 | Render_L1: 0.0317 | Alpha_L1: 0.0463 | Render_LPIPS: 0.2255 | cos(c,null): +0.0755 | GradNorm: 0.0204 | MSE/t: [0.00-0.50]0.523(n=6406) [0.50-0.85]0.394(n=5867) [0.85-0.95]0.333(n=506) [0.95-1.00]0.316(n=21)
2026-04-29 06:41:42,988 - INFO - [cond] cfg_signal=0.0678 (min=0.0460 max=0.1148, n=16) | class_signal=0.0895 (min=0.0419 max=0.1350, n=16) | pred_rms=0.6675
2026-04-29 06:41:51,245 - INFO - [validation] saved: output/jit_B8_20260429_042413/dit_validation/epoch_034_step_0034000_class033.png (class=33, sampler=heun, steps=100)
2026-04-29 06:41:52,498 - INFO - [overrides] applied from jit/configs/overrides.yaml: lr_scale=1.0 max_grad_norm=5.0 null_repel_weight=0.0 P_mean=0.0
2026-04-29 06:41:52,595 - INFO - [render-loss] step=34000 kept 33/64 samples (t_value >= 0.50)
2026-04-29 06:43:47,255 - INFO - Step   34200 | Epoch  34 | MSE: 0.4583 | Steps/sec: 1.61 | LR: 1.87e-04 | Render_L1: 0.0326 | Alpha_L1: 0.0472 | Render_LPIPS: 0.2280 | cos(c,null): +0.0779 | GradNorm: 0.0396 | MSE/t: [0.00-0.50]0.524(n=6438) [0.50-0.85]0.394(n=5801) [0.85-0.95]0.364(n=543) [0.95-1.00]0.334(n=18)
2026-04-29 06:43:47,356 - INFO - [render-loss] step=34200 kept 18/64 samples (t_value >= 0.50)
2026-04-29 06:45:42,065 - INFO - Step   34400 | Epoch  34 | MSE: 0.4625 | Steps/sec: 1.74 | LR: 1.87e-04 | Render_L1: 0.0320 | Alpha_L1: 0.0467 | Render_LPIPS: 0.2277 | cos(c,null): +0.0795 | GradNorm: 0.0221 | MSE/t: [0.00-0.50]0.533(n=6410) [0.50-0.85]0.396(n=5856) [0.85-0.95]0.346(n=510) [0.95-1.00]0.347(n=24)
2026-04-29 06:45:42,166 - INFO - [render-loss] step=34400 kept 38/64 samples (t_value >= 0.50)
2026-04-29 06:47:37,027 - INFO - Step   34600 | Epoch  34 | MSE: 0.4629 | Steps/sec: 1.74 | LR: 1.86e-04 | Render_L1: 0.0322 | Alpha_L1: 0.0466 | Render_LPIPS: 0.2264 | cos(c,null): +0.0754 | GradNorm: 0.0202 | MSE/t: [0.00-0.50]0.532(n=6425) [0.50-0.85]0.397(n=5849) [0.85-0.95]0.343(n=507) [0.95-1.00]0.378(n=19)
2026-04-29 06:47:37,128 - INFO - [render-loss] step=34600 kept 26/64 samples (t_value >= 0.50)
2026-04-29 06:49:32,661 - INFO - Step   34800 | Epoch  34 | MSE: 0.4564 | Steps/sec: 1.73 | LR: 1.86e-04 | Render_L1: 0.0318 | Alpha_L1: 0.0453 | Render_LPIPS: 0.2229 | cos(c,null): +0.0769 | GradNorm: 0.0233 | MSE/t: [0.00-0.50]0.528(n=6390) [0.50-0.85]0.390(n=5865) [0.85-0.95]0.338(n=524) [0.95-1.00]0.377(n=21)
2026-04-29 06:49:32,763 - INFO - [render-loss] step=34800 kept 32/64 samples (t_value >= 0.50)
2026-04-29 06:51:27,833 - INFO - Step   35000 | Epoch  35 | MSE: 0.4617 | Steps/sec: 1.74 | LR: 1.86e-04 | Render_L1: 0.0319 | Alpha_L1: 0.0459 | Render_LPIPS: 0.2261 | cos(c,null): +0.0752 | GradNorm: 0.0204 | MSE/t: [0.00-0.50]0.533(n=6335) [0.50-0.85]0.396(n=5927) [0.85-0.95]0.345(n=515) [0.95-1.00]0.366(n=23)
2026-04-29 06:51:28,042 - INFO - [cond] cfg_signal=0.0711 (min=0.0493 max=0.1021, n=16) | class_signal=0.0906 (min=0.0423 max=0.1293, n=16) | pred_rms=0.6679
2026-04-29 06:51:36,291 - INFO - [validation] saved: output/jit_B8_20260429_042413/dit_validation/epoch_035_step_0035000_class094.png (class=94, sampler=heun, steps=100)
2026-04-29 06:51:37,510 - INFO - [overrides] applied from jit/configs/overrides.yaml: lr_scale=1.0 max_grad_norm=5.0 null_repel_weight=0.0 P_mean=0.0
2026-04-29 06:51:37,607 - INFO - [render-loss] step=35000 kept 32/64 samples (t_value >= 0.50)
2026-04-29 06:53:32,404 - INFO - Step   35200 | Epoch  35 | MSE: 0.4584 | Steps/sec: 1.61 | LR: 1.86e-04 | Render_L1: 0.0317 | Alpha_L1: 0.0455 | Render_LPIPS: 0.2243 | cos(c,null): +0.0746 | GradNorm: 0.0201 | MSE/t: [0.00-0.50]0.524(n=6359) [0.50-0.85]0.397(n=5917) [0.85-0.95]0.347(n=500) [0.95-1.00]0.370(n=24)
2026-04-29 06:53:32,506 - INFO - [render-loss] step=35200 kept 36/64 samples (t_value >= 0.50)
2026-04-29 06:55:26,856 - INFO - Step   35400 | Epoch  35 | MSE: 0.4570 | Steps/sec: 1.75 | LR: 1.86e-04 | Render_L1: 0.0321 | Alpha_L1: 0.0456 | Render_LPIPS: 0.2249 | cos(c,null): +0.0721 | GradNorm: 0.0195 | MSE/t: [0.00-0.50]0.525(n=6396) [0.50-0.85]0.394(n=5883) [0.85-0.95]0.334(n=507) [0.95-1.00]0.355(n=14)
2026-04-29 06:55:26,957 - INFO - [render-loss] step=35400 kept 32/64 samples (t_value >= 0.50)
2026-04-29 06:57:21,755 - INFO - Step   35600 | Epoch  35 | MSE: 0.4568 | Steps/sec: 1.74 | LR: 1.86e-04 | Render_L1: 0.0319 | Alpha_L1: 0.0461 | Render_LPIPS: 0.2262 | cos(c,null): +0.0752 | GradNorm: 0.0890 | MSE/t: [0.00-0.50]0.527(n=6351) [0.50-0.85]0.391(n=5905) [0.85-0.95]0.352(n=518) [0.95-1.00]0.340(n=26)
2026-04-29 06:57:21,856 - INFO - [render-loss] step=35600 kept 33/64 samples (t_value >= 0.50)
2026-04-29 06:59:16,796 - INFO - Step   35800 | Epoch  35 | MSE: 0.4658 | Steps/sec: 1.74 | LR: 1.85e-04 | Render_L1: 0.0323 | Alpha_L1: 0.0463 | Render_LPIPS: 0.2276 | cos(c,null): +0.0745 | GradNorm: 0.0400 | MSE/t: [0.00-0.50]0.533(n=6382) [0.50-0.85]0.402(n=5885) [0.85-0.95]0.366(n=513) [0.95-1.00]0.394(n=20)
2026-04-29 06:59:16,897 - INFO - [render-loss] step=35800 kept 20/64 samples (t_value >= 0.50)
2026-04-29 07:01:12,460 - INFO - Step   36000 | Epoch  36 | MSE: 0.4604 | Steps/sec: 1.73 | LR: 1.85e-04 | Render_L1: 0.0318 | Alpha_L1: 0.0461 | Render_LPIPS: 0.2260 | cos(c,null): +0.0712 | GradNorm: 0.0216 | MSE/t: [0.00-0.50]0.529(n=6429) [0.50-0.85]0.396(n=5838) [0.85-0.95]0.334(n=507) [0.95-1.00]0.404(n=26)
2026-04-29 07:01:12,671 - INFO - [cond] cfg_signal=0.0696 (min=0.0437 max=0.0976, n=16) | class_signal=0.0899 (min=0.0415 max=0.1275, n=16) | pred_rms=0.6712
2026-04-29 07:01:20,871 - INFO - [validation] saved: output/jit_B8_20260429_042413/dit_validation/epoch_036_step_0036000_class022.png (class=22, sampler=heun, steps=100)
2026-04-29 07:01:22,125 - INFO - [overrides] applied from jit/configs/overrides.yaml: lr_scale=1.0 max_grad_norm=5.0 null_repel_weight=0.0 P_mean=0.0
2026-04-29 07:01:22,222 - INFO - [render-loss] step=36000 kept 37/64 samples (t_value >= 0.50)
2026-04-29 07:03:17,129 - INFO - Step   36200 | Epoch  36 | MSE: 0.4591 | Steps/sec: 1.61 | LR: 1.85e-04 | Render_L1: 0.0314 | Alpha_L1: 0.0446 | Render_LPIPS: 0.2225 | cos(c,null): +0.0700 | GradNorm: 0.0206 | MSE/t: [0.00-0.50]0.526(n=6477) [0.50-0.85]0.396(n=5754) [0.85-0.95]0.336(n=544) [0.95-1.00]0.375(n=25)
2026-04-29 07:03:17,230 - INFO - [render-loss] step=36200 kept 34/64 samples (t_value >= 0.50)
2026-04-29 07:05:11,941 - INFO - Step   36400 | Epoch  36 | MSE: 0.4606 | Steps/sec: 1.74 | LR: 1.85e-04 | Render_L1: 0.0317 | Alpha_L1: 0.0449 | Render_LPIPS: 0.2243 | cos(c,null): +0.0708 | GradNorm: 0.0247 | MSE/t: [0.00-0.50]0.525(n=6453) [0.50-0.85]0.399(n=5841) [0.85-0.95]0.363(n=485) [0.95-1.00]0.269(n=21)
2026-04-29 07:05:12,043 - INFO - [render-loss] step=36400 kept 34/64 samples (t_value >= 0.50)
2026-04-29 07:07:07,176 - INFO - Step   36600 | Epoch  36 | MSE: 0.4582 | Steps/sec: 1.74 | LR: 1.85e-04 | Render_L1: 0.0310 | Alpha_L1: 0.0445 | Render_LPIPS: 0.2212 | cos(c,null): +0.0706 | GradNorm: 0.0215 | MSE/t: [0.00-0.50]0.525(n=6348) [0.50-0.85]0.397(n=5927) [0.85-0.95]0.348(n=506) [0.95-1.00]0.312(n=19)
2026-04-29 07:07:07,277 - INFO - [render-loss] step=36600 kept 32/64 samples (t_value >= 0.50)
2026-04-29 07:09:02,432 - INFO - Step   36800 | Epoch  36 | MSE: 0.4575 | Steps/sec: 1.74 | LR: 1.85e-04 | Render_L1: 0.0307 | Alpha_L1: 0.0437 | Render_LPIPS: 0.2197 | cos(c,null): +0.0707 | GradNorm: 0.0206 | MSE/t: [0.00-0.50]0.525(n=6375) [0.50-0.85]0.396(n=5910) [0.85-0.95]0.330(n=499) [0.95-1.00]0.416(n=16)
2026-04-29 07:09:02,533 - INFO - [render-loss] step=36800 kept 30/64 samples (t_value >= 0.50)
2026-04-29 07:10:57,934 - INFO - Step   37000 | Epoch  37 | MSE: 0.4612 | Steps/sec: 1.73 | LR: 1.85e-04 | Render_L1: 0.0307 | Alpha_L1: 0.0441 | Render_LPIPS: 0.2203 | cos(c,null): +0.0716 | GradNorm: 0.0215 | MSE/t: [0.00-0.50]0.534(n=6326) [0.50-0.85]0.393(n=5927) [0.85-0.95]0.353(n=527) [0.95-1.00]0.413(n=20)
2026-04-29 07:10:58,145 - INFO - [cond] cfg_signal=0.0644 (min=0.0407 max=0.0917, n=16) | class_signal=0.0851 (min=0.0423 max=0.1294, n=16) | pred_rms=0.6650
2026-04-29 07:11:06,401 - INFO - [validation] saved: output/jit_B8_20260429_042413/dit_validation/epoch_037_step_0037000_class058.png (class=58, sampler=heun, steps=100)
2026-04-29 07:11:07,638 - INFO - [overrides] applied from jit/configs/overrides.yaml: lr_scale=1.0 max_grad_norm=5.0 null_repel_weight=0.0 P_mean=0.0
2026-04-29 07:11:07,735 - INFO - [render-loss] step=37000 kept 25/64 samples (t_value >= 0.50)
2026-04-29 07:13:02,733 - INFO - Step   37200 | Epoch  37 | MSE: 0.4574 | Steps/sec: 1.61 | LR: 1.84e-04 | Render_L1: 0.0314 | Alpha_L1: 0.0444 | Render_LPIPS: 0.2204 | cos(c,null): +0.0730 | GradNorm: 0.0243 | MSE/t: [0.00-0.50]0.520(n=6508) [0.50-0.85]0.397(n=5781) [0.85-0.95]0.339(n=488) [0.95-1.00]0.367(n=23)
2026-04-29 07:13:02,834 - INFO - [render-loss] step=37200 kept 33/64 samples (t_value >= 0.50)
2026-04-29 07:14:58,467 - INFO - Step   37400 | Epoch  37 | MSE: 0.4599 | Steps/sec: 1.73 | LR: 1.84e-04 | Render_L1: 0.0312 | Alpha_L1: 0.0443 | Render_LPIPS: 0.2208 | cos(c,null): +0.0739 | GradNorm: 0.0210 | MSE/t: [0.00-0.50]0.531(n=6419) [0.50-0.85]0.391(n=5843) [0.85-0.95]0.360(n=517) [0.95-1.00]0.324(n=21)
2026-04-29 07:14:58,569 - INFO - [render-loss] step=37400 kept 33/64 samples (t_value >= 0.50)
2026-04-29 07:16:53,308 - INFO - Step   37600 | Epoch  37 | MSE: 0.4553 | Steps/sec: 1.74 | LR: 1.84e-04 | Render_L1: 0.0309 | Alpha_L1: 0.0446 | Render_LPIPS: 0.2206 | cos(c,null): +0.0738 | GradNorm: 0.0352 | MSE/t: [0.00-0.50]0.518(n=6406) [0.50-0.85]0.397(n=5866) [0.85-0.95]0.339(n=506) [0.95-1.00]0.367(n=22)
2026-04-29 07:16:53,410 - INFO - [render-loss] step=37600 kept 29/64 samples (t_value >= 0.50)
2026-04-29 07:18:47,705 - INFO - Step   37800 | Epoch  37 | MSE: 0.4557 | Steps/sec: 1.75 | LR: 1.84e-04 | Render_L1: 0.0305 | Alpha_L1: 0.0425 | Render_LPIPS: 0.2176 | cos(c,null): +0.0746 | GradNorm: 0.0237 | MSE/t: [0.00-0.50]0.520(n=6499) [0.50-0.85]0.392(n=5799) [0.85-0.95]0.349(n=479) [0.95-1.00]0.379(n=23)
2026-04-29 07:18:47,806 - INFO - [render-loss] step=37800 kept 31/64 samples (t_value >= 0.50)
2026-04-29 07:20:42,780 - INFO - Step   38000 | Epoch  38 | MSE: 0.4526 | Steps/sec: 1.74 | LR: 1.84e-04 | Render_L1: 0.0305 | Alpha_L1: 0.0434 | Render_LPIPS: 0.2172 | cos(c,null): +0.0750 | GradNorm: 0.0218 | MSE/t: [0.00-0.50]0.520(n=6376) [0.50-0.85]0.390(n=5896) [0.85-0.95]0.342(n=508) [0.95-1.00]0.286(n=20)
2026-04-29 07:20:42,987 - INFO - [cond] cfg_signal=0.0679 (min=0.0463 max=0.1037, n=16) | class_signal=0.0873 (min=0.0400 max=0.1277, n=16) | pred_rms=0.6860
2026-04-29 07:20:51,084 - INFO - [validation] saved: output/jit_B8_20260429_042413/dit_validation/epoch_038_step_0038000_class098.png (class=98, sampler=heun, steps=100)
2026-04-29 07:20:52,767 - INFO - [overrides] applied from jit/configs/overrides.yaml: lr_scale=1.0 max_grad_norm=5.0 null_repel_weight=0.0 P_mean=0.0
2026-04-29 07:20:52,865 - INFO - [render-loss] step=38000 kept 30/64 samples (t_value >= 0.50)
2026-04-29 07:22:47,994 - INFO - Step   38200 | Epoch  38 | MSE: 0.4545 | Steps/sec: 1.60 | LR: 1.84e-04 | Render_L1: 0.0310 | Alpha_L1: 0.0437 | Render_LPIPS: 0.2192 | cos(c,null): +0.0752 | GradNorm: 0.0214 | MSE/t: [0.00-0.50]0.522(n=6303) [0.50-0.85]0.393(n=5955) [0.85-0.95]0.343(n=524) [0.95-1.00]0.289(n=18)
2026-04-29 07:22:48,096 - INFO - [render-loss] step=38200 kept 36/64 samples (t_value >= 0.50)
2026-04-29 07:24:42,853 - INFO - Step   38400 | Epoch  38 | MSE: 0.4575 | Steps/sec: 1.74 | LR: 1.83e-04 | Render_L1: 0.0305 | Alpha_L1: 0.0426 | Render_LPIPS: 0.2158 | cos(c,null): +0.0749 | GradNorm: 0.0223 | MSE/t: [0.00-0.50]0.524(n=6474) [0.50-0.85]0.393(n=5813) [0.85-0.95]0.346(n=491) [0.95-1.00]0.323(n=22)
2026-04-29 07:24:42,953 - INFO - [render-loss] step=38400 kept 30/64 samples (t_value >= 0.50)
2026-04-29 07:26:37,899 - INFO - Step   38600 | Epoch  38 | MSE: 0.4553 | Steps/sec: 1.74 | LR: 1.83e-04 | Render_L1: 0.0305 | Alpha_L1: 0.0437 | Render_LPIPS: 0.2169 | cos(c,null): +0.0752 | GradNorm: 0.0244 | MSE/t: [0.00-0.50]0.522(n=6378) [0.50-0.85]0.393(n=5906) [0.85-0.95]0.339(n=494) [0.95-1.00]0.272(n=22)
2026-04-29 07:26:38,001 - INFO - [render-loss] step=38600 kept 33/64 samples (t_value >= 0.50)
2026-04-29 07:28:32,822 - INFO - Step   38800 | Epoch  38 | MSE: 0.4619 | Steps/sec: 1.74 | LR: 1.83e-04 | Render_L1: 0.0310 | Alpha_L1: 0.0438 | Render_LPIPS: 0.2185 | cos(c,null): +0.0778 | GradNorm: 0.0210 | MSE/t: [0.00-0.50]0.530(n=6432) [0.50-0.85]0.396(n=5857) [0.85-0.95]0.348(n=489) [0.95-1.00]0.395(n=22)
2026-04-29 07:28:32,923 - INFO - [render-loss] step=38800 kept 30/64 samples (t_value >= 0.50)
2026-04-29 07:30:28,239 - INFO - Step   39000 | Epoch  39 | MSE: 0.4588 | Steps/sec: 1.73 | LR: 1.83e-04 | Render_L1: 0.0308 | Alpha_L1: 0.0435 | Render_LPIPS: 0.2170 | cos(c,null): +0.0794 | GradNorm: 0.0230 | MSE/t: [0.00-0.50]0.525(n=6428) [0.50-0.85]0.395(n=5861) [0.85-0.95]0.357(n=485) [0.95-1.00]0.400(n=26)
2026-04-29 07:30:28,447 - INFO - [cond] cfg_signal=0.0678 (min=0.0447 max=0.1133, n=16) | class_signal=0.0892 (min=0.0425 max=0.1378, n=16) | pred_rms=0.6825
2026-04-29 07:30:36,645 - INFO - [validation] saved: output/jit_B8_20260429_042413/dit_validation/epoch_039_step_0039000_class000.png (class=0, sampler=heun, steps=100)
2026-04-29 07:30:37,902 - INFO - [overrides] applied from jit/configs/overrides.yaml: lr_scale=1.0 max_grad_norm=5.0 null_repel_weight=0.0 P_mean=0.0
2026-04-29 07:30:37,999 - INFO - [render-loss] step=39000 kept 36/64 samples (t_value >= 0.50)
2026-04-29 07:32:33,041 - INFO - Step   39200 | Epoch  39 | MSE: 0.4589 | Steps/sec: 1.61 | LR: 1.83e-04 | Render_L1: 0.0301 | Alpha_L1: 0.0425 | Render_LPIPS: 0.2141 | cos(c,null): +0.0829 | GradNorm: 0.0230 | MSE/t: [0.00-0.50]0.527(n=6428) [0.50-0.85]0.394(n=5849) [0.85-0.95]0.346(n=506) [0.95-1.00]0.378(n=17)
2026-04-29 07:32:33,143 - INFO - [render-loss] step=39200 kept 40/64 samples (t_value >= 0.50)
2026-04-29 07:34:27,931 - INFO - Step   39400 | Epoch  39 | MSE: 0.4637 | Steps/sec: 1.74 | LR: 1.82e-04 | Render_L1: 0.0305 | Alpha_L1: 0.0434 | Render_LPIPS: 0.2157 | cos(c,null): +0.0841 | GradNorm: 0.0323 | MSE/t: [0.00-0.50]0.532(n=6407) [0.50-0.85]0.399(n=5894) [0.85-0.95]0.353(n=484) [0.95-1.00]0.274(n=15)
2026-04-29 07:34:28,032 - INFO - [render-loss] step=39400 kept 29/64 samples (t_value >= 0.50)
2026-04-29 07:36:22,786 - INFO - Step   39600 | Epoch  39 | MSE: 0.4651 | Steps/sec: 1.74 | LR: 1.82e-04 | Render_L1: 0.0305 | Alpha_L1: 0.0431 | Render_LPIPS: 0.2146 | cos(c,null): +0.0851 | GradNorm: 0.0420 | MSE/t: [0.00-0.50]0.538(n=6431) [0.50-0.85]0.396(n=5814) [0.85-0.95]0.346(n=537) [0.95-1.00]0.266(n=18)
2026-04-29 07:36:22,887 - INFO - [render-loss] step=39600 kept 26/64 samples (t_value >= 0.50)
2026-04-29 07:38:18,837 - INFO - Step   39800 | Epoch  39 | MSE: 0.4631 | Steps/sec: 1.72 | LR: 1.82e-04 | Render_L1: 0.0304 | Alpha_L1: 0.0431 | Render_LPIPS: 0.2145 | cos(c,null): +0.0850 | GradNorm: 0.0244 | MSE/t: [0.00-0.50]0.534(n=6382) [0.50-0.85]0.395(n=5848) [0.85-0.95]0.368(n=543) [0.95-1.00]0.350(n=27)
2026-04-29 07:38:18,937 - INFO - [render-loss] step=39800 kept 39/64 samples (t_value >= 0.50)
2026-04-29 07:40:14,579 - INFO - Step   40000 | Epoch  40 | MSE: 0.4584 | Steps/sec: 1.73 | LR: 1.82e-04 | Render_L1: 0.0297 | Alpha_L1: 0.0417 | Render_LPIPS: 0.2117 | cos(c,null): +0.0859 | GradNorm: 0.0229 | MSE/t: [0.00-0.50]0.529(n=6337) [0.50-0.85]0.393(n=5959) [0.85-0.95]0.330(n=480) [0.95-1.00]0.484(n=24)
2026-04-29 07:40:14,790 - INFO - [cond] cfg_signal=0.0648 (min=0.0437 max=0.1081, n=16) | class_signal=0.0869 (min=0.0415 max=0.1368, n=16) | pred_rms=0.6625
2026-04-29 07:40:16,536 - INFO - Saved checkpoint to output/jit_B8_20260429_042413/0040000.pt
2026-04-29 07:40:16,746 - INFO - [cond] cfg_signal=0.0648 (min=0.0437 max=0.1081, n=16) | class_signal=0.0869 (min=0.0415 max=0.1368, n=16) | pred_rms=0.6625
2026-04-29 07:40:24,982 - INFO - [validation] saved: output/jit_B8_20260429_042413/dit_validation/epoch_040_step_0040000_class094.png (class=94, sampler=heun, steps=100)
2026-04-29 07:40:26,265 - INFO - [overrides] applied from jit/configs/overrides.yaml: lr_scale=1.0 max_grad_norm=5.0 null_repel_weight=0.0 P_mean=0.0
2026-04-29 07:40:26,362 - INFO - [render-loss] step=40000 kept 30/64 samples (t_value >= 0.50)
2026-04-29 07:42:20,999 - INFO - Step   40200 | Epoch  40 | MSE: 0.4631 | Steps/sec: 1.58 | LR: 1.82e-04 | Render_L1: 0.0304 | Alpha_L1: 0.0429 | Render_LPIPS: 0.2135 | cos(c,null): +0.0856 | GradNorm: 0.0248 | MSE/t: [0.00-0.50]0.528(n=6463) [0.50-0.85]0.400(n=5797) [0.85-0.95]0.355(n=522) [0.95-1.00]0.363(n=18)
2026-04-29 07:42:21,101 - INFO - [render-loss] step=40200 kept 38/64 samples (t_value >= 0.50)
2026-04-29 07:44:15,772 - INFO - Step   40400 | Epoch  40 | MSE: 0.4608 | Steps/sec: 1.74 | LR: 1.82e-04 | Render_L1: 0.0305 | Alpha_L1: 0.0428 | Render_LPIPS: 0.2141 | cos(c,null): +0.0802 | GradNorm: 0.0331 | MSE/t: [0.00-0.50]0.527(n=6412) [0.50-0.85]0.398(n=5833) [0.85-0.95]0.361(n=530) [0.95-1.00]0.324(n=25)
2026-04-29 07:44:15,873 - INFO - [render-loss] step=40400 kept 30/64 samples (t_value >= 0.50)
2026-04-29 07:46:10,687 - INFO - Step   40600 | Epoch  40 | MSE: 0.4595 | Steps/sec: 1.74 | LR: 1.81e-04 | Render_L1: 0.0305 | Alpha_L1: 0.0428 | Render_LPIPS: 0.2136 | cos(c,null): +0.0837 | GradNorm: 0.0251 | MSE/t: [0.00-0.50]0.528(n=6286) [0.50-0.85]0.397(n=5966) [0.85-0.95]0.347(n=529) [0.95-1.00]0.353(n=19)
2026-04-29 07:46:10,789 - INFO - [render-loss] step=40600 kept 33/64 samples (t_value >= 0.50)
2026-04-29 07:48:05,536 - INFO - Step   40800 | Epoch  40 | MSE: 0.4627 | Steps/sec: 1.74 | LR: 1.81e-04 | Render_L1: 0.0300 | Alpha_L1: 0.0418 | Render_LPIPS: 0.2109 | cos(c,null): +0.0865 | GradNorm: 0.0226 | MSE/t: [0.00-0.50]0.533(n=6443) [0.50-0.85]0.395(n=5796) [0.85-0.95]0.350(n=530) [0.95-1.00]0.339(n=31)
2026-04-29 07:48:05,637 - INFO - [render-loss] step=40800 kept 30/64 samples (t_value >= 0.50)
2026-04-29 07:50:00,744 - INFO - Step   41000 | Epoch  41 | MSE: 0.4613 | Steps/sec: 1.74 | LR: 1.81e-04 | Render_L1: 0.0297 | Alpha_L1: 0.0416 | Render_LPIPS: 0.2101 | cos(c,null): +0.0881 | GradNorm: 0.0224 | MSE/t: [0.00-0.50]0.531(n=6382) [0.50-0.85]0.396(n=5905) [0.85-0.95]0.334(n=498) [0.95-1.00]0.386(n=15)
2026-04-29 07:50:00,951 - INFO - [cond] cfg_signal=0.0700 (min=0.0439 max=0.1211, n=16) | class_signal=0.0934 (min=0.0469 max=0.1502, n=16) | pred_rms=0.7062
2026-04-29 07:50:09,131 - INFO - [validation] saved: output/jit_B8_20260429_042413/dit_validation/epoch_041_step_0041000_class007.png (class=7, sampler=heun, steps=100)
2026-04-29 07:50:10,293 - INFO - [overrides] applied from jit/configs/overrides.yaml: lr_scale=1.0 max_grad_norm=5.0 null_repel_weight=0.0 P_mean=0.0
2026-04-29 07:50:10,390 - INFO - [render-loss] step=41000 kept 37/64 samples (t_value >= 0.50)
2026-04-29 07:52:05,451 - INFO - Step   41200 | Epoch  41 | MSE: 0.4555 | Steps/sec: 1.61 | LR: 1.81e-04 | Render_L1: 0.0301 | Alpha_L1: 0.0419 | Render_LPIPS: 0.2119 | cos(c,null): +0.0902 | GradNorm: 0.0242 | MSE/t: [0.00-0.50]0.524(n=6330) [0.50-0.85]0.392(n=5934) [0.85-0.95]0.348(n=515) [0.95-1.00]0.324(n=21)
2026-04-29 07:52:05,552 - INFO - [render-loss] step=41200 kept 31/64 samples (t_value >= 0.50)
2026-04-29 07:54:00,245 - INFO - Step   41400 | Epoch  41 | MSE: 0.4587 | Steps/sec: 1.74 | LR: 1.81e-04 | Render_L1: 0.0296 | Alpha_L1: 0.0412 | Render_LPIPS: 0.2093 | cos(c,null): +0.0916 | GradNorm: 0.0251 | MSE/t: [0.00-0.50]0.524(n=6428) [0.50-0.85]0.398(n=5796) [0.85-0.95]0.344(n=555) [0.95-1.00]0.316(n=21)
2026-04-29 07:54:00,347 - INFO - [render-loss] step=41400 kept 30/64 samples (t_value >= 0.50)
2026-04-29 07:55:55,221 - INFO - Step   41600 | Epoch  41 | MSE: 0.4566 | Steps/sec: 1.74 | LR: 1.81e-04 | Render_L1: 0.0297 | Alpha_L1: 0.0410 | Render_LPIPS: 0.2084 | cos(c,null): +0.0927 | GradNorm: 0.0244 | MSE/t: [0.00-0.50]0.526(n=6416) [0.50-0.85]0.391(n=5870) [0.85-0.95]0.348(n=495) [0.95-1.00]0.306(n=19)
2026-04-29 07:55:55,322 - INFO - [render-loss] step=41600 kept 28/64 samples (t_value >= 0.50)
2026-04-29 07:57:50,119 - INFO - Step   41800 | Epoch  41 | MSE: 0.4581 | Steps/sec: 1.74 | LR: 1.80e-04 | Render_L1: 0.0297 | Alpha_L1: 0.0415 | Render_LPIPS: 0.2092 | cos(c,null): +0.0936 | GradNorm: 0.0250 | MSE/t: [0.00-0.50]0.526(n=6386) [0.50-0.85]0.395(n=5832) [0.85-0.95]0.346(n=558) [0.95-1.00]0.423(n=24)
2026-04-29 07:57:50,220 - INFO - [render-loss] step=41800 kept 30/64 samples (t_value >= 0.50)
2026-04-29 07:59:44,818 - INFO - Step   42000 | Epoch  42 | MSE: 0.4604 | Steps/sec: 1.74 | LR: 1.80e-04 | Render_L1: 0.0298 | Alpha_L1: 0.0417 | Render_LPIPS: 0.2090 | cos(c,null): +0.0897 | GradNorm: 0.0238 | MSE/t: [0.00-0.50]0.526(n=6468) [0.50-0.85]0.397(n=5840) [0.85-0.95]0.351(n=474) [0.95-1.00]0.360(n=18)
2026-04-29 07:59:45,028 - INFO - [cond] cfg_signal=0.0681 (min=0.0448 max=0.1148, n=16) | class_signal=0.0893 (min=0.0464 max=0.1432, n=16) | pred_rms=0.6666
2026-04-29 07:59:53,293 - INFO - [validation] saved: output/jit_B8_20260429_042413/dit_validation/epoch_042_step_0042000_class076.png (class=76, sampler=heun, steps=100)
2026-04-29 07:59:54,465 - INFO - [overrides] applied from jit/configs/overrides.yaml: lr_scale=1.0 max_grad_norm=5.0 null_repel_weight=0.0 P_mean=0.0
2026-04-29 07:59:54,561 - INFO - [render-loss] step=42000 kept 32/64 samples (t_value >= 0.50)
2026-04-29 08:01:49,628 - INFO - Step   42200 | Epoch  42 | MSE: 0.4603 | Steps/sec: 1.61 | LR: 1.80e-04 | Render_L1: 0.0293 | Alpha_L1: 0.0409 | Render_LPIPS: 0.2059 | cos(c,null): +0.0874 | GradNorm: 0.0269 | MSE/t: [0.00-0.50]0.533(n=6325) [0.50-0.85]0.395(n=5940) [0.85-0.95]0.336(n=517) [0.95-1.00]0.302(n=18)
2026-04-29 08:01:49,730 - INFO - [render-loss] step=42200 kept 32/64 samples (t_value >= 0.50)
2026-04-29 08:03:45,250 - INFO - Step   42400 | Epoch  42 | MSE: 0.4620 | Steps/sec: 1.73 | LR: 1.80e-04 | Render_L1: 0.0295 | Alpha_L1: 0.0414 | Render_LPIPS: 0.2077 | cos(c,null): +0.0845 | GradNorm: 0.0351 | MSE/t: [0.00-0.50]0.534(n=6375) [0.50-0.85]0.394(n=5870) [0.85-0.95]0.357(n=543) [0.95-1.00]0.357(n=12)
2026-04-29 08:03:45,351 - INFO - [render-loss] step=42400 kept 31/64 samples (t_value >= 0.50)
2026-04-29 08:05:41,115 - INFO - Step   42600 | Epoch  42 | MSE: 0.4629 | Steps/sec: 1.73 | LR: 1.80e-04 | Render_L1: 0.0294 | Alpha_L1: 0.0412 | Render_LPIPS: 0.2072 | cos(c,null): +0.0860 | GradNorm: 0.0283 | MSE/t: [0.00-0.50]0.536(n=6288) [0.50-0.85]0.398(n=5964) [0.85-0.95]0.335(n=524) [0.95-1.00]0.414(n=24)
2026-04-29 08:05:41,216 - INFO - [render-loss] step=42600 kept 34/64 samples (t_value >= 0.50)
2026-04-29 08:07:36,316 - INFO - Step   42800 | Epoch  42 | MSE: 0.4570 | Steps/sec: 1.74 | LR: 1.79e-04 | Render_L1: 0.0291 | Alpha_L1: 0.0405 | Render_LPIPS: 0.2042 | cos(c,null): +0.0888 | GradNorm: 0.0252 | MSE/t: [0.00-0.50]0.528(n=6392) [0.50-0.85]0.390(n=5865) [0.85-0.95]0.342(n=517) [0.95-1.00]0.271(n=26)
2026-04-29 08:07:36,417 - INFO - [render-loss] step=42800 kept 32/64 samples (t_value >= 0.50)
2026-04-29 08:09:31,399 - INFO - Step   43000 | Epoch  43 | MSE: 0.4584 | Steps/sec: 1.74 | LR: 1.79e-04 | Render_L1: 0.0291 | Alpha_L1: 0.0406 | Render_LPIPS: 0.2051 | cos(c,null): +0.0920 | GradNorm: 0.0261 | MSE/t: [0.00-0.50]0.529(n=6452) [0.50-0.85]0.391(n=5835) [0.85-0.95]0.334(n=497) [0.95-1.00]0.342(n=16)
2026-04-29 08:09:31,609 - INFO - [cond] cfg_signal=0.0687 (min=0.0415 max=0.1235, n=16) | class_signal=0.0905 (min=0.0413 max=0.1501, n=16) | pred_rms=0.6953
2026-04-29 08:09:39,851 - INFO - [validation] saved: output/jit_B8_20260429_042413/dit_validation/epoch_043_step_0043000_class067.png (class=67, sampler=heun, steps=100)
2026-04-29 08:09:41,027 - INFO - [overrides] applied from jit/configs/overrides.yaml: lr_scale=1.0 max_grad_norm=5.0 null_repel_weight=0.0 P_mean=0.0
2026-04-29 08:09:41,123 - INFO - [render-loss] step=43000 kept 27/64 samples (t_value >= 0.50)
2026-04-29 08:11:35,851 - INFO - Step   43200 | Epoch  43 | MSE: 0.4620 | Steps/sec: 1.61 | LR: 1.79e-04 | Render_L1: 0.0292 | Alpha_L1: 0.0405 | Render_LPIPS: 0.2041 | cos(c,null): +0.0950 | GradNorm: 0.0246 | MSE/t: [0.00-0.50]0.533(n=6502) [0.50-0.85]0.392(n=5766) [0.85-0.95]0.352(n=505) [0.95-1.00]0.305(n=27)
2026-04-29 08:11:35,952 - INFO - [render-loss] step=43200 kept 31/64 samples (t_value >= 0.50)
2026-04-29 08:13:30,942 - INFO - Step   43400 | Epoch  43 | MSE: 0.4581 | Steps/sec: 1.74 | LR: 1.79e-04 | Render_L1: 0.0295 | Alpha_L1: 0.0408 | Render_LPIPS: 0.2057 | cos(c,null): +0.0971 | GradNorm: 0.0243 | MSE/t: [0.00-0.50]0.526(n=6318) [0.50-0.85]0.395(n=5929) [0.85-0.95]0.354(n=530) [0.95-1.00]0.355(n=23)
2026-04-29 08:13:31,043 - INFO - [render-loss] step=43400 kept 34/64 samples (t_value >= 0.50)
2026-04-29 08:15:26,086 - INFO - Step   43600 | Epoch  43 | MSE: 0.4631 | Steps/sec: 1.74 | LR: 1.79e-04 | Render_L1: 0.0289 | Alpha_L1: 0.0398 | Render_LPIPS: 0.2032 | cos(c,null): +0.0982 | GradNorm: 0.0253 | MSE/t: [0.00-0.50]0.531(n=6368) [0.50-0.85]0.400(n=5909) [0.85-0.95]0.350(n=501) [0.95-1.00]0.286(n=22)
2026-04-29 08:15:26,187 - INFO - [render-loss] step=43600 kept 37/64 samples (t_value >= 0.50)
2026-04-29 08:17:21,282 - INFO - Step   43800 | Epoch  43 | MSE: 0.4576 | Steps/sec: 1.74 | LR: 1.78e-04 | Render_L1: 0.0287 | Alpha_L1: 0.0402 | Render_LPIPS: 0.2023 | cos(c,null): +0.1008 | GradNorm: 0.0257 | MSE/t: [0.00-0.50]0.527(n=6412) [0.50-0.85]0.393(n=5863) [0.85-0.95]0.330(n=511) [0.95-1.00]0.301(n=14)
2026-04-29 08:17:21,384 - INFO - [render-loss] step=43800 kept 33/64 samples (t_value >= 0.50)
2026-04-29 08:19:16,354 - INFO - Step   44000 | Epoch  44 | MSE: 0.4586 | Steps/sec: 1.74 | LR: 1.78e-04 | Render_L1: 0.0288 | Alpha_L1: 0.0398 | Render_LPIPS: 0.2028 | cos(c,null): +0.0992 | GradNorm: 0.0374 | MSE/t: [0.00-0.50]0.533(n=6353) [0.50-0.85]0.389(n=5884) [0.85-0.95]0.348(n=547) [0.95-1.00]0.356(n=16)
2026-04-29 08:19:16,566 - INFO - [cond] cfg_signal=0.0719 (min=0.0454 max=0.1253, n=16) | class_signal=0.0910 (min=0.0511 max=0.1372, n=16) | pred_rms=0.6895
2026-04-29 08:19:24,795 - INFO - [validation] saved: output/jit_B8_20260429_042413/dit_validation/epoch_044_step_0044000_class079.png (class=79, sampler=heun, steps=100)
2026-04-29 08:19:25,980 - INFO - [overrides] applied from jit/configs/overrides.yaml: lr_scale=1.0 max_grad_norm=5.0 null_repel_weight=0.0 P_mean=0.0
2026-04-29 08:19:26,076 - INFO - [render-loss] step=44000 kept 33/64 samples (t_value >= 0.50)
2026-04-29 08:21:20,511 - INFO - Step   44200 | Epoch  44 | MSE: 0.4591 | Steps/sec: 1.61 | LR: 1.78e-04 | Render_L1: 0.0286 | Alpha_L1: 0.0395 | Render_LPIPS: 0.2015 | cos(c,null): +0.0972 | GradNorm: 0.0299 | MSE/t: [0.00-0.50]0.527(n=6454) [0.50-0.85]0.395(n=5811) [0.85-0.95]0.333(n=519) [0.95-1.00]0.352(n=16)
2026-04-29 08:21:20,613 - INFO - [render-loss] step=44200 kept 25/64 samples (t_value >= 0.50)
2026-04-29 08:23:15,787 - INFO - Step   44400 | Epoch  44 | MSE: 0.4633 | Steps/sec: 1.73 | LR: 1.78e-04 | Render_L1: 0.0296 | Alpha_L1: 0.0405 | Render_LPIPS: 0.2054 | cos(c,null): +0.0984 | GradNorm: 0.0259 | MSE/t: [0.00-0.50]0.526(n=6359) [0.50-0.85]0.405(n=5929) [0.85-0.95]0.357(n=493) [0.95-1.00]0.341(n=19)
2026-04-29 08:23:15,888 - INFO - [render-loss] step=44400 kept 31/64 samples (t_value >= 0.50)
2026-04-29 08:25:10,764 - INFO - Step   44600 | Epoch  44 | MSE: 0.4631 | Steps/sec: 1.74 | LR: 1.78e-04 | Render_L1: 0.0290 | Alpha_L1: 0.0403 | Render_LPIPS: 0.2033 | cos(c,null): +0.0991 | GradNorm: 0.0273 | MSE/t: [0.00-0.50]0.529(n=6418) [0.50-0.85]0.401(n=5847) [0.85-0.95]0.350(n=519) [0.95-1.00]0.406(n=16)
2026-04-29 08:25:10,865 - INFO - [render-loss] step=44600 kept 37/64 samples (t_value >= 0.50)
2026-04-29 08:27:05,824 - INFO - Step   44800 | Epoch  44 | MSE: 0.4609 | Steps/sec: 1.74 | LR: 1.78e-04 | Render_L1: 0.0289 | Alpha_L1: 0.0400 | Render_LPIPS: 0.2017 | cos(c,null): +0.0961 | GradNorm: 0.0270 | MSE/t: [0.00-0.50]0.529(n=6393) [0.50-0.85]0.398(n=5877) [0.85-0.95]0.348(n=519) [0.95-1.00]0.284(n=11)
2026-04-29 08:27:05,926 - INFO - [render-loss] step=44800 kept 30/64 samples (t_value >= 0.50)
2026-04-29 08:29:01,802 - INFO - Step   45000 | Epoch  45 | MSE: 0.4557 | Steps/sec: 1.72 | LR: 1.77e-04 | Render_L1: 0.0287 | Alpha_L1: 0.0392 | Render_LPIPS: 0.2000 | cos(c,null): +0.0989 | GradNorm: 0.0262 | MSE/t: [0.00-0.50]0.520(n=6431) [0.50-0.85]0.393(n=5848) [0.85-0.95]0.359(n=502) [0.95-1.00]0.388(n=19)
2026-04-29 08:29:02,011 - INFO - [cond] cfg_signal=0.0710 (min=0.0423 max=0.1251, n=16) | class_signal=0.0933 (min=0.0483 max=0.1536, n=16) | pred_rms=0.6748
2026-04-29 08:29:10,161 - INFO - [validation] saved: output/jit_B8_20260429_042413/dit_validation/epoch_045_step_0045000_class038.png (class=38, sampler=heun, steps=100)
2026-04-29 08:29:11,356 - INFO - [overrides] applied from jit/configs/overrides.yaml: lr_scale=1.0 max_grad_norm=5.0 null_repel_weight=0.0 P_mean=0.0
2026-04-29 08:29:11,453 - INFO - [render-loss] step=45000 kept 35/64 samples (t_value >= 0.50)
2026-04-29 08:31:06,278 - INFO - Step   45200 | Epoch  45 | MSE: 0.4624 | Steps/sec: 1.61 | LR: 1.77e-04 | Render_L1: 0.0286 | Alpha_L1: 0.0394 | Render_LPIPS: 0.1996 | cos(c,null): +0.1014 | GradNorm: 0.0286 | MSE/t: [0.00-0.50]0.534(n=6357) [0.50-0.85]0.396(n=5912) [0.85-0.95]0.348(n=506) [0.95-1.00]0.309(n=25)
2026-04-29 08:31:06,380 - INFO - [render-loss] step=45200 kept 34/64 samples (t_value >= 0.50)
2026-04-29 08:33:01,129 - INFO - Step   45400 | Epoch  45 | MSE: 0.4623 | Steps/sec: 1.74 | LR: 1.77e-04 | Render_L1: 0.0289 | Alpha_L1: 0.0402 | Render_LPIPS: 0.2031 | cos(c,null): +0.1044 | GradNorm: 0.0587 | MSE/t: [0.00-0.50]0.534(n=6384) [0.50-0.85]0.395(n=5888) [0.85-0.95]0.346(n=506) [0.95-1.00]0.418(n=22)
2026-04-29 08:33:01,230 - INFO - [render-loss] step=45400 kept 36/64 samples (t_value >= 0.50)
2026-04-29 08:34:55,959 - INFO - Step   45600 | Epoch  45 | MSE: 0.4622 | Steps/sec: 1.74 | LR: 1.77e-04 | Render_L1: 0.0286 | Alpha_L1: 0.0396 | Render_LPIPS: 0.2002 | cos(c,null): +0.1065 | GradNorm: 0.0323 | MSE/t: [0.00-0.50]0.533(n=6393) [0.50-0.85]0.395(n=5917) [0.85-0.95]0.344(n=466) [0.95-1.00]0.300(n=24)
2026-04-29 08:34:56,060 - INFO - [render-loss] step=45600 kept 29/64 samples (t_value >= 0.50)
2026-04-29 08:36:51,334 - INFO - Step   45800 | Epoch  45 | MSE: 0.4579 | Steps/sec: 1.73 | LR: 1.77e-04 | Render_L1: 0.0280 | Alpha_L1: 0.0390 | Render_LPIPS: 0.1977 | cos(c,null): +0.1077 | GradNorm: 0.0261 | MSE/t: [0.00-0.50]0.527(n=6430) [0.50-0.85]0.393(n=5793) [0.85-0.95]0.336(n=550) [0.95-1.00]0.398(n=27)
2026-04-29 08:36:51,437 - INFO - [render-loss] step=45800 kept 28/64 samples (t_value >= 0.50)
2026-04-29 08:38:46,786 - INFO - Step   46000 | Epoch  46 | MSE: 0.4636 | Steps/sec: 1.73 | LR: 1.76e-04 | Render_L1: 0.0292 | Alpha_L1: 0.0407 | Render_LPIPS: 0.2028 | cos(c,null): +0.1070 | GradNorm: 0.1525 | MSE/t: [0.00-0.50]0.530(n=6455) [0.50-0.85]0.400(n=5804) [0.85-0.95]0.352(n=521) [0.95-1.00]0.404(n=20)
2026-04-29 08:38:46,998 - INFO - [cond] cfg_signal=0.0657 (min=0.0419 max=0.1020, n=16) | class_signal=0.0900 (min=0.0478 max=0.1365, n=16) | pred_rms=0.6699
2026-04-29 08:38:55,128 - INFO - [validation] saved: output/jit_B8_20260429_042413/dit_validation/epoch_046_step_0046000_class078.png (class=78, sampler=heun, steps=100)
2026-04-29 08:38:56,326 - INFO - [overrides] applied from jit/configs/overrides.yaml: lr_scale=1.0 max_grad_norm=5.0 null_repel_weight=0.0 P_mean=0.0
2026-04-29 08:38:56,422 - INFO - [render-loss] step=46000 kept 38/64 samples (t_value >= 0.50)
2026-04-29 08:40:51,497 - INFO - Step   46200 | Epoch  46 | MSE: 0.4597 | Steps/sec: 1.61 | LR: 1.76e-04 | Render_L1: 0.0285 | Alpha_L1: 0.0389 | Render_LPIPS: 0.1992 | cos(c,null): +0.1086 | GradNorm: 0.0283 | MSE/t: [0.00-0.50]0.525(n=6342) [0.50-0.85]0.401(n=5907) [0.85-0.95]0.336(n=524) [0.95-1.00]0.391(n=27)
2026-04-29 08:40:51,600 - INFO - [render-loss] step=46200 kept 35/64 samples (t_value >= 0.50)
2026-04-29 08:42:46,284 - INFO - Step   46400 | Epoch  46 | MSE: 0.4546 | Steps/sec: 1.74 | LR: 1.76e-04 | Render_L1: 0.0281 | Alpha_L1: 0.0385 | Render_LPIPS: 0.1974 | cos(c,null): +0.1066 | GradNorm: 0.0329 | MSE/t: [0.00-0.50]0.524(n=6435) [0.50-0.85]0.387(n=5834) [0.85-0.95]0.353(n=513) [0.95-1.00]0.293(n=18)
2026-04-29 08:42:46,385 - INFO - [render-loss] step=46400 kept 37/64 samples (t_value >= 0.50)
2026-04-29 08:44:41,216 - INFO - Step   46600 | Epoch  46 | MSE: 0.4653 | Steps/sec: 1.74 | LR: 1.76e-04 | Render_L1: 0.0286 | Alpha_L1: 0.0388 | Render_LPIPS: 0.1991 | cos(c,null): +0.1080 | GradNorm: 0.0270 | MSE/t: [0.00-0.50]0.532(n=6333) [0.50-0.85]0.405(n=5947) [0.85-0.95]0.341(n=501) [0.95-1.00]0.354(n=19)
2026-04-29 08:44:41,317 - INFO - [render-loss] step=46600 kept 28/64 samples (t_value >= 0.50)
2026-04-29 08:46:36,116 - INFO - Step   46800 | Epoch  46 | MSE: 0.4639 | Steps/sec: 1.74 | LR: 1.76e-04 | Render_L1: 0.0283 | Alpha_L1: 0.0384 | Render_LPIPS: 0.1968 | cos(c,null): +0.1068 | GradNorm: 0.0264 | MSE/t: [0.00-0.50]0.534(n=6429) [0.50-0.85]0.397(n=5832) [0.85-0.95]0.354(n=507) [0.95-1.00]0.312(n=32)
2026-04-29 08:46:36,217 - INFO - [render-loss] step=46800 kept 29/64 samples (t_value >= 0.50)
2026-04-29 08:48:31,293 - INFO - Step   47000 | Epoch  47 | MSE: 0.4577 | Steps/sec: 1.74 | LR: 1.75e-04 | Render_L1: 0.0282 | Alpha_L1: 0.0383 | Render_LPIPS: 0.1957 | cos(c,null): +0.1077 | GradNorm: 0.0262 | MSE/t: [0.00-0.50]0.526(n=6419) [0.50-0.85]0.393(n=5882) [0.85-0.95]0.337(n=488) [0.95-1.00]0.312(n=11)
2026-04-29 08:48:31,503 - INFO - [cond] cfg_signal=0.0679 (min=0.0413 max=0.1094, n=16) | class_signal=0.0918 (min=0.0377 max=0.1481, n=16) | pred_rms=0.6837
2026-04-29 08:48:39,657 - INFO - [validation] saved: output/jit_B8_20260429_042413/dit_validation/epoch_047_step_0047000_class090.png (class=90, sampler=heun, steps=100)
2026-04-29 08:48:41,297 - INFO - [overrides] applied from jit/configs/overrides.yaml: lr_scale=1.0 max_grad_norm=5.0 null_repel_weight=0.0 P_mean=0.0
2026-04-29 08:48:41,394 - INFO - [render-loss] step=47000 kept 30/64 samples (t_value >= 0.50)
2026-04-29 08:50:36,181 - INFO - Step   47200 | Epoch  47 | MSE: 0.4569 | Steps/sec: 1.60 | LR: 1.75e-04 | Render_L1: 0.0277 | Alpha_L1: 0.0377 | Render_LPIPS: 0.1951 | cos(c,null): +0.1095 | GradNorm: 0.0266 | MSE/t: [0.00-0.50]0.519(n=6542) [0.50-0.85]0.397(n=5769) [0.85-0.95]0.328(n=470) [0.95-1.00]0.280(n=19)
2026-04-29 08:50:36,282 - INFO - [render-loss] step=47200 kept 32/64 samples (t_value >= 0.50)
2026-04-29 08:52:31,617 - INFO - Step   47400 | Epoch  47 | MSE: 0.4599 | Steps/sec: 1.73 | LR: 1.75e-04 | Render_L1: 0.0280 | Alpha_L1: 0.0383 | Render_LPIPS: 0.1955 | cos(c,null): +0.1108 | GradNorm: 0.0286 | MSE/t: [0.00-0.50]0.530(n=6412) [0.50-0.85]0.392(n=5857) [0.85-0.95]0.358(n=510) [0.95-1.00]0.286(n=21)
2026-04-29 08:52:31,718 - INFO - [render-loss] step=47400 kept 27/64 samples (t_value >= 0.50)
2026-04-29 08:54:26,966 - INFO - Step   47600 | Epoch  47 | MSE: 0.4583 | Steps/sec: 1.73 | LR: 1.75e-04 | Render_L1: 0.0276 | Alpha_L1: 0.0381 | Render_LPIPS: 0.1952 | cos(c,null): +0.1120 | GradNorm: 0.0328 | MSE/t: [0.00-0.50]0.528(n=6396) [0.50-0.85]0.392(n=5896) [0.85-0.95]0.355(n=481) [0.95-1.00]0.352(n=27)
2026-04-29 08:54:27,067 - INFO - [render-loss] step=47600 kept 34/64 samples (t_value >= 0.50)
2026-04-29 08:56:22,059 - INFO - Step   47800 | Epoch  47 | MSE: 0.4611 | Steps/sec: 1.74 | LR: 1.75e-04 | Render_L1: 0.0277 | Alpha_L1: 0.0383 | Render_LPIPS: 0.1951 | cos(c,null): +0.1131 | GradNorm: 0.0264 | MSE/t: [0.00-0.50]0.532(n=6397) [0.50-0.85]0.394(n=5869) [0.85-0.95]0.350(n=513) [0.95-1.00]0.343(n=21)
2026-04-29 08:56:22,161 - INFO - [render-loss] step=47800 kept 30/64 samples (t_value >= 0.50)
2026-04-29 08:58:17,229 - INFO - Step   48000 | Epoch  48 | MSE: 0.4570 | Steps/sec: 1.74 | LR: 1.74e-04 | Render_L1: 0.0275 | Alpha_L1: 0.0375 | Render_LPIPS: 0.1944 | cos(c,null): +0.1131 | GradNorm: 0.0285 | MSE/t: [0.00-0.50]0.528(n=6345) [0.50-0.85]0.391(n=5888) [0.85-0.95]0.346(n=541) [0.95-1.00]0.333(n=26)
2026-04-29 08:58:17,441 - INFO - [cond] cfg_signal=0.0672 (min=0.0437 max=0.1059, n=16) | class_signal=0.0891 (min=0.0432 max=0.1355, n=16) | pred_rms=0.6616
2026-04-29 08:58:25,662 - INFO - [validation] saved: output/jit_B8_20260429_042413/dit_validation/epoch_048_step_0048000_class079.png (class=79, sampler=heun, steps=100)
2026-04-29 08:58:26,837 - INFO - [overrides] applied from jit/configs/overrides.yaml: lr_scale=1.0 max_grad_norm=5.0 null_repel_weight=0.0 P_mean=0.0
2026-04-29 08:58:26,935 - INFO - [render-loss] step=48000 kept 34/64 samples (t_value >= 0.50)
2026-04-29 09:00:21,459 - INFO - Step   48200 | Epoch  48 | MSE: 0.4626 | Steps/sec: 1.61 | LR: 1.74e-04 | Render_L1: 0.0284 | Alpha_L1: 0.0387 | Render_LPIPS: 0.1962 | cos(c,null): +0.1140 | GradNorm: 0.0301 | MSE/t: [0.00-0.50]0.532(n=6424) [0.50-0.85]0.397(n=5847) [0.85-0.95]0.340(n=506) [0.95-1.00]0.302(n=23)
2026-04-29 09:00:21,559 - INFO - [render-loss] step=48200 kept 33/64 samples (t_value >= 0.50)
2026-04-29 09:02:16,732 - INFO - Step   48400 | Epoch  48 | MSE: 0.4616 | Steps/sec: 1.74 | LR: 1.74e-04 | Render_L1: 0.0279 | Alpha_L1: 0.0382 | Render_LPIPS: 0.1963 | cos(c,null): +0.1112 | GradNorm: 0.0275 | MSE/t: [0.00-0.50]0.524(n=6302) [0.50-0.85]0.403(n=6007) [0.85-0.95]0.373(n=476) [0.95-1.00]0.383(n=15)
2026-04-29 09:02:16,834 - INFO - [render-loss] step=48400 kept 37/64 samples (t_value >= 0.50)
2026-04-29 09:04:11,718 - INFO - Step   48600 | Epoch  48 | MSE: 0.4594 | Steps/sec: 1.74 | LR: 1.74e-04 | Render_L1: 0.0275 | Alpha_L1: 0.0377 | Render_LPIPS: 0.1933 | cos(c,null): +0.1085 | GradNorm: 0.0280 | MSE/t: [0.00-0.50]0.529(n=6448) [0.50-0.85]0.392(n=5827) [0.85-0.95]0.354(n=503) [0.95-1.00]0.297(n=22)
2026-04-29 09:04:11,820 - INFO - [render-loss] step=48600 kept 35/64 samples (t_value >= 0.50)
2026-04-29 09:06:07,223 - INFO - Step   48800 | Epoch  49 | MSE: 0.4614 | Steps/sec: 1.73 | LR: 1.73e-04 | Render_L1: 0.0277 | Alpha_L1: 0.0379 | Render_LPIPS: 0.1939 | cos(c,null): +0.1098 | GradNorm: 0.0295 | MSE/t: [0.00-0.50]0.534(n=6273) [0.50-0.85]0.394(n=6005) [0.85-0.95]0.364(n=497) [0.95-1.00]0.337(n=25)
2026-04-29 09:06:07,324 - INFO - [render-loss] step=48800 kept 34/64 samples (t_value >= 0.50)
2026-04-29 09:08:02,237 - INFO - Step   49000 | Epoch  49 | MSE: 0.4594 | Steps/sec: 1.74 | LR: 1.73e-04 | Render_L1: 0.0273 | Alpha_L1: 0.0373 | Render_LPIPS: 0.1922 | cos(c,null): +0.1121 | GradNorm: 0.0316 | MSE/t: [0.00-0.50]0.531(n=6413) [0.50-0.85]0.393(n=5831) [0.85-0.95]0.336(n=535) [0.95-1.00]0.271(n=21)
2026-04-29 09:08:02,448 - INFO - [cond] cfg_signal=0.0709 (min=0.0462 max=0.1139, n=16) | class_signal=0.0954 (min=0.0487 max=0.1647, n=16) | pred_rms=0.6631
2026-04-29 09:08:10,549 - INFO - [validation] saved: output/jit_B8_20260429_042413/dit_validation/epoch_049_step_0049000_class095.png (class=95, sampler=heun, steps=100)
2026-04-29 09:08:11,760 - INFO - [overrides] applied from jit/configs/overrides.yaml: lr_scale=1.0 max_grad_norm=5.0 null_repel_weight=0.0 P_mean=0.0
2026-04-29 09:08:11,855 - INFO - [render-loss] step=49000 kept 30/64 samples (t_value >= 0.50)
2026-04-29 09:10:07,445 - INFO - Step   49200 | Epoch  49 | MSE: 0.4606 | Steps/sec: 1.60 | LR: 1.73e-04 | Render_L1: 0.0278 | Alpha_L1: 0.0380 | Render_LPIPS: 0.1942 | cos(c,null): +0.1135 | GradNorm: 0.0303 | MSE/t: [0.00-0.50]0.533(n=6353) [0.50-0.85]0.393(n=5948) [0.85-0.95]0.349(n=477) [0.95-1.00]0.401(n=22)
2026-04-29 09:10:07,546 - INFO - [render-loss] step=49200 kept 34/64 samples (t_value >= 0.50)
2026-04-29 09:12:02,452 - INFO - Step   49400 | Epoch  49 | MSE: 0.4582 | Steps/sec: 1.74 | LR: 1.73e-04 | Render_L1: 0.0277 | Alpha_L1: 0.0384 | Render_LPIPS: 0.1938 | cos(c,null): +0.1139 | GradNorm: 0.0294 | MSE/t: [0.00-0.50]0.522(n=6544) [0.50-0.85]0.397(n=5755) [0.85-0.95]0.334(n=480) [0.95-1.00]0.321(n=21)
2026-04-29 09:12:02,553 - INFO - [render-loss] step=49400 kept 23/64 samples (t_value >= 0.50)
2026-04-29 09:13:57,337 - INFO - Step   49600 | Epoch  49 | MSE: 0.4612 | Steps/sec: 1.74 | LR: 1.73e-04 | Render_L1: 0.0274 | Alpha_L1: 0.0375 | Render_LPIPS: 0.1917 | cos(c,null): +0.1098 | GradNorm: 0.0336 | MSE/t: [0.00-0.50]0.536(n=6367) [0.50-0.85]0.391(n=5917) [0.85-0.95]0.351(n=496) [0.95-1.00]0.265(n=20)
2026-04-29 09:13:57,438 - INFO - [render-loss] step=49600 kept 34/64 samples (t_value >= 0.50)
2026-04-29 09:15:52,537 - INFO - Step   49800 | Epoch  50 | MSE: 0.4617 | Steps/sec: 1.74 | LR: 1.72e-04 | Render_L1: 0.0277 | Alpha_L1: 0.0375 | Render_LPIPS: 0.1941 | cos(c,null): +0.1068 | GradNorm: 0.0307 | MSE/t: [0.00-0.50]0.531(n=6372) [0.50-0.85]0.398(n=5893) [0.85-0.95]0.344(n=511) [0.95-1.00]0.376(n=24)
2026-04-29 09:15:52,637 - INFO - [render-loss] step=49800 kept 36/64 samples (t_value >= 0.50)
2026-04-29 09:17:47,994 - INFO - Step   50000 | Epoch  50 | MSE: 0.4610 | Steps/sec: 1.73 | LR: 1.72e-04 | Render_L1: 0.0278 | Alpha_L1: 0.0373 | Render_LPIPS: 0.1941 | cos(c,null): +0.1101 | GradNorm: 0.0304 | MSE/t: [0.00-0.50]0.527(n=6424) [0.50-0.85]0.398(n=5826) [0.85-0.95]0.357(n=530) [0.95-1.00]0.341(n=20)
2026-04-29 09:17:48,205 - INFO - [cond] cfg_signal=0.0688 (min=0.0427 max=0.1219, n=16) | class_signal=0.0927 (min=0.0385 max=0.1489, n=16) | pred_rms=0.6622
2026-04-29 09:17:56,404 - INFO - [validation] saved: output/jit_B8_20260429_042413/dit_validation/epoch_050_step_0050000_class025.png (class=25, sampler=heun, steps=100)
2026-04-29 09:17:57,626 - INFO - [overrides] applied from jit/configs/overrides.yaml: lr_scale=1.0 max_grad_norm=5.0 null_repel_weight=0.0 P_mean=0.0
2026-04-29 09:17:57,724 - INFO - [render-loss] step=50000 kept 30/64 samples (t_value >= 0.50)
2026-04-29 09:19:53,373 - INFO - Step   50200 | Epoch  50 | MSE: 0.4593 | Steps/sec: 1.60 | LR: 1.72e-04 | Render_L1: 0.0278 | Alpha_L1: 0.0380 | Render_LPIPS: 0.1941 | cos(c,null): +0.1140 | GradNorm: 0.0371 | MSE/t: [0.00-0.50]0.525(n=6344) [0.50-0.85]0.399(n=5919) [0.85-0.95]0.342(n=518) [0.95-1.00]0.301(n=19)
2026-04-29 09:19:53,475 - INFO - [render-loss] step=50200 kept 35/64 samples (t_value >= 0.50)
2026-04-29 09:21:48,668 - INFO - Step   50400 | Epoch  50 | MSE: 0.4605 | Steps/sec: 1.73 | LR: 1.72e-04 | Render_L1: 0.0275 | Alpha_L1: 0.0374 | Render_LPIPS: 0.1925 | cos(c,null): +0.1156 | GradNorm: 0.0344 | MSE/t: [0.00-0.50]0.530(n=6393) [0.50-0.85]0.395(n=5885) [0.85-0.95]0.352(n=506) [0.95-1.00]0.367(n=16)
2026-04-29 09:21:48,769 - INFO - [render-loss] step=50400 kept 26/64 samples (t_value >= 0.50)
2026-04-29 09:23:43,906 - INFO - Step   50600 | Epoch  50 | MSE: 0.4577 | Steps/sec: 1.74 | LR: 1.72e-04 | Render_L1: 0.0275 | Alpha_L1: 0.0382 | Render_LPIPS: 0.1930 | cos(c,null): +0.1174 | GradNorm: 0.0633 | MSE/t: [0.00-0.50]0.524(n=6396) [0.50-0.85]0.395(n=5840) [0.85-0.95]0.359(n=535) [0.95-1.00]0.321(n=29)
2026-04-29 09:23:44,007 - INFO - [render-loss] step=50600 kept 33/64 samples (t_value >= 0.50)
2026-04-29 09:25:39,036 - INFO - Step   50800 | Epoch  51 | MSE: 0.4624 | Steps/sec: 1.74 | LR: 1.71e-04 | Render_L1: 0.0274 | Alpha_L1: 0.0375 | Render_LPIPS: 0.1918 | cos(c,null): +0.1151 | GradNorm: 0.0330 | MSE/t: [0.00-0.50]0.536(n=6436) [0.50-0.85]0.392(n=5817) [0.85-0.95]0.344(n=526) [0.95-1.00]0.319(n=21)
2026-04-29 09:25:39,136 - INFO - [render-loss] step=50800 kept 32/64 samples (t_value >= 0.50)
2026-04-29 09:27:34,034 - INFO - Step   51000 | Epoch  51 | MSE: 0.4568 | Steps/sec: 1.74 | LR: 1.71e-04 | Render_L1: 0.0273 | Alpha_L1: 0.0367 | Render_LPIPS: 0.1909 | cos(c,null): +0.1161 | GradNorm: 0.0306 | MSE/t: [0.00-0.50]0.526(n=6429) [0.50-0.85]0.392(n=5861) [0.85-0.95]0.333(n=492) [0.95-1.00]0.259(n=18)
2026-04-29 09:27:34,241 - INFO - [cond] cfg_signal=0.0728 (min=0.0459 max=0.1288, n=16) | class_signal=0.0991 (min=0.0427 max=0.1669, n=16) | pred_rms=0.6925
2026-04-29 09:27:42,411 - INFO - [validation] saved: output/jit_B8_20260429_042413/dit_validation/epoch_051_step_0051000_class041.png (class=41, sampler=heun, steps=100)
2026-04-29 09:27:43,642 - INFO - [overrides] applied from jit/configs/overrides.yaml: lr_scale=1.0 max_grad_norm=5.0 null_repel_weight=0.0 P_mean=0.0
2026-04-29 09:27:43,738 - INFO - [render-loss] step=51000 kept 30/64 samples (t_value >= 0.50)
2026-04-29 09:29:38,555 - INFO - Step   51200 | Epoch  51 | MSE: 0.4584 | Steps/sec: 1.61 | LR: 1.71e-04 | Render_L1: 0.0273 | Alpha_L1: 0.0378 | Render_LPIPS: 0.1912 | cos(c,null): +0.1163 | GradNorm: 0.0414 | MSE/t: [0.00-0.50]0.523(n=6514) [0.50-0.85]0.394(n=5766) [0.85-0.95]0.360(n=505) [0.95-1.00]0.361(n=15)
2026-04-29 09:29:38,656 - INFO - [render-loss] step=51200 kept 37/64 samples (t_value >= 0.50)
2026-04-29 09:31:34,030 - INFO - Step   51400 | Epoch  51 | MSE: 0.4596 | Steps/sec: 1.73 | LR: 1.71e-04 | Render_L1: 0.0276 | Alpha_L1: 0.0371 | Render_LPIPS: 0.1913 | cos(c,null): +0.1172 | GradNorm: 0.0326 | MSE/t: [0.00-0.50]0.529(n=6292) [0.50-0.85]0.398(n=5957) [0.85-0.95]0.330(n=535) [0.95-1.00]0.289(n=16)
2026-04-29 09:31:34,131 - INFO - [render-loss] step=51400 kept 28/64 samples (t_value >= 0.50)
2026-04-29 09:33:28,559 - INFO - Step   51600 | Epoch  51 | MSE: 0.4611 | Steps/sec: 1.75 | LR: 1.70e-04 | Render_L1: 0.0275 | Alpha_L1: 0.0372 | Render_LPIPS: 0.1908 | cos(c,null): +0.1188 | GradNorm: 0.0343 | MSE/t: [0.00-0.50]0.530(n=6456) [0.50-0.85]0.395(n=5788) [0.85-0.95]0.349(n=536) [0.95-1.00]0.288(n=20)
2026-04-29 09:33:28,660 - INFO - [render-loss] step=51600 kept 36/64 samples (t_value >= 0.50)
2026-04-29 09:35:23,928 - INFO - Step   51800 | Epoch  52 | MSE: 0.4591 | Steps/sec: 1.73 | LR: 1.70e-04 | Render_L1: 0.0275 | Alpha_L1: 0.0369 | Render_LPIPS: 0.1920 | cos(c,null): +0.1190 | GradNorm: 0.0337 | MSE/t: [0.00-0.50]0.529(n=6425) [0.50-0.85]0.392(n=5826) [0.85-0.95]0.357(n=520) [0.95-1.00]0.330(n=29)
2026-04-29 09:35:24,029 - INFO - [render-loss] step=51800 kept 32/64 samples (t_value >= 0.50)
2026-04-29 09:37:19,019 - INFO - Step   52000 | Epoch  52 | MSE: 0.4591 | Steps/sec: 1.74 | LR: 1.70e-04 | Render_L1: 0.0272 | Alpha_L1: 0.0365 | Render_LPIPS: 0.1899 | cos(c,null): +0.1182 | GradNorm: 0.0322 | MSE/t: [0.00-0.50]0.527(n=6418) [0.50-0.85]0.395(n=5852) [0.85-0.95]0.345(n=518) [0.95-1.00]0.305(n=12)
2026-04-29 09:37:19,230 - INFO - [cond] cfg_signal=0.0727 (min=0.0455 max=0.1453, n=16) | class_signal=0.0964 (min=0.0438 max=0.1579, n=16) | pred_rms=0.6652
2026-04-29 09:37:27,479 - INFO - [validation] saved: output/jit_B8_20260429_042413/dit_validation/epoch_052_step_0052000_class009.png (class=9, sampler=heun, steps=100)
2026-04-29 09:37:28,716 - INFO - [overrides] applied from jit/configs/overrides.yaml: lr_scale=1.0 max_grad_norm=5.0 null_repel_weight=0.0 P_mean=0.0
2026-04-29 09:37:28,812 - INFO - [render-loss] step=52000 kept 35/64 samples (t_value >= 0.50)
2026-04-29 09:39:23,905 - INFO - Step   52200 | Epoch  52 | MSE: 0.4621 | Steps/sec: 1.60 | LR: 1.70e-04 | Render_L1: 0.0273 | Alpha_L1: 0.0365 | Render_LPIPS: 0.1908 | cos(c,null): +0.1180 | GradNorm: 0.0282 | MSE/t: [0.00-0.50]0.528(n=6395) [0.50-0.85]0.400(n=5880) [0.85-0.95]0.360(n=509) [0.95-1.00]0.350(n=16)
2026-04-29 09:39:24,007 - INFO - [render-loss] step=52200 kept 24/64 samples (t_value >= 0.50)
2026-04-29 09:41:18,400 - INFO - Step   52400 | Epoch  52 | MSE: 0.4644 | Steps/sec: 1.75 | LR: 1.70e-04 | Render_L1: 0.0278 | Alpha_L1: 0.0369 | Render_LPIPS: 0.1924 | cos(c,null): +0.1176 | GradNorm: 0.0316 | MSE/t: [0.00-0.50]0.528(n=6497) [0.50-0.85]0.403(n=5790) [0.85-0.95]0.359(n=490) [0.95-1.00]0.253(n=23)
2026-04-29 09:41:18,502 - INFO - [render-loss] step=52400 kept 33/64 samples (t_value >= 0.50)
2026-04-29 09:43:13,575 - INFO - Step   52600 | Epoch  52 | MSE: 0.4583 | Steps/sec: 1.74 | LR: 1.69e-04 | Render_L1: 0.0270 | Alpha_L1: 0.0360 | Render_LPIPS: 0.1880 | cos(c,null): +0.1197 | GradNorm: 0.0309 | MSE/t: [0.00-0.50]0.525(n=6498) [0.50-0.85]0.390(n=5779) [0.85-0.95]0.384(n=500) [0.95-1.00]0.444(n=23)
2026-04-29 09:43:13,676 - INFO - [render-loss] step=52600 kept 26/64 samples (t_value >= 0.50)
2026-04-29 09:45:08,996 - INFO - Step   52800 | Epoch  53 | MSE: 0.4632 | Steps/sec: 1.73 | LR: 1.69e-04 | Render_L1: 0.0270 | Alpha_L1: 0.0366 | Render_LPIPS: 0.1895 | cos(c,null): +0.1200 | GradNorm: 0.0312 | MSE/t: [0.00-0.50]0.533(n=6443) [0.50-0.85]0.395(n=5881) [0.85-0.95]0.349(n=452) [0.95-1.00]0.374(n=24)
2026-04-29 09:45:09,098 - INFO - [render-loss] step=52800 kept 36/64 samples (t_value >= 0.50)
2026-04-29 09:47:03,769 - INFO - Step   53000 | Epoch  53 | MSE: 0.4603 | Steps/sec: 1.74 | LR: 1.69e-04 | Render_L1: 0.0270 | Alpha_L1: 0.0365 | Render_LPIPS: 0.1887 | cos(c,null): +0.1209 | GradNorm: 0.0330 | MSE/t: [0.00-0.50]0.526(n=6471) [0.50-0.85]0.397(n=5782) [0.85-0.95]0.354(n=529) [0.95-1.00]0.309(n=18)
2026-04-29 09:47:03,978 - INFO - [cond] cfg_signal=0.0682 (min=0.0434 max=0.1350, n=16) | class_signal=0.0890 (min=0.0416 max=0.1503, n=16) | pred_rms=0.6532
2026-04-29 09:47:12,186 - INFO - [validation] saved: output/jit_B8_20260429_042413/dit_validation/epoch_053_step_0053000_class089.png (class=89, sampler=heun, steps=100)
2026-04-29 09:47:13,425 - INFO - [overrides] applied from jit/configs/overrides.yaml: lr_scale=1.0 max_grad_norm=5.0 null_repel_weight=0.0 P_mean=0.0
2026-04-29 09:47:13,520 - INFO - [render-loss] step=53000 kept 40/64 samples (t_value >= 0.50)
2026-04-29 09:49:08,885 - INFO - Step   53200 | Epoch  53 | MSE: 0.4651 | Steps/sec: 1.60 | LR: 1.69e-04 | Render_L1: 0.0273 | Alpha_L1: 0.0367 | Render_LPIPS: 0.1892 | cos(c,null): +0.1176 | GradNorm: 0.0321 | MSE/t: [0.00-0.50]0.537(n=6403) [0.50-0.85]0.397(n=5870) [0.85-0.95]0.352(n=515) [0.95-1.00]0.244(n=12)
2026-04-29 09:49:08,985 - INFO - [render-loss] step=53200 kept 32/64 samples (t_value >= 0.50)
2026-04-29 09:51:03,851 - INFO - Step   53400 | Epoch  53 | MSE: 0.4569 | Steps/sec: 1.74 | LR: 1.68e-04 | Render_L1: 0.0269 | Alpha_L1: 0.0361 | Render_LPIPS: 0.1875 | cos(c,null): +0.1182 | GradNorm: 0.0302 | MSE/t: [0.00-0.50]0.526(n=6416) [0.50-0.85]0.391(n=5808) [0.85-0.95]0.346(n=556) [0.95-1.00]0.423(n=20)
2026-04-29 09:51:03,951 - INFO - [render-loss] step=53400 kept 34/64 samples (t_value >= 0.50)
2026-04-29 09:52:58,665 - INFO - Step   53600 | Epoch  53 | MSE: 0.4614 | Steps/sec: 1.74 | LR: 1.68e-04 | Render_L1: 0.0270 | Alpha_L1: 0.0364 | Render_LPIPS: 0.1891 | cos(c,null): +0.1192 | GradNorm: 0.0314 | MSE/t: [0.00-0.50]0.530(n=6451) [0.50-0.85]0.394(n=5795) [0.85-0.95]0.367(n=530) [0.95-1.00]0.343(n=24)
2026-04-29 09:52:58,766 - INFO - [render-loss] step=53600 kept 36/64 samples (t_value >= 0.50)
2026-04-29 09:54:54,298 - INFO - Step   53800 | Epoch  54 | MSE: 0.4629 | Steps/sec: 1.73 | LR: 1.68e-04 | Render_L1: 0.0271 | Alpha_L1: 0.0364 | Render_LPIPS: 0.1885 | cos(c,null): +0.1215 | GradNorm: 0.0395 | MSE/t: [0.00-0.50]0.535(n=6379) [0.50-0.85]0.395(n=5870) [0.85-0.95]0.353(n=533) [0.95-1.00]0.340(n=18)
2026-04-29 09:54:54,398 - INFO - [render-loss] step=53800 kept 27/64 samples (t_value >= 0.50)
2026-04-29 09:56:49,193 - INFO - Step   54000 | Epoch  54 | MSE: 0.4573 | Steps/sec: 1.74 | LR: 1.68e-04 | Render_L1: 0.0271 | Alpha_L1: 0.0368 | Render_LPIPS: 0.1887 | cos(c,null): +0.1240 | GradNorm: 0.0384 | MSE/t: [0.00-0.50]0.522(n=6502) [0.50-0.85]0.394(n=5763) [0.85-0.95]0.350(n=515) [0.95-1.00]0.279(n=20)
2026-04-29 09:56:49,405 - INFO - [cond] cfg_signal=0.0684 (min=0.0484 max=0.1151, n=16) | class_signal=0.0898 (min=0.0459 max=0.1415, n=16) | pred_rms=0.6826
2026-04-29 09:56:57,587 - INFO - [validation] saved: output/jit_B8_20260429_042413/dit_validation/epoch_054_step_0054000_class015.png (class=15, sampler=heun, steps=100)
2026-04-29 09:56:58,856 - INFO - [overrides] applied from jit/configs/overrides.yaml: lr_scale=1.0 max_grad_norm=5.0 null_repel_weight=0.0 P_mean=0.0
2026-04-29 09:56:58,952 - INFO - [render-loss] step=54000 kept 35/64 samples (t_value >= 0.50)
2026-04-29 09:58:53,981 - INFO - Step   54200 | Epoch  54 | MSE: 0.4617 | Steps/sec: 1.61 | LR: 1.68e-04 | Render_L1: 0.0269 | Alpha_L1: 0.0360 | Render_LPIPS: 0.1887 | cos(c,null): +0.1253 | GradNorm: 0.0348 | MSE/t: [0.00-0.50]0.528(n=6488) [0.50-0.85]0.396(n=5785) [0.85-0.95]0.362(n=507) [0.95-1.00]0.301(n=20)
2026-04-29 09:58:54,081 - INFO - [render-loss] step=54200 kept 32/64 samples (t_value >= 0.50)
2026-04-29 10:00:48,923 - INFO - Step   54400 | Epoch  54 | MSE: 0.4587 | Steps/sec: 1.74 | LR: 1.67e-04 | Render_L1: 0.0269 | Alpha_L1: 0.0366 | Render_LPIPS: 0.1879 | cos(c,null): +0.1255 | GradNorm: 0.0346 | MSE/t: [0.00-0.50]0.528(n=6374) [0.50-0.85]0.396(n=5866) [0.85-0.95]0.331(n=533) [0.95-1.00]0.288(n=27)
2026-04-29 10:00:49,024 - INFO - [render-loss] step=54400 kept 31/64 samples (t_value >= 0.50)
2026-04-29 10:02:43,839 - INFO - Step   54600 | Epoch  54 | MSE: 0.4645 | Steps/sec: 1.74 | LR: 1.67e-04 | Render_L1: 0.0269 | Alpha_L1: 0.0361 | Render_LPIPS: 0.1884 | cos(c,null): +0.1254 | GradNorm: 0.0316 | MSE/t: [0.00-0.50]0.527(n=6456) [0.50-0.85]0.406(n=5841) [0.85-0.95]0.345(n=479) [0.95-1.00]0.328(n=24)
2026-04-29 10:02:43,940 - INFO - [render-loss] step=54600 kept 35/64 samples (t_value >= 0.50)
2026-04-29 10:04:39,266 - INFO - Step   54800 | Epoch  55 | MSE: 0.4602 | Steps/sec: 1.73 | LR: 1.67e-04 | Render_L1: 0.0266 | Alpha_L1: 0.0355 | Render_LPIPS: 0.1860 | cos(c,null): +0.1267 | GradNorm: 0.0331 | MSE/t: [0.00-0.50]0.533(n=6372) [0.50-0.85]0.391(n=5886) [0.85-0.95]0.345(n=526) [0.95-1.00]0.461(n=16)
2026-04-29 10:04:39,367 - INFO - [render-loss] step=54800 kept 35/64 samples (t_value >= 0.50)
2026-04-29 10:06:34,552 - INFO - Step   55000 | Epoch  55 | MSE: 0.4533 | Steps/sec: 1.73 | LR: 1.67e-04 | Render_L1: 0.0266 | Alpha_L1: 0.0355 | Render_LPIPS: 0.1861 | cos(c,null): +0.1221 | GradNorm: 0.0320 | MSE/t: [0.00-0.50]0.517(n=6352) [0.50-0.85]0.392(n=5933) [0.85-0.95]0.359(n=493) [0.95-1.00]0.465(n=22)
2026-04-29 10:06:34,757 - INFO - [cond] cfg_signal=0.0703 (min=0.0453 max=0.1186, n=16) | class_signal=0.0935 (min=0.0550 max=0.1441, n=16) | pred_rms=0.6578
2026-04-29 10:06:42,939 - INFO - [validation] saved: output/jit_B8_20260429_042413/dit_validation/epoch_055_step_0055000_class029.png (class=29, sampler=heun, steps=100)
2026-04-29 10:06:44,222 - INFO - [overrides] applied from jit/configs/overrides.yaml: lr_scale=1.0 max_grad_norm=5.0 null_repel_weight=0.0 P_mean=0.0
2026-04-29 10:06:44,318 - INFO - [render-loss] step=55000 kept 36/64 samples (t_value >= 0.50)
2026-04-29 10:08:39,542 - INFO - Step   55200 | Epoch  55 | MSE: 0.4594 | Steps/sec: 1.60 | LR: 1.66e-04 | Render_L1: 0.0266 | Alpha_L1: 0.0358 | Render_LPIPS: 0.1848 | cos(c,null): +0.1224 | GradNorm: 0.0342 | MSE/t: [0.00-0.50]0.530(n=6455) [0.50-0.85]0.392(n=5817) [0.85-0.95]0.337(n=506) [0.95-1.00]0.347(n=22)
2026-04-29 10:08:39,642 - INFO - [render-loss] step=55200 kept 20/64 samples (t_value >= 0.50)
2026-04-29 10:10:34,943 - INFO - Step   55400 | Epoch  55 | MSE: 0.4591 | Steps/sec: 1.73 | LR: 1.66e-04 | Render_L1: 0.0266 | Alpha_L1: 0.0358 | Render_LPIPS: 0.1861 | cos(c,null): +0.1253 | GradNorm: 0.0314 | MSE/t: [0.00-0.50]0.525(n=6464) [0.50-0.85]0.396(n=5797) [0.85-0.95]0.358(n=507) [0.95-1.00]0.348(n=32)
2026-04-29 10:10:35,044 - INFO - [render-loss] step=55400 kept 34/64 samples (t_value >= 0.50)
2026-04-29 10:12:30,313 - INFO - Step   55600 | Epoch  55 | MSE: 0.4590 | Steps/sec: 1.73 | LR: 1.66e-04 | Render_L1: 0.0271 | Alpha_L1: 0.0363 | Render_LPIPS: 0.1875 | cos(c,null): +0.1244 | GradNorm: 0.0453 | MSE/t: [0.00-0.50]0.529(n=6273) [0.50-0.85]0.396(n=6013) [0.85-0.95]0.349(n=486) [0.95-1.00]0.336(n=28)
2026-04-29 10:12:30,414 - INFO - [render-loss] step=55600 kept 36/64 samples (t_value >= 0.50)
2026-04-29 10:14:25,599 - INFO - Step   55800 | Epoch  56 | MSE: 0.4602 | Steps/sec: 1.73 | LR: 1.66e-04 | Render_L1: 0.0274 | Alpha_L1: 0.0375 | Render_LPIPS: 0.1922 | cos(c,null): +0.1234 | GradNorm: 0.5230 | MSE/t: [0.00-0.50]0.530(n=6357) [0.50-0.85]0.395(n=5891) [0.85-0.95]0.349(n=533) [0.95-1.00]0.372(n=19)
2026-04-29 10:14:25,701 - INFO - [render-loss] step=55800 kept 35/64 samples (t_value >= 0.50)
2026-04-29 10:16:20,878 - INFO - Step   56000 | Epoch  56 | MSE: 0.4669 | Steps/sec: 1.73 | LR: 1.66e-04 | Render_L1: 0.0271 | Alpha_L1: 0.0361 | Render_LPIPS: 0.1888 | cos(c,null): +0.1265 | GradNorm: 0.0341 | MSE/t: [0.00-0.50]0.533(n=6401) [0.50-0.85]0.405(n=5864) [0.85-0.95]0.355(n=514) [0.95-1.00]0.346(n=21)
2026-04-29 10:16:21,086 - INFO - [cond] cfg_signal=0.0727 (min=0.0500 max=0.1280, n=16) | class_signal=0.0941 (min=0.0466 max=0.1367, n=16) | pred_rms=0.6544
2026-04-29 10:16:29,226 - INFO - [validation] saved: output/jit_B8_20260429_042413/dit_validation/epoch_056_step_0056000_class090.png (class=90, sampler=heun, steps=100)
2026-04-29 10:16:30,516 - INFO - [overrides] applied from jit/configs/overrides.yaml: lr_scale=1.0 max_grad_norm=5.0 null_repel_weight=0.0 P_mean=0.0
2026-04-29 10:16:30,612 - INFO - [render-loss] step=56000 kept 33/64 samples (t_value >= 0.50)
2026-04-29 10:18:25,656 - INFO - Step   56200 | Epoch  56 | MSE: 0.4575 | Steps/sec: 1.61 | LR: 1.65e-04 | Render_L1: 0.0265 | Alpha_L1: 0.0356 | Render_LPIPS: 0.1852 | cos(c,null): +0.1274 | GradNorm: 0.0350 | MSE/t: [0.00-0.50]0.525(n=6423) [0.50-0.85]0.394(n=5855) [0.85-0.95]0.341(n=497) [0.95-1.00]0.310(n=25)
2026-04-29 10:18:25,758 - INFO - [render-loss] step=56200 kept 27/64 samples (t_value >= 0.50)
2026-04-29 10:20:20,579 - INFO - Step   56400 | Epoch  56 | MSE: 0.4617 | Steps/sec: 1.74 | LR: 1.65e-04 | Render_L1: 0.0262 | Alpha_L1: 0.0351 | Render_LPIPS: 0.1848 | cos(c,null): +0.1270 | GradNorm: 0.0332 | MSE/t: [0.00-0.50]0.530(n=6417) [0.50-0.85]0.398(n=5859) [0.85-0.95]0.334(n=498) [0.95-1.00]0.384(n=26)
2026-04-29 10:20:20,681 - INFO - [render-loss] step=56400 kept 35/64 samples (t_value >= 0.50)
2026-04-29 10:22:15,186 - INFO - Step   56600 | Epoch  56 | MSE: 0.4617 | Steps/sec: 1.75 | LR: 1.65e-04 | Render_L1: 0.0262 | Alpha_L1: 0.0351 | Render_LPIPS: 0.1838 | cos(c,null): +0.1289 | GradNorm: 0.0337 | MSE/t: [0.00-0.50]0.531(n=6456) [0.50-0.85]0.394(n=5802) [0.85-0.95]0.359(n=528) [0.95-1.00]0.316(n=14)
2026-04-29 10:22:15,287 - INFO - [render-loss] step=56600 kept 25/64 samples (t_value >= 0.50)
2026-04-29 10:24:09,948 - INFO - Step   56800 | Epoch  57 | MSE: 0.4586 | Steps/sec: 1.74 | LR: 1.65e-04 | Render_L1: 0.0266 | Alpha_L1: 0.0351 | Render_LPIPS: 0.1846 | cos(c,null): +0.1285 | GradNorm: 0.0354 | MSE/t: [0.00-0.50]0.524(n=6390) [0.50-0.85]0.398(n=5873) [0.85-0.95]0.346(n=518) [0.95-1.00]0.283(n=19)
2026-04-29 10:24:10,049 - INFO - [render-loss] step=56800 kept 29/64 samples (t_value >= 0.50)
2026-04-29 10:26:04,687 - INFO - Step   57000 | Epoch  57 | MSE: 0.4570 | Steps/sec: 1.74 | LR: 1.64e-04 | Render_L1: 0.0260 | Alpha_L1: 0.0345 | Render_LPIPS: 0.1828 | cos(c,null): +0.1263 | GradNorm: 0.0325 | MSE/t: [0.00-0.50]0.520(n=6440) [0.50-0.85]0.396(n=5867) [0.85-0.95]0.353(n=470) [0.95-1.00]0.344(n=23)
2026-04-29 10:26:04,896 - INFO - [cond] cfg_signal=0.0732 (min=0.0499 max=0.1253, n=16) | class_signal=0.0978 (min=0.0546 max=0.1638, n=16) | pred_rms=0.6593
2026-04-29 10:26:13,111 - INFO - [validation] saved: output/jit_B8_20260429_042413/dit_validation/epoch_057_step_0057000_class029.png (class=29, sampler=heun, steps=100)
2026-04-29 10:26:14,407 - INFO - [overrides] applied from jit/configs/overrides.yaml: lr_scale=1.0 max_grad_norm=5.0 null_repel_weight=0.0 P_mean=0.0
2026-04-29 10:26:14,503 - INFO - [render-loss] step=57000 kept 34/64 samples (t_value >= 0.50)
2026-04-29 10:28:09,541 - INFO - Step   57200 | Epoch  57 | MSE: 0.4596 | Steps/sec: 1.60 | LR: 1.64e-04 | Render_L1: 0.0260 | Alpha_L1: 0.0349 | Render_LPIPS: 0.1826 | cos(c,null): +0.1279 | GradNorm: 0.0329 | MSE/t: [0.00-0.50]0.532(n=6405) [0.50-0.85]0.390(n=5845) [0.85-0.95]0.360(n=524) [0.95-1.00]0.351(n=26)
2026-04-29 10:28:09,642 - INFO - [render-loss] step=57200 kept 38/64 samples (t_value >= 0.50)
2026-04-29 10:30:04,999 - INFO - Step   57400 | Epoch  57 | MSE: 0.4596 | Steps/sec: 1.73 | LR: 1.64e-04 | Render_L1: 0.0266 | Alpha_L1: 0.0353 | Render_LPIPS: 0.1853 | cos(c,null): +0.1290 | GradNorm: 0.0347 | MSE/t: [0.00-0.50]0.527(n=6321) [0.50-0.85]0.397(n=5951) [0.85-0.95]0.358(n=502) [0.95-1.00]0.298(n=26)
2026-04-29 10:30:05,101 - INFO - [render-loss] step=57400 kept 31/64 samples (t_value >= 0.50)
2026-04-29 10:32:00,026 - INFO - Step   57600 | Epoch  57 | MSE: 0.4634 | Steps/sec: 1.74 | LR: 1.64e-04 | Render_L1: 0.0261 | Alpha_L1: 0.0351 | Render_LPIPS: 0.1840 | cos(c,null): +0.1292 | GradNorm: 0.0317 | MSE/t: [0.00-0.50]0.532(n=6352) [0.50-0.85]0.401(n=5917) [0.85-0.95]0.340(n=507) [0.95-1.00]0.287(n=24)
2026-04-29 10:32:00,127 - INFO - [render-loss] step=57600 kept 30/64 samples (t_value >= 0.50)
2026-04-29 10:33:55,481 - INFO - Step   57800 | Epoch  58 | MSE: 0.4578 | Steps/sec: 1.73 | LR: 1.63e-04 | Render_L1: 0.0260 | Alpha_L1: 0.0348 | Render_LPIPS: 0.1828 | cos(c,null): +0.1306 | GradNorm: 0.0347 | MSE/t: [0.00-0.50]0.522(n=6345) [0.50-0.85]0.398(n=5935) [0.85-0.95]0.352(n=496) [0.95-1.00]0.355(n=24)
2026-04-29 10:33:55,583 - INFO - [render-loss] step=57800 kept 31/64 samples (t_value >= 0.50)
2026-04-29 10:35:50,886 - INFO - Step   58000 | Epoch  58 | MSE: 0.4566 | Steps/sec: 1.73 | LR: 1.63e-04 | Render_L1: 0.0265 | Alpha_L1: 0.0352 | Render_LPIPS: 0.1841 | cos(c,null): +0.1317 | GradNorm: 0.0343 | MSE/t: [0.00-0.50]0.525(n=6444) [0.50-0.85]0.391(n=5821) [0.85-0.95]0.346(n=509) [0.95-1.00]0.322(n=26)
2026-04-29 10:35:51,094 - INFO - [cond] cfg_signal=0.0694 (min=0.0467 max=0.1313, n=16) | class_signal=0.0940 (min=0.0486 max=0.1594, n=16) | pred_rms=0.6605
2026-04-29 10:35:59,155 - INFO - [validation] saved: output/jit_B8_20260429_042413/dit_validation/epoch_058_step_0058000_class005.png (class=5, sampler=heun, steps=100)
2026-04-29 10:36:00,883 - INFO - [overrides] applied from jit/configs/overrides.yaml: lr_scale=1.0 max_grad_norm=5.0 null_repel_weight=0.0 P_mean=0.0
2026-04-29 10:36:00,979 - INFO - [render-loss] step=58000 kept 36/64 samples (t_value >= 0.50)
2026-04-29 10:37:55,968 - INFO - Step   58200 | Epoch  58 | MSE: 0.4605 | Steps/sec: 1.60 | LR: 1.63e-04 | Render_L1: 0.0263 | Alpha_L1: 0.0353 | Render_LPIPS: 0.1844 | cos(c,null): +0.1300 | GradNorm: 0.0357 | MSE/t: [0.00-0.50]0.530(n=6405) [0.50-0.85]0.394(n=5864) [0.85-0.95]0.357(n=512) [0.95-1.00]0.338(n=19)
2026-04-29 10:37:56,069 - INFO - [render-loss] step=58200 kept 24/64 samples (t_value >= 0.50)
2026-04-29 10:39:50,922 - INFO - Step   58400 | Epoch  58 | MSE: 0.4579 | Steps/sec: 1.74 | LR: 1.63e-04 | Render_L1: 0.0262 | Alpha_L1: 0.0348 | Render_LPIPS: 0.1832 | cos(c,null): +0.1291 | GradNorm: 0.0342 | MSE/t: [0.00-0.50]0.526(n=6451) [0.50-0.85]0.392(n=5783) [0.85-0.95]0.361(n=548) [0.95-1.00]0.292(n=18)
2026-04-29 10:39:51,023 - INFO - [render-loss] step=58400 kept 35/64 samples (t_value >= 0.50)
2026-04-29 10:41:45,929 - INFO - Step   58600 | Epoch  58 | MSE: 0.4679 | Steps/sec: 1.74 | LR: 1.62e-04 | Render_L1: 0.0265 | Alpha_L1: 0.0354 | Render_LPIPS: 0.1841 | cos(c,null): +0.1297 | GradNorm: 0.0386 | MSE/t: [0.00-0.50]0.537(n=6446) [0.50-0.85]0.403(n=5825) [0.85-0.95]0.352(n=501) [0.95-1.00]0.284(n=28)
2026-04-29 10:41:46,030 - INFO - [render-loss] step=58600 kept 33/64 samples (t_value >= 0.50)
2026-04-29 10:43:41,029 - INFO - Step   58800 | Epoch  59 | MSE: 0.4601 | Steps/sec: 1.74 | LR: 1.62e-04 | Render_L1: 0.0264 | Alpha_L1: 0.0352 | Render_LPIPS: 0.1834 | cos(c,null): +0.1304 | GradNorm: 0.0338 | MSE/t: [0.00-0.50]0.526(n=6445) [0.50-0.85]0.394(n=5849) [0.85-0.95]0.376(n=489) [0.95-1.00]0.397(n=17)
2026-04-29 10:43:41,131 - INFO - [render-loss] step=58800 kept 35/64 samples (t_value >= 0.50)
2026-04-29 10:45:36,198 - INFO - Step   59000 | Epoch  59 | MSE: 0.4588 | Steps/sec: 1.74 | LR: 1.62e-04 | Render_L1: 0.0266 | Alpha_L1: 0.0348 | Render_LPIPS: 0.1833 | cos(c,null): +0.1277 | GradNorm: 0.0381 | MSE/t: [0.00-0.50]0.527(n=6367) [0.50-0.85]0.396(n=5885) [0.85-0.95]0.338(n=531) [0.95-1.00]0.362(n=17)
2026-04-29 10:45:36,407 - INFO - [cond] cfg_signal=0.0699 (min=0.0449 max=0.1249, n=16) | class_signal=0.0946 (min=0.0447 max=0.1644, n=16) | pred_rms=0.6558
2026-04-29 10:45:44,486 - INFO - [validation] saved: output/jit_B8_20260429_042413/dit_validation/epoch_059_step_0059000_class032.png (class=32, sampler=heun, steps=100)
2026-04-29 10:45:45,810 - INFO - [overrides] applied from jit/configs/overrides.yaml: lr_scale=1.0 max_grad_norm=5.0 null_repel_weight=0.0 P_mean=0.0
2026-04-29 10:45:45,906 - INFO - [render-loss] step=59000 kept 30/64 samples (t_value >= 0.50)
2026-04-29 10:47:41,053 - INFO - Step   59200 | Epoch  59 | MSE: 0.4585 | Steps/sec: 1.60 | LR: 1.62e-04 | Render_L1: 0.0260 | Alpha_L1: 0.0348 | Render_LPIPS: 0.1824 | cos(c,null): +0.1260 | GradNorm: 0.0386 | MSE/t: [0.00-0.50]0.526(n=6323) [0.50-0.85]0.395(n=5944) [0.85-0.95]0.364(n=518) [0.95-1.00]0.349(n=15)
2026-04-29 10:47:41,154 - INFO - [render-loss] step=59200 kept 41/64 samples (t_value >= 0.50)
2026-04-29 10:49:36,147 - INFO - Step   59400 | Epoch  59 | MSE: 0.4588 | Steps/sec: 1.74 | LR: 1.61e-04 | Render_L1: 0.0261 | Alpha_L1: 0.0346 | Render_LPIPS: 0.1826 | cos(c,null): +0.1299 | GradNorm: 0.0355 | MSE/t: [0.00-0.50]0.522(n=6314) [0.50-0.85]0.401(n=5954) [0.85-0.95]0.353(n=517) [0.95-1.00]0.293(n=15)
2026-04-29 10:49:36,248 - INFO - [render-loss] step=59400 kept 30/64 samples (t_value >= 0.50)
2026-04-29 10:51:30,943 - INFO - Step   59600 | Epoch  59 | MSE: 0.4609 | Steps/sec: 1.74 | LR: 1.61e-04 | Render_L1: 0.0260 | Alpha_L1: 0.0343 | Render_LPIPS: 0.1815 | cos(c,null): +0.1349 | GradNorm: 0.0333 | MSE/t: [0.00-0.50]0.531(n=6473) [0.50-0.85]0.392(n=5826) [0.85-0.95]0.346(n=479) [0.95-1.00]0.429(n=22)
2026-04-29 10:51:31,045 - INFO - [render-loss] step=59600 kept 33/64 samples (t_value >= 0.50)
2026-04-29 10:53:26,334 - INFO - Step   59800 | Epoch  60 | MSE: 0.4596 | Steps/sec: 1.73 | LR: 1.61e-04 | Render_L1: 0.0264 | Alpha_L1: 0.0352 | Render_LPIPS: 0.1827 | cos(c,null): +0.1378 | GradNorm: 0.0355 | MSE/t: [0.00-0.50]0.527(n=6413) [0.50-0.85]0.396(n=5872) [0.85-0.95]0.347(n=492) [0.95-1.00]0.378(n=23)
2026-04-29 10:53:26,435 - INFO - [render-loss] step=59800 kept 35/64 samples (t_value >= 0.50)
2026-04-29 10:55:21,093 - INFO - Step   60000 | Epoch  60 | MSE: 0.4603 | Steps/sec: 1.74 | LR: 1.61e-04 | Render_L1: 0.0263 | Alpha_L1: 0.0345 | Render_LPIPS: 0.1826 | cos(c,null): +0.1397 | GradNorm: 0.0328 | MSE/t: [0.00-0.50]0.527(n=6419) [0.50-0.85]0.397(n=5863) [0.85-0.95]0.352(n=488) [0.95-1.00]0.254(n=30)
2026-04-29 10:55:21,308 - INFO - [cond] cfg_signal=0.0749 (min=0.0502 max=0.1406, n=16) | class_signal=0.1006 (min=0.0486 max=0.1664, n=16) | pred_rms=0.6689
2026-04-29 10:55:23,036 - INFO - Saved checkpoint to output/jit_B8_20260429_042413/0060000.pt
2026-04-29 10:55:23,245 - INFO - [cond] cfg_signal=0.0749 (min=0.0502 max=0.1406, n=16) | class_signal=0.1006 (min=0.0486 max=0.1664, n=16) | pred_rms=0.6689
2026-04-29 10:55:31,329 - INFO - [validation] saved: output/jit_B8_20260429_042413/dit_validation/epoch_060_step_0060000_class048.png (class=48, sampler=heun, steps=100)
2026-04-29 10:55:32,648 - INFO - [overrides] applied from jit/configs/overrides.yaml: lr_scale=1.0 max_grad_norm=5.0 null_repel_weight=0.0 P_mean=0.0
2026-04-29 10:55:33,157 - INFO - [render-loss] step=60000 kept 34/64 samples (t_value >= 0.50)
2026-04-29 10:57:28,347 - INFO - Step   60200 | Epoch  60 | MSE: 0.4604 | Steps/sec: 1.57 | LR: 1.61e-04 | Render_L1: 0.0262 | Alpha_L1: 0.0348 | Render_LPIPS: 0.1818 | cos(c,null): +0.1417 | GradNorm: 0.0477 | MSE/t: [0.00-0.50]0.526(n=6446) [0.50-0.85]0.396(n=5828) [0.85-0.95]0.370(n=509) [0.95-1.00]0.348(n=17)
2026-04-29 10:57:28,449 - INFO - [render-loss] step=60200 kept 35/64 samples (t_value >= 0.50)
2026-04-29 10:59:23,747 - INFO - Step   60400 | Epoch  60 | MSE: 0.4603 | Steps/sec: 1.73 | LR: 1.60e-04 | Render_L1: 0.0266 | Alpha_L1: 0.0352 | Render_LPIPS: 0.1842 | cos(c,null): +0.1484 | GradNorm: 0.0426 | MSE/t: [0.00-0.50]0.528(n=6366) [0.50-0.85]0.398(n=5939) [0.85-0.95]0.342(n=477) [0.95-1.00]0.315(n=18)
2026-04-29 10:59:23,848 - INFO - [render-loss] step=60400 kept 32/64 samples (t_value >= 0.50)
2026-04-29 11:01:19,441 - INFO - Step   60600 | Epoch  60 | MSE: 0.4590 | Steps/sec: 1.73 | LR: 1.60e-04 | Render_L1: 0.0262 | Alpha_L1: 0.0348 | Render_LPIPS: 0.1813 | cos(c,null): +0.1510 | GradNorm: 0.0321 | MSE/t: [0.00-0.50]0.527(n=6320) [0.50-0.85]0.396(n=5958) [0.85-0.95]0.355(n=502) [0.95-1.00]0.387(n=20)
2026-04-29 11:01:19,541 - INFO - [render-loss] step=60600 kept 28/64 samples (t_value >= 0.50)
2026-04-29 11:03:14,787 - INFO - Step   60800 | Epoch  61 | MSE: 0.4560 | Steps/sec: 1.73 | LR: 1.60e-04 | Render_L1: 0.0262 | Alpha_L1: 0.0346 | Render_LPIPS: 0.1819 | cos(c,null): +0.1523 | GradNorm: 0.0360 | MSE/t: [0.00-0.50]0.521(n=6403) [0.50-0.85]0.394(n=5899) [0.85-0.95]0.355(n=477) [0.95-1.00]0.369(n=21)
2026-04-29 11:03:14,888 - INFO - [render-loss] step=60800 kept 30/64 samples (t_value >= 0.50)
2026-04-29 11:05:09,364 - INFO - Step   61000 | Epoch  61 | MSE: 0.4640 | Steps/sec: 1.75 | LR: 1.60e-04 | Render_L1: 0.0264 | Alpha_L1: 0.0353 | Render_LPIPS: 0.1827 | cos(c,null): +0.1539 | GradNorm: 0.0509 | MSE/t: [0.00-0.50]0.528(n=6451) [0.50-0.85]0.402(n=5840) [0.85-0.95]0.362(n=489) [0.95-1.00]0.373(n=20)
2026-04-29 11:05:09,575 - INFO - [cond] cfg_signal=0.0723 (min=0.0479 max=0.1092, n=16) | class_signal=0.0990 (min=0.0494 max=0.1480, n=16) | pred_rms=0.6477
2026-04-29 11:05:17,776 - INFO - [validation] saved: output/jit_B8_20260429_042413/dit_validation/epoch_061_step_0061000_class048.png (class=48, sampler=heun, steps=100)
2026-04-29 11:05:19,112 - INFO - [overrides] applied from jit/configs/overrides.yaml: lr_scale=1.0 max_grad_norm=5.0 null_repel_weight=0.0 P_mean=0.0
2026-04-29 11:05:19,208 - INFO - [render-loss] step=61000 kept 26/64 samples (t_value >= 0.50)
2026-04-29 11:07:13,993 - INFO - Step   61200 | Epoch  61 | MSE: 0.4600 | Steps/sec: 1.61 | LR: 1.59e-04 | Render_L1: 0.0261 | Alpha_L1: 0.0349 | Render_LPIPS: 0.1821 | cos(c,null): +0.1493 | GradNorm: 0.0434 | MSE/t: [0.00-0.50]0.526(n=6437) [0.50-0.85]0.397(n=5836) [0.85-0.95]0.358(n=510) [0.95-1.00]0.394(n=17)
2026-04-29 11:07:14,093 - INFO - [render-loss] step=61200 kept 38/64 samples (t_value >= 0.50)
2026-04-29 11:09:08,633 - INFO - Step   61400 | Epoch  61 | MSE: 0.4572 | Steps/sec: 1.74 | LR: 1.59e-04 | Render_L1: 0.0261 | Alpha_L1: 0.0341 | Render_LPIPS: 0.1803 | cos(c,null): +0.1506 | GradNorm: 0.0360 | MSE/t: [0.00-0.50]0.524(n=6402) [0.50-0.85]0.396(n=5865) [0.85-0.95]0.326(n=511) [0.95-1.00]0.377(n=22)
2026-04-29 11:09:08,734 - INFO - [render-loss] step=61400 kept 35/64 samples (t_value >= 0.50)
2026-04-29 11:11:03,786 - INFO - Step   61600 | Epoch  61 | MSE: 0.4607 | Steps/sec: 1.74 | LR: 1.59e-04 | Render_L1: 0.0258 | Alpha_L1: 0.0342 | Render_LPIPS: 0.1808 | cos(c,null): +0.1533 | GradNorm: 0.0380 | MSE/t: [0.00-0.50]0.528(n=6357) [0.50-0.85]0.400(n=5920) [0.85-0.95]0.329(n=497) [0.95-1.00]0.256(n=26)
2026-04-29 11:11:03,887 - INFO - [render-loss] step=61600 kept 31/64 samples (t_value >= 0.50)
2026-04-29 11:12:59,039 - INFO - Step   61800 | Epoch  62 | MSE: 0.4590 | Steps/sec: 1.74 | LR: 1.59e-04 | Render_L1: 0.0260 | Alpha_L1: 0.0345 | Render_LPIPS: 0.1807 | cos(c,null): +0.1526 | GradNorm: 0.0444 | MSE/t: [0.00-0.50]0.520(n=6351) [0.50-0.85]0.403(n=5906) [0.85-0.95]0.364(n=519) [0.95-1.00]0.333(n=24)
2026-04-29 11:12:59,141 - INFO - [render-loss] step=61800 kept 34/64 samples (t_value >= 0.50)
2026-04-29 11:14:54,140 - INFO - Step   62000 | Epoch  62 | MSE: 0.4607 | Steps/sec: 1.74 | LR: 1.58e-04 | Render_L1: 0.0256 | Alpha_L1: 0.0339 | Render_LPIPS: 0.1796 | cos(c,null): +0.1464 | GradNorm: 0.0364 | MSE/t: [0.00-0.50]0.536(n=6334) [0.50-0.85]0.391(n=5942) [0.85-0.95]0.345(n=503) [0.95-1.00]0.336(n=21)
2026-04-29 11:14:54,349 - INFO - [cond] cfg_signal=0.0762 (min=0.0483 max=0.1369, n=16) | class_signal=0.1053 (min=0.0489 max=0.1734, n=16) | pred_rms=0.6657
2026-04-29 11:15:02,538 - INFO - [validation] saved: output/jit_B8_20260429_042413/dit_validation/epoch_062_step_0062000_class093.png (class=93, sampler=heun, steps=100)
2026-04-29 11:15:03,748 - INFO - [overrides] applied from jit/configs/overrides.yaml: lr_scale=1.0 max_grad_norm=5.0 null_repel_weight=0.0 P_mean=0.0
2026-04-29 11:15:03,844 - INFO - [render-loss] step=62000 kept 28/64 samples (t_value >= 0.50)
2026-04-29 11:16:58,677 - INFO - Step   62200 | Epoch  62 | MSE: 0.4584 | Steps/sec: 1.61 | LR: 1.58e-04 | Render_L1: 0.0257 | Alpha_L1: 0.0341 | Render_LPIPS: 0.1798 | cos(c,null): +0.1462 | GradNorm: 0.0343 | MSE/t: [0.00-0.50]0.526(n=6513) [0.50-0.85]0.393(n=5737) [0.85-0.95]0.334(n=526) [0.95-1.00]0.490(n=24)
2026-04-29 11:16:58,779 - INFO - [render-loss] step=62200 kept 25/64 samples (t_value >= 0.50)
2026-04-29 11:18:54,123 - INFO - Step   62400 | Epoch  62 | MSE: 0.4626 | Steps/sec: 1.73 | LR: 1.58e-04 | Render_L1: 0.0254 | Alpha_L1: 0.0337 | Render_LPIPS: 0.1783 | cos(c,null): +0.1482 | GradNorm: 0.0361 | MSE/t: [0.00-0.50]0.533(n=6431) [0.50-0.85]0.396(n=5827) [0.85-0.95]0.339(n=526) [0.95-1.00]0.391(n=16)
2026-04-29 11:18:54,224 - INFO - [render-loss] step=62400 kept 46/64 samples (t_value >= 0.50)
2026-04-29 11:20:49,517 - INFO - Step   62600 | Epoch  62 | MSE: 0.4592 | Steps/sec: 1.73 | LR: 1.58e-04 | Render_L1: 0.0256 | Alpha_L1: 0.0334 | Render_LPIPS: 0.1788 | cos(c,null): +0.1517 | GradNorm: 0.0348 | MSE/t: [0.00-0.50]0.528(n=6330) [0.50-0.85]0.396(n=5924) [0.85-0.95]0.347(n=524) [0.95-1.00]0.290(n=22)
2026-04-29 11:20:49,618 - INFO - [render-loss] step=62600 kept 27/64 samples (t_value >= 0.50)
2026-04-29 11:22:44,383 - INFO - Step   62800 | Epoch  63 | MSE: 0.4631 | Steps/sec: 1.74 | LR: 1.57e-04 | Render_L1: 0.0256 | Alpha_L1: 0.0333 | Render_LPIPS: 0.1795 | cos(c,null): +0.1533 | GradNorm: 0.0350 | MSE/t: [0.00-0.50]0.534(n=6479) [0.50-0.85]0.393(n=5745) [0.85-0.95]0.365(n=558) [0.95-1.00]0.328(n=18)
2026-04-29 11:22:44,484 - INFO - [render-loss] step=62800 kept 33/64 samples (t_value >= 0.50)
2026-04-29 11:24:39,806 - INFO - Step   63000 | Epoch  63 | MSE: 0.4551 | Steps/sec: 1.73 | LR: 1.57e-04 | Render_L1: 0.0258 | Alpha_L1: 0.0336 | Render_LPIPS: 0.1792 | cos(c,null): +0.1549 | GradNorm: 0.0444 | MSE/t: [0.00-0.50]0.525(n=6362) [0.50-0.85]0.391(n=5924) [0.85-0.95]0.336(n=496) [0.95-1.00]0.291(n=18)
2026-04-29 11:24:40,014 - INFO - [cond] cfg_signal=0.0773 (min=0.0530 max=0.1232, n=16) | class_signal=0.1073 (min=0.0510 max=0.1757, n=16) | pred_rms=0.6878
2026-04-29 11:24:48,239 - INFO - [validation] saved: output/jit_B8_20260429_042413/dit_validation/epoch_063_step_0063000_class055.png (class=55, sampler=heun, steps=100)
2026-04-29 11:24:49,447 - INFO - [overrides] applied from jit/configs/overrides.yaml: lr_scale=1.0 max_grad_norm=5.0 null_repel_weight=0.0 P_mean=0.0
2026-04-29 11:24:49,544 - INFO - [render-loss] step=63000 kept 29/64 samples (t_value >= 0.50)
2026-04-29 11:26:45,366 - INFO - Step   63200 | Epoch  63 | MSE: 0.4538 | Steps/sec: 1.60 | LR: 1.57e-04 | Render_L1: 0.0255 | Alpha_L1: 0.0334 | Render_LPIPS: 0.1780 | cos(c,null): +0.1591 | GradNorm: 0.0423 | MSE/t: [0.00-0.50]0.518(n=6285) [0.50-0.85]0.397(n=5981) [0.85-0.95]0.339(n=515) [0.95-1.00]0.263(n=19)
2026-04-29 11:26:45,467 - INFO - [render-loss] step=63200 kept 27/64 samples (t_value >= 0.50)
2026-04-29 11:28:40,433 - INFO - Step   63400 | Epoch  63 | MSE: 0.4597 | Steps/sec: 1.74 | LR: 1.57e-04 | Render_L1: 0.0254 | Alpha_L1: 0.0339 | Render_LPIPS: 0.1783 | cos(c,null): +0.1592 | GradNorm: 0.0394 | MSE/t: [0.00-0.50]0.528(n=6450) [0.50-0.85]0.396(n=5796) [0.85-0.95]0.335(n=533) [0.95-1.00]0.302(n=21)
2026-04-29 11:28:40,535 - INFO - [render-loss] step=63400 kept 33/64 samples (t_value >= 0.50)
2026-04-29 11:30:35,202 - INFO - Step   63600 | Epoch  63 | MSE: 0.4589 | Steps/sec: 1.74 | LR: 1.56e-04 | Render_L1: 0.0260 | Alpha_L1: 0.0342 | Render_LPIPS: 0.1810 | cos(c,null): +0.1593 | GradNorm: 0.0349 | MSE/t: [0.00-0.50]0.522(n=6455) [0.50-0.85]0.399(n=5801) [0.85-0.95]0.353(n=522) [0.95-1.00]0.313(n=22)
2026-04-29 11:30:35,303 - INFO - [render-loss] step=63600 kept 36/64 samples (t_value >= 0.50)
2026-04-29 11:32:30,420 - INFO - Step   63800 | Epoch  64 | MSE: 0.4573 | Steps/sec: 1.74 | LR: 1.56e-04 | Render_L1: 0.0253 | Alpha_L1: 0.0334 | Render_LPIPS: 0.1770 | cos(c,null): +0.1607 | GradNorm: 0.0334 | MSE/t: [0.00-0.50]0.529(n=6433) [0.50-0.85]0.390(n=5826) [0.85-0.95]0.334(n=525) [0.95-1.00]0.377(n=16)
2026-04-29 11:32:30,521 - INFO - [render-loss] step=63800 kept 30/64 samples (t_value >= 0.50)
2026-04-29 11:34:25,405 - INFO - Step   64000 | Epoch  64 | MSE: 0.4598 | Steps/sec: 1.74 | LR: 1.56e-04 | Render_L1: 0.0258 | Alpha_L1: 0.0336 | Render_LPIPS: 0.1790 | cos(c,null): +0.1612 | GradNorm: 0.0388 | MSE/t: [0.00-0.50]0.528(n=6406) [0.50-0.85]0.397(n=5863) [0.85-0.95]0.339(n=509) [0.95-1.00]0.298(n=22)
2026-04-29 11:34:25,614 - INFO - [cond] cfg_signal=0.0704 (min=0.0471 max=0.1162, n=16) | class_signal=0.0950 (min=0.0480 max=0.1478, n=16) | pred_rms=0.6525
2026-04-29 11:34:33,829 - INFO - [validation] saved: output/jit_B8_20260429_042413/dit_validation/epoch_064_step_0064000_class045.png (class=45, sampler=heun, steps=100)
2026-04-29 11:34:35,035 - INFO - [overrides] applied from jit/configs/overrides.yaml: lr_scale=1.0 max_grad_norm=5.0 null_repel_weight=0.0 P_mean=0.0
2026-04-29 11:34:35,132 - INFO - [render-loss] step=64000 kept 27/64 samples (t_value >= 0.50)
2026-04-29 11:36:29,670 - INFO - Step   64200 | Epoch  64 | MSE: 0.4589 | Steps/sec: 1.61 | LR: 1.56e-04 | Render_L1: 0.0256 | Alpha_L1: 0.0331 | Render_LPIPS: 0.1781 | cos(c,null): +0.1625 | GradNorm: 0.0378 | MSE/t: [0.00-0.50]0.529(n=6423) [0.50-0.85]0.393(n=5841) [0.85-0.95]0.347(n=508) [0.95-1.00]0.347(n=28)
2026-04-29 11:36:29,771 - INFO - [render-loss] step=64200 kept 33/64 samples (t_value >= 0.50)
2026-04-29 11:38:24,699 - INFO - Step   64400 | Epoch  64 | MSE: 0.4640 | Steps/sec: 1.74 | LR: 1.55e-04 | Render_L1: 0.0254 | Alpha_L1: 0.0335 | Render_LPIPS: 0.1790 | cos(c,null): +0.1645 | GradNorm: 0.0551 | MSE/t: [0.00-0.50]0.536(n=6372) [0.50-0.85]0.397(n=5835) [0.85-0.95]0.355(n=564) [0.95-1.00]0.332(n=29)
2026-04-29 11:38:24,799 - INFO - [render-loss] step=64400 kept 41/64 samples (t_value >= 0.50)
2026-04-29 11:40:20,358 - INFO - Step   64600 | Epoch  64 | MSE: 0.4616 | Steps/sec: 1.73 | LR: 1.55e-04 | Render_L1: 0.0259 | Alpha_L1: 0.0343 | Render_LPIPS: 0.1807 | cos(c,null): +0.1538 | GradNorm: 0.0811 | MSE/t: [0.00-0.50]0.527(n=6332) [0.50-0.85]0.402(n=5943) [0.85-0.95]0.346(n=507) [0.95-1.00]0.351(n=18)
2026-04-29 11:40:20,459 - INFO - [render-loss] step=64600 kept 34/64 samples (t_value >= 0.50)
2026-04-29 11:42:15,600 - INFO - Step   64800 | Epoch  65 | MSE: 0.4613 | Steps/sec: 1.74 | LR: 1.55e-04 | Render_L1: 0.0254 | Alpha_L1: 0.0337 | Render_LPIPS: 0.1793 | cos(c,null): +0.1513 | GradNorm: 0.0521 | MSE/t: [0.00-0.50]0.528(n=6369) [0.50-0.85]0.399(n=5883) [0.85-0.95]0.351(n=528) [0.95-1.00]0.380(n=20)
2026-04-29 11:42:15,701 - INFO - [render-loss] step=64800 kept 37/64 samples (t_value >= 0.50)
2026-04-29 11:44:11,011 - INFO - Step   65000 | Epoch  65 | MSE: 0.4640 | Steps/sec: 1.73 | LR: 1.54e-04 | Render_L1: 0.0256 | Alpha_L1: 0.0330 | Render_LPIPS: 0.1789 | cos(c,null): +0.1486 | GradNorm: 0.0414 | MSE/t: [0.00-0.50]0.527(n=6301) [0.50-0.85]0.407(n=5980) [0.85-0.95]0.351(n=490) [0.95-1.00]0.451(n=29)
2026-04-29 11:44:11,218 - INFO - [cond] cfg_signal=0.0737 (min=0.0468 max=0.1278, n=16) | class_signal=0.0981 (min=0.0495 max=0.1568, n=16) | pred_rms=0.6773
2026-04-29 11:44:19,401 - INFO - [validation] saved: output/jit_B8_20260429_042413/dit_validation/epoch_065_step_0065000_class013.png (class=13, sampler=heun, steps=100)
2026-04-29 11:44:20,616 - INFO - [overrides] applied from jit/configs/overrides.yaml: lr_scale=1.0 max_grad_norm=5.0 null_repel_weight=0.0 P_mean=0.0
2026-04-29 11:44:20,712 - INFO - [render-loss] step=65000 kept 22/64 samples (t_value >= 0.50)
2026-04-29 11:46:15,560 - INFO - Step   65200 | Epoch  65 | MSE: 0.4579 | Steps/sec: 1.61 | LR: 1.54e-04 | Render_L1: 0.0253 | Alpha_L1: 0.0335 | Render_LPIPS: 0.1778 | cos(c,null): +0.1506 | GradNorm: 0.0369 | MSE/t: [0.00-0.50]0.523(n=6449) [0.50-0.85]0.397(n=5844) [0.85-0.95]0.334(n=487) [0.95-1.00]0.326(n=20)
2026-04-29 11:46:15,661 - INFO - [render-loss] step=65200 kept 26/64 samples (t_value >= 0.50)
2026-04-29 11:48:10,402 - INFO - Step   65400 | Epoch  65 | MSE: 0.4615 | Steps/sec: 1.74 | LR: 1.54e-04 | Render_L1: 0.0252 | Alpha_L1: 0.0329 | Render_LPIPS: 0.1757 | cos(c,null): +0.1510 | GradNorm: 0.0383 | MSE/t: [0.00-0.50]0.528(n=6479) [0.50-0.85]0.398(n=5752) [0.85-0.95]0.349(n=547) [0.95-1.00]0.321(n=22)
2026-04-29 11:48:10,503 - INFO - [render-loss] step=65400 kept 30/64 samples (t_value >= 0.50)
2026-04-29 11:50:06,163 - INFO - Step   65600 | Epoch  65 | MSE: 0.4638 | Steps/sec: 1.73 | LR: 1.54e-04 | Render_L1: 0.0257 | Alpha_L1: 0.0334 | Render_LPIPS: 0.1785 | cos(c,null): +0.1494 | GradNorm: 0.4556 | MSE/t: [0.00-0.50]0.528(n=6445) [0.50-0.85]0.402(n=5843) [0.85-0.95]0.355(n=489) [0.95-1.00]0.333(n=23)
2026-04-29 11:50:06,264 - INFO - [render-loss] step=65600 kept 34/64 samples (t_value >= 0.50)
2026-04-29 11:52:01,388 - INFO - Step   65800 | Epoch  66 | MSE: 0.4591 | Steps/sec: 1.74 | LR: 1.53e-04 | Render_L1: 0.0253 | Alpha_L1: 0.0322 | Render_LPIPS: 0.1762 | cos(c,null): +0.1515 | GradNorm: 0.0355 | MSE/t: [0.00-0.50]0.525(n=6500) [0.50-0.85]0.397(n=5801) [0.85-0.95]0.330(n=474) [0.95-1.00]0.312(n=25)
2026-04-29 11:52:01,489 - INFO - [render-loss] step=65800 kept 28/64 samples (t_value >= 0.50)
2026-04-29 11:53:56,149 - INFO - Step   66000 | Epoch  66 | MSE: 0.4618 | Steps/sec: 1.74 | LR: 1.53e-04 | Render_L1: 0.0258 | Alpha_L1: 0.0334 | Render_LPIPS: 0.1787 | cos(c,null): +0.1531 | GradNorm: 2.0100 | MSE/t: [0.00-0.50]0.530(n=6389) [0.50-0.85]0.399(n=5927) [0.85-0.95]0.333(n=468) [0.95-1.00]0.237(n=16)
2026-04-29 11:53:56,355 - INFO - [cond] cfg_signal=0.0719 (min=0.0437 max=0.1287, n=16) | class_signal=0.0942 (min=0.0433 max=0.1338, n=16) | pred_rms=0.6831
2026-04-29 11:54:04,593 - INFO - [validation] saved: output/jit_B8_20260429_042413/dit_validation/epoch_066_step_0066000_class099.png (class=99, sampler=heun, steps=100)
2026-04-29 11:54:05,811 - INFO - [overrides] applied from jit/configs/overrides.yaml: lr_scale=1.0 max_grad_norm=5.0 null_repel_weight=0.0 P_mean=0.0
2026-04-29 11:54:05,907 - INFO - [render-loss] step=66000 kept 34/64 samples (t_value >= 0.50)
2026-04-29 11:56:00,812 - INFO - Step   66200 | Epoch  66 | MSE: 0.4626 | Steps/sec: 1.61 | LR: 1.53e-04 | Render_L1: 0.0253 | Alpha_L1: 0.0331 | Render_LPIPS: 0.1773 | cos(c,null): +0.1543 | GradNorm: 0.0402 | MSE/t: [0.00-0.50]0.531(n=6350) [0.50-0.85]0.400(n=5891) [0.85-0.95]0.348(n=536) [0.95-1.00]0.334(n=23)
2026-04-29 11:56:00,913 - INFO - [render-loss] step=66200 kept 39/64 samples (t_value >= 0.50)
2026-04-29 11:57:55,757 - INFO - Step   66400 | Epoch  66 | MSE: 0.4648 | Steps/sec: 1.74 | LR: 1.53e-04 | Render_L1: 0.0255 | Alpha_L1: 0.0332 | Render_LPIPS: 0.1769 | cos(c,null): +0.1538 | GradNorm: 0.0384 | MSE/t: [0.00-0.50]0.534(n=6408) [0.50-0.85]0.400(n=5869) [0.85-0.95]0.345(n=501) [0.95-1.00]0.322(n=22)
2026-04-29 11:57:55,858 - INFO - [render-loss] step=66400 kept 32/64 samples (t_value >= 0.50)
2026-04-29 11:59:50,898 - INFO - Step   66600 | Epoch  66 | MSE: 0.4652 | Steps/sec: 1.74 | LR: 1.52e-04 | Render_L1: 0.0252 | Alpha_L1: 0.0331 | Render_LPIPS: 0.1771 | cos(c,null): +0.1526 | GradNorm: 0.0388 | MSE/t: [0.00-0.50]0.534(n=6380) [0.50-0.85]0.401(n=5892) [0.85-0.95]0.345(n=509) [0.95-1.00]0.396(n=19)
2026-04-29 11:59:50,999 - INFO - [render-loss] step=66600 kept 33/64 samples (t_value >= 0.50)
2026-04-29 12:01:45,853 - INFO - Step   66800 | Epoch  67 | MSE: 0.4636 | Steps/sec: 1.74 | LR: 1.52e-04 | Render_L1: 0.0252 | Alpha_L1: 0.0332 | Render_LPIPS: 0.1759 | cos(c,null): +0.1533 | GradNorm: 0.0440 | MSE/t: [0.00-0.50]0.539(n=6389) [0.50-0.85]0.395(n=5865) [0.85-0.95]0.329(n=537) [0.95-1.00]0.291(n=9)
2026-04-29 12:01:45,954 - INFO - [render-loss] step=66800 kept 30/64 samples (t_value >= 0.50)
2026-04-29 12:03:41,428 - INFO - Step   67000 | Epoch  67 | MSE: 0.4557 | Steps/sec: 1.73 | LR: 1.52e-04 | Render_L1: 0.0248 | Alpha_L1: 0.0324 | Render_LPIPS: 0.1744 | cos(c,null): +0.1532 | GradNorm: 0.0426 | MSE/t: [0.00-0.50]0.521(n=6436) [0.50-0.85]0.394(n=5863) [0.85-0.95]0.344(n=476) [0.95-1.00]0.341(n=25)
2026-04-29 12:03:41,637 - INFO - [cond] cfg_signal=0.0732 (min=0.0399 max=0.1313, n=16) | class_signal=0.0977 (min=0.0466 max=0.1537, n=16) | pred_rms=0.6636
2026-04-29 12:03:49,772 - INFO - [validation] saved: output/jit_B8_20260429_042413/dit_validation/epoch_067_step_0067000_class080.png (class=80, sampler=heun, steps=100)
2026-04-29 12:03:50,992 - INFO - [overrides] applied from jit/configs/overrides.yaml: lr_scale=1.0 max_grad_norm=5.0 null_repel_weight=0.0 P_mean=0.0
2026-04-29 12:03:51,089 - INFO - [render-loss] step=67000 kept 30/64 samples (t_value >= 0.50)
2026-04-29 12:05:45,598 - INFO - Step   67200 | Epoch  67 | MSE: 0.4567 | Steps/sec: 1.61 | LR: 1.52e-04 | Render_L1: 0.0250 | Alpha_L1: 0.0324 | Render_LPIPS: 0.1749 | cos(c,null): +0.1553 | GradNorm: 0.0396 | MSE/t: [0.00-0.50]0.523(n=6428) [0.50-0.85]0.395(n=5832) [0.85-0.95]0.330(n=519) [0.95-1.00]0.365(n=21)
2026-04-29 12:05:45,699 - INFO - [render-loss] step=67200 kept 30/64 samples (t_value >= 0.50)
2026-04-29 12:07:40,501 - INFO - Step   67400 | Epoch  67 | MSE: 0.4583 | Steps/sec: 1.74 | LR: 1.51e-04 | Render_L1: 0.0249 | Alpha_L1: 0.0325 | Render_LPIPS: 0.1752 | cos(c,null): +0.1583 | GradNorm: 0.0424 | MSE/t: [0.00-0.50]0.525(n=6411) [0.50-0.85]0.396(n=5883) [0.85-0.95]0.341(n=487) [0.95-1.00]0.373(n=19)
2026-04-29 12:07:40,602 - INFO - [render-loss] step=67400 kept 30/64 samples (t_value >= 0.50)
2026-04-29 12:09:35,072 - INFO - Step   67600 | Epoch  67 | MSE: 0.4591 | Steps/sec: 1.75 | LR: 1.51e-04 | Render_L1: 0.0251 | Alpha_L1: 0.0325 | Render_LPIPS: 0.1745 | cos(c,null): +0.1602 | GradNorm: 0.0361 | MSE/t: [0.00-0.50]0.523(n=6527) [0.50-0.85]0.397(n=5717) [0.85-0.95]0.348(n=532) [0.95-1.00]0.302(n=24)
2026-04-29 12:09:35,175 - INFO - [render-loss] step=67600 kept 31/64 samples (t_value >= 0.50)
2026-04-29 12:11:29,967 - INFO - Step   67800 | Epoch  68 | MSE: 0.4629 | Steps/sec: 1.74 | LR: 1.51e-04 | Render_L1: 0.0243 | Alpha_L1: 0.0322 | Render_LPIPS: 0.1719 | cos(c,null): +0.1607 | GradNorm: 0.0362 | MSE/t: [0.00-0.50]0.533(n=6480) [0.50-0.85]0.394(n=5784) [0.85-0.95]0.358(n=522) [0.95-1.00]0.307(n=14)
2026-04-29 12:11:30,068 - INFO - [render-loss] step=67800 kept 28/64 samples (t_value >= 0.50)
2026-04-29 12:13:24,785 - INFO - Step   68000 | Epoch  68 | MSE: 0.4587 | Steps/sec: 1.74 | LR: 1.51e-04 | Render_L1: 0.0248 | Alpha_L1: 0.0327 | Render_LPIPS: 0.1743 | cos(c,null): +0.1596 | GradNorm: 0.0377 | MSE/t: [0.00-0.50]0.526(n=6362) [0.50-0.85]0.396(n=5916) [0.85-0.95]0.337(n=498) [0.95-1.00]0.354(n=24)
2026-04-29 12:13:24,995 - INFO - [cond] cfg_signal=0.0713 (min=0.0413 max=0.1297, n=16) | class_signal=0.0938 (min=0.0464 max=0.1458, n=16) | pred_rms=0.6773
2026-04-29 12:13:33,205 - INFO - [validation] saved: output/jit_B8_20260429_042413/dit_validation/epoch_068_step_0068000_class073.png (class=73, sampler=heun, steps=100)
2026-04-29 12:13:34,457 - INFO - [overrides] applied from jit/configs/overrides.yaml: lr_scale=1.0 max_grad_norm=5.0 null_repel_weight=0.0 P_mean=0.0
2026-04-29 12:13:34,554 - INFO - [render-loss] step=68000 kept 33/64 samples (t_value >= 0.50)
2026-04-29 12:15:29,994 - INFO - Step   68200 | Epoch  68 | MSE: 0.4598 | Steps/sec: 1.60 | LR: 1.50e-04 | Render_L1: 0.0252 | Alpha_L1: 0.0329 | Render_LPIPS: 0.1752 | cos(c,null): +0.1601 | GradNorm: 0.0407 | MSE/t: [0.00-0.50]0.529(n=6373) [0.50-0.85]0.396(n=5873) [0.85-0.95]0.334(n=528) [0.95-1.00]0.378(n=26)
2026-04-29 12:15:30,096 - INFO - [render-loss] step=68200 kept 32/64 samples (t_value >= 0.50)
2026-04-29 12:17:25,319 - INFO - Step   68400 | Epoch  68 | MSE: 0.4643 | Steps/sec: 1.73 | LR: 1.50e-04 | Render_L1: 0.0250 | Alpha_L1: 0.0325 | Render_LPIPS: 0.1741 | cos(c,null): +0.1622 | GradNorm: 0.0394 | MSE/t: [0.00-0.50]0.534(n=6431) [0.50-0.85]0.398(n=5848) [0.85-0.95]0.339(n=498) [0.95-1.00]0.441(n=23)
2026-04-29 12:17:25,421 - INFO - [render-loss] step=68400 kept 32/64 samples (t_value >= 0.50)
2026-04-29 12:19:20,215 - INFO - Step   68600 | Epoch  68 | MSE: 0.4611 | Steps/sec: 1.74 | LR: 1.50e-04 | Render_L1: 0.0248 | Alpha_L1: 0.0324 | Render_LPIPS: 0.1738 | cos(c,null): +0.1630 | GradNorm: 0.0358 | MSE/t: [0.00-0.50]0.530(n=6458) [0.50-0.85]0.395(n=5789) [0.85-0.95]0.347(n=529) [0.95-1.00]0.316(n=24)
2026-04-29 12:19:20,316 - INFO - [render-loss] step=68600 kept 30/64 samples (t_value >= 0.50)
2026-04-29 12:21:15,518 - INFO - Step   68800 | Epoch  69 | MSE: 0.4602 | Steps/sec: 1.73 | LR: 1.50e-04 | Render_L1: 0.0250 | Alpha_L1: 0.0324 | Render_LPIPS: 0.1746 | cos(c,null): +0.1626 | GradNorm: 0.0370 | MSE/t: [0.00-0.50]0.526(n=6420) [0.50-0.85]0.399(n=5858) [0.85-0.95]0.341(n=510) [0.95-1.00]0.293(n=12)
2026-04-29 12:21:15,619 - INFO - [render-loss] step=68800 kept 31/64 samples (t_value >= 0.50)
2026-04-29 12:23:10,761 - INFO - Step   69000 | Epoch  69 | MSE: 0.4637 | Steps/sec: 1.74 | LR: 1.49e-04 | Render_L1: 0.0250 | Alpha_L1: 0.0327 | Render_LPIPS: 0.1743 | cos(c,null): +0.1627 | GradNorm: 0.0390 | MSE/t: [0.00-0.50]0.534(n=6313) [0.50-0.85]0.401(n=5960) [0.85-0.95]0.330(n=508) [0.95-1.00]0.302(n=19)
2026-04-29 12:23:10,968 - INFO - [cond] cfg_signal=0.0759 (min=0.0416 max=0.1440, n=16) | class_signal=0.0988 (min=0.0530 max=0.1545, n=16) | pred_rms=0.6680
2026-04-29 12:23:19,068 - INFO - [validation] saved: output/jit_B8_20260429_042413/dit_validation/epoch_069_step_0069000_class022.png (class=22, sampler=heun, steps=100)
2026-04-29 12:23:20,760 - INFO - [overrides] applied from jit/configs/overrides.yaml: lr_scale=1.0 max_grad_norm=5.0 null_repel_weight=0.0 P_mean=0.0
2026-04-29 12:23:20,857 - INFO - [render-loss] step=69000 kept 34/64 samples (t_value >= 0.50)
2026-04-29 12:25:15,484 - INFO - Step   69200 | Epoch  69 | MSE: 0.4591 | Steps/sec: 1.61 | LR: 1.49e-04 | Render_L1: 0.0250 | Alpha_L1: 0.0325 | Render_LPIPS: 0.1742 | cos(c,null): +0.1606 | GradNorm: 0.0375 | MSE/t: [0.00-0.50]0.528(n=6377) [0.50-0.85]0.393(n=5921) [0.85-0.95]0.359(n=489) [0.95-1.00]0.348(n=13)
2026-04-29 12:25:15,586 - INFO - [render-loss] step=69200 kept 33/64 samples (t_value >= 0.50)
2026-04-29 12:27:10,663 - INFO - Step   69400 | Epoch  69 | MSE: 0.4648 | Steps/sec: 1.74 | LR: 1.49e-04 | Render_L1: 0.0251 | Alpha_L1: 0.0325 | Render_LPIPS: 0.1743 | cos(c,null): +0.1612 | GradNorm: 0.0417 | MSE/t: [0.00-0.50]0.537(n=6428) [0.50-0.85]0.397(n=5845) [0.85-0.95]0.340(n=505) [0.95-1.00]0.369(n=22)
2026-04-29 12:27:10,764 - INFO - [render-loss] step=69400 kept 40/64 samples (t_value >= 0.50)
2026-04-29 12:29:05,995 - INFO - Step   69600 | Epoch  69 | MSE: 0.4601 | Steps/sec: 1.73 | LR: 1.48e-04 | Render_L1: 0.0248 | Alpha_L1: 0.0319 | Render_LPIPS: 0.1733 | cos(c,null): +0.1624 | GradNorm: 0.0438 | MSE/t: [0.00-0.50]0.530(n=6384) [0.50-0.85]0.395(n=5915) [0.85-0.95]0.334(n=484) [0.95-1.00]0.326(n=17)
2026-04-29 12:29:06,096 - INFO - [render-loss] step=69600 kept 30/64 samples (t_value >= 0.50)
2026-04-29 12:31:01,326 - INFO - Step   69800 | Epoch  70 | MSE: 0.4597 | Steps/sec: 1.73 | LR: 1.48e-04 | Render_L1: 0.0250 | Alpha_L1: 0.0324 | Render_LPIPS: 0.1737 | cos(c,null): +0.1611 | GradNorm: 0.0438 | MSE/t: [0.00-0.50]0.527(n=6404) [0.50-0.85]0.397(n=5849) [0.85-0.95]0.339(n=528) [0.95-1.00]0.334(n=19)
2026-04-29 12:31:01,427 - INFO - [render-loss] step=69800 kept 37/64 samples (t_value >= 0.50)
2026-04-29 12:32:55,914 - INFO - Step   70000 | Epoch  70 | MSE: 0.4613 | Steps/sec: 1.75 | LR: 1.48e-04 | Render_L1: 0.0246 | Alpha_L1: 0.0321 | Render_LPIPS: 0.1733 | cos(c,null): +0.1626 | GradNorm: 0.0383 | MSE/t: [0.00-0.50]0.528(n=6456) [0.50-0.85]0.394(n=5834) [0.85-0.95]0.386(n=481) [0.95-1.00]0.454(n=29)
2026-04-29 12:32:56,124 - INFO - [cond] cfg_signal=0.0709 (min=0.0343 max=0.1213, n=16) | class_signal=0.0930 (min=0.0459 max=0.1410, n=16) | pred_rms=0.6372
2026-04-29 12:33:04,382 - INFO - [validation] saved: output/jit_B8_20260429_042413/dit_validation/epoch_070_step_0070000_class092.png (class=92, sampler=heun, steps=100)
2026-04-29 12:33:05,641 - INFO - [overrides] applied from jit/configs/overrides.yaml: lr_scale=1.0 max_grad_norm=5.0 null_repel_weight=0.0 P_mean=0.0
2026-04-29 12:33:05,737 - INFO - [render-loss] step=70000 kept 34/64 samples (t_value >= 0.50)
2026-04-29 12:35:01,197 - INFO - Step   70200 | Epoch  70 | MSE: 0.4612 | Steps/sec: 1.60 | LR: 1.48e-04 | Render_L1: 0.0247 | Alpha_L1: 0.0322 | Render_LPIPS: 0.1732 | cos(c,null): +0.1655 | GradNorm: 0.0406 | MSE/t: [0.00-0.50]0.530(n=6349) [0.50-0.85]0.399(n=5944) [0.85-0.95]0.327(n=495) [0.95-1.00]0.349(n=12)
2026-04-29 12:35:01,298 - INFO - [render-loss] step=70200 kept 31/64 samples (t_value >= 0.50)
2026-04-29 12:36:56,284 - INFO - Step   70400 | Epoch  70 | MSE: 0.4607 | Steps/sec: 1.74 | LR: 1.47e-04 | Render_L1: 0.0251 | Alpha_L1: 0.0323 | Render_LPIPS: 0.1750 | cos(c,null): +0.1656 | GradNorm: 0.0378 | MSE/t: [0.00-0.50]0.527(n=6431) [0.50-0.85]0.396(n=5847) [0.85-0.95]0.375(n=502) [0.95-1.00]0.358(n=20)
2026-04-29 12:36:56,385 - INFO - [render-loss] step=70400 kept 29/64 samples (t_value >= 0.50)
2026-04-29 12:38:50,960 - INFO - Step   70600 | Epoch  70 | MSE: 0.4616 | Steps/sec: 1.74 | LR: 1.47e-04 | Render_L1: 0.0251 | Alpha_L1: 0.0323 | Render_LPIPS: 0.1745 | cos(c,null): +0.1668 | GradNorm: 0.0427 | MSE/t: [0.00-0.50]0.527(n=6459) [0.50-0.85]0.399(n=5787) [0.85-0.95]0.356(n=533) [0.95-1.00]0.370(n=21)
2026-04-29 12:38:51,062 - INFO - [render-loss] step=70600 kept 32/64 samples (t_value >= 0.50)
2026-04-29 12:40:46,452 - INFO - Step   70800 | Epoch  71 | MSE: 0.4598 | Steps/sec: 1.73 | LR: 1.47e-04 | Render_L1: 0.0251 | Alpha_L1: 0.0328 | Render_LPIPS: 0.1747 | cos(c,null): +0.1637 | GradNorm: 0.3410 | MSE/t: [0.00-0.50]0.525(n=6404) [0.50-0.85]0.398(n=5887) [0.85-0.95]0.355(n=490) [0.95-1.00]0.337(n=19)
2026-04-29 12:40:46,554 - INFO - [render-loss] step=70800 kept 32/64 samples (t_value >= 0.50)
2026-04-29 12:42:41,922 - INFO - Step   71000 | Epoch  71 | MSE: 0.4643 | Steps/sec: 1.73 | LR: 1.47e-04 | Render_L1: 0.0249 | Alpha_L1: 0.0322 | Render_LPIPS: 0.1745 | cos(c,null): +0.1654 | GradNorm: 0.0450 | MSE/t: [0.00-0.50]0.528(n=6375) [0.50-0.85]0.405(n=5862) [0.85-0.95]0.359(n=546) [0.95-1.00]0.341(n=17)
2026-04-29 12:42:42,131 - INFO - [cond] cfg_signal=0.0686 (min=0.0399 max=0.1110, n=16) | class_signal=0.0905 (min=0.0425 max=0.1249, n=16) | pred_rms=0.6436
2026-04-29 12:42:50,257 - INFO - [validation] saved: output/jit_B8_20260429_042413/dit_validation/epoch_071_step_0071000_class001.png (class=1, sampler=heun, steps=100)
2026-04-29 12:42:51,520 - INFO - [overrides] applied from jit/configs/overrides.yaml: lr_scale=1.0 max_grad_norm=5.0 null_repel_weight=0.0 P_mean=0.0
2026-04-29 12:42:51,617 - INFO - [render-loss] step=71000 kept 29/64 samples (t_value >= 0.50)
2026-04-29 12:44:46,330 - INFO - Step   71200 | Epoch  71 | MSE: 0.4586 | Steps/sec: 1.61 | LR: 1.46e-04 | Render_L1: 0.0247 | Alpha_L1: 0.0325 | Render_LPIPS: 0.1735 | cos(c,null): +0.1656 | GradNorm: 2.2352 | MSE/t: [0.00-0.50]0.526(n=6409) [0.50-0.85]0.397(n=5839) [0.85-0.95]0.326(n=527) [0.95-1.00]0.328(n=25)
2026-04-29 12:44:46,431 - INFO - [render-loss] step=71200 kept 32/64 samples (t_value >= 0.50)
2026-04-29 12:46:41,782 - INFO - Step   71400 | Epoch  71 | MSE: 0.4596 | Steps/sec: 1.73 | LR: 1.46e-04 | Render_L1: 0.0244 | Alpha_L1: 0.0315 | Render_LPIPS: 0.1720 | cos(c,null): +0.1666 | GradNorm: 0.2676 | MSE/t: [0.00-0.50]0.526(n=6378) [0.50-0.85]0.398(n=5897) [0.85-0.95]0.340(n=503) [0.95-1.00]0.384(n=22)
2026-04-29 12:46:41,883 - INFO - [render-loss] step=71400 kept 32/64 samples (t_value >= 0.50)
2026-04-29 12:48:36,853 - INFO - Step   71600 | Epoch  71 | MSE: 0.4684 | Steps/sec: 1.74 | LR: 1.46e-04 | Render_L1: 0.0251 | Alpha_L1: 0.0327 | Render_LPIPS: 0.1761 | cos(c,null): +0.1752 | GradNorm: 0.2283 | MSE/t: [0.00-0.50]0.531(n=6432) [0.50-0.85]0.408(n=5813) [0.85-0.95]0.376(n=538) [0.95-1.00]0.335(n=17)
2026-04-29 12:48:36,954 - INFO - [render-loss] step=71600 kept 34/64 samples (t_value >= 0.50)
2026-04-29 12:50:32,099 - INFO - Step   71800 | Epoch  72 | MSE: 0.4601 | Steps/sec: 1.74 | LR: 1.45e-04 | Render_L1: 0.0244 | Alpha_L1: 0.0316 | Render_LPIPS: 0.1717 | cos(c,null): +0.1749 | GradNorm: 0.0449 | MSE/t: [0.00-0.50]0.526(n=6374) [0.50-0.85]0.399(n=5949) [0.85-0.95]0.331(n=459) [0.95-1.00]0.322(n=18)
2026-04-29 12:50:32,201 - INFO - [render-loss] step=71800 kept 29/64 samples (t_value >= 0.50)
2026-04-29 12:52:27,499 - INFO - Step   72000 | Epoch  72 | MSE: 0.4583 | Steps/sec: 1.73 | LR: 1.45e-04 | Render_L1: 0.0249 | Alpha_L1: 0.0320 | Render_LPIPS: 0.1726 | cos(c,null): +0.1722 | GradNorm: 0.0480 | MSE/t: [0.00-0.50]0.521(n=6315) [0.50-0.85]0.401(n=5947) [0.85-0.95]0.353(n=522) [0.95-1.00]0.405(n=16)
2026-04-29 12:52:27,708 - INFO - [cond] cfg_signal=0.0684 (min=0.0425 max=0.1046, n=16) | class_signal=0.0910 (min=0.0415 max=0.1295, n=16) | pred_rms=0.6526
2026-04-29 12:52:35,919 - INFO - [validation] saved: output/jit_B8_20260429_042413/dit_validation/epoch_072_step_0072000_class086.png (class=86, sampler=heun, steps=100)
2026-04-29 12:52:37,173 - INFO - [overrides] applied from jit/configs/overrides.yaml: lr_scale=1.0 max_grad_norm=5.0 null_repel_weight=0.0 P_mean=0.0
2026-04-29 12:52:37,269 - INFO - [render-loss] step=72000 kept 34/64 samples (t_value >= 0.50)
2026-04-29 12:54:31,949 - INFO - Step   72200 | Epoch  72 | MSE: 0.4593 | Steps/sec: 1.61 | LR: 1.45e-04 | Render_L1: 0.0241 | Alpha_L1: 0.0309 | Render_LPIPS: 0.1705 | cos(c,null): +0.1729 | GradNorm: 0.0386 | MSE/t: [0.00-0.50]0.528(n=6443) [0.50-0.85]0.394(n=5853) [0.85-0.95]0.352(n=486) [0.95-1.00]0.254(n=18)
2026-04-29 12:54:32,050 - INFO - [render-loss] step=72200 kept 28/64 samples (t_value >= 0.50)
2026-04-29 12:56:26,741 - INFO - Step   72400 | Epoch  72 | MSE: 0.4660 | Steps/sec: 1.74 | LR: 1.45e-04 | Render_L1: 0.0243 | Alpha_L1: 0.0311 | Render_LPIPS: 0.1709 | cos(c,null): +0.1763 | GradNorm: 0.0553 | MSE/t: [0.00-0.50]0.539(n=6402) [0.50-0.85]0.397(n=5817) [0.85-0.95]0.361(n=558) [0.95-1.00]0.264(n=23)
2026-04-29 12:56:26,843 - INFO - [render-loss] step=72400 kept 35/64 samples (t_value >= 0.50)
2026-04-29 12:58:21,949 - INFO - Step   72600 | Epoch  72 | MSE: 0.4570 | Steps/sec: 1.74 | LR: 1.44e-04 | Render_L1: 0.0242 | Alpha_L1: 0.0312 | Render_LPIPS: 0.1707 | cos(c,null): +0.1764 | GradNorm: 0.0392 | MSE/t: [0.00-0.50]0.524(n=6366) [0.50-0.85]0.394(n=5863) [0.85-0.95]0.358(n=550) [0.95-1.00]0.393(n=21)
2026-04-29 12:58:22,050 - INFO - [render-loss] step=72600 kept 34/64 samples (t_value >= 0.50)
2026-04-29 13:00:16,984 - INFO - Step   72800 | Epoch  73 | MSE: 0.4583 | Steps/sec: 1.74 | LR: 1.44e-04 | Render_L1: 0.0245 | Alpha_L1: 0.0314 | Render_LPIPS: 0.1725 | cos(c,null): +0.1763 | GradNorm: 0.0379 | MSE/t: [0.00-0.50]0.519(n=6460) [0.50-0.85]0.401(n=5822) [0.85-0.95]0.341(n=501) [0.95-1.00]0.337(n=17)
2026-04-29 13:00:17,087 - INFO - [render-loss] step=72800 kept 31/64 samples (t_value >= 0.50)
2026-04-29 13:02:11,618 - INFO - Step   73000 | Epoch  73 | MSE: 0.4625 | Steps/sec: 1.74 | LR: 1.44e-04 | Render_L1: 0.0247 | Alpha_L1: 0.0316 | Render_LPIPS: 0.1720 | cos(c,null): +0.1747 | GradNorm: 0.0392 | MSE/t: [0.00-0.50]0.533(n=6497) [0.50-0.85]0.396(n=5800) [0.85-0.95]0.330(n=484) [0.95-1.00]0.322(n=19)
2026-04-29 13:02:11,827 - INFO - [cond] cfg_signal=0.0708 (min=0.0403 max=0.1147, n=16) | class_signal=0.0943 (min=0.0395 max=0.1464, n=16) | pred_rms=0.6417
2026-04-29 13:02:20,010 - INFO - [validation] saved: output/jit_B8_20260429_042413/dit_validation/epoch_073_step_0073000_class096.png (class=96, sampler=heun, steps=100)
2026-04-29 13:02:21,259 - INFO - [overrides] applied from jit/configs/overrides.yaml: lr_scale=1.0 max_grad_norm=5.0 null_repel_weight=0.0 P_mean=0.0
2026-04-29 13:02:21,356 - INFO - [render-loss] step=73000 kept 30/64 samples (t_value >= 0.50)
2026-04-29 13:04:16,893 - INFO - Step   73200 | Epoch  73 | MSE: 0.4619 | Steps/sec: 1.60 | LR: 1.44e-04 | Render_L1: 0.0244 | Alpha_L1: 0.0312 | Render_LPIPS: 0.1705 | cos(c,null): +0.1723 | GradNorm: 0.0431 | MSE/t: [0.00-0.50]0.530(n=6402) [0.50-0.85]0.396(n=5847) [0.85-0.95]0.364(n=535) [0.95-1.00]0.324(n=16)
2026-04-29 13:04:16,994 - INFO - [render-loss] step=73200 kept 30/64 samples (t_value >= 0.50)
2026-04-29 13:06:12,300 - INFO - Step   73400 | Epoch  73 | MSE: 0.4593 | Steps/sec: 1.73 | LR: 1.43e-04 | Render_L1: 0.0243 | Alpha_L1: 0.0307 | Render_LPIPS: 0.1709 | cos(c,null): +0.1716 | GradNorm: 0.0391 | MSE/t: [0.00-0.50]0.522(n=6373) [0.50-0.85]0.401(n=5915) [0.85-0.95]0.349(n=486) [0.95-1.00]0.341(n=26)
2026-04-29 13:06:12,402 - INFO - [render-loss] step=73400 kept 39/64 samples (t_value >= 0.50)
2026-04-29 13:08:08,435 - INFO - Step   73600 | Epoch  73 | MSE: 0.4603 | Steps/sec: 1.72 | LR: 1.43e-04 | Render_L1: 0.0242 | Alpha_L1: 0.0315 | Render_LPIPS: 0.1701 | cos(c,null): +0.1727 | GradNorm: 0.0413 | MSE/t: [0.00-0.50]0.530(n=6405) [0.50-0.85]0.395(n=5864) [0.85-0.95]0.333(n=518) [0.95-1.00]0.296(n=13)
2026-04-29 13:08:08,536 - INFO - [render-loss] step=73600 kept 39/64 samples (t_value >= 0.50)
2026-04-29 13:10:03,943 - INFO - Step   73800 | Epoch  74 | MSE: 0.4614 | Steps/sec: 1.73 | LR: 1.43e-04 | Render_L1: 0.0245 | Alpha_L1: 0.0317 | Render_LPIPS: 0.1727 | cos(c,null): +0.1735 | GradNorm: 0.0461 | MSE/t: [0.00-0.50]0.529(n=6341) [0.50-0.85]0.399(n=5905) [0.85-0.95]0.354(n=536) [0.95-1.00]0.444(n=18)
2026-04-29 13:10:04,044 - INFO - [render-loss] step=73800 kept 42/64 samples (t_value >= 0.50)
2026-04-29 13:11:59,086 - INFO - Step   74000 | Epoch  74 | MSE: 0.4569 | Steps/sec: 1.74 | LR: 1.42e-04 | Render_L1: 0.0240 | Alpha_L1: 0.0307 | Render_LPIPS: 0.1679 | cos(c,null): +0.1729 | GradNorm: 0.0436 | MSE/t: [0.00-0.50]0.523(n=6388) [0.50-0.85]0.396(n=5881) [0.85-0.95]0.341(n=505) [0.95-1.00]0.337(n=26)
2026-04-29 13:11:59,296 - INFO - [cond] cfg_signal=0.0735 (min=0.0429 max=0.1293, n=16) | class_signal=0.0970 (min=0.0512 max=0.1399, n=16) | pred_rms=0.6441
2026-04-29 13:12:07,494 - INFO - [validation] saved: output/jit_B8_20260429_042413/dit_validation/epoch_074_step_0074000_class083.png (class=83, sampler=heun, steps=100)
2026-04-29 13:12:08,735 - INFO - [overrides] applied from jit/configs/overrides.yaml: lr_scale=1.0 max_grad_norm=5.0 null_repel_weight=0.0 P_mean=0.0
2026-04-29 13:12:08,831 - INFO - [render-loss] step=74000 kept 28/64 samples (t_value >= 0.50)
2026-04-29 13:14:04,095 - INFO - Step   74200 | Epoch  74 | MSE: 0.4599 | Steps/sec: 1.60 | LR: 1.42e-04 | Render_L1: 0.0246 | Alpha_L1: 0.0313 | Render_LPIPS: 0.1720 | cos(c,null): +0.1731 | GradNorm: 0.0499 | MSE/t: [0.00-0.50]0.526(n=6309) [0.50-0.85]0.400(n=5941) [0.85-0.95]0.353(n=530) [0.95-1.00]0.262(n=20)
2026-04-29 13:14:04,195 - INFO - [render-loss] step=74200 kept 29/64 samples (t_value >= 0.50)
2026-04-29 13:15:59,068 - INFO - Step   74400 | Epoch  74 | MSE: 0.4554 | Steps/sec: 1.74 | LR: 1.42e-04 | Render_L1: 0.0245 | Alpha_L1: 0.0311 | Render_LPIPS: 0.1709 | cos(c,null): +0.1736 | GradNorm: 0.0420 | MSE/t: [0.00-0.50]0.521(n=6351) [0.50-0.85]0.395(n=5939) [0.85-0.95]0.344(n=494) [0.95-1.00]0.268(n=16)
2026-04-29 13:15:59,169 - INFO - [render-loss] step=74400 kept 30/64 samples (t_value >= 0.50)
2026-04-29 13:17:54,353 - INFO - Step   74600 | Epoch  74 | MSE: 0.4593 | Steps/sec: 1.73 | LR: 1.42e-04 | Render_L1: 0.0242 | Alpha_L1: 0.0310 | Render_LPIPS: 0.1705 | cos(c,null): +0.1714 | GradNorm: 0.0413 | MSE/t: [0.00-0.50]0.523(n=6296) [0.50-0.85]0.402(n=5989) [0.85-0.95]0.342(n=493) [0.95-1.00]0.271(n=22)
2026-04-29 13:17:54,454 - INFO - [render-loss] step=74600 kept 32/64 samples (t_value >= 0.50)
2026-04-29 13:19:49,818 - INFO - Step   74800 | Epoch  75 | MSE: 0.4640 | Steps/sec: 1.73 | LR: 1.41e-04 | Render_L1: 0.0248 | Alpha_L1: 0.0314 | Render_LPIPS: 0.1711 | cos(c,null): +0.1720 | GradNorm: 0.0416 | MSE/t: [0.00-0.50]0.534(n=6374) [0.50-0.85]0.396(n=5899) [0.85-0.95]0.377(n=512) [0.95-1.00]0.310(n=15)
2026-04-29 13:19:49,918 - INFO - [render-loss] step=74800 kept 29/64 samples (t_value >= 0.50)
2026-04-29 13:21:44,462 - INFO - Step   75000 | Epoch  75 | MSE: 0.4603 | Steps/sec: 1.74 | LR: 1.41e-04 | Render_L1: 0.0245 | Alpha_L1: 0.0315 | Render_LPIPS: 0.1716 | cos(c,null): +0.1714 | GradNorm: 0.0530 | MSE/t: [0.00-0.50]0.525(n=6450) [0.50-0.85]0.398(n=5848) [0.85-0.95]0.354(n=485) [0.95-1.00]0.358(n=17)
2026-04-29 13:21:44,670 - INFO - [cond] cfg_signal=0.0733 (min=0.0408 max=0.1352, n=16) | class_signal=0.0955 (min=0.0415 max=0.1487, n=16) | pred_rms=0.6505
2026-04-29 13:21:52,860 - INFO - [validation] saved: output/jit_B8_20260429_042413/dit_validation/epoch_075_step_0075000_class090.png (class=90, sampler=heun, steps=100)
2026-04-29 13:21:54,104 - INFO - [overrides] applied from jit/configs/overrides.yaml: lr_scale=1.0 max_grad_norm=5.0 null_repel_weight=0.0 P_mean=0.0
2026-04-29 13:21:54,200 - INFO - [render-loss] step=75000 kept 36/64 samples (t_value >= 0.50)
2026-04-29 13:23:48,929 - INFO - Step   75200 | Epoch  75 | MSE: 0.4597 | Steps/sec: 1.61 | LR: 1.41e-04 | Render_L1: 0.0241 | Alpha_L1: 0.0307 | Render_LPIPS: 0.1683 | cos(c,null): +0.1700 | GradNorm: 0.0414 | MSE/t: [0.00-0.50]0.530(n=6366) [0.50-0.85]0.393(n=5924) [0.85-0.95]0.359(n=493) [0.95-1.00]0.321(n=17)
2026-04-29 13:23:49,030 - INFO - [render-loss] step=75200 kept 35/64 samples (t_value >= 0.50)
2026-04-29 13:25:43,994 - INFO - Step   75400 | Epoch  75 | MSE: 0.4605 | Steps/sec: 1.74 | LR: 1.41e-04 | Render_L1: 0.0238 | Alpha_L1: 0.0307 | Render_LPIPS: 0.1693 | cos(c,null): +0.1698 | GradNorm: 0.0399 | MSE/t: [0.00-0.50]0.528(n=6449) [0.50-0.85]0.396(n=5858) [0.85-0.95]0.350(n=469) [0.95-1.00]0.292(n=24)
2026-04-29 13:25:44,096 - INFO - [render-loss] step=75400 kept 25/64 samples (t_value >= 0.50)
2026-04-29 13:27:39,225 - INFO - Step   75600 | Epoch  75 | MSE: 0.4639 | Steps/sec: 1.74 | LR: 1.40e-04 | Render_L1: 0.0242 | Alpha_L1: 0.0309 | Render_LPIPS: 0.1693 | cos(c,null): +0.1718 | GradNorm: 0.0435 | MSE/t: [0.00-0.50]0.533(n=6456) [0.50-0.85]0.397(n=5785) [0.85-0.95]0.351(n=539) [0.95-1.00]0.335(n=20)
2026-04-29 13:27:39,326 - INFO - [render-loss] step=75600 kept 28/64 samples (t_value >= 0.50)
2026-04-29 13:29:34,598 - INFO - Step   75800 | Epoch  76 | MSE: 0.4632 | Steps/sec: 1.73 | LR: 1.40e-04 | Render_L1: 0.0241 | Alpha_L1: 0.0313 | Render_LPIPS: 0.1706 | cos(c,null): +0.1714 | GradNorm: 0.0430 | MSE/t: [0.00-0.50]0.529(n=6412) [0.50-0.85]0.400(n=5845) [0.85-0.95]0.368(n=527) [0.95-1.00]0.407(n=16)
2026-04-29 13:29:34,700 - INFO - [render-loss] step=75800 kept 31/64 samples (t_value >= 0.50)
2026-04-29 13:31:30,355 - INFO - Step   76000 | Epoch  76 | MSE: 0.4582 | Steps/sec: 1.73 | LR: 1.40e-04 | Render_L1: 0.0242 | Alpha_L1: 0.0308 | Render_LPIPS: 0.1693 | cos(c,null): +0.1720 | GradNorm: 0.0429 | MSE/t: [0.00-0.50]0.523(n=6383) [0.50-0.85]0.397(n=5890) [0.85-0.95]0.352(n=508) [0.95-1.00]0.261(n=19)
2026-04-29 13:31:30,566 - INFO - [cond] cfg_signal=0.0763 (min=0.0428 max=0.1480, n=16) | class_signal=0.1001 (min=0.0457 max=0.1467, n=16) | pred_rms=0.6467
2026-04-29 13:31:38,725 - INFO - [validation] saved: output/jit_B8_20260429_042413/dit_validation/epoch_076_step_0076000_class062.png (class=62, sampler=heun, steps=100)
2026-04-29 13:31:39,972 - INFO - [overrides] applied from jit/configs/overrides.yaml: lr_scale=1.0 max_grad_norm=5.0 null_repel_weight=0.0 P_mean=0.0
2026-04-29 13:31:40,068 - INFO - [render-loss] step=76000 kept 35/64 samples (t_value >= 0.50)
2026-04-29 13:33:35,479 - INFO - Step   76200 | Epoch  76 | MSE: 0.4611 | Steps/sec: 1.60 | LR: 1.39e-04 | Render_L1: 0.0244 | Alpha_L1: 0.0307 | Render_LPIPS: 0.1696 | cos(c,null): +0.1721 | GradNorm: 0.0476 | MSE/t: [0.00-0.50]0.527(n=6347) [0.50-0.85]0.401(n=5943) [0.85-0.95]0.341(n=488) [0.95-1.00]0.538(n=22)
2026-04-29 13:33:35,581 - INFO - [render-loss] step=76200 kept 29/64 samples (t_value >= 0.50)
2026-04-29 13:35:30,361 - INFO - Step   76400 | Epoch  76 | MSE: 0.4548 | Steps/sec: 1.74 | LR: 1.39e-04 | Render_L1: 0.0241 | Alpha_L1: 0.0311 | Render_LPIPS: 0.1699 | cos(c,null): +0.1695 | GradNorm: 0.0465 | MSE/t: [0.00-0.50]0.520(n=6378) [0.50-0.85]0.393(n=5862) [0.85-0.95]0.349(n=536) [0.95-1.00]0.444(n=24)
2026-04-29 13:35:30,462 - INFO - [render-loss] step=76400 kept 31/64 samples (t_value >= 0.50)
2026-04-29 13:37:25,538 - INFO - Step   76600 | Epoch  76 | MSE: 0.4576 | Steps/sec: 1.74 | LR: 1.39e-04 | Render_L1: 0.0240 | Alpha_L1: 0.0310 | Render_LPIPS: 0.1690 | cos(c,null): +0.1727 | GradNorm: 0.0454 | MSE/t: [0.00-0.50]0.524(n=6415) [0.50-0.85]0.395(n=5848) [0.85-0.95]0.348(n=517) [0.95-1.00]0.283(n=20)
2026-04-29 13:37:25,639 - INFO - [render-loss] step=76600 kept 36/64 samples (t_value >= 0.50)
2026-04-29 13:39:20,832 - INFO - Step   76800 | Epoch  77 | MSE: 0.4577 | Steps/sec: 1.73 | LR: 1.39e-04 | Render_L1: 0.0239 | Alpha_L1: 0.0306 | Render_LPIPS: 0.1677 | cos(c,null): +0.1742 | GradNorm: 0.0430 | MSE/t: [0.00-0.50]0.526(n=6388) [0.50-0.85]0.393(n=5861) [0.85-0.95]0.354(n=540) [0.95-1.00]0.299(n=11)
2026-04-29 13:39:20,933 - INFO - [render-loss] step=76800 kept 35/64 samples (t_value >= 0.50)
2026-04-29 13:41:15,910 - INFO - Step   77000 | Epoch  77 | MSE: 0.4591 | Steps/sec: 1.74 | LR: 1.38e-04 | Render_L1: 0.0239 | Alpha_L1: 0.0307 | Render_LPIPS: 0.1685 | cos(c,null): +0.1737 | GradNorm: 0.0449 | MSE/t: [0.00-0.50]0.527(n=6358) [0.50-0.85]0.396(n=5928) [0.85-0.95]0.339(n=495) [0.95-1.00]0.400(n=19)
2026-04-29 13:41:16,123 - INFO - [cond] cfg_signal=0.0765 (min=0.0464 max=0.1417, n=16) | class_signal=0.1018 (min=0.0505 max=0.1630, n=16) | pred_rms=0.6450
2026-04-29 13:41:24,296 - INFO - [validation] saved: output/jit_B8_20260429_042413/dit_validation/epoch_077_step_0077000_class023.png (class=23, sampler=heun, steps=100)
2026-04-29 13:41:25,537 - INFO - [overrides] applied from jit/configs/overrides.yaml: lr_scale=1.0 max_grad_norm=5.0 null_repel_weight=0.0 P_mean=0.0
2026-04-29 13:41:25,633 - INFO - [render-loss] step=77000 kept 39/64 samples (t_value >= 0.50)
2026-04-29 13:43:20,314 - INFO - Step   77200 | Epoch  77 | MSE: 0.4551 | Steps/sec: 1.61 | LR: 1.38e-04 | Render_L1: 0.0240 | Alpha_L1: 0.0306 | Render_LPIPS: 0.1678 | cos(c,null): +0.1753 | GradNorm: 0.0414 | MSE/t: [0.00-0.50]0.524(n=6398) [0.50-0.85]0.390(n=5898) [0.85-0.95]0.340(n=485) [0.95-1.00]0.280(n=19)
2026-04-29 13:43:20,415 - INFO - [render-loss] step=77200 kept 27/64 samples (t_value >= 0.50)
2026-04-29 13:45:15,696 - INFO - Step   77400 | Epoch  77 | MSE: 0.4612 | Steps/sec: 1.73 | LR: 1.38e-04 | Render_L1: 0.0242 | Alpha_L1: 0.0314 | Render_LPIPS: 0.1699 | cos(c,null): +0.1760 | GradNorm: 0.0429 | MSE/t: [0.00-0.50]0.527(n=6372) [0.50-0.85]0.400(n=5921) [0.85-0.95]0.354(n=483) [0.95-1.00]0.360(n=24)
2026-04-29 13:45:15,797 - INFO - [render-loss] step=77400 kept 36/64 samples (t_value >= 0.50)
2026-04-29 13:47:11,010 - INFO - Step   77600 | Epoch  78 | MSE: 0.4630 | Steps/sec: 1.73 | LR: 1.37e-04 | Render_L1: 0.0245 | Alpha_L1: 0.0311 | Render_LPIPS: 0.1708 | cos(c,null): +0.1762 | GradNorm: 0.0437 | MSE/t: [0.00-0.50]0.524(n=6410) [0.50-0.85]0.406(n=5892) [0.85-0.95]0.351(n=475) [0.95-1.00]0.385(n=23)
2026-04-29 13:47:11,112 - INFO - [render-loss] step=77600 kept 37/64 samples (t_value >= 0.50)
2026-04-29 13:49:05,798 - INFO - Step   77800 | Epoch  78 | MSE: 0.4616 | Steps/sec: 1.74 | LR: 1.37e-04 | Render_L1: 0.0240 | Alpha_L1: 0.0312 | Render_LPIPS: 0.1679 | cos(c,null): +0.1772 | GradNorm: 0.0426 | MSE/t: [0.00-0.50]0.528(n=6548) [0.50-0.85]0.396(n=5747) [0.85-0.95]0.348(n=490) [0.95-1.00]0.454(n=15)
2026-04-29 13:49:05,900 - INFO - [render-loss] step=77800 kept 31/64 samples (t_value >= 0.50)
2026-04-29 13:51:01,195 - INFO - Step   78000 | Epoch  78 | MSE: 0.4626 | Steps/sec: 1.73 | LR: 1.37e-04 | Render_L1: 0.0246 | Alpha_L1: 0.0314 | Render_LPIPS: 0.1709 | cos(c,null): +0.1787 | GradNorm: 0.0459 | MSE/t: [0.00-0.50]0.530(n=6352) [0.50-0.85]0.400(n=5938) [0.85-0.95]0.356(n=496) [0.95-1.00]0.378(n=14)
2026-04-29 13:51:01,402 - INFO - [cond] cfg_signal=0.0729 (min=0.0440 max=0.1369, n=16) | class_signal=0.0965 (min=0.0449 max=0.1525, n=16) | pred_rms=0.6514
2026-04-29 13:51:09,580 - INFO - [validation] saved: output/jit_B8_20260429_042413/dit_validation/epoch_078_step_0078000_class075.png (class=75, sampler=heun, steps=100)
2026-04-29 13:51:11,303 - INFO - [overrides] applied from jit/configs/overrides.yaml: lr_scale=1.0 max_grad_norm=5.0 null_repel_weight=0.0 P_mean=0.0
2026-04-29 13:51:11,400 - INFO - [render-loss] step=78000 kept 31/64 samples (t_value >= 0.50)
2026-04-29 13:53:06,641 - INFO - Step   78200 | Epoch  78 | MSE: 0.4558 | Steps/sec: 1.60 | LR: 1.37e-04 | Render_L1: 0.0239 | Alpha_L1: 0.0304 | Render_LPIPS: 0.1677 | cos(c,null): +0.1800 | GradNorm: 0.0474 | MSE/t: [0.00-0.50]0.522(n=6398) [0.50-0.85]0.394(n=5896) [0.85-0.95]0.333(n=487) [0.95-1.00]0.384(n=19)
2026-04-29 13:53:06,743 - INFO - [render-loss] step=78200 kept 31/64 samples (t_value >= 0.50)
2026-04-29 13:55:02,144 - INFO - Step   78400 | Epoch  78 | MSE: 0.4554 | Steps/sec: 1.73 | LR: 1.36e-04 | Render_L1: 0.0238 | Alpha_L1: 0.0306 | Render_LPIPS: 0.1670 | cos(c,null): +0.1814 | GradNorm: 0.0441 | MSE/t: [0.00-0.50]0.524(n=6366) [0.50-0.85]0.392(n=5906) [0.85-0.95]0.338(n=507) [0.95-1.00]0.296(n=21)
2026-04-29 13:55:02,247 - INFO - [render-loss] step=78400 kept 27/64 samples (t_value >= 0.50)
2026-04-29 13:56:57,888 - INFO - Step   78600 | Epoch  79 | MSE: 0.4576 | Steps/sec: 1.73 | LR: 1.36e-04 | Render_L1: 0.0239 | Alpha_L1: 0.0311 | Render_LPIPS: 0.1684 | cos(c,null): +0.1814 | GradNorm: 0.0444 | MSE/t: [0.00-0.50]0.521(n=6402) [0.50-0.85]0.396(n=5869) [0.85-0.95]0.364(n=501) [0.95-1.00]0.514(n=28)
2026-04-29 13:56:57,989 - INFO - [render-loss] step=78600 kept 29/64 samples (t_value >= 0.50)
2026-04-29 13:58:52,983 - INFO - Step   78800 | Epoch  79 | MSE: 0.4628 | Steps/sec: 1.74 | LR: 1.36e-04 | Render_L1: 0.0245 | Alpha_L1: 0.0314 | Render_LPIPS: 0.1703 | cos(c,null): +0.1814 | GradNorm: 0.0618 | MSE/t: [0.00-0.50]0.536(n=6398) [0.50-0.85]0.394(n=5860) [0.85-0.95]0.344(n=521) [0.95-1.00]0.354(n=21)
2026-04-29 13:58:53,084 - INFO - [render-loss] step=78800 kept 31/64 samples (t_value >= 0.50)
2026-04-29 14:00:48,014 - INFO - Step   79000 | Epoch  79 | MSE: 0.4662 | Steps/sec: 1.74 | LR: 1.35e-04 | Render_L1: 0.0241 | Alpha_L1: 0.0310 | Render_LPIPS: 0.1691 | cos(c,null): +0.1838 | GradNorm: 0.0428 | MSE/t: [0.00-0.50]0.534(n=6395) [0.50-0.85]0.402(n=5929) [0.85-0.95]0.350(n=446) [0.95-1.00]0.345(n=30)
2026-04-29 14:00:48,226 - INFO - [cond] cfg_signal=0.0837 (min=0.0489 max=0.1536, n=16) | class_signal=0.1095 (min=0.0496 max=0.1630, n=16) | pred_rms=0.6717
2026-04-29 14:00:56,458 - INFO - [validation] saved: output/jit_B8_20260429_042413/dit_validation/epoch_079_step_0079000_class077.png (class=77, sampler=heun, steps=100)
2026-04-29 14:00:57,745 - INFO - [overrides] applied from jit/configs/overrides.yaml: lr_scale=1.0 max_grad_norm=5.0 null_repel_weight=0.0 P_mean=0.0
2026-04-29 14:00:57,841 - INFO - [render-loss] step=79000 kept 30/64 samples (t_value >= 0.50)
2026-04-29 14:02:53,134 - INFO - Step   79200 | Epoch  79 | MSE: 0.4523 | Steps/sec: 1.60 | LR: 1.35e-04 | Render_L1: 0.0240 | Alpha_L1: 0.0305 | Render_LPIPS: 0.1672 | cos(c,null): +0.1842 | GradNorm: 0.0427 | MSE/t: [0.00-0.50]0.522(n=6336) [0.50-0.85]0.389(n=5949) [0.85-0.95]0.325(n=495) [0.95-1.00]0.308(n=20)
2026-04-29 14:02:53,236 - INFO - [render-loss] step=79200 kept 37/64 samples (t_value >= 0.50)
2026-04-29 14:04:47,988 - INFO - Step   79400 | Epoch  79 | MSE: 0.4595 | Steps/sec: 1.74 | LR: 1.35e-04 | Render_L1: 0.0239 | Alpha_L1: 0.0302 | Render_LPIPS: 0.1672 | cos(c,null): +0.1850 | GradNorm: 0.0465 | MSE/t: [0.00-0.50]0.527(n=6388) [0.50-0.85]0.395(n=5887) [0.85-0.95]0.355(n=510) [0.95-1.00]0.356(n=15)
2026-04-29 14:04:48,089 - INFO - [render-loss] step=79400 kept 30/64 samples (t_value >= 0.50)
2026-04-29 14:06:43,441 - INFO - Step   79600 | Epoch  80 | MSE: 0.4583 | Steps/sec: 1.73 | LR: 1.35e-04 | Render_L1: 0.0238 | Alpha_L1: 0.0305 | Render_LPIPS: 0.1677 | cos(c,null): +0.1848 | GradNorm: 0.0444 | MSE/t: [0.00-0.50]0.522(n=6402) [0.50-0.85]0.398(n=5897) [0.85-0.95]0.348(n=483) [0.95-1.00]0.397(n=18)
2026-04-29 14:06:43,542 - INFO - [render-loss] step=79600 kept 31/64 samples (t_value >= 0.50)
2026-04-29 14:08:38,291 - INFO - Step   79800 | Epoch  80 | MSE: 0.4593 | Steps/sec: 1.74 | LR: 1.34e-04 | Render_L1: 0.0238 | Alpha_L1: 0.0307 | Render_LPIPS: 0.1677 | cos(c,null): +0.1843 | GradNorm: 0.0421 | MSE/t: [0.00-0.50]0.528(n=6402) [0.50-0.85]0.395(n=5891) [0.85-0.95]0.344(n=480) [0.95-1.00]0.364(n=27)
2026-04-29 14:08:38,392 - INFO - [render-loss] step=79800 kept 34/64 samples (t_value >= 0.50)
2026-04-29 14:10:33,787 - INFO - Step   80000 | Epoch  80 | MSE: 0.4602 | Steps/sec: 1.73 | LR: 1.34e-04 | Render_L1: 0.0240 | Alpha_L1: 0.0307 | Render_LPIPS: 0.1690 | cos(c,null): +0.1849 | GradNorm: 0.1019 | MSE/t: [0.00-0.50]0.533(n=6252) [0.50-0.85]0.394(n=5995) [0.85-0.95]0.349(n=534) [0.95-1.00]0.509(n=19)
2026-04-29 14:10:33,998 - INFO - [cond] cfg_signal=0.0789 (min=0.0487 max=0.1417, n=16) | class_signal=0.1018 (min=0.0580 max=0.1562, n=16) | pred_rms=0.6765
2026-04-29 14:10:35,847 - INFO - Saved checkpoint to output/jit_B8_20260429_042413/0080000.pt
2026-04-29 14:10:36,053 - INFO - [cond] cfg_signal=0.0789 (min=0.0487 max=0.1417, n=16) | class_signal=0.1018 (min=0.0580 max=0.1562, n=16) | pred_rms=0.6765
2026-04-29 14:10:44,282 - INFO - [validation] saved: output/jit_B8_20260429_042413/dit_validation/epoch_080_step_0080000_class081.png (class=81, sampler=heun, steps=100)
2026-04-29 14:10:45,568 - INFO - [overrides] applied from jit/configs/overrides.yaml: lr_scale=1.0 max_grad_norm=5.0 null_repel_weight=0.0 P_mean=0.0
2026-04-29 14:10:45,664 - INFO - [render-loss] step=80000 kept 32/64 samples (t_value >= 0.50)
2026-04-29 14:12:41,387 - INFO - Step   80200 | Epoch  80 | MSE: 0.4608 | Steps/sec: 1.57 | LR: 1.34e-04 | Render_L1: 0.0238 | Alpha_L1: 0.0303 | Render_LPIPS: 0.1674 | cos(c,null): +0.1820 | GradNorm: 0.0465 | MSE/t: [0.00-0.50]0.533(n=6420) [0.50-0.85]0.393(n=5851) [0.85-0.95]0.341(n=515) [0.95-1.00]0.258(n=14)
2026-04-29 14:12:41,488 - INFO - [render-loss] step=80200 kept 38/64 samples (t_value >= 0.50)
2026-04-29 14:14:36,445 - INFO - Step   80400 | Epoch  80 | MSE: 0.4566 | Steps/sec: 1.74 | LR: 1.33e-04 | Render_L1: 0.0237 | Alpha_L1: 0.0307 | Render_LPIPS: 0.1671 | cos(c,null): +0.1830 | GradNorm: 0.0543 | MSE/t: [0.00-0.50]0.525(n=6386) [0.50-0.85]0.391(n=5896) [0.85-0.95]0.358(n=500) [0.95-1.00]0.336(n=18)
2026-04-29 14:14:36,545 - INFO - [render-loss] step=80400 kept 34/64 samples (t_value >= 0.50)
2026-04-29 14:16:31,733 - INFO - Step   80600 | Epoch  81 | MSE: 0.4631 | Steps/sec: 1.73 | LR: 1.33e-04 | Render_L1: 0.0245 | Alpha_L1: 0.0319 | Render_LPIPS: 0.1708 | cos(c,null): +0.1843 | GradNorm: 0.7515 | MSE/t: [0.00-0.50]0.524(n=6457) [0.50-0.85]0.406(n=5806) [0.85-0.95]0.353(n=514) [0.95-1.00]0.384(n=23)
2026-04-29 14:16:31,835 - INFO - [render-loss] step=80600 kept 38/64 samples (t_value >= 0.50)
2026-04-29 14:18:26,708 - INFO - Step   80800 | Epoch  81 | MSE: 0.4609 | Steps/sec: 1.74 | LR: 1.33e-04 | Render_L1: 0.0238 | Alpha_L1: 0.0305 | Render_LPIPS: 0.1663 | cos(c,null): +0.1842 | GradNorm: 0.0433 | MSE/t: [0.00-0.50]0.535(n=6357) [0.50-0.85]0.393(n=5911) [0.85-0.95]0.336(n=514) [0.95-1.00]0.346(n=18)
2026-04-29 14:18:26,809 - INFO - [render-loss] step=80800 kept 27/64 samples (t_value >= 0.50)
2026-04-29 14:20:21,799 - INFO - Step   81000 | Epoch  81 | MSE: 0.4612 | Steps/sec: 1.74 | LR: 1.33e-04 | Render_L1: 0.0234 | Alpha_L1: 0.0299 | Render_LPIPS: 0.1651 | cos(c,null): +0.1838 | GradNorm: 0.0433 | MSE/t: [0.00-0.50]0.535(n=6378) [0.50-0.85]0.391(n=5907) [0.85-0.95]0.352(n=484) [0.95-1.00]0.381(n=31)
2026-04-29 14:20:22,006 - INFO - [cond] cfg_signal=0.0728 (min=0.0409 max=0.1315, n=16) | class_signal=0.0979 (min=0.0500 max=0.1620, n=16) | pred_rms=0.6682
2026-04-29 14:20:30,241 - INFO - [validation] saved: output/jit_B8_20260429_042413/dit_validation/epoch_081_step_0081000_class007.png (class=7, sampler=heun, steps=100)
2026-04-29 14:20:31,526 - INFO - [overrides] applied from jit/configs/overrides.yaml: lr_scale=1.0 max_grad_norm=5.0 null_repel_weight=0.0 P_mean=0.0
2026-04-29 14:20:31,623 - INFO - [render-loss] step=81000 kept 28/64 samples (t_value >= 0.50)
2026-04-29 14:22:26,902 - INFO - Step   81200 | Epoch  81 | MSE: 0.4604 | Steps/sec: 1.60 | LR: 1.32e-04 | Render_L1: 0.0236 | Alpha_L1: 0.0303 | Render_LPIPS: 0.1661 | cos(c,null): +0.1831 | GradNorm: 0.0450 | MSE/t: [0.00-0.50]0.529(n=6430) [0.50-0.85]0.396(n=5852) [0.85-0.95]0.332(n=499) [0.95-1.00]0.351(n=19)
2026-04-29 14:22:27,004 - INFO - [render-loss] step=81200 kept 33/64 samples (t_value >= 0.50)
2026-04-29 14:24:21,992 - INFO - Step   81400 | Epoch  81 | MSE: 0.4653 | Steps/sec: 1.74 | LR: 1.32e-04 | Render_L1: 0.0244 | Alpha_L1: 0.0311 | Render_LPIPS: 0.1697 | cos(c,null): +0.1825 | GradNorm: 0.1029 | MSE/t: [0.00-0.50]0.528(n=6434) [0.50-0.85]0.406(n=5853) [0.85-0.95]0.357(n=491) [0.95-1.00]0.289(n=22)
2026-04-29 14:24:22,094 - INFO - [render-loss] step=81400 kept 35/64 samples (t_value >= 0.50)
2026-04-29 14:26:17,202 - INFO - Step   81600 | Epoch  82 | MSE: 0.4971 | Steps/sec: 1.74 | LR: 1.32e-04 | Render_L1: 0.0298 | Alpha_L1: 0.0470 | Render_LPIPS: 0.1907 | cos(c,null): +0.1823 | GradNorm: 2.6994 | MSE/t: [0.00-0.50]0.553(n=6516) [0.50-0.85]0.443(n=5795) [0.85-0.95]0.393(n=463) [0.95-1.00]0.446(n=26)
2026-04-29 14:26:17,303 - INFO - [render-loss] step=81600 kept 40/64 samples (t_value >= 0.50)
2026-04-29 14:28:12,000 - INFO - Step   81800 | Epoch  82 | MSE: 0.4742 | Steps/sec: 1.74 | LR: 1.31e-04 | Render_L1: 0.0269 | Alpha_L1: 0.0355 | Render_LPIPS: 0.1865 | cos(c,null): +0.1803 | GradNorm: 0.0699 | MSE/t: [0.00-0.50]0.537(n=6381) [0.50-0.85]0.414(n=5919) [0.85-0.95]0.387(n=472) [0.95-1.00]0.310(n=28)
2026-04-29 14:28:12,101 - INFO - [render-loss] step=81800 kept 30/64 samples (t_value >= 0.50)
2026-04-29 14:30:07,043 - INFO - Step   82000 | Epoch  82 | MSE: 0.4655 | Steps/sec: 1.74 | LR: 1.31e-04 | Render_L1: 0.0246 | Alpha_L1: 0.0316 | Render_LPIPS: 0.1733 | cos(c,null): +0.1812 | GradNorm: 0.0438 | MSE/t: [0.00-0.50]0.528(n=6353) [0.50-0.85]0.409(n=5928) [0.85-0.95]0.341(n=497) [0.95-1.00]0.325(n=22)
2026-04-29 14:30:07,251 - INFO - [cond] cfg_signal=0.0800 (min=0.0559 max=0.1366, n=16) | class_signal=0.0983 (min=0.0692 max=0.1570, n=16) | pred_rms=0.6332
2026-04-29 14:30:15,557 - INFO - [validation] saved: output/jit_B8_20260429_042413/dit_validation/epoch_082_step_0082000_class047.png (class=47, sampler=heun, steps=100)
2026-04-29 14:30:16,822 - INFO - [overrides] applied from jit/configs/overrides.yaml: lr_scale=1.0 max_grad_norm=5.0 null_repel_weight=0.0 P_mean=0.0
2026-04-29 14:30:16,919 - INFO - [render-loss] step=82000 kept 37/64 samples (t_value >= 0.50)
2026-04-29 14:32:12,054 - INFO - Step   82200 | Epoch  82 | MSE: 0.4612 | Steps/sec: 1.60 | LR: 1.31e-04 | Render_L1: 0.0242 | Alpha_L1: 0.0310 | Render_LPIPS: 0.1718 | cos(c,null): +0.1817 | GradNorm: 0.0904 | MSE/t: [0.00-0.50]0.528(n=6371) [0.50-0.85]0.400(n=5857) [0.85-0.95]0.353(n=559) [0.95-1.00]0.275(n=13)
2026-04-29 14:32:12,156 - INFO - [render-loss] step=82200 kept 35/64 samples (t_value >= 0.50)
2026-04-29 14:34:07,206 - INFO - Step   82400 | Epoch  82 | MSE: 0.4628 | Steps/sec: 1.74 | LR: 1.31e-04 | Render_L1: 0.0239 | Alpha_L1: 0.0310 | Render_LPIPS: 0.1690 | cos(c,null): +0.1823 | GradNorm: 0.0418 | MSE/t: [0.00-0.50]0.531(n=6356) [0.50-0.85]0.401(n=5922) [0.85-0.95]0.335(n=497) [0.95-1.00]0.385(n=25)
2026-04-29 14:34:07,307 - INFO - [render-loss] step=82400 kept 29/64 samples (t_value >= 0.50)
2026-04-29 14:36:03,117 - INFO - Step   82600 | Epoch  83 | MSE: 0.4599 | Steps/sec: 1.73 | LR: 1.30e-04 | Render_L1: 0.0238 | Alpha_L1: 0.0305 | Render_LPIPS: 0.1682 | cos(c,null): +0.1822 | GradNorm: 0.0461 | MSE/t: [0.00-0.50]0.526(n=6324) [0.50-0.85]0.399(n=5972) [0.85-0.95]0.357(n=485) [0.95-1.00]0.332(n=19)
2026-04-29 14:36:03,219 - INFO - [render-loss] step=82600 kept 28/64 samples (t_value >= 0.50)
2026-04-29 14:37:57,771 - INFO - Step   82800 | Epoch  83 | MSE: 0.4633 | Steps/sec: 1.74 | LR: 1.30e-04 | Render_L1: 0.0236 | Alpha_L1: 0.0300 | Render_LPIPS: 0.1663 | cos(c,null): +0.1825 | GradNorm: 0.0491 | MSE/t: [0.00-0.50]0.531(n=6440) [0.50-0.85]0.400(n=5835) [0.85-0.95]0.341(n=499) [0.95-1.00]0.285(n=26)
2026-04-29 14:37:57,872 - INFO - [render-loss] step=82800 kept 26/64 samples (t_value >= 0.50)
2026-04-29 14:39:52,507 - INFO - Step   83000 | Epoch  83 | MSE: 0.4598 | Steps/sec: 1.74 | LR: 1.30e-04 | Render_L1: 0.0235 | Alpha_L1: 0.0296 | Render_LPIPS: 0.1663 | cos(c,null): +0.1828 | GradNorm: 0.0421 | MSE/t: [0.00-0.50]0.528(n=6435) [0.50-0.85]0.396(n=5815) [0.85-0.95]0.344(n=531) [0.95-1.00]0.331(n=19)
2026-04-29 14:39:52,711 - INFO - [cond] cfg_signal=0.0736 (min=0.0444 max=0.1353, n=16) | class_signal=0.0939 (min=0.0562 max=0.1524, n=16) | pred_rms=0.6371
2026-04-29 14:40:00,928 - INFO - [validation] saved: output/jit_B8_20260429_042413/dit_validation/epoch_083_step_0083000_class005.png (class=5, sampler=heun, steps=100)
2026-04-29 14:40:02,183 - INFO - [overrides] applied from jit/configs/overrides.yaml: lr_scale=1.0 max_grad_norm=5.0 null_repel_weight=0.0 P_mean=0.0
2026-04-29 14:40:02,279 - INFO - [render-loss] step=83000 kept 27/64 samples (t_value >= 0.50)
2026-04-29 14:41:57,263 - INFO - Step   83200 | Epoch  83 | MSE: 0.4625 | Steps/sec: 1.61 | LR: 1.29e-04 | Render_L1: 0.0237 | Alpha_L1: 0.0300 | Render_LPIPS: 0.1669 | cos(c,null): +0.1826 | GradNorm: 0.0730 | MSE/t: [0.00-0.50]0.531(n=6400) [0.50-0.85]0.397(n=5837) [0.85-0.95]0.361(n=544) [0.95-1.00]0.293(n=19)
2026-04-29 14:41:57,364 - INFO - [render-loss] step=83200 kept 35/64 samples (t_value >= 0.50)
2026-04-29 14:43:52,633 - INFO - Step   83400 | Epoch  83 | MSE: 0.4571 | Steps/sec: 1.73 | LR: 1.29e-04 | Render_L1: 0.0236 | Alpha_L1: 0.0297 | Render_LPIPS: 0.1663 | cos(c,null): +0.1827 | GradNorm: 0.0434 | MSE/t: [0.00-0.50]0.520(n=6355) [0.50-0.85]0.398(n=5875) [0.85-0.95]0.362(n=548) [0.95-1.00]0.332(n=22)
2026-04-29 14:43:52,734 - INFO - [render-loss] step=83400 kept 32/64 samples (t_value >= 0.50)
2026-04-29 14:45:47,618 - INFO - Step   83600 | Epoch  84 | MSE: 0.4583 | Steps/sec: 1.74 | LR: 1.29e-04 | Render_L1: 0.0234 | Alpha_L1: 0.0294 | Render_LPIPS: 0.1649 | cos(c,null): +0.1826 | GradNorm: 0.0465 | MSE/t: [0.00-0.50]0.524(n=6514) [0.50-0.85]0.395(n=5759) [0.85-0.95]0.336(n=510) [0.95-1.00]0.286(n=17)
2026-04-29 14:45:47,719 - INFO - [render-loss] step=83600 kept 28/64 samples (t_value >= 0.50)
2026-04-29 14:47:43,460 - INFO - Step   83800 | Epoch  84 | MSE: 0.4590 | Steps/sec: 1.73 | LR: 1.28e-04 | Render_L1: 0.0232 | Alpha_L1: 0.0297 | Render_LPIPS: 0.1636 | cos(c,null): +0.1828 | GradNorm: 0.0539 | MSE/t: [0.00-0.50]0.531(n=6359) [0.50-0.85]0.391(n=5893) [0.85-0.95]0.351(n=523) [0.95-1.00]0.365(n=25)
2026-04-29 14:47:43,561 - INFO - [render-loss] step=83800 kept 36/64 samples (t_value >= 0.50)
2026-04-29 14:49:38,500 - INFO - Step   84000 | Epoch  84 | MSE: 0.4626 | Steps/sec: 1.74 | LR: 1.28e-04 | Render_L1: 0.0232 | Alpha_L1: 0.0291 | Render_LPIPS: 0.1636 | cos(c,null): +0.1828 | GradNorm: 0.0464 | MSE/t: [0.00-0.50]0.533(n=6360) [0.50-0.85]0.397(n=5952) [0.85-0.95]0.343(n=468) [0.95-1.00]0.320(n=20)
2026-04-29 14:49:38,708 - INFO - [cond] cfg_signal=0.0722 (min=0.0400 max=0.1301, n=16) | class_signal=0.0945 (min=0.0547 max=0.1555, n=16) | pred_rms=0.6494
2026-04-29 14:49:46,938 - INFO - [validation] saved: output/jit_B8_20260429_042413/dit_validation/epoch_084_step_0084000_class059.png (class=59, sampler=heun, steps=100)
2026-04-29 14:49:48,201 - INFO - [overrides] applied from jit/configs/overrides.yaml: lr_scale=1.0 max_grad_norm=5.0 null_repel_weight=0.0 P_mean=0.0
2026-04-29 14:49:48,296 - INFO - [render-loss] step=84000 kept 30/64 samples (t_value >= 0.50)
2026-04-29 14:51:43,425 - INFO - Step   84200 | Epoch  84 | MSE: 0.4573 | Steps/sec: 1.60 | LR: 1.28e-04 | Render_L1: 0.0232 | Alpha_L1: 0.0294 | Render_LPIPS: 0.1649 | cos(c,null): +0.1826 | GradNorm: 0.0440 | MSE/t: [0.00-0.50]0.520(n=6475) [0.50-0.85]0.398(n=5814) [0.85-0.95]0.343(n=492) [0.95-1.00]0.289(n=19)
2026-04-29 14:51:43,526 - INFO - [render-loss] step=84200 kept 36/64 samples (t_value >= 0.50)
2026-04-29 14:53:38,757 - INFO - Step   84400 | Epoch  84 | MSE: 0.4592 | Steps/sec: 1.73 | LR: 1.28e-04 | Render_L1: 0.0234 | Alpha_L1: 0.0292 | Render_LPIPS: 0.1643 | cos(c,null): +0.1828 | GradNorm: 0.0483 | MSE/t: [0.00-0.50]0.531(n=6302) [0.50-0.85]0.394(n=5986) [0.85-0.95]0.336(n=495) [0.95-1.00]0.377(n=17)
2026-04-29 14:53:38,858 - INFO - [render-loss] step=84400 kept 36/64 samples (t_value >= 0.50)
2026-04-29 14:55:33,923 - INFO - Step   84600 | Epoch  85 | MSE: 0.4610 | Steps/sec: 1.74 | LR: 1.27e-04 | Render_L1: 0.0231 | Alpha_L1: 0.0293 | Render_LPIPS: 0.1639 | cos(c,null): +0.1829 | GradNorm: 0.0458 | MSE/t: [0.00-0.50]0.530(n=6419) [0.50-0.85]0.397(n=5865) [0.85-0.95]0.332(n=492) [0.95-1.00]0.376(n=24)
2026-04-29 14:55:34,024 - INFO - [render-loss] step=84600 kept 35/64 samples (t_value >= 0.50)
2026-04-29 14:57:29,240 - INFO - Step   84800 | Epoch  85 | MSE: 0.4608 | Steps/sec: 1.73 | LR: 1.27e-04 | Render_L1: 0.0235 | Alpha_L1: 0.0297 | Render_LPIPS: 0.1656 | cos(c,null): +0.1828 | GradNorm: 0.0441 | MSE/t: [0.00-0.50]0.526(n=6476) [0.50-0.85]0.399(n=5804) [0.85-0.95]0.346(n=505) [0.95-1.00]0.318(n=15)
2026-04-29 14:57:29,342 - INFO - [render-loss] step=84800 kept 32/64 samples (t_value >= 0.50)
2026-04-29 14:59:24,453 - INFO - Step   85000 | Epoch  85 | MSE: 0.4623 | Steps/sec: 1.74 | LR: 1.27e-04 | Render_L1: 0.0235 | Alpha_L1: 0.0298 | Render_LPIPS: 0.1653 | cos(c,null): +0.1822 | GradNorm: 0.0505 | MSE/t: [0.00-0.50]0.532(n=6416) [0.50-0.85]0.396(n=5878) [0.85-0.95]0.344(n=481) [0.95-1.00]0.419(n=25)
2026-04-29 14:59:24,663 - INFO - [cond] cfg_signal=0.0710 (min=0.0408 max=0.1382, n=16) | class_signal=0.0952 (min=0.0505 max=0.1544, n=16) | pred_rms=0.6293
2026-04-29 14:59:32,918 - INFO - [validation] saved: output/jit_B8_20260429_042413/dit_validation/epoch_085_step_0085000_class096.png (class=96, sampler=heun, steps=100)
2026-04-29 14:59:34,189 - INFO - [overrides] applied from jit/configs/overrides.yaml: lr_scale=1.0 max_grad_norm=5.0 null_repel_weight=0.0 P_mean=0.0
2026-04-29 14:59:34,285 - INFO - [render-loss] step=85000 kept 23/64 samples (t_value >= 0.50)
2026-04-29 15:01:29,224 - INFO - Step   85200 | Epoch  85 | MSE: 0.4573 | Steps/sec: 1.61 | LR: 1.26e-04 | Render_L1: 0.0236 | Alpha_L1: 0.0294 | Render_LPIPS: 0.1645 | cos(c,null): +0.1819 | GradNorm: 0.0500 | MSE/t: [0.00-0.50]0.524(n=6349) [0.50-0.85]0.394(n=5878) [0.85-0.95]0.362(n=543) [0.95-1.00]0.383(n=30)
2026-04-29 15:01:29,325 - INFO - [render-loss] step=85200 kept 38/64 samples (t_value >= 0.50)
2026-04-29 15:03:24,141 - INFO - Step   85400 | Epoch  85 | MSE: 0.4588 | Steps/sec: 1.74 | LR: 1.26e-04 | Render_L1: 0.0241 | Alpha_L1: 0.0300 | Render_LPIPS: 0.1669 | cos(c,null): +0.1820 | GradNorm: 0.2728 | MSE/t: [0.00-0.50]0.526(n=6456) [0.50-0.85]0.394(n=5836) [0.85-0.95]0.348(n=486) [0.95-1.00]0.327(n=22)
2026-04-29 15:03:24,243 - INFO - [render-loss] step=85400 kept 34/64 samples (t_value >= 0.50)
2026-04-29 15:05:19,553 - INFO - Step   85600 | Epoch  86 | MSE: 0.4587 | Steps/sec: 1.73 | LR: 1.26e-04 | Render_L1: 0.0234 | Alpha_L1: 0.0297 | Render_LPIPS: 0.1646 | cos(c,null): +0.1828 | GradNorm: 0.0513 | MSE/t: [0.00-0.50]0.530(n=6343) [0.50-0.85]0.392(n=5881) [0.85-0.95]0.357(n=553) [0.95-1.00]0.299(n=23)
2026-04-29 15:05:19,655 - INFO - [render-loss] step=85600 kept 31/64 samples (t_value >= 0.50)
2026-04-29 15:07:14,448 - INFO - Step   85800 | Epoch  86 | MSE: 0.4605 | Steps/sec: 1.74 | LR: 1.26e-04 | Render_L1: 0.0232 | Alpha_L1: 0.0293 | Render_LPIPS: 0.1646 | cos(c,null): +0.1828 | GradNorm: 0.0487 | MSE/t: [0.00-0.50]0.527(n=6439) [0.50-0.85]0.396(n=5811) [0.85-0.95]0.362(n=528) [0.95-1.00]0.367(n=22)
2026-04-29 15:07:14,549 - INFO - [render-loss] step=85800 kept 25/64 samples (t_value >= 0.50)
2026-04-29 15:09:09,190 - INFO - Step   86000 | Epoch  86 | MSE: 0.4595 | Steps/sec: 1.74 | LR: 1.25e-04 | Render_L1: 0.0236 | Alpha_L1: 0.0299 | Render_LPIPS: 0.1661 | cos(c,null): +0.1828 | GradNorm: 0.0531 | MSE/t: [0.00-0.50]0.523(n=6424) [0.50-0.85]0.400(n=5857) [0.85-0.95]0.343(n=498) [0.95-1.00]0.270(n=21)
2026-04-29 15:09:09,400 - INFO - [cond] cfg_signal=0.0729 (min=0.0365 max=0.1389, n=16) | class_signal=0.0962 (min=0.0518 max=0.1565, n=16) | pred_rms=0.6484
2026-04-29 15:09:17,686 - INFO - [validation] saved: output/jit_B8_20260429_042413/dit_validation/epoch_086_step_0086000_class017.png (class=17, sampler=heun, steps=100)
2026-04-29 15:09:18,954 - INFO - [overrides] applied from jit/configs/overrides.yaml: lr_scale=1.0 max_grad_norm=5.0 null_repel_weight=0.0 P_mean=0.0
2026-04-29 15:09:19,051 - INFO - [render-loss] step=86000 kept 39/64 samples (t_value >= 0.50)
2026-04-29 15:11:14,375 - INFO - Step   86200 | Epoch  86 | MSE: 0.4607 | Steps/sec: 1.60 | LR: 1.25e-04 | Render_L1: 0.0238 | Alpha_L1: 0.0301 | Render_LPIPS: 0.1660 | cos(c,null): +0.1823 | GradNorm: 0.0489 | MSE/t: [0.00-0.50]0.521(n=6323) [0.50-0.85]0.407(n=5913) [0.85-0.95]0.346(n=541) [0.95-1.00]0.272(n=23)
2026-04-29 15:11:14,477 - INFO - [render-loss] step=86200 kept 31/64 samples (t_value >= 0.50)
2026-04-29 15:13:09,805 - INFO - Step   86400 | Epoch  86 | MSE: 0.4601 | Steps/sec: 1.73 | LR: 1.25e-04 | Render_L1: 0.0234 | Alpha_L1: 0.0297 | Render_LPIPS: 0.1648 | cos(c,null): +0.1813 | GradNorm: 0.0838 | MSE/t: [0.00-0.50]0.526(n=6414) [0.50-0.85]0.397(n=5850) [0.85-0.95]0.356(n=520) [0.95-1.00]0.345(n=16)
2026-04-29 15:13:09,905 - INFO - [render-loss] step=86400 kept 23/64 samples (t_value >= 0.50)
2026-04-29 15:15:05,066 - INFO - Step   86600 | Epoch  87 | MSE: 0.4607 | Steps/sec: 1.74 | LR: 1.24e-04 | Render_L1: 0.0236 | Alpha_L1: 0.0304 | Render_LPIPS: 0.1658 | cos(c,null): +0.1792 | GradNorm: 0.0538 | MSE/t: [0.00-0.50]0.527(n=6378) [0.50-0.85]0.396(n=5899) [0.85-0.95]0.379(n=505) [0.95-1.00]0.363(n=18)
2026-04-29 15:15:05,167 - INFO - [render-loss] step=86600 kept 30/64 samples (t_value >= 0.50)
2026-04-29 15:17:00,105 - INFO - Step   86800 | Epoch  87 | MSE: 0.4660 | Steps/sec: 1.74 | LR: 1.24e-04 | Render_L1: 0.0232 | Alpha_L1: 0.0292 | Render_LPIPS: 0.1631 | cos(c,null): +0.1787 | GradNorm: 0.0535 | MSE/t: [0.00-0.50]0.538(n=6514) [0.50-0.85]0.395(n=5756) [0.85-0.95]0.346(n=516) [0.95-1.00]0.445(n=14)
2026-04-29 15:17:00,208 - INFO - [render-loss] step=86800 kept 29/64 samples (t_value >= 0.50)
2026-04-29 15:18:55,423 - INFO - Step   87000 | Epoch  87 | MSE: 0.4560 | Steps/sec: 1.73 | LR: 1.24e-04 | Render_L1: 0.0234 | Alpha_L1: 0.0295 | Render_LPIPS: 0.1633 | cos(c,null): +0.1794 | GradNorm: 0.0464 | MSE/t: [0.00-0.50]0.520(n=6465) [0.50-0.85]0.395(n=5797) [0.85-0.95]0.345(n=522) [0.95-1.00]0.309(n=16)
2026-04-29 15:18:55,633 - INFO - [cond] cfg_signal=0.0739 (min=0.0386 max=0.1374, n=16) | class_signal=0.0992 (min=0.0599 max=0.1525, n=16) | pred_rms=0.6549
2026-04-29 15:19:03,839 - INFO - [validation] saved: output/jit_B8_20260429_042413/dit_validation/epoch_087_step_0087000_class048.png (class=48, sampler=heun, steps=100)
2026-04-29 15:19:05,158 - INFO - [overrides] applied from jit/configs/overrides.yaml: lr_scale=1.0 max_grad_norm=5.0 null_repel_weight=0.0 P_mean=0.0
2026-04-29 15:19:05,254 - INFO - [render-loss] step=87000 kept 31/64 samples (t_value >= 0.50)
2026-04-29 15:21:00,390 - INFO - Step   87200 | Epoch  87 | MSE: 0.4567 | Steps/sec: 1.60 | LR: 1.23e-04 | Render_L1: 0.0232 | Alpha_L1: 0.0294 | Render_LPIPS: 0.1638 | cos(c,null): +0.1798 | GradNorm: 0.0488 | MSE/t: [0.00-0.50]0.523(n=6388) [0.50-0.85]0.394(n=5868) [0.85-0.95]0.349(n=530) [0.95-1.00]0.341(n=14)
2026-04-29 15:21:00,492 - INFO - [render-loss] step=87200 kept 34/64 samples (t_value >= 0.50)
2026-04-29 15:22:56,010 - INFO - Step   87400 | Epoch  87 | MSE: 0.4619 | Steps/sec: 1.73 | LR: 1.23e-04 | Render_L1: 0.0239 | Alpha_L1: 0.0300 | Render_LPIPS: 0.1664 | cos(c,null): +0.1799 | GradNorm: 0.0511 | MSE/t: [0.00-0.50]0.533(n=6261) [0.50-0.85]0.398(n=5969) [0.85-0.95]0.351(n=555) [0.95-1.00]0.411(n=15)
2026-04-29 15:22:56,111 - INFO - [render-loss] step=87400 kept 36/64 samples (t_value >= 0.50)
2026-04-29 15:24:51,237 - INFO - Step   87600 | Epoch  88 | MSE: 0.4619 | Steps/sec: 1.74 | LR: 1.23e-04 | Render_L1: 0.0232 | Alpha_L1: 0.0294 | Render_LPIPS: 0.1632 | cos(c,null): +0.1776 | GradNorm: 0.0523 | MSE/t: [0.00-0.50]0.533(n=6475) [0.50-0.85]0.393(n=5812) [0.85-0.95]0.340(n=492) [0.95-1.00]0.302(n=21)
2026-04-29 15:24:51,338 - INFO - [render-loss] step=87600 kept 37/64 samples (t_value >= 0.50)
2026-04-29 15:26:46,479 - INFO - Step   87800 | Epoch  88 | MSE: 0.4616 | Steps/sec: 1.74 | LR: 1.23e-04 | Render_L1: 0.0233 | Alpha_L1: 0.0292 | Render_LPIPS: 0.1644 | cos(c,null): +0.1758 | GradNorm: 0.0521 | MSE/t: [0.00-0.50]0.529(n=6431) [0.50-0.85]0.399(n=5814) [0.85-0.95]0.338(n=534) [0.95-1.00]0.298(n=21)
2026-04-29 15:26:46,580 - INFO - [render-loss] step=87800 kept 26/64 samples (t_value >= 0.50)
2026-04-29 15:28:41,701 - INFO - Step   88000 | Epoch  88 | MSE: 0.4573 | Steps/sec: 1.74 | LR: 1.22e-04 | Render_L1: 0.0236 | Alpha_L1: 0.0297 | Render_LPIPS: 0.1641 | cos(c,null): +0.1757 | GradNorm: 0.0526 | MSE/t: [0.00-0.50]0.524(n=6341) [0.50-0.85]0.398(n=5940) [0.85-0.95]0.328(n=506) [0.95-1.00]0.303(n=13)
2026-04-29 15:28:41,912 - INFO - [cond] cfg_signal=0.0723 (min=0.0374 max=0.1324, n=16) | class_signal=0.0959 (min=0.0478 max=0.1563, n=16) | pred_rms=0.6470
2026-04-29 15:28:50,487 - INFO - [validation] saved: output/jit_B8_20260429_042413/dit_validation/epoch_088_step_0088000_class088.png (class=88, sampler=heun, steps=100)
2026-04-29 15:28:51,847 - INFO - [overrides] applied from jit/configs/overrides.yaml: lr_scale=1.0 max_grad_norm=5.0 null_repel_weight=0.0 P_mean=0.0
2026-04-29 15:28:51,943 - INFO - [render-loss] step=88000 kept 27/64 samples (t_value >= 0.50)
2026-04-29 15:30:46,641 - INFO - Step   88200 | Epoch  88 | MSE: 0.4570 | Steps/sec: 1.60 | LR: 1.22e-04 | Render_L1: 0.0237 | Alpha_L1: 0.0294 | Render_LPIPS: 0.1651 | cos(c,null): +0.1764 | GradNorm: 0.0503 | MSE/t: [0.00-0.50]0.519(n=6404) [0.50-0.85]0.398(n=5897) [0.85-0.95]0.368(n=478) [0.95-1.00]0.330(n=21)
2026-04-29 15:30:46,742 - INFO - [render-loss] step=88200 kept 30/64 samples (t_value >= 0.50)
2026-04-29 15:32:41,784 - INFO - Step   88400 | Epoch  88 | MSE: 0.4637 | Steps/sec: 1.74 | LR: 1.22e-04 | Render_L1: 0.0229 | Alpha_L1: 0.0293 | Render_LPIPS: 0.1625 | cos(c,null): +0.1775 | GradNorm: 0.0507 | MSE/t: [0.00-0.50]0.536(n=6343) [0.50-0.85]0.397(n=5914) [0.85-0.95]0.354(n=518) [0.95-1.00]0.316(n=25)
2026-04-29 15:32:41,885 - INFO - [render-loss] step=88400 kept 30/64 samples (t_value >= 0.50)
2026-04-29 15:34:37,201 - INFO - Step   88600 | Epoch  89 | MSE: 0.4611 | Steps/sec: 1.73 | LR: 1.21e-04 | Render_L1: 0.0234 | Alpha_L1: 0.0296 | Render_LPIPS: 0.1648 | cos(c,null): +0.1784 | GradNorm: 0.0655 | MSE/t: [0.00-0.50]0.530(n=6276) [0.50-0.85]0.401(n=5931) [0.85-0.95]0.337(n=577) [0.95-1.00]0.274(n=16)
2026-04-29 15:34:37,302 - INFO - [render-loss] step=88600 kept 24/64 samples (t_value >= 0.50)
2026-04-29 15:36:32,215 - INFO - Step   88800 | Epoch  89 | MSE: 0.4598 | Steps/sec: 1.74 | LR: 1.21e-04 | Render_L1: 0.0234 | Alpha_L1: 0.0294 | Render_LPIPS: 0.1642 | cos(c,null): +0.1807 | GradNorm: 0.0487 | MSE/t: [0.00-0.50]0.522(n=6523) [0.50-0.85]0.398(n=5778) [0.85-0.95]0.360(n=487) [0.95-1.00]0.420(n=12)
2026-04-29 15:36:32,317 - INFO - [render-loss] step=88800 kept 38/64 samples (t_value >= 0.50)
2026-04-29 15:38:27,790 - INFO - Step   89000 | Epoch  89 | MSE: 0.4586 | Steps/sec: 1.73 | LR: 1.21e-04 | Render_L1: 0.0230 | Alpha_L1: 0.0293 | Render_LPIPS: 0.1621 | cos(c,null): +0.1807 | GradNorm: 0.0455 | MSE/t: [0.00-0.50]0.526(n=6471) [0.50-0.85]0.394(n=5786) [0.85-0.95]0.349(n=522) [0.95-1.00]0.281(n=21)
2026-04-29 15:38:27,999 - INFO - [cond] cfg_signal=0.0755 (min=0.0385 max=0.1549, n=16) | class_signal=0.1005 (min=0.0466 max=0.1726, n=16) | pred_rms=0.6509
2026-04-29 15:38:36,265 - INFO - [validation] saved: output/jit_B8_20260429_042413/dit_validation/epoch_089_step_0089000_class085.png (class=85, sampler=heun, steps=100)
2026-04-29 15:38:38,042 - INFO - [overrides] applied from jit/configs/overrides.yaml: lr_scale=1.0 max_grad_norm=5.0 null_repel_weight=0.0 P_mean=0.0
2026-04-29 15:38:38,139 - INFO - [render-loss] step=89000 kept 29/64 samples (t_value >= 0.50)
2026-04-29 15:40:33,260 - INFO - Step   89200 | Epoch  89 | MSE: 0.4556 | Steps/sec: 1.60 | LR: 1.21e-04 | Render_L1: 0.0230 | Alpha_L1: 0.0291 | Render_LPIPS: 0.1629 | cos(c,null): +0.1794 | GradNorm: 0.0486 | MSE/t: [0.00-0.50]0.525(n=6363) [0.50-0.85]0.389(n=5912) [0.85-0.95]0.359(n=506) [0.95-1.00]0.285(n=19)
2026-04-29 15:40:33,361 - INFO - [render-loss] step=89200 kept 38/64 samples (t_value >= 0.50)
2026-04-29 15:42:28,598 - INFO - Step   89400 | Epoch  89 | MSE: 0.4586 | Steps/sec: 1.73 | LR: 1.20e-04 | Render_L1: 0.0233 | Alpha_L1: 0.0295 | Render_LPIPS: 0.1638 | cos(c,null): +0.1785 | GradNorm: 0.0692 | MSE/t: [0.00-0.50]0.527(n=6489) [0.50-0.85]0.393(n=5794) [0.85-0.95]0.332(n=489) [0.95-1.00]0.391(n=28)
2026-04-29 15:42:28,699 - INFO - [render-loss] step=89400 kept 31/64 samples (t_value >= 0.50)
2026-04-29 15:44:23,537 - INFO - Step   89600 | Epoch  90 | MSE: 0.4600 | Steps/sec: 1.74 | LR: 1.20e-04 | Render_L1: 0.0234 | Alpha_L1: 0.0289 | Render_LPIPS: 0.1639 | cos(c,null): +0.1806 | GradNorm: 0.0508 | MSE/t: [0.00-0.50]0.528(n=6435) [0.50-0.85]0.396(n=5819) [0.85-0.95]0.333(n=529) [0.95-1.00]0.346(n=17)
2026-04-29 15:44:23,638 - INFO - [render-loss] step=89600 kept 33/64 samples (t_value >= 0.50)
2026-04-29 15:46:18,844 - INFO - Step   89800 | Epoch  90 | MSE: 0.4539 | Steps/sec: 1.73 | LR: 1.20e-04 | Render_L1: 0.0229 | Alpha_L1: 0.0292 | Render_LPIPS: 0.1619 | cos(c,null): +0.1817 | GradNorm: 0.0537 | MSE/t: [0.00-0.50]0.526(n=6328) [0.50-0.85]0.386(n=5908) [0.85-0.95]0.359(n=540) [0.95-1.00]0.364(n=24)
2026-04-29 15:46:18,945 - INFO - [render-loss] step=89800 kept 31/64 samples (t_value >= 0.50)
2026-04-29 15:48:13,832 - INFO - Step   90000 | Epoch  90 | MSE: 0.4592 | Steps/sec: 1.74 | LR: 1.19e-04 | Render_L1: 0.0234 | Alpha_L1: 0.0298 | Render_LPIPS: 0.1642 | cos(c,null): +0.1841 | GradNorm: 0.0934 | MSE/t: [0.00-0.50]0.528(n=6430) [0.50-0.85]0.394(n=5864) [0.85-0.95]0.331(n=484) [0.95-1.00]0.415(n=22)
2026-04-29 15:48:14,042 - INFO - [cond] cfg_signal=0.0785 (min=0.0422 max=0.1536, n=16) | class_signal=0.1039 (min=0.0509 max=0.1687, n=16) | pred_rms=0.6493
2026-04-29 15:48:22,308 - INFO - [validation] saved: output/jit_B8_20260429_042413/dit_validation/epoch_090_step_0090000_class091.png (class=91, sampler=heun, steps=100)
2026-04-29 15:48:23,594 - INFO - [overrides] applied from jit/configs/overrides.yaml: lr_scale=1.0 max_grad_norm=5.0 null_repel_weight=0.0 P_mean=0.0
2026-04-29 15:48:23,690 - INFO - [render-loss] step=90000 kept 33/64 samples (t_value >= 0.50)
2026-04-29 15:50:18,541 - INFO - Step   90200 | Epoch  90 | MSE: 0.4605 | Steps/sec: 1.61 | LR: 1.19e-04 | Render_L1: 0.0231 | Alpha_L1: 0.0291 | Render_LPIPS: 0.1632 | cos(c,null): +0.1864 | GradNorm: 0.0486 | MSE/t: [0.00-0.50]0.526(n=6399) [0.50-0.85]0.398(n=5896) [0.85-0.95]0.360(n=484) [0.95-1.00]0.275(n=21)
2026-04-29 15:50:18,643 - INFO - [render-loss] step=90200 kept 29/64 samples (t_value >= 0.50)
2026-04-29 15:52:13,512 - INFO - Step   90400 | Epoch  90 | MSE: 0.4584 | Steps/sec: 1.74 | LR: 1.19e-04 | Render_L1: 0.0232 | Alpha_L1: 0.0287 | Render_LPIPS: 0.1625 | cos(c,null): +0.1876 | GradNorm: 0.0460 | MSE/t: [0.00-0.50]0.522(n=6441) [0.50-0.85]0.398(n=5829) [0.85-0.95]0.355(n=510) [0.95-1.00]0.379(n=20)
2026-04-29 15:52:13,615 - INFO - [render-loss] step=90400 kept 33/64 samples (t_value >= 0.50)
2026-04-29 15:54:08,511 - INFO - Step   90600 | Epoch  91 | MSE: 0.4612 | Steps/sec: 1.74 | LR: 1.18e-04 | Render_L1: 0.0234 | Alpha_L1: 0.0296 | Render_LPIPS: 0.1638 | cos(c,null): +0.1837 | GradNorm: 0.0495 | MSE/t: [0.00-0.50]0.526(n=6521) [0.50-0.85]0.399(n=5757) [0.85-0.95]0.338(n=506) [0.95-1.00]0.366(n=16)
2026-04-29 15:54:08,613 - INFO - [render-loss] step=90600 kept 29/64 samples (t_value >= 0.50)
2026-04-29 15:56:03,816 - INFO - Step   90800 | Epoch  91 | MSE: 0.4634 | Steps/sec: 1.73 | LR: 1.18e-04 | Render_L1: 0.0235 | Alpha_L1: 0.0295 | Render_LPIPS: 0.1636 | cos(c,null): +0.1835 | GradNorm: 0.0544 | MSE/t: [0.00-0.50]0.530(n=6337) [0.50-0.85]0.401(n=5941) [0.85-0.95]0.369(n=505) [0.95-1.00]0.380(n=17)
2026-04-29 15:56:03,918 - INFO - [render-loss] step=90800 kept 24/64 samples (t_value >= 0.50)
2026-04-29 15:57:58,922 - INFO - Step   91000 | Epoch  91 | MSE: 0.4611 | Steps/sec: 1.74 | LR: 1.18e-04 | Render_L1: 0.0235 | Alpha_L1: 0.0296 | Render_LPIPS: 0.1639 | cos(c,null): +0.1854 | GradNorm: 0.0533 | MSE/t: [0.00-0.50]0.530(n=6493) [0.50-0.85]0.393(n=5800) [0.85-0.95]0.355(n=486) [0.95-1.00]0.414(n=21)
2026-04-29 15:57:59,131 - INFO - [cond] cfg_signal=0.0737 (min=0.0417 max=0.1444, n=16) | class_signal=0.0968 (min=0.0484 max=0.1622, n=16) | pred_rms=0.6585
2026-04-29 15:58:07,403 - INFO - [validation] saved: output/jit_B8_20260429_042413/dit_validation/epoch_091_step_0091000_class088.png (class=88, sampler=heun, steps=100)
2026-04-29 15:58:08,696 - INFO - [overrides] applied from jit/configs/overrides.yaml: lr_scale=1.0 max_grad_norm=5.0 null_repel_weight=0.0 P_mean=0.0
2026-04-29 15:58:08,794 - INFO - [render-loss] step=91000 kept 30/64 samples (t_value >= 0.50)
2026-04-29 16:00:03,783 - INFO - Step   91200 | Epoch  91 | MSE: 0.4591 | Steps/sec: 1.60 | LR: 1.18e-04 | Render_L1: 0.0235 | Alpha_L1: 0.0301 | Render_LPIPS: 0.1643 | cos(c,null): +0.1866 | GradNorm: 0.0815 | MSE/t: [0.00-0.50]0.524(n=6360) [0.50-0.85]0.399(n=5951) [0.85-0.95]0.342(n=476) [0.95-1.00]0.387(n=13)
2026-04-29 16:00:03,884 - INFO - [render-loss] step=91200 kept 30/64 samples (t_value >= 0.50)
2026-04-29 16:01:59,764 - INFO - Step   91400 | Epoch  91 | MSE: 0.4565 | Steps/sec: 1.72 | LR: 1.17e-04 | Render_L1: 0.0236 | Alpha_L1: 0.0293 | Render_LPIPS: 0.1638 | cos(c,null): +0.1878 | GradNorm: 0.0514 | MSE/t: [0.00-0.50]0.518(n=6430) [0.50-0.85]0.397(n=5832) [0.85-0.95]0.364(n=530) [0.95-1.00]0.384(n=8)
2026-04-29 16:01:59,864 - INFO - [render-loss] step=91400 kept 29/64 samples (t_value >= 0.50)
2026-04-29 16:03:55,284 - INFO - Step   91600 | Epoch  92 | MSE: 0.4577 | Steps/sec: 1.73 | LR: 1.17e-04 | Render_L1: 0.0228 | Alpha_L1: 0.0289 | Render_LPIPS: 0.1610 | cos(c,null): +0.1885 | GradNorm: 0.0526 | MSE/t: [0.00-0.50]0.527(n=6343) [0.50-0.85]0.393(n=5917) [0.85-0.95]0.345(n=515) [0.95-1.00]0.489(n=25)
2026-04-29 16:03:55,386 - INFO - [render-loss] step=91600 kept 35/64 samples (t_value >= 0.50)
2026-04-29 16:05:50,449 - INFO - Step   91800 | Epoch  92 | MSE: 0.4615 | Steps/sec: 1.74 | LR: 1.17e-04 | Render_L1: 0.0233 | Alpha_L1: 0.0295 | Render_LPIPS: 0.1639 | cos(c,null): +0.1888 | GradNorm: 0.0524 | MSE/t: [0.00-0.50]0.530(n=6409) [0.50-0.85]0.398(n=5831) [0.85-0.95]0.347(n=535) [0.95-1.00]0.275(n=25)
2026-04-29 16:05:50,550 - INFO - [render-loss] step=91800 kept 37/64 samples (t_value >= 0.50)
2026-04-29 16:07:45,553 - INFO - Step   92000 | Epoch  92 | MSE: 0.4606 | Steps/sec: 1.74 | LR: 1.16e-04 | Render_L1: 0.0231 | Alpha_L1: 0.0293 | Render_LPIPS: 0.1611 | cos(c,null): +0.1891 | GradNorm: 0.0485 | MSE/t: [0.00-0.50]0.528(n=6350) [0.50-0.85]0.400(n=5942) [0.85-0.95]0.337(n=493) [0.95-1.00]0.281(n=15)
2026-04-29 16:07:45,764 - INFO - [cond] cfg_signal=0.0746 (min=0.0399 max=0.1370, n=16) | class_signal=0.0966 (min=0.0478 max=0.1486, n=16) | pred_rms=0.6440
2026-04-29 16:07:54,023 - INFO - [validation] saved: output/jit_B8_20260429_042413/dit_validation/epoch_092_step_0092000_class090.png (class=90, sampler=heun, steps=100)
2026-04-29 16:07:55,307 - INFO - [overrides] applied from jit/configs/overrides.yaml: lr_scale=1.0 max_grad_norm=5.0 null_repel_weight=0.0 P_mean=0.0
2026-04-29 16:07:55,403 - INFO - [render-loss] step=92000 kept 30/64 samples (t_value >= 0.50)
2026-04-29 16:09:50,255 - INFO - Step   92200 | Epoch  92 | MSE: 0.4629 | Steps/sec: 1.61 | LR: 1.16e-04 | Render_L1: 0.0229 | Alpha_L1: 0.0290 | Render_LPIPS: 0.1620 | cos(c,null): +0.1896 | GradNorm: 0.0478 | MSE/t: [0.00-0.50]0.534(n=6400) [0.50-0.85]0.398(n=5884) [0.85-0.95]0.329(n=498) [0.95-1.00]0.246(n=18)
2026-04-29 16:09:50,357 - INFO - [render-loss] step=92200 kept 32/64 samples (t_value >= 0.50)
2026-04-29 16:11:45,639 - INFO - Step   92400 | Epoch  92 | MSE: 0.4589 | Steps/sec: 1.73 | LR: 1.16e-04 | Render_L1: 0.0232 | Alpha_L1: 0.0290 | Render_LPIPS: 0.1627 | cos(c,null): +0.1898 | GradNorm: 0.0470 | MSE/t: [0.00-0.50]0.523(n=6413) [0.50-0.85]0.398(n=5878) [0.85-0.95]0.348(n=495) [0.95-1.00]0.408(n=14)
2026-04-29 16:11:45,740 - INFO - [render-loss] step=92400 kept 32/64 samples (t_value >= 0.50)
2026-04-29 16:13:40,802 - INFO - Step   92600 | Epoch  93 | MSE: 0.4557 | Steps/sec: 1.74 | LR: 1.15e-04 | Render_L1: 0.0226 | Alpha_L1: 0.0284 | Render_LPIPS: 0.1597 | cos(c,null): +0.1901 | GradNorm: 0.0518 | MSE/t: [0.00-0.50]0.525(n=6432) [0.50-0.85]0.390(n=5862) [0.85-0.95]0.337(n=492) [0.95-1.00]0.323(n=14)
2026-04-29 16:13:40,903 - INFO - [render-loss] step=92600 kept 32/64 samples (t_value >= 0.50)
2026-04-29 16:15:36,383 - INFO - Step   92800 | Epoch  93 | MSE: 0.4600 | Steps/sec: 1.73 | LR: 1.15e-04 | Render_L1: 0.0230 | Alpha_L1: 0.0289 | Render_LPIPS: 0.1606 | cos(c,null): +0.1899 | GradNorm: 0.0493 | MSE/t: [0.00-0.50]0.530(n=6378) [0.50-0.85]0.394(n=5855) [0.85-0.95]0.343(n=547) [0.95-1.00]0.415(n=20)
2026-04-29 16:15:36,485 - INFO - [render-loss] step=92800 kept 31/64 samples (t_value >= 0.50)
2026-04-29 16:17:31,514 - INFO - Step   93000 | Epoch  93 | MSE: 0.4585 | Steps/sec: 1.74 | LR: 1.15e-04 | Render_L1: 0.0231 | Alpha_L1: 0.0291 | Render_LPIPS: 0.1615 | cos(c,null): +0.1887 | GradNorm: 0.0548 | MSE/t: [0.00-0.50]0.526(n=6414) [0.50-0.85]0.393(n=5869) [0.85-0.95]0.361(n=497) [0.95-1.00]0.433(n=20)
2026-04-29 16:17:31,721 - INFO - [cond] cfg_signal=0.0742 (min=0.0395 max=0.1395, n=16) | class_signal=0.0995 (min=0.0518 max=0.1572, n=16) | pred_rms=0.6579
2026-04-29 16:17:39,985 - INFO - [validation] saved: output/jit_B8_20260429_042413/dit_validation/epoch_093_step_0093000_class093.png (class=93, sampler=heun, steps=100)
2026-04-29 16:17:41,270 - INFO - [overrides] applied from jit/configs/overrides.yaml: lr_scale=1.0 max_grad_norm=5.0 null_repel_weight=0.0 P_mean=0.0
2026-04-29 16:17:41,366 - INFO - [render-loss] step=93000 kept 31/64 samples (t_value >= 0.50)
2026-04-29 16:19:36,301 - INFO - Step   93200 | Epoch  93 | MSE: 0.4571 | Steps/sec: 1.61 | LR: 1.15e-04 | Render_L1: 0.0228 | Alpha_L1: 0.0289 | Render_LPIPS: 0.1612 | cos(c,null): +0.1884 | GradNorm: 0.0501 | MSE/t: [0.00-0.50]0.527(n=6400) [0.50-0.85]0.392(n=5851) [0.85-0.95]0.338(n=531) [0.95-1.00]0.258(n=18)
2026-04-29 16:19:36,403 - INFO - [render-loss] step=93200 kept 34/64 samples (t_value >= 0.50)
2026-04-29 16:21:31,372 - INFO - Step   93400 | Epoch  93 | MSE: 0.4620 | Steps/sec: 1.74 | LR: 1.14e-04 | Render_L1: 0.0230 | Alpha_L1: 0.0292 | Render_LPIPS: 0.1611 | cos(c,null): +0.1883 | GradNorm: 0.0511 | MSE/t: [0.00-0.50]0.535(n=6375) [0.50-0.85]0.394(n=5868) [0.85-0.95]0.341(n=531) [0.95-1.00]0.407(n=26)
2026-04-29 16:21:31,474 - INFO - [render-loss] step=93400 kept 39/64 samples (t_value >= 0.50)
2026-04-29 16:23:26,875 - INFO - Step   93600 | Epoch  94 | MSE: 0.4565 | Steps/sec: 1.73 | LR: 1.14e-04 | Render_L1: 0.0230 | Alpha_L1: 0.0291 | Render_LPIPS: 0.1623 | cos(c,null): +0.1889 | GradNorm: 0.0503 | MSE/t: [0.00-0.50]0.519(n=6434) [0.50-0.85]0.398(n=5849) [0.85-0.95]0.351(n=500) [0.95-1.00]0.322(n=17)
2026-04-29 16:23:26,976 - INFO - [render-loss] step=93600 kept 29/64 samples (t_value >= 0.50)
2026-04-29 16:25:21,885 - INFO - Step   93800 | Epoch  94 | MSE: 0.4637 | Steps/sec: 1.74 | LR: 1.14e-04 | Render_L1: 0.0232 | Alpha_L1: 0.0292 | Render_LPIPS: 0.1628 | cos(c,null): +0.1887 | GradNorm: 0.0512 | MSE/t: [0.00-0.50]0.532(n=6368) [0.50-0.85]0.399(n=5861) [0.85-0.95]0.371(n=549) [0.95-1.00]0.330(n=22)
2026-04-29 16:25:21,986 - INFO - [render-loss] step=93800 kept 31/64 samples (t_value >= 0.50)
2026-04-29 16:27:17,369 - INFO - Step   94000 | Epoch  94 | MSE: 0.4628 | Steps/sec: 1.73 | LR: 1.13e-04 | Render_L1: 0.0229 | Alpha_L1: 0.0284 | Render_LPIPS: 0.1610 | cos(c,null): +0.1884 | GradNorm: 0.0524 | MSE/t: [0.00-0.50]0.532(n=6440) [0.50-0.85]0.396(n=5832) [0.85-0.95]0.355(n=514) [0.95-1.00]0.369(n=14)
2026-04-29 16:27:17,578 - INFO - [cond] cfg_signal=0.0762 (min=0.0408 max=0.1551, n=16) | class_signal=0.0997 (min=0.0530 max=0.1708, n=16) | pred_rms=0.6535
2026-04-29 16:27:25,763 - INFO - [validation] saved: output/jit_B8_20260429_042413/dit_validation/epoch_094_step_0094000_class094.png (class=94, sampler=heun, steps=100)
2026-04-29 16:27:27,054 - INFO - [overrides] applied from jit/configs/overrides.yaml: lr_scale=1.0 max_grad_norm=5.0 null_repel_weight=0.0 P_mean=0.0
2026-04-29 16:27:27,150 - INFO - [render-loss] step=94000 kept 27/64 samples (t_value >= 0.50)
2026-04-29 16:29:22,212 - INFO - Step   94200 | Epoch  94 | MSE: 0.4592 | Steps/sec: 1.60 | LR: 1.13e-04 | Render_L1: 0.0227 | Alpha_L1: 0.0288 | Render_LPIPS: 0.1599 | cos(c,null): +0.1885 | GradNorm: 0.0531 | MSE/t: [0.00-0.50]0.529(n=6497) [0.50-0.85]0.390(n=5788) [0.85-0.95]0.349(n=500) [0.95-1.00]0.344(n=15)
2026-04-29 16:29:22,315 - INFO - [render-loss] step=94200 kept 38/64 samples (t_value >= 0.50)
2026-04-29 16:31:17,421 - INFO - Step   94400 | Epoch  94 | MSE: 0.4583 | Steps/sec: 1.74 | LR: 1.13e-04 | Render_L1: 0.0229 | Alpha_L1: 0.0288 | Render_LPIPS: 0.1605 | cos(c,null): +0.1903 | GradNorm: 0.0492 | MSE/t: [0.00-0.50]0.530(n=6356) [0.50-0.85]0.392(n=5883) [0.85-0.95]0.344(n=543) [0.95-1.00]0.384(n=18)
2026-04-29 16:31:17,523 - INFO - [render-loss] step=94400 kept 31/64 samples (t_value >= 0.50)
2026-04-29 16:33:12,742 - INFO - Step   94600 | Epoch  95 | MSE: 0.4594 | Steps/sec: 1.73 | LR: 1.12e-04 | Render_L1: 0.0228 | Alpha_L1: 0.0288 | Render_LPIPS: 0.1613 | cos(c,null): +0.1877 | GradNorm: 0.0504 | MSE/t: [0.00-0.50]0.532(n=6291) [0.50-0.85]0.394(n=5948) [0.85-0.95]0.345(n=541) [0.95-1.00]0.320(n=20)
2026-04-29 16:33:12,843 - INFO - [render-loss] step=94600 kept 31/64 samples (t_value >= 0.50)
2026-04-29 16:35:07,714 - INFO - Step   94800 | Epoch  95 | MSE: 0.4526 | Steps/sec: 1.74 | LR: 1.12e-04 | Render_L1: 0.0227 | Alpha_L1: 0.0287 | Render_LPIPS: 0.1591 | cos(c,null): +0.1871 | GradNorm: 0.0551 | MSE/t: [0.00-0.50]0.517(n=6414) [0.50-0.85]0.393(n=5883) [0.85-0.95]0.325(n=483) [0.95-1.00]0.308(n=20)
2026-04-29 16:35:07,815 - INFO - [render-loss] step=94800 kept 33/64 samples (t_value >= 0.50)
2026-04-29 16:37:02,716 - INFO - Step   95000 | Epoch  95 | MSE: 0.4627 | Steps/sec: 1.74 | LR: 1.12e-04 | Render_L1: 0.0230 | Alpha_L1: 0.0289 | Render_LPIPS: 0.1619 | cos(c,null): +0.1893 | GradNorm: 0.0545 | MSE/t: [0.00-0.50]0.530(n=6492) [0.50-0.85]0.397(n=5784) [0.85-0.95]0.358(n=503) [0.95-1.00]0.338(n=21)
2026-04-29 16:37:02,927 - INFO - [cond] cfg_signal=0.0792 (min=0.0469 max=0.1616, n=16) | class_signal=0.1046 (min=0.0530 max=0.1748, n=16) | pred_rms=0.6571
2026-04-29 16:37:11,118 - INFO - [validation] saved: output/jit_B8_20260429_042413/dit_validation/epoch_095_step_0095000_class024.png (class=24, sampler=heun, steps=100)
2026-04-29 16:37:12,406 - INFO - [overrides] applied from jit/configs/overrides.yaml: lr_scale=1.0 max_grad_norm=5.0 null_repel_weight=0.0 P_mean=0.0
2026-04-29 16:37:12,503 - INFO - [render-loss] step=95000 kept 27/64 samples (t_value >= 0.50)
2026-04-29 16:39:08,057 - INFO - Step   95200 | Epoch  95 | MSE: 0.4610 | Steps/sec: 1.60 | LR: 1.12e-04 | Render_L1: 0.0234 | Alpha_L1: 0.0291 | Render_LPIPS: 0.1632 | cos(c,null): +0.1890 | GradNorm: 0.3403 | MSE/t: [0.00-0.50]0.524(n=6413) [0.50-0.85]0.401(n=5832) [0.85-0.95]0.362(n=540) [0.95-1.00]0.297(n=15)
2026-04-29 16:39:08,159 - INFO - [render-loss] step=95200 kept 34/64 samples (t_value >= 0.50)
2026-04-29 16:41:03,056 - INFO - Step   95400 | Epoch  95 | MSE: 0.4589 | Steps/sec: 1.74 | LR: 1.11e-04 | Render_L1: 0.0231 | Alpha_L1: 0.0288 | Render_LPIPS: 0.1617 | cos(c,null): +0.1871 | GradNorm: 0.0522 | MSE/t: [0.00-0.50]0.528(n=6366) [0.50-0.85]0.392(n=5937) [0.85-0.95]0.364(n=484) [0.95-1.00]0.401(n=13)
2026-04-29 16:41:03,158 - INFO - [render-loss] step=95400 kept 33/64 samples (t_value >= 0.50)
2026-04-29 16:42:57,918 - INFO - Step   95600 | Epoch  96 | MSE: 0.4649 | Steps/sec: 1.74 | LR: 1.11e-04 | Render_L1: 0.0233 | Alpha_L1: 0.0292 | Render_LPIPS: 0.1628 | cos(c,null): +0.1879 | GradNorm: 0.0544 | MSE/t: [0.00-0.50]0.533(n=6403) [0.50-0.85]0.400(n=5852) [0.85-0.95]0.359(n=526) [0.95-1.00]0.323(n=19)
2026-04-29 16:42:58,019 - INFO - [render-loss] step=95600 kept 28/64 samples (t_value >= 0.50)
2026-04-29 16:44:53,262 - INFO - Step   95800 | Epoch  96 | MSE: 0.4559 | Steps/sec: 1.73 | LR: 1.11e-04 | Render_L1: 0.0225 | Alpha_L1: 0.0285 | Render_LPIPS: 0.1589 | cos(c,null): +0.1873 | GradNorm: 0.0534 | MSE/t: [0.00-0.50]0.526(n=6418) [0.50-0.85]0.388(n=5844) [0.85-0.95]0.353(n=517) [0.95-1.00]0.317(n=21)
2026-04-29 16:44:53,364 - INFO - [render-loss] step=95800 kept 33/64 samples (t_value >= 0.50)
2026-04-29 16:46:48,116 - INFO - Step   96000 | Epoch  96 | MSE: 0.4586 | Steps/sec: 1.74 | LR: 1.10e-04 | Render_L1: 0.0228 | Alpha_L1: 0.0284 | Render_LPIPS: 0.1605 | cos(c,null): +0.1842 | GradNorm: 0.0514 | MSE/t: [0.00-0.50]0.523(n=6386) [0.50-0.85]0.398(n=5879) [0.85-0.95]0.363(n=515) [0.95-1.00]0.351(n=20)
2026-04-29 16:46:48,325 - INFO - [cond] cfg_signal=0.0788 (min=0.0500 max=0.1609, n=16) | class_signal=0.1067 (min=0.0581 max=0.1980, n=16) | pred_rms=0.6514
2026-04-29 16:46:56,549 - INFO - [validation] saved: output/jit_B8_20260429_042413/dit_validation/epoch_096_step_0096000_class038.png (class=38, sampler=heun, steps=100)
2026-04-29 16:46:57,844 - INFO - [overrides] applied from jit/configs/overrides.yaml: lr_scale=1.0 max_grad_norm=5.0 null_repel_weight=0.0 P_mean=0.0
2026-04-29 16:46:57,941 - INFO - [render-loss] step=96000 kept 33/64 samples (t_value >= 0.50)
2026-04-29 16:48:53,214 - INFO - Step   96200 | Epoch  96 | MSE: 0.4580 | Steps/sec: 1.60 | LR: 1.10e-04 | Render_L1: 0.0230 | Alpha_L1: 0.0283 | Render_LPIPS: 0.1609 | cos(c,null): +0.1860 | GradNorm: 0.0539 | MSE/t: [0.00-0.50]0.528(n=6280) [0.50-0.85]0.394(n=5976) [0.85-0.95]0.358(n=520) [0.95-1.00]0.282(n=24)
2026-04-29 16:48:53,315 - INFO - [render-loss] step=96200 kept 28/64 samples (t_value >= 0.50)
2026-04-29 16:50:48,334 - INFO - Step   96400 | Epoch  96 | MSE: 0.4622 | Steps/sec: 1.74 | LR: 1.10e-04 | Render_L1: 0.0224 | Alpha_L1: 0.0283 | Render_LPIPS: 0.1591 | cos(c,null): +0.1879 | GradNorm: 0.0533 | MSE/t: [0.00-0.50]0.530(n=6447) [0.50-0.85]0.398(n=5833) [0.85-0.95]0.338(n=495) [0.95-1.00]0.356(n=25)
2026-04-29 16:50:48,435 - INFO - [render-loss] step=96400 kept 31/64 samples (t_value >= 0.50)
2026-04-29 16:52:44,086 - INFO - Step   96600 | Epoch  97 | MSE: 0.4645 | Steps/sec: 1.73 | LR: 1.09e-04 | Render_L1: 0.0226 | Alpha_L1: 0.0276 | Render_LPIPS: 0.1584 | cos(c,null): +0.1900 | GradNorm: 0.0533 | MSE/t: [0.00-0.50]0.536(n=6423) [0.50-0.85]0.397(n=5822) [0.85-0.95]0.347(n=531) [0.95-1.00]0.355(n=24)
2026-04-29 16:52:44,187 - INFO - [render-loss] step=96600 kept 27/64 samples (t_value >= 0.50)
2026-04-29 16:54:38,725 - INFO - Step   96800 | Epoch  97 | MSE: 0.4598 | Steps/sec: 1.74 | LR: 1.09e-04 | Render_L1: 0.0227 | Alpha_L1: 0.0287 | Render_LPIPS: 0.1597 | cos(c,null): +0.1903 | GradNorm: 0.0532 | MSE/t: [0.00-0.50]0.526(n=6508) [0.50-0.85]0.394(n=5775) [0.85-0.95]0.354(n=504) [0.95-1.00]0.340(n=13)
2026-04-29 16:54:38,827 - INFO - [render-loss] step=96800 kept 34/64 samples (t_value >= 0.50)
2026-04-29 16:56:33,877 - INFO - Step   97000 | Epoch  97 | MSE: 0.4614 | Steps/sec: 1.74 | LR: 1.09e-04 | Render_L1: 0.0230 | Alpha_L1: 0.0286 | Render_LPIPS: 0.1602 | cos(c,null): +0.1911 | GradNorm: 0.0528 | MSE/t: [0.00-0.50]0.530(n=6394) [0.50-0.85]0.397(n=5889) [0.85-0.95]0.341(n=498) [0.95-1.00]0.453(n=19)
2026-04-29 16:56:34,090 - INFO - [cond] cfg_signal=0.0771 (min=0.0467 max=0.1424, n=16) | class_signal=0.1027 (min=0.0606 max=0.1758, n=16) | pred_rms=0.6677
2026-04-29 16:56:42,358 - INFO - [validation] saved: output/jit_B8_20260429_042413/dit_validation/epoch_097_step_0097000_class053.png (class=53, sampler=heun, steps=100)
2026-04-29 16:56:43,687 - INFO - [overrides] applied from jit/configs/overrides.yaml: lr_scale=1.0 max_grad_norm=5.0 null_repel_weight=0.0 P_mean=0.0
2026-04-29 16:56:43,785 - INFO - [render-loss] step=97000 kept 34/64 samples (t_value >= 0.50)
2026-04-29 16:58:38,812 - INFO - Step   97200 | Epoch  97 | MSE: 0.4623 | Steps/sec: 1.60 | LR: 1.09e-04 | Render_L1: 0.0226 | Alpha_L1: 0.0284 | Render_LPIPS: 0.1594 | cos(c,null): +0.1900 | GradNorm: 0.0525 | MSE/t: [0.00-0.50]0.531(n=6403) [0.50-0.85]0.397(n=5893) [0.85-0.95]0.351(n=474) [0.95-1.00]0.318(n=30)
2026-04-29 16:58:38,914 - INFO - [render-loss] step=97200 kept 37/64 samples (t_value >= 0.50)
2026-04-29 17:00:33,690 - INFO - Step   97400 | Epoch  97 | MSE: 0.4616 | Steps/sec: 1.74 | LR: 1.08e-04 | Render_L1: 0.0229 | Alpha_L1: 0.0287 | Render_LPIPS: 0.1607 | cos(c,null): +0.1883 | GradNorm: 0.0558 | MSE/t: [0.00-0.50]0.529(n=6389) [0.50-0.85]0.398(n=5852) [0.85-0.95]0.359(n=542) [0.95-1.00]0.320(n=17)
2026-04-29 17:00:33,792 - INFO - [render-loss] step=97400 kept 39/64 samples (t_value >= 0.50)
2026-04-29 17:02:29,047 - INFO - Step   97600 | Epoch  98 | MSE: 0.4607 | Steps/sec: 1.73 | LR: 1.08e-04 | Render_L1: 0.0228 | Alpha_L1: 0.0285 | Render_LPIPS: 0.1602 | cos(c,null): +0.1888 | GradNorm: 0.0518 | MSE/t: [0.00-0.50]0.529(n=6342) [0.50-0.85]0.399(n=5946) [0.85-0.95]0.337(n=493) [0.95-1.00]0.289(n=19)
2026-04-29 17:02:29,148 - INFO - [render-loss] step=97600 kept 36/64 samples (t_value >= 0.50)
2026-04-29 17:04:24,018 - INFO - Step   97800 | Epoch  98 | MSE: 0.4557 | Steps/sec: 1.74 | LR: 1.08e-04 | Render_L1: 0.0229 | Alpha_L1: 0.0285 | Render_LPIPS: 0.1592 | cos(c,null): +0.1908 | GradNorm: 0.0506 | MSE/t: [0.00-0.50]0.526(n=6415) [0.50-0.85]0.388(n=5863) [0.85-0.95]0.345(n=507) [0.95-1.00]0.316(n=15)
2026-04-29 17:04:24,119 - INFO - [render-loss] step=97800 kept 30/64 samples (t_value >= 0.50)
2026-04-29 17:06:19,629 - INFO - Step   98000 | Epoch  98 | MSE: 0.4638 | Steps/sec: 1.73 | LR: 1.07e-04 | Render_L1: 0.0229 | Alpha_L1: 0.0286 | Render_LPIPS: 0.1608 | cos(c,null): +0.1918 | GradNorm: 0.0705 | MSE/t: [0.00-0.50]0.533(n=6427) [0.50-0.85]0.399(n=5846) [0.85-0.95]0.334(n=503) [0.95-1.00]0.370(n=24)
2026-04-29 17:06:19,837 - INFO - [cond] cfg_signal=0.0723 (min=0.0448 max=0.1320, n=16) | class_signal=0.0974 (min=0.0497 max=0.1654, n=16) | pred_rms=0.6271
2026-04-29 17:06:28,122 - INFO - [validation] saved: output/jit_B8_20260429_042413/dit_validation/epoch_098_step_0098000_class021.png (class=21, sampler=heun, steps=100)
2026-04-29 17:06:29,453 - INFO - [overrides] applied from jit/configs/overrides.yaml: lr_scale=1.0 max_grad_norm=5.0 null_repel_weight=0.0 P_mean=0.0
2026-04-29 17:06:29,550 - INFO - [render-loss] step=98000 kept 35/64 samples (t_value >= 0.50)
2026-04-29 17:08:24,831 - INFO - Step   98200 | Epoch  98 | MSE: 0.4562 | Steps/sec: 1.60 | LR: 1.07e-04 | Render_L1: 0.0226 | Alpha_L1: 0.0285 | Render_LPIPS: 0.1591 | cos(c,null): +0.1926 | GradNorm: 0.1091 | MSE/t: [0.00-0.50]0.524(n=6338) [0.50-0.85]0.393(n=5912) [0.85-0.95]0.361(n=529) [0.95-1.00]0.363(n=21)
2026-04-29 17:08:24,932 - INFO - [render-loss] step=98200 kept 37/64 samples (t_value >= 0.50)
2026-04-29 17:10:19,937 - INFO - Step   98400 | Epoch  98 | MSE: 0.4551 | Steps/sec: 1.74 | LR: 1.07e-04 | Render_L1: 0.0226 | Alpha_L1: 0.0288 | Render_LPIPS: 0.1597 | cos(c,null): +0.1922 | GradNorm: 0.0540 | MSE/t: [0.00-0.50]0.517(n=6414) [0.50-0.85]0.397(n=5834) [0.85-0.95]0.337(n=528) [0.95-1.00]0.416(n=24)
2026-04-29 17:10:20,040 - INFO - [render-loss] step=98400 kept 39/64 samples (t_value >= 0.50)
2026-04-29 17:12:15,322 - INFO - Step   98600 | Epoch  99 | MSE: 0.4585 | Steps/sec: 1.73 | LR: 1.06e-04 | Render_L1: 0.0227 | Alpha_L1: 0.0280 | Render_LPIPS: 0.1587 | cos(c,null): +0.1913 | GradNorm: 0.0494 | MSE/t: [0.00-0.50]0.526(n=6293) [0.50-0.85]0.398(n=5978) [0.85-0.95]0.354(n=512) [0.95-1.00]0.261(n=17)
2026-04-29 17:12:15,423 - INFO - [render-loss] step=98600 kept 33/64 samples (t_value >= 0.50)
2026-04-29 17:14:10,576 - INFO - Step   98800 | Epoch  99 | MSE: 0.4604 | Steps/sec: 1.74 | LR: 1.06e-04 | Render_L1: 0.0226 | Alpha_L1: 0.0282 | Render_LPIPS: 0.1577 | cos(c,null): +0.1910 | GradNorm: 0.0611 | MSE/t: [0.00-0.50]0.535(n=6389) [0.50-0.85]0.391(n=5840) [0.85-0.95]0.335(n=550) [0.95-1.00]0.340(n=21)
2026-04-29 17:14:10,676 - INFO - [render-loss] step=98800 kept 29/64 samples (t_value >= 0.50)
2026-04-29 17:16:05,508 - INFO - Step   99000 | Epoch  99 | MSE: 0.4571 | Steps/sec: 1.74 | LR: 1.06e-04 | Render_L1: 0.0224 | Alpha_L1: 0.0278 | Render_LPIPS: 0.1588 | cos(c,null): +0.1906 | GradNorm: 0.0555 | MSE/t: [0.00-0.50]0.524(n=6415) [0.50-0.85]0.394(n=5847) [0.85-0.95]0.341(n=508) [0.95-1.00]0.270(n=30)
2026-04-29 17:16:05,717 - INFO - [cond] cfg_signal=0.0763 (min=0.0481 max=0.1407, n=16) | class_signal=0.1012 (min=0.0516 max=0.1717, n=16) | pred_rms=0.6538
2026-04-29 17:16:13,952 - INFO - [validation] saved: output/jit_B8_20260429_042413/dit_validation/epoch_099_step_0099000_class024.png (class=24, sampler=heun, steps=100)
2026-04-29 17:16:15,268 - INFO - [overrides] applied from jit/configs/overrides.yaml: lr_scale=1.0 max_grad_norm=5.0 null_repel_weight=0.0 P_mean=0.0
2026-04-29 17:16:15,364 - INFO - [render-loss] step=99000 kept 34/64 samples (t_value >= 0.50)
2026-04-29 17:18:11,166 - INFO - Step   99200 | Epoch  99 | MSE: 0.4623 | Steps/sec: 1.59 | LR: 1.06e-04 | Render_L1: 0.0228 | Alpha_L1: 0.0285 | Render_LPIPS: 0.1600 | cos(c,null): +0.1912 | GradNorm: 0.0551 | MSE/t: [0.00-0.50]0.534(n=6456) [0.50-0.85]0.394(n=5816) [0.85-0.95]0.347(n=511) [0.95-1.00]0.321(n=17)
2026-04-29 17:18:11,268 - INFO - [render-loss] step=99200 kept 36/64 samples (t_value >= 0.50)
2026-04-29 17:20:06,602 - INFO - Step   99400 | Epoch  99 | MSE: 0.4616 | Steps/sec: 1.73 | LR: 1.05e-04 | Render_L1: 0.0226 | Alpha_L1: 0.0281 | Render_LPIPS: 0.1595 | cos(c,null): +0.1920 | GradNorm: 0.0555 | MSE/t: [0.00-0.50]0.531(n=6464) [0.50-0.85]0.396(n=5817) [0.85-0.95]0.324(n=502) [0.95-1.00]0.535(n=17)
2026-04-29 17:20:06,704 - INFO - [render-loss] step=99400 kept 28/64 samples (t_value >= 0.50)
2026-04-29 17:22:01,461 - INFO - Step   99600 | Epoch 100 | MSE: 0.4602 | Steps/sec: 1.74 | LR: 1.05e-04 | Render_L1: 0.0225 | Alpha_L1: 0.0279 | Render_LPIPS: 0.1587 | cos(c,null): +0.1926 | GradNorm: 0.0533 | MSE/t: [0.00-0.50]0.528(n=6523) [0.50-0.85]0.393(n=5732) [0.85-0.95]0.349(n=526) [0.95-1.00]0.395(n=19)
2026-04-29 17:22:01,562 - INFO - [render-loss] step=99600 kept 25/64 samples (t_value >= 0.50)
2026-04-29 17:23:56,673 - INFO - Step   99800 | Epoch 100 | MSE: 0.4620 | Steps/sec: 1.74 | LR: 1.05e-04 | Render_L1: 0.0228 | Alpha_L1: 0.0281 | Render_LPIPS: 0.1588 | cos(c,null): +0.1932 | GradNorm: 0.0521 | MSE/t: [0.00-0.50]0.534(n=6350) [0.50-0.85]0.395(n=5897) [0.85-0.95]0.352(n=535) [0.95-1.00]0.310(n=18)
2026-04-29 17:23:56,774 - INFO - [render-loss] step=99800 kept 36/64 samples (t_value >= 0.50)
2026-04-29 17:25:51,688 - INFO - Step  100000 | Epoch 100 | MSE: 0.4577 | Steps/sec: 1.74 | LR: 1.04e-04 | Render_L1: 0.0225 | Alpha_L1: 0.0282 | Render_LPIPS: 0.1589 | cos(c,null): +0.1941 | GradNorm: 0.0518 | MSE/t: [0.00-0.50]0.526(n=6376) [0.50-0.85]0.393(n=5899) [0.85-0.95]0.363(n=501) [0.95-1.00]0.291(n=24)
2026-04-29 17:25:51,897 - INFO - [cond] cfg_signal=0.0736 (min=0.0413 max=0.1369, n=16) | class_signal=0.0984 (min=0.0573 max=0.1582, n=16) | pred_rms=0.6431
2026-04-29 17:25:53,849 - INFO - Saved checkpoint to output/jit_B8_20260429_042413/0100000.pt
2026-04-29 17:25:54,055 - INFO - [cond] cfg_signal=0.0736 (min=0.0413 max=0.1369, n=16) | class_signal=0.0984 (min=0.0573 max=0.1582, n=16) | pred_rms=0.6431
2026-04-29 17:26:02,461 - INFO - [validation] saved: output/jit_B8_20260429_042413/dit_validation/epoch_100_step_0100000_class006.png (class=6, sampler=heun, steps=100)
2026-04-29 17:26:04,242 - INFO - [overrides] applied from jit/configs/overrides.yaml: lr_scale=1.0 max_grad_norm=5.0 null_repel_weight=0.0 P_mean=0.0
2026-04-29 17:26:04,338 - INFO - [render-loss] step=100000 kept 32/64 samples (t_value >= 0.50)
2026-04-29 17:27:59,301 - INFO - Step  100200 | Epoch 100 | MSE: 0.4577 | Steps/sec: 1.57 | LR: 1.04e-04 | Render_L1: 0.0226 | Alpha_L1: 0.0280 | Render_LPIPS: 0.1584 | cos(c,null): +0.1947 | GradNorm: 0.0545 | MSE/t: [0.00-0.50]0.522(n=6389) [0.50-0.85]0.398(n=5843) [0.85-0.95]0.345(n=544) [0.95-1.00]0.342(n=24)
2026-04-29 17:27:59,404 - INFO - [render-loss] step=100200 kept 31/64 samples (t_value >= 0.50)
2026-04-29 17:29:54,313 - INFO - Step  100400 | Epoch 100 | MSE: 0.4609 | Steps/sec: 1.74 | LR: 1.04e-04 | Render_L1: 0.0228 | Alpha_L1: 0.0282 | Render_LPIPS: 0.1591 | cos(c,null): +0.1951 | GradNorm: 0.0691 | MSE/t: [0.00-0.50]0.530(n=6362) [0.50-0.85]0.396(n=5909) [0.85-0.95]0.350(n=507) [0.95-1.00]0.365(n=22)
2026-04-29 17:29:54,414 - INFO - [render-loss] step=100400 kept 37/64 samples (t_value >= 0.50)
2026-04-29 17:31:49,690 - INFO - Step  100600 | Epoch 101 | MSE: 0.4586 | Steps/sec: 1.73 | LR: 1.03e-04 | Render_L1: 0.0229 | Alpha_L1: 0.0284 | Render_LPIPS: 0.1594 | cos(c,null): +0.1943 | GradNorm: 0.0583 | MSE/t: [0.00-0.50]0.523(n=6390) [0.50-0.85]0.398(n=5868) [0.85-0.95]0.353(n=519) [0.95-1.00]0.293(n=23)
2026-04-29 17:31:49,791 - INFO - [render-loss] step=100600 kept 35/64 samples (t_value >= 0.50)
2026-04-29 17:33:45,042 - INFO - Step  100800 | Epoch 101 | MSE: 0.4604 | Steps/sec: 1.73 | LR: 1.03e-04 | Render_L1: 0.0227 | Alpha_L1: 0.0279 | Render_LPIPS: 0.1595 | cos(c,null): +0.1946 | GradNorm: 0.0532 | MSE/t: [0.00-0.50]0.527(n=6317) [0.50-0.85]0.400(n=5960) [0.85-0.95]0.350(n=501) [0.95-1.00]0.382(n=22)
2026-04-29 17:33:45,142 - INFO - [render-loss] step=100800 kept 37/64 samples (t_value >= 0.50)
2026-04-29 17:35:40,379 - INFO - Step  101000 | Epoch 101 | MSE: 0.4602 | Steps/sec: 1.73 | LR: 1.03e-04 | Render_L1: 0.0224 | Alpha_L1: 0.0278 | Render_LPIPS: 0.1582 | cos(c,null): +0.1948 | GradNorm: 0.0517 | MSE/t: [0.00-0.50]0.526(n=6382) [0.50-0.85]0.399(n=5885) [0.85-0.95]0.347(n=505) [0.95-1.00]0.408(n=28)
2026-04-29 17:35:40,592 - INFO - [cond] cfg_signal=0.0743 (min=0.0417 max=0.1386, n=16) | class_signal=0.0956 (min=0.0533 max=0.1531, n=16) | pred_rms=0.6498
2026-04-29 17:35:48,686 - INFO - [validation] saved: output/jit_B8_20260429_042413/dit_validation/epoch_101_step_0101000_class006.png (class=6, sampler=heun, steps=100)
2026-04-29 17:35:50,018 - INFO - [overrides] applied from jit/configs/overrides.yaml: lr_scale=1.0 max_grad_norm=5.0 null_repel_weight=0.0 P_mean=0.0
2026-04-29 17:35:50,115 - INFO - [render-loss] step=101000 kept 34/64 samples (t_value >= 0.50)
2026-04-29 17:37:45,002 - INFO - Step  101200 | Epoch 101 | MSE: 0.4623 | Steps/sec: 1.61 | LR: 1.03e-04 | Render_L1: 0.0228 | Alpha_L1: 0.0283 | Render_LPIPS: 0.1594 | cos(c,null): +0.1946 | GradNorm: 3.3639 | MSE/t: [0.00-0.50]0.530(n=6463) [0.50-0.85]0.398(n=5792) [0.85-0.95]0.341(n=520) [0.95-1.00]0.337(n=25)
2026-04-29 17:37:45,103 - INFO - [render-loss] step=101200 kept 28/64 samples (t_value >= 0.50)
2026-04-29 17:39:40,183 - INFO - Step  101400 | Epoch 101 | MSE: 0.4554 | Steps/sec: 1.74 | LR: 1.02e-04 | Render_L1: 0.0226 | Alpha_L1: 0.0280 | Render_LPIPS: 0.1585 | cos(c,null): +0.1947 | GradNorm: 0.0556 | MSE/t: [0.00-0.50]0.521(n=6287) [0.50-0.85]0.397(n=6015) [0.85-0.95]0.340(n=474) [0.95-1.00]0.347(n=24)
2026-04-29 17:39:40,284 - INFO - [render-loss] step=101400 kept 35/64 samples (t_value >= 0.50)
2026-04-29 17:41:35,746 - INFO - Step  101600 | Epoch 102 | MSE: 0.4568 | Steps/sec: 1.73 | LR: 1.02e-04 | Render_L1: 0.0222 | Alpha_L1: 0.0281 | Render_LPIPS: 0.1589 | cos(c,null): +0.1956 | GradNorm: 0.0497 | MSE/t: [0.00-0.50]0.523(n=6311) [0.50-0.85]0.394(n=5949) [0.85-0.95]0.375(n=520) [0.95-1.00]0.387(n=20)
2026-04-29 17:41:35,846 - INFO - [render-loss] step=101600 kept 28/64 samples (t_value >= 0.50)
2026-04-29 17:43:31,548 - INFO - Step  101800 | Epoch 102 | MSE: 0.4596 | Steps/sec: 1.73 | LR: 1.02e-04 | Render_L1: 0.0226 | Alpha_L1: 0.0282 | Render_LPIPS: 0.1591 | cos(c,null): +0.1971 | GradNorm: 0.0549 | MSE/t: [0.00-0.50]0.528(n=6383) [0.50-0.85]0.396(n=5867) [0.85-0.95]0.351(n=530) [0.95-1.00]0.293(n=20)
2026-04-29 17:43:31,650 - INFO - [render-loss] step=101800 kept 31/64 samples (t_value >= 0.50)
2026-04-29 17:45:26,921 - INFO - Step  102000 | Epoch 102 | MSE: 0.4557 | Steps/sec: 1.73 | LR: 1.01e-04 | Render_L1: 0.0222 | Alpha_L1: 0.0279 | Render_LPIPS: 0.1571 | cos(c,null): +0.1968 | GradNorm: 0.0530 | MSE/t: [0.00-0.50]0.523(n=6421) [0.50-0.85]0.392(n=5794) [0.85-0.95]0.344(n=563) [0.95-1.00]0.342(n=22)
2026-04-29 17:45:27,126 - INFO - [cond] cfg_signal=0.0845 (min=0.0516 max=0.1513, n=16) | class_signal=0.1072 (min=0.0594 max=0.1849, n=16) | pred_rms=0.6092
2026-04-29 17:45:35,354 - INFO - [validation] saved: output/jit_B8_20260429_042413/dit_validation/epoch_102_step_0102000_class018.png (class=18, sampler=heun, steps=100)
2026-04-29 17:45:36,690 - INFO - [overrides] applied from jit/configs/overrides.yaml: lr_scale=1.0 max_grad_norm=5.0 null_repel_weight=0.0 P_mean=0.0
2026-04-29 17:45:36,786 - INFO - [render-loss] step=102000 kept 30/64 samples (t_value >= 0.50)
2026-04-29 17:47:31,869 - INFO - Step  102200 | Epoch 102 | MSE: 0.4630 | Steps/sec: 1.60 | LR: 1.01e-04 | Render_L1: 0.0226 | Alpha_L1: 0.0279 | Render_LPIPS: 0.1591 | cos(c,null): +0.1975 | GradNorm: 0.0507 | MSE/t: [0.00-0.50]0.534(n=6364) [0.50-0.85]0.395(n=5885) [0.85-0.95]0.369(n=525) [0.95-1.00]0.379(n=26)
2026-04-29 17:47:31,970 - INFO - [render-loss] step=102200 kept 33/64 samples (t_value >= 0.50)
2026-04-29 17:49:27,151 - INFO - Step  102400 | Epoch 102 | MSE: 0.4583 | Steps/sec: 1.73 | LR: 1.01e-04 | Render_L1: 0.0227 | Alpha_L1: 0.0279 | Render_LPIPS: 0.1583 | cos(c,null): +0.1979 | GradNorm: 0.0560 | MSE/t: [0.00-0.50]0.525(n=6359) [0.50-0.85]0.396(n=5939) [0.85-0.95]0.346(n=485) [0.95-1.00]0.430(n=17)
2026-04-29 17:49:27,253 - INFO - [render-loss] step=102400 kept 30/64 samples (t_value >= 0.50)
2026-04-29 17:51:22,988 - INFO - Step  102600 | Epoch 103 | MSE: 0.4568 | Steps/sec: 1.73 | LR: 1.00e-04 | Render_L1: 0.0228 | Alpha_L1: 0.0283 | Render_LPIPS: 0.1591 | cos(c,null): +0.1993 | GradNorm: 0.0585 | MSE/t: [0.00-0.50]0.521(n=6350) [0.50-0.85]0.398(n=5929) [0.85-0.95]0.353(n=499) [0.95-1.00]0.295(n=22)
2026-04-29 17:51:23,089 - INFO - [render-loss] step=102600 kept 35/64 samples (t_value >= 0.50)
2026-04-29 17:53:18,059 - INFO - Step  102800 | Epoch 103 | MSE: 0.4570 | Steps/sec: 1.74 | LR: 1.00e-04 | Render_L1: 0.0222 | Alpha_L1: 0.0278 | Render_LPIPS: 0.1572 | cos(c,null): +0.1997 | GradNorm: 0.0509 | MSE/t: [0.00-0.50]0.526(n=6441) [0.50-0.85]0.391(n=5813) [0.85-0.95]0.340(n=518) [0.95-1.00]0.371(n=28)
2026-04-29 17:53:18,161 - INFO - [render-loss] step=102800 kept 41/64 samples (t_value >= 0.50)
2026-04-29 17:55:13,464 - INFO - Step  103000 | Epoch 103 | MSE: 0.4576 | Steps/sec: 1.73 | LR: 9.98e-05 | Render_L1: 0.0222 | Alpha_L1: 0.0275 | Render_LPIPS: 0.1555 | cos(c,null): +0.2003 | GradNorm: 0.0534 | MSE/t: [0.00-0.50]0.527(n=6365) [0.50-0.85]0.393(n=5939) [0.85-0.95]0.338(n=480) [0.95-1.00]0.365(n=16)
2026-04-29 17:55:13,672 - INFO - [cond] cfg_signal=0.0787 (min=0.0389 max=0.1409, n=16) | class_signal=0.1000 (min=0.0498 max=0.1660, n=16) | pred_rms=0.6336
2026-04-29 17:55:21,927 - INFO - [validation] saved: output/jit_B8_20260429_042413/dit_validation/epoch_103_step_0103000_class042.png (class=42, sampler=heun, steps=100)
2026-04-29 17:55:23,141 - INFO - [overrides] applied from jit/configs/overrides.yaml: lr_scale=1.0 max_grad_norm=5.0 null_repel_weight=0.0 P_mean=0.0
2026-04-29 17:55:23,238 - INFO - [render-loss] step=103000 kept 21/64 samples (t_value >= 0.50)
2026-04-29 17:57:18,161 - INFO - Step  103200 | Epoch 103 | MSE: 0.4577 | Steps/sec: 1.61 | LR: 9.95e-05 | Render_L1: 0.0222 | Alpha_L1: 0.0270 | Render_LPIPS: 0.1564 | cos(c,null): +0.1967 | GradNorm: 0.0520 | MSE/t: [0.00-0.50]0.521(n=6498) [0.50-0.85]0.395(n=5763) [0.85-0.95]0.359(n=520) [0.95-1.00]0.452(n=19)
2026-04-29 17:57:18,262 - INFO - [render-loss] step=103200 kept 41/64 samples (t_value >= 0.50)
2026-04-29 17:59:13,296 - INFO - Step  103400 | Epoch 103 | MSE: 0.4586 | Steps/sec: 1.74 | LR: 9.92e-05 | Render_L1: 0.0224 | Alpha_L1: 0.0277 | Render_LPIPS: 0.1572 | cos(c,null): +0.1955 | GradNorm: 0.0497 | MSE/t: [0.00-0.50]0.533(n=6353) [0.50-0.85]0.390(n=5915) [0.85-0.95]0.341(n=506) [0.95-1.00]0.310(n=26)
2026-04-29 17:59:13,396 - INFO - [render-loss] step=103400 kept 30/64 samples (t_value >= 0.50)
2026-04-29 18:01:08,736 - INFO - Step  103600 | Epoch 104 | MSE: 0.4613 | Steps/sec: 1.73 | LR: 9.89e-05 | Render_L1: 0.0223 | Alpha_L1: 0.0276 | Render_LPIPS: 0.1563 | cos(c,null): +0.1966 | GradNorm: 0.0519 | MSE/t: [0.00-0.50]0.534(n=6397) [0.50-0.85]0.393(n=5849) [0.85-0.95]0.347(n=523) [0.95-1.00]0.347(n=31)
2026-04-29 18:01:08,837 - INFO - [render-loss] step=103600 kept 35/64 samples (t_value >= 0.50)
2026-04-29 18:03:03,916 - INFO - Step  103800 | Epoch 104 | MSE: 0.4558 | Steps/sec: 1.74 | LR: 9.86e-05 | Render_L1: 0.0223 | Alpha_L1: 0.0275 | Render_LPIPS: 0.1563 | cos(c,null): +0.1975 | GradNorm: 0.0527 | MSE/t: [0.00-0.50]0.524(n=6464) [0.50-0.85]0.391(n=5813) [0.85-0.95]0.334(n=505) [0.95-1.00]0.386(n=18)
2026-04-29 18:03:04,019 - INFO - [render-loss] step=103800 kept 32/64 samples (t_value >= 0.50)
2026-04-29 18:04:58,968 - INFO - Step  104000 | Epoch 104 | MSE: 0.4647 | Steps/sec: 1.74 | LR: 9.83e-05 | Render_L1: 0.0226 | Alpha_L1: 0.0277 | Render_LPIPS: 0.1588 | cos(c,null): +0.1977 | GradNorm: 0.0560 | MSE/t: [0.00-0.50]0.537(n=6429) [0.50-0.85]0.395(n=5834) [0.85-0.95]0.364(n=511) [0.95-1.00]0.278(n=26)
2026-04-29 18:04:59,176 - INFO - [cond] cfg_signal=0.0824 (min=0.0415 max=0.1402, n=16) | class_signal=0.1098 (min=0.0556 max=0.1884, n=16) | pred_rms=0.6653
2026-04-29 18:05:07,337 - INFO - [validation] saved: output/jit_B8_20260429_042413/dit_validation/epoch_104_step_0104000_class027.png (class=27, sampler=heun, steps=100)
2026-04-29 18:05:08,537 - INFO - [overrides] applied from jit/configs/overrides.yaml: lr_scale=1.0 max_grad_norm=5.0 null_repel_weight=0.0 P_mean=0.0
2026-04-29 18:05:08,633 - INFO - [render-loss] step=104000 kept 29/64 samples (t_value >= 0.50)
2026-04-29 18:07:03,945 - INFO - Step  104200 | Epoch 104 | MSE: 0.4591 | Steps/sec: 1.60 | LR: 9.80e-05 | Render_L1: 0.0227 | Alpha_L1: 0.0282 | Render_LPIPS: 0.1583 | cos(c,null): +0.1984 | GradNorm: 0.0604 | MSE/t: [0.00-0.50]0.526(n=6351) [0.50-0.85]0.396(n=5898) [0.85-0.95]0.361(n=527) [0.95-1.00]0.320(n=24)
2026-04-29 18:07:04,046 - INFO - [render-loss] step=104200 kept 31/64 samples (t_value >= 0.50)
2026-04-29 18:08:59,504 - INFO - Step  104400 | Epoch 104 | MSE: 0.4598 | Steps/sec: 1.73 | LR: 9.77e-05 | Render_L1: 0.0224 | Alpha_L1: 0.0275 | Render_LPIPS: 0.1582 | cos(c,null): +0.1999 | GradNorm: 0.0616 | MSE/t: [0.00-0.50]0.522(n=6543) [0.50-0.85]0.399(n=5771) [0.85-0.95]0.356(n=466) [0.95-1.00]0.228(n=20)
2026-04-29 18:08:59,605 - INFO - [render-loss] step=104400 kept 32/64 samples (t_value >= 0.50)
2026-04-29 18:10:54,913 - INFO - Step  104600 | Epoch 105 | MSE: 0.4560 | Steps/sec: 1.73 | LR: 9.74e-05 | Render_L1: 0.0224 | Alpha_L1: 0.0278 | Render_LPIPS: 0.1570 | cos(c,null): +0.1997 | GradNorm: 0.0565 | MSE/t: [0.00-0.50]0.523(n=6325) [0.50-0.85]0.395(n=5936) [0.85-0.95]0.339(n=518) [0.95-1.00]0.357(n=21)
2026-04-29 18:10:55,014 - INFO - [render-loss] step=104600 kept 40/64 samples (t_value >= 0.50)
2026-04-29 18:12:50,012 - INFO - Step  104800 | Epoch 105 | MSE: 0.4629 | Steps/sec: 1.74 | LR: 9.71e-05 | Render_L1: 0.0225 | Alpha_L1: 0.0281 | Render_LPIPS: 0.1583 | cos(c,null): +0.1997 | GradNorm: 0.0829 | MSE/t: [0.00-0.50]0.536(n=6322) [0.50-0.85]0.397(n=5883) [0.85-0.95]0.344(n=576) [0.95-1.00]0.274(n=19)
2026-04-29 18:12:50,112 - INFO - [render-loss] step=104800 kept 40/64 samples (t_value >= 0.50)
2026-04-29 18:14:45,278 - INFO - Step  105000 | Epoch 105 | MSE: 0.4596 | Steps/sec: 1.74 | LR: 9.68e-05 | Render_L1: 0.0223 | Alpha_L1: 0.0276 | Render_LPIPS: 0.1572 | cos(c,null): +0.2008 | GradNorm: 0.0530 | MSE/t: [0.00-0.50]0.530(n=6311) [0.50-0.85]0.396(n=5962) [0.85-0.95]0.328(n=501) [0.95-1.00]0.369(n=26)
2026-04-29 18:14:45,488 - INFO - [cond] cfg_signal=0.0782 (min=0.0418 max=0.1391, n=16) | class_signal=0.1040 (min=0.0584 max=0.1685, n=16) | pred_rms=0.6654
2026-04-29 18:14:54,005 - INFO - [validation] saved: output/jit_B8_20260429_042413/dit_validation/epoch_105_step_0105000_class020.png (class=20, sampler=heun, steps=100)
2026-04-29 18:14:55,207 - INFO - [overrides] applied from jit/configs/overrides.yaml: lr_scale=1.0 max_grad_norm=5.0 null_repel_weight=0.0 P_mean=0.0
2026-04-29 18:14:55,304 - INFO - [render-loss] step=105000 kept 29/64 samples (t_value >= 0.50)
2026-04-29 18:16:50,258 - INFO - Step  105200 | Epoch 105 | MSE: 0.4579 | Steps/sec: 1.60 | LR: 9.65e-05 | Render_L1: 0.0224 | Alpha_L1: 0.0279 | Render_LPIPS: 0.1571 | cos(c,null): +0.2012 | GradNorm: 0.0540 | MSE/t: [0.00-0.50]0.523(n=6397) [0.50-0.85]0.397(n=5883) [0.85-0.95]0.340(n=500) [0.95-1.00]0.332(n=20)
2026-04-29 18:16:50,360 - INFO - [render-loss] step=105200 kept 29/64 samples (t_value >= 0.50)
2026-04-29 18:18:45,508 - INFO - Step  105400 | Epoch 106 | MSE: 0.4601 | Steps/sec: 1.74 | LR: 9.62e-05 | Render_L1: 0.0222 | Alpha_L1: 0.0274 | Render_LPIPS: 0.1562 | cos(c,null): +0.2001 | GradNorm: 0.5556 | MSE/t: [0.00-0.50]0.531(n=6346) [0.50-0.85]0.394(n=5903) [0.85-0.95]0.351(n=527) [0.95-1.00]0.383(n=24)
2026-04-29 18:18:45,610 - INFO - [render-loss] step=105400 kept 34/64 samples (t_value >= 0.50)
2026-04-29 18:20:40,828 - INFO - Step  105600 | Epoch 106 | MSE: 0.4600 | Steps/sec: 1.73 | LR: 9.59e-05 | Render_L1: 0.0225 | Alpha_L1: 0.0281 | Render_LPIPS: 0.1579 | cos(c,null): +0.1973 | GradNorm: 10.5975 | MSE/t: [0.00-0.50]0.533(n=6328) [0.50-0.85]0.392(n=5922) [0.85-0.95]0.346(n=515) [0.95-1.00]0.362(n=35)
2026-04-29 18:20:40,930 - INFO - [render-loss] step=105600 kept 31/64 samples (t_value >= 0.50)
2026-04-29 18:22:35,730 - INFO - Step  105800 | Epoch 106 | MSE: 0.4582 | Steps/sec: 1.74 | LR: 9.56e-05 | Render_L1: 0.0219 | Alpha_L1: 0.0272 | Render_LPIPS: 0.1551 | cos(c,null): +0.1979 | GradNorm: 0.0496 | MSE/t: [0.00-0.50]0.528(n=6462) [0.50-0.85]0.391(n=5813) [0.85-0.95]0.348(n=499) [0.95-1.00]0.353(n=26)
2026-04-29 18:22:35,830 - INFO - [render-loss] step=105800 kept 35/64 samples (t_value >= 0.50)
2026-04-29 18:24:31,228 - INFO - Step  106000 | Epoch 106 | MSE: 0.4652 | Steps/sec: 1.73 | LR: 9.53e-05 | Render_L1: 0.0225 | Alpha_L1: 0.0280 | Render_LPIPS: 0.1586 | cos(c,null): +0.1978 | GradNorm: 0.0607 | MSE/t: [0.00-0.50]0.529(n=6376) [0.50-0.85]0.406(n=5887) [0.85-0.95]0.359(n=513) [0.95-1.00]0.316(n=24)
2026-04-29 18:24:31,438 - INFO - [cond] cfg_signal=0.0812 (min=0.0472 max=0.1519, n=16) | class_signal=0.1059 (min=0.0605 max=0.1728, n=16) | pred_rms=0.6599
2026-04-29 18:24:39,754 - INFO - [validation] saved: output/jit_B8_20260429_042413/dit_validation/epoch_106_step_0106000_class037.png (class=37, sampler=heun, steps=100)
2026-04-29 18:24:40,962 - INFO - [overrides] applied from jit/configs/overrides.yaml: lr_scale=1.0 max_grad_norm=5.0 null_repel_weight=0.0 P_mean=0.0
2026-04-29 18:24:41,061 - INFO - [render-loss] step=106000 kept 33/64 samples (t_value >= 0.50)
2026-04-29 18:26:36,427 - INFO - Step  106200 | Epoch 106 | MSE: 0.4608 | Steps/sec: 1.60 | LR: 9.50e-05 | Render_L1: 0.0220 | Alpha_L1: 0.0273 | Render_LPIPS: 0.1564 | cos(c,null): +0.1977 | GradNorm: 0.0532 | MSE/t: [0.00-0.50]0.532(n=6326) [0.50-0.85]0.396(n=5911) [0.85-0.95]0.349(n=530) [0.95-1.00]0.338(n=33)
2026-04-29 18:26:36,527 - INFO - [render-loss] step=106200 kept 33/64 samples (t_value >= 0.50)
2026-04-29 18:28:31,554 - INFO - Step  106400 | Epoch 107 | MSE: 0.4599 | Steps/sec: 1.74 | LR: 9.47e-05 | Render_L1: 0.0221 | Alpha_L1: 0.0273 | Render_LPIPS: 0.1568 | cos(c,null): +0.1976 | GradNorm: 0.0496 | MSE/t: [0.00-0.50]0.530(n=6348) [0.50-0.85]0.394(n=5910) [0.85-0.95]0.354(n=527) [0.95-1.00]0.316(n=15)
2026-04-29 18:28:31,656 - INFO - [render-loss] step=106400 kept 30/64 samples (t_value >= 0.50)
2026-04-29 18:30:26,548 - INFO - Step  106600 | Epoch 107 | MSE: 0.4528 | Steps/sec: 1.74 | LR: 9.44e-05 | Render_L1: 0.0220 | Alpha_L1: 0.0278 | Render_LPIPS: 0.1556 | cos(c,null): +0.1979 | GradNorm: 0.0512 | MSE/t: [0.00-0.50]0.519(n=6403) [0.50-0.85]0.390(n=5885) [0.85-0.95]0.350(n=489) [0.95-1.00]0.269(n=23)
2026-04-29 18:30:26,651 - INFO - [render-loss] step=106600 kept 30/64 samples (t_value >= 0.50)
2026-04-29 18:32:22,292 - INFO - Step  106800 | Epoch 107 | MSE: 0.4597 | Steps/sec: 1.73 | LR: 9.41e-05 | Render_L1: 0.0225 | Alpha_L1: 0.0278 | Render_LPIPS: 0.1581 | cos(c,null): +0.1979 | GradNorm: 0.0581 | MSE/t: [0.00-0.50]0.528(n=6404) [0.50-0.85]0.397(n=5851) [0.85-0.95]0.339(n=527) [0.95-1.00]0.385(n=18)
2026-04-29 18:32:22,394 - INFO - [render-loss] step=106800 kept 34/64 samples (t_value >= 0.50)
2026-04-29 18:34:17,401 - INFO - Step  107000 | Epoch 107 | MSE: 0.4602 | Steps/sec: 1.74 | LR: 9.38e-05 | Render_L1: 0.0221 | Alpha_L1: 0.0273 | Render_LPIPS: 0.1565 | cos(c,null): +0.1984 | GradNorm: 0.0530 | MSE/t: [0.00-0.50]0.526(n=6375) [0.50-0.85]0.399(n=5888) [0.85-0.95]0.349(n=521) [0.95-1.00]0.568(n=16)
2026-04-29 18:34:17,610 - INFO - [cond] cfg_signal=0.0816 (min=0.0460 max=0.1494, n=16) | class_signal=0.1044 (min=0.0537 max=0.1762, n=16) | pred_rms=0.6572
2026-04-29 18:34:26,121 - INFO - [validation] saved: output/jit_B8_20260429_042413/dit_validation/epoch_107_step_0107000_class037.png (class=37, sampler=heun, steps=100)
2026-04-29 18:34:27,313 - INFO - [overrides] applied from jit/configs/overrides.yaml: lr_scale=1.0 max_grad_norm=5.0 null_repel_weight=0.0 P_mean=0.0
2026-04-29 18:34:27,409 - INFO - [render-loss] step=107000 kept 29/64 samples (t_value >= 0.50)
2026-04-29 18:36:23,250 - INFO - Step  107200 | Epoch 107 | MSE: 0.4603 | Steps/sec: 1.59 | LR: 9.35e-05 | Render_L1: 0.0222 | Alpha_L1: 0.0277 | Render_LPIPS: 0.1565 | cos(c,null): +0.1989 | GradNorm: 0.0557 | MSE/t: [0.00-0.50]0.533(n=6317) [0.50-0.85]0.393(n=5936) [0.85-0.95]0.349(n=530) [0.95-1.00]0.409(n=17)
2026-04-29 18:36:23,351 - INFO - [render-loss] step=107200 kept 32/64 samples (t_value >= 0.50)
2026-04-29 18:38:18,639 - INFO - Step  107400 | Epoch 108 | MSE: 0.4570 | Steps/sec: 1.73 | LR: 9.32e-05 | Render_L1: 0.0219 | Alpha_L1: 0.0274 | Render_LPIPS: 0.1553 | cos(c,null): +0.1992 | GradNorm: 0.0464 | MSE/t: [0.00-0.50]0.529(n=6293) [0.50-0.85]0.392(n=5960) [0.85-0.95]0.338(n=531) [0.95-1.00]0.341(n=16)
2026-04-29 18:38:18,741 - INFO - [render-loss] step=107400 kept 35/64 samples (t_value >= 0.50)
2026-04-29 18:40:13,266 - INFO - Step  107600 | Epoch 108 | MSE: 0.4639 | Steps/sec: 1.74 | LR: 9.29e-05 | Render_L1: 0.0220 | Alpha_L1: 0.0271 | Render_LPIPS: 0.1573 | cos(c,null): +0.1996 | GradNorm: 0.0499 | MSE/t: [0.00-0.50]0.532(n=6456) [0.50-0.85]0.401(n=5793) [0.85-0.95]0.334(n=527) [0.95-1.00]0.304(n=24)
2026-04-29 18:40:13,367 - INFO - [render-loss] step=107600 kept 33/64 samples (t_value >= 0.50)
2026-04-29 18:42:08,126 - INFO - Step  107800 | Epoch 108 | MSE: 0.4572 | Steps/sec: 1.74 | LR: 9.26e-05 | Render_L1: 0.0221 | Alpha_L1: 0.0275 | Render_LPIPS: 0.1565 | cos(c,null): +0.1995 | GradNorm: 0.0558 | MSE/t: [0.00-0.50]0.524(n=6411) [0.50-0.85]0.394(n=5847) [0.85-0.95]0.356(n=518) [0.95-1.00]0.364(n=24)
2026-04-29 18:42:08,228 - INFO - [render-loss] step=107800 kept 32/64 samples (t_value >= 0.50)
2026-04-29 18:44:03,269 - INFO - Step  108000 | Epoch 108 | MSE: 0.4547 | Steps/sec: 1.74 | LR: 9.23e-05 | Render_L1: 0.0218 | Alpha_L1: 0.0273 | Render_LPIPS: 0.1539 | cos(c,null): +0.1996 | GradNorm: 0.0558 | MSE/t: [0.00-0.50]0.525(n=6377) [0.50-0.85]0.390(n=5876) [0.85-0.95]0.332(n=531) [0.95-1.00]0.292(n=16)
2026-04-29 18:44:03,478 - INFO - [cond] cfg_signal=0.0764 (min=0.0494 max=0.1281, n=16) | class_signal=0.0997 (min=0.0589 max=0.1731, n=16) | pred_rms=0.6327
2026-04-29 18:44:11,709 - INFO - [validation] saved: output/jit_B8_20260429_042413/dit_validation/epoch_108_step_0108000_class075.png (class=75, sampler=heun, steps=100)
2026-04-29 18:44:12,898 - INFO - [overrides] applied from jit/configs/overrides.yaml: lr_scale=1.0 max_grad_norm=5.0 null_repel_weight=0.0 P_mean=0.0
2026-04-29 18:44:12,995 - INFO - [render-loss] step=108000 kept 37/64 samples (t_value >= 0.50)
2026-04-29 18:46:07,830 - INFO - Step  108200 | Epoch 108 | MSE: 0.4601 | Steps/sec: 1.61 | LR: 9.20e-05 | Render_L1: 0.0223 | Alpha_L1: 0.0272 | Render_LPIPS: 0.1560 | cos(c,null): +0.1996 | GradNorm: 0.0512 | MSE/t: [0.00-0.50]0.528(n=6387) [0.50-0.85]0.396(n=5892) [0.85-0.95]0.354(n=506) [0.95-1.00]0.321(n=15)
2026-04-29 18:46:07,931 - INFO - [render-loss] step=108200 kept 25/64 samples (t_value >= 0.50)
2026-04-29 18:48:03,138 - INFO - Step  108400 | Epoch 109 | MSE: 0.4601 | Steps/sec: 1.73 | LR: 9.17e-05 | Render_L1: 0.0224 | Alpha_L1: 0.0276 | Render_LPIPS: 0.1571 | cos(c,null): +0.1987 | GradNorm: 0.0526 | MSE/t: [0.00-0.50]0.528(n=6425) [0.50-0.85]0.396(n=5807) [0.85-0.95]0.350(n=549) [0.95-1.00]0.292(n=19)
2026-04-29 18:48:03,238 - INFO - [render-loss] step=108400 kept 36/64 samples (t_value >= 0.50)
2026-04-29 18:49:57,942 - INFO - Step  108600 | Epoch 109 | MSE: 0.4601 | Steps/sec: 1.74 | LR: 9.14e-05 | Render_L1: 0.0226 | Alpha_L1: 0.0280 | Render_LPIPS: 0.1564 | cos(c,null): +0.1988 | GradNorm: 0.0543 | MSE/t: [0.00-0.50]0.531(n=6429) [0.50-0.85]0.390(n=5888) [0.85-0.95]0.364(n=467) [0.95-1.00]0.366(n=16)
2026-04-29 18:49:58,044 - INFO - [render-loss] step=108600 kept 26/64 samples (t_value >= 0.50)
2026-04-29 18:51:52,386 - INFO - Step  108800 | Epoch 109 | MSE: 0.4600 | Steps/sec: 1.75 | LR: 9.11e-05 | Render_L1: 0.0226 | Alpha_L1: 0.0283 | Render_LPIPS: 0.1595 | cos(c,null): +0.1988 | GradNorm: 0.0540 | MSE/t: [0.00-0.50]0.521(n=6518) [0.50-0.85]0.401(n=5771) [0.85-0.95]0.349(n=490) [0.95-1.00]0.351(n=21)
2026-04-29 18:51:52,487 - INFO - [render-loss] step=108800 kept 31/64 samples (t_value >= 0.50)
2026-04-29 18:53:48,032 - INFO - Step  109000 | Epoch 109 | MSE: 0.4585 | Steps/sec: 1.73 | LR: 9.08e-05 | Render_L1: 0.0222 | Alpha_L1: 0.0274 | Render_LPIPS: 0.1556 | cos(c,null): +0.1993 | GradNorm: 0.0497 | MSE/t: [0.00-0.50]0.530(n=6340) [0.50-0.85]0.393(n=5933) [0.85-0.95]0.335(n=499) [0.95-1.00]0.323(n=28)
2026-04-29 18:53:48,241 - INFO - [cond] cfg_signal=0.0782 (min=0.0450 max=0.1367, n=16) | class_signal=0.1030 (min=0.0575 max=0.1743, n=16) | pred_rms=0.6513
2026-04-29 18:53:56,420 - INFO - [validation] saved: output/jit_B8_20260429_042413/dit_validation/epoch_109_step_0109000_class054.png (class=54, sampler=heun, steps=100)
2026-04-29 18:53:57,606 - INFO - [overrides] applied from jit/configs/overrides.yaml: lr_scale=1.0 max_grad_norm=5.0 null_repel_weight=0.0 P_mean=0.0
2026-04-29 18:53:57,702 - INFO - [render-loss] step=109000 kept 34/64 samples (t_value >= 0.50)
2026-04-29 18:55:52,826 - INFO - Step  109200 | Epoch 109 | MSE: 0.4614 | Steps/sec: 1.61 | LR: 9.05e-05 | Render_L1: 0.0221 | Alpha_L1: 0.0273 | Render_LPIPS: 0.1554 | cos(c,null): +0.1990 | GradNorm: 0.0503 | MSE/t: [0.00-0.50]0.532(n=6370) [0.50-0.85]0.397(n=5922) [0.85-0.95]0.327(n=489) [0.95-1.00]0.303(n=19)
2026-04-29 18:55:52,928 - INFO - [render-loss] step=109200 kept 29/64 samples (t_value >= 0.50)
2026-04-29 18:57:48,274 - INFO - Step  109400 | Epoch 110 | MSE: 0.4601 | Steps/sec: 1.73 | LR: 9.02e-05 | Render_L1: 0.0223 | Alpha_L1: 0.0276 | Render_LPIPS: 0.1558 | cos(c,null): +0.1993 | GradNorm: 0.0488 | MSE/t: [0.00-0.50]0.528(n=6526) [0.50-0.85]0.394(n=5761) [0.85-0.95]0.345(n=498) [0.95-1.00]0.388(n=15)
2026-04-29 18:57:48,376 - INFO - [render-loss] step=109400 kept 25/64 samples (t_value >= 0.50)
2026-04-29 18:59:43,514 - INFO - Step  109600 | Epoch 110 | MSE: 0.4655 | Steps/sec: 1.74 | LR: 8.99e-05 | Render_L1: 0.0226 | Alpha_L1: 0.0276 | Render_LPIPS: 0.1581 | cos(c,null): +0.1998 | GradNorm: 0.0536 | MSE/t: [0.00-0.50]0.533(n=6403) [0.50-0.85]0.403(n=5886) [0.85-0.95]0.348(n=488) [0.95-1.00]0.316(n=23)
2026-04-29 18:59:43,614 - INFO - [render-loss] step=109600 kept 32/64 samples (t_value >= 0.50)
2026-04-29 19:01:38,682 - INFO - Step  109800 | Epoch 110 | MSE: 0.4636 | Steps/sec: 1.74 | LR: 8.96e-05 | Render_L1: 0.0225 | Alpha_L1: 0.0280 | Render_LPIPS: 0.1573 | cos(c,null): +0.1991 | GradNorm: 0.0573 | MSE/t: [0.00-0.50]0.528(n=6425) [0.50-0.85]0.404(n=5842) [0.85-0.95]0.339(n=510) [0.95-1.00]0.335(n=23)
2026-04-29 19:01:38,783 - INFO - [render-loss] step=109800 kept 32/64 samples (t_value >= 0.50)
2026-04-29 19:03:33,806 - INFO - Step  110000 | Epoch 110 | MSE: 0.4580 | Steps/sec: 1.74 | LR: 8.93e-05 | Render_L1: 0.0219 | Alpha_L1: 0.0272 | Render_LPIPS: 0.1552 | cos(c,null): +0.1997 | GradNorm: 0.0516 | MSE/t: [0.00-0.50]0.521(n=6383) [0.50-0.85]0.400(n=5914) [0.85-0.95]0.335(n=487) [0.95-1.00]0.320(n=16)
2026-04-29 19:03:34,015 - INFO - [cond] cfg_signal=0.0779 (min=0.0412 max=0.1327, n=16) | class_signal=0.1015 (min=0.0615 max=0.1733, n=16) | pred_rms=0.6390
2026-04-29 19:03:42,517 - INFO - [validation] saved: output/jit_B8_20260429_042413/dit_validation/epoch_110_step_0110000_class003.png (class=3, sampler=heun, steps=100)
2026-04-29 19:03:43,707 - INFO - [overrides] applied from jit/configs/overrides.yaml: lr_scale=1.0 max_grad_norm=5.0 null_repel_weight=0.0 P_mean=0.0
2026-04-29 19:03:43,804 - INFO - [render-loss] step=110000 kept 37/64 samples (t_value >= 0.50)
2026-04-29 19:05:38,460 - INFO - Step  110200 | Epoch 110 | MSE: 0.4543 | Steps/sec: 1.61 | LR: 8.90e-05 | Render_L1: 0.0223 | Alpha_L1: 0.0277 | Render_LPIPS: 0.1565 | cos(c,null): +0.2001 | GradNorm: 0.0552 | MSE/t: [0.00-0.50]0.517(n=6444) [0.50-0.85]0.395(n=5815) [0.85-0.95]0.336(n=518) [0.95-1.00]0.427(n=23)
2026-04-29 19:05:38,561 - INFO - [render-loss] step=110200 kept 31/64 samples (t_value >= 0.50)
2026-04-29 19:07:33,484 - INFO - Step  110400 | Epoch 111 | MSE: 0.4565 | Steps/sec: 1.74 | LR: 8.87e-05 | Render_L1: 0.0223 | Alpha_L1: 0.0276 | Render_LPIPS: 0.1560 | cos(c,null): +0.2011 | GradNorm: 0.0514 | MSE/t: [0.00-0.50]0.524(n=6495) [0.50-0.85]0.392(n=5768) [0.85-0.95]0.342(n=517) [0.95-1.00]0.297(n=20)
2026-04-29 19:07:33,585 - INFO - [render-loss] step=110400 kept 23/64 samples (t_value >= 0.50)
2026-04-29 19:09:28,744 - INFO - Step  110600 | Epoch 111 | MSE: 0.4592 | Steps/sec: 1.74 | LR: 8.84e-05 | Render_L1: 0.0222 | Alpha_L1: 0.0276 | Render_LPIPS: 0.1556 | cos(c,null): +0.2027 | GradNorm: 0.0492 | MSE/t: [0.00-0.50]0.529(n=6416) [0.50-0.85]0.392(n=5899) [0.85-0.95]0.347(n=461) [0.95-1.00]0.333(n=24)
2026-04-29 19:09:28,844 - INFO - [render-loss] step=110600 kept 35/64 samples (t_value >= 0.50)
2026-04-29 19:11:24,167 - INFO - Step  110800 | Epoch 111 | MSE: 0.4598 | Steps/sec: 1.73 | LR: 8.81e-05 | Render_L1: 0.0218 | Alpha_L1: 0.0269 | Render_LPIPS: 0.1542 | cos(c,null): +0.2031 | GradNorm: 0.0507 | MSE/t: [0.00-0.50]0.528(n=6394) [0.50-0.85]0.395(n=5869) [0.85-0.95]0.350(n=516) [0.95-1.00]0.350(n=21)
2026-04-29 19:11:24,268 - INFO - [render-loss] step=110800 kept 36/64 samples (t_value >= 0.50)
2026-04-29 19:13:18,914 - INFO - Step  111000 | Epoch 111 | MSE: 0.4638 | Steps/sec: 1.74 | LR: 8.78e-05 | Render_L1: 0.0220 | Alpha_L1: 0.0269 | Render_LPIPS: 0.1554 | cos(c,null): +0.2033 | GradNorm: 0.0494 | MSE/t: [0.00-0.50]0.533(n=6344) [0.50-0.85]0.399(n=5965) [0.85-0.95]0.358(n=471) [0.95-1.00]0.311(n=20)
2026-04-29 19:13:19,123 - INFO - [cond] cfg_signal=0.0800 (min=0.0441 max=0.1333, n=16) | class_signal=0.1078 (min=0.0597 max=0.1883, n=16) | pred_rms=0.6523
2026-04-29 19:13:27,237 - INFO - [validation] saved: output/jit_B8_20260429_042413/dit_validation/epoch_111_step_0111000_class102.png (class=102, sampler=heun, steps=100)
2026-04-29 19:13:28,425 - INFO - [overrides] applied from jit/configs/overrides.yaml: lr_scale=1.0 max_grad_norm=5.0 null_repel_weight=0.0 P_mean=0.0
2026-04-29 19:13:28,521 - INFO - [render-loss] step=111000 kept 26/64 samples (t_value >= 0.50)
2026-04-29 19:15:23,855 - INFO - Step  111200 | Epoch 111 | MSE: 0.4556 | Steps/sec: 1.60 | LR: 8.75e-05 | Render_L1: 0.0225 | Alpha_L1: 0.0278 | Render_LPIPS: 0.1572 | cos(c,null): +0.1990 | GradNorm: 0.0521 | MSE/t: [0.00-0.50]0.519(n=6426) [0.50-0.85]0.395(n=5882) [0.85-0.95]0.350(n=469) [0.95-1.00]0.420(n=23)
2026-04-29 19:15:23,956 - INFO - [render-loss] step=111200 kept 39/64 samples (t_value >= 0.50)
2026-04-29 19:17:18,798 - INFO - Step  111400 | Epoch 112 | MSE: 0.4585 | Steps/sec: 1.74 | LR: 8.73e-05 | Render_L1: 0.0219 | Alpha_L1: 0.0271 | Render_LPIPS: 0.1557 | cos(c,null): +0.2004 | GradNorm: 0.0489 | MSE/t: [0.00-0.50]0.530(n=6419) [0.50-0.85]0.389(n=5848) [0.85-0.95]0.350(n=510) [0.95-1.00]0.438(n=23)
2026-04-29 19:17:18,899 - INFO - [render-loss] step=111400 kept 36/64 samples (t_value >= 0.50)
2026-04-29 19:19:13,565 - INFO - Step  111600 | Epoch 112 | MSE: 0.4612 | Steps/sec: 1.74 | LR: 8.70e-05 | Render_L1: 0.0221 | Alpha_L1: 0.0272 | Render_LPIPS: 0.1554 | cos(c,null): +0.2017 | GradNorm: 0.0512 | MSE/t: [0.00-0.50]0.530(n=6470) [0.50-0.85]0.397(n=5791) [0.85-0.95]0.332(n=516) [0.95-1.00]0.313(n=23)
2026-04-29 19:19:13,666 - INFO - [render-loss] step=111600 kept 33/64 samples (t_value >= 0.50)
2026-04-29 19:21:08,667 - INFO - Step  111800 | Epoch 112 | MSE: 0.4561 | Steps/sec: 1.74 | LR: 8.67e-05 | Render_L1: 0.0221 | Alpha_L1: 0.0276 | Render_LPIPS: 0.1560 | cos(c,null): +0.2006 | GradNorm: 0.0561 | MSE/t: [0.00-0.50]0.523(n=6364) [0.50-0.85]0.394(n=5892) [0.85-0.95]0.341(n=528) [0.95-1.00]0.284(n=16)
2026-04-29 19:21:08,769 - INFO - [render-loss] step=111800 kept 26/64 samples (t_value >= 0.50)
2026-04-29 19:23:04,251 - INFO - Step  112000 | Epoch 112 | MSE: 0.4559 | Steps/sec: 1.73 | LR: 8.64e-05 | Render_L1: 0.0218 | Alpha_L1: 0.0271 | Render_LPIPS: 0.1540 | cos(c,null): +0.2012 | GradNorm: 0.0507 | MSE/t: [0.00-0.50]0.526(n=6387) [0.50-0.85]0.390(n=5916) [0.85-0.95]0.347(n=478) [0.95-1.00]0.414(n=19)
2026-04-29 19:23:04,463 - INFO - [cond] cfg_signal=0.0831 (min=0.0473 max=0.1414, n=16) | class_signal=0.1072 (min=0.0595 max=0.1804, n=16) | pred_rms=0.6572
2026-04-29 19:23:12,685 - INFO - [validation] saved: output/jit_B8_20260429_042413/dit_validation/epoch_112_step_0112000_class068.png (class=68, sampler=heun, steps=100)
2026-04-29 19:23:13,886 - INFO - [overrides] applied from jit/configs/overrides.yaml: lr_scale=1.0 max_grad_norm=5.0 null_repel_weight=0.0 P_mean=0.0
2026-04-29 19:23:13,982 - INFO - [render-loss] step=112000 kept 24/64 samples (t_value >= 0.50)
2026-04-29 19:25:09,141 - INFO - Step  112200 | Epoch 112 | MSE: 0.4602 | Steps/sec: 1.60 | LR: 8.61e-05 | Render_L1: 0.0220 | Alpha_L1: 0.0275 | Render_LPIPS: 0.1552 | cos(c,null): +0.2018 | GradNorm: 0.0537 | MSE/t: [0.00-0.50]0.524(n=6497) [0.50-0.85]0.401(n=5779) [0.85-0.95]0.328(n=511) [0.95-1.00]0.243(n=13)
2026-04-29 19:25:09,243 - INFO - [render-loss] step=112200 kept 28/64 samples (t_value >= 0.50)
2026-04-29 19:27:04,523 - INFO - Step  112400 | Epoch 113 | MSE: 0.4595 | Steps/sec: 1.73 | LR: 8.58e-05 | Render_L1: 0.0218 | Alpha_L1: 0.0271 | Render_LPIPS: 0.1536 | cos(c,null): +0.2033 | GradNorm: 0.0506 | MSE/t: [0.00-0.50]0.529(n=6349) [0.50-0.85]0.395(n=5923) [0.85-0.95]0.335(n=507) [0.95-1.00]0.372(n=21)
2026-04-29 19:27:04,625 - INFO - [render-loss] step=112400 kept 31/64 samples (t_value >= 0.50)
2026-04-29 19:28:59,271 - INFO - Step  112600 | Epoch 113 | MSE: 0.4629 | Steps/sec: 1.74 | LR: 8.55e-05 | Render_L1: 0.0221 | Alpha_L1: 0.0276 | Render_LPIPS: 0.1562 | cos(c,null): +0.2038 | GradNorm: 0.0497 | MSE/t: [0.00-0.50]0.529(n=6397) [0.50-0.85]0.402(n=5900) [0.85-0.95]0.346(n=487) [0.95-1.00]0.290(n=16)
2026-04-29 19:28:59,373 - INFO - [render-loss] step=112600 kept 29/64 samples (t_value >= 0.50)
2026-04-29 19:30:53,940 - INFO - Step  112800 | Epoch 113 | MSE: 0.4632 | Steps/sec: 1.74 | LR: 8.52e-05 | Render_L1: 0.0221 | Alpha_L1: 0.0271 | Render_LPIPS: 0.1550 | cos(c,null): +0.2040 | GradNorm: 0.0479 | MSE/t: [0.00-0.50]0.529(n=6486) [0.50-0.85]0.400(n=5824) [0.85-0.95]0.350(n=472) [0.95-1.00]0.310(n=18)
2026-04-29 19:30:54,043 - INFO - [render-loss] step=112800 kept 37/64 samples (t_value >= 0.50)
2026-04-29 19:32:48,976 - INFO - Step  113000 | Epoch 113 | MSE: 0.4612 | Steps/sec: 1.74 | LR: 8.49e-05 | Render_L1: 0.0221 | Alpha_L1: 0.0271 | Render_LPIPS: 0.1547 | cos(c,null): +0.2036 | GradNorm: 0.0521 | MSE/t: [0.00-0.50]0.531(n=6417) [0.50-0.85]0.395(n=5884) [0.85-0.95]0.346(n=479) [0.95-1.00]0.366(n=20)
2026-04-29 19:32:49,189 - INFO - [cond] cfg_signal=0.0802 (min=0.0415 max=0.1438, n=16) | class_signal=0.1036 (min=0.0582 max=0.1710, n=16) | pred_rms=0.6501
2026-04-29 19:32:57,624 - INFO - [validation] saved: output/jit_B8_20260429_042413/dit_validation/epoch_113_step_0113000_class018.png (class=18, sampler=heun, steps=100)
2026-04-29 19:32:58,810 - INFO - [overrides] applied from jit/configs/overrides.yaml: lr_scale=1.0 max_grad_norm=5.0 null_repel_weight=0.0 P_mean=0.0
2026-04-29 19:32:58,906 - INFO - [render-loss] step=113000 kept 36/64 samples (t_value >= 0.50)
2026-04-29 19:34:53,775 - INFO - Step  113200 | Epoch 113 | MSE: 0.4639 | Steps/sec: 1.61 | LR: 8.46e-05 | Render_L1: 0.0224 | Alpha_L1: 0.0274 | Render_LPIPS: 0.1572 | cos(c,null): +0.2043 | GradNorm: 0.0506 | MSE/t: [0.00-0.50]0.525(n=6418) [0.50-0.85]0.407(n=5838) [0.85-0.95]0.346(n=521) [0.95-1.00]0.360(n=23)
2026-04-29 19:34:53,876 - INFO - [render-loss] step=113200 kept 33/64 samples (t_value >= 0.50)
2026-04-29 19:36:49,303 - INFO - Step  113400 | Epoch 114 | MSE: 0.4616 | Steps/sec: 1.73 | LR: 8.43e-05 | Render_L1: 0.0223 | Alpha_L1: 0.0279 | Render_LPIPS: 0.1576 | cos(c,null): +0.2071 | GradNorm: 0.0509 | MSE/t: [0.00-0.50]0.525(n=6376) [0.50-0.85]0.400(n=5906) [0.85-0.95]0.389(n=495) [0.95-1.00]0.301(n=23)
2026-04-29 19:36:49,403 - INFO - [render-loss] step=113400 kept 23/64 samples (t_value >= 0.50)
2026-04-29 19:38:44,170 - INFO - Step  113600 | Epoch 114 | MSE: 0.4594 | Steps/sec: 1.74 | LR: 8.40e-05 | Render_L1: 0.0219 | Alpha_L1: 0.0272 | Render_LPIPS: 0.1548 | cos(c,null): +0.2094 | GradNorm: 0.0545 | MSE/t: [0.00-0.50]0.525(n=6423) [0.50-0.85]0.397(n=5840) [0.85-0.95]0.363(n=515) [0.95-1.00]0.321(n=22)
2026-04-29 19:38:44,272 - INFO - [render-loss] step=113600 kept 31/64 samples (t_value >= 0.50)
2026-04-29 19:40:39,111 - INFO - Step  113800 | Epoch 114 | MSE: 0.4603 | Steps/sec: 1.74 | LR: 8.37e-05 | Render_L1: 0.0218 | Alpha_L1: 0.0272 | Render_LPIPS: 0.1548 | cos(c,null): +0.2111 | GradNorm: 0.0483 | MSE/t: [0.00-0.50]0.530(n=6381) [0.50-0.85]0.396(n=5920) [0.85-0.95]0.337(n=477) [0.95-1.00]0.301(n=22)
2026-04-29 19:40:39,213 - INFO - [render-loss] step=113800 kept 35/64 samples (t_value >= 0.50)
2026-04-29 19:42:33,776 - INFO - Step  114000 | Epoch 114 | MSE: 0.4574 | Steps/sec: 1.74 | LR: 8.34e-05 | Render_L1: 0.0221 | Alpha_L1: 0.0274 | Render_LPIPS: 0.1548 | cos(c,null): +0.2122 | GradNorm: 0.0548 | MSE/t: [0.00-0.50]0.522(n=6500) [0.50-0.85]0.395(n=5771) [0.85-0.95]0.349(n=511) [0.95-1.00]0.330(n=18)
2026-04-29 19:42:33,987 - INFO - [cond] cfg_signal=0.0788 (min=0.0427 max=0.1385, n=16) | class_signal=0.1015 (min=0.0552 max=0.1634, n=16) | pred_rms=0.6391
2026-04-29 19:42:42,218 - INFO - [validation] saved: output/jit_B8_20260429_042413/dit_validation/epoch_114_step_0114000_class083.png (class=83, sampler=heun, steps=100)
2026-04-29 19:42:43,411 - INFO - [overrides] applied from jit/configs/overrides.yaml: lr_scale=1.0 max_grad_norm=5.0 null_repel_weight=0.0 P_mean=0.0
2026-04-29 19:42:43,508 - INFO - [render-loss] step=114000 kept 39/64 samples (t_value >= 0.50)
2026-04-29 19:44:38,603 - INFO - Step  114200 | Epoch 114 | MSE: 0.4580 | Steps/sec: 1.60 | LR: 8.31e-05 | Render_L1: 0.0223 | Alpha_L1: 0.0273 | Render_LPIPS: 0.1554 | cos(c,null): +0.2111 | GradNorm: 0.0510 | MSE/t: [0.00-0.50]0.526(n=6274) [0.50-0.85]0.397(n=5983) [0.85-0.95]0.347(n=522) [0.95-1.00]0.318(n=21)
2026-04-29 19:44:38,704 - INFO - [render-loss] step=114200 kept 39/64 samples (t_value >= 0.50)
2026-04-29 19:46:33,742 - INFO - Step  114400 | Epoch 115 | MSE: 0.4579 | Steps/sec: 1.74 | LR: 8.28e-05 | Render_L1: 0.0217 | Alpha_L1: 0.0269 | Render_LPIPS: 0.1534 | cos(c,null): +0.2112 | GradNorm: 0.0537 | MSE/t: [0.00-0.50]0.528(n=6382) [0.50-0.85]0.391(n=5880) [0.85-0.95]0.355(n=515) [0.95-1.00]0.337(n=23)
2026-04-29 19:46:33,844 - INFO - [render-loss] step=114400 kept 29/64 samples (t_value >= 0.50)
2026-04-29 19:48:28,878 - INFO - Step  114600 | Epoch 115 | MSE: 0.4604 | Steps/sec: 1.74 | LR: 8.25e-05 | Render_L1: 0.0220 | Alpha_L1: 0.0269 | Render_LPIPS: 0.1551 | cos(c,null): +0.2102 | GradNorm: 0.0727 | MSE/t: [0.00-0.50]0.527(n=6401) [0.50-0.85]0.396(n=5903) [0.85-0.95]0.366(n=477) [0.95-1.00]0.342(n=19)
2026-04-29 19:48:28,979 - INFO - [render-loss] step=114600 kept 36/64 samples (t_value >= 0.50)
2026-04-29 19:50:24,229 - INFO - Step  114800 | Epoch 115 | MSE: 0.4570 | Steps/sec: 1.73 | LR: 8.22e-05 | Render_L1: 0.0216 | Alpha_L1: 0.0266 | Render_LPIPS: 0.1531 | cos(c,null): +0.2109 | GradNorm: 0.0491 | MSE/t: [0.00-0.50]0.524(n=6319) [0.50-0.85]0.397(n=5936) [0.85-0.95]0.334(n=527) [0.95-1.00]0.437(n=18)
2026-04-29 19:50:24,331 - INFO - [render-loss] step=114800 kept 34/64 samples (t_value >= 0.50)
2026-04-29 19:52:19,333 - INFO - Step  115000 | Epoch 115 | MSE: 0.4558 | Steps/sec: 1.74 | LR: 8.20e-05 | Render_L1: 0.0217 | Alpha_L1: 0.0266 | Render_LPIPS: 0.1525 | cos(c,null): +0.2107 | GradNorm: 0.0538 | MSE/t: [0.00-0.50]0.527(n=6260) [0.50-0.85]0.392(n=6018) [0.85-0.95]0.333(n=503) [0.95-1.00]0.369(n=19)
2026-04-29 19:52:19,547 - INFO - [cond] cfg_signal=0.0747 (min=0.0410 max=0.1301, n=16) | class_signal=0.0976 (min=0.0593 max=0.1526, n=16) | pred_rms=0.6428
2026-04-29 19:52:27,771 - INFO - [validation] saved: output/jit_B8_20260429_042413/dit_validation/epoch_115_step_0115000_class034.png (class=34, sampler=heun, steps=100)
2026-04-29 19:52:28,967 - INFO - [overrides] applied from jit/configs/overrides.yaml: lr_scale=1.0 max_grad_norm=5.0 null_repel_weight=0.0 P_mean=0.0
2026-04-29 19:52:29,063 - INFO - [render-loss] step=115000 kept 36/64 samples (t_value >= 0.50)
2026-04-29 19:54:24,397 - INFO - Step  115200 | Epoch 115 | MSE: 0.4580 | Steps/sec: 1.60 | LR: 8.17e-05 | Render_L1: 0.0220 | Alpha_L1: 0.0269 | Render_LPIPS: 0.1550 | cos(c,null): +0.2110 | GradNorm: 0.0508 | MSE/t: [0.00-0.50]0.522(n=6362) [0.50-0.85]0.399(n=5892) [0.85-0.95]0.347(n=531) [0.95-1.00]0.286(n=15)
2026-04-29 19:54:24,498 - INFO - [render-loss] step=115200 kept 33/64 samples (t_value >= 0.50)
2026-04-29 19:56:19,804 - INFO - Step  115400 | Epoch 116 | MSE: 0.4633 | Steps/sec: 1.73 | LR: 8.14e-05 | Render_L1: 0.0216 | Alpha_L1: 0.0267 | Render_LPIPS: 0.1539 | cos(c,null): +0.2114 | GradNorm: 0.0480 | MSE/t: [0.00-0.50]0.537(n=6420) [0.50-0.85]0.390(n=5855) [0.85-0.95]0.376(n=496) [0.95-1.00]0.387(n=29)
2026-04-29 19:56:19,904 - INFO - [render-loss] step=115400 kept 34/64 samples (t_value >= 0.50)
2026-04-29 19:58:15,011 - INFO - Step  115600 | Epoch 116 | MSE: 0.4617 | Steps/sec: 1.74 | LR: 8.11e-05 | Render_L1: 0.0219 | Alpha_L1: 0.0269 | Render_LPIPS: 0.1552 | cos(c,null): +0.2120 | GradNorm: 0.0487 | MSE/t: [0.00-0.50]0.529(n=6325) [0.50-0.85]0.399(n=5945) [0.85-0.95]0.354(n=511) [0.95-1.00]0.410(n=19)
2026-04-29 19:58:15,114 - INFO - [render-loss] step=115600 kept 40/64 samples (t_value >= 0.50)
2026-04-29 20:00:10,297 - INFO - Step  115800 | Epoch 116 | MSE: 0.4562 | Steps/sec: 1.73 | LR: 8.08e-05 | Render_L1: 0.0219 | Alpha_L1: 0.0270 | Render_LPIPS: 0.1538 | cos(c,null): +0.2120 | GradNorm: 0.0522 | MSE/t: [0.00-0.50]0.522(n=6439) [0.50-0.85]0.394(n=5842) [0.85-0.95]0.335(n=496) [0.95-1.00]0.424(n=23)
2026-04-29 20:00:10,399 - INFO - [render-loss] step=115800 kept 33/64 samples (t_value >= 0.50)
2026-04-29 20:02:05,338 - INFO - Step  116000 | Epoch 116 | MSE: 0.4623 | Steps/sec: 1.74 | LR: 8.05e-05 | Render_L1: 0.0223 | Alpha_L1: 0.0273 | Render_LPIPS: 0.1568 | cos(c,null): +0.2123 | GradNorm: 0.1773 | MSE/t: [0.00-0.50]0.525(n=6353) [0.50-0.85]0.405(n=5909) [0.85-0.95]0.349(n=521) [0.95-1.00]0.391(n=17)
2026-04-29 20:02:05,550 - INFO - [cond] cfg_signal=0.0768 (min=0.0447 max=0.1283, n=16) | class_signal=0.1004 (min=0.0653 max=0.1662, n=16) | pred_rms=0.6439
2026-04-29 20:02:13,996 - INFO - [validation] saved: output/jit_B8_20260429_042413/dit_validation/epoch_116_step_0116000_class060.png (class=60, sampler=heun, steps=100)
2026-04-29 20:02:15,221 - INFO - [overrides] applied from jit/configs/overrides.yaml: lr_scale=1.0 max_grad_norm=5.0 null_repel_weight=0.0 P_mean=0.0
2026-04-29 20:02:15,317 - INFO - [render-loss] step=116000 kept 34/64 samples (t_value >= 0.50)
2026-04-29 20:04:10,806 - INFO - Step  116200 | Epoch 116 | MSE: 0.4595 | Steps/sec: 1.60 | LR: 8.02e-05 | Render_L1: 0.0217 | Alpha_L1: 0.0269 | Render_LPIPS: 0.1544 | cos(c,null): +0.2129 | GradNorm: 0.0543 | MSE/t: [0.00-0.50]0.528(n=6333) [0.50-0.85]0.397(n=5947) [0.85-0.95]0.336(n=493) [0.95-1.00]0.351(n=27)
2026-04-29 20:04:10,908 - INFO - [render-loss] step=116200 kept 29/64 samples (t_value >= 0.50)
2026-04-29 20:06:06,172 - INFO - Step  116400 | Epoch 117 | MSE: 0.4607 | Steps/sec: 1.73 | LR: 7.99e-05 | Render_L1: 0.0218 | Alpha_L1: 0.0267 | Render_LPIPS: 0.1534 | cos(c,null): +0.2099 | GradNorm: 0.0565 | MSE/t: [0.00-0.50]0.529(n=6371) [0.50-0.85]0.397(n=5876) [0.85-0.95]0.351(n=534) [0.95-1.00]0.376(n=19)
2026-04-29 20:06:06,274 - INFO - [render-loss] step=116400 kept 30/64 samples (t_value >= 0.50)
2026-04-29 20:08:01,132 - INFO - Step  116600 | Epoch 117 | MSE: 0.4547 | Steps/sec: 1.74 | LR: 7.96e-05 | Render_L1: 0.0218 | Alpha_L1: 0.0269 | Render_LPIPS: 0.1542 | cos(c,null): +0.2108 | GradNorm: 0.0481 | MSE/t: [0.00-0.50]0.521(n=6371) [0.50-0.85]0.393(n=5907) [0.85-0.95]0.354(n=498) [0.95-1.00]0.330(n=24)
2026-04-29 20:08:01,232 - INFO - [render-loss] step=116600 kept 29/64 samples (t_value >= 0.50)
2026-04-29 20:09:56,393 - INFO - Step  116800 | Epoch 117 | MSE: 0.4624 | Steps/sec: 1.74 | LR: 7.93e-05 | Render_L1: 0.0219 | Alpha_L1: 0.0267 | Render_LPIPS: 0.1539 | cos(c,null): +0.2112 | GradNorm: 0.0550 | MSE/t: [0.00-0.50]0.527(n=6324) [0.50-0.85]0.404(n=5946) [0.85-0.95]0.347(n=504) [0.95-1.00]0.283(n=26)
2026-04-29 20:09:56,495 - INFO - [render-loss] step=116800 kept 34/64 samples (t_value >= 0.50)
2026-04-29 20:11:51,035 - INFO - Step  117000 | Epoch 117 | MSE: 0.4641 | Steps/sec: 1.74 | LR: 7.90e-05 | Render_L1: 0.0218 | Alpha_L1: 0.0270 | Render_LPIPS: 0.1541 | cos(c,null): +0.2104 | GradNorm: 0.0607 | MSE/t: [0.00-0.50]0.534(n=6432) [0.50-0.85]0.398(n=5853) [0.85-0.95]0.336(n=496) [0.95-1.00]0.385(n=19)
2026-04-29 20:11:51,247 - INFO - [cond] cfg_signal=0.0817 (min=0.0489 max=0.1398, n=16) | class_signal=0.1080 (min=0.0624 max=0.1759, n=16) | pred_rms=0.6569
2026-04-29 20:11:59,495 - INFO - [validation] saved: output/jit_B8_20260429_042413/dit_validation/epoch_117_step_0117000_class063.png (class=63, sampler=heun, steps=100)
2026-04-29 20:12:00,714 - INFO - [overrides] applied from jit/configs/overrides.yaml: lr_scale=1.0 max_grad_norm=5.0 null_repel_weight=0.0 P_mean=0.0
2026-04-29 20:12:00,810 - INFO - [render-loss] step=117000 kept 36/64 samples (t_value >= 0.50)
2026-04-29 20:13:55,837 - INFO - Step  117200 | Epoch 117 | MSE: 0.4573 | Steps/sec: 1.61 | LR: 7.88e-05 | Render_L1: 0.0220 | Alpha_L1: 0.0269 | Render_LPIPS: 0.1538 | cos(c,null): +0.2084 | GradNorm: 0.0514 | MSE/t: [0.00-0.50]0.522(n=6422) [0.50-0.85]0.397(n=5830) [0.85-0.95]0.332(n=532) [0.95-1.00]0.344(n=16)
2026-04-29 20:13:55,938 - INFO - [render-loss] step=117200 kept 32/64 samples (t_value >= 0.50)
2026-04-29 20:15:51,641 - INFO - Step  117400 | Epoch 118 | MSE: 0.4565 | Steps/sec: 1.73 | LR: 7.85e-05 | Render_L1: 0.0218 | Alpha_L1: 0.0271 | Render_LPIPS: 0.1546 | cos(c,null): +0.2073 | GradNorm: 0.0520 | MSE/t: [0.00-0.50]0.525(n=6383) [0.50-0.85]0.392(n=5880) [0.85-0.95]0.353(n=511) [0.95-1.00]0.370(n=26)
2026-04-29 20:15:51,742 - INFO - [render-loss] step=117400 kept 33/64 samples (t_value >= 0.50)
2026-04-29 20:17:46,597 - INFO - Step  117600 | Epoch 118 | MSE: 0.4566 | Steps/sec: 1.74 | LR: 7.82e-05 | Render_L1: 0.0222 | Alpha_L1: 0.0268 | Render_LPIPS: 0.1546 | cos(c,null): +0.2039 | GradNorm: 0.0497 | MSE/t: [0.00-0.50]0.520(n=6402) [0.50-0.85]0.397(n=5846) [0.85-0.95]0.351(n=535) [0.95-1.00]0.459(n=17)
2026-04-29 20:17:46,698 - INFO - [render-loss] step=117600 kept 34/64 samples (t_value >= 0.50)
2026-04-29 20:19:41,726 - INFO - Step  117800 | Epoch 118 | MSE: 0.4557 | Steps/sec: 1.74 | LR: 7.79e-05 | Render_L1: 0.0217 | Alpha_L1: 0.0271 | Render_LPIPS: 0.1532 | cos(c,null): +0.2050 | GradNorm: 0.0483 | MSE/t: [0.00-0.50]0.524(n=6387) [0.50-0.85]0.392(n=5891) [0.85-0.95]0.329(n=509) [0.95-1.00]0.457(n=13)
2026-04-29 20:19:41,828 - INFO - [render-loss] step=117800 kept 27/64 samples (t_value >= 0.50)
2026-04-29 20:21:36,951 - INFO - Step  118000 | Epoch 118 | MSE: 0.4594 | Steps/sec: 1.74 | LR: 7.76e-05 | Render_L1: 0.0217 | Alpha_L1: 0.0266 | Render_LPIPS: 0.1536 | cos(c,null): +0.2048 | GradNorm: 0.0486 | MSE/t: [0.00-0.50]0.520(n=6331) [0.50-0.85]0.403(n=5883) [0.85-0.95]0.369(n=562) [0.95-1.00]0.378(n=24)
2026-04-29 20:21:37,163 - INFO - [cond] cfg_signal=0.0802 (min=0.0416 max=0.1387, n=16) | class_signal=0.1041 (min=0.0567 max=0.1703, n=16) | pred_rms=0.6434
2026-04-29 20:21:45,260 - INFO - [validation] saved: output/jit_B8_20260429_042413/dit_validation/epoch_118_step_0118000_class068.png (class=68, sampler=heun, steps=100)
2026-04-29 20:21:46,935 - INFO - [overrides] applied from jit/configs/overrides.yaml: lr_scale=1.0 max_grad_norm=5.0 null_repel_weight=0.0 P_mean=0.0
2026-04-29 20:21:47,032 - INFO - [render-loss] step=118000 kept 27/64 samples (t_value >= 0.50)
2026-04-29 20:23:42,160 - INFO - Step  118200 | Epoch 118 | MSE: 0.4577 | Steps/sec: 1.60 | LR: 7.73e-05 | Render_L1: 0.0217 | Alpha_L1: 0.0266 | Render_LPIPS: 0.1531 | cos(c,null): +0.2057 | GradNorm: 0.0471 | MSE/t: [0.00-0.50]0.523(n=6373) [0.50-0.85]0.398(n=5874) [0.85-0.95]0.340(n=531) [0.95-1.00]0.306(n=22)
2026-04-29 20:23:42,262 - INFO - [render-loss] step=118200 kept 33/64 samples (t_value >= 0.50)
2026-04-29 20:25:37,833 - INFO - Step  118400 | Epoch 119 | MSE: 0.4590 | Steps/sec: 1.73 | LR: 7.70e-05 | Render_L1: 0.0218 | Alpha_L1: 0.0267 | Render_LPIPS: 0.1542 | cos(c,null): +0.2061 | GradNorm: 0.0483 | MSE/t: [0.00-0.50]0.527(n=6311) [0.50-0.85]0.397(n=5956) [0.85-0.95]0.350(n=518) [0.95-1.00]0.299(n=15)
2026-04-29 20:25:37,935 - INFO - [render-loss] step=118400 kept 29/64 samples (t_value >= 0.50)
2026-04-29 20:27:33,333 - INFO - Step  118600 | Epoch 119 | MSE: 0.4562 | Steps/sec: 1.73 | LR: 7.67e-05 | Render_L1: 0.0217 | Alpha_L1: 0.0266 | Render_LPIPS: 0.1531 | cos(c,null): +0.2063 | GradNorm: 0.0618 | MSE/t: [0.00-0.50]0.524(n=6350) [0.50-0.85]0.394(n=5934) [0.85-0.95]0.335(n=492) [0.95-1.00]0.324(n=24)
2026-04-29 20:27:33,434 - INFO - [render-loss] step=118600 kept 28/64 samples (t_value >= 0.50)
2026-04-29 20:29:28,644 - INFO - Step  118800 | Epoch 119 | MSE: 0.4578 | Steps/sec: 1.73 | LR: 7.64e-05 | Render_L1: 0.0218 | Alpha_L1: 0.0270 | Render_LPIPS: 0.1542 | cos(c,null): +0.2065 | GradNorm: 0.0459 | MSE/t: [0.00-0.50]0.524(n=6337) [0.50-0.85]0.397(n=5915) [0.85-0.95]0.353(n=529) [0.95-1.00]0.290(n=19)
2026-04-29 20:29:28,745 - INFO - [render-loss] step=118800 kept 42/64 samples (t_value >= 0.50)
2026-04-29 20:31:23,487 - INFO - Step  119000 | Epoch 119 | MSE: 0.4598 | Steps/sec: 1.74 | LR: 7.62e-05 | Render_L1: 0.0218 | Alpha_L1: 0.0269 | Render_LPIPS: 0.1534 | cos(c,null): +0.2066 | GradNorm: 0.0516 | MSE/t: [0.00-0.50]0.531(n=6399) [0.50-0.85]0.393(n=5868) [0.85-0.95]0.338(n=515) [0.95-1.00]0.324(n=18)
2026-04-29 20:31:23,698 - INFO - [cond] cfg_signal=0.0797 (min=0.0429 max=0.1449, n=16) | class_signal=0.1006 (min=0.0515 max=0.1638, n=16) | pred_rms=0.6454
2026-04-29 20:31:32,249 - INFO - [validation] saved: output/jit_B8_20260429_042413/dit_validation/epoch_119_step_0119000_class026.png (class=26, sampler=heun, steps=100)
2026-04-29 20:31:33,482 - INFO - [overrides] applied from jit/configs/overrides.yaml: lr_scale=1.0 max_grad_norm=5.0 null_repel_weight=0.0 P_mean=0.0
2026-04-29 20:31:33,578 - INFO - [render-loss] step=119000 kept 35/64 samples (t_value >= 0.50)
2026-04-29 20:33:28,879 - INFO - Step  119200 | Epoch 119 | MSE: 0.4565 | Steps/sec: 1.60 | LR: 7.59e-05 | Render_L1: 0.0218 | Alpha_L1: 0.0266 | Render_LPIPS: 0.1535 | cos(c,null): +0.2068 | GradNorm: 0.0528 | MSE/t: [0.00-0.50]0.526(n=6266) [0.50-0.85]0.395(n=5969) [0.85-0.95]0.336(n=541) [0.95-1.00]0.347(n=24)
2026-04-29 20:33:28,980 - INFO - [render-loss] step=119200 kept 32/64 samples (t_value >= 0.50)
2026-04-29 20:35:23,684 - INFO - Step  119400 | Epoch 120 | MSE: 0.4567 | Steps/sec: 1.74 | LR: 7.56e-05 | Render_L1: 0.0216 | Alpha_L1: 0.0266 | Render_LPIPS: 0.1524 | cos(c,null): +0.2062 | GradNorm: 0.0484 | MSE/t: [0.00-0.50]0.522(n=6481) [0.50-0.85]0.394(n=5821) [0.85-0.95]0.343(n=473) [0.95-1.00]0.378(n=25)
2026-04-29 20:35:23,785 - INFO - [render-loss] step=119400 kept 26/64 samples (t_value >= 0.50)
2026-04-29 20:37:18,572 - INFO - Step  119600 | Epoch 120 | MSE: 0.4587 | Steps/sec: 1.74 | LR: 7.53e-05 | Render_L1: 0.0219 | Alpha_L1: 0.0270 | Render_LPIPS: 0.1548 | cos(c,null): +0.2068 | GradNorm: 0.0513 | MSE/t: [0.00-0.50]0.528(n=6505) [0.50-0.85]0.391(n=5775) [0.85-0.95]0.336(n=503) [0.95-1.00]0.489(n=17)
2026-04-29 20:37:18,674 - INFO - [render-loss] step=119600 kept 28/64 samples (t_value >= 0.50)
2026-04-29 20:39:14,182 - INFO - Step  119800 | Epoch 120 | MSE: 0.4563 | Steps/sec: 1.73 | LR: 7.50e-05 | Render_L1: 0.0213 | Alpha_L1: 0.0264 | Render_LPIPS: 0.1527 | cos(c,null): +0.2074 | GradNorm: 0.0529 | MSE/t: [0.00-0.50]0.524(n=6498) [0.50-0.85]0.392(n=5750) [0.85-0.95]0.334(n=530) [0.95-1.00]0.261(n=22)
2026-04-29 20:39:14,283 - INFO - [render-loss] step=119800 kept 34/64 samples (t_value >= 0.50)
2026-04-29 20:41:09,389 - INFO - Step  120000 | Epoch 120 | MSE: 0.4556 | Steps/sec: 1.74 | LR: 7.47e-05 | Render_L1: 0.0217 | Alpha_L1: 0.0268 | Render_LPIPS: 0.1529 | cos(c,null): +0.2073 | GradNorm: 0.0487 | MSE/t: [0.00-0.50]0.527(n=6336) [0.50-0.85]0.389(n=5913) [0.85-0.95]0.348(n=531) [0.95-1.00]0.345(n=20)
2026-04-29 20:41:09,596 - INFO - [cond] cfg_signal=0.0792 (min=0.0412 max=0.1398, n=16) | class_signal=0.1006 (min=0.0530 max=0.1676, n=16) | pred_rms=0.6604
2026-04-29 20:41:11,710 - INFO - Saved checkpoint to output/jit_B8_20260429_042413/0120000.pt
2026-04-29 20:41:11,916 - INFO - [cond] cfg_signal=0.0792 (min=0.0412 max=0.1398, n=16) | class_signal=0.1006 (min=0.0530 max=0.1676, n=16) | pred_rms=0.6604
2026-04-29 20:41:20,089 - INFO - [validation] saved: output/jit_B8_20260429_042413/dit_validation/epoch_120_step_0120000_class067.png (class=67, sampler=heun, steps=100)
2026-04-29 20:41:21,308 - INFO - [overrides] applied from jit/configs/overrides.yaml: lr_scale=1.0 max_grad_norm=5.0 null_repel_weight=0.0 P_mean=0.0
2026-04-29 20:41:21,405 - INFO - [render-loss] step=120000 kept 30/64 samples (t_value >= 0.50)
2026-04-29 20:43:16,380 - INFO - Step  120200 | Epoch 120 | MSE: 0.4582 | Steps/sec: 1.58 | LR: 7.44e-05 | Render_L1: 0.0214 | Alpha_L1: 0.0266 | Render_LPIPS: 0.1518 | cos(c,null): +0.2069 | GradNorm: 0.0485 | MSE/t: [0.00-0.50]0.524(n=6432) [0.50-0.85]0.397(n=5837) [0.85-0.95]0.329(n=510) [0.95-1.00]0.413(n=21)
2026-04-29 20:43:16,481 - INFO - [render-loss] step=120200 kept 33/64 samples (t_value >= 0.50)
2026-04-29 20:45:11,607 - INFO - Step  120400 | Epoch 121 | MSE: 0.4577 | Steps/sec: 1.74 | LR: 7.42e-05 | Render_L1: 0.0217 | Alpha_L1: 0.0267 | Render_LPIPS: 0.1532 | cos(c,null): +0.2076 | GradNorm: 0.0489 | MSE/t: [0.00-0.50]0.521(n=6528) [0.50-0.85]0.396(n=5774) [0.85-0.95]0.346(n=478) [0.95-1.00]0.458(n=20)
2026-04-29 20:45:11,709 - INFO - [render-loss] step=120400 kept 32/64 samples (t_value >= 0.50)
2026-04-29 20:47:06,553 - INFO - Step  120600 | Epoch 121 | MSE: 0.4550 | Steps/sec: 1.74 | LR: 7.39e-05 | Render_L1: 0.0216 | Alpha_L1: 0.0264 | Render_LPIPS: 0.1521 | cos(c,null): +0.2069 | GradNorm: 0.0540 | MSE/t: [0.00-0.50]0.525(n=6436) [0.50-0.85]0.388(n=5851) [0.85-0.95]0.336(n=494) [0.95-1.00]0.330(n=19)
2026-04-29 20:47:06,654 - INFO - [render-loss] step=120600 kept 33/64 samples (t_value >= 0.50)
2026-04-29 20:49:01,375 - INFO - Step  120800 | Epoch 121 | MSE: 0.4604 | Steps/sec: 1.74 | LR: 7.36e-05 | Render_L1: 0.0215 | Alpha_L1: 0.0267 | Render_LPIPS: 0.1528 | cos(c,null): +0.2038 | GradNorm: 0.3494 | MSE/t: [0.00-0.50]0.527(n=6427) [0.50-0.85]0.396(n=5870) [0.85-0.95]0.365(n=478) [0.95-1.00]0.378(n=25)
2026-04-29 20:49:01,476 - INFO - [render-loss] step=120800 kept 36/64 samples (t_value >= 0.50)
2026-04-29 20:50:56,853 - INFO - Step  121000 | Epoch 121 | MSE: 0.4562 | Steps/sec: 1.73 | LR: 7.33e-05 | Render_L1: 0.0217 | Alpha_L1: 0.0268 | Render_LPIPS: 0.1534 | cos(c,null): +0.2004 | GradNorm: 0.0526 | MSE/t: [0.00-0.50]0.527(n=6337) [0.50-0.85]0.390(n=5924) [0.85-0.95]0.347(n=519) [0.95-1.00]0.351(n=20)
2026-04-29 20:50:57,063 - INFO - [cond] cfg_signal=0.0807 (min=0.0455 max=0.1340, n=16) | class_signal=0.1031 (min=0.0541 max=0.1701, n=16) | pred_rms=0.6408
2026-04-29 20:51:05,347 - INFO - [validation] saved: output/jit_B8_20260429_042413/dit_validation/epoch_121_step_0121000_class035.png (class=35, sampler=heun, steps=100)
2026-04-29 20:51:06,583 - INFO - [overrides] applied from jit/configs/overrides.yaml: lr_scale=1.0 max_grad_norm=5.0 null_repel_weight=0.0 P_mean=0.0
2026-04-29 20:51:06,681 - INFO - [render-loss] step=121000 kept 32/64 samples (t_value >= 0.50)
2026-04-29 20:53:01,563 - INFO - Step  121200 | Epoch 121 | MSE: 0.4609 | Steps/sec: 1.61 | LR: 7.30e-05 | Render_L1: 0.0218 | Alpha_L1: 0.0269 | Render_LPIPS: 0.1544 | cos(c,null): +0.2009 | GradNorm: 0.0488 | MSE/t: [0.00-0.50]0.526(n=6415) [0.50-0.85]0.400(n=5851) [0.85-0.95]0.347(n=502) [0.95-1.00]0.346(n=32)
2026-04-29 20:53:01,665 - INFO - [render-loss] step=121200 kept 31/64 samples (t_value >= 0.50)
2026-04-29 20:54:56,714 - INFO - Step  121400 | Epoch 122 | MSE: 0.4627 | Steps/sec: 1.74 | LR: 7.27e-05 | Render_L1: 0.0218 | Alpha_L1: 0.0264 | Render_LPIPS: 0.1537 | cos(c,null): +0.2000 | GradNorm: 0.0508 | MSE/t: [0.00-0.50]0.533(n=6408) [0.50-0.85]0.397(n=5832) [0.85-0.95]0.348(n=540) [0.95-1.00]0.353(n=20)
2026-04-29 20:54:56,815 - INFO - [render-loss] step=121400 kept 35/64 samples (t_value >= 0.50)
2026-04-29 20:56:51,811 - INFO - Step  121600 | Epoch 122 | MSE: 0.4580 | Steps/sec: 1.74 | LR: 7.25e-05 | Render_L1: 0.0214 | Alpha_L1: 0.0265 | Render_LPIPS: 0.1518 | cos(c,null): +0.2007 | GradNorm: 0.0473 | MSE/t: [0.00-0.50]0.529(n=6372) [0.50-0.85]0.392(n=5871) [0.85-0.95]0.346(n=539) [0.95-1.00]0.334(n=18)
2026-04-29 20:56:51,913 - INFO - [render-loss] step=121600 kept 32/64 samples (t_value >= 0.50)
2026-04-29 20:58:47,183 - INFO - Step  121800 | Epoch 122 | MSE: 0.4587 | Steps/sec: 1.73 | LR: 7.22e-05 | Render_L1: 0.0218 | Alpha_L1: 0.0267 | Render_LPIPS: 0.1530 | cos(c,null): +0.2014 | GradNorm: 0.0502 | MSE/t: [0.00-0.50]0.524(n=6328) [0.50-0.85]0.399(n=5931) [0.85-0.95]0.345(n=522) [0.95-1.00]0.280(n=19)
2026-04-29 20:58:47,284 - INFO - [render-loss] step=121800 kept 27/64 samples (t_value >= 0.50)
2026-04-29 21:00:42,242 - INFO - Step  122000 | Epoch 122 | MSE: 0.4547 | Steps/sec: 1.74 | LR: 7.19e-05 | Render_L1: 0.0216 | Alpha_L1: 0.0263 | Render_LPIPS: 0.1525 | cos(c,null): +0.2012 | GradNorm: 0.0460 | MSE/t: [0.00-0.50]0.521(n=6368) [0.50-0.85]0.392(n=5907) [0.85-0.95]0.351(n=502) [0.95-1.00]0.316(n=23)
2026-04-29 21:00:42,452 - INFO - [cond] cfg_signal=0.0791 (min=0.0394 max=0.1350, n=16) | class_signal=0.1019 (min=0.0543 max=0.1695, n=16) | pred_rms=0.6537
2026-04-29 21:00:50,687 - INFO - [validation] saved: output/jit_B8_20260429_042413/dit_validation/epoch_122_step_0122000_class076.png (class=76, sampler=heun, steps=100)
2026-04-29 21:00:51,915 - INFO - [overrides] applied from jit/configs/overrides.yaml: lr_scale=1.0 max_grad_norm=5.0 null_repel_weight=0.0 P_mean=0.0
2026-04-29 21:00:52,011 - INFO - [render-loss] step=122000 kept 31/64 samples (t_value >= 0.50)
2026-04-29 21:02:47,332 - INFO - Step  122200 | Epoch 122 | MSE: 0.4576 | Steps/sec: 1.60 | LR: 7.16e-05 | Render_L1: 0.0216 | Alpha_L1: 0.0264 | Render_LPIPS: 0.1534 | cos(c,null): +0.2017 | GradNorm: 0.0524 | MSE/t: [0.00-0.50]0.529(n=6330) [0.50-0.85]0.393(n=5918) [0.85-0.95]0.336(n=529) [0.95-1.00]0.348(n=23)
2026-04-29 21:02:47,434 - INFO - [render-loss] step=122200 kept 40/64 samples (t_value >= 0.50)
2026-04-29 21:04:43,160 - INFO - Step  122400 | Epoch 123 | MSE: 0.4578 | Steps/sec: 1.73 | LR: 7.13e-05 | Render_L1: 0.0216 | Alpha_L1: 0.0266 | Render_LPIPS: 0.1523 | cos(c,null): +0.2018 | GradNorm: 0.0508 | MSE/t: [0.00-0.50]0.529(n=6372) [0.50-0.85]0.392(n=5887) [0.85-0.95]0.343(n=505) [0.95-1.00]0.298(n=36)
2026-04-29 21:04:43,262 - INFO - [render-loss] step=122400 kept 39/64 samples (t_value >= 0.50)
2026-04-29 21:06:38,918 - INFO - Step  122600 | Epoch 123 | MSE: 0.4597 | Steps/sec: 1.73 | LR: 7.10e-05 | Render_L1: 0.0217 | Alpha_L1: 0.0262 | Render_LPIPS: 0.1521 | cos(c,null): +0.2022 | GradNorm: 0.0486 | MSE/t: [0.00-0.50]0.532(n=6340) [0.50-0.85]0.393(n=5944) [0.85-0.95]0.346(n=495) [0.95-1.00]0.338(n=21)
2026-04-29 21:06:39,019 - INFO - [render-loss] step=122600 kept 31/64 samples (t_value >= 0.50)
2026-04-29 21:08:33,693 - INFO - Step  122800 | Epoch 123 | MSE: 0.4555 | Steps/sec: 1.74 | LR: 7.08e-05 | Render_L1: 0.0214 | Alpha_L1: 0.0262 | Render_LPIPS: 0.1513 | cos(c,null): +0.2033 | GradNorm: 0.0557 | MSE/t: [0.00-0.50]0.523(n=6441) [0.50-0.85]0.391(n=5815) [0.85-0.95]0.350(n=529) [0.95-1.00]0.378(n=15)
2026-04-29 21:08:33,795 - INFO - [render-loss] step=122800 kept 36/64 samples (t_value >= 0.50)
2026-04-29 21:10:28,699 - INFO - Step  123000 | Epoch 123 | MSE: 0.4568 | Steps/sec: 1.74 | LR: 7.05e-05 | Render_L1: 0.0217 | Alpha_L1: 0.0265 | Render_LPIPS: 0.1525 | cos(c,null): +0.2040 | GradNorm: 0.0490 | MSE/t: [0.00-0.50]0.525(n=6366) [0.50-0.85]0.391(n=5917) [0.85-0.95]0.369(n=496) [0.95-1.00]0.252(n=21)
2026-04-29 21:10:28,909 - INFO - [cond] cfg_signal=0.0799 (min=0.0389 max=0.1368, n=16) | class_signal=0.1049 (min=0.0563 max=0.1781, n=16) | pred_rms=0.6572
2026-04-29 21:10:37,154 - INFO - [validation] saved: output/jit_B8_20260429_042413/dit_validation/epoch_123_step_0123000_class092.png (class=92, sampler=heun, steps=100)
2026-04-29 21:10:38,389 - INFO - [overrides] applied from jit/configs/overrides.yaml: lr_scale=1.0 max_grad_norm=5.0 null_repel_weight=0.0 P_mean=0.0
2026-04-29 21:10:38,486 - INFO - [render-loss] step=123000 kept 29/64 samples (t_value >= 0.50)
2026-04-29 21:12:33,464 - INFO - Step  123200 | Epoch 123 | MSE: 0.4665 | Steps/sec: 1.61 | LR: 7.02e-05 | Render_L1: 0.0216 | Alpha_L1: 0.0265 | Render_LPIPS: 0.1528 | cos(c,null): +0.2037 | GradNorm: 0.0522 | MSE/t: [0.00-0.50]0.541(n=6459) [0.50-0.85]0.395(n=5779) [0.85-0.95]0.346(n=537) [0.95-1.00]0.321(n=25)
2026-04-29 21:12:33,565 - INFO - [render-loss] step=123200 kept 33/64 samples (t_value >= 0.50)
2026-04-29 21:14:28,483 - INFO - Step  123400 | Epoch 124 | MSE: 0.4603 | Steps/sec: 1.74 | LR: 6.99e-05 | Render_L1: 0.0218 | Alpha_L1: 0.0263 | Render_LPIPS: 0.1534 | cos(c,null): +0.2036 | GradNorm: 0.0481 | MSE/t: [0.00-0.50]0.525(n=6418) [0.50-0.85]0.399(n=5849) [0.85-0.95]0.361(n=512) [0.95-1.00]0.322(n=21)
2026-04-29 21:14:28,585 - INFO - [render-loss] step=123400 kept 30/64 samples (t_value >= 0.50)
2026-04-29 21:16:23,662 - INFO - Step  123600 | Epoch 124 | MSE: 0.4588 | Steps/sec: 1.74 | LR: 6.96e-05 | Render_L1: 0.0217 | Alpha_L1: 0.0268 | Render_LPIPS: 0.1529 | cos(c,null): +0.2034 | GradNorm: 0.0515 | MSE/t: [0.00-0.50]0.532(n=6299) [0.50-0.85]0.392(n=5976) [0.85-0.95]0.336(n=506) [0.95-1.00]0.433(n=19)
2026-04-29 21:16:23,764 - INFO - [render-loss] step=123600 kept 32/64 samples (t_value >= 0.50)
2026-04-29 21:18:18,791 - INFO - Step  123800 | Epoch 124 | MSE: 0.4566 | Steps/sec: 1.74 | LR: 6.94e-05 | Render_L1: 0.0218 | Alpha_L1: 0.0266 | Render_LPIPS: 0.1532 | cos(c,null): +0.2036 | GradNorm: 0.0533 | MSE/t: [0.00-0.50]0.520(n=6361) [0.50-0.85]0.397(n=5878) [0.85-0.95]0.358(n=533) [0.95-1.00]0.329(n=28)
2026-04-29 21:18:18,892 - INFO - [render-loss] step=123800 kept 29/64 samples (t_value >= 0.50)
2026-04-29 21:20:14,257 - INFO - Step  124000 | Epoch 124 | MSE: 0.4620 | Steps/sec: 1.73 | LR: 6.91e-05 | Render_L1: 0.0218 | Alpha_L1: 0.0267 | Render_LPIPS: 0.1538 | cos(c,null): +0.2036 | GradNorm: 0.0518 | MSE/t: [0.00-0.50]0.529(n=6411) [0.50-0.85]0.398(n=5878) [0.85-0.95]0.344(n=478) [0.95-1.00]0.437(n=33)
2026-04-29 21:20:14,465 - INFO - [cond] cfg_signal=0.0799 (min=0.0427 max=0.1430, n=16) | class_signal=0.1050 (min=0.0556 max=0.1793, n=16) | pred_rms=0.6483
2026-04-29 21:20:22,695 - INFO - [validation] saved: output/jit_B8_20260429_042413/dit_validation/epoch_124_step_0124000_class046.png (class=46, sampler=heun, steps=100)
2026-04-29 21:20:23,923 - INFO - [overrides] applied from jit/configs/overrides.yaml: lr_scale=1.0 max_grad_norm=5.0 null_repel_weight=0.0 P_mean=0.0
2026-04-29 21:20:24,020 - INFO - [render-loss] step=124000 kept 34/64 samples (t_value >= 0.50)
2026-04-29 21:22:18,827 - INFO - Step  124200 | Epoch 124 | MSE: 0.4627 | Steps/sec: 1.61 | LR: 6.88e-05 | Render_L1: 0.0217 | Alpha_L1: 0.0265 | Render_LPIPS: 0.1525 | cos(c,null): +0.2041 | GradNorm: 0.0487 | MSE/t: [0.00-0.50]0.534(n=6402) [0.50-0.85]0.396(n=5842) [0.85-0.95]0.351(n=545) [0.95-1.00]0.234(n=11)
2026-04-29 21:22:18,930 - INFO - [render-loss] step=124200 kept 40/64 samples (t_value >= 0.50)
2026-04-29 21:24:14,298 - INFO - Step  124400 | Epoch 125 | MSE: 0.4629 | Steps/sec: 1.73 | LR: 6.85e-05 | Render_L1: 0.0218 | Alpha_L1: 0.0268 | Render_LPIPS: 0.1536 | cos(c,null): +0.2050 | GradNorm: 0.0484 | MSE/t: [0.00-0.50]0.530(n=6392) [0.50-0.85]0.400(n=5869) [0.85-0.95]0.349(n=524) [0.95-1.00]0.305(n=15)
2026-04-29 21:24:14,400 - INFO - [render-loss] step=124400 kept 28/64 samples (t_value >= 0.50)
2026-04-29 21:26:09,109 - INFO - Step  124600 | Epoch 125 | MSE: 0.4586 | Steps/sec: 1.74 | LR: 6.82e-05 | Render_L1: 0.0216 | Alpha_L1: 0.0266 | Render_LPIPS: 0.1526 | cos(c,null): +0.2058 | GradNorm: 0.0469 | MSE/t: [0.00-0.50]0.525(n=6415) [0.50-0.85]0.395(n=5861) [0.85-0.95]0.358(n=503) [0.95-1.00]0.314(n=21)
2026-04-29 21:26:09,210 - INFO - [render-loss] step=124600 kept 29/64 samples (t_value >= 0.50)
2026-04-29 21:28:04,507 - INFO - Step  124800 | Epoch 125 | MSE: 0.4611 | Steps/sec: 1.73 | LR: 6.80e-05 | Render_L1: 0.0216 | Alpha_L1: 0.0266 | Render_LPIPS: 0.1530 | cos(c,null): +0.2067 | GradNorm: 0.0478 | MSE/t: [0.00-0.50]0.529(n=6359) [0.50-0.85]0.398(n=5911) [0.85-0.95]0.354(n=508) [0.95-1.00]0.375(n=22)
2026-04-29 21:28:04,608 - INFO - [render-loss] step=124800 kept 29/64 samples (t_value >= 0.50)
2026-04-29 21:30:00,337 - INFO - Step  125000 | Epoch 125 | MSE: 0.4614 | Steps/sec: 1.73 | LR: 6.77e-05 | Render_L1: 0.0219 | Alpha_L1: 0.0267 | Render_LPIPS: 0.1540 | cos(c,null): +0.2075 | GradNorm: 0.0473 | MSE/t: [0.00-0.50]0.531(n=6400) [0.50-0.85]0.395(n=5854) [0.85-0.95]0.354(n=516) [0.95-1.00]0.305(n=30)
2026-04-29 21:30:00,546 - INFO - [cond] cfg_signal=0.0784 (min=0.0393 max=0.1285, n=16) | class_signal=0.1024 (min=0.0566 max=0.1715, n=16) | pred_rms=0.6442
2026-04-29 21:30:08,754 - INFO - [validation] saved: output/jit_B8_20260429_042413/dit_validation/epoch_125_step_0125000_class093.png (class=93, sampler=heun, steps=100)
2026-04-29 21:30:09,990 - INFO - [overrides] applied from jit/configs/overrides.yaml: lr_scale=1.0 max_grad_norm=5.0 null_repel_weight=0.0 P_mean=0.0
2026-04-29 21:30:10,087 - INFO - [render-loss] step=125000 kept 35/64 samples (t_value >= 0.50)
2026-04-29 21:32:05,597 - INFO - Step  125200 | Epoch 125 | MSE: 0.4620 | Steps/sec: 1.60 | LR: 6.74e-05 | Render_L1: 0.0218 | Alpha_L1: 0.0265 | Render_LPIPS: 0.1535 | cos(c,null): +0.2074 | GradNorm: 0.0507 | MSE/t: [0.00-0.50]0.527(n=6344) [0.50-0.85]0.403(n=5912) [0.85-0.95]0.341(n=517) [0.95-1.00]0.401(n=27)
2026-04-29 21:32:05,698 - INFO - [render-loss] step=125200 kept 33/64 samples (t_value >= 0.50)
2026-04-29 21:34:00,794 - INFO - Step  125400 | Epoch 126 | MSE: 0.4652 | Steps/sec: 1.74 | LR: 6.71e-05 | Render_L1: 0.0218 | Alpha_L1: 0.0265 | Render_LPIPS: 0.1528 | cos(c,null): +0.2075 | GradNorm: 0.0506 | MSE/t: [0.00-0.50]0.536(n=6460) [0.50-0.85]0.397(n=5810) [0.85-0.95]0.351(n=517) [0.95-1.00]0.496(n=13)
2026-04-29 21:34:00,896 - INFO - [render-loss] step=125400 kept 38/64 samples (t_value >= 0.50)
2026-04-29 21:35:55,781 - INFO - Step  125600 | Epoch 126 | MSE: 0.4552 | Steps/sec: 1.74 | LR: 6.69e-05 | Render_L1: 0.0216 | Alpha_L1: 0.0264 | Render_LPIPS: 0.1517 | cos(c,null): +0.2089 | GradNorm: 0.0726 | MSE/t: [0.00-0.50]0.523(n=6374) [0.50-0.85]0.392(n=5912) [0.85-0.95]0.333(n=497) [0.95-1.00]0.419(n=17)
2026-04-29 21:35:55,882 - INFO - [render-loss] step=125600 kept 27/64 samples (t_value >= 0.50)
2026-04-29 21:37:51,163 - INFO - Step  125800 | Epoch 126 | MSE: 0.4582 | Steps/sec: 1.73 | LR: 6.66e-05 | Render_L1: 0.0218 | Alpha_L1: 0.0264 | Render_LPIPS: 0.1532 | cos(c,null): +0.2094 | GradNorm: 0.0482 | MSE/t: [0.00-0.50]0.529(n=6310) [0.50-0.85]0.395(n=5931) [0.85-0.95]0.333(n=535) [0.95-1.00]0.241(n=24)
2026-04-29 21:37:51,264 - INFO - [render-loss] step=125800 kept 28/64 samples (t_value >= 0.50)
2026-04-29 21:39:46,498 - INFO - Step  126000 | Epoch 126 | MSE: 0.4613 | Steps/sec: 1.73 | LR: 6.63e-05 | Render_L1: 0.0218 | Alpha_L1: 0.0268 | Render_LPIPS: 0.1529 | cos(c,null): +0.2074 | GradNorm: 0.0486 | MSE/t: [0.00-0.50]0.530(n=6379) [0.50-0.85]0.399(n=5881) [0.85-0.95]0.328(n=524) [0.95-1.00]0.264(n=16)
2026-04-29 21:39:46,708 - INFO - [cond] cfg_signal=0.0795 (min=0.0392 max=0.1402, n=16) | class_signal=0.1034 (min=0.0564 max=0.1733, n=16) | pred_rms=0.6575
2026-04-29 21:39:54,971 - INFO - [validation] saved: output/jit_B8_20260429_042413/dit_validation/epoch_126_step_0126000_class073.png (class=73, sampler=heun, steps=100)
2026-04-29 21:39:56,206 - INFO - [overrides] applied from jit/configs/overrides.yaml: lr_scale=1.0 max_grad_norm=5.0 null_repel_weight=0.0 P_mean=0.0
2026-04-29 21:39:56,303 - INFO - [render-loss] step=126000 kept 30/64 samples (t_value >= 0.50)
2026-04-29 21:41:51,481 - INFO - Step  126200 | Epoch 126 | MSE: 0.4560 | Steps/sec: 1.60 | LR: 6.60e-05 | Render_L1: 0.0214 | Alpha_L1: 0.0261 | Render_LPIPS: 0.1511 | cos(c,null): +0.2063 | GradNorm: 0.0466 | MSE/t: [0.00-0.50]0.524(n=6393) [0.50-0.85]0.392(n=5895) [0.85-0.95]0.340(n=492) [0.95-1.00]0.306(n=20)
2026-04-29 21:41:51,583 - INFO - [render-loss] step=126200 kept 34/64 samples (t_value >= 0.50)
2026-04-29 21:43:46,586 - INFO - Step  126400 | Epoch 127 | MSE: 0.4634 | Steps/sec: 1.74 | LR: 6.58e-05 | Render_L1: 0.0216 | Alpha_L1: 0.0263 | Render_LPIPS: 0.1525 | cos(c,null): +0.2057 | GradNorm: 0.0482 | MSE/t: [0.00-0.50]0.533(n=6508) [0.50-0.85]0.396(n=5767) [0.85-0.95]0.337(n=497) [0.95-1.00]0.410(n=28)
2026-04-29 21:43:46,687 - INFO - [render-loss] step=126400 kept 33/64 samples (t_value >= 0.50)
2026-04-29 21:45:41,758 - INFO - Step  126600 | Epoch 127 | MSE: 0.4598 | Steps/sec: 1.74 | LR: 6.55e-05 | Render_L1: 0.0212 | Alpha_L1: 0.0263 | Render_LPIPS: 0.1507 | cos(c,null): +0.2060 | GradNorm: 0.0484 | MSE/t: [0.00-0.50]0.529(n=6422) [0.50-0.85]0.394(n=5829) [0.85-0.95]0.335(n=531) [0.95-1.00]0.483(n=18)
2026-04-29 21:45:41,860 - INFO - [render-loss] step=126600 kept 35/64 samples (t_value >= 0.50)
2026-04-29 21:47:37,170 - INFO - Step  126800 | Epoch 127 | MSE: 0.4626 | Steps/sec: 1.73 | LR: 6.52e-05 | Render_L1: 0.0214 | Alpha_L1: 0.0265 | Render_LPIPS: 0.1518 | cos(c,null): +0.2072 | GradNorm: 0.0473 | MSE/t: [0.00-0.50]0.534(n=6359) [0.50-0.85]0.396(n=5889) [0.85-0.95]0.356(n=529) [0.95-1.00]0.355(n=23)
2026-04-29 21:47:37,271 - INFO - [render-loss] step=126800 kept 36/64 samples (t_value >= 0.50)
2026-04-29 21:49:32,135 - INFO - Step  127000 | Epoch 127 | MSE: 0.4546 | Steps/sec: 1.74 | LR: 6.49e-05 | Render_L1: 0.0213 | Alpha_L1: 0.0263 | Render_LPIPS: 0.1509 | cos(c,null): +0.2069 | GradNorm: 0.0488 | MSE/t: [0.00-0.50]0.529(n=6434) [0.50-0.85]0.383(n=5903) [0.85-0.95]0.326(n=445) [0.95-1.00]0.284(n=18)
2026-04-29 21:49:32,345 - INFO - [cond] cfg_signal=0.0817 (min=0.0417 max=0.1474, n=16) | class_signal=0.1030 (min=0.0599 max=0.1742, n=16) | pred_rms=0.6454
2026-04-29 21:49:40,609 - INFO - [validation] saved: output/jit_B8_20260429_042413/dit_validation/epoch_127_step_0127000_class009.png (class=9, sampler=heun, steps=100)
2026-04-29 21:49:42,297 - INFO - [overrides] applied from jit/configs/overrides.yaml: lr_scale=1.0 max_grad_norm=5.0 null_repel_weight=0.0 P_mean=0.0
2026-04-29 21:49:42,394 - INFO - [render-loss] step=127000 kept 31/64 samples (t_value >= 0.50)
2026-04-29 21:51:37,557 - INFO - Step  127200 | Epoch 127 | MSE: 0.4654 | Steps/sec: 1.60 | LR: 6.47e-05 | Render_L1: 0.0217 | Alpha_L1: 0.0266 | Render_LPIPS: 0.1521 | cos(c,null): +0.2065 | GradNorm: 0.0481 | MSE/t: [0.00-0.50]0.539(n=6367) [0.50-0.85]0.397(n=5892) [0.85-0.95]0.339(n=514) [0.95-1.00]0.345(n=27)
2026-04-29 21:51:37,659 - INFO - [render-loss] step=127200 kept 33/64 samples (t_value >= 0.50)
2026-04-29 21:53:33,064 - INFO - Step  127400 | Epoch 128 | MSE: 0.4596 | Steps/sec: 1.73 | LR: 6.44e-05 | Render_L1: 0.0215 | Alpha_L1: 0.0266 | Render_LPIPS: 0.1521 | cos(c,null): +0.2060 | GradNorm: 0.0546 | MSE/t: [0.00-0.50]0.532(n=6360) [0.50-0.85]0.392(n=5876) [0.85-0.95]0.349(n=541) [0.95-1.00]0.442(n=23)
2026-04-29 21:53:33,165 - INFO - [render-loss] step=127400 kept 28/64 samples (t_value >= 0.50)
2026-04-29 21:55:28,945 - INFO - Step  127600 | Epoch 128 | MSE: 0.4623 | Steps/sec: 1.73 | LR: 6.41e-05 | Render_L1: 0.0216 | Alpha_L1: 0.0270 | Render_LPIPS: 0.1528 | cos(c,null): +0.2074 | GradNorm: 0.0704 | MSE/t: [0.00-0.50]0.532(n=6304) [0.50-0.85]0.401(n=5940) [0.85-0.95]0.337(n=537) [0.95-1.00]0.311(n=19)
2026-04-29 21:55:29,047 - INFO - [render-loss] step=127600 kept 28/64 samples (t_value >= 0.50)
2026-04-29 21:57:24,254 - INFO - Step  127800 | Epoch 128 | MSE: 0.4583 | Steps/sec: 1.73 | LR: 6.38e-05 | Render_L1: 0.0215 | Alpha_L1: 0.0261 | Render_LPIPS: 0.1522 | cos(c,null): +0.2077 | GradNorm: 0.0476 | MSE/t: [0.00-0.50]0.525(n=6429) [0.50-0.85]0.394(n=5838) [0.85-0.95]0.360(n=508) [0.95-1.00]0.333(n=25)
2026-04-29 21:57:24,356 - INFO - [render-loss] step=127800 kept 38/64 samples (t_value >= 0.50)
2026-04-29 21:59:19,131 - INFO - Step  128000 | Epoch 128 | MSE: 0.4594 | Steps/sec: 1.74 | LR: 6.36e-05 | Render_L1: 0.0216 | Alpha_L1: 0.0262 | Render_LPIPS: 0.1521 | cos(c,null): +0.2071 | GradNorm: 0.0470 | MSE/t: [0.00-0.50]0.525(n=6528) [0.50-0.85]0.396(n=5766) [0.85-0.95]0.335(n=493) [0.95-1.00]0.278(n=13)
2026-04-29 21:59:19,339 - INFO - [cond] cfg_signal=0.0804 (min=0.0445 max=0.1416, n=16) | class_signal=0.1045 (min=0.0546 max=0.1777, n=16) | pred_rms=0.6506
2026-04-29 21:59:27,613 - INFO - [validation] saved: output/jit_B8_20260429_042413/dit_validation/epoch_128_step_0128000_class091.png (class=91, sampler=heun, steps=100)
2026-04-29 21:59:28,850 - INFO - [overrides] applied from jit/configs/overrides.yaml: lr_scale=1.0 max_grad_norm=5.0 null_repel_weight=0.0 P_mean=0.0
2026-04-29 21:59:28,946 - INFO - [render-loss] step=128000 kept 29/64 samples (t_value >= 0.50)
2026-04-29 22:01:24,071 - INFO - Step  128200 | Epoch 128 | MSE: 0.4608 | Steps/sec: 1.60 | LR: 6.33e-05 | Render_L1: 0.0219 | Alpha_L1: 0.0266 | Render_LPIPS: 0.1536 | cos(c,null): +0.2065 | GradNorm: 0.0477 | MSE/t: [0.00-0.50]0.525(n=6361) [0.50-0.85]0.401(n=5934) [0.85-0.95]0.350(n=482) [0.95-1.00]0.463(n=23)
2026-04-29 22:01:24,173 - INFO - [render-loss] step=128200 kept 34/64 samples (t_value >= 0.50)
2026-04-29 22:03:19,149 - INFO - Step  128400 | Epoch 129 | MSE: 0.4602 | Steps/sec: 1.74 | LR: 6.30e-05 | Render_L1: 0.0216 | Alpha_L1: 0.0262 | Render_LPIPS: 0.1526 | cos(c,null): +0.2057 | GradNorm: 0.0485 | MSE/t: [0.00-0.50]0.531(n=6392) [0.50-0.85]0.395(n=5860) [0.85-0.95]0.335(n=523) [0.95-1.00]0.283(n=25)
2026-04-29 22:03:19,251 - INFO - [render-loss] step=128400 kept 37/64 samples (t_value >= 0.50)
2026-04-29 22:05:14,414 - INFO - Step  128600 | Epoch 129 | MSE: 0.4557 | Steps/sec: 1.74 | LR: 6.28e-05 | Render_L1: 0.0213 | Alpha_L1: 0.0259 | Render_LPIPS: 0.1506 | cos(c,null): +0.2027 | GradNorm: 0.0472 | MSE/t: [0.00-0.50]0.524(n=6356) [0.50-0.85]0.392(n=5880) [0.85-0.95]0.355(n=542) [0.95-1.00]0.283(n=22)
2026-04-29 22:05:14,516 - INFO - [render-loss] step=128600 kept 34/64 samples (t_value >= 0.50)
2026-04-29 22:07:09,457 - INFO - Step  128800 | Epoch 129 | MSE: 0.4565 | Steps/sec: 1.74 | LR: 6.25e-05 | Render_L1: 0.0214 | Alpha_L1: 0.0260 | Render_LPIPS: 0.1506 | cos(c,null): +0.1995 | GradNorm: 0.0456 | MSE/t: [0.00-0.50]0.526(n=6304) [0.50-0.85]0.393(n=5943) [0.85-0.95]0.341(n=537) [0.95-1.00]0.369(n=16)
2026-04-29 22:07:09,559 - INFO - [render-loss] step=128800 kept 34/64 samples (t_value >= 0.50)
2026-04-29 22:09:04,464 - INFO - Step  129000 | Epoch 129 | MSE: 0.4602 | Steps/sec: 1.74 | LR: 6.22e-05 | Render_L1: 0.0212 | Alpha_L1: 0.0257 | Render_LPIPS: 0.1510 | cos(c,null): +0.2012 | GradNorm: 0.0474 | MSE/t: [0.00-0.50]0.530(n=6394) [0.50-0.85]0.394(n=5859) [0.85-0.95]0.345(n=531) [0.95-1.00]0.454(n=16)
2026-04-29 22:09:04,675 - INFO - [cond] cfg_signal=0.0774 (min=0.0425 max=0.1360, n=16) | class_signal=0.1015 (min=0.0522 max=0.1723, n=16) | pred_rms=0.6387
2026-04-29 22:09:13,068 - INFO - [validation] saved: output/jit_B8_20260429_042413/dit_validation/epoch_129_step_0129000_class042.png (class=42, sampler=heun, steps=100)
2026-04-29 22:09:14,314 - INFO - [overrides] applied from jit/configs/overrides.yaml: lr_scale=1.0 max_grad_norm=5.0 null_repel_weight=0.0 P_mean=0.0
2026-04-29 22:09:14,411 - INFO - [render-loss] step=129000 kept 31/64 samples (t_value >= 0.50)
2026-04-29 22:11:09,721 - INFO - Step  129200 | Epoch 129 | MSE: 0.4570 | Steps/sec: 1.60 | LR: 6.20e-05 | Render_L1: 0.0212 | Alpha_L1: 0.0257 | Render_LPIPS: 0.1501 | cos(c,null): +0.1998 | GradNorm: 0.0528 | MSE/t: [0.00-0.50]0.526(n=6371) [0.50-0.85]0.393(n=5886) [0.85-0.95]0.335(n=523) [0.95-1.00]0.304(n=20)
2026-04-29 22:11:09,823 - INFO - [render-loss] step=129200 kept 30/64 samples (t_value >= 0.50)
2026-04-29 22:13:04,724 - INFO - Step  129400 | Epoch 130 | MSE: 0.4598 | Steps/sec: 1.74 | LR: 6.17e-05 | Render_L1: 0.0215 | Alpha_L1: 0.0263 | Render_LPIPS: 0.1515 | cos(c,null): +0.2001 | GradNorm: 0.0463 | MSE/t: [0.00-0.50]0.527(n=6315) [0.50-0.85]0.399(n=5910) [0.85-0.95]0.343(n=553) [0.95-1.00]0.423(n=22)
2026-04-29 22:13:04,825 - INFO - [render-loss] step=129400 kept 39/64 samples (t_value >= 0.50)
2026-04-29 22:14:59,936 - INFO - Step  129600 | Epoch 130 | MSE: 0.4647 | Steps/sec: 1.74 | LR: 6.14e-05 | Render_L1: 0.0213 | Alpha_L1: 0.0264 | Render_LPIPS: 0.1517 | cos(c,null): +0.2008 | GradNorm: 0.0457 | MSE/t: [0.00-0.50]0.535(n=6510) [0.50-0.85]0.395(n=5780) [0.85-0.95]0.360(n=491) [0.95-1.00]0.301(n=19)
2026-04-29 22:15:00,037 - INFO - [render-loss] step=129600 kept 34/64 samples (t_value >= 0.50)
2026-04-29 22:16:55,072 - INFO - Step  129800 | Epoch 130 | MSE: 0.4598 | Steps/sec: 1.74 | LR: 6.12e-05 | Render_L1: 0.0216 | Alpha_L1: 0.0263 | Render_LPIPS: 0.1517 | cos(c,null): +0.2012 | GradNorm: 0.0469 | MSE/t: [0.00-0.50]0.528(n=6373) [0.50-0.85]0.396(n=5900) [0.85-0.95]0.352(n=503) [0.95-1.00]0.354(n=24)
2026-04-29 22:16:55,173 - INFO - [render-loss] step=129800 kept 28/64 samples (t_value >= 0.50)
2026-04-29 22:18:50,638 - INFO - Step  130000 | Epoch 130 | MSE: 0.4550 | Steps/sec: 1.73 | LR: 6.09e-05 | Render_L1: 0.0215 | Alpha_L1: 0.0260 | Render_LPIPS: 0.1512 | cos(c,null): +0.2021 | GradNorm: 0.0469 | MSE/t: [0.00-0.50]0.522(n=6329) [0.50-0.85]0.395(n=5940) [0.85-0.95]0.323(n=512) [0.95-1.00]0.409(n=19)
2026-04-29 22:18:50,850 - INFO - [cond] cfg_signal=0.0790 (min=0.0421 max=0.1318, n=16) | class_signal=0.1028 (min=0.0540 max=0.1752, n=16) | pred_rms=0.6411
2026-04-29 22:18:59,137 - INFO - [validation] saved: output/jit_B8_20260429_042413/dit_validation/epoch_130_step_0130000_class044.png (class=44, sampler=heun, steps=100)
2026-04-29 22:19:00,381 - INFO - [overrides] applied from jit/configs/overrides.yaml: lr_scale=1.0 max_grad_norm=5.0 null_repel_weight=0.0 P_mean=0.0
2026-04-29 22:19:00,477 - INFO - [render-loss] step=130000 kept 35/64 samples (t_value >= 0.50)
2026-04-29 22:20:56,235 - INFO - Step  130200 | Epoch 130 | MSE: 0.4647 | Steps/sec: 1.60 | LR: 6.06e-05 | Render_L1: 0.0215 | Alpha_L1: 0.0264 | Render_LPIPS: 0.1510 | cos(c,null): +0.2033 | GradNorm: 0.0509 | MSE/t: [0.00-0.50]0.537(n=6373) [0.50-0.85]0.397(n=5881) [0.85-0.95]0.351(n=518) [0.95-1.00]0.320(n=28)
2026-04-29 22:20:56,336 - INFO - [render-loss] step=130200 kept 29/64 samples (t_value >= 0.50)
2026-04-29 22:22:51,910 - INFO - Step  130400 | Epoch 131 | MSE: 0.4600 | Steps/sec: 1.73 | LR: 6.04e-05 | Render_L1: 0.0213 | Alpha_L1: 0.0261 | Render_LPIPS: 0.1510 | cos(c,null): +0.2037 | GradNorm: 0.0472 | MSE/t: [0.00-0.50]0.532(n=6416) [0.50-0.85]0.391(n=5851) [0.85-0.95]0.348(n=514) [0.95-1.00]0.337(n=19)
2026-04-29 22:22:52,012 - INFO - [render-loss] step=130400 kept 24/64 samples (t_value >= 0.50)
2026-04-29 22:24:47,138 - INFO - Step  130600 | Epoch 131 | MSE: 0.4615 | Steps/sec: 1.74 | LR: 6.01e-05 | Render_L1: 0.0213 | Alpha_L1: 0.0262 | Render_LPIPS: 0.1511 | cos(c,null): +0.2030 | GradNorm: 0.0480 | MSE/t: [0.00-0.50]0.535(n=6361) [0.50-0.85]0.393(n=5889) [0.85-0.95]0.347(n=530) [0.95-1.00]0.345(n=20)
2026-04-29 22:24:47,240 - INFO - [render-loss] step=130600 kept 30/64 samples (t_value >= 0.50)
2026-04-29 22:26:42,397 - INFO - Step  130800 | Epoch 131 | MSE: 0.4594 | Steps/sec: 1.74 | LR: 5.98e-05 | Render_L1: 0.0215 | Alpha_L1: 0.0260 | Render_LPIPS: 0.1509 | cos(c,null): +0.2046 | GradNorm: 0.0479 | MSE/t: [0.00-0.50]0.529(n=6367) [0.50-0.85]0.394(n=5902) [0.85-0.95]0.348(n=515) [0.95-1.00]0.342(n=16)
2026-04-29 22:26:42,499 - INFO - [render-loss] step=130800 kept 29/64 samples (t_value >= 0.50)
2026-04-29 22:28:37,623 - INFO - Step  131000 | Epoch 131 | MSE: 0.4595 | Steps/sec: 1.74 | LR: 5.96e-05 | Render_L1: 0.0216 | Alpha_L1: 0.0266 | Render_LPIPS: 0.1526 | cos(c,null): +0.2022 | GradNorm: 0.0492 | MSE/t: [0.00-0.50]0.524(n=6415) [0.50-0.85]0.399(n=5844) [0.85-0.95]0.353(n=521) [0.95-1.00]0.268(n=20)
2026-04-29 22:28:37,831 - INFO - [cond] cfg_signal=0.0768 (min=0.0427 max=0.1263, n=16) | class_signal=0.1003 (min=0.0540 max=0.1685, n=16) | pred_rms=0.6288
2026-04-29 22:28:46,124 - INFO - [validation] saved: output/jit_B8_20260429_042413/dit_validation/epoch_131_step_0131000_class019.png (class=19, sampler=heun, steps=100)
2026-04-29 22:28:47,352 - INFO - [overrides] applied from jit/configs/overrides.yaml: lr_scale=1.0 max_grad_norm=5.0 null_repel_weight=0.0 P_mean=0.0
2026-04-29 22:28:47,449 - INFO - [render-loss] step=131000 kept 27/64 samples (t_value >= 0.50)
2026-04-29 22:30:42,643 - INFO - Step  131200 | Epoch 131 | MSE: 0.4558 | Steps/sec: 1.60 | LR: 5.93e-05 | Render_L1: 0.0211 | Alpha_L1: 0.0258 | Render_LPIPS: 0.1502 | cos(c,null): +0.1987 | GradNorm: 0.0495 | MSE/t: [0.00-0.50]0.527(n=6343) [0.50-0.85]0.388(n=5886) [0.85-0.95]0.360(n=555) [0.95-1.00]0.403(n=16)
2026-04-29 22:30:42,745 - INFO - [render-loss] step=131200 kept 29/64 samples (t_value >= 0.50)
2026-04-29 22:32:37,676 - INFO - Step  131400 | Epoch 132 | MSE: 0.4584 | Steps/sec: 1.74 | LR: 5.90e-05 | Render_L1: 0.0215 | Alpha_L1: 0.0261 | Render_LPIPS: 0.1516 | cos(c,null): +0.1992 | GradNorm: 0.0486 | MSE/t: [0.00-0.50]0.523(n=6479) [0.50-0.85]0.397(n=5813) [0.85-0.95]0.339(n=484) [0.95-1.00]0.261(n=24)
2026-04-29 22:32:37,777 - INFO - [render-loss] step=131400 kept 30/64 samples (t_value >= 0.50)
2026-04-29 22:34:32,791 - INFO - Step  131600 | Epoch 132 | MSE: 0.4582 | Steps/sec: 1.74 | LR: 5.88e-05 | Render_L1: 0.0214 | Alpha_L1: 0.0263 | Render_LPIPS: 0.1508 | cos(c,null): +0.1995 | GradNorm: 0.0814 | MSE/t: [0.00-0.50]0.523(n=6464) [0.50-0.85]0.396(n=5819) [0.85-0.95]0.346(n=502) [0.95-1.00]0.254(n=15)
2026-04-29 22:34:32,892 - INFO - [render-loss] step=131600 kept 27/64 samples (t_value >= 0.50)
2026-04-29 22:36:27,515 - INFO - Step  131800 | Epoch 132 | MSE: 0.4634 | Steps/sec: 1.74 | LR: 5.85e-05 | Render_L1: 0.0216 | Alpha_L1: 0.0262 | Render_LPIPS: 0.1525 | cos(c,null): +0.2002 | GradNorm: 0.0496 | MSE/t: [0.00-0.50]0.526(n=6564) [0.50-0.85]0.402(n=5721) [0.85-0.95]0.349(n=498) [0.95-1.00]0.361(n=17)
2026-04-29 22:36:27,616 - INFO - [render-loss] step=131800 kept 30/64 samples (t_value >= 0.50)
2026-04-29 22:38:22,388 - INFO - Step  132000 | Epoch 132 | MSE: 0.4593 | Steps/sec: 1.74 | LR: 5.82e-05 | Render_L1: 0.0213 | Alpha_L1: 0.0259 | Render_LPIPS: 0.1503 | cos(c,null): +0.2006 | GradNorm: 0.0606 | MSE/t: [0.00-0.50]0.529(n=6460) [0.50-0.85]0.392(n=5797) [0.85-0.95]0.350(n=527) [0.95-1.00]0.302(n=16)
2026-04-29 22:38:22,596 - INFO - [cond] cfg_signal=0.0798 (min=0.0435 max=0.1320, n=16) | class_signal=0.1012 (min=0.0602 max=0.1655, n=16) | pred_rms=0.6541
2026-04-29 22:38:30,836 - INFO - [validation] saved: output/jit_B8_20260429_042413/dit_validation/epoch_132_step_0132000_class012.png (class=12, sampler=heun, steps=100)
2026-04-29 22:38:32,080 - INFO - [overrides] applied from jit/configs/overrides.yaml: lr_scale=1.0 max_grad_norm=5.0 null_repel_weight=0.0 P_mean=0.0
2026-04-29 22:38:32,175 - INFO - [render-loss] step=132000 kept 29/64 samples (t_value >= 0.50)
2026-04-29 22:40:27,348 - INFO - Step  132200 | Epoch 132 | MSE: 0.4586 | Steps/sec: 1.60 | LR: 5.80e-05 | Render_L1: 0.0216 | Alpha_L1: 0.0261 | Render_LPIPS: 0.1515 | cos(c,null): +0.2011 | GradNorm: 0.0463 | MSE/t: [0.00-0.50]0.530(n=6402) [0.50-0.85]0.390(n=5862) [0.85-0.95]0.358(n=511) [0.95-1.00]0.335(n=25)
2026-04-29 22:40:27,449 - INFO - [render-loss] step=132200 kept 39/64 samples (t_value >= 0.50)
2026-04-29 22:42:22,790 - INFO - Step  132400 | Epoch 133 | MSE: 0.4544 | Steps/sec: 1.73 | LR: 5.77e-05 | Render_L1: 0.0212 | Alpha_L1: 0.0256 | Render_LPIPS: 0.1494 | cos(c,null): +0.2013 | GradNorm: 0.0455 | MSE/t: [0.00-0.50]0.523(n=6322) [0.50-0.85]0.391(n=5973) [0.85-0.95]0.336(n=481) [0.95-1.00]0.397(n=24)
2026-04-29 22:42:22,892 - INFO - [render-loss] step=132400 kept 25/64 samples (t_value >= 0.50)
2026-04-29 22:44:17,990 - INFO - Step  132600 | Epoch 133 | MSE: 0.4656 | Steps/sec: 1.74 | LR: 5.75e-05 | Render_L1: 0.0212 | Alpha_L1: 0.0258 | Render_LPIPS: 0.1512 | cos(c,null): +0.2020 | GradNorm: 0.0468 | MSE/t: [0.00-0.50]0.534(n=6432) [0.50-0.85]0.400(n=5825) [0.85-0.95]0.356(n=526) [0.95-1.00]0.341(n=17)
2026-04-29 22:44:18,091 - INFO - [render-loss] step=132600 kept 32/64 samples (t_value >= 0.50)
2026-04-29 22:46:13,504 - INFO - Step  132800 | Epoch 133 | MSE: 0.4541 | Steps/sec: 1.73 | LR: 5.72e-05 | Render_L1: 0.0210 | Alpha_L1: 0.0258 | Render_LPIPS: 0.1496 | cos(c,null): +0.2026 | GradNorm: 0.0622 | MSE/t: [0.00-0.50]0.521(n=6432) [0.50-0.85]0.390(n=5853) [0.85-0.95]0.342(n=498) [0.95-1.00]0.341(n=17)
2026-04-29 22:46:13,606 - INFO - [render-loss] step=132800 kept 24/64 samples (t_value >= 0.50)
2026-04-29 22:48:08,739 - INFO - Step  133000 | Epoch 133 | MSE: 0.4621 | Steps/sec: 1.74 | LR: 5.69e-05 | Render_L1: 0.0213 | Alpha_L1: 0.0257 | Render_LPIPS: 0.1504 | cos(c,null): +0.2017 | GradNorm: 0.0471 | MSE/t: [0.00-0.50]0.529(n=6436) [0.50-0.85]0.399(n=5826) [0.85-0.95]0.351(n=516) [0.95-1.00]0.282(n=22)
2026-04-29 22:48:08,951 - INFO - [cond] cfg_signal=0.0797 (min=0.0425 max=0.1346, n=16) | class_signal=0.1035 (min=0.0573 max=0.1760, n=16) | pred_rms=0.6502
2026-04-29 22:48:17,273 - INFO - [validation] saved: output/jit_B8_20260429_042413/dit_validation/epoch_133_step_0133000_class094.png (class=94, sampler=heun, steps=100)
2026-04-29 22:48:18,519 - INFO - [overrides] applied from jit/configs/overrides.yaml: lr_scale=1.0 max_grad_norm=5.0 null_repel_weight=0.0 P_mean=0.0
2026-04-29 22:48:18,616 - INFO - [render-loss] step=133000 kept 31/64 samples (t_value >= 0.50)
2026-04-29 22:50:13,824 - INFO - Step  133200 | Epoch 133 | MSE: 0.4578 | Steps/sec: 1.60 | LR: 5.67e-05 | Render_L1: 0.0212 | Alpha_L1: 0.0262 | Render_LPIPS: 0.1502 | cos(c,null): +0.2015 | GradNorm: 0.0465 | MSE/t: [0.00-0.50]0.525(n=6428) [0.50-0.85]0.394(n=5858) [0.85-0.95]0.346(n=493) [0.95-1.00]0.389(n=21)
2026-04-29 22:50:13,924 - INFO - [render-loss] step=133200 kept 29/64 samples (t_value >= 0.50)
2026-04-29 22:52:09,349 - INFO - Step  133400 | Epoch 134 | MSE: 0.4548 | Steps/sec: 1.73 | LR: 5.64e-05 | Render_L1: 0.0213 | Alpha_L1: 0.0261 | Render_LPIPS: 0.1508 | cos(c,null): +0.2021 | GradNorm: 0.0461 | MSE/t: [0.00-0.50]0.520(n=6303) [0.50-0.85]0.395(n=5980) [0.85-0.95]0.356(n=496) [0.95-1.00]0.341(n=21)
2026-04-29 22:52:09,450 - INFO - [render-loss] step=133400 kept 33/64 samples (t_value >= 0.50)
2026-04-29 22:54:04,182 - INFO - Step  133600 | Epoch 134 | MSE: 0.4578 | Steps/sec: 1.74 | LR: 5.62e-05 | Render_L1: 0.0213 | Alpha_L1: 0.0259 | Render_LPIPS: 0.1500 | cos(c,null): +0.2026 | GradNorm: 0.0460 | MSE/t: [0.00-0.50]0.529(n=6453) [0.50-0.85]0.391(n=5831) [0.85-0.95]0.331(n=492) [0.95-1.00]0.264(n=24)
2026-04-29 22:54:04,284 - INFO - [render-loss] step=133600 kept 30/64 samples (t_value >= 0.50)
2026-04-29 22:55:59,890 - INFO - Step  133800 | Epoch 134 | MSE: 0.4608 | Steps/sec: 1.73 | LR: 5.59e-05 | Render_L1: 0.0212 | Alpha_L1: 0.0257 | Render_LPIPS: 0.1509 | cos(c,null): +0.2029 | GradNorm: 0.0454 | MSE/t: [0.00-0.50]0.528(n=6448) [0.50-0.85]0.399(n=5813) [0.85-0.95]0.333(n=512) [0.95-1.00]0.309(n=27)
2026-04-29 22:55:59,991 - INFO - [render-loss] step=133800 kept 31/64 samples (t_value >= 0.50)
2026-04-29 22:57:54,687 - INFO - Step  134000 | Epoch 134 | MSE: 0.4615 | Steps/sec: 1.74 | LR: 5.56e-05 | Render_L1: 0.0211 | Alpha_L1: 0.0253 | Render_LPIPS: 0.1504 | cos(c,null): +0.2041 | GradNorm: 0.0740 | MSE/t: [0.00-0.50]0.528(n=6467) [0.50-0.85]0.399(n=5791) [0.85-0.95]0.335(n=527) [0.95-1.00]0.288(n=15)
2026-04-29 22:57:54,898 - INFO - [cond] cfg_signal=0.0789 (min=0.0429 max=0.1288, n=16) | class_signal=0.1036 (min=0.0577 max=0.1747, n=16) | pred_rms=0.6411
2026-04-29 22:58:03,145 - INFO - [validation] saved: output/jit_B8_20260429_042413/dit_validation/epoch_134_step_0134000_class037.png (class=37, sampler=heun, steps=100)
2026-04-29 22:58:04,365 - INFO - [overrides] applied from jit/configs/overrides.yaml: lr_scale=1.0 max_grad_norm=5.0 null_repel_weight=0.0 P_mean=0.0
2026-04-29 22:58:04,462 - INFO - [render-loss] step=134000 kept 41/64 samples (t_value >= 0.50)
2026-04-29 22:59:59,720 - INFO - Step  134200 | Epoch 135 | MSE: 0.4614 | Steps/sec: 1.60 | LR: 5.54e-05 | Render_L1: 0.0214 | Alpha_L1: 0.0259 | Render_LPIPS: 0.1513 | cos(c,null): +0.2047 | GradNorm: 0.0448 | MSE/t: [0.00-0.50]0.531(n=6402) [0.50-0.85]0.396(n=5840) [0.85-0.95]0.345(n=531) [0.95-1.00]0.347(n=27)
2026-04-29 22:59:59,820 - INFO - [render-loss] step=134200 kept 20/64 samples (t_value >= 0.50)
2026-04-29 23:01:54,844 - INFO - Step  134400 | Epoch 135 | MSE: 0.4538 | Steps/sec: 1.74 | LR: 5.51e-05 | Render_L1: 0.0212 | Alpha_L1: 0.0255 | Render_LPIPS: 0.1495 | cos(c,null): +0.2054 | GradNorm: 0.0448 | MSE/t: [0.00-0.50]0.520(n=6476) [0.50-0.85]0.390(n=5812) [0.85-0.95]0.345(n=490) [0.95-1.00]0.337(n=22)
2026-04-29 23:01:54,946 - INFO - [render-loss] step=134400 kept 33/64 samples (t_value >= 0.50)
2026-04-29 23:03:49,861 - INFO - Step  134600 | Epoch 135 | MSE: 0.4572 | Steps/sec: 1.74 | LR: 5.49e-05 | Render_L1: 0.0213 | Alpha_L1: 0.0262 | Render_LPIPS: 0.1504 | cos(c,null): +0.2058 | GradNorm: 0.0450 | MSE/t: [0.00-0.50]0.524(n=6375) [0.50-0.85]0.396(n=5871) [0.85-0.95]0.336(n=536) [0.95-1.00]0.330(n=18)
2026-04-29 23:03:49,962 - INFO - [render-loss] step=134600 kept 28/64 samples (t_value >= 0.50)
2026-04-29 23:05:44,898 - INFO - Step  134800 | Epoch 135 | MSE: 0.4587 | Steps/sec: 1.74 | LR: 5.46e-05 | Render_L1: 0.0210 | Alpha_L1: 0.0255 | Render_LPIPS: 0.1494 | cos(c,null): +0.2060 | GradNorm: 0.0449 | MSE/t: [0.00-0.50]0.529(n=6332) [0.50-0.85]0.393(n=5952) [0.85-0.95]0.362(n=488) [0.95-1.00]0.250(n=28)
2026-04-29 23:05:45,000 - INFO - [render-loss] step=134800 kept 34/64 samples (t_value >= 0.50)
2026-04-29 23:07:39,768 - INFO - Step  135000 | Epoch 135 | MSE: 0.4573 | Steps/sec: 1.74 | LR: 5.44e-05 | Render_L1: 0.0212 | Alpha_L1: 0.0260 | Render_LPIPS: 0.1501 | cos(c,null): +0.2065 | GradNorm: 0.0467 | MSE/t: [0.00-0.50]0.524(n=6394) [0.50-0.85]0.395(n=5882) [0.85-0.95]0.337(n=504) [0.95-1.00]0.352(n=20)
2026-04-29 23:07:39,974 - INFO - [cond] cfg_signal=0.0803 (min=0.0436 max=0.1377, n=16) | class_signal=0.1086 (min=0.0577 max=0.1968, n=16) | pred_rms=0.6667
2026-04-29 23:07:48,259 - INFO - [validation] saved: output/jit_B8_20260429_042413/dit_validation/epoch_135_step_0135000_class015.png (class=15, sampler=heun, steps=100)
2026-04-29 23:07:49,508 - INFO - [overrides] applied from jit/configs/overrides.yaml: lr_scale=1.0 max_grad_norm=5.0 null_repel_weight=0.0 P_mean=0.0
2026-04-29 23:07:49,605 - INFO - [render-loss] step=135000 kept 34/64 samples (t_value >= 0.50)
2026-04-29 23:09:45,141 - INFO - Step  135200 | Epoch 136 | MSE: 0.4576 | Steps/sec: 1.60 | LR: 5.41e-05 | Render_L1: 0.0213 | Alpha_L1: 0.0260 | Render_LPIPS: 0.1506 | cos(c,null): +0.2075 | GradNorm: 0.0470 | MSE/t: [0.00-0.50]0.523(n=6329) [0.50-0.85]0.398(n=5934) [0.85-0.95]0.340(n=521) [0.95-1.00]0.296(n=16)
2026-04-29 23:09:45,243 - INFO - [render-loss] step=135200 kept 33/64 samples (t_value >= 0.50)
2026-04-29 23:11:40,899 - INFO - Step  135400 | Epoch 136 | MSE: 0.4543 | Steps/sec: 1.73 | LR: 5.39e-05 | Render_L1: 0.0211 | Alpha_L1: 0.0256 | Render_LPIPS: 0.1494 | cos(c,null): +0.2068 | GradNorm: 0.0449 | MSE/t: [0.00-0.50]0.520(n=6408) [0.50-0.85]0.393(n=5875) [0.85-0.95]0.341(n=493) [0.95-1.00]0.286(n=24)
2026-04-29 23:11:40,999 - INFO - [render-loss] step=135400 kept 32/64 samples (t_value >= 0.50)
2026-04-29 23:13:36,371 - INFO - Step  135600 | Epoch 136 | MSE: 0.4599 | Steps/sec: 1.73 | LR: 5.36e-05 | Render_L1: 0.0208 | Alpha_L1: 0.0255 | Render_LPIPS: 0.1480 | cos(c,null): +0.2076 | GradNorm: 0.0479 | MSE/t: [0.00-0.50]0.535(n=6442) [0.50-0.85]0.391(n=5849) [0.85-0.95]0.308(n=494) [0.95-1.00]0.260(n=15)
2026-04-29 23:13:36,474 - INFO - [render-loss] step=135600 kept 30/64 samples (t_value >= 0.50)
2026-04-29 23:15:31,697 - INFO - Step  135800 | Epoch 136 | MSE: 0.4561 | Steps/sec: 1.73 | LR: 5.33e-05 | Render_L1: 0.0213 | Alpha_L1: 0.0262 | Render_LPIPS: 0.1506 | cos(c,null): +0.2077 | GradNorm: 77.1275 | MSE/t: [0.00-0.50]0.524(n=6484) [0.50-0.85]0.391(n=5790) [0.85-0.95]0.341(n=502) [0.95-1.00]0.328(n=24)
2026-04-29 23:15:31,797 - INFO - [render-loss] step=135800 kept 29/64 samples (t_value >= 0.50)
2026-04-29 23:17:26,328 - INFO - Step  136000 | Epoch 136 | MSE: 0.4594 | Steps/sec: 1.74 | LR: 5.31e-05 | Render_L1: 0.0212 | Alpha_L1: 0.0259 | Render_LPIPS: 0.1497 | cos(c,null): +0.2059 | GradNorm: 0.0471 | MSE/t: [0.00-0.50]0.530(n=6452) [0.50-0.85]0.393(n=5811) [0.85-0.95]0.334(n=519) [0.95-1.00]0.339(n=18)
2026-04-29 23:17:26,537 - INFO - [cond] cfg_signal=0.0797 (min=0.0455 max=0.1371, n=16) | class_signal=0.1056 (min=0.0564 max=0.1846, n=16) | pred_rms=0.6524
2026-04-29 23:17:34,805 - INFO - [validation] saved: output/jit_B8_20260429_042413/dit_validation/epoch_136_step_0136000_class005.png (class=5, sampler=heun, steps=100)
2026-04-29 23:17:36,533 - INFO - [overrides] applied from jit/configs/overrides.yaml: lr_scale=1.0 max_grad_norm=5.0 null_repel_weight=0.0 P_mean=0.0
2026-04-29 23:17:36,629 - INFO - [render-loss] step=136000 kept 32/64 samples (t_value >= 0.50)
2026-04-29 23:19:31,703 - INFO - Step  136200 | Epoch 137 | MSE: 0.4508 | Steps/sec: 1.60 | LR: 5.28e-05 | Render_L1: 0.0210 | Alpha_L1: 0.0256 | Render_LPIPS: 0.1483 | cos(c,null): +0.2052 | GradNorm: 0.0483 | MSE/t: [0.00-0.50]0.518(n=6304) [0.50-0.85]0.391(n=5906) [0.85-0.95]0.329(n=568) [0.95-1.00]0.368(n=22)
2026-04-29 23:19:31,805 - INFO - [render-loss] step=136200 kept 33/64 samples (t_value >= 0.50)
2026-04-29 23:21:26,771 - INFO - Step  136400 | Epoch 137 | MSE: 0.4559 | Steps/sec: 1.74 | LR: 5.26e-05 | Render_L1: 0.0210 | Alpha_L1: 0.0257 | Render_LPIPS: 0.1494 | cos(c,null): +0.2055 | GradNorm: 0.0449 | MSE/t: [0.00-0.50]0.519(n=6382) [0.50-0.85]0.397(n=5899) [0.85-0.95]0.351(n=502) [0.95-1.00]0.344(n=17)
2026-04-29 23:21:26,873 - INFO - [render-loss] step=136400 kept 25/64 samples (t_value >= 0.50)
2026-04-29 23:23:21,861 - INFO - Step  136600 | Epoch 137 | MSE: 0.4573 | Steps/sec: 1.74 | LR: 5.23e-05 | Render_L1: 0.0211 | Alpha_L1: 0.0260 | Render_LPIPS: 0.1497 | cos(c,null): +0.2063 | GradNorm: 0.0459 | MSE/t: [0.00-0.50]0.526(n=6402) [0.50-0.85]0.393(n=5875) [0.85-0.95]0.340(n=508) [0.95-1.00]0.284(n=15)
2026-04-29 23:23:21,963 - INFO - [render-loss] step=136600 kept 39/64 samples (t_value >= 0.50)
2026-04-29 23:25:16,695 - INFO - Step  136800 | Epoch 137 | MSE: 0.4586 | Steps/sec: 1.74 | LR: 5.21e-05 | Render_L1: 0.0209 | Alpha_L1: 0.0253 | Render_LPIPS: 0.1486 | cos(c,null): +0.2050 | GradNorm: 0.0433 | MSE/t: [0.00-0.50]0.530(n=6413) [0.50-0.85]0.392(n=5846) [0.85-0.95]0.340(n=518) [0.95-1.00]0.310(n=23)
2026-04-29 23:25:16,796 - INFO - [render-loss] step=136800 kept 32/64 samples (t_value >= 0.50)
2026-04-29 23:27:11,680 - INFO - Step  137000 | Epoch 137 | MSE: 0.4553 | Steps/sec: 1.74 | LR: 5.18e-05 | Render_L1: 0.0212 | Alpha_L1: 0.0256 | Render_LPIPS: 0.1486 | cos(c,null): +0.2028 | GradNorm: 0.0480 | MSE/t: [0.00-0.50]0.523(n=6460) [0.50-0.85]0.389(n=5826) [0.85-0.95]0.353(n=492) [0.95-1.00]0.411(n=22)
2026-04-29 23:27:11,888 - INFO - [cond] cfg_signal=0.0789 (min=0.0440 max=0.1300, n=16) | class_signal=0.1048 (min=0.0592 max=0.1694, n=16) | pred_rms=0.6610
2026-04-29 23:27:20,159 - INFO - [validation] saved: output/jit_B8_20260429_042413/dit_validation/epoch_137_step_0137000_class014.png (class=14, sampler=heun, steps=100)
2026-04-29 23:27:21,432 - INFO - [overrides] applied from jit/configs/overrides.yaml: lr_scale=1.0 max_grad_norm=5.0 null_repel_weight=0.0 P_mean=0.0
2026-04-29 23:27:21,529 - INFO - [render-loss] step=137000 kept 30/64 samples (t_value >= 0.50)
2026-04-29 23:29:16,534 - INFO - Step  137200 | Epoch 138 | MSE: 0.4552 | Steps/sec: 1.60 | LR: 5.16e-05 | Render_L1: 0.0210 | Alpha_L1: 0.0256 | Render_LPIPS: 0.1492 | cos(c,null): +0.2037 | GradNorm: 0.0471 | MSE/t: [0.00-0.50]0.520(n=6454) [0.50-0.85]0.394(n=5807) [0.85-0.95]0.331(n=523) [0.95-1.00]0.433(n=16)
2026-04-29 23:29:16,635 - INFO - [render-loss] step=137200 kept 39/64 samples (t_value >= 0.50)
2026-04-29 23:31:11,957 - INFO - Step  137400 | Epoch 138 | MSE: 0.4568 | Steps/sec: 1.73 | LR: 5.13e-05 | Render_L1: 0.0211 | Alpha_L1: 0.0257 | Render_LPIPS: 0.1506 | cos(c,null): +0.2049 | GradNorm: 0.0469 | MSE/t: [0.00-0.50]0.526(n=6361) [0.50-0.85]0.394(n=5930) [0.85-0.95]0.329(n=487) [0.95-1.00]0.301(n=22)
2026-04-29 23:31:12,059 - INFO - [render-loss] step=137400 kept 33/64 samples (t_value >= 0.50)
2026-04-29 23:33:07,016 - INFO - Step  137600 | Epoch 138 | MSE: 0.4566 | Steps/sec: 1.74 | LR: 5.11e-05 | Render_L1: 0.0211 | Alpha_L1: 0.0256 | Render_LPIPS: 0.1511 | cos(c,null): +0.2053 | GradNorm: 0.0465 | MSE/t: [0.00-0.50]0.523(n=6413) [0.50-0.85]0.394(n=5840) [0.85-0.95]0.348(n=527) [0.95-1.00]0.327(n=20)
2026-04-29 23:33:07,118 - INFO - [render-loss] step=137600 kept 34/64 samples (t_value >= 0.50)
2026-04-29 23:35:02,623 - INFO - Step  137800 | Epoch 138 | MSE: 0.4555 | Steps/sec: 1.73 | LR: 5.08e-05 | Render_L1: 0.0211 | Alpha_L1: 0.0258 | Render_LPIPS: 0.1492 | cos(c,null): +0.2054 | GradNorm: 0.0512 | MSE/t: [0.00-0.50]0.523(n=6379) [0.50-0.85]0.390(n=5902) [0.85-0.95]0.366(n=494) [0.95-1.00]0.309(n=25)
2026-04-29 23:35:02,725 - INFO - [render-loss] step=137800 kept 32/64 samples (t_value >= 0.50)
2026-04-29 23:36:57,942 - INFO - Step  138000 | Epoch 138 | MSE: 0.4625 | Steps/sec: 1.73 | LR: 5.06e-05 | Render_L1: 0.0214 | Alpha_L1: 0.0259 | Render_LPIPS: 0.1513 | cos(c,null): +0.2064 | GradNorm: 0.0466 | MSE/t: [0.00-0.50]0.529(n=6438) [0.50-0.85]0.399(n=5831) [0.85-0.95]0.349(n=513) [0.95-1.00]0.268(n=18)
2026-04-29 23:36:58,153 - INFO - [cond] cfg_signal=0.0791 (min=0.0416 max=0.1393, n=16) | class_signal=0.1035 (min=0.0587 max=0.1785, n=16) | pred_rms=0.6546
2026-04-29 23:37:06,390 - INFO - [validation] saved: output/jit_B8_20260429_042413/dit_validation/epoch_138_step_0138000_class076.png (class=76, sampler=heun, steps=100)
2026-04-29 23:37:07,672 - INFO - [overrides] applied from jit/configs/overrides.yaml: lr_scale=1.0 max_grad_norm=5.0 null_repel_weight=0.0 P_mean=0.0
2026-04-29 23:37:07,769 - INFO - [render-loss] step=138000 kept 38/64 samples (t_value >= 0.50)
2026-04-29 23:39:03,605 - INFO - Step  138200 | Epoch 139 | MSE: 0.4566 | Steps/sec: 1.59 | LR: 5.03e-05 | Render_L1: 0.0214 | Alpha_L1: 0.0264 | Render_LPIPS: 0.1511 | cos(c,null): +0.2071 | GradNorm: 0.0456 | MSE/t: [0.00-0.50]0.522(n=6459) [0.50-0.85]0.394(n=5776) [0.85-0.95]0.348(n=546) [0.95-1.00]0.487(n=19)
2026-04-29 23:39:03,707 - INFO - [render-loss] step=138200 kept 31/64 samples (t_value >= 0.50)
2026-04-29 23:40:58,661 - INFO - Step  138400 | Epoch 139 | MSE: 0.4580 | Steps/sec: 1.74 | LR: 5.01e-05 | Render_L1: 0.0213 | Alpha_L1: 0.0261 | Render_LPIPS: 0.1513 | cos(c,null): +0.2074 | GradNorm: 0.1198 | MSE/t: [0.00-0.50]0.530(n=6353) [0.50-0.85]0.393(n=5899) [0.85-0.95]0.320(n=525) [0.95-1.00]0.280(n=23)
2026-04-29 23:40:58,763 - INFO - [render-loss] step=138400 kept 34/64 samples (t_value >= 0.50)
2026-04-29 23:42:53,796 - INFO - Step  138600 | Epoch 139 | MSE: 0.4543 | Steps/sec: 1.74 | LR: 4.99e-05 | Render_L1: 0.0214 | Alpha_L1: 0.0257 | Render_LPIPS: 0.1502 | cos(c,null): +0.2075 | GradNorm: 0.0465 | MSE/t: [0.00-0.50]0.523(n=6240) [0.50-0.85]0.392(n=6040) [0.85-0.95]0.350(n=503) [0.95-1.00]0.392(n=17)
2026-04-29 23:42:53,898 - INFO - [render-loss] step=138600 kept 33/64 samples (t_value >= 0.50)
2026-04-29 23:44:49,277 - INFO - Step  138800 | Epoch 139 | MSE: 0.4572 | Steps/sec: 1.73 | LR: 4.96e-05 | Render_L1: 0.0214 | Alpha_L1: 0.0263 | Render_LPIPS: 0.1515 | cos(c,null): +0.2080 | GradNorm: 0.0445 | MSE/t: [0.00-0.50]0.525(n=6313) [0.50-0.85]0.395(n=5937) [0.85-0.95]0.343(n=531) [0.95-1.00]0.300(n=19)
2026-04-29 23:44:49,379 - INFO - [render-loss] step=138800 kept 35/64 samples (t_value >= 0.50)
2026-04-29 23:46:44,295 - INFO - Step  139000 | Epoch 139 | MSE: 0.4531 | Steps/sec: 1.74 | LR: 4.94e-05 | Render_L1: 0.0210 | Alpha_L1: 0.0257 | Render_LPIPS: 0.1487 | cos(c,null): +0.2087 | GradNorm: 0.0469 | MSE/t: [0.00-0.50]0.522(n=6451) [0.50-0.85]0.388(n=5815) [0.85-0.95]0.343(n=514) [0.95-1.00]0.252(n=20)
2026-04-29 23:46:44,504 - INFO - [cond] cfg_signal=0.0810 (min=0.0437 max=0.1392, n=16) | class_signal=0.1054 (min=0.0577 max=0.1729, n=16) | pred_rms=0.6617
2026-04-29 23:46:52,771 - INFO - [validation] saved: output/jit_B8_20260429_042413/dit_validation/epoch_139_step_0139000_class064.png (class=64, sampler=heun, steps=100)
2026-04-29 23:46:54,057 - INFO - [overrides] applied from jit/configs/overrides.yaml: lr_scale=1.0 max_grad_norm=5.0 null_repel_weight=0.0 P_mean=0.0
2026-04-29 23:46:54,153 - INFO - [render-loss] step=139000 kept 37/64 samples (t_value >= 0.50)
2026-04-29 23:48:49,547 - INFO - Step  139200 | Epoch 140 | MSE: 0.4553 | Steps/sec: 1.60 | LR: 4.91e-05 | Render_L1: 0.0213 | Alpha_L1: 0.0260 | Render_LPIPS: 0.1500 | cos(c,null): +0.2077 | GradNorm: 0.0461 | MSE/t: [0.00-0.50]0.524(n=6407) [0.50-0.85]0.391(n=5846) [0.85-0.95]0.344(n=525) [0.95-1.00]0.294(n=22)
2026-04-29 23:48:49,648 - INFO - [render-loss] step=139200 kept 30/64 samples (t_value >= 0.50)
2026-04-29 23:50:44,761 - INFO - Step  139400 | Epoch 140 | MSE: 0.4606 | Steps/sec: 1.74 | LR: 4.89e-05 | Render_L1: 0.0212 | Alpha_L1: 0.0260 | Render_LPIPS: 0.1509 | cos(c,null): +0.2065 | GradNorm: 0.0477 | MSE/t: [0.00-0.50]0.526(n=6546) [0.50-0.85]0.396(n=5752) [0.85-0.95]0.352(n=478) [0.95-1.00]0.406(n=24)
2026-04-29 23:50:44,861 - INFO - [render-loss] step=139400 kept 30/64 samples (t_value >= 0.50)
2026-04-29 23:52:39,844 - INFO - Step  139600 | Epoch 140 | MSE: 0.4575 | Steps/sec: 1.74 | LR: 4.86e-05 | Render_L1: 0.0213 | Alpha_L1: 0.0261 | Render_LPIPS: 0.1507 | cos(c,null): +0.2068 | GradNorm: 0.0473 | MSE/t: [0.00-0.50]0.525(n=6465) [0.50-0.85]0.391(n=5808) [0.85-0.95]0.365(n=507) [0.95-1.00]0.304(n=20)
2026-04-29 23:52:39,945 - INFO - [render-loss] step=139600 kept 29/64 samples (t_value >= 0.50)
2026-04-29 23:54:35,358 - INFO - Step  139800 | Epoch 140 | MSE: 0.4610 | Steps/sec: 1.73 | LR: 4.84e-05 | Render_L1: 0.0212 | Alpha_L1: 0.0258 | Render_LPIPS: 0.1497 | cos(c,null): +0.2073 | GradNorm: 0.0436 | MSE/t: [0.00-0.50]0.533(n=6428) [0.50-0.85]0.393(n=5826) [0.85-0.95]0.344(n=525) [0.95-1.00]0.315(n=21)
2026-04-29 23:54:35,461 - INFO - [render-loss] step=139800 kept 38/64 samples (t_value >= 0.50)
2026-04-29 23:56:30,638 - INFO - Step  140000 | Epoch 140 | MSE: 0.4639 | Steps/sec: 1.73 | LR: 4.82e-05 | Render_L1: 0.0215 | Alpha_L1: 0.0257 | Render_LPIPS: 0.1504 | cos(c,null): +0.2076 | GradNorm: 0.0450 | MSE/t: [0.00-0.50]0.535(n=6392) [0.50-0.85]0.397(n=5880) [0.85-0.95]0.350(n=502) [0.95-1.00]0.315(n=26)
2026-04-29 23:56:30,845 - INFO - [cond] cfg_signal=0.0817 (min=0.0429 max=0.1423, n=16) | class_signal=0.1045 (min=0.0560 max=0.1788, n=16) | pred_rms=0.6495
2026-04-29 23:56:32,589 - INFO - Saved checkpoint to output/jit_B8_20260429_042413/0140000.pt
2026-04-29 23:56:32,795 - INFO - [cond] cfg_signal=0.0817 (min=0.0429 max=0.1423, n=16) | class_signal=0.1045 (min=0.0560 max=0.1788, n=16) | pred_rms=0.6495
2026-04-29 23:56:41,042 - INFO - [validation] saved: output/jit_B8_20260429_042413/dit_validation/epoch_140_step_0140000_class034.png (class=34, sampler=heun, steps=100)
2026-04-29 23:56:42,319 - INFO - [overrides] applied from jit/configs/overrides.yaml: lr_scale=1.0 max_grad_norm=5.0 null_repel_weight=0.0 P_mean=0.0
2026-04-29 23:56:42,415 - INFO - [render-loss] step=140000 kept 31/64 samples (t_value >= 0.50)
2026-04-29 23:58:37,757 - INFO - Step  140200 | Epoch 141 | MSE: 0.4559 | Steps/sec: 1.58 | LR: 4.79e-05 | Render_L1: 0.0213 | Alpha_L1: 0.0256 | Render_LPIPS: 0.1503 | cos(c,null): +0.2067 | GradNorm: 0.0472 | MSE/t: [0.00-0.50]0.520(n=6385) [0.50-0.85]0.396(n=5868) [0.85-0.95]0.349(n=526) [0.95-1.00]0.347(n=21)
2026-04-29 23:58:37,858 - INFO - [render-loss] step=140200 kept 33/64 samples (t_value >= 0.50)
2026-04-30 00:00:33,745 - INFO - Step  140400 | Epoch 141 | MSE: 0.4605 | Steps/sec: 1.72 | LR: 4.77e-05 | Render_L1: 0.0211 | Alpha_L1: 0.0258 | Render_LPIPS: 0.1489 | cos(c,null): +0.2072 | GradNorm: 0.0462 | MSE/t: [0.00-0.50]0.528(n=6476) [0.50-0.85]0.396(n=5824) [0.85-0.95]0.347(n=480) [0.95-1.00]0.281(n=20)
2026-04-30 00:00:33,846 - INFO - [render-loss] step=140400 kept 29/64 samples (t_value >= 0.50)
2026-04-30 00:02:28,962 - INFO - Step  140600 | Epoch 141 | MSE: 0.4566 | Steps/sec: 1.74 | LR: 4.74e-05 | Render_L1: 0.0212 | Alpha_L1: 0.0256 | Render_LPIPS: 0.1499 | cos(c,null): +0.2080 | GradNorm: 0.0451 | MSE/t: [0.00-0.50]0.519(n=6439) [0.50-0.85]0.398(n=5875) [0.85-0.95]0.335(n=462) [0.95-1.00]0.381(n=24)
2026-04-30 00:02:29,064 - INFO - [render-loss] step=140600 kept 27/64 samples (t_value >= 0.50)
2026-04-30 00:04:24,505 - INFO - Step  140800 | Epoch 141 | MSE: 0.4559 | Steps/sec: 1.73 | LR: 4.72e-05 | Render_L1: 0.0206 | Alpha_L1: 0.0250 | Render_LPIPS: 0.1477 | cos(c,null): +0.2071 | GradNorm: 0.0478 | MSE/t: [0.00-0.50]0.522(n=6409) [0.50-0.85]0.393(n=5848) [0.85-0.95]0.355(n=511) [0.95-1.00]0.314(n=32)
2026-04-30 00:04:24,607 - INFO - [render-loss] step=140800 kept 35/64 samples (t_value >= 0.50)
2026-04-30 00:06:19,853 - INFO - Step  141000 | Epoch 141 | MSE: 0.4544 | Steps/sec: 1.73 | LR: 4.70e-05 | Render_L1: 0.0210 | Alpha_L1: 0.0257 | Render_LPIPS: 0.1491 | cos(c,null): +0.2066 | GradNorm: 0.0465 | MSE/t: [0.00-0.50]0.522(n=6396) [0.50-0.85]0.392(n=5838) [0.85-0.95]0.337(n=549) [0.95-1.00]0.268(n=17)
2026-04-30 00:06:20,063 - INFO - [cond] cfg_signal=0.0788 (min=0.0422 max=0.1373, n=16) | class_signal=0.1030 (min=0.0550 max=0.1649, n=16) | pred_rms=0.6508
2026-04-30 00:06:28,371 - INFO - [validation] saved: output/jit_B8_20260429_042413/dit_validation/epoch_141_step_0141000_class085.png (class=85, sampler=heun, steps=100)
2026-04-30 00:06:29,658 - INFO - [overrides] applied from jit/configs/overrides.yaml: lr_scale=1.0 max_grad_norm=5.0 null_repel_weight=0.0 P_mean=0.0
2026-04-30 00:06:29,754 - INFO - [render-loss] step=141000 kept 28/64 samples (t_value >= 0.50)
2026-04-30 00:08:24,920 - INFO - Step  141200 | Epoch 142 | MSE: 0.4619 | Steps/sec: 1.60 | LR: 4.67e-05 | Render_L1: 0.0212 | Alpha_L1: 0.0255 | Render_LPIPS: 0.1499 | cos(c,null): +0.2075 | GradNorm: 0.0463 | MSE/t: [0.00-0.50]0.528(n=6409) [0.50-0.85]0.399(n=5845) [0.85-0.95]0.358(n=526) [0.95-1.00]0.361(n=20)
2026-04-30 00:08:25,022 - INFO - [render-loss] step=141200 kept 27/64 samples (t_value >= 0.50)
2026-04-30 00:10:20,026 - INFO - Step  141400 | Epoch 142 | MSE: 0.4587 | Steps/sec: 1.74 | LR: 4.65e-05 | Render_L1: 0.0211 | Alpha_L1: 0.0256 | Render_LPIPS: 0.1490 | cos(c,null): +0.2083 | GradNorm: 0.0451 | MSE/t: [0.00-0.50]0.529(n=6374) [0.50-0.85]0.394(n=5883) [0.85-0.95]0.332(n=521) [0.95-1.00]0.379(n=22)
2026-04-30 00:10:20,127 - INFO - [render-loss] step=141400 kept 30/64 samples (t_value >= 0.50)
2026-04-30 00:12:15,158 - INFO - Step  141600 | Epoch 142 | MSE: 0.4572 | Steps/sec: 1.74 | LR: 4.62e-05 | Render_L1: 0.0212 | Alpha_L1: 0.0257 | Render_LPIPS: 0.1498 | cos(c,null): +0.2085 | GradNorm: 0.0464 | MSE/t: [0.00-0.50]0.519(n=6541) [0.50-0.85]0.395(n=5746) [0.85-0.95]0.358(n=488) [0.95-1.00]0.354(n=25)
2026-04-30 00:12:15,259 - INFO - [render-loss] step=141600 kept 32/64 samples (t_value >= 0.50)
2026-04-30 00:14:10,145 - INFO - Step  141800 | Epoch 142 | MSE: 0.4638 | Steps/sec: 1.74 | LR: 4.60e-05 | Render_L1: 0.0214 | Alpha_L1: 0.0253 | Render_LPIPS: 0.1512 | cos(c,null): +0.2076 | GradNorm: 0.0464 | MSE/t: [0.00-0.50]0.528(n=6409) [0.50-0.85]0.404(n=5869) [0.85-0.95]0.353(n=495) [0.95-1.00]0.257(n=27)
2026-04-30 00:14:10,247 - INFO - [render-loss] step=141800 kept 31/64 samples (t_value >= 0.50)
2026-04-30 00:16:04,916 - INFO - Step  142000 | Epoch 142 | MSE: 0.4598 | Steps/sec: 1.74 | LR: 4.58e-05 | Render_L1: 0.0211 | Alpha_L1: 0.0255 | Render_LPIPS: 0.1495 | cos(c,null): +0.2088 | GradNorm: 0.0482 | MSE/t: [0.00-0.50]0.527(n=6445) [0.50-0.85]0.395(n=5831) [0.85-0.95]0.355(n=507) [0.95-1.00]0.323(n=17)
2026-04-30 00:16:05,127 - INFO - [cond] cfg_signal=0.0809 (min=0.0430 max=0.1408, n=16) | class_signal=0.1061 (min=0.0579 max=0.1753, n=16) | pred_rms=0.6497
2026-04-30 00:16:13,291 - INFO - [validation] saved: output/jit_B8_20260429_042413/dit_validation/epoch_142_step_0142000_class076.png (class=76, sampler=heun, steps=100)
2026-04-30 00:16:14,569 - INFO - [overrides] applied from jit/configs/overrides.yaml: lr_scale=1.0 max_grad_norm=5.0 null_repel_weight=0.0 P_mean=0.0
2026-04-30 00:16:14,667 - INFO - [render-loss] step=142000 kept 31/64 samples (t_value >= 0.50)
2026-04-30 00:18:09,727 - INFO - Step  142200 | Epoch 143 | MSE: 0.4565 | Steps/sec: 1.61 | LR: 4.55e-05 | Render_L1: 0.0214 | Alpha_L1: 0.0259 | Render_LPIPS: 0.1501 | cos(c,null): +0.2090 | GradNorm: 0.0468 | MSE/t: [0.00-0.50]0.522(n=6479) [0.50-0.85]0.393(n=5792) [0.85-0.95]0.353(n=507) [0.95-1.00]0.326(n=22)
2026-04-30 00:18:09,828 - INFO - [render-loss] step=142200 kept 31/64 samples (t_value >= 0.50)
2026-04-30 00:20:05,280 - INFO - Step  142400 | Epoch 143 | MSE: 0.4570 | Steps/sec: 1.73 | LR: 4.53e-05 | Render_L1: 0.0209 | Alpha_L1: 0.0251 | Render_LPIPS: 0.1482 | cos(c,null): +0.2090 | GradNorm: 0.0570 | MSE/t: [0.00-0.50]0.528(n=6260) [0.50-0.85]0.393(n=6033) [0.85-0.95]0.347(n=477) [0.95-1.00]0.313(n=30)
2026-04-30 00:20:05,381 - INFO - [render-loss] step=142400 kept 31/64 samples (t_value >= 0.50)
2026-04-30 00:22:00,754 - INFO - Step  142600 | Epoch 143 | MSE: 0.4575 | Steps/sec: 1.73 | LR: 4.51e-05 | Render_L1: 0.0210 | Alpha_L1: 0.0255 | Render_LPIPS: 0.1485 | cos(c,null): +0.2081 | GradNorm: 0.0466 | MSE/t: [0.00-0.50]0.525(n=6390) [0.50-0.85]0.395(n=5894) [0.85-0.95]0.335(n=500) [0.95-1.00]0.328(n=16)
2026-04-30 00:22:00,855 - INFO - [render-loss] step=142600 kept 32/64 samples (t_value >= 0.50)
2026-04-30 00:23:55,861 - INFO - Step  142800 | Epoch 143 | MSE: 0.4568 | Steps/sec: 1.74 | LR: 4.48e-05 | Render_L1: 0.0210 | Alpha_L1: 0.0251 | Render_LPIPS: 0.1481 | cos(c,null): +0.2086 | GradNorm: 0.0444 | MSE/t: [0.00-0.50]0.523(n=6367) [0.50-0.85]0.396(n=5904) [0.85-0.95]0.337(n=505) [0.95-1.00]0.310(n=24)
2026-04-30 00:23:55,963 - INFO - [render-loss] step=142800 kept 31/64 samples (t_value >= 0.50)
2026-04-30 00:25:50,993 - INFO - Step  143000 | Epoch 143 | MSE: 0.4571 | Steps/sec: 1.74 | LR: 4.46e-05 | Render_L1: 0.0213 | Alpha_L1: 0.0255 | Render_LPIPS: 0.1504 | cos(c,null): +0.2089 | GradNorm: 0.0458 | MSE/t: [0.00-0.50]0.524(n=6401) [0.50-0.85]0.393(n=5852) [0.85-0.95]0.360(n=526) [0.95-1.00]0.288(n=21)
2026-04-30 00:25:51,201 - INFO - [cond] cfg_signal=0.0842 (min=0.0423 max=0.1504, n=16) | class_signal=0.1129 (min=0.0595 max=0.1914, n=16) | pred_rms=0.6473
2026-04-30 00:25:59,403 - INFO - [validation] saved: output/jit_B8_20260429_042413/dit_validation/epoch_143_step_0143000_class097.png (class=97, sampler=heun, steps=100)
2026-04-30 00:26:00,688 - INFO - [overrides] applied from jit/configs/overrides.yaml: lr_scale=1.0 max_grad_norm=5.0 null_repel_weight=0.0 P_mean=0.0
2026-04-30 00:26:00,784 - INFO - [render-loss] step=143000 kept 30/64 samples (t_value >= 0.50)
2026-04-30 00:27:56,183 - INFO - Step  143200 | Epoch 144 | MSE: 0.4586 | Steps/sec: 1.60 | LR: 4.44e-05 | Render_L1: 0.0211 | Alpha_L1: 0.0255 | Render_LPIPS: 0.1494 | cos(c,null): +0.2090 | GradNorm: 0.0450 | MSE/t: [0.00-0.50]0.524(n=6418) [0.50-0.85]0.397(n=5852) [0.85-0.95]0.349(n=505) [0.95-1.00]0.421(n=25)
2026-04-30 00:27:56,285 - INFO - [render-loss] step=143200 kept 32/64 samples (t_value >= 0.50)
2026-04-30 00:29:51,738 - INFO - Step  143400 | Epoch 144 | MSE: 0.4596 | Steps/sec: 1.73 | LR: 4.41e-05 | Render_L1: 0.0207 | Alpha_L1: 0.0248 | Render_LPIPS: 0.1475 | cos(c,null): +0.2070 | GradNorm: 0.0436 | MSE/t: [0.00-0.50]0.529(n=6441) [0.50-0.85]0.392(n=5887) [0.85-0.95]0.349(n=451) [0.95-1.00]0.348(n=21)
2026-04-30 00:29:51,839 - INFO - [render-loss] step=143400 kept 34/64 samples (t_value >= 0.50)
2026-04-30 00:31:46,458 - INFO - Step  143600 | Epoch 144 | MSE: 0.4600 | Steps/sec: 1.74 | LR: 4.39e-05 | Render_L1: 0.0211 | Alpha_L1: 0.0255 | Render_LPIPS: 0.1500 | cos(c,null): +0.2070 | GradNorm: 0.0460 | MSE/t: [0.00-0.50]0.531(n=6428) [0.50-0.85]0.392(n=5856) [0.85-0.95]0.345(n=498) [0.95-1.00]0.306(n=18)
2026-04-30 00:31:46,560 - INFO - [render-loss] step=143600 kept 26/64 samples (t_value >= 0.50)
2026-04-30 00:33:41,927 - INFO - Step  143800 | Epoch 144 | MSE: 0.4606 | Steps/sec: 1.73 | LR: 4.37e-05 | Render_L1: 0.0211 | Alpha_L1: 0.0256 | Render_LPIPS: 0.1495 | cos(c,null): +0.2074 | GradNorm: 0.0445 | MSE/t: [0.00-0.50]0.531(n=6345) [0.50-0.85]0.397(n=5881) [0.85-0.95]0.336(n=552) [0.95-1.00]0.276(n=22)
2026-04-30 00:33:42,029 - INFO - [render-loss] step=143800 kept 30/64 samples (t_value >= 0.50)
2026-04-30 00:35:37,375 - INFO - Step  144000 | Epoch 144 | MSE: 0.4587 | Steps/sec: 1.73 | LR: 4.34e-05 | Render_L1: 0.0210 | Alpha_L1: 0.0257 | Render_LPIPS: 0.1492 | cos(c,null): +0.2074 | GradNorm: 0.0450 | MSE/t: [0.00-0.50]0.525(n=6317) [0.50-0.85]0.398(n=5965) [0.85-0.95]0.352(n=489) [0.95-1.00]0.416(n=29)
2026-04-30 00:35:37,582 - INFO - [cond] cfg_signal=0.0808 (min=0.0441 max=0.1295, n=16) | class_signal=0.1061 (min=0.0563 max=0.1726, n=16) | pred_rms=0.6468
2026-04-30 00:35:45,940 - INFO - [validation] saved: output/jit_B8_20260429_042413/dit_validation/epoch_144_step_0144000_class102.png (class=102, sampler=heun, steps=100)
2026-04-30 00:35:47,223 - INFO - [overrides] applied from jit/configs/overrides.yaml: lr_scale=1.0 max_grad_norm=5.0 null_repel_weight=0.0 P_mean=0.0
2026-04-30 00:35:47,319 - INFO - [render-loss] step=144000 kept 33/64 samples (t_value >= 0.50)
2026-04-30 00:37:42,476 - INFO - Step  144200 | Epoch 145 | MSE: 0.4578 | Steps/sec: 1.60 | LR: 4.32e-05 | Render_L1: 0.0208 | Alpha_L1: 0.0253 | Render_LPIPS: 0.1481 | cos(c,null): +0.2070 | GradNorm: 0.0482 | MSE/t: [0.00-0.50]0.527(n=6437) [0.50-0.85]0.394(n=5784) [0.85-0.95]0.327(n=550) [0.95-1.00]0.335(n=29)
2026-04-30 00:37:42,578 - INFO - [render-loss] step=144200 kept 31/64 samples (t_value >= 0.50)
2026-04-30 00:39:37,938 - INFO - Step  144400 | Epoch 145 | MSE: 0.4611 | Steps/sec: 1.73 | LR: 4.30e-05 | Render_L1: 0.0210 | Alpha_L1: 0.0257 | Render_LPIPS: 0.1491 | cos(c,null): +0.2046 | GradNorm: 0.0471 | MSE/t: [0.00-0.50]0.530(n=6324) [0.50-0.85]0.399(n=5910) [0.85-0.95]0.347(n=532) [0.95-1.00]0.288(n=34)
2026-04-30 00:39:38,040 - INFO - [render-loss] step=144400 kept 37/64 samples (t_value >= 0.50)
2026-04-30 00:41:32,826 - INFO - Step  144600 | Epoch 145 | MSE: 0.4592 | Steps/sec: 1.74 | LR: 4.28e-05 | Render_L1: 0.0208 | Alpha_L1: 0.0250 | Render_LPIPS: 0.1470 | cos(c,null): +0.2046 | GradNorm: 0.0468 | MSE/t: [0.00-0.50]0.530(n=6371) [0.50-0.85]0.394(n=5901) [0.85-0.95]0.333(n=517) [0.95-1.00]0.354(n=11)
2026-04-30 00:41:32,928 - INFO - [render-loss] step=144600 kept 32/64 samples (t_value >= 0.50)
2026-04-30 00:43:27,656 - INFO - Step  144800 | Epoch 145 | MSE: 0.4603 | Steps/sec: 1.74 | LR: 4.25e-05 | Render_L1: 0.0212 | Alpha_L1: 0.0257 | Render_LPIPS: 0.1503 | cos(c,null): +0.2038 | GradNorm: 0.0463 | MSE/t: [0.00-0.50]0.526(n=6421) [0.50-0.85]0.400(n=5838) [0.85-0.95]0.329(n=518) [0.95-1.00]0.315(n=23)
2026-04-30 00:43:27,758 - INFO - [render-loss] step=144800 kept 31/64 samples (t_value >= 0.50)
2026-04-30 00:45:23,285 - INFO - Step  145000 | Epoch 145 | MSE: 0.4545 | Steps/sec: 1.73 | LR: 4.23e-05 | Render_L1: 0.0210 | Alpha_L1: 0.0251 | Render_LPIPS: 0.1488 | cos(c,null): +0.2023 | GradNorm: 0.0454 | MSE/t: [0.00-0.50]0.520(n=6465) [0.50-0.85]0.389(n=5800) [0.85-0.95]0.373(n=512) [0.95-1.00]0.349(n=23)
2026-04-30 00:45:23,493 - INFO - [cond] cfg_signal=0.0787 (min=0.0431 max=0.1300, n=16) | class_signal=0.1040 (min=0.0568 max=0.1672, n=16) | pred_rms=0.6536
2026-04-30 00:45:31,696 - INFO - [validation] saved: output/jit_B8_20260429_042413/dit_validation/epoch_145_step_0145000_class005.png (class=5, sampler=heun, steps=100)
2026-04-30 00:45:32,970 - INFO - [overrides] applied from jit/configs/overrides.yaml: lr_scale=1.0 max_grad_norm=5.0 null_repel_weight=0.0 P_mean=0.0
2026-04-30 00:45:33,067 - INFO - [render-loss] step=145000 kept 32/64 samples (t_value >= 0.50)
2026-04-30 00:47:28,108 - INFO - Step  145200 | Epoch 146 | MSE: 0.4566 | Steps/sec: 1.60 | LR: 4.21e-05 | Render_L1: 0.0208 | Alpha_L1: 0.0249 | Render_LPIPS: 0.1477 | cos(c,null): +0.2030 | GradNorm: 0.0441 | MSE/t: [0.00-0.50]0.528(n=6432) [0.50-0.85]0.390(n=5866) [0.85-0.95]0.328(n=487) [0.95-1.00]0.322(n=15)
2026-04-30 00:47:28,210 - INFO - [render-loss] step=145200 kept 27/64 samples (t_value >= 0.50)
2026-04-30 00:49:23,299 - INFO - Step  145400 | Epoch 146 | MSE: 0.4567 | Steps/sec: 1.74 | LR: 4.19e-05 | Render_L1: 0.0213 | Alpha_L1: 0.0254 | Render_LPIPS: 0.1497 | cos(c,null): +0.2037 | GradNorm: 0.0447 | MSE/t: [0.00-0.50]0.520(n=6385) [0.50-0.85]0.397(n=5904) [0.85-0.95]0.352(n=492) [0.95-1.00]0.308(n=19)
2026-04-30 00:49:23,401 - INFO - [render-loss] step=145400 kept 34/64 samples (t_value >= 0.50)
2026-04-30 00:51:19,172 - INFO - Step  145600 | Epoch 146 | MSE: 0.4576 | Steps/sec: 1.73 | LR: 4.16e-05 | Render_L1: 0.0210 | Alpha_L1: 0.0256 | Render_LPIPS: 0.1489 | cos(c,null): +0.2048 | GradNorm: 0.0446 | MSE/t: [0.00-0.50]0.527(n=6358) [0.50-0.85]0.393(n=5906) [0.85-0.95]0.346(n=516) [0.95-1.00]0.345(n=20)
2026-04-30 00:51:19,273 - INFO - [render-loss] step=145600 kept 34/64 samples (t_value >= 0.50)
2026-04-30 00:53:14,475 - INFO - Step  145800 | Epoch 146 | MSE: 0.4615 | Steps/sec: 1.73 | LR: 4.14e-05 | Render_L1: 0.0210 | Alpha_L1: 0.0257 | Render_LPIPS: 0.1496 | cos(c,null): +0.2055 | GradNorm: 0.0430 | MSE/t: [0.00-0.50]0.529(n=6320) [0.50-0.85]0.399(n=5959) [0.85-0.95]0.353(n=504) [0.95-1.00]0.430(n=17)
2026-04-30 00:53:14,576 - INFO - [render-loss] step=145800 kept 28/64 samples (t_value >= 0.50)
2026-04-30 00:55:09,898 - INFO - Step  146000 | Epoch 146 | MSE: 0.4613 | Steps/sec: 1.73 | LR: 4.12e-05 | Render_L1: 0.0209 | Alpha_L1: 0.0254 | Render_LPIPS: 0.1484 | cos(c,null): +0.2058 | GradNorm: 0.0476 | MSE/t: [0.00-0.50]0.529(n=6439) [0.50-0.85]0.397(n=5826) [0.85-0.95]0.340(n=509) [0.95-1.00]0.386(n=26)
2026-04-30 00:55:10,108 - INFO - [cond] cfg_signal=0.0798 (min=0.0430 max=0.1332, n=16) | class_signal=0.1055 (min=0.0556 max=0.1710, n=16) | pred_rms=0.6484
2026-04-30 00:55:18,381 - INFO - [validation] saved: output/jit_B8_20260429_042413/dit_validation/epoch_146_step_0146000_class032.png (class=32, sampler=heun, steps=100)
2026-04-30 00:55:19,662 - INFO - [overrides] applied from jit/configs/overrides.yaml: lr_scale=1.0 max_grad_norm=5.0 null_repel_weight=0.0 P_mean=0.0
2026-04-30 00:55:19,758 - INFO - [render-loss] step=146000 kept 28/64 samples (t_value >= 0.50)
2026-04-30 00:57:14,631 - INFO - Step  146200 | Epoch 147 | MSE: 0.4569 | Steps/sec: 1.61 | LR: 4.10e-05 | Render_L1: 0.0207 | Alpha_L1: 0.0252 | Render_LPIPS: 0.1480 | cos(c,null): +0.2068 | GradNorm: 0.0634 | MSE/t: [0.00-0.50]0.526(n=6443) [0.50-0.85]0.392(n=5833) [0.85-0.95]0.333(n=505) [0.95-1.00]0.281(n=19)
2026-04-30 00:57:14,733 - INFO - [render-loss] step=146200 kept 32/64 samples (t_value >= 0.50)
2026-04-30 00:59:09,698 - INFO - Step  146400 | Epoch 147 | MSE: 0.4573 | Steps/sec: 1.74 | LR: 4.07e-05 | Render_L1: 0.0211 | Alpha_L1: 0.0253 | Render_LPIPS: 0.1487 | cos(c,null): +0.2078 | GradNorm: 0.0454 | MSE/t: [0.00-0.50]0.525(n=6366) [0.50-0.85]0.395(n=5879) [0.85-0.95]0.345(n=533) [0.95-1.00]0.319(n=22)
2026-04-30 00:59:09,800 - INFO - [render-loss] step=146400 kept 36/64 samples (t_value >= 0.50)
2026-04-30 01:01:04,500 - INFO - Step  146600 | Epoch 147 | MSE: 0.4623 | Steps/sec: 1.74 | LR: 4.05e-05 | Render_L1: 0.0208 | Alpha_L1: 0.0252 | Render_LPIPS: 0.1486 | cos(c,null): +0.2082 | GradNorm: 0.0455 | MSE/t: [0.00-0.50]0.533(n=6490) [0.50-0.85]0.394(n=5748) [0.85-0.95]0.357(n=536) [0.95-1.00]0.290(n=26)
2026-04-30 01:01:04,601 - INFO - [render-loss] step=146600 kept 26/64 samples (t_value >= 0.50)
2026-04-30 01:02:59,608 - INFO - Step  146800 | Epoch 147 | MSE: 0.4560 | Steps/sec: 1.74 | LR: 4.03e-05 | Render_L1: 0.0209 | Alpha_L1: 0.0254 | Render_LPIPS: 0.1479 | cos(c,null): +0.2077 | GradNorm: 0.0497 | MSE/t: [0.00-0.50]0.525(n=6409) [0.50-0.85]0.390(n=5821) [0.85-0.95]0.346(n=552) [0.95-1.00]0.443(n=18)
2026-04-30 01:02:59,709 - INFO - [render-loss] step=146800 kept 36/64 samples (t_value >= 0.50)
2026-04-30 01:04:54,506 - INFO - Step  147000 | Epoch 147 | MSE: 0.4550 | Steps/sec: 1.74 | LR: 4.01e-05 | Render_L1: 0.0213 | Alpha_L1: 0.0261 | Render_LPIPS: 0.1497 | cos(c,null): +0.2082 | GradNorm: 0.0494 | MSE/t: [0.00-0.50]0.518(n=6358) [0.50-0.85]0.396(n=5906) [0.85-0.95]0.348(n=513) [0.95-1.00]0.381(n=23)
2026-04-30 01:04:54,714 - INFO - [cond] cfg_signal=0.0828 (min=0.0436 max=0.1457, n=16) | class_signal=0.1078 (min=0.0559 max=0.1824, n=16) | pred_rms=0.6499
2026-04-30 01:05:02,958 - INFO - [validation] saved: output/jit_B8_20260429_042413/dit_validation/epoch_147_step_0147000_class041.png (class=41, sampler=heun, steps=100)
2026-04-30 01:05:04,695 - INFO - [overrides] applied from jit/configs/overrides.yaml: lr_scale=1.0 max_grad_norm=5.0 null_repel_weight=0.0 P_mean=0.0
2026-04-30 01:05:04,792 - INFO - [render-loss] step=147000 kept 34/64 samples (t_value >= 0.50)
2026-04-30 01:07:00,146 - INFO - Step  147200 | Epoch 148 | MSE: 0.4558 | Steps/sec: 1.59 | LR: 3.99e-05 | Render_L1: 0.0211 | Alpha_L1: 0.0252 | Render_LPIPS: 0.1491 | cos(c,null): +0.2075 | GradNorm: 0.0454 | MSE/t: [0.00-0.50]0.521(n=6395) [0.50-0.85]0.395(n=5859) [0.85-0.95]0.345(n=528) [0.95-1.00]0.462(n=18)
2026-04-30 01:07:00,248 - INFO - [render-loss] step=147200 kept 36/64 samples (t_value >= 0.50)
2026-04-30 01:08:55,193 - INFO - Step  147400 | Epoch 148 | MSE: 0.4590 | Steps/sec: 1.74 | LR: 3.96e-05 | Render_L1: 0.0211 | Alpha_L1: 0.0258 | Render_LPIPS: 0.1495 | cos(c,null): +0.2065 | GradNorm: 0.0449 | MSE/t: [0.00-0.50]0.529(n=6455) [0.50-0.85]0.392(n=5842) [0.85-0.95]0.344(n=478) [0.95-1.00]0.312(n=25)
2026-04-30 01:08:55,295 - INFO - [render-loss] step=147400 kept 37/64 samples (t_value >= 0.50)
2026-04-30 01:10:50,339 - INFO - Step  147600 | Epoch 148 | MSE: 0.4539 | Steps/sec: 1.74 | LR: 3.94e-05 | Render_L1: 0.0208 | Alpha_L1: 0.0250 | Render_LPIPS: 0.1482 | cos(c,null): +0.2061 | GradNorm: 0.0439 | MSE/t: [0.00-0.50]0.521(n=6447) [0.50-0.85]0.390(n=5774) [0.85-0.95]0.353(n=561) [0.95-1.00]0.348(n=18)
2026-04-30 01:10:50,440 - INFO - [render-loss] step=147600 kept 35/64 samples (t_value >= 0.50)
2026-04-30 01:12:45,636 - INFO - Step  147800 | Epoch 148 | MSE: 0.4585 | Steps/sec: 1.73 | LR: 3.92e-05 | Render_L1: 0.0208 | Alpha_L1: 0.0256 | Render_LPIPS: 0.1477 | cos(c,null): +0.2053 | GradNorm: 0.0463 | MSE/t: [0.00-0.50]0.531(n=6487) [0.50-0.85]0.388(n=5789) [0.85-0.95]0.340(n=511) [0.95-1.00]0.380(n=13)
2026-04-30 01:12:45,736 - INFO - [render-loss] step=147800 kept 38/64 samples (t_value >= 0.50)
2026-04-30 01:14:41,504 - INFO - Step  148000 | Epoch 148 | MSE: 0.4545 | Steps/sec: 1.73 | LR: 3.90e-05 | Render_L1: 0.0212 | Alpha_L1: 0.0256 | Render_LPIPS: 0.1495 | cos(c,null): +0.2053 | GradNorm: 0.0456 | MSE/t: [0.00-0.50]0.521(n=6309) [0.50-0.85]0.395(n=5979) [0.85-0.95]0.327(n=496) [0.95-1.00]0.466(n=16)
2026-04-30 01:14:41,715 - INFO - [cond] cfg_signal=0.0826 (min=0.0430 max=0.1500, n=16) | class_signal=0.1071 (min=0.0567 max=0.1731, n=16) | pred_rms=0.6602
2026-04-30 01:14:49,957 - INFO - [validation] saved: output/jit_B8_20260429_042413/dit_validation/epoch_148_step_0148000_class063.png (class=63, sampler=heun, steps=100)
2026-04-30 01:14:51,237 - INFO - [overrides] applied from jit/configs/overrides.yaml: lr_scale=1.0 max_grad_norm=5.0 null_repel_weight=0.0 P_mean=0.0
2026-04-30 01:14:51,334 - INFO - [render-loss] step=148000 kept 30/64 samples (t_value >= 0.50)
2026-04-30 01:16:47,145 - INFO - Step  148200 | Epoch 149 | MSE: 0.4576 | Steps/sec: 1.59 | LR: 3.88e-05 | Render_L1: 0.0211 | Alpha_L1: 0.0259 | Render_LPIPS: 0.1499 | cos(c,null): +0.2058 | GradNorm: 0.0425 | MSE/t: [0.00-0.50]0.528(n=6339) [0.50-0.85]0.393(n=5938) [0.85-0.95]0.344(n=501) [0.95-1.00]0.287(n=22)
2026-04-30 01:16:47,246 - INFO - [render-loss] step=148200 kept 37/64 samples (t_value >= 0.50)
2026-04-30 01:18:42,268 - INFO - Step  148400 | Epoch 149 | MSE: 0.4553 | Steps/sec: 1.74 | LR: 3.85e-05 | Render_L1: 0.0209 | Alpha_L1: 0.0253 | Render_LPIPS: 0.1478 | cos(c,null): +0.2064 | GradNorm: 0.0452 | MSE/t: [0.00-0.50]0.524(n=6432) [0.50-0.85]0.389(n=5827) [0.85-0.95]0.359(n=516) [0.95-1.00]0.285(n=25)
2026-04-30 01:18:42,369 - INFO - [render-loss] step=148400 kept 30/64 samples (t_value >= 0.50)
2026-04-30 01:20:37,497 - INFO - Step  148600 | Epoch 149 | MSE: 0.4569 | Steps/sec: 1.74 | LR: 3.83e-05 | Render_L1: 0.0209 | Alpha_L1: 0.0252 | Render_LPIPS: 0.1481 | cos(c,null): +0.2066 | GradNorm: 0.0471 | MSE/t: [0.00-0.50]0.528(n=6388) [0.50-0.85]0.391(n=5863) [0.85-0.95]0.334(n=528) [0.95-1.00]0.332(n=21)
2026-04-30 01:20:37,598 - INFO - [render-loss] step=148600 kept 39/64 samples (t_value >= 0.50)
2026-04-30 01:22:33,057 - INFO - Step  148800 | Epoch 149 | MSE: 0.4529 | Steps/sec: 1.73 | LR: 3.81e-05 | Render_L1: 0.0211 | Alpha_L1: 0.0255 | Render_LPIPS: 0.1478 | cos(c,null): +0.2072 | GradNorm: 0.0453 | MSE/t: [0.00-0.50]0.521(n=6380) [0.50-0.85]0.388(n=5884) [0.85-0.95]0.344(n=519) [0.95-1.00]0.443(n=17)
2026-04-30 01:22:33,159 - INFO - [render-loss] step=148800 kept 28/64 samples (t_value >= 0.50)
2026-04-30 01:24:28,297 - INFO - Step  149000 | Epoch 149 | MSE: 0.4578 | Steps/sec: 1.74 | LR: 3.79e-05 | Render_L1: 0.0212 | Alpha_L1: 0.0258 | Render_LPIPS: 0.1505 | cos(c,null): +0.2078 | GradNorm: 0.0454 | MSE/t: [0.00-0.50]0.524(n=6422) [0.50-0.85]0.396(n=5811) [0.85-0.95]0.339(n=547) [0.95-1.00]0.282(n=20)
2026-04-30 01:24:28,507 - INFO - [cond] cfg_signal=0.0804 (min=0.0435 max=0.1348, n=16) | class_signal=0.1052 (min=0.0560 max=0.1729, n=16) | pred_rms=0.6599
2026-04-30 01:24:36,824 - INFO - [validation] saved: output/jit_B8_20260429_042413/dit_validation/epoch_149_step_0149000_class013.png (class=13, sampler=heun, steps=100)
2026-04-30 01:24:38,098 - INFO - [overrides] applied from jit/configs/overrides.yaml: lr_scale=1.0 max_grad_norm=5.0 null_repel_weight=0.0 P_mean=0.0
2026-04-30 01:24:38,196 - INFO - [render-loss] step=149000 kept 27/64 samples (t_value >= 0.50)
2026-04-30 01:26:34,053 - INFO - Step  149200 | Epoch 150 | MSE: 0.4594 | Steps/sec: 1.59 | LR: 3.77e-05 | Render_L1: 0.0213 | Alpha_L1: 0.0255 | Render_LPIPS: 0.1501 | cos(c,null): +0.2082 | GradNorm: 0.0433 | MSE/t: [0.00-0.50]0.523(n=6369) [0.50-0.85]0.401(n=5906) [0.85-0.95]0.352(n=501) [0.95-1.00]0.315(n=24)
2026-04-30 01:26:34,155 - INFO - [render-loss] step=149200 kept 39/64 samples (t_value >= 0.50)
2026-04-30 01:28:28,964 - INFO - Step  149400 | Epoch 150 | MSE: 0.4558 | Steps/sec: 1.74 | LR: 3.75e-05 | Render_L1: 0.0206 | Alpha_L1: 0.0248 | Render_LPIPS: 0.1465 | cos(c,null): +0.2082 | GradNorm: 0.0446 | MSE/t: [0.00-0.50]0.526(n=6464) [0.50-0.85]0.390(n=5815) [0.85-0.95]0.320(n=498) [0.95-1.00]0.313(n=23)
2026-04-30 01:28:29,065 - INFO - [render-loss] step=149400 kept 41/64 samples (t_value >= 0.50)
2026-04-30 01:30:24,600 - INFO - Step  149600 | Epoch 150 | MSE: 0.4553 | Steps/sec: 1.73 | LR: 3.73e-05 | Render_L1: 0.0208 | Alpha_L1: 0.0251 | Render_LPIPS: 0.1474 | cos(c,null): +0.2085 | GradNorm: 0.0566 | MSE/t: [0.00-0.50]0.524(n=6302) [0.50-0.85]0.395(n=5943) [0.85-0.95]0.326(n=532) [0.95-1.00]0.259(n=23)
2026-04-30 01:30:24,701 - INFO - [render-loss] step=149600 kept 33/64 samples (t_value >= 0.50)
2026-04-30 01:32:19,719 - INFO - Step  149800 | Epoch 150 | MSE: 0.4550 | Steps/sec: 1.74 | LR: 3.71e-05 | Render_L1: 0.0210 | Alpha_L1: 0.0254 | Render_LPIPS: 0.1494 | cos(c,null): +0.2093 | GradNorm: 0.0430 | MSE/t: [0.00-0.50]0.519(n=6363) [0.50-0.85]0.395(n=5935) [0.85-0.95]0.346(n=485) [0.95-1.00]0.343(n=17)
2026-04-30 01:32:19,820 - INFO - [render-loss] step=149800 kept 33/64 samples (t_value >= 0.50)
2026-04-30 01:34:14,748 - INFO - Step  150000 | Epoch 150 | MSE: 0.4583 | Steps/sec: 1.74 | LR: 3.68e-05 | Render_L1: 0.0207 | Alpha_L1: 0.0252 | Render_LPIPS: 0.1471 | cos(c,null): +0.2097 | GradNorm: 0.0442 | MSE/t: [0.00-0.50]0.527(n=6520) [0.50-0.85]0.391(n=5769) [0.85-0.95]0.347(n=489) [0.95-1.00]0.266(n=22)
2026-04-30 01:34:14,954 - INFO - [cond] cfg_signal=0.0816 (min=0.0440 max=0.1415, n=16) | class_signal=0.1062 (min=0.0556 max=0.1750, n=16) | pred_rms=0.6555
2026-04-30 01:34:23,299 - INFO - [validation] saved: output/jit_B8_20260429_042413/dit_validation/epoch_150_step_0150000_class048.png (class=48, sampler=heun, steps=100)
2026-04-30 01:34:24,589 - INFO - [overrides] applied from jit/configs/overrides.yaml: lr_scale=1.0 max_grad_norm=5.0 null_repel_weight=0.0 P_mean=0.0
2026-04-30 01:34:24,686 - INFO - [render-loss] step=150000 kept 28/64 samples (t_value >= 0.50)
2026-04-30 01:36:19,815 - INFO - Step  150200 | Epoch 151 | MSE: 0.4560 | Steps/sec: 1.60 | LR: 3.66e-05 | Render_L1: 0.0208 | Alpha_L1: 0.0252 | Render_LPIPS: 0.1477 | cos(c,null): +0.2096 | GradNorm: 0.0450 | MSE/t: [0.00-0.50]0.526(n=6362) [0.50-0.85]0.390(n=5871) [0.85-0.95]0.350(n=542) [0.95-1.00]0.373(n=25)
2026-04-30 01:36:19,917 - INFO - [render-loss] step=150200 kept 28/64 samples (t_value >= 0.50)
2026-04-30 01:38:15,091 - INFO - Step  150400 | Epoch 151 | MSE: 0.4605 | Steps/sec: 1.73 | LR: 3.64e-05 | Render_L1: 0.0207 | Alpha_L1: 0.0251 | Render_LPIPS: 0.1479 | cos(c,null): +0.2099 | GradNorm: 0.0432 | MSE/t: [0.00-0.50]0.535(n=6377) [0.50-0.85]0.391(n=5851) [0.85-0.95]0.339(n=550) [0.95-1.00]0.333(n=22)
2026-04-30 01:38:15,192 - INFO - [render-loss] step=150400 kept 36/64 samples (t_value >= 0.50)
2026-04-30 01:40:09,929 - INFO - Step  150600 | Epoch 151 | MSE: 0.4556 | Steps/sec: 1.74 | LR: 3.62e-05 | Render_L1: 0.0210 | Alpha_L1: 0.0253 | Render_LPIPS: 0.1484 | cos(c,null): +0.2098 | GradNorm: 0.0440 | MSE/t: [0.00-0.50]0.521(n=6485) [0.50-0.85]0.391(n=5781) [0.85-0.95]0.360(n=512) [0.95-1.00]0.360(n=22)
2026-04-30 01:40:10,030 - INFO - [render-loss] step=150600 kept 34/64 samples (t_value >= 0.50)
2026-04-30 01:42:05,624 - INFO - Step  150800 | Epoch 151 | MSE: 0.4627 | Steps/sec: 1.73 | LR: 3.60e-05 | Render_L1: 0.0211 | Alpha_L1: 0.0256 | Render_LPIPS: 0.1498 | cos(c,null): +0.2093 | GradNorm: 0.0448 | MSE/t: [0.00-0.50]0.532(n=6377) [0.50-0.85]0.399(n=5851) [0.85-0.95]0.346(n=551) [0.95-1.00]0.345(n=21)
2026-04-30 01:42:05,725 - INFO - [render-loss] step=150800 kept 29/64 samples (t_value >= 0.50)
2026-04-30 01:44:01,047 - INFO - Step  151000 | Epoch 151 | MSE: 0.4636 | Steps/sec: 1.73 | LR: 3.58e-05 | Render_L1: 0.0208 | Alpha_L1: 0.0250 | Render_LPIPS: 0.1483 | cos(c,null): +0.2093 | GradNorm: 0.0449 | MSE/t: [0.00-0.50]0.535(n=6418) [0.50-0.85]0.397(n=5854) [0.85-0.95]0.333(n=504) [0.95-1.00]0.370(n=24)
2026-04-30 01:44:01,257 - INFO - [cond] cfg_signal=0.0851 (min=0.0435 max=0.1467, n=16) | class_signal=0.1130 (min=0.0574 max=0.1896, n=16) | pred_rms=0.6635
2026-04-30 01:44:09,458 - INFO - [validation] saved: output/jit_B8_20260429_042413/dit_validation/epoch_151_step_0151000_class060.png (class=60, sampler=heun, steps=100)
2026-04-30 01:44:10,745 - INFO - [overrides] applied from jit/configs/overrides.yaml: lr_scale=1.0 max_grad_norm=5.0 null_repel_weight=0.0 P_mean=0.0
2026-04-30 01:44:10,841 - INFO - [render-loss] step=151000 kept 36/64 samples (t_value >= 0.50)
2026-04-30 01:46:05,776 - INFO - Step  151200 | Epoch 152 | MSE: 0.4557 | Steps/sec: 1.61 | LR: 3.56e-05 | Render_L1: 0.0209 | Alpha_L1: 0.0252 | Render_LPIPS: 0.1481 | cos(c,null): +0.2093 | GradNorm: 0.0440 | MSE/t: [0.00-0.50]0.522(n=6385) [0.50-0.85]0.393(n=5913) [0.85-0.95]0.346(n=485) [0.95-1.00]0.414(n=17)
2026-04-30 01:46:05,878 - INFO - [render-loss] step=151200 kept 22/64 samples (t_value >= 0.50)
2026-04-30 01:48:00,924 - INFO - Step  151400 | Epoch 152 | MSE: 0.4583 | Steps/sec: 1.74 | LR: 3.54e-05 | Render_L1: 0.0208 | Alpha_L1: 0.0254 | Render_LPIPS: 0.1488 | cos(c,null): +0.2080 | GradNorm: 2.6236 | MSE/t: [0.00-0.50]0.523(n=6372) [0.50-0.85]0.397(n=5895) [0.85-0.95]0.357(n=507) [0.95-1.00]0.407(n=26)
2026-04-30 01:48:01,025 - INFO - [render-loss] step=151400 kept 28/64 samples (t_value >= 0.50)
2026-04-30 01:49:56,192 - INFO - Step  151600 | Epoch 152 | MSE: 0.4565 | Steps/sec: 1.74 | LR: 3.52e-05 | Render_L1: 0.0208 | Alpha_L1: 0.0253 | Render_LPIPS: 0.1482 | cos(c,null): +0.2086 | GradNorm: 0.0443 | MSE/t: [0.00-0.50]0.522(n=6422) [0.50-0.85]0.394(n=5857) [0.85-0.95]0.352(n=502) [0.95-1.00]0.325(n=19)
2026-04-30 01:49:56,292 - INFO - [render-loss] step=151600 kept 33/64 samples (t_value >= 0.50)
2026-04-30 01:51:51,424 - INFO - Step  151800 | Epoch 152 | MSE: 0.4517 | Steps/sec: 1.74 | LR: 3.50e-05 | Render_L1: 0.0208 | Alpha_L1: 0.0252 | Render_LPIPS: 0.1481 | cos(c,null): +0.2090 | GradNorm: 0.0540 | MSE/t: [0.00-0.50]0.518(n=6379) [0.50-0.85]0.389(n=5920) [0.85-0.95]0.347(n=482) [0.95-1.00]0.337(n=19)
2026-04-30 01:51:51,526 - INFO - [render-loss] step=151800 kept 35/64 samples (t_value >= 0.50)
2026-04-30 01:53:46,787 - INFO - Step  152000 | Epoch 152 | MSE: 0.4617 | Steps/sec: 1.73 | LR: 3.48e-05 | Render_L1: 0.0210 | Alpha_L1: 0.0254 | Render_LPIPS: 0.1489 | cos(c,null): +0.2091 | GradNorm: 0.0432 | MSE/t: [0.00-0.50]0.529(n=6414) [0.50-0.85]0.398(n=5879) [0.85-0.95]0.354(n=485) [0.95-1.00]0.441(n=22)
2026-04-30 01:53:46,995 - INFO - [cond] cfg_signal=0.0818 (min=0.0430 max=0.1438, n=16) | class_signal=0.1075 (min=0.0533 max=0.1775, n=16) | pred_rms=0.6587
2026-04-30 01:53:55,196 - INFO - [validation] saved: output/jit_B8_20260429_042413/dit_validation/epoch_152_step_0152000_class100.png (class=100, sampler=heun, steps=100)
2026-04-30 01:53:56,480 - INFO - [overrides] applied from jit/configs/overrides.yaml: lr_scale=1.0 max_grad_norm=5.0 null_repel_weight=0.0 P_mean=0.0
2026-04-30 01:53:56,576 - INFO - [render-loss] step=152000 kept 33/64 samples (t_value >= 0.50)
2026-04-30 01:55:52,689 - INFO - Step  152200 | Epoch 153 | MSE: 0.4561 | Steps/sec: 1.59 | LR: 3.46e-05 | Render_L1: 0.0208 | Alpha_L1: 0.0252 | Render_LPIPS: 0.1478 | cos(c,null): +0.2087 | GradNorm: 0.0429 | MSE/t: [0.00-0.50]0.524(n=6263) [0.50-0.85]0.398(n=5953) [0.85-0.95]0.321(n=559) [0.95-1.00]0.298(n=25)
2026-04-30 01:55:52,791 - INFO - [render-loss] step=152200 kept 38/64 samples (t_value >= 0.50)
2026-04-30 01:57:47,697 - INFO - Step  152400 | Epoch 153 | MSE: 0.4625 | Steps/sec: 1.74 | LR: 3.44e-05 | Render_L1: 0.0210 | Alpha_L1: 0.0253 | Render_LPIPS: 0.1489 | cos(c,null): +0.2094 | GradNorm: 0.0424 | MSE/t: [0.00-0.50]0.532(n=6462) [0.50-0.85]0.396(n=5789) [0.85-0.95]0.344(n=526) [0.95-1.00]0.312(n=23)
2026-04-30 01:57:47,798 - INFO - [render-loss] step=152400 kept 33/64 samples (t_value >= 0.50)
2026-04-30 01:59:42,493 - INFO - Step  152600 | Epoch 153 | MSE: 0.4583 | Steps/sec: 1.74 | LR: 3.42e-05 | Render_L1: 0.0213 | Alpha_L1: 0.0257 | Render_LPIPS: 0.1495 | cos(c,null): +0.2098 | GradNorm: 0.0448 | MSE/t: [0.00-0.50]0.522(n=6475) [0.50-0.85]0.399(n=5780) [0.85-0.95]0.336(n=520) [0.95-1.00]0.359(n=25)
2026-04-30 01:59:42,595 - INFO - [render-loss] step=152600 kept 30/64 samples (t_value >= 0.50)
2026-04-30 02:01:37,851 - INFO - Step  152800 | Epoch 153 | MSE: 0.4605 | Steps/sec: 1.73 | LR: 3.40e-05 | Render_L1: 0.0210 | Alpha_L1: 0.0256 | Render_LPIPS: 0.1491 | cos(c,null): +0.2098 | GradNorm: 0.0443 | MSE/t: [0.00-0.50]0.527(n=6374) [0.50-0.85]0.400(n=5917) [0.85-0.95]0.342(n=487) [0.95-1.00]0.326(n=22)
2026-04-30 02:01:37,952 - INFO - [render-loss] step=152800 kept 35/64 samples (t_value >= 0.50)
2026-04-30 02:03:33,000 - INFO - Step  153000 | Epoch 153 | MSE: 0.4619 | Steps/sec: 1.74 | LR: 3.38e-05 | Render_L1: 0.0209 | Alpha_L1: 0.0253 | Render_LPIPS: 0.1477 | cos(c,null): +0.2097 | GradNorm: 0.0432 | MSE/t: [0.00-0.50]0.533(n=6389) [0.50-0.85]0.394(n=5923) [0.85-0.95]0.347(n=471) [0.95-1.00]0.362(n=17)
2026-04-30 02:03:33,209 - INFO - [cond] cfg_signal=0.0811 (min=0.0416 max=0.1459, n=16) | class_signal=0.1074 (min=0.0540 max=0.1767, n=16) | pred_rms=0.6491
2026-04-30 02:03:41,421 - INFO - [validation] saved: output/jit_B8_20260429_042413/dit_validation/epoch_153_step_0153000_class065.png (class=65, sampler=heun, steps=100)
2026-04-30 02:03:42,705 - INFO - [overrides] applied from jit/configs/overrides.yaml: lr_scale=1.0 max_grad_norm=5.0 null_repel_weight=0.0 P_mean=0.0
2026-04-30 02:03:42,801 - INFO - [render-loss] step=153000 kept 37/64 samples (t_value >= 0.50)
2026-04-30 02:05:37,782 - INFO - Step  153200 | Epoch 154 | MSE: 0.4586 | Steps/sec: 1.61 | LR: 3.36e-05 | Render_L1: 0.0206 | Alpha_L1: 0.0248 | Render_LPIPS: 0.1466 | cos(c,null): +0.2089 | GradNorm: 0.0427 | MSE/t: [0.00-0.50]0.528(n=6430) [0.50-0.85]0.392(n=5829) [0.85-0.95]0.345(n=523) [0.95-1.00]0.386(n=18)
2026-04-30 02:05:37,884 - INFO - [render-loss] step=153200 kept 36/64 samples (t_value >= 0.50)
2026-04-30 02:07:33,398 - INFO - Step  153400 | Epoch 154 | MSE: 0.4557 | Steps/sec: 1.73 | LR: 3.34e-05 | Render_L1: 0.0206 | Alpha_L1: 0.0250 | Render_LPIPS: 0.1472 | cos(c,null): +0.2093 | GradNorm: 0.0422 | MSE/t: [0.00-0.50]0.524(n=6458) [0.50-0.85]0.391(n=5800) [0.85-0.95]0.332(n=525) [0.95-1.00]0.332(n=17)
2026-04-30 02:07:33,499 - INFO - [render-loss] step=153400 kept 36/64 samples (t_value >= 0.50)
2026-04-30 02:09:28,614 - INFO - Step  153600 | Epoch 154 | MSE: 0.4562 | Steps/sec: 1.74 | LR: 3.32e-05 | Render_L1: 0.0206 | Alpha_L1: 0.0253 | Render_LPIPS: 0.1469 | cos(c,null): +0.2099 | GradNorm: 0.0426 | MSE/t: [0.00-0.50]0.523(n=6486) [0.50-0.85]0.391(n=5814) [0.85-0.95]0.343(n=480) [0.95-1.00]0.282(n=20)
2026-04-30 02:09:28,716 - INFO - [render-loss] step=153600 kept 31/64 samples (t_value >= 0.50)
2026-04-30 02:11:24,107 - INFO - Step  153800 | Epoch 154 | MSE: 0.4611 | Steps/sec: 1.73 | LR: 3.30e-05 | Render_L1: 0.0209 | Alpha_L1: 0.0253 | Render_LPIPS: 0.1482 | cos(c,null): +0.2105 | GradNorm: 0.0444 | MSE/t: [0.00-0.50]0.530(n=6416) [0.50-0.85]0.394(n=5862) [0.85-0.95]0.364(n=505) [0.95-1.00]0.379(n=17)
2026-04-30 02:11:24,208 - INFO - [render-loss] step=153800 kept 36/64 samples (t_value >= 0.50)
2026-04-30 02:13:18,757 - INFO - Step  154000 | Epoch 154 | MSE: 0.4606 | Steps/sec: 1.74 | LR: 3.28e-05 | Render_L1: 0.0210 | Alpha_L1: 0.0251 | Render_LPIPS: 0.1489 | cos(c,null): +0.2107 | GradNorm: 0.0449 | MSE/t: [0.00-0.50]0.527(n=6510) [0.50-0.85]0.394(n=5742) [0.85-0.95]0.368(n=524) [0.95-1.00]0.305(n=24)
2026-04-30 02:13:18,966 - INFO - [cond] cfg_signal=0.0801 (min=0.0395 max=0.1369, n=16) | class_signal=0.1055 (min=0.0577 max=0.1755, n=16) | pred_rms=0.6493
2026-04-30 02:13:27,221 - INFO - [validation] saved: output/jit_B8_20260429_042413/dit_validation/epoch_154_step_0154000_class090.png (class=90, sampler=heun, steps=100)
2026-04-30 02:13:28,539 - INFO - [overrides] applied from jit/configs/overrides.yaml: lr_scale=1.0 max_grad_norm=5.0 null_repel_weight=0.0 P_mean=0.0
2026-04-30 02:13:28,635 - INFO - [render-loss] step=154000 kept 33/64 samples (t_value >= 0.50)
2026-04-30 02:15:24,031 - INFO - Step  154200 | Epoch 155 | MSE: 0.4598 | Steps/sec: 1.60 | LR: 3.26e-05 | Render_L1: 0.0208 | Alpha_L1: 0.0250 | Render_LPIPS: 0.1483 | cos(c,null): +0.2104 | GradNorm: 0.0440 | MSE/t: [0.00-0.50]0.524(n=6395) [0.50-0.85]0.398(n=5860) [0.85-0.95]0.362(n=524) [0.95-1.00]0.421(n=21)
2026-04-30 02:15:24,131 - INFO - [render-loss] step=154200 kept 37/64 samples (t_value >= 0.50)
2026-04-30 02:17:19,495 - INFO - Step  154400 | Epoch 155 | MSE: 0.4550 | Steps/sec: 1.73 | LR: 3.24e-05 | Render_L1: 0.0209 | Alpha_L1: 0.0252 | Render_LPIPS: 0.1481 | cos(c,null): +0.2102 | GradNorm: 0.0441 | MSE/t: [0.00-0.50]0.524(n=6304) [0.50-0.85]0.391(n=5929) [0.85-0.95]0.368(n=552) [0.95-1.00]0.276(n=15)
2026-04-30 02:17:19,596 - INFO - [render-loss] step=154400 kept 35/64 samples (t_value >= 0.50)
2026-04-30 02:19:14,702 - INFO - Step  154600 | Epoch 155 | MSE: 0.4571 | Steps/sec: 1.74 | LR: 3.22e-05 | Render_L1: 0.0205 | Alpha_L1: 0.0249 | Render_LPIPS: 0.1467 | cos(c,null): +0.2100 | GradNorm: 0.0440 | MSE/t: [0.00-0.50]0.527(n=6431) [0.50-0.85]0.392(n=5810) [0.85-0.95]0.323(n=534) [0.95-1.00]0.356(n=25)
2026-04-30 02:19:14,802 - INFO - [render-loss] step=154600 kept 30/64 samples (t_value >= 0.50)
2026-04-30 02:21:09,775 - INFO - Step  154800 | Epoch 155 | MSE: 0.4609 | Steps/sec: 1.74 | LR: 3.20e-05 | Render_L1: 0.0206 | Alpha_L1: 0.0250 | Render_LPIPS: 0.1469 | cos(c,null): +0.2097 | GradNorm: 0.0425 | MSE/t: [0.00-0.50]0.531(n=6474) [0.50-0.85]0.394(n=5794) [0.85-0.95]0.340(n=507) [0.95-1.00]0.349(n=25)
2026-04-30 02:21:09,876 - INFO - [render-loss] step=154800 kept 29/64 samples (t_value >= 0.50)
2026-04-30 02:23:04,662 - INFO - Step  155000 | Epoch 155 | MSE: 0.4599 | Steps/sec: 1.74 | LR: 3.18e-05 | Render_L1: 0.0208 | Alpha_L1: 0.0250 | Render_LPIPS: 0.1479 | cos(c,null): +0.2102 | GradNorm: 0.0433 | MSE/t: [0.00-0.50]0.526(n=6432) [0.50-0.85]0.398(n=5866) [0.85-0.95]0.343(n=483) [0.95-1.00]0.420(n=19)
2026-04-30 02:23:04,871 - INFO - [cond] cfg_signal=0.0814 (min=0.0414 max=0.1380, n=16) | class_signal=0.1069 (min=0.0580 max=0.1765, n=16) | pred_rms=0.6519
2026-04-30 02:23:13,166 - INFO - [validation] saved: output/jit_B8_20260429_042413/dit_validation/epoch_155_step_0155000_class001.png (class=1, sampler=heun, steps=100)
2026-04-30 02:23:14,476 - INFO - [overrides] applied from jit/configs/overrides.yaml: lr_scale=1.0 max_grad_norm=5.0 null_repel_weight=0.0 P_mean=0.0
2026-04-30 02:23:14,572 - INFO - [render-loss] step=155000 kept 35/64 samples (t_value >= 0.50)
2026-04-30 02:25:09,911 - INFO - Step  155200 | Epoch 156 | MSE: 0.4631 | Steps/sec: 1.60 | LR: 3.16e-05 | Render_L1: 0.0208 | Alpha_L1: 0.0250 | Render_LPIPS: 0.1486 | cos(c,null): +0.2101 | GradNorm: 0.0436 | MSE/t: [0.00-0.50]0.533(n=6372) [0.50-0.85]0.397(n=5915) [0.85-0.95]0.361(n=496) [0.95-1.00]0.326(n=17)
2026-04-30 02:25:10,012 - INFO - [render-loss] step=155200 kept 33/64 samples (t_value >= 0.50)
2026-04-30 02:27:05,000 - INFO - Step  155400 | Epoch 156 | MSE: 0.4516 | Steps/sec: 1.74 | LR: 3.14e-05 | Render_L1: 0.0207 | Alpha_L1: 0.0245 | Render_LPIPS: 0.1467 | cos(c,null): +0.2106 | GradNorm: 0.0439 | MSE/t: [0.00-0.50]0.517(n=6419) [0.50-0.85]0.389(n=5860) [0.85-0.95]0.349(n=502) [0.95-1.00]0.338(n=19)
2026-04-30 02:27:05,102 - INFO - [render-loss] step=155400 kept 31/64 samples (t_value >= 0.50)
2026-04-30 02:29:00,162 - INFO - Step  155600 | Epoch 156 | MSE: 0.4625 | Steps/sec: 1.74 | LR: 3.12e-05 | Render_L1: 0.0210 | Alpha_L1: 0.0250 | Render_LPIPS: 0.1496 | cos(c,null): +0.2104 | GradNorm: 0.0466 | MSE/t: [0.00-0.50]0.531(n=6391) [0.50-0.85]0.399(n=5890) [0.85-0.95]0.338(n=493) [0.95-1.00]0.335(n=26)
2026-04-30 02:29:00,264 - INFO - [render-loss] step=155600 kept 32/64 samples (t_value >= 0.50)
2026-04-30 02:30:55,149 - INFO - Step  155800 | Epoch 156 | MSE: 0.4590 | Steps/sec: 1.74 | LR: 3.11e-05 | Render_L1: 0.0208 | Alpha_L1: 0.0250 | Render_LPIPS: 0.1479 | cos(c,null): +0.2106 | GradNorm: 0.0425 | MSE/t: [0.00-0.50]0.530(n=6398) [0.50-0.85]0.393(n=5838) [0.85-0.95]0.342(n=546) [0.95-1.00]0.383(n=18)
2026-04-30 02:30:55,250 - INFO - [render-loss] step=155800 kept 36/64 samples (t_value >= 0.50)
2026-04-30 02:32:51,243 - INFO - Step  156000 | Epoch 156 | MSE: 0.4578 | Steps/sec: 1.72 | LR: 3.09e-05 | Render_L1: 0.0206 | Alpha_L1: 0.0251 | Render_LPIPS: 0.1479 | cos(c,null): +0.2102 | GradNorm: 0.0433 | MSE/t: [0.00-0.50]0.523(n=6408) [0.50-0.85]0.395(n=5832) [0.85-0.95]0.363(n=534) [0.95-1.00]0.345(n=26)
2026-04-30 02:32:51,454 - INFO - [cond] cfg_signal=0.0816 (min=0.0432 max=0.1400, n=16) | class_signal=0.1069 (min=0.0551 max=0.1732, n=16) | pred_rms=0.6495
2026-04-30 02:32:59,693 - INFO - [validation] saved: output/jit_B8_20260429_042413/dit_validation/epoch_156_step_0156000_class017.png (class=17, sampler=heun, steps=100)
2026-04-30 02:33:01,016 - INFO - [overrides] applied from jit/configs/overrides.yaml: lr_scale=1.0 max_grad_norm=5.0 null_repel_weight=0.0 P_mean=0.0
2026-04-30 02:33:01,112 - INFO - [render-loss] step=156000 kept 36/64 samples (t_value >= 0.50)
2026-04-30 02:34:56,900 - INFO - Step  156200 | Epoch 157 | MSE: 0.4584 | Steps/sec: 1.59 | LR: 3.07e-05 | Render_L1: 0.0207 | Alpha_L1: 0.0251 | Render_LPIPS: 0.1474 | cos(c,null): +0.2089 | GradNorm: 0.0434 | MSE/t: [0.00-0.50]0.530(n=6358) [0.50-0.85]0.393(n=5875) [0.85-0.95]0.342(n=549) [0.95-1.00]0.264(n=18)
2026-04-30 02:34:57,002 - INFO - [render-loss] step=156200 kept 30/64 samples (t_value >= 0.50)
2026-04-30 02:36:52,043 - INFO - Step  156400 | Epoch 157 | MSE: 0.4555 | Steps/sec: 1.74 | LR: 3.05e-05 | Render_L1: 0.0207 | Alpha_L1: 0.0246 | Render_LPIPS: 0.1472 | cos(c,null): +0.2094 | GradNorm: 0.0441 | MSE/t: [0.00-0.50]0.521(n=6461) [0.50-0.85]0.394(n=5804) [0.85-0.95]0.336(n=510) [0.95-1.00]0.339(n=25)
2026-04-30 02:36:52,145 - INFO - [render-loss] step=156400 kept 29/64 samples (t_value >= 0.50)
2026-04-30 02:38:47,173 - INFO - Step  156600 | Epoch 157 | MSE: 0.4588 | Steps/sec: 1.74 | LR: 3.03e-05 | Render_L1: 0.0206 | Alpha_L1: 0.0244 | Render_LPIPS: 0.1462 | cos(c,null): +0.2096 | GradNorm: 0.0439 | MSE/t: [0.00-0.50]0.528(n=6466) [0.50-0.85]0.393(n=5828) [0.85-0.95]0.331(n=482) [0.95-1.00]0.374(n=24)
2026-04-30 02:38:47,276 - INFO - [render-loss] step=156600 kept 31/64 samples (t_value >= 0.50)
2026-04-30 02:40:41,963 - INFO - Step  156800 | Epoch 157 | MSE: 0.4585 | Steps/sec: 1.74 | LR: 3.01e-05 | Render_L1: 0.0209 | Alpha_L1: 0.0253 | Render_LPIPS: 0.1484 | cos(c,null): +0.2102 | GradNorm: 0.0458 | MSE/t: [0.00-0.50]0.522(n=6436) [0.50-0.85]0.396(n=5817) [0.85-0.95]0.369(n=528) [0.95-1.00]0.332(n=19)
2026-04-30 02:40:42,065 - INFO - [render-loss] step=156800 kept 32/64 samples (t_value >= 0.50)
2026-04-30 02:42:36,850 - INFO - Step  157000 | Epoch 157 | MSE: 0.4590 | Steps/sec: 1.74 | LR: 2.99e-05 | Render_L1: 0.0207 | Alpha_L1: 0.0253 | Render_LPIPS: 0.1474 | cos(c,null): +0.2103 | GradNorm: 0.0454 | MSE/t: [0.00-0.50]0.531(n=6345) [0.50-0.85]0.392(n=5923) [0.85-0.95]0.351(n=510) [0.95-1.00]0.356(n=22)
2026-04-30 02:42:37,056 - INFO - [cond] cfg_signal=0.0838 (min=0.0423 max=0.1422, n=16) | class_signal=0.1123 (min=0.0584 max=0.1910, n=16) | pred_rms=0.6570
2026-04-30 02:42:45,353 - INFO - [validation] saved: output/jit_B8_20260429_042413/dit_validation/epoch_157_step_0157000_class097.png (class=97, sampler=heun, steps=100)
2026-04-30 02:42:46,657 - INFO - [overrides] applied from jit/configs/overrides.yaml: lr_scale=1.0 max_grad_norm=5.0 null_repel_weight=0.0 P_mean=0.0
2026-04-30 02:42:46,754 - INFO - [render-loss] step=157000 kept 24/64 samples (t_value >= 0.50)
2026-04-30 02:44:41,539 - INFO - Step  157200 | Epoch 158 | MSE: 0.4604 | Steps/sec: 1.61 | LR: 2.98e-05 | Render_L1: 0.0207 | Alpha_L1: 0.0247 | Render_LPIPS: 0.1477 | cos(c,null): +0.2101 | GradNorm: 0.0435 | MSE/t: [0.00-0.50]0.527(n=6422) [0.50-0.85]0.397(n=5897) [0.85-0.95]0.349(n=455) [0.95-1.00]0.392(n=26)
2026-04-30 02:44:41,641 - INFO - [render-loss] step=157200 kept 29/64 samples (t_value >= 0.50)
2026-04-30 02:46:36,601 - INFO - Step  157400 | Epoch 158 | MSE: 0.4592 | Steps/sec: 1.74 | LR: 2.96e-05 | Render_L1: 0.0207 | Alpha_L1: 0.0250 | Render_LPIPS: 0.1469 | cos(c,null): +0.2098 | GradNorm: 0.0431 | MSE/t: [0.00-0.50]0.529(n=6427) [0.50-0.85]0.392(n=5856) [0.85-0.95]0.351(n=500) [0.95-1.00]0.451(n=17)
2026-04-30 02:46:36,702 - INFO - [render-loss] step=157400 kept 32/64 samples (t_value >= 0.50)
2026-04-30 02:48:31,661 - INFO - Step  157600 | Epoch 158 | MSE: 0.4602 | Steps/sec: 1.74 | LR: 2.94e-05 | Render_L1: 0.0208 | Alpha_L1: 0.0246 | Render_LPIPS: 0.1465 | cos(c,null): +0.2096 | GradNorm: 0.0428 | MSE/t: [0.00-0.50]0.534(n=6376) [0.50-0.85]0.392(n=5878) [0.85-0.95]0.334(n=516) [0.95-1.00]0.373(n=30)
2026-04-30 02:48:31,761 - INFO - [render-loss] step=157600 kept 30/64 samples (t_value >= 0.50)
2026-04-30 02:50:26,816 - INFO - Step  157800 | Epoch 158 | MSE: 0.4594 | Steps/sec: 1.74 | LR: 2.92e-05 | Render_L1: 0.0207 | Alpha_L1: 0.0249 | Render_LPIPS: 0.1472 | cos(c,null): +0.2084 | GradNorm: 0.0472 | MSE/t: [0.00-0.50]0.526(n=6367) [0.50-0.85]0.398(n=5931) [0.85-0.95]0.347(n=483) [0.95-1.00]0.336(n=19)
2026-04-30 02:50:26,917 - INFO - [render-loss] step=157800 kept 38/64 samples (t_value >= 0.50)
2026-04-30 02:52:21,784 - INFO - Step  158000 | Epoch 158 | MSE: 0.4586 | Steps/sec: 1.74 | LR: 2.90e-05 | Render_L1: 0.0209 | Alpha_L1: 0.0253 | Render_LPIPS: 0.1475 | cos(c,null): +0.2082 | GradNorm: 0.0427 | MSE/t: [0.00-0.50]0.525(n=6465) [0.50-0.85]0.395(n=5821) [0.85-0.95]0.338(n=496) [0.95-1.00]0.374(n=18)
2026-04-30 02:52:21,991 - INFO - [cond] cfg_signal=0.0832 (min=0.0435 max=0.1448, n=16) | class_signal=0.1093 (min=0.0610 max=0.1816, n=16) | pred_rms=0.6555
2026-04-30 02:52:30,160 - INFO - [validation] saved: output/jit_B8_20260429_042413/dit_validation/epoch_158_step_0158000_class065.png (class=65, sampler=heun, steps=100)
2026-04-30 02:52:31,925 - INFO - [overrides] applied from jit/configs/overrides.yaml: lr_scale=1.0 max_grad_norm=5.0 null_repel_weight=0.0 P_mean=0.0
2026-04-30 02:52:32,021 - INFO - [render-loss] step=158000 kept 29/64 samples (t_value >= 0.50)
2026-04-30 02:54:26,905 - INFO - Step  158200 | Epoch 159 | MSE: 0.4591 | Steps/sec: 1.60 | LR: 2.88e-05 | Render_L1: 0.0209 | Alpha_L1: 0.0253 | Render_LPIPS: 0.1475 | cos(c,null): +0.2086 | GradNorm: 0.0434 | MSE/t: [0.00-0.50]0.528(n=6464) [0.50-0.85]0.393(n=5810) [0.85-0.95]0.336(n=508) [0.95-1.00]0.468(n=18)
2026-04-30 02:54:27,006 - INFO - [render-loss] step=158200 kept 31/64 samples (t_value >= 0.50)
2026-04-30 02:56:21,904 - INFO - Step  158400 | Epoch 159 | MSE: 0.4577 | Steps/sec: 1.74 | LR: 2.87e-05 | Render_L1: 0.0207 | Alpha_L1: 0.0246 | Render_LPIPS: 0.1463 | cos(c,null): +0.2087 | GradNorm: 0.0427 | MSE/t: [0.00-0.50]0.526(n=6341) [0.50-0.85]0.395(n=5924) [0.85-0.95]0.336(n=506) [0.95-1.00]0.400(n=29)
2026-04-30 02:56:22,005 - INFO - [render-loss] step=158400 kept 32/64 samples (t_value >= 0.50)
2026-04-30 02:58:17,508 - INFO - Step  158600 | Epoch 159 | MSE: 0.4535 | Steps/sec: 1.73 | LR: 2.85e-05 | Render_L1: 0.0202 | Alpha_L1: 0.0246 | Render_LPIPS: 0.1447 | cos(c,null): +0.2090 | GradNorm: 0.0433 | MSE/t: [0.00-0.50]0.526(n=6331) [0.50-0.85]0.387(n=5910) [0.85-0.95]0.332(n=533) [0.95-1.00]0.296(n=26)
2026-04-30 02:58:17,609 - INFO - [render-loss] step=158600 kept 32/64 samples (t_value >= 0.50)
2026-04-30 03:00:13,086 - INFO - Step  158800 | Epoch 159 | MSE: 0.4610 | Steps/sec: 1.73 | LR: 2.83e-05 | Render_L1: 0.0207 | Alpha_L1: 0.0250 | Render_LPIPS: 0.1468 | cos(c,null): +0.2085 | GradNorm: 0.0419 | MSE/t: [0.00-0.50]0.532(n=6413) [0.50-0.85]0.392(n=5864) [0.85-0.95]0.360(n=506) [0.95-1.00]0.294(n=17)
2026-04-30 03:00:13,188 - INFO - [render-loss] step=158800 kept 34/64 samples (t_value >= 0.50)
2026-04-30 03:02:08,197 - INFO - Step  159000 | Epoch 159 | MSE: 0.4529 | Steps/sec: 1.74 | LR: 2.81e-05 | Render_L1: 0.0208 | Alpha_L1: 0.0251 | Render_LPIPS: 0.1473 | cos(c,null): +0.2085 | GradNorm: 0.0457 | MSE/t: [0.00-0.50]0.519(n=6352) [0.50-0.85]0.392(n=5920) [0.85-0.95]0.345(n=509) [0.95-1.00]0.355(n=19)
2026-04-30 03:02:08,406 - INFO - [cond] cfg_signal=0.0831 (min=0.0435 max=0.1448, n=16) | class_signal=0.1105 (min=0.0592 max=0.1868, n=16) | pred_rms=0.6527
2026-04-30 03:02:16,617 - INFO - [validation] saved: output/jit_B8_20260429_042413/dit_validation/epoch_159_step_0159000_class028.png (class=28, sampler=heun, steps=100)
2026-04-30 03:02:17,946 - INFO - [overrides] applied from jit/configs/overrides.yaml: lr_scale=1.0 max_grad_norm=5.0 null_repel_weight=0.0 P_mean=0.0
2026-04-30 03:02:18,043 - INFO - [render-loss] step=159000 kept 34/64 samples (t_value >= 0.50)
2026-04-30 03:04:13,516 - INFO - Step  159200 | Epoch 160 | MSE: 0.4609 | Steps/sec: 1.60 | LR: 2.79e-05 | Render_L1: 0.0207 | Alpha_L1: 0.0246 | Render_LPIPS: 0.1474 | cos(c,null): +0.2089 | GradNorm: 0.0426 | MSE/t: [0.00-0.50]0.532(n=6407) [0.50-0.85]0.393(n=5866) [0.85-0.95]0.352(n=506) [0.95-1.00]0.299(n=21)
2026-04-30 03:04:13,617 - INFO - [render-loss] step=159200 kept 30/64 samples (t_value >= 0.50)
2026-04-30 03:06:08,684 - INFO - Step  159400 | Epoch 160 | MSE: 0.4580 | Steps/sec: 1.74 | LR: 2.78e-05 | Render_L1: 0.0210 | Alpha_L1: 0.0254 | Render_LPIPS: 0.1487 | cos(c,null): +0.2092 | GradNorm: 0.0418 | MSE/t: [0.00-0.50]0.526(n=6396) [0.50-0.85]0.392(n=5874) [0.85-0.95]0.366(n=511) [0.95-1.00]0.376(n=19)
2026-04-30 03:06:08,786 - INFO - [render-loss] step=159400 kept 34/64 samples (t_value >= 0.50)
2026-04-30 03:08:03,979 - INFO - Step  159600 | Epoch 160 | MSE: 0.4536 | Steps/sec: 1.73 | LR: 2.76e-05 | Render_L1: 0.0207 | Alpha_L1: 0.0248 | Render_LPIPS: 0.1460 | cos(c,null): +0.2090 | GradNorm: 0.0428 | MSE/t: [0.00-0.50]0.523(n=6367) [0.50-0.85]0.390(n=5906) [0.85-0.95]0.337(n=509) [0.95-1.00]0.326(n=18)
2026-04-30 03:08:04,080 - INFO - [render-loss] step=159600 kept 38/64 samples (t_value >= 0.50)
2026-04-30 03:09:59,362 - INFO - Step  159800 | Epoch 160 | MSE: 0.4593 | Steps/sec: 1.73 | LR: 2.74e-05 | Render_L1: 0.0207 | Alpha_L1: 0.0249 | Render_LPIPS: 0.1465 | cos(c,null): +0.2080 | GradNorm: 0.0431 | MSE/t: [0.00-0.50]0.531(n=6318) [0.50-0.85]0.394(n=5929) [0.85-0.95]0.339(n=530) [0.95-1.00]0.336(n=23)
2026-04-30 03:09:59,464 - INFO - [render-loss] step=159800 kept 34/64 samples (t_value >= 0.50)
2026-04-30 03:11:54,403 - INFO - Step  160000 | Epoch 160 | MSE: 0.4578 | Steps/sec: 1.74 | LR: 2.73e-05 | Render_L1: 0.0209 | Alpha_L1: 0.0252 | Render_LPIPS: 0.1475 | cos(c,null): +0.2084 | GradNorm: 0.0435 | MSE/t: [0.00-0.50]0.526(n=6431) [0.50-0.85]0.394(n=5848) [0.85-0.95]0.337(n=505) [0.95-1.00]0.391(n=16)
2026-04-30 03:11:54,613 - INFO - [cond] cfg_signal=0.0829 (min=0.0432 max=0.1411, n=16) | class_signal=0.1091 (min=0.0597 max=0.1778, n=16) | pred_rms=0.6629
2026-04-30 03:11:56,380 - INFO - Saved checkpoint to output/jit_B8_20260429_042413/0160000.pt
2026-04-30 03:11:56,591 - INFO - [cond] cfg_signal=0.0829 (min=0.0432 max=0.1411, n=16) | class_signal=0.1091 (min=0.0597 max=0.1778, n=16) | pred_rms=0.6629
2026-04-30 03:12:04,835 - INFO - [validation] saved: output/jit_B8_20260429_042413/dit_validation/epoch_160_step_0160000_class054.png (class=54, sampler=heun, steps=100)
2026-04-30 03:12:06,161 - INFO - [overrides] applied from jit/configs/overrides.yaml: lr_scale=1.0 max_grad_norm=5.0 null_repel_weight=0.0 P_mean=0.0
2026-04-30 03:12:06,259 - INFO - [render-loss] step=160000 kept 26/64 samples (t_value >= 0.50)
2026-04-30 03:14:02,000 - INFO - Step  160200 | Epoch 161 | MSE: 0.4530 | Steps/sec: 1.57 | LR: 2.71e-05 | Render_L1: 0.0208 | Alpha_L1: 0.0248 | Render_LPIPS: 0.1477 | cos(c,null): +0.2089 | GradNorm: 0.0438 | MSE/t: [0.00-0.50]0.519(n=6330) [0.50-0.85]0.393(n=5896) [0.85-0.95]0.346(n=553) [0.95-1.00]0.405(n=21)
2026-04-30 03:14:02,102 - INFO - [render-loss] step=160200 kept 27/64 samples (t_value >= 0.50)
W0430 03:14:10.142000 93142 torch/distributed/elastic/agent/server/api.py:739] Received Signals.SIGTERM death signal, shutting down workers
W0430 03:14:10.143000 93142 torch/distributed/elastic/multiprocessing/api.py:1012] Sending process 93308 closing signal SIGTERM
W0430 03:14:10.144000 93142 torch/distributed/elastic/multiprocessing/api.py:1012] Sending process 93309 closing signal SIGTERM
W0430 03:14:10.144000 93142 torch/distributed/elastic/multiprocessing/api.py:1012] Sending process 93310 closing signal SIGTERM
W0430 03:14:10.144000 93142 torch/distributed/elastic/multiprocessing/api.py:1012] Sending process 93311 closing signal SIGTERM
Traceback (most recent call last):
  File "/home/hmolin/3DGen-Playground/.3dgen/bin/accelerate", line 8, in <module>
    sys.exit(main())
  File "/home/hmolin/3DGen-Playground/.3dgen/lib/python3.10/site-packages/accelerate/commands/accelerate_cli.py", line 50, in main
    args.func(args)
  File "/home/hmolin/3DGen-Playground/.3dgen/lib/python3.10/site-packages/accelerate/commands/launch.py", line 1396, in launch_command
    multi_gpu_launcher(args)
  File "/home/hmolin/3DGen-Playground/.3dgen/lib/python3.10/site-packages/accelerate/commands/launch.py", line 1023, in multi_gpu_launcher
    distrib_run.run(args)
  File "/home/hmolin/3DGen-Playground/.3dgen/lib/python3.10/site-packages/torch/distributed/run.py", line 981, in run
    elastic_launch(
  File "/home/hmolin/3DGen-Playground/.3dgen/lib/python3.10/site-packages/torch/distributed/launcher/api.py", line 170, in __call__
    return launch_agent(self._config, self._entrypoint, list(args))
  File "/home/hmolin/3DGen-Playground/.3dgen/lib/python3.10/site-packages/torch/distributed/launcher/api.py", line 308, in launch_agent
    result = agent.run()
  File "/home/hmolin/3DGen-Playground/.3dgen/lib/python3.10/site-packages/torch/distributed/elastic/metrics/api.py", line 134, in wrapper
    result = f(*args, **kwargs)
  File "/home/hmolin/3DGen-Playground/.3dgen/lib/python3.10/site-packages/torch/distributed/elastic/agent/server/api.py", line 731, in run
    result = self._invoke_run(role)
  File "/home/hmolin/3DGen-Playground/.3dgen/lib/python3.10/site-packages/torch/distributed/elastic/agent/server/api.py", line 908, in _invoke_run
    time.sleep(monitor_interval)
  File "/home/hmolin/3DGen-Playground/.3dgen/lib/python3.10/site-packages/torch/distributed/elastic/multiprocessing/api.py", line 86, in _terminate_process_handler
    raise SignalException(f"Process {os.getpid()} got signal: {sigval}", sigval=sigval)
torch.distributed.elastic.multiprocessing.api.SignalException: Process 93142 got signal: 15
