2026-05-04 07:23:18,574 - INFO - Accelerator: num_processes=4, mixed_precision=bf16, device=cuda:0
2026-05-04 07:23:18,574 - INFO - Validation sampler: heun
2026-05-04 07:23:18,949 - INFO - Loading class map from /home/hmolin/3DGen-Playground/object_labels/image_kmeans_k103/object_to_class.json
2026-05-04 07:23:19,120 - INFO - Number of classes: 103
2026-05-04 07:23:19,120 - INFO - Creating base dataset...
2026-05-04 07:23:19,120 - INFO - Loading sphere2plane permutation from /home/tiangexiang/gen3d/gaussianverse/sphere2plane.npy
2026-05-04 07:23:19,120 - INFO - Loading sphere2plane permutation from /home/tiangexiang/gen3d/gaussianverse/sphere2plane.npy
2026-05-04 07:23:19,120 - INFO - Loading sphere2plane permutation from /home/tiangexiang/gen3d/gaussianverse/sphere2plane.npy
2026-05-04 07:23:19,121 - INFO - Loading sphere2plane permutation from /home/tiangexiang/gen3d/gaussianverse/sphere2plane.npy
2026-05-04 07:23:19,123 - INFO - Loading obj list from /home/tiangexiang/gen3d/gaussianverse/all_obj_list_filtered.json
2026-05-04 07:23:19,123 - INFO - Loading obj list from /home/tiangexiang/gen3d/gaussianverse/all_obj_list_filtered.json
2026-05-04 07:23:19,123 - INFO - Loading obj list from /home/tiangexiang/gen3d/gaussianverse/all_obj_list_filtered.json
2026-05-04 07:23:19,123 - INFO - Loading obj list from /home/tiangexiang/gen3d/gaussianverse/all_obj_list_filtered.json
2026-05-04 07:23:19,349 - INFO - Loaded 254338 entries from /home/tiangexiang/gen3d/gaussianverse/all_obj_list_filtered.json
2026-05-04 07:23:19,350 - INFO - Loaded 254338 entries from /home/tiangexiang/gen3d/gaussianverse/all_obj_list_filtered.json
2026-05-04 07:23:19,352 - INFO - Loaded 254338 entries from /home/tiangexiang/gen3d/gaussianverse/all_obj_list_filtered.json
2026-05-04 07:23:19,355 - INFO - Loaded 254338 entries from /home/tiangexiang/gen3d/gaussianverse/all_obj_list_filtered.json
2026-05-04 07:23:19,356 - INFO - Total merged entries: 254338
2026-05-04 07:23:19,357 - INFO - Total merged entries: 254338
2026-05-04 07:23:19,359 - INFO - Total merged entries: 254338
2026-05-04 07:23:19,361 - INFO - Total merged entries: 254338
2026-05-04 07:23:19,413 - INFO - Excluded 726 of 254338 keys via /home/hmolin/3DGen-Playground/data/outlier_keys_8sigma.json
2026-05-04 07:23:19,414 - INFO - Excluded 726 of 254338 keys via /home/hmolin/3DGen-Playground/data/outlier_keys_8sigma.json
2026-05-04 07:23:19,414 - INFO - Excluded 726 of 254338 keys via /home/hmolin/3DGen-Playground/data/outlier_keys_8sigma.json
2026-05-04 07:23:19,415 - INFO - Excluded 726 of 254338 keys via /home/hmolin/3DGen-Playground/data/outlier_keys_8sigma.json
2026-05-04 07:23:19,417 - INFO - Loading normalization statistics from /home/hmolin/3DGen-Playground/data/stats/all_mean_postfix.pt and /home/hmolin/3DGen-Playground/data/stats/all_std_postfix.pt
2026-05-04 07:23:19,418 - INFO - Loading normalization statistics from /home/hmolin/3DGen-Playground/data/stats/all_mean_postfix.pt and /home/hmolin/3DGen-Playground/data/stats/all_std_postfix.pt
2026-05-04 07:23:19,418 - INFO - Loading normalization statistics from /home/hmolin/3DGen-Playground/data/stats/all_mean_postfix.pt and /home/hmolin/3DGen-Playground/data/stats/all_std_postfix.pt
2026-05-04 07:23:19,419 - INFO - Loading normalization statistics from /home/hmolin/3DGen-Playground/data/stats/all_mean_postfix.pt and /home/hmolin/3DGen-Playground/data/stats/all_std_postfix.pt
2026-05-04 07:23:19,433 - INFO - Initialized dataset with 253612 samples
2026-05-04 07:23:19,433 - INFO - Initialized dataset with 253612 samples
2026-05-04 07:23:19,433 - INFO - Initialized dataset with 253612 samples
2026-05-04 07:23:19,433 - INFO - Initialized dataset with 253612 samples
2026-05-04 07:23:19,434 - INFO - sh_degree0_only: selecting 14 features from 59
2026-05-04 07:23:19,493 - INFO - Loaded sphere2plane permutation: 16384 points
2026-05-04 07:23:19,737 - INFO - Class3DGenDataset: 253611 valid samples, 1 skipped (class -1 or missing)
2026-05-04 07:23:19,739 - INFO - Class3DGenDataset: 253611 valid samples, 1 skipped (class -1 or missing)
2026-05-04 07:23:19,741 - INFO - Class3DGenDataset: 253611 valid samples, 1 skipped (class -1 or missing)
2026-05-04 07:23:19,780 - INFO - Class3DGenDataset: 253611 valid samples, 1 skipped (class -1 or missing)
2026-05-04 07:23:20,106 - INFO - Attached to existing lazy shared CPU cache: /home/hmolin/3dgen_cache/preload/cf3e52f52e4196d6c992dbc1b245635a
2026-05-04 07:23:20,149 - INFO - Attached to existing lazy shared CPU cache: /home/hmolin/3dgen_cache/preload/cf3e52f52e4196d6c992dbc1b245635a
2026-05-04 07:23:20,193 - INFO - Attached to existing lazy shared CPU cache: /home/hmolin/3dgen_cache/preload/cf3e52f52e4196d6c992dbc1b245635a
2026-05-04 07:23:20,236 - INFO - Attached to existing lazy shared CPU cache: /home/hmolin/3dgen_cache/preload/cf3e52f52e4196d6c992dbc1b245635a
2026-05-04 07:23:20,256 - INFO - [class-balanced] sampling with inverse-frequency weights over 103 classes (min=791, max=4749, mean=2462.2 samples/class)
2026-05-04 07:23:20,257 - INFO - Dataset size: 253611, Per-GPU batch size: 64
2026-05-04 07:23:20,257 - INFO - Creating model: JiT-B/8
2026-05-04 07:23:21,947 - INFO - [patch-embed] single-conv (in_chans→embed_dim, no rank reduction below embed_dim)
2026-05-04 07:23:21,947 - INFO - JiT spatial folding: disabled (factor=1)
2026-05-04 07:23:21,948 - INFO - Model parameters: 131,196,800 (131.2M)
2026-05-04 07:23:22,277 - INFO - [layout] converted 1 Conv2d weights to channels_last
2026-05-04 07:23:22,277 - INFO - torch.compile: enabled (mode=default)
2026-05-04 07:23:24,611 - INFO - Diffusion timesteps: 1000, predict=x0, schedule=squaredcos_cap_v2
2026-05-04 07:23:24,612 - INFO - Training mode: DDPM (sampler=heun), timestep sampling: sigmoid(N(0.000, 1.000)) mapped to discrete steps [0, 999]
2026-05-04 07:23:25,043 - INFO - LR schedule: cosine | warmup=500 opt steps | max_opt_steps=198000 | lr_min=1e-05
2026-05-04 07:23:25,225 - INFO - Loaded 52 reference cameras from /home/hmolin/3DGen-Playground/artifacts/ref_camera.tar.gz
Using cache found in /home/hmolin/.cache/torch/hub/facebookresearch_dinov2_main
/home/hmolin/.cache/torch/hub/facebookresearch_dinov2_main/dinov2/layers/swiglu_ffn.py:51: UserWarning: xFormers is not available (SwiGLU)
  warnings.warn("xFormers is not available (SwiGLU)")
/home/hmolin/.cache/torch/hub/facebookresearch_dinov2_main/dinov2/layers/attention.py:33: UserWarning: xFormers is not available (Attention)
  warnings.warn("xFormers is not available (Attention)")
/home/hmolin/.cache/torch/hub/facebookresearch_dinov2_main/dinov2/layers/block.py:40: UserWarning: xFormers is not available (Block)
  warnings.warn("xFormers is not available (Block)")
2026-05-04 07:23:25,936 - INFO - using MLP layer as FFN
2026-05-04 07:23:27,405 - INFO - [render-loss] perceptual backend = dinov2_vitb14 (cosine, 224x224)
2026-05-04 07:23:27,406 - INFO - Resuming from checkpoint: /home/hmolin/3DGen-Playground/output/jit_B8_postfix_20260501_234201/0020000.pt
Using cache found in /home/hmolin/.cache/torch/hub/facebookresearch_dinov2_main
Using cache found in /home/hmolin/.cache/torch/hub/facebookresearch_dinov2_main
Using cache found in /home/hmolin/.cache/torch/hub/facebookresearch_dinov2_main
/home/hmolin/.cache/torch/hub/facebookresearch_dinov2_main/dinov2/layers/swiglu_ffn.py:51: UserWarning: xFormers is not available (SwiGLU)
  warnings.warn("xFormers is not available (SwiGLU)")
/home/hmolin/.cache/torch/hub/facebookresearch_dinov2_main/dinov2/layers/swiglu_ffn.py:51: UserWarning: xFormers is not available (SwiGLU)
  warnings.warn("xFormers is not available (SwiGLU)")
/home/hmolin/.cache/torch/hub/facebookresearch_dinov2_main/dinov2/layers/attention.py:33: UserWarning: xFormers is not available (Attention)
  warnings.warn("xFormers is not available (Attention)")
/home/hmolin/.cache/torch/hub/facebookresearch_dinov2_main/dinov2/layers/block.py:40: UserWarning: xFormers is not available (Block)
  warnings.warn("xFormers is not available (Block)")
/home/hmolin/.cache/torch/hub/facebookresearch_dinov2_main/dinov2/layers/attention.py:33: UserWarning: xFormers is not available (Attention)
  warnings.warn("xFormers is not available (Attention)")
/home/hmolin/.cache/torch/hub/facebookresearch_dinov2_main/dinov2/layers/swiglu_ffn.py:51: UserWarning: xFormers is not available (SwiGLU)
  warnings.warn("xFormers is not available (SwiGLU)")
/home/hmolin/.cache/torch/hub/facebookresearch_dinov2_main/dinov2/layers/block.py:40: UserWarning: xFormers is not available (Block)
  warnings.warn("xFormers is not available (Block)")
/home/hmolin/.cache/torch/hub/facebookresearch_dinov2_main/dinov2/layers/attention.py:33: UserWarning: xFormers is not available (Attention)
  warnings.warn("xFormers is not available (Attention)")
/home/hmolin/.cache/torch/hub/facebookresearch_dinov2_main/dinov2/layers/block.py:40: UserWarning: xFormers is not available (Block)
  warnings.warn("xFormers is not available (Block)")
2026-05-04 07:23:27,506 - INFO - using MLP layer as FFN
2026-05-04 07:23:27,507 - INFO - using MLP layer as FFN
2026-05-04 07:23:27,508 - INFO - using MLP layer as FFN
2026-05-04 07:23:36,106 - INFO - Resumed at optim step 20000, epoch 20
2026-05-04 07:23:36,108 - INFO - Starting training from epoch 20, step 20000...
2026-05-04 07:23:36,109 - INFO - [render_weight_schedule] active with 2 control points: (20000, rl1=0.000, a=0.000, lp=0.0000), (60000, rl1=1.000, a=1.000, lp=1.0000) | initial weights at step 20000: rl1=0.0000, alpha=0.0000, lpips=0.0000
2026-05-04 07:23:37,010 - INFO - [overrides] applied from jit/configs/overrides.yaml: lr_scale=1.0 max_grad_norm=5.0 null_repel_weight=0.0 P_mean=0.0
2026-05-04 07:26:36,033 - INFO - Step   20200 | Epoch  20 | MSE: 0.3222 | Steps/sec: 1.11 | LR: 1.95e-04 | Render_L1: 0.0358 | Alpha_L1: 0.0558 | Render_LPIPS: 0.3992 | cos(c,null): +0.0538 | GradNorm: 0.0226 | MSE/t: [0.00-0.50]0.508(n=6413) [0.50-0.85]0.146(n=5851) [0.85-0.95]0.025(n=515) [0.95-1.00]0.015(n=21)
2026-05-04 07:26:36,135 - INFO - [render-loss] step=20200 kept 32/64 samples (t_value >= 0.50)
2026-05-04 07:28:45,258 - INFO - Step   20400 | Epoch  20 | MSE: 0.3193 | Steps/sec: 1.55 | LR: 1.95e-04 | Render_L1: 0.0387 | Alpha_L1: 0.0615 | Render_LPIPS: 0.4182 | cos(c,null): +0.0558 | GradNorm: 0.0387 | MSE/t: [0.00-0.50]0.510(n=6256) [0.50-0.85]0.147(n=5980) [0.85-0.95]0.029(n=543) [0.95-1.00]0.022(n=21)
2026-05-04 07:28:45,359 - INFO - [render-loss] step=20400 kept 36/64 samples (t_value >= 0.50)
2026-05-04 07:30:53,450 - INFO - Step   20600 | Epoch  20 | MSE: 0.3264 | Steps/sec: 1.56 | LR: 1.95e-04 | Render_L1: 0.0390 | Alpha_L1: 0.0613 | Render_LPIPS: 0.4223 | cos(c,null): +0.0605 | GradNorm: 0.0562 | MSE/t: [0.00-0.50]0.513(n=6388) [0.50-0.85]0.150(n=5898) [0.85-0.95]0.032(n=500) [0.95-1.00]0.020(n=14)
2026-05-04 07:30:53,552 - INFO - [render-loss] step=20600 kept 31/64 samples (t_value >= 0.50)
2026-05-04 07:33:01,888 - INFO - Step   20800 | Epoch  20 | MSE: 0.3265 | Steps/sec: 1.56 | LR: 1.95e-04 | Render_L1: 0.0383 | Alpha_L1: 0.0603 | Render_LPIPS: 0.4204 | cos(c,null): +0.0655 | GradNorm: 0.0695 | MSE/t: [0.00-0.50]0.513(n=6360) [0.50-0.85]0.152(n=5889) [0.85-0.95]0.033(n=526) [0.95-1.00]0.023(n=25)
2026-05-04 07:33:01,991 - INFO - [render-loss] step=20800 kept 28/64 samples (t_value >= 0.50)
2026-05-04 07:35:10,255 - INFO - Step   21000 | Epoch  21 | MSE: 0.3268 | Steps/sec: 1.56 | LR: 1.95e-04 | Render_L1: 0.0377 | Alpha_L1: 0.0578 | Render_LPIPS: 0.4156 | cos(c,null): +0.0711 | GradNorm: 0.0848 | MSE/t: [0.00-0.50]0.510(n=6377) [0.50-0.85]0.154(n=5906) [0.85-0.95]0.034(n=502) [0.95-1.00]0.021(n=15)
2026-05-04 07:35:14,909 - INFO - [cond] cfg_signal=0.0541 (min=0.0353 max=0.0757, n=16) | class_signal=0.0655 (min=0.0365 max=0.0842, n=16) | pred_rms=0.7993
2026-05-04 07:35:23,294 - INFO - [validation] saved: output/jit_B8_dinov2_20260504_072306/dit_validation/epoch_021_step_0021000_class053.png (class=53, sampler=heun, steps=100)
2026-05-04 07:35:25,018 - INFO - [overrides] applied from jit/configs/overrides.yaml: lr_scale=1.0 max_grad_norm=5.0 null_repel_weight=0.0 P_mean=0.0
2026-05-04 07:35:25,115 - INFO - [render-loss] step=21000 kept 33/64 samples (t_value >= 0.50)
2026-05-04 07:37:36,694 - INFO - Step   21200 | Epoch  21 | MSE: 0.3246 | Steps/sec: 1.41 | LR: 1.95e-04 | Render_L1: 0.0367 | Alpha_L1: 0.0572 | Render_LPIPS: 0.4148 | cos(c,null): +0.0766 | GradNorm: 0.0968 | MSE/t: [0.00-0.50]0.514(n=6237) [0.50-0.85]0.154(n=6014) [0.85-0.95]0.035(n=525) [0.95-1.00]0.023(n=24)
2026-05-04 07:37:36,796 - INFO - [render-loss] step=21200 kept 37/64 samples (t_value >= 0.50)
2026-05-04 07:39:47,029 - INFO - Step   21400 | Epoch  21 | MSE: 0.3280 | Steps/sec: 1.53 | LR: 1.95e-04 | Render_L1: 0.0364 | Alpha_L1: 0.0562 | Render_LPIPS: 0.4133 | cos(c,null): +0.0819 | GradNorm: 0.1101 | MSE/t: [0.00-0.50]0.512(n=6391) [0.50-0.85]0.155(n=5860) [0.85-0.95]0.036(n=533) [0.95-1.00]0.026(n=16)
2026-05-04 07:39:47,130 - INFO - [render-loss] step=21400 kept 32/64 samples (t_value >= 0.50)
2026-05-04 07:41:58,128 - INFO - Step   21600 | Epoch  21 | MSE: 0.3306 | Steps/sec: 1.53 | LR: 1.95e-04 | Render_L1: 0.0360 | Alpha_L1: 0.0562 | Render_LPIPS: 0.4124 | cos(c,null): +0.0870 | GradNorm: 0.1213 | MSE/t: [0.00-0.50]0.516(n=6388) [0.50-0.85]0.157(n=5817) [0.85-0.95]0.037(n=575) [0.95-1.00]0.023(n=20)
2026-05-04 07:41:58,231 - INFO - [render-loss] step=21600 kept 31/64 samples (t_value >= 0.50)
2026-05-04 07:44:08,422 - INFO - Step   21800 | Epoch  21 | MSE: 0.3325 | Steps/sec: 1.54 | LR: 1.95e-04 | Render_L1: 0.0357 | Alpha_L1: 0.0553 | Render_LPIPS: 0.4082 | cos(c,null): +0.0910 | GradNorm: 0.1347 | MSE/t: [0.00-0.50]0.513(n=6471) [0.50-0.85]0.158(n=5779) [0.85-0.95]0.036(n=530) [0.95-1.00]0.029(n=20)
2026-05-04 07:44:08,524 - INFO - [render-loss] step=21800 kept 28/64 samples (t_value >= 0.50)
2026-05-04 07:46:18,995 - INFO - Step   22000 | Epoch  22 | MSE: 0.3337 | Steps/sec: 1.53 | LR: 1.94e-04 | Render_L1: 0.0363 | Alpha_L1: 0.0551 | Render_LPIPS: 0.4110 | cos(c,null): +0.0940 | GradNorm: 0.1465 | MSE/t: [0.00-0.50]0.518(n=6405) [0.50-0.85]0.158(n=5881) [0.85-0.95]0.038(n=497) [0.95-1.00]0.030(n=17)
2026-05-04 07:46:19,211 - INFO - [cond] cfg_signal=0.0553 (min=0.0428 max=0.0811, n=16) | class_signal=0.0652 (min=0.0401 max=0.0940, n=16) | pred_rms=0.7460
2026-05-04 07:46:27,466 - INFO - [validation] saved: output/jit_B8_dinov2_20260504_072306/dit_validation/epoch_022_step_0022000_class089.png (class=89, sampler=heun, steps=100)
2026-05-04 07:46:28,715 - INFO - [overrides] applied from jit/configs/overrides.yaml: lr_scale=1.0 max_grad_norm=5.0 null_repel_weight=0.0 P_mean=0.0
2026-05-04 07:46:28,814 - INFO - [render-loss] step=22000 kept 27/64 samples (t_value >= 0.50)
2026-05-04 07:48:38,838 - INFO - Step   22200 | Epoch  22 | MSE: 0.3298 | Steps/sec: 1.43 | LR: 1.94e-04 | Render_L1: 0.0357 | Alpha_L1: 0.0548 | Render_LPIPS: 0.4084 | cos(c,null): +0.0989 | GradNorm: 0.1578 | MSE/t: [0.00-0.50]0.512(n=6375) [0.50-0.85]0.158(n=5914) [0.85-0.95]0.039(n=491) [0.95-1.00]0.033(n=20)
2026-05-04 07:48:38,939 - INFO - [render-loss] step=22200 kept 26/64 samples (t_value >= 0.50)
2026-05-04 07:50:49,658 - INFO - Step   22400 | Epoch  22 | MSE: 0.3321 | Steps/sec: 1.53 | LR: 1.94e-04 | Render_L1: 0.0354 | Alpha_L1: 0.0537 | Render_LPIPS: 0.4048 | cos(c,null): +0.1013 | GradNorm: 0.1675 | MSE/t: [0.00-0.50]0.516(n=6373) [0.50-0.85]0.160(n=5900) [0.85-0.95]0.039(n=509) [0.95-1.00]0.029(n=18)
2026-05-04 07:50:49,767 - INFO - [render-loss] step=22400 kept 23/64 samples (t_value >= 0.50)
2026-05-04 07:53:00,345 - INFO - Step   22600 | Epoch  22 | MSE: 0.3335 | Steps/sec: 1.53 | LR: 1.94e-04 | Render_L1: 0.0358 | Alpha_L1: 0.0539 | Render_LPIPS: 0.4069 | cos(c,null): +0.1051 | GradNorm: 0.1782 | MSE/t: [0.00-0.50]0.517(n=6425) [0.50-0.85]0.158(n=5844) [0.85-0.95]0.040(n=509) [0.95-1.00]0.030(n=22)
2026-05-04 07:53:00,455 - INFO - [render-loss] step=22600 kept 25/64 samples (t_value >= 0.50)
2026-05-04 07:55:10,657 - INFO - Step   22800 | Epoch  22 | MSE: 0.3360 | Steps/sec: 1.53 | LR: 1.94e-04 | Render_L1: 0.0353 | Alpha_L1: 0.0533 | Render_LPIPS: 0.4043 | cos(c,null): +0.1072 | GradNorm: 0.1899 | MSE/t: [0.00-0.50]0.518(n=6458) [0.50-0.85]0.161(n=5805) [0.85-0.95]0.040(n=514) [0.95-1.00]0.030(n=23)
2026-05-04 07:55:10,760 - INFO - [render-loss] step=22800 kept 29/64 samples (t_value >= 0.50)
2026-05-04 07:57:21,976 - INFO - Step   23000 | Epoch  23 | MSE: 0.3319 | Steps/sec: 1.52 | LR: 1.94e-04 | Render_L1: 0.0352 | Alpha_L1: 0.0532 | Render_LPIPS: 0.4058 | cos(c,null): +0.1136 | GradNorm: 0.1987 | MSE/t: [0.00-0.50]0.516(n=6343) [0.50-0.85]0.161(n=5926) [0.85-0.95]0.041(n=513) [0.95-1.00]0.032(n=18)
2026-05-04 07:57:22,187 - INFO - [cond] cfg_signal=0.0571 (min=0.0379 max=0.0803, n=16) | class_signal=0.0684 (min=0.0452 max=0.1113, n=16) | pred_rms=0.7073
2026-05-04 07:57:30,419 - INFO - [validation] saved: output/jit_B8_dinov2_20260504_072306/dit_validation/epoch_023_step_0023000_class001.png (class=1, sampler=heun, steps=100)
2026-05-04 07:57:31,560 - INFO - [overrides] applied from jit/configs/overrides.yaml: lr_scale=1.0 max_grad_norm=5.0 null_repel_weight=0.0 P_mean=0.0
2026-05-04 07:57:31,657 - INFO - [render-loss] step=23000 kept 35/64 samples (t_value >= 0.50)
2026-05-04 07:59:42,712 - INFO - Step   23200 | Epoch  23 | MSE: 0.3313 | Steps/sec: 1.42 | LR: 1.94e-04 | Render_L1: 0.0353 | Alpha_L1: 0.0530 | Render_LPIPS: 0.4040 | cos(c,null): +0.1160 | GradNorm: 0.2095 | MSE/t: [0.00-0.50]0.515(n=6359) [0.50-0.85]0.160(n=5899) [0.85-0.95]0.042(n=521) [0.95-1.00]0.032(n=21)
2026-05-04 07:59:42,814 - INFO - [render-loss] step=23200 kept 27/64 samples (t_value >= 0.50)
2026-05-04 08:01:53,563 - INFO - Step   23400 | Epoch  23 | MSE: 0.3331 | Steps/sec: 1.53 | LR: 1.94e-04 | Render_L1: 0.0355 | Alpha_L1: 0.0537 | Render_LPIPS: 0.4032 | cos(c,null): +0.1185 | GradNorm: 0.2227 | MSE/t: [0.00-0.50]0.519(n=6305) [0.50-0.85]0.163(n=5941) [0.85-0.95]0.040(n=539) [0.95-1.00]0.035(n=15)
2026-05-04 08:01:53,665 - INFO - [render-loss] step=23400 kept 33/64 samples (t_value >= 0.50)
2026-05-04 08:04:04,369 - INFO - Step   23600 | Epoch  23 | MSE: 0.3317 | Steps/sec: 1.53 | LR: 1.94e-04 | Render_L1: 0.0352 | Alpha_L1: 0.0529 | Render_LPIPS: 0.4015 | cos(c,null): +0.1218 | GradNorm: 0.2294 | MSE/t: [0.00-0.50]0.511(n=6386) [0.50-0.85]0.163(n=5889) [0.85-0.95]0.043(n=505) [0.95-1.00]0.031(n=20)
2026-05-04 08:04:04,470 - INFO - [render-loss] step=23600 kept 36/64 samples (t_value >= 0.50)
2026-05-04 08:06:14,515 - INFO - Step   23800 | Epoch  23 | MSE: 0.3345 | Steps/sec: 1.54 | LR: 1.94e-04 | Render_L1: 0.0351 | Alpha_L1: 0.0525 | Render_LPIPS: 0.4015 | cos(c,null): +0.1244 | GradNorm: 0.2407 | MSE/t: [0.00-0.50]0.518(n=6394) [0.50-0.85]0.162(n=5860) [0.85-0.95]0.043(n=525) [0.95-1.00]0.037(n=21)
2026-05-04 08:06:14,618 - INFO - [render-loss] step=23800 kept 33/64 samples (t_value >= 0.50)
2026-05-04 08:08:25,531 - INFO - Step   24000 | Epoch  24 | MSE: 0.3319 | Steps/sec: 1.53 | LR: 1.93e-04 | Render_L1: 0.0354 | Alpha_L1: 0.0533 | Render_LPIPS: 0.4025 | cos(c,null): +0.1275 | GradNorm: 0.2500 | MSE/t: [0.00-0.50]0.517(n=6283) [0.50-0.85]0.164(n=5967) [0.85-0.95]0.043(n=524) [0.95-1.00]0.033(n=26)
2026-05-04 08:08:25,745 - INFO - [cond] cfg_signal=0.0573 (min=0.0383 max=0.0818, n=16) | class_signal=0.0720 (min=0.0475 max=0.1089, n=16) | pred_rms=0.6882
2026-05-04 08:08:33,952 - INFO - [validation] saved: output/jit_B8_dinov2_20260504_072306/dit_validation/epoch_024_step_0024000_class003.png (class=3, sampler=heun, steps=100)
2026-05-04 08:08:35,159 - INFO - [overrides] applied from jit/configs/overrides.yaml: lr_scale=1.0 max_grad_norm=5.0 null_repel_weight=0.0 P_mean=0.0
2026-05-04 08:08:35,256 - INFO - [render-loss] step=24000 kept 38/64 samples (t_value >= 0.50)
2026-05-04 08:10:45,534 - INFO - Step   24200 | Epoch  24 | MSE: 0.3381 | Steps/sec: 1.43 | LR: 1.93e-04 | Render_L1: 0.0350 | Alpha_L1: 0.0527 | Render_LPIPS: 0.3997 | cos(c,null): +0.1301 | GradNorm: 0.2602 | MSE/t: [0.00-0.50]0.520(n=6413) [0.50-0.85]0.165(n=5870) [0.85-0.95]0.044(n=497) [0.95-1.00]0.035(n=20)
2026-05-04 08:10:45,636 - INFO - [render-loss] step=24200 kept 34/64 samples (t_value >= 0.50)
2026-05-04 08:12:56,078 - INFO - Step   24400 | Epoch  24 | MSE: 0.3365 | Steps/sec: 1.53 | LR: 1.93e-04 | Render_L1: 0.0342 | Alpha_L1: 0.0513 | Render_LPIPS: 0.3993 | cos(c,null): +0.1299 | GradNorm: 0.2676 | MSE/t: [0.00-0.50]0.515(n=6438) [0.50-0.85]0.166(n=5831) [0.85-0.95]0.044(n=510) [0.95-1.00]0.033(n=21)
2026-05-04 08:12:56,180 - INFO - [render-loss] step=24400 kept 29/64 samples (t_value >= 0.50)
2026-05-04 08:15:07,287 - INFO - Step   24600 | Epoch  24 | MSE: 0.3322 | Steps/sec: 1.52 | LR: 1.93e-04 | Render_L1: 0.0346 | Alpha_L1: 0.0520 | Render_LPIPS: 0.3986 | cos(c,null): +0.1352 | GradNorm: 0.2754 | MSE/t: [0.00-0.50]0.519(n=6262) [0.50-0.85]0.164(n=5953) [0.85-0.95]0.044(n=566) [0.95-1.00]0.036(n=19)
2026-05-04 08:15:07,389 - INFO - [render-loss] step=24600 kept 31/64 samples (t_value >= 0.50)
2026-05-04 08:17:17,509 - INFO - Step   24800 | Epoch  24 | MSE: 0.3381 | Steps/sec: 1.54 | LR: 1.93e-04 | Render_L1: 0.0354 | Alpha_L1: 0.0529 | Render_LPIPS: 0.4004 | cos(c,null): +0.1353 | GradNorm: 0.2858 | MSE/t: [0.00-0.50]0.523(n=6321) [0.50-0.85]0.168(n=5983) [0.85-0.95]0.046(n=478) [0.95-1.00]0.034(n=18)
2026-05-04 08:17:17,610 - INFO - [render-loss] step=24800 kept 38/64 samples (t_value >= 0.50)
2026-05-04 08:19:28,281 - INFO - Step   25000 | Epoch  25 | MSE: 0.3382 | Steps/sec: 1.53 | LR: 1.93e-04 | Render_L1: 0.0349 | Alpha_L1: 0.0527 | Render_LPIPS: 0.3991 | cos(c,null): +0.1387 | GradNorm: 0.2944 | MSE/t: [0.00-0.50]0.521(n=6413) [0.50-0.85]0.165(n=5844) [0.85-0.95]0.045(n=522) [0.95-1.00]0.037(n=21)
2026-05-04 08:19:28,498 - INFO - [cond] cfg_signal=0.0554 (min=0.0411 max=0.0741, n=16) | class_signal=0.0682 (min=0.0424 max=0.1081, n=16) | pred_rms=0.7030
2026-05-04 08:19:36,818 - INFO - [validation] saved: output/jit_B8_dinov2_20260504_072306/dit_validation/epoch_025_step_0025000_class041.png (class=41, sampler=heun, steps=100)
2026-05-04 08:19:38,388 - INFO - [overrides] applied from jit/configs/overrides.yaml: lr_scale=1.0 max_grad_norm=5.0 null_repel_weight=0.0 P_mean=0.0
2026-05-04 08:19:38,486 - INFO - [render-loss] step=25000 kept 29/64 samples (t_value >= 0.50)
2026-05-04 08:21:48,279 - INFO - Step   25200 | Epoch  25 | MSE: 0.3402 | Steps/sec: 1.43 | LR: 1.93e-04 | Render_L1: 0.0348 | Alpha_L1: 0.0524 | Render_LPIPS: 0.3979 | cos(c,null): +0.1433 | GradNorm: 0.3069 | MSE/t: [0.00-0.50]0.521(n=6425) [0.50-0.85]0.168(n=5869) [0.85-0.95]0.045(n=481) [0.95-1.00]0.035(n=25)
2026-05-04 08:21:48,381 - INFO - [render-loss] step=25200 kept 27/64 samples (t_value >= 0.50)
2026-05-04 08:23:58,595 - INFO - Step   25400 | Epoch  25 | MSE: 0.3380 | Steps/sec: 1.53 | LR: 1.93e-04 | Render_L1: 0.0345 | Alpha_L1: 0.0519 | Render_LPIPS: 0.3961 | cos(c,null): +0.1458 | GradNorm: 0.3136 | MSE/t: [0.00-0.50]0.520(n=6365) [0.50-0.85]0.168(n=5910) [0.85-0.95]0.046(n=500) [0.95-1.00]0.036(n=25)
2026-05-04 08:23:58,697 - INFO - [render-loss] step=25400 kept 29/64 samples (t_value >= 0.50)
2026-05-04 08:26:09,870 - INFO - Step   25600 | Epoch  25 | MSE: 0.3376 | Steps/sec: 1.52 | LR: 1.93e-04 | Render_L1: 0.0347 | Alpha_L1: 0.0523 | Render_LPIPS: 0.3950 | cos(c,null): +0.1472 | GradNorm: 0.3218 | MSE/t: [0.00-0.50]0.522(n=6301) [0.50-0.85]0.168(n=6006) [0.85-0.95]0.046(n=474) [0.95-1.00]0.037(n=19)
2026-05-04 08:26:09,973 - INFO - [render-loss] step=25600 kept 27/64 samples (t_value >= 0.50)
2026-05-04 08:28:20,466 - INFO - Step   25800 | Epoch  25 | MSE: 0.3373 | Steps/sec: 1.53 | LR: 1.92e-04 | Render_L1: 0.0351 | Alpha_L1: 0.0523 | Render_LPIPS: 0.3990 | cos(c,null): +0.1495 | GradNorm: 0.3288 | MSE/t: [0.00-0.50]0.517(n=6376) [0.50-0.85]0.169(n=5892) [0.85-0.95]0.047(n=522) [0.95-1.00]0.035(n=10)
2026-05-04 08:28:20,569 - INFO - [render-loss] step=25800 kept 30/64 samples (t_value >= 0.50)
2026-05-04 08:30:31,027 - INFO - Step   26000 | Epoch  26 | MSE: 0.3401 | Steps/sec: 1.53 | LR: 1.92e-04 | Render_L1: 0.0343 | Alpha_L1: 0.0518 | Render_LPIPS: 0.3942 | cos(c,null): +0.1537 | GradNorm: 0.3384 | MSE/t: [0.00-0.50]0.520(n=6392) [0.50-0.85]0.170(n=5906) [0.85-0.95]0.047(n=482) [0.95-1.00]0.037(n=20)
2026-05-04 08:30:31,239 - INFO - [cond] cfg_signal=0.0599 (min=0.0420 max=0.0852, n=16) | class_signal=0.0736 (min=0.0468 max=0.1114, n=16) | pred_rms=0.6648
2026-05-04 08:30:39,477 - INFO - [validation] saved: output/jit_B8_dinov2_20260504_072306/dit_validation/epoch_026_step_0026000_class080.png (class=80, sampler=heun, steps=100)
2026-05-04 08:30:40,619 - INFO - [overrides] applied from jit/configs/overrides.yaml: lr_scale=1.0 max_grad_norm=5.0 null_repel_weight=0.0 P_mean=0.0
2026-05-04 08:30:40,716 - INFO - [render-loss] step=26000 kept 30/64 samples (t_value >= 0.50)
2026-05-04 08:32:51,767 - INFO - Step   26200 | Epoch  26 | MSE: 0.3386 | Steps/sec: 1.42 | LR: 1.92e-04 | Render_L1: 0.0347 | Alpha_L1: 0.0522 | Render_LPIPS: 0.3984 | cos(c,null): +0.1555 | GradNorm: 0.3441 | MSE/t: [0.00-0.50]0.521(n=6334) [0.50-0.85]0.170(n=5941) [0.85-0.95]0.048(n=504) [0.95-1.00]0.041(n=21)
2026-05-04 08:32:51,869 - INFO - [render-loss] step=26200 kept 33/64 samples (t_value >= 0.50)
2026-05-04 08:35:02,667 - INFO - Step   26400 | Epoch  26 | MSE: 0.3395 | Steps/sec: 1.53 | LR: 1.92e-04 | Render_L1: 0.0347 | Alpha_L1: 0.0517 | Render_LPIPS: 0.3953 | cos(c,null): +0.1562 | GradNorm: 0.3545 | MSE/t: [0.00-0.50]0.520(n=6393) [0.50-0.85]0.170(n=5885) [0.85-0.95]0.048(n=499) [0.95-1.00]0.037(n=23)
2026-05-04 08:35:02,769 - INFO - [render-loss] step=26400 kept 32/64 samples (t_value >= 0.50)
2026-05-04 08:37:13,019 - INFO - Step   26600 | Epoch  26 | MSE: 0.3404 | Steps/sec: 1.53 | LR: 1.92e-04 | Render_L1: 0.0343 | Alpha_L1: 0.0518 | Render_LPIPS: 0.3935 | cos(c,null): +0.1570 | GradNorm: 0.3653 | MSE/t: [0.00-0.50]0.522(n=6405) [0.50-0.85]0.168(n=5888) [0.85-0.95]0.049(n=492) [0.95-1.00]0.037(n=15)
2026-05-04 08:37:13,121 - INFO - [render-loss] step=26600 kept 26/64 samples (t_value >= 0.50)
2026-05-04 08:39:23,809 - INFO - Step   26800 | Epoch  26 | MSE: 0.3386 | Steps/sec: 1.53 | LR: 1.92e-04 | Render_L1: 0.0347 | Alpha_L1: 0.0521 | Render_LPIPS: 0.3948 | cos(c,null): +0.1628 | GradNorm: 0.3724 | MSE/t: [0.00-0.50]0.523(n=6314) [0.50-0.85]0.170(n=5935) [0.85-0.95]0.048(n=532) [0.95-1.00]0.038(n=19)
2026-05-04 08:39:23,910 - INFO - [render-loss] step=26800 kept 28/64 samples (t_value >= 0.50)
2026-05-04 08:41:34,279 - INFO - Step   27000 | Epoch  27 | MSE: 0.3423 | Steps/sec: 1.53 | LR: 1.92e-04 | Render_L1: 0.0348 | Alpha_L1: 0.0520 | Render_LPIPS: 0.3946 | cos(c,null): +0.1669 | GradNorm: 0.3790 | MSE/t: [0.00-0.50]0.524(n=6397) [0.50-0.85]0.172(n=5839) [0.85-0.95]0.049(n=548) [0.95-1.00]0.039(n=16)
2026-05-04 08:41:34,493 - INFO - [cond] cfg_signal=0.0579 (min=0.0413 max=0.0757, n=16) | class_signal=0.0656 (min=0.0473 max=0.0938, n=16) | pred_rms=0.6240
2026-05-04 08:41:42,686 - INFO - [validation] saved: output/jit_B8_dinov2_20260504_072306/dit_validation/epoch_027_step_0027000_class084.png (class=84, sampler=heun, steps=100)
2026-05-04 08:41:43,878 - INFO - [overrides] applied from jit/configs/overrides.yaml: lr_scale=1.0 max_grad_norm=5.0 null_repel_weight=0.0 P_mean=0.0
2026-05-04 08:41:43,975 - INFO - [render-loss] step=27000 kept 38/64 samples (t_value >= 0.50)
2026-05-04 08:43:54,677 - INFO - Step   27200 | Epoch  27 | MSE: 0.3408 | Steps/sec: 1.43 | LR: 1.92e-04 | Render_L1: 0.0345 | Alpha_L1: 0.0517 | Render_LPIPS: 0.3936 | cos(c,null): +0.1658 | GradNorm: 0.3866 | MSE/t: [0.00-0.50]0.520(n=6386) [0.50-0.85]0.173(n=5877) [0.85-0.95]0.050(n=527) [0.95-1.00]0.039(n=10)
2026-05-04 08:43:54,781 - INFO - [render-loss] step=27200 kept 24/64 samples (t_value >= 0.50)
2026-05-04 08:46:05,193 - INFO - Step   27400 | Epoch  27 | MSE: 0.3406 | Steps/sec: 1.53 | LR: 1.91e-04 | Render_L1: 0.0341 | Alpha_L1: 0.0507 | Render_LPIPS: 0.3936 | cos(c,null): +0.1674 | GradNorm: 0.3954 | MSE/t: [0.00-0.50]0.524(n=6322) [0.50-0.85]0.171(n=5951) [0.85-0.95]0.051(n=511) [0.95-1.00]0.048(n=16)
2026-05-04 08:46:05,295 - INFO - [render-loss] step=27400 kept 31/64 samples (t_value >= 0.50)
2026-05-04 08:48:15,526 - INFO - Step   27600 | Epoch  27 | MSE: 0.3430 | Steps/sec: 1.53 | LR: 1.91e-04 | Render_L1: 0.0347 | Alpha_L1: 0.0516 | Render_LPIPS: 0.3957 | cos(c,null): +0.1662 | GradNorm: 0.4059 | MSE/t: [0.00-0.50]0.521(n=6448) [0.50-0.85]0.173(n=5814) [0.85-0.95]0.051(n=516) [0.95-1.00]0.040(n=22)
2026-05-04 08:48:15,628 - INFO - [render-loss] step=27600 kept 27/64 samples (t_value >= 0.50)
2026-05-04 08:50:26,555 - INFO - Step   27800 | Epoch  27 | MSE: 0.3420 | Steps/sec: 1.53 | LR: 1.91e-04 | Render_L1: 0.0347 | Alpha_L1: 0.0517 | Render_LPIPS: 0.3954 | cos(c,null): +0.1720 | GradNorm: 0.4109 | MSE/t: [0.00-0.50]0.523(n=6350) [0.50-0.85]0.174(n=5924) [0.85-0.95]0.053(n=498) [0.95-1.00]0.043(n=28)
2026-05-04 08:50:26,658 - INFO - [render-loss] step=27800 kept 34/64 samples (t_value >= 0.50)
2026-05-04 08:52:37,527 - INFO - Step   28000 | Epoch  28 | MSE: 0.3409 | Steps/sec: 1.53 | LR: 1.91e-04 | Render_L1: 0.0343 | Alpha_L1: 0.0511 | Render_LPIPS: 0.3942 | cos(c,null): +0.1729 | GradNorm: 0.4170 | MSE/t: [0.00-0.50]0.523(n=6329) [0.50-0.85]0.174(n=5900) [0.85-0.95]0.052(n=553) [0.95-1.00]0.040(n=18)
2026-05-04 08:52:37,738 - INFO - [cond] cfg_signal=0.0579 (min=0.0397 max=0.0773, n=16) | class_signal=0.0771 (min=0.0479 max=0.1157, n=16) | pred_rms=0.5993
2026-05-04 08:52:45,980 - INFO - [validation] saved: output/jit_B8_dinov2_20260504_072306/dit_validation/epoch_028_step_0028000_class043.png (class=43, sampler=heun, steps=100)
2026-05-04 08:52:47,220 - INFO - [overrides] applied from jit/configs/overrides.yaml: lr_scale=1.0 max_grad_norm=5.0 null_repel_weight=0.0 P_mean=0.0
2026-05-04 08:52:47,318 - INFO - [render-loss] step=28000 kept 30/64 samples (t_value >= 0.50)
2026-05-04 08:54:57,367 - INFO - Step   28200 | Epoch  28 | MSE: 0.3460 | Steps/sec: 1.43 | LR: 1.91e-04 | Render_L1: 0.0342 | Alpha_L1: 0.0511 | Render_LPIPS: 0.3920 | cos(c,null): +0.1759 | GradNorm: 0.4241 | MSE/t: [0.00-0.50]0.525(n=6464) [0.50-0.85]0.173(n=5813) [0.85-0.95]0.050(n=505) [0.95-1.00]0.040(n=18)
2026-05-04 08:54:57,469 - INFO - [render-loss] step=28200 kept 33/64 samples (t_value >= 0.50)
2026-05-04 08:57:07,848 - INFO - Step   28400 | Epoch  28 | MSE: 0.3436 | Steps/sec: 1.53 | LR: 1.91e-04 | Render_L1: 0.0344 | Alpha_L1: 0.0510 | Render_LPIPS: 0.3917 | cos(c,null): +0.1767 | GradNorm: 0.4352 | MSE/t: [0.00-0.50]0.526(n=6359) [0.50-0.85]0.173(n=5919) [0.85-0.95]0.052(n=500) [0.95-1.00]0.042(n=22)
2026-05-04 08:57:07,950 - INFO - [render-loss] step=28400 kept 31/64 samples (t_value >= 0.50)
2026-05-04 08:59:18,024 - INFO - Step   28600 | Epoch  28 | MSE: 0.3444 | Steps/sec: 1.54 | LR: 1.91e-04 | Render_L1: 0.0346 | Alpha_L1: 0.0511 | Render_LPIPS: 0.3930 | cos(c,null): +0.1792 | GradNorm: 0.4424 | MSE/t: [0.00-0.50]0.523(n=6399) [0.50-0.85]0.175(n=5899) [0.85-0.95]0.054(n=487) [0.95-1.00]0.045(n=15)
2026-05-04 08:59:18,125 - INFO - [render-loss] step=28600 kept 32/64 samples (t_value >= 0.50)
2026-05-04 09:01:29,077 - INFO - Step   28800 | Epoch  28 | MSE: 0.3445 | Steps/sec: 1.53 | LR: 1.91e-04 | Render_L1: 0.0348 | Alpha_L1: 0.0516 | Render_LPIPS: 0.3925 | cos(c,null): +0.1815 | GradNorm: 0.4424 | MSE/t: [0.00-0.50]0.526(n=6387) [0.50-0.85]0.174(n=5872) [0.85-0.95]0.053(n=517) [0.95-1.00]0.047(n=24)
2026-05-04 09:01:29,178 - INFO - [render-loss] step=28800 kept 31/64 samples (t_value >= 0.50)
2026-05-04 09:03:39,497 - INFO - Step   29000 | Epoch  29 | MSE: 0.3461 | Steps/sec: 1.53 | LR: 1.90e-04 | Render_L1: 0.0345 | Alpha_L1: 0.0512 | Render_LPIPS: 0.3919 | cos(c,null): +0.1838 | GradNorm: 0.4586 | MSE/t: [0.00-0.50]0.525(n=6456) [0.50-0.85]0.176(n=5766) [0.85-0.95]0.053(n=544) [0.95-1.00]0.042(n=34)
2026-05-04 09:03:39,708 - INFO - [cond] cfg_signal=0.0570 (min=0.0408 max=0.0860, n=16) | class_signal=0.0717 (min=0.0511 max=0.1041, n=16) | pred_rms=0.6246
2026-05-04 09:03:47,759 - INFO - [validation] saved: output/jit_B8_dinov2_20260504_072306/dit_validation/epoch_029_step_0029000_class100.png (class=100, sampler=heun, steps=100)
2026-05-04 09:03:48,842 - INFO - [overrides] applied from jit/configs/overrides.yaml: lr_scale=1.0 max_grad_norm=5.0 null_repel_weight=0.0 P_mean=0.0
2026-05-04 09:03:48,939 - INFO - [render-loss] step=29000 kept 33/64 samples (t_value >= 0.50)
2026-05-04 09:06:00,374 - INFO - Step   29200 | Epoch  29 | MSE: 0.3428 | Steps/sec: 1.42 | LR: 1.90e-04 | Render_L1: 0.0343 | Alpha_L1: 0.0510 | Render_LPIPS: 0.3915 | cos(c,null): +0.1857 | GradNorm: 0.4597 | MSE/t: [0.00-0.50]0.522(n=6376) [0.50-0.85]0.175(n=5894) [0.85-0.95]0.054(n=511) [0.95-1.00]0.049(n=19)
2026-05-04 09:06:00,475 - INFO - [render-loss] step=29200 kept 17/64 samples (t_value >= 0.50)
2026-05-04 09:08:10,717 - INFO - Step   29400 | Epoch  29 | MSE: 0.3425 | Steps/sec: 1.53 | LR: 1.90e-04 | Render_L1: 0.0346 | Alpha_L1: 0.0509 | Render_LPIPS: 0.3911 | cos(c,null): +0.1905 | GradNorm: 0.4728 | MSE/t: [0.00-0.50]0.522(n=6381) [0.50-0.85]0.174(n=5893) [0.85-0.95]0.053(n=510) [0.95-1.00]0.044(n=16)
2026-05-04 09:08:10,819 - INFO - [render-loss] step=29400 kept 33/64 samples (t_value >= 0.50)
2026-05-04 09:10:21,549 - INFO - Step   29600 | Epoch  29 | MSE: 0.3465 | Steps/sec: 1.53 | LR: 1.90e-04 | Render_L1: 0.0345 | Alpha_L1: 0.0512 | Render_LPIPS: 0.3900 | cos(c,null): +0.1914 | GradNorm: 0.4782 | MSE/t: [0.00-0.50]0.527(n=6386) [0.50-0.85]0.177(n=5880) [0.85-0.95]0.055(n=516) [0.95-1.00]0.042(n=18)
2026-05-04 09:10:21,651 - INFO - [render-loss] step=29600 kept 28/64 samples (t_value >= 0.50)
2026-05-04 09:12:31,987 - INFO - Step   29800 | Epoch  29 | MSE: 0.3430 | Steps/sec: 1.53 | LR: 1.90e-04 | Render_L1: 0.0348 | Alpha_L1: 0.0508 | Render_LPIPS: 0.3908 | cos(c,null): +0.1966 | GradNorm: 0.4860 | MSE/t: [0.00-0.50]0.525(n=6332) [0.50-0.85]0.175(n=5947) [0.85-0.95]0.055(n=497) [0.95-1.00]0.044(n=24)
2026-05-04 09:12:32,090 - INFO - [render-loss] step=29800 kept 33/64 samples (t_value >= 0.50)
2026-05-04 09:14:42,884 - INFO - Step   30000 | Epoch  30 | MSE: 0.3453 | Steps/sec: 1.53 | LR: 1.90e-04 | Render_L1: 0.0339 | Alpha_L1: 0.0504 | Render_LPIPS: 0.3894 | cos(c,null): +0.1976 | GradNorm: 0.4899 | MSE/t: [0.00-0.50]0.525(n=6360) [0.50-0.85]0.179(n=5898) [0.85-0.95]0.054(n=519) [0.95-1.00]0.046(n=23)
2026-05-04 09:14:43,096 - INFO - [cond] cfg_signal=0.0571 (min=0.0395 max=0.0816, n=16) | class_signal=0.0736 (min=0.0519 max=0.1167, n=16) | pred_rms=0.6076
2026-05-04 09:14:51,235 - INFO - [validation] saved: output/jit_B8_dinov2_20260504_072306/dit_validation/epoch_030_step_0030000_class099.png (class=99, sampler=heun, steps=100)
2026-05-04 09:14:52,390 - INFO - [overrides] applied from jit/configs/overrides.yaml: lr_scale=1.0 max_grad_norm=5.0 null_repel_weight=0.0 P_mean=0.0
2026-05-04 09:14:52,487 - INFO - [render-loss] step=30000 kept 26/64 samples (t_value >= 0.50)
2026-05-04 09:17:02,976 - INFO - Step   30200 | Epoch  30 | MSE: 0.3469 | Steps/sec: 1.43 | LR: 1.90e-04 | Render_L1: 0.0344 | Alpha_L1: 0.0505 | Render_LPIPS: 0.3884 | cos(c,null): +0.1967 | GradNorm: 0.4977 | MSE/t: [0.00-0.50]0.524(n=6465) [0.50-0.85]0.178(n=5772) [0.85-0.95]0.055(n=536) [0.95-1.00]0.050(n=27)
2026-05-04 09:17:03,078 - INFO - [render-loss] step=30200 kept 35/64 samples (t_value >= 0.50)
2026-05-04 09:19:14,618 - INFO - Step   30400 | Epoch  30 | MSE: 0.3436 | Steps/sec: 1.52 | LR: 1.89e-04 | Render_L1: 0.0343 | Alpha_L1: 0.0507 | Render_LPIPS: 0.3914 | cos(c,null): +0.2043 | GradNorm: 0.5047 | MSE/t: [0.00-0.50]0.524(n=6345) [0.50-0.85]0.177(n=5913) [0.85-0.95]0.056(n=518) [0.95-1.00]0.046(n=24)
2026-05-04 09:19:14,721 - INFO - [render-loss] step=30400 kept 30/64 samples (t_value >= 0.50)
2026-05-04 09:21:25,476 - INFO - Step   30600 | Epoch  30 | MSE: 0.3433 | Steps/sec: 1.53 | LR: 1.89e-04 | Render_L1: 0.0342 | Alpha_L1: 0.0507 | Render_LPIPS: 0.3882 | cos(c,null): +0.2066 | GradNorm: 0.5103 | MSE/t: [0.00-0.50]0.526(n=6305) [0.50-0.85]0.177(n=5952) [0.85-0.95]0.056(n=518) [0.95-1.00]0.049(n=25)
2026-05-04 09:21:25,578 - INFO - [render-loss] step=30600 kept 36/64 samples (t_value >= 0.50)
2026-05-04 09:23:35,254 - INFO - Step   30800 | Epoch  30 | MSE: 0.3495 | Steps/sec: 1.54 | LR: 1.89e-04 | Render_L1: 0.0346 | Alpha_L1: 0.0509 | Render_LPIPS: 0.3884 | cos(c,null): +0.2071 | GradNorm: 0.5151 | MSE/t: [0.00-0.50]0.525(n=6461) [0.50-0.85]0.181(n=5807) [0.85-0.95]0.056(n=506) [0.95-1.00]0.048(n=26)
2026-05-04 09:23:35,357 - INFO - [render-loss] step=30800 kept 35/64 samples (t_value >= 0.50)
2026-05-04 09:25:44,721 - INFO - Step   31000 | Epoch  31 | MSE: 0.3509 | Steps/sec: 1.54 | LR: 1.89e-04 | Render_L1: 0.0342 | Alpha_L1: 0.0510 | Render_LPIPS: 0.3875 | cos(c,null): +0.2085 | GradNorm: 0.5301 | MSE/t: [0.00-0.50]0.526(n=6529) [0.50-0.85]0.178(n=5762) [0.85-0.95]0.056(n=487) [0.95-1.00]0.048(n=22)
2026-05-04 09:25:44,932 - INFO - [cond] cfg_signal=0.0599 (min=0.0427 max=0.0961, n=16) | class_signal=0.0765 (min=0.0517 max=0.1157, n=16) | pred_rms=0.6118
2026-05-04 09:25:53,141 - INFO - [validation] saved: output/jit_B8_dinov2_20260504_072306/dit_validation/epoch_031_step_0031000_class100.png (class=100, sampler=heun, steps=100)
2026-05-04 09:25:54,299 - INFO - [overrides] applied from jit/configs/overrides.yaml: lr_scale=1.0 max_grad_norm=5.0 null_repel_weight=0.0 P_mean=0.0
2026-05-04 09:25:54,397 - INFO - [render-loss] step=31000 kept 34/64 samples (t_value >= 0.50)
2026-05-04 09:28:04,737 - INFO - Step   31200 | Epoch  31 | MSE: 0.3466 | Steps/sec: 1.43 | LR: 1.89e-04 | Render_L1: 0.0344 | Alpha_L1: 0.0512 | Render_LPIPS: 0.3886 | cos(c,null): +0.2100 | GradNorm: 0.5302 | MSE/t: [0.00-0.50]0.526(n=6368) [0.50-0.85]0.180(n=5876) [0.85-0.95]0.056(n=536) [0.95-1.00]0.046(n=20)
2026-05-04 09:28:04,838 - INFO - [render-loss] step=31200 kept 38/64 samples (t_value >= 0.50)
2026-05-04 09:30:15,314 - INFO - Step   31400 | Epoch  31 | MSE: 0.3444 | Steps/sec: 1.53 | LR: 1.89e-04 | Render_L1: 0.0340 | Alpha_L1: 0.0515 | Render_LPIPS: 0.3886 | cos(c,null): +0.2153 | GradNorm: 0.5345 | MSE/t: [0.00-0.50]0.526(n=6274) [0.50-0.85]0.180(n=5967) [0.85-0.95]0.058(n=538) [0.95-1.00]0.048(n=21)
2026-05-04 09:30:15,416 - INFO - [render-loss] step=31400 kept 32/64 samples (t_value >= 0.50)
2026-05-04 09:32:25,588 - INFO - Step   31600 | Epoch  31 | MSE: 0.3451 | Steps/sec: 1.54 | LR: 1.89e-04 | Render_L1: 0.0343 | Alpha_L1: 0.0513 | Render_LPIPS: 0.3872 | cos(c,null): +0.2143 | GradNorm: 0.5444 | MSE/t: [0.00-0.50]0.524(n=6346) [0.50-0.85]0.179(n=5924) [0.85-0.95]0.058(n=510) [0.95-1.00]0.049(n=20)
2026-05-04 09:32:25,693 - INFO - [render-loss] step=31600 kept 22/64 samples (t_value >= 0.50)
2026-05-04 09:34:36,257 - INFO - Step   31800 | Epoch  31 | MSE: 0.3473 | Steps/sec: 1.53 | LR: 1.88e-04 | Render_L1: 0.0342 | Alpha_L1: 0.0509 | Render_LPIPS: 0.3865 | cos(c,null): +0.2157 | GradNorm: 0.5450 | MSE/t: [0.00-0.50]0.525(n=6406) [0.50-0.85]0.180(n=5825) [0.85-0.95]0.057(n=542) [0.95-1.00]0.046(n=27)
2026-05-04 09:34:36,358 - INFO - [render-loss] step=31800 kept 33/64 samples (t_value >= 0.50)
2026-05-04 09:36:46,683 - INFO - Step   32000 | Epoch  32 | MSE: 0.3490 | Steps/sec: 1.53 | LR: 1.88e-04 | Render_L1: 0.0344 | Alpha_L1: 0.0504 | Render_LPIPS: 0.3879 | cos(c,null): +0.2147 | GradNorm: 0.5603 | MSE/t: [0.00-0.50]0.528(n=6392) [0.50-0.85]0.181(n=5868) [0.85-0.95]0.057(n=520) [0.95-1.00]0.049(n=20)
2026-05-04 09:36:46,901 - INFO - [cond] cfg_signal=0.0579 (min=0.0364 max=0.0859, n=16) | class_signal=0.0732 (min=0.0494 max=0.1112, n=16) | pred_rms=0.6574
2026-05-04 09:36:55,088 - INFO - [validation] saved: output/jit_B8_dinov2_20260504_072306/dit_validation/epoch_032_step_0032000_class024.png (class=24, sampler=heun, steps=100)
2026-05-04 09:36:56,279 - INFO - [overrides] applied from jit/configs/overrides.yaml: lr_scale=1.0 max_grad_norm=5.0 null_repel_weight=0.0 P_mean=0.0
2026-05-04 09:36:56,376 - INFO - [render-loss] step=32000 kept 31/64 samples (t_value >= 0.50)
2026-05-04 09:39:06,729 - INFO - Step   32200 | Epoch  32 | MSE: 0.3449 | Steps/sec: 1.43 | LR: 1.88e-04 | Render_L1: 0.0337 | Alpha_L1: 0.0500 | Render_LPIPS: 0.3846 | cos(c,null): +0.2179 | GradNorm: 0.5579 | MSE/t: [0.00-0.50]0.524(n=6346) [0.50-0.85]0.179(n=5933) [0.85-0.95]0.057(n=502) [0.95-1.00]0.048(n=19)
2026-05-04 09:39:06,831 - INFO - [render-loss] step=32200 kept 31/64 samples (t_value >= 0.50)
2026-05-04 09:41:17,148 - INFO - Step   32400 | Epoch  32 | MSE: 0.3472 | Steps/sec: 1.53 | LR: 1.88e-04 | Render_L1: 0.0347 | Alpha_L1: 0.0513 | Render_LPIPS: 0.3861 | cos(c,null): +0.2203 | GradNorm: 0.5709 | MSE/t: [0.00-0.50]0.523(n=6411) [0.50-0.85]0.182(n=5845) [0.85-0.95]0.057(n=527) [0.95-1.00]0.045(n=17)
2026-05-04 09:41:17,250 - INFO - [render-loss] step=32400 kept 36/64 samples (t_value >= 0.50)
2026-05-04 09:43:27,760 - INFO - Step   32600 | Epoch  32 | MSE: 0.3486 | Steps/sec: 1.53 | LR: 1.88e-04 | Render_L1: 0.0339 | Alpha_L1: 0.0499 | Render_LPIPS: 0.3841 | cos(c,null): +0.2236 | GradNorm: 0.5778 | MSE/t: [0.00-0.50]0.525(n=6448) [0.50-0.85]0.181(n=5796) [0.85-0.95]0.058(n=535) [0.95-1.00]0.047(n=21)
2026-05-04 09:43:27,862 - INFO - [render-loss] step=32600 kept 27/64 samples (t_value >= 0.50)
2026-05-04 09:45:38,039 - INFO - Step   32800 | Epoch  32 | MSE: 0.3473 | Steps/sec: 1.54 | LR: 1.88e-04 | Render_L1: 0.0346 | Alpha_L1: 0.0510 | Render_LPIPS: 0.3875 | cos(c,null): +0.2307 | GradNorm: 0.5834 | MSE/t: [0.00-0.50]0.524(n=6380) [0.50-0.85]0.181(n=5921) [0.85-0.95]0.059(n=479) [0.95-1.00]0.049(n=20)
2026-05-04 09:45:38,140 - INFO - [render-loss] step=32800 kept 34/64 samples (t_value >= 0.50)
2026-05-04 09:47:49,062 - INFO - Step   33000 | Epoch  33 | MSE: 0.3467 | Steps/sec: 1.53 | LR: 1.88e-04 | Render_L1: 0.0345 | Alpha_L1: 0.0510 | Render_LPIPS: 0.3860 | cos(c,null): +0.2298 | GradNorm: 0.5852 | MSE/t: [0.00-0.50]0.526(n=6299) [0.50-0.85]0.183(n=5984) [0.85-0.95]0.058(n=496) [0.95-1.00]0.057(n=21)
2026-05-04 09:47:49,275 - INFO - [cond] cfg_signal=0.0541 (min=0.0363 max=0.0718, n=16) | class_signal=0.0737 (min=0.0517 max=0.0955, n=16) | pred_rms=0.5999
2026-05-04 09:47:57,501 - INFO - [validation] saved: output/jit_B8_dinov2_20260504_072306/dit_validation/epoch_033_step_0033000_class083.png (class=83, sampler=heun, steps=100)
2026-05-04 09:47:58,701 - INFO - [overrides] applied from jit/configs/overrides.yaml: lr_scale=1.0 max_grad_norm=5.0 null_repel_weight=0.0 P_mean=0.0
2026-05-04 09:47:58,798 - INFO - [render-loss] step=33000 kept 27/64 samples (t_value >= 0.50)
2026-05-04 09:50:08,614 - INFO - Step   33200 | Epoch  33 | MSE: 0.3471 | Steps/sec: 1.44 | LR: 1.87e-04 | Render_L1: 0.0336 | Alpha_L1: 0.0496 | Render_LPIPS: 0.3810 | cos(c,null): +0.2304 | GradNorm: 0.5977 | MSE/t: [0.00-0.50]0.523(n=6428) [0.50-0.85]0.180(n=5818) [0.85-0.95]0.058(n=526) [0.95-1.00]0.052(n=28)
2026-05-04 09:50:08,716 - INFO - [render-loss] step=33200 kept 36/64 samples (t_value >= 0.50)
2026-05-04 09:52:19,055 - INFO - Step   33400 | Epoch  33 | MSE: 0.3498 | Steps/sec: 1.53 | LR: 1.87e-04 | Render_L1: 0.0342 | Alpha_L1: 0.0501 | Render_LPIPS: 0.3843 | cos(c,null): +0.2339 | GradNorm: 0.5981 | MSE/t: [0.00-0.50]0.527(n=6423) [0.50-0.85]0.182(n=5823) [0.85-0.95]0.059(n=531) [0.95-1.00]0.054(n=23)
2026-05-04 09:52:19,157 - INFO - [render-loss] step=33400 kept 28/64 samples (t_value >= 0.50)
2026-05-04 09:54:29,754 - INFO - Step   33600 | Epoch  33 | MSE: 0.3478 | Steps/sec: 1.53 | LR: 1.87e-04 | Render_L1: 0.0338 | Alpha_L1: 0.0508 | Render_LPIPS: 0.3828 | cos(c,null): +0.2304 | GradNorm: 0.6011 | MSE/t: [0.00-0.50]0.526(n=6382) [0.50-0.85]0.181(n=5885) [0.85-0.95]0.060(n=516) [0.95-1.00]0.048(n=17)
2026-05-04 09:54:29,856 - INFO - [render-loss] step=33600 kept 33/64 samples (t_value >= 0.50)
2026-05-04 09:56:40,144 - INFO - Step   33800 | Epoch  33 | MSE: 0.3517 | Steps/sec: 1.53 | LR: 1.87e-04 | Render_L1: 0.0337 | Alpha_L1: 0.0498 | Render_LPIPS: 0.3815 | cos(c,null): +0.2338 | GradNorm: 0.6101 | MSE/t: [0.00-0.50]0.526(n=6494) [0.50-0.85]0.183(n=5731) [0.85-0.95]0.060(n=550) [0.95-1.00]0.047(n=25)
2026-05-04 09:56:40,246 - INFO - [render-loss] step=33800 kept 30/64 samples (t_value >= 0.50)
2026-05-04 09:58:50,748 - INFO - Step   34000 | Epoch  34 | MSE: 0.3497 | Steps/sec: 1.53 | LR: 1.87e-04 | Render_L1: 0.0338 | Alpha_L1: 0.0502 | Render_LPIPS: 0.3817 | cos(c,null): +0.2306 | GradNorm: 0.6151 | MSE/t: [0.00-0.50]0.527(n=6406) [0.50-0.85]0.183(n=5867) [0.85-0.95]0.060(n=506) [0.95-1.00]0.047(n=21)
2026-05-04 09:58:50,964 - INFO - [cond] cfg_signal=0.0569 (min=0.0432 max=0.0766, n=16) | class_signal=0.0739 (min=0.0497 max=0.1023, n=16) | pred_rms=0.5976
2026-05-04 09:58:59,146 - INFO - [validation] saved: output/jit_B8_dinov2_20260504_072306/dit_validation/epoch_034_step_0034000_class033.png (class=33, sampler=heun, steps=100)
2026-05-04 09:59:00,367 - INFO - [overrides] applied from jit/configs/overrides.yaml: lr_scale=1.0 max_grad_norm=5.0 null_repel_weight=0.0 P_mean=0.0
2026-05-04 09:59:00,464 - INFO - [render-loss] step=34000 kept 33/64 samples (t_value >= 0.50)
2026-05-04 10:01:10,332 - INFO - Step   34200 | Epoch  34 | MSE: 0.3484 | Steps/sec: 1.44 | LR: 1.87e-04 | Render_L1: 0.0340 | Alpha_L1: 0.0506 | Render_LPIPS: 0.3836 | cos(c,null): +0.2350 | GradNorm: 0.6238 | MSE/t: [0.00-0.50]0.524(n=6438) [0.50-0.85]0.181(n=5801) [0.85-0.95]0.060(n=543) [0.95-1.00]0.054(n=18)
2026-05-04 10:01:10,433 - INFO - [render-loss] step=34200 kept 18/64 samples (t_value >= 0.50)
2026-05-04 10:03:20,491 - INFO - Step   34400 | Epoch  34 | MSE: 0.3509 | Steps/sec: 1.54 | LR: 1.87e-04 | Render_L1: 0.0343 | Alpha_L1: 0.0505 | Render_LPIPS: 0.3816 | cos(c,null): +0.2374 | GradNorm: 0.6327 | MSE/t: [0.00-0.50]0.528(n=6410) [0.50-0.85]0.183(n=5856) [0.85-0.95]0.061(n=510) [0.95-1.00]0.053(n=24)
2026-05-04 10:03:20,593 - INFO - [render-loss] step=34400 kept 38/64 samples (t_value >= 0.50)
2026-05-04 10:05:30,438 - INFO - Step   34600 | Epoch  34 | MSE: 0.3512 | Steps/sec: 1.54 | LR: 1.86e-04 | Render_L1: 0.0344 | Alpha_L1: 0.0508 | Render_LPIPS: 0.3827 | cos(c,null): +0.2428 | GradNorm: 0.6336 | MSE/t: [0.00-0.50]0.528(n=6425) [0.50-0.85]0.183(n=5849) [0.85-0.95]0.061(n=507) [0.95-1.00]0.051(n=19)
2026-05-04 10:05:30,541 - INFO - [render-loss] step=34600 kept 26/64 samples (t_value >= 0.50)
2026-05-04 10:07:41,002 - INFO - Step   34800 | Epoch  34 | MSE: 0.3511 | Steps/sec: 1.53 | LR: 1.86e-04 | Render_L1: 0.0340 | Alpha_L1: 0.0498 | Render_LPIPS: 0.3801 | cos(c,null): +0.2466 | GradNorm: 0.6424 | MSE/t: [0.00-0.50]0.530(n=6390) [0.50-0.85]0.184(n=5865) [0.85-0.95]0.059(n=524) [0.95-1.00]0.058(n=21)
2026-05-04 10:07:41,104 - INFO - [render-loss] step=34800 kept 32/64 samples (t_value >= 0.50)
2026-05-04 10:09:51,527 - INFO - Step   35000 | Epoch  35 | MSE: 0.3491 | Steps/sec: 1.53 | LR: 1.86e-04 | Render_L1: 0.0337 | Alpha_L1: 0.0497 | Render_LPIPS: 0.3793 | cos(c,null): +0.2493 | GradNorm: 0.6442 | MSE/t: [0.00-0.50]0.528(n=6335) [0.50-0.85]0.184(n=5927) [0.85-0.95]0.061(n=515) [0.95-1.00]0.046(n=23)
2026-05-04 10:09:51,737 - INFO - [cond] cfg_signal=0.0601 (min=0.0407 max=0.0795, n=16) | class_signal=0.0773 (min=0.0616 max=0.1097, n=16) | pred_rms=0.6273
2026-05-04 10:10:00,097 - INFO - [validation] saved: output/jit_B8_dinov2_20260504_072306/dit_validation/epoch_035_step_0035000_class094.png (class=94, sampler=heun, steps=100)
2026-05-04 10:10:01,341 - INFO - [overrides] applied from jit/configs/overrides.yaml: lr_scale=1.0 max_grad_norm=5.0 null_repel_weight=0.0 P_mean=0.0
2026-05-04 10:10:01,438 - INFO - [render-loss] step=35000 kept 32/64 samples (t_value >= 0.50)
2026-05-04 10:12:11,847 - INFO - Step   35200 | Epoch  35 | MSE: 0.3476 | Steps/sec: 1.43 | LR: 1.86e-04 | Render_L1: 0.0341 | Alpha_L1: 0.0502 | Render_LPIPS: 0.3808 | cos(c,null): +0.2479 | GradNorm: 0.6506 | MSE/t: [0.00-0.50]0.524(n=6359) [0.50-0.85]0.184(n=5917) [0.85-0.95]0.062(n=500) [0.95-1.00]0.050(n=24)
2026-05-04 10:12:11,951 - INFO - [render-loss] step=35200 kept 36/64 samples (t_value >= 0.50)
2026-05-04 10:14:21,488 - INFO - Step   35400 | Epoch  35 | MSE: 0.3516 | Steps/sec: 1.54 | LR: 1.86e-04 | Render_L1: 0.0344 | Alpha_L1: 0.0508 | Render_LPIPS: 0.3810 | cos(c,null): +0.2542 | GradNorm: 0.6602 | MSE/t: [0.00-0.50]0.529(n=6396) [0.50-0.85]0.185(n=5883) [0.85-0.95]0.061(n=507) [0.95-1.00]0.056(n=14)
2026-05-04 10:14:21,590 - INFO - [render-loss] step=35400 kept 32/64 samples (t_value >= 0.50)
2026-05-04 10:16:31,770 - INFO - Step   35600 | Epoch  35 | MSE: 0.3486 | Steps/sec: 1.54 | LR: 1.86e-04 | Render_L1: 0.0338 | Alpha_L1: 0.0493 | Render_LPIPS: 0.3786 | cos(c,null): +0.2579 | GradNorm: 0.6611 | MSE/t: [0.00-0.50]0.527(n=6351) [0.50-0.85]0.183(n=5905) [0.85-0.95]0.060(n=518) [0.95-1.00]0.051(n=26)
2026-05-04 10:16:31,873 - INFO - [render-loss] step=35600 kept 33/64 samples (t_value >= 0.50)
2026-05-04 10:18:42,239 - INFO - Step   35800 | Epoch  35 | MSE: 0.3503 | Steps/sec: 1.53 | LR: 1.85e-04 | Render_L1: 0.0341 | Alpha_L1: 0.0501 | Render_LPIPS: 0.3794 | cos(c,null): +0.2592 | GradNorm: 0.6624 | MSE/t: [0.00-0.50]0.527(n=6382) [0.50-0.85]0.185(n=5885) [0.85-0.95]0.061(n=513) [0.95-1.00]0.049(n=20)
2026-05-04 10:18:42,341 - INFO - [render-loss] step=35800 kept 20/64 samples (t_value >= 0.50)
2026-05-04 10:20:53,101 - INFO - Step   36000 | Epoch  36 | MSE: 0.3517 | Steps/sec: 1.53 | LR: 1.85e-04 | Render_L1: 0.0338 | Alpha_L1: 0.0497 | Render_LPIPS: 0.3786 | cos(c,null): +0.2596 | GradNorm: 0.6675 | MSE/t: [0.00-0.50]0.526(n=6429) [0.50-0.85]0.186(n=5838) [0.85-0.95]0.062(n=507) [0.95-1.00]0.054(n=26)
2026-05-04 10:20:53,312 - INFO - [cond] cfg_signal=0.0603 (min=0.0388 max=0.0831, n=16) | class_signal=0.0794 (min=0.0519 max=0.1030, n=16) | pred_rms=0.6138
2026-05-04 10:21:01,581 - INFO - [validation] saved: output/jit_B8_dinov2_20260504_072306/dit_validation/epoch_036_step_0036000_class022.png (class=22, sampler=heun, steps=100)
2026-05-04 10:21:02,829 - INFO - [overrides] applied from jit/configs/overrides.yaml: lr_scale=1.0 max_grad_norm=5.0 null_repel_weight=0.0 P_mean=0.0
2026-05-04 10:21:02,926 - INFO - [render-loss] step=36000 kept 37/64 samples (t_value >= 0.50)
2026-05-04 10:23:13,237 - INFO - Step   36200 | Epoch  36 | MSE: 0.3533 | Steps/sec: 1.43 | LR: 1.85e-04 | Render_L1: 0.0340 | Alpha_L1: 0.0505 | Render_LPIPS: 0.3779 | cos(c,null): +0.2601 | GradNorm: 0.6733 | MSE/t: [0.00-0.50]0.528(n=6477) [0.50-0.85]0.186(n=5754) [0.85-0.95]0.063(n=544) [0.95-1.00]0.051(n=25)
2026-05-04 10:23:13,340 - INFO - [render-loss] step=36200 kept 34/64 samples (t_value >= 0.50)
2026-05-04 10:25:23,481 - INFO - Step   36400 | Epoch  36 | MSE: 0.3546 | Steps/sec: 1.54 | LR: 1.85e-04 | Render_L1: 0.0341 | Alpha_L1: 0.0497 | Render_LPIPS: 0.3767 | cos(c,null): +0.2597 | GradNorm: 0.6802 | MSE/t: [0.00-0.50]0.530(n=6453) [0.50-0.85]0.186(n=5841) [0.85-0.95]0.064(n=485) [0.95-1.00]0.051(n=21)
2026-05-04 10:25:23,583 - INFO - [render-loss] step=36400 kept 34/64 samples (t_value >= 0.50)
2026-05-04 10:27:34,204 - INFO - Step   36600 | Epoch  36 | MSE: 0.3498 | Steps/sec: 1.53 | LR: 1.85e-04 | Render_L1: 0.0334 | Alpha_L1: 0.0497 | Render_LPIPS: 0.3747 | cos(c,null): +0.2595 | GradNorm: 0.6788 | MSE/t: [0.00-0.50]0.527(n=6348) [0.50-0.85]0.186(n=5927) [0.85-0.95]0.063(n=506) [0.95-1.00]0.055(n=19)
2026-05-04 10:27:34,305 - INFO - [render-loss] step=36600 kept 32/64 samples (t_value >= 0.50)
2026-05-04 10:29:45,070 - INFO - Step   36800 | Epoch  36 | MSE: 0.3504 | Steps/sec: 1.53 | LR: 1.85e-04 | Render_L1: 0.0338 | Alpha_L1: 0.0499 | Render_LPIPS: 0.3757 | cos(c,null): +0.2600 | GradNorm: 0.6879 | MSE/t: [0.00-0.50]0.526(n=6375) [0.50-0.85]0.186(n=5910) [0.85-0.95]0.063(n=499) [0.95-1.00]0.054(n=16)
2026-05-04 10:29:45,172 - INFO - [render-loss] step=36800 kept 30/64 samples (t_value >= 0.50)
2026-05-04 10:31:56,324 - INFO - Step   37000 | Epoch  37 | MSE: 0.3505 | Steps/sec: 1.52 | LR: 1.84e-04 | Render_L1: 0.0345 | Alpha_L1: 0.0505 | Render_LPIPS: 0.3791 | cos(c,null): +0.2633 | GradNorm: 0.6864 | MSE/t: [0.00-0.50]0.528(n=6326) [0.50-0.85]0.187(n=5927) [0.85-0.95]0.063(n=527) [0.95-1.00]0.057(n=20)
2026-05-04 10:31:56,538 - INFO - [cond] cfg_signal=0.0638 (min=0.0401 max=0.0952, n=16) | class_signal=0.0826 (min=0.0548 max=0.1129, n=16) | pred_rms=0.5686
2026-05-04 10:32:04,830 - INFO - [validation] saved: output/jit_B8_dinov2_20260504_072306/dit_validation/epoch_037_step_0037000_class058.png (class=58, sampler=heun, steps=100)
2026-05-04 10:32:06,043 - INFO - [overrides] applied from jit/configs/overrides.yaml: lr_scale=1.0 max_grad_norm=5.0 null_repel_weight=0.0 P_mean=0.0
2026-05-04 10:32:06,140 - INFO - [render-loss] step=37000 kept 25/64 samples (t_value >= 0.50)
2026-05-04 10:34:16,968 - INFO - Step   37200 | Epoch  37 | MSE: 0.3566 | Steps/sec: 1.42 | LR: 1.84e-04 | Render_L1: 0.0339 | Alpha_L1: 0.0500 | Render_LPIPS: 0.3776 | cos(c,null): +0.2680 | GradNorm: 0.6990 | MSE/t: [0.00-0.50]0.530(n=6508) [0.50-0.85]0.187(n=5781) [0.85-0.95]0.063(n=488) [0.95-1.00]0.049(n=23)
2026-05-04 10:34:17,071 - INFO - [render-loss] step=37200 kept 33/64 samples (t_value >= 0.50)
2026-05-04 10:36:27,655 - INFO - Step   37400 | Epoch  37 | MSE: 0.3512 | Steps/sec: 1.53 | LR: 1.84e-04 | Render_L1: 0.0337 | Alpha_L1: 0.0493 | Render_LPIPS: 0.3755 | cos(c,null): +0.2681 | GradNorm: 0.7041 | MSE/t: [0.00-0.50]0.528(n=6419) [0.50-0.85]0.184(n=5843) [0.85-0.95]0.064(n=517) [0.95-1.00]0.054(n=21)
2026-05-04 10:36:27,757 - INFO - [render-loss] step=37400 kept 33/64 samples (t_value >= 0.50)
2026-05-04 10:38:37,887 - INFO - Step   37600 | Epoch  37 | MSE: 0.3526 | Steps/sec: 1.54 | LR: 1.84e-04 | Render_L1: 0.0339 | Alpha_L1: 0.0498 | Render_LPIPS: 0.3748 | cos(c,null): +0.2668 | GradNorm: 0.7045 | MSE/t: [0.00-0.50]0.527(n=6406) [0.50-0.85]0.188(n=5866) [0.85-0.95]0.065(n=506) [0.95-1.00]0.051(n=22)
2026-05-04 10:38:37,989 - INFO - [render-loss] step=37600 kept 29/64 samples (t_value >= 0.50)
2026-05-04 10:40:47,435 - INFO - Step   37800 | Epoch  37 | MSE: 0.3545 | Steps/sec: 1.54 | LR: 1.84e-04 | Render_L1: 0.0339 | Alpha_L1: 0.0494 | Render_LPIPS: 0.3767 | cos(c,null): +0.2643 | GradNorm: 0.7212 | MSE/t: [0.00-0.50]0.527(n=6499) [0.50-0.85]0.187(n=5799) [0.85-0.95]0.064(n=479) [0.95-1.00]0.057(n=23)
2026-05-04 10:40:47,536 - INFO - [render-loss] step=37800 kept 31/64 samples (t_value >= 0.50)
2026-05-04 10:42:57,923 - INFO - Step   38000 | Epoch  38 | MSE: 0.3513 | Steps/sec: 1.53 | LR: 1.84e-04 | Render_L1: 0.0334 | Alpha_L1: 0.0491 | Render_LPIPS: 0.3759 | cos(c,null): +0.2680 | GradNorm: 0.7228 | MSE/t: [0.00-0.50]0.526(n=6376) [0.50-0.85]0.188(n=5896) [0.85-0.95]0.065(n=508) [0.95-1.00]0.056(n=20)
2026-05-04 10:42:58,137 - INFO - [cond] cfg_signal=0.0585 (min=0.0379 max=0.0791, n=16) | class_signal=0.0767 (min=0.0491 max=0.1069, n=16) | pred_rms=0.6062
2026-05-04 10:43:06,220 - INFO - [validation] saved: output/jit_B8_dinov2_20260504_072306/dit_validation/epoch_038_step_0038000_class098.png (class=98, sampler=heun, steps=100)
2026-05-04 10:43:07,880 - INFO - [overrides] applied from jit/configs/overrides.yaml: lr_scale=1.0 max_grad_norm=5.0 null_repel_weight=0.0 P_mean=0.0
2026-05-04 10:43:07,977 - INFO - [render-loss] step=38000 kept 30/64 samples (t_value >= 0.50)
2026-05-04 10:45:18,687 - INFO - Step   38200 | Epoch  38 | MSE: 0.3502 | Steps/sec: 1.42 | LR: 1.83e-04 | Render_L1: 0.0336 | Alpha_L1: 0.0493 | Render_LPIPS: 0.3742 | cos(c,null): +0.2697 | GradNorm: 0.7297 | MSE/t: [0.00-0.50]0.528(n=6303) [0.50-0.85]0.188(n=5955) [0.85-0.95]0.065(n=524) [0.95-1.00]0.054(n=18)
2026-05-04 10:45:18,788 - INFO - [render-loss] step=38200 kept 36/64 samples (t_value >= 0.50)
2026-05-04 10:47:28,946 - INFO - Step   38400 | Epoch  38 | MSE: 0.3535 | Steps/sec: 1.54 | LR: 1.83e-04 | Render_L1: 0.0335 | Alpha_L1: 0.0495 | Render_LPIPS: 0.3753 | cos(c,null): +0.2679 | GradNorm: 0.7256 | MSE/t: [0.00-0.50]0.527(n=6474) [0.50-0.85]0.186(n=5813) [0.85-0.95]0.064(n=491) [0.95-1.00]0.057(n=22)
2026-05-04 10:47:29,047 - INFO - [render-loss] step=38400 kept 30/64 samples (t_value >= 0.50)
2026-05-04 10:49:39,561 - INFO - Step   38600 | Epoch  38 | MSE: 0.3517 | Steps/sec: 1.53 | LR: 1.83e-04 | Render_L1: 0.0334 | Alpha_L1: 0.0490 | Render_LPIPS: 0.3726 | cos(c,null): +0.2704 | GradNorm: 0.7342 | MSE/t: [0.00-0.50]0.528(n=6378) [0.50-0.85]0.187(n=5906) [0.85-0.95]0.063(n=494) [0.95-1.00]0.058(n=22)
2026-05-04 10:49:39,663 - INFO - [render-loss] step=38600 kept 33/64 samples (t_value >= 0.50)
2026-05-04 10:51:49,878 - INFO - Step   38800 | Epoch  38 | MSE: 0.3547 | Steps/sec: 1.53 | LR: 1.83e-04 | Render_L1: 0.0342 | Alpha_L1: 0.0497 | Render_LPIPS: 0.3742 | cos(c,null): +0.2724 | GradNorm: 0.7415 | MSE/t: [0.00-0.50]0.529(n=6432) [0.50-0.85]0.189(n=5857) [0.85-0.95]0.066(n=489) [0.95-1.00]0.054(n=22)
2026-05-04 10:51:49,979 - INFO - [render-loss] step=38800 kept 30/64 samples (t_value >= 0.50)
2026-05-04 10:54:00,849 - INFO - Step   39000 | Epoch  39 | MSE: 0.3539 | Steps/sec: 1.53 | LR: 1.83e-04 | Render_L1: 0.0336 | Alpha_L1: 0.0493 | Render_LPIPS: 0.3739 | cos(c,null): +0.2727 | GradNorm: 0.7398 | MSE/t: [0.00-0.50]0.528(n=6428) [0.50-0.85]0.188(n=5861) [0.85-0.95]0.065(n=485) [0.95-1.00]0.062(n=26)
2026-05-04 10:54:01,061 - INFO - [cond] cfg_signal=0.0594 (min=0.0419 max=0.0782, n=16) | class_signal=0.0791 (min=0.0520 max=0.1113, n=16) | pred_rms=0.5896
2026-05-04 10:54:09,164 - INFO - [validation] saved: output/jit_B8_dinov2_20260504_072306/dit_validation/epoch_039_step_0039000_class000.png (class=0, sampler=heun, steps=100)
2026-05-04 10:54:10,385 - INFO - [overrides] applied from jit/configs/overrides.yaml: lr_scale=1.0 max_grad_norm=5.0 null_repel_weight=0.0 P_mean=0.0
2026-05-04 10:54:10,483 - INFO - [render-loss] step=39000 kept 36/64 samples (t_value >= 0.50)
2026-05-04 10:56:21,081 - INFO - Step   39200 | Epoch  39 | MSE: 0.3549 | Steps/sec: 1.43 | LR: 1.83e-04 | Render_L1: 0.0336 | Alpha_L1: 0.0492 | Render_LPIPS: 0.3730 | cos(c,null): +0.2743 | GradNorm: 0.7536 | MSE/t: [0.00-0.50]0.529(n=6428) [0.50-0.85]0.190(n=5849) [0.85-0.95]0.065(n=506) [0.95-1.00]0.057(n=17)
2026-05-04 10:56:21,182 - INFO - [render-loss] step=39200 kept 40/64 samples (t_value >= 0.50)
2026-05-04 10:58:31,353 - INFO - Step   39400 | Epoch  39 | MSE: 0.3538 | Steps/sec: 1.54 | LR: 1.82e-04 | Render_L1: 0.0338 | Alpha_L1: 0.0495 | Render_LPIPS: 0.3733 | cos(c,null): +0.2759 | GradNorm: 0.7531 | MSE/t: [0.00-0.50]0.527(n=6407) [0.50-0.85]0.190(n=5894) [0.85-0.95]0.067(n=484) [0.95-1.00]0.056(n=15)
2026-05-04 10:58:31,454 - INFO - [render-loss] step=39400 kept 29/64 samples (t_value >= 0.50)
2026-05-04 11:00:41,671 - INFO - Step   39600 | Epoch  39 | MSE: 0.3547 | Steps/sec: 1.53 | LR: 1.82e-04 | Render_L1: 0.0336 | Alpha_L1: 0.0499 | Render_LPIPS: 0.3720 | cos(c,null): +0.2822 | GradNorm: 0.7579 | MSE/t: [0.00-0.50]0.529(n=6431) [0.50-0.85]0.190(n=5814) [0.85-0.95]0.065(n=537) [0.95-1.00]0.052(n=18)
2026-05-04 11:00:41,772 - INFO - [render-loss] step=39600 kept 26/64 samples (t_value >= 0.50)
2026-05-04 11:02:52,752 - INFO - Step   39800 | Epoch  39 | MSE: 0.3524 | Steps/sec: 1.53 | LR: 1.82e-04 | Render_L1: 0.0339 | Alpha_L1: 0.0494 | Render_LPIPS: 0.3741 | cos(c,null): +0.2851 | GradNorm: 0.7659 | MSE/t: [0.00-0.50]0.530(n=6382) [0.50-0.85]0.187(n=5848) [0.85-0.95]0.067(n=543) [0.95-1.00]0.056(n=27)
2026-05-04 11:02:53,041 - INFO - [render-loss] step=39800 kept 39/64 samples (t_value >= 0.50)
2026-05-04 11:05:03,781 - INFO - Step   40000 | Epoch  40 | MSE: 0.3522 | Steps/sec: 1.53 | LR: 1.82e-04 | Render_L1: 0.0335 | Alpha_L1: 0.0483 | Render_LPIPS: 0.3720 | cos(c,null): +0.2796 | GradNorm: 0.7714 | MSE/t: [0.00-0.50]0.527(n=6337) [0.50-0.85]0.190(n=5959) [0.85-0.95]0.068(n=480) [0.95-1.00]0.057(n=24)
2026-05-04 11:05:03,992 - INFO - [cond] cfg_signal=0.0582 (min=0.0432 max=0.0710, n=16) | class_signal=0.0738 (min=0.0516 max=0.1072, n=16) | pred_rms=0.6156
2026-05-04 11:05:07,902 - INFO - Saved checkpoint to output/jit_B8_dinov2_20260504_072306/0040000.pt
2026-05-04 11:05:08,111 - INFO - [cond] cfg_signal=0.0582 (min=0.0432 max=0.0710, n=16) | class_signal=0.0738 (min=0.0516 max=0.1072, n=16) | pred_rms=0.6156
2026-05-04 11:05:16,333 - INFO - [validation] saved: output/jit_B8_dinov2_20260504_072306/dit_validation/epoch_040_step_0040000_class094.png (class=94, sampler=heun, steps=100)
2026-05-04 11:05:17,592 - INFO - [overrides] applied from jit/configs/overrides.yaml: lr_scale=1.0 max_grad_norm=5.0 null_repel_weight=0.0 P_mean=0.0
2026-05-04 11:05:17,689 - INFO - [render-loss] step=40000 kept 30/64 samples (t_value >= 0.50)
2026-05-04 11:07:27,218 - INFO - Step   40200 | Epoch  40 | MSE: 0.3576 | Steps/sec: 1.40 | LR: 1.82e-04 | Render_L1: 0.0337 | Alpha_L1: 0.0494 | Render_LPIPS: 0.3728 | cos(c,null): +0.2804 | GradNorm: 0.7920 | MSE/t: [0.00-0.50]0.531(n=6463) [0.50-0.85]0.192(n=5797) [0.85-0.95]0.067(n=522) [0.95-1.00]0.054(n=18)
2026-05-04 11:07:27,321 - INFO - [render-loss] step=40200 kept 38/64 samples (t_value >= 0.50)
2026-05-04 11:09:37,283 - INFO - Step   40400 | Epoch  40 | MSE: 0.3547 | Steps/sec: 1.54 | LR: 1.82e-04 | Render_L1: 0.0336 | Alpha_L1: 0.0489 | Render_LPIPS: 0.3719 | cos(c,null): +0.2801 | GradNorm: 0.7834 | MSE/t: [0.00-0.50]0.530(n=6412) [0.50-0.85]0.190(n=5833) [0.85-0.95]0.067(n=530) [0.95-1.00]0.058(n=25)
2026-05-04 11:09:37,384 - INFO - [render-loss] step=40400 kept 30/64 samples (t_value >= 0.50)
2026-05-04 11:11:47,696 - INFO - Step   40600 | Epoch  40 | MSE: 0.3496 | Steps/sec: 1.53 | LR: 1.81e-04 | Render_L1: 0.0332 | Alpha_L1: 0.0485 | Render_LPIPS: 0.3714 | cos(c,null): +0.2841 | GradNorm: 0.7857 | MSE/t: [0.00-0.50]0.526(n=6286) [0.50-0.85]0.190(n=5966) [0.85-0.95]0.068(n=529) [0.95-1.00]0.057(n=19)
2026-05-04 11:11:47,798 - INFO - [render-loss] step=40600 kept 33/64 samples (t_value >= 0.50)
2026-05-04 11:13:58,111 - INFO - Step   40800 | Epoch  41 | MSE: 0.3578 | Steps/sec: 1.53 | LR: 1.81e-04 | Render_L1: 0.0334 | Alpha_L1: 0.0482 | Render_LPIPS: 0.3713 | cos(c,null): +0.2937 | GradNorm: 0.7869 | MSE/t: [0.00-0.50]0.533(n=6443) [0.50-0.85]0.192(n=5796) [0.85-0.95]0.066(n=530) [0.95-1.00]0.056(n=31)
2026-05-04 11:13:58,215 - INFO - [render-loss] step=40800 kept 30/64 samples (t_value >= 0.50)
2026-05-04 11:16:08,648 - INFO - Step   41000 | Epoch  41 | MSE: 0.3541 | Steps/sec: 1.53 | LR: 1.81e-04 | Render_L1: 0.0333 | Alpha_L1: 0.0488 | Render_LPIPS: 0.3709 | cos(c,null): +0.2902 | GradNorm: 0.7880 | MSE/t: [0.00-0.50]0.529(n=6382) [0.50-0.85]0.191(n=5905) [0.85-0.95]0.065(n=498) [0.95-1.00]0.050(n=15)
2026-05-04 11:16:08,860 - INFO - [cond] cfg_signal=0.0613 (min=0.0379 max=0.0827, n=16) | class_signal=0.0763 (min=0.0484 max=0.1100, n=16) | pred_rms=0.6106
2026-05-04 11:16:17,025 - INFO - [validation] saved: output/jit_B8_dinov2_20260504_072306/dit_validation/epoch_041_step_0041000_class007.png (class=7, sampler=heun, steps=100)
2026-05-04 11:16:18,167 - INFO - [overrides] applied from jit/configs/overrides.yaml: lr_scale=1.0 max_grad_norm=5.0 null_repel_weight=0.0 P_mean=0.0
2026-05-04 11:16:18,264 - INFO - [render-loss] step=41000 kept 37/64 samples (t_value >= 0.50)
2026-05-04 11:18:28,904 - INFO - Step   41200 | Epoch  41 | MSE: 0.3529 | Steps/sec: 1.43 | LR: 1.81e-04 | Render_L1: 0.0335 | Alpha_L1: 0.0487 | Render_LPIPS: 0.3709 | cos(c,null): +0.2899 | GradNorm: 0.8037 | MSE/t: [0.00-0.50]0.528(n=6330) [0.50-0.85]0.192(n=5934) [0.85-0.95]0.067(n=515) [0.95-1.00]0.061(n=21)
2026-05-04 11:18:29,006 - INFO - [render-loss] step=41200 kept 31/64 samples (t_value >= 0.50)
2026-05-04 11:20:38,974 - INFO - Step   41400 | Epoch  41 | MSE: 0.3553 | Steps/sec: 1.54 | LR: 1.81e-04 | Render_L1: 0.0332 | Alpha_L1: 0.0486 | Render_LPIPS: 0.3697 | cos(c,null): +0.2933 | GradNorm: 0.8116 | MSE/t: [0.00-0.50]0.529(n=6428) [0.50-0.85]0.191(n=5796) [0.85-0.95]0.068(n=555) [0.95-1.00]0.058(n=21)
2026-05-04 11:20:39,077 - INFO - [render-loss] step=41400 kept 30/64 samples (t_value >= 0.50)
2026-05-04 11:22:49,442 - INFO - Step   41600 | Epoch  41 | MSE: 0.3560 | Steps/sec: 1.53 | LR: 1.80e-04 | Render_L1: 0.0336 | Alpha_L1: 0.0490 | Render_LPIPS: 0.3706 | cos(c,null): +0.2968 | GradNorm: 0.8179 | MSE/t: [0.00-0.50]0.531(n=6416) [0.50-0.85]0.190(n=5870) [0.85-0.95]0.067(n=495) [0.95-1.00]0.054(n=19)
2026-05-04 11:22:49,544 - INFO - [render-loss] step=41600 kept 28/64 samples (t_value >= 0.50)
2026-05-04 11:24:59,992 - INFO - Step   41800 | Epoch  42 | MSE: 0.3539 | Steps/sec: 1.53 | LR: 1.80e-04 | Render_L1: 0.0333 | Alpha_L1: 0.0482 | Render_LPIPS: 0.3692 | cos(c,null): +0.2950 | GradNorm: 0.8290 | MSE/t: [0.00-0.50]0.529(n=6386) [0.50-0.85]0.191(n=5832) [0.85-0.95]0.068(n=558) [0.95-1.00]0.056(n=24)
2026-05-04 11:25:00,094 - INFO - [render-loss] step=41800 kept 30/64 samples (t_value >= 0.50)
2026-05-04 11:27:09,807 - INFO - Step   42000 | Epoch  42 | MSE: 0.3566 | Steps/sec: 1.54 | LR: 1.80e-04 | Render_L1: 0.0332 | Alpha_L1: 0.0483 | Render_LPIPS: 0.3709 | cos(c,null): +0.2971 | GradNorm: 0.8307 | MSE/t: [0.00-0.50]0.526(n=6468) [0.50-0.85]0.194(n=5840) [0.85-0.95]0.070(n=474) [0.95-1.00]0.058(n=18)
2026-05-04 11:27:10,021 - INFO - [cond] cfg_signal=0.0635 (min=0.0458 max=0.0817, n=16) | class_signal=0.0762 (min=0.0489 max=0.1043, n=16) | pred_rms=0.5892
2026-05-04 11:27:18,243 - INFO - [validation] saved: output/jit_B8_dinov2_20260504_072306/dit_validation/epoch_042_step_0042000_class076.png (class=76, sampler=heun, steps=100)
2026-05-04 11:27:19,842 - INFO - [overrides] applied from jit/configs/overrides.yaml: lr_scale=1.0 max_grad_norm=5.0 null_repel_weight=0.0 P_mean=0.0
2026-05-04 11:27:19,939 - INFO - [render-loss] step=42000 kept 32/64 samples (t_value >= 0.50)
2026-05-04 11:29:30,314 - INFO - Step   42200 | Epoch  42 | MSE: 0.3531 | Steps/sec: 1.43 | LR: 1.80e-04 | Render_L1: 0.0332 | Alpha_L1: 0.0486 | Render_LPIPS: 0.3693 | cos(c,null): +0.2981 | GradNorm: 0.8300 | MSE/t: [0.00-0.50]0.529(n=6325) [0.50-0.85]0.192(n=5940) [0.85-0.95]0.069(n=517) [0.95-1.00]0.064(n=18)
2026-05-04 11:29:30,416 - INFO - [render-loss] step=42200 kept 32/64 samples (t_value >= 0.50)
2026-05-04 11:31:40,733 - INFO - Step   42400 | Epoch  42 | MSE: 0.3549 | Steps/sec: 1.53 | LR: 1.80e-04 | Render_L1: 0.0337 | Alpha_L1: 0.0488 | Render_LPIPS: 0.3699 | cos(c,null): +0.3010 | GradNorm: 0.8392 | MSE/t: [0.00-0.50]0.530(n=6375) [0.50-0.85]0.192(n=5870) [0.85-0.95]0.071(n=543) [0.95-1.00]0.050(n=12)
2026-05-04 11:31:40,836 - INFO - [render-loss] step=42400 kept 31/64 samples (t_value >= 0.50)
2026-05-04 11:33:51,453 - INFO - Step   42600 | Epoch  42 | MSE: 0.3529 | Steps/sec: 1.53 | LR: 1.79e-04 | Render_L1: 0.0329 | Alpha_L1: 0.0478 | Render_LPIPS: 0.3690 | cos(c,null): +0.2993 | GradNorm: 0.8403 | MSE/t: [0.00-0.50]0.529(n=6288) [0.50-0.85]0.193(n=5964) [0.85-0.95]0.069(n=524) [0.95-1.00]0.061(n=24)
2026-05-04 11:33:51,555 - INFO - [render-loss] step=42600 kept 34/64 samples (t_value >= 0.50)
2026-05-04 11:36:02,138 - INFO - Step   42800 | Epoch  43 | MSE: 0.3567 | Steps/sec: 1.53 | LR: 1.79e-04 | Render_L1: 0.0332 | Alpha_L1: 0.0482 | Render_LPIPS: 0.3690 | cos(c,null): +0.2967 | GradNorm: 0.8467 | MSE/t: [0.00-0.50]0.531(n=6392) [0.50-0.85]0.194(n=5865) [0.85-0.95]0.070(n=517) [0.95-1.00]0.062(n=26)
2026-05-04 11:36:02,240 - INFO - [render-loss] step=42800 kept 32/64 samples (t_value >= 0.50)
2026-05-04 11:38:12,350 - INFO - Step   43000 | Epoch  43 | MSE: 0.3581 | Steps/sec: 1.54 | LR: 1.79e-04 | Render_L1: 0.0328 | Alpha_L1: 0.0478 | Render_LPIPS: 0.3668 | cos(c,null): +0.2957 | GradNorm: 0.8393 | MSE/t: [0.00-0.50]0.531(n=6452) [0.50-0.85]0.192(n=5835) [0.85-0.95]0.069(n=497) [0.95-1.00]0.064(n=16)
2026-05-04 11:38:12,566 - INFO - [cond] cfg_signal=0.0617 (min=0.0407 max=0.0850, n=16) | class_signal=0.0785 (min=0.0526 max=0.1084, n=16) | pred_rms=0.5924
2026-05-04 11:38:20,775 - INFO - [validation] saved: output/jit_B8_dinov2_20260504_072306/dit_validation/epoch_043_step_0043000_class067.png (class=67, sampler=heun, steps=100)
2026-05-04 11:38:21,897 - INFO - [overrides] applied from jit/configs/overrides.yaml: lr_scale=1.0 max_grad_norm=5.0 null_repel_weight=0.0 P_mean=0.0
2026-05-04 11:38:21,994 - INFO - [render-loss] step=43000 kept 27/64 samples (t_value >= 0.50)
2026-05-04 11:40:32,018 - INFO - Step   43200 | Epoch  43 | MSE: 0.3602 | Steps/sec: 1.43 | LR: 1.79e-04 | Render_L1: 0.0333 | Alpha_L1: 0.0481 | Render_LPIPS: 0.3707 | cos(c,null): +0.2943 | GradNorm: 0.8579 | MSE/t: [0.00-0.50]0.533(n=6502) [0.50-0.85]0.192(n=5766) [0.85-0.95]0.070(n=505) [0.95-1.00]0.057(n=27)
2026-05-04 11:40:32,120 - INFO - [render-loss] step=43200 kept 31/64 samples (t_value >= 0.50)
2026-05-04 11:42:42,571 - INFO - Step   43400 | Epoch  43 | MSE: 0.3542 | Steps/sec: 1.53 | LR: 1.79e-04 | Render_L1: 0.0331 | Alpha_L1: 0.0478 | Render_LPIPS: 0.3667 | cos(c,null): +0.3021 | GradNorm: 0.8561 | MSE/t: [0.00-0.50]0.530(n=6318) [0.50-0.85]0.193(n=5929) [0.85-0.95]0.070(n=530) [0.95-1.00]0.063(n=23)
2026-05-04 11:42:42,673 - INFO - [render-loss] step=43400 kept 34/64 samples (t_value >= 0.50)
2026-05-04 11:44:53,093 - INFO - Step   43600 | Epoch  43 | MSE: 0.3554 | Steps/sec: 1.53 | LR: 1.79e-04 | Render_L1: 0.0335 | Alpha_L1: 0.0492 | Render_LPIPS: 0.3692 | cos(c,null): +0.3020 | GradNorm: 0.8701 | MSE/t: [0.00-0.50]0.530(n=6368) [0.50-0.85]0.193(n=5909) [0.85-0.95]0.070(n=501) [0.95-1.00]0.058(n=22)
2026-05-04 11:44:53,195 - INFO - [render-loss] step=43600 kept 37/64 samples (t_value >= 0.50)
2026-05-04 11:47:04,017 - INFO - Step   43800 | Epoch  44 | MSE: 0.3576 | Steps/sec: 1.53 | LR: 1.78e-04 | Render_L1: 0.0333 | Alpha_L1: 0.0483 | Render_LPIPS: 0.3687 | cos(c,null): +0.3048 | GradNorm: 0.8712 | MSE/t: [0.00-0.50]0.532(n=6412) [0.50-0.85]0.193(n=5863) [0.85-0.95]0.070(n=511) [0.95-1.00]0.055(n=14)
2026-05-04 11:47:04,119 - INFO - [render-loss] step=43800 kept 33/64 samples (t_value >= 0.50)
2026-05-04 11:49:14,181 - INFO - Step   44000 | Epoch  44 | MSE: 0.3562 | Steps/sec: 1.54 | LR: 1.78e-04 | Render_L1: 0.0332 | Alpha_L1: 0.0482 | Render_LPIPS: 0.3689 | cos(c,null): +0.3052 | GradNorm: 0.8778 | MSE/t: [0.00-0.50]0.532(n=6353) [0.50-0.85]0.194(n=5884) [0.85-0.95]0.070(n=547) [0.95-1.00]0.066(n=16)
2026-05-04 11:49:14,395 - INFO - [cond] cfg_signal=0.0632 (min=0.0441 max=0.0889, n=16) | class_signal=0.0796 (min=0.0539 max=0.1101, n=16) | pred_rms=0.5790
2026-05-04 11:49:22,600 - INFO - [validation] saved: output/jit_B8_dinov2_20260504_072306/dit_validation/epoch_044_step_0044000_class079.png (class=79, sampler=heun, steps=100)
2026-05-04 11:49:23,765 - INFO - [overrides] applied from jit/configs/overrides.yaml: lr_scale=1.0 max_grad_norm=5.0 null_repel_weight=0.0 P_mean=0.0
2026-05-04 11:49:23,862 - INFO - [render-loss] step=44000 kept 33/64 samples (t_value >= 0.50)
2026-05-04 11:51:34,334 - INFO - Step   44200 | Epoch  44 | MSE: 0.3595 | Steps/sec: 1.43 | LR: 1.78e-04 | Render_L1: 0.0330 | Alpha_L1: 0.0480 | Render_LPIPS: 0.3662 | cos(c,null): +0.3034 | GradNorm: 0.8936 | MSE/t: [0.00-0.50]0.532(n=6454) [0.50-0.85]0.195(n=5811) [0.85-0.95]0.070(n=519) [0.95-1.00]0.061(n=16)
2026-05-04 11:51:34,436 - INFO - [render-loss] step=44200 kept 25/64 samples (t_value >= 0.50)
2026-05-04 11:53:45,093 - INFO - Step   44400 | Epoch  44 | MSE: 0.3571 | Steps/sec: 1.53 | LR: 1.78e-04 | Render_L1: 0.0332 | Alpha_L1: 0.0476 | Render_LPIPS: 0.3662 | cos(c,null): +0.3052 | GradNorm: 0.8887 | MSE/t: [0.00-0.50]0.530(n=6359) [0.50-0.85]0.196(n=5929) [0.85-0.95]0.070(n=493) [0.95-1.00]0.065(n=19)
2026-05-04 11:53:45,195 - INFO - [render-loss] step=44400 kept 31/64 samples (t_value >= 0.50)
2026-05-04 11:55:55,433 - INFO - Step   44600 | Epoch  44 | MSE: 0.3581 | Steps/sec: 1.53 | LR: 1.78e-04 | Render_L1: 0.0334 | Alpha_L1: 0.0479 | Render_LPIPS: 0.3666 | cos(c,null): +0.3061 | GradNorm: 0.8909 | MSE/t: [0.00-0.50]0.530(n=6418) [0.50-0.85]0.196(n=5847) [0.85-0.95]0.073(n=519) [0.95-1.00]0.065(n=16)
2026-05-04 11:55:55,535 - INFO - [render-loss] step=44600 kept 37/64 samples (t_value >= 0.50)
2026-05-04 11:58:05,602 - INFO - Step   44800 | Epoch  45 | MSE: 0.3561 | Steps/sec: 1.54 | LR: 1.77e-04 | Render_L1: 0.0330 | Alpha_L1: 0.0474 | Render_LPIPS: 0.3632 | cos(c,null): +0.3104 | GradNorm: 0.9060 | MSE/t: [0.00-0.50]0.527(n=6393) [0.50-0.85]0.195(n=5877) [0.85-0.95]0.072(n=519) [0.95-1.00]0.062(n=11)
2026-05-04 11:58:05,703 - INFO - [render-loss] step=44800 kept 30/64 samples (t_value >= 0.50)
2026-05-04 12:00:15,901 - INFO - Step   45000 | Epoch  45 | MSE: 0.3588 | Steps/sec: 1.53 | LR: 1.77e-04 | Render_L1: 0.0328 | Alpha_L1: 0.0468 | Render_LPIPS: 0.3645 | cos(c,null): +0.3089 | GradNorm: 0.9056 | MSE/t: [0.00-0.50]0.530(n=6431) [0.50-0.85]0.196(n=5848) [0.85-0.95]0.072(n=502) [0.95-1.00]0.058(n=19)
2026-05-04 12:00:16,116 - INFO - [cond] cfg_signal=0.0651 (min=0.0415 max=0.0879, n=16) | class_signal=0.0819 (min=0.0504 max=0.1167, n=16) | pred_rms=0.5971
2026-05-04 12:00:24,167 - INFO - [validation] saved: output/jit_B8_dinov2_20260504_072306/dit_validation/epoch_045_step_0045000_class038.png (class=38, sampler=heun, steps=100)
2026-05-04 12:00:25,339 - INFO - [overrides] applied from jit/configs/overrides.yaml: lr_scale=1.0 max_grad_norm=5.0 null_repel_weight=0.0 P_mean=0.0
2026-05-04 12:00:25,436 - INFO - [render-loss] step=45000 kept 35/64 samples (t_value >= 0.50)
2026-05-04 12:02:35,565 - INFO - Step   45200 | Epoch  45 | MSE: 0.3572 | Steps/sec: 1.43 | LR: 1.77e-04 | Render_L1: 0.0334 | Alpha_L1: 0.0483 | Render_LPIPS: 0.3658 | cos(c,null): +0.3110 | GradNorm: 0.9114 | MSE/t: [0.00-0.50]0.532(n=6357) [0.50-0.85]0.196(n=5912) [0.85-0.95]0.071(n=506) [0.95-1.00]0.066(n=25)
2026-05-04 12:02:35,667 - INFO - [render-loss] step=45200 kept 34/64 samples (t_value >= 0.50)
2026-05-04 12:04:45,716 - INFO - Step   45400 | Epoch  45 | MSE: 0.3571 | Steps/sec: 1.54 | LR: 1.77e-04 | Render_L1: 0.0331 | Alpha_L1: 0.0482 | Render_LPIPS: 0.3660 | cos(c,null): +0.3180 | GradNorm: 0.9203 | MSE/t: [0.00-0.50]0.530(n=6384) [0.50-0.85]0.195(n=5888) [0.85-0.95]0.071(n=506) [0.95-1.00]0.063(n=22)
2026-05-04 12:04:45,819 - INFO - [render-loss] step=45400 kept 36/64 samples (t_value >= 0.50)
2026-05-04 12:06:55,846 - INFO - Step   45600 | Epoch  45 | MSE: 0.3587 | Steps/sec: 1.54 | LR: 1.77e-04 | Render_L1: 0.0336 | Alpha_L1: 0.0483 | Render_LPIPS: 0.3665 | cos(c,null): +0.3190 | GradNorm: 0.9297 | MSE/t: [0.00-0.50]0.531(n=6393) [0.50-0.85]0.196(n=5917) [0.85-0.95]0.073(n=466) [0.95-1.00]0.065(n=24)
2026-05-04 12:06:55,948 - INFO - [render-loss] step=45600 kept 29/64 samples (t_value >= 0.50)
2026-05-04 12:09:07,063 - INFO - Step   45800 | Epoch  46 | MSE: 0.3596 | Steps/sec: 1.52 | LR: 1.76e-04 | Render_L1: 0.0327 | Alpha_L1: 0.0474 | Render_LPIPS: 0.3648 | cos(c,null): +0.3152 | GradNorm: 0.9262 | MSE/t: [0.00-0.50]0.533(n=6430) [0.50-0.85]0.196(n=5793) [0.85-0.95]0.073(n=550) [0.95-1.00]0.062(n=27)
2026-05-04 12:09:07,165 - INFO - [render-loss] step=45800 kept 28/64 samples (t_value >= 0.50)
2026-05-04 12:11:17,784 - INFO - Step   46000 | Epoch  46 | MSE: 0.3584 | Steps/sec: 1.53 | LR: 1.76e-04 | Render_L1: 0.0329 | Alpha_L1: 0.0476 | Render_LPIPS: 0.3635 | cos(c,null): +0.3145 | GradNorm: 0.9272 | MSE/t: [0.00-0.50]0.530(n=6455) [0.50-0.85]0.195(n=5804) [0.85-0.95]0.073(n=521) [0.95-1.00]0.060(n=20)
2026-05-04 12:11:17,994 - INFO - [cond] cfg_signal=0.0629 (min=0.0432 max=0.0849, n=16) | class_signal=0.0804 (min=0.0523 max=0.1127, n=16) | pred_rms=0.5868
2026-05-04 12:11:26,222 - INFO - [validation] saved: output/jit_B8_dinov2_20260504_072306/dit_validation/epoch_046_step_0046000_class078.png (class=78, sampler=heun, steps=100)
2026-05-04 12:11:27,369 - INFO - [overrides] applied from jit/configs/overrides.yaml: lr_scale=1.0 max_grad_norm=5.0 null_repel_weight=0.0 P_mean=0.0
2026-05-04 12:11:27,466 - INFO - [render-loss] step=46000 kept 38/64 samples (t_value >= 0.50)
2026-05-04 12:13:37,894 - INFO - Step   46200 | Epoch  46 | MSE: 0.3567 | Steps/sec: 1.43 | LR: 1.76e-04 | Render_L1: 0.0331 | Alpha_L1: 0.0476 | Render_LPIPS: 0.3644 | cos(c,null): +0.3154 | GradNorm: 0.9417 | MSE/t: [0.00-0.50]0.532(n=6342) [0.50-0.85]0.195(n=5907) [0.85-0.95]0.073(n=524) [0.95-1.00]0.066(n=27)
2026-05-04 12:13:37,997 - INFO - [render-loss] step=46200 kept 35/64 samples (t_value >= 0.50)
2026-05-04 12:15:47,978 - INFO - Step   46400 | Epoch  46 | MSE: 0.3588 | Steps/sec: 1.54 | LR: 1.76e-04 | Render_L1: 0.0330 | Alpha_L1: 0.0478 | Render_LPIPS: 0.3650 | cos(c,null): +0.3140 | GradNorm: 0.9516 | MSE/t: [0.00-0.50]0.529(n=6435) [0.50-0.85]0.197(n=5834) [0.85-0.95]0.073(n=513) [0.95-1.00]0.061(n=18)
2026-05-04 12:15:48,079 - INFO - [render-loss] step=46400 kept 37/64 samples (t_value >= 0.50)
2026-05-04 12:17:58,700 - INFO - Step   46600 | Epoch  46 | MSE: 0.3602 | Steps/sec: 1.53 | LR: 1.76e-04 | Render_L1: 0.0333 | Alpha_L1: 0.0479 | Render_LPIPS: 0.3629 | cos(c,null): +0.3162 | GradNorm: 0.9550 | MSE/t: [0.00-0.50]0.535(n=6333) [0.50-0.85]0.199(n=5947) [0.85-0.95]0.074(n=501) [0.95-1.00]0.065(n=19)
2026-05-04 12:17:58,801 - INFO - [render-loss] step=46600 kept 28/64 samples (t_value >= 0.50)
2026-05-04 12:20:09,167 - INFO - Step   46800 | Epoch  47 | MSE: 0.3602 | Steps/sec: 1.53 | LR: 1.75e-04 | Render_L1: 0.0333 | Alpha_L1: 0.0478 | Render_LPIPS: 0.3635 | cos(c,null): +0.3212 | GradNorm: 0.9607 | MSE/t: [0.00-0.50]0.532(n=6429) [0.50-0.85]0.198(n=5832) [0.85-0.95]0.074(n=507) [0.95-1.00]0.069(n=32)
2026-05-04 12:20:09,269 - INFO - [render-loss] step=46800 kept 29/64 samples (t_value >= 0.50)
2026-05-04 12:22:19,553 - INFO - Step   47000 | Epoch  47 | MSE: 0.3599 | Steps/sec: 1.53 | LR: 1.75e-04 | Render_L1: 0.0329 | Alpha_L1: 0.0472 | Render_LPIPS: 0.3637 | cos(c,null): +0.3177 | GradNorm: 0.9670 | MSE/t: [0.00-0.50]0.530(n=6419) [0.50-0.85]0.198(n=5882) [0.85-0.95]0.075(n=488) [0.95-1.00]0.061(n=11)
2026-05-04 12:22:19,770 - INFO - [cond] cfg_signal=0.0626 (min=0.0382 max=0.0962, n=16) | class_signal=0.0816 (min=0.0532 max=0.1137, n=16) | pred_rms=0.5834
2026-05-04 12:22:27,868 - INFO - [validation] saved: output/jit_B8_dinov2_20260504_072306/dit_validation/epoch_047_step_0047000_class090.png (class=90, sampler=heun, steps=100)
2026-05-04 12:22:29,038 - INFO - [overrides] applied from jit/configs/overrides.yaml: lr_scale=1.0 max_grad_norm=5.0 null_repel_weight=0.0 P_mean=0.0
2026-05-04 12:22:29,134 - INFO - [render-loss] step=47000 kept 30/64 samples (t_value >= 0.50)
2026-05-04 12:24:38,928 - INFO - Step   47200 | Epoch  47 | MSE: 0.3624 | Steps/sec: 1.44 | LR: 1.75e-04 | Render_L1: 0.0333 | Alpha_L1: 0.0477 | Render_LPIPS: 0.3624 | cos(c,null): +0.3191 | GradNorm: 0.9652 | MSE/t: [0.00-0.50]0.529(n=6542) [0.50-0.85]0.197(n=5769) [0.85-0.95]0.075(n=470) [0.95-1.00]0.065(n=19)
2026-05-04 12:24:39,030 - INFO - [render-loss] step=47200 kept 32/64 samples (t_value >= 0.50)
2026-05-04 12:26:49,341 - INFO - Step   47400 | Epoch  47 | MSE: 0.3605 | Steps/sec: 1.53 | LR: 1.75e-04 | Render_L1: 0.0331 | Alpha_L1: 0.0478 | Render_LPIPS: 0.3624 | cos(c,null): +0.3192 | GradNorm: 0.9729 | MSE/t: [0.00-0.50]0.532(n=6412) [0.50-0.85]0.199(n=5857) [0.85-0.95]0.076(n=510) [0.95-1.00]0.067(n=21)
2026-05-04 12:26:49,446 - INFO - [render-loss] step=47400 kept 27/64 samples (t_value >= 0.50)
2026-05-04 12:28:59,403 - INFO - Step   47600 | Epoch  47 | MSE: 0.3619 | Steps/sec: 1.54 | LR: 1.75e-04 | Render_L1: 0.0333 | Alpha_L1: 0.0481 | Render_LPIPS: 0.3636 | cos(c,null): +0.3139 | GradNorm: 0.9849 | MSE/t: [0.00-0.50]0.534(n=6396) [0.50-0.85]0.200(n=5896) [0.85-0.95]0.076(n=481) [0.95-1.00]0.064(n=27)
2026-05-04 12:28:59,504 - INFO - [render-loss] step=47600 kept 34/64 samples (t_value >= 0.50)
2026-05-04 12:31:10,102 - INFO - Step   47800 | Epoch  48 | MSE: 0.3603 | Steps/sec: 1.53 | LR: 1.74e-04 | Render_L1: 0.0327 | Alpha_L1: 0.0471 | Render_LPIPS: 0.3601 | cos(c,null): +0.3144 | GradNorm: 0.9828 | MSE/t: [0.00-0.50]0.531(n=6397) [0.50-0.85]0.200(n=5869) [0.85-0.95]0.077(n=513) [0.95-1.00]0.074(n=21)
2026-05-04 12:31:10,204 - INFO - [render-loss] step=47800 kept 30/64 samples (t_value >= 0.50)
2026-05-04 12:33:20,726 - INFO - Step   48000 | Epoch  48 | MSE: 0.3579 | Steps/sec: 1.53 | LR: 1.74e-04 | Render_L1: 0.0331 | Alpha_L1: 0.0471 | Render_LPIPS: 0.3608 | cos(c,null): +0.3221 | GradNorm: 0.9945 | MSE/t: [0.00-0.50]0.531(n=6345) [0.50-0.85]0.199(n=5888) [0.85-0.95]0.077(n=541) [0.95-1.00]0.063(n=26)
2026-05-04 12:33:20,939 - INFO - [cond] cfg_signal=0.0664 (min=0.0460 max=0.0877, n=16) | class_signal=0.0867 (min=0.0542 max=0.1303, n=16) | pred_rms=0.5982
2026-05-04 12:33:29,137 - INFO - [validation] saved: output/jit_B8_dinov2_20260504_072306/dit_validation/epoch_048_step_0048000_class079.png (class=79, sampler=heun, steps=100)
2026-05-04 12:33:30,286 - INFO - [overrides] applied from jit/configs/overrides.yaml: lr_scale=1.0 max_grad_norm=5.0 null_repel_weight=0.0 P_mean=0.0
2026-05-04 12:33:30,383 - INFO - [render-loss] step=48000 kept 34/64 samples (t_value >= 0.50)
2026-05-04 12:35:40,096 - INFO - Step   48200 | Epoch  48 | MSE: 0.3611 | Steps/sec: 1.44 | LR: 1.74e-04 | Render_L1: 0.0330 | Alpha_L1: 0.0471 | Render_LPIPS: 0.3602 | cos(c,null): +0.3250 | GradNorm: 0.9957 | MSE/t: [0.00-0.50]0.531(n=6424) [0.50-0.85]0.201(n=5847) [0.85-0.95]0.076(n=506) [0.95-1.00]0.064(n=23)
2026-05-04 12:35:40,197 - INFO - [render-loss] step=48200 kept 33/64 samples (t_value >= 0.50)
2026-05-04 12:37:50,890 - INFO - Step   48400 | Epoch  48 | MSE: 0.3582 | Steps/sec: 1.53 | LR: 1.74e-04 | Render_L1: 0.0332 | Alpha_L1: 0.0477 | Render_LPIPS: 0.3620 | cos(c,null): +0.3237 | GradNorm: 1.0076 | MSE/t: [0.00-0.50]0.531(n=6302) [0.50-0.85]0.199(n=6007) [0.85-0.95]0.077(n=476) [0.95-1.00]0.057(n=15)
2026-05-04 12:37:50,992 - INFO - [render-loss] step=48400 kept 37/64 samples (t_value >= 0.50)
2026-05-04 12:40:01,337 - INFO - Step   48600 | Epoch  48 | MSE: 0.3617 | Steps/sec: 1.53 | LR: 1.74e-04 | Render_L1: 0.0333 | Alpha_L1: 0.0478 | Render_LPIPS: 0.3630 | cos(c,null): +0.3210 | GradNorm: 1.0103 | MSE/t: [0.00-0.50]0.530(n=6448) [0.50-0.85]0.201(n=5827) [0.85-0.95]0.076(n=503) [0.95-1.00]0.067(n=22)
2026-05-04 12:40:01,439 - INFO - [render-loss] step=48600 kept 35/64 samples (t_value >= 0.50)
2026-05-04 12:42:12,595 - INFO - Step   48800 | Epoch  49 | MSE: 0.3577 | Steps/sec: 1.52 | LR: 1.73e-04 | Render_L1: 0.0323 | Alpha_L1: 0.0465 | Render_LPIPS: 0.3600 | cos(c,null): +0.3270 | GradNorm: 1.0084 | MSE/t: [0.00-0.50]0.532(n=6273) [0.50-0.85]0.200(n=6005) [0.85-0.95]0.076(n=497) [0.95-1.00]0.067(n=25)
2026-05-04 12:42:12,696 - INFO - [render-loss] step=48800 kept 34/64 samples (t_value >= 0.50)
2026-05-04 12:44:23,158 - INFO - Step   49000 | Epoch  49 | MSE: 0.3622 | Steps/sec: 1.53 | LR: 1.73e-04 | Render_L1: 0.0330 | Alpha_L1: 0.0472 | Render_LPIPS: 0.3609 | cos(c,null): +0.3301 | GradNorm: 1.0353 | MSE/t: [0.00-0.50]0.533(n=6413) [0.50-0.85]0.202(n=5831) [0.85-0.95]0.076(n=535) [0.95-1.00]0.065(n=21)
2026-05-04 12:44:23,367 - INFO - [cond] cfg_signal=0.0685 (min=0.0447 max=0.1118, n=16) | class_signal=0.0879 (min=0.0527 max=0.1199, n=16) | pred_rms=0.5986
2026-05-04 12:44:31,614 - INFO - [validation] saved: output/jit_B8_dinov2_20260504_072306/dit_validation/epoch_049_step_0049000_class095.png (class=95, sampler=heun, steps=100)
2026-05-04 12:44:32,818 - INFO - [overrides] applied from jit/configs/overrides.yaml: lr_scale=1.0 max_grad_norm=5.0 null_repel_weight=0.0 P_mean=0.0
2026-05-04 12:44:32,914 - INFO - [render-loss] step=49000 kept 30/64 samples (t_value >= 0.50)
2026-05-04 12:46:43,494 - INFO - Step   49200 | Epoch  49 | MSE: 0.3590 | Steps/sec: 1.43 | LR: 1.73e-04 | Render_L1: 0.0333 | Alpha_L1: 0.0476 | Render_LPIPS: 0.3605 | cos(c,null): +0.3277 | GradNorm: 1.0220 | MSE/t: [0.00-0.50]0.529(n=6353) [0.50-0.85]0.201(n=5948) [0.85-0.95]0.078(n=477) [0.95-1.00]0.067(n=22)
2026-05-04 12:46:43,596 - INFO - [render-loss] step=49200 kept 34/64 samples (t_value >= 0.50)
2026-05-04 12:48:53,906 - INFO - Step   49400 | Epoch  49 | MSE: 0.3657 | Steps/sec: 1.53 | LR: 1.73e-04 | Render_L1: 0.0328 | Alpha_L1: 0.0469 | Render_LPIPS: 0.3606 | cos(c,null): +0.3304 | GradNorm: 1.0307 | MSE/t: [0.00-0.50]0.533(n=6544) [0.50-0.85]0.201(n=5755) [0.85-0.95]0.078(n=480) [0.95-1.00]0.063(n=21)
2026-05-04 12:48:54,007 - INFO - [render-loss] step=49400 kept 23/64 samples (t_value >= 0.50)
2026-05-04 12:51:04,331 - INFO - Step   49600 | Epoch  49 | MSE: 0.3598 | Steps/sec: 1.53 | LR: 1.72e-04 | Render_L1: 0.0330 | Alpha_L1: 0.0475 | Render_LPIPS: 0.3594 | cos(c,null): +0.3345 | GradNorm: 1.0250 | MSE/t: [0.00-0.50]0.529(n=6367) [0.50-0.85]0.202(n=5917) [0.85-0.95]0.079(n=496) [0.95-1.00]0.067(n=20)
2026-05-04 12:51:04,432 - INFO - [render-loss] step=49600 kept 34/64 samples (t_value >= 0.50)
2026-05-04 12:53:14,930 - INFO - Step   49800 | Epoch  50 | MSE: 0.3611 | Steps/sec: 1.53 | LR: 1.72e-04 | Render_L1: 0.0327 | Alpha_L1: 0.0463 | Render_LPIPS: 0.3584 | cos(c,null): +0.3375 | GradNorm: 1.0406 | MSE/t: [0.00-0.50]0.532(n=6372) [0.50-0.85]0.202(n=5893) [0.85-0.95]0.078(n=511) [0.95-1.00]0.066(n=24)
2026-05-04 12:53:15,032 - INFO - [render-loss] step=49800 kept 36/64 samples (t_value >= 0.50)
2026-05-04 12:55:25,774 - INFO - Step   50000 | Epoch  50 | MSE: 0.3615 | Steps/sec: 1.53 | LR: 1.72e-04 | Render_L1: 0.0331 | Alpha_L1: 0.0472 | Render_LPIPS: 0.3600 | cos(c,null): +0.3345 | GradNorm: 1.0510 | MSE/t: [0.00-0.50]0.530(n=6424) [0.50-0.85]0.203(n=5826) [0.85-0.95]0.079(n=530) [0.95-1.00]0.075(n=20)
2026-05-04 12:55:25,987 - INFO - [cond] cfg_signal=0.0639 (min=0.0387 max=0.0956, n=16) | class_signal=0.0835 (min=0.0477 max=0.1140, n=16) | pred_rms=0.6044
2026-05-04 12:55:34,215 - INFO - [validation] saved: output/jit_B8_dinov2_20260504_072306/dit_validation/epoch_050_step_0050000_class025.png (class=25, sampler=heun, steps=100)
2026-05-04 12:55:35,417 - INFO - [overrides] applied from jit/configs/overrides.yaml: lr_scale=1.0 max_grad_norm=5.0 null_repel_weight=0.0 P_mean=0.0
2026-05-04 12:55:35,514 - INFO - [render-loss] step=50000 kept 30/64 samples (t_value >= 0.50)
2026-05-04 12:57:45,988 - INFO - Step   50200 | Epoch  50 | MSE: 0.3615 | Steps/sec: 1.43 | LR: 1.72e-04 | Render_L1: 0.0331 | Alpha_L1: 0.0478 | Render_LPIPS: 0.3599 | cos(c,null): +0.3372 | GradNorm: 1.0580 | MSE/t: [0.00-0.50]0.533(n=6344) [0.50-0.85]0.204(n=5919) [0.85-0.95]0.076(n=518) [0.95-1.00]0.072(n=19)
2026-05-04 12:57:46,090 - INFO - [render-loss] step=50200 kept 35/64 samples (t_value >= 0.50)
2026-05-04 12:59:56,811 - INFO - Step   50400 | Epoch  50 | MSE: 0.3629 | Steps/sec: 1.53 | LR: 1.72e-04 | Render_L1: 0.0331 | Alpha_L1: 0.0472 | Render_LPIPS: 0.3600 | cos(c,null): +0.3376 | GradNorm: 1.0579 | MSE/t: [0.00-0.50]0.532(n=6393) [0.50-0.85]0.204(n=5885) [0.85-0.95]0.079(n=506) [0.95-1.00]0.074(n=16)
2026-05-04 12:59:56,913 - INFO - [render-loss] step=50400 kept 26/64 samples (t_value >= 0.50)
2026-05-04 13:02:07,533 - INFO - Step   50600 | Epoch  50 | MSE: 0.3619 | Steps/sec: 1.53 | LR: 1.71e-04 | Render_L1: 0.0326 | Alpha_L1: 0.0467 | Render_LPIPS: 0.3581 | cos(c,null): +0.3373 | GradNorm: 1.0644 | MSE/t: [0.00-0.50]0.533(n=6396) [0.50-0.85]0.202(n=5840) [0.85-0.95]0.081(n=535) [0.95-1.00]0.070(n=29)
2026-05-04 13:02:07,635 - INFO - [render-loss] step=50600 kept 33/64 samples (t_value >= 0.50)
2026-05-04 13:04:17,954 - INFO - Step   50800 | Epoch  51 | MSE: 0.3633 | Steps/sec: 1.53 | LR: 1.71e-04 | Render_L1: 0.0335 | Alpha_L1: 0.0477 | Render_LPIPS: 0.3597 | cos(c,null): +0.3401 | GradNorm: 1.0781 | MSE/t: [0.00-0.50]0.532(n=6436) [0.50-0.85]0.203(n=5817) [0.85-0.95]0.078(n=526) [0.95-1.00]0.069(n=21)
2026-05-04 13:04:18,055 - INFO - [render-loss] step=50800 kept 32/64 samples (t_value >= 0.50)
2026-05-04 13:06:28,584 - INFO - Step   51000 | Epoch  51 | MSE: 0.3628 | Steps/sec: 1.53 | LR: 1.71e-04 | Render_L1: 0.0334 | Alpha_L1: 0.0473 | Render_LPIPS: 0.3603 | cos(c,null): +0.3413 | GradNorm: 1.0840 | MSE/t: [0.00-0.50]0.531(n=6429) [0.50-0.85]0.203(n=5861) [0.85-0.95]0.080(n=492) [0.95-1.00]0.066(n=18)
2026-05-04 13:06:28,796 - INFO - [cond] cfg_signal=0.0679 (min=0.0419 max=0.0866, n=16) | class_signal=0.0873 (min=0.0466 max=0.1172, n=16) | pred_rms=0.5814
2026-05-04 13:06:36,851 - INFO - [validation] saved: output/jit_B8_dinov2_20260504_072306/dit_validation/epoch_051_step_0051000_class041.png (class=41, sampler=heun, steps=100)
2026-05-04 13:06:38,488 - INFO - [overrides] applied from jit/configs/overrides.yaml: lr_scale=1.0 max_grad_norm=5.0 null_repel_weight=0.0 P_mean=0.0
2026-05-04 13:06:38,586 - INFO - [render-loss] step=51000 kept 30/64 samples (t_value >= 0.50)
2026-05-04 13:08:49,153 - INFO - Step   51200 | Epoch  51 | MSE: 0.3659 | Steps/sec: 1.42 | LR: 1.71e-04 | Render_L1: 0.0333 | Alpha_L1: 0.0478 | Render_LPIPS: 0.3585 | cos(c,null): +0.3424 | GradNorm: 1.0839 | MSE/t: [0.00-0.50]0.532(n=6514) [0.50-0.85]0.204(n=5766) [0.85-0.95]0.079(n=505) [0.95-1.00]0.063(n=15)
2026-05-04 13:08:49,254 - INFO - [render-loss] step=51200 kept 37/64 samples (t_value >= 0.50)
2026-05-04 13:10:59,813 - INFO - Step   51400 | Epoch  51 | MSE: 0.3599 | Steps/sec: 1.53 | LR: 1.71e-04 | Render_L1: 0.0329 | Alpha_L1: 0.0472 | Render_LPIPS: 0.3578 | cos(c,null): +0.3408 | GradNorm: 1.0932 | MSE/t: [0.00-0.50]0.532(n=6292) [0.50-0.85]0.204(n=5957) [0.85-0.95]0.080(n=535) [0.95-1.00]0.076(n=16)
2026-05-04 13:10:59,915 - INFO - [render-loss] step=51400 kept 28/64 samples (t_value >= 0.50)
2026-05-04 13:13:09,513 - INFO - Step   51600 | Epoch  51 | MSE: 0.3652 | Steps/sec: 1.54 | LR: 1.70e-04 | Render_L1: 0.0331 | Alpha_L1: 0.0475 | Render_LPIPS: 0.3580 | cos(c,null): +0.3368 | GradNorm: 1.1044 | MSE/t: [0.00-0.50]0.533(n=6456) [0.50-0.85]0.206(n=5788) [0.85-0.95]0.082(n=536) [0.95-1.00]0.074(n=20)
2026-05-04 13:13:09,614 - INFO - [render-loss] step=51600 kept 36/64 samples (t_value >= 0.50)
2026-05-04 13:15:20,442 - INFO - Step   51800 | Epoch  52 | MSE: 0.3634 | Steps/sec: 1.53 | LR: 1.70e-04 | Render_L1: 0.0326 | Alpha_L1: 0.0461 | Render_LPIPS: 0.3566 | cos(c,null): +0.3424 | GradNorm: 1.1021 | MSE/t: [0.00-0.50]0.532(n=6425) [0.50-0.85]0.204(n=5826) [0.85-0.95]0.080(n=520) [0.95-1.00]0.064(n=29)
2026-05-04 13:15:20,543 - INFO - [render-loss] step=51800 kept 32/64 samples (t_value >= 0.50)
2026-05-04 13:17:31,033 - INFO - Step   52000 | Epoch  52 | MSE: 0.3632 | Steps/sec: 1.53 | LR: 1.70e-04 | Render_L1: 0.0330 | Alpha_L1: 0.0470 | Render_LPIPS: 0.3564 | cos(c,null): +0.3392 | GradNorm: 1.1006 | MSE/t: [0.00-0.50]0.532(n=6418) [0.50-0.85]0.204(n=5852) [0.85-0.95]0.081(n=518) [0.95-1.00]0.075(n=12)
2026-05-04 13:17:31,244 - INFO - [cond] cfg_signal=0.0696 (min=0.0479 max=0.1060, n=16) | class_signal=0.0896 (min=0.0589 max=0.1177, n=16) | pred_rms=0.5684
2026-05-04 13:17:39,471 - INFO - [validation] saved: output/jit_B8_dinov2_20260504_072306/dit_validation/epoch_052_step_0052000_class009.png (class=9, sampler=heun, steps=100)
2026-05-04 13:17:40,672 - INFO - [overrides] applied from jit/configs/overrides.yaml: lr_scale=1.0 max_grad_norm=5.0 null_repel_weight=0.0 P_mean=0.0
2026-05-04 13:17:40,769 - INFO - [render-loss] step=52000 kept 35/64 samples (t_value >= 0.50)
2026-05-04 13:19:51,400 - INFO - Step   52200 | Epoch  52 | MSE: 0.3632 | Steps/sec: 1.43 | LR: 1.70e-04 | Render_L1: 0.0333 | Alpha_L1: 0.0480 | Render_LPIPS: 0.3583 | cos(c,null): +0.3441 | GradNorm: 1.1141 | MSE/t: [0.00-0.50]0.530(n=6395) [0.50-0.85]0.207(n=5880) [0.85-0.95]0.083(n=509) [0.95-1.00]0.069(n=16)
2026-05-04 13:19:51,502 - INFO - [render-loss] step=52200 kept 24/64 samples (t_value >= 0.50)
2026-05-04 13:22:01,037 - INFO - Step   52400 | Epoch  52 | MSE: 0.3657 | Steps/sec: 1.54 | LR: 1.69e-04 | Render_L1: 0.0328 | Alpha_L1: 0.0465 | Render_LPIPS: 0.3558 | cos(c,null): +0.3464 | GradNorm: 1.1288 | MSE/t: [0.00-0.50]0.530(n=6497) [0.50-0.85]0.207(n=5790) [0.85-0.95]0.080(n=490) [0.95-1.00]0.076(n=23)
2026-05-04 13:22:01,139 - INFO - [render-loss] step=52400 kept 33/64 samples (t_value >= 0.50)
2026-05-04 13:24:11,301 - INFO - Step   52600 | Epoch  52 | MSE: 0.3665 | Steps/sec: 1.54 | LR: 1.69e-04 | Render_L1: 0.0332 | Alpha_L1: 0.0471 | Render_LPIPS: 0.3571 | cos(c,null): +0.3438 | GradNorm: 1.1155 | MSE/t: [0.00-0.50]0.533(n=6498) [0.50-0.85]0.206(n=5779) [0.85-0.95]0.082(n=500) [0.95-1.00]0.074(n=23)
2026-05-04 13:24:11,402 - INFO - [render-loss] step=52600 kept 26/64 samples (t_value >= 0.50)
2026-05-04 13:26:21,318 - INFO - Step   52800 | Epoch  53 | MSE: 0.3660 | Steps/sec: 1.54 | LR: 1.69e-04 | Render_L1: 0.0330 | Alpha_L1: 0.0471 | Render_LPIPS: 0.3553 | cos(c,null): +0.3430 | GradNorm: 1.1229 | MSE/t: [0.00-0.50]0.533(n=6443) [0.50-0.85]0.207(n=5881) [0.85-0.95]0.081(n=452) [0.95-1.00]0.072(n=24)
2026-05-04 13:26:21,420 - INFO - [render-loss] step=52800 kept 36/64 samples (t_value >= 0.50)
2026-05-04 13:28:31,314 - INFO - Step   53000 | Epoch  53 | MSE: 0.3636 | Steps/sec: 1.54 | LR: 1.69e-04 | Render_L1: 0.0329 | Alpha_L1: 0.0468 | Render_LPIPS: 0.3546 | cos(c,null): +0.3450 | GradNorm: 1.1312 | MSE/t: [0.00-0.50]0.528(n=6471) [0.50-0.85]0.206(n=5782) [0.85-0.95]0.081(n=529) [0.95-1.00]0.068(n=18)
2026-05-04 13:28:31,524 - INFO - [cond] cfg_signal=0.0694 (min=0.0455 max=0.1011, n=16) | class_signal=0.0870 (min=0.0570 max=0.1136, n=16) | pred_rms=0.6272
2026-05-04 13:28:39,826 - INFO - [validation] saved: output/jit_B8_dinov2_20260504_072306/dit_validation/epoch_053_step_0053000_class089.png (class=89, sampler=heun, steps=100)
2026-05-04 13:28:41,035 - INFO - [overrides] applied from jit/configs/overrides.yaml: lr_scale=1.0 max_grad_norm=5.0 null_repel_weight=0.0 P_mean=0.0
2026-05-04 13:28:41,132 - INFO - [render-loss] step=53000 kept 40/64 samples (t_value >= 0.50)
2026-05-04 13:30:52,069 - INFO - Step   53200 | Epoch  53 | MSE: 0.3647 | Steps/sec: 1.42 | LR: 1.69e-04 | Render_L1: 0.0325 | Alpha_L1: 0.0461 | Render_LPIPS: 0.3542 | cos(c,null): +0.3506 | GradNorm: 1.1344 | MSE/t: [0.00-0.50]0.534(n=6403) [0.50-0.85]0.205(n=5870) [0.85-0.95]0.082(n=515) [0.95-1.00]0.072(n=12)
2026-05-04 13:30:52,170 - INFO - [render-loss] step=53200 kept 32/64 samples (t_value >= 0.50)
2026-05-04 13:33:02,211 - INFO - Step   53400 | Epoch  53 | MSE: 0.3645 | Steps/sec: 1.54 | LR: 1.68e-04 | Render_L1: 0.0325 | Alpha_L1: 0.0462 | Render_LPIPS: 0.3541 | cos(c,null): +0.3521 | GradNorm: 1.1444 | MSE/t: [0.00-0.50]0.533(n=6416) [0.50-0.85]0.206(n=5808) [0.85-0.95]0.083(n=556) [0.95-1.00]0.073(n=20)
2026-05-04 13:33:02,313 - INFO - [render-loss] step=53400 kept 34/64 samples (t_value >= 0.50)
2026-05-04 13:35:12,337 - INFO - Step   53600 | Epoch  53 | MSE: 0.3692 | Steps/sec: 1.54 | LR: 1.68e-04 | Render_L1: 0.0330 | Alpha_L1: 0.0471 | Render_LPIPS: 0.3557 | cos(c,null): +0.3513 | GradNorm: 1.1521 | MSE/t: [0.00-0.50]0.537(n=6451) [0.50-0.85]0.210(n=5795) [0.85-0.95]0.083(n=530) [0.95-1.00]0.076(n=24)
2026-05-04 13:35:12,439 - INFO - [render-loss] step=53600 kept 36/64 samples (t_value >= 0.50)
2026-05-04 13:37:22,988 - INFO - Step   53800 | Epoch  54 | MSE: 0.3622 | Steps/sec: 1.53 | LR: 1.68e-04 | Render_L1: 0.0328 | Alpha_L1: 0.0464 | Render_LPIPS: 0.3533 | cos(c,null): +0.3540 | GradNorm: 1.1567 | MSE/t: [0.00-0.50]0.531(n=6379) [0.50-0.85]0.205(n=5870) [0.85-0.95]0.082(n=533) [0.95-1.00]0.078(n=18)
2026-05-04 13:37:23,090 - INFO - [render-loss] step=53800 kept 27/64 samples (t_value >= 0.50)
2026-05-04 13:39:33,162 - INFO - Step   54000 | Epoch  54 | MSE: 0.3675 | Steps/sec: 1.54 | LR: 1.68e-04 | Render_L1: 0.0330 | Alpha_L1: 0.0469 | Render_LPIPS: 0.3538 | cos(c,null): +0.3489 | GradNorm: 1.1477 | MSE/t: [0.00-0.50]0.532(n=6502) [0.50-0.85]0.208(n=5763) [0.85-0.95]0.082(n=515) [0.95-1.00]0.070(n=20)
2026-05-04 13:39:33,377 - INFO - [cond] cfg_signal=0.0666 (min=0.0419 max=0.0915, n=16) | class_signal=0.0834 (min=0.0529 max=0.1122, n=16) | pred_rms=0.5999
2026-05-04 13:39:41,522 - INFO - [validation] saved: output/jit_B8_dinov2_20260504_072306/dit_validation/epoch_054_step_0054000_class015.png (class=15, sampler=heun, steps=100)
2026-05-04 13:39:42,770 - INFO - [overrides] applied from jit/configs/overrides.yaml: lr_scale=1.0 max_grad_norm=5.0 null_repel_weight=0.0 P_mean=0.0
2026-05-04 13:39:42,867 - INFO - [render-loss] step=54000 kept 35/64 samples (t_value >= 0.50)
2026-05-04 13:41:53,251 - INFO - Step   54200 | Epoch  54 | MSE: 0.3674 | Steps/sec: 1.43 | LR: 1.67e-04 | Render_L1: 0.0331 | Alpha_L1: 0.0472 | Render_LPIPS: 0.3547 | cos(c,null): +0.3518 | GradNorm: 1.1664 | MSE/t: [0.00-0.50]0.533(n=6488) [0.50-0.85]0.207(n=5785) [0.85-0.95]0.083(n=507) [0.95-1.00]0.070(n=20)
2026-05-04 13:41:53,353 - INFO - [render-loss] step=54200 kept 32/64 samples (t_value >= 0.50)
2026-05-04 13:44:03,590 - INFO - Step   54400 | Epoch  54 | MSE: 0.3631 | Steps/sec: 1.53 | LR: 1.67e-04 | Render_L1: 0.0331 | Alpha_L1: 0.0469 | Render_LPIPS: 0.3546 | cos(c,null): +0.3499 | GradNorm: 1.1606 | MSE/t: [0.00-0.50]0.529(n=6374) [0.50-0.85]0.209(n=5866) [0.85-0.95]0.085(n=533) [0.95-1.00]0.071(n=27)
2026-05-04 13:44:03,693 - INFO - [render-loss] step=54400 kept 31/64 samples (t_value >= 0.50)
2026-05-04 13:46:13,828 - INFO - Step   54600 | Epoch  54 | MSE: 0.3666 | Steps/sec: 1.54 | LR: 1.67e-04 | Render_L1: 0.0331 | Alpha_L1: 0.0467 | Render_LPIPS: 0.3537 | cos(c,null): +0.3498 | GradNorm: 1.1750 | MSE/t: [0.00-0.50]0.534(n=6456) [0.50-0.85]0.206(n=5841) [0.85-0.95]0.084(n=479) [0.95-1.00]0.078(n=24)
2026-05-04 13:46:13,930 - INFO - [render-loss] step=54600 kept 35/64 samples (t_value >= 0.50)
2026-05-04 13:48:24,679 - INFO - Step   54800 | Epoch  55 | MSE: 0.3644 | Steps/sec: 1.53 | LR: 1.67e-04 | Render_L1: 0.0325 | Alpha_L1: 0.0463 | Render_LPIPS: 0.3536 | cos(c,null): +0.3580 | GradNorm: 1.1680 | MSE/t: [0.00-0.50]0.531(n=6372) [0.50-0.85]0.210(n=5886) [0.85-0.95]0.084(n=526) [0.95-1.00]0.075(n=16)
2026-05-04 13:48:24,780 - INFO - [render-loss] step=54800 kept 35/64 samples (t_value >= 0.50)
2026-05-04 13:50:35,509 - INFO - Step   55000 | Epoch  55 | MSE: 0.3648 | Steps/sec: 1.53 | LR: 1.66e-04 | Render_L1: 0.0330 | Alpha_L1: 0.0470 | Render_LPIPS: 0.3534 | cos(c,null): +0.3571 | GradNorm: 1.1862 | MSE/t: [0.00-0.50]0.535(n=6352) [0.50-0.85]0.207(n=5933) [0.85-0.95]0.086(n=493) [0.95-1.00]0.073(n=22)
2026-05-04 13:50:35,719 - INFO - [cond] cfg_signal=0.0697 (min=0.0493 max=0.0966, n=16) | class_signal=0.0910 (min=0.0531 max=0.1207, n=16) | pred_rms=0.6199
2026-05-04 13:50:44,014 - INFO - [validation] saved: output/jit_B8_dinov2_20260504_072306/dit_validation/epoch_055_step_0055000_class029.png (class=29, sampler=heun, steps=100)
2026-05-04 13:50:45,727 - INFO - [overrides] applied from jit/configs/overrides.yaml: lr_scale=1.0 max_grad_norm=5.0 null_repel_weight=0.0 P_mean=0.0
2026-05-04 13:50:45,824 - INFO - [render-loss] step=55000 kept 36/64 samples (t_value >= 0.50)
2026-05-04 13:52:56,201 - INFO - Step   55200 | Epoch  55 | MSE: 0.3663 | Steps/sec: 1.42 | LR: 1.66e-04 | Render_L1: 0.0330 | Alpha_L1: 0.0473 | Render_LPIPS: 0.3539 | cos(c,null): +0.3514 | GradNorm: 1.1820 | MSE/t: [0.00-0.50]0.531(n=6455) [0.50-0.85]0.209(n=5817) [0.85-0.95]0.087(n=506) [0.95-1.00]0.079(n=22)
2026-05-04 13:52:56,303 - INFO - [render-loss] step=55200 kept 20/64 samples (t_value >= 0.50)
2026-05-04 13:55:06,227 - INFO - Step   55400 | Epoch  55 | MSE: 0.3669 | Steps/sec: 1.54 | LR: 1.66e-04 | Render_L1: 0.0328 | Alpha_L1: 0.0464 | Render_LPIPS: 0.3532 | cos(c,null): +0.3506 | GradNorm: 1.2040 | MSE/t: [0.00-0.50]0.533(n=6464) [0.50-0.85]0.208(n=5797) [0.85-0.95]0.086(n=507) [0.95-1.00]0.075(n=32)
2026-05-04 13:55:06,329 - INFO - [render-loss] step=55400 kept 34/64 samples (t_value >= 0.50)
2026-05-04 13:57:17,234 - INFO - Step   55600 | Epoch  55 | MSE: 0.3635 | Steps/sec: 1.53 | LR: 1.66e-04 | Render_L1: 0.0325 | Alpha_L1: 0.0460 | Render_LPIPS: 0.3524 | cos(c,null): +0.3497 | GradNorm: 1.2047 | MSE/t: [0.00-0.50]0.537(n=6273) [0.50-0.85]0.207(n=6013) [0.85-0.95]0.088(n=486) [0.95-1.00]0.072(n=28)
2026-05-04 13:57:17,337 - INFO - [render-loss] step=55600 kept 36/64 samples (t_value >= 0.50)
2026-05-04 13:59:27,995 - INFO - Step   55800 | Epoch  56 | MSE: 0.3633 | Steps/sec: 1.53 | LR: 1.66e-04 | Render_L1: 0.0325 | Alpha_L1: 0.0460 | Render_LPIPS: 0.3512 | cos(c,null): +0.3530 | GradNorm: 1.2094 | MSE/t: [0.00-0.50]0.531(n=6357) [0.50-0.85]0.208(n=5891) [0.85-0.95]0.085(n=533) [0.95-1.00]0.078(n=19)
2026-05-04 13:59:28,096 - INFO - [render-loss] step=55800 kept 35/64 samples (t_value >= 0.50)
2026-05-04 14:01:38,118 - INFO - Step   56000 | Epoch  56 | MSE: 0.3672 | Steps/sec: 1.54 | LR: 1.65e-04 | Render_L1: 0.0328 | Alpha_L1: 0.0463 | Render_LPIPS: 0.3517 | cos(c,null): +0.3491 | GradNorm: 1.2259 | MSE/t: [0.00-0.50]0.534(n=6401) [0.50-0.85]0.210(n=5864) [0.85-0.95]0.088(n=514) [0.95-1.00]0.069(n=21)
2026-05-04 14:01:38,330 - INFO - [cond] cfg_signal=0.0714 (min=0.0497 max=0.1014, n=16) | class_signal=0.0923 (min=0.0507 max=0.1415, n=16) | pred_rms=0.5709
2026-05-04 14:01:46,512 - INFO - [validation] saved: output/jit_B8_dinov2_20260504_072306/dit_validation/epoch_056_step_0056000_class090.png (class=90, sampler=heun, steps=100)
2026-05-04 14:01:47,762 - INFO - [overrides] applied from jit/configs/overrides.yaml: lr_scale=1.0 max_grad_norm=5.0 null_repel_weight=0.0 P_mean=0.0
2026-05-04 14:01:47,858 - INFO - [render-loss] step=56000 kept 33/64 samples (t_value >= 0.50)
2026-05-04 14:03:58,338 - INFO - Step   56200 | Epoch  56 | MSE: 0.3673 | Steps/sec: 1.43 | LR: 1.65e-04 | Render_L1: 0.0323 | Alpha_L1: 0.0459 | Render_LPIPS: 0.3517 | cos(c,null): +0.3495 | GradNorm: 1.2165 | MSE/t: [0.00-0.50]0.534(n=6423) [0.50-0.85]0.209(n=5855) [0.85-0.95]0.087(n=497) [0.95-1.00]0.075(n=25)
2026-05-04 14:03:58,439 - INFO - [render-loss] step=56200 kept 27/64 samples (t_value >= 0.50)
2026-05-04 14:06:08,590 - INFO - Step   56400 | Epoch  56 | MSE: 0.3670 | Steps/sec: 1.54 | LR: 1.65e-04 | Render_L1: 0.0328 | Alpha_L1: 0.0460 | Render_LPIPS: 0.3501 | cos(c,null): +0.3524 | GradNorm: 1.2024 | MSE/t: [0.00-0.50]0.531(n=6417) [0.50-0.85]0.212(n=5859) [0.85-0.95]0.087(n=498) [0.95-1.00]0.074(n=26)
2026-05-04 14:06:08,693 - INFO - [render-loss] step=56400 kept 35/64 samples (t_value >= 0.50)
2026-05-04 14:08:18,456 - INFO - Step   56600 | Epoch  56 | MSE: 0.3667 | Steps/sec: 1.54 | LR: 1.65e-04 | Render_L1: 0.0323 | Alpha_L1: 0.0460 | Render_LPIPS: 0.3504 | cos(c,null): +0.3483 | GradNorm: 1.2366 | MSE/t: [0.00-0.50]0.531(n=6456) [0.50-0.85]0.210(n=5802) [0.85-0.95]0.090(n=528) [0.95-1.00]0.070(n=14)
2026-05-04 14:08:18,558 - INFO - [render-loss] step=56600 kept 25/64 samples (t_value >= 0.50)
2026-05-04 14:10:28,664 - INFO - Step   56800 | Epoch  57 | MSE: 0.3649 | Steps/sec: 1.54 | LR: 1.64e-04 | Render_L1: 0.0332 | Alpha_L1: 0.0466 | Render_LPIPS: 0.3533 | cos(c,null): +0.3494 | GradNorm: 1.2384 | MSE/t: [0.00-0.50]0.530(n=6390) [0.50-0.85]0.211(n=5873) [0.85-0.95]0.087(n=518) [0.95-1.00]0.081(n=19)
2026-05-04 14:10:28,766 - INFO - [render-loss] step=56800 kept 29/64 samples (t_value >= 0.50)
2026-05-04 14:12:38,840 - INFO - Step   57000 | Epoch  57 | MSE: 0.3681 | Steps/sec: 1.54 | LR: 1.64e-04 | Render_L1: 0.0326 | Alpha_L1: 0.0463 | Render_LPIPS: 0.3510 | cos(c,null): +0.3541 | GradNorm: 1.2425 | MSE/t: [0.00-0.50]0.533(n=6440) [0.50-0.85]0.210(n=5867) [0.85-0.95]0.087(n=470) [0.95-1.00]0.076(n=23)
2026-05-04 14:12:39,050 - INFO - [cond] cfg_signal=0.0702 (min=0.0417 max=0.1092, n=16) | class_signal=0.0897 (min=0.0505 max=0.1292, n=16) | pred_rms=0.6198
2026-05-04 14:12:47,136 - INFO - [validation] saved: output/jit_B8_dinov2_20260504_072306/dit_validation/epoch_057_step_0057000_class029.png (class=29, sampler=heun, steps=100)
2026-05-04 14:12:48,383 - INFO - [overrides] applied from jit/configs/overrides.yaml: lr_scale=1.0 max_grad_norm=5.0 null_repel_weight=0.0 P_mean=0.0
2026-05-04 14:12:48,480 - INFO - [render-loss] step=57000 kept 34/64 samples (t_value >= 0.50)
2026-05-04 14:14:58,980 - INFO - Step   57200 | Epoch  57 | MSE: 0.3678 | Steps/sec: 1.43 | LR: 1.64e-04 | Render_L1: 0.0326 | Alpha_L1: 0.0461 | Render_LPIPS: 0.3516 | cos(c,null): +0.3561 | GradNorm: 1.2349 | MSE/t: [0.00-0.50]0.535(n=6405) [0.50-0.85]0.211(n=5845) [0.85-0.95]0.088(n=524) [0.95-1.00]0.075(n=26)
2026-05-04 14:14:59,082 - INFO - [render-loss] step=57200 kept 38/64 samples (t_value >= 0.50)
2026-05-04 14:17:10,182 - INFO - Step   57400 | Epoch  57 | MSE: 0.3663 | Steps/sec: 1.52 | LR: 1.64e-04 | Render_L1: 0.0327 | Alpha_L1: 0.0459 | Render_LPIPS: 0.3495 | cos(c,null): +0.3570 | GradNorm: 1.2446 | MSE/t: [0.00-0.50]0.535(n=6321) [0.50-0.85]0.212(n=5951) [0.85-0.95]0.087(n=502) [0.95-1.00]0.082(n=26)
2026-05-04 14:17:10,284 - INFO - [render-loss] step=57400 kept 31/64 samples (t_value >= 0.50)
2026-05-04 14:19:20,602 - INFO - Step   57600 | Epoch  57 | MSE: 0.3659 | Steps/sec: 1.53 | LR: 1.63e-04 | Render_L1: 0.0320 | Alpha_L1: 0.0459 | Render_LPIPS: 0.3489 | cos(c,null): +0.3583 | GradNorm: 1.2508 | MSE/t: [0.00-0.50]0.533(n=6352) [0.50-0.85]0.211(n=5917) [0.85-0.95]0.088(n=507) [0.95-1.00]0.081(n=24)
2026-05-04 14:19:20,704 - INFO - [render-loss] step=57600 kept 30/64 samples (t_value >= 0.50)
2026-05-04 14:21:31,293 - INFO - Step   57800 | Epoch  58 | MSE: 0.3654 | Steps/sec: 1.53 | LR: 1.63e-04 | Render_L1: 0.0326 | Alpha_L1: 0.0458 | Render_LPIPS: 0.3503 | cos(c,null): +0.3593 | GradNorm: 1.2681 | MSE/t: [0.00-0.50]0.531(n=6345) [0.50-0.85]0.213(n=5935) [0.85-0.95]0.086(n=496) [0.95-1.00]0.082(n=24)
2026-05-04 14:21:31,395 - INFO - [render-loss] step=57800 kept 31/64 samples (t_value >= 0.50)
2026-05-04 14:23:42,197 - INFO - Step   58000 | Epoch  58 | MSE: 0.3666 | Steps/sec: 1.53 | LR: 1.63e-04 | Render_L1: 0.0326 | Alpha_L1: 0.0456 | Render_LPIPS: 0.3490 | cos(c,null): +0.3567 | GradNorm: 1.2605 | MSE/t: [0.00-0.50]0.531(n=6444) [0.50-0.85]0.210(n=5821) [0.85-0.95]0.089(n=509) [0.95-1.00]0.086(n=26)
2026-05-04 14:23:42,408 - INFO - [cond] cfg_signal=0.0736 (min=0.0462 max=0.1117, n=16) | class_signal=0.0946 (min=0.0594 max=0.1224, n=16) | pred_rms=0.5937
2026-05-04 14:23:50,639 - INFO - [validation] saved: output/jit_B8_dinov2_20260504_072306/dit_validation/epoch_058_step_0058000_class005.png (class=5, sampler=heun, steps=100)
2026-05-04 14:23:51,895 - INFO - [overrides] applied from jit/configs/overrides.yaml: lr_scale=1.0 max_grad_norm=5.0 null_repel_weight=0.0 P_mean=0.0
2026-05-04 14:23:51,993 - INFO - [render-loss] step=58000 kept 36/64 samples (t_value >= 0.50)
2026-05-04 14:26:02,410 - INFO - Step   58200 | Epoch  58 | MSE: 0.3682 | Steps/sec: 1.43 | LR: 1.63e-04 | Render_L1: 0.0323 | Alpha_L1: 0.0454 | Render_LPIPS: 0.3469 | cos(c,null): +0.3516 | GradNorm: 1.2697 | MSE/t: [0.00-0.50]0.533(n=6405) [0.50-0.85]0.213(n=5864) [0.85-0.95]0.090(n=512) [0.95-1.00]0.076(n=19)
2026-05-04 14:26:02,512 - INFO - [render-loss] step=58200 kept 24/64 samples (t_value >= 0.50)
2026-05-04 14:28:12,731 - INFO - Step   58400 | Epoch  58 | MSE: 0.3683 | Steps/sec: 1.53 | LR: 1.62e-04 | Render_L1: 0.0331 | Alpha_L1: 0.0469 | Render_LPIPS: 0.3493 | cos(c,null): +0.3538 | GradNorm: 1.2700 | MSE/t: [0.00-0.50]0.531(n=6451) [0.50-0.85]0.214(n=5783) [0.85-0.95]0.090(n=548) [0.95-1.00]0.082(n=18)
2026-05-04 14:28:12,832 - INFO - [render-loss] step=58400 kept 35/64 samples (t_value >= 0.50)
2026-05-04 14:30:23,187 - INFO - Step   58600 | Epoch  58 | MSE: 0.3684 | Steps/sec: 1.53 | LR: 1.62e-04 | Render_L1: 0.0326 | Alpha_L1: 0.0460 | Render_LPIPS: 0.3481 | cos(c,null): +0.3517 | GradNorm: 1.2939 | MSE/t: [0.00-0.50]0.531(n=6446) [0.50-0.85]0.214(n=5825) [0.85-0.95]0.090(n=501) [0.95-1.00]0.079(n=28)
2026-05-04 14:30:23,288 - INFO - [render-loss] step=58600 kept 33/64 samples (t_value >= 0.50)
2026-05-04 14:32:33,676 - INFO - Step   58800 | Epoch  59 | MSE: 0.3698 | Steps/sec: 1.53 | LR: 1.62e-04 | Render_L1: 0.0324 | Alpha_L1: 0.0451 | Render_LPIPS: 0.3476 | cos(c,null): +0.3510 | GradNorm: 1.2743 | MSE/t: [0.00-0.50]0.534(n=6445) [0.50-0.85]0.213(n=5849) [0.85-0.95]0.088(n=489) [0.95-1.00]0.074(n=17)
2026-05-04 14:32:33,779 - INFO - [render-loss] step=58800 kept 35/64 samples (t_value >= 0.50)
2026-05-04 14:34:44,407 - INFO - Step   59000 | Epoch  59 | MSE: 0.3685 | Steps/sec: 1.53 | LR: 1.62e-04 | Render_L1: 0.0329 | Alpha_L1: 0.0456 | Render_LPIPS: 0.3477 | cos(c,null): +0.3515 | GradNorm: 1.2930 | MSE/t: [0.00-0.50]0.536(n=6367) [0.50-0.85]0.214(n=5885) [0.85-0.95]0.089(n=531) [0.95-1.00]0.079(n=17)
2026-05-04 14:34:44,617 - INFO - [cond] cfg_signal=0.0740 (min=0.0431 max=0.1096, n=16) | class_signal=0.0958 (min=0.0578 max=0.1196, n=16) | pred_rms=0.6056
2026-05-04 14:34:52,904 - INFO - [validation] saved: output/jit_B8_dinov2_20260504_072306/dit_validation/epoch_059_step_0059000_class032.png (class=32, sampler=heun, steps=100)
2026-05-04 14:34:54,173 - INFO - [overrides] applied from jit/configs/overrides.yaml: lr_scale=1.0 max_grad_norm=5.0 null_repel_weight=0.0 P_mean=0.0
2026-05-04 14:34:54,271 - INFO - [render-loss] step=59000 kept 30/64 samples (t_value >= 0.50)
2026-05-04 14:37:05,261 - INFO - Step   59200 | Epoch  59 | MSE: 0.3660 | Steps/sec: 1.42 | LR: 1.62e-04 | Render_L1: 0.0316 | Alpha_L1: 0.0446 | Render_LPIPS: 0.3458 | cos(c,null): +0.3547 | GradNorm: 1.3034 | MSE/t: [0.00-0.50]0.532(n=6323) [0.50-0.85]0.214(n=5944) [0.85-0.95]0.090(n=518) [0.95-1.00]0.078(n=15)
2026-05-04 14:37:05,363 - INFO - [render-loss] step=59200 kept 41/64 samples (t_value >= 0.50)
2026-05-04 14:39:15,761 - INFO - Step   59400 | Epoch  59 | MSE: 0.3654 | Steps/sec: 1.53 | LR: 1.61e-04 | Render_L1: 0.0324 | Alpha_L1: 0.0453 | Render_LPIPS: 0.3464 | cos(c,null): +0.3541 | GradNorm: 1.3066 | MSE/t: [0.00-0.50]0.531(n=6314) [0.50-0.85]0.214(n=5954) [0.85-0.95]0.090(n=517) [0.95-1.00]0.072(n=15)
2026-05-04 14:39:15,862 - INFO - [render-loss] step=59400 kept 30/64 samples (t_value >= 0.50)
2026-05-04 14:41:25,935 - INFO - Step   59600 | Epoch  59 | MSE: 0.3705 | Steps/sec: 1.54 | LR: 1.61e-04 | Render_L1: 0.0327 | Alpha_L1: 0.0457 | Render_LPIPS: 0.3460 | cos(c,null): +0.3541 | GradNorm: 1.3003 | MSE/t: [0.00-0.50]0.534(n=6473) [0.50-0.85]0.212(n=5826) [0.85-0.95]0.090(n=479) [0.95-1.00]0.076(n=22)
2026-05-04 14:41:26,203 - INFO - [render-loss] step=59600 kept 33/64 samples (t_value >= 0.50)
2026-05-04 14:43:36,887 - INFO - Step   59800 | Epoch  60 | MSE: 0.3690 | Steps/sec: 1.53 | LR: 1.61e-04 | Render_L1: 0.0328 | Alpha_L1: 0.0457 | Render_LPIPS: 0.3481 | cos(c,null): +0.3511 | GradNorm: 1.3107 | MSE/t: [0.00-0.50]0.533(n=6413) [0.50-0.85]0.215(n=5872) [0.85-0.95]0.091(n=492) [0.95-1.00]0.090(n=23)
2026-05-04 14:43:36,988 - INFO - [render-loss] step=59800 kept 35/64 samples (t_value >= 0.50)
2026-05-04 14:45:46,829 - INFO - Step   60000 | Epoch  60 | MSE: 0.3690 | Steps/sec: 1.54 | LR: 1.61e-04 | Render_L1: 0.0325 | Alpha_L1: 0.0454 | Render_LPIPS: 0.3465 | cos(c,null): +0.3439 | GradNorm: 1.3402 | MSE/t: [0.00-0.50]0.533(n=6419) [0.50-0.85]0.214(n=5863) [0.85-0.95]0.092(n=488) [0.95-1.00]0.083(n=30)
2026-05-04 14:45:47,045 - INFO - [cond] cfg_signal=0.0800 (min=0.0581 max=0.1028, n=16) | class_signal=0.0949 (min=0.0568 max=0.1392, n=16) | pred_rms=0.5970
2026-05-04 14:45:48,793 - INFO - Saved checkpoint to output/jit_B8_dinov2_20260504_072306/0060000.pt
2026-05-04 14:45:49,003 - INFO - [cond] cfg_signal=0.0800 (min=0.0581 max=0.1028, n=16) | class_signal=0.0949 (min=0.0568 max=0.1392, n=16) | pred_rms=0.5970
2026-05-04 14:45:57,130 - INFO - [validation] saved: output/jit_B8_dinov2_20260504_072306/dit_validation/epoch_060_step_0060000_class048.png (class=48, sampler=heun, steps=100)
2026-05-04 14:45:58,413 - INFO - [overrides] applied from jit/configs/overrides.yaml: lr_scale=1.0 max_grad_norm=5.0 null_repel_weight=0.0 P_mean=0.0
2026-05-04 14:45:58,510 - INFO - [render-loss] step=60000 kept 34/64 samples (t_value >= 0.50)
2026-05-04 14:48:09,314 - INFO - Step   60200 | Epoch  60 | MSE: 0.3701 | Steps/sec: 1.41 | LR: 1.60e-04 | Render_L1: 0.0330 | Alpha_L1: 0.0457 | Render_LPIPS: 0.3469 | cos(c,null): +0.3471 | GradNorm: 1.3090 | MSE/t: [0.00-0.50]0.533(n=6446) [0.50-0.85]0.215(n=5828) [0.85-0.95]0.092(n=509) [0.95-1.00]0.078(n=17)
2026-05-04 14:48:09,415 - INFO - [render-loss] step=60200 kept 35/64 samples (t_value >= 0.50)
2026-05-04 14:50:19,817 - INFO - Step   60400 | Epoch  60 | MSE: 0.3681 | Steps/sec: 1.53 | LR: 1.60e-04 | Render_L1: 0.0320 | Alpha_L1: 0.0454 | Render_LPIPS: 0.3454 | cos(c,null): +0.3522 | GradNorm: 1.3190 | MSE/t: [0.00-0.50]0.533(n=6366) [0.50-0.85]0.214(n=5939) [0.85-0.95]0.091(n=477) [0.95-1.00]0.079(n=18)
2026-05-04 14:50:19,918 - INFO - [render-loss] step=60400 kept 32/64 samples (t_value >= 0.50)
2026-05-04 14:52:30,579 - INFO - Step   60600 | Epoch  61 | MSE: 0.3705 | Steps/sec: 1.53 | LR: 1.60e-04 | Render_L1: 0.0325 | Alpha_L1: 0.0456 | Render_LPIPS: 0.3454 | cos(c,null): +0.3490 | GradNorm: 1.3297 | MSE/t: [0.00-0.50]0.540(n=6320) [0.50-0.85]0.215(n=5958) [0.85-0.95]0.092(n=502) [0.95-1.00]0.079(n=20)
2026-05-04 14:52:30,681 - INFO - [render-loss] step=60600 kept 28/64 samples (t_value >= 0.50)
2026-05-04 14:54:41,309 - INFO - Step   60800 | Epoch  61 | MSE: 0.3694 | Steps/sec: 1.53 | LR: 1.60e-04 | Render_L1: 0.0319 | Alpha_L1: 0.0451 | Render_LPIPS: 0.3427 | cos(c,null): +0.3497 | GradNorm: 1.3040 | MSE/t: [0.00-0.50]0.534(n=6403) [0.50-0.85]0.214(n=5899) [0.85-0.95]0.093(n=477) [0.95-1.00]0.082(n=21)
2026-05-04 14:54:41,410 - INFO - [render-loss] step=60800 kept 30/64 samples (t_value >= 0.50)
2026-05-04 14:56:51,049 - INFO - Step   61000 | Epoch  61 | MSE: 0.3703 | Steps/sec: 1.54 | LR: 1.59e-04 | Render_L1: 0.0321 | Alpha_L1: 0.0456 | Render_LPIPS: 0.3443 | cos(c,null): +0.3560 | GradNorm: 1.3236 | MSE/t: [0.00-0.50]0.533(n=6451) [0.50-0.85]0.214(n=5840) [0.85-0.95]0.091(n=489) [0.95-1.00]0.094(n=20)
2026-05-04 14:56:51,261 - INFO - [cond] cfg_signal=0.0766 (min=0.0497 max=0.1048, n=16) | class_signal=0.0978 (min=0.0596 max=0.1265, n=16) | pred_rms=0.5858
2026-05-04 14:56:59,370 - INFO - [validation] saved: output/jit_B8_dinov2_20260504_072306/dit_validation/epoch_061_step_0061000_class048.png (class=48, sampler=heun, steps=100)
2026-05-04 14:57:00,646 - INFO - [overrides] applied from jit/configs/overrides.yaml: lr_scale=1.0 max_grad_norm=5.0 null_repel_weight=0.0 P_mean=0.0
2026-05-04 14:57:00,743 - INFO - [render-loss] step=61000 kept 26/64 samples (t_value >= 0.50)
2026-05-04 14:59:10,960 - INFO - Step   61200 | Epoch  61 | MSE: 0.3697 | Steps/sec: 1.43 | LR: 1.59e-04 | Render_L1: 0.0328 | Alpha_L1: 0.0456 | Render_LPIPS: 0.3448 | cos(c,null): +0.3552 | GradNorm: 1.3175 | MSE/t: [0.00-0.50]0.533(n=6437) [0.50-0.85]0.215(n=5836) [0.85-0.95]0.092(n=510) [0.95-1.00]0.079(n=17)
2026-05-04 14:59:11,061 - INFO - [render-loss] step=61200 kept 38/64 samples (t_value >= 0.50)
2026-05-04 15:01:20,874 - INFO - Step   61400 | Epoch  61 | MSE: 0.3677 | Steps/sec: 1.54 | LR: 1.59e-04 | Render_L1: 0.0324 | Alpha_L1: 0.0449 | Render_LPIPS: 0.3440 | cos(c,null): +0.3529 | GradNorm: 1.3285 | MSE/t: [0.00-0.50]0.532(n=6402) [0.50-0.85]0.214(n=5865) [0.85-0.95]0.093(n=511) [0.95-1.00]0.082(n=22)
2026-05-04 15:01:20,976 - INFO - [render-loss] step=61400 kept 35/64 samples (t_value >= 0.50)
2026-05-04 15:03:31,752 - INFO - Step   61600 | Epoch  62 | MSE: 0.3683 | Steps/sec: 1.53 | LR: 1.59e-04 | Render_L1: 0.0322 | Alpha_L1: 0.0454 | Render_LPIPS: 0.3420 | cos(c,null): +0.3537 | GradNorm: 1.3343 | MSE/t: [0.00-0.50]0.533(n=6357) [0.50-0.85]0.215(n=5920) [0.85-0.95]0.094(n=497) [0.95-1.00]0.085(n=26)
2026-05-04 15:03:31,853 - INFO - [render-loss] step=61600 kept 31/64 samples (t_value >= 0.50)
2026-05-04 15:05:42,375 - INFO - Step   61800 | Epoch  62 | MSE: 0.3680 | Steps/sec: 1.53 | LR: 1.58e-04 | Render_L1: 0.0317 | Alpha_L1: 0.0441 | Render_LPIPS: 0.3409 | cos(c,null): +0.3500 | GradNorm: 1.3133 | MSE/t: [0.00-0.50]0.534(n=6351) [0.50-0.85]0.215(n=5906) [0.85-0.95]0.090(n=519) [0.95-1.00]0.085(n=24)
2026-05-04 15:05:42,477 - INFO - [render-loss] step=61800 kept 34/64 samples (t_value >= 0.50)
2026-05-04 15:07:52,949 - INFO - Step   62000 | Epoch  62 | MSE: 0.3675 | Steps/sec: 1.53 | LR: 1.58e-04 | Render_L1: 0.0319 | Alpha_L1: 0.0444 | Render_LPIPS: 0.3424 | cos(c,null): +0.3484 | GradNorm: 1.3206 | MSE/t: [0.00-0.50]0.533(n=6334) [0.50-0.85]0.215(n=5942) [0.85-0.95]0.093(n=503) [0.95-1.00]0.079(n=21)
2026-05-04 15:07:53,163 - INFO - [cond] cfg_signal=0.0764 (min=0.0590 max=0.1051, n=16) | class_signal=0.0954 (min=0.0602 max=0.1214, n=16) | pred_rms=0.6180
2026-05-04 15:08:01,324 - INFO - [validation] saved: output/jit_B8_dinov2_20260504_072306/dit_validation/epoch_062_step_0062000_class093.png (class=93, sampler=heun, steps=100)
2026-05-04 15:08:02,477 - INFO - [overrides] applied from jit/configs/overrides.yaml: lr_scale=1.0 max_grad_norm=5.0 null_repel_weight=0.0 P_mean=0.0
2026-05-04 15:08:02,574 - INFO - [render-loss] step=62000 kept 28/64 samples (t_value >= 0.50)
2026-05-04 15:10:12,802 - INFO - Step   62200 | Epoch  62 | MSE: 0.3712 | Steps/sec: 1.43 | LR: 1.58e-04 | Render_L1: 0.0319 | Alpha_L1: 0.0452 | Render_LPIPS: 0.3452 | cos(c,null): +0.3466 | GradNorm: 1.3318 | MSE/t: [0.00-0.50]0.532(n=6513) [0.50-0.85]0.215(n=5737) [0.85-0.95]0.090(n=526) [0.95-1.00]0.078(n=24)
2026-05-04 15:10:12,903 - INFO - [render-loss] step=62200 kept 25/64 samples (t_value >= 0.50)
2026-05-04 15:12:23,464 - INFO - Step   62400 | Epoch  62 | MSE: 0.3699 | Steps/sec: 1.53 | LR: 1.58e-04 | Render_L1: 0.0320 | Alpha_L1: 0.0453 | Render_LPIPS: 0.3420 | cos(c,null): +0.3497 | GradNorm: 1.3260 | MSE/t: [0.00-0.50]0.534(n=6431) [0.50-0.85]0.215(n=5827) [0.85-0.95]0.093(n=526) [0.95-1.00]0.088(n=16)
2026-05-04 15:12:23,565 - INFO - [render-loss] step=62400 kept 46/64 samples (t_value >= 0.50)
2026-05-04 15:14:34,613 - INFO - Step   62600 | Epoch  63 | MSE: 0.3643 | Steps/sec: 1.53 | LR: 1.57e-04 | Render_L1: 0.0319 | Alpha_L1: 0.0446 | Render_LPIPS: 0.3416 | cos(c,null): +0.3498 | GradNorm: 1.3065 | MSE/t: [0.00-0.50]0.530(n=6330) [0.50-0.85]0.213(n=5924) [0.85-0.95]0.093(n=524) [0.95-1.00]0.082(n=22)
2026-05-04 15:14:34,715 - INFO - [render-loss] step=62600 kept 27/64 samples (t_value >= 0.50)
2026-05-04 15:16:44,404 - INFO - Step   62800 | Epoch  63 | MSE: 0.3709 | Steps/sec: 1.54 | LR: 1.57e-04 | Render_L1: 0.0325 | Alpha_L1: 0.0453 | Render_LPIPS: 0.3431 | cos(c,null): +0.3553 | GradNorm: 1.3260 | MSE/t: [0.00-0.50]0.533(n=6479) [0.50-0.85]0.216(n=5745) [0.85-0.95]0.091(n=558) [0.95-1.00]0.076(n=18)
2026-05-04 15:16:44,505 - INFO - [render-loss] step=62800 kept 33/64 samples (t_value >= 0.50)
2026-05-04 15:18:55,130 - INFO - Step   63000 | Epoch  63 | MSE: 0.3688 | Steps/sec: 1.53 | LR: 1.57e-04 | Render_L1: 0.0323 | Alpha_L1: 0.0448 | Render_LPIPS: 0.3428 | cos(c,null): +0.3563 | GradNorm: 1.3067 | MSE/t: [0.00-0.50]0.532(n=6362) [0.50-0.85]0.218(n=5924) [0.85-0.95]0.093(n=496) [0.95-1.00]0.078(n=18)
2026-05-04 15:18:55,341 - INFO - [cond] cfg_signal=0.0771 (min=0.0553 max=0.1022, n=16) | class_signal=0.0946 (min=0.0650 max=0.1216, n=16) | pred_rms=0.6093
2026-05-04 15:19:03,585 - INFO - [validation] saved: output/jit_B8_dinov2_20260504_072306/dit_validation/epoch_063_step_0063000_class055.png (class=55, sampler=heun, steps=100)
2026-05-04 15:19:04,745 - INFO - [overrides] applied from jit/configs/overrides.yaml: lr_scale=1.0 max_grad_norm=5.0 null_repel_weight=0.0 P_mean=0.0
2026-05-04 15:19:04,844 - INFO - [render-loss] step=63000 kept 29/64 samples (t_value >= 0.50)
2026-05-04 15:21:15,512 - INFO - Step   63200 | Epoch  63 | MSE: 0.3652 | Steps/sec: 1.43 | LR: 1.57e-04 | Render_L1: 0.0322 | Alpha_L1: 0.0448 | Render_LPIPS: 0.3411 | cos(c,null): +0.3553 | GradNorm: 1.2981 | MSE/t: [0.00-0.50]0.530(n=6285) [0.50-0.85]0.216(n=5981) [0.85-0.95]0.094(n=515) [0.95-1.00]0.080(n=19)
2026-05-04 15:21:15,614 - INFO - [render-loss] step=63200 kept 27/64 samples (t_value >= 0.50)
2026-05-04 15:23:26,083 - INFO - Step   63400 | Epoch  63 | MSE: 0.3693 | Steps/sec: 1.53 | LR: 1.56e-04 | Render_L1: 0.0320 | Alpha_L1: 0.0447 | Render_LPIPS: 0.3404 | cos(c,null): +0.3494 | GradNorm: 1.3176 | MSE/t: [0.00-0.50]0.531(n=6450) [0.50-0.85]0.217(n=5796) [0.85-0.95]0.092(n=533) [0.95-1.00]0.084(n=21)
2026-05-04 15:23:26,184 - INFO - [render-loss] step=63400 kept 33/64 samples (t_value >= 0.50)
2026-05-04 15:25:36,707 - INFO - Step   63600 | Epoch  64 | MSE: 0.3699 | Steps/sec: 1.53 | LR: 1.56e-04 | Render_L1: 0.0319 | Alpha_L1: 0.0442 | Render_LPIPS: 0.3382 | cos(c,null): +0.3504 | GradNorm: 1.3276 | MSE/t: [0.00-0.50]0.533(n=6455) [0.50-0.85]0.215(n=5801) [0.85-0.95]0.090(n=522) [0.95-1.00]0.087(n=22)
2026-05-04 15:25:36,809 - INFO - [render-loss] step=63600 kept 36/64 samples (t_value >= 0.50)
2026-05-04 15:27:47,108 - INFO - Step   63800 | Epoch  64 | MSE: 0.3706 | Steps/sec: 1.53 | LR: 1.56e-04 | Render_L1: 0.0315 | Alpha_L1: 0.0448 | Render_LPIPS: 0.3396 | cos(c,null): +0.3575 | GradNorm: 1.3126 | MSE/t: [0.00-0.50]0.536(n=6433) [0.50-0.85]0.214(n=5826) [0.85-0.95]0.091(n=525) [0.95-1.00]0.090(n=16)
2026-05-04 15:27:47,210 - INFO - [render-loss] step=63800 kept 30/64 samples (t_value >= 0.50)
2026-05-04 15:29:57,308 - INFO - Step   64000 | Epoch  64 | MSE: 0.3702 | Steps/sec: 1.54 | LR: 1.56e-04 | Render_L1: 0.0325 | Alpha_L1: 0.0446 | Render_LPIPS: 0.3392 | cos(c,null): +0.3581 | GradNorm: 1.3009 | MSE/t: [0.00-0.50]0.533(n=6406) [0.50-0.85]0.217(n=5863) [0.85-0.95]0.091(n=509) [0.95-1.00]0.086(n=22)
2026-05-04 15:29:57,521 - INFO - [cond] cfg_signal=0.0746 (min=0.0587 max=0.0943, n=16) | class_signal=0.0975 (min=0.0695 max=0.1254, n=16) | pred_rms=0.6027
2026-05-04 15:30:05,637 - INFO - [validation] saved: output/jit_B8_dinov2_20260504_072306/dit_validation/epoch_064_step_0064000_class045.png (class=45, sampler=heun, steps=100)
2026-05-04 15:30:06,771 - INFO - [overrides] applied from jit/configs/overrides.yaml: lr_scale=1.0 max_grad_norm=5.0 null_repel_weight=0.0 P_mean=0.0
2026-05-04 15:30:06,868 - INFO - [render-loss] step=64000 kept 27/64 samples (t_value >= 0.50)
2026-05-04 15:32:16,557 - INFO - Step   64200 | Epoch  64 | MSE: 0.3672 | Steps/sec: 1.44 | LR: 1.55e-04 | Render_L1: 0.0319 | Alpha_L1: 0.0450 | Render_LPIPS: 0.3395 | cos(c,null): +0.3571 | GradNorm: 1.3133 | MSE/t: [0.00-0.50]0.530(n=6423) [0.50-0.85]0.214(n=5841) [0.85-0.95]0.091(n=508) [0.95-1.00]0.090(n=28)
2026-05-04 15:32:16,660 - INFO - [render-loss] step=64200 kept 33/64 samples (t_value >= 0.50)
2026-05-04 15:34:26,925 - INFO - Step   64400 | Epoch  64 | MSE: 0.3681 | Steps/sec: 1.53 | LR: 1.55e-04 | Render_L1: 0.0319 | Alpha_L1: 0.0446 | Render_LPIPS: 0.3389 | cos(c,null): +0.3554 | GradNorm: 1.2914 | MSE/t: [0.00-0.50]0.533(n=6372) [0.50-0.85]0.216(n=5835) [0.85-0.95]0.095(n=564) [0.95-1.00]0.085(n=29)
2026-05-04 15:34:27,027 - INFO - [render-loss] step=64400 kept 41/64 samples (t_value >= 0.50)
2026-05-04 15:36:37,758 - INFO - Step   64600 | Epoch  65 | MSE: 0.3658 | Steps/sec: 1.53 | LR: 1.55e-04 | Render_L1: 0.0320 | Alpha_L1: 0.0442 | Render_LPIPS: 0.3394 | cos(c,null): +0.3511 | GradNorm: 1.3096 | MSE/t: [0.00-0.50]0.531(n=6332) [0.50-0.85]0.215(n=5943) [0.85-0.95]0.092(n=507) [0.95-1.00]0.081(n=18)
2026-05-04 15:36:37,860 - INFO - [render-loss] step=64600 kept 34/64 samples (t_value >= 0.50)
2026-05-04 15:38:48,174 - INFO - Step   64800 | Epoch  65 | MSE: 0.3690 | Steps/sec: 1.53 | LR: 1.54e-04 | Render_L1: 0.0321 | Alpha_L1: 0.0446 | Render_LPIPS: 0.3393 | cos(c,null): +0.3526 | GradNorm: 1.3132 | MSE/t: [0.00-0.50]0.533(n=6369) [0.50-0.85]0.217(n=5883) [0.85-0.95]0.091(n=528) [0.95-1.00]0.079(n=20)
2026-05-04 15:38:48,276 - INFO - [render-loss] step=64800 kept 37/64 samples (t_value >= 0.50)
2026-05-04 15:40:59,812 - INFO - Step   65000 | Epoch  65 | MSE: 0.3666 | Steps/sec: 1.52 | LR: 1.54e-04 | Render_L1: 0.0325 | Alpha_L1: 0.0449 | Render_LPIPS: 0.3386 | cos(c,null): +0.3544 | GradNorm: 1.3073 | MSE/t: [0.00-0.50]0.532(n=6301) [0.50-0.85]0.216(n=5980) [0.85-0.95]0.093(n=490) [0.95-1.00]0.089(n=29)
2026-05-04 15:41:00,021 - INFO - [cond] cfg_signal=0.0750 (min=0.0535 max=0.1004, n=16) | class_signal=0.0951 (min=0.0658 max=0.1256, n=16) | pred_rms=0.6127
2026-05-04 15:41:08,188 - INFO - [validation] saved: output/jit_B8_dinov2_20260504_072306/dit_validation/epoch_065_step_0065000_class013.png (class=13, sampler=heun, steps=100)
2026-05-04 15:41:09,321 - INFO - [overrides] applied from jit/configs/overrides.yaml: lr_scale=1.0 max_grad_norm=5.0 null_repel_weight=0.0 P_mean=0.0
2026-05-04 15:41:09,418 - INFO - [render-loss] step=65000 kept 22/64 samples (t_value >= 0.50)
2026-05-04 15:43:19,614 - INFO - Step   65200 | Epoch  65 | MSE: 0.3690 | Steps/sec: 1.43 | LR: 1.54e-04 | Render_L1: 0.0315 | Alpha_L1: 0.0443 | Render_LPIPS: 0.3379 | cos(c,null): +0.3605 | GradNorm: 1.3263 | MSE/t: [0.00-0.50]0.529(n=6449) [0.50-0.85]0.216(n=5844) [0.85-0.95]0.090(n=487) [0.95-1.00]0.081(n=20)
2026-05-04 15:43:19,715 - INFO - [render-loss] step=65200 kept 26/64 samples (t_value >= 0.50)
2026-05-04 15:45:29,677 - INFO - Step   65400 | Epoch  65 | MSE: 0.3707 | Steps/sec: 1.54 | LR: 1.54e-04 | Render_L1: 0.0322 | Alpha_L1: 0.0446 | Render_LPIPS: 0.3388 | cos(c,null): +0.3622 | GradNorm: 1.3084 | MSE/t: [0.00-0.50]0.532(n=6479) [0.50-0.85]0.217(n=5752) [0.85-0.95]0.092(n=547) [0.95-1.00]0.083(n=22)
2026-05-04 15:45:29,778 - INFO - [render-loss] step=65400 kept 30/64 samples (t_value >= 0.50)
2026-05-04 15:47:40,492 - INFO - Step   65600 | Epoch  66 | MSE: 0.3715 | Steps/sec: 1.53 | LR: 1.53e-04 | Render_L1: 0.0320 | Alpha_L1: 0.0442 | Render_LPIPS: 0.3381 | cos(c,null): +0.3598 | GradNorm: 1.3062 | MSE/t: [0.00-0.50]0.533(n=6445) [0.50-0.85]0.217(n=5843) [0.85-0.95]0.093(n=489) [0.95-1.00]0.084(n=23)
2026-05-04 15:47:40,592 - INFO - [render-loss] step=65600 kept 34/64 samples (t_value >= 0.50)
2026-05-04 15:49:50,625 - INFO - Step   65800 | Epoch  66 | MSE: 0.3713 | Steps/sec: 1.54 | LR: 1.53e-04 | Render_L1: 0.0323 | Alpha_L1: 0.0438 | Render_LPIPS: 0.3378 | cos(c,null): +0.3607 | GradNorm: 1.2958 | MSE/t: [0.00-0.50]0.533(n=6500) [0.50-0.85]0.214(n=5801) [0.85-0.95]0.093(n=474) [0.95-1.00]0.081(n=25)
2026-05-04 15:49:50,727 - INFO - [render-loss] step=65800 kept 28/64 samples (t_value >= 0.50)
2026-05-04 15:52:00,580 - INFO - Step   66000 | Epoch  66 | MSE: 0.3674 | Steps/sec: 1.54 | LR: 1.53e-04 | Render_L1: 0.0321 | Alpha_L1: 0.0444 | Render_LPIPS: 0.3381 | cos(c,null): +0.3614 | GradNorm: 1.3011 | MSE/t: [0.00-0.50]0.529(n=6389) [0.50-0.85]0.216(n=5927) [0.85-0.95]0.091(n=468) [0.95-1.00]0.085(n=16)
2026-05-04 15:52:00,795 - INFO - [cond] cfg_signal=0.0802 (min=0.0604 max=0.1164, n=16) | class_signal=0.1006 (min=0.0754 max=0.1290, n=16) | pred_rms=0.5890
2026-05-04 15:52:09,121 - INFO - [validation] saved: output/jit_B8_dinov2_20260504_072306/dit_validation/epoch_066_step_0066000_class099.png (class=99, sampler=heun, steps=100)
2026-05-04 15:52:10,269 - INFO - [overrides] applied from jit/configs/overrides.yaml: lr_scale=1.0 max_grad_norm=5.0 null_repel_weight=0.0 P_mean=0.0
2026-05-04 15:52:10,366 - INFO - [render-loss] step=66000 kept 34/64 samples (t_value >= 0.50)
2026-05-04 15:54:20,674 - INFO - Step   66200 | Epoch  66 | MSE: 0.3679 | Steps/sec: 1.43 | LR: 1.53e-04 | Render_L1: 0.0321 | Alpha_L1: 0.0444 | Render_LPIPS: 0.3383 | cos(c,null): +0.3615 | GradNorm: 1.3097 | MSE/t: [0.00-0.50]0.532(n=6350) [0.50-0.85]0.218(n=5891) [0.85-0.95]0.091(n=536) [0.95-1.00]0.082(n=23)
2026-05-04 15:54:20,776 - INFO - [render-loss] step=66200 kept 39/64 samples (t_value >= 0.50)
2026-05-04 15:56:30,987 - INFO - Step   66400 | Epoch  66 | MSE: 0.3695 | Steps/sec: 1.53 | LR: 1.52e-04 | Render_L1: 0.0319 | Alpha_L1: 0.0445 | Render_LPIPS: 0.3367 | cos(c,null): +0.3574 | GradNorm: 1.3204 | MSE/t: [0.00-0.50]0.531(n=6408) [0.50-0.85]0.218(n=5869) [0.85-0.95]0.093(n=501) [0.95-1.00]0.077(n=22)
2026-05-04 15:56:31,089 - INFO - [render-loss] step=66400 kept 32/64 samples (t_value >= 0.50)
2026-05-04 15:58:41,942 - INFO - Step   66600 | Epoch  67 | MSE: 0.3700 | Steps/sec: 1.53 | LR: 1.52e-04 | Render_L1: 0.0316 | Alpha_L1: 0.0438 | Render_LPIPS: 0.3351 | cos(c,null): +0.3527 | GradNorm: 1.2981 | MSE/t: [0.00-0.50]0.536(n=6380) [0.50-0.85]0.215(n=5892) [0.85-0.95]0.092(n=509) [0.95-1.00]0.079(n=19)
2026-05-04 15:58:42,045 - INFO - [render-loss] step=66600 kept 33/64 samples (t_value >= 0.50)
2026-05-04 16:00:51,995 - INFO - Step   66800 | Epoch  67 | MSE: 0.3703 | Steps/sec: 1.54 | LR: 1.52e-04 | Render_L1: 0.0323 | Alpha_L1: 0.0447 | Render_LPIPS: 0.3364 | cos(c,null): +0.3552 | GradNorm: 1.2823 | MSE/t: [0.00-0.50]0.535(n=6389) [0.50-0.85]0.217(n=5865) [0.85-0.95]0.093(n=537) [0.95-1.00]0.097(n=9)
2026-05-04 16:00:52,097 - INFO - [render-loss] step=66800 kept 30/64 samples (t_value >= 0.50)
2026-05-04 16:03:02,543 - INFO - Step   67000 | Epoch  67 | MSE: 0.3693 | Steps/sec: 1.53 | LR: 1.52e-04 | Render_L1: 0.0318 | Alpha_L1: 0.0441 | Render_LPIPS: 0.3364 | cos(c,null): +0.3535 | GradNorm: 1.2917 | MSE/t: [0.00-0.50]0.531(n=6436) [0.50-0.85]0.215(n=5863) [0.85-0.95]0.092(n=476) [0.95-1.00]0.079(n=25)
2026-05-04 16:03:02,757 - INFO - [cond] cfg_signal=0.0766 (min=0.0567 max=0.0978, n=16) | class_signal=0.0991 (min=0.0685 max=0.1254, n=16) | pred_rms=0.5677
2026-05-04 16:03:11,004 - INFO - [validation] saved: output/jit_B8_dinov2_20260504_072306/dit_validation/epoch_067_step_0067000_class080.png (class=80, sampler=heun, steps=100)
2026-05-04 16:03:12,149 - INFO - [overrides] applied from jit/configs/overrides.yaml: lr_scale=1.0 max_grad_norm=5.0 null_repel_weight=0.0 P_mean=0.0
2026-05-04 16:03:12,247 - INFO - [render-loss] step=67000 kept 30/64 samples (t_value >= 0.50)
2026-05-04 16:05:22,009 - INFO - Step   67200 | Epoch  67 | MSE: 0.3682 | Steps/sec: 1.44 | LR: 1.51e-04 | Render_L1: 0.0319 | Alpha_L1: 0.0443 | Render_LPIPS: 0.3356 | cos(c,null): +0.3532 | GradNorm: 1.3203 | MSE/t: [0.00-0.50]0.529(n=6428) [0.50-0.85]0.216(n=5832) [0.85-0.95]0.095(n=519) [0.95-1.00]0.085(n=21)
2026-05-04 16:05:22,112 - INFO - [render-loss] step=67200 kept 30/64 samples (t_value >= 0.50)
2026-05-04 16:07:32,202 - INFO - Step   67400 | Epoch  67 | MSE: 0.3692 | Steps/sec: 1.54 | LR: 1.51e-04 | Render_L1: 0.0318 | Alpha_L1: 0.0443 | Render_LPIPS: 0.3358 | cos(c,null): +0.3559 | GradNorm: 1.3060 | MSE/t: [0.00-0.50]0.532(n=6411) [0.50-0.85]0.216(n=5883) [0.85-0.95]0.092(n=487) [0.95-1.00]0.088(n=19)
2026-05-04 16:07:32,304 - INFO - [render-loss] step=67400 kept 30/64 samples (t_value >= 0.50)
2026-05-04 16:09:42,217 - INFO - Step   67600 | Epoch  68 | MSE: 0.3741 | Steps/sec: 1.54 | LR: 1.51e-04 | Render_L1: 0.0320 | Alpha_L1: 0.0444 | Render_LPIPS: 0.3351 | cos(c,null): +0.3558 | GradNorm: 1.2868 | MSE/t: [0.00-0.50]0.535(n=6527) [0.50-0.85]0.218(n=5717) [0.85-0.95]0.095(n=532) [0.95-1.00]0.083(n=24)
2026-05-04 16:09:42,318 - INFO - [render-loss] step=67600 kept 31/64 samples (t_value >= 0.50)
2026-05-04 16:11:52,075 - INFO - Step   67800 | Epoch  68 | MSE: 0.3719 | Steps/sec: 1.54 | LR: 1.51e-04 | Render_L1: 0.0319 | Alpha_L1: 0.0445 | Render_LPIPS: 0.3352 | cos(c,null): +0.3585 | GradNorm: 1.3129 | MSE/t: [0.00-0.50]0.532(n=6480) [0.50-0.85]0.218(n=5784) [0.85-0.95]0.095(n=522) [0.95-1.00]0.086(n=14)
2026-05-04 16:11:52,177 - INFO - [render-loss] step=67800 kept 28/64 samples (t_value >= 0.50)
2026-05-04 16:14:02,328 - INFO - Step   68000 | Epoch  68 | MSE: 0.3695 | Steps/sec: 1.54 | LR: 1.50e-04 | Render_L1: 0.0317 | Alpha_L1: 0.0443 | Render_LPIPS: 0.3357 | cos(c,null): +0.3651 | GradNorm: 1.3131 | MSE/t: [0.00-0.50]0.534(n=6362) [0.50-0.85]0.217(n=5916) [0.85-0.95]0.093(n=498) [0.95-1.00]0.087(n=24)
2026-05-04 16:14:02,541 - INFO - [cond] cfg_signal=0.0786 (min=0.0595 max=0.1009, n=16) | class_signal=0.1016 (min=0.0630 max=0.1269, n=16) | pred_rms=0.6154
2026-05-04 16:14:11,122 - INFO - [validation] saved: output/jit_B8_dinov2_20260504_072306/dit_validation/epoch_068_step_0068000_class073.png (class=73, sampler=heun, steps=100)
2026-05-04 16:14:12,781 - INFO - [overrides] applied from jit/configs/overrides.yaml: lr_scale=1.0 max_grad_norm=5.0 null_repel_weight=0.0 P_mean=0.0
2026-05-04 16:14:12,877 - INFO - [render-loss] step=68000 kept 33/64 samples (t_value >= 0.50)
2026-05-04 16:16:23,053 - INFO - Step   68200 | Epoch  68 | MSE: 0.3678 | Steps/sec: 1.42 | LR: 1.50e-04 | Render_L1: 0.0312 | Alpha_L1: 0.0433 | Render_LPIPS: 0.3320 | cos(c,null): +0.3633 | GradNorm: 1.2903 | MSE/t: [0.00-0.50]0.531(n=6373) [0.50-0.85]0.216(n=5873) [0.85-0.95]0.093(n=528) [0.95-1.00]0.080(n=26)
2026-05-04 16:16:23,154 - INFO - [render-loss] step=68200 kept 32/64 samples (t_value >= 0.50)
2026-05-04 16:18:33,348 - INFO - Step   68400 | Epoch  68 | MSE: 0.3699 | Steps/sec: 1.53 | LR: 1.50e-04 | Render_L1: 0.0318 | Alpha_L1: 0.0441 | Render_LPIPS: 0.3364 | cos(c,null): +0.3637 | GradNorm: 1.3318 | MSE/t: [0.00-0.50]0.532(n=6431) [0.50-0.85]0.217(n=5848) [0.85-0.95]0.095(n=498) [0.95-1.00]0.084(n=23)
2026-05-04 16:18:33,449 - INFO - [render-loss] step=68400 kept 32/64 samples (t_value >= 0.50)
2026-05-04 16:20:43,834 - INFO - Step   68600 | Epoch  69 | MSE: 0.3719 | Steps/sec: 1.53 | LR: 1.50e-04 | Render_L1: 0.0318 | Alpha_L1: 0.0440 | Render_LPIPS: 0.3348 | cos(c,null): +0.3645 | GradNorm: 1.3007 | MSE/t: [0.00-0.50]0.533(n=6458) [0.50-0.85]0.218(n=5789) [0.85-0.95]0.095(n=529) [0.95-1.00]0.100(n=24)
2026-05-04 16:20:43,936 - INFO - [render-loss] step=68600 kept 30/64 samples (t_value >= 0.50)
2026-05-04 16:22:54,427 - INFO - Step   68800 | Epoch  69 | MSE: 0.3693 | Steps/sec: 1.53 | LR: 1.49e-04 | Render_L1: 0.0317 | Alpha_L1: 0.0435 | Render_LPIPS: 0.3324 | cos(c,null): +0.3629 | GradNorm: 1.2836 | MSE/t: [0.00-0.50]0.531(n=6420) [0.50-0.85]0.217(n=5858) [0.85-0.95]0.093(n=510) [0.95-1.00]0.086(n=12)
2026-05-04 16:22:54,529 - INFO - [render-loss] step=68800 kept 31/64 samples (t_value >= 0.50)
2026-05-04 16:25:05,222 - INFO - Step   69000 | Epoch  69 | MSE: 0.3684 | Steps/sec: 1.53 | LR: 1.49e-04 | Render_L1: 0.0315 | Alpha_L1: 0.0437 | Render_LPIPS: 0.3331 | cos(c,null): +0.3606 | GradNorm: 1.3059 | MSE/t: [0.00-0.50]0.534(n=6313) [0.50-0.85]0.218(n=5960) [0.85-0.95]0.091(n=508) [0.95-1.00]0.083(n=19)
2026-05-04 16:25:05,433 - INFO - [cond] cfg_signal=0.0802 (min=0.0507 max=0.1029, n=16) | class_signal=0.1047 (min=0.0694 max=0.1360, n=16) | pred_rms=0.5941
2026-05-04 16:25:13,699 - INFO - [validation] saved: output/jit_B8_dinov2_20260504_072306/dit_validation/epoch_069_step_0069000_class022.png (class=22, sampler=heun, steps=100)
2026-05-04 16:25:14,880 - INFO - [overrides] applied from jit/configs/overrides.yaml: lr_scale=1.0 max_grad_norm=5.0 null_repel_weight=0.0 P_mean=0.0
2026-05-04 16:25:14,977 - INFO - [render-loss] step=69000 kept 34/64 samples (t_value >= 0.50)
2026-05-04 16:27:24,779 - INFO - Step   69200 | Epoch  69 | MSE: 0.3682 | Steps/sec: 1.44 | LR: 1.49e-04 | Render_L1: 0.0318 | Alpha_L1: 0.0439 | Render_LPIPS: 0.3337 | cos(c,null): +0.3621 | GradNorm: 1.2927 | MSE/t: [0.00-0.50]0.531(n=6377) [0.50-0.85]0.216(n=5921) [0.85-0.95]0.093(n=489) [0.95-1.00]0.083(n=13)
2026-05-04 16:27:24,881 - INFO - [render-loss] step=69200 kept 33/64 samples (t_value >= 0.50)
2026-05-04 16:29:35,289 - INFO - Step   69400 | Epoch  69 | MSE: 0.3696 | Steps/sec: 1.53 | LR: 1.48e-04 | Render_L1: 0.0316 | Alpha_L1: 0.0435 | Render_LPIPS: 0.3324 | cos(c,null): +0.3567 | GradNorm: 1.2883 | MSE/t: [0.00-0.50]0.532(n=6428) [0.50-0.85]0.216(n=5845) [0.85-0.95]0.094(n=505) [0.95-1.00]0.083(n=22)
2026-05-04 16:29:35,392 - INFO - [render-loss] step=69400 kept 40/64 samples (t_value >= 0.50)
2026-05-04 16:31:46,321 - INFO - Step   69600 | Epoch  70 | MSE: 0.3672 | Steps/sec: 1.53 | LR: 1.48e-04 | Render_L1: 0.0316 | Alpha_L1: 0.0432 | Render_LPIPS: 0.3322 | cos(c,null): +0.3587 | GradNorm: 1.2950 | MSE/t: [0.00-0.50]0.529(n=6384) [0.50-0.85]0.216(n=5915) [0.85-0.95]0.094(n=484) [0.95-1.00]0.092(n=17)
2026-05-04 16:31:46,423 - INFO - [render-loss] step=69600 kept 30/64 samples (t_value >= 0.50)
2026-05-04 16:33:57,048 - INFO - Step   69800 | Epoch  70 | MSE: 0.3695 | Steps/sec: 1.53 | LR: 1.48e-04 | Render_L1: 0.0320 | Alpha_L1: 0.0441 | Render_LPIPS: 0.3324 | cos(c,null): +0.3575 | GradNorm: 1.3072 | MSE/t: [0.00-0.50]0.533(n=6404) [0.50-0.85]0.216(n=5849) [0.85-0.95]0.093(n=528) [0.95-1.00]0.078(n=19)
2026-05-04 16:33:57,151 - INFO - [render-loss] step=69800 kept 37/64 samples (t_value >= 0.50)
2026-05-04 16:36:06,889 - INFO - Step   70000 | Epoch  70 | MSE: 0.3691 | Steps/sec: 1.54 | LR: 1.48e-04 | Render_L1: 0.0321 | Alpha_L1: 0.0441 | Render_LPIPS: 0.3337 | cos(c,null): +0.3613 | GradNorm: 1.2991 | MSE/t: [0.00-0.50]0.530(n=6456) [0.50-0.85]0.215(n=5834) [0.85-0.95]0.095(n=481) [0.95-1.00]0.078(n=29)
2026-05-04 16:36:07,102 - INFO - [cond] cfg_signal=0.0777 (min=0.0531 max=0.0967, n=16) | class_signal=0.0943 (min=0.0557 max=0.1237, n=16) | pred_rms=0.5575
2026-05-04 16:36:15,400 - INFO - [validation] saved: output/jit_B8_dinov2_20260504_072306/dit_validation/epoch_070_step_0070000_class092.png (class=92, sampler=heun, steps=100)
2026-05-04 16:36:16,590 - INFO - [overrides] applied from jit/configs/overrides.yaml: lr_scale=1.0 max_grad_norm=5.0 null_repel_weight=0.0 P_mean=0.0
2026-05-04 16:36:16,688 - INFO - [render-loss] step=70000 kept 34/64 samples (t_value >= 0.50)
2026-05-04 16:38:27,764 - INFO - Step   70200 | Epoch  70 | MSE: 0.3696 | Steps/sec: 1.42 | LR: 1.47e-04 | Render_L1: 0.0320 | Alpha_L1: 0.0446 | Render_LPIPS: 0.3333 | cos(c,null): +0.3616 | GradNorm: 1.3052 | MSE/t: [0.00-0.50]0.533(n=6349) [0.50-0.85]0.219(n=5944) [0.85-0.95]0.092(n=495) [0.95-1.00]0.082(n=12)
2026-05-04 16:38:27,866 - INFO - [render-loss] step=70200 kept 31/64 samples (t_value >= 0.50)
W0504 16:39:20.280000 1418898 torch/distributed/elastic/multiprocessing/api.py:1012] Sending process 1419094 closing signal SIGTERM
W0504 16:39:20.282000 1418898 torch/distributed/elastic/multiprocessing/api.py:1012] Sending process 1419095 closing signal SIGTERM
W0504 16:39:20.282000 1418898 torch/distributed/elastic/multiprocessing/api.py:1012] Sending process 1419096 closing signal SIGTERM
E0504 16:39:20.283000 1418898 torch/distributed/elastic/multiprocessing/api.py:986] failed (exitcode: -15) local_rank: 0 (pid: 1419093) of binary: /home/hmolin/3DGen-Playground/.3dgen/bin/python3
Traceback (most recent call last):
  File "/home/hmolin/3DGen-Playground/.3dgen/bin/accelerate", line 8, in <module>
    sys.exit(main())
  File "/home/hmolin/3DGen-Playground/.3dgen/lib/python3.10/site-packages/accelerate/commands/accelerate_cli.py", line 50, in main
    args.func(args)
  File "/home/hmolin/3DGen-Playground/.3dgen/lib/python3.10/site-packages/accelerate/commands/launch.py", line 1396, in launch_command
    multi_gpu_launcher(args)
  File "/home/hmolin/3DGen-Playground/.3dgen/lib/python3.10/site-packages/accelerate/commands/launch.py", line 1023, in multi_gpu_launcher
    distrib_run.run(args)
  File "/home/hmolin/3DGen-Playground/.3dgen/lib/python3.10/site-packages/torch/distributed/run.py", line 981, in run
    elastic_launch(
  File "/home/hmolin/3DGen-Playground/.3dgen/lib/python3.10/site-packages/torch/distributed/launcher/api.py", line 170, in __call__
    return launch_agent(self._config, self._entrypoint, list(args))
  File "/home/hmolin/3DGen-Playground/.3dgen/lib/python3.10/site-packages/torch/distributed/launcher/api.py", line 317, in launch_agent
    raise ChildFailedError(
torch.distributed.elastic.multiprocessing.errors.ChildFailedError: 
=========================================================
jit/train_gsplat.py FAILED
---------------------------------------------------------
Failures:
[1]:
  time      : 2026-05-04_16:39:20
  host      : yusu-l4.c.gcp-langmotion.internal
  rank      : 1 (local_rank: 1)
  exitcode  : -15 (pid: 1419094)
  error_file: <N/A>
  traceback : Signal 15 (SIGTERM) received by PID 1419094
[2]:
  time      : 2026-05-04_16:39:20
  host      : yusu-l4.c.gcp-langmotion.internal
  rank      : 2 (local_rank: 2)
  exitcode  : -15 (pid: 1419095)
  error_file: <N/A>
  traceback : Signal 15 (SIGTERM) received by PID 1419095
[3]:
  time      : 2026-05-04_16:39:20
  host      : yusu-l4.c.gcp-langmotion.internal
  rank      : 3 (local_rank: 3)
  exitcode  : -15 (pid: 1419096)
  error_file: <N/A>
  traceback : Signal 15 (SIGTERM) received by PID 1419096
---------------------------------------------------------
Root Cause (first observed failure):
[0]:
  time      : 2026-05-04_16:39:20
  host      : yusu-l4.c.gcp-langmotion.internal
  rank      : 0 (local_rank: 0)
  exitcode  : -15 (pid: 1419093)
  error_file: <N/A>
  traceback : Signal 15 (SIGTERM) received by PID 1419093
=========================================================
