2026-05-01 23:42:15,080 - INFO - Accelerator: num_processes=4, mixed_precision=bf16, device=cuda:0
2026-05-01 23:42:15,080 - INFO - Validation sampler: heun
2026-05-01 23:42:15,499 - INFO - Loading class map from /home/hmolin/3DGen-Playground/object_labels/image_kmeans_k103/object_to_class.json
2026-05-01 23:42:15,669 - INFO - Number of classes: 103
2026-05-01 23:42:15,670 - INFO - Creating base dataset...
2026-05-01 23:42:15,670 - INFO - Loading sphere2plane permutation from /home/tiangexiang/gen3d/gaussianverse/sphere2plane.npy
2026-05-01 23:42:15,671 - INFO - Loading sphere2plane permutation from /home/tiangexiang/gen3d/gaussianverse/sphere2plane.npy
2026-05-01 23:42:15,671 - INFO - Loading sphere2plane permutation from /home/tiangexiang/gen3d/gaussianverse/sphere2plane.npy
2026-05-01 23:42:15,671 - INFO - Loading sphere2plane permutation from /home/tiangexiang/gen3d/gaussianverse/sphere2plane.npy
2026-05-01 23:42:15,672 - INFO - Loading obj list from /home/tiangexiang/gen3d/gaussianverse/all_obj_list_filtered.json
2026-05-01 23:42:15,672 - INFO - Loading obj list from /home/tiangexiang/gen3d/gaussianverse/all_obj_list_filtered.json
2026-05-01 23:42:15,672 - INFO - Loading obj list from /home/tiangexiang/gen3d/gaussianverse/all_obj_list_filtered.json
2026-05-01 23:42:15,673 - INFO - Loading obj list from /home/tiangexiang/gen3d/gaussianverse/all_obj_list_filtered.json
2026-05-01 23:42:15,905 - INFO - Loaded 254338 entries from /home/tiangexiang/gen3d/gaussianverse/all_obj_list_filtered.json
2026-05-01 23:42:15,906 - INFO - Loaded 254338 entries from /home/tiangexiang/gen3d/gaussianverse/all_obj_list_filtered.json
2026-05-01 23:42:15,906 - INFO - Loaded 254338 entries from /home/tiangexiang/gen3d/gaussianverse/all_obj_list_filtered.json
2026-05-01 23:42:15,911 - INFO - Total merged entries: 254338
2026-05-01 23:42:15,912 - INFO - Loaded 254338 entries from /home/tiangexiang/gen3d/gaussianverse/all_obj_list_filtered.json
2026-05-01 23:42:15,912 - INFO - Total merged entries: 254338
2026-05-01 23:42:15,912 - INFO - Total merged entries: 254338
2026-05-01 23:42:15,918 - INFO - Total merged entries: 254338
2026-05-01 23:42:15,970 - INFO - Excluded 726 of 254338 keys via /home/hmolin/3DGen-Playground/data/outlier_keys_8sigma.json
2026-05-01 23:42:15,970 - INFO - Excluded 726 of 254338 keys via /home/hmolin/3DGen-Playground/data/outlier_keys_8sigma.json
2026-05-01 23:42:15,970 - INFO - Excluded 726 of 254338 keys via /home/hmolin/3DGen-Playground/data/outlier_keys_8sigma.json
2026-05-01 23:42:15,971 - INFO - Excluded 726 of 254338 keys via /home/hmolin/3DGen-Playground/data/outlier_keys_8sigma.json
2026-05-01 23:42:15,974 - INFO - Loading normalization statistics from /home/hmolin/3DGen-Playground/data/stats/all_mean_postfix.pt and /home/hmolin/3DGen-Playground/data/stats/all_std_postfix.pt
2026-05-01 23:42:15,974 - INFO - Loading normalization statistics from /home/hmolin/3DGen-Playground/data/stats/all_mean_postfix.pt and /home/hmolin/3DGen-Playground/data/stats/all_std_postfix.pt
2026-05-01 23:42:15,974 - INFO - Loading normalization statistics from /home/hmolin/3DGen-Playground/data/stats/all_mean_postfix.pt and /home/hmolin/3DGen-Playground/data/stats/all_std_postfix.pt
2026-05-01 23:42:15,975 - INFO - Loading normalization statistics from /home/hmolin/3DGen-Playground/data/stats/all_mean_postfix.pt and /home/hmolin/3DGen-Playground/data/stats/all_std_postfix.pt
2026-05-01 23:42:15,992 - INFO - Initialized dataset with 253612 samples
2026-05-01 23:42:15,992 - INFO - Initialized dataset with 253612 samples
2026-05-01 23:42:15,992 - INFO - Initialized dataset with 253612 samples
2026-05-01 23:42:15,992 - INFO - Initialized dataset with 253612 samples
2026-05-01 23:42:15,994 - INFO - sh_degree0_only: selecting 14 features from 59
2026-05-01 23:42:16,053 - INFO - Loaded sphere2plane permutation: 16384 points
2026-05-01 23:42:16,291 - INFO - Class3DGenDataset: 253611 valid samples, 1 skipped (class -1 or missing)
2026-05-01 23:42:16,295 - INFO - Class3DGenDataset: 253611 valid samples, 1 skipped (class -1 or missing)
2026-05-01 23:42:16,297 - INFO - Class3DGenDataset: 253611 valid samples, 1 skipped (class -1 or missing)
2026-05-01 23:42:16,306 - INFO - Class3DGenDataset: 253611 valid samples, 1 skipped (class -1 or missing)
2026-05-01 23:42:16,597 - INFO - Initializing lazy class-conditioned CPU cache at /home/hmolin/3dgen_cache/preload/cf3e52f52e4196d6c992dbc1b245635a
2026-05-01 23:42:16,813 - INFO - Initialized lazy shared CPU cache in 0.2s (dtype=bfloat16, reserved tensor storage 108.35 GiB)
2026-05-01 23:42:16,901 - INFO - Attached to existing lazy shared CPU cache: /home/hmolin/3dgen_cache/preload/cf3e52f52e4196d6c992dbc1b245635a
2026-05-01 23:42:16,945 - INFO - Attached to existing lazy shared CPU cache: /home/hmolin/3dgen_cache/preload/cf3e52f52e4196d6c992dbc1b245635a
2026-05-01 23:42:16,965 - INFO - [class-balanced] sampling with inverse-frequency weights over 103 classes (min=791, max=4749, mean=2462.2 samples/class)
2026-05-01 23:42:16,965 - INFO - Dataset size: 253611, Per-GPU batch size: 64
2026-05-01 23:42:16,966 - INFO - Creating model: JiT-B/8
2026-05-01 23:42:16,988 - INFO - Attached to existing lazy shared CPU cache: /home/hmolin/3dgen_cache/preload/cf3e52f52e4196d6c992dbc1b245635a
2026-05-01 23:42:18,664 - INFO - [patch-embed] single-conv (in_chans→embed_dim, no rank reduction below embed_dim)
2026-05-01 23:42:18,664 - INFO - JiT spatial folding: disabled (factor=1)
2026-05-01 23:42:18,665 - INFO - Model parameters: 131,196,800 (131.2M)
2026-05-01 23:42:18,990 - INFO - [layout] converted 1 Conv2d weights to channels_last
2026-05-01 23:42:18,990 - INFO - torch.compile: enabled (mode=default)
2026-05-01 23:42:21,312 - INFO - Diffusion timesteps: 1000, predict=x0, schedule=squaredcos_cap_v2
2026-05-01 23:42:21,313 - INFO - Training mode: DDPM (sampler=heun), timestep sampling: sigmoid(N(0.000, 1.000)) mapped to discrete steps [0, 999]
2026-05-01 23:42:21,755 - INFO - LR schedule: cosine | warmup=500 opt steps | max_opt_steps=198000 | lr_min=1e-05
2026-05-01 23:42:21,984 - INFO - Loaded 52 reference cameras from /home/hmolin/3DGen-Playground/artifacts/ref_camera.tar.gz
/home/hmolin/3DGen-Playground/.3dgen/lib/python3.10/site-packages/torchvision/models/_utils.py:208: UserWarning: The parameter 'pretrained' is deprecated since 0.13 and may be removed in the future, please use 'weights' instead.
  warnings.warn(
/home/hmolin/3DGen-Playground/.3dgen/lib/python3.10/site-packages/torchvision/models/_utils.py:208: UserWarning: The parameter 'pretrained' is deprecated since 0.13 and may be removed in the future, please use 'weights' instead.
  warnings.warn(
/home/hmolin/3DGen-Playground/.3dgen/lib/python3.10/site-packages/torchvision/models/_utils.py:208: UserWarning: The parameter 'pretrained' is deprecated since 0.13 and may be removed in the future, please use 'weights' instead.
  warnings.warn(
/home/hmolin/3DGen-Playground/.3dgen/lib/python3.10/site-packages/torchvision/models/_utils.py:208: UserWarning: The parameter 'pretrained' is deprecated since 0.13 and may be removed in the future, please use 'weights' instead.
  warnings.warn(
/home/hmolin/3DGen-Playground/.3dgen/lib/python3.10/site-packages/torchvision/models/_utils.py:223: UserWarning: Arguments other than a weight enum or `None` for 'weights' are deprecated since 0.13 and may be removed in the future. The current behavior is equivalent to passing `weights=VGG16_Weights.IMAGENET1K_V1`. You can also use `weights=VGG16_Weights.DEFAULT` to get the most up-to-date weights.
  warnings.warn(msg)
/home/hmolin/3DGen-Playground/.3dgen/lib/python3.10/site-packages/torchvision/models/_utils.py:223: UserWarning: Arguments other than a weight enum or `None` for 'weights' are deprecated since 0.13 and may be removed in the future. The current behavior is equivalent to passing `weights=VGG16_Weights.IMAGENET1K_V1`. You can also use `weights=VGG16_Weights.DEFAULT` to get the most up-to-date weights.
  warnings.warn(msg)
/home/hmolin/3DGen-Playground/.3dgen/lib/python3.10/site-packages/torchvision/models/_utils.py:223: UserWarning: Arguments other than a weight enum or `None` for 'weights' are deprecated since 0.13 and may be removed in the future. The current behavior is equivalent to passing `weights=VGG16_Weights.IMAGENET1K_V1`. You can also use `weights=VGG16_Weights.DEFAULT` to get the most up-to-date weights.
  warnings.warn(msg)
/home/hmolin/3DGen-Playground/.3dgen/lib/python3.10/site-packages/torchvision/models/_utils.py:223: UserWarning: Arguments other than a weight enum or `None` for 'weights' are deprecated since 0.13 and may be removed in the future. The current behavior is equivalent to passing `weights=VGG16_Weights.IMAGENET1K_V1`. You can also use `weights=VGG16_Weights.DEFAULT` to get the most up-to-date weights.
  warnings.warn(msg)
2026-05-01 23:42:25,532 - INFO - Starting training from epoch 0, step 0...
2026-05-01 23:42:25,532 - INFO - [render_weight_schedule] active with 2 control points: (20000, rl1=0.000, a=0.000, lp=0.0000), (60000, rl1=0.600, a=0.300, lp=0.1000) | initial weights at step 0: rl1=0.0000, alpha=0.0000, lpips=0.0000
2026-05-01 23:46:19,051 - INFO - Step     200 | Epoch   0 | MSE: 0.7825 | Steps/sec: 0.86 | LR: 8.00e-05 | cos(c,null): +0.0048 | GradNorm: 0.1432 | MSE/t: [0.00-0.50]0.817(n=6413) [0.50-0.85]0.750(n=5851) [0.85-0.95]0.719(n=515) [0.95-1.00]0.704(n=21)
2026-05-01 23:48:56,308 - INFO - Step     400 | Epoch   0 | MSE: 0.4087 | Steps/sec: 1.27 | LR: 1.60e-04 | cos(c,null): +0.0073 | GradNorm: 0.2358 | MSE/t: [0.00-0.50]0.593(n=6256) [0.50-0.85]0.245(n=5980) [0.85-0.95]0.100(n=543) [0.95-1.00]0.074(n=21)
2026-05-01 23:51:05,160 - INFO - Step     600 | Epoch   0 | MSE: 0.3763 | Steps/sec: 1.55 | LR: 2.00e-04 | cos(c,null): +0.0065 | GradNorm: 0.1463 | MSE/t: [0.00-0.50]0.570(n=6388) [0.50-0.85]0.196(n=5898) [0.85-0.95]0.045(n=500) [0.95-1.00]0.030(n=14)
2026-05-01 23:52:53,344 - INFO - Step     800 | Epoch   0 | MSE: 0.3685 | Steps/sec: 1.85 | LR: 2.00e-04 | cos(c,null): +0.0058 | GradNorm: 0.1052 | MSE/t: [0.00-0.50]0.562(n=6360) [0.50-0.85]0.191(n=5889) [0.85-0.95]0.038(n=526) [0.95-1.00]0.033(n=25)
2026-05-01 23:54:27,001 - INFO - Step    1000 | Epoch   1 | MSE: 0.3652 | Steps/sec: 2.14 | LR: 2.00e-04 | cos(c,null): +0.0052 | GradNorm: 0.0929 | MSE/t: [0.00-0.50]0.555(n=6377) [0.50-0.85]0.189(n=5906) [0.85-0.95]0.036(n=502) [0.95-1.00]0.021(n=15)
2026-05-01 23:54:33,156 - INFO - [cond] cfg_signal=0.0186 (min=0.0082 max=0.0374, n=16) | class_signal=0.0272 (min=0.0072 max=0.0566, n=16) | pred_rms=0.6078
2026-05-01 23:54:42,554 - INFO - [validation] saved: output/jit_B8_postfix_20260501_234201/dit_validation/epoch_001_step_0001000_class049.png (class=49, sampler=heun, steps=100)
2026-05-01 23:56:08,591 - INFO - Step    1200 | Epoch   1 | MSE: 0.3590 | Steps/sec: 2.10 | LR: 2.00e-04 | cos(c,null): +0.0047 | GradNorm: 0.0781 | MSE/t: [0.00-0.50]0.555(n=6237) [0.50-0.85]0.186(n=6014) [0.85-0.95]0.034(n=525) [0.95-1.00]0.021(n=24)
2026-05-01 23:57:33,543 - INFO - Step    1400 | Epoch   1 | MSE: 0.3593 | Steps/sec: 2.35 | LR: 2.00e-04 | cos(c,null): +0.0043 | GradNorm: 0.0734 | MSE/t: [0.00-0.50]0.549(n=6391) [0.50-0.85]0.183(n=5860) [0.85-0.95]0.033(n=533) [0.95-1.00]0.023(n=16)
2026-05-01 23:58:58,423 - INFO - Step    1600 | Epoch   1 | MSE: 0.3588 | Steps/sec: 2.36 | LR: 2.00e-04 | cos(c,null): +0.0039 | GradNorm: 0.0721 | MSE/t: [0.00-0.50]0.549(n=6388) [0.50-0.85]0.183(n=5817) [0.85-0.95]0.033(n=575) [0.95-1.00]0.020(n=20)
2026-05-02 00:00:23,310 - INFO - Step    1800 | Epoch   1 | MSE: 0.3579 | Steps/sec: 2.36 | LR: 2.00e-04 | cos(c,null): +0.0035 | GradNorm: 0.0631 | MSE/t: [0.00-0.50]0.543(n=6471) [0.50-0.85]0.181(n=5779) [0.85-0.95]0.031(n=530) [0.95-1.00]0.025(n=20)
2026-05-02 00:01:49,051 - INFO - Step    2000 | Epoch   2 | MSE: 0.3563 | Steps/sec: 2.33 | LR: 2.00e-04 | cos(c,null): +0.0030 | GradNorm: 0.0608 | MSE/t: [0.00-0.50]0.545(n=6405) [0.50-0.85]0.179(n=5881) [0.85-0.95]0.031(n=497) [0.95-1.00]0.022(n=17)
2026-05-02 00:01:49,283 - INFO - [cond] cfg_signal=0.0286 (min=0.0157 max=0.0475, n=16) | class_signal=0.0332 (min=0.0090 max=0.0738, n=16) | pred_rms=0.7713
2026-05-02 00:01:57,733 - INFO - [validation] saved: output/jit_B8_postfix_20260501_234201/dit_validation/epoch_002_step_0002000_class053.png (class=53, sampler=heun, steps=100)
2026-05-02 00:03:23,751 - INFO - Step    2200 | Epoch   2 | MSE: 0.3505 | Steps/sec: 2.12 | LR: 2.00e-04 | cos(c,null): +0.0027 | GradNorm: 0.0613 | MSE/t: [0.00-0.50]0.537(n=6375) [0.50-0.85]0.177(n=5914) [0.85-0.95]0.031(n=491) [0.95-1.00]0.023(n=20)
2026-05-02 00:04:48,596 - INFO - Step    2400 | Epoch   2 | MSE: 0.3510 | Steps/sec: 2.36 | LR: 2.00e-04 | cos(c,null): +0.0024 | GradNorm: 0.0576 | MSE/t: [0.00-0.50]0.539(n=6373) [0.50-0.85]0.177(n=5900) [0.85-0.95]0.030(n=509) [0.95-1.00]0.020(n=18)
2026-05-02 00:06:13,404 - INFO - Step    2600 | Epoch   2 | MSE: 0.3501 | Steps/sec: 2.36 | LR: 2.00e-04 | cos(c,null): +0.0023 | GradNorm: 0.0498 | MSE/t: [0.00-0.50]0.537(n=6425) [0.50-0.85]0.173(n=5844) [0.85-0.95]0.031(n=509) [0.95-1.00]0.022(n=22)
2026-05-02 00:07:38,188 - INFO - Step    2800 | Epoch   2 | MSE: 0.3501 | Steps/sec: 2.36 | LR: 2.00e-04 | cos(c,null): +0.0020 | GradNorm: 0.0489 | MSE/t: [0.00-0.50]0.535(n=6458) [0.50-0.85]0.174(n=5805) [0.85-0.95]0.030(n=514) [0.95-1.00]0.020(n=23)
2026-05-02 00:09:03,555 - INFO - Step    3000 | Epoch   3 | MSE: 0.3438 | Steps/sec: 2.34 | LR: 2.00e-04 | cos(c,null): +0.0020 | GradNorm: 0.0448 | MSE/t: [0.00-0.50]0.531(n=6343) [0.50-0.85]0.171(n=5926) [0.85-0.95]0.030(n=513) [0.95-1.00]0.023(n=18)
2026-05-02 00:09:03,783 - INFO - [cond] cfg_signal=0.0247 (min=0.0142 max=0.0386, n=16) | class_signal=0.0272 (min=0.0089 max=0.0507, n=16) | pred_rms=0.7509
2026-05-02 00:09:12,309 - INFO - [validation] saved: output/jit_B8_postfix_20260501_234201/dit_validation/epoch_003_step_0003000_class033.png (class=33, sampler=heun, steps=100)
2026-05-02 00:10:37,771 - INFO - Step    3200 | Epoch   3 | MSE: 0.3411 | Steps/sec: 2.13 | LR: 2.00e-04 | cos(c,null): +0.0020 | GradNorm: 0.0453 | MSE/t: [0.00-0.50]0.528(n=6359) [0.50-0.85]0.168(n=5899) [0.85-0.95]0.031(n=521) [0.95-1.00]0.020(n=21)
2026-05-02 00:12:02,500 - INFO - Step    3400 | Epoch   3 | MSE: 0.3408 | Steps/sec: 2.36 | LR: 2.00e-04 | cos(c,null): +0.0022 | GradNorm: 0.0430 | MSE/t: [0.00-0.50]0.530(n=6305) [0.50-0.85]0.170(n=5941) [0.85-0.95]0.028(n=539) [0.95-1.00]0.026(n=15)
2026-05-02 00:13:27,279 - INFO - Step    3600 | Epoch   3 | MSE: 0.3379 | Steps/sec: 2.36 | LR: 2.00e-04 | cos(c,null): +0.0024 | GradNorm: 0.0406 | MSE/t: [0.00-0.50]0.520(n=6386) [0.50-0.85]0.168(n=5889) [0.85-0.95]0.029(n=505) [0.95-1.00]0.017(n=20)
2026-05-02 00:14:51,991 - INFO - Step    3800 | Epoch   3 | MSE: 0.3392 | Steps/sec: 2.36 | LR: 2.00e-04 | cos(c,null): +0.0025 | GradNorm: 0.0429 | MSE/t: [0.00-0.50]0.526(n=6394) [0.50-0.85]0.165(n=5860) [0.85-0.95]0.029(n=525) [0.95-1.00]0.021(n=21)
2026-05-02 00:16:17,174 - INFO - Step    4000 | Epoch   4 | MSE: 0.3355 | Steps/sec: 2.35 | LR: 2.00e-04 | cos(c,null): +0.0028 | GradNorm: 0.0406 | MSE/t: [0.00-0.50]0.524(n=6283) [0.50-0.85]0.166(n=5967) [0.85-0.95]0.029(n=524) [0.95-1.00]0.019(n=26)
2026-05-02 00:16:17,388 - INFO - [cond] cfg_signal=0.0277 (min=0.0145 max=0.0516, n=16) | class_signal=0.0320 (min=0.0100 max=0.0735, n=16) | pred_rms=0.7514
2026-05-02 00:16:25,660 - INFO - [validation] saved: output/jit_B8_postfix_20260501_234201/dit_validation/epoch_004_step_0004000_class062.png (class=62, sampler=heun, steps=100)
2026-05-02 00:17:51,126 - INFO - Step    4200 | Epoch   4 | MSE: 0.3406 | Steps/sec: 2.13 | LR: 2.00e-04 | cos(c,null): +0.0031 | GradNorm: 0.0347 | MSE/t: [0.00-0.50]0.526(n=6413) [0.50-0.85]0.165(n=5870) [0.85-0.95]0.030(n=497) [0.95-1.00]0.020(n=20)
2026-05-02 00:19:15,876 - INFO - Step    4400 | Epoch   4 | MSE: 0.3384 | Steps/sec: 2.36 | LR: 2.00e-04 | cos(c,null): +0.0032 | GradNorm: 0.0339 | MSE/t: [0.00-0.50]0.521(n=6438) [0.50-0.85]0.165(n=5831) [0.85-0.95]0.029(n=510) [0.95-1.00]0.016(n=21)
2026-05-02 00:20:40,592 - INFO - Step    4600 | Epoch   4 | MSE: 0.3331 | Steps/sec: 2.36 | LR: 2.00e-04 | cos(c,null): +0.0036 | GradNorm: 0.0350 | MSE/t: [0.00-0.50]0.524(n=6262) [0.50-0.85]0.163(n=5953) [0.85-0.95]0.028(n=566) [0.95-1.00]0.019(n=19)
2026-05-02 00:22:05,306 - INFO - Step    4800 | Epoch   4 | MSE: 0.3383 | Steps/sec: 2.36 | LR: 2.00e-04 | cos(c,null): +0.0037 | GradNorm: 0.0323 | MSE/t: [0.00-0.50]0.527(n=6321) [0.50-0.85]0.165(n=5983) [0.85-0.95]0.029(n=478) [0.95-1.00]0.017(n=18)
2026-05-02 00:23:30,373 - INFO - Step    5000 | Epoch   5 | MSE: 0.3378 | Steps/sec: 2.35 | LR: 2.00e-04 | cos(c,null): +0.0039 | GradNorm: 0.0328 | MSE/t: [0.00-0.50]0.524(n=6413) [0.50-0.85]0.162(n=5844) [0.85-0.95]0.028(n=522) [0.95-1.00]0.018(n=21)
2026-05-02 00:23:30,586 - INFO - [cond] cfg_signal=0.0363 (min=0.0179 max=0.0711, n=16) | class_signal=0.0451 (min=0.0165 max=0.1086, n=16) | pred_rms=0.7515
2026-05-02 00:23:38,906 - INFO - [validation] saved: output/jit_B8_postfix_20260501_234201/dit_validation/epoch_005_step_0005000_class100.png (class=100, sampler=heun, steps=100)
2026-05-02 00:25:04,367 - INFO - Step    5200 | Epoch   5 | MSE: 0.3391 | Steps/sec: 2.13 | LR: 2.00e-04 | cos(c,null): +0.0043 | GradNorm: 0.0298 | MSE/t: [0.00-0.50]0.523(n=6425) [0.50-0.85]0.164(n=5869) [0.85-0.95]0.028(n=481) [0.95-1.00]0.017(n=25)
2026-05-02 00:26:29,049 - INFO - Step    5400 | Epoch   5 | MSE: 0.3363 | Steps/sec: 2.36 | LR: 2.00e-04 | cos(c,null): +0.0045 | GradNorm: 0.0286 | MSE/t: [0.00-0.50]0.523(n=6365) [0.50-0.85]0.163(n=5910) [0.85-0.95]0.028(n=500) [0.95-1.00]0.019(n=25)
2026-05-02 00:27:53,682 - INFO - Step    5600 | Epoch   5 | MSE: 0.3351 | Steps/sec: 2.36 | LR: 2.00e-04 | cos(c,null): +0.0048 | GradNorm: 0.0294 | MSE/t: [0.00-0.50]0.523(n=6301) [0.50-0.85]0.163(n=6006) [0.85-0.95]0.027(n=474) [0.95-1.00]0.017(n=19)
2026-05-02 00:29:18,382 - INFO - Step    5800 | Epoch   5 | MSE: 0.3342 | Steps/sec: 2.36 | LR: 2.00e-04 | cos(c,null): +0.0052 | GradNorm: 0.0291 | MSE/t: [0.00-0.50]0.518(n=6376) [0.50-0.85]0.163(n=5892) [0.85-0.95]0.028(n=522) [0.95-1.00]0.012(n=10)
2026-05-02 00:30:43,198 - INFO - Step    6000 | Epoch   6 | MSE: 0.3363 | Steps/sec: 2.36 | LR: 2.00e-04 | cos(c,null): +0.0055 | GradNorm: 0.0290 | MSE/t: [0.00-0.50]0.520(n=6392) [0.50-0.85]0.163(n=5906) [0.85-0.95]0.028(n=482) [0.95-1.00]0.015(n=20)
2026-05-02 00:30:43,412 - INFO - [cond] cfg_signal=0.0404 (min=0.0201 max=0.0712, n=16) | class_signal=0.0479 (min=0.0142 max=0.1133, n=16) | pred_rms=0.7330
2026-05-02 00:30:51,650 - INFO - [validation] saved: output/jit_B8_postfix_20260501_234201/dit_validation/epoch_006_step_0006000_class061.png (class=61, sampler=heun, steps=100)
2026-05-02 00:32:17,069 - INFO - Step    6200 | Epoch   6 | MSE: 0.3340 | Steps/sec: 2.14 | LR: 2.00e-04 | cos(c,null): +0.0059 | GradNorm: 0.0255 | MSE/t: [0.00-0.50]0.521(n=6334) [0.50-0.85]0.162(n=5941) [0.85-0.95]0.026(n=504) [0.95-1.00]0.018(n=21)
2026-05-02 00:33:41,699 - INFO - Step    6400 | Epoch   6 | MSE: 0.3345 | Steps/sec: 2.36 | LR: 2.00e-04 | cos(c,null): +0.0061 | GradNorm: 0.0278 | MSE/t: [0.00-0.50]0.519(n=6393) [0.50-0.85]0.161(n=5885) [0.85-0.95]0.026(n=499) [0.95-1.00]0.015(n=23)
2026-05-02 00:35:06,297 - INFO - Step    6600 | Epoch   6 | MSE: 0.3346 | Steps/sec: 2.36 | LR: 2.00e-04 | cos(c,null): +0.0066 | GradNorm: 0.0248 | MSE/t: [0.00-0.50]0.520(n=6405) [0.50-0.85]0.159(n=5888) [0.85-0.95]0.027(n=492) [0.95-1.00]0.014(n=15)
2026-05-02 00:36:30,872 - INFO - Step    6800 | Epoch   6 | MSE: 0.3321 | Steps/sec: 2.36 | LR: 2.00e-04 | cos(c,null): +0.0070 | GradNorm: 0.0238 | MSE/t: [0.00-0.50]0.521(n=6314) [0.50-0.85]0.159(n=5935) [0.85-0.95]0.026(n=532) [0.95-1.00]0.012(n=19)
2026-05-02 00:37:55,704 - INFO - Step    7000 | Epoch   7 | MSE: 0.3351 | Steps/sec: 2.36 | LR: 1.99e-04 | cos(c,null): +0.0075 | GradNorm: 0.0252 | MSE/t: [0.00-0.50]0.522(n=6397) [0.50-0.85]0.160(n=5839) [0.85-0.95]0.026(n=548) [0.95-1.00]0.014(n=16)
2026-05-02 00:37:55,916 - INFO - [cond] cfg_signal=0.0415 (min=0.0217 max=0.0605, n=16) | class_signal=0.0493 (min=0.0191 max=0.1073, n=16) | pred_rms=0.7504
2026-05-02 00:38:04,162 - INFO - [validation] saved: output/jit_B8_postfix_20260501_234201/dit_validation/epoch_007_step_0007000_class074.png (class=74, sampler=heun, steps=100)
2026-05-02 00:39:29,494 - INFO - Step    7200 | Epoch   7 | MSE: 0.3327 | Steps/sec: 2.14 | LR: 1.99e-04 | cos(c,null): +0.0079 | GradNorm: 0.0268 | MSE/t: [0.00-0.50]0.517(n=6386) [0.50-0.85]0.160(n=5877) [0.85-0.95]0.026(n=527) [0.95-1.00]0.016(n=10)
2026-05-02 00:40:54,085 - INFO - Step    7400 | Epoch   7 | MSE: 0.3319 | Steps/sec: 2.36 | LR: 1.99e-04 | cos(c,null): +0.0086 | GradNorm: 0.0253 | MSE/t: [0.00-0.50]0.521(n=6322) [0.50-0.85]0.158(n=5951) [0.85-0.95]0.026(n=511) [0.95-1.00]0.022(n=16)
2026-05-02 00:42:18,639 - INFO - Step    7600 | Epoch   7 | MSE: 0.3334 | Steps/sec: 2.37 | LR: 1.99e-04 | cos(c,null): +0.0091 | GradNorm: 0.0234 | MSE/t: [0.00-0.50]0.517(n=6448) [0.50-0.85]0.158(n=5814) [0.85-0.95]0.026(n=516) [0.95-1.00]0.013(n=22)
2026-05-02 00:43:43,192 - INFO - Step    7800 | Epoch   7 | MSE: 0.3314 | Steps/sec: 2.37 | LR: 1.99e-04 | cos(c,null): +0.0095 | GradNorm: 0.0236 | MSE/t: [0.00-0.50]0.518(n=6350) [0.50-0.85]0.158(n=5924) [0.85-0.95]0.027(n=498) [0.95-1.00]0.015(n=28)
2026-05-02 00:45:08,003 - INFO - Step    8000 | Epoch   8 | MSE: 0.3297 | Steps/sec: 2.36 | LR: 1.99e-04 | cos(c,null): +0.0102 | GradNorm: 0.0235 | MSE/t: [0.00-0.50]0.518(n=6329) [0.50-0.85]0.158(n=5900) [0.85-0.95]0.025(n=553) [0.95-1.00]0.013(n=18)
2026-05-02 00:45:08,218 - INFO - [cond] cfg_signal=0.0472 (min=0.0279 max=0.0671, n=16) | class_signal=0.0538 (min=0.0231 max=0.1137, n=16) | pred_rms=0.7862
2026-05-02 00:45:16,578 - INFO - [validation] saved: output/jit_B8_postfix_20260501_234201/dit_validation/epoch_008_step_0008000_class064.png (class=64, sampler=heun, steps=100)
2026-05-02 00:46:41,854 - INFO - Step    8200 | Epoch   8 | MSE: 0.3341 | Steps/sec: 2.14 | LR: 1.99e-04 | cos(c,null): +0.0107 | GradNorm: 0.0245 | MSE/t: [0.00-0.50]0.520(n=6464) [0.50-0.85]0.156(n=5813) [0.85-0.95]0.024(n=505) [0.95-1.00]0.013(n=18)
2026-05-02 00:48:06,347 - INFO - Step    8400 | Epoch   8 | MSE: 0.3308 | Steps/sec: 2.37 | LR: 1.99e-04 | cos(c,null): +0.0115 | GradNorm: 0.0236 | MSE/t: [0.00-0.50]0.520(n=6359) [0.50-0.85]0.154(n=5919) [0.85-0.95]0.025(n=500) [0.95-1.00]0.013(n=22)
2026-05-02 00:49:30,880 - INFO - Step    8600 | Epoch   8 | MSE: 0.3308 | Steps/sec: 2.37 | LR: 1.99e-04 | cos(c,null): +0.0119 | GradNorm: 0.0215 | MSE/t: [0.00-0.50]0.516(n=6399) [0.50-0.85]0.155(n=5899) [0.85-0.95]0.026(n=487) [0.95-1.00]0.014(n=15)
2026-05-02 00:50:55,395 - INFO - Step    8800 | Epoch   8 | MSE: 0.3302 | Steps/sec: 2.37 | LR: 1.99e-04 | cos(c,null): +0.0125 | GradNorm: 0.0233 | MSE/t: [0.00-0.50]0.518(n=6387) [0.50-0.85]0.154(n=5872) [0.85-0.95]0.025(n=517) [0.95-1.00]0.015(n=24)
2026-05-02 00:52:20,164 - INFO - Step    9000 | Epoch   9 | MSE: 0.3309 | Steps/sec: 2.36 | LR: 1.99e-04 | cos(c,null): +0.0132 | GradNorm: 0.0229 | MSE/t: [0.00-0.50]0.517(n=6456) [0.50-0.85]0.154(n=5766) [0.85-0.95]0.025(n=544) [0.95-1.00]0.013(n=34)
2026-05-02 00:52:20,379 - INFO - [cond] cfg_signal=0.0536 (min=0.0278 max=0.0824, n=16) | class_signal=0.0566 (min=0.0227 max=0.1036, n=16) | pred_rms=0.8478
2026-05-02 00:52:28,686 - INFO - [validation] saved: output/jit_B8_postfix_20260501_234201/dit_validation/epoch_009_step_0009000_class036.png (class=36, sampler=heun, steps=100)
2026-05-02 00:53:53,847 - INFO - Step    9200 | Epoch   9 | MSE: 0.3275 | Steps/sec: 2.14 | LR: 1.99e-04 | cos(c,null): +0.0138 | GradNorm: 0.0215 | MSE/t: [0.00-0.50]0.514(n=6376) [0.50-0.85]0.153(n=5894) [0.85-0.95]0.025(n=511) [0.95-1.00]0.018(n=19)
2026-05-02 00:55:18,308 - INFO - Step    9400 | Epoch   9 | MSE: 0.3263 | Steps/sec: 2.37 | LR: 1.99e-04 | cos(c,null): +0.0144 | GradNorm: 0.0234 | MSE/t: [0.00-0.50]0.513(n=6381) [0.50-0.85]0.151(n=5893) [0.85-0.95]0.024(n=510) [0.95-1.00]0.013(n=16)
2026-05-02 00:56:42,708 - INFO - Step    9600 | Epoch   9 | MSE: 0.3314 | Steps/sec: 2.37 | LR: 1.99e-04 | cos(c,null): +0.0169 | GradNorm: 0.0293 | MSE/t: [0.00-0.50]0.520(n=6386) [0.50-0.85]0.154(n=5880) [0.85-0.95]0.026(n=516) [0.95-1.00]0.014(n=18)
2026-05-02 00:58:07,154 - INFO - Step    9800 | Epoch   9 | MSE: 0.3259 | Steps/sec: 2.37 | LR: 1.99e-04 | cos(c,null): +0.0175 | GradNorm: 0.0213 | MSE/t: [0.00-0.50]0.515(n=6332) [0.50-0.85]0.151(n=5947) [0.85-0.95]0.024(n=497) [0.95-1.00]0.013(n=24)
2026-05-02 00:59:31,893 - INFO - Step   10000 | Epoch  10 | MSE: 0.3277 | Steps/sec: 2.36 | LR: 1.99e-04 | cos(c,null): +0.0174 | GradNorm: 0.0218 | MSE/t: [0.00-0.50]0.515(n=6360) [0.50-0.85]0.154(n=5898) [0.85-0.95]0.024(n=519) [0.95-1.00]0.013(n=23)
2026-05-02 00:59:32,107 - INFO - [cond] cfg_signal=0.0500 (min=0.0266 max=0.0865, n=16) | class_signal=0.0574 (min=0.0256 max=0.1086, n=16) | pred_rms=0.7226
2026-05-02 00:59:40,408 - INFO - [validation] saved: output/jit_B8_postfix_20260501_234201/dit_validation/epoch_010_step_0010000_class096.png (class=96, sampler=heun, steps=100)
2026-05-02 01:01:05,680 - INFO - Step   10200 | Epoch  10 | MSE: 0.3288 | Steps/sec: 2.14 | LR: 1.99e-04 | cos(c,null): +0.0178 | GradNorm: 0.0209 | MSE/t: [0.00-0.50]0.513(n=6465) [0.50-0.85]0.152(n=5772) [0.85-0.95]0.024(n=536) [0.95-1.00]0.017(n=27)
2026-05-02 01:02:30,125 - INFO - Step   10400 | Epoch  10 | MSE: 0.3245 | Steps/sec: 2.37 | LR: 1.99e-04 | cos(c,null): +0.0183 | GradNorm: 0.0207 | MSE/t: [0.00-0.50]0.513(n=6345) [0.50-0.85]0.150(n=5913) [0.85-0.95]0.024(n=518) [0.95-1.00]0.012(n=24)
2026-05-02 01:03:54,527 - INFO - Step   10600 | Epoch  10 | MSE: 0.3239 | Steps/sec: 2.37 | LR: 1.99e-04 | cos(c,null): +0.0185 | GradNorm: 0.0212 | MSE/t: [0.00-0.50]0.514(n=6305) [0.50-0.85]0.149(n=5952) [0.85-0.95]0.024(n=518) [0.95-1.00]0.015(n=25)
2026-05-02 01:05:18,985 - INFO - Step   10800 | Epoch  10 | MSE: 0.3294 | Steps/sec: 2.37 | LR: 1.99e-04 | cos(c,null): +0.0190 | GradNorm: 0.0206 | MSE/t: [0.00-0.50]0.514(n=6461) [0.50-0.85]0.153(n=5807) [0.85-0.95]0.024(n=506) [0.95-1.00]0.014(n=26)
2026-05-02 01:06:43,656 - INFO - Step   11000 | Epoch  11 | MSE: 0.3302 | Steps/sec: 2.36 | LR: 1.99e-04 | cos(c,null): +0.0194 | GradNorm: 0.0216 | MSE/t: [0.00-0.50]0.514(n=6529) [0.50-0.85]0.149(n=5762) [0.85-0.95]0.024(n=487) [0.95-1.00]0.015(n=22)
2026-05-02 01:06:43,870 - INFO - [cond] cfg_signal=0.0582 (min=0.0346 max=0.1031, n=16) | class_signal=0.0625 (min=0.0300 max=0.1047, n=16) | pred_rms=0.7579
2026-05-02 01:06:52,165 - INFO - [validation] saved: output/jit_B8_postfix_20260501_234201/dit_validation/epoch_011_step_0011000_class079.png (class=79, sampler=heun, steps=100)
2026-05-02 01:08:17,424 - INFO - Step   11200 | Epoch  11 | MSE: 0.3254 | Steps/sec: 2.14 | LR: 1.99e-04 | cos(c,null): +0.0198 | GradNorm: 0.0205 | MSE/t: [0.00-0.50]0.514(n=6368) [0.50-0.85]0.150(n=5876) [0.85-0.95]0.024(n=536) [0.95-1.00]0.012(n=20)
2026-05-02 01:09:41,911 - INFO - Step   11400 | Epoch  11 | MSE: 0.3224 | Steps/sec: 2.37 | LR: 1.99e-04 | cos(c,null): +0.0203 | GradNorm: 0.0218 | MSE/t: [0.00-0.50]0.513(n=6274) [0.50-0.85]0.150(n=5967) [0.85-0.95]0.024(n=538) [0.95-1.00]0.015(n=21)
2026-05-02 01:11:06,374 - INFO - Step   11600 | Epoch  11 | MSE: 0.3227 | Steps/sec: 2.37 | LR: 1.99e-04 | cos(c,null): +0.0208 | GradNorm: 0.0211 | MSE/t: [0.00-0.50]0.510(n=6346) [0.50-0.85]0.148(n=5924) [0.85-0.95]0.024(n=510) [0.95-1.00]0.016(n=20)
2026-05-02 01:12:30,840 - INFO - Step   11800 | Epoch  11 | MSE: 0.3245 | Steps/sec: 2.37 | LR: 1.98e-04 | cos(c,null): +0.0215 | GradNorm: 0.0208 | MSE/t: [0.00-0.50]0.512(n=6406) [0.50-0.85]0.148(n=5825) [0.85-0.95]0.024(n=542) [0.95-1.00]0.013(n=27)
2026-05-02 01:13:55,516 - INFO - Step   12000 | Epoch  12 | MSE: 0.3259 | Steps/sec: 2.36 | LR: 1.98e-04 | cos(c,null): +0.0222 | GradNorm: 0.0198 | MSE/t: [0.00-0.50]0.515(n=6392) [0.50-0.85]0.148(n=5868) [0.85-0.95]0.024(n=520) [0.95-1.00]0.014(n=20)
2026-05-02 01:13:55,730 - INFO - [cond] cfg_signal=0.0627 (min=0.0345 max=0.1054, n=16) | class_signal=0.0649 (min=0.0320 max=0.0941, n=16) | pred_rms=0.7768
2026-05-02 01:14:03,974 - INFO - [validation] saved: output/jit_B8_postfix_20260501_234201/dit_validation/epoch_012_step_0012000_class032.png (class=32, sampler=heun, steps=100)
2026-05-02 01:15:29,165 - INFO - Step   12200 | Epoch  12 | MSE: 0.3212 | Steps/sec: 2.14 | LR: 1.98e-04 | cos(c,null): +0.0227 | GradNorm: 0.0204 | MSE/t: [0.00-0.50]0.509(n=6346) [0.50-0.85]0.146(n=5933) [0.85-0.95]0.024(n=502) [0.95-1.00]0.012(n=19)
2026-05-02 01:16:53,560 - INFO - Step   12400 | Epoch  12 | MSE: 0.3232 | Steps/sec: 2.37 | LR: 1.98e-04 | cos(c,null): +0.0237 | GradNorm: 0.0207 | MSE/t: [0.00-0.50]0.508(n=6411) [0.50-0.85]0.148(n=5845) [0.85-0.95]0.023(n=527) [0.95-1.00]0.013(n=17)
2026-05-02 01:18:18,011 - INFO - Step   12600 | Epoch  12 | MSE: 0.3241 | Steps/sec: 2.37 | LR: 1.98e-04 | cos(c,null): +0.0241 | GradNorm: 0.0192 | MSE/t: [0.00-0.50]0.509(n=6448) [0.50-0.85]0.147(n=5796) [0.85-0.95]0.024(n=535) [0.95-1.00]0.012(n=21)
2026-05-02 01:19:42,381 - INFO - Step   12800 | Epoch  12 | MSE: 0.3226 | Steps/sec: 2.37 | LR: 1.98e-04 | cos(c,null): +0.0249 | GradNorm: 0.0193 | MSE/t: [0.00-0.50]0.509(n=6380) [0.50-0.85]0.147(n=5921) [0.85-0.95]0.023(n=479) [0.95-1.00]0.013(n=20)
2026-05-02 01:21:06,942 - INFO - Step   13000 | Epoch  13 | MSE: 0.3213 | Steps/sec: 2.37 | LR: 1.98e-04 | cos(c,null): +0.0258 | GradNorm: 0.0188 | MSE/t: [0.00-0.50]0.511(n=6299) [0.50-0.85]0.148(n=5984) [0.85-0.95]0.023(n=496) [0.95-1.00]0.015(n=21)
2026-05-02 01:21:07,154 - INFO - [cond] cfg_signal=0.0630 (min=0.0441 max=0.1038, n=16) | class_signal=0.0656 (min=0.0349 max=0.0933, n=16) | pred_rms=0.8222
2026-05-02 01:21:15,475 - INFO - [validation] saved: output/jit_B8_postfix_20260501_234201/dit_validation/epoch_013_step_0013000_class090.png (class=90, sampler=heun, steps=100)
2026-05-02 01:22:40,648 - INFO - Step   13200 | Epoch  13 | MSE: 0.3216 | Steps/sec: 2.14 | LR: 1.98e-04 | cos(c,null): +0.0266 | GradNorm: 0.0218 | MSE/t: [0.00-0.50]0.507(n=6428) [0.50-0.85]0.145(n=5818) [0.85-0.95]0.023(n=526) [0.95-1.00]0.013(n=28)
2026-05-02 01:24:04,963 - INFO - Step   13400 | Epoch  13 | MSE: 0.3240 | Steps/sec: 2.37 | LR: 1.98e-04 | cos(c,null): +0.0272 | GradNorm: 0.0193 | MSE/t: [0.00-0.50]0.511(n=6423) [0.50-0.85]0.146(n=5823) [0.85-0.95]0.023(n=531) [0.95-1.00]0.015(n=23)
2026-05-02 01:25:29,274 - INFO - Step   13600 | Epoch  13 | MSE: 0.3217 | Steps/sec: 2.37 | LR: 1.98e-04 | cos(c,null): +0.0280 | GradNorm: 0.0195 | MSE/t: [0.00-0.50]0.510(n=6382) [0.50-0.85]0.144(n=5885) [0.85-0.95]0.024(n=516) [0.95-1.00]0.013(n=17)
2026-05-02 01:26:53,547 - INFO - Step   13800 | Epoch  13 | MSE: 0.3254 | Steps/sec: 2.37 | LR: 1.98e-04 | cos(c,null): +0.0287 | GradNorm: 0.0189 | MSE/t: [0.00-0.50]0.510(n=6494) [0.50-0.85]0.147(n=5731) [0.85-0.95]0.024(n=550) [0.95-1.00]0.011(n=25)
2026-05-02 01:28:18,021 - INFO - Step   14000 | Epoch  14 | MSE: 0.3227 | Steps/sec: 2.37 | LR: 1.98e-04 | cos(c,null): +0.0293 | GradNorm: 0.0183 | MSE/t: [0.00-0.50]0.510(n=6406) [0.50-0.85]0.145(n=5867) [0.85-0.95]0.023(n=506) [0.95-1.00]0.012(n=21)
2026-05-02 01:28:18,234 - INFO - [cond] cfg_signal=0.0612 (min=0.0418 max=0.0984, n=16) | class_signal=0.0636 (min=0.0280 max=0.0930, n=16) | pred_rms=0.8320
2026-05-02 01:28:26,546 - INFO - [validation] saved: output/jit_B8_postfix_20260501_234201/dit_validation/epoch_014_step_0014000_class077.png (class=77, sampler=heun, steps=100)
2026-05-02 01:29:52,270 - INFO - Step   14200 | Epoch  14 | MSE: 0.3211 | Steps/sec: 2.13 | LR: 1.98e-04 | cos(c,null): +0.0301 | GradNorm: 0.0181 | MSE/t: [0.00-0.50]0.507(n=6438) [0.50-0.85]0.144(n=5801) [0.85-0.95]0.023(n=543) [0.95-1.00]0.013(n=18)
2026-05-02 01:31:16,624 - INFO - Step   14400 | Epoch  14 | MSE: 0.3232 | Steps/sec: 2.37 | LR: 1.98e-04 | cos(c,null): +0.0309 | GradNorm: 0.0197 | MSE/t: [0.00-0.50]0.511(n=6410) [0.50-0.85]0.145(n=5856) [0.85-0.95]0.023(n=510) [0.95-1.00]0.013(n=24)
2026-05-02 01:32:40,856 - INFO - Step   14600 | Epoch  14 | MSE: 0.3236 | Steps/sec: 2.37 | LR: 1.98e-04 | cos(c,null): +0.0317 | GradNorm: 0.0195 | MSE/t: [0.00-0.50]0.511(n=6425) [0.50-0.85]0.144(n=5849) [0.85-0.95]0.023(n=507) [0.95-1.00]0.013(n=19)
2026-05-02 01:34:05,140 - INFO - Step   14800 | Epoch  14 | MSE: 0.3224 | Steps/sec: 2.37 | LR: 1.98e-04 | cos(c,null): +0.0322 | GradNorm: 0.0180 | MSE/t: [0.00-0.50]0.511(n=6390) [0.50-0.85]0.145(n=5865) [0.85-0.95]0.022(n=524) [0.95-1.00]0.018(n=21)
2026-05-02 01:35:29,505 - INFO - Step   15000 | Epoch  15 | MSE: 0.3206 | Steps/sec: 2.37 | LR: 1.97e-04 | cos(c,null): +0.0331 | GradNorm: 0.0187 | MSE/t: [0.00-0.50]0.511(n=6335) [0.50-0.85]0.145(n=5927) [0.85-0.95]0.023(n=515) [0.95-1.00]0.012(n=23)
2026-05-02 01:35:29,718 - INFO - [cond] cfg_signal=0.0604 (min=0.0384 max=0.0970, n=16) | class_signal=0.0611 (min=0.0227 max=0.0918, n=16) | pred_rms=0.8358
2026-05-02 01:35:37,954 - INFO - [validation] saved: output/jit_B8_postfix_20260501_234201/dit_validation/epoch_015_step_0015000_class039.png (class=39, sampler=heun, steps=100)
2026-05-02 01:37:03,154 - INFO - Step   15200 | Epoch  15 | MSE: 0.3189 | Steps/sec: 2.14 | LR: 1.97e-04 | cos(c,null): +0.0341 | GradNorm: 0.0190 | MSE/t: [0.00-0.50]0.506(n=6359) [0.50-0.85]0.144(n=5917) [0.85-0.95]0.023(n=500) [0.95-1.00]0.013(n=24)
2026-05-02 01:38:27,406 - INFO - Step   15400 | Epoch  15 | MSE: 0.3225 | Steps/sec: 2.37 | LR: 1.97e-04 | cos(c,null): +0.0348 | GradNorm: 0.0184 | MSE/t: [0.00-0.50]0.511(n=6396) [0.50-0.85]0.144(n=5883) [0.85-0.95]0.023(n=507) [0.95-1.00]0.016(n=14)
2026-05-02 01:39:51,752 - INFO - Step   15600 | Epoch  15 | MSE: 0.3194 | Steps/sec: 2.37 | LR: 1.97e-04 | cos(c,null): +0.0355 | GradNorm: 0.0180 | MSE/t: [0.00-0.50]0.509(n=6351) [0.50-0.85]0.143(n=5905) [0.85-0.95]0.022(n=518) [0.95-1.00]0.013(n=26)
2026-05-02 01:41:16,040 - INFO - Step   15800 | Epoch  15 | MSE: 0.3208 | Steps/sec: 2.37 | LR: 1.97e-04 | cos(c,null): +0.0362 | GradNorm: 0.0184 | MSE/t: [0.00-0.50]0.509(n=6382) [0.50-0.85]0.144(n=5885) [0.85-0.95]0.022(n=513) [0.95-1.00]0.012(n=20)
2026-05-02 01:42:40,604 - INFO - Step   16000 | Epoch  16 | MSE: 0.3223 | Steps/sec: 2.37 | LR: 1.97e-04 | cos(c,null): +0.0371 | GradNorm: 0.0181 | MSE/t: [0.00-0.50]0.507(n=6429) [0.50-0.85]0.146(n=5838) [0.85-0.95]0.022(n=507) [0.95-1.00]0.011(n=26)
2026-05-02 01:42:40,818 - INFO - [cond] cfg_signal=0.0583 (min=0.0365 max=0.0884, n=16) | class_signal=0.0616 (min=0.0289 max=0.0939, n=16) | pred_rms=0.8368
2026-05-02 01:42:49,006 - INFO - [validation] saved: output/jit_B8_postfix_20260501_234201/dit_validation/epoch_016_step_0016000_class093.png (class=93, sampler=heun, steps=100)
2026-05-02 01:44:14,333 - INFO - Step   16200 | Epoch  16 | MSE: 0.3235 | Steps/sec: 2.14 | LR: 1.97e-04 | cos(c,null): +0.0377 | GradNorm: 0.0178 | MSE/t: [0.00-0.50]0.509(n=6477) [0.50-0.85]0.145(n=5754) [0.85-0.95]0.023(n=544) [0.95-1.00]0.012(n=25)
2026-05-02 01:45:38,784 - INFO - Step   16400 | Epoch  16 | MSE: 0.3244 | Steps/sec: 2.37 | LR: 1.97e-04 | cos(c,null): +0.0384 | GradNorm: 0.0176 | MSE/t: [0.00-0.50]0.511(n=6453) [0.50-0.85]0.145(n=5841) [0.85-0.95]0.023(n=485) [0.95-1.00]0.011(n=21)
2026-05-02 01:47:03,216 - INFO - Step   16600 | Epoch  16 | MSE: 0.3191 | Steps/sec: 2.37 | LR: 1.97e-04 | cos(c,null): +0.0391 | GradNorm: 0.0173 | MSE/t: [0.00-0.50]0.507(n=6348) [0.50-0.85]0.144(n=5927) [0.85-0.95]0.022(n=506) [0.95-1.00]0.013(n=19)
2026-05-02 01:48:27,675 - INFO - Step   16800 | Epoch  16 | MSE: 0.3194 | Steps/sec: 2.37 | LR: 1.97e-04 | cos(c,null): +0.0400 | GradNorm: 0.0170 | MSE/t: [0.00-0.50]0.506(n=6375) [0.50-0.85]0.144(n=5910) [0.85-0.95]0.023(n=499) [0.95-1.00]0.013(n=16)
2026-05-02 01:49:52,368 - INFO - Step   17000 | Epoch  17 | MSE: 0.3192 | Steps/sec: 2.36 | LR: 1.97e-04 | cos(c,null): +0.0409 | GradNorm: 0.0184 | MSE/t: [0.00-0.50]0.508(n=6326) [0.50-0.85]0.145(n=5927) [0.85-0.95]0.023(n=527) [0.95-1.00]0.015(n=20)
2026-05-02 01:49:52,582 - INFO - [cond] cfg_signal=0.0557 (min=0.0321 max=0.0793, n=16) | class_signal=0.0611 (min=0.0257 max=0.0878, n=16) | pred_rms=0.8259
2026-05-02 01:50:00,841 - INFO - [validation] saved: output/jit_B8_postfix_20260501_234201/dit_validation/epoch_017_step_0017000_class087.png (class=87, sampler=heun, steps=100)
2026-05-02 01:51:26,197 - INFO - Step   17200 | Epoch  17 | MSE: 0.3255 | Steps/sec: 2.14 | LR: 1.97e-04 | cos(c,null): +0.0415 | GradNorm: 0.0164 | MSE/t: [0.00-0.50]0.510(n=6508) [0.50-0.85]0.144(n=5781) [0.85-0.95]0.023(n=488) [0.95-1.00]0.011(n=23)
2026-05-02 01:52:50,761 - INFO - Step   17400 | Epoch  17 | MSE: 0.3195 | Steps/sec: 2.37 | LR: 1.97e-04 | cos(c,null): +0.0426 | GradNorm: 0.0179 | MSE/t: [0.00-0.50]0.507(n=6419) [0.50-0.85]0.140(n=5843) [0.85-0.95]0.023(n=517) [0.95-1.00]0.012(n=21)
2026-05-02 01:54:15,325 - INFO - Step   17600 | Epoch  17 | MSE: 0.3205 | Steps/sec: 2.37 | LR: 1.97e-04 | cos(c,null): +0.0431 | GradNorm: 0.0176 | MSE/t: [0.00-0.50]0.507(n=6406) [0.50-0.85]0.144(n=5866) [0.85-0.95]0.023(n=506) [0.95-1.00]0.011(n=22)
2026-05-02 01:55:39,935 - INFO - Step   17800 | Epoch  17 | MSE: 0.3224 | Steps/sec: 2.36 | LR: 1.96e-04 | cos(c,null): +0.0438 | GradNorm: 0.0168 | MSE/t: [0.00-0.50]0.506(n=6499) [0.50-0.85]0.142(n=5799) [0.85-0.95]0.022(n=479) [0.95-1.00]0.013(n=23)
2026-05-02 01:57:04,750 - INFO - Step   18000 | Epoch  18 | MSE: 0.3192 | Steps/sec: 2.36 | LR: 1.96e-04 | cos(c,null): +0.0445 | GradNorm: 0.0167 | MSE/t: [0.00-0.50]0.505(n=6376) [0.50-0.85]0.144(n=5896) [0.85-0.95]0.022(n=508) [0.95-1.00]0.012(n=20)
2026-05-02 01:57:04,966 - INFO - [cond] cfg_signal=0.0568 (min=0.0340 max=0.0845, n=16) | class_signal=0.0591 (min=0.0268 max=0.0946, n=16) | pred_rms=0.8711
2026-05-02 01:57:13,285 - INFO - [validation] saved: output/jit_B8_postfix_20260501_234201/dit_validation/epoch_018_step_0018000_class060.png (class=60, sampler=heun, steps=100)
2026-05-02 01:58:38,621 - INFO - Step   18200 | Epoch  18 | MSE: 0.3174 | Steps/sec: 2.14 | LR: 1.96e-04 | cos(c,null): +0.0454 | GradNorm: 0.0159 | MSE/t: [0.00-0.50]0.507(n=6303) [0.50-0.85]0.143(n=5955) [0.85-0.95]0.023(n=524) [0.95-1.00]0.011(n=18)
2026-05-02 02:00:03,255 - INFO - Step   18400 | Epoch  18 | MSE: 0.3209 | Steps/sec: 2.36 | LR: 1.96e-04 | cos(c,null): +0.0462 | GradNorm: 0.0168 | MSE/t: [0.00-0.50]0.506(n=6474) [0.50-0.85]0.142(n=5813) [0.85-0.95]0.022(n=491) [0.95-1.00]0.013(n=22)
2026-05-02 02:01:27,882 - INFO - Step   18600 | Epoch  18 | MSE: 0.3190 | Steps/sec: 2.36 | LR: 1.96e-04 | cos(c,null): +0.0470 | GradNorm: 0.0166 | MSE/t: [0.00-0.50]0.507(n=6378) [0.50-0.85]0.142(n=5906) [0.85-0.95]0.022(n=494) [0.95-1.00]0.015(n=22)
2026-05-02 02:02:52,579 - INFO - Step   18800 | Epoch  18 | MSE: 0.3212 | Steps/sec: 2.36 | LR: 1.96e-04 | cos(c,null): +0.0479 | GradNorm: 0.0161 | MSE/t: [0.00-0.50]0.507(n=6432) [0.50-0.85]0.143(n=5857) [0.85-0.95]0.023(n=489) [0.95-1.00]0.013(n=22)
2026-05-02 02:04:17,378 - INFO - Step   19000 | Epoch  19 | MSE: 0.3205 | Steps/sec: 2.36 | LR: 1.96e-04 | cos(c,null): +0.0488 | GradNorm: 0.0165 | MSE/t: [0.00-0.50]0.507(n=6428) [0.50-0.85]0.142(n=5861) [0.85-0.95]0.022(n=485) [0.95-1.00]0.015(n=26)
2026-05-02 02:04:17,590 - INFO - [cond] cfg_signal=0.0564 (min=0.0340 max=0.0856, n=16) | class_signal=0.0602 (min=0.0283 max=0.0852, n=16) | pred_rms=0.8702
2026-05-02 02:04:25,898 - INFO - [validation] saved: output/jit_B8_postfix_20260501_234201/dit_validation/epoch_019_step_0019000_class012.png (class=12, sampler=heun, steps=100)
2026-05-02 02:05:51,336 - INFO - Step   19200 | Epoch  19 | MSE: 0.3213 | Steps/sec: 2.13 | LR: 1.96e-04 | cos(c,null): +0.0495 | GradNorm: 0.0166 | MSE/t: [0.00-0.50]0.508(n=6428) [0.50-0.85]0.143(n=5849) [0.85-0.95]0.023(n=506) [0.95-1.00]0.013(n=17)
2026-05-02 02:07:16,026 - INFO - Step   19400 | Epoch  19 | MSE: 0.3196 | Steps/sec: 2.36 | LR: 1.96e-04 | cos(c,null): +0.0506 | GradNorm: 0.0153 | MSE/t: [0.00-0.50]0.505(n=6407) [0.50-0.85]0.143(n=5894) [0.85-0.95]0.022(n=484) [0.95-1.00]0.009(n=15)
2026-05-02 02:08:40,730 - INFO - Step   19600 | Epoch  19 | MSE: 0.3209 | Steps/sec: 2.36 | LR: 1.96e-04 | cos(c,null): +0.0510 | GradNorm: 0.0169 | MSE/t: [0.00-0.50]0.507(n=6431) [0.50-0.85]0.144(n=5814) [0.85-0.95]0.022(n=537) [0.95-1.00]0.013(n=18)
2026-05-02 02:10:05,409 - INFO - Step   19800 | Epoch  19 | MSE: 0.3179 | Steps/sec: 2.36 | LR: 1.96e-04 | cos(c,null): +0.0518 | GradNorm: 0.0157 | MSE/t: [0.00-0.50]0.508(n=6382) [0.50-0.85]0.140(n=5848) [0.85-0.95]0.023(n=543) [0.95-1.00]0.012(n=27)
2026-05-02 02:11:30,277 - INFO - Step   20000 | Epoch  20 | MSE: 0.3176 | Steps/sec: 2.36 | LR: 1.95e-04 | cos(c,null): +0.0528 | GradNorm: 0.0160 | MSE/t: [0.00-0.50]0.505(n=6337) [0.50-0.85]0.143(n=5959) [0.85-0.95]0.022(n=480) [0.95-1.00]0.012(n=24)
2026-05-02 02:11:30,491 - INFO - [cond] cfg_signal=0.0540 (min=0.0291 max=0.0809, n=16) | class_signal=0.0606 (min=0.0251 max=0.0930, n=16) | pred_rms=0.8546
2026-05-02 02:11:34,203 - INFO - Saved checkpoint to output/jit_B8_postfix_20260501_234201/0020000.pt
2026-05-02 02:11:34,411 - INFO - [cond] cfg_signal=0.0540 (min=0.0291 max=0.0809, n=16) | class_signal=0.0606 (min=0.0251 max=0.0930, n=16) | pred_rms=0.8546
2026-05-02 02:11:42,724 - INFO - [validation] saved: output/jit_B8_postfix_20260501_234201/dit_validation/epoch_020_step_0020000_class055.png (class=55, sampler=heun, steps=100)
2026-05-02 02:11:43,538 - INFO - [overrides] applied from jit/configs/overrides.yaml: lr_scale=1.0 max_grad_norm=5.0 null_repel_weight=0.0 P_mean=0.0
2026-05-02 02:13:38,996 - INFO - Step   20200 | Epoch  20 | MSE: 0.3227 | Steps/sec: 1.56 | LR: 1.95e-04 | Render_L1: 0.0346 | Alpha_L1: 0.0523 | Render_LPIPS: 0.2366 | cos(c,null): +0.0533 | GradNorm: 0.0164 | MSE/t: [0.00-0.50]0.509(n=6463) [0.50-0.85]0.144(n=5797) [0.85-0.95]0.022(n=522) [0.95-1.00]0.010(n=18)
2026-05-02 02:13:39,098 - INFO - [render-loss] step=20200 kept 38/64 samples (t_value >= 0.50)
2026-05-02 02:15:34,122 - INFO - Step   20400 | Epoch  20 | MSE: 0.3194 | Steps/sec: 1.74 | LR: 1.95e-04 | Render_L1: 0.0336 | Alpha_L1: 0.0498 | Render_LPIPS: 0.2336 | cos(c,null): +0.0541 | GradNorm: 0.0173 | MSE/t: [0.00-0.50]0.507(n=6412) [0.50-0.85]0.142(n=5833) [0.85-0.95]0.022(n=530) [0.95-1.00]0.014(n=25)
2026-05-02 02:15:34,224 - INFO - [render-loss] step=20400 kept 30/64 samples (t_value >= 0.50)
2026-05-02 02:17:29,281 - INFO - Step   20600 | Epoch  20 | MSE: 0.3140 | Steps/sec: 1.74 | LR: 1.95e-04 | Render_L1: 0.0326 | Alpha_L1: 0.0477 | Render_LPIPS: 0.2303 | cos(c,null): +0.0550 | GradNorm: 0.0164 | MSE/t: [0.00-0.50]0.503(n=6286) [0.50-0.85]0.141(n=5966) [0.85-0.95]0.023(n=529) [0.95-1.00]0.014(n=19)
2026-05-02 02:17:29,384 - INFO - [render-loss] step=20600 kept 33/64 samples (t_value >= 0.50)
2026-05-02 02:19:25,611 - INFO - Step   20800 | Epoch  21 | MSE: 0.3226 | Steps/sec: 1.72 | LR: 1.95e-04 | Render_L1: 0.0325 | Alpha_L1: 0.0468 | Render_LPIPS: 0.2306 | cos(c,null): +0.0560 | GradNorm: 0.0158 | MSE/t: [0.00-0.50]0.510(n=6443) [0.50-0.85]0.144(n=5796) [0.85-0.95]0.022(n=530) [0.95-1.00]0.012(n=31)
2026-05-02 02:19:25,713 - INFO - [render-loss] step=20800 kept 30/64 samples (t_value >= 0.50)
2026-05-02 02:21:20,962 - INFO - Step   21000 | Epoch  21 | MSE: 0.3186 | Steps/sec: 1.73 | LR: 1.95e-04 | Render_L1: 0.0319 | Alpha_L1: 0.0461 | Render_LPIPS: 0.2284 | cos(c,null): +0.0571 | GradNorm: 0.0172 | MSE/t: [0.00-0.50]0.506(n=6382) [0.50-0.85]0.142(n=5905) [0.85-0.95]0.022(n=498) [0.95-1.00]0.010(n=15)
2026-05-02 02:21:21,178 - INFO - [cond] cfg_signal=0.0537 (min=0.0324 max=0.0840, n=16) | class_signal=0.0606 (min=0.0270 max=0.0978, n=16) | pred_rms=0.8603
2026-05-02 02:21:29,615 - INFO - [validation] saved: output/jit_B8_postfix_20260501_234201/dit_validation/epoch_021_step_0021000_class095.png (class=95, sampler=heun, steps=100)
2026-05-02 02:21:31,303 - INFO - [overrides] applied from jit/configs/overrides.yaml: lr_scale=1.0 max_grad_norm=5.0 null_repel_weight=0.0 P_mean=0.0
2026-05-02 02:21:31,400 - INFO - [render-loss] step=21000 kept 37/64 samples (t_value >= 0.50)
2026-05-02 02:23:26,764 - INFO - Step   21200 | Epoch  21 | MSE: 0.3171 | Steps/sec: 1.59 | LR: 1.95e-04 | Render_L1: 0.0314 | Alpha_L1: 0.0453 | Render_LPIPS: 0.2280 | cos(c,null): +0.0581 | GradNorm: 0.0156 | MSE/t: [0.00-0.50]0.506(n=6330) [0.50-0.85]0.143(n=5934) [0.85-0.95]0.022(n=515) [0.95-1.00]0.014(n=21)
2026-05-02 02:23:26,867 - INFO - [render-loss] step=21200 kept 31/64 samples (t_value >= 0.50)
2026-05-02 02:25:21,910 - INFO - Step   21400 | Epoch  21 | MSE: 0.3195 | Steps/sec: 1.74 | LR: 1.95e-04 | Render_L1: 0.0310 | Alpha_L1: 0.0442 | Render_LPIPS: 0.2249 | cos(c,null): +0.0589 | GradNorm: 0.0166 | MSE/t: [0.00-0.50]0.505(n=6428) [0.50-0.85]0.143(n=5796) [0.85-0.95]0.023(n=555) [0.95-1.00]0.014(n=21)
2026-05-02 02:25:22,013 - INFO - [render-loss] step=21400 kept 30/64 samples (t_value >= 0.50)
2026-05-02 02:27:17,216 - INFO - Step   21600 | Epoch  21 | MSE: 0.3198 | Steps/sec: 1.73 | LR: 1.95e-04 | Render_L1: 0.0305 | Alpha_L1: 0.0436 | Render_LPIPS: 0.2241 | cos(c,null): +0.0599 | GradNorm: 0.0172 | MSE/t: [0.00-0.50]0.507(n=6416) [0.50-0.85]0.141(n=5870) [0.85-0.95]0.023(n=495) [0.95-1.00]0.012(n=19)
2026-05-02 02:27:17,319 - INFO - [render-loss] step=21600 kept 28/64 samples (t_value >= 0.50)
2026-05-02 02:29:12,711 - INFO - Step   21800 | Epoch  22 | MSE: 0.3174 | Steps/sec: 1.73 | LR: 1.95e-04 | Render_L1: 0.0304 | Alpha_L1: 0.0430 | Render_LPIPS: 0.2230 | cos(c,null): +0.0610 | GradNorm: 0.0177 | MSE/t: [0.00-0.50]0.505(n=6386) [0.50-0.85]0.142(n=5832) [0.85-0.95]0.023(n=558) [0.95-1.00]0.012(n=24)
2026-05-02 02:29:12,813 - INFO - [render-loss] step=21800 kept 30/64 samples (t_value >= 0.50)
2026-05-02 02:31:07,607 - INFO - Step   22000 | Epoch  22 | MSE: 0.3198 | Steps/sec: 1.74 | LR: 1.94e-04 | Render_L1: 0.0298 | Alpha_L1: 0.0417 | Render_LPIPS: 0.2216 | cos(c,null): +0.0621 | GradNorm: 0.0175 | MSE/t: [0.00-0.50]0.501(n=6468) [0.50-0.85]0.144(n=5840) [0.85-0.95]0.024(n=474) [0.95-1.00]0.013(n=18)
2026-05-02 02:31:07,821 - INFO - [cond] cfg_signal=0.0546 (min=0.0296 max=0.0819, n=16) | class_signal=0.0612 (min=0.0261 max=0.0893, n=16) | pred_rms=0.8771
2026-05-02 02:31:16,238 - INFO - [validation] saved: output/jit_B8_postfix_20260501_234201/dit_validation/epoch_022_step_0022000_class049.png (class=49, sampler=heun, steps=100)
2026-05-02 02:31:17,406 - INFO - [overrides] applied from jit/configs/overrides.yaml: lr_scale=1.0 max_grad_norm=5.0 null_repel_weight=0.0 P_mean=0.0
2026-05-02 02:31:17,503 - INFO - [render-loss] step=22000 kept 32/64 samples (t_value >= 0.50)
2026-05-02 02:33:12,802 - INFO - Step   22200 | Epoch  22 | MSE: 0.3162 | Steps/sec: 1.60 | LR: 1.94e-04 | Render_L1: 0.0301 | Alpha_L1: 0.0422 | Render_LPIPS: 0.2222 | cos(c,null): +0.0631 | GradNorm: 0.0188 | MSE/t: [0.00-0.50]0.505(n=6325) [0.50-0.85]0.142(n=5940) [0.85-0.95]0.023(n=517) [0.95-1.00]0.016(n=18)
2026-05-02 02:33:12,905 - INFO - [render-loss] step=22200 kept 32/64 samples (t_value >= 0.50)
2026-05-02 02:35:08,074 - INFO - Step   22400 | Epoch  22 | MSE: 0.3181 | Steps/sec: 1.74 | LR: 1.94e-04 | Render_L1: 0.0302 | Alpha_L1: 0.0419 | Render_LPIPS: 0.2217 | cos(c,null): +0.0644 | GradNorm: 0.0182 | MSE/t: [0.00-0.50]0.506(n=6375) [0.50-0.85]0.142(n=5870) [0.85-0.95]0.024(n=543) [0.95-1.00]0.010(n=12)
2026-05-02 02:35:08,176 - INFO - [render-loss] step=22400 kept 31/64 samples (t_value >= 0.50)
2026-05-02 02:37:03,558 - INFO - Step   22600 | Epoch  22 | MSE: 0.3158 | Steps/sec: 1.73 | LR: 1.94e-04 | Render_L1: 0.0294 | Alpha_L1: 0.0408 | Render_LPIPS: 0.2195 | cos(c,null): +0.0658 | GradNorm: 0.0176 | MSE/t: [0.00-0.50]0.505(n=6288) [0.50-0.85]0.143(n=5964) [0.85-0.95]0.024(n=524) [0.95-1.00]0.014(n=24)
2026-05-02 02:37:03,660 - INFO - [render-loss] step=22600 kept 34/64 samples (t_value >= 0.50)
2026-05-02 02:38:59,151 - INFO - Step   22800 | Epoch  23 | MSE: 0.3200 | Steps/sec: 1.73 | LR: 1.94e-04 | Render_L1: 0.0294 | Alpha_L1: 0.0405 | Render_LPIPS: 0.2178 | cos(c,null): +0.0668 | GradNorm: 0.0186 | MSE/t: [0.00-0.50]0.507(n=6392) [0.50-0.85]0.143(n=5865) [0.85-0.95]0.024(n=517) [0.95-1.00]0.015(n=26)
2026-05-02 02:38:59,253 - INFO - [render-loss] step=22800 kept 32/64 samples (t_value >= 0.50)
2026-05-02 02:40:54,370 - INFO - Step   23000 | Epoch  23 | MSE: 0.3209 | Steps/sec: 1.74 | LR: 1.94e-04 | Render_L1: 0.0289 | Alpha_L1: 0.0401 | Render_LPIPS: 0.2176 | cos(c,null): +0.0680 | GradNorm: 0.0216 | MSE/t: [0.00-0.50]0.507(n=6452) [0.50-0.85]0.141(n=5835) [0.85-0.95]0.024(n=497) [0.95-1.00]0.021(n=16)
2026-05-02 02:40:54,582 - INFO - [cond] cfg_signal=0.0511 (min=0.0285 max=0.0757, n=16) | class_signal=0.0562 (min=0.0272 max=0.0846, n=16) | pred_rms=0.8649
2026-05-02 02:41:02,955 - INFO - [validation] saved: output/jit_B8_postfix_20260501_234201/dit_validation/epoch_023_step_0023000_class097.png (class=97, sampler=heun, steps=100)
2026-05-02 02:41:04,122 - INFO - [overrides] applied from jit/configs/overrides.yaml: lr_scale=1.0 max_grad_norm=5.0 null_repel_weight=0.0 P_mean=0.0
2026-05-02 02:41:04,219 - INFO - [render-loss] step=23000 kept 27/64 samples (t_value >= 0.50)
2026-05-02 02:43:00,176 - INFO - Step   23200 | Epoch  23 | MSE: 0.3232 | Steps/sec: 1.59 | LR: 1.94e-04 | Render_L1: 0.0294 | Alpha_L1: 0.0405 | Render_LPIPS: 0.2190 | cos(c,null): +0.0693 | GradNorm: 0.0193 | MSE/t: [0.00-0.50]0.510(n=6502) [0.50-0.85]0.141(n=5766) [0.85-0.95]0.023(n=505) [0.95-1.00]0.012(n=27)
2026-05-02 02:43:00,278 - INFO - [render-loss] step=23200 kept 31/64 samples (t_value >= 0.50)
2026-05-02 02:44:55,847 - INFO - Step   23400 | Epoch  23 | MSE: 0.3167 | Steps/sec: 1.73 | LR: 1.94e-04 | Render_L1: 0.0289 | Alpha_L1: 0.0397 | Render_LPIPS: 0.2157 | cos(c,null): +0.0708 | GradNorm: 0.0204 | MSE/t: [0.00-0.50]0.506(n=6318) [0.50-0.85]0.142(n=5929) [0.85-0.95]0.024(n=530) [0.95-1.00]0.014(n=23)
2026-05-02 02:44:55,949 - INFO - [render-loss] step=23400 kept 34/64 samples (t_value >= 0.50)
2026-05-02 02:46:51,326 - INFO - Step   23600 | Epoch  23 | MSE: 0.3178 | Steps/sec: 1.73 | LR: 1.94e-04 | Render_L1: 0.0292 | Alpha_L1: 0.0402 | Render_LPIPS: 0.2182 | cos(c,null): +0.0722 | GradNorm: 0.0200 | MSE/t: [0.00-0.50]0.506(n=6368) [0.50-0.85]0.141(n=5909) [0.85-0.95]0.024(n=501) [0.95-1.00]0.012(n=22)
2026-05-02 02:46:51,428 - INFO - [render-loss] step=23600 kept 37/64 samples (t_value >= 0.50)
2026-05-02 02:48:46,984 - INFO - Step   23800 | Epoch  24 | MSE: 0.3198 | Steps/sec: 1.73 | LR: 1.94e-04 | Render_L1: 0.0291 | Alpha_L1: 0.0395 | Render_LPIPS: 0.2165 | cos(c,null): +0.0733 | GradNorm: 0.0203 | MSE/t: [0.00-0.50]0.507(n=6412) [0.50-0.85]0.142(n=5863) [0.85-0.95]0.023(n=511) [0.95-1.00]0.012(n=14)
2026-05-02 02:48:47,087 - INFO - [render-loss] step=23800 kept 33/64 samples (t_value >= 0.50)
2026-05-02 02:50:42,114 - INFO - Step   24000 | Epoch  24 | MSE: 0.3185 | Steps/sec: 1.74 | LR: 1.93e-04 | Render_L1: 0.0292 | Alpha_L1: 0.0397 | Render_LPIPS: 0.2172 | cos(c,null): +0.0748 | GradNorm: 0.0216 | MSE/t: [0.00-0.50]0.508(n=6353) [0.50-0.85]0.142(n=5884) [0.85-0.95]0.023(n=547) [0.95-1.00]0.014(n=16)
2026-05-02 02:50:42,329 - INFO - [cond] cfg_signal=0.0515 (min=0.0319 max=0.0765, n=16) | class_signal=0.0555 (min=0.0306 max=0.0845, n=16) | pred_rms=0.8922
2026-05-02 02:50:50,715 - INFO - [validation] saved: output/jit_B8_postfix_20260501_234201/dit_validation/epoch_024_step_0024000_class075.png (class=75, sampler=heun, steps=100)
2026-05-02 02:50:51,906 - INFO - [overrides] applied from jit/configs/overrides.yaml: lr_scale=1.0 max_grad_norm=5.0 null_repel_weight=0.0 P_mean=0.0
2026-05-02 02:50:52,003 - INFO - [render-loss] step=24000 kept 33/64 samples (t_value >= 0.50)
2026-05-02 02:52:46,688 - INFO - Step   24200 | Epoch  24 | MSE: 0.3218 | Steps/sec: 1.61 | LR: 1.93e-04 | Render_L1: 0.0283 | Alpha_L1: 0.0388 | Render_LPIPS: 0.2150 | cos(c,null): +0.0764 | GradNorm: 0.0210 | MSE/t: [0.00-0.50]0.507(n=6454) [0.50-0.85]0.143(n=5811) [0.85-0.95]0.023(n=519) [0.95-1.00]0.012(n=16)
2026-05-02 02:52:46,790 - INFO - [render-loss] step=24200 kept 25/64 samples (t_value >= 0.50)
2026-05-02 02:54:42,169 - INFO - Step   24400 | Epoch  24 | MSE: 0.3185 | Steps/sec: 1.73 | LR: 1.93e-04 | Render_L1: 0.0288 | Alpha_L1: 0.0391 | Render_LPIPS: 0.2166 | cos(c,null): +0.0782 | GradNorm: 0.0223 | MSE/t: [0.00-0.50]0.505(n=6359) [0.50-0.85]0.144(n=5929) [0.85-0.95]0.023(n=493) [0.95-1.00]0.014(n=19)
2026-05-02 02:54:42,272 - INFO - [render-loss] step=24400 kept 31/64 samples (t_value >= 0.50)
2026-05-02 02:56:37,452 - INFO - Step   24600 | Epoch  24 | MSE: 0.3196 | Steps/sec: 1.73 | LR: 1.93e-04 | Render_L1: 0.0290 | Alpha_L1: 0.0389 | Render_LPIPS: 0.2165 | cos(c,null): +0.0795 | GradNorm: 0.0222 | MSE/t: [0.00-0.50]0.505(n=6418) [0.50-0.85]0.143(n=5847) [0.85-0.95]0.024(n=519) [0.95-1.00]0.014(n=16)
2026-05-02 02:56:37,555 - INFO - [render-loss] step=24600 kept 37/64 samples (t_value >= 0.50)
2026-05-02 02:58:32,647 - INFO - Step   24800 | Epoch  25 | MSE: 0.3176 | Steps/sec: 1.74 | LR: 1.93e-04 | Render_L1: 0.0281 | Alpha_L1: 0.0380 | Render_LPIPS: 0.2131 | cos(c,null): +0.0810 | GradNorm: 0.0233 | MSE/t: [0.00-0.50]0.503(n=6393) [0.50-0.85]0.142(n=5877) [0.85-0.95]0.024(n=519) [0.95-1.00]0.015(n=11)
2026-05-02 02:58:32,749 - INFO - [render-loss] step=24800 kept 30/64 samples (t_value >= 0.50)
2026-05-02 03:00:27,693 - INFO - Step   25000 | Epoch  25 | MSE: 0.3199 | Steps/sec: 1.74 | LR: 1.93e-04 | Render_L1: 0.0281 | Alpha_L1: 0.0377 | Render_LPIPS: 0.2128 | cos(c,null): +0.0822 | GradNorm: 0.0231 | MSE/t: [0.00-0.50]0.505(n=6431) [0.50-0.85]0.143(n=5848) [0.85-0.95]0.024(n=502) [0.95-1.00]0.016(n=19)
2026-05-02 03:00:27,907 - INFO - [cond] cfg_signal=0.0505 (min=0.0274 max=0.0707, n=16) | class_signal=0.0550 (min=0.0260 max=0.0769, n=16) | pred_rms=0.8853
2026-05-02 03:00:36,255 - INFO - [validation] saved: output/jit_B8_postfix_20260501_234201/dit_validation/epoch_025_step_0025000_class077.png (class=77, sampler=heun, steps=100)
2026-05-02 03:00:37,443 - INFO - [overrides] applied from jit/configs/overrides.yaml: lr_scale=1.0 max_grad_norm=5.0 null_repel_weight=0.0 P_mean=0.0
2026-05-02 03:00:37,541 - INFO - [render-loss] step=25000 kept 35/64 samples (t_value >= 0.50)
2026-05-02 03:02:32,604 - INFO - Step   25200 | Epoch  25 | MSE: 0.3184 | Steps/sec: 1.60 | LR: 1.93e-04 | Render_L1: 0.0283 | Alpha_L1: 0.0384 | Render_LPIPS: 0.2152 | cos(c,null): +0.0840 | GradNorm: 0.0239 | MSE/t: [0.00-0.50]0.507(n=6357) [0.50-0.85]0.142(n=5912) [0.85-0.95]0.024(n=506) [0.95-1.00]0.014(n=25)
2026-05-02 03:02:32,707 - INFO - [render-loss] step=25200 kept 34/64 samples (t_value >= 0.50)
2026-05-02 03:04:28,085 - INFO - Step   25400 | Epoch  25 | MSE: 0.3179 | Steps/sec: 1.73 | LR: 1.93e-04 | Render_L1: 0.0285 | Alpha_L1: 0.0384 | Render_LPIPS: 0.2145 | cos(c,null): +0.0854 | GradNorm: 0.0231 | MSE/t: [0.00-0.50]0.505(n=6384) [0.50-0.85]0.141(n=5888) [0.85-0.95]0.024(n=506) [0.95-1.00]0.014(n=22)
2026-05-02 03:04:28,188 - INFO - [render-loss] step=25400 kept 36/64 samples (t_value >= 0.50)
2026-05-02 03:06:23,205 - INFO - Step   25600 | Epoch  25 | MSE: 0.3194 | Steps/sec: 1.74 | LR: 1.93e-04 | Render_L1: 0.0283 | Alpha_L1: 0.0381 | Render_LPIPS: 0.2142 | cos(c,null): +0.0876 | GradNorm: 0.0250 | MSE/t: [0.00-0.50]0.506(n=6393) [0.50-0.85]0.142(n=5917) [0.85-0.95]0.024(n=466) [0.95-1.00]0.014(n=24)
2026-05-02 03:06:23,307 - INFO - [render-loss] step=25600 kept 29/64 samples (t_value >= 0.50)
2026-05-02 03:08:19,832 - INFO - Step   25800 | Epoch  26 | MSE: 0.3204 | Steps/sec: 1.71 | LR: 1.92e-04 | Render_L1: 0.0276 | Alpha_L1: 0.0370 | Render_LPIPS: 0.2111 | cos(c,null): +0.0888 | GradNorm: 0.0237 | MSE/t: [0.00-0.50]0.508(n=6430) [0.50-0.85]0.142(n=5793) [0.85-0.95]0.024(n=550) [0.95-1.00]0.012(n=27)
2026-05-02 03:08:19,934 - INFO - [render-loss] step=25800 kept 28/64 samples (t_value >= 0.50)
2026-05-02 03:10:15,322 - INFO - Step   26000 | Epoch  26 | MSE: 0.3190 | Steps/sec: 1.73 | LR: 1.92e-04 | Render_L1: 0.0276 | Alpha_L1: 0.0371 | Render_LPIPS: 0.2105 | cos(c,null): +0.0905 | GradNorm: 0.0249 | MSE/t: [0.00-0.50]0.504(n=6455) [0.50-0.85]0.140(n=5804) [0.85-0.95]0.024(n=521) [0.95-1.00]0.013(n=20)
2026-05-02 03:10:15,531 - INFO - [cond] cfg_signal=0.0465 (min=0.0259 max=0.0703, n=16) | class_signal=0.0531 (min=0.0266 max=0.0832, n=16) | pred_rms=0.8919
2026-05-02 03:10:23,980 - INFO - [validation] saved: output/jit_B8_postfix_20260501_234201/dit_validation/epoch_026_step_0026000_class027.png (class=27, sampler=heun, steps=100)
2026-05-02 03:10:25,160 - INFO - [overrides] applied from jit/configs/overrides.yaml: lr_scale=1.0 max_grad_norm=5.0 null_repel_weight=0.0 P_mean=0.0
2026-05-02 03:10:25,257 - INFO - [render-loss] step=26000 kept 38/64 samples (t_value >= 0.50)
2026-05-02 03:12:20,555 - INFO - Step   26200 | Epoch  26 | MSE: 0.3170 | Steps/sec: 1.60 | LR: 1.92e-04 | Render_L1: 0.0276 | Alpha_L1: 0.0373 | Render_LPIPS: 0.2114 | cos(c,null): +0.0916 | GradNorm: 0.0247 | MSE/t: [0.00-0.50]0.507(n=6342) [0.50-0.85]0.141(n=5907) [0.85-0.95]0.024(n=524) [0.95-1.00]0.016(n=27)
2026-05-02 03:12:20,657 - INFO - [render-loss] step=26200 kept 35/64 samples (t_value >= 0.50)
2026-05-02 03:14:15,615 - INFO - Step   26400 | Epoch  26 | MSE: 0.3190 | Steps/sec: 1.74 | LR: 1.92e-04 | Render_L1: 0.0278 | Alpha_L1: 0.0371 | Render_LPIPS: 0.2119 | cos(c,null): +0.0932 | GradNorm: 0.0249 | MSE/t: [0.00-0.50]0.504(n=6435) [0.50-0.85]0.142(n=5834) [0.85-0.95]0.024(n=513) [0.95-1.00]0.012(n=18)
2026-05-02 03:14:15,718 - INFO - [render-loss] step=26400 kept 37/64 samples (t_value >= 0.50)
2026-05-02 03:16:10,752 - INFO - Step   26600 | Epoch  26 | MSE: 0.3200 | Steps/sec: 1.74 | LR: 1.92e-04 | Render_L1: 0.0279 | Alpha_L1: 0.0378 | Render_LPIPS: 0.2116 | cos(c,null): +0.0949 | GradNorm: 0.0256 | MSE/t: [0.00-0.50]0.510(n=6333) [0.50-0.85]0.144(n=5947) [0.85-0.95]0.024(n=501) [0.95-1.00]0.014(n=19)
2026-05-02 03:16:10,855 - INFO - [render-loss] step=26600 kept 28/64 samples (t_value >= 0.50)
2026-05-02 03:18:06,013 - INFO - Step   26800 | Epoch  27 | MSE: 0.3195 | Steps/sec: 1.74 | LR: 1.92e-04 | Render_L1: 0.0277 | Alpha_L1: 0.0370 | Render_LPIPS: 0.2114 | cos(c,null): +0.0962 | GradNorm: 0.0260 | MSE/t: [0.00-0.50]0.506(n=6429) [0.50-0.85]0.141(n=5832) [0.85-0.95]0.024(n=507) [0.95-1.00]0.017(n=32)
2026-05-02 03:18:06,115 - INFO - [render-loss] step=26800 kept 29/64 samples (t_value >= 0.50)
2026-05-02 03:20:01,144 - INFO - Step   27000 | Epoch  27 | MSE: 0.3196 | Steps/sec: 1.74 | LR: 1.92e-04 | Render_L1: 0.0277 | Alpha_L1: 0.0369 | Render_LPIPS: 0.2108 | cos(c,null): +0.0983 | GradNorm: 0.0275 | MSE/t: [0.00-0.50]0.505(n=6419) [0.50-0.85]0.143(n=5882) [0.85-0.95]0.024(n=488) [0.95-1.00]0.011(n=11)
2026-05-02 03:20:01,359 - INFO - [cond] cfg_signal=0.0466 (min=0.0279 max=0.0674, n=16) | class_signal=0.0527 (min=0.0255 max=0.0812, n=16) | pred_rms=0.8727
2026-05-02 03:20:09,791 - INFO - [validation] saved: output/jit_B8_postfix_20260501_234201/dit_validation/epoch_027_step_0027000_class098.png (class=98, sampler=heun, steps=100)
2026-05-02 03:20:10,992 - INFO - [overrides] applied from jit/configs/overrides.yaml: lr_scale=1.0 max_grad_norm=5.0 null_repel_weight=0.0 P_mean=0.0
2026-05-02 03:20:11,089 - INFO - [render-loss] step=27000 kept 30/64 samples (t_value >= 0.50)
2026-05-02 03:22:05,950 - INFO - Step   27200 | Epoch  27 | MSE: 0.3221 | Steps/sec: 1.61 | LR: 1.92e-04 | Render_L1: 0.0275 | Alpha_L1: 0.0365 | Render_LPIPS: 0.2089 | cos(c,null): +0.0997 | GradNorm: 0.0262 | MSE/t: [0.00-0.50]0.503(n=6542) [0.50-0.85]0.142(n=5769) [0.85-0.95]0.024(n=470) [0.95-1.00]0.017(n=19)
2026-05-02 03:22:06,053 - INFO - [render-loss] step=27200 kept 32/64 samples (t_value >= 0.50)
2026-05-02 03:24:01,149 - INFO - Step   27400 | Epoch  27 | MSE: 0.3195 | Steps/sec: 1.74 | LR: 1.91e-04 | Render_L1: 0.0276 | Alpha_L1: 0.0365 | Render_LPIPS: 0.2103 | cos(c,null): +0.1014 | GradNorm: 0.0266 | MSE/t: [0.00-0.50]0.506(n=6412) [0.50-0.85]0.142(n=5857) [0.85-0.95]0.025(n=510) [0.95-1.00]0.015(n=21)
2026-05-02 03:24:01,251 - INFO - [render-loss] step=27400 kept 27/64 samples (t_value >= 0.50)
2026-05-02 03:25:56,458 - INFO - Step   27600 | Epoch  27 | MSE: 0.3210 | Steps/sec: 1.73 | LR: 1.91e-04 | Render_L1: 0.0276 | Alpha_L1: 0.0368 | Render_LPIPS: 0.2114 | cos(c,null): +0.1029 | GradNorm: 0.0290 | MSE/t: [0.00-0.50]0.509(n=6396) [0.50-0.85]0.143(n=5896) [0.85-0.95]0.025(n=481) [0.95-1.00]0.014(n=27)
2026-05-02 03:25:56,561 - INFO - [render-loss] step=27600 kept 34/64 samples (t_value >= 0.50)
2026-05-02 03:27:51,904 - INFO - Step   27800 | Epoch  28 | MSE: 0.3191 | Steps/sec: 1.73 | LR: 1.91e-04 | Render_L1: 0.0271 | Alpha_L1: 0.0361 | Render_LPIPS: 0.2083 | cos(c,null): +0.1045 | GradNorm: 0.0280 | MSE/t: [0.00-0.50]0.505(n=6397) [0.50-0.85]0.143(n=5869) [0.85-0.95]0.025(n=513) [0.95-1.00]0.017(n=21)
2026-05-02 03:27:52,005 - INFO - [render-loss] step=27800 kept 30/64 samples (t_value >= 0.50)
2026-05-02 03:29:47,172 - INFO - Step   28000 | Epoch  28 | MSE: 0.3164 | Steps/sec: 1.74 | LR: 1.91e-04 | Render_L1: 0.0274 | Alpha_L1: 0.0361 | Render_LPIPS: 0.2093 | cos(c,null): +0.1061 | GradNorm: 0.0277 | MSE/t: [0.00-0.50]0.505(n=6345) [0.50-0.85]0.142(n=5888) [0.85-0.95]0.025(n=541) [0.95-1.00]0.013(n=26)
2026-05-02 03:29:47,383 - INFO - [cond] cfg_signal=0.0481 (min=0.0268 max=0.0721, n=16) | class_signal=0.0529 (min=0.0273 max=0.0837, n=16) | pred_rms=0.9043
2026-05-02 03:29:55,755 - INFO - [validation] saved: output/jit_B8_postfix_20260501_234201/dit_validation/epoch_028_step_0028000_class075.png (class=75, sampler=heun, steps=100)
2026-05-02 03:29:56,973 - INFO - [overrides] applied from jit/configs/overrides.yaml: lr_scale=1.0 max_grad_norm=5.0 null_repel_weight=0.0 P_mean=0.0
2026-05-02 03:29:57,071 - INFO - [render-loss] step=28000 kept 34/64 samples (t_value >= 0.50)
2026-05-02 03:31:51,749 - INFO - Step   28200 | Epoch  28 | MSE: 0.3200 | Steps/sec: 1.61 | LR: 1.91e-04 | Render_L1: 0.0271 | Alpha_L1: 0.0358 | Render_LPIPS: 0.2081 | cos(c,null): +0.1078 | GradNorm: 0.0298 | MSE/t: [0.00-0.50]0.505(n=6424) [0.50-0.85]0.144(n=5847) [0.85-0.95]0.025(n=506) [0.95-1.00]0.013(n=23)
2026-05-02 03:31:51,851 - INFO - [render-loss] step=28200 kept 33/64 samples (t_value >= 0.50)
2026-05-02 03:33:47,766 - INFO - Step   28400 | Epoch  28 | MSE: 0.3165 | Steps/sec: 1.72 | LR: 1.91e-04 | Render_L1: 0.0274 | Alpha_L1: 0.0358 | Render_LPIPS: 0.2088 | cos(c,null): +0.1093 | GradNorm: 0.0290 | MSE/t: [0.00-0.50]0.505(n=6302) [0.50-0.85]0.142(n=6007) [0.85-0.95]0.024(n=476) [0.95-1.00]0.011(n=15)
2026-05-02 03:33:47,867 - INFO - [render-loss] step=28400 kept 37/64 samples (t_value >= 0.50)
2026-05-02 03:35:42,914 - INFO - Step   28600 | Epoch  28 | MSE: 0.3197 | Steps/sec: 1.74 | LR: 1.91e-04 | Render_L1: 0.0275 | Alpha_L1: 0.0365 | Render_LPIPS: 0.2097 | cos(c,null): +0.1107 | GradNorm: 0.0289 | MSE/t: [0.00-0.50]0.504(n=6448) [0.50-0.85]0.143(n=5827) [0.85-0.95]0.025(n=503) [0.95-1.00]0.014(n=22)
2026-05-02 03:35:43,016 - INFO - [render-loss] step=28600 kept 35/64 samples (t_value >= 0.50)
2026-05-02 03:37:38,671 - INFO - Step   28800 | Epoch  29 | MSE: 0.3153 | Steps/sec: 1.73 | LR: 1.91e-04 | Render_L1: 0.0266 | Alpha_L1: 0.0353 | Render_LPIPS: 0.2068 | cos(c,null): +0.1125 | GradNorm: 0.0292 | MSE/t: [0.00-0.50]0.505(n=6273) [0.50-0.85]0.142(n=6005) [0.85-0.95]0.024(n=497) [0.95-1.00]0.015(n=25)
2026-05-02 03:37:38,773 - INFO - [render-loss] step=28800 kept 34/64 samples (t_value >= 0.50)
2026-05-02 03:39:33,851 - INFO - Step   29000 | Epoch  29 | MSE: 0.3202 | Steps/sec: 1.74 | LR: 1.90e-04 | Render_L1: 0.0271 | Alpha_L1: 0.0356 | Render_LPIPS: 0.2083 | cos(c,null): +0.1140 | GradNorm: 0.0299 | MSE/t: [0.00-0.50]0.507(n=6413) [0.50-0.85]0.143(n=5831) [0.85-0.95]0.024(n=535) [0.95-1.00]0.014(n=21)
2026-05-02 03:39:34,064 - INFO - [cond] cfg_signal=0.0458 (min=0.0289 max=0.0693, n=16) | class_signal=0.0531 (min=0.0242 max=0.0821, n=16) | pred_rms=0.8983
2026-05-02 03:39:42,480 - INFO - [validation] saved: output/jit_B8_postfix_20260501_234201/dit_validation/epoch_029_step_0029000_class047.png (class=47, sampler=heun, steps=100)
2026-05-02 03:39:43,676 - INFO - [overrides] applied from jit/configs/overrides.yaml: lr_scale=1.0 max_grad_norm=5.0 null_repel_weight=0.0 P_mean=0.0
2026-05-02 03:39:43,774 - INFO - [render-loss] step=29000 kept 30/64 samples (t_value >= 0.50)
2026-05-02 03:41:39,108 - INFO - Step   29200 | Epoch  29 | MSE: 0.3167 | Steps/sec: 1.60 | LR: 1.90e-04 | Render_L1: 0.0270 | Alpha_L1: 0.0355 | Render_LPIPS: 0.2067 | cos(c,null): +0.1155 | GradNorm: 0.0293 | MSE/t: [0.00-0.50]0.503(n=6353) [0.50-0.85]0.142(n=5948) [0.85-0.95]0.025(n=477) [0.95-1.00]0.014(n=22)
2026-05-02 03:41:39,211 - INFO - [render-loss] step=29200 kept 34/64 samples (t_value >= 0.50)
2026-05-02 03:43:34,385 - INFO - Step   29400 | Epoch  29 | MSE: 0.3237 | Steps/sec: 1.73 | LR: 1.90e-04 | Render_L1: 0.0270 | Alpha_L1: 0.0355 | Render_LPIPS: 0.2075 | cos(c,null): +0.1173 | GradNorm: 0.0297 | MSE/t: [0.00-0.50]0.506(n=6544) [0.50-0.85]0.142(n=5755) [0.85-0.95]0.025(n=480) [0.95-1.00]0.014(n=21)
2026-05-02 03:43:34,486 - INFO - [render-loss] step=29400 kept 23/64 samples (t_value >= 0.50)
2026-05-02 03:45:29,533 - INFO - Step   29600 | Epoch  29 | MSE: 0.3171 | Steps/sec: 1.74 | LR: 1.90e-04 | Render_L1: 0.0270 | Alpha_L1: 0.0355 | Render_LPIPS: 0.2080 | cos(c,null): +0.1187 | GradNorm: 0.0317 | MSE/t: [0.00-0.50]0.503(n=6367) [0.50-0.85]0.143(n=5917) [0.85-0.95]0.025(n=496) [0.95-1.00]0.013(n=20)
2026-05-02 03:45:29,635 - INFO - [render-loss] step=29600 kept 34/64 samples (t_value >= 0.50)
2026-05-02 03:47:25,291 - INFO - Step   29800 | Epoch  30 | MSE: 0.3183 | Steps/sec: 1.73 | LR: 1.90e-04 | Render_L1: 0.0269 | Alpha_L1: 0.0346 | Render_LPIPS: 0.2068 | cos(c,null): +0.1196 | GradNorm: 0.0307 | MSE/t: [0.00-0.50]0.505(n=6372) [0.50-0.85]0.143(n=5893) [0.85-0.95]0.024(n=511) [0.95-1.00]0.014(n=24)
2026-05-02 03:47:25,393 - INFO - [render-loss] step=29800 kept 36/64 samples (t_value >= 0.50)
2026-05-02 03:49:20,652 - INFO - Step   30000 | Epoch  30 | MSE: 0.3186 | Steps/sec: 1.73 | LR: 1.90e-04 | Render_L1: 0.0266 | Alpha_L1: 0.0347 | Render_LPIPS: 0.2058 | cos(c,null): +0.1211 | GradNorm: 0.0321 | MSE/t: [0.00-0.50]0.503(n=6424) [0.50-0.85]0.143(n=5826) [0.85-0.95]0.025(n=530) [0.95-1.00]0.013(n=20)
2026-05-02 03:49:20,866 - INFO - [cond] cfg_signal=0.0453 (min=0.0244 max=0.0728, n=16) | class_signal=0.0487 (min=0.0224 max=0.0799, n=16) | pred_rms=0.8822
2026-05-02 03:49:29,257 - INFO - [validation] saved: output/jit_B8_postfix_20260501_234201/dit_validation/epoch_030_step_0030000_class090.png (class=90, sampler=heun, steps=100)
2026-05-02 03:49:30,485 - INFO - [overrides] applied from jit/configs/overrides.yaml: lr_scale=1.0 max_grad_norm=5.0 null_repel_weight=0.0 P_mean=0.0
2026-05-02 03:49:30,583 - INFO - [render-loss] step=30000 kept 30/64 samples (t_value >= 0.50)
2026-05-02 03:51:25,841 - INFO - Step   30200 | Epoch  30 | MSE: 0.3185 | Steps/sec: 1.60 | LR: 1.90e-04 | Render_L1: 0.0270 | Alpha_L1: 0.0355 | Render_LPIPS: 0.2076 | cos(c,null): +0.1225 | GradNorm: 0.0322 | MSE/t: [0.00-0.50]0.506(n=6344) [0.50-0.85]0.144(n=5919) [0.85-0.95]0.024(n=518) [0.95-1.00]0.014(n=19)
2026-05-02 03:51:25,942 - INFO - [render-loss] step=30200 kept 35/64 samples (t_value >= 0.50)
2026-05-02 03:53:21,283 - INFO - Step   30400 | Epoch  30 | MSE: 0.3193 | Steps/sec: 1.73 | LR: 1.89e-04 | Render_L1: 0.0272 | Alpha_L1: 0.0356 | Render_LPIPS: 0.2082 | cos(c,null): +0.1235 | GradNorm: 0.0330 | MSE/t: [0.00-0.50]0.506(n=6393) [0.50-0.85]0.143(n=5885) [0.85-0.95]0.024(n=506) [0.95-1.00]0.016(n=16)
2026-05-02 03:53:21,385 - INFO - [render-loss] step=30400 kept 26/64 samples (t_value >= 0.50)
2026-05-02 03:55:16,722 - INFO - Step   30600 | Epoch  30 | MSE: 0.3183 | Steps/sec: 1.73 | LR: 1.89e-04 | Render_L1: 0.0266 | Alpha_L1: 0.0345 | Render_LPIPS: 0.2055 | cos(c,null): +0.1255 | GradNorm: 0.0320 | MSE/t: [0.00-0.50]0.506(n=6396) [0.50-0.85]0.141(n=5840) [0.85-0.95]0.025(n=535) [0.95-1.00]0.018(n=29)
2026-05-02 03:55:16,824 - INFO - [render-loss] step=30600 kept 33/64 samples (t_value >= 0.50)
2026-05-02 03:57:12,049 - INFO - Step   30800 | Epoch  31 | MSE: 0.3201 | Steps/sec: 1.73 | LR: 1.89e-04 | Render_L1: 0.0269 | Alpha_L1: 0.0351 | Render_LPIPS: 0.2064 | cos(c,null): +0.1271 | GradNorm: 0.0325 | MSE/t: [0.00-0.50]0.505(n=6436) [0.50-0.85]0.143(n=5817) [0.85-0.95]0.025(n=526) [0.95-1.00]0.015(n=21)
2026-05-02 03:57:12,151 - INFO - [render-loss] step=30800 kept 32/64 samples (t_value >= 0.50)
2026-05-02 03:59:07,807 - INFO - Step   31000 | Epoch  31 | MSE: 0.3194 | Steps/sec: 1.73 | LR: 1.89e-04 | Render_L1: 0.0271 | Alpha_L1: 0.0355 | Render_LPIPS: 0.2073 | cos(c,null): +0.1281 | GradNorm: 0.0332 | MSE/t: [0.00-0.50]0.504(n=6429) [0.50-0.85]0.142(n=5861) [0.85-0.95]0.025(n=492) [0.95-1.00]0.016(n=18)
2026-05-02 03:59:08,017 - INFO - [cond] cfg_signal=0.0429 (min=0.0264 max=0.0611, n=16) | class_signal=0.0486 (min=0.0234 max=0.0728, n=16) | pred_rms=0.8730
2026-05-02 03:59:16,381 - INFO - [validation] saved: output/jit_B8_postfix_20260501_234201/dit_validation/epoch_031_step_0031000_class005.png (class=5, sampler=heun, steps=100)
2026-05-02 03:59:17,594 - INFO - [overrides] applied from jit/configs/overrides.yaml: lr_scale=1.0 max_grad_norm=5.0 null_repel_weight=0.0 P_mean=0.0
2026-05-02 03:59:17,691 - INFO - [render-loss] step=31000 kept 30/64 samples (t_value >= 0.50)
2026-05-02 04:01:12,727 - INFO - Step   31200 | Epoch  31 | MSE: 0.3226 | Steps/sec: 1.60 | LR: 1.89e-04 | Render_L1: 0.0267 | Alpha_L1: 0.0348 | Render_LPIPS: 0.2051 | cos(c,null): +0.1293 | GradNorm: 0.0346 | MSE/t: [0.00-0.50]0.505(n=6514) [0.50-0.85]0.143(n=5766) [0.85-0.95]0.025(n=505) [0.95-1.00]0.011(n=15)
2026-05-02 04:01:12,829 - INFO - [render-loss] step=31200 kept 37/64 samples (t_value >= 0.50)
2026-05-02 04:03:08,104 - INFO - Step   31400 | Epoch  31 | MSE: 0.3155 | Steps/sec: 1.73 | LR: 1.89e-04 | Render_L1: 0.0264 | Alpha_L1: 0.0347 | Render_LPIPS: 0.2048 | cos(c,null): +0.1305 | GradNorm: 0.0340 | MSE/t: [0.00-0.50]0.505(n=6292) [0.50-0.85]0.142(n=5957) [0.85-0.95]0.025(n=535) [0.95-1.00]0.023(n=16)
2026-05-02 04:03:08,207 - INFO - [render-loss] step=31400 kept 28/64 samples (t_value >= 0.50)
2026-05-02 04:05:02,932 - INFO - Step   31600 | Epoch  31 | MSE: 0.3211 | Steps/sec: 1.74 | LR: 1.89e-04 | Render_L1: 0.0264 | Alpha_L1: 0.0345 | Render_LPIPS: 0.2056 | cos(c,null): +0.1321 | GradNorm: 0.0340 | MSE/t: [0.00-0.50]0.506(n=6456) [0.50-0.85]0.144(n=5788) [0.85-0.95]0.025(n=536) [0.95-1.00]0.018(n=20)
2026-05-02 04:05:03,033 - INFO - [render-loss] step=31600 kept 36/64 samples (t_value >= 0.50)
2026-05-02 04:06:58,529 - INFO - Step   31800 | Epoch  32 | MSE: 0.3194 | Steps/sec: 1.73 | LR: 1.88e-04 | Render_L1: 0.0263 | Alpha_L1: 0.0340 | Render_LPIPS: 0.2034 | cos(c,null): +0.1329 | GradNorm: 0.0340 | MSE/t: [0.00-0.50]0.505(n=6425) [0.50-0.85]0.142(n=5826) [0.85-0.95]0.024(n=520) [0.95-1.00]0.015(n=29)
2026-05-02 04:06:58,631 - INFO - [render-loss] step=31800 kept 32/64 samples (t_value >= 0.50)
2026-05-02 04:08:54,267 - INFO - Step   32000 | Epoch  32 | MSE: 0.3192 | Steps/sec: 1.73 | LR: 1.88e-04 | Render_L1: 0.0265 | Alpha_L1: 0.0344 | Render_LPIPS: 0.2048 | cos(c,null): +0.1345 | GradNorm: 0.0353 | MSE/t: [0.00-0.50]0.505(n=6418) [0.50-0.85]0.142(n=5852) [0.85-0.95]0.025(n=518) [0.95-1.00]0.017(n=12)
2026-05-02 04:08:54,478 - INFO - [cond] cfg_signal=0.0413 (min=0.0248 max=0.0607, n=16) | class_signal=0.0486 (min=0.0228 max=0.0736, n=16) | pred_rms=0.8794
2026-05-02 04:09:02,864 - INFO - [validation] saved: output/jit_B8_postfix_20260501_234201/dit_validation/epoch_032_step_0032000_class017.png (class=17, sampler=heun, steps=100)
2026-05-02 04:09:04,096 - INFO - [overrides] applied from jit/configs/overrides.yaml: lr_scale=1.0 max_grad_norm=5.0 null_repel_weight=0.0 P_mean=0.0
2026-05-02 04:09:04,193 - INFO - [render-loss] step=32000 kept 35/64 samples (t_value >= 0.50)
2026-05-02 04:10:59,557 - INFO - Step   32200 | Epoch  32 | MSE: 0.3183 | Steps/sec: 1.60 | LR: 1.88e-04 | Render_L1: 0.0267 | Alpha_L1: 0.0353 | Render_LPIPS: 0.2064 | cos(c,null): +0.1368 | GradNorm: 0.0344 | MSE/t: [0.00-0.50]0.503(n=6395) [0.50-0.85]0.144(n=5880) [0.85-0.95]0.025(n=509) [0.95-1.00]0.013(n=16)
2026-05-02 04:10:59,659 - INFO - [render-loss] step=32200 kept 24/64 samples (t_value >= 0.50)
2026-05-02 04:12:54,275 - INFO - Step   32400 | Epoch  32 | MSE: 0.3212 | Steps/sec: 1.74 | LR: 1.88e-04 | Render_L1: 0.0265 | Alpha_L1: 0.0344 | Render_LPIPS: 0.2049 | cos(c,null): +0.1374 | GradNorm: 0.0359 | MSE/t: [0.00-0.50]0.503(n=6497) [0.50-0.85]0.144(n=5790) [0.85-0.95]0.025(n=490) [0.95-1.00]0.017(n=23)
2026-05-02 04:12:54,378 - INFO - [render-loss] step=32400 kept 33/64 samples (t_value >= 0.50)
2026-05-02 04:14:49,387 - INFO - Step   32600 | Epoch  32 | MSE: 0.3217 | Steps/sec: 1.74 | LR: 1.88e-04 | Render_L1: 0.0263 | Alpha_L1: 0.0343 | Render_LPIPS: 0.2045 | cos(c,null): +0.1393 | GradNorm: 0.0346 | MSE/t: [0.00-0.50]0.506(n=6498) [0.50-0.85]0.142(n=5779) [0.85-0.95]0.025(n=500) [0.95-1.00]0.014(n=23)
2026-05-02 04:14:49,489 - INFO - [render-loss] step=32600 kept 26/64 samples (t_value >= 0.50)
2026-05-02 04:16:44,468 - INFO - Step   32800 | Epoch  33 | MSE: 0.3210 | Steps/sec: 1.74 | LR: 1.88e-04 | Render_L1: 0.0264 | Alpha_L1: 0.0346 | Render_LPIPS: 0.2041 | cos(c,null): +0.1407 | GradNorm: 0.0366 | MSE/t: [0.00-0.50]0.505(n=6443) [0.50-0.85]0.143(n=5881) [0.85-0.95]0.025(n=452) [0.95-1.00]0.017(n=24)
2026-05-02 04:16:44,571 - INFO - [render-loss] step=32800 kept 36/64 samples (t_value >= 0.50)
2026-05-02 04:18:39,403 - INFO - Step   33000 | Epoch  33 | MSE: 0.3185 | Steps/sec: 1.74 | LR: 1.88e-04 | Render_L1: 0.0261 | Alpha_L1: 0.0338 | Render_LPIPS: 0.2035 | cos(c,null): +0.1415 | GradNorm: 0.0362 | MSE/t: [0.00-0.50]0.501(n=6471) [0.50-0.85]0.143(n=5782) [0.85-0.95]0.025(n=529) [0.95-1.00]0.013(n=18)
2026-05-02 04:18:39,616 - INFO - [cond] cfg_signal=0.0424 (min=0.0246 max=0.0652, n=16) | class_signal=0.0486 (min=0.0217 max=0.0762, n=16) | pred_rms=0.8884
2026-05-02 04:18:48,038 - INFO - [validation] saved: output/jit_B8_postfix_20260501_234201/dit_validation/epoch_033_step_0033000_class016.png (class=16, sampler=heun, steps=100)
2026-05-02 04:18:49,260 - INFO - [overrides] applied from jit/configs/overrides.yaml: lr_scale=1.0 max_grad_norm=5.0 null_repel_weight=0.0 P_mean=0.0
2026-05-02 04:18:49,357 - INFO - [render-loss] step=33000 kept 40/64 samples (t_value >= 0.50)
2026-05-02 04:20:44,982 - INFO - Step   33200 | Epoch  33 | MSE: 0.3197 | Steps/sec: 1.60 | LR: 1.87e-04 | Render_L1: 0.0260 | Alpha_L1: 0.0336 | Render_LPIPS: 0.2025 | cos(c,null): +0.1429 | GradNorm: 0.0368 | MSE/t: [0.00-0.50]0.507(n=6403) [0.50-0.85]0.142(n=5870) [0.85-0.95]0.025(n=515) [0.95-1.00]0.015(n=12)
2026-05-02 04:20:45,085 - INFO - [render-loss] step=33200 kept 32/64 samples (t_value >= 0.50)
2026-05-02 04:22:40,160 - INFO - Step   33400 | Epoch  33 | MSE: 0.3195 | Steps/sec: 1.74 | LR: 1.87e-04 | Render_L1: 0.0263 | Alpha_L1: 0.0339 | Render_LPIPS: 0.2032 | cos(c,null): +0.1446 | GradNorm: 0.0362 | MSE/t: [0.00-0.50]0.506(n=6416) [0.50-0.85]0.143(n=5808) [0.85-0.95]0.025(n=556) [0.95-1.00]0.016(n=20)
2026-05-02 04:22:40,261 - INFO - [render-loss] step=33400 kept 34/64 samples (t_value >= 0.50)
2026-05-02 04:24:35,829 - INFO - Step   33600 | Epoch  33 | MSE: 0.3239 | Steps/sec: 1.73 | LR: 1.87e-04 | Render_L1: 0.0263 | Alpha_L1: 0.0344 | Render_LPIPS: 0.2040 | cos(c,null): +0.1459 | GradNorm: 0.0368 | MSE/t: [0.00-0.50]0.510(n=6451) [0.50-0.85]0.145(n=5795) [0.85-0.95]0.026(n=530) [0.95-1.00]0.016(n=24)
2026-05-02 04:24:35,931 - INFO - [render-loss] step=33600 kept 36/64 samples (t_value >= 0.50)
2026-05-02 04:26:31,292 - INFO - Step   33800 | Epoch  34 | MSE: 0.3170 | Steps/sec: 1.73 | LR: 1.87e-04 | Render_L1: 0.0259 | Alpha_L1: 0.0333 | Render_LPIPS: 0.2017 | cos(c,null): +0.1475 | GradNorm: 0.0380 | MSE/t: [0.00-0.50]0.504(n=6379) [0.50-0.85]0.141(n=5870) [0.85-0.95]0.025(n=533) [0.95-1.00]0.016(n=18)
2026-05-02 04:26:31,396 - INFO - [render-loss] step=33800 kept 27/64 samples (t_value >= 0.50)
2026-05-02 04:28:26,428 - INFO - Step   34000 | Epoch  34 | MSE: 0.3225 | Steps/sec: 1.74 | LR: 1.87e-04 | Render_L1: 0.0260 | Alpha_L1: 0.0336 | Render_LPIPS: 0.2026 | cos(c,null): +0.1487 | GradNorm: 0.0367 | MSE/t: [0.00-0.50]0.505(n=6502) [0.50-0.85]0.144(n=5763) [0.85-0.95]0.025(n=515) [0.95-1.00]0.014(n=20)
2026-05-02 04:28:26,642 - INFO - [cond] cfg_signal=0.0427 (min=0.0234 max=0.0611, n=16) | class_signal=0.0474 (min=0.0249 max=0.0718, n=16) | pred_rms=0.8602
2026-05-02 04:28:34,950 - INFO - [validation] saved: output/jit_B8_postfix_20260501_234201/dit_validation/epoch_034_step_0034000_class036.png (class=36, sampler=heun, steps=100)
2026-05-02 04:28:36,669 - INFO - [overrides] applied from jit/configs/overrides.yaml: lr_scale=1.0 max_grad_norm=5.0 null_repel_weight=0.0 P_mean=0.0
2026-05-02 04:28:36,766 - INFO - [render-loss] step=34000 kept 35/64 samples (t_value >= 0.50)
2026-05-02 04:30:31,944 - INFO - Step   34200 | Epoch  34 | MSE: 0.3221 | Steps/sec: 1.60 | LR: 1.87e-04 | Render_L1: 0.0265 | Alpha_L1: 0.0342 | Render_LPIPS: 0.2041 | cos(c,null): +0.1500 | GradNorm: 0.0393 | MSE/t: [0.00-0.50]0.506(n=6488) [0.50-0.85]0.143(n=5785) [0.85-0.95]0.025(n=507) [0.95-1.00]0.012(n=20)
2026-05-02 04:30:32,047 - INFO - [render-loss] step=34200 kept 32/64 samples (t_value >= 0.50)
2026-05-02 04:32:27,134 - INFO - Step   34400 | Epoch  34 | MSE: 0.3171 | Steps/sec: 1.74 | LR: 1.87e-04 | Render_L1: 0.0264 | Alpha_L1: 0.0340 | Render_LPIPS: 0.2035 | cos(c,null): +0.1511 | GradNorm: 0.0380 | MSE/t: [0.00-0.50]0.502(n=6374) [0.50-0.85]0.144(n=5866) [0.85-0.95]0.026(n=533) [0.95-1.00]0.014(n=27)
2026-05-02 04:32:27,236 - INFO - [render-loss] step=34400 kept 31/64 samples (t_value >= 0.50)
2026-05-02 04:34:22,311 - INFO - Step   34600 | Epoch  34 | MSE: 0.3208 | Steps/sec: 1.74 | LR: 1.86e-04 | Render_L1: 0.0264 | Alpha_L1: 0.0338 | Render_LPIPS: 0.2035 | cos(c,null): +0.1525 | GradNorm: 0.0389 | MSE/t: [0.00-0.50]0.506(n=6456) [0.50-0.85]0.141(n=5841) [0.85-0.95]0.025(n=479) [0.95-1.00]0.015(n=24)
2026-05-02 04:34:22,413 - INFO - [render-loss] step=34600 kept 35/64 samples (t_value >= 0.50)
2026-05-02 04:36:17,961 - INFO - Step   34800 | Epoch  35 | MSE: 0.3178 | Steps/sec: 1.73 | LR: 1.86e-04 | Render_L1: 0.0258 | Alpha_L1: 0.0333 | Render_LPIPS: 0.2018 | cos(c,null): +0.1540 | GradNorm: 0.0393 | MSE/t: [0.00-0.50]0.503(n=6372) [0.50-0.85]0.144(n=5886) [0.85-0.95]0.025(n=526) [0.95-1.00]0.015(n=16)
2026-05-02 04:36:18,063 - INFO - [render-loss] step=34800 kept 35/64 samples (t_value >= 0.50)
2026-05-02 04:38:13,487 - INFO - Step   35000 | Epoch  35 | MSE: 0.3181 | Steps/sec: 1.73 | LR: 1.86e-04 | Render_L1: 0.0262 | Alpha_L1: 0.0339 | Render_LPIPS: 0.2026 | cos(c,null): +0.1549 | GradNorm: 0.0395 | MSE/t: [0.00-0.50]0.508(n=6352) [0.50-0.85]0.141(n=5933) [0.85-0.95]0.025(n=493) [0.95-1.00]0.015(n=22)
2026-05-02 04:38:13,695 - INFO - [cond] cfg_signal=0.0418 (min=0.0250 max=0.0617, n=16) | class_signal=0.0476 (min=0.0205 max=0.0721, n=16) | pred_rms=0.8852
2026-05-02 04:38:22,053 - INFO - [validation] saved: output/jit_B8_postfix_20260501_234201/dit_validation/epoch_035_step_0035000_class037.png (class=37, sampler=heun, steps=100)
2026-05-02 04:38:23,315 - INFO - [overrides] applied from jit/configs/overrides.yaml: lr_scale=1.0 max_grad_norm=5.0 null_repel_weight=0.0 P_mean=0.0
2026-05-02 04:38:23,411 - INFO - [render-loss] step=35000 kept 36/64 samples (t_value >= 0.50)
2026-05-02 04:40:18,531 - INFO - Step   35200 | Epoch  35 | MSE: 0.3202 | Steps/sec: 1.60 | LR: 1.86e-04 | Render_L1: 0.0263 | Alpha_L1: 0.0341 | Render_LPIPS: 0.2042 | cos(c,null): +0.1565 | GradNorm: 0.0383 | MSE/t: [0.00-0.50]0.504(n=6455) [0.50-0.85]0.143(n=5817) [0.85-0.95]0.026(n=506) [0.95-1.00]0.018(n=22)
2026-05-02 04:40:18,634 - INFO - [render-loss] step=35200 kept 20/64 samples (t_value >= 0.50)
2026-05-02 04:42:13,499 - INFO - Step   35400 | Epoch  35 | MSE: 0.3208 | Steps/sec: 1.74 | LR: 1.86e-04 | Render_L1: 0.0259 | Alpha_L1: 0.0334 | Render_LPIPS: 0.2018 | cos(c,null): +0.1585 | GradNorm: 0.0411 | MSE/t: [0.00-0.50]0.506(n=6464) [0.50-0.85]0.142(n=5797) [0.85-0.95]0.025(n=507) [0.95-1.00]0.017(n=32)
2026-05-02 04:42:13,601 - INFO - [render-loss] step=35400 kept 34/64 samples (t_value >= 0.50)
2026-05-02 04:44:09,129 - INFO - Step   35600 | Epoch  35 | MSE: 0.3167 | Steps/sec: 1.73 | LR: 1.86e-04 | Render_L1: 0.0258 | Alpha_L1: 0.0328 | Render_LPIPS: 0.2016 | cos(c,null): +0.1596 | GradNorm: 0.0406 | MSE/t: [0.00-0.50]0.509(n=6273) [0.50-0.85]0.141(n=6013) [0.85-0.95]0.026(n=486) [0.95-1.00]0.014(n=28)
2026-05-02 04:44:09,230 - INFO - [render-loss] step=35600 kept 36/64 samples (t_value >= 0.50)
2026-05-02 04:46:04,690 - INFO - Step   35800 | Epoch  36 | MSE: 0.3164 | Steps/sec: 1.73 | LR: 1.85e-04 | Render_L1: 0.0258 | Alpha_L1: 0.0328 | Render_LPIPS: 0.2012 | cos(c,null): +0.1609 | GradNorm: 0.0408 | MSE/t: [0.00-0.50]0.503(n=6357) [0.50-0.85]0.142(n=5891) [0.85-0.95]0.025(n=533) [0.95-1.00]0.015(n=19)
2026-05-02 04:46:04,792 - INFO - [render-loss] step=35800 kept 35/64 samples (t_value >= 0.50)
2026-05-02 04:47:59,808 - INFO - Step   36000 | Epoch  36 | MSE: 0.3205 | Steps/sec: 1.74 | LR: 1.85e-04 | Render_L1: 0.0256 | Alpha_L1: 0.0330 | Render_LPIPS: 0.2011 | cos(c,null): +0.1615 | GradNorm: 0.0403 | MSE/t: [0.00-0.50]0.507(n=6401) [0.50-0.85]0.144(n=5864) [0.85-0.95]0.026(n=514) [0.95-1.00]0.014(n=21)
2026-05-02 04:48:00,019 - INFO - [cond] cfg_signal=0.0426 (min=0.0245 max=0.0642, n=16) | class_signal=0.0478 (min=0.0248 max=0.0793, n=16) | pred_rms=0.9027
2026-05-02 04:48:08,367 - INFO - [validation] saved: output/jit_B8_postfix_20260501_234201/dit_validation/epoch_036_step_0036000_class099.png (class=99, sampler=heun, steps=100)
2026-05-02 04:48:09,631 - INFO - [overrides] applied from jit/configs/overrides.yaml: lr_scale=1.0 max_grad_norm=5.0 null_repel_weight=0.0 P_mean=0.0
2026-05-02 04:48:09,729 - INFO - [render-loss] step=36000 kept 33/64 samples (t_value >= 0.50)
2026-05-02 04:50:05,991 - INFO - Step   36200 | Epoch  36 | MSE: 0.3204 | Steps/sec: 1.59 | LR: 1.85e-04 | Render_L1: 0.0255 | Alpha_L1: 0.0329 | Render_LPIPS: 0.1998 | cos(c,null): +0.1619 | GradNorm: 0.0404 | MSE/t: [0.00-0.50]0.507(n=6423) [0.50-0.85]0.142(n=5855) [0.85-0.95]0.025(n=497) [0.95-1.00]0.015(n=25)
2026-05-02 04:50:06,094 - INFO - [render-loss] step=36200 kept 27/64 samples (t_value >= 0.50)
2026-05-02 04:52:01,214 - INFO - Step   36400 | Epoch  36 | MSE: 0.3195 | Steps/sec: 1.74 | LR: 1.85e-04 | Render_L1: 0.0259 | Alpha_L1: 0.0334 | Render_LPIPS: 0.2010 | cos(c,null): +0.1642 | GradNorm: 0.0409 | MSE/t: [0.00-0.50]0.503(n=6417) [0.50-0.85]0.145(n=5859) [0.85-0.95]0.025(n=498) [0.95-1.00]0.015(n=26)
2026-05-02 04:52:01,316 - INFO - [render-loss] step=36400 kept 35/64 samples (t_value >= 0.50)
2026-05-02 04:53:56,132 - INFO - Step   36600 | Epoch  36 | MSE: 0.3197 | Steps/sec: 1.74 | LR: 1.85e-04 | Render_L1: 0.0253 | Alpha_L1: 0.0329 | Render_LPIPS: 0.1991 | cos(c,null): +0.1644 | GradNorm: 0.0422 | MSE/t: [0.00-0.50]0.504(n=6456) [0.50-0.85]0.142(n=5802) [0.85-0.95]0.026(n=528) [0.95-1.00]0.013(n=14)
2026-05-02 04:53:56,235 - INFO - [render-loss] step=36600 kept 25/64 samples (t_value >= 0.50)
2026-05-02 04:55:51,222 - INFO - Step   36800 | Epoch  37 | MSE: 0.3170 | Steps/sec: 1.74 | LR: 1.85e-04 | Render_L1: 0.0259 | Alpha_L1: 0.0334 | Render_LPIPS: 0.2020 | cos(c,null): +0.1654 | GradNorm: 0.0423 | MSE/t: [0.00-0.50]0.501(n=6390) [0.50-0.85]0.143(n=5873) [0.85-0.95]0.025(n=518) [0.95-1.00]0.015(n=19)
2026-05-02 04:55:51,325 - INFO - [render-loss] step=36800 kept 29/64 samples (t_value >= 0.50)
2026-05-02 04:57:46,282 - INFO - Step   37000 | Epoch  37 | MSE: 0.3205 | Steps/sec: 1.74 | LR: 1.84e-04 | Render_L1: 0.0257 | Alpha_L1: 0.0328 | Render_LPIPS: 0.2006 | cos(c,null): +0.1666 | GradNorm: 0.0439 | MSE/t: [0.00-0.50]0.506(n=6440) [0.50-0.85]0.142(n=5867) [0.85-0.95]0.025(n=470) [0.95-1.00]0.015(n=23)
2026-05-02 04:57:46,495 - INFO - [cond] cfg_signal=0.0426 (min=0.0271 max=0.0628, n=16) | class_signal=0.0454 (min=0.0217 max=0.0715, n=16) | pred_rms=0.8834
2026-05-02 04:57:54,800 - INFO - [validation] saved: output/jit_B8_postfix_20260501_234201/dit_validation/epoch_037_step_0037000_class066.png (class=66, sampler=heun, steps=100)
2026-05-02 04:57:56,053 - INFO - [overrides] applied from jit/configs/overrides.yaml: lr_scale=1.0 max_grad_norm=5.0 null_repel_weight=0.0 P_mean=0.0
2026-05-02 04:57:56,150 - INFO - [render-loss] step=37000 kept 34/64 samples (t_value >= 0.50)
2026-05-02 04:59:51,441 - INFO - Step   37200 | Epoch  37 | MSE: 0.3199 | Steps/sec: 1.60 | LR: 1.84e-04 | Render_L1: 0.0255 | Alpha_L1: 0.0329 | Render_LPIPS: 0.1999 | cos(c,null): +0.1674 | GradNorm: 0.0414 | MSE/t: [0.00-0.50]0.507(n=6405) [0.50-0.85]0.143(n=5845) [0.85-0.95]0.026(n=524) [0.95-1.00]0.016(n=26)
2026-05-02 04:59:51,543 - INFO - [render-loss] step=37200 kept 38/64 samples (t_value >= 0.50)
2026-05-02 05:01:47,135 - INFO - Step   37400 | Epoch  37 | MSE: 0.3179 | Steps/sec: 1.73 | LR: 1.84e-04 | Render_L1: 0.0256 | Alpha_L1: 0.0325 | Render_LPIPS: 0.1999 | cos(c,null): +0.1685 | GradNorm: 0.0413 | MSE/t: [0.00-0.50]0.507(n=6321) [0.50-0.85]0.143(n=5951) [0.85-0.95]0.025(n=502) [0.95-1.00]0.016(n=26)
2026-05-02 05:01:47,237 - INFO - [render-loss] step=37400 kept 31/64 samples (t_value >= 0.50)
2026-05-02 05:03:42,349 - INFO - Step   37600 | Epoch  37 | MSE: 0.3173 | Steps/sec: 1.74 | LR: 1.84e-04 | Render_L1: 0.0253 | Alpha_L1: 0.0329 | Render_LPIPS: 0.1994 | cos(c,null): +0.1698 | GradNorm: 0.0443 | MSE/t: [0.00-0.50]0.505(n=6352) [0.50-0.85]0.143(n=5917) [0.85-0.95]0.026(n=507) [0.95-1.00]0.014(n=24)
2026-05-02 05:03:42,451 - INFO - [render-loss] step=37600 kept 30/64 samples (t_value >= 0.50)
2026-05-02 05:05:37,853 - INFO - Step   37800 | Epoch  38 | MSE: 0.3171 | Steps/sec: 1.73 | LR: 1.84e-04 | Render_L1: 0.0260 | Alpha_L1: 0.0326 | Render_LPIPS: 0.2016 | cos(c,null): +0.1715 | GradNorm: 0.0429 | MSE/t: [0.00-0.50]0.503(n=6345) [0.50-0.85]0.144(n=5935) [0.85-0.95]0.024(n=496) [0.95-1.00]0.017(n=24)
2026-05-02 05:05:37,956 - INFO - [render-loss] step=37800 kept 31/64 samples (t_value >= 0.50)
2026-05-02 05:07:32,842 - INFO - Step   38000 | Epoch  38 | MSE: 0.3183 | Steps/sec: 1.74 | LR: 1.84e-04 | Render_L1: 0.0258 | Alpha_L1: 0.0327 | Render_LPIPS: 0.1999 | cos(c,null): +0.1723 | GradNorm: 0.0427 | MSE/t: [0.00-0.50]0.503(n=6444) [0.50-0.85]0.141(n=5821) [0.85-0.95]0.025(n=509) [0.95-1.00]0.017(n=26)
2026-05-02 05:07:33,053 - INFO - [cond] cfg_signal=0.0427 (min=0.0272 max=0.0615, n=16) | class_signal=0.0466 (min=0.0184 max=0.0685, n=16) | pred_rms=0.8776
2026-05-02 05:07:41,373 - INFO - [validation] saved: output/jit_B8_postfix_20260501_234201/dit_validation/epoch_038_step_0038000_class059.png (class=59, sampler=heun, steps=100)
2026-05-02 05:07:42,628 - INFO - [overrides] applied from jit/configs/overrides.yaml: lr_scale=1.0 max_grad_norm=5.0 null_repel_weight=0.0 P_mean=0.0
2026-05-02 05:07:42,725 - INFO - [render-loss] step=38000 kept 36/64 samples (t_value >= 0.50)
2026-05-02 05:09:37,897 - INFO - Step   38200 | Epoch  38 | MSE: 0.3198 | Steps/sec: 1.60 | LR: 1.83e-04 | Render_L1: 0.0254 | Alpha_L1: 0.0322 | Render_LPIPS: 0.1982 | cos(c,null): +0.1736 | GradNorm: 0.0434 | MSE/t: [0.00-0.50]0.505(n=6405) [0.50-0.85]0.144(n=5864) [0.85-0.95]0.025(n=512) [0.95-1.00]0.014(n=19)
2026-05-02 05:09:38,000 - INFO - [render-loss] step=38200 kept 24/64 samples (t_value >= 0.50)
2026-05-02 05:11:33,091 - INFO - Step   38400 | Epoch  38 | MSE: 0.3195 | Steps/sec: 1.74 | LR: 1.83e-04 | Render_L1: 0.0258 | Alpha_L1: 0.0329 | Render_LPIPS: 0.2005 | cos(c,null): +0.1737 | GradNorm: 0.0431 | MSE/t: [0.00-0.50]0.503(n=6451) [0.50-0.85]0.143(n=5783) [0.85-0.95]0.025(n=548) [0.95-1.00]0.016(n=18)
2026-05-02 05:11:33,194 - INFO - [render-loss] step=38400 kept 35/64 samples (t_value >= 0.50)
2026-05-02 05:13:28,580 - INFO - Step   38600 | Epoch  38 | MSE: 0.3199 | Steps/sec: 1.73 | LR: 1.83e-04 | Render_L1: 0.0256 | Alpha_L1: 0.0330 | Render_LPIPS: 0.1996 | cos(c,null): +0.1753 | GradNorm: 0.0455 | MSE/t: [0.00-0.50]0.503(n=6446) [0.50-0.85]0.144(n=5825) [0.85-0.95]0.026(n=501) [0.95-1.00]0.015(n=28)
2026-05-02 05:13:28,682 - INFO - [render-loss] step=38600 kept 33/64 samples (t_value >= 0.50)
2026-05-02 05:15:24,556 - INFO - Step   38800 | Epoch  39 | MSE: 0.3210 | Steps/sec: 1.72 | LR: 1.83e-04 | Render_L1: 0.0255 | Alpha_L1: 0.0322 | Render_LPIPS: 0.1980 | cos(c,null): +0.1772 | GradNorm: 0.0432 | MSE/t: [0.00-0.50]0.506(n=6445) [0.50-0.85]0.143(n=5849) [0.85-0.95]0.025(n=489) [0.95-1.00]0.016(n=17)
2026-05-02 05:15:24,657 - INFO - [render-loss] step=38800 kept 35/64 samples (t_value >= 0.50)
2026-05-02 05:17:19,966 - INFO - Step   39000 | Epoch  39 | MSE: 0.3192 | Steps/sec: 1.73 | LR: 1.83e-04 | Render_L1: 0.0256 | Alpha_L1: 0.0324 | Render_LPIPS: 0.2001 | cos(c,null): +0.1782 | GradNorm: 0.0446 | MSE/t: [0.00-0.50]0.508(n=6367) [0.50-0.85]0.142(n=5885) [0.85-0.95]0.025(n=531) [0.95-1.00]0.016(n=17)
2026-05-02 05:17:20,181 - INFO - [cond] cfg_signal=0.0401 (min=0.0224 max=0.0618, n=16) | class_signal=0.0453 (min=0.0221 max=0.0709, n=16) | pred_rms=0.8859
2026-05-02 05:17:28,572 - INFO - [validation] saved: output/jit_B8_postfix_20260501_234201/dit_validation/epoch_039_step_0039000_class015.png (class=15, sampler=heun, steps=100)
2026-05-02 05:17:29,856 - INFO - [overrides] applied from jit/configs/overrides.yaml: lr_scale=1.0 max_grad_norm=5.0 null_repel_weight=0.0 P_mean=0.0
2026-05-02 05:17:29,954 - INFO - [render-loss] step=39000 kept 30/64 samples (t_value >= 0.50)
2026-05-02 05:19:25,329 - INFO - Step   39200 | Epoch  39 | MSE: 0.3167 | Steps/sec: 1.60 | LR: 1.83e-04 | Render_L1: 0.0248 | Alpha_L1: 0.0318 | Render_LPIPS: 0.1962 | cos(c,null): +0.1791 | GradNorm: 0.0453 | MSE/t: [0.00-0.50]0.504(n=6323) [0.50-0.85]0.144(n=5944) [0.85-0.95]0.025(n=518) [0.95-1.00]0.015(n=15)
2026-05-02 05:19:25,431 - INFO - [render-loss] step=39200 kept 41/64 samples (t_value >= 0.50)
2026-05-02 05:21:20,619 - INFO - Step   39400 | Epoch  39 | MSE: 0.3161 | Steps/sec: 1.73 | LR: 1.82e-04 | Render_L1: 0.0254 | Alpha_L1: 0.0326 | Render_LPIPS: 0.1987 | cos(c,null): +0.1809 | GradNorm: 0.0451 | MSE/t: [0.00-0.50]0.503(n=6314) [0.50-0.85]0.144(n=5954) [0.85-0.95]0.026(n=517) [0.95-1.00]0.017(n=15)
2026-05-02 05:21:20,720 - INFO - [render-loss] step=39400 kept 30/64 samples (t_value >= 0.50)
2026-05-02 05:23:15,657 - INFO - Step   39600 | Epoch  39 | MSE: 0.3212 | Steps/sec: 1.74 | LR: 1.82e-04 | Render_L1: 0.0256 | Alpha_L1: 0.0327 | Render_LPIPS: 0.1991 | cos(c,null): +0.1823 | GradNorm: 0.0461 | MSE/t: [0.00-0.50]0.506(n=6473) [0.50-0.85]0.141(n=5826) [0.85-0.95]0.026(n=479) [0.95-1.00]0.013(n=22)
2026-05-02 05:23:15,907 - INFO - [render-loss] step=39600 kept 33/64 samples (t_value >= 0.50)
2026-05-02 05:25:11,262 - INFO - Step   39800 | Epoch  40 | MSE: 0.3192 | Steps/sec: 1.73 | LR: 1.82e-04 | Render_L1: 0.0258 | Alpha_L1: 0.0324 | Render_LPIPS: 0.2004 | cos(c,null): +0.1829 | GradNorm: 0.0457 | MSE/t: [0.00-0.50]0.505(n=6413) [0.50-0.85]0.143(n=5872) [0.85-0.95]0.026(n=492) [0.95-1.00]0.016(n=23)
2026-05-02 05:25:11,364 - INFO - [render-loss] step=39800 kept 35/64 samples (t_value >= 0.50)
2026-05-02 05:27:06,186 - INFO - Step   40000 | Epoch  40 | MSE: 0.3195 | Steps/sec: 1.74 | LR: 1.82e-04 | Render_L1: 0.0254 | Alpha_L1: 0.0320 | Render_LPIPS: 0.1982 | cos(c,null): +0.1834 | GradNorm: 0.0456 | MSE/t: [0.00-0.50]0.505(n=6419) [0.50-0.85]0.143(n=5863) [0.85-0.95]0.026(n=488) [0.95-1.00]0.017(n=30)
2026-05-02 05:27:06,397 - INFO - [cond] cfg_signal=0.0437 (min=0.0263 max=0.0653, n=16) | class_signal=0.0476 (min=0.0274 max=0.0723, n=16) | pred_rms=0.8916
2026-05-02 05:27:08,157 - INFO - Saved checkpoint to output/jit_B8_postfix_20260501_234201/0040000.pt
2026-05-02 05:27:08,365 - INFO - [cond] cfg_signal=0.0437 (min=0.0263 max=0.0653, n=16) | class_signal=0.0476 (min=0.0274 max=0.0723, n=16) | pred_rms=0.8916
2026-05-02 05:27:16,723 - INFO - [validation] saved: output/jit_B8_postfix_20260501_234201/dit_validation/epoch_040_step_0040000_class096.png (class=96, sampler=heun, steps=100)
2026-05-02 05:27:17,998 - INFO - [overrides] applied from jit/configs/overrides.yaml: lr_scale=1.0 max_grad_norm=5.0 null_repel_weight=0.0 P_mean=0.0
2026-05-02 05:27:18,095 - INFO - [render-loss] step=40000 kept 34/64 samples (t_value >= 0.50)
2026-05-02 05:29:13,506 - INFO - Step   40200 | Epoch  40 | MSE: 0.3203 | Steps/sec: 1.57 | LR: 1.82e-04 | Render_L1: 0.0258 | Alpha_L1: 0.0325 | Render_LPIPS: 0.1996 | cos(c,null): +0.1837 | GradNorm: 0.0455 | MSE/t: [0.00-0.50]0.505(n=6446) [0.50-0.85]0.143(n=5828) [0.85-0.95]0.026(n=509) [0.95-1.00]0.015(n=17)
2026-05-02 05:29:13,608 - INFO - [render-loss] step=40200 kept 35/64 samples (t_value >= 0.50)
2026-05-02 05:31:08,775 - INFO - Step   40400 | Epoch  40 | MSE: 0.3186 | Steps/sec: 1.74 | LR: 1.82e-04 | Render_L1: 0.0253 | Alpha_L1: 0.0325 | Render_LPIPS: 0.1966 | cos(c,null): +0.1845 | GradNorm: 0.0471 | MSE/t: [0.00-0.50]0.505(n=6366) [0.50-0.85]0.143(n=5939) [0.85-0.95]0.027(n=477) [0.95-1.00]0.016(n=18)
2026-05-02 05:31:08,877 - INFO - [render-loss] step=40400 kept 32/64 samples (t_value >= 0.50)
2026-05-02 05:33:04,588 - INFO - Step   40600 | Epoch  41 | MSE: 0.3202 | Steps/sec: 1.73 | LR: 1.81e-04 | Render_L1: 0.0257 | Alpha_L1: 0.0327 | Render_LPIPS: 0.1991 | cos(c,null): +0.1857 | GradNorm: 0.0469 | MSE/t: [0.00-0.50]0.512(n=6320) [0.50-0.85]0.143(n=5958) [0.85-0.95]0.026(n=502) [0.95-1.00]0.019(n=20)
2026-05-02 05:33:04,691 - INFO - [render-loss] step=40600 kept 28/64 samples (t_value >= 0.50)
2026-05-02 05:35:00,009 - INFO - Step   40800 | Epoch  41 | MSE: 0.3197 | Steps/sec: 1.73 | LR: 1.81e-04 | Render_L1: 0.0250 | Alpha_L1: 0.0319 | Render_LPIPS: 0.1964 | cos(c,null): +0.1870 | GradNorm: 0.0467 | MSE/t: [0.00-0.50]0.506(n=6403) [0.50-0.85]0.143(n=5899) [0.85-0.95]0.026(n=477) [0.95-1.00]0.014(n=21)
2026-05-02 05:35:00,112 - INFO - [render-loss] step=40800 kept 30/64 samples (t_value >= 0.50)
2026-05-02 05:36:54,744 - INFO - Step   41000 | Epoch  41 | MSE: 0.3205 | Steps/sec: 1.74 | LR: 1.81e-04 | Render_L1: 0.0252 | Alpha_L1: 0.0322 | Render_LPIPS: 0.1974 | cos(c,null): +0.1879 | GradNorm: 0.0473 | MSE/t: [0.00-0.50]0.505(n=6451) [0.50-0.85]0.143(n=5840) [0.85-0.95]0.025(n=489) [0.95-1.00]0.021(n=20)
2026-05-02 05:36:54,956 - INFO - [cond] cfg_signal=0.0429 (min=0.0275 max=0.0669, n=16) | class_signal=0.0471 (min=0.0195 max=0.0761, n=16) | pred_rms=0.8727
2026-05-02 05:37:03,254 - INFO - [validation] saved: output/jit_B8_postfix_20260501_234201/dit_validation/epoch_041_step_0041000_class072.png (class=72, sampler=heun, steps=100)
2026-05-02 05:37:04,472 - INFO - [overrides] applied from jit/configs/overrides.yaml: lr_scale=1.0 max_grad_norm=5.0 null_repel_weight=0.0 P_mean=0.0
2026-05-02 05:37:04,570 - INFO - [render-loss] step=41000 kept 26/64 samples (t_value >= 0.50)
2026-05-02 05:38:59,634 - INFO - Step   41200 | Epoch  41 | MSE: 0.3200 | Steps/sec: 1.60 | LR: 1.81e-04 | Render_L1: 0.0256 | Alpha_L1: 0.0324 | Render_LPIPS: 0.1987 | cos(c,null): +0.1900 | GradNorm: 0.0474 | MSE/t: [0.00-0.50]0.505(n=6437) [0.50-0.85]0.143(n=5836) [0.85-0.95]0.026(n=510) [0.95-1.00]0.015(n=17)
2026-05-02 05:38:59,736 - INFO - [render-loss] step=41200 kept 38/64 samples (t_value >= 0.50)
2026-05-02 05:40:55,140 - INFO - Step   41400 | Epoch  41 | MSE: 0.3177 | Steps/sec: 1.73 | LR: 1.81e-04 | Render_L1: 0.0252 | Alpha_L1: 0.0318 | Render_LPIPS: 0.1966 | cos(c,null): +0.1919 | GradNorm: 0.0487 | MSE/t: [0.00-0.50]0.503(n=6402) [0.50-0.85]0.142(n=5865) [0.85-0.95]0.025(n=511) [0.95-1.00]0.016(n=22)
2026-05-02 05:40:55,242 - INFO - [render-loss] step=41400 kept 35/64 samples (t_value >= 0.50)
2026-05-02 05:42:50,723 - INFO - Step   41600 | Epoch  42 | MSE: 0.3179 | Steps/sec: 1.73 | LR: 1.80e-04 | Render_L1: 0.0253 | Alpha_L1: 0.0320 | Render_LPIPS: 0.1973 | cos(c,null): +0.1919 | GradNorm: 0.0478 | MSE/t: [0.00-0.50]0.505(n=6357) [0.50-0.85]0.143(n=5920) [0.85-0.95]0.025(n=497) [0.95-1.00]0.017(n=26)
2026-05-02 05:42:50,826 - INFO - [render-loss] step=41600 kept 31/64 samples (t_value >= 0.50)
2026-05-02 05:44:45,997 - INFO - Step   41800 | Epoch  42 | MSE: 0.3181 | Steps/sec: 1.74 | LR: 1.80e-04 | Render_L1: 0.0248 | Alpha_L1: 0.0313 | Render_LPIPS: 0.1948 | cos(c,null): +0.1925 | GradNorm: 0.0486 | MSE/t: [0.00-0.50]0.506(n=6351) [0.50-0.85]0.143(n=5906) [0.85-0.95]0.025(n=519) [0.95-1.00]0.016(n=24)
2026-05-02 05:44:46,099 - INFO - [render-loss] step=41800 kept 34/64 samples (t_value >= 0.50)
2026-05-02 05:46:41,296 - INFO - Step   42000 | Epoch  42 | MSE: 0.3171 | Steps/sec: 1.73 | LR: 1.80e-04 | Render_L1: 0.0252 | Alpha_L1: 0.0318 | Render_LPIPS: 0.1967 | cos(c,null): +0.1926 | GradNorm: 0.0483 | MSE/t: [0.00-0.50]0.505(n=6334) [0.50-0.85]0.143(n=5942) [0.85-0.95]0.026(n=503) [0.95-1.00]0.015(n=21)
2026-05-02 05:46:41,509 - INFO - [cond] cfg_signal=0.0415 (min=0.0253 max=0.0638, n=16) | class_signal=0.0476 (min=0.0183 max=0.0786, n=16) | pred_rms=0.8775
2026-05-02 05:46:50,111 - INFO - [validation] saved: output/jit_B8_postfix_20260501_234201/dit_validation/epoch_042_step_0042000_class039.png (class=39, sampler=heun, steps=100)
2026-05-02 05:46:51,231 - INFO - [overrides] applied from jit/configs/overrides.yaml: lr_scale=1.0 max_grad_norm=5.0 null_repel_weight=0.0 P_mean=0.0
2026-05-02 05:46:51,329 - INFO - [render-loss] step=42000 kept 28/64 samples (t_value >= 0.50)
2026-05-02 05:48:46,395 - INFO - Step   42200 | Epoch  42 | MSE: 0.3219 | Steps/sec: 1.60 | LR: 1.80e-04 | Render_L1: 0.0254 | Alpha_L1: 0.0326 | Render_LPIPS: 0.1983 | cos(c,null): +0.1929 | GradNorm: 0.0493 | MSE/t: [0.00-0.50]0.504(n=6513) [0.50-0.85]0.143(n=5737) [0.85-0.95]0.026(n=526) [0.95-1.00]0.015(n=24)
2026-05-02 05:48:46,497 - INFO - [render-loss] step=42200 kept 25/64 samples (t_value >= 0.50)
2026-05-02 05:50:41,727 - INFO - Step   42400 | Epoch  42 | MSE: 0.3202 | Steps/sec: 1.73 | LR: 1.80e-04 | Render_L1: 0.0252 | Alpha_L1: 0.0323 | Render_LPIPS: 0.1974 | cos(c,null): +0.1949 | GradNorm: 0.0489 | MSE/t: [0.00-0.50]0.506(n=6431) [0.50-0.85]0.143(n=5827) [0.85-0.95]0.026(n=526) [0.95-1.00]0.015(n=16)
2026-05-02 05:50:41,829 - INFO - [render-loss] step=42400 kept 46/64 samples (t_value >= 0.50)
2026-05-02 05:52:37,503 - INFO - Step   42600 | Epoch  43 | MSE: 0.3147 | Steps/sec: 1.73 | LR: 1.79e-04 | Render_L1: 0.0251 | Alpha_L1: 0.0316 | Render_LPIPS: 0.1961 | cos(c,null): +0.1957 | GradNorm: 0.0501 | MSE/t: [0.00-0.50]0.502(n=6330) [0.50-0.85]0.142(n=5924) [0.85-0.95]0.026(n=524) [0.95-1.00]0.014(n=22)
2026-05-02 05:52:37,605 - INFO - [render-loss] step=42600 kept 27/64 samples (t_value >= 0.50)
2026-05-02 05:54:32,305 - INFO - Step   42800 | Epoch  43 | MSE: 0.3212 | Steps/sec: 1.74 | LR: 1.79e-04 | Render_L1: 0.0253 | Alpha_L1: 0.0318 | Render_LPIPS: 0.1960 | cos(c,null): +0.1965 | GradNorm: 0.0518 | MSE/t: [0.00-0.50]0.505(n=6479) [0.50-0.85]0.144(n=5745) [0.85-0.95]0.025(n=558) [0.95-1.00]0.014(n=18)
2026-05-02 05:54:32,407 - INFO - [render-loss] step=42800 kept 33/64 samples (t_value >= 0.50)
2026-05-02 05:56:28,086 - INFO - Step   43000 | Epoch  43 | MSE: 0.3176 | Steps/sec: 1.73 | LR: 1.79e-04 | Render_L1: 0.0252 | Alpha_L1: 0.0317 | Render_LPIPS: 0.1974 | cos(c,null): +0.1978 | GradNorm: 0.0510 | MSE/t: [0.00-0.50]0.503(n=6362) [0.50-0.85]0.144(n=5924) [0.85-0.95]0.025(n=496) [0.95-1.00]0.015(n=18)
2026-05-02 05:56:28,298 - INFO - [cond] cfg_signal=0.0409 (min=0.0246 max=0.0622, n=16) | class_signal=0.0475 (min=0.0222 max=0.0739, n=16) | pred_rms=0.8616
2026-05-02 05:56:36,584 - INFO - [validation] saved: output/jit_B8_postfix_20260501_234201/dit_validation/epoch_043_step_0043000_class074.png (class=74, sampler=heun, steps=100)
2026-05-02 05:56:37,701 - INFO - [overrides] applied from jit/configs/overrides.yaml: lr_scale=1.0 max_grad_norm=5.0 null_repel_weight=0.0 P_mean=0.0
2026-05-02 05:56:37,798 - INFO - [render-loss] step=43000 kept 29/64 samples (t_value >= 0.50)
2026-05-02 05:58:33,237 - INFO - Step   43200 | Epoch  43 | MSE: 0.3144 | Steps/sec: 1.60 | LR: 1.79e-04 | Render_L1: 0.0249 | Alpha_L1: 0.0315 | Render_LPIPS: 0.1962 | cos(c,null): +0.1980 | GradNorm: 0.0496 | MSE/t: [0.00-0.50]0.502(n=6285) [0.50-0.85]0.143(n=5981) [0.85-0.95]0.026(n=515) [0.95-1.00]0.014(n=19)
2026-05-02 05:58:33,340 - INFO - [render-loss] step=43200 kept 27/64 samples (t_value >= 0.50)
2026-05-02 06:00:28,583 - INFO - Step   43400 | Epoch  43 | MSE: 0.3189 | Steps/sec: 1.73 | LR: 1.79e-04 | Render_L1: 0.0249 | Alpha_L1: 0.0316 | Render_LPIPS: 0.1949 | cos(c,null): +0.1999 | GradNorm: 0.0504 | MSE/t: [0.00-0.50]0.502(n=6450) [0.50-0.85]0.143(n=5796) [0.85-0.95]0.025(n=533) [0.95-1.00]0.017(n=21)
2026-05-02 06:00:28,685 - INFO - [render-loss] step=43400 kept 33/64 samples (t_value >= 0.50)
2026-05-02 06:02:23,852 - INFO - Step   43600 | Epoch  44 | MSE: 0.3206 | Steps/sec: 1.74 | LR: 1.79e-04 | Render_L1: 0.0247 | Alpha_L1: 0.0313 | Render_LPIPS: 0.1936 | cos(c,null): +0.2015 | GradNorm: 0.0503 | MSE/t: [0.00-0.50]0.506(n=6455) [0.50-0.85]0.143(n=5801) [0.85-0.95]0.025(n=522) [0.95-1.00]0.016(n=22)
2026-05-02 06:02:23,954 - INFO - [render-loss] step=43600 kept 36/64 samples (t_value >= 0.50)
2026-05-02 06:04:19,105 - INFO - Step   43800 | Epoch  44 | MSE: 0.3213 | Steps/sec: 1.74 | LR: 1.78e-04 | Render_L1: 0.0248 | Alpha_L1: 0.0317 | Render_LPIPS: 0.1940 | cos(c,null): +0.2014 | GradNorm: 0.0511 | MSE/t: [0.00-0.50]0.508(n=6433) [0.50-0.85]0.142(n=5826) [0.85-0.95]0.026(n=525) [0.95-1.00]0.018(n=16)
2026-05-02 06:04:19,208 - INFO - [render-loss] step=43800 kept 30/64 samples (t_value >= 0.50)
2026-05-02 06:06:14,981 - INFO - Step   44000 | Epoch  44 | MSE: 0.3198 | Steps/sec: 1.73 | LR: 1.78e-04 | Render_L1: 0.0253 | Alpha_L1: 0.0315 | Render_LPIPS: 0.1959 | cos(c,null): +0.2035 | GradNorm: 0.0528 | MSE/t: [0.00-0.50]0.506(n=6406) [0.50-0.85]0.143(n=5863) [0.85-0.95]0.025(n=509) [0.95-1.00]0.019(n=22)
2026-05-02 06:06:15,193 - INFO - [cond] cfg_signal=0.0412 (min=0.0221 max=0.0645, n=16) | class_signal=0.0484 (min=0.0193 max=0.0722, n=16) | pred_rms=0.8802
2026-05-02 06:06:23,780 - INFO - [validation] saved: output/jit_B8_postfix_20260501_234201/dit_validation/epoch_044_step_0044000_class041.png (class=41, sampler=heun, steps=100)
2026-05-02 06:06:24,936 - INFO - [overrides] applied from jit/configs/overrides.yaml: lr_scale=1.0 max_grad_norm=5.0 null_repel_weight=0.0 P_mean=0.0
2026-05-02 06:06:25,033 - INFO - [render-loss] step=44000 kept 27/64 samples (t_value >= 0.50)
2026-05-02 06:08:19,954 - INFO - Step   44200 | Epoch  44 | MSE: 0.3171 | Steps/sec: 1.60 | LR: 1.78e-04 | Render_L1: 0.0251 | Alpha_L1: 0.0319 | Render_LPIPS: 0.1961 | cos(c,null): +0.2041 | GradNorm: 0.0520 | MSE/t: [0.00-0.50]0.502(n=6423) [0.50-0.85]0.141(n=5841) [0.85-0.95]0.026(n=508) [0.95-1.00]0.019(n=28)
2026-05-02 06:08:20,056 - INFO - [render-loss] step=44200 kept 33/64 samples (t_value >= 0.50)
2026-05-02 06:10:15,326 - INFO - Step   44400 | Epoch  44 | MSE: 0.3176 | Steps/sec: 1.73 | LR: 1.78e-04 | Render_L1: 0.0250 | Alpha_L1: 0.0314 | Render_LPIPS: 0.1959 | cos(c,null): +0.2056 | GradNorm: 0.0530 | MSE/t: [0.00-0.50]0.505(n=6372) [0.50-0.85]0.143(n=5835) [0.85-0.95]0.026(n=564) [0.95-1.00]0.016(n=29)
2026-05-02 06:10:15,429 - INFO - [render-loss] step=44400 kept 41/64 samples (t_value >= 0.50)
2026-05-02 06:12:11,112 - INFO - Step   44600 | Epoch  45 | MSE: 0.3160 | Steps/sec: 1.73 | LR: 1.78e-04 | Render_L1: 0.0249 | Alpha_L1: 0.0309 | Render_LPIPS: 0.1944 | cos(c,null): +0.2072 | GradNorm: 0.0510 | MSE/t: [0.00-0.50]0.503(n=6332) [0.50-0.85]0.142(n=5943) [0.85-0.95]0.026(n=507) [0.95-1.00]0.013(n=18)
2026-05-02 06:12:11,213 - INFO - [render-loss] step=44600 kept 34/64 samples (t_value >= 0.50)
2026-05-02 06:14:06,468 - INFO - Step   44800 | Epoch  45 | MSE: 0.3190 | Steps/sec: 1.73 | LR: 1.77e-04 | Render_L1: 0.0253 | Alpha_L1: 0.0315 | Render_LPIPS: 0.1955 | cos(c,null): +0.2094 | GradNorm: 0.0526 | MSE/t: [0.00-0.50]0.505(n=6369) [0.50-0.85]0.145(n=5883) [0.85-0.95]0.026(n=528) [0.95-1.00]0.016(n=20)
2026-05-02 06:14:06,571 - INFO - [render-loss] step=44800 kept 37/64 samples (t_value >= 0.50)
2026-05-02 06:16:02,163 - INFO - Step   45000 | Epoch  45 | MSE: 0.3162 | Steps/sec: 1.73 | LR: 1.77e-04 | Render_L1: 0.0251 | Alpha_L1: 0.0317 | Render_LPIPS: 0.1945 | cos(c,null): +0.2096 | GradNorm: 0.0532 | MSE/t: [0.00-0.50]0.504(n=6301) [0.50-0.85]0.143(n=5980) [0.85-0.95]0.026(n=490) [0.95-1.00]0.019(n=29)
2026-05-02 06:16:02,378 - INFO - [cond] cfg_signal=0.0409 (min=0.0234 max=0.0605, n=16) | class_signal=0.0480 (min=0.0226 max=0.0696, n=16) | pred_rms=0.8668
2026-05-02 06:16:10,739 - INFO - [validation] saved: output/jit_B8_postfix_20260501_234201/dit_validation/epoch_045_step_0045000_class059.png (class=59, sampler=heun, steps=100)
2026-05-02 06:16:12,317 - INFO - [overrides] applied from jit/configs/overrides.yaml: lr_scale=1.0 max_grad_norm=5.0 null_repel_weight=0.0 P_mean=0.0
2026-05-02 06:16:12,415 - INFO - [render-loss] step=45000 kept 22/64 samples (t_value >= 0.50)
2026-05-02 06:18:07,526 - INFO - Step   45200 | Epoch  45 | MSE: 0.3192 | Steps/sec: 1.60 | LR: 1.77e-04 | Render_L1: 0.0248 | Alpha_L1: 0.0314 | Render_LPIPS: 0.1938 | cos(c,null): +0.2102 | GradNorm: 0.0541 | MSE/t: [0.00-0.50]0.501(n=6449) [0.50-0.85]0.144(n=5844) [0.85-0.95]0.025(n=487) [0.95-1.00]0.016(n=20)
2026-05-02 06:18:07,628 - INFO - [render-loss] step=45200 kept 26/64 samples (t_value >= 0.50)
2026-05-02 06:20:02,748 - INFO - Step   45400 | Epoch  45 | MSE: 0.3204 | Steps/sec: 1.74 | LR: 1.77e-04 | Render_L1: 0.0249 | Alpha_L1: 0.0311 | Render_LPIPS: 0.1950 | cos(c,null): +0.2116 | GradNorm: 0.0535 | MSE/t: [0.00-0.50]0.504(n=6479) [0.50-0.85]0.143(n=5752) [0.85-0.95]0.025(n=547) [0.95-1.00]0.015(n=22)
2026-05-02 06:20:02,851 - INFO - [render-loss] step=45400 kept 30/64 samples (t_value >= 0.50)
2026-05-02 06:21:58,459 - INFO - Step   45600 | Epoch  46 | MSE: 0.3213 | Steps/sec: 1.73 | LR: 1.77e-04 | Render_L1: 0.0251 | Alpha_L1: 0.0316 | Render_LPIPS: 0.1960 | cos(c,null): +0.2112 | GradNorm: 0.0531 | MSE/t: [0.00-0.50]0.505(n=6445) [0.50-0.85]0.144(n=5843) [0.85-0.95]0.026(n=489) [0.95-1.00]0.015(n=23)
2026-05-02 06:21:58,560 - INFO - [render-loss] step=45600 kept 34/64 samples (t_value >= 0.50)
2026-05-02 06:23:53,485 - INFO - Step   45800 | Epoch  46 | MSE: 0.3217 | Steps/sec: 1.74 | LR: 1.76e-04 | Render_L1: 0.0250 | Alpha_L1: 0.0311 | Render_LPIPS: 0.1941 | cos(c,null): +0.2129 | GradNorm: 0.0519 | MSE/t: [0.00-0.50]0.505(n=6500) [0.50-0.85]0.142(n=5801) [0.85-0.95]0.026(n=474) [0.95-1.00]0.015(n=25)
2026-05-02 06:23:53,586 - INFO - [render-loss] step=45800 kept 28/64 samples (t_value >= 0.50)
2026-05-02 06:25:48,455 - INFO - Step   46000 | Epoch  46 | MSE: 0.3169 | Steps/sec: 1.74 | LR: 1.76e-04 | Render_L1: 0.0250 | Alpha_L1: 0.0315 | Render_LPIPS: 0.1944 | cos(c,null): +0.2136 | GradNorm: 0.0552 | MSE/t: [0.00-0.50]0.501(n=6389) [0.50-0.85]0.142(n=5927) [0.85-0.95]0.025(n=468) [0.95-1.00]0.015(n=16)
2026-05-02 06:25:48,666 - INFO - [cond] cfg_signal=0.0414 (min=0.0229 max=0.0661, n=16) | class_signal=0.0477 (min=0.0265 max=0.0728, n=16) | pred_rms=0.8793
2026-05-02 06:25:57,345 - INFO - [validation] saved: output/jit_B8_postfix_20260501_234201/dit_validation/epoch_046_step_0046000_class050.png (class=50, sampler=heun, steps=100)
2026-05-02 06:25:58,464 - INFO - [overrides] applied from jit/configs/overrides.yaml: lr_scale=1.0 max_grad_norm=5.0 null_repel_weight=0.0 P_mean=0.0
2026-05-02 06:25:58,561 - INFO - [render-loss] step=46000 kept 34/64 samples (t_value >= 0.50)
2026-05-02 06:27:53,758 - INFO - Step   46200 | Epoch  46 | MSE: 0.3173 | Steps/sec: 1.60 | LR: 1.76e-04 | Render_L1: 0.0251 | Alpha_L1: 0.0312 | Render_LPIPS: 0.1948 | cos(c,null): +0.2146 | GradNorm: 0.0549 | MSE/t: [0.00-0.50]0.504(n=6350) [0.50-0.85]0.144(n=5891) [0.85-0.95]0.026(n=536) [0.95-1.00]0.016(n=23)
2026-05-02 06:27:53,861 - INFO - [render-loss] step=46200 kept 39/64 samples (t_value >= 0.50)
2026-05-02 06:29:49,038 - INFO - Step   46400 | Epoch  46 | MSE: 0.3196 | Steps/sec: 1.73 | LR: 1.76e-04 | Render_L1: 0.0250 | Alpha_L1: 0.0314 | Render_LPIPS: 0.1956 | cos(c,null): +0.2163 | GradNorm: 0.0547 | MSE/t: [0.00-0.50]0.504(n=6408) [0.50-0.85]0.145(n=5869) [0.85-0.95]0.026(n=501) [0.95-1.00]0.014(n=22)
2026-05-02 06:29:49,140 - INFO - [render-loss] step=46400 kept 32/64 samples (t_value >= 0.50)
2026-05-02 06:31:45,318 - INFO - Step   46600 | Epoch  47 | MSE: 0.3201 | Steps/sec: 1.72 | LR: 1.76e-04 | Render_L1: 0.0249 | Alpha_L1: 0.0308 | Render_LPIPS: 0.1933 | cos(c,null): +0.2165 | GradNorm: 0.0564 | MSE/t: [0.00-0.50]0.508(n=6380) [0.50-0.85]0.143(n=5892) [0.85-0.95]0.026(n=509) [0.95-1.00]0.013(n=19)
2026-05-02 06:31:45,421 - INFO - [render-loss] step=46600 kept 33/64 samples (t_value >= 0.50)
2026-05-02 06:33:40,414 - INFO - Step   46800 | Epoch  47 | MSE: 0.3201 | Steps/sec: 1.74 | LR: 1.75e-04 | Render_L1: 0.0250 | Alpha_L1: 0.0314 | Render_LPIPS: 0.1953 | cos(c,null): +0.2173 | GradNorm: 0.0558 | MSE/t: [0.00-0.50]0.507(n=6389) [0.50-0.85]0.143(n=5865) [0.85-0.95]0.026(n=537) [0.95-1.00]0.019(n=9)
2026-05-02 06:33:40,516 - INFO - [render-loss] step=46800 kept 30/64 samples (t_value >= 0.50)
2026-05-02 06:35:35,981 - INFO - Step   47000 | Epoch  47 | MSE: 0.3198 | Steps/sec: 1.73 | LR: 1.75e-04 | Render_L1: 0.0252 | Alpha_L1: 0.0313 | Render_LPIPS: 0.1946 | cos(c,null): +0.2177 | GradNorm: 0.0550 | MSE/t: [0.00-0.50]0.504(n=6436) [0.50-0.85]0.143(n=5863) [0.85-0.95]0.026(n=476) [0.95-1.00]0.017(n=25)
2026-05-02 06:35:36,189 - INFO - [cond] cfg_signal=0.0400 (min=0.0238 max=0.0593, n=16) | class_signal=0.0454 (min=0.0190 max=0.0651, n=16) | pred_rms=0.8707
2026-05-02 06:35:44,574 - INFO - [validation] saved: output/jit_B8_postfix_20260501_234201/dit_validation/epoch_047_step_0047000_class090.png (class=90, sampler=heun, steps=100)
2026-05-02 06:35:45,689 - INFO - [overrides] applied from jit/configs/overrides.yaml: lr_scale=1.0 max_grad_norm=5.0 null_repel_weight=0.0 P_mean=0.0
2026-05-02 06:35:45,786 - INFO - [render-loss] step=47000 kept 30/64 samples (t_value >= 0.50)
2026-05-02 06:37:40,603 - INFO - Step   47200 | Epoch  47 | MSE: 0.3183 | Steps/sec: 1.61 | LR: 1.75e-04 | Render_L1: 0.0247 | Alpha_L1: 0.0307 | Render_LPIPS: 0.1927 | cos(c,null): +0.2174 | GradNorm: 0.0561 | MSE/t: [0.00-0.50]0.502(n=6428) [0.50-0.85]0.143(n=5832) [0.85-0.95]0.027(n=519) [0.95-1.00]0.017(n=21)
2026-05-02 06:37:40,705 - INFO - [render-loss] step=47200 kept 30/64 samples (t_value >= 0.50)
2026-05-02 06:39:42,206 - INFO - Step   47400 | Epoch  47 | MSE: 0.3194 | Steps/sec: 1.64 | LR: 1.75e-04 | Render_L1: 0.0246 | Alpha_L1: 0.0312 | Render_LPIPS: 0.1935 | cos(c,null): +0.2189 | GradNorm: 0.0549 | MSE/t: [0.00-0.50]0.504(n=6411) [0.50-0.85]0.143(n=5883) [0.85-0.95]0.025(n=487) [0.95-1.00]0.017(n=19)
2026-05-02 06:39:42,308 - INFO - [render-loss] step=47400 kept 30/64 samples (t_value >= 0.50)
2026-05-02 06:42:07,142 - INFO - Step   47600 | Epoch  48 | MSE: 0.3241 | Steps/sec: 1.38 | LR: 1.75e-04 | Render_L1: 0.0250 | Alpha_L1: 0.0311 | Render_LPIPS: 0.1946 | cos(c,null): +0.2206 | GradNorm: 0.0563 | MSE/t: [0.00-0.50]0.507(n=6527) [0.50-0.85]0.144(n=5717) [0.85-0.95]0.026(n=532) [0.95-1.00]0.015(n=24)
2026-05-02 06:42:07,245 - INFO - [render-loss] step=47600 kept 31/64 samples (t_value >= 0.50)
2026-05-02 06:44:31,088 - INFO - Step   47800 | Epoch  48 | MSE: 0.3218 | Steps/sec: 1.39 | LR: 1.74e-04 | Render_L1: 0.0245 | Alpha_L1: 0.0309 | Render_LPIPS: 0.1924 | cos(c,null): +0.2213 | GradNorm: 0.0581 | MSE/t: [0.00-0.50]0.505(n=6480) [0.50-0.85]0.144(n=5784) [0.85-0.95]0.027(n=522) [0.95-1.00]0.016(n=14)
2026-05-02 06:44:31,192 - INFO - [render-loss] step=47800 kept 28/64 samples (t_value >= 0.50)
2026-05-02 06:46:26,084 - INFO - Step   48000 | Epoch  48 | MSE: 0.3190 | Steps/sec: 1.74 | LR: 1.74e-04 | Render_L1: 0.0250 | Alpha_L1: 0.0317 | Render_LPIPS: 0.1945 | cos(c,null): +0.2227 | GradNorm: 0.0564 | MSE/t: [0.00-0.50]0.507(n=6362) [0.50-0.85]0.143(n=5916) [0.85-0.95]0.026(n=498) [0.95-1.00]0.015(n=24)
2026-05-02 06:46:26,298 - INFO - [cond] cfg_signal=0.0440 (min=0.0260 max=0.0679, n=16) | class_signal=0.0494 (min=0.0227 max=0.0709, n=16) | pred_rms=0.8939
2026-05-02 06:46:34,727 - INFO - [validation] saved: output/jit_B8_postfix_20260501_234201/dit_validation/epoch_048_step_0048000_class059.png (class=59, sampler=heun, steps=100)
2026-05-02 06:46:35,873 - INFO - [overrides] applied from jit/configs/overrides.yaml: lr_scale=1.0 max_grad_norm=5.0 null_repel_weight=0.0 P_mean=0.0
2026-05-02 06:46:35,972 - INFO - [render-loss] step=48000 kept 33/64 samples (t_value >= 0.50)
2026-05-02 06:48:30,979 - INFO - Step   48200 | Epoch  48 | MSE: 0.3174 | Steps/sec: 1.60 | LR: 1.74e-04 | Render_L1: 0.0245 | Alpha_L1: 0.0304 | Render_LPIPS: 0.1918 | cos(c,null): +0.2225 | GradNorm: 0.0569 | MSE/t: [0.00-0.50]0.504(n=6373) [0.50-0.85]0.143(n=5873) [0.85-0.95]0.027(n=528) [0.95-1.00]0.016(n=26)
2026-05-02 06:48:31,082 - INFO - [render-loss] step=48200 kept 32/64 samples (t_value >= 0.50)
2026-05-02 06:50:26,202 - INFO - Step   48400 | Epoch  48 | MSE: 0.3196 | Steps/sec: 1.74 | LR: 1.74e-04 | Render_L1: 0.0245 | Alpha_L1: 0.0309 | Render_LPIPS: 0.1920 | cos(c,null): +0.2233 | GradNorm: 0.0582 | MSE/t: [0.00-0.50]0.504(n=6431) [0.50-0.85]0.143(n=5848) [0.85-0.95]0.027(n=498) [0.95-1.00]0.017(n=23)
2026-05-02 06:50:26,304 - INFO - [render-loss] step=48400 kept 32/64 samples (t_value >= 0.50)
2026-05-02 06:52:21,623 - INFO - Step   48600 | Epoch  49 | MSE: 0.3215 | Steps/sec: 1.73 | LR: 1.74e-04 | Render_L1: 0.0249 | Alpha_L1: 0.0311 | Render_LPIPS: 0.1933 | cos(c,null): +0.2237 | GradNorm: 0.0571 | MSE/t: [0.00-0.50]0.506(n=6458) [0.50-0.85]0.144(n=5789) [0.85-0.95]0.026(n=529) [0.95-1.00]0.020(n=24)
2026-05-02 06:52:21,725 - INFO - [render-loss] step=48600 kept 30/64 samples (t_value >= 0.50)
2026-05-02 06:54:25,781 - INFO - Step   48800 | Epoch  49 | MSE: 0.3195 | Steps/sec: 1.61 | LR: 1.73e-04 | Render_L1: 0.0247 | Alpha_L1: 0.0308 | Render_LPIPS: 0.1930 | cos(c,null): +0.2247 | GradNorm: 0.0568 | MSE/t: [0.00-0.50]0.504(n=6420) [0.50-0.85]0.144(n=5858) [0.85-0.95]0.026(n=510) [0.95-1.00]0.020(n=12)
2026-05-02 06:54:25,883 - INFO - [render-loss] step=48800 kept 31/64 samples (t_value >= 0.50)
2026-05-02 06:56:49,609 - INFO - Step   49000 | Epoch  49 | MSE: 0.3182 | Steps/sec: 1.39 | LR: 1.73e-04 | Render_L1: 0.0245 | Alpha_L1: 0.0306 | Render_LPIPS: 0.1919 | cos(c,null): +0.2268 | GradNorm: 0.0575 | MSE/t: [0.00-0.50]0.507(n=6313) [0.50-0.85]0.144(n=5960) [0.85-0.95]0.026(n=508) [0.95-1.00]0.015(n=19)
2026-05-02 06:56:49,823 - INFO - [cond] cfg_signal=0.0426 (min=0.0247 max=0.0626, n=16) | class_signal=0.0495 (min=0.0233 max=0.0700, n=16) | pred_rms=0.8669
2026-05-02 06:56:58,261 - INFO - [validation] saved: output/jit_B8_postfix_20260501_234201/dit_validation/epoch_049_step_0049000_class040.png (class=40, sampler=heun, steps=100)
2026-05-02 06:56:59,435 - INFO - [overrides] applied from jit/configs/overrides.yaml: lr_scale=1.0 max_grad_norm=5.0 null_repel_weight=0.0 P_mean=0.0
2026-05-02 06:56:59,532 - INFO - [render-loss] step=49000 kept 34/64 samples (t_value >= 0.50)
2026-05-02 06:59:24,565 - INFO - Step   49200 | Epoch  49 | MSE: 0.3185 | Steps/sec: 1.29 | LR: 1.73e-04 | Render_L1: 0.0247 | Alpha_L1: 0.0310 | Render_LPIPS: 0.1920 | cos(c,null): +0.2267 | GradNorm: 0.0589 | MSE/t: [0.00-0.50]0.504(n=6377) [0.50-0.85]0.143(n=5921) [0.85-0.95]0.026(n=489) [0.95-1.00]0.015(n=13)
2026-05-02 06:59:24,666 - INFO - [render-loss] step=49200 kept 33/64 samples (t_value >= 0.50)
2026-05-02 07:01:45,302 - INFO - Step   49400 | Epoch  49 | MSE: 0.3197 | Steps/sec: 1.42 | LR: 1.73e-04 | Render_L1: 0.0248 | Alpha_L1: 0.0311 | Render_LPIPS: 0.1934 | cos(c,null): +0.2278 | GradNorm: 0.0584 | MSE/t: [0.00-0.50]0.505(n=6428) [0.50-0.85]0.142(n=5845) [0.85-0.95]0.026(n=505) [0.95-1.00]0.014(n=22)
2026-05-02 07:01:45,404 - INFO - [render-loss] step=49400 kept 40/64 samples (t_value >= 0.50)
2026-05-02 07:03:40,915 - INFO - Step   49600 | Epoch  50 | MSE: 0.3173 | Steps/sec: 1.73 | LR: 1.72e-04 | Render_L1: 0.0246 | Alpha_L1: 0.0304 | Render_LPIPS: 0.1920 | cos(c,null): +0.2284 | GradNorm: 0.0582 | MSE/t: [0.00-0.50]0.501(n=6384) [0.50-0.85]0.144(n=5915) [0.85-0.95]0.027(n=484) [0.95-1.00]0.020(n=17)
2026-05-02 07:03:41,018 - INFO - [render-loss] step=49600 kept 30/64 samples (t_value >= 0.50)
2026-05-02 07:05:36,540 - INFO - Step   49800 | Epoch  50 | MSE: 0.3197 | Steps/sec: 1.73 | LR: 1.72e-04 | Render_L1: 0.0248 | Alpha_L1: 0.0309 | Render_LPIPS: 0.1924 | cos(c,null): +0.2286 | GradNorm: 0.0595 | MSE/t: [0.00-0.50]0.507(n=6404) [0.50-0.85]0.143(n=5849) [0.85-0.95]0.026(n=528) [0.95-1.00]0.016(n=19)
2026-05-02 07:05:36,642 - INFO - [render-loss] step=49800 kept 37/64 samples (t_value >= 0.50)
2026-05-02 07:07:47,911 - INFO - Step   50000 | Epoch  50 | MSE: 0.3191 | Steps/sec: 1.52 | LR: 1.72e-04 | Render_L1: 0.0251 | Alpha_L1: 0.0310 | Render_LPIPS: 0.1932 | cos(c,null): +0.2296 | GradNorm: 0.0609 | MSE/t: [0.00-0.50]0.503(n=6456) [0.50-0.85]0.141(n=5834) [0.85-0.95]0.027(n=481) [0.95-1.00]0.015(n=29)
2026-05-02 07:07:48,123 - INFO - [cond] cfg_signal=0.0409 (min=0.0244 max=0.0588, n=16) | class_signal=0.0480 (min=0.0203 max=0.0651, n=16) | pred_rms=0.8436
2026-05-02 07:07:56,600 - INFO - [validation] saved: output/jit_B8_postfix_20260501_234201/dit_validation/epoch_050_step_0050000_class069.png (class=69, sampler=heun, steps=100)
2026-05-02 07:07:57,777 - INFO - [overrides] applied from jit/configs/overrides.yaml: lr_scale=1.0 max_grad_norm=5.0 null_repel_weight=0.0 P_mean=0.0
2026-05-02 07:07:57,874 - INFO - [render-loss] step=50000 kept 34/64 samples (t_value >= 0.50)
2026-05-02 07:09:53,505 - INFO - Step   50200 | Epoch  50 | MSE: 0.3194 | Steps/sec: 1.60 | LR: 1.72e-04 | Render_L1: 0.0249 | Alpha_L1: 0.0308 | Render_LPIPS: 0.1932 | cos(c,null): +0.2301 | GradNorm: 0.0586 | MSE/t: [0.00-0.50]0.506(n=6349) [0.50-0.85]0.145(n=5944) [0.85-0.95]0.026(n=495) [0.95-1.00]0.017(n=12)
2026-05-02 07:09:53,609 - INFO - [render-loss] step=50200 kept 31/64 samples (t_value >= 0.50)
2026-05-02 07:11:48,726 - INFO - Step   50400 | Epoch  50 | MSE: 0.3211 | Steps/sec: 1.74 | LR: 1.72e-04 | Render_L1: 0.0246 | Alpha_L1: 0.0309 | Render_LPIPS: 0.1918 | cos(c,null): +0.2321 | GradNorm: 0.0591 | MSE/t: [0.00-0.50]0.506(n=6431) [0.50-0.85]0.144(n=5847) [0.85-0.95]0.026(n=502) [0.95-1.00]0.016(n=20)
2026-05-02 07:11:48,828 - INFO - [render-loss] step=50400 kept 29/64 samples (t_value >= 0.50)
2026-05-02 07:13:43,781 - INFO - Step   50600 | Epoch  51 | MSE: 0.3195 | Steps/sec: 1.74 | LR: 1.71e-04 | Render_L1: 0.0247 | Alpha_L1: 0.0309 | Render_LPIPS: 0.1917 | cos(c,null): +0.2339 | GradNorm: 0.0589 | MSE/t: [0.00-0.50]0.502(n=6459) [0.50-0.85]0.144(n=5787) [0.85-0.95]0.027(n=533) [0.95-1.00]0.015(n=21)
2026-05-02 07:13:43,884 - INFO - [render-loss] step=50600 kept 32/64 samples (t_value >= 0.50)
2026-05-02 07:15:53,797 - INFO - Step   50800 | Epoch  51 | MSE: 0.3195 | Steps/sec: 1.54 | LR: 1.71e-04 | Render_L1: 0.0244 | Alpha_L1: 0.0308 | Render_LPIPS: 0.1913 | cos(c,null): +0.2332 | GradNorm: 0.0599 | MSE/t: [0.00-0.50]0.503(n=6404) [0.50-0.85]0.145(n=5887) [0.85-0.95]0.026(n=490) [0.95-1.00]0.017(n=19)
2026-05-02 07:15:53,899 - INFO - [render-loss] step=50800 kept 32/64 samples (t_value >= 0.50)
2026-05-02 07:18:22,857 - INFO - Step   51000 | Epoch  51 | MSE: 0.3168 | Steps/sec: 1.34 | LR: 1.71e-04 | Render_L1: 0.0245 | Alpha_L1: 0.0301 | Render_LPIPS: 0.1907 | cos(c,null): +0.2344 | GradNorm: 0.0615 | MSE/t: [0.00-0.50]0.502(n=6375) [0.50-0.85]0.144(n=5862) [0.85-0.95]0.026(n=546) [0.95-1.00]0.017(n=17)
2026-05-02 07:18:23,072 - INFO - [cond] cfg_signal=0.0439 (min=0.0269 max=0.0635, n=16) | class_signal=0.0500 (min=0.0244 max=0.0685, n=16) | pred_rms=0.8682
2026-05-02 07:18:31,550 - INFO - [validation] saved: output/jit_B8_postfix_20260501_234201/dit_validation/epoch_051_step_0051000_class030.png (class=30, sampler=heun, steps=100)
2026-05-02 07:18:32,745 - INFO - [overrides] applied from jit/configs/overrides.yaml: lr_scale=1.0 max_grad_norm=5.0 null_repel_weight=0.0 P_mean=0.0
2026-05-02 07:18:32,842 - INFO - [render-loss] step=51000 kept 29/64 samples (t_value >= 0.50)
2026-05-02 07:20:49,231 - INFO - Step   51200 | Epoch  51 | MSE: 0.3195 | Steps/sec: 1.37 | LR: 1.71e-04 | Render_L1: 0.0243 | Alpha_L1: 0.0302 | Render_LPIPS: 0.1887 | cos(c,null): +0.2344 | GradNorm: 0.0606 | MSE/t: [0.00-0.50]0.507(n=6409) [0.50-0.85]0.142(n=5839) [0.85-0.95]0.027(n=527) [0.95-1.00]0.017(n=25)
2026-05-02 07:20:49,333 - INFO - [render-loss] step=51200 kept 32/64 samples (t_value >= 0.50)
2026-05-02 07:22:44,463 - INFO - Step   51400 | Epoch  51 | MSE: 0.3189 | Steps/sec: 1.74 | LR: 1.71e-04 | Render_L1: 0.0246 | Alpha_L1: 0.0305 | Render_LPIPS: 0.1920 | cos(c,null): +0.2356 | GradNorm: 0.0617 | MSE/t: [0.00-0.50]0.505(n=6378) [0.50-0.85]0.144(n=5897) [0.85-0.95]0.027(n=503) [0.95-1.00]0.018(n=22)
2026-05-02 07:22:44,566 - INFO - [render-loss] step=51400 kept 32/64 samples (t_value >= 0.50)
2026-05-02 07:24:39,958 - INFO - Step   51600 | Epoch  52 | MSE: 0.3183 | Steps/sec: 1.73 | LR: 1.70e-04 | Render_L1: 0.0247 | Alpha_L1: 0.0306 | Render_LPIPS: 0.1910 | cos(c,null): +0.2374 | GradNorm: 0.0612 | MSE/t: [0.00-0.50]0.503(n=6432) [0.50-0.85]0.142(n=5813) [0.85-0.95]0.026(n=538) [0.95-1.00]0.015(n=17)
2026-05-02 07:24:40,060 - INFO - [render-loss] step=51600 kept 34/64 samples (t_value >= 0.50)
2026-05-02 07:26:35,963 - INFO - Step   51800 | Epoch  52 | MSE: 0.3194 | Steps/sec: 1.72 | LR: 1.70e-04 | Render_L1: 0.0244 | Alpha_L1: 0.0302 | Render_LPIPS: 0.1899 | cos(c,null): +0.2392 | GradNorm: 0.0600 | MSE/t: [0.00-0.50]0.505(n=6374) [0.50-0.85]0.144(n=5949) [0.85-0.95]0.026(n=459) [0.95-1.00]0.016(n=18)
2026-05-02 07:26:36,065 - INFO - [render-loss] step=51800 kept 29/64 samples (t_value >= 0.50)
2026-05-02 07:28:31,866 - INFO - Step   52000 | Epoch  52 | MSE: 0.3185 | Steps/sec: 1.73 | LR: 1.70e-04 | Render_L1: 0.0245 | Alpha_L1: 0.0304 | Render_LPIPS: 0.1907 | cos(c,null): +0.2396 | GradNorm: 0.0622 | MSE/t: [0.00-0.50]0.507(n=6315) [0.50-0.85]0.144(n=5947) [0.85-0.95]0.027(n=522) [0.95-1.00]0.017(n=16)
2026-05-02 07:28:32,081 - INFO - [cond] cfg_signal=0.0432 (min=0.0261 max=0.0677, n=16) | class_signal=0.0505 (min=0.0221 max=0.0768, n=16) | pred_rms=0.8586
2026-05-02 07:28:40,374 - INFO - [validation] saved: output/jit_B8_postfix_20260501_234201/dit_validation/epoch_052_step_0052000_class058.png (class=58, sampler=heun, steps=100)
2026-05-02 07:28:41,552 - INFO - [overrides] applied from jit/configs/overrides.yaml: lr_scale=1.0 max_grad_norm=5.0 null_repel_weight=0.0 P_mean=0.0
2026-05-02 07:28:41,651 - INFO - [render-loss] step=52000 kept 34/64 samples (t_value >= 0.50)
2026-05-02 07:30:36,592 - INFO - Step   52200 | Epoch  52 | MSE: 0.3202 | Steps/sec: 1.61 | LR: 1.70e-04 | Render_L1: 0.0244 | Alpha_L1: 0.0306 | Render_LPIPS: 0.1909 | cos(c,null): +0.2409 | GradNorm: 0.0626 | MSE/t: [0.00-0.50]0.503(n=6443) [0.50-0.85]0.144(n=5853) [0.85-0.95]0.027(n=486) [0.95-1.00]0.017(n=18)
2026-05-02 07:30:36,694 - INFO - [render-loss] step=52200 kept 28/64 samples (t_value >= 0.50)
2026-05-02 07:32:31,575 - INFO - Step   52400 | Epoch  52 | MSE: 0.3196 | Steps/sec: 1.74 | LR: 1.69e-04 | Render_L1: 0.0240 | Alpha_L1: 0.0299 | Render_LPIPS: 0.1883 | cos(c,null): +0.2422 | GradNorm: 0.0628 | MSE/t: [0.00-0.50]0.505(n=6402) [0.50-0.85]0.144(n=5817) [0.85-0.95]0.026(n=558) [0.95-1.00]0.019(n=23)
2026-05-02 07:32:31,677 - INFO - [render-loss] step=52400 kept 35/64 samples (t_value >= 0.50)
2026-05-02 07:34:27,032 - INFO - Step   52600 | Epoch  53 | MSE: 0.3182 | Steps/sec: 1.73 | LR: 1.69e-04 | Render_L1: 0.0241 | Alpha_L1: 0.0298 | Render_LPIPS: 0.1896 | cos(c,null): +0.2419 | GradNorm: 0.0627 | MSE/t: [0.00-0.50]0.504(n=6366) [0.50-0.85]0.145(n=5863) [0.85-0.95]0.026(n=550) [0.95-1.00]0.017(n=21)
2026-05-02 07:34:27,135 - INFO - [render-loss] step=52600 kept 34/64 samples (t_value >= 0.50)
2026-05-02 07:36:22,028 - INFO - Step   52800 | Epoch  53 | MSE: 0.3220 | Steps/sec: 1.74 | LR: 1.69e-04 | Render_L1: 0.0245 | Alpha_L1: 0.0299 | Render_LPIPS: 0.1897 | cos(c,null): +0.2428 | GradNorm: 0.0627 | MSE/t: [0.00-0.50]0.506(n=6460) [0.50-0.85]0.145(n=5822) [0.85-0.95]0.027(n=501) [0.95-1.00]0.014(n=17)
2026-05-02 07:36:22,131 - INFO - [render-loss] step=52800 kept 31/64 samples (t_value >= 0.50)
2026-05-02 07:38:16,920 - INFO - Step   53000 | Epoch  53 | MSE: 0.3232 | Steps/sec: 1.74 | LR: 1.69e-04 | Render_L1: 0.0243 | Alpha_L1: 0.0307 | Render_LPIPS: 0.1887 | cos(c,null): +0.2441 | GradNorm: 0.0642 | MSE/t: [0.00-0.50]0.505(n=6497) [0.50-0.85]0.145(n=5800) [0.85-0.95]0.027(n=484) [0.95-1.00]0.016(n=19)
2026-05-02 07:38:17,135 - INFO - [cond] cfg_signal=0.0439 (min=0.0256 max=0.0660, n=16) | class_signal=0.0487 (min=0.0206 max=0.0718, n=16) | pred_rms=0.8479
2026-05-02 07:38:25,477 - INFO - [validation] saved: output/jit_B8_postfix_20260501_234201/dit_validation/epoch_053_step_0053000_class007.png (class=7, sampler=heun, steps=100)
2026-05-02 07:38:26,647 - INFO - [overrides] applied from jit/configs/overrides.yaml: lr_scale=1.0 max_grad_norm=5.0 null_repel_weight=0.0 P_mean=0.0
2026-05-02 07:38:26,744 - INFO - [render-loss] step=53000 kept 30/64 samples (t_value >= 0.50)
2026-05-02 07:40:22,092 - INFO - Step   53200 | Epoch  53 | MSE: 0.3196 | Steps/sec: 1.60 | LR: 1.69e-04 | Render_L1: 0.0245 | Alpha_L1: 0.0300 | Render_LPIPS: 0.1900 | cos(c,null): +0.2440 | GradNorm: 0.0634 | MSE/t: [0.00-0.50]0.505(n=6402) [0.50-0.85]0.144(n=5847) [0.85-0.95]0.026(n=535) [0.95-1.00]0.016(n=16)
2026-05-02 07:40:22,193 - INFO - [render-loss] step=53200 kept 30/64 samples (t_value >= 0.50)
2026-05-02 07:42:17,283 - INFO - Step   53400 | Epoch  53 | MSE: 0.3190 | Steps/sec: 1.74 | LR: 1.68e-04 | Render_L1: 0.0243 | Alpha_L1: 0.0301 | Render_LPIPS: 0.1890 | cos(c,null): +0.2450 | GradNorm: 0.0640 | MSE/t: [0.00-0.50]0.505(n=6373) [0.50-0.85]0.144(n=5915) [0.85-0.95]0.026(n=486) [0.95-1.00]0.016(n=26)
2026-05-02 07:42:17,385 - INFO - [render-loss] step=53400 kept 39/64 samples (t_value >= 0.50)
2026-05-02 07:44:13,050 - INFO - Step   53600 | Epoch  54 | MSE: 0.3209 | Steps/sec: 1.73 | LR: 1.68e-04 | Render_L1: 0.0248 | Alpha_L1: 0.0305 | Render_LPIPS: 0.1914 | cos(c,null): +0.2451 | GradNorm: 0.0626 | MSE/t: [0.00-0.50]0.507(n=6405) [0.50-0.85]0.144(n=5864) [0.85-0.95]0.026(n=518) [0.95-1.00]0.015(n=13)
2026-05-02 07:44:13,153 - INFO - [render-loss] step=53600 kept 39/64 samples (t_value >= 0.50)
2026-05-02 07:46:08,629 - INFO - Step   53800 | Epoch  54 | MSE: 0.3155 | Steps/sec: 1.73 | LR: 1.68e-04 | Render_L1: 0.0242 | Alpha_L1: 0.0299 | Render_LPIPS: 0.1896 | cos(c,null): +0.2458 | GradNorm: 0.0641 | MSE/t: [0.00-0.50]0.502(n=6341) [0.50-0.85]0.142(n=5905) [0.85-0.95]0.026(n=536) [0.95-1.00]0.015(n=18)
2026-05-02 07:46:08,731 - INFO - [render-loss] step=53800 kept 42/64 samples (t_value >= 0.50)
2026-05-02 07:48:03,911 - INFO - Step   54000 | Epoch  54 | MSE: 0.3184 | Steps/sec: 1.73 | LR: 1.68e-04 | Render_L1: 0.0245 | Alpha_L1: 0.0302 | Render_LPIPS: 0.1909 | cos(c,null): +0.2470 | GradNorm: 0.0648 | MSE/t: [0.00-0.50]0.503(n=6388) [0.50-0.85]0.144(n=5881) [0.85-0.95]0.027(n=505) [0.95-1.00]0.017(n=26)
2026-05-02 07:48:04,125 - INFO - [cond] cfg_signal=0.0416 (min=0.0229 max=0.0593, n=16) | class_signal=0.0480 (min=0.0218 max=0.0675, n=16) | pred_rms=0.8638
2026-05-02 07:48:12,400 - INFO - [validation] saved: output/jit_B8_postfix_20260501_234201/dit_validation/epoch_054_step_0054000_class013.png (class=13, sampler=heun, steps=100)
2026-05-02 07:48:13,562 - INFO - [overrides] applied from jit/configs/overrides.yaml: lr_scale=1.0 max_grad_norm=5.0 null_repel_weight=0.0 P_mean=0.0
2026-05-02 07:48:13,659 - INFO - [render-loss] step=54000 kept 28/64 samples (t_value >= 0.50)
2026-05-02 07:50:09,420 - INFO - Step   54200 | Epoch  54 | MSE: 0.3179 | Steps/sec: 1.60 | LR: 1.67e-04 | Render_L1: 0.0244 | Alpha_L1: 0.0301 | Render_LPIPS: 0.1895 | cos(c,null): +0.2478 | GradNorm: 0.0634 | MSE/t: [0.00-0.50]0.507(n=6309) [0.50-0.85]0.145(n=5941) [0.85-0.95]0.027(n=530) [0.95-1.00]0.018(n=20)
2026-05-02 07:50:09,521 - INFO - [render-loss] step=54200 kept 29/64 samples (t_value >= 0.50)
2026-05-02 07:52:05,220 - INFO - Step   54400 | Epoch  54 | MSE: 0.3187 | Steps/sec: 1.73 | LR: 1.67e-04 | Render_L1: 0.0246 | Alpha_L1: 0.0303 | Render_LPIPS: 0.1906 | cos(c,null): +0.2485 | GradNorm: 0.0639 | MSE/t: [0.00-0.50]0.505(n=6351) [0.50-0.85]0.144(n=5939) [0.85-0.95]0.027(n=494) [0.95-1.00]0.014(n=16)
2026-05-02 07:52:05,322 - INFO - [render-loss] step=54400 kept 30/64 samples (t_value >= 0.50)
2026-05-02 07:54:00,959 - INFO - Step   54600 | Epoch  55 | MSE: 0.3159 | Steps/sec: 1.73 | LR: 1.67e-04 | Render_L1: 0.0246 | Alpha_L1: 0.0305 | Render_LPIPS: 0.1896 | cos(c,null): +0.2481 | GradNorm: 0.0664 | MSE/t: [0.00-0.50]0.502(n=6296) [0.50-0.85]0.145(n=5989) [0.85-0.95]0.026(n=493) [0.95-1.00]0.015(n=22)
2026-05-02 07:54:01,061 - INFO - [render-loss] step=54600 kept 32/64 samples (t_value >= 0.50)
2026-05-02 07:55:56,467 - INFO - Step   54800 | Epoch  55 | MSE: 0.3183 | Steps/sec: 1.73 | LR: 1.67e-04 | Render_L1: 0.0239 | Alpha_L1: 0.0294 | Render_LPIPS: 0.1879 | cos(c,null): +0.2497 | GradNorm: 0.0655 | MSE/t: [0.00-0.50]0.503(n=6374) [0.50-0.85]0.145(n=5899) [0.85-0.95]0.026(n=512) [0.95-1.00]0.018(n=15)
2026-05-02 07:55:56,569 - INFO - [render-loss] step=54800 kept 29/64 samples (t_value >= 0.50)
2026-05-02 07:57:51,367 - INFO - Step   55000 | Epoch  55 | MSE: 0.3198 | Steps/sec: 1.74 | LR: 1.66e-04 | Render_L1: 0.0247 | Alpha_L1: 0.0305 | Render_LPIPS: 0.1904 | cos(c,null): +0.2499 | GradNorm: 0.0641 | MSE/t: [0.00-0.50]0.503(n=6450) [0.50-0.85]0.143(n=5848) [0.85-0.95]0.026(n=485) [0.95-1.00]0.017(n=17)
2026-05-02 07:57:51,576 - INFO - [cond] cfg_signal=0.0412 (min=0.0240 max=0.0621, n=16) | class_signal=0.0489 (min=0.0241 max=0.0683, n=16) | pred_rms=0.8696
2026-05-02 07:57:59,880 - INFO - [validation] saved: output/jit_B8_postfix_20260501_234201/dit_validation/epoch_055_step_0055000_class020.png (class=20, sampler=heun, steps=100)
2026-05-02 07:58:01,057 - INFO - [overrides] applied from jit/configs/overrides.yaml: lr_scale=1.0 max_grad_norm=5.0 null_repel_weight=0.0 P_mean=0.0
2026-05-02 07:58:01,155 - INFO - [render-loss] step=55000 kept 36/64 samples (t_value >= 0.50)
2026-05-02 07:59:56,070 - INFO - Step   55200 | Epoch  55 | MSE: 0.3207 | Steps/sec: 1.61 | LR: 1.66e-04 | Render_L1: 0.0242 | Alpha_L1: 0.0303 | Render_LPIPS: 0.1888 | cos(c,null): +0.2506 | GradNorm: 0.0675 | MSE/t: [0.00-0.50]0.508(n=6366) [0.50-0.85]0.145(n=5924) [0.85-0.95]0.027(n=493) [0.95-1.00]0.015(n=17)
2026-05-02 07:59:56,173 - INFO - [render-loss] step=55200 kept 35/64 samples (t_value >= 0.50)
2026-05-02 08:01:51,283 - INFO - Step   55400 | Epoch  55 | MSE: 0.3206 | Steps/sec: 1.74 | LR: 1.66e-04 | Render_L1: 0.0244 | Alpha_L1: 0.0304 | Render_LPIPS: 0.1892 | cos(c,null): +0.2514 | GradNorm: 0.0649 | MSE/t: [0.00-0.50]0.504(n=6449) [0.50-0.85]0.143(n=5858) [0.85-0.95]0.027(n=469) [0.95-1.00]0.017(n=24)
2026-05-02 08:01:51,385 - INFO - [render-loss] step=55400 kept 25/64 samples (t_value >= 0.50)
2026-05-02 08:03:46,907 - INFO - Step   55600 | Epoch  56 | MSE: 0.3214 | Steps/sec: 1.73 | LR: 1.66e-04 | Render_L1: 0.0243 | Alpha_L1: 0.0299 | Render_LPIPS: 0.1885 | cos(c,null): +0.2515 | GradNorm: 0.0660 | MSE/t: [0.00-0.50]0.507(n=6456) [0.50-0.85]0.143(n=5785) [0.85-0.95]0.026(n=539) [0.95-1.00]0.019(n=20)
2026-05-02 08:03:47,009 - INFO - [render-loss] step=55600 kept 28/64 samples (t_value >= 0.50)
2026-05-02 08:05:41,969 - INFO - Step   55800 | Epoch  56 | MSE: 0.3201 | Steps/sec: 1.74 | LR: 1.66e-04 | Render_L1: 0.0245 | Alpha_L1: 0.0301 | Render_LPIPS: 0.1894 | cos(c,null): +0.2525 | GradNorm: 0.0667 | MSE/t: [0.00-0.50]0.507(n=6412) [0.50-0.85]0.143(n=5845) [0.85-0.95]0.027(n=527) [0.95-1.00]0.019(n=16)
2026-05-02 08:05:42,071 - INFO - [render-loss] step=55800 kept 31/64 samples (t_value >= 0.50)
2026-05-02 08:07:37,264 - INFO - Step   56000 | Epoch  56 | MSE: 0.3167 | Steps/sec: 1.73 | LR: 1.65e-04 | Render_L1: 0.0242 | Alpha_L1: 0.0299 | Render_LPIPS: 0.1881 | cos(c,null): +0.2528 | GradNorm: 0.0682 | MSE/t: [0.00-0.50]0.499(n=6383) [0.50-0.85]0.145(n=5890) [0.85-0.95]0.028(n=508) [0.95-1.00]0.015(n=19)
2026-05-02 08:07:37,475 - INFO - [cond] cfg_signal=0.0412 (min=0.0247 max=0.0569, n=16) | class_signal=0.0474 (min=0.0282 max=0.0638, n=16) | pred_rms=0.8521
2026-05-02 08:07:45,920 - INFO - [validation] saved: output/jit_B8_postfix_20260501_234201/dit_validation/epoch_056_step_0056000_class002.png (class=2, sampler=heun, steps=100)
2026-05-02 08:07:47,097 - INFO - [overrides] applied from jit/configs/overrides.yaml: lr_scale=1.0 max_grad_norm=5.0 null_repel_weight=0.0 P_mean=0.0
2026-05-02 08:07:47,194 - INFO - [render-loss] step=56000 kept 35/64 samples (t_value >= 0.50)
2026-05-02 08:09:42,584 - INFO - Step   56200 | Epoch  56 | MSE: 0.3171 | Steps/sec: 1.60 | LR: 1.65e-04 | Render_L1: 0.0241 | Alpha_L1: 0.0299 | Render_LPIPS: 0.1876 | cos(c,null): +0.2536 | GradNorm: 0.0658 | MSE/t: [0.00-0.50]0.504(n=6347) [0.50-0.85]0.143(n=5943) [0.85-0.95]0.027(n=488) [0.95-1.00]0.016(n=22)
2026-05-02 08:09:42,687 - INFO - [render-loss] step=56200 kept 29/64 samples (t_value >= 0.50)
2026-05-02 08:11:38,125 - INFO - Step   56400 | Epoch  56 | MSE: 0.3207 | Steps/sec: 1.73 | LR: 1.65e-04 | Render_L1: 0.0241 | Alpha_L1: 0.0301 | Render_LPIPS: 0.1888 | cos(c,null): +0.2549 | GradNorm: 0.0656 | MSE/t: [0.00-0.50]0.508(n=6378) [0.50-0.85]0.145(n=5862) [0.85-0.95]0.027(n=536) [0.95-1.00]0.016(n=24)
2026-05-02 08:11:38,227 - INFO - [render-loss] step=56400 kept 31/64 samples (t_value >= 0.50)
2026-05-02 08:13:33,819 - INFO - Step   56600 | Epoch  57 | MSE: 0.3193 | Steps/sec: 1.73 | LR: 1.65e-04 | Render_L1: 0.0239 | Alpha_L1: 0.0295 | Render_LPIPS: 0.1867 | cos(c,null): +0.2555 | GradNorm: 0.0664 | MSE/t: [0.00-0.50]0.503(n=6415) [0.50-0.85]0.144(n=5848) [0.85-0.95]0.027(n=517) [0.95-1.00]0.016(n=20)
2026-05-02 08:13:33,922 - INFO - [render-loss] step=56600 kept 36/64 samples (t_value >= 0.50)
2026-05-02 08:15:29,100 - INFO - Step   56800 | Epoch  57 | MSE: 0.3194 | Steps/sec: 1.73 | LR: 1.64e-04 | Render_L1: 0.0246 | Alpha_L1: 0.0304 | Render_LPIPS: 0.1893 | cos(c,null): +0.2562 | GradNorm: 0.0690 | MSE/t: [0.00-0.50]0.505(n=6388) [0.50-0.85]0.145(n=5861) [0.85-0.95]0.027(n=540) [0.95-1.00]0.017(n=11)
2026-05-02 08:15:29,202 - INFO - [render-loss] step=56800 kept 35/64 samples (t_value >= 0.50)
2026-05-02 08:17:25,349 - INFO - Step   57000 | Epoch  57 | MSE: 0.3196 | Steps/sec: 1.72 | LR: 1.64e-04 | Render_L1: 0.0240 | Alpha_L1: 0.0292 | Render_LPIPS: 0.1872 | cos(c,null): +0.2566 | GradNorm: 0.0662 | MSE/t: [0.00-0.50]0.508(n=6358) [0.50-0.85]0.143(n=5928) [0.85-0.95]0.026(n=495) [0.95-1.00]0.019(n=19)
2026-05-02 08:17:25,563 - INFO - [cond] cfg_signal=0.0438 (min=0.0242 max=0.0638, n=16) | class_signal=0.0511 (min=0.0341 max=0.0670, n=16) | pred_rms=0.8750
2026-05-02 08:17:33,839 - INFO - [validation] saved: output/jit_B8_postfix_20260501_234201/dit_validation/epoch_057_step_0057000_class053.png (class=53, sampler=heun, steps=100)
2026-05-02 08:17:35,006 - INFO - [overrides] applied from jit/configs/overrides.yaml: lr_scale=1.0 max_grad_norm=5.0 null_repel_weight=0.0 P_mean=0.0
2026-05-02 08:17:35,103 - INFO - [render-loss] step=57000 kept 39/64 samples (t_value >= 0.50)
2026-05-02 08:19:29,998 - INFO - Step   57200 | Epoch  57 | MSE: 0.3182 | Steps/sec: 1.61 | LR: 1.64e-04 | Render_L1: 0.0242 | Alpha_L1: 0.0299 | Render_LPIPS: 0.1869 | cos(c,null): +0.2572 | GradNorm: 0.0695 | MSE/t: [0.00-0.50]0.502(n=6398) [0.50-0.85]0.144(n=5898) [0.85-0.95]0.027(n=485) [0.95-1.00]0.016(n=19)
2026-05-02 08:19:30,100 - INFO - [render-loss] step=57200 kept 27/64 samples (t_value >= 0.50)
2026-05-02 08:21:25,584 - INFO - Step   57400 | Epoch  57 | MSE: 0.3188 | Steps/sec: 1.73 | LR: 1.64e-04 | Render_L1: 0.0246 | Alpha_L1: 0.0303 | Render_LPIPS: 0.1881 | cos(c,null): +0.2574 | GradNorm: 0.0702 | MSE/t: [0.00-0.50]0.504(n=6372) [0.50-0.85]0.145(n=5921) [0.85-0.95]0.027(n=483) [0.95-1.00]0.015(n=24)
2026-05-02 08:21:25,685 - INFO - [render-loss] step=57400 kept 36/64 samples (t_value >= 0.50)
2026-05-02 08:23:21,237 - INFO - Step   57600 | Epoch  58 | MSE: 0.3210 | Steps/sec: 1.73 | LR: 1.63e-04 | Render_L1: 0.0243 | Alpha_L1: 0.0298 | Render_LPIPS: 0.1875 | cos(c,null): +0.2585 | GradNorm: 0.0687 | MSE/t: [0.00-0.50]0.506(n=6410) [0.50-0.85]0.145(n=5892) [0.85-0.95]0.027(n=475) [0.95-1.00]0.016(n=23)
2026-05-02 08:23:21,339 - INFO - [render-loss] step=57600 kept 37/64 samples (t_value >= 0.50)
2026-05-02 08:25:16,240 - INFO - Step   57800 | Epoch  58 | MSE: 0.3232 | Steps/sec: 1.74 | LR: 1.63e-04 | Render_L1: 0.0241 | Alpha_L1: 0.0297 | Render_LPIPS: 0.1865 | cos(c,null): +0.2598 | GradNorm: 0.0695 | MSE/t: [0.00-0.50]0.503(n=6548) [0.50-0.85]0.144(n=5747) [0.85-0.95]0.026(n=490) [0.95-1.00]0.017(n=15)
2026-05-02 08:25:16,342 - INFO - [render-loss] step=57800 kept 31/64 samples (t_value >= 0.50)
2026-05-02 08:27:11,907 - INFO - Step   58000 | Epoch  58 | MSE: 0.3173 | Steps/sec: 1.73 | LR: 1.63e-04 | Render_L1: 0.0244 | Alpha_L1: 0.0300 | Render_LPIPS: 0.1886 | cos(c,null): +0.2615 | GradNorm: 0.0685 | MSE/t: [0.00-0.50]0.502(n=6352) [0.50-0.85]0.144(n=5938) [0.85-0.95]0.027(n=496) [0.95-1.00]0.018(n=14)
2026-05-02 08:27:12,119 - INFO - [cond] cfg_signal=0.0421 (min=0.0249 max=0.0603, n=16) | class_signal=0.0481 (min=0.0224 max=0.0622, n=16) | pred_rms=0.8373
2026-05-02 08:27:20,473 - INFO - [validation] saved: output/jit_B8_postfix_20260501_234201/dit_validation/epoch_058_step_0058000_class050.png (class=50, sampler=heun, steps=100)
2026-05-02 08:27:21,673 - INFO - [overrides] applied from jit/configs/overrides.yaml: lr_scale=1.0 max_grad_norm=5.0 null_repel_weight=0.0 P_mean=0.0
2026-05-02 08:27:21,770 - INFO - [render-loss] step=58000 kept 31/64 samples (t_value >= 0.50)
2026-05-02 08:29:17,246 - INFO - Step   58200 | Epoch  58 | MSE: 0.3186 | Steps/sec: 1.60 | LR: 1.63e-04 | Render_L1: 0.0238 | Alpha_L1: 0.0293 | Render_LPIPS: 0.1863 | cos(c,null): +0.2610 | GradNorm: 0.0684 | MSE/t: [0.00-0.50]0.503(n=6398) [0.50-0.85]0.143(n=5896) [0.85-0.95]0.027(n=487) [0.95-1.00]0.016(n=19)
2026-05-02 08:29:17,349 - INFO - [render-loss] step=58200 kept 31/64 samples (t_value >= 0.50)
2026-05-02 08:31:12,669 - INFO - Step   58400 | Epoch  58 | MSE: 0.3176 | Steps/sec: 1.73 | LR: 1.62e-04 | Render_L1: 0.0241 | Alpha_L1: 0.0298 | Render_LPIPS: 0.1880 | cos(c,null): +0.2627 | GradNorm: 0.0721 | MSE/t: [0.00-0.50]0.503(n=6366) [0.50-0.85]0.144(n=5906) [0.85-0.95]0.026(n=507) [0.95-1.00]0.016(n=21)
2026-05-02 08:31:12,771 - INFO - [render-loss] step=58400 kept 27/64 samples (t_value >= 0.50)
2026-05-02 08:33:08,406 - INFO - Step   58600 | Epoch  59 | MSE: 0.3195 | Steps/sec: 1.73 | LR: 1.62e-04 | Render_L1: 0.0240 | Alpha_L1: 0.0295 | Render_LPIPS: 0.1863 | cos(c,null): +0.2620 | GradNorm: 0.0695 | MSE/t: [0.00-0.50]0.505(n=6402) [0.50-0.85]0.143(n=5869) [0.85-0.95]0.027(n=501) [0.95-1.00]0.018(n=28)
2026-05-02 08:33:08,507 - INFO - [render-loss] step=58600 kept 29/64 samples (t_value >= 0.50)
2026-05-02 08:35:03,858 - INFO - Step   58800 | Epoch  59 | MSE: 0.3191 | Steps/sec: 1.73 | LR: 1.62e-04 | Render_L1: 0.0242 | Alpha_L1: 0.0299 | Render_LPIPS: 0.1869 | cos(c,null): +0.2632 | GradNorm: 0.0689 | MSE/t: [0.00-0.50]0.504(n=6398) [0.50-0.85]0.145(n=5860) [0.85-0.95]0.026(n=521) [0.95-1.00]0.020(n=21)
2026-05-02 08:35:03,959 - INFO - [render-loss] step=58800 kept 31/64 samples (t_value >= 0.50)
2026-05-02 08:36:59,138 - INFO - Step   59000 | Epoch  59 | MSE: 0.3198 | Steps/sec: 1.73 | LR: 1.62e-04 | Render_L1: 0.0240 | Alpha_L1: 0.0294 | Render_LPIPS: 0.1849 | cos(c,null): +0.2648 | GradNorm: 0.0721 | MSE/t: [0.00-0.50]0.504(n=6395) [0.50-0.85]0.144(n=5929) [0.85-0.95]0.027(n=446) [0.95-1.00]0.017(n=30)
2026-05-02 08:36:59,353 - INFO - [cond] cfg_signal=0.0436 (min=0.0257 max=0.0653, n=16) | class_signal=0.0486 (min=0.0228 max=0.0660, n=16) | pred_rms=0.8650
2026-05-02 08:37:07,633 - INFO - [validation] saved: output/jit_B8_postfix_20260501_234201/dit_validation/epoch_059_step_0059000_class064.png (class=64, sampler=heun, steps=100)
2026-05-02 08:37:08,847 - INFO - [overrides] applied from jit/configs/overrides.yaml: lr_scale=1.0 max_grad_norm=5.0 null_repel_weight=0.0 P_mean=0.0
2026-05-02 08:37:08,944 - INFO - [render-loss] step=59000 kept 30/64 samples (t_value >= 0.50)
2026-05-02 08:39:04,385 - INFO - Step   59200 | Epoch  59 | MSE: 0.3145 | Steps/sec: 1.60 | LR: 1.62e-04 | Render_L1: 0.0235 | Alpha_L1: 0.0291 | Render_LPIPS: 0.1850 | cos(c,null): +0.2654 | GradNorm: 0.0680 | MSE/t: [0.00-0.50]0.500(n=6336) [0.50-0.85]0.142(n=5949) [0.85-0.95]0.027(n=495) [0.95-1.00]0.016(n=20)
2026-05-02 08:39:04,487 - INFO - [render-loss] step=59200 kept 37/64 samples (t_value >= 0.50)
2026-05-02 08:40:59,558 - INFO - Step   59400 | Epoch  59 | MSE: 0.3179 | Steps/sec: 1.74 | LR: 1.61e-04 | Render_L1: 0.0237 | Alpha_L1: 0.0288 | Render_LPIPS: 0.1845 | cos(c,null): +0.2652 | GradNorm: 0.0691 | MSE/t: [0.00-0.50]0.502(n=6388) [0.50-0.85]0.144(n=5887) [0.85-0.95]0.027(n=510) [0.95-1.00]0.016(n=15)
2026-05-02 08:40:59,865 - INFO - [render-loss] step=59400 kept 30/64 samples (t_value >= 0.50)
2026-05-02 08:42:55,824 - INFO - Step   59600 | Epoch  60 | MSE: 0.3178 | Steps/sec: 1.72 | LR: 1.61e-04 | Render_L1: 0.0242 | Alpha_L1: 0.0298 | Render_LPIPS: 0.1863 | cos(c,null): +0.2646 | GradNorm: 0.0713 | MSE/t: [0.00-0.50]0.501(n=6402) [0.50-0.85]0.144(n=5897) [0.85-0.95]0.027(n=483) [0.95-1.00]0.015(n=18)
2026-05-02 08:42:55,926 - INFO - [render-loss] step=59600 kept 31/64 samples (t_value >= 0.50)
2026-05-02 08:44:50,930 - INFO - Step   59800 | Epoch  60 | MSE: 0.3212 | Steps/sec: 1.74 | LR: 1.61e-04 | Render_L1: 0.0244 | Alpha_L1: 0.0303 | Render_LPIPS: 0.1876 | cos(c,null): +0.2644 | GradNorm: 0.0709 | MSE/t: [0.00-0.50]0.507(n=6402) [0.50-0.85]0.145(n=5891) [0.85-0.95]0.027(n=480) [0.95-1.00]0.016(n=27)
2026-05-02 08:44:51,032 - INFO - [render-loss] step=59800 kept 34/64 samples (t_value >= 0.50)
2026-05-02 08:46:46,539 - INFO - Step   60000 | Epoch  60 | MSE: 0.3138 | Steps/sec: 1.73 | LR: 1.61e-04 | Render_L1: 0.0242 | Alpha_L1: 0.0296 | Render_LPIPS: 0.1866 | cos(c,null): +0.2645 | GradNorm: 0.0699 | MSE/t: [0.00-0.50]0.502(n=6252) [0.50-0.85]0.144(n=5995) [0.85-0.95]0.027(n=534) [0.95-1.00]0.016(n=19)
2026-05-02 08:46:46,748 - INFO - [cond] cfg_signal=0.0410 (min=0.0251 max=0.0597, n=16) | class_signal=0.0499 (min=0.0218 max=0.0724, n=16) | pred_rms=0.8543
2026-05-02 08:46:49,498 - INFO - Saved checkpoint to output/jit_B8_postfix_20260501_234201/0060000.pt
2026-05-02 08:46:49,702 - INFO - [cond] cfg_signal=0.0410 (min=0.0251 max=0.0597, n=16) | class_signal=0.0499 (min=0.0218 max=0.0724, n=16) | pred_rms=0.8543
2026-05-02 08:46:57,987 - INFO - [validation] saved: output/jit_B8_postfix_20260501_234201/dit_validation/epoch_060_step_0060000_class017.png (class=17, sampler=heun, steps=100)
2026-05-02 08:46:59,191 - INFO - [overrides] applied from jit/configs/overrides.yaml: lr_scale=1.0 max_grad_norm=5.0 null_repel_weight=0.0 P_mean=0.0
2026-05-02 08:46:59,287 - INFO - [render-loss] step=60000 kept 32/64 samples (t_value >= 0.50)
2026-05-02 08:48:54,799 - INFO - Step   60200 | Epoch  60 | MSE: 0.3196 | Steps/sec: 1.56 | LR: 1.60e-04 | Render_L1: 0.0242 | Alpha_L1: 0.0292 | Render_LPIPS: 0.1864 | cos(c,null): +0.2666 | GradNorm: 0.0723 | MSE/t: [0.00-0.50]0.505(n=6420) [0.50-0.85]0.143(n=5851) [0.85-0.95]0.026(n=515) [0.95-1.00]0.018(n=14)
2026-05-02 08:48:54,901 - INFO - [render-loss] step=60200 kept 38/64 samples (t_value >= 0.50)
2026-05-02 08:50:50,343 - INFO - Step   60400 | Epoch  61 | MSE: 0.3188 | Steps/sec: 1.73 | LR: 1.60e-04 | Render_L1: 0.0236 | Alpha_L1: 0.0294 | Render_LPIPS: 0.1842 | cos(c,null): +0.2688 | GradNorm: 0.0706 | MSE/t: [0.00-0.50]0.504(n=6386) [0.50-0.85]0.144(n=5896) [0.85-0.95]0.026(n=500) [0.95-1.00]0.018(n=18)
2026-05-02 08:50:50,444 - INFO - [render-loss] step=60400 kept 34/64 samples (t_value >= 0.50)
2026-05-02 08:52:45,786 - INFO - Step   60600 | Epoch  61 | MSE: 0.3222 | Steps/sec: 1.73 | LR: 1.60e-04 | Render_L1: 0.0238 | Alpha_L1: 0.0291 | Render_LPIPS: 0.1843 | cos(c,null): +0.2686 | GradNorm: 0.0750 | MSE/t: [0.00-0.50]0.506(n=6457) [0.50-0.85]0.145(n=5806) [0.85-0.95]0.027(n=514) [0.95-1.00]0.016(n=23)
2026-05-02 08:52:45,888 - INFO - [render-loss] step=60600 kept 38/64 samples (t_value >= 0.50)
2026-05-02 08:54:40,997 - INFO - Step   60800 | Epoch  61 | MSE: 0.3196 | Steps/sec: 1.74 | LR: 1.60e-04 | Render_L1: 0.0241 | Alpha_L1: 0.0295 | Render_LPIPS: 0.1867 | cos(c,null): +0.2686 | GradNorm: 0.0695 | MSE/t: [0.00-0.50]0.506(n=6357) [0.50-0.85]0.146(n=5911) [0.85-0.95]0.027(n=514) [0.95-1.00]0.018(n=18)
2026-05-02 08:54:41,102 - INFO - [render-loss] step=60800 kept 27/64 samples (t_value >= 0.50)
2026-05-02 08:56:36,475 - INFO - Step   61000 | Epoch  61 | MSE: 0.3189 | Steps/sec: 1.73 | LR: 1.59e-04 | Render_L1: 0.0240 | Alpha_L1: 0.0290 | Render_LPIPS: 0.1850 | cos(c,null): +0.2693 | GradNorm: 0.0710 | MSE/t: [0.00-0.50]0.505(n=6378) [0.50-0.85]0.144(n=5907) [0.85-0.95]0.027(n=484) [0.95-1.00]0.016(n=31)
2026-05-02 08:56:36,691 - INFO - [cond] cfg_signal=0.0427 (min=0.0240 max=0.0620, n=16) | class_signal=0.0494 (min=0.0211 max=0.0727, n=16) | pred_rms=0.8728
2026-05-02 08:56:44,994 - INFO - [validation] saved: output/jit_B8_postfix_20260501_234201/dit_validation/epoch_061_step_0061000_class058.png (class=58, sampler=heun, steps=100)
2026-05-02 08:56:46,218 - INFO - [overrides] applied from jit/configs/overrides.yaml: lr_scale=1.0 max_grad_norm=5.0 null_repel_weight=0.0 P_mean=0.0
2026-05-02 08:56:46,316 - INFO - [render-loss] step=61000 kept 28/64 samples (t_value >= 0.50)
2026-05-02 08:58:41,189 - INFO - Step   61200 | Epoch  61 | MSE: 0.3198 | Steps/sec: 1.61 | LR: 1.59e-04 | Render_L1: 0.0240 | Alpha_L1: 0.0293 | Render_LPIPS: 0.1845 | cos(c,null): +0.2695 | GradNorm: 0.0729 | MSE/t: [0.00-0.50]0.503(n=6430) [0.50-0.85]0.145(n=5852) [0.85-0.95]0.026(n=499) [0.95-1.00]0.015(n=19)
2026-05-02 08:58:41,290 - INFO - [render-loss] step=61200 kept 33/64 samples (t_value >= 0.50)
2026-05-02 09:00:36,729 - INFO - Step   61400 | Epoch  62 | MSE: 0.3222 | Steps/sec: 1.73 | LR: 1.59e-04 | Render_L1: 0.0241 | Alpha_L1: 0.0296 | Render_LPIPS: 0.1852 | cos(c,null): +0.2713 | GradNorm: 0.0717 | MSE/t: [0.00-0.50]0.507(n=6434) [0.50-0.85]0.145(n=5853) [0.85-0.95]0.027(n=491) [0.95-1.00]0.016(n=22)
2026-05-02 09:00:36,831 - INFO - [render-loss] step=61400 kept 35/64 samples (t_value >= 0.50)
2026-05-02 09:02:32,053 - INFO - Step   61600 | Epoch  62 | MSE: 0.3237 | Steps/sec: 1.73 | LR: 1.59e-04 | Render_L1: 0.0239 | Alpha_L1: 0.0292 | Render_LPIPS: 0.1846 | cos(c,null): +0.2716 | GradNorm: 0.0723 | MSE/t: [0.00-0.50]0.505(n=6516) [0.50-0.85]0.145(n=5795) [0.85-0.95]0.026(n=463) [0.95-1.00]0.019(n=26)
2026-05-02 09:02:32,155 - INFO - [render-loss] step=61600 kept 40/64 samples (t_value >= 0.50)
2026-05-02 09:04:27,177 - INFO - Step   61800 | Epoch  62 | MSE: 0.3199 | Steps/sec: 1.74 | LR: 1.58e-04 | Render_L1: 0.0237 | Alpha_L1: 0.0289 | Render_LPIPS: 0.1834 | cos(c,null): +0.2720 | GradNorm: 0.0691 | MSE/t: [0.00-0.50]0.506(n=6381) [0.50-0.85]0.145(n=5919) [0.85-0.95]0.028(n=472) [0.95-1.00]0.015(n=28)
2026-05-02 09:04:27,279 - INFO - [render-loss] step=61800 kept 30/64 samples (t_value >= 0.50)
2026-05-02 09:06:22,487 - INFO - Step   62000 | Epoch  62 | MSE: 0.3198 | Steps/sec: 1.73 | LR: 1.58e-04 | Render_L1: 0.0239 | Alpha_L1: 0.0294 | Render_LPIPS: 0.1841 | cos(c,null): +0.2715 | GradNorm: 0.0696 | MSE/t: [0.00-0.50]0.506(n=6353) [0.50-0.85]0.146(n=5928) [0.85-0.95]0.027(n=497) [0.95-1.00]0.015(n=22)
2026-05-02 09:06:22,699 - INFO - [cond] cfg_signal=0.0423 (min=0.0244 max=0.0581, n=16) | class_signal=0.0498 (min=0.0237 max=0.0698, n=16) | pred_rms=0.8482
2026-05-02 09:06:31,279 - INFO - [validation] saved: output/jit_B8_postfix_20260501_234201/dit_validation/epoch_062_step_0062000_class005.png (class=5, sampler=heun, steps=100)
2026-05-02 09:06:32,440 - INFO - [overrides] applied from jit/configs/overrides.yaml: lr_scale=1.0 max_grad_norm=5.0 null_repel_weight=0.0 P_mean=0.0
2026-05-02 09:06:32,537 - INFO - [render-loss] step=62000 kept 37/64 samples (t_value >= 0.50)
2026-05-02 09:08:28,636 - INFO - Step   62200 | Epoch  62 | MSE: 0.3171 | Steps/sec: 1.59 | LR: 1.58e-04 | Render_L1: 0.0235 | Alpha_L1: 0.0289 | Render_LPIPS: 0.1834 | cos(c,null): +0.2719 | GradNorm: 0.0701 | MSE/t: [0.00-0.50]0.504(n=6371) [0.50-0.85]0.142(n=5857) [0.85-0.95]0.027(n=559) [0.95-1.00]0.020(n=13)
2026-05-02 09:08:28,738 - INFO - [render-loss] step=62200 kept 35/64 samples (t_value >= 0.50)
2026-05-02 09:10:24,285 - INFO - Step   62400 | Epoch  63 | MSE: 0.3204 | Steps/sec: 1.73 | LR: 1.58e-04 | Render_L1: 0.0239 | Alpha_L1: 0.0292 | Render_LPIPS: 0.1846 | cos(c,null): +0.2735 | GradNorm: 0.0721 | MSE/t: [0.00-0.50]0.508(n=6356) [0.50-0.85]0.145(n=5922) [0.85-0.95]0.027(n=497) [0.95-1.00]0.016(n=25)
2026-05-02 09:10:24,388 - INFO - [render-loss] step=62400 kept 29/64 samples (t_value >= 0.50)
2026-05-02 09:12:19,788 - INFO - Step   62600 | Epoch  63 | MSE: 0.3176 | Steps/sec: 1.73 | LR: 1.57e-04 | Render_L1: 0.0238 | Alpha_L1: 0.0289 | Render_LPIPS: 0.1832 | cos(c,null): +0.2757 | GradNorm: 0.0713 | MSE/t: [0.00-0.50]0.505(n=6324) [0.50-0.85]0.144(n=5972) [0.85-0.95]0.027(n=485) [0.95-1.00]0.016(n=19)
2026-05-02 09:12:19,890 - INFO - [render-loss] step=62600 kept 28/64 samples (t_value >= 0.50)
2026-05-02 09:14:14,791 - INFO - Step   62800 | Epoch  63 | MSE: 0.3205 | Steps/sec: 1.74 | LR: 1.57e-04 | Render_L1: 0.0236 | Alpha_L1: 0.0285 | Render_LPIPS: 0.1824 | cos(c,null): +0.2763 | GradNorm: 0.0705 | MSE/t: [0.00-0.50]0.505(n=6440) [0.50-0.85]0.143(n=5835) [0.85-0.95]0.027(n=499) [0.95-1.00]0.016(n=26)
2026-05-02 09:14:14,893 - INFO - [render-loss] step=62800 kept 26/64 samples (t_value >= 0.50)
2026-05-02 09:16:09,778 - INFO - Step   63000 | Epoch  63 | MSE: 0.3199 | Steps/sec: 1.74 | LR: 1.57e-04 | Render_L1: 0.0240 | Alpha_L1: 0.0291 | Render_LPIPS: 0.1848 | cos(c,null): +0.2768 | GradNorm: 0.0717 | MSE/t: [0.00-0.50]0.505(n=6435) [0.50-0.85]0.142(n=5815) [0.85-0.95]0.027(n=531) [0.95-1.00]0.023(n=19)
2026-05-02 09:16:09,989 - INFO - [cond] cfg_signal=0.0433 (min=0.0252 max=0.0657, n=16) | class_signal=0.0513 (min=0.0207 max=0.0773, n=16) | pred_rms=0.8685
2026-05-02 09:16:18,307 - INFO - [validation] saved: output/jit_B8_postfix_20260501_234201/dit_validation/epoch_063_step_0063000_class075.png (class=75, sampler=heun, steps=100)
2026-05-02 09:16:19,920 - INFO - [overrides] applied from jit/configs/overrides.yaml: lr_scale=1.0 max_grad_norm=5.0 null_repel_weight=0.0 P_mean=0.0
2026-05-02 09:16:20,017 - INFO - [render-loss] step=63000 kept 27/64 samples (t_value >= 0.50)
2026-05-02 09:18:15,200 - INFO - Step   63200 | Epoch  63 | MSE: 0.3210 | Steps/sec: 1.60 | LR: 1.57e-04 | Render_L1: 0.0237 | Alpha_L1: 0.0292 | Render_LPIPS: 0.1837 | cos(c,null): +0.2761 | GradNorm: 0.0705 | MSE/t: [0.00-0.50]0.508(n=6400) [0.50-0.85]0.144(n=5837) [0.85-0.95]0.028(n=544) [0.95-1.00]0.015(n=19)
2026-05-02 09:18:15,302 - INFO - [render-loss] step=63200 kept 35/64 samples (t_value >= 0.50)
2026-05-02 09:20:10,880 - INFO - Step   63400 | Epoch  64 | MSE: 0.3173 | Steps/sec: 1.73 | LR: 1.56e-04 | Render_L1: 0.0239 | Alpha_L1: 0.0293 | Render_LPIPS: 0.1834 | cos(c,null): +0.2780 | GradNorm: 0.0704 | MSE/t: [0.00-0.50]0.503(n=6355) [0.50-0.85]0.144(n=5875) [0.85-0.95]0.027(n=548) [0.95-1.00]0.017(n=22)
2026-05-02 09:20:10,982 - INFO - [render-loss] step=63400 kept 32/64 samples (t_value >= 0.50)
2026-05-02 09:22:05,561 - INFO - Step   63600 | Epoch  64 | MSE: 0.3246 | Steps/sec: 1.74 | LR: 1.56e-04 | Render_L1: 0.0237 | Alpha_L1: 0.0288 | Render_LPIPS: 0.1830 | cos(c,null): +0.2793 | GradNorm: 0.0708 | MSE/t: [0.00-0.50]0.508(n=6514) [0.50-0.85]0.145(n=5759) [0.85-0.95]0.026(n=510) [0.95-1.00]0.015(n=17)
2026-05-02 09:22:05,664 - INFO - [render-loss] step=63600 kept 28/64 samples (t_value >= 0.50)
2026-05-02 09:24:01,124 - INFO - Step   63800 | Epoch  64 | MSE: 0.3184 | Steps/sec: 1.73 | LR: 1.56e-04 | Render_L1: 0.0236 | Alpha_L1: 0.0289 | Render_LPIPS: 0.1823 | cos(c,null): +0.2791 | GradNorm: 0.0682 | MSE/t: [0.00-0.50]0.506(n=6359) [0.50-0.85]0.143(n=5893) [0.85-0.95]0.027(n=523) [0.95-1.00]0.015(n=25)
2026-05-02 09:24:01,226 - INFO - [render-loss] step=63800 kept 36/64 samples (t_value >= 0.50)
2026-05-02 09:25:56,265 - INFO - Step   64000 | Epoch  64 | MSE: 0.3183 | Steps/sec: 1.74 | LR: 1.56e-04 | Render_L1: 0.0235 | Alpha_L1: 0.0285 | Render_LPIPS: 0.1813 | cos(c,null): +0.2787 | GradNorm: 0.0683 | MSE/t: [0.00-0.50]0.503(n=6360) [0.50-0.85]0.145(n=5952) [0.85-0.95]0.026(n=468) [0.95-1.00]0.017(n=20)
2026-05-02 09:25:56,477 - INFO - [cond] cfg_signal=0.0414 (min=0.0225 max=0.0591, n=16) | class_signal=0.0490 (min=0.0205 max=0.0720, n=16) | pred_rms=0.8564
2026-05-02 09:26:04,899 - INFO - [validation] saved: output/jit_B8_postfix_20260501_234201/dit_validation/epoch_064_step_0064000_class095.png (class=95, sampler=heun, steps=100)
2026-05-02 09:26:06,057 - INFO - [overrides] applied from jit/configs/overrides.yaml: lr_scale=1.0 max_grad_norm=5.0 null_repel_weight=0.0 P_mean=0.0
2026-05-02 09:26:06,155 - INFO - [render-loss] step=64000 kept 30/64 samples (t_value >= 0.50)
2026-05-02 09:28:01,474 - INFO - Step   64200 | Epoch  64 | MSE: 0.3217 | Steps/sec: 1.60 | LR: 1.55e-04 | Render_L1: 0.0236 | Alpha_L1: 0.0289 | Render_LPIPS: 0.1822 | cos(c,null): +0.2803 | GradNorm: 0.0689 | MSE/t: [0.00-0.50]0.505(n=6475) [0.50-0.85]0.144(n=5814) [0.85-0.95]0.027(n=492) [0.95-1.00]0.014(n=19)
2026-05-02 09:28:01,577 - INFO - [render-loss] step=64200 kept 36/64 samples (t_value >= 0.50)
2026-05-02 09:29:57,116 - INFO - Step   64400 | Epoch  65 | MSE: 0.3170 | Steps/sec: 1.73 | LR: 1.55e-04 | Render_L1: 0.0238 | Alpha_L1: 0.0288 | Render_LPIPS: 0.1825 | cos(c,null): +0.2800 | GradNorm: 0.0713 | MSE/t: [0.00-0.50]0.506(n=6302) [0.50-0.85]0.143(n=5986) [0.85-0.95]0.027(n=495) [0.95-1.00]0.017(n=17)
2026-05-02 09:29:57,218 - INFO - [render-loss] step=64400 kept 36/64 samples (t_value >= 0.50)
2026-05-02 09:31:52,300 - INFO - Step   64600 | Epoch  65 | MSE: 0.3202 | Steps/sec: 1.74 | LR: 1.55e-04 | Render_L1: 0.0237 | Alpha_L1: 0.0294 | Render_LPIPS: 0.1827 | cos(c,null): +0.2813 | GradNorm: 0.0695 | MSE/t: [0.00-0.50]0.505(n=6419) [0.50-0.85]0.143(n=5865) [0.85-0.95]0.027(n=492) [0.95-1.00]0.020(n=24)
2026-05-02 09:31:52,402 - INFO - [render-loss] step=64600 kept 35/64 samples (t_value >= 0.50)
2026-05-02 09:33:48,099 - INFO - Step   64800 | Epoch  65 | MSE: 0.3211 | Steps/sec: 1.73 | LR: 1.54e-04 | Render_L1: 0.0236 | Alpha_L1: 0.0287 | Render_LPIPS: 0.1809 | cos(c,null): +0.2819 | GradNorm: 0.0671 | MSE/t: [0.00-0.50]0.504(n=6476) [0.50-0.85]0.144(n=5804) [0.85-0.95]0.027(n=505) [0.95-1.00]0.017(n=15)
2026-05-02 09:33:48,200 - INFO - [render-loss] step=64800 kept 32/64 samples (t_value >= 0.50)
2026-05-02 09:35:43,470 - INFO - Step   65000 | Epoch  65 | MSE: 0.3200 | Steps/sec: 1.73 | LR: 1.54e-04 | Render_L1: 0.0242 | Alpha_L1: 0.0296 | Render_LPIPS: 0.1835 | cos(c,null): +0.2820 | GradNorm: 0.0680 | MSE/t: [0.00-0.50]0.504(n=6416) [0.50-0.85]0.144(n=5878) [0.85-0.95]0.027(n=481) [0.95-1.00]0.017(n=25)
2026-05-02 09:35:43,682 - INFO - [cond] cfg_signal=0.0422 (min=0.0260 max=0.0606, n=16) | class_signal=0.0488 (min=0.0214 max=0.0675, n=16) | pred_rms=0.8639
2026-05-02 09:35:52,233 - INFO - [validation] saved: output/jit_B8_postfix_20260501_234201/dit_validation/epoch_065_step_0065000_class005.png (class=5, sampler=heun, steps=100)
2026-05-02 09:35:53,392 - INFO - [overrides] applied from jit/configs/overrides.yaml: lr_scale=1.0 max_grad_norm=5.0 null_repel_weight=0.0 P_mean=0.0
2026-05-02 09:35:53,489 - INFO - [render-loss] step=65000 kept 23/64 samples (t_value >= 0.50)
2026-05-02 09:37:48,641 - INFO - Step   65200 | Epoch  65 | MSE: 0.3161 | Steps/sec: 1.60 | LR: 1.54e-04 | Render_L1: 0.0236 | Alpha_L1: 0.0291 | Render_LPIPS: 0.1822 | cos(c,null): +0.2823 | GradNorm: 0.0693 | MSE/t: [0.00-0.50]0.501(n=6349) [0.50-0.85]0.145(n=5878) [0.85-0.95]0.027(n=543) [0.95-1.00]0.016(n=30)
2026-05-02 09:37:48,743 - INFO - [render-loss] step=65200 kept 38/64 samples (t_value >= 0.50)
2026-05-02 09:39:44,380 - INFO - Step   65400 | Epoch  66 | MSE: 0.3217 | Steps/sec: 1.73 | LR: 1.54e-04 | Render_L1: 0.0235 | Alpha_L1: 0.0290 | Render_LPIPS: 0.1804 | cos(c,null): +0.2837 | GradNorm: 0.0715 | MSE/t: [0.00-0.50]0.506(n=6456) [0.50-0.85]0.144(n=5836) [0.85-0.95]0.026(n=486) [0.95-1.00]0.015(n=22)
2026-05-02 09:39:44,482 - INFO - [render-loss] step=65400 kept 34/64 samples (t_value >= 0.50)
2026-05-02 09:41:39,735 - INFO - Step   65600 | Epoch  66 | MSE: 0.3168 | Steps/sec: 1.73 | LR: 1.53e-04 | Render_L1: 0.0237 | Alpha_L1: 0.0285 | Render_LPIPS: 0.1825 | cos(c,null): +0.2841 | GradNorm: 0.0709 | MSE/t: [0.00-0.50]0.504(n=6343) [0.50-0.85]0.144(n=5881) [0.85-0.95]0.027(n=553) [0.95-1.00]0.015(n=23)
2026-05-02 09:41:39,838 - INFO - [render-loss] step=65600 kept 31/64 samples (t_value >= 0.50)
2026-05-02 09:43:34,798 - INFO - Step   65800 | Epoch  66 | MSE: 0.3196 | Steps/sec: 1.74 | LR: 1.53e-04 | Render_L1: 0.0238 | Alpha_L1: 0.0286 | Render_LPIPS: 0.1820 | cos(c,null): +0.2849 | GradNorm: 0.0689 | MSE/t: [0.00-0.50]0.503(n=6439) [0.50-0.85]0.145(n=5811) [0.85-0.95]0.027(n=528) [0.95-1.00]0.016(n=22)
2026-05-02 09:43:34,900 - INFO - [render-loss] step=65800 kept 25/64 samples (t_value >= 0.50)
2026-05-02 09:45:29,772 - INFO - Step   66000 | Epoch  66 | MSE: 0.3198 | Steps/sec: 1.74 | LR: 1.53e-04 | Render_L1: 0.0232 | Alpha_L1: 0.0279 | Render_LPIPS: 0.1791 | cos(c,null): +0.2839 | GradNorm: 0.0680 | MSE/t: [0.00-0.50]0.505(n=6424) [0.50-0.85]0.143(n=5857) [0.85-0.95]0.027(n=498) [0.95-1.00]0.016(n=21)
2026-05-02 09:45:29,983 - INFO - [cond] cfg_signal=0.0427 (min=0.0225 max=0.0654, n=16) | class_signal=0.0505 (min=0.0228 max=0.0704, n=16) | pred_rms=0.8719
2026-05-02 09:45:38,334 - INFO - [validation] saved: output/jit_B8_postfix_20260501_234201/dit_validation/epoch_066_step_0066000_class070.png (class=70, sampler=heun, steps=100)
2026-05-02 09:45:39,513 - INFO - [overrides] applied from jit/configs/overrides.yaml: lr_scale=1.0 max_grad_norm=5.0 null_repel_weight=0.0 P_mean=0.0
2026-05-02 09:45:39,610 - INFO - [render-loss] step=66000 kept 39/64 samples (t_value >= 0.50)
2026-05-02 09:47:34,917 - INFO - Step   66200 | Epoch  66 | MSE: 0.3176 | Steps/sec: 1.60 | LR: 1.53e-04 | Render_L1: 0.0236 | Alpha_L1: 0.0287 | Render_LPIPS: 0.1814 | cos(c,null): +0.2846 | GradNorm: 0.0693 | MSE/t: [0.00-0.50]0.505(n=6323) [0.50-0.85]0.146(n=5913) [0.85-0.95]0.026(n=541) [0.95-1.00]0.019(n=23)
2026-05-02 09:47:35,019 - INFO - [render-loss] step=66200 kept 31/64 samples (t_value >= 0.50)
2026-05-02 09:49:30,042 - INFO - Step   66400 | Epoch  67 | MSE: 0.3201 | Steps/sec: 1.74 | LR: 1.52e-04 | Render_L1: 0.0237 | Alpha_L1: 0.0286 | Render_LPIPS: 0.1814 | cos(c,null): +0.2854 | GradNorm: 0.0698 | MSE/t: [0.00-0.50]0.505(n=6414) [0.50-0.85]0.144(n=5850) [0.85-0.95]0.027(n=520) [0.95-1.00]0.016(n=16)
2026-05-02 09:49:30,144 - INFO - [render-loss] step=66400 kept 23/64 samples (t_value >= 0.50)
2026-05-02 09:51:25,264 - INFO - Step   66600 | Epoch  67 | MSE: 0.3181 | Steps/sec: 1.74 | LR: 1.52e-04 | Render_L1: 0.0235 | Alpha_L1: 0.0285 | Render_LPIPS: 0.1803 | cos(c,null): +0.2871 | GradNorm: 0.0690 | MSE/t: [0.00-0.50]0.505(n=6378) [0.50-0.85]0.142(n=5899) [0.85-0.95]0.027(n=505) [0.95-1.00]0.020(n=18)
2026-05-02 09:51:25,366 - INFO - [render-loss] step=66600 kept 30/64 samples (t_value >= 0.50)
2026-05-02 09:53:20,443 - INFO - Step   66800 | Epoch  67 | MSE: 0.3227 | Steps/sec: 1.74 | LR: 1.52e-04 | Render_L1: 0.0237 | Alpha_L1: 0.0283 | Render_LPIPS: 0.1805 | cos(c,null): +0.2880 | GradNorm: 0.0678 | MSE/t: [0.00-0.50]0.504(n=6514) [0.50-0.85]0.145(n=5756) [0.85-0.95]0.026(n=516) [0.95-1.00]0.016(n=14)
2026-05-02 09:53:20,544 - INFO - [render-loss] step=66800 kept 29/64 samples (t_value >= 0.50)
2026-05-02 09:55:15,583 - INFO - Step   67000 | Epoch  67 | MSE: 0.3206 | Steps/sec: 1.74 | LR: 1.52e-04 | Render_L1: 0.0235 | Alpha_L1: 0.0284 | Render_LPIPS: 0.1806 | cos(c,null): +0.2886 | GradNorm: 0.0673 | MSE/t: [0.00-0.50]0.502(n=6465) [0.50-0.85]0.145(n=5797) [0.85-0.95]0.027(n=522) [0.95-1.00]0.018(n=16)
2026-05-02 09:55:15,799 - INFO - [cond] cfg_signal=0.0427 (min=0.0241 max=0.0639, n=16) | class_signal=0.0490 (min=0.0208 max=0.0740, n=16) | pred_rms=0.8641
2026-05-02 09:55:24,257 - INFO - [validation] saved: output/jit_B8_postfix_20260501_234201/dit_validation/epoch_067_step_0067000_class055.png (class=55, sampler=heun, steps=100)
2026-05-02 09:55:25,534 - INFO - [overrides] applied from jit/configs/overrides.yaml: lr_scale=1.0 max_grad_norm=5.0 null_repel_weight=0.0 P_mean=0.0
2026-05-02 09:55:25,631 - INFO - [render-loss] step=67000 kept 31/64 samples (t_value >= 0.50)
2026-05-02 09:57:21,465 - INFO - Step   67200 | Epoch  67 | MSE: 0.3181 | Steps/sec: 1.59 | LR: 1.51e-04 | Render_L1: 0.0237 | Alpha_L1: 0.0286 | Render_LPIPS: 0.1804 | cos(c,null): +0.2887 | GradNorm: 0.0673 | MSE/t: [0.00-0.50]0.504(n=6388) [0.50-0.85]0.143(n=5868) [0.85-0.95]0.026(n=530) [0.95-1.00]0.016(n=14)
2026-05-02 09:57:21,568 - INFO - [render-loss] step=67200 kept 34/64 samples (t_value >= 0.50)
2026-05-02 09:59:17,750 - INFO - Step   67400 | Epoch  68 | MSE: 0.3157 | Steps/sec: 1.72 | LR: 1.51e-04 | Render_L1: 0.0234 | Alpha_L1: 0.0282 | Render_LPIPS: 0.1791 | cos(c,null): +0.2891 | GradNorm: 0.0672 | MSE/t: [0.00-0.50]0.507(n=6261) [0.50-0.85]0.143(n=5969) [0.85-0.95]0.027(n=555) [0.95-1.00]0.014(n=15)
2026-05-02 09:59:17,853 - INFO - [render-loss] step=67400 kept 36/64 samples (t_value >= 0.50)
2026-05-02 10:01:13,289 - INFO - Step   67600 | Epoch  68 | MSE: 0.3228 | Steps/sec: 1.73 | LR: 1.51e-04 | Render_L1: 0.0237 | Alpha_L1: 0.0286 | Render_LPIPS: 0.1809 | cos(c,null): +0.2894 | GradNorm: 0.0680 | MSE/t: [0.00-0.50]0.506(n=6475) [0.50-0.85]0.145(n=5812) [0.85-0.95]0.027(n=492) [0.95-1.00]0.017(n=21)
2026-05-02 10:01:13,391 - INFO - [render-loss] step=67600 kept 37/64 samples (t_value >= 0.50)
2026-05-02 10:03:08,675 - INFO - Step   67800 | Epoch  68 | MSE: 0.3187 | Steps/sec: 1.73 | LR: 1.51e-04 | Render_L1: 0.0235 | Alpha_L1: 0.0288 | Render_LPIPS: 0.1806 | cos(c,null): +0.2895 | GradNorm: 0.0707 | MSE/t: [0.00-0.50]0.503(n=6431) [0.50-0.85]0.143(n=5814) [0.85-0.95]0.027(n=534) [0.95-1.00]0.016(n=21)
2026-05-02 10:03:08,777 - INFO - [render-loss] step=67800 kept 26/64 samples (t_value >= 0.50)
2026-05-02 10:05:04,071 - INFO - Step   68000 | Epoch  68 | MSE: 0.3181 | Steps/sec: 1.73 | LR: 1.50e-04 | Render_L1: 0.0234 | Alpha_L1: 0.0287 | Render_LPIPS: 0.1806 | cos(c,null): +0.2900 | GradNorm: 0.0680 | MSE/t: [0.00-0.50]0.506(n=6341) [0.50-0.85]0.143(n=5940) [0.85-0.95]0.026(n=506) [0.95-1.00]0.017(n=13)
2026-05-02 10:05:04,283 - INFO - [cond] cfg_signal=0.0407 (min=0.0220 max=0.0574, n=16) | class_signal=0.0486 (min=0.0231 max=0.0716, n=16) | pred_rms=0.8465
2026-05-02 10:05:13,036 - INFO - [validation] saved: output/jit_B8_postfix_20260501_234201/dit_validation/epoch_068_step_0068000_class048.png (class=48, sampler=heun, steps=100)
2026-05-02 10:05:14,295 - INFO - [overrides] applied from jit/configs/overrides.yaml: lr_scale=1.0 max_grad_norm=5.0 null_repel_weight=0.0 P_mean=0.0
2026-05-02 10:05:14,393 - INFO - [render-loss] step=68000 kept 27/64 samples (t_value >= 0.50)
2026-05-02 10:07:09,256 - INFO - Step   68200 | Epoch  68 | MSE: 0.3180 | Steps/sec: 1.60 | LR: 1.50e-04 | Render_L1: 0.0234 | Alpha_L1: 0.0286 | Render_LPIPS: 0.1796 | cos(c,null): +0.2901 | GradNorm: 0.0677 | MSE/t: [0.00-0.50]0.503(n=6404) [0.50-0.85]0.142(n=5897) [0.85-0.95]0.026(n=478) [0.95-1.00]0.019(n=21)
2026-05-02 10:07:09,358 - INFO - [render-loss] step=68200 kept 30/64 samples (t_value >= 0.50)
2026-05-02 10:09:04,843 - INFO - Step   68400 | Epoch  69 | MSE: 0.3171 | Steps/sec: 1.73 | LR: 1.50e-04 | Render_L1: 0.0229 | Alpha_L1: 0.0279 | Render_LPIPS: 0.1775 | cos(c,null): +0.2926 | GradNorm: 0.0682 | MSE/t: [0.00-0.50]0.504(n=6343) [0.50-0.85]0.143(n=5914) [0.85-0.95]0.026(n=518) [0.95-1.00]0.016(n=25)
2026-05-02 10:09:04,946 - INFO - [render-loss] step=68400 kept 30/64 samples (t_value >= 0.50)
2026-05-02 10:11:00,284 - INFO - Step   68600 | Epoch  69 | MSE: 0.3161 | Steps/sec: 1.73 | LR: 1.50e-04 | Render_L1: 0.0238 | Alpha_L1: 0.0287 | Render_LPIPS: 0.1809 | cos(c,null): +0.2915 | GradNorm: 0.0660 | MSE/t: [0.00-0.50]0.505(n=6276) [0.50-0.85]0.145(n=5931) [0.85-0.95]0.026(n=577) [0.95-1.00]0.014(n=16)
2026-05-02 10:11:00,386 - INFO - [render-loss] step=68600 kept 24/64 samples (t_value >= 0.50)
2026-05-02 10:12:55,256 - INFO - Step   68800 | Epoch  69 | MSE: 0.3207 | Steps/sec: 1.74 | LR: 1.49e-04 | Render_L1: 0.0232 | Alpha_L1: 0.0280 | Render_LPIPS: 0.1784 | cos(c,null): +0.2938 | GradNorm: 0.0684 | MSE/t: [0.00-0.50]0.501(n=6523) [0.50-0.85]0.143(n=5778) [0.85-0.95]0.027(n=487) [0.95-1.00]0.018(n=12)
2026-05-02 10:12:55,358 - INFO - [render-loss] step=68800 kept 38/64 samples (t_value >= 0.50)
2026-05-02 10:14:50,430 - INFO - Step   69000 | Epoch  69 | MSE: 0.3207 | Steps/sec: 1.74 | LR: 1.49e-04 | Render_L1: 0.0237 | Alpha_L1: 0.0286 | Render_LPIPS: 0.1799 | cos(c,null): +0.2941 | GradNorm: 0.0685 | MSE/t: [0.00-0.50]0.503(n=6471) [0.50-0.85]0.144(n=5786) [0.85-0.95]0.027(n=522) [0.95-1.00]0.015(n=21)
2026-05-02 10:14:50,644 - INFO - [cond] cfg_signal=0.0437 (min=0.0254 max=0.0615, n=16) | class_signal=0.0503 (min=0.0229 max=0.0728, n=16) | pred_rms=0.8625
2026-05-02 10:14:59,022 - INFO - [validation] saved: output/jit_B8_postfix_20260501_234201/dit_validation/epoch_069_step_0069000_class087.png (class=87, sampler=heun, steps=100)
2026-05-02 10:15:00,234 - INFO - [overrides] applied from jit/configs/overrides.yaml: lr_scale=1.0 max_grad_norm=5.0 null_repel_weight=0.0 P_mean=0.0
2026-05-02 10:15:00,331 - INFO - [render-loss] step=69000 kept 29/64 samples (t_value >= 0.50)
2026-05-02 10:16:55,551 - INFO - Step   69200 | Epoch  69 | MSE: 0.3177 | Steps/sec: 1.60 | LR: 1.49e-04 | Render_L1: 0.0240 | Alpha_L1: 0.0292 | Render_LPIPS: 0.1812 | cos(c,null): +0.2930 | GradNorm: 0.0662 | MSE/t: [0.00-0.50]0.503(n=6363) [0.50-0.85]0.144(n=5912) [0.85-0.95]0.026(n=506) [0.95-1.00]0.019(n=19)
2026-05-02 10:16:55,653 - INFO - [render-loss] step=69200 kept 38/64 samples (t_value >= 0.50)
2026-05-02 10:18:51,335 - INFO - Step   69400 | Epoch  70 | MSE: 0.3213 | Steps/sec: 1.73 | LR: 1.48e-04 | Render_L1: 0.0234 | Alpha_L1: 0.0283 | Render_LPIPS: 0.1789 | cos(c,null): +0.2934 | GradNorm: 0.0663 | MSE/t: [0.00-0.50]0.505(n=6489) [0.50-0.85]0.142(n=5794) [0.85-0.95]0.026(n=489) [0.95-1.00]0.015(n=28)
2026-05-02 10:18:51,437 - INFO - [render-loss] step=69400 kept 31/64 samples (t_value >= 0.50)
2026-05-02 10:20:46,316 - INFO - Step   69600 | Epoch  70 | MSE: 0.3201 | Steps/sec: 1.74 | LR: 1.48e-04 | Render_L1: 0.0238 | Alpha_L1: 0.0285 | Render_LPIPS: 0.1807 | cos(c,null): +0.2947 | GradNorm: 0.0696 | MSE/t: [0.00-0.50]0.506(n=6435) [0.50-0.85]0.142(n=5819) [0.85-0.95]0.027(n=529) [0.95-1.00]0.015(n=17)
2026-05-02 10:20:46,419 - INFO - [render-loss] step=69600 kept 33/64 samples (t_value >= 0.50)
2026-05-02 10:22:43,164 - INFO - Step   69800 | Epoch  70 | MSE: 0.3163 | Steps/sec: 1.71 | LR: 1.48e-04 | Render_L1: 0.0235 | Alpha_L1: 0.0283 | Render_LPIPS: 0.1787 | cos(c,null): +0.2929 | GradNorm: 0.0679 | MSE/t: [0.00-0.50]0.503(n=6328) [0.50-0.85]0.144(n=5908) [0.85-0.95]0.027(n=540) [0.95-1.00]0.017(n=24)
2026-05-02 10:22:43,266 - INFO - [render-loss] step=69800 kept 31/64 samples (t_value >= 0.50)
2026-05-02 10:24:38,425 - INFO - Step   70000 | Epoch  70 | MSE: 0.3190 | Steps/sec: 1.74 | LR: 1.48e-04 | Render_L1: 0.0234 | Alpha_L1: 0.0278 | Render_LPIPS: 0.1777 | cos(c,null): +0.2934 | GradNorm: 0.0670 | MSE/t: [0.00-0.50]0.502(n=6430) [0.50-0.85]0.143(n=5864) [0.85-0.95]0.026(n=484) [0.95-1.00]0.015(n=22)
2026-05-02 10:24:38,638 - INFO - [cond] cfg_signal=0.0410 (min=0.0225 max=0.0619, n=16) | class_signal=0.0488 (min=0.0208 max=0.0650, n=16) | pred_rms=0.8461
2026-05-02 10:24:46,937 - INFO - [validation] saved: output/jit_B8_postfix_20260501_234201/dit_validation/epoch_070_step_0070000_class034.png (class=34, sampler=heun, steps=100)
2026-05-02 10:24:48,148 - INFO - [overrides] applied from jit/configs/overrides.yaml: lr_scale=1.0 max_grad_norm=5.0 null_repel_weight=0.0 P_mean=0.0
2026-05-02 10:24:48,246 - INFO - [render-loss] step=70000 kept 33/64 samples (t_value >= 0.50)
2026-05-02 10:26:43,375 - INFO - Step   70200 | Epoch  70 | MSE: 0.3192 | Steps/sec: 1.60 | LR: 1.47e-04 | Render_L1: 0.0237 | Alpha_L1: 0.0290 | Render_LPIPS: 0.1798 | cos(c,null): +0.2948 | GradNorm: 0.0668 | MSE/t: [0.00-0.50]0.503(n=6399) [0.50-0.85]0.145(n=5896) [0.85-0.95]0.026(n=484) [0.95-1.00]0.019(n=21)
2026-05-02 10:26:43,478 - INFO - [render-loss] step=70200 kept 29/64 samples (t_value >= 0.50)
2026-05-02 10:28:38,939 - INFO - Step   70400 | Epoch  71 | MSE: 0.3184 | Steps/sec: 1.73 | LR: 1.47e-04 | Render_L1: 0.0234 | Alpha_L1: 0.0283 | Render_LPIPS: 0.1776 | cos(c,null): +0.2942 | GradNorm: 0.0673 | MSE/t: [0.00-0.50]0.502(n=6441) [0.50-0.85]0.143(n=5829) [0.85-0.95]0.026(n=510) [0.95-1.00]0.015(n=20)
2026-05-02 10:28:39,042 - INFO - [render-loss] step=70400 kept 33/64 samples (t_value >= 0.50)
2026-05-02 10:30:34,093 - INFO - Step   70600 | Epoch  71 | MSE: 0.3245 | Steps/sec: 1.74 | LR: 1.47e-04 | Render_L1: 0.0237 | Alpha_L1: 0.0286 | Render_LPIPS: 0.1789 | cos(c,null): +0.2939 | GradNorm: 0.0675 | MSE/t: [0.00-0.50]0.507(n=6521) [0.50-0.85]0.145(n=5757) [0.85-0.95]0.027(n=506) [0.95-1.00]0.016(n=16)
2026-05-02 10:30:34,195 - INFO - [render-loss] step=70600 kept 29/64 samples (t_value >= 0.50)
2026-05-02 10:32:29,735 - INFO - Step   70800 | Epoch  71 | MSE: 0.3162 | Steps/sec: 1.73 | LR: 1.47e-04 | Render_L1: 0.0235 | Alpha_L1: 0.0287 | Render_LPIPS: 0.1781 | cos(c,null): +0.2965 | GradNorm: 0.0672 | MSE/t: [0.00-0.50]0.502(n=6337) [0.50-0.85]0.144(n=5941) [0.85-0.95]0.028(n=505) [0.95-1.00]0.017(n=17)
2026-05-02 10:32:29,838 - INFO - [render-loss] step=70800 kept 24/64 samples (t_value >= 0.50)
2026-05-02 10:34:25,155 - INFO - Step   71000 | Epoch  71 | MSE: 0.3213 | Steps/sec: 1.73 | LR: 1.46e-04 | Render_L1: 0.0235 | Alpha_L1: 0.0289 | Render_LPIPS: 0.1784 | cos(c,null): +0.2967 | GradNorm: 0.0660 | MSE/t: [0.00-0.50]0.504(n=6493) [0.50-0.85]0.143(n=5800) [0.85-0.95]0.027(n=486) [0.95-1.00]0.016(n=21)
2026-05-02 10:34:25,368 - INFO - [cond] cfg_signal=0.0416 (min=0.0241 max=0.0638, n=16) | class_signal=0.0497 (min=0.0206 max=0.0729, n=16) | pred_rms=0.8773
2026-05-02 10:34:33,702 - INFO - [validation] saved: output/jit_B8_postfix_20260501_234201/dit_validation/epoch_071_step_0071000_class007.png (class=7, sampler=heun, steps=100)
2026-05-02 10:34:34,907 - INFO - [overrides] applied from jit/configs/overrides.yaml: lr_scale=1.0 max_grad_norm=5.0 null_repel_weight=0.0 P_mean=0.0
2026-05-02 10:34:35,004 - INFO - [render-loss] step=71000 kept 30/64 samples (t_value >= 0.50)
2026-05-02 10:36:30,260 - INFO - Step   71200 | Epoch  71 | MSE: 0.3185 | Steps/sec: 1.60 | LR: 1.46e-04 | Render_L1: 0.0238 | Alpha_L1: 0.0287 | Render_LPIPS: 0.1798 | cos(c,null): +0.2982 | GradNorm: 0.0679 | MSE/t: [0.00-0.50]0.505(n=6360) [0.50-0.85]0.143(n=5951) [0.85-0.95]0.026(n=476) [0.95-1.00]0.016(n=13)
2026-05-02 10:36:30,363 - INFO - [render-loss] step=71200 kept 30/64 samples (t_value >= 0.50)
2026-05-02 10:38:25,767 - INFO - Step   71400 | Epoch  72 | MSE: 0.3200 | Steps/sec: 1.73 | LR: 1.46e-04 | Render_L1: 0.0233 | Alpha_L1: 0.0283 | Render_LPIPS: 0.1778 | cos(c,null): +0.2997 | GradNorm: 0.0686 | MSE/t: [0.00-0.50]0.503(n=6430) [0.50-0.85]0.145(n=5832) [0.85-0.95]0.026(n=530) [0.95-1.00]0.012(n=8)
2026-05-02 10:38:25,869 - INFO - [render-loss] step=71400 kept 29/64 samples (t_value >= 0.50)
2026-05-02 10:40:21,083 - INFO - Step   71600 | Epoch  72 | MSE: 0.3169 | Steps/sec: 1.73 | LR: 1.45e-04 | Render_L1: 0.0236 | Alpha_L1: 0.0285 | Render_LPIPS: 0.1784 | cos(c,null): +0.2993 | GradNorm: 0.0676 | MSE/t: [0.00-0.50]0.505(n=6343) [0.50-0.85]0.142(n=5917) [0.85-0.95]0.027(n=515) [0.95-1.00]0.019(n=25)
2026-05-02 10:40:21,186 - INFO - [render-loss] step=71600 kept 35/64 samples (t_value >= 0.50)
2026-05-02 10:42:16,531 - INFO - Step   71800 | Epoch  72 | MSE: 0.3179 | Steps/sec: 1.73 | LR: 1.45e-04 | Render_L1: 0.0231 | Alpha_L1: 0.0285 | Render_LPIPS: 0.1781 | cos(c,null): +0.3000 | GradNorm: 0.0672 | MSE/t: [0.00-0.50]0.501(n=6409) [0.50-0.85]0.145(n=5831) [0.85-0.95]0.027(n=535) [0.95-1.00]0.020(n=25)
2026-05-02 10:42:16,632 - INFO - [render-loss] step=71800 kept 37/64 samples (t_value >= 0.50)
2026-05-02 10:44:12,371 - INFO - Step   72000 | Epoch  72 | MSE: 0.3191 | Steps/sec: 1.73 | LR: 1.45e-04 | Render_L1: 0.0232 | Alpha_L1: 0.0278 | Render_LPIPS: 0.1764 | cos(c,null): +0.2999 | GradNorm: 0.0672 | MSE/t: [0.00-0.50]0.507(n=6350) [0.50-0.85]0.144(n=5942) [0.85-0.95]0.027(n=493) [0.95-1.00]0.021(n=15)
2026-05-02 10:44:12,583 - INFO - [cond] cfg_signal=0.0422 (min=0.0252 max=0.0585, n=16) | class_signal=0.0495 (min=0.0240 max=0.0698, n=16) | pred_rms=0.8766
2026-05-02 10:44:21,213 - INFO - [validation] saved: output/jit_B8_postfix_20260501_234201/dit_validation/epoch_072_step_0072000_class021.png (class=21, sampler=heun, steps=100)
2026-05-02 10:44:22,418 - INFO - [overrides] applied from jit/configs/overrides.yaml: lr_scale=1.0 max_grad_norm=5.0 null_repel_weight=0.0 P_mean=0.0
2026-05-02 10:44:22,515 - INFO - [render-loss] step=72000 kept 30/64 samples (t_value >= 0.50)
2026-05-02 10:46:17,521 - INFO - Step   72200 | Epoch  72 | MSE: 0.3219 | Steps/sec: 1.60 | LR: 1.45e-04 | Render_L1: 0.0234 | Alpha_L1: 0.0284 | Render_LPIPS: 0.1777 | cos(c,null): +0.3008 | GradNorm: 0.0671 | MSE/t: [0.00-0.50]0.509(n=6400) [0.50-0.85]0.144(n=5884) [0.85-0.95]0.027(n=498) [0.95-1.00]0.018(n=18)
2026-05-02 10:46:17,623 - INFO - [render-loss] step=72200 kept 32/64 samples (t_value >= 0.50)
2026-05-02 10:48:14,382 - INFO - Step   72400 | Epoch  73 | MSE: 0.3202 | Steps/sec: 1.71 | LR: 1.44e-04 | Render_L1: 0.0239 | Alpha_L1: 0.0289 | Render_LPIPS: 0.1793 | cos(c,null): +0.3016 | GradNorm: 0.0650 | MSE/t: [0.00-0.50]0.504(n=6413) [0.50-0.85]0.145(n=5878) [0.85-0.95]0.027(n=495) [0.95-1.00]0.015(n=14)
2026-05-02 10:48:14,483 - INFO - [render-loss] step=72400 kept 32/64 samples (t_value >= 0.50)
2026-05-02 10:50:09,756 - INFO - Step   72600 | Epoch  73 | MSE: 0.3221 | Steps/sec: 1.73 | LR: 1.44e-04 | Render_L1: 0.0232 | Alpha_L1: 0.0280 | Render_LPIPS: 0.1772 | cos(c,null): +0.3001 | GradNorm: 0.0676 | MSE/t: [0.00-0.50]0.508(n=6432) [0.50-0.85]0.144(n=5862) [0.85-0.95]0.026(n=492) [0.95-1.00]0.013(n=14)
2026-05-02 10:50:09,859 - INFO - [render-loss] step=72600 kept 32/64 samples (t_value >= 0.50)
2026-05-02 10:52:05,655 - INFO - Step   72800 | Epoch  73 | MSE: 0.3178 | Steps/sec: 1.73 | LR: 1.44e-04 | Render_L1: 0.0233 | Alpha_L1: 0.0282 | Render_LPIPS: 0.1779 | cos(c,null): +0.3015 | GradNorm: 0.0643 | MSE/t: [0.00-0.50]0.503(n=6378) [0.50-0.85]0.144(n=5855) [0.85-0.95]0.027(n=547) [0.95-1.00]0.017(n=20)
2026-05-02 10:52:05,757 - INFO - [render-loss] step=72800 kept 31/64 samples (t_value >= 0.50)
2026-05-02 10:54:01,132 - INFO - Step   73000 | Epoch  73 | MSE: 0.3193 | Steps/sec: 1.73 | LR: 1.44e-04 | Render_L1: 0.0232 | Alpha_L1: 0.0281 | Render_LPIPS: 0.1770 | cos(c,null): +0.3011 | GradNorm: 0.0671 | MSE/t: [0.00-0.50]0.504(n=6414) [0.50-0.85]0.143(n=5869) [0.85-0.95]0.027(n=497) [0.95-1.00]0.015(n=20)
2026-05-02 10:54:01,345 - INFO - [cond] cfg_signal=0.0404 (min=0.0240 max=0.0563, n=16) | class_signal=0.0488 (min=0.0281 max=0.0635, n=16) | pred_rms=0.8654
2026-05-02 10:54:09,729 - INFO - [validation] saved: output/jit_B8_postfix_20260501_234201/dit_validation/epoch_073_step_0073000_class075.png (class=75, sampler=heun, steps=100)
2026-05-02 10:54:10,936 - INFO - [overrides] applied from jit/configs/overrides.yaml: lr_scale=1.0 max_grad_norm=5.0 null_repel_weight=0.0 P_mean=0.0
2026-05-02 10:54:11,034 - INFO - [render-loss] step=73000 kept 31/64 samples (t_value >= 0.50)
2026-05-02 10:56:06,223 - INFO - Step   73200 | Epoch  73 | MSE: 0.3190 | Steps/sec: 1.60 | LR: 1.43e-04 | Render_L1: 0.0240 | Alpha_L1: 0.0288 | Render_LPIPS: 0.1791 | cos(c,null): +0.3028 | GradNorm: 0.0700 | MSE/t: [0.00-0.50]0.505(n=6400) [0.50-0.85]0.143(n=5851) [0.85-0.95]0.026(n=531) [0.95-1.00]0.016(n=18)
2026-05-02 10:56:06,326 - INFO - [render-loss] step=73200 kept 34/64 samples (t_value >= 0.50)
2026-05-02 10:58:01,811 - INFO - Step   73400 | Epoch  74 | MSE: 0.3173 | Steps/sec: 1.73 | LR: 1.43e-04 | Render_L1: 0.0232 | Alpha_L1: 0.0282 | Render_LPIPS: 0.1767 | cos(c,null): +0.3028 | GradNorm: 0.0657 | MSE/t: [0.00-0.50]0.503(n=6375) [0.50-0.85]0.143(n=5868) [0.85-0.95]0.027(n=531) [0.95-1.00]0.021(n=26)
2026-05-02 10:58:01,912 - INFO - [render-loss] step=73400 kept 39/64 samples (t_value >= 0.50)
2026-05-02 10:59:57,135 - INFO - Step   73600 | Epoch  74 | MSE: 0.3226 | Steps/sec: 1.73 | LR: 1.43e-04 | Render_L1: 0.0236 | Alpha_L1: 0.0284 | Render_LPIPS: 0.1783 | cos(c,null): +0.3025 | GradNorm: 0.0656 | MSE/t: [0.00-0.50]0.508(n=6434) [0.50-0.85]0.144(n=5849) [0.85-0.95]0.027(n=500) [0.95-1.00]0.020(n=17)
2026-05-02 10:59:57,237 - INFO - [render-loss] step=73600 kept 29/64 samples (t_value >= 0.50)
2026-05-02 11:01:52,401 - INFO - Step   73800 | Epoch  74 | MSE: 0.3190 | Steps/sec: 1.74 | LR: 1.42e-04 | Render_L1: 0.0233 | Alpha_L1: 0.0281 | Render_LPIPS: 0.1772 | cos(c,null): +0.3034 | GradNorm: 0.0684 | MSE/t: [0.00-0.50]0.508(n=6368) [0.50-0.85]0.142(n=5861) [0.85-0.95]0.027(n=549) [0.95-1.00]0.015(n=22)
2026-05-02 11:01:52,504 - INFO - [render-loss] step=73800 kept 31/64 samples (t_value >= 0.50)
2026-05-02 11:03:47,582 - INFO - Step   74000 | Epoch  74 | MSE: 0.3210 | Steps/sec: 1.74 | LR: 1.42e-04 | Render_L1: 0.0234 | Alpha_L1: 0.0283 | Render_LPIPS: 0.1769 | cos(c,null): +0.3035 | GradNorm: 0.0662 | MSE/t: [0.00-0.50]0.505(n=6440) [0.50-0.85]0.144(n=5832) [0.85-0.95]0.026(n=514) [0.95-1.00]0.019(n=14)
2026-05-02 11:03:47,796 - INFO - [cond] cfg_signal=0.0441 (min=0.0256 max=0.0633, n=16) | class_signal=0.0508 (min=0.0225 max=0.0737, n=16) | pred_rms=0.8842
2026-05-02 11:03:56,296 - INFO - [validation] saved: output/jit_B8_postfix_20260501_234201/dit_validation/epoch_074_step_0074000_class071.png (class=71, sampler=heun, steps=100)
2026-05-02 11:03:58,011 - INFO - [overrides] applied from jit/configs/overrides.yaml: lr_scale=1.0 max_grad_norm=5.0 null_repel_weight=0.0 P_mean=0.0
2026-05-02 11:03:58,108 - INFO - [render-loss] step=74000 kept 27/64 samples (t_value >= 0.50)
2026-05-02 11:05:53,139 - INFO - Step   74200 | Epoch  74 | MSE: 0.3218 | Steps/sec: 1.60 | LR: 1.42e-04 | Render_L1: 0.0234 | Alpha_L1: 0.0282 | Render_LPIPS: 0.1774 | cos(c,null): +0.3041 | GradNorm: 0.0665 | MSE/t: [0.00-0.50]0.503(n=6497) [0.50-0.85]0.145(n=5788) [0.85-0.95]0.026(n=500) [0.95-1.00]0.019(n=15)
2026-05-02 11:05:53,243 - INFO - [render-loss] step=74200 kept 38/64 samples (t_value >= 0.50)
2026-05-02 11:07:48,739 - INFO - Step   74400 | Epoch  75 | MSE: 0.3169 | Steps/sec: 1.73 | LR: 1.42e-04 | Render_L1: 0.0233 | Alpha_L1: 0.0281 | Render_LPIPS: 0.1769 | cos(c,null): +0.3058 | GradNorm: 0.0667 | MSE/t: [0.00-0.50]0.503(n=6356) [0.50-0.85]0.143(n=5883) [0.85-0.95]0.027(n=543) [0.95-1.00]0.019(n=18)
2026-05-02 11:07:48,841 - INFO - [render-loss] step=74400 kept 31/64 samples (t_value >= 0.50)
2026-05-02 11:09:44,165 - INFO - Step   74600 | Epoch  75 | MSE: 0.3159 | Steps/sec: 1.73 | LR: 1.41e-04 | Render_L1: 0.0233 | Alpha_L1: 0.0279 | Render_LPIPS: 0.1762 | cos(c,null): +0.3057 | GradNorm: 0.0675 | MSE/t: [0.00-0.50]0.504(n=6291) [0.50-0.85]0.144(n=5948) [0.85-0.95]0.027(n=541) [0.95-1.00]0.019(n=20)
2026-05-02 11:09:44,267 - INFO - [render-loss] step=74600 kept 31/64 samples (t_value >= 0.50)
2026-05-02 11:11:39,466 - INFO - Step   74800 | Epoch  75 | MSE: 0.3213 | Steps/sec: 1.73 | LR: 1.41e-04 | Render_L1: 0.0229 | Alpha_L1: 0.0275 | Render_LPIPS: 0.1750 | cos(c,null): +0.3053 | GradNorm: 0.0686 | MSE/t: [0.00-0.50]0.506(n=6414) [0.50-0.85]0.145(n=5883) [0.85-0.95]0.027(n=483) [0.95-1.00]0.015(n=20)
2026-05-02 11:11:39,567 - INFO - [render-loss] step=74800 kept 33/64 samples (t_value >= 0.50)
2026-05-02 11:13:35,692 - INFO - Step   75000 | Epoch  75 | MSE: 0.3219 | Steps/sec: 1.72 | LR: 1.41e-04 | Render_L1: 0.0233 | Alpha_L1: 0.0280 | Render_LPIPS: 0.1751 | cos(c,null): +0.3064 | GradNorm: 0.0668 | MSE/t: [0.00-0.50]0.503(n=6492) [0.50-0.85]0.146(n=5784) [0.85-0.95]0.027(n=503) [0.95-1.00]0.018(n=21)
2026-05-02 11:13:35,903 - INFO - [cond] cfg_signal=0.0431 (min=0.0246 max=0.0584, n=16) | class_signal=0.0490 (min=0.0218 max=0.0673, n=16) | pred_rms=0.8703
2026-05-02 11:13:44,255 - INFO - [validation] saved: output/jit_B8_postfix_20260501_234201/dit_validation/epoch_075_step_0075000_class029.png (class=29, sampler=heun, steps=100)
2026-05-02 11:13:45,454 - INFO - [overrides] applied from jit/configs/overrides.yaml: lr_scale=1.0 max_grad_norm=5.0 null_repel_weight=0.0 P_mean=0.0
2026-05-02 11:13:45,552 - INFO - [render-loss] step=75000 kept 27/64 samples (t_value >= 0.50)
2026-05-02 11:15:41,434 - INFO - Step   75200 | Epoch  75 | MSE: 0.3185 | Steps/sec: 1.59 | LR: 1.40e-04 | Render_L1: 0.0232 | Alpha_L1: 0.0282 | Render_LPIPS: 0.1763 | cos(c,null): +0.3074 | GradNorm: 0.0650 | MSE/t: [0.00-0.50]0.503(n=6413) [0.50-0.85]0.144(n=5832) [0.85-0.95]0.026(n=540) [0.95-1.00]0.022(n=15)
2026-05-02 11:15:41,536 - INFO - [render-loss] step=75200 kept 34/64 samples (t_value >= 0.50)
2026-05-02 11:17:36,940 - INFO - Step   75400 | Epoch  76 | MSE: 0.3186 | Steps/sec: 1.73 | LR: 1.40e-04 | Render_L1: 0.0230 | Alpha_L1: 0.0279 | Render_LPIPS: 0.1748 | cos(c,null): +0.3079 | GradNorm: 0.0656 | MSE/t: [0.00-0.50]0.505(n=6366) [0.50-0.85]0.143(n=5937) [0.85-0.95]0.026(n=484) [0.95-1.00]0.017(n=13)
2026-05-02 11:17:37,042 - INFO - [render-loss] step=75400 kept 33/64 samples (t_value >= 0.50)
2026-05-02 11:19:31,876 - INFO - Step   75600 | Epoch  76 | MSE: 0.3194 | Steps/sec: 1.74 | LR: 1.40e-04 | Render_L1: 0.0235 | Alpha_L1: 0.0279 | Render_LPIPS: 0.1780 | cos(c,null): +0.3073 | GradNorm: 0.0708 | MSE/t: [0.00-0.50]0.504(n=6403) [0.50-0.85]0.144(n=5852) [0.85-0.95]0.026(n=526) [0.95-1.00]0.012(n=19)
2026-05-02 11:19:31,978 - INFO - [render-loss] step=75600 kept 28/64 samples (t_value >= 0.50)
2026-05-02 11:21:27,091 - INFO - Step   75800 | Epoch  76 | MSE: 0.3191 | Steps/sec: 1.74 | LR: 1.40e-04 | Render_L1: 0.0234 | Alpha_L1: 0.0281 | Render_LPIPS: 0.1766 | cos(c,null): +0.3065 | GradNorm: 0.0672 | MSE/t: [0.00-0.50]0.504(n=6418) [0.50-0.85]0.143(n=5844) [0.85-0.95]0.026(n=517) [0.95-1.00]0.017(n=21)
2026-05-02 11:21:27,194 - INFO - [render-loss] step=75800 kept 33/64 samples (t_value >= 0.50)
2026-05-02 11:23:22,253 - INFO - Step   76000 | Epoch  76 | MSE: 0.3193 | Steps/sec: 1.74 | LR: 1.39e-04 | Render_L1: 0.0231 | Alpha_L1: 0.0276 | Render_LPIPS: 0.1762 | cos(c,null): +0.3080 | GradNorm: 0.0659 | MSE/t: [0.00-0.50]0.507(n=6386) [0.50-0.85]0.142(n=5879) [0.85-0.95]0.026(n=515) [0.95-1.00]0.016(n=20)
2026-05-02 11:23:22,466 - INFO - [cond] cfg_signal=0.0442 (min=0.0293 max=0.0578, n=16) | class_signal=0.0494 (min=0.0220 max=0.0622, n=16) | pred_rms=0.8766
2026-05-02 11:23:30,800 - INFO - [validation] saved: output/jit_B8_postfix_20260501_234201/dit_validation/epoch_076_step_0076000_class055.png (class=55, sampler=heun, steps=100)
2026-05-02 11:23:32,009 - INFO - [overrides] applied from jit/configs/overrides.yaml: lr_scale=1.0 max_grad_norm=5.0 null_repel_weight=0.0 P_mean=0.0
2026-05-02 11:23:32,107 - INFO - [render-loss] step=76000 kept 33/64 samples (t_value >= 0.50)
2026-05-02 11:25:27,613 - INFO - Step   76200 | Epoch  76 | MSE: 0.3149 | Steps/sec: 1.60 | LR: 1.39e-04 | Render_L1: 0.0236 | Alpha_L1: 0.0281 | Render_LPIPS: 0.1772 | cos(c,null): +0.3086 | GradNorm: 0.0656 | MSE/t: [0.00-0.50]0.504(n=6280) [0.50-0.85]0.143(n=5976) [0.85-0.95]0.026(n=520) [0.95-1.00]0.014(n=24)
2026-05-02 11:25:27,715 - INFO - [render-loss] step=76200 kept 28/64 samples (t_value >= 0.50)
2026-05-02 11:27:23,591 - INFO - Step   76400 | Epoch  77 | MSE: 0.3204 | Steps/sec: 1.72 | LR: 1.39e-04 | Render_L1: 0.0234 | Alpha_L1: 0.0282 | Render_LPIPS: 0.1765 | cos(c,null): +0.3095 | GradNorm: 0.0667 | MSE/t: [0.00-0.50]0.505(n=6447) [0.50-0.85]0.143(n=5833) [0.85-0.95]0.027(n=495) [0.95-1.00]0.022(n=25)
2026-05-02 11:27:23,693 - INFO - [render-loss] step=76400 kept 31/64 samples (t_value >= 0.50)
2026-05-02 11:29:18,708 - INFO - Step   76600 | Epoch  77 | MSE: 0.3201 | Steps/sec: 1.74 | LR: 1.38e-04 | Render_L1: 0.0230 | Alpha_L1: 0.0273 | Render_LPIPS: 0.1749 | cos(c,null): +0.3097 | GradNorm: 0.0676 | MSE/t: [0.00-0.50]0.507(n=6423) [0.50-0.85]0.142(n=5822) [0.85-0.95]0.026(n=531) [0.95-1.00]0.015(n=24)
2026-05-02 11:29:18,810 - INFO - [render-loss] step=76600 kept 27/64 samples (t_value >= 0.50)
2026-05-02 11:31:13,356 - INFO - Step   76800 | Epoch  77 | MSE: 0.3207 | Steps/sec: 1.74 | LR: 1.38e-04 | Render_L1: 0.0231 | Alpha_L1: 0.0281 | Render_LPIPS: 0.1759 | cos(c,null): +0.3099 | GradNorm: 0.0662 | MSE/t: [0.00-0.50]0.500(n=6508) [0.50-0.85]0.144(n=5775) [0.85-0.95]0.027(n=504) [0.95-1.00]0.016(n=13)
2026-05-02 11:31:13,459 - INFO - [render-loss] step=76800 kept 34/64 samples (t_value >= 0.50)
2026-05-02 11:33:08,797 - INFO - Step   77000 | Epoch  77 | MSE: 0.3179 | Steps/sec: 1.73 | LR: 1.38e-04 | Render_L1: 0.0230 | Alpha_L1: 0.0274 | Render_LPIPS: 0.1743 | cos(c,null): +0.3082 | GradNorm: 0.0634 | MSE/t: [0.00-0.50]0.503(n=6394) [0.50-0.85]0.142(n=5889) [0.85-0.95]0.027(n=498) [0.95-1.00]0.021(n=19)
2026-05-02 11:33:09,011 - INFO - [cond] cfg_signal=0.0431 (min=0.0257 max=0.0601, n=16) | class_signal=0.0497 (min=0.0217 max=0.0672, n=16) | pred_rms=0.8716
2026-05-02 11:33:17,478 - INFO - [validation] saved: output/jit_B8_postfix_20260501_234201/dit_validation/epoch_077_step_0077000_class030.png (class=30, sampler=heun, steps=100)
2026-05-02 11:33:18,713 - INFO - [overrides] applied from jit/configs/overrides.yaml: lr_scale=1.0 max_grad_norm=5.0 null_repel_weight=0.0 P_mean=0.0
2026-05-02 11:33:18,810 - INFO - [render-loss] step=77000 kept 34/64 samples (t_value >= 0.50)
2026-05-02 11:35:14,030 - INFO - Step   77200 | Epoch  77 | MSE: 0.3190 | Steps/sec: 1.60 | LR: 1.38e-04 | Render_L1: 0.0234 | Alpha_L1: 0.0278 | Render_LPIPS: 0.1749 | cos(c,null): +0.3095 | GradNorm: 0.0664 | MSE/t: [0.00-0.50]0.503(n=6403) [0.50-0.85]0.144(n=5893) [0.85-0.95]0.027(n=474) [0.95-1.00]0.016(n=30)
2026-05-02 11:35:14,133 - INFO - [render-loss] step=77200 kept 37/64 samples (t_value >= 0.50)
2026-05-02 11:37:09,392 - INFO - Step   77400 | Epoch  78 | MSE: 0.3198 | Steps/sec: 1.73 | LR: 1.37e-04 | Render_L1: 0.0233 | Alpha_L1: 0.0278 | Render_LPIPS: 0.1745 | cos(c,null): +0.3093 | GradNorm: 0.0649 | MSE/t: [0.00-0.50]0.505(n=6389) [0.50-0.85]0.145(n=5852) [0.85-0.95]0.026(n=542) [0.95-1.00]0.020(n=17)
2026-05-02 11:37:09,496 - INFO - [render-loss] step=77400 kept 39/64 samples (t_value >= 0.50)
2026-05-02 11:39:05,772 - INFO - Step   77600 | Epoch  78 | MSE: 0.3171 | Steps/sec: 1.72 | LR: 1.37e-04 | Render_L1: 0.0234 | Alpha_L1: 0.0275 | Render_LPIPS: 0.1759 | cos(c,null): +0.3109 | GradNorm: 0.0650 | MSE/t: [0.00-0.50]0.504(n=6342) [0.50-0.85]0.143(n=5946) [0.85-0.95]0.026(n=493) [0.95-1.00]0.017(n=19)
2026-05-02 11:39:05,875 - INFO - [render-loss] step=77600 kept 36/64 samples (t_value >= 0.50)
2026-05-02 11:41:00,901 - INFO - Step   77800 | Epoch  78 | MSE: 0.3199 | Steps/sec: 1.74 | LR: 1.37e-04 | Render_L1: 0.0231 | Alpha_L1: 0.0277 | Render_LPIPS: 0.1749 | cos(c,null): +0.3106 | GradNorm: 0.0651 | MSE/t: [0.00-0.50]0.506(n=6415) [0.50-0.85]0.143(n=5863) [0.85-0.95]0.026(n=507) [0.95-1.00]0.018(n=15)
2026-05-02 11:41:01,004 - INFO - [render-loss] step=77800 kept 30/64 samples (t_value >= 0.50)
2026-05-02 11:42:56,403 - INFO - Step   78000 | Epoch  78 | MSE: 0.3206 | Steps/sec: 1.73 | LR: 1.37e-04 | Render_L1: 0.0230 | Alpha_L1: 0.0274 | Render_LPIPS: 0.1741 | cos(c,null): +0.3110 | GradNorm: 0.0643 | MSE/t: [0.00-0.50]0.504(n=6427) [0.50-0.85]0.145(n=5846) [0.85-0.95]0.027(n=503) [0.95-1.00]0.015(n=24)
2026-05-02 11:42:56,616 - INFO - [cond] cfg_signal=0.0425 (min=0.0262 max=0.0588, n=16) | class_signal=0.0488 (min=0.0246 max=0.0652, n=16) | pred_rms=0.8830
2026-05-02 11:43:05,194 - INFO - [validation] saved: output/jit_B8_postfix_20260501_234201/dit_validation/epoch_078_step_0078000_class090.png (class=90, sampler=heun, steps=100)
2026-05-02 11:43:06,463 - INFO - [overrides] applied from jit/configs/overrides.yaml: lr_scale=1.0 max_grad_norm=5.0 null_repel_weight=0.0 P_mean=0.0
2026-05-02 11:43:06,560 - INFO - [render-loss] step=78000 kept 35/64 samples (t_value >= 0.50)
2026-05-02 11:45:02,005 - INFO - Step   78200 | Epoch  78 | MSE: 0.3161 | Steps/sec: 1.60 | LR: 1.36e-04 | Render_L1: 0.0228 | Alpha_L1: 0.0271 | Render_LPIPS: 0.1728 | cos(c,null): +0.3130 | GradNorm: 0.0674 | MSE/t: [0.00-0.50]0.504(n=6338) [0.50-0.85]0.142(n=5912) [0.85-0.95]0.026(n=529) [0.95-1.00]0.019(n=21)
2026-05-02 11:45:02,108 - INFO - [render-loss] step=78200 kept 37/64 samples (t_value >= 0.50)
2026-05-02 11:46:57,637 - INFO - Step   78400 | Epoch  79 | MSE: 0.3188 | Steps/sec: 1.73 | LR: 1.36e-04 | Render_L1: 0.0231 | Alpha_L1: 0.0278 | Render_LPIPS: 0.1743 | cos(c,null): +0.3134 | GradNorm: 0.0657 | MSE/t: [0.00-0.50]0.503(n=6414) [0.50-0.85]0.144(n=5834) [0.85-0.95]0.026(n=528) [0.95-1.00]0.019(n=24)
2026-05-02 11:46:57,739 - INFO - [render-loss] step=78400 kept 39/64 samples (t_value >= 0.50)
2026-05-02 11:48:53,408 - INFO - Step   78600 | Epoch  79 | MSE: 0.3149 | Steps/sec: 1.73 | LR: 1.36e-04 | Render_L1: 0.0235 | Alpha_L1: 0.0281 | Render_LPIPS: 0.1762 | cos(c,null): +0.3136 | GradNorm: 0.0650 | MSE/t: [0.00-0.50]0.502(n=6293) [0.50-0.85]0.144(n=5978) [0.85-0.95]0.027(n=512) [0.95-1.00]0.014(n=17)
2026-05-02 11:48:53,510 - INFO - [render-loss] step=78600 kept 33/64 samples (t_value >= 0.50)
2026-05-02 11:50:48,928 - INFO - Step   78800 | Epoch  79 | MSE: 0.3195 | Steps/sec: 1.73 | LR: 1.35e-04 | Render_L1: 0.0233 | Alpha_L1: 0.0275 | Render_LPIPS: 0.1746 | cos(c,null): +0.3136 | GradNorm: 0.0659 | MSE/t: [0.00-0.50]0.505(n=6389) [0.50-0.85]0.145(n=5840) [0.85-0.95]0.026(n=550) [0.95-1.00]0.015(n=21)
2026-05-02 11:50:49,029 - INFO - [render-loss] step=78800 kept 29/64 samples (t_value >= 0.50)
2026-05-02 11:52:44,151 - INFO - Step   79000 | Epoch  79 | MSE: 0.3194 | Steps/sec: 1.74 | LR: 1.35e-04 | Render_L1: 0.0233 | Alpha_L1: 0.0280 | Render_LPIPS: 0.1743 | cos(c,null): +0.3132 | GradNorm: 0.0649 | MSE/t: [0.00-0.50]0.503(n=6415) [0.50-0.85]0.145(n=5847) [0.85-0.95]0.027(n=508) [0.95-1.00]0.016(n=30)
2026-05-02 11:52:44,367 - INFO - [cond] cfg_signal=0.0431 (min=0.0252 max=0.0605, n=16) | class_signal=0.0512 (min=0.0223 max=0.0750, n=16) | pred_rms=0.8874
2026-05-02 11:52:53,033 - INFO - [validation] saved: output/jit_B8_postfix_20260501_234201/dit_validation/epoch_079_step_0079000_class013.png (class=13, sampler=heun, steps=100)
2026-05-02 11:52:54,351 - INFO - [overrides] applied from jit/configs/overrides.yaml: lr_scale=1.0 max_grad_norm=5.0 null_repel_weight=0.0 P_mean=0.0
2026-05-02 11:52:54,448 - INFO - [render-loss] step=79000 kept 34/64 samples (t_value >= 0.50)
2026-05-02 11:54:49,787 - INFO - Step   79200 | Epoch  79 | MSE: 0.3200 | Steps/sec: 1.59 | LR: 1.35e-04 | Render_L1: 0.0231 | Alpha_L1: 0.0274 | Render_LPIPS: 0.1740 | cos(c,null): +0.3143 | GradNorm: 0.0662 | MSE/t: [0.00-0.50]0.503(n=6456) [0.50-0.85]0.144(n=5816) [0.85-0.95]0.027(n=511) [0.95-1.00]0.013(n=17)
2026-05-02 11:54:50,088 - INFO - [render-loss] step=79200 kept 36/64 samples (t_value >= 0.50)
2026-05-02 11:56:45,408 - INFO - Step   79400 | Epoch  80 | MSE: 0.3204 | Steps/sec: 1.73 | LR: 1.35e-04 | Render_L1: 0.0233 | Alpha_L1: 0.0278 | Render_LPIPS: 0.1741 | cos(c,null): +0.3132 | GradNorm: 0.0647 | MSE/t: [0.00-0.50]0.502(n=6464) [0.50-0.85]0.145(n=5817) [0.85-0.95]0.027(n=502) [0.95-1.00]0.015(n=17)
2026-05-02 11:56:45,510 - INFO - [render-loss] step=79400 kept 28/64 samples (t_value >= 0.50)
2026-05-02 11:58:40,417 - INFO - Step   79600 | Epoch  80 | MSE: 0.3224 | Steps/sec: 1.74 | LR: 1.34e-04 | Render_L1: 0.0233 | Alpha_L1: 0.0273 | Render_LPIPS: 0.1745 | cos(c,null): +0.3130 | GradNorm: 0.0662 | MSE/t: [0.00-0.50]0.503(n=6523) [0.50-0.85]0.145(n=5732) [0.85-0.95]0.027(n=526) [0.95-1.00]0.017(n=19)
2026-05-02 11:58:40,518 - INFO - [render-loss] step=79600 kept 25/64 samples (t_value >= 0.50)
2026-05-02 12:00:35,848 - INFO - Step   79800 | Epoch  80 | MSE: 0.3179 | Steps/sec: 1.73 | LR: 1.34e-04 | Render_L1: 0.0228 | Alpha_L1: 0.0274 | Render_LPIPS: 0.1727 | cos(c,null): +0.3133 | GradNorm: 0.0634 | MSE/t: [0.00-0.50]0.504(n=6350) [0.50-0.85]0.144(n=5897) [0.85-0.95]0.027(n=535) [0.95-1.00]0.018(n=18)
2026-05-02 12:00:35,950 - INFO - [render-loss] step=79800 kept 36/64 samples (t_value >= 0.50)
2026-05-02 12:02:31,145 - INFO - Step   80000 | Epoch  80 | MSE: 0.3173 | Steps/sec: 1.73 | LR: 1.34e-04 | Render_L1: 0.0234 | Alpha_L1: 0.0278 | Render_LPIPS: 0.1743 | cos(c,null): +0.3141 | GradNorm: 0.0654 | MSE/t: [0.00-0.50]0.501(n=6376) [0.50-0.85]0.145(n=5899) [0.85-0.95]0.027(n=501) [0.95-1.00]0.015(n=24)
2026-05-02 12:02:31,356 - INFO - [cond] cfg_signal=0.0439 (min=0.0281 max=0.0627, n=16) | class_signal=0.0502 (min=0.0219 max=0.0699, n=16) | pred_rms=0.8716
2026-05-02 12:02:33,708 - INFO - Saved checkpoint to output/jit_B8_postfix_20260501_234201/0080000.pt
2026-05-02 12:02:33,918 - INFO - [cond] cfg_signal=0.0439 (min=0.0281 max=0.0627, n=16) | class_signal=0.0502 (min=0.0219 max=0.0699, n=16) | pred_rms=0.8716
2026-05-02 12:02:42,233 - INFO - [validation] saved: output/jit_B8_postfix_20260501_234201/dit_validation/epoch_080_step_0080000_class044.png (class=44, sampler=heun, steps=100)
2026-05-02 12:02:43,467 - INFO - [overrides] applied from jit/configs/overrides.yaml: lr_scale=1.0 max_grad_norm=5.0 null_repel_weight=0.0 P_mean=0.0
2026-05-02 12:02:43,565 - INFO - [render-loss] step=80000 kept 32/64 samples (t_value >= 0.50)
2026-05-02 12:04:39,878 - INFO - Step   80200 | Epoch  81 | MSE: 0.3188 | Steps/sec: 1.56 | LR: 1.33e-04 | Render_L1: 0.0228 | Alpha_L1: 0.0274 | Render_LPIPS: 0.1722 | cos(c,null): +0.3154 | GradNorm: 0.0632 | MSE/t: [0.00-0.50]0.506(n=6389) [0.50-0.85]0.142(n=5843) [0.85-0.95]0.026(n=544) [0.95-1.00]0.018(n=24)
2026-05-02 12:04:39,980 - INFO - [render-loss] step=80200 kept 31/64 samples (t_value >= 0.50)
2026-05-02 12:06:35,147 - INFO - Step   80400 | Epoch  81 | MSE: 0.3183 | Steps/sec: 1.74 | LR: 1.33e-04 | Render_L1: 0.0229 | Alpha_L1: 0.0271 | Render_LPIPS: 0.1726 | cos(c,null): +0.3166 | GradNorm: 0.0653 | MSE/t: [0.00-0.50]0.503(n=6362) [0.50-0.85]0.145(n=5909) [0.85-0.95]0.026(n=507) [0.95-1.00]0.014(n=22)
2026-05-02 12:06:35,250 - INFO - [render-loss] step=80400 kept 37/64 samples (t_value >= 0.50)
2026-05-02 12:08:30,584 - INFO - Step   80600 | Epoch  81 | MSE: 0.3188 | Steps/sec: 1.73 | LR: 1.33e-04 | Render_L1: 0.0231 | Alpha_L1: 0.0279 | Render_LPIPS: 0.1740 | cos(c,null): +0.3174 | GradNorm: 0.0642 | MSE/t: [0.00-0.50]0.504(n=6390) [0.50-0.85]0.145(n=5868) [0.85-0.95]0.027(n=519) [0.95-1.00]0.015(n=23)
2026-05-02 12:08:30,687 - INFO - [render-loss] step=80600 kept 35/64 samples (t_value >= 0.50)
2026-05-02 12:10:26,534 - INFO - Step   80800 | Epoch  81 | MSE: 0.3182 | Steps/sec: 1.72 | LR: 1.32e-04 | Render_L1: 0.0232 | Alpha_L1: 0.0278 | Render_LPIPS: 0.1736 | cos(c,null): +0.3175 | GradNorm: 0.0647 | MSE/t: [0.00-0.50]0.506(n=6317) [0.50-0.85]0.144(n=5960) [0.85-0.95]0.026(n=501) [0.95-1.00]0.017(n=22)
2026-05-02 12:10:26,636 - INFO - [render-loss] step=80800 kept 37/64 samples (t_value >= 0.50)
2026-05-02 12:12:22,120 - INFO - Step   81000 | Epoch  81 | MSE: 0.3187 | Steps/sec: 1.73 | LR: 1.32e-04 | Render_L1: 0.0233 | Alpha_L1: 0.0278 | Render_LPIPS: 0.1744 | cos(c,null): +0.3181 | GradNorm: 0.0642 | MSE/t: [0.00-0.50]0.504(n=6382) [0.50-0.85]0.144(n=5885) [0.85-0.95]0.026(n=505) [0.95-1.00]0.017(n=28)
2026-05-02 12:12:22,334 - INFO - [cond] cfg_signal=0.0427 (min=0.0245 max=0.0622, n=16) | class_signal=0.0488 (min=0.0215 max=0.0700, n=16) | pred_rms=0.8767
2026-05-02 12:12:30,725 - INFO - [validation] saved: output/jit_B8_postfix_20260501_234201/dit_validation/epoch_081_step_0081000_class102.png (class=102, sampler=heun, steps=100)
2026-05-02 12:12:31,969 - INFO - [overrides] applied from jit/configs/overrides.yaml: lr_scale=1.0 max_grad_norm=5.0 null_repel_weight=0.0 P_mean=0.0
2026-05-02 12:12:32,068 - INFO - [render-loss] step=81000 kept 34/64 samples (t_value >= 0.50)
2026-05-02 12:14:27,338 - INFO - Step   81200 | Epoch  82 | MSE: 0.3209 | Steps/sec: 1.60 | LR: 1.32e-04 | Render_L1: 0.0233 | Alpha_L1: 0.0277 | Render_LPIPS: 0.1740 | cos(c,null): +0.3164 | GradNorm: 0.0651 | MSE/t: [0.00-0.50]0.506(n=6463) [0.50-0.85]0.142(n=5792) [0.85-0.95]0.027(n=520) [0.95-1.00]0.015(n=25)
2026-05-02 12:14:27,441 - INFO - [render-loss] step=81200 kept 28/64 samples (t_value >= 0.50)
2026-05-02 12:16:22,799 - INFO - Step   81400 | Epoch  82 | MSE: 0.3165 | Steps/sec: 1.73 | LR: 1.32e-04 | Render_L1: 0.0230 | Alpha_L1: 0.0276 | Render_LPIPS: 0.1725 | cos(c,null): +0.3179 | GradNorm: 0.0654 | MSE/t: [0.00-0.50]0.504(n=6287) [0.50-0.85]0.144(n=6015) [0.85-0.95]0.027(n=474) [0.95-1.00]0.015(n=24)
2026-05-02 12:16:22,901 - INFO - [render-loss] step=81400 kept 35/64 samples (t_value >= 0.50)
2026-05-02 12:18:18,381 - INFO - Step   81600 | Epoch  82 | MSE: 0.3164 | Steps/sec: 1.73 | LR: 1.31e-04 | Render_L1: 0.0229 | Alpha_L1: 0.0274 | Render_LPIPS: 0.1729 | cos(c,null): +0.3177 | GradNorm: 0.0652 | MSE/t: [0.00-0.50]0.506(n=6311) [0.50-0.85]0.142(n=5949) [0.85-0.95]0.026(n=520) [0.95-1.00]0.019(n=20)
2026-05-02 12:18:18,482 - INFO - [render-loss] step=81600 kept 28/64 samples (t_value >= 0.50)
2026-05-02 12:20:13,710 - INFO - Step   81800 | Epoch  82 | MSE: 0.3185 | Steps/sec: 1.73 | LR: 1.31e-04 | Render_L1: 0.0230 | Alpha_L1: 0.0274 | Render_LPIPS: 0.1723 | cos(c,null): +0.3177 | GradNorm: 0.0634 | MSE/t: [0.00-0.50]0.504(n=6383) [0.50-0.85]0.144(n=5867) [0.85-0.95]0.028(n=530) [0.95-1.00]0.021(n=20)
2026-05-02 12:20:13,812 - INFO - [render-loss] step=81800 kept 31/64 samples (t_value >= 0.50)
2026-05-02 12:22:09,072 - INFO - Step   82000 | Epoch  82 | MSE: 0.3179 | Steps/sec: 1.73 | LR: 1.31e-04 | Render_L1: 0.0232 | Alpha_L1: 0.0273 | Render_LPIPS: 0.1730 | cos(c,null): +0.3194 | GradNorm: 0.0633 | MSE/t: [0.00-0.50]0.501(n=6421) [0.50-0.85]0.144(n=5794) [0.85-0.95]0.026(n=563) [0.95-1.00]0.015(n=22)
2026-05-02 12:22:09,283 - INFO - [cond] cfg_signal=0.0450 (min=0.0246 max=0.0647, n=16) | class_signal=0.0513 (min=0.0274 max=0.0687, n=16) | pred_rms=0.8793
2026-05-02 12:22:17,690 - INFO - [validation] saved: output/jit_B8_postfix_20260501_234201/dit_validation/epoch_082_step_0082000_class016.png (class=16, sampler=heun, steps=100)
2026-05-02 12:22:19,080 - INFO - [overrides] applied from jit/configs/overrides.yaml: lr_scale=1.0 max_grad_norm=5.0 null_repel_weight=0.0 P_mean=0.0
2026-05-02 12:22:19,177 - INFO - [render-loss] step=82000 kept 30/64 samples (t_value >= 0.50)
2026-05-02 12:24:14,287 - INFO - Step   82200 | Epoch  83 | MSE: 0.3184 | Steps/sec: 1.60 | LR: 1.30e-04 | Render_L1: 0.0229 | Alpha_L1: 0.0275 | Render_LPIPS: 0.1729 | cos(c,null): +0.3187 | GradNorm: 0.0654 | MSE/t: [0.00-0.50]0.504(n=6364) [0.50-0.85]0.145(n=5885) [0.85-0.95]0.026(n=525) [0.95-1.00]0.016(n=26)
2026-05-02 12:24:14,389 - INFO - [render-loss] step=82200 kept 33/64 samples (t_value >= 0.50)
2026-05-02 12:26:09,788 - INFO - Step   82400 | Epoch  83 | MSE: 0.3160 | Steps/sec: 1.73 | LR: 1.30e-04 | Render_L1: 0.0229 | Alpha_L1: 0.0277 | Render_LPIPS: 0.1733 | cos(c,null): +0.3197 | GradNorm: 0.0645 | MSE/t: [0.00-0.50]0.501(n=6359) [0.50-0.85]0.143(n=5939) [0.85-0.95]0.026(n=485) [0.95-1.00]0.014(n=17)
2026-05-02 12:26:09,890 - INFO - [render-loss] step=82400 kept 30/64 samples (t_value >= 0.50)
2026-05-02 12:28:05,676 - INFO - Step   82600 | Epoch  83 | MSE: 0.3174 | Steps/sec: 1.73 | LR: 1.30e-04 | Render_L1: 0.0230 | Alpha_L1: 0.0270 | Render_LPIPS: 0.1728 | cos(c,null): +0.3201 | GradNorm: 0.0639 | MSE/t: [0.00-0.50]0.504(n=6350) [0.50-0.85]0.143(n=5929) [0.85-0.95]0.027(n=499) [0.95-1.00]0.019(n=22)
2026-05-02 12:28:05,778 - INFO - [render-loss] step=82600 kept 35/64 samples (t_value >= 0.50)
2026-05-02 12:30:01,632 - INFO - Step   82800 | Epoch  83 | MSE: 0.3193 | Steps/sec: 1.72 | LR: 1.30e-04 | Render_L1: 0.0228 | Alpha_L1: 0.0274 | Render_LPIPS: 0.1716 | cos(c,null): +0.3202 | GradNorm: 0.0632 | MSE/t: [0.00-0.50]0.503(n=6441) [0.50-0.85]0.143(n=5813) [0.85-0.95]0.026(n=518) [0.95-1.00]0.016(n=28)
2026-05-02 12:30:01,735 - INFO - [render-loss] step=82800 kept 41/64 samples (t_value >= 0.50)
2026-05-02 12:31:57,739 - INFO - Step   83000 | Epoch  83 | MSE: 0.3176 | Steps/sec: 1.72 | LR: 1.29e-04 | Render_L1: 0.0231 | Alpha_L1: 0.0275 | Render_LPIPS: 0.1721 | cos(c,null): +0.3204 | GradNorm: 0.0634 | MSE/t: [0.00-0.50]0.504(n=6365) [0.50-0.85]0.143(n=5939) [0.85-0.95]0.026(n=480) [0.95-1.00]0.019(n=16)
2026-05-02 12:31:57,952 - INFO - [cond] cfg_signal=0.0429 (min=0.0262 max=0.0618, n=16) | class_signal=0.0500 (min=0.0221 max=0.0703, n=16) | pred_rms=0.8919
2026-05-02 12:32:06,303 - INFO - [validation] saved: output/jit_B8_postfix_20260501_234201/dit_validation/epoch_083_step_0083000_class028.png (class=28, sampler=heun, steps=100)
2026-05-02 12:32:07,461 - INFO - [overrides] applied from jit/configs/overrides.yaml: lr_scale=1.0 max_grad_norm=5.0 null_repel_weight=0.0 P_mean=0.0
2026-05-02 12:32:07,558 - INFO - [render-loss] step=83000 kept 21/64 samples (t_value >= 0.50)
2026-05-02 12:34:02,895 - INFO - Step   83200 | Epoch  84 | MSE: 0.3207 | Steps/sec: 1.60 | LR: 1.29e-04 | Render_L1: 0.0227 | Alpha_L1: 0.0271 | Render_LPIPS: 0.1710 | cos(c,null): +0.3207 | GradNorm: 0.0639 | MSE/t: [0.00-0.50]0.504(n=6498) [0.50-0.85]0.142(n=5763) [0.85-0.95]0.027(n=520) [0.95-1.00]0.017(n=19)
2026-05-02 12:34:02,997 - INFO - [render-loss] step=83200 kept 41/64 samples (t_value >= 0.50)
2026-05-02 12:35:58,226 - INFO - Step   83400 | Epoch  84 | MSE: 0.3175 | Steps/sec: 1.73 | LR: 1.29e-04 | Render_L1: 0.0229 | Alpha_L1: 0.0270 | Render_LPIPS: 0.1724 | cos(c,null): +0.3214 | GradNorm: 0.0660 | MSE/t: [0.00-0.50]0.504(n=6353) [0.50-0.85]0.144(n=5915) [0.85-0.95]0.026(n=506) [0.95-1.00]0.015(n=26)
2026-05-02 12:35:58,327 - INFO - [render-loss] step=83400 kept 30/64 samples (t_value >= 0.50)
2026-05-02 12:37:53,605 - INFO - Step   83600 | Epoch  84 | MSE: 0.3179 | Steps/sec: 1.73 | LR: 1.28e-04 | Render_L1: 0.0226 | Alpha_L1: 0.0269 | Render_LPIPS: 0.1704 | cos(c,null): +0.3212 | GradNorm: 0.0621 | MSE/t: [0.00-0.50]0.501(n=6397) [0.50-0.85]0.145(n=5849) [0.85-0.95]0.026(n=523) [0.95-1.00]0.019(n=31)
2026-05-02 12:37:53,707 - INFO - [render-loss] step=83600 kept 35/64 samples (t_value >= 0.50)
2026-05-02 12:39:49,060 - INFO - Step   83800 | Epoch  84 | MSE: 0.3201 | Steps/sec: 1.73 | LR: 1.28e-04 | Render_L1: 0.0232 | Alpha_L1: 0.0277 | Render_LPIPS: 0.1733 | cos(c,null): +0.3205 | GradNorm: 0.0647 | MSE/t: [0.00-0.50]0.504(n=6464) [0.50-0.85]0.142(n=5813) [0.85-0.95]0.027(n=505) [0.95-1.00]0.014(n=18)
2026-05-02 12:39:49,162 - INFO - [render-loss] step=83800 kept 32/64 samples (t_value >= 0.50)
2026-05-02 12:41:44,446 - INFO - Step   84000 | Epoch  84 | MSE: 0.3184 | Steps/sec: 1.73 | LR: 1.28e-04 | Render_L1: 0.0231 | Alpha_L1: 0.0272 | Render_LPIPS: 0.1725 | cos(c,null): +0.3207 | GradNorm: 0.0645 | MSE/t: [0.00-0.50]0.503(n=6429) [0.50-0.85]0.142(n=5834) [0.85-0.95]0.028(n=511) [0.95-1.00]0.017(n=26)
2026-05-02 12:41:44,658 - INFO - [cond] cfg_signal=0.0424 (min=0.0243 max=0.0647, n=16) | class_signal=0.0496 (min=0.0215 max=0.0700, n=16) | pred_rms=0.8951
2026-05-02 12:41:52,997 - INFO - [validation] saved: output/jit_B8_postfix_20260501_234201/dit_validation/epoch_084_step_0084000_class038.png (class=38, sampler=heun, steps=100)
2026-05-02 12:41:54,173 - INFO - [overrides] applied from jit/configs/overrides.yaml: lr_scale=1.0 max_grad_norm=5.0 null_repel_weight=0.0 P_mean=0.0
2026-05-02 12:41:54,271 - INFO - [render-loss] step=84000 kept 29/64 samples (t_value >= 0.50)
2026-05-02 12:43:49,748 - INFO - Step   84200 | Epoch  85 | MSE: 0.3166 | Steps/sec: 1.60 | LR: 1.28e-04 | Render_L1: 0.0223 | Alpha_L1: 0.0272 | Render_LPIPS: 0.1699 | cos(c,null): +0.3219 | GradNorm: 0.0653 | MSE/t: [0.00-0.50]0.503(n=6351) [0.50-0.85]0.143(n=5898) [0.85-0.95]0.026(n=527) [0.95-1.00]0.017(n=24)
2026-05-02 12:43:49,852 - INFO - [render-loss] step=84200 kept 31/64 samples (t_value >= 0.50)
2026-05-02 12:45:44,986 - INFO - Step   84400 | Epoch  85 | MSE: 0.3213 | Steps/sec: 1.74 | LR: 1.27e-04 | Render_L1: 0.0228 | Alpha_L1: 0.0269 | Render_LPIPS: 0.1703 | cos(c,null): +0.3222 | GradNorm: 0.0638 | MSE/t: [0.00-0.50]0.502(n=6543) [0.50-0.85]0.141(n=5771) [0.85-0.95]0.026(n=466) [0.95-1.00]0.015(n=20)
2026-05-02 12:45:45,088 - INFO - [render-loss] step=84400 kept 32/64 samples (t_value >= 0.50)
2026-05-02 12:47:40,156 - INFO - Step   84600 | Epoch  85 | MSE: 0.3191 | Steps/sec: 1.74 | LR: 1.27e-04 | Render_L1: 0.0233 | Alpha_L1: 0.0277 | Render_LPIPS: 0.1728 | cos(c,null): +0.3234 | GradNorm: 0.0641 | MSE/t: [0.00-0.50]0.506(n=6325) [0.50-0.85]0.146(n=5936) [0.85-0.95]0.026(n=518) [0.95-1.00]0.017(n=21)
2026-05-02 12:47:40,258 - INFO - [render-loss] step=84600 kept 40/64 samples (t_value >= 0.50)
2026-05-02 12:49:35,587 - INFO - Step   84800 | Epoch  85 | MSE: 0.3150 | Steps/sec: 1.73 | LR: 1.27e-04 | Render_L1: 0.0227 | Alpha_L1: 0.0270 | Render_LPIPS: 0.1707 | cos(c,null): +0.3236 | GradNorm: 0.0620 | MSE/t: [0.00-0.50]0.503(n=6322) [0.50-0.85]0.142(n=5883) [0.85-0.95]0.026(n=576) [0.95-1.00]0.021(n=19)
2026-05-02 12:49:35,689 - INFO - [render-loss] step=84800 kept 40/64 samples (t_value >= 0.50)
2026-05-02 12:51:31,160 - INFO - Step   85000 | Epoch  85 | MSE: 0.3160 | Steps/sec: 1.73 | LR: 1.26e-04 | Render_L1: 0.0229 | Alpha_L1: 0.0274 | Render_LPIPS: 0.1715 | cos(c,null): +0.3230 | GradNorm: 0.0649 | MSE/t: [0.00-0.50]0.504(n=6311) [0.50-0.85]0.143(n=5962) [0.85-0.95]0.027(n=501) [0.95-1.00]0.018(n=26)
2026-05-02 12:51:31,394 - INFO - [cond] cfg_signal=0.0453 (min=0.0251 max=0.0662, n=16) | class_signal=0.0501 (min=0.0211 max=0.0707, n=16) | pred_rms=0.8866
2026-05-02 12:51:39,825 - INFO - [validation] saved: output/jit_B8_postfix_20260501_234201/dit_validation/epoch_085_step_0085000_class036.png (class=36, sampler=heun, steps=100)
2026-05-02 12:51:40,987 - INFO - [overrides] applied from jit/configs/overrides.yaml: lr_scale=1.0 max_grad_norm=5.0 null_repel_weight=0.0 P_mean=0.0
2026-05-02 12:51:41,085 - INFO - [render-loss] step=85000 kept 29/64 samples (t_value >= 0.50)
2026-05-02 12:53:36,798 - INFO - Step   85200 | Epoch  86 | MSE: 0.3182 | Steps/sec: 1.59 | LR: 1.26e-04 | Render_L1: 0.0225 | Alpha_L1: 0.0268 | Render_LPIPS: 0.1697 | cos(c,null): +0.3233 | GradNorm: 0.0631 | MSE/t: [0.00-0.50]0.503(n=6397) [0.50-0.85]0.143(n=5883) [0.85-0.95]0.026(n=500) [0.95-1.00]0.015(n=20)
2026-05-02 12:53:36,901 - INFO - [render-loss] step=85200 kept 29/64 samples (t_value >= 0.50)
2026-05-02 12:55:32,758 - INFO - Step   85400 | Epoch  86 | MSE: 0.3160 | Steps/sec: 1.72 | LR: 1.26e-04 | Render_L1: 0.0231 | Alpha_L1: 0.0271 | Render_LPIPS: 0.1721 | cos(c,null): +0.3235 | GradNorm: 0.0622 | MSE/t: [0.00-0.50]0.504(n=6346) [0.50-0.85]0.142(n=5903) [0.85-0.95]0.027(n=527) [0.95-1.00]0.017(n=24)
2026-05-02 12:55:32,861 - INFO - [render-loss] step=85400 kept 34/64 samples (t_value >= 0.50)
2026-05-02 12:57:28,308 - INFO - Step   85600 | Epoch  86 | MSE: 0.3157 | Steps/sec: 1.73 | LR: 1.25e-04 | Render_L1: 0.0231 | Alpha_L1: 0.0276 | Render_LPIPS: 0.1724 | cos(c,null): +0.3241 | GradNorm: 0.0654 | MSE/t: [0.00-0.50]0.502(n=6328) [0.50-0.85]0.144(n=5922) [0.85-0.95]0.027(n=515) [0.95-1.00]0.018(n=35)
2026-05-02 12:57:28,410 - INFO - [render-loss] step=85600 kept 31/64 samples (t_value >= 0.50)
2026-05-02 12:59:23,536 - INFO - Step   85800 | Epoch  86 | MSE: 0.3197 | Steps/sec: 1.74 | LR: 1.25e-04 | Render_L1: 0.0233 | Alpha_L1: 0.0273 | Render_LPIPS: 0.1717 | cos(c,null): +0.3248 | GradNorm: 0.0634 | MSE/t: [0.00-0.50]0.502(n=6462) [0.50-0.85]0.143(n=5813) [0.85-0.95]0.027(n=499) [0.95-1.00]0.015(n=26)
2026-05-02 12:59:23,638 - INFO - [render-loss] step=85800 kept 35/64 samples (t_value >= 0.50)
2026-05-02 13:01:19,336 - INFO - Step   86000 | Epoch  86 | MSE: 0.3182 | Steps/sec: 1.73 | LR: 1.25e-04 | Render_L1: 0.0230 | Alpha_L1: 0.0278 | Render_LPIPS: 0.1709 | cos(c,null): +0.3252 | GradNorm: 0.0657 | MSE/t: [0.00-0.50]0.504(n=6376) [0.50-0.85]0.144(n=5887) [0.85-0.95]0.026(n=513) [0.95-1.00]0.015(n=24)
2026-05-02 13:01:19,551 - INFO - [cond] cfg_signal=0.0444 (min=0.0268 max=0.0655, n=16) | class_signal=0.0506 (min=0.0208 max=0.0689, n=16) | pred_rms=0.8889
2026-05-02 13:01:27,928 - INFO - [validation] saved: output/jit_B8_postfix_20260501_234201/dit_validation/epoch_086_step_0086000_class034.png (class=34, sampler=heun, steps=100)
2026-05-02 13:01:29,105 - INFO - [overrides] applied from jit/configs/overrides.yaml: lr_scale=1.0 max_grad_norm=5.0 null_repel_weight=0.0 P_mean=0.0
2026-05-02 13:01:29,204 - INFO - [render-loss] step=86000 kept 33/64 samples (t_value >= 0.50)
2026-05-02 13:03:24,934 - INFO - Step   86200 | Epoch  87 | MSE: 0.3164 | Steps/sec: 1.60 | LR: 1.25e-04 | Render_L1: 0.0230 | Alpha_L1: 0.0272 | Render_LPIPS: 0.1716 | cos(c,null): +0.3252 | GradNorm: 0.0630 | MSE/t: [0.00-0.50]0.504(n=6326) [0.50-0.85]0.144(n=5911) [0.85-0.95]0.027(n=530) [0.95-1.00]0.015(n=33)
2026-05-02 13:03:25,036 - INFO - [render-loss] step=86200 kept 33/64 samples (t_value >= 0.50)
2026-05-02 13:05:20,125 - INFO - Step   86400 | Epoch  87 | MSE: 0.3158 | Steps/sec: 1.74 | LR: 1.24e-04 | Render_L1: 0.0230 | Alpha_L1: 0.0269 | Render_LPIPS: 0.1715 | cos(c,null): +0.3254 | GradNorm: 0.0635 | MSE/t: [0.00-0.50]0.501(n=6348) [0.50-0.85]0.144(n=5910) [0.85-0.95]0.026(n=527) [0.95-1.00]0.020(n=15)
2026-05-02 13:05:20,227 - INFO - [render-loss] step=86400 kept 30/64 samples (t_value >= 0.50)
2026-05-02 13:07:15,347 - INFO - Step   86600 | Epoch  87 | MSE: 0.3185 | Steps/sec: 1.74 | LR: 1.24e-04 | Render_L1: 0.0226 | Alpha_L1: 0.0268 | Render_LPIPS: 0.1702 | cos(c,null): +0.3246 | GradNorm: 0.0641 | MSE/t: [0.00-0.50]0.503(n=6403) [0.50-0.85]0.143(n=5885) [0.85-0.95]0.026(n=489) [0.95-1.00]0.018(n=23)
2026-05-02 13:07:15,448 - INFO - [render-loss] step=86600 kept 30/64 samples (t_value >= 0.50)
2026-05-02 13:09:10,780 - INFO - Step   86800 | Epoch  87 | MSE: 0.3185 | Steps/sec: 1.73 | LR: 1.24e-04 | Render_L1: 0.0227 | Alpha_L1: 0.0267 | Render_LPIPS: 0.1697 | cos(c,null): +0.3250 | GradNorm: 0.0625 | MSE/t: [0.00-0.50]0.504(n=6404) [0.50-0.85]0.143(n=5851) [0.85-0.95]0.028(n=527) [0.95-1.00]0.018(n=18)
2026-05-02 13:09:10,883 - INFO - [render-loss] step=86800 kept 34/64 samples (t_value >= 0.50)
2026-05-02 13:11:05,855 - INFO - Step   87000 | Epoch  87 | MSE: 0.3176 | Steps/sec: 1.74 | LR: 1.23e-04 | Render_L1: 0.0228 | Alpha_L1: 0.0273 | Render_LPIPS: 0.1716 | cos(c,null): +0.3256 | GradNorm: 0.0621 | MSE/t: [0.00-0.50]0.502(n=6375) [0.50-0.85]0.144(n=5888) [0.85-0.95]0.027(n=521) [0.95-1.00]0.017(n=16)
2026-05-02 13:11:06,065 - INFO - [cond] cfg_signal=0.0419 (min=0.0236 max=0.0603, n=16) | class_signal=0.0506 (min=0.0195 max=0.0746, n=16) | pred_rms=0.8862
2026-05-02 13:11:14,680 - INFO - [validation] saved: output/jit_B8_postfix_20260501_234201/dit_validation/epoch_087_step_0087000_class069.png (class=69, sampler=heun, steps=100)
2026-05-02 13:11:15,861 - INFO - [overrides] applied from jit/configs/overrides.yaml: lr_scale=1.0 max_grad_norm=5.0 null_repel_weight=0.0 P_mean=0.0
2026-05-02 13:11:15,958 - INFO - [render-loss] step=87000 kept 29/64 samples (t_value >= 0.50)
2026-05-02 13:13:11,968 - INFO - Step   87200 | Epoch  88 | MSE: 0.3166 | Steps/sec: 1.59 | LR: 1.23e-04 | Render_L1: 0.0228 | Alpha_L1: 0.0270 | Render_LPIPS: 0.1699 | cos(c,null): +0.3263 | GradNorm: 0.0631 | MSE/t: [0.00-0.50]0.504(n=6317) [0.50-0.85]0.144(n=5936) [0.85-0.95]0.026(n=530) [0.95-1.00]0.016(n=17)
2026-05-02 13:13:12,070 - INFO - [render-loss] step=87200 kept 32/64 samples (t_value >= 0.50)
2026-05-02 13:15:07,834 - INFO - Step   87400 | Epoch  88 | MSE: 0.3173 | Steps/sec: 1.73 | LR: 1.23e-04 | Render_L1: 0.0229 | Alpha_L1: 0.0272 | Render_LPIPS: 0.1710 | cos(c,null): +0.3249 | GradNorm: 0.0640 | MSE/t: [0.00-0.50]0.506(n=6293) [0.50-0.85]0.144(n=5960) [0.85-0.95]0.026(n=531) [0.95-1.00]0.017(n=16)
2026-05-02 13:15:07,937 - INFO - [render-loss] step=87400 kept 35/64 samples (t_value >= 0.50)
2026-05-02 13:17:02,774 - INFO - Step   87600 | Epoch  88 | MSE: 0.3204 | Steps/sec: 1.74 | LR: 1.23e-04 | Render_L1: 0.0224 | Alpha_L1: 0.0266 | Render_LPIPS: 0.1679 | cos(c,null): +0.3250 | GradNorm: 0.0635 | MSE/t: [0.00-0.50]0.505(n=6456) [0.50-0.85]0.143(n=5793) [0.85-0.95]0.026(n=527) [0.95-1.00]0.015(n=24)
2026-05-02 13:17:02,875 - INFO - [render-loss] step=87600 kept 33/64 samples (t_value >= 0.50)
2026-05-02 13:18:57,857 - INFO - Step   87800 | Epoch  88 | MSE: 0.3177 | Steps/sec: 1.74 | LR: 1.22e-04 | Render_L1: 0.0230 | Alpha_L1: 0.0272 | Render_LPIPS: 0.1717 | cos(c,null): +0.3260 | GradNorm: 0.0647 | MSE/t: [0.00-0.50]0.501(n=6411) [0.50-0.85]0.144(n=5847) [0.85-0.95]0.026(n=518) [0.95-1.00]0.013(n=24)
2026-05-02 13:18:57,960 - INFO - [render-loss] step=87800 kept 32/64 samples (t_value >= 0.50)
2026-05-02 13:20:53,857 - INFO - Step   88000 | Epoch  88 | MSE: 0.3167 | Steps/sec: 1.72 | LR: 1.22e-04 | Render_L1: 0.0227 | Alpha_L1: 0.0271 | Render_LPIPS: 0.1701 | cos(c,null): +0.3267 | GradNorm: 0.0646 | MSE/t: [0.00-0.50]0.501(n=6377) [0.50-0.85]0.144(n=5876) [0.85-0.95]0.026(n=531) [0.95-1.00]0.025(n=16)
2026-05-02 13:20:54,070 - INFO - [cond] cfg_signal=0.0431 (min=0.0234 max=0.0636, n=16) | class_signal=0.0510 (min=0.0197 max=0.0782, n=16) | pred_rms=0.8879
2026-05-02 13:21:02,405 - INFO - [validation] saved: output/jit_B8_postfix_20260501_234201/dit_validation/epoch_088_step_0088000_class086.png (class=86, sampler=heun, steps=100)
2026-05-02 13:21:03,590 - INFO - [overrides] applied from jit/configs/overrides.yaml: lr_scale=1.0 max_grad_norm=5.0 null_repel_weight=0.0 P_mean=0.0
2026-05-02 13:21:03,687 - INFO - [render-loss] step=88000 kept 37/64 samples (t_value >= 0.50)
2026-05-02 13:22:58,984 - INFO - Step   88200 | Epoch  89 | MSE: 0.3174 | Steps/sec: 1.60 | LR: 1.22e-04 | Render_L1: 0.0227 | Alpha_L1: 0.0273 | Render_LPIPS: 0.1698 | cos(c,null): +0.3260 | GradNorm: 0.0627 | MSE/t: [0.00-0.50]0.502(n=6387) [0.50-0.85]0.143(n=5892) [0.85-0.95]0.027(n=506) [0.95-1.00]0.015(n=15)
2026-05-02 13:22:59,086 - INFO - [render-loss] step=88200 kept 25/64 samples (t_value >= 0.50)
2026-05-02 13:24:54,392 - INFO - Step   88400 | Epoch  89 | MSE: 0.3197 | Steps/sec: 1.73 | LR: 1.21e-04 | Render_L1: 0.0229 | Alpha_L1: 0.0274 | Render_LPIPS: 0.1712 | cos(c,null): +0.3270 | GradNorm: 0.0635 | MSE/t: [0.00-0.50]0.505(n=6425) [0.50-0.85]0.144(n=5807) [0.85-0.95]0.027(n=549) [0.95-1.00]0.015(n=19)
2026-05-02 13:24:54,493 - INFO - [render-loss] step=88400 kept 36/64 samples (t_value >= 0.50)
2026-05-02 13:26:49,425 - INFO - Step   88600 | Epoch  89 | MSE: 0.3191 | Steps/sec: 1.74 | LR: 1.21e-04 | Render_L1: 0.0226 | Alpha_L1: 0.0268 | Render_LPIPS: 0.1689 | cos(c,null): +0.3274 | GradNorm: 0.0620 | MSE/t: [0.00-0.50]0.502(n=6429) [0.50-0.85]0.143(n=5888) [0.85-0.95]0.027(n=467) [0.95-1.00]0.017(n=16)
2026-05-02 13:26:49,527 - INFO - [render-loss] step=88600 kept 26/64 samples (t_value >= 0.50)
2026-05-02 13:28:44,174 - INFO - Step   88800 | Epoch  89 | MSE: 0.3226 | Steps/sec: 1.74 | LR: 1.21e-04 | Render_L1: 0.0229 | Alpha_L1: 0.0270 | Render_LPIPS: 0.1703 | cos(c,null): +0.3276 | GradNorm: 0.0645 | MSE/t: [0.00-0.50]0.503(n=6518) [0.50-0.85]0.145(n=5771) [0.85-0.95]0.026(n=490) [0.95-1.00]0.017(n=21)
2026-05-02 13:28:44,277 - INFO - [render-loss] step=88800 kept 31/64 samples (t_value >= 0.50)
2026-05-02 13:30:39,740 - INFO - Step   89000 | Epoch  89 | MSE: 0.3175 | Steps/sec: 1.73 | LR: 1.20e-04 | Render_L1: 0.0225 | Alpha_L1: 0.0268 | Render_LPIPS: 0.1687 | cos(c,null): +0.3279 | GradNorm: 0.0614 | MSE/t: [0.00-0.50]0.505(n=6340) [0.50-0.85]0.143(n=5933) [0.85-0.95]0.026(n=499) [0.95-1.00]0.020(n=28)
2026-05-02 13:30:39,953 - INFO - [cond] cfg_signal=0.0434 (min=0.0234 max=0.0606, n=16) | class_signal=0.0505 (min=0.0230 max=0.0717, n=16) | pred_rms=0.9014
2026-05-02 13:30:48,366 - INFO - [validation] saved: output/jit_B8_postfix_20260501_234201/dit_validation/epoch_089_step_0089000_class086.png (class=86, sampler=heun, steps=100)
2026-05-02 13:30:49,537 - INFO - [overrides] applied from jit/configs/overrides.yaml: lr_scale=1.0 max_grad_norm=5.0 null_repel_weight=0.0 P_mean=0.0
2026-05-02 13:30:49,635 - INFO - [render-loss] step=89000 kept 34/64 samples (t_value >= 0.50)
2026-05-02 13:32:45,159 - INFO - Step   89200 | Epoch  90 | MSE: 0.3175 | Steps/sec: 1.60 | LR: 1.20e-04 | Render_L1: 0.0230 | Alpha_L1: 0.0273 | Render_LPIPS: 0.1712 | cos(c,null): +0.3292 | GradNorm: 0.0632 | MSE/t: [0.00-0.50]0.503(n=6370) [0.50-0.85]0.143(n=5922) [0.85-0.95]0.026(n=489) [0.95-1.00]0.015(n=19)
2026-05-02 13:32:45,262 - INFO - [render-loss] step=89200 kept 29/64 samples (t_value >= 0.50)
2026-05-02 13:34:40,317 - INFO - Step   89400 | Epoch  90 | MSE: 0.3217 | Steps/sec: 1.74 | LR: 1.20e-04 | Render_L1: 0.0229 | Alpha_L1: 0.0271 | Render_LPIPS: 0.1706 | cos(c,null): +0.3310 | GradNorm: 0.0643 | MSE/t: [0.00-0.50]0.503(n=6526) [0.50-0.85]0.143(n=5761) [0.85-0.95]0.027(n=498) [0.95-1.00]0.017(n=15)
2026-05-02 13:34:40,419 - INFO - [render-loss] step=89400 kept 25/64 samples (t_value >= 0.50)
2026-05-02 13:36:35,426 - INFO - Step   89600 | Epoch  90 | MSE: 0.3181 | Steps/sec: 1.74 | LR: 1.20e-04 | Render_L1: 0.0227 | Alpha_L1: 0.0264 | Render_LPIPS: 0.1682 | cos(c,null): +0.3301 | GradNorm: 0.0628 | MSE/t: [0.00-0.50]0.501(n=6403) [0.50-0.85]0.144(n=5886) [0.85-0.95]0.027(n=488) [0.95-1.00]0.016(n=23)
2026-05-02 13:36:35,528 - INFO - [render-loss] step=89600 kept 32/64 samples (t_value >= 0.50)
2026-05-02 13:38:30,987 - INFO - Step   89800 | Epoch  90 | MSE: 0.3165 | Steps/sec: 1.73 | LR: 1.19e-04 | Render_L1: 0.0226 | Alpha_L1: 0.0269 | Render_LPIPS: 0.1690 | cos(c,null): +0.3284 | GradNorm: 0.0628 | MSE/t: [0.00-0.50]0.497(n=6425) [0.50-0.85]0.144(n=5842) [0.85-0.95]0.026(n=510) [0.95-1.00]0.016(n=23)
2026-05-02 13:38:31,089 - INFO - [render-loss] step=89800 kept 32/64 samples (t_value >= 0.50)
2026-05-02 13:40:26,371 - INFO - Step   90000 | Epoch  90 | MSE: 0.3183 | Steps/sec: 1.73 | LR: 1.19e-04 | Render_L1: 0.0231 | Alpha_L1: 0.0272 | Render_LPIPS: 0.1712 | cos(c,null): +0.3288 | GradNorm: 0.0634 | MSE/t: [0.00-0.50]0.503(n=6383) [0.50-0.85]0.144(n=5914) [0.85-0.95]0.026(n=487) [0.95-1.00]0.017(n=16)
2026-05-02 13:40:26,590 - INFO - [cond] cfg_signal=0.0439 (min=0.0241 max=0.0647, n=16) | class_signal=0.0514 (min=0.0217 max=0.0717, n=16) | pred_rms=0.8895
2026-05-02 13:40:35,125 - INFO - [validation] saved: output/jit_B8_postfix_20260501_234201/dit_validation/epoch_090_step_0090000_class005.png (class=5, sampler=heun, steps=100)
2026-05-02 13:40:36,299 - INFO - [overrides] applied from jit/configs/overrides.yaml: lr_scale=1.0 max_grad_norm=5.0 null_repel_weight=0.0 P_mean=0.0
2026-05-02 13:40:36,396 - INFO - [render-loss] step=90000 kept 37/64 samples (t_value >= 0.50)
2026-05-02 13:42:31,520 - INFO - Step   90200 | Epoch  91 | MSE: 0.3187 | Steps/sec: 1.60 | LR: 1.19e-04 | Render_L1: 0.0227 | Alpha_L1: 0.0269 | Render_LPIPS: 0.1689 | cos(c,null): +0.3276 | GradNorm: 0.0629 | MSE/t: [0.00-0.50]0.501(n=6444) [0.50-0.85]0.144(n=5815) [0.85-0.95]0.026(n=518) [0.95-1.00]0.014(n=23)
2026-05-02 13:42:31,622 - INFO - [render-loss] step=90200 kept 31/64 samples (t_value >= 0.50)
2026-05-02 13:44:26,669 - INFO - Step   90400 | Epoch  91 | MSE: 0.3213 | Steps/sec: 1.74 | LR: 1.18e-04 | Render_L1: 0.0227 | Alpha_L1: 0.0270 | Render_LPIPS: 0.1689 | cos(c,null): +0.3290 | GradNorm: 0.0641 | MSE/t: [0.00-0.50]0.504(n=6495) [0.50-0.85]0.143(n=5768) [0.85-0.95]0.027(n=517) [0.95-1.00]0.019(n=20)
2026-05-02 13:44:26,771 - INFO - [render-loss] step=90400 kept 23/64 samples (t_value >= 0.50)
2026-05-02 13:46:22,793 - INFO - Step   90600 | Epoch  91 | MSE: 0.3170 | Steps/sec: 1.72 | LR: 1.18e-04 | Render_L1: 0.0227 | Alpha_L1: 0.0272 | Render_LPIPS: 0.1698 | cos(c,null): +0.3293 | GradNorm: 0.0620 | MSE/t: [0.00-0.50]0.499(n=6416) [0.50-0.85]0.143(n=5899) [0.85-0.95]0.025(n=461) [0.95-1.00]0.017(n=24)
2026-05-02 13:46:22,895 - INFO - [render-loss] step=90600 kept 35/64 samples (t_value >= 0.50)
2026-05-02 13:48:18,377 - INFO - Step   90800 | Epoch  91 | MSE: 0.3189 | Steps/sec: 1.73 | LR: 1.18e-04 | Render_L1: 0.0227 | Alpha_L1: 0.0270 | Render_LPIPS: 0.1688 | cos(c,null): +0.3291 | GradNorm: 0.0614 | MSE/t: [0.00-0.50]0.505(n=6394) [0.50-0.85]0.143(n=5869) [0.85-0.95]0.026(n=516) [0.95-1.00]0.018(n=21)
2026-05-02 13:48:18,479 - INFO - [render-loss] step=90800 kept 36/64 samples (t_value >= 0.50)
2026-05-02 13:50:13,306 - INFO - Step   91000 | Epoch  91 | MSE: 0.3162 | Steps/sec: 1.74 | LR: 1.17e-04 | Render_L1: 0.0230 | Alpha_L1: 0.0273 | Render_LPIPS: 0.1707 | cos(c,null): +0.3298 | GradNorm: 0.0624 | MSE/t: [0.00-0.50]0.502(n=6344) [0.50-0.85]0.142(n=5965) [0.85-0.95]0.026(n=471) [0.95-1.00]0.015(n=20)
2026-05-02 13:50:13,519 - INFO - [cond] cfg_signal=0.0437 (min=0.0260 max=0.0606, n=16) | class_signal=0.0511 (min=0.0206 max=0.0724, n=16) | pred_rms=0.8871
2026-05-02 13:50:21,799 - INFO - [validation] saved: output/jit_B8_postfix_20260501_234201/dit_validation/epoch_091_step_0091000_class013.png (class=13, sampler=heun, steps=100)
2026-05-02 13:50:22,974 - INFO - [overrides] applied from jit/configs/overrides.yaml: lr_scale=1.0 max_grad_norm=5.0 null_repel_weight=0.0 P_mean=0.0
2026-05-02 13:50:23,072 - INFO - [render-loss] step=91000 kept 26/64 samples (t_value >= 0.50)
2026-05-02 13:52:18,431 - INFO - Step   91200 | Epoch  92 | MSE: 0.3196 | Steps/sec: 1.60 | LR: 1.17e-04 | Render_L1: 0.0228 | Alpha_L1: 0.0271 | Render_LPIPS: 0.1690 | cos(c,null): +0.3302 | GradNorm: 0.0648 | MSE/t: [0.00-0.50]0.504(n=6426) [0.50-0.85]0.143(n=5882) [0.85-0.95]0.027(n=469) [0.95-1.00]0.024(n=23)
2026-05-02 13:52:18,533 - INFO - [render-loss] step=91200 kept 39/64 samples (t_value >= 0.50)
2026-05-02 13:54:13,405 - INFO - Step   91400 | Epoch  92 | MSE: 0.3174 | Steps/sec: 1.74 | LR: 1.17e-04 | Render_L1: 0.0227 | Alpha_L1: 0.0270 | Render_LPIPS: 0.1700 | cos(c,null): +0.3293 | GradNorm: 0.0625 | MSE/t: [0.00-0.50]0.500(n=6419) [0.50-0.85]0.143(n=5848) [0.85-0.95]0.027(n=510) [0.95-1.00]0.014(n=23)
2026-05-02 13:54:13,507 - INFO - [render-loss] step=91400 kept 36/64 samples (t_value >= 0.50)
2026-05-02 13:56:08,349 - INFO - Step   91600 | Epoch  92 | MSE: 0.3217 | Steps/sec: 1.74 | LR: 1.17e-04 | Render_L1: 0.0225 | Alpha_L1: 0.0266 | Render_LPIPS: 0.1688 | cos(c,null): +0.3289 | GradNorm: 0.0622 | MSE/t: [0.00-0.50]0.506(n=6470) [0.50-0.85]0.143(n=5791) [0.85-0.95]0.026(n=516) [0.95-1.00]0.014(n=23)
2026-05-02 13:56:08,451 - INFO - [render-loss] step=91600 kept 33/64 samples (t_value >= 0.50)
2026-05-02 13:58:03,648 - INFO - Step   91800 | Epoch  92 | MSE: 0.3167 | Steps/sec: 1.73 | LR: 1.16e-04 | Render_L1: 0.0223 | Alpha_L1: 0.0263 | Render_LPIPS: 0.1672 | cos(c,null): +0.3295 | GradNorm: 0.0626 | MSE/t: [0.00-0.50]0.503(n=6364) [0.50-0.85]0.142(n=5892) [0.85-0.95]0.026(n=528) [0.95-1.00]0.016(n=16)
2026-05-02 13:58:03,750 - INFO - [render-loss] step=91800 kept 26/64 samples (t_value >= 0.50)
2026-05-02 13:59:59,118 - INFO - Step   92000 | Epoch  92 | MSE: 0.3180 | Steps/sec: 1.73 | LR: 1.16e-04 | Render_L1: 0.0227 | Alpha_L1: 0.0268 | Render_LPIPS: 0.1686 | cos(c,null): +0.3318 | GradNorm: 0.0628 | MSE/t: [0.00-0.50]0.503(n=6387) [0.50-0.85]0.143(n=5916) [0.85-0.95]0.026(n=478) [0.95-1.00]0.016(n=19)
2026-05-02 13:59:59,331 - INFO - [cond] cfg_signal=0.0454 (min=0.0260 max=0.0666, n=16) | class_signal=0.0528 (min=0.0229 max=0.0762, n=16) | pred_rms=0.8915
2026-05-02 14:00:07,833 - INFO - [validation] saved: output/jit_B8_postfix_20260501_234201/dit_validation/epoch_092_step_0092000_class057.png (class=57, sampler=heun, steps=100)
2026-05-02 14:00:09,447 - INFO - [overrides] applied from jit/configs/overrides.yaml: lr_scale=1.0 max_grad_norm=5.0 null_repel_weight=0.0 P_mean=0.0
2026-05-02 14:00:09,545 - INFO - [render-loss] step=92000 kept 24/64 samples (t_value >= 0.50)
2026-05-02 14:02:04,798 - INFO - Step   92200 | Epoch  93 | MSE: 0.3220 | Steps/sec: 1.59 | LR: 1.16e-04 | Render_L1: 0.0229 | Alpha_L1: 0.0269 | Render_LPIPS: 0.1693 | cos(c,null): +0.3335 | GradNorm: 0.0647 | MSE/t: [0.00-0.50]0.505(n=6497) [0.50-0.85]0.143(n=5779) [0.85-0.95]0.026(n=511) [0.95-1.00]0.022(n=13)
2026-05-02 14:02:04,900 - INFO - [render-loss] step=92200 kept 28/64 samples (t_value >= 0.50)
2026-05-02 14:03:59,971 - INFO - Step   92400 | Epoch  93 | MSE: 0.3185 | Steps/sec: 1.74 | LR: 1.15e-04 | Render_L1: 0.0229 | Alpha_L1: 0.0267 | Render_LPIPS: 0.1690 | cos(c,null): +0.3331 | GradNorm: 0.0629 | MSE/t: [0.00-0.50]0.506(n=6349) [0.50-0.85]0.143(n=5923) [0.85-0.95]0.026(n=507) [0.95-1.00]0.016(n=21)
2026-05-02 14:04:00,073 - INFO - [render-loss] step=92400 kept 31/64 samples (t_value >= 0.50)
2026-05-02 14:05:54,982 - INFO - Step   92600 | Epoch  93 | MSE: 0.3199 | Steps/sec: 1.74 | LR: 1.15e-04 | Render_L1: 0.0225 | Alpha_L1: 0.0266 | Render_LPIPS: 0.1678 | cos(c,null): +0.3343 | GradNorm: 0.0629 | MSE/t: [0.00-0.50]0.505(n=6397) [0.50-0.85]0.144(n=5900) [0.85-0.95]0.026(n=487) [0.95-1.00]0.016(n=16)
2026-05-02 14:05:55,084 - INFO - [render-loss] step=92600 kept 29/64 samples (t_value >= 0.50)
2026-05-02 14:07:49,852 - INFO - Step   92800 | Epoch  93 | MSE: 0.3214 | Steps/sec: 1.74 | LR: 1.15e-04 | Render_L1: 0.0224 | Alpha_L1: 0.0266 | Render_LPIPS: 0.1673 | cos(c,null): +0.3360 | GradNorm: 0.0630 | MSE/t: [0.00-0.50]0.504(n=6486) [0.50-0.85]0.143(n=5824) [0.85-0.95]0.027(n=472) [0.95-1.00]0.018(n=18)
2026-05-02 14:07:49,954 - INFO - [render-loss] step=92800 kept 37/64 samples (t_value >= 0.50)
2026-05-02 14:09:45,083 - INFO - Step   93000 | Epoch  93 | MSE: 0.3210 | Steps/sec: 1.74 | LR: 1.14e-04 | Render_L1: 0.0226 | Alpha_L1: 0.0270 | Render_LPIPS: 0.1680 | cos(c,null): +0.3365 | GradNorm: 0.0621 | MSE/t: [0.00-0.50]0.508(n=6417) [0.50-0.85]0.143(n=5884) [0.85-0.95]0.026(n=479) [0.95-1.00]0.017(n=20)
2026-05-02 14:09:45,292 - INFO - [cond] cfg_signal=0.0444 (min=0.0255 max=0.0704, n=16) | class_signal=0.0521 (min=0.0231 max=0.0806, n=16) | pred_rms=0.9127
2026-05-02 14:09:53,785 - INFO - [validation] saved: output/jit_B8_postfix_20260501_234201/dit_validation/epoch_093_step_0093000_class006.png (class=6, sampler=heun, steps=100)
2026-05-02 14:09:54,989 - INFO - [overrides] applied from jit/configs/overrides.yaml: lr_scale=1.0 max_grad_norm=5.0 null_repel_weight=0.0 P_mean=0.0
2026-05-02 14:09:55,086 - INFO - [render-loss] step=93000 kept 36/64 samples (t_value >= 0.50)
2026-05-02 14:11:51,054 - INFO - Step   93200 | Epoch  94 | MSE: 0.3179 | Steps/sec: 1.59 | LR: 1.14e-04 | Render_L1: 0.0227 | Alpha_L1: 0.0268 | Render_LPIPS: 0.1689 | cos(c,null): +0.3356 | GradNorm: 0.0629 | MSE/t: [0.00-0.50]0.502(n=6418) [0.50-0.85]0.142(n=5838) [0.85-0.95]0.027(n=521) [0.95-1.00]0.019(n=23)
2026-05-02 14:11:51,157 - INFO - [render-loss] step=93200 kept 33/64 samples (t_value >= 0.50)
2026-05-02 14:13:46,288 - INFO - Step   93400 | Epoch  94 | MSE: 0.3182 | Steps/sec: 1.74 | LR: 1.14e-04 | Render_L1: 0.0228 | Alpha_L1: 0.0271 | Render_LPIPS: 0.1691 | cos(c,null): +0.3351 | GradNorm: 0.0636 | MSE/t: [0.00-0.50]0.503(n=6376) [0.50-0.85]0.144(n=5906) [0.85-0.95]0.026(n=495) [0.95-1.00]0.017(n=23)
2026-05-02 14:13:46,390 - INFO - [render-loss] step=93400 kept 23/64 samples (t_value >= 0.50)
2026-05-02 14:15:41,416 - INFO - Step   93600 | Epoch  94 | MSE: 0.3184 | Steps/sec: 1.74 | LR: 1.14e-04 | Render_L1: 0.0229 | Alpha_L1: 0.0272 | Render_LPIPS: 0.1689 | cos(c,null): +0.3364 | GradNorm: 0.0635 | MSE/t: [0.00-0.50]0.502(n=6423) [0.50-0.85]0.143(n=5840) [0.85-0.95]0.027(n=515) [0.95-1.00]0.018(n=22)
2026-05-02 14:15:41,519 - INFO - [render-loss] step=93600 kept 31/64 samples (t_value >= 0.50)
2026-05-02 14:17:36,616 - INFO - Step   93800 | Epoch  94 | MSE: 0.3166 | Steps/sec: 1.74 | LR: 1.13e-04 | Render_L1: 0.0224 | Alpha_L1: 0.0264 | Render_LPIPS: 0.1675 | cos(c,null): +0.3358 | GradNorm: 0.0618 | MSE/t: [0.00-0.50]0.502(n=6381) [0.50-0.85]0.142(n=5920) [0.85-0.95]0.026(n=477) [0.95-1.00]0.019(n=22)
2026-05-02 14:17:36,720 - INFO - [render-loss] step=93800 kept 35/64 samples (t_value >= 0.50)
2026-05-02 14:19:31,510 - INFO - Step   94000 | Epoch  94 | MSE: 0.3207 | Steps/sec: 1.74 | LR: 1.13e-04 | Render_L1: 0.0224 | Alpha_L1: 0.0261 | Render_LPIPS: 0.1665 | cos(c,null): +0.3355 | GradNorm: 0.0637 | MSE/t: [0.00-0.50]0.503(n=6500) [0.50-0.85]0.142(n=5771) [0.85-0.95]0.027(n=511) [0.95-1.00]0.017(n=18)
2026-05-02 14:19:31,720 - INFO - [cond] cfg_signal=0.0453 (min=0.0298 max=0.0668, n=16) | class_signal=0.0513 (min=0.0213 max=0.0733, n=16) | pred_rms=0.9178
2026-05-02 14:19:40,037 - INFO - [validation] saved: output/jit_B8_postfix_20260501_234201/dit_validation/epoch_094_step_0094000_class055.png (class=55, sampler=heun, steps=100)
2026-05-02 14:19:41,228 - INFO - [overrides] applied from jit/configs/overrides.yaml: lr_scale=1.0 max_grad_norm=5.0 null_repel_weight=0.0 P_mean=0.0
2026-05-02 14:19:41,326 - INFO - [render-loss] step=94000 kept 39/64 samples (t_value >= 0.50)
2026-05-02 14:21:37,244 - INFO - Step   94200 | Epoch  95 | MSE: 0.3145 | Steps/sec: 1.59 | LR: 1.13e-04 | Render_L1: 0.0224 | Alpha_L1: 0.0267 | Render_LPIPS: 0.1674 | cos(c,null): +0.3352 | GradNorm: 0.0624 | MSE/t: [0.00-0.50]0.502(n=6274) [0.50-0.85]0.144(n=5983) [0.85-0.95]0.026(n=522) [0.95-1.00]0.016(n=21)
2026-05-02 14:21:37,346 - INFO - [render-loss] step=94200 kept 39/64 samples (t_value >= 0.50)
2026-05-02 14:23:32,377 - INFO - Step   94400 | Epoch  95 | MSE: 0.3165 | Steps/sec: 1.74 | LR: 1.12e-04 | Render_L1: 0.0225 | Alpha_L1: 0.0262 | Render_LPIPS: 0.1671 | cos(c,null): +0.3349 | GradNorm: 0.0612 | MSE/t: [0.00-0.50]0.502(n=6382) [0.50-0.85]0.142(n=5880) [0.85-0.95]0.026(n=515) [0.95-1.00]0.016(n=23)
2026-05-02 14:23:32,479 - INFO - [render-loss] step=94400 kept 29/64 samples (t_value >= 0.50)
2026-05-02 14:25:27,446 - INFO - Step   94600 | Epoch  95 | MSE: 0.3179 | Steps/sec: 1.74 | LR: 1.12e-04 | Render_L1: 0.0229 | Alpha_L1: 0.0267 | Render_LPIPS: 0.1683 | cos(c,null): +0.3343 | GradNorm: 0.0641 | MSE/t: [0.00-0.50]0.501(n=6401) [0.50-0.85]0.144(n=5903) [0.85-0.95]0.026(n=477) [0.95-1.00]0.014(n=19)
2026-05-02 14:25:27,548 - INFO - [render-loss] step=94600 kept 36/64 samples (t_value >= 0.50)
2026-05-02 14:27:22,755 - INFO - Step   94800 | Epoch  95 | MSE: 0.3177 | Steps/sec: 1.73 | LR: 1.12e-04 | Render_L1: 0.0223 | Alpha_L1: 0.0265 | Render_LPIPS: 0.1657 | cos(c,null): +0.3343 | GradNorm: 0.0617 | MSE/t: [0.00-0.50]0.507(n=6319) [0.50-0.85]0.144(n=5936) [0.85-0.95]0.026(n=527) [0.95-1.00]0.016(n=18)
2026-05-02 14:27:22,858 - INFO - [render-loss] step=94800 kept 34/64 samples (t_value >= 0.50)
2026-05-02 14:29:17,816 - INFO - Step   95000 | Epoch  95 | MSE: 0.3156 | Steps/sec: 1.74 | LR: 1.11e-04 | Render_L1: 0.0227 | Alpha_L1: 0.0267 | Render_LPIPS: 0.1681 | cos(c,null): +0.3345 | GradNorm: 0.0616 | MSE/t: [0.00-0.50]0.506(n=6260) [0.50-0.85]0.143(n=6018) [0.85-0.95]0.027(n=503) [0.95-1.00]0.018(n=19)
2026-05-02 14:29:18,028 - INFO - [cond] cfg_signal=0.0437 (min=0.0246 max=0.0647, n=16) | class_signal=0.0521 (min=0.0229 max=0.0772, n=16) | pred_rms=0.9071
2026-05-02 14:29:26,423 - INFO - [validation] saved: output/jit_B8_postfix_20260501_234201/dit_validation/epoch_095_step_0095000_class038.png (class=38, sampler=heun, steps=100)
2026-05-02 14:29:27,630 - INFO - [overrides] applied from jit/configs/overrides.yaml: lr_scale=1.0 max_grad_norm=5.0 null_repel_weight=0.0 P_mean=0.0
2026-05-02 14:29:27,729 - INFO - [render-loss] step=95000 kept 36/64 samples (t_value >= 0.50)
2026-05-02 14:31:23,549 - INFO - Step   95200 | Epoch  96 | MSE: 0.3179 | Steps/sec: 1.59 | LR: 1.11e-04 | Render_L1: 0.0226 | Alpha_L1: 0.0265 | Render_LPIPS: 0.1676 | cos(c,null): +0.3346 | GradNorm: 0.0625 | MSE/t: [0.00-0.50]0.505(n=6362) [0.50-0.85]0.143(n=5892) [0.85-0.95]0.026(n=531) [0.95-1.00]0.017(n=15)
2026-05-02 14:31:23,651 - INFO - [render-loss] step=95200 kept 33/64 samples (t_value >= 0.50)
2026-05-02 14:33:18,993 - INFO - Step   95400 | Epoch  96 | MSE: 0.3173 | Steps/sec: 1.73 | LR: 1.11e-04 | Render_L1: 0.0224 | Alpha_L1: 0.0267 | Render_LPIPS: 0.1665 | cos(c,null): +0.3351 | GradNorm: 0.0622 | MSE/t: [0.00-0.50]0.500(n=6420) [0.50-0.85]0.143(n=5855) [0.85-0.95]0.027(n=496) [0.95-1.00]0.015(n=29)
2026-05-02 14:33:19,094 - INFO - [render-loss] step=95400 kept 34/64 samples (t_value >= 0.50)
2026-05-02 14:35:14,523 - INFO - Step   95600 | Epoch  96 | MSE: 0.3152 | Steps/sec: 1.73 | LR: 1.11e-04 | Render_L1: 0.0227 | Alpha_L1: 0.0267 | Render_LPIPS: 0.1677 | cos(c,null): +0.3353 | GradNorm: 0.0620 | MSE/t: [0.00-0.50]0.499(n=6325) [0.50-0.85]0.146(n=5945) [0.85-0.95]0.026(n=511) [0.95-1.00]0.017(n=19)
2026-05-02 14:35:14,625 - INFO - [render-loss] step=95600 kept 40/64 samples (t_value >= 0.50)
2026-05-02 14:37:10,268 - INFO - Step   95800 | Epoch  96 | MSE: 0.3189 | Steps/sec: 1.73 | LR: 1.10e-04 | Render_L1: 0.0228 | Alpha_L1: 0.0268 | Render_LPIPS: 0.1691 | cos(c,null): +0.3352 | GradNorm: 0.0614 | MSE/t: [0.00-0.50]0.503(n=6439) [0.50-0.85]0.142(n=5842) [0.85-0.95]0.026(n=496) [0.95-1.00]0.013(n=23)
2026-05-02 14:37:10,371 - INFO - [render-loss] step=95800 kept 33/64 samples (t_value >= 0.50)
2026-05-02 14:39:05,525 - INFO - Step   96000 | Epoch  96 | MSE: 0.3161 | Steps/sec: 1.74 | LR: 1.10e-04 | Render_L1: 0.0228 | Alpha_L1: 0.0268 | Render_LPIPS: 0.1683 | cos(c,null): +0.3354 | GradNorm: 0.0624 | MSE/t: [0.00-0.50]0.501(n=6353) [0.50-0.85]0.144(n=5909) [0.85-0.95]0.025(n=521) [0.95-1.00]0.017(n=17)
2026-05-02 14:39:05,737 - INFO - [cond] cfg_signal=0.0432 (min=0.0272 max=0.0615, n=16) | class_signal=0.0512 (min=0.0198 max=0.0739, n=16) | pred_rms=0.9151
2026-05-02 14:39:14,089 - INFO - [validation] saved: output/jit_B8_postfix_20260501_234201/dit_validation/epoch_096_step_0096000_class043.png (class=43, sampler=heun, steps=100)
2026-05-02 14:39:15,310 - INFO - [overrides] applied from jit/configs/overrides.yaml: lr_scale=1.0 max_grad_norm=5.0 null_repel_weight=0.0 P_mean=0.0
2026-05-02 14:39:15,406 - INFO - [render-loss] step=96000 kept 34/64 samples (t_value >= 0.50)
2026-05-02 14:41:11,250 - INFO - Step   96200 | Epoch  97 | MSE: 0.3142 | Steps/sec: 1.59 | LR: 1.10e-04 | Render_L1: 0.0229 | Alpha_L1: 0.0267 | Render_LPIPS: 0.1674 | cos(c,null): +0.3351 | GradNorm: 0.0630 | MSE/t: [0.00-0.50]0.499(n=6333) [0.50-0.85]0.143(n=5947) [0.85-0.95]0.026(n=493) [0.95-1.00]0.016(n=27)
2026-05-02 14:41:11,353 - INFO - [render-loss] step=96200 kept 29/64 samples (t_value >= 0.50)
2026-05-02 14:43:06,959 - INFO - Step   96400 | Epoch  97 | MSE: 0.3189 | Steps/sec: 1.73 | LR: 1.09e-04 | Render_L1: 0.0226 | Alpha_L1: 0.0264 | Render_LPIPS: 0.1670 | cos(c,null): +0.3362 | GradNorm: 0.0627 | MSE/t: [0.00-0.50]0.506(n=6371) [0.50-0.85]0.143(n=5876) [0.85-0.95]0.026(n=534) [0.95-1.00]0.019(n=19)
2026-05-02 14:43:07,061 - INFO - [render-loss] step=96400 kept 30/64 samples (t_value >= 0.50)
2026-05-02 14:45:02,261 - INFO - Step   96600 | Epoch  97 | MSE: 0.3155 | Steps/sec: 1.73 | LR: 1.09e-04 | Render_L1: 0.0224 | Alpha_L1: 0.0264 | Render_LPIPS: 0.1658 | cos(c,null): +0.3372 | GradNorm: 0.0634 | MSE/t: [0.00-0.50]0.499(n=6371) [0.50-0.85]0.143(n=5907) [0.85-0.95]0.026(n=498) [0.95-1.00]0.016(n=24)
2026-05-02 14:45:02,363 - INFO - [render-loss] step=96600 kept 29/64 samples (t_value >= 0.50)
2026-05-02 14:46:57,810 - INFO - Step   96800 | Epoch  97 | MSE: 0.3156 | Steps/sec: 1.73 | LR: 1.09e-04 | Render_L1: 0.0227 | Alpha_L1: 0.0265 | Render_LPIPS: 0.1671 | cos(c,null): +0.3381 | GradNorm: 0.0619 | MSE/t: [0.00-0.50]0.501(n=6324) [0.50-0.85]0.144(n=5946) [0.85-0.95]0.025(n=504) [0.95-1.00]0.016(n=26)
2026-05-02 14:46:57,912 - INFO - [render-loss] step=96800 kept 34/64 samples (t_value >= 0.50)
2026-05-02 14:48:52,727 - INFO - Step   97000 | Epoch  97 | MSE: 0.3187 | Steps/sec: 1.74 | LR: 1.08e-04 | Render_L1: 0.0222 | Alpha_L1: 0.0262 | Render_LPIPS: 0.1659 | cos(c,null): +0.3378 | GradNorm: 0.0628 | MSE/t: [0.00-0.50]0.503(n=6432) [0.50-0.85]0.142(n=5853) [0.85-0.95]0.026(n=496) [0.95-1.00]0.014(n=19)
2026-05-02 14:48:52,942 - INFO - [cond] cfg_signal=0.0436 (min=0.0266 max=0.0628, n=16) | class_signal=0.0508 (min=0.0202 max=0.0713, n=16) | pred_rms=0.9155
2026-05-02 14:49:01,425 - INFO - [validation] saved: output/jit_B8_postfix_20260501_234201/dit_validation/epoch_097_step_0097000_class069.png (class=69, sampler=heun, steps=100)
2026-05-02 14:49:02,670 - INFO - [overrides] applied from jit/configs/overrides.yaml: lr_scale=1.0 max_grad_norm=5.0 null_repel_weight=0.0 P_mean=0.0
2026-05-02 14:49:02,767 - INFO - [render-loss] step=97000 kept 36/64 samples (t_value >= 0.50)
2026-05-02 14:50:57,926 - INFO - Step   97200 | Epoch  98 | MSE: 0.3181 | Steps/sec: 1.60 | LR: 1.08e-04 | Render_L1: 0.0224 | Alpha_L1: 0.0264 | Render_LPIPS: 0.1655 | cos(c,null): +0.3363 | GradNorm: 0.0635 | MSE/t: [0.00-0.50]0.502(n=6422) [0.50-0.85]0.143(n=5830) [0.85-0.95]0.026(n=532) [0.95-1.00]0.015(n=16)
2026-05-02 14:50:58,028 - INFO - [render-loss] step=97200 kept 32/64 samples (t_value >= 0.50)
2026-05-02 14:52:53,184 - INFO - Step   97400 | Epoch  98 | MSE: 0.3191 | Steps/sec: 1.74 | LR: 1.08e-04 | Render_L1: 0.0224 | Alpha_L1: 0.0266 | Render_LPIPS: 0.1664 | cos(c,null): +0.3370 | GradNorm: 0.0626 | MSE/t: [0.00-0.50]0.505(n=6383) [0.50-0.85]0.144(n=5880) [0.85-0.95]0.027(n=511) [0.95-1.00]0.015(n=26)
2026-05-02 14:52:53,286 - INFO - [render-loss] step=97400 kept 33/64 samples (t_value >= 0.50)
2026-05-02 14:54:48,430 - INFO - Step   97600 | Epoch  98 | MSE: 0.3162 | Steps/sec: 1.74 | LR: 1.07e-04 | Render_L1: 0.0222 | Alpha_L1: 0.0258 | Render_LPIPS: 0.1643 | cos(c,null): +0.3369 | GradNorm: 0.0621 | MSE/t: [0.00-0.50]0.500(n=6402) [0.50-0.85]0.143(n=5846) [0.85-0.95]0.026(n=535) [0.95-1.00]0.017(n=17)
2026-05-02 14:54:48,533 - INFO - [render-loss] step=97600 kept 34/64 samples (t_value >= 0.50)
2026-05-02 14:56:43,851 - INFO - Step   97800 | Epoch  98 | MSE: 0.3173 | Steps/sec: 1.73 | LR: 1.07e-04 | Render_L1: 0.0226 | Alpha_L1: 0.0263 | Render_LPIPS: 0.1662 | cos(c,null): +0.3378 | GradNorm: 0.0618 | MSE/t: [0.00-0.50]0.501(n=6387) [0.50-0.85]0.144(n=5891) [0.85-0.95]0.026(n=509) [0.95-1.00]0.016(n=13)
2026-05-02 14:56:43,954 - INFO - [render-loss] step=97800 kept 27/64 samples (t_value >= 0.50)
2026-05-02 14:58:39,342 - INFO - Step   98000 | Epoch  98 | MSE: 0.3159 | Steps/sec: 1.73 | LR: 1.07e-04 | Render_L1: 0.0225 | Alpha_L1: 0.0268 | Render_LPIPS: 0.1662 | cos(c,null): +0.3386 | GradNorm: 0.0635 | MSE/t: [0.00-0.50]0.504(n=6331) [0.50-0.85]0.143(n=5883) [0.85-0.95]0.028(n=562) [0.95-1.00]0.018(n=24)
2026-05-02 14:58:39,556 - INFO - [cond] cfg_signal=0.0433 (min=0.0241 max=0.0618, n=16) | class_signal=0.0514 (min=0.0224 max=0.0747, n=16) | pred_rms=0.9052
2026-05-02 14:58:47,925 - INFO - [validation] saved: output/jit_B8_postfix_20260501_234201/dit_validation/epoch_098_step_0098000_class001.png (class=1, sampler=heun, steps=100)
2026-05-02 14:58:49,147 - INFO - [overrides] applied from jit/configs/overrides.yaml: lr_scale=1.0 max_grad_norm=5.0 null_repel_weight=0.0 P_mean=0.0
2026-05-02 14:58:49,244 - INFO - [render-loss] step=98000 kept 27/64 samples (t_value >= 0.50)
2026-05-02 15:00:44,804 - INFO - Step   98200 | Epoch  99 | MSE: 0.3188 | Steps/sec: 1.60 | LR: 1.07e-04 | Render_L1: 0.0228 | Alpha_L1: 0.0268 | Render_LPIPS: 0.1681 | cos(c,null): +0.3378 | GradNorm: 0.0624 | MSE/t: [0.00-0.50]0.505(n=6373) [0.50-0.85]0.144(n=5874) [0.85-0.95]0.026(n=531) [0.95-1.00]0.018(n=22)
2026-05-02 15:00:44,906 - INFO - [render-loss] step=98200 kept 33/64 samples (t_value >= 0.50)
2026-05-02 15:02:41,229 - INFO - Step   98400 | Epoch  99 | MSE: 0.3129 | Steps/sec: 1.72 | LR: 1.06e-04 | Render_L1: 0.0225 | Alpha_L1: 0.0266 | Render_LPIPS: 0.1660 | cos(c,null): +0.3372 | GradNorm: 0.0631 | MSE/t: [0.00-0.50]0.499(n=6311) [0.50-0.85]0.142(n=5956) [0.85-0.95]0.026(n=518) [0.95-1.00]0.017(n=15)
2026-05-02 15:02:41,330 - INFO - [render-loss] step=98400 kept 29/64 samples (t_value >= 0.50)
2026-05-02 15:04:37,330 - INFO - Step   98600 | Epoch  99 | MSE: 0.3168 | Steps/sec: 1.72 | LR: 1.06e-04 | Render_L1: 0.0225 | Alpha_L1: 0.0260 | Render_LPIPS: 0.1665 | cos(c,null): +0.3369 | GradNorm: 0.0626 | MSE/t: [0.00-0.50]0.503(n=6350) [0.50-0.85]0.143(n=5934) [0.85-0.95]0.027(n=492) [0.95-1.00]0.014(n=24)
2026-05-02 15:04:37,431 - INFO - [render-loss] step=98600 kept 28/64 samples (t_value >= 0.50)
2026-05-02 15:06:32,929 - INFO - Step   98800 | Epoch  99 | MSE: 0.3158 | Steps/sec: 1.73 | LR: 1.06e-04 | Render_L1: 0.0225 | Alpha_L1: 0.0261 | Render_LPIPS: 0.1654 | cos(c,null): +0.3374 | GradNorm: 0.0618 | MSE/t: [0.00-0.50]0.502(n=6337) [0.50-0.85]0.143(n=5915) [0.85-0.95]0.026(n=529) [0.95-1.00]0.014(n=19)
2026-05-02 15:06:33,031 - INFO - [render-loss] step=98800 kept 42/64 samples (t_value >= 0.50)
2026-05-02 15:08:27,981 - INFO - Step   99000 | Epoch  99 | MSE: 0.3157 | Steps/sec: 1.74 | LR: 1.05e-04 | Render_L1: 0.0224 | Alpha_L1: 0.0260 | Render_LPIPS: 0.1655 | cos(c,null): +0.3373 | GradNorm: 0.0602 | MSE/t: [0.00-0.50]0.499(n=6399) [0.50-0.85]0.142(n=5868) [0.85-0.95]0.026(n=515) [0.95-1.00]0.014(n=18)
2026-05-02 15:08:28,196 - INFO - [cond] cfg_signal=0.0465 (min=0.0269 max=0.0682, n=16) | class_signal=0.0528 (min=0.0219 max=0.0783, n=16) | pred_rms=0.9114
2026-05-02 15:08:36,561 - INFO - [validation] saved: output/jit_B8_postfix_20260501_234201/dit_validation/epoch_099_step_0099000_class058.png (class=58, sampler=heun, steps=100)
2026-05-02 15:08:37,940 - INFO - [overrides] applied from jit/configs/overrides.yaml: lr_scale=1.0 max_grad_norm=5.0 null_repel_weight=0.0 P_mean=0.0
2026-05-02 15:08:38,040 - INFO - [render-loss] step=99000 kept 35/64 samples (t_value >= 0.50)
2026-05-02 15:10:33,687 - INFO - Step   99200 | Epoch 100 | MSE: 0.3143 | Steps/sec: 1.59 | LR: 1.05e-04 | Render_L1: 0.0224 | Alpha_L1: 0.0259 | Render_LPIPS: 0.1655 | cos(c,null): +0.3382 | GradNorm: 0.0614 | MSE/t: [0.00-0.50]0.504(n=6266) [0.50-0.85]0.142(n=5969) [0.85-0.95]0.026(n=541) [0.95-1.00]0.014(n=24)
2026-05-02 15:10:33,789 - INFO - [render-loss] step=99200 kept 32/64 samples (t_value >= 0.50)
2026-05-02 15:12:28,677 - INFO - Step   99400 | Epoch 100 | MSE: 0.3204 | Steps/sec: 1.74 | LR: 1.05e-04 | Render_L1: 0.0225 | Alpha_L1: 0.0258 | Render_LPIPS: 0.1654 | cos(c,null): +0.3384 | GradNorm: 0.0620 | MSE/t: [0.00-0.50]0.503(n=6481) [0.50-0.85]0.142(n=5821) [0.85-0.95]0.026(n=473) [0.95-1.00]0.015(n=25)
2026-05-02 15:12:28,779 - INFO - [render-loss] step=99400 kept 26/64 samples (t_value >= 0.50)
2026-05-02 15:14:23,846 - INFO - Step   99600 | Epoch 100 | MSE: 0.3204 | Steps/sec: 1.74 | LR: 1.04e-04 | Render_L1: 0.0225 | Alpha_L1: 0.0265 | Render_LPIPS: 0.1660 | cos(c,null): +0.3385 | GradNorm: 0.0650 | MSE/t: [0.00-0.50]0.502(n=6505) [0.50-0.85]0.142(n=5775) [0.85-0.95]0.027(n=503) [0.95-1.00]0.015(n=17)
2026-05-02 15:14:23,948 - INFO - [render-loss] step=99600 kept 28/64 samples (t_value >= 0.50)
2026-05-02 15:16:19,087 - INFO - Step   99800 | Epoch 100 | MSE: 0.3208 | Steps/sec: 1.74 | LR: 1.04e-04 | Render_L1: 0.0226 | Alpha_L1: 0.0263 | Render_LPIPS: 0.1663 | cos(c,null): +0.3378 | GradNorm: 0.0623 | MSE/t: [0.00-0.50]0.504(n=6498) [0.50-0.85]0.142(n=5750) [0.85-0.95]0.026(n=530) [0.95-1.00]0.020(n=22)
2026-05-02 15:16:19,188 - INFO - [render-loss] step=99800 kept 34/64 samples (t_value >= 0.50)
2026-05-02 15:18:14,471 - INFO - Step  100000 | Epoch 101 | MSE: 0.3154 | Steps/sec: 1.73 | LR: 1.04e-04 | Render_L1: 0.0223 | Alpha_L1: 0.0262 | Render_LPIPS: 0.1653 | cos(c,null): +0.3399 | GradNorm: 0.0625 | MSE/t: [0.00-0.50]0.501(n=6336) [0.50-0.85]0.143(n=5913) [0.85-0.95]0.026(n=531) [0.95-1.00]0.014(n=20)
2026-05-02 15:18:14,685 - INFO - [cond] cfg_signal=0.0441 (min=0.0264 max=0.0639, n=16) | class_signal=0.0504 (min=0.0216 max=0.0719, n=16) | pred_rms=0.9170
2026-05-02 15:18:16,429 - INFO - Saved checkpoint to output/jit_B8_postfix_20260501_234201/0100000.pt
2026-05-02 15:18:16,639 - INFO - [cond] cfg_signal=0.0441 (min=0.0264 max=0.0639, n=16) | class_signal=0.0504 (min=0.0216 max=0.0719, n=16) | pred_rms=0.9170
2026-05-02 15:18:25,003 - INFO - [validation] saved: output/jit_B8_postfix_20260501_234201/dit_validation/epoch_101_step_0100000_class027.png (class=27, sampler=heun, steps=100)
2026-05-02 15:18:26,226 - INFO - [overrides] applied from jit/configs/overrides.yaml: lr_scale=1.0 max_grad_norm=5.0 null_repel_weight=0.0 P_mean=0.0
2026-05-02 15:18:26,323 - INFO - [render-loss] step=100000 kept 30/64 samples (t_value >= 0.50)
2026-05-02 15:20:21,170 - INFO - Step  100200 | Epoch 101 | MSE: 0.3193 | Steps/sec: 1.58 | LR: 1.04e-04 | Render_L1: 0.0226 | Alpha_L1: 0.0263 | Render_LPIPS: 0.1660 | cos(c,null): +0.3402 | GradNorm: 0.0620 | MSE/t: [0.00-0.50]0.502(n=6432) [0.50-0.85]0.144(n=5837) [0.85-0.95]0.025(n=510) [0.95-1.00]0.017(n=21)
2026-05-02 15:20:21,271 - INFO - [render-loss] step=100200 kept 33/64 samples (t_value >= 0.50)
2026-05-02 15:22:16,502 - INFO - Step  100400 | Epoch 101 | MSE: 0.3238 | Steps/sec: 1.73 | LR: 1.03e-04 | Render_L1: 0.0229 | Alpha_L1: 0.0269 | Render_LPIPS: 0.1682 | cos(c,null): +0.3395 | GradNorm: 0.0621 | MSE/t: [0.00-0.50]0.506(n=6528) [0.50-0.85]0.144(n=5774) [0.85-0.95]0.026(n=478) [0.95-1.00]0.013(n=20)
2026-05-02 15:22:16,604 - INFO - [render-loss] step=100400 kept 32/64 samples (t_value >= 0.50)
2026-05-02 15:24:11,815 - INFO - Step  100600 | Epoch 101 | MSE: 0.3187 | Steps/sec: 1.73 | LR: 1.03e-04 | Render_L1: 0.0225 | Alpha_L1: 0.0264 | Render_LPIPS: 0.1657 | cos(c,null): +0.3398 | GradNorm: 0.0600 | MSE/t: [0.00-0.50]0.503(n=6436) [0.50-0.85]0.142(n=5851) [0.85-0.95]0.026(n=494) [0.95-1.00]0.017(n=19)
2026-05-02 15:24:11,917 - INFO - [render-loss] step=100600 kept 33/64 samples (t_value >= 0.50)
2026-05-02 15:26:06,887 - INFO - Step  100800 | Epoch 101 | MSE: 0.3185 | Steps/sec: 1.74 | LR: 1.03e-04 | Render_L1: 0.0225 | Alpha_L1: 0.0263 | Render_LPIPS: 0.1653 | cos(c,null): +0.3405 | GradNorm: 0.0609 | MSE/t: [0.00-0.50]0.503(n=6427) [0.50-0.85]0.142(n=5870) [0.85-0.95]0.026(n=478) [0.95-1.00]0.017(n=25)
2026-05-02 15:26:06,989 - INFO - [render-loss] step=100800 kept 36/64 samples (t_value >= 0.50)
2026-05-02 15:28:03,757 - INFO - Step  101000 | Epoch 102 | MSE: 0.3141 | Steps/sec: 1.71 | LR: 1.02e-04 | Render_L1: 0.0224 | Alpha_L1: 0.0261 | Render_LPIPS: 0.1668 | cos(c,null): +0.3413 | GradNorm: 0.0606 | MSE/t: [0.00-0.50]0.501(n=6337) [0.50-0.85]0.141(n=5924) [0.85-0.95]0.026(n=519) [0.95-1.00]0.015(n=20)
2026-05-02 15:28:03,969 - INFO - [cond] cfg_signal=0.0447 (min=0.0270 max=0.0621, n=16) | class_signal=0.0507 (min=0.0223 max=0.0728, n=16) | pred_rms=0.9157
2026-05-02 15:28:12,224 - INFO - [validation] saved: output/jit_B8_postfix_20260501_234201/dit_validation/epoch_102_step_0101000_class026.png (class=26, sampler=heun, steps=100)
2026-05-02 15:28:13,459 - INFO - [overrides] applied from jit/configs/overrides.yaml: lr_scale=1.0 max_grad_norm=5.0 null_repel_weight=0.0 P_mean=0.0
2026-05-02 15:28:13,558 - INFO - [render-loss] step=101000 kept 32/64 samples (t_value >= 0.50)
2026-05-02 15:30:08,676 - INFO - Step  101200 | Epoch 102 | MSE: 0.3185 | Steps/sec: 1.60 | LR: 1.02e-04 | Render_L1: 0.0222 | Alpha_L1: 0.0258 | Render_LPIPS: 0.1649 | cos(c,null): +0.3420 | GradNorm: 0.0622 | MSE/t: [0.00-0.50]0.504(n=6415) [0.50-0.85]0.142(n=5851) [0.85-0.95]0.025(n=502) [0.95-1.00]0.018(n=32)
2026-05-02 15:30:08,779 - INFO - [render-loss] step=101200 kept 31/64 samples (t_value >= 0.50)
2026-05-02 15:32:03,797 - INFO - Step  101400 | Epoch 102 | MSE: 0.3191 | Steps/sec: 1.74 | LR: 1.02e-04 | Render_L1: 0.0225 | Alpha_L1: 0.0264 | Render_LPIPS: 0.1660 | cos(c,null): +0.3408 | GradNorm: 0.0626 | MSE/t: [0.00-0.50]0.505(n=6408) [0.50-0.85]0.143(n=5832) [0.85-0.95]0.026(n=540) [0.95-1.00]0.015(n=20)
2026-05-02 15:32:03,899 - INFO - [render-loss] step=101400 kept 35/64 samples (t_value >= 0.50)
2026-05-02 15:33:59,103 - INFO - Step  101600 | Epoch 102 | MSE: 0.3173 | Steps/sec: 1.73 | LR: 1.01e-04 | Render_L1: 0.0224 | Alpha_L1: 0.0264 | Render_LPIPS: 0.1660 | cos(c,null): +0.3415 | GradNorm: 0.0614 | MSE/t: [0.00-0.50]0.503(n=6372) [0.50-0.85]0.143(n=5871) [0.85-0.95]0.027(n=539) [0.95-1.00]0.016(n=18)
2026-05-02 15:33:59,204 - INFO - [render-loss] step=101600 kept 32/64 samples (t_value >= 0.50)
2026-05-02 15:35:54,789 - INFO - Step  101800 | Epoch 102 | MSE: 0.3155 | Steps/sec: 1.73 | LR: 1.01e-04 | Render_L1: 0.0226 | Alpha_L1: 0.0267 | Render_LPIPS: 0.1665 | cos(c,null): +0.3416 | GradNorm: 0.0612 | MSE/t: [0.00-0.50]0.501(n=6328) [0.50-0.85]0.144(n=5931) [0.85-0.95]0.026(n=522) [0.95-1.00]0.013(n=19)
2026-05-02 15:35:54,891 - INFO - [render-loss] step=101800 kept 27/64 samples (t_value >= 0.50)
2026-05-02 15:37:50,191 - INFO - Step  102000 | Epoch 103 | MSE: 0.3170 | Steps/sec: 1.73 | LR: 1.01e-04 | Render_L1: 0.0225 | Alpha_L1: 0.0260 | Render_LPIPS: 0.1655 | cos(c,null): +0.3397 | GradNorm: 0.0615 | MSE/t: [0.00-0.50]0.504(n=6368) [0.50-0.85]0.141(n=5907) [0.85-0.95]0.026(n=502) [0.95-1.00]0.018(n=23)
2026-05-02 15:37:50,404 - INFO - [cond] cfg_signal=0.0442 (min=0.0272 max=0.0624, n=16) | class_signal=0.0506 (min=0.0212 max=0.0723, n=16) | pred_rms=0.9188
2026-05-02 15:37:59,066 - INFO - [validation] saved: output/jit_B8_postfix_20260501_234201/dit_validation/epoch_103_step_0102000_class061.png (class=61, sampler=heun, steps=100)
2026-05-02 15:38:00,296 - INFO - [overrides] applied from jit/configs/overrides.yaml: lr_scale=1.0 max_grad_norm=5.0 null_repel_weight=0.0 P_mean=0.0
2026-05-02 15:38:00,394 - INFO - [render-loss] step=102000 kept 31/64 samples (t_value >= 0.50)
2026-05-02 15:39:55,914 - INFO - Step  102200 | Epoch 103 | MSE: 0.3166 | Steps/sec: 1.59 | LR: 1.01e-04 | Render_L1: 0.0222 | Alpha_L1: 0.0259 | Render_LPIPS: 0.1649 | cos(c,null): +0.3400 | GradNorm: 0.0622 | MSE/t: [0.00-0.50]0.505(n=6330) [0.50-0.85]0.142(n=5918) [0.85-0.95]0.027(n=529) [0.95-1.00]0.015(n=23)
2026-05-02 15:39:56,016 - INFO - [render-loss] step=102200 kept 40/64 samples (t_value >= 0.50)
2026-05-02 15:41:51,194 - INFO - Step  102400 | Epoch 103 | MSE: 0.3168 | Steps/sec: 1.73 | LR: 1.00e-04 | Render_L1: 0.0223 | Alpha_L1: 0.0260 | Render_LPIPS: 0.1655 | cos(c,null): +0.3394 | GradNorm: 0.0616 | MSE/t: [0.00-0.50]0.504(n=6372) [0.50-0.85]0.141(n=5887) [0.85-0.95]0.026(n=505) [0.95-1.00]0.015(n=36)
2026-05-02 15:41:51,295 - INFO - [render-loss] step=102400 kept 39/64 samples (t_value >= 0.50)
2026-05-02 15:43:46,465 - INFO - Step  102600 | Epoch 103 | MSE: 0.3163 | Steps/sec: 1.74 | LR: 9.99e-05 | Render_L1: 0.0223 | Alpha_L1: 0.0259 | Render_LPIPS: 0.1639 | cos(c,null): +0.3402 | GradNorm: 0.0631 | MSE/t: [0.00-0.50]0.503(n=6340) [0.50-0.85]0.142(n=5944) [0.85-0.95]0.026(n=495) [0.95-1.00]0.014(n=21)
2026-05-02 15:43:46,565 - INFO - [render-loss] step=102600 kept 31/64 samples (t_value >= 0.50)
2026-05-02 15:45:41,567 - INFO - Step  102800 | Epoch 103 | MSE: 0.3183 | Steps/sec: 1.74 | LR: 9.96e-05 | Render_L1: 0.0224 | Alpha_L1: 0.0261 | Render_LPIPS: 0.1646 | cos(c,null): +0.3403 | GradNorm: 0.0629 | MSE/t: [0.00-0.50]0.503(n=6441) [0.50-0.85]0.141(n=5815) [0.85-0.95]0.026(n=529) [0.95-1.00]0.015(n=15)
2026-05-02 15:45:41,670 - INFO - [render-loss] step=102800 kept 36/64 samples (t_value >= 0.50)
2026-05-02 15:47:37,046 - INFO - Step  103000 | Epoch 104 | MSE: 0.3174 | Steps/sec: 1.73 | LR: 9.93e-05 | Render_L1: 0.0224 | Alpha_L1: 0.0262 | Render_LPIPS: 0.1640 | cos(c,null): +0.3396 | GradNorm: 0.0609 | MSE/t: [0.00-0.50]0.504(n=6366) [0.50-0.85]0.142(n=5917) [0.85-0.95]0.026(n=496) [0.95-1.00]0.016(n=21)
2026-05-02 15:47:37,257 - INFO - [cond] cfg_signal=0.0433 (min=0.0261 max=0.0621, n=16) | class_signal=0.0500 (min=0.0217 max=0.0737, n=16) | pred_rms=0.9195
2026-05-02 15:47:45,603 - INFO - [validation] saved: output/jit_B8_postfix_20260501_234201/dit_validation/epoch_104_step_0103000_class022.png (class=22, sampler=heun, steps=100)
2026-05-02 15:47:47,218 - INFO - [overrides] applied from jit/configs/overrides.yaml: lr_scale=1.0 max_grad_norm=5.0 null_repel_weight=0.0 P_mean=0.0
2026-05-02 15:47:47,314 - INFO - [render-loss] step=103000 kept 29/64 samples (t_value >= 0.50)
2026-05-02 15:49:42,525 - INFO - Step  103200 | Epoch 104 | MSE: 0.3181 | Steps/sec: 1.60 | LR: 9.90e-05 | Render_L1: 0.0225 | Alpha_L1: 0.0263 | Render_LPIPS: 0.1655 | cos(c,null): +0.3399 | GradNorm: 0.0609 | MSE/t: [0.00-0.50]0.500(n=6459) [0.50-0.85]0.143(n=5779) [0.85-0.95]0.026(n=537) [0.95-1.00]0.016(n=25)
2026-05-02 15:49:42,627 - INFO - [render-loss] step=103200 kept 33/64 samples (t_value >= 0.50)
2026-05-02 15:51:37,585 - INFO - Step  103400 | Epoch 104 | MSE: 0.3188 | Steps/sec: 1.74 | LR: 9.87e-05 | Render_L1: 0.0226 | Alpha_L1: 0.0262 | Render_LPIPS: 0.1664 | cos(c,null): +0.3401 | GradNorm: 0.0614 | MSE/t: [0.00-0.50]0.505(n=6418) [0.50-0.85]0.141(n=5849) [0.85-0.95]0.026(n=512) [0.95-1.00]0.016(n=21)
2026-05-02 15:51:37,687 - INFO - [render-loss] step=103400 kept 30/64 samples (t_value >= 0.50)
2026-05-02 15:53:33,909 - INFO - Step  103600 | Epoch 104 | MSE: 0.3149 | Steps/sec: 1.72 | LR: 9.84e-05 | Render_L1: 0.0225 | Alpha_L1: 0.0262 | Render_LPIPS: 0.1646 | cos(c,null): +0.3404 | GradNorm: 0.0613 | MSE/t: [0.00-0.50]0.502(n=6299) [0.50-0.85]0.143(n=5976) [0.85-0.95]0.025(n=506) [0.95-1.00]0.017(n=19)
2026-05-02 15:53:34,011 - INFO - [render-loss] step=103600 kept 32/64 samples (t_value >= 0.50)
2026-05-02 15:55:29,241 - INFO - Step  103800 | Epoch 104 | MSE: 0.3164 | Steps/sec: 1.73 | LR: 9.81e-05 | Render_L1: 0.0226 | Alpha_L1: 0.0264 | Render_LPIPS: 0.1662 | cos(c,null): +0.3416 | GradNorm: 0.0633 | MSE/t: [0.00-0.50]0.503(n=6361) [0.50-0.85]0.142(n=5878) [0.85-0.95]0.026(n=533) [0.95-1.00]0.014(n=28)
2026-05-02 15:55:29,341 - INFO - [render-loss] step=103800 kept 29/64 samples (t_value >= 0.50)
2026-05-02 15:57:25,203 - INFO - Step  104000 | Epoch 105 | MSE: 0.3172 | Steps/sec: 1.72 | LR: 9.78e-05 | Render_L1: 0.0223 | Alpha_L1: 0.0259 | Render_LPIPS: 0.1645 | cos(c,null): +0.3417 | GradNorm: 0.0631 | MSE/t: [0.00-0.50]0.500(n=6411) [0.50-0.85]0.143(n=5878) [0.85-0.95]0.026(n=478) [0.95-1.00]0.014(n=33)
2026-05-02 15:57:25,410 - INFO - [cond] cfg_signal=0.0447 (min=0.0270 max=0.0633, n=16) | class_signal=0.0512 (min=0.0216 max=0.0737, n=16) | pred_rms=0.9215
2026-05-02 15:57:33,988 - INFO - [validation] saved: output/jit_B8_postfix_20260501_234201/dit_validation/epoch_105_step_0104000_class099.png (class=99, sampler=heun, steps=100)
2026-05-02 15:57:35,175 - INFO - [overrides] applied from jit/configs/overrides.yaml: lr_scale=1.0 max_grad_norm=5.0 null_repel_weight=0.0 P_mean=0.0
2026-05-02 15:57:35,273 - INFO - [render-loss] step=104000 kept 34/64 samples (t_value >= 0.50)
2026-05-02 15:59:30,241 - INFO - Step  104200 | Epoch 105 | MSE: 0.3180 | Steps/sec: 1.60 | LR: 9.75e-05 | Render_L1: 0.0223 | Alpha_L1: 0.0261 | Render_LPIPS: 0.1642 | cos(c,null): +0.3414 | GradNorm: 0.0626 | MSE/t: [0.00-0.50]0.505(n=6402) [0.50-0.85]0.141(n=5842) [0.85-0.95]0.026(n=545) [0.95-1.00]0.014(n=11)
2026-05-02 15:59:30,343 - INFO - [render-loss] step=104200 kept 40/64 samples (t_value >= 0.50)
2026-05-02 16:01:25,768 - INFO - Step  104400 | Epoch 105 | MSE: 0.3181 | Steps/sec: 1.73 | LR: 9.72e-05 | Render_L1: 0.0228 | Alpha_L1: 0.0268 | Render_LPIPS: 0.1671 | cos(c,null): +0.3410 | GradNorm: 0.0612 | MSE/t: [0.00-0.50]0.504(n=6392) [0.50-0.85]0.142(n=5869) [0.85-0.95]0.027(n=524) [0.95-1.00]0.014(n=15)
2026-05-02 16:01:25,870 - INFO - [render-loss] step=104400 kept 28/64 samples (t_value >= 0.50)
2026-05-02 16:03:20,825 - INFO - Step  104600 | Epoch 105 | MSE: 0.3180 | Steps/sec: 1.74 | LR: 9.69e-05 | Render_L1: 0.0227 | Alpha_L1: 0.0263 | Render_LPIPS: 0.1654 | cos(c,null): +0.3418 | GradNorm: 0.0608 | MSE/t: [0.00-0.50]0.503(n=6415) [0.50-0.85]0.142(n=5861) [0.85-0.95]0.026(n=503) [0.95-1.00]0.016(n=21)
2026-05-02 16:03:20,927 - INFO - [render-loss] step=104600 kept 29/64 samples (t_value >= 0.50)
2026-05-02 16:05:16,005 - INFO - Step  104800 | Epoch 105 | MSE: 0.3163 | Steps/sec: 1.74 | LR: 9.66e-05 | Render_L1: 0.0224 | Alpha_L1: 0.0261 | Render_LPIPS: 0.1647 | cos(c,null): +0.3409 | GradNorm: 0.0610 | MSE/t: [0.00-0.50]0.501(n=6359) [0.50-0.85]0.143(n=5911) [0.85-0.95]0.027(n=508) [0.95-1.00]0.015(n=22)
2026-05-02 16:05:16,108 - INFO - [render-loss] step=104800 kept 29/64 samples (t_value >= 0.50)
2026-05-02 16:07:11,610 - INFO - Step  105000 | Epoch 106 | MSE: 0.3178 | Steps/sec: 1.73 | LR: 9.63e-05 | Render_L1: 0.0225 | Alpha_L1: 0.0261 | Render_LPIPS: 0.1655 | cos(c,null): +0.3407 | GradNorm: 0.0606 | MSE/t: [0.00-0.50]0.503(n=6400) [0.50-0.85]0.143(n=5854) [0.85-0.95]0.026(n=516) [0.95-1.00]0.016(n=30)
2026-05-02 16:07:11,825 - INFO - [cond] cfg_signal=0.0454 (min=0.0255 max=0.0633, n=16) | class_signal=0.0528 (min=0.0196 max=0.0762, n=16) | pred_rms=0.9315
2026-05-02 16:07:20,148 - INFO - [validation] saved: output/jit_B8_postfix_20260501_234201/dit_validation/epoch_106_step_0105000_class052.png (class=52, sampler=heun, steps=100)
2026-05-02 16:07:21,323 - INFO - [overrides] applied from jit/configs/overrides.yaml: lr_scale=1.0 max_grad_norm=5.0 null_repel_weight=0.0 P_mean=0.0
2026-05-02 16:07:21,421 - INFO - [render-loss] step=105000 kept 35/64 samples (t_value >= 0.50)
2026-05-02 16:09:16,880 - INFO - Step  105200 | Epoch 106 | MSE: 0.3161 | Steps/sec: 1.60 | LR: 9.60e-05 | Render_L1: 0.0221 | Alpha_L1: 0.0258 | Render_LPIPS: 0.1633 | cos(c,null): +0.3410 | GradNorm: 0.0611 | MSE/t: [0.00-0.50]0.502(n=6344) [0.50-0.85]0.143(n=5912) [0.85-0.95]0.025(n=517) [0.95-1.00]0.015(n=27)
2026-05-02 16:09:16,982 - INFO - [render-loss] step=105200 kept 33/64 samples (t_value >= 0.50)
2026-05-02 16:11:12,433 - INFO - Step  105400 | Epoch 106 | MSE: 0.3188 | Steps/sec: 1.73 | LR: 9.57e-05 | Render_L1: 0.0225 | Alpha_L1: 0.0263 | Render_LPIPS: 0.1656 | cos(c,null): +0.3421 | GradNorm: 0.0626 | MSE/t: [0.00-0.50]0.502(n=6460) [0.50-0.85]0.142(n=5810) [0.85-0.95]0.026(n=517) [0.95-1.00]0.015(n=13)
2026-05-02 16:11:12,535 - INFO - [render-loss] step=105400 kept 38/64 samples (t_value >= 0.50)
2026-05-02 16:13:07,574 - INFO - Step  105600 | Epoch 106 | MSE: 0.3172 | Steps/sec: 1.74 | LR: 9.54e-05 | Render_L1: 0.0223 | Alpha_L1: 0.0264 | Render_LPIPS: 0.1633 | cos(c,null): +0.3413 | GradNorm: 0.0612 | MSE/t: [0.00-0.50]0.502(n=6374) [0.50-0.85]0.143(n=5912) [0.85-0.95]0.025(n=497) [0.95-1.00]0.016(n=17)
2026-05-02 16:13:07,676 - INFO - [render-loss] step=105600 kept 27/64 samples (t_value >= 0.50)
2026-05-02 16:15:03,049 - INFO - Step  105800 | Epoch 106 | MSE: 0.3151 | Steps/sec: 1.73 | LR: 9.51e-05 | Render_L1: 0.0227 | Alpha_L1: 0.0263 | Render_LPIPS: 0.1658 | cos(c,null): +0.3417 | GradNorm: 0.0601 | MSE/t: [0.00-0.50]0.501(n=6310) [0.50-0.85]0.145(n=5931) [0.85-0.95]0.027(n=535) [0.95-1.00]0.017(n=24)
2026-05-02 16:15:03,151 - INFO - [render-loss] step=105800 kept 28/64 samples (t_value >= 0.50)
2026-05-02 16:16:58,780 - INFO - Step  106000 | Epoch 107 | MSE: 0.3180 | Steps/sec: 1.73 | LR: 9.48e-05 | Render_L1: 0.0224 | Alpha_L1: 0.0259 | Render_LPIPS: 0.1645 | cos(c,null): +0.3422 | GradNorm: 0.0608 | MSE/t: [0.00-0.50]0.503(n=6379) [0.50-0.85]0.144(n=5881) [0.85-0.95]0.026(n=524) [0.95-1.00]0.015(n=16)
2026-05-02 16:16:58,993 - INFO - [cond] cfg_signal=0.0460 (min=0.0304 max=0.0675, n=16) | class_signal=0.0510 (min=0.0196 max=0.0701, n=16) | pred_rms=0.9312
2026-05-02 16:17:07,340 - INFO - [validation] saved: output/jit_B8_postfix_20260501_234201/dit_validation/epoch_107_step_0106000_class045.png (class=45, sampler=heun, steps=100)
2026-05-02 16:17:08,537 - INFO - [overrides] applied from jit/configs/overrides.yaml: lr_scale=1.0 max_grad_norm=5.0 null_repel_weight=0.0 P_mean=0.0
2026-05-02 16:17:08,634 - INFO - [render-loss] step=106000 kept 30/64 samples (t_value >= 0.50)
2026-05-02 16:19:04,918 - INFO - Step  106200 | Epoch 107 | MSE: 0.3170 | Steps/sec: 1.59 | LR: 9.45e-05 | Render_L1: 0.0223 | Alpha_L1: 0.0259 | Render_LPIPS: 0.1642 | cos(c,null): +0.3429 | GradNorm: 0.0596 | MSE/t: [0.00-0.50]0.501(n=6393) [0.50-0.85]0.143(n=5895) [0.85-0.95]0.026(n=492) [0.95-1.00]0.019(n=20)
2026-05-02 16:19:05,021 - INFO - [render-loss] step=106200 kept 34/64 samples (t_value >= 0.50)
2026-05-02 16:21:00,024 - INFO - Step  106400 | Epoch 107 | MSE: 0.3198 | Steps/sec: 1.74 | LR: 9.42e-05 | Render_L1: 0.0223 | Alpha_L1: 0.0259 | Render_LPIPS: 0.1640 | cos(c,null): +0.3434 | GradNorm: 0.0612 | MSE/t: [0.00-0.50]0.500(n=6508) [0.50-0.85]0.143(n=5767) [0.85-0.95]0.026(n=497) [0.95-1.00]0.015(n=28)
2026-05-02 16:21:00,126 - INFO - [render-loss] step=106400 kept 33/64 samples (t_value >= 0.50)
2026-05-02 16:22:55,376 - INFO - Step  106600 | Epoch 107 | MSE: 0.3183 | Steps/sec: 1.73 | LR: 9.39e-05 | Render_L1: 0.0218 | Alpha_L1: 0.0261 | Render_LPIPS: 0.1624 | cos(c,null): +0.3428 | GradNorm: 0.0633 | MSE/t: [0.00-0.50]0.503(n=6422) [0.50-0.85]0.143(n=5829) [0.85-0.95]0.025(n=531) [0.95-1.00]0.020(n=18)
2026-05-02 16:22:55,478 - INFO - [render-loss] step=106600 kept 35/64 samples (t_value >= 0.50)
2026-05-02 16:24:51,052 - INFO - Step  106800 | Epoch 107 | MSE: 0.3190 | Steps/sec: 1.73 | LR: 9.36e-05 | Render_L1: 0.0223 | Alpha_L1: 0.0261 | Render_LPIPS: 0.1639 | cos(c,null): +0.3431 | GradNorm: 0.0606 | MSE/t: [0.00-0.50]0.507(n=6359) [0.50-0.85]0.144(n=5889) [0.85-0.95]0.027(n=529) [0.95-1.00]0.016(n=23)
2026-05-02 16:24:51,155 - INFO - [render-loss] step=106800 kept 36/64 samples (t_value >= 0.50)
2026-05-02 16:26:46,455 - INFO - Step  107000 | Epoch 108 | MSE: 0.3194 | Steps/sec: 1.73 | LR: 9.33e-05 | Render_L1: 0.0223 | Alpha_L1: 0.0259 | Render_LPIPS: 0.1639 | cos(c,null): +0.3434 | GradNorm: 0.0601 | MSE/t: [0.00-0.50]0.504(n=6434) [0.50-0.85]0.141(n=5903) [0.85-0.95]0.026(n=445) [0.95-1.00]0.015(n=18)
2026-05-02 16:26:46,668 - INFO - [cond] cfg_signal=0.0451 (min=0.0271 max=0.0656, n=16) | class_signal=0.0511 (min=0.0235 max=0.0764, n=16) | pred_rms=0.9246
2026-05-02 16:26:55,184 - INFO - [validation] saved: output/jit_B8_postfix_20260501_234201/dit_validation/epoch_108_step_0107000_class020.png (class=20, sampler=heun, steps=100)
2026-05-02 16:26:56,469 - INFO - [overrides] applied from jit/configs/overrides.yaml: lr_scale=1.0 max_grad_norm=5.0 null_repel_weight=0.0 P_mean=0.0
2026-05-02 16:26:56,566 - INFO - [render-loss] step=107000 kept 31/64 samples (t_value >= 0.50)
2026-05-02 16:28:51,955 - INFO - Step  107200 | Epoch 108 | MSE: 0.3162 | Steps/sec: 1.60 | LR: 9.30e-05 | Render_L1: 0.0218 | Alpha_L1: 0.0252 | Render_LPIPS: 0.1617 | cos(c,null): +0.3438 | GradNorm: 0.0605 | MSE/t: [0.00-0.50]0.503(n=6367) [0.50-0.85]0.141(n=5892) [0.85-0.95]0.025(n=514) [0.95-1.00]0.016(n=27)
2026-05-02 16:28:52,057 - INFO - [render-loss] step=107200 kept 33/64 samples (t_value >= 0.50)
2026-05-02 16:30:47,398 - INFO - Step  107400 | Epoch 108 | MSE: 0.3173 | Steps/sec: 1.73 | LR: 9.27e-05 | Render_L1: 0.0222 | Alpha_L1: 0.0259 | Render_LPIPS: 0.1640 | cos(c,null): +0.3440 | GradNorm: 0.0605 | MSE/t: [0.00-0.50]0.504(n=6360) [0.50-0.85]0.143(n=5876) [0.85-0.95]0.026(n=541) [0.95-1.00]0.016(n=23)
2026-05-02 16:30:47,500 - INFO - [render-loss] step=107400 kept 28/64 samples (t_value >= 0.50)
2026-05-02 16:32:43,381 - INFO - Step  107600 | Epoch 108 | MSE: 0.3156 | Steps/sec: 1.72 | LR: 9.24e-05 | Render_L1: 0.0224 | Alpha_L1: 0.0263 | Render_LPIPS: 0.1642 | cos(c,null): +0.3448 | GradNorm: 0.0629 | MSE/t: [0.00-0.50]0.503(n=6304) [0.50-0.85]0.144(n=5940) [0.85-0.95]0.026(n=537) [0.95-1.00]0.018(n=19)
2026-05-02 16:32:43,483 - INFO - [render-loss] step=107600 kept 28/64 samples (t_value >= 0.50)
2026-05-02 16:34:38,505 - INFO - Step  107800 | Epoch 108 | MSE: 0.3181 | Steps/sec: 1.74 | LR: 9.21e-05 | Render_L1: 0.0222 | Alpha_L1: 0.0261 | Render_LPIPS: 0.1633 | cos(c,null): +0.3450 | GradNorm: 0.0600 | MSE/t: [0.00-0.50]0.502(n=6429) [0.50-0.85]0.143(n=5838) [0.85-0.95]0.026(n=508) [0.95-1.00]0.017(n=25)
2026-05-02 16:34:38,608 - INFO - [render-loss] step=107800 kept 38/64 samples (t_value >= 0.50)
2026-05-02 16:36:33,802 - INFO - Step  108000 | Epoch 109 | MSE: 0.3210 | Steps/sec: 1.73 | LR: 9.18e-05 | Render_L1: 0.0225 | Alpha_L1: 0.0263 | Render_LPIPS: 0.1645 | cos(c,null): +0.3449 | GradNorm: 0.0602 | MSE/t: [0.00-0.50]0.500(n=6528) [0.50-0.85]0.144(n=5766) [0.85-0.95]0.026(n=493) [0.95-1.00]0.016(n=13)
2026-05-02 16:36:34,014 - INFO - [cond] cfg_signal=0.0429 (min=0.0249 max=0.0572, n=16) | class_signal=0.0505 (min=0.0205 max=0.0688, n=16) | pred_rms=0.9385
2026-05-02 16:36:42,380 - INFO - [validation] saved: output/jit_B8_postfix_20260501_234201/dit_validation/epoch_109_step_0108000_class040.png (class=40, sampler=heun, steps=100)
2026-05-02 16:36:43,554 - INFO - [overrides] applied from jit/configs/overrides.yaml: lr_scale=1.0 max_grad_norm=5.0 null_repel_weight=0.0 P_mean=0.0
2026-05-02 16:36:43,652 - INFO - [render-loss] step=108000 kept 29/64 samples (t_value >= 0.50)
2026-05-02 16:38:39,090 - INFO - Step  108200 | Epoch 109 | MSE: 0.3153 | Steps/sec: 1.60 | LR: 9.15e-05 | Render_L1: 0.0224 | Alpha_L1: 0.0259 | Render_LPIPS: 0.1643 | cos(c,null): +0.3452 | GradNorm: 0.0605 | MSE/t: [0.00-0.50]0.499(n=6361) [0.50-0.85]0.143(n=5934) [0.85-0.95]0.025(n=482) [0.95-1.00]0.013(n=23)
2026-05-02 16:38:39,192 - INFO - [render-loss] step=108200 kept 34/64 samples (t_value >= 0.50)
2026-05-02 16:40:34,229 - INFO - Step  108400 | Epoch 109 | MSE: 0.3198 | Steps/sec: 1.74 | LR: 9.12e-05 | Render_L1: 0.0221 | Alpha_L1: 0.0260 | Render_LPIPS: 0.1628 | cos(c,null): +0.3443 | GradNorm: 0.0617 | MSE/t: [0.00-0.50]0.507(n=6392) [0.50-0.85]0.143(n=5860) [0.85-0.95]0.027(n=523) [0.95-1.00]0.018(n=25)
2026-05-02 16:40:34,332 - INFO - [render-loss] step=108400 kept 37/64 samples (t_value >= 0.50)
2026-05-02 16:42:29,578 - INFO - Step  108600 | Epoch 109 | MSE: 0.3159 | Steps/sec: 1.73 | LR: 9.09e-05 | Render_L1: 0.0222 | Alpha_L1: 0.0257 | Render_LPIPS: 0.1635 | cos(c,null): +0.3453 | GradNorm: 0.0602 | MSE/t: [0.00-0.50]0.502(n=6356) [0.50-0.85]0.142(n=5880) [0.85-0.95]0.026(n=542) [0.95-1.00]0.016(n=22)
2026-05-02 16:42:29,681 - INFO - [render-loss] step=108600 kept 34/64 samples (t_value >= 0.50)
2026-05-02 16:44:25,779 - INFO - Step  108800 | Epoch 109 | MSE: 0.3139 | Steps/sec: 1.72 | LR: 9.06e-05 | Render_L1: 0.0220 | Alpha_L1: 0.0256 | Render_LPIPS: 0.1621 | cos(c,null): +0.3443 | GradNorm: 0.0603 | MSE/t: [0.00-0.50]0.501(n=6304) [0.50-0.85]0.142(n=5943) [0.85-0.95]0.026(n=537) [0.95-1.00]0.018(n=16)
2026-05-02 16:44:25,882 - INFO - [render-loss] step=108800 kept 34/64 samples (t_value >= 0.50)
2026-05-02 16:46:21,341 - INFO - Step  109000 | Epoch 110 | MSE: 0.3163 | Steps/sec: 1.73 | LR: 9.03e-05 | Render_L1: 0.0222 | Alpha_L1: 0.0260 | Render_LPIPS: 0.1631 | cos(c,null): +0.3460 | GradNorm: 0.0605 | MSE/t: [0.00-0.50]0.501(n=6394) [0.50-0.85]0.141(n=5859) [0.85-0.95]0.026(n=531) [0.95-1.00]0.017(n=16)
2026-05-02 16:46:21,554 - INFO - [cond] cfg_signal=0.0431 (min=0.0244 max=0.0605, n=16) | class_signal=0.0516 (min=0.0252 max=0.0747, n=16) | pred_rms=0.9317
2026-05-02 16:46:29,912 - INFO - [validation] saved: output/jit_B8_postfix_20260501_234201/dit_validation/epoch_110_step_0109000_class022.png (class=22, sampler=heun, steps=100)
2026-05-02 16:46:31,103 - INFO - [overrides] applied from jit/configs/overrides.yaml: lr_scale=1.0 max_grad_norm=5.0 null_repel_weight=0.0 P_mean=0.0
2026-05-02 16:46:31,201 - INFO - [render-loss] step=109000 kept 31/64 samples (t_value >= 0.50)
2026-05-02 16:48:26,388 - INFO - Step  109200 | Epoch 110 | MSE: 0.3150 | Steps/sec: 1.60 | LR: 9.00e-05 | Render_L1: 0.0223 | Alpha_L1: 0.0257 | Render_LPIPS: 0.1633 | cos(c,null): +0.3453 | GradNorm: 0.0601 | MSE/t: [0.00-0.50]0.501(n=6371) [0.50-0.85]0.140(n=5886) [0.85-0.95]0.026(n=523) [0.95-1.00]0.017(n=20)
2026-05-02 16:48:26,490 - INFO - [render-loss] step=109200 kept 30/64 samples (t_value >= 0.50)
2026-05-02 16:50:21,426 - INFO - Step  109400 | Epoch 110 | MSE: 0.3151 | Steps/sec: 1.74 | LR: 8.97e-05 | Render_L1: 0.0224 | Alpha_L1: 0.0261 | Render_LPIPS: 0.1634 | cos(c,null): +0.3457 | GradNorm: 0.0609 | MSE/t: [0.00-0.50]0.501(n=6315) [0.50-0.85]0.145(n=5910) [0.85-0.95]0.026(n=553) [0.95-1.00]0.016(n=22)
2026-05-02 16:50:21,528 - INFO - [render-loss] step=109400 kept 39/64 samples (t_value >= 0.50)
2026-05-02 16:52:16,940 - INFO - Step  109600 | Epoch 110 | MSE: 0.3206 | Steps/sec: 1.73 | LR: 8.94e-05 | Render_L1: 0.0220 | Alpha_L1: 0.0260 | Render_LPIPS: 0.1627 | cos(c,null): +0.3456 | GradNorm: 0.0594 | MSE/t: [0.00-0.50]0.502(n=6510) [0.50-0.85]0.142(n=5780) [0.85-0.95]0.026(n=491) [0.95-1.00]0.015(n=19)
2026-05-02 16:52:17,041 - INFO - [render-loss] step=109600 kept 34/64 samples (t_value >= 0.50)
2026-05-02 16:54:12,307 - INFO - Step  109800 | Epoch 110 | MSE: 0.3162 | Steps/sec: 1.73 | LR: 8.91e-05 | Render_L1: 0.0217 | Alpha_L1: 0.0254 | Render_LPIPS: 0.1609 | cos(c,null): +0.3459 | GradNorm: 0.0597 | MSE/t: [0.00-0.50]0.501(n=6373) [0.50-0.85]0.142(n=5900) [0.85-0.95]0.026(n=503) [0.95-1.00]0.013(n=24)
2026-05-02 16:54:12,410 - INFO - [render-loss] step=109800 kept 28/64 samples (t_value >= 0.50)
2026-05-02 16:56:08,777 - INFO - Step  110000 | Epoch 111 | MSE: 0.3134 | Steps/sec: 1.72 | LR: 8.88e-05 | Render_L1: 0.0220 | Alpha_L1: 0.0256 | Render_LPIPS: 0.1616 | cos(c,null): +0.3464 | GradNorm: 0.0597 | MSE/t: [0.00-0.50]0.500(n=6329) [0.50-0.85]0.140(n=5940) [0.85-0.95]0.027(n=512) [0.95-1.00]0.014(n=19)
2026-05-02 16:56:09,001 - INFO - [cond] cfg_signal=0.0458 (min=0.0277 max=0.0643, n=16) | class_signal=0.0518 (min=0.0247 max=0.0769, n=16) | pred_rms=0.9211
2026-05-02 16:56:17,455 - INFO - [validation] saved: output/jit_B8_postfix_20260501_234201/dit_validation/epoch_111_step_0110000_class015.png (class=15, sampler=heun, steps=100)
2026-05-02 16:56:18,636 - INFO - [overrides] applied from jit/configs/overrides.yaml: lr_scale=1.0 max_grad_norm=5.0 null_repel_weight=0.0 P_mean=0.0
2026-05-02 16:56:18,734 - INFO - [render-loss] step=110000 kept 35/64 samples (t_value >= 0.50)
2026-05-02 16:58:14,116 - INFO - Step  110200 | Epoch 111 | MSE: 0.3163 | Steps/sec: 1.60 | LR: 8.85e-05 | Render_L1: 0.0222 | Alpha_L1: 0.0259 | Render_LPIPS: 0.1638 | cos(c,null): +0.3461 | GradNorm: 0.0598 | MSE/t: [0.00-0.50]0.503(n=6373) [0.50-0.85]0.141(n=5881) [0.85-0.95]0.026(n=518) [0.95-1.00]0.014(n=28)
2026-05-02 16:58:14,218 - INFO - [render-loss] step=110200 kept 29/64 samples (t_value >= 0.50)
2026-05-02 17:00:09,560 - INFO - Step  110400 | Epoch 111 | MSE: 0.3179 | Steps/sec: 1.73 | LR: 8.82e-05 | Render_L1: 0.0220 | Alpha_L1: 0.0253 | Render_LPIPS: 0.1621 | cos(c,null): +0.3457 | GradNorm: 0.0605 | MSE/t: [0.00-0.50]0.503(n=6416) [0.50-0.85]0.141(n=5851) [0.85-0.95]0.026(n=514) [0.95-1.00]0.017(n=19)
2026-05-02 17:00:09,663 - INFO - [render-loss] step=110400 kept 24/64 samples (t_value >= 0.50)
2026-05-02 17:02:05,100 - INFO - Step  110600 | Epoch 111 | MSE: 0.3170 | Steps/sec: 1.73 | LR: 8.79e-05 | Render_L1: 0.0219 | Alpha_L1: 0.0255 | Render_LPIPS: 0.1616 | cos(c,null): +0.3461 | GradNorm: 0.0594 | MSE/t: [0.00-0.50]0.503(n=6361) [0.50-0.85]0.144(n=5889) [0.85-0.95]0.026(n=530) [0.95-1.00]0.014(n=20)
2026-05-02 17:02:05,202 - INFO - [render-loss] step=110600 kept 30/64 samples (t_value >= 0.50)
2026-05-02 17:04:00,725 - INFO - Step  110800 | Epoch 111 | MSE: 0.3156 | Steps/sec: 1.73 | LR: 8.76e-05 | Render_L1: 0.0224 | Alpha_L1: 0.0258 | Render_LPIPS: 0.1635 | cos(c,null): +0.3454 | GradNorm: 0.0595 | MSE/t: [0.00-0.50]0.501(n=6367) [0.50-0.85]0.142(n=5902) [0.85-0.95]0.025(n=515) [0.95-1.00]0.016(n=16)
2026-05-02 17:04:00,828 - INFO - [render-loss] step=110800 kept 29/64 samples (t_value >= 0.50)
2026-05-02 17:05:56,454 - INFO - Step  111000 | Epoch 112 | MSE: 0.3177 | Steps/sec: 1.73 | LR: 8.73e-05 | Render_L1: 0.0224 | Alpha_L1: 0.0261 | Render_LPIPS: 0.1644 | cos(c,null): +0.3449 | GradNorm: 0.0596 | MSE/t: [0.00-0.50]0.500(n=6415) [0.50-0.85]0.145(n=5844) [0.85-0.95]0.026(n=521) [0.95-1.00]0.019(n=20)
2026-05-02 17:05:56,665 - INFO - [cond] cfg_signal=0.0454 (min=0.0269 max=0.0629, n=16) | class_signal=0.0527 (min=0.0216 max=0.0778, n=16) | pred_rms=0.9310
2026-05-02 17:06:04,972 - INFO - [validation] saved: output/jit_B8_postfix_20260501_234201/dit_validation/epoch_112_step_0111000_class026.png (class=26, sampler=heun, steps=100)
2026-05-02 17:06:06,182 - INFO - [overrides] applied from jit/configs/overrides.yaml: lr_scale=1.0 max_grad_norm=5.0 null_repel_weight=0.0 P_mean=0.0
2026-05-02 17:06:06,281 - INFO - [render-loss] step=111000 kept 27/64 samples (t_value >= 0.50)
2026-05-02 17:08:02,022 - INFO - Step  111200 | Epoch 112 | MSE: 0.3148 | Steps/sec: 1.60 | LR: 8.71e-05 | Render_L1: 0.0225 | Alpha_L1: 0.0261 | Render_LPIPS: 0.1644 | cos(c,null): +0.3450 | GradNorm: 0.0618 | MSE/t: [0.00-0.50]0.501(n=6343) [0.50-0.85]0.142(n=5886) [0.85-0.95]0.026(n=555) [0.95-1.00]0.019(n=16)
2026-05-02 17:08:02,125 - INFO - [render-loss] step=111200 kept 29/64 samples (t_value >= 0.50)
2026-05-02 17:09:57,782 - INFO - Step  111400 | Epoch 112 | MSE: 0.3199 | Steps/sec: 1.73 | LR: 8.68e-05 | Render_L1: 0.0224 | Alpha_L1: 0.0262 | Render_LPIPS: 0.1638 | cos(c,null): +0.3450 | GradNorm: 0.0611 | MSE/t: [0.00-0.50]0.500(n=6479) [0.50-0.85]0.145(n=5813) [0.85-0.95]0.026(n=484) [0.95-1.00]0.015(n=24)
2026-05-02 17:09:57,884 - INFO - [render-loss] step=111400 kept 30/64 samples (t_value >= 0.50)
2026-05-02 17:11:58,003 - INFO - Step  111600 | Epoch 112 | MSE: 0.3191 | Steps/sec: 1.66 | LR: 8.65e-05 | Render_L1: 0.0219 | Alpha_L1: 0.0259 | Render_LPIPS: 0.1614 | cos(c,null): +0.3449 | GradNorm: 0.0612 | MSE/t: [0.00-0.50]0.503(n=6464) [0.50-0.85]0.141(n=5819) [0.85-0.95]0.027(n=502) [0.95-1.00]0.016(n=15)
2026-05-02 17:11:58,105 - INFO - [render-loss] step=111600 kept 27/64 samples (t_value >= 0.50)
2026-05-02 17:14:23,509 - INFO - Step  111800 | Epoch 112 | MSE: 0.3225 | Steps/sec: 1.37 | LR: 8.62e-05 | Render_L1: 0.0222 | Alpha_L1: 0.0261 | Render_LPIPS: 0.1631 | cos(c,null): +0.3452 | GradNorm: 0.0602 | MSE/t: [0.00-0.50]0.504(n=6564) [0.50-0.85]0.141(n=5721) [0.85-0.95]0.026(n=498) [0.95-1.00]0.016(n=17)
2026-05-02 17:14:23,610 - INFO - [render-loss] step=111800 kept 30/64 samples (t_value >= 0.50)
2026-05-02 17:16:18,599 - INFO - Step  112000 | Epoch 113 | MSE: 0.3197 | Steps/sec: 1.74 | LR: 8.59e-05 | Render_L1: 0.0224 | Alpha_L1: 0.0258 | Render_LPIPS: 0.1634 | cos(c,null): +0.3456 | GradNorm: 0.0626 | MSE/t: [0.00-0.50]0.503(n=6460) [0.50-0.85]0.143(n=5797) [0.85-0.95]0.026(n=527) [0.95-1.00]0.016(n=16)
2026-05-02 17:16:18,811 - INFO - [cond] cfg_signal=0.0449 (min=0.0294 max=0.0619, n=16) | class_signal=0.0517 (min=0.0247 max=0.0735, n=16) | pred_rms=0.9204
2026-05-02 17:16:27,173 - INFO - [validation] saved: output/jit_B8_postfix_20260501_234201/dit_validation/epoch_113_step_0112000_class003.png (class=3, sampler=heun, steps=100)
2026-05-02 17:16:28,372 - INFO - [overrides] applied from jit/configs/overrides.yaml: lr_scale=1.0 max_grad_norm=5.0 null_repel_weight=0.0 P_mean=0.0
2026-05-02 17:16:28,471 - INFO - [render-loss] step=112000 kept 29/64 samples (t_value >= 0.50)
2026-05-02 17:18:24,258 - INFO - Step  112200 | Epoch 113 | MSE: 0.3175 | Steps/sec: 1.59 | LR: 8.56e-05 | Render_L1: 0.0222 | Alpha_L1: 0.0258 | Render_LPIPS: 0.1633 | cos(c,null): +0.3457 | GradNorm: 0.0590 | MSE/t: [0.00-0.50]0.501(n=6402) [0.50-0.85]0.144(n=5862) [0.85-0.95]0.026(n=511) [0.95-1.00]0.015(n=25)
2026-05-02 17:18:24,360 - INFO - [render-loss] step=112200 kept 39/64 samples (t_value >= 0.50)
2026-05-02 17:20:19,711 - INFO - Step  112400 | Epoch 113 | MSE: 0.3146 | Steps/sec: 1.73 | LR: 8.53e-05 | Render_L1: 0.0219 | Alpha_L1: 0.0254 | Render_LPIPS: 0.1618 | cos(c,null): +0.3463 | GradNorm: 0.0587 | MSE/t: [0.00-0.50]0.500(n=6322) [0.50-0.85]0.143(n=5973) [0.85-0.95]0.026(n=481) [0.95-1.00]0.016(n=24)
2026-05-02 17:20:19,813 - INFO - [render-loss] step=112400 kept 25/64 samples (t_value >= 0.50)
2026-05-02 17:22:14,973 - INFO - Step  112600 | Epoch 113 | MSE: 0.3187 | Steps/sec: 1.74 | LR: 8.50e-05 | Render_L1: 0.0221 | Alpha_L1: 0.0253 | Render_LPIPS: 0.1618 | cos(c,null): +0.3463 | GradNorm: 0.0607 | MSE/t: [0.00-0.50]0.504(n=6432) [0.50-0.85]0.141(n=5825) [0.85-0.95]0.027(n=526) [0.95-1.00]0.017(n=17)
2026-05-02 17:22:15,076 - INFO - [render-loss] step=112600 kept 32/64 samples (t_value >= 0.50)
2026-05-02 17:24:10,461 - INFO - Step  112800 | Epoch 113 | MSE: 0.3199 | Steps/sec: 1.73 | LR: 8.47e-05 | Render_L1: 0.0222 | Alpha_L1: 0.0257 | Render_LPIPS: 0.1627 | cos(c,null): +0.3475 | GradNorm: 0.0604 | MSE/t: [0.00-0.50]0.505(n=6432) [0.50-0.85]0.142(n=5853) [0.85-0.95]0.025(n=498) [0.95-1.00]0.014(n=17)
2026-05-02 17:24:10,564 - INFO - [render-loss] step=112800 kept 24/64 samples (t_value >= 0.50)
2026-05-02 17:26:05,955 - INFO - Step  113000 | Epoch 114 | MSE: 0.3195 | Steps/sec: 1.73 | LR: 8.44e-05 | Render_L1: 0.0217 | Alpha_L1: 0.0250 | Render_LPIPS: 0.1607 | cos(c,null): +0.3469 | GradNorm: 0.0607 | MSE/t: [0.00-0.50]0.505(n=6436) [0.50-0.85]0.142(n=5826) [0.85-0.95]0.025(n=516) [0.95-1.00]0.016(n=22)
2026-05-02 17:26:06,171 - INFO - [cond] cfg_signal=0.0444 (min=0.0276 max=0.0641, n=16) | class_signal=0.0517 (min=0.0202 max=0.0785, n=16) | pred_rms=0.9182
2026-05-02 17:26:14,579 - INFO - [validation] saved: output/jit_B8_postfix_20260501_234201/dit_validation/epoch_114_step_0113000_class088.png (class=88, sampler=heun, steps=100)
2026-05-02 17:26:15,778 - INFO - [overrides] applied from jit/configs/overrides.yaml: lr_scale=1.0 max_grad_norm=5.0 null_repel_weight=0.0 P_mean=0.0
2026-05-02 17:26:15,875 - INFO - [render-loss] step=113000 kept 31/64 samples (t_value >= 0.50)
2026-05-02 17:28:11,224 - INFO - Step  113200 | Epoch 114 | MSE: 0.3174 | Steps/sec: 1.60 | LR: 8.41e-05 | Render_L1: 0.0221 | Alpha_L1: 0.0254 | Render_LPIPS: 0.1617 | cos(c,null): +0.3466 | GradNorm: 0.0599 | MSE/t: [0.00-0.50]0.501(n=6428) [0.50-0.85]0.141(n=5858) [0.85-0.95]0.026(n=493) [0.95-1.00]0.015(n=21)
2026-05-02 17:28:11,326 - INFO - [render-loss] step=113200 kept 29/64 samples (t_value >= 0.50)
2026-05-02 17:30:06,761 - INFO - Step  113400 | Epoch 114 | MSE: 0.3152 | Steps/sec: 1.73 | LR: 8.38e-05 | Render_L1: 0.0219 | Alpha_L1: 0.0257 | Render_LPIPS: 0.1614 | cos(c,null): +0.3476 | GradNorm: 0.0595 | MSE/t: [0.00-0.50]0.503(n=6303) [0.50-0.85]0.143(n=5980) [0.85-0.95]0.026(n=496) [0.95-1.00]0.013(n=21)
2026-05-02 17:30:06,864 - INFO - [render-loss] step=113400 kept 33/64 samples (t_value >= 0.50)
2026-05-02 17:32:01,742 - INFO - Step  113600 | Epoch 114 | MSE: 0.3172 | Steps/sec: 1.74 | LR: 8.35e-05 | Render_L1: 0.0219 | Alpha_L1: 0.0258 | Render_LPIPS: 0.1621 | cos(c,null): +0.3466 | GradNorm: 0.0613 | MSE/t: [0.00-0.50]0.500(n=6453) [0.50-0.85]0.141(n=5831) [0.85-0.95]0.025(n=492) [0.95-1.00]0.017(n=24)
2026-05-02 17:32:01,845 - INFO - [render-loss] step=113600 kept 30/64 samples (t_value >= 0.50)
2026-05-02 17:33:58,255 - INFO - Step  113800 | Epoch 114 | MSE: 0.3190 | Steps/sec: 1.72 | LR: 8.32e-05 | Render_L1: 0.0223 | Alpha_L1: 0.0261 | Render_LPIPS: 0.1627 | cos(c,null): +0.3465 | GradNorm: 0.0592 | MSE/t: [0.00-0.50]0.505(n=6448) [0.50-0.85]0.140(n=5813) [0.85-0.95]0.026(n=512) [0.95-1.00]0.017(n=27)
2026-05-02 17:33:58,358 - INFO - [render-loss] step=113800 kept 31/64 samples (t_value >= 0.50)
2026-05-02 17:35:53,440 - INFO - Step  114000 | Epoch 115 | MSE: 0.3206 | Steps/sec: 1.74 | LR: 8.29e-05 | Render_L1: 0.0224 | Alpha_L1: 0.0259 | Render_LPIPS: 0.1633 | cos(c,null): +0.3474 | GradNorm: 0.0596 | MSE/t: [0.00-0.50]0.504(n=6467) [0.50-0.85]0.144(n=5791) [0.85-0.95]0.027(n=527) [0.95-1.00]0.018(n=15)
2026-05-02 17:35:53,654 - INFO - [cond] cfg_signal=0.0450 (min=0.0272 max=0.0661, n=16) | class_signal=0.0516 (min=0.0240 max=0.0762, n=16) | pred_rms=0.9375
2026-05-02 17:36:02,264 - INFO - [validation] saved: output/jit_B8_postfix_20260501_234201/dit_validation/epoch_115_step_0114000_class073.png (class=73, sampler=heun, steps=100)
2026-05-02 17:36:03,450 - INFO - [overrides] applied from jit/configs/overrides.yaml: lr_scale=1.0 max_grad_norm=5.0 null_repel_weight=0.0 P_mean=0.0
2026-05-02 17:36:03,548 - INFO - [render-loss] step=114000 kept 41/64 samples (t_value >= 0.50)
2026-05-02 17:37:58,807 - INFO - Step  114200 | Epoch 115 | MSE: 0.3185 | Steps/sec: 1.60 | LR: 8.26e-05 | Render_L1: 0.0225 | Alpha_L1: 0.0256 | Render_LPIPS: 0.1639 | cos(c,null): +0.3472 | GradNorm: 0.0599 | MSE/t: [0.00-0.50]0.503(n=6402) [0.50-0.85]0.144(n=5840) [0.85-0.95]0.026(n=531) [0.95-1.00]0.014(n=27)
2026-05-02 17:37:58,909 - INFO - [render-loss] step=114200 kept 20/64 samples (t_value >= 0.50)
2026-05-02 17:39:54,446 - INFO - Step  114400 | Epoch 115 | MSE: 0.3177 | Steps/sec: 1.73 | LR: 8.23e-05 | Render_L1: 0.0219 | Alpha_L1: 0.0256 | Render_LPIPS: 0.1611 | cos(c,null): +0.3476 | GradNorm: 0.0604 | MSE/t: [0.00-0.50]0.499(n=6476) [0.50-0.85]0.141(n=5812) [0.85-0.95]0.026(n=490) [0.95-1.00]0.015(n=22)
2026-05-02 17:39:54,547 - INFO - [render-loss] step=114400 kept 33/64 samples (t_value >= 0.50)
2026-05-02 17:41:49,748 - INFO - Step  114600 | Epoch 115 | MSE: 0.3169 | Steps/sec: 1.73 | LR: 8.20e-05 | Render_L1: 0.0222 | Alpha_L1: 0.0257 | Render_LPIPS: 0.1622 | cos(c,null): +0.3475 | GradNorm: 0.0617 | MSE/t: [0.00-0.50]0.503(n=6375) [0.50-0.85]0.143(n=5871) [0.85-0.95]0.026(n=536) [0.95-1.00]0.013(n=18)
2026-05-02 17:41:49,850 - INFO - [render-loss] step=114600 kept 28/64 samples (t_value >= 0.50)
2026-05-02 17:43:44,876 - INFO - Step  114800 | Epoch 115 | MSE: 0.3156 | Steps/sec: 1.74 | LR: 8.17e-05 | Render_L1: 0.0218 | Alpha_L1: 0.0254 | Render_LPIPS: 0.1608 | cos(c,null): +0.3473 | GradNorm: 0.0603 | MSE/t: [0.00-0.50]0.504(n=6332) [0.50-0.85]0.141(n=5952) [0.85-0.95]0.026(n=488) [0.95-1.00]0.017(n=28)
2026-05-02 17:43:44,976 - INFO - [render-loss] step=114800 kept 34/64 samples (t_value >= 0.50)
2026-05-02 17:45:40,103 - INFO - Step  115000 | Epoch 116 | MSE: 0.3183 | Steps/sec: 1.74 | LR: 8.14e-05 | Render_L1: 0.0221 | Alpha_L1: 0.0257 | Render_LPIPS: 0.1614 | cos(c,null): +0.3475 | GradNorm: 0.0594 | MSE/t: [0.00-0.50]0.504(n=6394) [0.50-0.85]0.143(n=5882) [0.85-0.95]0.025(n=504) [0.95-1.00]0.014(n=20)
2026-05-02 17:45:40,314 - INFO - [cond] cfg_signal=0.0459 (min=0.0282 max=0.0689, n=16) | class_signal=0.0529 (min=0.0252 max=0.0767, n=16) | pred_rms=0.9448
2026-05-02 17:45:48,792 - INFO - [validation] saved: output/jit_B8_postfix_20260501_234201/dit_validation/epoch_116_step_0115000_class017.png (class=17, sampler=heun, steps=100)
2026-05-02 17:45:50,008 - INFO - [overrides] applied from jit/configs/overrides.yaml: lr_scale=1.0 max_grad_norm=5.0 null_repel_weight=0.0 P_mean=0.0
2026-05-02 17:45:50,104 - INFO - [render-loss] step=115000 kept 34/64 samples (t_value >= 0.50)
2026-05-02 17:47:45,348 - INFO - Step  115200 | Epoch 116 | MSE: 0.3142 | Steps/sec: 1.60 | LR: 8.12e-05 | Render_L1: 0.0220 | Alpha_L1: 0.0257 | Render_LPIPS: 0.1611 | cos(c,null): +0.3479 | GradNorm: 0.0614 | MSE/t: [0.00-0.50]0.501(n=6329) [0.50-0.85]0.141(n=5934) [0.85-0.95]0.026(n=521) [0.95-1.00]0.017(n=16)
2026-05-02 17:47:45,450 - INFO - [render-loss] step=115200 kept 33/64 samples (t_value >= 0.50)
2026-05-02 17:49:40,942 - INFO - Step  115400 | Epoch 116 | MSE: 0.3160 | Steps/sec: 1.73 | LR: 8.09e-05 | Render_L1: 0.0218 | Alpha_L1: 0.0259 | Render_LPIPS: 0.1610 | cos(c,null): +0.3477 | GradNorm: 0.0594 | MSE/t: [0.00-0.50]0.499(n=6408) [0.50-0.85]0.142(n=5875) [0.85-0.95]0.026(n=493) [0.95-1.00]0.013(n=24)
2026-05-02 17:49:41,044 - INFO - [render-loss] step=115400 kept 32/64 samples (t_value >= 0.50)
2026-05-02 17:51:36,319 - INFO - Step  115600 | Epoch 116 | MSE: 0.3172 | Steps/sec: 1.73 | LR: 8.06e-05 | Render_L1: 0.0219 | Alpha_L1: 0.0253 | Render_LPIPS: 0.1614 | cos(c,null): +0.3484 | GradNorm: 0.0598 | MSE/t: [0.00-0.50]0.499(n=6442) [0.50-0.85]0.142(n=5849) [0.85-0.95]0.025(n=494) [0.95-1.00]0.015(n=15)
2026-05-02 17:51:36,421 - INFO - [render-loss] step=115600 kept 30/64 samples (t_value >= 0.50)
2026-05-02 17:53:31,740 - INFO - Step  115800 | Epoch 116 | MSE: 0.3227 | Steps/sec: 1.73 | LR: 8.03e-05 | Render_L1: 0.0219 | Alpha_L1: 0.0252 | Render_LPIPS: 0.1600 | cos(c,null): +0.3481 | GradNorm: 0.0603 | MSE/t: [0.00-0.50]0.506(n=6484) [0.50-0.85]0.144(n=5790) [0.85-0.95]0.026(n=502) [0.95-1.00]0.014(n=24)
2026-05-02 17:53:31,842 - INFO - [render-loss] step=115800 kept 29/64 samples (t_value >= 0.50)
2026-05-02 17:55:26,744 - INFO - Step  116000 | Epoch 117 | MSE: 0.3185 | Steps/sec: 1.74 | LR: 8.00e-05 | Render_L1: 0.0221 | Alpha_L1: 0.0256 | Render_LPIPS: 0.1623 | cos(c,null): +0.3485 | GradNorm: 0.0619 | MSE/t: [0.00-0.50]0.503(n=6452) [0.50-0.85]0.141(n=5811) [0.85-0.95]0.025(n=519) [0.95-1.00]0.015(n=18)
2026-05-02 17:55:26,954 - INFO - [cond] cfg_signal=0.0465 (min=0.0279 max=0.0675, n=16) | class_signal=0.0545 (min=0.0208 max=0.0811, n=16) | pred_rms=0.9442
2026-05-02 17:55:35,379 - INFO - [validation] saved: output/jit_B8_postfix_20260501_234201/dit_validation/epoch_117_step_0116000_class033.png (class=33, sampler=heun, steps=100)
2026-05-02 17:55:36,792 - INFO - [overrides] applied from jit/configs/overrides.yaml: lr_scale=1.0 max_grad_norm=5.0 null_repel_weight=0.0 P_mean=0.0
2026-05-02 17:55:36,889 - INFO - [render-loss] step=116000 kept 32/64 samples (t_value >= 0.50)
2026-05-02 17:57:31,971 - INFO - Step  116200 | Epoch 117 | MSE: 0.3126 | Steps/sec: 1.60 | LR: 7.97e-05 | Render_L1: 0.0221 | Alpha_L1: 0.0257 | Render_LPIPS: 0.1605 | cos(c,null): +0.3474 | GradNorm: 0.0604 | MSE/t: [0.00-0.50]0.500(n=6304) [0.50-0.85]0.141(n=5906) [0.85-0.95]0.026(n=568) [0.95-1.00]0.014(n=22)
2026-05-02 17:57:32,073 - INFO - [render-loss] step=116200 kept 33/64 samples (t_value >= 0.50)
2026-05-02 17:59:28,036 - INFO - Step  116400 | Epoch 117 | MSE: 0.3173 | Steps/sec: 1.72 | LR: 7.94e-05 | Render_L1: 0.0223 | Alpha_L1: 0.0255 | Render_LPIPS: 0.1622 | cos(c,null): +0.3477 | GradNorm: 0.0598 | MSE/t: [0.00-0.50]0.502(n=6382) [0.50-0.85]0.143(n=5899) [0.85-0.95]0.026(n=502) [0.95-1.00]0.016(n=17)
2026-05-02 17:59:28,139 - INFO - [render-loss] step=116400 kept 25/64 samples (t_value >= 0.50)
2026-05-02 18:01:23,423 - INFO - Step  116600 | Epoch 117 | MSE: 0.3170 | Steps/sec: 1.73 | LR: 7.91e-05 | Render_L1: 0.0218 | Alpha_L1: 0.0254 | Render_LPIPS: 0.1607 | cos(c,null): +0.3476 | GradNorm: 0.0590 | MSE/t: [0.00-0.50]0.502(n=6402) [0.50-0.85]0.141(n=5875) [0.85-0.95]0.025(n=508) [0.95-1.00]0.018(n=15)
2026-05-02 18:01:23,527 - INFO - [render-loss] step=116600 kept 39/64 samples (t_value >= 0.50)
2026-05-02 18:03:18,767 - INFO - Step  116800 | Epoch 117 | MSE: 0.3174 | Steps/sec: 1.73 | LR: 7.88e-05 | Render_L1: 0.0218 | Alpha_L1: 0.0255 | Render_LPIPS: 0.1611 | cos(c,null): +0.3474 | GradNorm: 0.0613 | MSE/t: [0.00-0.50]0.500(n=6413) [0.50-0.85]0.144(n=5846) [0.85-0.95]0.026(n=518) [0.95-1.00]0.013(n=23)
2026-05-02 18:03:18,868 - INFO - [render-loss] step=116800 kept 32/64 samples (t_value >= 0.50)
2026-05-02 18:05:14,109 - INFO - Step  117000 | Epoch 118 | MSE: 0.3182 | Steps/sec: 1.73 | LR: 7.85e-05 | Render_L1: 0.0222 | Alpha_L1: 0.0255 | Render_LPIPS: 0.1622 | cos(c,null): +0.3482 | GradNorm: 0.0599 | MSE/t: [0.00-0.50]0.499(n=6460) [0.50-0.85]0.144(n=5826) [0.85-0.95]0.025(n=492) [0.95-1.00]0.015(n=22)
2026-05-02 18:05:14,321 - INFO - [cond] cfg_signal=0.0468 (min=0.0289 max=0.0654, n=16) | class_signal=0.0537 (min=0.0214 max=0.0754, n=16) | pred_rms=0.9454
2026-05-02 18:05:22,714 - INFO - [validation] saved: output/jit_B8_postfix_20260501_234201/dit_validation/epoch_118_step_0117000_class028.png (class=28, sampler=heun, steps=100)
2026-05-02 18:05:23,934 - INFO - [overrides] applied from jit/configs/overrides.yaml: lr_scale=1.0 max_grad_norm=5.0 null_repel_weight=0.0 P_mean=0.0
2026-05-02 18:05:24,030 - INFO - [render-loss] step=117000 kept 30/64 samples (t_value >= 0.50)
2026-05-02 18:07:19,052 - INFO - Step  117200 | Epoch 118 | MSE: 0.3193 | Steps/sec: 1.60 | LR: 7.82e-05 | Render_L1: 0.0223 | Alpha_L1: 0.0258 | Render_LPIPS: 0.1628 | cos(c,null): +0.3480 | GradNorm: 0.0593 | MSE/t: [0.00-0.50]0.503(n=6454) [0.50-0.85]0.142(n=5807) [0.85-0.95]0.026(n=523) [0.95-1.00]0.015(n=16)
2026-05-02 18:07:19,154 - INFO - [render-loss] step=117200 kept 39/64 samples (t_value >= 0.50)
2026-05-02 18:09:14,564 - INFO - Step  117400 | Epoch 118 | MSE: 0.3173 | Steps/sec: 1.73 | LR: 7.80e-05 | Render_L1: 0.0220 | Alpha_L1: 0.0255 | Render_LPIPS: 0.1604 | cos(c,null): +0.3493 | GradNorm: 0.0592 | MSE/t: [0.00-0.50]0.504(n=6361) [0.50-0.85]0.142(n=5930) [0.85-0.95]0.026(n=487) [0.95-1.00]0.016(n=22)
2026-05-02 18:09:14,666 - INFO - [render-loss] step=117400 kept 33/64 samples (t_value >= 0.50)
2026-05-02 18:11:09,728 - INFO - Step  117600 | Epoch 118 | MSE: 0.3177 | Steps/sec: 1.74 | LR: 7.77e-05 | Render_L1: 0.0221 | Alpha_L1: 0.0254 | Render_LPIPS: 0.1605 | cos(c,null): +0.3497 | GradNorm: 0.0600 | MSE/t: [0.00-0.50]0.501(n=6413) [0.50-0.85]0.144(n=5840) [0.85-0.95]0.026(n=527) [0.95-1.00]0.015(n=20)
2026-05-02 18:11:09,830 - INFO - [render-loss] step=117600 kept 34/64 samples (t_value >= 0.50)
2026-05-02 18:13:05,127 - INFO - Step  117800 | Epoch 118 | MSE: 0.3148 | Steps/sec: 1.73 | LR: 7.74e-05 | Render_L1: 0.0217 | Alpha_L1: 0.0254 | Render_LPIPS: 0.1599 | cos(c,null): +0.3495 | GradNorm: 0.0606 | MSE/t: [0.00-0.50]0.498(n=6379) [0.50-0.85]0.143(n=5902) [0.85-0.95]0.025(n=494) [0.95-1.00]0.014(n=25)
2026-05-02 18:13:05,229 - INFO - [render-loss] step=117800 kept 32/64 samples (t_value >= 0.50)
2026-05-02 18:15:00,447 - INFO - Step  118000 | Epoch 119 | MSE: 0.3180 | Steps/sec: 1.73 | LR: 7.71e-05 | Render_L1: 0.0221 | Alpha_L1: 0.0260 | Render_LPIPS: 0.1610 | cos(c,null): +0.3487 | GradNorm: 0.0586 | MSE/t: [0.00-0.50]0.501(n=6438) [0.50-0.85]0.143(n=5831) [0.85-0.95]0.026(n=513) [0.95-1.00]0.012(n=18)
2026-05-02 18:15:00,661 - INFO - [cond] cfg_signal=0.0456 (min=0.0274 max=0.0637, n=16) | class_signal=0.0536 (min=0.0268 max=0.0762, n=16) | pred_rms=0.9408
2026-05-02 18:15:08,971 - INFO - [validation] saved: output/jit_B8_postfix_20260501_234201/dit_validation/epoch_119_step_0118000_class060.png (class=60, sampler=heun, steps=100)
2026-05-02 18:15:10,193 - INFO - [overrides] applied from jit/configs/overrides.yaml: lr_scale=1.0 max_grad_norm=5.0 null_repel_weight=0.0 P_mean=0.0
2026-05-02 18:15:10,291 - INFO - [render-loss] step=118000 kept 38/64 samples (t_value >= 0.50)
2026-05-02 18:17:05,402 - INFO - Step  118200 | Epoch 119 | MSE: 0.3198 | Steps/sec: 1.60 | LR: 7.68e-05 | Render_L1: 0.0217 | Alpha_L1: 0.0256 | Render_LPIPS: 0.1604 | cos(c,null): +0.3489 | GradNorm: 0.0594 | MSE/t: [0.00-0.50]0.504(n=6459) [0.50-0.85]0.143(n=5776) [0.85-0.95]0.025(n=546) [0.95-1.00]0.015(n=19)
2026-05-02 18:17:05,503 - INFO - [render-loss] step=118200 kept 31/64 samples (t_value >= 0.50)
2026-05-02 18:19:00,640 - INFO - Step  118400 | Epoch 119 | MSE: 0.3151 | Steps/sec: 1.74 | LR: 7.65e-05 | Render_L1: 0.0221 | Alpha_L1: 0.0254 | Render_LPIPS: 0.1616 | cos(c,null): +0.3492 | GradNorm: 0.0593 | MSE/t: [0.00-0.50]0.501(n=6353) [0.50-0.85]0.142(n=5899) [0.85-0.95]0.026(n=525) [0.95-1.00]0.016(n=23)
2026-05-02 18:19:00,741 - INFO - [render-loss] step=118400 kept 34/64 samples (t_value >= 0.50)
2026-05-02 18:20:55,903 - INFO - Step  118600 | Epoch 119 | MSE: 0.3129 | Steps/sec: 1.74 | LR: 7.62e-05 | Render_L1: 0.0221 | Alpha_L1: 0.0253 | Render_LPIPS: 0.1605 | cos(c,null): +0.3492 | GradNorm: 0.0591 | MSE/t: [0.00-0.50]0.502(n=6240) [0.50-0.85]0.142(n=6040) [0.85-0.95]0.027(n=503) [0.95-1.00]0.017(n=17)
2026-05-02 18:20:56,004 - INFO - [render-loss] step=118600 kept 33/64 samples (t_value >= 0.50)
2026-05-02 18:22:51,582 - INFO - Step  118800 | Epoch 119 | MSE: 0.3153 | Steps/sec: 1.73 | LR: 7.59e-05 | Render_L1: 0.0217 | Alpha_L1: 0.0252 | Render_LPIPS: 0.1600 | cos(c,null): +0.3490 | GradNorm: 0.0588 | MSE/t: [0.00-0.50]0.503(n=6313) [0.50-0.85]0.143(n=5937) [0.85-0.95]0.025(n=531) [0.95-1.00]0.016(n=19)
2026-05-02 18:22:51,860 - INFO - [render-loss] step=118800 kept 35/64 samples (t_value >= 0.50)
2026-05-02 18:24:48,189 - INFO - Step  119000 | Epoch 120 | MSE: 0.3176 | Steps/sec: 1.72 | LR: 7.56e-05 | Render_L1: 0.0220 | Alpha_L1: 0.0257 | Render_LPIPS: 0.1605 | cos(c,null): +0.3496 | GradNorm: 0.0599 | MSE/t: [0.00-0.50]0.500(n=6451) [0.50-0.85]0.142(n=5815) [0.85-0.95]0.026(n=514) [0.95-1.00]0.013(n=20)
2026-05-02 18:24:48,403 - INFO - [cond] cfg_signal=0.0462 (min=0.0255 max=0.0629, n=16) | class_signal=0.0538 (min=0.0217 max=0.0788, n=16) | pred_rms=0.9390
2026-05-02 18:24:57,108 - INFO - [validation] saved: output/jit_B8_postfix_20260501_234201/dit_validation/epoch_120_step_0119000_class071.png (class=71, sampler=heun, steps=100)
2026-05-02 18:24:58,353 - INFO - [overrides] applied from jit/configs/overrides.yaml: lr_scale=1.0 max_grad_norm=5.0 null_repel_weight=0.0 P_mean=0.0
2026-05-02 18:24:58,452 - INFO - [render-loss] step=119000 kept 37/64 samples (t_value >= 0.50)
2026-05-02 18:26:53,806 - INFO - Step  119200 | Epoch 120 | MSE: 0.3184 | Steps/sec: 1.59 | LR: 7.54e-05 | Render_L1: 0.0219 | Alpha_L1: 0.0251 | Render_LPIPS: 0.1612 | cos(c,null): +0.3506 | GradNorm: 0.0608 | MSE/t: [0.00-0.50]0.503(n=6407) [0.50-0.85]0.143(n=5846) [0.85-0.95]0.025(n=525) [0.95-1.00]0.014(n=22)
2026-05-02 18:26:53,909 - INFO - [render-loss] step=119200 kept 30/64 samples (t_value >= 0.50)
2026-05-02 18:28:49,147 - INFO - Step  119400 | Epoch 120 | MSE: 0.3218 | Steps/sec: 1.73 | LR: 7.51e-05 | Render_L1: 0.0217 | Alpha_L1: 0.0248 | Render_LPIPS: 0.1602 | cos(c,null): +0.3510 | GradNorm: 0.0602 | MSE/t: [0.00-0.50]0.502(n=6546) [0.50-0.85]0.143(n=5752) [0.85-0.95]0.026(n=478) [0.95-1.00]0.017(n=24)
2026-05-02 18:28:49,249 - INFO - [render-loss] step=119400 kept 30/64 samples (t_value >= 0.50)
2026-05-02 18:30:44,355 - INFO - Step  119600 | Epoch 120 | MSE: 0.3169 | Steps/sec: 1.74 | LR: 7.48e-05 | Render_L1: 0.0220 | Alpha_L1: 0.0253 | Render_LPIPS: 0.1604 | cos(c,null): +0.3509 | GradNorm: 0.0606 | MSE/t: [0.00-0.50]0.498(n=6465) [0.50-0.85]0.142(n=5808) [0.85-0.95]0.026(n=507) [0.95-1.00]0.020(n=20)
2026-05-02 18:30:44,457 - INFO - [render-loss] step=119600 kept 29/64 samples (t_value >= 0.50)
2026-05-02 18:32:40,122 - INFO - Step  119800 | Epoch 121 | MSE: 0.3169 | Steps/sec: 1.73 | LR: 7.45e-05 | Render_L1: 0.0218 | Alpha_L1: 0.0251 | Render_LPIPS: 0.1600 | cos(c,null): +0.3513 | GradNorm: 0.0579 | MSE/t: [0.00-0.50]0.500(n=6428) [0.50-0.85]0.142(n=5826) [0.85-0.95]0.026(n=525) [0.95-1.00]0.018(n=21)
2026-05-02 18:32:40,224 - INFO - [render-loss] step=119800 kept 38/64 samples (t_value >= 0.50)
2026-05-02 18:34:35,706 - INFO - Step  120000 | Epoch 121 | MSE: 0.3160 | Steps/sec: 1.73 | LR: 7.42e-05 | Render_L1: 0.0221 | Alpha_L1: 0.0255 | Render_LPIPS: 0.1605 | cos(c,null): +0.3504 | GradNorm: 0.0591 | MSE/t: [0.00-0.50]0.498(n=6392) [0.50-0.85]0.144(n=5880) [0.85-0.95]0.026(n=502) [0.95-1.00]0.015(n=26)
2026-05-02 18:34:35,915 - INFO - [cond] cfg_signal=0.0463 (min=0.0287 max=0.0660, n=16) | class_signal=0.0535 (min=0.0230 max=0.0782, n=16) | pred_rms=0.9474
2026-05-02 18:34:37,687 - INFO - Saved checkpoint to output/jit_B8_postfix_20260501_234201/0120000.pt
2026-05-02 18:34:37,894 - INFO - [cond] cfg_signal=0.0463 (min=0.0287 max=0.0660, n=16) | class_signal=0.0535 (min=0.0230 max=0.0782, n=16) | pred_rms=0.9474
2026-05-02 18:34:46,221 - INFO - [validation] saved: output/jit_B8_postfix_20260501_234201/dit_validation/epoch_121_step_0120000_class025.png (class=25, sampler=heun, steps=100)
2026-05-02 18:34:47,438 - INFO - [overrides] applied from jit/configs/overrides.yaml: lr_scale=1.0 max_grad_norm=5.0 null_repel_weight=0.0 P_mean=0.0
2026-05-02 18:34:47,536 - INFO - [render-loss] step=120000 kept 31/64 samples (t_value >= 0.50)
2026-05-02 18:36:42,942 - INFO - Step  120200 | Epoch 121 | MSE: 0.3164 | Steps/sec: 1.57 | LR: 7.39e-05 | Render_L1: 0.0221 | Alpha_L1: 0.0254 | Render_LPIPS: 0.1614 | cos(c,null): +0.3499 | GradNorm: 0.0595 | MSE/t: [0.00-0.50]0.501(n=6385) [0.50-0.85]0.143(n=5868) [0.85-0.95]0.026(n=526) [0.95-1.00]0.014(n=21)
2026-05-02 18:36:43,043 - INFO - [render-loss] step=120200 kept 33/64 samples (t_value >= 0.50)
2026-05-02 18:38:38,452 - INFO - Step  120400 | Epoch 121 | MSE: 0.3197 | Steps/sec: 1.73 | LR: 7.36e-05 | Render_L1: 0.0223 | Alpha_L1: 0.0256 | Render_LPIPS: 0.1620 | cos(c,null): +0.3508 | GradNorm: 0.0580 | MSE/t: [0.00-0.50]0.503(n=6476) [0.50-0.85]0.141(n=5824) [0.85-0.95]0.025(n=480) [0.95-1.00]0.016(n=20)
2026-05-02 18:38:38,555 - INFO - [render-loss] step=120400 kept 29/64 samples (t_value >= 0.50)
2026-05-02 18:40:33,553 - INFO - Step  120600 | Epoch 121 | MSE: 0.3187 | Steps/sec: 1.74 | LR: 7.34e-05 | Render_L1: 0.0217 | Alpha_L1: 0.0253 | Render_LPIPS: 0.1602 | cos(c,null): +0.3503 | GradNorm: 0.0590 | MSE/t: [0.00-0.50]0.500(n=6439) [0.50-0.85]0.144(n=5875) [0.85-0.95]0.026(n=462) [0.95-1.00]0.015(n=24)
2026-05-02 18:40:33,655 - INFO - [render-loss] step=120600 kept 27/64 samples (t_value >= 0.50)
2026-05-02 18:42:29,098 - INFO - Step  120800 | Epoch 122 | MSE: 0.3153 | Steps/sec: 1.73 | LR: 7.31e-05 | Render_L1: 0.0217 | Alpha_L1: 0.0253 | Render_LPIPS: 0.1586 | cos(c,null): +0.3516 | GradNorm: 0.0595 | MSE/t: [0.00-0.50]0.499(n=6409) [0.50-0.85]0.140(n=5848) [0.85-0.95]0.026(n=511) [0.95-1.00]0.018(n=32)
2026-05-02 18:42:29,201 - INFO - [render-loss] step=120800 kept 35/64 samples (t_value >= 0.50)
2026-05-02 18:44:24,608 - INFO - Step  121000 | Epoch 122 | MSE: 0.3161 | Steps/sec: 1.73 | LR: 7.28e-05 | Render_L1: 0.0220 | Alpha_L1: 0.0253 | Render_LPIPS: 0.1609 | cos(c,null): +0.3513 | GradNorm: 0.0606 | MSE/t: [0.00-0.50]0.501(n=6396) [0.50-0.85]0.142(n=5838) [0.85-0.95]0.026(n=549) [0.95-1.00]0.013(n=17)
2026-05-02 18:44:24,821 - INFO - [cond] cfg_signal=0.0457 (min=0.0289 max=0.0643, n=16) | class_signal=0.0530 (min=0.0219 max=0.0754, n=16) | pred_rms=0.9424
2026-05-02 18:44:33,378 - INFO - [validation] saved: output/jit_B8_postfix_20260501_234201/dit_validation/epoch_122_step_0121000_class021.png (class=21, sampler=heun, steps=100)
2026-05-02 18:44:34,596 - INFO - [overrides] applied from jit/configs/overrides.yaml: lr_scale=1.0 max_grad_norm=5.0 null_repel_weight=0.0 P_mean=0.0
2026-05-02 18:44:34,693 - INFO - [render-loss] step=121000 kept 28/64 samples (t_value >= 0.50)
2026-05-02 18:46:30,151 - INFO - Step  121200 | Epoch 122 | MSE: 0.3178 | Steps/sec: 1.60 | LR: 7.25e-05 | Render_L1: 0.0221 | Alpha_L1: 0.0256 | Render_LPIPS: 0.1616 | cos(c,null): +0.3510 | GradNorm: 0.0584 | MSE/t: [0.00-0.50]0.503(n=6409) [0.50-0.85]0.142(n=5845) [0.85-0.95]0.026(n=526) [0.95-1.00]0.019(n=20)
2026-05-02 18:46:30,254 - INFO - [render-loss] step=121200 kept 27/64 samples (t_value >= 0.50)
2026-05-02 18:48:25,456 - INFO - Step  121400 | Epoch 122 | MSE: 0.3167 | Steps/sec: 1.73 | LR: 7.22e-05 | Render_L1: 0.0222 | Alpha_L1: 0.0254 | Render_LPIPS: 0.1611 | cos(c,null): +0.3507 | GradNorm: 0.0590 | MSE/t: [0.00-0.50]0.502(n=6374) [0.50-0.85]0.142(n=5883) [0.85-0.95]0.026(n=521) [0.95-1.00]0.017(n=22)
2026-05-02 18:48:25,558 - INFO - [render-loss] step=121400 kept 30/64 samples (t_value >= 0.50)
2026-05-02 18:50:21,658 - INFO - Step  121600 | Epoch 122 | MSE: 0.3198 | Steps/sec: 1.72 | LR: 7.19e-05 | Render_L1: 0.0222 | Alpha_L1: 0.0254 | Render_LPIPS: 0.1607 | cos(c,null): +0.3502 | GradNorm: 0.0598 | MSE/t: [0.00-0.50]0.499(n=6541) [0.50-0.85]0.143(n=5746) [0.85-0.95]0.026(n=488) [0.95-1.00]0.015(n=25)
2026-05-02 18:50:21,760 - INFO - [render-loss] step=121600 kept 32/64 samples (t_value >= 0.50)
2026-05-02 18:52:16,986 - INFO - Step  121800 | Epoch 123 | MSE: 0.3171 | Steps/sec: 1.73 | LR: 7.17e-05 | Render_L1: 0.0219 | Alpha_L1: 0.0250 | Render_LPIPS: 0.1604 | cos(c,null): +0.3508 | GradNorm: 0.0608 | MSE/t: [0.00-0.50]0.501(n=6409) [0.50-0.85]0.142(n=5869) [0.85-0.95]0.025(n=495) [0.95-1.00]0.017(n=27)
2026-05-02 18:52:17,089 - INFO - [render-loss] step=121800 kept 31/64 samples (t_value >= 0.50)
2026-05-02 18:54:12,052 - INFO - Step  122000 | Epoch 123 | MSE: 0.3176 | Steps/sec: 1.74 | LR: 7.14e-05 | Render_L1: 0.0219 | Alpha_L1: 0.0249 | Render_LPIPS: 0.1600 | cos(c,null): +0.3505 | GradNorm: 0.0593 | MSE/t: [0.00-0.50]0.501(n=6445) [0.50-0.85]0.141(n=5831) [0.85-0.95]0.026(n=507) [0.95-1.00]0.015(n=17)
2026-05-02 18:54:12,265 - INFO - [cond] cfg_signal=0.0499 (min=0.0319 max=0.0724, n=16) | class_signal=0.0544 (min=0.0224 max=0.0823, n=16) | pred_rms=0.9442
2026-05-02 18:54:20,655 - INFO - [validation] saved: output/jit_B8_postfix_20260501_234201/dit_validation/epoch_123_step_0122000_class096.png (class=96, sampler=heun, steps=100)
2026-05-02 18:54:21,879 - INFO - [overrides] applied from jit/configs/overrides.yaml: lr_scale=1.0 max_grad_norm=5.0 null_repel_weight=0.0 P_mean=0.0
2026-05-02 18:54:21,975 - INFO - [render-loss] step=122000 kept 31/64 samples (t_value >= 0.50)
2026-05-02 18:56:16,991 - INFO - Step  122200 | Epoch 123 | MSE: 0.3205 | Steps/sec: 1.60 | LR: 7.11e-05 | Render_L1: 0.0217 | Alpha_L1: 0.0249 | Render_LPIPS: 0.1586 | cos(c,null): +0.3505 | GradNorm: 0.0603 | MSE/t: [0.00-0.50]0.503(n=6479) [0.50-0.85]0.143(n=5792) [0.85-0.95]0.026(n=507) [0.95-1.00]0.014(n=22)
2026-05-02 18:56:17,093 - INFO - [render-loss] step=122200 kept 31/64 samples (t_value >= 0.50)
2026-05-02 18:58:12,611 - INFO - Step  122400 | Epoch 123 | MSE: 0.3133 | Steps/sec: 1.73 | LR: 7.08e-05 | Render_L1: 0.0218 | Alpha_L1: 0.0252 | Render_LPIPS: 0.1596 | cos(c,null): +0.3502 | GradNorm: 0.0592 | MSE/t: [0.00-0.50]0.503(n=6260) [0.50-0.85]0.141(n=6033) [0.85-0.95]0.027(n=477) [0.95-1.00]0.015(n=30)
2026-05-02 18:58:12,713 - INFO - [render-loss] step=122400 kept 31/64 samples (t_value >= 0.50)
2026-05-02 19:00:07,846 - INFO - Step  122600 | Epoch 123 | MSE: 0.3157 | Steps/sec: 1.74 | LR: 7.05e-05 | Render_L1: 0.0220 | Alpha_L1: 0.0252 | Render_LPIPS: 0.1601 | cos(c,null): +0.3499 | GradNorm: 0.0589 | MSE/t: [0.00-0.50]0.500(n=6390) [0.50-0.85]0.141(n=5894) [0.85-0.95]0.026(n=500) [0.95-1.00]0.016(n=16)
2026-05-02 19:00:07,948 - INFO - [render-loss] step=122600 kept 32/64 samples (t_value >= 0.50)
2026-05-02 19:02:03,294 - INFO - Step  122800 | Epoch 124 | MSE: 0.3145 | Steps/sec: 1.73 | LR: 7.02e-05 | Render_L1: 0.0216 | Alpha_L1: 0.0248 | Render_LPIPS: 0.1583 | cos(c,null): +0.3497 | GradNorm: 0.0579 | MSE/t: [0.00-0.50]0.497(n=6367) [0.50-0.85]0.143(n=5904) [0.85-0.95]0.026(n=505) [0.95-1.00]0.016(n=24)
2026-05-02 19:02:03,396 - INFO - [render-loss] step=122800 kept 31/64 samples (t_value >= 0.50)
2026-05-02 19:03:58,309 - INFO - Step  123000 | Epoch 124 | MSE: 0.3159 | Steps/sec: 1.74 | LR: 7.00e-05 | Render_L1: 0.0224 | Alpha_L1: 0.0256 | Render_LPIPS: 0.1618 | cos(c,null): +0.3505 | GradNorm: 0.0594 | MSE/t: [0.00-0.50]0.500(n=6401) [0.50-0.85]0.141(n=5852) [0.85-0.95]0.026(n=526) [0.95-1.00]0.017(n=21)
2026-05-02 19:03:58,521 - INFO - [cond] cfg_signal=0.0468 (min=0.0282 max=0.0658, n=16) | class_signal=0.0533 (min=0.0260 max=0.0771, n=16) | pred_rms=0.9584
2026-05-02 19:04:06,901 - INFO - [validation] saved: output/jit_B8_postfix_20260501_234201/dit_validation/epoch_124_step_0123000_class013.png (class=13, sampler=heun, steps=100)
2026-05-02 19:04:08,125 - INFO - [overrides] applied from jit/configs/overrides.yaml: lr_scale=1.0 max_grad_norm=5.0 null_repel_weight=0.0 P_mean=0.0
2026-05-02 19:04:08,222 - INFO - [render-loss] step=123000 kept 30/64 samples (t_value >= 0.50)
2026-05-02 19:06:03,312 - INFO - Step  123200 | Epoch 124 | MSE: 0.3183 | Steps/sec: 1.60 | LR: 6.97e-05 | Render_L1: 0.0221 | Alpha_L1: 0.0255 | Render_LPIPS: 0.1615 | cos(c,null): +0.3519 | GradNorm: 0.0612 | MSE/t: [0.00-0.50]0.503(n=6418) [0.50-0.85]0.142(n=5852) [0.85-0.95]0.026(n=505) [0.95-1.00]0.019(n=25)
2026-05-02 19:06:03,414 - INFO - [render-loss] step=123200 kept 32/64 samples (t_value >= 0.50)
2026-05-02 19:07:59,099 - INFO - Step  123400 | Epoch 124 | MSE: 0.3199 | Steps/sec: 1.73 | LR: 6.94e-05 | Render_L1: 0.0221 | Alpha_L1: 0.0254 | Render_LPIPS: 0.1610 | cos(c,null): +0.3518 | GradNorm: 0.0584 | MSE/t: [0.00-0.50]0.504(n=6441) [0.50-0.85]0.142(n=5887) [0.85-0.95]0.025(n=451) [0.95-1.00]0.015(n=21)
2026-05-02 19:07:59,202 - INFO - [render-loss] step=123400 kept 34/64 samples (t_value >= 0.50)
2026-05-02 19:09:54,025 - INFO - Step  123600 | Epoch 124 | MSE: 0.3178 | Steps/sec: 1.74 | LR: 6.91e-05 | Render_L1: 0.0217 | Alpha_L1: 0.0249 | Render_LPIPS: 0.1589 | cos(c,null): +0.3509 | GradNorm: 0.0595 | MSE/t: [0.00-0.50]0.502(n=6428) [0.50-0.85]0.141(n=5856) [0.85-0.95]0.026(n=498) [0.95-1.00]0.014(n=18)
2026-05-02 19:09:54,127 - INFO - [render-loss] step=123600 kept 26/64 samples (t_value >= 0.50)
2026-05-02 19:11:49,914 - INFO - Step  123800 | Epoch 125 | MSE: 0.3153 | Steps/sec: 1.73 | LR: 6.88e-05 | Render_L1: 0.0220 | Alpha_L1: 0.0254 | Render_LPIPS: 0.1603 | cos(c,null): +0.3510 | GradNorm: 0.0587 | MSE/t: [0.00-0.50]0.501(n=6345) [0.50-0.85]0.143(n=5881) [0.85-0.95]0.026(n=552) [0.95-1.00]0.019(n=22)
2026-05-02 19:11:50,016 - INFO - [render-loss] step=123800 kept 30/64 samples (t_value >= 0.50)
2026-05-02 19:13:45,577 - INFO - Step  124000 | Epoch 125 | MSE: 0.3138 | Steps/sec: 1.73 | LR: 6.86e-05 | Render_L1: 0.0220 | Alpha_L1: 0.0255 | Render_LPIPS: 0.1609 | cos(c,null): +0.3513 | GradNorm: 0.0587 | MSE/t: [0.00-0.50]0.499(n=6317) [0.50-0.85]0.143(n=5965) [0.85-0.95]0.026(n=489) [0.95-1.00]0.015(n=29)
2026-05-02 19:13:45,801 - INFO - [cond] cfg_signal=0.0463 (min=0.0272 max=0.0709, n=16) | class_signal=0.0552 (min=0.0241 max=0.0853, n=16) | pred_rms=0.9355
2026-05-02 19:13:54,304 - INFO - [validation] saved: output/jit_B8_postfix_20260501_234201/dit_validation/epoch_125_step_0124000_class050.png (class=50, sampler=heun, steps=100)
2026-05-02 19:13:55,538 - INFO - [overrides] applied from jit/configs/overrides.yaml: lr_scale=1.0 max_grad_norm=5.0 null_repel_weight=0.0 P_mean=0.0
2026-05-02 19:13:55,635 - INFO - [render-loss] step=124000 kept 33/64 samples (t_value >= 0.50)
2026-05-02 19:15:51,804 - INFO - Step  124200 | Epoch 125 | MSE: 0.3177 | Steps/sec: 1.59 | LR: 6.83e-05 | Render_L1: 0.0214 | Alpha_L1: 0.0251 | Render_LPIPS: 0.1581 | cos(c,null): +0.3511 | GradNorm: 0.0583 | MSE/t: [0.00-0.50]0.502(n=6437) [0.50-0.85]0.142(n=5784) [0.85-0.95]0.025(n=550) [0.95-1.00]0.014(n=29)
2026-05-02 19:15:51,907 - INFO - [render-loss] step=124200 kept 31/64 samples (t_value >= 0.50)
2026-05-02 19:17:47,520 - INFO - Step  124400 | Epoch 125 | MSE: 0.3138 | Steps/sec: 1.73 | LR: 6.80e-05 | Render_L1: 0.0217 | Alpha_L1: 0.0253 | Render_LPIPS: 0.1594 | cos(c,null): +0.3514 | GradNorm: 0.0592 | MSE/t: [0.00-0.50]0.501(n=6324) [0.50-0.85]0.141(n=5910) [0.85-0.95]0.025(n=532) [0.95-1.00]0.018(n=34)
2026-05-02 19:17:47,622 - INFO - [render-loss] step=124400 kept 37/64 samples (t_value >= 0.50)
2026-05-02 19:19:42,578 - INFO - Step  124600 | Epoch 125 | MSE: 0.3149 | Steps/sec: 1.74 | LR: 6.77e-05 | Render_L1: 0.0217 | Alpha_L1: 0.0246 | Render_LPIPS: 0.1586 | cos(c,null): +0.3511 | GradNorm: 0.0590 | MSE/t: [0.00-0.50]0.500(n=6371) [0.50-0.85]0.141(n=5901) [0.85-0.95]0.025(n=517) [0.95-1.00]0.015(n=11)
2026-05-02 19:19:42,680 - INFO - [render-loss] step=124600 kept 32/64 samples (t_value >= 0.50)
2026-05-02 19:21:37,830 - INFO - Step  124800 | Epoch 126 | MSE: 0.3178 | Steps/sec: 1.74 | LR: 6.74e-05 | Render_L1: 0.0219 | Alpha_L1: 0.0254 | Render_LPIPS: 0.1601 | cos(c,null): +0.3511 | GradNorm: 0.0601 | MSE/t: [0.00-0.50]0.501(n=6421) [0.50-0.85]0.144(n=5838) [0.85-0.95]0.026(n=518) [0.95-1.00]0.013(n=23)
2026-05-02 19:21:37,934 - INFO - [render-loss] step=124800 kept 31/64 samples (t_value >= 0.50)
2026-05-02 19:23:33,338 - INFO - Step  125000 | Epoch 126 | MSE: 0.3175 | Steps/sec: 1.73 | LR: 6.72e-05 | Render_L1: 0.0221 | Alpha_L1: 0.0252 | Render_LPIPS: 0.1606 | cos(c,null): +0.3524 | GradNorm: 0.0602 | MSE/t: [0.00-0.50]0.500(n=6465) [0.50-0.85]0.141(n=5800) [0.85-0.95]0.025(n=512) [0.95-1.00]0.014(n=23)
2026-05-02 19:23:33,550 - INFO - [cond] cfg_signal=0.0484 (min=0.0298 max=0.0742, n=16) | class_signal=0.0539 (min=0.0242 max=0.0797, n=16) | pred_rms=0.9496
2026-05-02 19:23:41,904 - INFO - [validation] saved: output/jit_B8_postfix_20260501_234201/dit_validation/epoch_126_step_0125000_class009.png (class=9, sampler=heun, steps=100)
2026-05-02 19:23:43,129 - INFO - [overrides] applied from jit/configs/overrides.yaml: lr_scale=1.0 max_grad_norm=5.0 null_repel_weight=0.0 P_mean=0.0
2026-05-02 19:23:43,226 - INFO - [render-loss] step=125000 kept 32/64 samples (t_value >= 0.50)
2026-05-02 19:25:38,270 - INFO - Step  125200 | Epoch 126 | MSE: 0.3192 | Steps/sec: 1.60 | LR: 6.69e-05 | Render_L1: 0.0219 | Alpha_L1: 0.0258 | Render_LPIPS: 0.1603 | cos(c,null): +0.3526 | GradNorm: 0.0593 | MSE/t: [0.00-0.50]0.503(n=6432) [0.50-0.85]0.143(n=5866) [0.85-0.95]0.025(n=487) [0.95-1.00]0.015(n=15)
2026-05-02 19:25:38,373 - INFO - [render-loss] step=125200 kept 27/64 samples (t_value >= 0.50)
2026-05-02 19:27:33,570 - INFO - Step  125400 | Epoch 126 | MSE: 0.3167 | Steps/sec: 1.73 | LR: 6.66e-05 | Render_L1: 0.0220 | Alpha_L1: 0.0253 | Render_LPIPS: 0.1600 | cos(c,null): +0.3533 | GradNorm: 0.0585 | MSE/t: [0.00-0.50]0.501(n=6385) [0.50-0.85]0.142(n=5904) [0.85-0.95]0.025(n=492) [0.95-1.00]0.016(n=19)
2026-05-02 19:27:33,672 - INFO - [render-loss] step=125400 kept 34/64 samples (t_value >= 0.50)
2026-05-02 19:29:29,490 - INFO - Step  125600 | Epoch 126 | MSE: 0.3153 | Steps/sec: 1.73 | LR: 6.63e-05 | Render_L1: 0.0215 | Alpha_L1: 0.0246 | Render_LPIPS: 0.1579 | cos(c,null): +0.3532 | GradNorm: 0.0595 | MSE/t: [0.00-0.50]0.502(n=6358) [0.50-0.85]0.141(n=5906) [0.85-0.95]0.026(n=516) [0.95-1.00]0.015(n=20)
2026-05-02 19:29:29,593 - INFO - [render-loss] step=125600 kept 34/64 samples (t_value >= 0.50)
2026-05-02 19:31:25,209 - INFO - Step  125800 | Epoch 127 | MSE: 0.3126 | Steps/sec: 1.73 | LR: 6.61e-05 | Render_L1: 0.0218 | Alpha_L1: 0.0253 | Render_LPIPS: 0.1592 | cos(c,null): +0.3530 | GradNorm: 0.0590 | MSE/t: [0.00-0.50]0.497(n=6320) [0.50-0.85]0.142(n=5959) [0.85-0.95]0.026(n=504) [0.95-1.00]0.015(n=17)
2026-05-02 19:31:25,312 - INFO - [render-loss] step=125800 kept 28/64 samples (t_value >= 0.50)
2026-05-02 19:33:20,554 - INFO - Step  126000 | Epoch 127 | MSE: 0.3181 | Steps/sec: 1.73 | LR: 6.58e-05 | Render_L1: 0.0214 | Alpha_L1: 0.0247 | Render_LPIPS: 0.1570 | cos(c,null): +0.3536 | GradNorm: 0.0588 | MSE/t: [0.00-0.50]0.503(n=6439) [0.50-0.85]0.141(n=5826) [0.85-0.95]0.026(n=509) [0.95-1.00]0.017(n=26)
2026-05-02 19:33:20,766 - INFO - [cond] cfg_signal=0.0472 (min=0.0282 max=0.0702, n=16) | class_signal=0.0541 (min=0.0218 max=0.0803, n=16) | pred_rms=0.9461
2026-05-02 19:33:29,368 - INFO - [validation] saved: output/jit_B8_postfix_20260501_234201/dit_validation/epoch_127_step_0126000_class092.png (class=92, sampler=heun, steps=100)
2026-05-02 19:33:30,601 - INFO - [overrides] applied from jit/configs/overrides.yaml: lr_scale=1.0 max_grad_norm=5.0 null_repel_weight=0.0 P_mean=0.0
2026-05-02 19:33:30,698 - INFO - [render-loss] step=126000 kept 28/64 samples (t_value >= 0.50)
2026-05-02 19:35:25,559 - INFO - Step  126200 | Epoch 127 | MSE: 0.3161 | Steps/sec: 1.60 | LR: 6.55e-05 | Render_L1: 0.0219 | Alpha_L1: 0.0255 | Render_LPIPS: 0.1600 | cos(c,null): +0.3533 | GradNorm: 0.0600 | MSE/t: [0.00-0.50]0.497(n=6443) [0.50-0.85]0.142(n=5833) [0.85-0.95]0.026(n=505) [0.95-1.00]0.013(n=19)
2026-05-02 19:35:25,662 - INFO - [render-loss] step=126200 kept 32/64 samples (t_value >= 0.50)
2026-05-02 19:37:20,893 - INFO - Step  126400 | Epoch 127 | MSE: 0.3146 | Steps/sec: 1.73 | LR: 6.52e-05 | Render_L1: 0.0220 | Alpha_L1: 0.0250 | Render_LPIPS: 0.1599 | cos(c,null): +0.3528 | GradNorm: 0.0594 | MSE/t: [0.00-0.50]0.499(n=6366) [0.50-0.85]0.142(n=5879) [0.85-0.95]0.025(n=533) [0.95-1.00]0.013(n=22)
2026-05-02 19:37:20,996 - INFO - [render-loss] step=126400 kept 36/64 samples (t_value >= 0.50)
2026-05-02 19:39:15,788 - INFO - Step  126600 | Epoch 127 | MSE: 0.3195 | Steps/sec: 1.74 | LR: 6.50e-05 | Render_L1: 0.0217 | Alpha_L1: 0.0246 | Render_LPIPS: 0.1586 | cos(c,null): +0.3530 | GradNorm: 0.0596 | MSE/t: [0.00-0.50]0.502(n=6490) [0.50-0.85]0.142(n=5748) [0.85-0.95]0.026(n=536) [0.95-1.00]0.018(n=26)
2026-05-02 19:39:15,890 - INFO - [render-loss] step=126600 kept 26/64 samples (t_value >= 0.50)
2026-05-02 19:41:12,289 - INFO - Step  126800 | Epoch 128 | MSE: 0.3160 | Steps/sec: 1.72 | LR: 6.47e-05 | Render_L1: 0.0215 | Alpha_L1: 0.0246 | Render_LPIPS: 0.1574 | cos(c,null): +0.3543 | GradNorm: 0.0608 | MSE/t: [0.00-0.50]0.500(n=6409) [0.50-0.85]0.142(n=5821) [0.85-0.95]0.026(n=552) [0.95-1.00]0.015(n=18)
2026-05-02 19:41:12,393 - INFO - [render-loss] step=126800 kept 36/64 samples (t_value >= 0.50)
2026-05-02 19:43:07,308 - INFO - Step  127000 | Epoch 128 | MSE: 0.3141 | Steps/sec: 1.74 | LR: 6.44e-05 | Render_L1: 0.0216 | Alpha_L1: 0.0253 | Render_LPIPS: 0.1588 | cos(c,null): +0.3544 | GradNorm: 0.0586 | MSE/t: [0.00-0.50]0.498(n=6358) [0.50-0.85]0.142(n=5906) [0.85-0.95]0.025(n=513) [0.95-1.00]0.015(n=23)
2026-05-02 19:43:07,522 - INFO - [cond] cfg_signal=0.0467 (min=0.0275 max=0.0653, n=16) | class_signal=0.0554 (min=0.0247 max=0.0857, n=16) | pred_rms=0.9559
2026-05-02 19:43:15,887 - INFO - [validation] saved: output/jit_B8_postfix_20260501_234201/dit_validation/epoch_128_step_0127000_class056.png (class=56, sampler=heun, steps=100)
2026-05-02 19:43:17,105 - INFO - [overrides] applied from jit/configs/overrides.yaml: lr_scale=1.0 max_grad_norm=5.0 null_repel_weight=0.0 P_mean=0.0
2026-05-02 19:43:17,203 - INFO - [render-loss] step=127000 kept 34/64 samples (t_value >= 0.50)
2026-05-02 19:45:12,553 - INFO - Step  127200 | Epoch 128 | MSE: 0.3169 | Steps/sec: 1.60 | LR: 6.41e-05 | Render_L1: 0.0218 | Alpha_L1: 0.0250 | Render_LPIPS: 0.1583 | cos(c,null): +0.3541 | GradNorm: 0.0590 | MSE/t: [0.00-0.50]0.501(n=6395) [0.50-0.85]0.143(n=5859) [0.85-0.95]0.026(n=528) [0.95-1.00]0.016(n=18)
2026-05-02 19:45:12,655 - INFO - [render-loss] step=127200 kept 36/64 samples (t_value >= 0.50)
2026-05-02 19:47:07,757 - INFO - Step  127400 | Epoch 128 | MSE: 0.3187 | Steps/sec: 1.74 | LR: 6.39e-05 | Render_L1: 0.0220 | Alpha_L1: 0.0255 | Render_LPIPS: 0.1601 | cos(c,null): +0.3539 | GradNorm: 0.0580 | MSE/t: [0.00-0.50]0.501(n=6455) [0.50-0.85]0.142(n=5842) [0.85-0.95]0.026(n=478) [0.95-1.00]0.016(n=25)
2026-05-02 19:47:07,864 - INFO - [render-loss] step=127400 kept 37/64 samples (t_value >= 0.50)
2026-05-02 19:49:03,063 - INFO - Step  127600 | Epoch 128 | MSE: 0.3183 | Steps/sec: 1.73 | LR: 6.36e-05 | Render_L1: 0.0215 | Alpha_L1: 0.0250 | Render_LPIPS: 0.1583 | cos(c,null): +0.3532 | GradNorm: 0.0604 | MSE/t: [0.00-0.50]0.503(n=6447) [0.50-0.85]0.141(n=5774) [0.85-0.95]0.025(n=561) [0.95-1.00]0.013(n=18)
2026-05-02 19:49:03,165 - INFO - [render-loss] step=127600 kept 35/64 samples (t_value >= 0.50)
2026-05-02 19:50:59,119 - INFO - Step  127800 | Epoch 129 | MSE: 0.3190 | Steps/sec: 1.72 | LR: 6.33e-05 | Render_L1: 0.0218 | Alpha_L1: 0.0251 | Render_LPIPS: 0.1592 | cos(c,null): +0.3538 | GradNorm: 0.0588 | MSE/t: [0.00-0.50]0.501(n=6487) [0.50-0.85]0.142(n=5789) [0.85-0.95]0.026(n=511) [0.95-1.00]0.013(n=13)
2026-05-02 19:50:59,221 - INFO - [render-loss] step=127800 kept 38/64 samples (t_value >= 0.50)
2026-05-02 19:52:55,067 - INFO - Step  128000 | Epoch 129 | MSE: 0.3124 | Steps/sec: 1.72 | LR: 6.31e-05 | Render_L1: 0.0216 | Alpha_L1: 0.0248 | Render_LPIPS: 0.1585 | cos(c,null): +0.3529 | GradNorm: 0.0585 | MSE/t: [0.00-0.50]0.499(n=6309) [0.50-0.85]0.140(n=5979) [0.85-0.95]0.026(n=496) [0.95-1.00]0.014(n=16)
2026-05-02 19:52:55,281 - INFO - [cond] cfg_signal=0.0462 (min=0.0270 max=0.0669, n=16) | class_signal=0.0548 (min=0.0272 max=0.0824, n=16) | pred_rms=0.9449
2026-05-02 19:53:03,906 - INFO - [validation] saved: output/jit_B8_postfix_20260501_234201/dit_validation/epoch_129_step_0128000_class054.png (class=54, sampler=heun, steps=100)
2026-05-02 19:53:05,144 - INFO - [overrides] applied from jit/configs/overrides.yaml: lr_scale=1.0 max_grad_norm=5.0 null_repel_weight=0.0 P_mean=0.0
2026-05-02 19:53:05,242 - INFO - [render-loss] step=128000 kept 30/64 samples (t_value >= 0.50)
2026-05-02 19:55:01,605 - INFO - Step  128200 | Epoch 129 | MSE: 0.3162 | Steps/sec: 1.58 | LR: 6.28e-05 | Render_L1: 0.0219 | Alpha_L1: 0.0250 | Render_LPIPS: 0.1598 | cos(c,null): +0.3534 | GradNorm: 0.0582 | MSE/t: [0.00-0.50]0.504(n=6339) [0.50-0.85]0.141(n=5938) [0.85-0.95]0.026(n=501) [0.95-1.00]0.017(n=22)
2026-05-02 19:55:01,708 - INFO - [render-loss] step=128200 kept 37/64 samples (t_value >= 0.50)
2026-05-02 19:56:59,205 - INFO - Step  128400 | Epoch 129 | MSE: 0.3171 | Steps/sec: 1.70 | LR: 6.25e-05 | Render_L1: 0.0216 | Alpha_L1: 0.0252 | Render_LPIPS: 0.1578 | cos(c,null): +0.3534 | GradNorm: 0.0588 | MSE/t: [0.00-0.50]0.501(n=6432) [0.50-0.85]0.141(n=5827) [0.85-0.95]0.025(n=516) [0.95-1.00]0.021(n=25)
2026-05-02 19:56:59,307 - INFO - [render-loss] step=128400 kept 30/64 samples (t_value >= 0.50)
2026-05-02 19:58:54,285 - INFO - Step  128600 | Epoch 129 | MSE: 0.3170 | Steps/sec: 1.74 | LR: 6.22e-05 | Render_L1: 0.0216 | Alpha_L1: 0.0248 | Render_LPIPS: 0.1586 | cos(c,null): +0.3529 | GradNorm: 0.0587 | MSE/t: [0.00-0.50]0.502(n=6388) [0.50-0.85]0.142(n=5863) [0.85-0.95]0.025(n=528) [0.95-1.00]0.013(n=21)
2026-05-02 19:58:54,388 - INFO - [render-loss] step=128600 kept 39/64 samples (t_value >= 0.50)
W0502 19:59:09.244000 625945 torch/distributed/elastic/multiprocessing/api.py:1012] Sending process 626136 closing signal SIGTERM
W0502 19:59:09.246000 625945 torch/distributed/elastic/multiprocessing/api.py:1012] Sending process 626137 closing signal SIGTERM
W0502 19:59:09.246000 625945 torch/distributed/elastic/multiprocessing/api.py:1012] Sending process 626138 closing signal SIGTERM
E0502 19:59:09.254000 625945 torch/distributed/elastic/multiprocessing/api.py:986] failed (exitcode: -15) local_rank: 0 (pid: 626135) of binary: /home/hmolin/3DGen-Playground/.3dgen/bin/python3
Traceback (most recent call last):
  File "/home/hmolin/3DGen-Playground/.3dgen/bin/accelerate", line 8, in <module>
    sys.exit(main())
  File "/home/hmolin/3DGen-Playground/.3dgen/lib/python3.10/site-packages/accelerate/commands/accelerate_cli.py", line 50, in main
    args.func(args)
  File "/home/hmolin/3DGen-Playground/.3dgen/lib/python3.10/site-packages/accelerate/commands/launch.py", line 1396, in launch_command
    multi_gpu_launcher(args)
  File "/home/hmolin/3DGen-Playground/.3dgen/lib/python3.10/site-packages/accelerate/commands/launch.py", line 1023, in multi_gpu_launcher
    distrib_run.run(args)
  File "/home/hmolin/3DGen-Playground/.3dgen/lib/python3.10/site-packages/torch/distributed/run.py", line 981, in run
    elastic_launch(
  File "/home/hmolin/3DGen-Playground/.3dgen/lib/python3.10/site-packages/torch/distributed/launcher/api.py", line 170, in __call__
    return launch_agent(self._config, self._entrypoint, list(args))
  File "/home/hmolin/3DGen-Playground/.3dgen/lib/python3.10/site-packages/torch/distributed/launcher/api.py", line 317, in launch_agent
    raise ChildFailedError(
torch.distributed.elastic.multiprocessing.errors.ChildFailedError: 
========================================================
jit/train_gsplat.py FAILED
--------------------------------------------------------
Failures:
[1]:
  time      : 2026-05-02_19:59:09
  host      : yusu-l4.c.gcp-langmotion.internal
  rank      : 1 (local_rank: 1)
  exitcode  : -15 (pid: 626136)
  error_file: <N/A>
  traceback : Signal 15 (SIGTERM) received by PID 626136
[2]:
  time      : 2026-05-02_19:59:09
  host      : yusu-l4.c.gcp-langmotion.internal
  rank      : 2 (local_rank: 2)
  exitcode  : -15 (pid: 626137)
  error_file: <N/A>
  traceback : Signal 15 (SIGTERM) received by PID 626137
[3]:
  time      : 2026-05-02_19:59:09
  host      : yusu-l4.c.gcp-langmotion.internal
  rank      : 3 (local_rank: 3)
  exitcode  : -15 (pid: 626138)
  error_file: <N/A>
  traceback : Signal 15 (SIGTERM) received by PID 626138
--------------------------------------------------------
Root Cause (first observed failure):
[0]:
  time      : 2026-05-02_19:59:09
  host      : yusu-l4.c.gcp-langmotion.internal
  rank      : 0 (local_rank: 0)
  exitcode  : -15 (pid: 626135)
  error_file: <N/A>
  traceback : Signal 15 (SIGTERM) received by PID 626135
========================================================
