2026-04-24 21:56:25,492 - INFO - Accelerator: num_processes=2, mixed_precision=bf16, device=cuda:0
2026-04-24 21:56:25,493 - INFO - Validation sampler: heun
2026-04-24 21:56:25,940 - INFO - Loading class map from /home/hmolin/3DGen-Playground/object_labels/improved_labels/object_to_class.json
2026-04-24 21:56:26,099 - INFO - Loading sphere2plane permutation from /home/tiangexiang/gen3d/gaussianverse/sphere2plane.npy
2026-04-24 21:56:26,099 - INFO - Number of classes: 120
2026-04-24 21:56:26,100 - INFO - Creating base dataset...
2026-04-24 21:56:26,100 - INFO - Loading sphere2plane permutation from /home/tiangexiang/gen3d/gaussianverse/sphere2plane.npy
2026-04-24 21:56:26,110 - INFO - Loading obj list from /home/tiangexiang/gen3d/gaussianverse/all_obj_list_filtered.json
2026-04-24 21:56:26,110 - INFO - Loading obj list from /home/tiangexiang/gen3d/gaussianverse/all_obj_list_filtered.json
2026-04-24 21:56:26,341 - INFO - Loaded 254338 entries from /home/tiangexiang/gen3d/gaussianverse/all_obj_list_filtered.json
2026-04-24 21:56:26,341 - INFO - Loaded 254338 entries from /home/tiangexiang/gen3d/gaussianverse/all_obj_list_filtered.json
2026-04-24 21:56:26,347 - INFO - Total merged entries: 254338
2026-04-24 21:56:26,347 - INFO - Total merged entries: 254338
2026-04-24 21:56:26,354 - INFO - Loading normalization statistics from /home/hmolin/3DGen-Playground/data/stats/all_mean.pt and /home/hmolin/3DGen-Playground/data/stats/all_std.pt
2026-04-24 21:56:26,355 - INFO - Loading normalization statistics from /home/hmolin/3DGen-Playground/data/stats/all_mean.pt and /home/hmolin/3DGen-Playground/data/stats/all_std.pt
2026-04-24 21:56:26,373 - INFO - Initialized dataset with 254338 samples
2026-04-24 21:56:26,373 - INFO - Initialized dataset with 254338 samples
2026-04-24 21:56:26,374 - INFO - sh_degree0_only: selecting 14 features from 59
2026-04-24 21:56:26,455 - INFO - Loaded sphere2plane permutation: 16384 points
2026-04-24 21:56:26,715 - INFO - Class3DGenDataset: 254338 valid samples, 0 skipped (class -1 or missing)
2026-04-24 21:56:26,716 - INFO - Class3DGenDataset: 254338 valid samples, 0 skipped (class -1 or missing)
2026-04-24 21:56:26,736 - INFO - [class-balanced] sampling with inverse-frequency weights over 120 classes (min=682, max=4315, mean=2119.5 samples/class)
2026-04-24 21:56:26,736 - INFO - Dataset size: 254338, Per-GPU batch size: 16
2026-04-24 21:56:26,736 - INFO - Creating model: JiT-B/8
2026-04-24 21:56:28,464 - INFO - JiT spatial folding: disabled (factor=1)
2026-04-24 21:56:28,465 - INFO - Model parameters: 130,734,720 (130.7M)
2026-04-24 21:56:28,774 - INFO - Diffusion timesteps: 1000, predict=x0, schedule=squaredcos_cap_v2
2026-04-24 21:56:28,774 - INFO - Training mode: DDPM (sampler=heun), timestep sampling: sigmoid(N(0.000, 1.000)) mapped to discrete steps [0, 999]
2026-04-24 21:56:31,236 - INFO - LR schedule: cosine | warmup=500 opt steps | max_opt_steps=556360 | lr_min=1e-05
2026-04-24 21:56:31,297 - INFO - [channel_loss_weights] active: 14 values, mean=1.0000, min=0.6440, max=1.7350
2026-04-24 21:56:31,461 - INFO - Loaded 52 reference cameras from /home/hmolin/3DGen-Playground/artifacts/ref_camera.tar.gz
/home/hmolin/3DGen-Playground/.3dgen/lib/python3.10/site-packages/torchvision/models/_utils.py:208: UserWarning: The parameter 'pretrained' is deprecated since 0.13 and may be removed in the future, please use 'weights' instead.
  warnings.warn(
/home/hmolin/3DGen-Playground/.3dgen/lib/python3.10/site-packages/torchvision/models/_utils.py:208: UserWarning: The parameter 'pretrained' is deprecated since 0.13 and may be removed in the future, please use 'weights' instead.
  warnings.warn(
/home/hmolin/3DGen-Playground/.3dgen/lib/python3.10/site-packages/torchvision/models/_utils.py:223: UserWarning: Arguments other than a weight enum or `None` for 'weights' are deprecated since 0.13 and may be removed in the future. The current behavior is equivalent to passing `weights=VGG16_Weights.IMAGENET1K_V1`. You can also use `weights=VGG16_Weights.DEFAULT` to get the most up-to-date weights.
  warnings.warn(msg)
/home/hmolin/3DGen-Playground/.3dgen/lib/python3.10/site-packages/torchvision/models/_utils.py:223: UserWarning: Arguments other than a weight enum or `None` for 'weights' are deprecated since 0.13 and may be removed in the future. The current behavior is equivalent to passing `weights=VGG16_Weights.IMAGENET1K_V1`. You can also use `weights=VGG16_Weights.DEFAULT` to get the most up-to-date weights.
  warnings.warn(msg)
2026-04-24 21:56:34,751 - INFO - Starting training from epoch 0, step 0...
2026-04-24 21:56:34,751 - INFO - [render_weight_schedule] active with 4 control points: (50000, rl1=0.000, a=0.000, lp=0.0000), (80000, rl1=0.300, a=0.150, lp=0.0200), (140000, rl1=0.300, a=0.150, lp=0.0200), (200000, rl1=6.000, a=3.000, lp=0.4000) | initial weights at step 0: rl1=0.0000, alpha=0.0000, lpips=0.0000
2026-04-24 21:57:40,886 - INFO - Step     200 | Epoch   0 | MSE: 0.7922 | Steps/sec: 3.02 | LR: 8.00e-05 | Repel: 0.0000 | cos(c,null): -0.0063 | GradNorm: 0.1964 | MSE/t: [0.00-0.25]0.837(n=434) [0.25-0.50]0.796(n=1156) [0.50-0.75]0.754(n=1151) [0.75-1.00]0.836(n=459)
2026-04-24 21:57:41,452 - INFO - [cond] cfg_signal=0.0534 (min=0.0325 max=0.0825, n=16) | class_signal=0.0513 (min=0.0279 max=0.0839, n=16) | pred_rms=0.2485
2026-04-24 21:58:45,064 - INFO - Step     400 | Epoch   0 | MSE: 0.5772 | Steps/sec: 3.14 | LR: 1.60e-04 | Repel: 0.0000 | cos(c,null): -0.0059 | GradNorm: 0.1893 | MSE/t: [0.00-0.25]0.678(n=457) [0.25-0.50]0.593(n=1156) [0.50-0.75]0.539(n=1164) [0.75-1.00]0.530(n=423)
2026-04-24 21:58:45,568 - INFO - [cond] cfg_signal=0.0659 (min=0.0551 max=0.0812, n=16) | class_signal=0.0455 (min=0.0281 max=0.0778, n=16) | pred_rms=0.2403
2026-04-24 21:59:48,293 - INFO - Step     600 | Epoch   0 | MSE: 0.5537 | Steps/sec: 3.19 | LR: 2.00e-04 | Repel: 0.0000 | cos(c,null): -0.0064 | GradNorm: 0.1399 | MSE/t: [0.00-0.25]0.660(n=439) [0.25-0.50]0.572(n=1153) [0.50-0.75]0.525(n=1147) [0.75-1.00]0.477(n=461)
2026-04-24 21:59:48,786 - INFO - [cond] cfg_signal=0.0496 (min=0.0371 max=0.0673, n=16) | class_signal=0.0362 (min=0.0239 max=0.0574, n=16) | pred_rms=0.2603
2026-04-24 22:00:52,204 - INFO - Step     800 | Epoch   0 | MSE: 0.5239 | Steps/sec: 3.15 | LR: 2.00e-04 | Repel: 0.0000 | cos(c,null): -0.0066 | GradNorm: 0.0946 | MSE/t: [0.00-0.25]0.596(n=485) [0.25-0.50]0.548(n=1109) [0.50-0.75]0.498(n=1150) [0.75-1.00]0.454(n=456)
2026-04-24 22:00:52,708 - INFO - [cond] cfg_signal=0.0372 (min=0.0273 max=0.0599, n=16) | class_signal=0.0368 (min=0.0240 max=0.0531, n=16) | pred_rms=0.2435
2026-04-24 22:01:55,428 - INFO - Step    1000 | Epoch   0 | MSE: 0.5253 | Steps/sec: 3.19 | LR: 2.00e-04 | Repel: 0.0000 | cos(c,null): -0.0067 | GradNorm: 0.0853 | MSE/t: [0.00-0.25]0.618(n=435) [0.25-0.50]0.557(n=1136) [0.50-0.75]0.495(n=1177) [0.75-1.00]0.433(n=452)
2026-04-24 22:01:55,945 - INFO - [cond] cfg_signal=0.0398 (min=0.0263 max=0.0587, n=16) | class_signal=0.0355 (min=0.0240 max=0.0510, n=16) | pred_rms=0.2674
2026-04-24 22:02:04,949 - INFO - [validation] saved: output/jit_JiT-B_8_from_scratch_null_repel/dit_validation/epoch_000_step_0001000_class108.png (class=108, sampler=heun, steps=100)
2026-04-24 22:03:08,698 - INFO - Step    1200 | Epoch   0 | MSE: 0.5234 | Steps/sec: 2.75 | LR: 2.00e-04 | Repel: 0.0000 | cos(c,null): -0.0068 | GradNorm: 0.0781 | MSE/t: [0.00-0.25]0.630(n=383) [0.25-0.50]0.569(n=1150) [0.50-0.75]0.483(n=1237) [0.75-1.00]0.421(n=430)
2026-04-24 22:03:09,232 - INFO - [cond] cfg_signal=0.0354 (min=0.0230 max=0.0632, n=16) | class_signal=0.0363 (min=0.0200 max=0.0517, n=16) | pred_rms=0.3306
2026-04-24 22:04:12,099 - INFO - Step    1400 | Epoch   0 | MSE: 0.4999 | Steps/sec: 3.18 | LR: 2.00e-04 | Repel: 0.0000 | cos(c,null): -0.0070 | GradNorm: 0.0599 | MSE/t: [0.00-0.25]0.591(n=441) [0.25-0.50]0.522(n=1144) [0.50-0.75]0.463(n=1162) [0.75-1.00]0.452(n=453)
2026-04-24 22:04:12,628 - INFO - [cond] cfg_signal=0.0332 (min=0.0184 max=0.0591, n=16) | class_signal=0.0390 (min=0.0222 max=0.0578, n=16) | pred_rms=0.3571
2026-04-24 22:05:15,456 - INFO - Step    1600 | Epoch   0 | MSE: 0.4936 | Steps/sec: 3.18 | LR: 2.00e-04 | Repel: 0.0000 | cos(c,null): -0.0071 | GradNorm: 0.0793 | MSE/t: [0.00-0.25]0.618(n=435) [0.25-0.50]0.511(n=1177) [0.50-0.75]0.456(n=1126) [0.75-1.00]0.425(n=462)
2026-04-24 22:05:15,944 - INFO - [cond] cfg_signal=0.0388 (min=0.0295 max=0.0501, n=16) | class_signal=0.0397 (min=0.0221 max=0.0566, n=16) | pred_rms=0.3447
2026-04-24 22:06:18,210 - INFO - Step    1800 | Epoch   0 | MSE: 0.4994 | Steps/sec: 3.21 | LR: 2.00e-04 | Repel: 0.0000 | cos(c,null): -0.0074 | GradNorm: 0.0700 | MSE/t: [0.00-0.25]0.609(n=435) [0.25-0.50]0.527(n=1165) [0.50-0.75]0.461(n=1178) [0.75-1.00]0.418(n=422)
2026-04-24 22:06:18,715 - INFO - [cond] cfg_signal=0.0320 (min=0.0181 max=0.0553, n=16) | class_signal=0.0385 (min=0.0203 max=0.0651, n=16) | pred_rms=0.3827
2026-04-24 22:07:21,095 - INFO - Step    2000 | Epoch   0 | MSE: 0.4914 | Steps/sec: 3.21 | LR: 2.00e-04 | Repel: 0.0000 | cos(c,null): -0.0074 | GradNorm: 0.0572 | MSE/t: [0.00-0.25]0.593(n=423) [0.25-0.50]0.523(n=1141) [0.50-0.75]0.457(n=1163) [0.75-1.00]0.408(n=473)
2026-04-24 22:07:21,682 - INFO - [cond] cfg_signal=0.0280 (min=0.0206 max=0.0470, n=16) | class_signal=0.0315 (min=0.0234 max=0.0415, n=16) | pred_rms=0.4142
2026-04-24 22:07:30,079 - INFO - [validation] saved: output/jit_JiT-B_8_from_scratch_null_repel/dit_validation/epoch_000_step_0002000_class097.png (class=97, sampler=heun, steps=100)
2026-04-24 22:08:33,252 - INFO - Step    2200 | Epoch   0 | MSE: 0.4889 | Steps/sec: 2.79 | LR: 2.00e-04 | Repel: 0.0000 | cos(c,null): -0.0073 | GradNorm: 0.0502 | MSE/t: [0.00-0.25]0.599(n=411) [0.25-0.50]0.519(n=1133) [0.50-0.75]0.462(n=1189) [0.75-1.00]0.387(n=467)
2026-04-24 22:08:33,935 - INFO - [cond] cfg_signal=0.0304 (min=0.0225 max=0.0612, n=16) | class_signal=0.0321 (min=0.0177 max=0.0654, n=16) | pred_rms=0.4266
2026-04-24 22:09:36,549 - INFO - Step    2400 | Epoch   0 | MSE: 0.4952 | Steps/sec: 3.19 | LR: 2.00e-04 | Repel: 0.0000 | cos(c,null): -0.0074 | GradNorm: 0.0604 | MSE/t: [0.00-0.25]0.608(n=416) [0.25-0.50]0.532(n=1166) [0.50-0.75]0.442(n=1161) [0.75-1.00]0.434(n=457)
2026-04-24 22:09:37,059 - INFO - [cond] cfg_signal=0.0290 (min=0.0215 max=0.0374, n=16) | class_signal=0.0328 (min=0.0200 max=0.0488, n=16) | pred_rms=0.4583
2026-04-24 22:10:39,404 - INFO - Step    2600 | Epoch   0 | MSE: 0.4985 | Steps/sec: 3.21 | LR: 2.00e-04 | Repel: 0.0000 | cos(c,null): -0.0075 | GradNorm: 0.0618 | MSE/t: [0.00-0.25]0.591(n=446) [0.25-0.50]0.531(n=1183) [0.50-0.75]0.457(n=1167) [0.75-1.00]0.419(n=404)
2026-04-24 22:10:39,883 - INFO - [cond] cfg_signal=0.0358 (min=0.0289 max=0.0517, n=16) | class_signal=0.0414 (min=0.0269 max=0.0561, n=16) | pred_rms=0.4181
2026-04-24 22:11:42,414 - INFO - Step    2800 | Epoch   0 | MSE: 0.4975 | Steps/sec: 3.20 | LR: 2.00e-04 | Repel: 0.0000 | cos(c,null): -0.0072 | GradNorm: 0.0571 | MSE/t: [0.00-0.25]0.639(n=439) [0.25-0.50]0.542(n=1161) [0.50-0.75]0.436(n=1168) [0.75-1.00]0.402(n=432)
2026-04-24 22:11:42,921 - INFO - [cond] cfg_signal=0.0344 (min=0.0243 max=0.0479, n=16) | class_signal=0.0444 (min=0.0268 max=0.0568, n=16) | pred_rms=0.4572
2026-04-24 22:12:46,182 - INFO - Step    3000 | Epoch   0 | MSE: 0.4861 | Steps/sec: 3.16 | LR: 2.00e-04 | Repel: 0.0000 | cos(c,null): -0.0069 | GradNorm: 0.0608 | MSE/t: [0.00-0.25]0.610(n=437) [0.25-0.50]0.507(n=1119) [0.50-0.75]0.450(n=1210) [0.75-1.00]0.407(n=434)
2026-04-24 22:12:46,676 - INFO - [cond] cfg_signal=0.0403 (min=0.0301 max=0.0581, n=16) | class_signal=0.0450 (min=0.0287 max=0.0621, n=16) | pred_rms=0.4332
2026-04-24 22:12:54,879 - INFO - [validation] saved: output/jit_JiT-B_8_from_scratch_null_repel/dit_validation/epoch_000_step_0003000_class005.png (class=5, sampler=heun, steps=100)
2026-04-24 22:13:57,869 - INFO - Step    3200 | Epoch   0 | MSE: 0.4959 | Steps/sec: 2.81 | LR: 2.00e-04 | Repel: 0.0000 | cos(c,null): -0.0066 | GradNorm: 0.0545 | MSE/t: [0.00-0.25]0.611(n=418) [0.25-0.50]0.537(n=1205) [0.50-0.75]0.448(n=1136) [0.75-1.00]0.399(n=441)
2026-04-24 22:13:58,414 - INFO - [cond] cfg_signal=0.0354 (min=0.0264 max=0.0491, n=16) | class_signal=0.0421 (min=0.0211 max=0.0638, n=16) | pred_rms=0.4509
2026-04-24 22:15:00,705 - INFO - Step    3400 | Epoch   0 | MSE: 0.4827 | Steps/sec: 3.21 | LR: 2.00e-04 | Repel: 0.0000 | cos(c,null): -0.0063 | GradNorm: 0.0498 | MSE/t: [0.00-0.25]0.578(n=428) [0.25-0.50]0.517(n=1156) [0.50-0.75]0.437(n=1175) [0.75-1.00]0.420(n=441)
2026-04-24 22:15:01,226 - INFO - [cond] cfg_signal=0.0354 (min=0.0253 max=0.0491, n=16) | class_signal=0.0427 (min=0.0235 max=0.0659, n=16) | pred_rms=0.4471
2026-04-24 22:16:04,534 - INFO - Step    3600 | Epoch   0 | MSE: 0.4883 | Steps/sec: 3.16 | LR: 2.00e-04 | Repel: 0.0000 | cos(c,null): -0.0061 | GradNorm: 0.0577 | MSE/t: [0.00-0.25]0.618(n=457) [0.25-0.50]0.528(n=1149) [0.50-0.75]0.428(n=1136) [0.75-1.00]0.409(n=458)
2026-04-24 22:16:05,054 - INFO - [cond] cfg_signal=0.0447 (min=0.0264 max=0.0598, n=16) | class_signal=0.0451 (min=0.0239 max=0.0612, n=16) | pred_rms=0.4027
2026-04-24 22:17:07,484 - INFO - Step    3800 | Epoch   0 | MSE: 0.4879 | Steps/sec: 3.20 | LR: 2.00e-04 | Repel: 0.0000 | cos(c,null): -0.0058 | GradNorm: 0.0539 | MSE/t: [0.00-0.25]0.616(n=420) [0.25-0.50]0.520(n=1170) [0.50-0.75]0.449(n=1164) [0.75-1.00]0.387(n=446)
2026-04-24 22:17:07,987 - INFO - [cond] cfg_signal=0.0367 (min=0.0234 max=0.0529, n=16) | class_signal=0.0448 (min=0.0312 max=0.0670, n=16) | pred_rms=0.4258
2026-04-24 22:18:09,682 - INFO - Step    4000 | Epoch   0 | MSE: 0.4863 | Steps/sec: 3.24 | LR: 2.00e-04 | Repel: 0.0000 | cos(c,null): -0.0055 | GradNorm: 0.0540 | MSE/t: [0.00-0.25]0.605(n=427) [0.25-0.50]0.520(n=1200) [0.50-0.75]0.432(n=1162) [0.75-1.00]0.419(n=411)
2026-04-24 22:18:10,170 - INFO - [cond] cfg_signal=0.0413 (min=0.0245 max=0.0597, n=16) | class_signal=0.0487 (min=0.0280 max=0.0676, n=16) | pred_rms=0.4012
2026-04-24 22:18:18,320 - INFO - [validation] saved: output/jit_JiT-B_8_from_scratch_null_repel/dit_validation/epoch_000_step_0004000_class065.png (class=65, sampler=heun, steps=100)
2026-04-24 22:19:22,816 - INFO - Step    4200 | Epoch   0 | MSE: 0.4828 | Steps/sec: 2.75 | LR: 2.00e-04 | Repel: 0.0000 | cos(c,null): -0.0050 | GradNorm: 0.0385 | MSE/t: [0.00-0.25]0.602(n=434) [0.25-0.50]0.527(n=1182) [0.50-0.75]0.437(n=1166) [0.75-1.00]0.364(n=418)
2026-04-24 22:19:23,311 - INFO - [cond] cfg_signal=0.0369 (min=0.0230 max=0.0625, n=16) | class_signal=0.0469 (min=0.0259 max=0.0692, n=16) | pred_rms=0.4316
2026-04-24 22:20:26,239 - INFO - Step    4400 | Epoch   0 | MSE: 0.4850 | Steps/sec: 3.18 | LR: 2.00e-04 | Repel: 0.0000 | cos(c,null): -0.0045 | GradNorm: 0.0463 | MSE/t: [0.00-0.25]0.589(n=473) [0.25-0.50]0.518(n=1168) [0.50-0.75]0.435(n=1143) [0.75-1.00]0.410(n=416)
2026-04-24 22:20:26,769 - INFO - [cond] cfg_signal=0.0413 (min=0.0238 max=0.0563, n=16) | class_signal=0.0457 (min=0.0224 max=0.0691, n=16) | pred_rms=0.4335
2026-04-24 22:21:28,625 - INFO - Step    4600 | Epoch   0 | MSE: 0.4828 | Steps/sec: 3.23 | LR: 2.00e-04 | Repel: 0.0000 | cos(c,null): -0.0042 | GradNorm: 0.0427 | MSE/t: [0.00-0.25]0.600(n=464) [0.25-0.50]0.516(n=1172) [0.50-0.75]0.424(n=1155) [0.75-1.00]0.420(n=409)
2026-04-24 22:21:29,122 - INFO - [cond] cfg_signal=0.0381 (min=0.0279 max=0.0527, n=16) | class_signal=0.0467 (min=0.0297 max=0.0592, n=16) | pred_rms=0.4315
2026-04-24 22:22:31,659 - INFO - Step    4800 | Epoch   0 | MSE: 0.4835 | Steps/sec: 3.20 | LR: 2.00e-04 | Repel: 0.0000 | cos(c,null): -0.0037 | GradNorm: 0.0425 | MSE/t: [0.00-0.25]0.571(n=450) [0.25-0.50]0.534(n=1143) [0.50-0.75]0.432(n=1168) [0.75-1.00]0.399(n=439)
2026-04-24 22:22:32,197 - INFO - [cond] cfg_signal=0.0458 (min=0.0263 max=0.0610, n=16) | class_signal=0.0447 (min=0.0277 max=0.0612, n=16) | pred_rms=0.4423
2026-04-24 22:23:35,208 - INFO - Step    5000 | Epoch   0 | MSE: 0.4678 | Steps/sec: 3.17 | LR: 2.00e-04 | Repel: 0.0000 | cos(c,null): -0.0044 | GradNorm: 0.0419 | MSE/t: [0.00-0.25]0.593(n=436) [0.25-0.50]0.500(n=1123) [0.50-0.75]0.424(n=1207) [0.75-1.00]0.380(n=434)
2026-04-24 22:23:35,697 - INFO - [cond] cfg_signal=0.0375 (min=0.0256 max=0.0555, n=16) | class_signal=0.0441 (min=0.0262 max=0.0597, n=16) | pred_rms=0.4259
2026-04-24 22:23:43,939 - INFO - [validation] saved: output/jit_JiT-B_8_from_scratch_null_repel/dit_validation/epoch_000_step_0005000_class051.png (class=51, sampler=heun, steps=100)
2026-04-24 22:24:46,822 - INFO - Step    5200 | Epoch   0 | MSE: 0.4775 | Steps/sec: 2.81 | LR: 2.00e-04 | Repel: 0.0000 | cos(c,null): -0.0038 | GradNorm: 0.0418 | MSE/t: [0.00-0.25]0.621(n=445) [0.25-0.50]0.506(n=1161) [0.50-0.75]0.427(n=1168) [0.75-1.00]0.388(n=426)
2026-04-24 22:24:47,373 - INFO - [cond] cfg_signal=0.0421 (min=0.0253 max=0.0592, n=16) | class_signal=0.0480 (min=0.0309 max=0.0619, n=16) | pred_rms=0.4727
2026-04-24 22:25:48,851 - INFO - Step    5400 | Epoch   0 | MSE: 0.4710 | Steps/sec: 3.25 | LR: 2.00e-04 | Repel: 0.0000 | cos(c,null): -0.0032 | GradNorm: 0.0396 | MSE/t: [0.00-0.25]0.547(n=457) [0.25-0.50]0.517(n=1101) [0.50-0.75]0.424(n=1194) [0.75-1.00]0.405(n=448)
2026-04-24 22:25:49,346 - INFO - [cond] cfg_signal=0.0399 (min=0.0236 max=0.0554, n=16) | class_signal=0.0500 (min=0.0291 max=0.0629, n=16) | pred_rms=0.4391
2026-04-24 22:26:52,096 - INFO - Step    5600 | Epoch   0 | MSE: 0.4778 | Steps/sec: 3.19 | LR: 2.00e-04 | Repel: 0.0000 | cos(c,null): -0.0025 | GradNorm: 0.0657 | MSE/t: [0.00-0.25]0.600(n=446) [0.25-0.50]0.511(n=1140) [0.50-0.75]0.423(n=1179) [0.75-1.00]0.413(n=435)
2026-04-24 22:26:52,612 - INFO - [cond] cfg_signal=0.0527 (min=0.0403 max=0.0772, n=16) | class_signal=0.0616 (min=0.0356 max=0.0903, n=16) | pred_rms=0.4468
2026-04-24 22:27:54,583 - INFO - Step    5800 | Epoch   0 | MSE: 0.4804 | Steps/sec: 3.23 | LR: 2.00e-04 | Repel: 0.0000 | cos(c,null): -0.0010 | GradNorm: 0.0595 | MSE/t: [0.00-0.25]0.606(n=422) [0.25-0.50]0.520(n=1144) [0.50-0.75]0.430(n=1184) [0.75-1.00]0.396(n=450)
2026-04-24 22:27:55,074 - INFO - [cond] cfg_signal=0.0489 (min=0.0361 max=0.0730, n=16) | class_signal=0.0525 (min=0.0381 max=0.0697, n=16) | pred_rms=0.4666
2026-04-24 22:28:56,679 - INFO - Step    6000 | Epoch   0 | MSE: 0.4815 | Steps/sec: 3.25 | LR: 2.00e-04 | Repel: 0.0000 | cos(c,null): -0.0006 | GradNorm: 0.0446 | MSE/t: [0.00-0.25]0.601(n=413) [0.25-0.50]0.524(n=1196) [0.50-0.75]0.421(n=1160) [0.75-1.00]0.413(n=431)
2026-04-24 22:28:57,167 - INFO - [cond] cfg_signal=0.0406 (min=0.0277 max=0.0508, n=16) | class_signal=0.0493 (min=0.0342 max=0.0622, n=16) | pred_rms=0.4643
2026-04-24 22:29:05,363 - INFO - [validation] saved: output/jit_JiT-B_8_from_scratch_null_repel/dit_validation/epoch_000_step_0006000_class106.png (class=106, sampler=heun, steps=100)
2026-04-24 22:30:07,811 - INFO - Step    6200 | Epoch   0 | MSE: 0.4685 | Steps/sec: 2.83 | LR: 2.00e-04 | Repel: 0.0000 | cos(c,null): -0.0001 | GradNorm: 0.0453 | MSE/t: [0.00-0.25]0.569(n=474) [0.25-0.50]0.495(n=1163) [0.50-0.75]0.433(n=1144) [0.75-1.00]0.378(n=419)
2026-04-24 22:30:08,325 - INFO - [cond] cfg_signal=0.0376 (min=0.0243 max=0.0479, n=16) | class_signal=0.0486 (min=0.0305 max=0.0606, n=16) | pred_rms=0.4524
2026-04-24 22:31:12,266 - INFO - Step    6400 | Epoch   0 | MSE: 0.4711 | Steps/sec: 3.13 | LR: 2.00e-04 | Repel: 0.0000 | cos(c,null): +0.0004 | GradNorm: 0.0367 | MSE/t: [0.00-0.25]0.602(n=419) [0.25-0.50]0.508(n=1183) [0.50-0.75]0.418(n=1164) [0.75-1.00]0.388(n=434)
2026-04-24 22:31:12,770 - INFO - [cond] cfg_signal=0.0391 (min=0.0270 max=0.0557, n=16) | class_signal=0.0480 (min=0.0342 max=0.0579, n=16) | pred_rms=0.4857
2026-04-24 22:32:15,787 - INFO - Step    6600 | Epoch   0 | MSE: 0.4768 | Steps/sec: 3.17 | LR: 2.00e-04 | Repel: 0.0000 | cos(c,null): +0.0009 | GradNorm: 0.0345 | MSE/t: [0.00-0.25]0.561(n=431) [0.25-0.50]0.516(n=1180) [0.50-0.75]0.440(n=1173) [0.75-1.00]0.382(n=416)
2026-04-24 22:32:16,280 - INFO - [cond] cfg_signal=0.0431 (min=0.0311 max=0.0530, n=16) | class_signal=0.0433 (min=0.0286 max=0.0548, n=16) | pred_rms=0.4982
2026-04-24 22:33:18,754 - INFO - Step    6800 | Epoch   0 | MSE: 0.4770 | Steps/sec: 3.20 | LR: 2.00e-04 | Repel: 0.0000 | cos(c,null): +0.0013 | GradNorm: 0.0373 | MSE/t: [0.00-0.25]0.582(n=445) [0.25-0.50]0.522(n=1132) [0.50-0.75]0.430(n=1169) [0.75-1.00]0.380(n=454)
2026-04-24 22:33:19,242 - INFO - [cond] cfg_signal=0.0409 (min=0.0322 max=0.0546, n=16) | class_signal=0.0475 (min=0.0348 max=0.0592, n=16) | pred_rms=0.4945
2026-04-24 22:34:21,391 - INFO - Step    7000 | Epoch   0 | MSE: 0.4810 | Steps/sec: 3.22 | LR: 2.00e-04 | Repel: 0.0000 | cos(c,null): +0.0017 | GradNorm: 0.0390 | MSE/t: [0.00-0.25]0.613(n=440) [0.25-0.50]0.520(n=1144) [0.50-0.75]0.425(n=1178) [0.75-1.00]0.398(n=438)
2026-04-24 22:34:21,925 - INFO - [cond] cfg_signal=0.0387 (min=0.0276 max=0.0563, n=16) | class_signal=0.0505 (min=0.0342 max=0.0738, n=16) | pred_rms=0.4963
2026-04-24 22:34:30,446 - INFO - [validation] saved: output/jit_JiT-B_8_from_scratch_null_repel/dit_validation/epoch_000_step_0007000_class061.png (class=61, sampler=heun, steps=100)
2026-04-24 22:35:34,561 - INFO - Step    7200 | Epoch   0 | MSE: 0.4743 | Steps/sec: 2.75 | LR: 2.00e-04 | Repel: 0.0000 | cos(c,null): +0.0025 | GradNorm: 0.0567 | MSE/t: [0.00-0.25]0.608(n=457) [0.25-0.50]0.504(n=1139) [0.50-0.75]0.431(n=1158) [0.75-1.00]0.373(n=446)
2026-04-24 22:35:35,077 - INFO - [cond] cfg_signal=0.0469 (min=0.0322 max=0.0729, n=16) | class_signal=0.0532 (min=0.0414 max=0.0746, n=16) | pred_rms=0.4882
2026-04-24 22:36:37,475 - INFO - Step    7400 | Epoch   0 | MSE: 0.4767 | Steps/sec: 3.21 | LR: 2.00e-04 | Repel: 0.0000 | cos(c,null): +0.0038 | GradNorm: 0.0426 | MSE/t: [0.00-0.25]0.605(n=417) [0.25-0.50]0.523(n=1173) [0.50-0.75]0.425(n=1176) [0.75-1.00]0.367(n=434)
2026-04-24 22:36:37,980 - INFO - [cond] cfg_signal=0.0437 (min=0.0327 max=0.0636, n=16) | class_signal=0.0501 (min=0.0308 max=0.0671, n=16) | pred_rms=0.5038
2026-04-24 22:37:40,252 - INFO - Step    7600 | Epoch   0 | MSE: 0.4761 | Steps/sec: 3.21 | LR: 2.00e-04 | Repel: 0.0000 | cos(c,null): +0.0048 | GradNorm: 0.0396 | MSE/t: [0.00-0.25]0.586(n=414) [0.25-0.50]0.529(n=1208) [0.50-0.75]0.420(n=1143) [0.75-1.00]0.373(n=435)
2026-04-24 22:37:40,749 - INFO - [cond] cfg_signal=0.0440 (min=0.0295 max=0.0546, n=16) | class_signal=0.0516 (min=0.0368 max=0.0618, n=16) | pred_rms=0.4901
2026-04-24 22:38:44,540 - INFO - Step    7800 | Epoch   0 | MSE: 0.4910 | Steps/sec: 3.14 | LR: 2.00e-04 | Repel: 0.0000 | cos(c,null): +0.0056 | GradNorm: 0.0548 | MSE/t: [0.00-0.25]0.625(n=448) [0.25-0.50]0.528(n=1144) [0.50-0.75]0.443(n=1164) [0.75-1.00]0.384(n=444)
2026-04-24 22:38:45,010 - INFO - [cond] cfg_signal=0.0593 (min=0.0443 max=0.0784, n=16) | class_signal=0.0548 (min=0.0432 max=0.0662, n=16) | pred_rms=0.4441
2026-04-24 22:39:49,906 - INFO - Step    8000 | Epoch   1 | MSE: 0.4701 | Steps/sec: 3.08 | LR: 2.00e-04 | Repel: 0.0000 | cos(c,null): +0.0065 | GradNorm: 0.0442 | MSE/t: [0.00-0.25]0.602(n=446) [0.25-0.50]0.512(n=1149) [0.50-0.75]0.426(n=1147) [0.75-1.00]0.348(n=458)
2026-04-24 22:39:50,418 - INFO - [cond] cfg_signal=0.0457 (min=0.0341 max=0.0687, n=16) | class_signal=0.0549 (min=0.0323 max=0.0937, n=16) | pred_rms=0.5057
2026-04-24 22:39:58,636 - INFO - [validation] saved: output/jit_JiT-B_8_from_scratch_null_repel/dit_validation/epoch_001_step_0008000_class074.png (class=74, sampler=heun, steps=100)
2026-04-24 22:41:01,164 - INFO - Step    8200 | Epoch   1 | MSE: 0.4738 | Steps/sec: 2.83 | LR: 2.00e-04 | Repel: 0.0000 | cos(c,null): +0.0071 | GradNorm: 0.0367 | MSE/t: [0.00-0.25]0.590(n=431) [0.25-0.50]0.527(n=1228) [0.50-0.75]0.409(n=1119) [0.75-1.00]0.373(n=422)
2026-04-24 22:41:01,669 - INFO - [cond] cfg_signal=0.0461 (min=0.0353 max=0.0668, n=16) | class_signal=0.0518 (min=0.0371 max=0.0715, n=16) | pred_rms=0.5164
2026-04-24 22:42:03,503 - INFO - Step    8400 | Epoch   1 | MSE: 0.4668 | Steps/sec: 3.23 | LR: 2.00e-04 | Repel: 0.0000 | cos(c,null): +0.0071 | GradNorm: 0.0400 | MSE/t: [0.00-0.25]0.615(n=414) [0.25-0.50]0.493(n=1172) [0.50-0.75]0.423(n=1165) [0.75-1.00]0.376(n=449)
2026-04-24 22:42:03,999 - INFO - [cond] cfg_signal=0.0420 (min=0.0330 max=0.0543, n=16) | class_signal=0.0486 (min=0.0319 max=0.0642, n=16) | pred_rms=0.5371
2026-04-24 22:43:07,212 - INFO - Step    8600 | Epoch   1 | MSE: 0.4748 | Steps/sec: 3.16 | LR: 2.00e-04 | Repel: 0.0000 | cos(c,null): +0.0078 | GradNorm: 0.0340 | MSE/t: [0.00-0.25]0.614(n=431) [0.25-0.50]0.509(n=1161) [0.50-0.75]0.428(n=1173) [0.75-1.00]0.373(n=435)
2026-04-24 22:43:07,726 - INFO - [cond] cfg_signal=0.0423 (min=0.0313 max=0.0676, n=16) | class_signal=0.0499 (min=0.0293 max=0.0639, n=16) | pred_rms=0.5390
2026-04-24 22:44:09,038 - INFO - Step    8800 | Epoch   1 | MSE: 0.4833 | Steps/sec: 3.26 | LR: 2.00e-04 | Repel: 0.0000 | cos(c,null): +0.0090 | GradNorm: 0.0458 | MSE/t: [0.00-0.25]0.565(n=444) [0.25-0.50]0.529(n=1163) [0.50-0.75]0.435(n=1170) [0.75-1.00]0.405(n=423)
2026-04-24 22:44:09,530 - INFO - [cond] cfg_signal=0.0497 (min=0.0355 max=0.0772, n=16) | class_signal=0.0569 (min=0.0314 max=0.0762, n=16) | pred_rms=0.4928
2026-04-24 22:45:11,347 - INFO - Step    9000 | Epoch   1 | MSE: 0.4743 | Steps/sec: 3.24 | LR: 2.00e-04 | Repel: 0.0000 | cos(c,null): +0.0093 | GradNorm: 0.0539 | MSE/t: [0.00-0.25]0.586(n=439) [0.25-0.50]0.519(n=1177) [0.50-0.75]0.420(n=1147) [0.75-1.00]0.385(n=437)
2026-04-24 22:45:11,828 - INFO - [cond] cfg_signal=0.0482 (min=0.0364 max=0.0720, n=16) | class_signal=0.0529 (min=0.0325 max=0.0822, n=16) | pred_rms=0.5381
2026-04-24 22:45:19,955 - INFO - [validation] saved: output/jit_JiT-B_8_from_scratch_null_repel/dit_validation/epoch_001_step_0009000_class064.png (class=64, sampler=heun, steps=100)
2026-04-24 22:46:23,313 - INFO - Step    9200 | Epoch   1 | MSE: 0.4549 | Steps/sec: 2.80 | LR: 2.00e-04 | Repel: 0.0000 | cos(c,null): +0.0100 | GradNorm: 0.0342 | MSE/t: [0.00-0.25]0.583(n=445) [0.25-0.50]0.504(n=1115) [0.50-0.75]0.398(n=1162) [0.75-1.00]0.359(n=478)
2026-04-24 22:46:23,797 - INFO - [cond] cfg_signal=0.0493 (min=0.0343 max=0.0710, n=16) | class_signal=0.0527 (min=0.0317 max=0.0729, n=16) | pred_rms=0.5484
2026-04-24 22:47:25,999 - INFO - Step    9400 | Epoch   1 | MSE: 0.4650 | Steps/sec: 3.22 | LR: 2.00e-04 | Repel: 0.0000 | cos(c,null): +0.0106 | GradNorm: 0.0352 | MSE/t: [0.00-0.25]0.566(n=425) [0.25-0.50]0.501(n=1173) [0.50-0.75]0.425(n=1158) [0.75-1.00]0.378(n=444)
2026-04-24 22:47:26,476 - INFO - [cond] cfg_signal=0.0538 (min=0.0408 max=0.0716, n=16) | class_signal=0.0631 (min=0.0340 max=0.0936, n=16) | pred_rms=0.6326
2026-04-24 22:48:29,151 - INFO - Step    9600 | Epoch   1 | MSE: 0.4664 | Steps/sec: 3.19 | LR: 2.00e-04 | Repel: 0.0000 | cos(c,null): +0.0115 | GradNorm: 0.0441 | MSE/t: [0.00-0.25]0.574(n=433) [0.25-0.50]0.507(n=1204) [0.50-0.75]0.419(n=1120) [0.75-1.00]0.370(n=443)
2026-04-24 22:48:29,663 - INFO - [cond] cfg_signal=0.0505 (min=0.0371 max=0.0690, n=16) | class_signal=0.0542 (min=0.0344 max=0.0692, n=16) | pred_rms=0.5579
2026-04-24 22:49:32,693 - INFO - Step    9800 | Epoch   1 | MSE: 0.4698 | Steps/sec: 3.17 | LR: 2.00e-04 | Repel: 0.0000 | cos(c,null): +0.0123 | GradNorm: 0.0364 | MSE/t: [0.00-0.25]0.601(n=468) [0.25-0.50]0.506(n=1139) [0.50-0.75]0.419(n=1178) [0.75-1.00]0.369(n=415)
2026-04-24 22:49:33,188 - INFO - [cond] cfg_signal=0.0443 (min=0.0331 max=0.0547, n=16) | class_signal=0.0548 (min=0.0411 max=0.0723, n=16) | pred_rms=0.5632
2026-04-24 22:50:36,691 - INFO - Step   10000 | Epoch   1 | MSE: 0.4771 | Steps/sec: 3.15 | LR: 2.00e-04 | Repel: 0.0000 | cos(c,null): +0.0133 | GradNorm: 0.0372 | MSE/t: [0.00-0.25]0.586(n=440) [0.25-0.50]0.500(n=1177) [0.50-0.75]0.452(n=1140) [0.75-1.00]0.373(n=443)
2026-04-24 22:50:37,176 - INFO - [cond] cfg_signal=0.0457 (min=0.0358 max=0.0630, n=16) | class_signal=0.0567 (min=0.0368 max=0.0756, n=16) | pred_rms=0.5618
2026-04-24 22:50:45,846 - INFO - [validation] saved: output/jit_JiT-B_8_from_scratch_null_repel/dit_validation/epoch_001_step_0010000_class036.png (class=36, sampler=heun, steps=100)
2026-04-24 22:51:49,661 - INFO - Step   10200 | Epoch   1 | MSE: 0.4673 | Steps/sec: 2.76 | LR: 2.00e-04 | Repel: 0.0000 | cos(c,null): +0.0138 | GradNorm: 0.0356 | MSE/t: [0.00-0.25]0.594(n=451) [0.25-0.50]0.494(n=1197) [0.50-0.75]0.424(n=1103) [0.75-1.00]0.374(n=449)
2026-04-24 22:51:50,161 - INFO - [cond] cfg_signal=0.0467 (min=0.0341 max=0.0556, n=16) | class_signal=0.0520 (min=0.0389 max=0.0622, n=16) | pred_rms=0.5453
2026-04-24 22:52:51,835 - INFO - Step   10400 | Epoch   1 | MSE: 0.4746 | Steps/sec: 3.24 | LR: 2.00e-04 | Repel: 0.0000 | cos(c,null): +0.0146 | GradNorm: 0.0448 | MSE/t: [0.00-0.25]0.642(n=434) [0.25-0.50]0.511(n=1138) [0.50-0.75]0.416(n=1159) [0.75-1.00]0.377(n=469)
2026-04-24 22:52:52,357 - INFO - [cond] cfg_signal=0.0577 (min=0.0448 max=0.0793, n=16) | class_signal=0.0665 (min=0.0454 max=0.0939, n=16) | pred_rms=0.5325
2026-04-24 22:53:54,722 - INFO - Step   10600 | Epoch   1 | MSE: 0.4739 | Steps/sec: 3.21 | LR: 2.00e-04 | Repel: 0.0000 | cos(c,null): +0.0136 | GradNorm: 0.0485 | MSE/t: [0.00-0.25]0.579(n=433) [0.25-0.50]0.523(n=1186) [0.50-0.75]0.419(n=1157) [0.75-1.00]0.377(n=424)
2026-04-24 22:53:55,230 - INFO - [cond] cfg_signal=0.0589 (min=0.0435 max=0.0978, n=16) | class_signal=0.0631 (min=0.0397 max=0.0906, n=16) | pred_rms=0.5591
2026-04-24 22:54:58,905 - INFO - Step   10800 | Epoch   1 | MSE: 0.4766 | Steps/sec: 3.14 | LR: 2.00e-04 | Repel: 0.0000 | cos(c,null): +0.0142 | GradNorm: 0.0344 | MSE/t: [0.00-0.25]0.588(n=462) [0.25-0.50]0.528(n=1172) [0.50-0.75]0.414(n=1139) [0.75-1.00]0.381(n=427)
2026-04-24 22:54:59,422 - INFO - [cond] cfg_signal=0.0567 (min=0.0410 max=0.1074, n=16) | class_signal=0.0616 (min=0.0356 max=0.0901, n=16) | pred_rms=0.5505
2026-04-24 22:56:02,826 - INFO - Step   11000 | Epoch   1 | MSE: 0.4782 | Steps/sec: 3.15 | LR: 2.00e-04 | Repel: 0.0000 | cos(c,null): +0.0151 | GradNorm: 0.0592 | MSE/t: [0.00-0.25]0.580(n=425) [0.25-0.50]0.538(n=1168) [0.50-0.75]0.428(n=1175) [0.75-1.00]0.350(n=432)
2026-04-24 22:56:03,318 - INFO - [cond] cfg_signal=0.0536 (min=0.0412 max=0.0754, n=16) | class_signal=0.0641 (min=0.0434 max=0.0859, n=16) | pred_rms=0.5379
2026-04-24 22:56:11,414 - INFO - [validation] saved: output/jit_JiT-B_8_from_scratch_null_repel/dit_validation/epoch_001_step_0011000_class096.png (class=96, sampler=heun, steps=100)
2026-04-24 22:57:14,389 - INFO - Step   11200 | Epoch   1 | MSE: 0.4639 | Steps/sec: 2.81 | LR: 2.00e-04 | Repel: 0.0000 | cos(c,null): +0.0166 | GradNorm: 0.0385 | MSE/t: [0.00-0.25]0.564(n=410) [0.25-0.50]0.501(n=1150) [0.50-0.75]0.426(n=1194) [0.75-1.00]0.377(n=446)
2026-04-24 22:57:14,886 - INFO - [cond] cfg_signal=0.0531 (min=0.0406 max=0.0687, n=16) | class_signal=0.0637 (min=0.0394 max=0.0813, n=16) | pred_rms=0.5259
2026-04-24 22:58:18,553 - INFO - Step   11400 | Epoch   1 | MSE: 0.4753 | Steps/sec: 3.14 | LR: 2.00e-04 | Repel: 0.0000 | cos(c,null): +0.0179 | GradNorm: 0.0435 | MSE/t: [0.00-0.25]0.591(n=437) [0.25-0.50]0.519(n=1202) [0.50-0.75]0.418(n=1138) [0.75-1.00]0.385(n=423)
2026-04-24 22:58:19,057 - INFO - [cond] cfg_signal=0.0484 (min=0.0381 max=0.0654, n=16) | class_signal=0.0574 (min=0.0386 max=0.0760, n=16) | pred_rms=0.5373
2026-04-24 22:59:21,565 - INFO - Step   11600 | Epoch   1 | MSE: 0.4800 | Steps/sec: 3.20 | LR: 2.00e-04 | Repel: 0.0000 | cos(c,null): +0.0190 | GradNorm: 0.0334 | MSE/t: [0.00-0.25]0.603(n=446) [0.25-0.50]0.534(n=1142) [0.50-0.75]0.422(n=1187) [0.75-1.00]0.367(n=425)
2026-04-24 22:59:22,139 - INFO - [cond] cfg_signal=0.0507 (min=0.0396 max=0.0686, n=16) | class_signal=0.0638 (min=0.0450 max=0.0829, n=16) | pred_rms=0.5490
2026-04-24 23:00:24,510 - INFO - Step   11800 | Epoch   1 | MSE: 0.4611 | Steps/sec: 3.21 | LR: 2.00e-04 | Repel: 0.0000 | cos(c,null): +0.0198 | GradNorm: 0.0326 | MSE/t: [0.00-0.25]0.590(n=406) [0.25-0.50]0.507(n=1137) [0.50-0.75]0.402(n=1184) [0.75-1.00]0.387(n=473)
2026-04-24 23:00:25,019 - INFO - [cond] cfg_signal=0.0485 (min=0.0396 max=0.0637, n=16) | class_signal=0.0596 (min=0.0390 max=0.0866, n=16) | pred_rms=0.5350
2026-04-24 23:01:27,120 - INFO - Step   12000 | Epoch   1 | MSE: 0.4598 | Steps/sec: 3.22 | LR: 2.00e-04 | Repel: 0.0000 | cos(c,null): +0.0210 | GradNorm: 0.0354 | MSE/t: [0.00-0.25]0.548(n=425) [0.25-0.50]0.505(n=1156) [0.50-0.75]0.419(n=1176) [0.75-1.00]0.365(n=443)
2026-04-24 23:01:27,639 - INFO - [cond] cfg_signal=0.0444 (min=0.0345 max=0.0657, n=16) | class_signal=0.0564 (min=0.0393 max=0.0725, n=16) | pred_rms=0.5341
2026-04-24 23:01:35,806 - INFO - [validation] saved: output/jit_JiT-B_8_from_scratch_null_repel/dit_validation/epoch_001_step_0012000_class079.png (class=79, sampler=heun, steps=100)
2026-04-24 23:02:40,461 - INFO - Step   12200 | Epoch   1 | MSE: 0.4568 | Steps/sec: 2.75 | LR: 2.00e-04 | Repel: 0.0000 | cos(c,null): +0.0223 | GradNorm: 0.0328 | MSE/t: [0.00-0.25]0.600(n=411) [0.25-0.50]0.501(n=1191) [0.50-0.75]0.406(n=1161) [0.75-1.00]0.336(n=437)
2026-04-24 23:02:41,006 - INFO - [cond] cfg_signal=0.0488 (min=0.0368 max=0.0606, n=16) | class_signal=0.0593 (min=0.0368 max=0.0764, n=16) | pred_rms=0.5462
2026-04-24 23:03:43,248 - INFO - Step   12400 | Epoch   1 | MSE: 0.4799 | Steps/sec: 3.21 | LR: 2.00e-04 | Repel: 0.0000 | cos(c,null): +0.0250 | GradNorm: 0.0441 | MSE/t: [0.00-0.25]0.652(n=461) [0.25-0.50]0.513(n=1126) [0.50-0.75]0.414(n=1207) [0.75-1.00]0.390(n=406)
2026-04-24 23:03:43,742 - INFO - [cond] cfg_signal=0.0493 (min=0.0381 max=0.0677, n=16) | class_signal=0.0603 (min=0.0383 max=0.0809, n=16) | pred_rms=0.5723
2026-04-24 23:04:46,009 - INFO - Step   12600 | Epoch   1 | MSE: 0.4772 | Steps/sec: 3.21 | LR: 2.00e-04 | Repel: 0.0000 | cos(c,null): +0.0262 | GradNorm: 0.0362 | MSE/t: [0.00-0.25]0.582(n=442) [0.25-0.50]0.516(n=1184) [0.50-0.75]0.417(n=1181) [0.75-1.00]0.422(n=393)
2026-04-24 23:04:46,542 - INFO - [cond] cfg_signal=0.0517 (min=0.0381 max=0.0684, n=16) | class_signal=0.0610 (min=0.0404 max=0.0788, n=16) | pred_rms=0.5518
2026-04-24 23:05:50,575 - INFO - Step   12800 | Epoch   1 | MSE: 0.4731 | Steps/sec: 3.12 | LR: 2.00e-04 | Repel: 0.0000 | cos(c,null): +0.0265 | GradNorm: 0.0369 | MSE/t: [0.00-0.25]0.563(n=440) [0.25-0.50]0.511(n=1155) [0.50-0.75]0.430(n=1172) [0.75-1.00]0.396(n=433)
2026-04-24 23:05:51,103 - INFO - [cond] cfg_signal=0.0550 (min=0.0415 max=0.0764, n=16) | class_signal=0.0591 (min=0.0393 max=0.0744, n=16) | pred_rms=0.5721
2026-04-24 23:06:54,255 - INFO - Step   13000 | Epoch   1 | MSE: 0.4720 | Steps/sec: 3.17 | LR: 2.00e-04 | Repel: 0.0000 | cos(c,null): +0.0272 | GradNorm: 0.0363 | MSE/t: [0.00-0.25]0.611(n=439) [0.25-0.50]0.509(n=1135) [0.50-0.75]0.422(n=1208) [0.75-1.00]0.371(n=418)
2026-04-24 23:06:54,741 - INFO - [cond] cfg_signal=0.0526 (min=0.0372 max=0.0956, n=16) | class_signal=0.0636 (min=0.0415 max=0.0975, n=16) | pred_rms=0.5772
2026-04-24 23:07:02,896 - INFO - [validation] saved: output/jit_JiT-B_8_from_scratch_null_repel/dit_validation/epoch_001_step_0013000_class032.png (class=32, sampler=heun, steps=100)
2026-04-24 23:08:05,988 - INFO - Step   13200 | Epoch   1 | MSE: 0.4665 | Steps/sec: 2.81 | LR: 2.00e-04 | Repel: 0.0000 | cos(c,null): +0.0286 | GradNorm: 0.0320 | MSE/t: [0.00-0.25]0.580(n=380) [0.25-0.50]0.521(n=1178) [0.50-0.75]0.407(n=1195) [0.75-1.00]0.386(n=447)
2026-04-24 23:08:06,592 - INFO - [cond] cfg_signal=0.0519 (min=0.0380 max=0.0776, n=16) | class_signal=0.0621 (min=0.0418 max=0.0813, n=16) | pred_rms=0.5420
2026-04-24 23:09:10,002 - INFO - Step   13400 | Epoch   1 | MSE: 0.4672 | Steps/sec: 3.15 | LR: 2.00e-04 | Repel: 0.0000 | cos(c,null): +0.0298 | GradNorm: 0.0390 | MSE/t: [0.00-0.25]0.571(n=428) [0.25-0.50]0.506(n=1206) [0.50-0.75]0.425(n=1129) [0.75-1.00]0.365(n=437)
2026-04-24 23:09:10,518 - INFO - [cond] cfg_signal=0.0535 (min=0.0382 max=0.0774, n=16) | class_signal=0.0642 (min=0.0416 max=0.0828, n=16) | pred_rms=0.5625
2026-04-24 23:10:13,348 - INFO - Step   13600 | Epoch   1 | MSE: 0.4685 | Steps/sec: 3.18 | LR: 2.00e-04 | Repel: 0.0000 | cos(c,null): +0.0316 | GradNorm: 0.0353 | MSE/t: [0.00-0.25]0.591(n=458) [0.25-0.50]0.509(n=1162) [0.50-0.75]0.408(n=1166) [0.75-1.00]0.389(n=414)
2026-04-24 23:10:13,859 - INFO - [cond] cfg_signal=0.0500 (min=0.0391 max=0.0677, n=16) | class_signal=0.0600 (min=0.0453 max=0.0767, n=16) | pred_rms=0.5543
2026-04-24 23:11:16,666 - INFO - Step   13800 | Epoch   1 | MSE: 0.4658 | Steps/sec: 3.18 | LR: 2.00e-04 | Repel: 0.0000 | cos(c,null): +0.0333 | GradNorm: 0.0311 | MSE/t: [0.00-0.25]0.621(n=422) [0.25-0.50]0.500(n=1156) [0.50-0.75]0.412(n=1183) [0.75-1.00]0.371(n=439)
2026-04-24 23:11:17,181 - INFO - [cond] cfg_signal=0.0474 (min=0.0350 max=0.0634, n=16) | class_signal=0.0638 (min=0.0466 max=0.0889, n=16) | pred_rms=0.5692
2026-04-24 23:12:19,237 - INFO - Step   14000 | Epoch   1 | MSE: 0.4617 | Steps/sec: 3.22 | LR: 2.00e-04 | Repel: 0.0000 | cos(c,null): +0.0333 | GradNorm: 0.0439 | MSE/t: [0.00-0.25]0.585(n=431) [0.25-0.50]0.493(n=1126) [0.50-0.75]0.416(n=1164) [0.75-1.00]0.387(n=479)
2026-04-24 23:12:19,714 - INFO - [cond] cfg_signal=0.0482 (min=0.0351 max=0.0588, n=16) | class_signal=0.0624 (min=0.0518 max=0.0832, n=16) | pred_rms=0.5754
2026-04-24 23:12:27,888 - INFO - [validation] saved: output/jit_JiT-B_8_from_scratch_null_repel/dit_validation/epoch_001_step_0014000_class090.png (class=90, sampler=heun, steps=100)
2026-04-24 23:13:32,410 - INFO - Step   14200 | Epoch   1 | MSE: 0.4800 | Steps/sec: 2.75 | LR: 2.00e-04 | Repel: 0.0000 | cos(c,null): +0.0359 | GradNorm: 0.0515 | MSE/t: [0.00-0.25]0.635(n=459) [0.25-0.50]0.533(n=1172) [0.50-0.75]0.404(n=1133) [0.75-1.00]0.371(n=436)
2026-04-24 23:13:32,885 - INFO - [cond] cfg_signal=0.0483 (min=0.0333 max=0.0672, n=16) | class_signal=0.0651 (min=0.0485 max=0.0900, n=16) | pred_rms=0.5699
2026-04-24 23:14:36,137 - INFO - Step   14400 | Epoch   1 | MSE: 0.4599 | Steps/sec: 3.16 | LR: 2.00e-04 | Repel: 0.0000 | cos(c,null): +0.0430 | GradNorm: 0.0317 | MSE/t: [0.00-0.25]0.606(n=433) [0.25-0.50]0.491(n=1169) [0.50-0.75]0.407(n=1157) [0.75-1.00]0.373(n=441)
2026-04-24 23:14:36,640 - INFO - [cond] cfg_signal=0.0487 (min=0.0393 max=0.0674, n=16) | class_signal=0.0599 (min=0.0448 max=0.0832, n=16) | pred_rms=0.5874
2026-04-24 23:15:37,846 - INFO - Step   14600 | Epoch   1 | MSE: 0.4706 | Steps/sec: 3.27 | LR: 2.00e-04 | Repel: 0.0000 | cos(c,null): +0.0437 | GradNorm: 0.0303 | MSE/t: [0.00-0.25]0.622(n=444) [0.25-0.50]0.510(n=1129) [0.50-0.75]0.412(n=1218) [0.75-1.00]0.374(n=409)
2026-04-24 23:15:38,368 - INFO - [cond] cfg_signal=0.0451 (min=0.0354 max=0.0552, n=16) | class_signal=0.0598 (min=0.0417 max=0.0748, n=16) | pred_rms=0.5982
2026-04-24 23:16:40,426 - INFO - Step   14800 | Epoch   1 | MSE: 0.4747 | Steps/sec: 3.22 | LR: 2.00e-04 | Repel: 0.0000 | cos(c,null): +0.0447 | GradNorm: 0.0453 | MSE/t: [0.00-0.25]0.593(n=429) [0.25-0.50]0.533(n=1186) [0.50-0.75]0.410(n=1164) [0.75-1.00]0.369(n=421)
2026-04-24 23:16:40,951 - INFO - [cond] cfg_signal=0.0517 (min=0.0391 max=0.0684, n=16) | class_signal=0.0635 (min=0.0397 max=0.0888, n=16) | pred_rms=0.5642
2026-04-24 23:17:43,074 - INFO - Step   15000 | Epoch   1 | MSE: 0.4691 | Steps/sec: 3.22 | LR: 2.00e-04 | Repel: 0.0000 | cos(c,null): +0.0454 | GradNorm: 0.0488 | MSE/t: [0.00-0.25]0.580(n=430) [0.25-0.50]0.525(n=1133) [0.50-0.75]0.410(n=1160) [0.75-1.00]0.380(n=477)
2026-04-24 23:17:43,570 - INFO - [cond] cfg_signal=0.0479 (min=0.0380 max=0.0693, n=16) | class_signal=0.0637 (min=0.0478 max=0.0822, n=16) | pred_rms=0.5748
2026-04-24 23:17:51,729 - INFO - [validation] saved: output/jit_JiT-B_8_from_scratch_null_repel/dit_validation/epoch_001_step_0015000_class077.png (class=77, sampler=heun, steps=100)
2026-04-24 23:18:55,515 - INFO - Step   15200 | Epoch   1 | MSE: 0.4669 | Steps/sec: 2.78 | LR: 2.00e-04 | Repel: 0.0000 | cos(c,null): +0.0464 | GradNorm: 0.0347 | MSE/t: [0.00-0.25]0.594(n=426) [0.25-0.50]0.506(n=1163) [0.50-0.75]0.416(n=1172) [0.75-1.00]0.376(n=439)
2026-04-24 23:18:56,006 - INFO - [cond] cfg_signal=0.0439 (min=0.0347 max=0.0588, n=16) | class_signal=0.0592 (min=0.0441 max=0.0739, n=16) | pred_rms=0.5919
2026-04-24 23:19:58,032 - INFO - Step   15400 | Epoch   1 | MSE: 0.4853 | Steps/sec: 3.22 | LR: 2.00e-04 | Repel: 0.0000 | cos(c,null): +0.0510 | GradNorm: 0.0412 | MSE/t: [0.00-0.25]0.560(n=462) [0.25-0.50]0.511(n=1149) [0.50-0.75]0.473(n=1142) [0.75-1.00]0.373(n=447)
2026-04-24 23:19:58,546 - INFO - [cond] cfg_signal=0.0483 (min=0.0356 max=0.0609, n=16) | class_signal=0.0654 (min=0.0519 max=0.0768, n=16) | pred_rms=0.6020
2026-04-24 23:21:01,658 - INFO - Step   15600 | Epoch   1 | MSE: 0.4659 | Steps/sec: 3.17 | LR: 2.00e-04 | Repel: 0.0000 | cos(c,null): +0.0539 | GradNorm: 0.0328 | MSE/t: [0.00-0.25]0.603(n=454) [0.25-0.50]0.493(n=1152) [0.50-0.75]0.424(n=1157) [0.75-1.00]0.364(n=437)
2026-04-24 23:21:02,138 - INFO - [cond] cfg_signal=0.0503 (min=0.0402 max=0.0700, n=16) | class_signal=0.0620 (min=0.0406 max=0.0843, n=16) | pred_rms=0.5933
2026-04-24 23:22:05,323 - INFO - Step   15800 | Epoch   1 | MSE: 0.4659 | Steps/sec: 3.17 | LR: 2.00e-04 | Repel: 0.0000 | cos(c,null): +0.0546 | GradNorm: 0.0334 | MSE/t: [0.00-0.25]0.572(n=437) [0.25-0.50]0.520(n=1212) [0.50-0.75]0.399(n=1113) [0.75-1.00]0.380(n=438)
2026-04-24 23:22:05,847 - INFO - [cond] cfg_signal=0.0459 (min=0.0324 max=0.0746, n=16) | class_signal=0.0597 (min=0.0438 max=0.0737, n=16) | pred_rms=0.6047
2026-04-24 23:23:08,873 - INFO - Step   16000 | Epoch   2 | MSE: 0.4781 | Steps/sec: 3.17 | LR: 2.00e-04 | Repel: 0.0000 | cos(c,null): +0.0564 | GradNorm: 0.0352 | MSE/t: [0.00-0.25]0.605(n=456) [0.25-0.50]0.525(n=1131) [0.50-0.75]0.419(n=1179) [0.75-1.00]0.385(n=434)
2026-04-24 23:23:09,358 - INFO - [cond] cfg_signal=0.0469 (min=0.0380 max=0.0635, n=16) | class_signal=0.0605 (min=0.0359 max=0.0801, n=16) | pred_rms=0.6042
2026-04-24 23:23:17,456 - INFO - [validation] saved: output/jit_JiT-B_8_from_scratch_null_repel/dit_validation/epoch_002_step_0016000_class039.png (class=39, sampler=heun, steps=100)
2026-04-24 23:24:20,903 - INFO - Step   16200 | Epoch   2 | MSE: 0.4657 | Steps/sec: 2.80 | LR: 2.00e-04 | Repel: 0.0000 | cos(c,null): +0.0576 | GradNorm: 0.0297 | MSE/t: [0.00-0.25]0.597(n=412) [0.25-0.50]0.517(n=1201) [0.50-0.75]0.408(n=1131) [0.75-1.00]0.353(n=456)
2026-04-24 23:24:21,532 - INFO - [cond] cfg_signal=0.0456 (min=0.0351 max=0.0633, n=16) | class_signal=0.0605 (min=0.0374 max=0.0847, n=16) | pred_rms=0.6116
2026-04-24 23:25:25,266 - INFO - Step   16400 | Epoch   2 | MSE: 0.4652 | Steps/sec: 3.14 | LR: 2.00e-04 | Repel: 0.0000 | cos(c,null): +0.0587 | GradNorm: 0.0317 | MSE/t: [0.00-0.25]0.591(n=470) [0.25-0.50]0.493(n=1168) [0.50-0.75]0.420(n=1120) [0.75-1.00]0.374(n=442)
2026-04-24 23:25:25,833 - INFO - [cond] cfg_signal=0.0428 (min=0.0344 max=0.0627, n=16) | class_signal=0.0584 (min=0.0364 max=0.0717, n=16) | pred_rms=0.6084
2026-04-24 23:26:29,529 - INFO - Step   16600 | Epoch   2 | MSE: 0.4633 | Steps/sec: 3.14 | LR: 2.00e-04 | Repel: 0.0000 | cos(c,null): +0.0607 | GradNorm: 0.0321 | MSE/t: [0.00-0.25]0.589(n=421) [0.25-0.50]0.503(n=1187) [0.50-0.75]0.416(n=1134) [0.75-1.00]0.361(n=458)
2026-04-24 23:26:30,054 - INFO - [cond] cfg_signal=0.0459 (min=0.0369 max=0.0666, n=16) | class_signal=0.0607 (min=0.0386 max=0.0832, n=16) | pred_rms=0.6189
2026-04-24 23:27:32,520 - INFO - Step   16800 | Epoch   2 | MSE: 0.4573 | Steps/sec: 3.20 | LR: 2.00e-04 | Repel: 0.0000 | cos(c,null): +0.0609 | GradNorm: 0.0325 | MSE/t: [0.00-0.25]0.586(n=428) [0.25-0.50]0.491(n=1143) [0.50-0.75]0.420(n=1165) [0.75-1.00]0.349(n=464)
2026-04-24 23:27:32,999 - INFO - [cond] cfg_signal=0.0492 (min=0.0367 max=0.0766, n=16) | class_signal=0.0664 (min=0.0400 max=0.0951, n=16) | pred_rms=0.6181
2026-04-24 23:28:35,390 - INFO - Step   17000 | Epoch   2 | MSE: 0.4489 | Steps/sec: 3.21 | LR: 2.00e-04 | Repel: 0.0000 | cos(c,null): +0.0618 | GradNorm: 0.0354 | MSE/t: [0.00-0.25]0.585(n=437) [0.25-0.50]0.484(n=1142) [0.50-0.75]0.399(n=1180) [0.75-1.00]0.356(n=441)
2026-04-24 23:28:35,913 - INFO - [cond] cfg_signal=0.0455 (min=0.0365 max=0.0668, n=16) | class_signal=0.0589 (min=0.0397 max=0.0842, n=16) | pred_rms=0.6123
2026-04-24 23:28:44,128 - INFO - [validation] saved: output/jit_JiT-B_8_from_scratch_null_repel/dit_validation/epoch_002_step_0017000_class093.png (class=93, sampler=heun, steps=100)
2026-04-24 23:29:47,350 - INFO - Step   17200 | Epoch   2 | MSE: 0.4596 | Steps/sec: 2.80 | LR: 2.00e-04 | Repel: 0.0000 | cos(c,null): +0.0621 | GradNorm: 0.0339 | MSE/t: [0.00-0.25]0.591(n=420) [0.25-0.50]0.493(n=1148) [0.50-0.75]0.407(n=1138) [0.75-1.00]0.391(n=494)
2026-04-24 23:29:47,877 - INFO - [cond] cfg_signal=0.0452 (min=0.0368 max=0.0672, n=16) | class_signal=0.0633 (min=0.0375 max=0.0881, n=16) | pred_rms=0.6154
2026-04-24 23:30:51,327 - INFO - Step   17400 | Epoch   2 | MSE: 0.4645 | Steps/sec: 3.15 | LR: 2.00e-04 | Repel: 0.0000 | cos(c,null): +0.0591 | GradNorm: 0.0373 | MSE/t: [0.00-0.25]0.591(n=432) [0.25-0.50]0.504(n=1138) [0.50-0.75]0.410(n=1174) [0.75-1.00]0.387(n=456)
2026-04-24 23:30:51,816 - INFO - [cond] cfg_signal=0.0472 (min=0.0372 max=0.0717, n=16) | class_signal=0.0602 (min=0.0399 max=0.0827, n=16) | pred_rms=0.5759
2026-04-24 23:31:54,633 - INFO - Step   17600 | Epoch   2 | MSE: 0.4712 | Steps/sec: 3.18 | LR: 2.00e-04 | Repel: 0.0000 | cos(c,null): +0.0605 | GradNorm: 0.0398 | MSE/t: [0.00-0.25]0.586(n=417) [0.25-0.50]0.529(n=1145) [0.50-0.75]0.412(n=1211) [0.75-1.00]0.372(n=427)
2026-04-24 23:31:55,144 - INFO - [cond] cfg_signal=0.0459 (min=0.0331 max=0.0620, n=16) | class_signal=0.0587 (min=0.0440 max=0.0669, n=16) | pred_rms=0.6125
2026-04-24 23:32:59,364 - INFO - Step   17800 | Epoch   2 | MSE: 0.4740 | Steps/sec: 3.11 | LR: 2.00e-04 | Repel: 0.0000 | cos(c,null): +0.0661 | GradNorm: 0.0330 | MSE/t: [0.00-0.25]0.585(n=437) [0.25-0.50]0.511(n=1191) [0.50-0.75]0.416(n=1139) [0.75-1.00]0.412(n=433)
2026-04-24 23:32:59,871 - INFO - [cond] cfg_signal=0.0426 (min=0.0340 max=0.0550, n=16) | class_signal=0.0580 (min=0.0375 max=0.0773, n=16) | pred_rms=0.5852
2026-04-24 23:34:03,265 - INFO - Step   18000 | Epoch   2 | MSE: 0.4670 | Steps/sec: 3.15 | LR: 2.00e-04 | Repel: 0.0000 | cos(c,null): +0.0708 | GradNorm: 0.0319 | MSE/t: [0.00-0.25]0.590(n=427) [0.25-0.50]0.502(n=1156) [0.50-0.75]0.420(n=1188) [0.75-1.00]0.381(n=429)
2026-04-24 23:34:03,789 - INFO - [cond] cfg_signal=0.0454 (min=0.0344 max=0.0677, n=16) | class_signal=0.0596 (min=0.0429 max=0.0764, n=16) | pred_rms=0.6035
2026-04-24 23:34:12,032 - INFO - [validation] saved: output/jit_JiT-B_8_from_scratch_null_repel/dit_validation/epoch_002_step_0018000_class115.png (class=115, sampler=heun, steps=100)
2026-04-24 23:35:14,444 - INFO - Step   18200 | Epoch   2 | MSE: 0.4655 | Steps/sec: 2.83 | LR: 2.00e-04 | Repel: 0.0000 | cos(c,null): +0.0759 | GradNorm: 0.0509 | MSE/t: [0.00-0.25]0.591(n=425) [0.25-0.50]0.508(n=1125) [0.50-0.75]0.411(n=1202) [0.75-1.00]0.387(n=448)
2026-04-24 23:35:14,934 - INFO - [cond] cfg_signal=0.0460 (min=0.0346 max=0.0738, n=16) | class_signal=0.0626 (min=0.0409 max=0.0813, n=16) | pred_rms=0.5897
2026-04-24 23:36:16,357 - INFO - Step   18400 | Epoch   2 | MSE: 0.4728 | Steps/sec: 3.26 | LR: 2.00e-04 | Repel: 0.0000 | cos(c,null): +0.0782 | GradNorm: 0.0307 | MSE/t: [0.00-0.25]0.609(n=414) [0.25-0.50]0.508(n=1184) [0.50-0.75]0.420(n=1166) [0.75-1.00]0.389(n=436)
2026-04-24 23:36:16,848 - INFO - [cond] cfg_signal=0.0428 (min=0.0337 max=0.0603, n=16) | class_signal=0.0596 (min=0.0385 max=0.0704, n=16) | pred_rms=0.5917
2026-04-24 23:37:20,445 - INFO - Step   18600 | Epoch   2 | MSE: 0.4667 | Steps/sec: 3.14 | LR: 2.00e-04 | Repel: 0.0000 | cos(c,null): +0.0795 | GradNorm: 0.0431 | MSE/t: [0.00-0.25]0.581(n=460) [0.25-0.50]0.489(n=1120) [0.50-0.75]0.435(n=1173) [0.75-1.00]0.376(n=447)
2026-04-24 23:37:21,142 - INFO - [cond] cfg_signal=0.0448 (min=0.0307 max=0.0630, n=16) | class_signal=0.0570 (min=0.0386 max=0.0714, n=16) | pred_rms=0.5569
2026-04-24 23:38:23,164 - INFO - Step   18800 | Epoch   2 | MSE: 0.4656 | Steps/sec: 3.22 | LR: 1.99e-04 | Repel: 0.0000 | cos(c,null): +0.0814 | GradNorm: 0.0342 | MSE/t: [0.00-0.25]0.557(n=426) [0.25-0.50]0.520(n=1191) [0.50-0.75]0.419(n=1141) [0.75-1.00]0.351(n=442)
2026-04-24 23:38:23,699 - INFO - [cond] cfg_signal=0.0418 (min=0.0357 max=0.0536, n=16) | class_signal=0.0564 (min=0.0382 max=0.0686, n=16) | pred_rms=0.5956
2026-04-24 23:39:25,402 - INFO - Step   19000 | Epoch   2 | MSE: 0.4521 | Steps/sec: 3.24 | LR: 1.99e-04 | Repel: 0.0000 | cos(c,null): +0.0811 | GradNorm: 0.0291 | MSE/t: [0.00-0.25]0.574(n=438) [0.25-0.50]0.505(n=1148) [0.50-0.75]0.395(n=1167) [0.75-1.00]0.346(n=447)
2026-04-24 23:39:25,925 - INFO - [cond] cfg_signal=0.0415 (min=0.0332 max=0.0569, n=16) | class_signal=0.0564 (min=0.0430 max=0.0665, n=16) | pred_rms=0.5895
2026-04-24 23:39:34,162 - INFO - [validation] saved: output/jit_JiT-B_8_from_scratch_null_repel/dit_validation/epoch_002_step_0019000_class042.png (class=42, sampler=heun, steps=100)
2026-04-24 23:40:37,981 - INFO - Step   19200 | Epoch   2 | MSE: 0.4662 | Steps/sec: 2.78 | LR: 1.99e-04 | Repel: 0.0000 | cos(c,null): +0.0820 | GradNorm: 0.0297 | MSE/t: [0.00-0.25]0.644(n=430) [0.25-0.50]0.494(n=1125) [0.50-0.75]0.414(n=1206) [0.75-1.00]0.365(n=439)
2026-04-24 23:40:38,513 - INFO - [cond] cfg_signal=0.0414 (min=0.0322 max=0.0575, n=16) | class_signal=0.0556 (min=0.0376 max=0.0688, n=16) | pred_rms=0.6008
2026-04-24 23:41:42,500 - INFO - Step   19400 | Epoch   2 | MSE: 0.4553 | Steps/sec: 3.13 | LR: 1.99e-04 | Repel: 0.0000 | cos(c,null): +0.0837 | GradNorm: 0.0270 | MSE/t: [0.00-0.25]0.587(n=428) [0.25-0.50]0.488(n=1167) [0.50-0.75]0.416(n=1138) [0.75-1.00]0.347(n=467)
2026-04-24 23:41:43,092 - INFO - [cond] cfg_signal=0.0434 (min=0.0360 max=0.0567, n=16) | class_signal=0.0595 (min=0.0484 max=0.0692, n=16) | pred_rms=0.6239
2026-04-24 23:42:45,119 - INFO - Step   19600 | Epoch   2 | MSE: 0.4639 | Steps/sec: 3.22 | LR: 1.99e-04 | Repel: 0.0000 | cos(c,null): +0.0853 | GradNorm: 0.0388 | MSE/t: [0.00-0.25]0.593(n=442) [0.25-0.50]0.507(n=1188) [0.50-0.75]0.410(n=1130) [0.75-1.00]0.356(n=440)
2026-04-24 23:42:45,613 - INFO - [cond] cfg_signal=0.0428 (min=0.0331 max=0.0599, n=16) | class_signal=0.0558 (min=0.0452 max=0.0674, n=16) | pred_rms=0.5691
2026-04-24 23:43:47,799 - INFO - Step   19800 | Epoch   2 | MSE: 0.4682 | Steps/sec: 3.22 | LR: 1.99e-04 | Repel: 0.0000 | cos(c,null): +0.0874 | GradNorm: 0.0315 | MSE/t: [0.00-0.25]0.596(n=446) [0.25-0.50]0.493(n=1225) [0.50-0.75]0.427(n=1109) [0.75-1.00]0.371(n=420)
2026-04-24 23:43:48,369 - INFO - [cond] cfg_signal=0.0440 (min=0.0357 max=0.0615, n=16) | class_signal=0.0568 (min=0.0396 max=0.0651, n=16) | pred_rms=0.5983
2026-04-24 23:44:51,236 - INFO - Step   20000 | Epoch   2 | MSE: 0.4693 | Steps/sec: 3.18 | LR: 1.99e-04 | Repel: 0.0000 | cos(c,null): +0.0842 | GradNorm: 0.0426 | MSE/t: [0.00-0.25]0.600(n=440) [0.25-0.50]0.506(n=1190) [0.50-0.75]0.415(n=1138) [0.75-1.00]0.378(n=432)
2026-04-24 23:44:51,733 - INFO - [cond] cfg_signal=0.0438 (min=0.0332 max=0.0607, n=16) | class_signal=0.0579 (min=0.0368 max=0.0713, n=16) | pred_rms=0.5810
2026-04-24 23:44:53,797 - INFO - Saved checkpoint to output/jit_JiT-B_8_from_scratch_null_repel/0020000.pt
2026-04-24 23:44:54,227 - INFO - [cond] cfg_signal=0.0438 (min=0.0332 max=0.0607, n=16) | class_signal=0.0579 (min=0.0368 max=0.0713, n=16) | pred_rms=0.5810
2026-04-24 23:45:02,332 - INFO - [validation] saved: output/jit_JiT-B_8_from_scratch_null_repel/dit_validation/epoch_002_step_0020000_class071.png (class=71, sampler=heun, steps=100)
2026-04-24 23:46:05,007 - INFO - Step   20200 | Epoch   2 | MSE: 0.4582 | Steps/sec: 2.73 | LR: 1.99e-04 | Repel: 0.0000 | cos(c,null): +0.0855 | GradNorm: 0.0308 | MSE/t: [0.00-0.25]0.606(n=453) [0.25-0.50]0.498(n=1142) [0.50-0.75]0.393(n=1165) [0.75-1.00]0.375(n=440)
2026-04-24 23:46:05,490 - INFO - [cond] cfg_signal=0.0445 (min=0.0357 max=0.0566, n=16) | class_signal=0.0564 (min=0.0358 max=0.0713, n=16) | pred_rms=0.5909
2026-04-24 23:47:06,928 - INFO - Step   20400 | Epoch   2 | MSE: 0.4551 | Steps/sec: 3.26 | LR: 1.99e-04 | Repel: 0.0000 | cos(c,null): +0.0880 | GradNorm: 0.0277 | MSE/t: [0.00-0.25]0.573(n=428) [0.25-0.50]0.502(n=1152) [0.50-0.75]0.400(n=1161) [0.75-1.00]0.366(n=459)
2026-04-24 23:47:07,450 - INFO - [cond] cfg_signal=0.0435 (min=0.0340 max=0.0640, n=16) | class_signal=0.0557 (min=0.0331 max=0.0706, n=16) | pred_rms=0.5925
2026-04-24 23:48:11,699 - INFO - Step   20600 | Epoch   2 | MSE: 0.4598 | Steps/sec: 3.11 | LR: 1.99e-04 | Repel: 0.0000 | cos(c,null): +0.0898 | GradNorm: 0.0263 | MSE/t: [0.00-0.25]0.573(n=434) [0.25-0.50]0.496(n=1173) [0.50-0.75]0.420(n=1157) [0.75-1.00]0.356(n=436)
2026-04-24 23:48:12,233 - INFO - [cond] cfg_signal=0.0421 (min=0.0323 max=0.0586, n=16) | class_signal=0.0585 (min=0.0365 max=0.0695, n=16) | pred_rms=0.6096
2026-04-24 23:49:14,688 - INFO - Step   20800 | Epoch   2 | MSE: 0.4614 | Steps/sec: 3.20 | LR: 1.99e-04 | Repel: 0.0000 | cos(c,null): +0.0936 | GradNorm: 0.0278 | MSE/t: [0.00-0.25]0.579(n=431) [0.25-0.50]0.509(n=1176) [0.50-0.75]0.404(n=1169) [0.75-1.00]0.366(n=424)
2026-04-24 23:49:15,195 - INFO - [cond] cfg_signal=0.0411 (min=0.0324 max=0.0527, n=16) | class_signal=0.0542 (min=0.0436 max=0.0664, n=16) | pred_rms=0.5895
2026-04-24 23:50:16,611 - INFO - Step   21000 | Epoch   2 | MSE: 0.4694 | Steps/sec: 3.26 | LR: 1.99e-04 | Repel: 0.0000 | cos(c,null): +0.0949 | GradNorm: 0.0352 | MSE/t: [0.00-0.25]0.584(n=476) [0.25-0.50]0.504(n=1101) [0.50-0.75]0.418(n=1188) [0.75-1.00]0.395(n=435)
2026-04-24 23:50:17,090 - INFO - [cond] cfg_signal=0.0449 (min=0.0354 max=0.0772, n=16) | class_signal=0.0560 (min=0.0399 max=0.0669, n=16) | pred_rms=0.6004
2026-04-24 23:50:25,178 - INFO - [validation] saved: output/jit_JiT-B_8_from_scratch_null_repel/dit_validation/epoch_002_step_0021000_class045.png (class=45, sampler=heun, steps=100)
2026-04-24 23:51:28,695 - INFO - Step   21200 | Epoch   2 | MSE: 0.4693 | Steps/sec: 2.79 | LR: 1.99e-04 | Repel: 0.0000 | cos(c,null): +0.1000 | GradNorm: 0.0375 | MSE/t: [0.00-0.25]0.574(n=413) [0.25-0.50]0.521(n=1170) [0.50-0.75]0.419(n=1173) [0.75-1.00]0.369(n=444)
2026-04-24 23:51:29,215 - INFO - [cond] cfg_signal=0.0441 (min=0.0359 max=0.0526, n=16) | class_signal=0.0568 (min=0.0355 max=0.0751, n=16) | pred_rms=0.5887
2026-04-24 23:52:32,937 - INFO - Step   21400 | Epoch   2 | MSE: 0.4603 | Steps/sec: 3.14 | LR: 1.99e-04 | Repel: 0.0000 | cos(c,null): +0.1054 | GradNorm: 0.0307 | MSE/t: [0.00-0.25]0.588(n=407) [0.25-0.50]0.519(n=1172) [0.50-0.75]0.397(n=1166) [0.75-1.00]0.358(n=455)
2026-04-24 23:52:33,445 - INFO - [cond] cfg_signal=0.0425 (min=0.0301 max=0.0557, n=16) | class_signal=0.0561 (min=0.0365 max=0.0735, n=16) | pred_rms=0.6019
2026-04-24 23:53:36,303 - INFO - Step   21600 | Epoch   2 | MSE: 0.4712 | Steps/sec: 3.18 | LR: 1.99e-04 | Repel: 0.0000 | cos(c,null): +0.0985 | GradNorm: 0.0406 | MSE/t: [0.00-0.25]0.601(n=411) [0.25-0.50]0.523(n=1165) [0.50-0.75]0.406(n=1180) [0.75-1.00]0.387(n=444)
2026-04-24 23:53:36,796 - INFO - [cond] cfg_signal=0.0439 (min=0.0305 max=0.0586, n=16) | class_signal=0.0594 (min=0.0345 max=0.0844, n=16) | pred_rms=0.6046
2026-04-24 23:54:38,394 - INFO - Step   21800 | Epoch   2 | MSE: 0.4606 | Steps/sec: 3.25 | LR: 1.99e-04 | Repel: 0.0000 | cos(c,null): +0.1031 | GradNorm: 0.0441 | MSE/t: [0.00-0.25]0.575(n=454) [0.25-0.50]0.503(n=1155) [0.50-0.75]0.406(n=1165) [0.75-1.00]0.374(n=426)
2026-04-24 23:54:38,887 - INFO - [cond] cfg_signal=0.0439 (min=0.0329 max=0.0553, n=16) | class_signal=0.0625 (min=0.0328 max=0.0904, n=16) | pred_rms=0.6154
2026-04-24 23:55:41,712 - INFO - Step   22000 | Epoch   2 | MSE: 0.4487 | Steps/sec: 3.18 | LR: 1.99e-04 | Repel: 0.0000 | cos(c,null): +0.1078 | GradNorm: 0.0314 | MSE/t: [0.00-0.25]0.590(n=430) [0.25-0.50]0.491(n=1108) [0.50-0.75]0.401(n=1200) [0.75-1.00]0.339(n=462)
2026-04-24 23:55:42,248 - INFO - [cond] cfg_signal=0.0417 (min=0.0333 max=0.0527, n=16) | class_signal=0.0572 (min=0.0310 max=0.0667, n=16) | pred_rms=0.6063
2026-04-24 23:55:50,483 - INFO - [validation] saved: output/jit_JiT-B_8_from_scratch_null_repel/dit_validation/epoch_002_step_0022000_class040.png (class=40, sampler=heun, steps=100)
2026-04-24 23:56:54,673 - INFO - Step   22200 | Epoch   2 | MSE: 0.4692 | Steps/sec: 2.76 | LR: 1.99e-04 | Repel: 0.0000 | cos(c,null): +0.1126 | GradNorm: 0.0311 | MSE/t: [0.00-0.25]0.616(n=453) [0.25-0.50]0.512(n=1187) [0.50-0.75]0.411(n=1127) [0.75-1.00]0.349(n=433)
2026-04-24 23:56:55,174 - INFO - [cond] cfg_signal=0.0426 (min=0.0343 max=0.0535, n=16) | class_signal=0.0598 (min=0.0370 max=0.0853, n=16) | pred_rms=0.6002
2026-04-24 23:57:57,717 - INFO - Step   22400 | Epoch   2 | MSE: 0.4628 | Steps/sec: 3.20 | LR: 1.99e-04 | Repel: 0.0000 | cos(c,null): +0.1153 | GradNorm: 0.0301 | MSE/t: [0.00-0.25]0.599(n=446) [0.25-0.50]0.492(n=1155) [0.50-0.75]0.413(n=1187) [0.75-1.00]0.379(n=412)
2026-04-24 23:57:58,260 - INFO - [cond] cfg_signal=0.0432 (min=0.0328 max=0.0509, n=16) | class_signal=0.0568 (min=0.0336 max=0.0736, n=16) | pred_rms=0.6108
2026-04-24 23:59:00,949 - INFO - Step   22600 | Epoch   2 | MSE: 0.4600 | Steps/sec: 3.19 | LR: 1.99e-04 | Repel: 0.0000 | cos(c,null): +0.1167 | GradNorm: 0.0284 | MSE/t: [0.00-0.25]0.595(n=404) [0.25-0.50]0.494(n=1197) [0.50-0.75]0.418(n=1162) [0.75-1.00]0.356(n=437)
2026-04-24 23:59:01,466 - INFO - [cond] cfg_signal=0.0436 (min=0.0338 max=0.0558, n=16) | class_signal=0.0583 (min=0.0340 max=0.0687, n=16) | pred_rms=0.6054
2026-04-25 00:00:04,587 - INFO - Step   22800 | Epoch   2 | MSE: 0.4624 | Steps/sec: 3.17 | LR: 1.99e-04 | Repel: 0.0000 | cos(c,null): +0.1197 | GradNorm: 0.0283 | MSE/t: [0.00-0.25]0.609(n=420) [0.25-0.50]0.499(n=1211) [0.50-0.75]0.401(n=1147) [0.75-1.00]0.380(n=422)
2026-04-25 00:00:05,187 - INFO - [cond] cfg_signal=0.0418 (min=0.0315 max=0.0528, n=16) | class_signal=0.0580 (min=0.0362 max=0.0685, n=16) | pred_rms=0.6042
2026-04-25 00:01:08,398 - INFO - Step   23000 | Epoch   2 | MSE: 0.4668 | Steps/sec: 3.16 | LR: 1.99e-04 | Repel: 0.0000 | cos(c,null): +0.1229 | GradNorm: 0.0312 | MSE/t: [0.00-0.25]0.572(n=411) [0.25-0.50]0.502(n=1192) [0.50-0.75]0.433(n=1188) [0.75-1.00]0.357(n=409)
2026-04-25 00:01:08,882 - INFO - [cond] cfg_signal=0.0410 (min=0.0319 max=0.0579, n=16) | class_signal=0.0569 (min=0.0339 max=0.0743, n=16) | pred_rms=0.5820
2026-04-25 00:01:17,246 - INFO - [validation] saved: output/jit_JiT-B_8_from_scratch_null_repel/dit_validation/epoch_002_step_0023000_class081.png (class=81, sampler=heun, steps=100)
2026-04-25 00:02:20,112 - INFO - Step   23200 | Epoch   2 | MSE: 0.4661 | Steps/sec: 2.81 | LR: 1.99e-04 | Repel: 0.0000 | cos(c,null): +0.1245 | GradNorm: 0.0308 | MSE/t: [0.00-0.25]0.601(n=452) [0.25-0.50]0.502(n=1130) [0.50-0.75]0.421(n=1178) [0.75-1.00]0.358(n=440)
2026-04-25 00:02:20,649 - INFO - [cond] cfg_signal=0.0393 (min=0.0318 max=0.0559, n=16) | class_signal=0.0547 (min=0.0313 max=0.0751, n=16) | pred_rms=0.5901
2026-04-25 00:03:22,872 - INFO - Step   23400 | Epoch   2 | MSE: 0.4656 | Steps/sec: 3.21 | LR: 1.99e-04 | Repel: 0.0000 | cos(c,null): +0.1252 | GradNorm: 0.0271 | MSE/t: [0.00-0.25]0.592(n=455) [0.25-0.50]0.521(n=1172) [0.50-0.75]0.396(n=1157) [0.75-1.00]0.362(n=416)
2026-04-25 00:03:23,375 - INFO - [cond] cfg_signal=0.0407 (min=0.0303 max=0.0529, n=16) | class_signal=0.0567 (min=0.0301 max=0.0662, n=16) | pred_rms=0.5884
2026-04-25 00:04:27,145 - INFO - Step   23600 | Epoch   2 | MSE: 0.4660 | Steps/sec: 3.14 | LR: 1.99e-04 | Repel: 0.0000 | cos(c,null): +0.1272 | GradNorm: 0.0312 | MSE/t: [0.00-0.25]0.597(n=477) [0.25-0.50]0.500(n=1141) [0.50-0.75]0.416(n=1129) [0.75-1.00]0.366(n=453)
2026-04-25 00:04:27,616 - INFO - [cond] cfg_signal=0.0453 (min=0.0319 max=0.0615, n=16) | class_signal=0.0589 (min=0.0345 max=0.0686, n=16) | pred_rms=0.6161
2026-04-25 00:05:29,985 - INFO - Step   23800 | Epoch   2 | MSE: 0.4473 | Steps/sec: 3.21 | LR: 1.99e-04 | Repel: 0.0000 | cos(c,null): +0.1268 | GradNorm: 0.0265 | MSE/t: [0.00-0.25]0.609(n=413) [0.25-0.50]0.475(n=1150) [0.50-0.75]0.402(n=1219) [0.75-1.00]0.344(n=418)
2026-04-25 00:05:30,482 - INFO - [cond] cfg_signal=0.0430 (min=0.0286 max=0.0595, n=16) | class_signal=0.0577 (min=0.0317 max=0.0680, n=16) | pred_rms=0.6072
2026-04-25 00:06:33,267 - INFO - Step   24000 | Epoch   3 | MSE: 0.4601 | Steps/sec: 3.19 | LR: 1.99e-04 | Repel: 0.0000 | cos(c,null): +0.1309 | GradNorm: 0.0299 | MSE/t: [0.00-0.25]0.601(n=434) [0.25-0.50]0.495(n=1171) [0.50-0.75]0.405(n=1143) [0.75-1.00]0.372(n=452)
2026-04-25 00:06:33,799 - INFO - [cond] cfg_signal=0.0429 (min=0.0301 max=0.0591, n=16) | class_signal=0.0590 (min=0.0326 max=0.0749, n=16) | pred_rms=0.6006
2026-04-25 00:06:42,286 - INFO - [validation] saved: output/jit_JiT-B_8_from_scratch_null_repel/dit_validation/epoch_003_step_0024000_class070.png (class=70, sampler=heun, steps=100)
2026-04-25 00:07:45,350 - INFO - Step   24200 | Epoch   3 | MSE: 0.4571 | Steps/sec: 2.80 | LR: 1.99e-04 | Repel: 0.0000 | cos(c,null): +0.1330 | GradNorm: 0.0311 | MSE/t: [0.00-0.25]0.588(n=447) [0.25-0.50]0.508(n=1156) [0.50-0.75]0.389(n=1132) [0.75-1.00]0.369(n=465)
2026-04-25 00:07:45,979 - INFO - [cond] cfg_signal=0.0470 (min=0.0286 max=0.0669, n=16) | class_signal=0.0617 (min=0.0377 max=0.0783, n=16) | pred_rms=0.6160
2026-04-25 00:08:50,174 - INFO - Step   24400 | Epoch   3 | MSE: 0.4545 | Steps/sec: 3.12 | LR: 1.99e-04 | Repel: 0.0000 | cos(c,null): +0.1353 | GradNorm: 0.0278 | MSE/t: [0.00-0.25]0.614(n=417) [0.25-0.50]0.488(n=1195) [0.50-0.75]0.400(n=1153) [0.75-1.00]0.355(n=435)
2026-04-25 00:08:50,690 - INFO - [cond] cfg_signal=0.0427 (min=0.0309 max=0.0543, n=16) | class_signal=0.0595 (min=0.0415 max=0.0707, n=16) | pred_rms=0.6128
2026-04-25 00:09:53,769 - INFO - Step   24600 | Epoch   3 | MSE: 0.4731 | Steps/sec: 3.17 | LR: 1.99e-04 | Repel: 0.0000 | cos(c,null): +0.1445 | GradNorm: 0.0511 | MSE/t: [0.00-0.25]0.602(n=428) [0.25-0.50]0.515(n=1167) [0.50-0.75]0.420(n=1167) [0.75-1.00]0.376(n=438)
2026-04-25 00:09:54,289 - INFO - [cond] cfg_signal=0.0448 (min=0.0313 max=0.0571, n=16) | class_signal=0.0645 (min=0.0371 max=0.0755, n=16) | pred_rms=0.6118
2026-04-25 00:10:56,807 - INFO - Step   24800 | Epoch   3 | MSE: 0.4569 | Steps/sec: 3.20 | LR: 1.99e-04 | Repel: 0.0000 | cos(c,null): +0.1500 | GradNorm: 0.0363 | MSE/t: [0.00-0.25]0.591(n=402) [0.25-0.50]0.501(n=1160) [0.50-0.75]0.404(n=1192) [0.75-1.00]0.362(n=446)
2026-04-25 00:10:57,298 - INFO - [cond] cfg_signal=0.0396 (min=0.0303 max=0.0508, n=16) | class_signal=0.0527 (min=0.0322 max=0.0643, n=16) | pred_rms=0.5852
2026-04-25 00:12:01,483 - INFO - Step   25000 | Epoch   3 | MSE: 0.4637 | Steps/sec: 3.12 | LR: 1.99e-04 | Repel: 0.0000 | cos(c,null): +0.1574 | GradNorm: 0.0279 | MSE/t: [0.00-0.25]0.588(n=410) [0.25-0.50]0.504(n=1237) [0.50-0.75]0.415(n=1127) [0.75-1.00]0.356(n=426)
2026-04-25 00:12:01,981 - INFO - [cond] cfg_signal=0.0422 (min=0.0298 max=0.0637, n=16) | class_signal=0.0552 (min=0.0371 max=0.0652, n=16) | pred_rms=0.6340
2026-04-25 00:12:10,159 - INFO - [validation] saved: output/jit_JiT-B_8_from_scratch_null_repel/dit_validation/epoch_003_step_0025000_class056.png (class=56, sampler=heun, steps=100)
2026-04-25 00:13:13,798 - INFO - Step   25200 | Epoch   3 | MSE: 0.4714 | Steps/sec: 2.78 | LR: 1.99e-04 | Repel: 0.0000 | cos(c,null): +0.1579 | GradNorm: 0.0430 | MSE/t: [0.00-0.25]0.578(n=437) [0.25-0.50]0.526(n=1182) [0.50-0.75]0.414(n=1199) [0.75-1.00]0.360(n=382)
2026-04-25 00:13:14,318 - INFO - [cond] cfg_signal=0.0421 (min=0.0240 max=0.0570, n=16) | class_signal=0.0577 (min=0.0417 max=0.0737, n=16) | pred_rms=0.5906
2026-04-25 00:14:15,980 - INFO - Step   25400 | Epoch   3 | MSE: 0.4623 | Steps/sec: 3.24 | LR: 1.99e-04 | Repel: 0.0000 | cos(c,null): +0.1651 | GradNorm: 0.0291 | MSE/t: [0.00-0.25]0.597(n=422) [0.25-0.50]0.510(n=1218) [0.50-0.75]0.397(n=1142) [0.75-1.00]0.364(n=418)
2026-04-25 00:14:16,484 - INFO - [cond] cfg_signal=0.0406 (min=0.0275 max=0.0556, n=16) | class_signal=0.0551 (min=0.0361 max=0.0632, n=16) | pred_rms=0.6160
2026-04-25 00:15:19,256 - INFO - Step   25600 | Epoch   3 | MSE: 0.4612 | Steps/sec: 3.19 | LR: 1.99e-04 | Repel: 0.0000 | cos(c,null): +0.1663 | GradNorm: 0.0309 | MSE/t: [0.00-0.25]0.568(n=436) [0.25-0.50]0.521(n=1123) [0.50-0.75]0.408(n=1172) [0.75-1.00]0.352(n=469)
2026-04-25 00:15:19,784 - INFO - [cond] cfg_signal=0.0395 (min=0.0277 max=0.0540, n=16) | class_signal=0.0531 (min=0.0334 max=0.0644, n=16) | pred_rms=0.6224
2026-04-25 00:16:23,889 - INFO - Step   25800 | Epoch   3 | MSE: 0.4605 | Steps/sec: 3.12 | LR: 1.99e-04 | Repel: 0.0000 | cos(c,null): +0.1663 | GradNorm: 0.0359 | MSE/t: [0.00-0.25]0.596(n=415) [0.25-0.50]0.503(n=1167) [0.50-0.75]0.415(n=1151) [0.75-1.00]0.346(n=467)
2026-04-25 00:16:24,386 - INFO - [cond] cfg_signal=0.0417 (min=0.0295 max=0.0545, n=16) | class_signal=0.0584 (min=0.0385 max=0.0743, n=16) | pred_rms=0.6182
2026-04-25 00:17:26,484 - INFO - Step   26000 | Epoch   3 | MSE: 0.4588 | Steps/sec: 3.22 | LR: 1.99e-04 | Repel: 0.0000 | cos(c,null): +0.1684 | GradNorm: 0.0387 | MSE/t: [0.00-0.25]0.589(n=446) [0.25-0.50]0.489(n=1100) [0.50-0.75]0.416(n=1218) [0.75-1.00]0.368(n=436)
2026-04-25 00:17:27,005 - INFO - [cond] cfg_signal=0.0419 (min=0.0280 max=0.0544, n=16) | class_signal=0.0569 (min=0.0360 max=0.0714, n=16) | pred_rms=0.6049
2026-04-25 00:17:35,152 - INFO - [validation] saved: output/jit_JiT-B_8_from_scratch_null_repel/dit_validation/epoch_003_step_0026000_class033.png (class=33, sampler=heun, steps=100)
2026-04-25 00:18:37,747 - INFO - Step   26200 | Epoch   3 | MSE: 0.4648 | Steps/sec: 2.83 | LR: 1.99e-04 | Repel: 0.0000 | cos(c,null): +0.1719 | GradNorm: 0.0308 | MSE/t: [0.00-0.25]0.597(n=450) [0.25-0.50]0.510(n=1152) [0.50-0.75]0.412(n=1171) [0.75-1.00]0.348(n=427)
2026-04-25 00:18:38,249 - INFO - [cond] cfg_signal=0.0405 (min=0.0299 max=0.0578, n=16) | class_signal=0.0543 (min=0.0373 max=0.0694, n=16) | pred_rms=0.6138
2026-04-25 00:19:41,483 - INFO - Step   26400 | Epoch   3 | MSE: 0.4543 | Steps/sec: 3.16 | LR: 1.99e-04 | Repel: 0.0000 | cos(c,null): +0.1779 | GradNorm: 0.0351 | MSE/t: [0.00-0.25]0.552(n=442) [0.25-0.50]0.507(n=1148) [0.50-0.75]0.404(n=1181) [0.75-1.00]0.351(n=429)
2026-04-25 00:19:42,038 - INFO - [cond] cfg_signal=0.0427 (min=0.0319 max=0.0561, n=16) | class_signal=0.0589 (min=0.0392 max=0.0814, n=16) | pred_rms=0.6320
2026-04-25 00:20:45,585 - INFO - Step   26600 | Epoch   3 | MSE: 0.4575 | Steps/sec: 3.15 | LR: 1.99e-04 | Repel: 0.0000 | cos(c,null): +0.1834 | GradNorm: 0.0268 | MSE/t: [0.00-0.25]0.613(n=416) [0.25-0.50]0.485(n=1195) [0.50-0.75]0.409(n=1146) [0.75-1.00]0.363(n=443)
2026-04-25 00:20:46,086 - INFO - [cond] cfg_signal=0.0408 (min=0.0302 max=0.0513, n=16) | class_signal=0.0573 (min=0.0400 max=0.0710, n=16) | pred_rms=0.6073
2026-04-25 00:21:49,132 - INFO - Step   26800 | Epoch   3 | MSE: 0.4551 | Steps/sec: 3.17 | LR: 1.99e-04 | Repel: 0.0000 | cos(c,null): +0.1837 | GradNorm: 0.0266 | MSE/t: [0.00-0.25]0.607(n=394) [0.25-0.50]0.500(n=1174) [0.50-0.75]0.398(n=1200) [0.75-1.00]0.352(n=432)
2026-04-25 00:21:49,652 - INFO - [cond] cfg_signal=0.0415 (min=0.0318 max=0.0571, n=16) | class_signal=0.0547 (min=0.0404 max=0.0643, n=16) | pred_rms=0.6179
2026-04-25 00:22:52,560 - INFO - Step   27000 | Epoch   3 | MSE: 0.4567 | Steps/sec: 3.18 | LR: 1.99e-04 | Repel: 0.0000 | cos(c,null): +0.1842 | GradNorm: 0.0313 | MSE/t: [0.00-0.25]0.551(n=414) [0.25-0.50]0.497(n=1167) [0.50-0.75]0.410(n=1195) [0.75-1.00]0.385(n=424)
2026-04-25 00:22:53,033 - INFO - [cond] cfg_signal=0.0403 (min=0.0268 max=0.0517, n=16) | class_signal=0.0546 (min=0.0386 max=0.0742, n=16) | pred_rms=0.6069
2026-04-25 00:23:01,111 - INFO - [validation] saved: output/jit_JiT-B_8_from_scratch_null_repel/dit_validation/epoch_003_step_0027000_class103.png (class=103, sampler=heun, steps=100)
2026-04-25 00:24:05,196 - INFO - Step   27200 | Epoch   3 | MSE: 0.4519 | Steps/sec: 2.77 | LR: 1.99e-04 | Repel: 0.0000 | cos(c,null): +0.1889 | GradNorm: 0.0266 | MSE/t: [0.00-0.25]0.583(n=440) [0.25-0.50]0.485(n=1152) [0.50-0.75]0.398(n=1170) [0.75-1.00]0.377(n=438)
2026-04-25 00:24:05,711 - INFO - [cond] cfg_signal=0.0413 (min=0.0294 max=0.0593, n=16) | class_signal=0.0585 (min=0.0339 max=0.0858, n=16) | pred_rms=0.6158
2026-04-25 00:25:09,052 - INFO - Step   27400 | Epoch   3 | MSE: 0.4645 | Steps/sec: 3.16 | LR: 1.99e-04 | Repel: 0.0000 | cos(c,null): +0.1886 | GradNorm: 0.0372 | MSE/t: [0.00-0.25]0.566(n=467) [0.25-0.50]0.505(n=1156) [0.50-0.75]0.414(n=1179) [0.75-1.00]0.377(n=398)
2026-04-25 00:25:09,545 - INFO - [cond] cfg_signal=0.0392 (min=0.0324 max=0.0518, n=16) | class_signal=0.0550 (min=0.0401 max=0.0665, n=16) | pred_rms=0.6037
2026-04-25 00:26:12,353 - INFO - Step   27600 | Epoch   3 | MSE: 0.4515 | Steps/sec: 3.18 | LR: 1.99e-04 | Repel: 0.0000 | cos(c,null): +0.1929 | GradNorm: 0.0324 | MSE/t: [0.00-0.25]0.571(n=438) [0.25-0.50]0.498(n=1166) [0.50-0.75]0.400(n=1180) [0.75-1.00]0.342(n=416)
2026-04-25 00:26:12,904 - INFO - [cond] cfg_signal=0.0387 (min=0.0330 max=0.0549, n=16) | class_signal=0.0532 (min=0.0311 max=0.0613, n=16) | pred_rms=0.6089
2026-04-25 00:27:16,082 - INFO - Step   27800 | Epoch   3 | MSE: 0.4591 | Steps/sec: 3.17 | LR: 1.99e-04 | Repel: 0.0000 | cos(c,null): +0.1931 | GradNorm: 0.0293 | MSE/t: [0.00-0.25]0.599(n=444) [0.25-0.50]0.492(n=1185) [0.50-0.75]0.414(n=1156) [0.75-1.00]0.341(n=415)
2026-04-25 00:27:16,600 - INFO - [cond] cfg_signal=0.0373 (min=0.0271 max=0.0552, n=16) | class_signal=0.0507 (min=0.0317 max=0.0626, n=16) | pred_rms=0.6015
2026-04-25 00:28:19,482 - INFO - Step   28000 | Epoch   3 | MSE: 0.4532 | Steps/sec: 3.18 | LR: 1.99e-04 | Repel: 0.0000 | cos(c,null): +0.1917 | GradNorm: 0.0239 | MSE/t: [0.00-0.25]0.570(n=442) [0.25-0.50]0.509(n=1155) [0.50-0.75]0.389(n=1151) [0.75-1.00]0.361(n=452)
2026-04-25 00:28:20,013 - INFO - [cond] cfg_signal=0.0393 (min=0.0300 max=0.0507, n=16) | class_signal=0.0530 (min=0.0316 max=0.0677, n=16) | pred_rms=0.6225
2026-04-25 00:28:28,195 - INFO - [validation] saved: output/jit_JiT-B_8_from_scratch_null_repel/dit_validation/epoch_003_step_0028000_class117.png (class=117, sampler=heun, steps=100)
2026-04-25 00:29:31,612 - INFO - Step   28200 | Epoch   3 | MSE: 0.4567 | Steps/sec: 2.79 | LR: 1.99e-04 | Repel: 0.0000 | cos(c,null): +0.1840 | GradNorm: 0.0327 | MSE/t: [0.00-0.25]0.552(n=414) [0.25-0.50]0.517(n=1160) [0.50-0.75]0.398(n=1200) [0.75-1.00]0.366(n=426)
2026-04-25 00:29:32,130 - INFO - [cond] cfg_signal=0.0411 (min=0.0319 max=0.0543, n=16) | class_signal=0.0531 (min=0.0346 max=0.0707, n=16) | pred_rms=0.5883
2026-04-25 00:30:34,829 - INFO - Step   28400 | Epoch   3 | MSE: 0.4656 | Steps/sec: 3.19 | LR: 1.99e-04 | Repel: 0.0000 | cos(c,null): +0.1708 | GradNorm: 0.0329 | MSE/t: [0.00-0.25]0.589(n=441) [0.25-0.50]0.505(n=1190) [0.50-0.75]0.412(n=1143) [0.75-1.00]0.372(n=426)
2026-04-25 00:30:35,352 - INFO - [cond] cfg_signal=0.0417 (min=0.0306 max=0.0656, n=16) | class_signal=0.0557 (min=0.0300 max=0.0723, n=16) | pred_rms=0.6212
2026-04-25 00:31:37,829 - INFO - Step   28600 | Epoch   3 | MSE: 0.4547 | Steps/sec: 3.20 | LR: 1.99e-04 | Repel: 0.0000 | cos(c,null): +0.1689 | GradNorm: 0.0276 | MSE/t: [0.00-0.25]0.551(n=429) [0.25-0.50]0.502(n=1151) [0.50-0.75]0.414(n=1142) [0.75-1.00]0.351(n=478)
2026-04-25 00:31:38,328 - INFO - [cond] cfg_signal=0.0407 (min=0.0275 max=0.0530, n=16) | class_signal=0.0537 (min=0.0314 max=0.0683, n=16) | pred_rms=0.5982
2026-04-25 00:32:41,253 - INFO - Step   28800 | Epoch   3 | MSE: 0.4602 | Steps/sec: 3.18 | LR: 1.99e-04 | Repel: 0.0000 | cos(c,null): +0.1716 | GradNorm: 0.0241 | MSE/t: [0.00-0.25]0.605(n=447) [0.25-0.50]0.501(n=1150) [0.50-0.75]0.406(n=1166) [0.75-1.00]0.350(n=437)
2026-04-25 00:32:41,736 - INFO - [cond] cfg_signal=0.0394 (min=0.0265 max=0.0489, n=16) | class_signal=0.0527 (min=0.0305 max=0.0678, n=16) | pred_rms=0.6047
2026-04-25 00:33:44,274 - INFO - Step   29000 | Epoch   3 | MSE: 0.4666 | Steps/sec: 3.20 | LR: 1.99e-04 | Repel: 0.0000 | cos(c,null): +0.1758 | GradNorm: 0.0404 | MSE/t: [0.00-0.25]0.611(n=453) [0.25-0.50]0.519(n=1157) [0.50-0.75]0.397(n=1126) [0.75-1.00]0.362(n=464)
2026-04-25 00:33:44,749 - INFO - [cond] cfg_signal=0.0433 (min=0.0299 max=0.0568, n=16) | class_signal=0.0517 (min=0.0306 max=0.0606, n=16) | pred_rms=0.6077
2026-04-25 00:33:52,839 - INFO - [validation] saved: output/jit_JiT-B_8_from_scratch_null_repel/dit_validation/epoch_003_step_0029000_class011.png (class=11, sampler=heun, steps=100)
2026-04-25 00:34:56,957 - INFO - Step   29200 | Epoch   3 | MSE: 0.4554 | Steps/sec: 2.77 | LR: 1.99e-04 | Repel: 0.0000 | cos(c,null): +0.1688 | GradNorm: 0.0354 | MSE/t: [0.00-0.25]0.573(n=439) [0.25-0.50]0.500(n=1162) [0.50-0.75]0.399(n=1167) [0.75-1.00]0.368(n=432)
2026-04-25 00:34:57,453 - INFO - [cond] cfg_signal=0.0412 (min=0.0299 max=0.0597, n=16) | class_signal=0.0543 (min=0.0326 max=0.0715, n=16) | pred_rms=0.6283
2026-04-25 00:36:00,128 - INFO - Step   29400 | Epoch   3 | MSE: 0.4645 | Steps/sec: 3.19 | LR: 1.99e-04 | Repel: 0.0000 | cos(c,null): +0.1738 | GradNorm: 0.0257 | MSE/t: [0.00-0.25]0.603(n=431) [0.25-0.50]0.499(n=1155) [0.50-0.75]0.415(n=1170) [0.75-1.00]0.372(n=444)
2026-04-25 00:36:00,628 - INFO - [cond] cfg_signal=0.0424 (min=0.0289 max=0.0619, n=16) | class_signal=0.0594 (min=0.0330 max=0.0789, n=16) | pred_rms=0.6252
2026-04-25 00:37:02,926 - INFO - Step   29600 | Epoch   3 | MSE: 0.4657 | Steps/sec: 3.21 | LR: 1.99e-04 | Repel: 0.0000 | cos(c,null): +0.1773 | GradNorm: 0.0239 | MSE/t: [0.00-0.25]0.576(n=451) [0.25-0.50]0.516(n=1124) [0.50-0.75]0.411(n=1197) [0.75-1.00]0.370(n=428)
2026-04-25 00:37:03,406 - INFO - [cond] cfg_signal=0.0379 (min=0.0267 max=0.0522, n=16) | class_signal=0.0518 (min=0.0332 max=0.0676, n=16) | pred_rms=0.6111
2026-04-25 00:38:04,619 - INFO - Step   29800 | Epoch   3 | MSE: 0.4559 | Steps/sec: 3.27 | LR: 1.99e-04 | Repel: 0.0000 | cos(c,null): +0.1766 | GradNorm: 0.0330 | MSE/t: [0.00-0.25]0.600(n=427) [0.25-0.50]0.503(n=1159) [0.50-0.75]0.390(n=1179) [0.75-1.00]0.367(n=435)
2026-04-25 00:38:05,122 - INFO - [cond] cfg_signal=0.0396 (min=0.0275 max=0.0595, n=16) | class_signal=0.0546 (min=0.0301 max=0.0761, n=16) | pred_rms=0.6380
2026-04-25 00:39:07,765 - INFO - Step   30000 | Epoch   3 | MSE: 0.4546 | Steps/sec: 3.19 | LR: 1.99e-04 | Repel: 0.0000 | cos(c,null): +0.1817 | GradNorm: 0.0270 | MSE/t: [0.00-0.25]0.586(n=401) [0.25-0.50]0.500(n=1249) [0.50-0.75]0.391(n=1139) [0.75-1.00]0.364(n=411)
2026-04-25 00:39:08,294 - INFO - [cond] cfg_signal=0.0387 (min=0.0266 max=0.0514, n=16) | class_signal=0.0535 (min=0.0326 max=0.0742, n=16) | pred_rms=0.6155
2026-04-25 00:39:16,652 - INFO - [validation] saved: output/jit_JiT-B_8_from_scratch_null_repel/dit_validation/epoch_003_step_0030000_class107.png (class=107, sampler=heun, steps=100)
2026-04-25 00:40:21,112 - INFO - Step   30200 | Epoch   3 | MSE: 0.4719 | Steps/sec: 2.75 | LR: 1.99e-04 | Repel: 0.0000 | cos(c,null): +0.1852 | GradNorm: 0.0257 | MSE/t: [0.00-0.25]0.606(n=423) [0.25-0.50]0.507(n=1210) [0.50-0.75]0.425(n=1130) [0.75-1.00]0.367(n=437)
2026-04-25 00:40:21,615 - INFO - [cond] cfg_signal=0.0391 (min=0.0284 max=0.0584, n=16) | class_signal=0.0549 (min=0.0305 max=0.0801, n=16) | pred_rms=0.6334
2026-04-25 00:41:23,043 - INFO - Step   30400 | Epoch   3 | MSE: 0.4682 | Steps/sec: 3.26 | LR: 1.99e-04 | Repel: 0.0000 | cos(c,null): +0.1895 | GradNorm: 0.0296 | MSE/t: [0.00-0.25]0.563(n=427) [0.25-0.50]0.526(n=1137) [0.50-0.75]0.414(n=1195) [0.75-1.00]0.375(n=441)
2026-04-25 00:41:23,540 - INFO - [cond] cfg_signal=0.0393 (min=0.0278 max=0.0553, n=16) | class_signal=0.0530 (min=0.0332 max=0.0691, n=16) | pred_rms=0.6168
2026-04-25 00:42:26,770 - INFO - Step   30600 | Epoch   3 | MSE: 0.4572 | Steps/sec: 3.16 | LR: 1.99e-04 | Repel: 0.0000 | cos(c,null): +0.1957 | GradNorm: 0.0275 | MSE/t: [0.00-0.25]0.578(n=425) [0.25-0.50]0.503(n=1169) [0.50-0.75]0.410(n=1173) [0.75-1.00]0.343(n=433)
2026-04-25 00:42:27,307 - INFO - [cond] cfg_signal=0.0386 (min=0.0284 max=0.0524, n=16) | class_signal=0.0520 (min=0.0327 max=0.0689, n=16) | pred_rms=0.6242
2026-04-25 00:43:30,111 - INFO - Step   30800 | Epoch   3 | MSE: 0.4643 | Steps/sec: 3.18 | LR: 1.99e-04 | Repel: 0.0000 | cos(c,null): +0.1997 | GradNorm: 0.0325 | MSE/t: [0.00-0.25]0.590(n=438) [0.25-0.50]0.505(n=1177) [0.50-0.75]0.409(n=1142) [0.75-1.00]0.372(n=443)
2026-04-25 00:43:30,609 - INFO - [cond] cfg_signal=0.0388 (min=0.0298 max=0.0513, n=16) | class_signal=0.0538 (min=0.0327 max=0.0709, n=16) | pred_rms=0.6043
2026-04-25 00:44:33,131 - INFO - Step   31000 | Epoch   3 | MSE: 0.4726 | Steps/sec: 3.20 | LR: 1.99e-04 | Repel: 0.0000 | cos(c,null): +0.2066 | GradNorm: 0.0279 | MSE/t: [0.00-0.25]0.617(n=453) [0.25-0.50]0.518(n=1161) [0.50-0.75]0.403(n=1145) [0.75-1.00]0.385(n=441)
2026-04-25 00:44:33,622 - INFO - [cond] cfg_signal=0.0405 (min=0.0289 max=0.0621, n=16) | class_signal=0.0547 (min=0.0368 max=0.0699, n=16) | pred_rms=0.6118
2026-04-25 00:44:41,792 - INFO - [validation] saved: output/jit_JiT-B_8_from_scratch_null_repel/dit_validation/epoch_003_step_0031000_class090.png (class=90, sampler=heun, steps=100)
2026-04-25 00:45:45,505 - INFO - Step   31200 | Epoch   3 | MSE: 0.4586 | Steps/sec: 2.78 | LR: 1.99e-04 | Repel: 0.0000 | cos(c,null): +0.2106 | GradNorm: 0.0283 | MSE/t: [0.00-0.25]0.562(n=441) [0.25-0.50]0.498(n=1137) [0.50-0.75]0.419(n=1201) [0.75-1.00]0.356(n=421)
2026-04-25 00:45:46,020 - INFO - [cond] cfg_signal=0.0431 (min=0.0294 max=0.0558, n=16) | class_signal=0.0608 (min=0.0357 max=0.0758, n=16) | pred_rms=0.6183
2026-04-25 00:46:48,967 - INFO - Step   31400 | Epoch   3 | MSE: 0.4600 | Steps/sec: 3.18 | LR: 1.99e-04 | Repel: 0.0000 | cos(c,null): +0.2106 | GradNorm: 0.0336 | MSE/t: [0.00-0.25]0.590(n=452) [0.25-0.50]0.497(n=1193) [0.50-0.75]0.405(n=1141) [0.75-1.00]0.362(n=414)
2026-04-25 00:46:49,513 - INFO - [cond] cfg_signal=0.0419 (min=0.0293 max=0.0552, n=16) | class_signal=0.0585 (min=0.0339 max=0.0718, n=16) | pred_rms=0.6038
2026-04-25 00:47:52,450 - INFO - Step   31600 | Epoch   3 | MSE: 0.4641 | Steps/sec: 3.18 | LR: 1.99e-04 | Repel: 0.0000 | cos(c,null): +0.2157 | GradNorm: 0.0307 | MSE/t: [0.00-0.25]0.613(n=419) [0.25-0.50]0.492(n=1232) [0.50-0.75]0.412(n=1138) [0.75-1.00]0.373(n=411)
2026-04-25 00:47:52,974 - INFO - [cond] cfg_signal=0.0427 (min=0.0321 max=0.0587, n=16) | class_signal=0.0568 (min=0.0316 max=0.0730, n=16) | pred_rms=0.6210
2026-04-25 00:48:56,582 - INFO - Step   31800 | Epoch   4 | MSE: 0.4659 | Steps/sec: 3.14 | LR: 1.99e-04 | Repel: 0.0000 | cos(c,null): +0.2251 | GradNorm: 0.0345 | MSE/t: [0.00-0.25]0.586(n=428) [0.25-0.50]0.516(n=1145) [0.50-0.75]0.415(n=1143) [0.75-1.00]0.360(n=484)
2026-04-25 00:48:57,261 - INFO - [cond] cfg_signal=0.0407 (min=0.0279 max=0.0723, n=16) | class_signal=0.0552 (min=0.0334 max=0.0817, n=16) | pred_rms=0.6080
2026-04-25 00:50:00,270 - INFO - Step   32000 | Epoch   4 | MSE: 0.4603 | Steps/sec: 3.17 | LR: 1.98e-04 | Repel: 0.0000 | cos(c,null): +0.2264 | GradNorm: 0.0274 | MSE/t: [0.00-0.25]0.572(n=442) [0.25-0.50]0.513(n=1142) [0.50-0.75]0.396(n=1150) [0.75-1.00]0.383(n=466)
2026-04-25 00:50:00,762 - INFO - [cond] cfg_signal=0.0402 (min=0.0289 max=0.0645, n=16) | class_signal=0.0542 (min=0.0306 max=0.0714, n=16) | pred_rms=0.6270
2026-04-25 00:50:08,944 - INFO - [validation] saved: output/jit_JiT-B_8_from_scratch_null_repel/dit_validation/epoch_004_step_0032000_class085.png (class=85, sampler=heun, steps=100)
2026-04-25 00:51:13,404 - INFO - Step   32200 | Epoch   4 | MSE: 0.4629 | Steps/sec: 2.75 | LR: 1.98e-04 | Repel: 0.0000 | cos(c,null): +0.2281 | GradNorm: 0.0263 | MSE/t: [0.00-0.25]0.595(n=423) [0.25-0.50]0.500(n=1178) [0.50-0.75]0.415(n=1133) [0.75-1.00]0.365(n=466)
2026-04-25 00:51:13,914 - INFO - [cond] cfg_signal=0.0397 (min=0.0261 max=0.0632, n=16) | class_signal=0.0555 (min=0.0324 max=0.0762, n=16) | pred_rms=0.6421
2026-04-25 00:52:17,449 - INFO - Step   32400 | Epoch   4 | MSE: 0.4579 | Steps/sec: 3.15 | LR: 1.98e-04 | Repel: 0.0000 | cos(c,null): +0.2355 | GradNorm: 0.0301 | MSE/t: [0.00-0.25]0.593(n=467) [0.25-0.50]0.487(n=1176) [0.50-0.75]0.414(n=1142) [0.75-1.00]0.345(n=415)
2026-04-25 00:52:17,932 - INFO - [cond] cfg_signal=0.0395 (min=0.0250 max=0.0602, n=16) | class_signal=0.0543 (min=0.0362 max=0.0752, n=16) | pred_rms=0.6174
2026-04-25 00:53:19,716 - INFO - Step   32600 | Epoch   4 | MSE: 0.4624 | Steps/sec: 3.24 | LR: 1.98e-04 | Repel: 0.0000 | cos(c,null): +0.2349 | GradNorm: 0.0318 | MSE/t: [0.00-0.25]0.574(n=419) [0.25-0.50]0.499(n=1161) [0.50-0.75]0.419(n=1188) [0.75-1.00]0.373(n=432)
2026-04-25 00:53:20,218 - INFO - [cond] cfg_signal=0.0381 (min=0.0269 max=0.0530, n=16) | class_signal=0.0514 (min=0.0291 max=0.0658, n=16) | pred_rms=0.6435
2026-04-25 00:54:23,887 - INFO - Step   32800 | Epoch   4 | MSE: 0.4712 | Steps/sec: 3.14 | LR: 1.98e-04 | Repel: 0.0000 | cos(c,null): +0.2425 | GradNorm: 0.0401 | MSE/t: [0.00-0.25]0.611(n=461) [0.25-0.50]0.511(n=1200) [0.50-0.75]0.413(n=1110) [0.75-1.00]0.361(n=429)
2026-04-25 00:54:24,414 - INFO - [cond] cfg_signal=0.0377 (min=0.0235 max=0.0607, n=16) | class_signal=0.0509 (min=0.0300 max=0.0694, n=16) | pred_rms=0.6203
2026-04-25 00:55:28,095 - INFO - Step   33000 | Epoch   4 | MSE: 0.4597 | Steps/sec: 3.14 | LR: 1.98e-04 | Repel: 0.0000 | cos(c,null): +0.2501 | GradNorm: 0.0269 | MSE/t: [0.00-0.25]0.581(n=418) [0.25-0.50]0.514(n=1241) [0.50-0.75]0.389(n=1146) [0.75-1.00]0.367(n=395)
2026-04-25 00:55:28,638 - INFO - [cond] cfg_signal=0.0367 (min=0.0214 max=0.0509, n=16) | class_signal=0.0508 (min=0.0301 max=0.0637, n=16) | pred_rms=0.6253
2026-04-25 00:55:36,720 - INFO - [validation] saved: output/jit_JiT-B_8_from_scratch_null_repel/dit_validation/epoch_004_step_0033000_class000.png (class=0, sampler=heun, steps=100)
2026-04-25 00:56:40,283 - INFO - Step   33200 | Epoch   4 | MSE: 0.4695 | Steps/sec: 2.79 | LR: 1.98e-04 | Repel: 0.0000 | cos(c,null): +0.2520 | GradNorm: 0.0312 | MSE/t: [0.00-0.25]0.579(n=446) [0.25-0.50]0.525(n=1169) [0.50-0.75]0.412(n=1121) [0.75-1.00]0.363(n=464)
2026-04-25 00:56:40,784 - INFO - [cond] cfg_signal=0.0373 (min=0.0197 max=0.0554, n=16) | class_signal=0.0503 (min=0.0306 max=0.0683, n=16) | pred_rms=0.6069
2026-04-25 00:57:42,209 - INFO - Step   33400 | Epoch   4 | MSE: 0.4643 | Steps/sec: 3.26 | LR: 1.98e-04 | Repel: 0.0000 | cos(c,null): +0.2521 | GradNorm: 0.0363 | MSE/t: [0.00-0.25]0.583(n=437) [0.25-0.50]0.505(n=1188) [0.50-0.75]0.404(n=1177) [0.75-1.00]0.392(n=398)
2026-04-25 00:57:42,894 - INFO - [cond] cfg_signal=0.0387 (min=0.0211 max=0.0615, n=16) | class_signal=0.0526 (min=0.0311 max=0.0738, n=16) | pred_rms=0.6122
2026-04-25 00:58:45,306 - INFO - Step   33600 | Epoch   4 | MSE: 0.4599 | Steps/sec: 3.20 | LR: 1.98e-04 | Repel: 0.0000 | cos(c,null): +0.2502 | GradNorm: 0.0271 | MSE/t: [0.00-0.25]0.573(n=438) [0.25-0.50]0.506(n=1170) [0.50-0.75]0.408(n=1142) [0.75-1.00]0.362(n=450)
2026-04-25 00:58:45,816 - INFO - [cond] cfg_signal=0.0378 (min=0.0232 max=0.0539, n=16) | class_signal=0.0523 (min=0.0297 max=0.0700, n=16) | pred_rms=0.6301
2026-04-25 00:59:49,529 - INFO - Step   33800 | Epoch   4 | MSE: 0.4593 | Steps/sec: 3.14 | LR: 1.98e-04 | Repel: 0.0000 | cos(c,null): +0.2527 | GradNorm: 0.0275 | MSE/t: [0.00-0.25]0.570(n=407) [0.25-0.50]0.516(n=1192) [0.50-0.75]0.405(n=1171) [0.75-1.00]0.348(n=430)
2026-04-25 00:59:50,036 - INFO - [cond] cfg_signal=0.0374 (min=0.0213 max=0.0563, n=16) | class_signal=0.0486 (min=0.0304 max=0.0612, n=16) | pred_rms=0.6296
2026-04-25 01:00:51,529 - INFO - Step   34000 | Epoch   4 | MSE: 0.4651 | Steps/sec: 3.25 | LR: 1.98e-04 | Repel: 0.0000 | cos(c,null): +0.2601 | GradNorm: 0.0482 | MSE/t: [0.00-0.25]0.603(n=442) [0.25-0.50]0.508(n=1134) [0.50-0.75]0.413(n=1185) [0.75-1.00]0.356(n=439)
2026-04-25 01:00:52,055 - INFO - [cond] cfg_signal=0.0452 (min=0.0258 max=0.0761, n=16) | class_signal=0.0618 (min=0.0354 max=0.1020, n=16) | pred_rms=0.6608
2026-04-25 01:01:00,495 - INFO - [validation] saved: output/jit_JiT-B_8_from_scratch_null_repel/dit_validation/epoch_004_step_0034000_class063.png (class=63, sampler=heun, steps=100)
2026-04-25 01:02:03,218 - INFO - Step   34200 | Epoch   4 | MSE: 0.4641 | Steps/sec: 2.81 | LR: 1.98e-04 | Repel: 0.0000 | cos(c,null): +0.2668 | GradNorm: 0.0347 | MSE/t: [0.00-0.25]0.609(n=448) [0.25-0.50]0.505(n=1149) [0.50-0.75]0.400(n=1155) [0.75-1.00]0.379(n=448)
2026-04-25 01:02:03,713 - INFO - [cond] cfg_signal=0.0377 (min=0.0214 max=0.0518, n=16) | class_signal=0.0499 (min=0.0276 max=0.0578, n=16) | pred_rms=0.5750
2026-04-25 01:03:07,055 - INFO - Step   34400 | Epoch   4 | MSE: 0.4671 | Steps/sec: 3.16 | LR: 1.98e-04 | Repel: 0.0000 | cos(c,null): +0.2714 | GradNorm: 0.0339 | MSE/t: [0.00-0.25]0.611(n=425) [0.25-0.50]0.512(n=1115) [0.50-0.75]0.416(n=1217) [0.75-1.00]0.354(n=443)
2026-04-25 01:03:07,661 - INFO - [cond] cfg_signal=0.0366 (min=0.0212 max=0.0499, n=16) | class_signal=0.0496 (min=0.0313 max=0.0571, n=16) | pred_rms=0.6125
2026-04-25 01:04:11,267 - INFO - Step   34600 | Epoch   4 | MSE: 0.4625 | Steps/sec: 3.14 | LR: 1.98e-04 | Repel: 0.0000 | cos(c,null): +0.2730 | GradNorm: 0.0260 | MSE/t: [0.00-0.25]0.578(n=422) [0.25-0.50]0.513(n=1187) [0.50-0.75]0.405(n=1123) [0.75-1.00]0.369(n=468)
2026-04-25 01:04:11,785 - INFO - [cond] cfg_signal=0.0383 (min=0.0239 max=0.0583, n=16) | class_signal=0.0509 (min=0.0367 max=0.0621, n=16) | pred_rms=0.6142
2026-04-25 01:05:14,931 - INFO - Step   34800 | Epoch   4 | MSE: 0.4527 | Steps/sec: 3.17 | LR: 1.98e-04 | Repel: 0.0000 | cos(c,null): +0.2728 | GradNorm: 0.0297 | MSE/t: [0.00-0.25]0.561(n=443) [0.25-0.50]0.511(n=1166) [0.50-0.75]0.392(n=1161) [0.75-1.00]0.345(n=430)
2026-04-25 01:05:15,611 - INFO - [cond] cfg_signal=0.0377 (min=0.0242 max=0.0566, n=16) | class_signal=0.0510 (min=0.0317 max=0.0636, n=16) | pred_rms=0.6416
2026-04-25 01:06:17,667 - INFO - Step   35000 | Epoch   4 | MSE: 0.4579 | Steps/sec: 3.22 | LR: 1.98e-04 | Repel: 0.0000 | cos(c,null): +0.2750 | GradNorm: 0.0261 | MSE/t: [0.00-0.25]0.590(n=406) [0.25-0.50]0.500(n=1181) [0.50-0.75]0.399(n=1160) [0.75-1.00]0.380(n=453)
2026-04-25 01:06:18,162 - INFO - [cond] cfg_signal=0.0390 (min=0.0259 max=0.0643, n=16) | class_signal=0.0525 (min=0.0325 max=0.0657, n=16) | pred_rms=0.6211
2026-04-25 01:06:26,260 - INFO - [validation] saved: output/jit_JiT-B_8_from_scratch_null_repel/dit_validation/epoch_004_step_0035000_class031.png (class=31, sampler=heun, steps=100)
2026-04-25 01:07:30,230 - INFO - Step   35200 | Epoch   4 | MSE: 0.4549 | Steps/sec: 2.78 | LR: 1.98e-04 | Repel: 0.0000 | cos(c,null): +0.2767 | GradNorm: 0.0243 | MSE/t: [0.00-0.25]0.600(n=377) [0.25-0.50]0.503(n=1188) [0.50-0.75]0.399(n=1214) [0.75-1.00]0.352(n=421)
2026-04-25 01:07:30,941 - INFO - [cond] cfg_signal=0.0379 (min=0.0238 max=0.0586, n=16) | class_signal=0.0499 (min=0.0365 max=0.0607, n=16) | pred_rms=0.6345
2026-04-25 01:08:34,210 - INFO - Step   35400 | Epoch   4 | MSE: 0.4525 | Steps/sec: 3.16 | LR: 1.98e-04 | Repel: 0.0000 | cos(c,null): +0.2785 | GradNorm: 0.0361 | MSE/t: [0.00-0.25]0.562(n=449) [0.25-0.50]0.503(n=1178) [0.50-0.75]0.395(n=1151) [0.75-1.00]0.353(n=422)
2026-04-25 01:08:34,702 - INFO - [cond] cfg_signal=0.0392 (min=0.0254 max=0.0607, n=16) | class_signal=0.0563 (min=0.0326 max=0.0798, n=16) | pred_rms=0.6109
2026-04-25 01:09:37,299 - INFO - Step   35600 | Epoch   4 | MSE: 0.4662 | Steps/sec: 3.20 | LR: 1.98e-04 | Repel: 0.0000 | cos(c,null): +0.2804 | GradNorm: 0.0239 | MSE/t: [0.00-0.25]0.568(n=437) [0.25-0.50]0.527(n=1226) [0.50-0.75]0.402(n=1123) [0.75-1.00]0.354(n=414)
2026-04-25 01:09:37,791 - INFO - [cond] cfg_signal=0.0409 (min=0.0263 max=0.0529, n=16) | class_signal=0.0548 (min=0.0315 max=0.0689, n=16) | pred_rms=0.6410
2026-04-25 01:10:41,087 - INFO - Step   35800 | Epoch   4 | MSE: 0.4641 | Steps/sec: 3.16 | LR: 1.98e-04 | Repel: 0.0000 | cos(c,null): +0.2831 | GradNorm: 0.0316 | MSE/t: [0.00-0.25]0.597(n=461) [0.25-0.50]0.505(n=1168) [0.50-0.75]0.410(n=1148) [0.75-1.00]0.353(n=423)
2026-04-25 01:10:41,694 - INFO - [cond] cfg_signal=0.0412 (min=0.0273 max=0.0543, n=16) | class_signal=0.0546 (min=0.0340 max=0.0726, n=16) | pred_rms=0.6417
2026-04-25 01:11:44,282 - INFO - Step   36000 | Epoch   4 | MSE: 0.4673 | Steps/sec: 3.20 | LR: 1.98e-04 | Repel: 0.0000 | cos(c,null): +0.2857 | GradNorm: 0.0247 | MSE/t: [0.00-0.25]0.605(n=450) [0.25-0.50]0.500(n=1181) [0.50-0.75]0.414(n=1171) [0.75-1.00]0.373(n=398)
2026-04-25 01:11:44,766 - INFO - [cond] cfg_signal=0.0386 (min=0.0262 max=0.0578, n=16) | class_signal=0.0521 (min=0.0291 max=0.0663, n=16) | pred_rms=0.6177
2026-04-25 01:11:52,906 - INFO - [validation] saved: output/jit_JiT-B_8_from_scratch_null_repel/dit_validation/epoch_004_step_0036000_class041.png (class=41, sampler=heun, steps=100)
2026-04-25 01:12:56,036 - INFO - Step   36200 | Epoch   4 | MSE: 0.4589 | Steps/sec: 2.81 | LR: 1.98e-04 | Repel: 0.0000 | cos(c,null): +0.2857 | GradNorm: 0.0257 | MSE/t: [0.00-0.25]0.584(n=423) [0.25-0.50]0.512(n=1189) [0.50-0.75]0.397(n=1158) [0.75-1.00]0.355(n=430)
2026-04-25 01:12:56,532 - INFO - [cond] cfg_signal=0.0374 (min=0.0299 max=0.0525, n=16) | class_signal=0.0509 (min=0.0282 max=0.0717, n=16) | pred_rms=0.6273
2026-04-25 01:14:00,544 - INFO - Step   36400 | Epoch   4 | MSE: 0.4678 | Steps/sec: 3.12 | LR: 1.98e-04 | Repel: 0.0000 | cos(c,null): +0.2924 | GradNorm: 0.0295 | MSE/t: [0.00-0.25]0.590(n=433) [0.25-0.50]0.521(n=1175) [0.50-0.75]0.395(n=1174) [0.75-1.00]0.397(n=418)
2026-04-25 01:14:01,071 - INFO - [cond] cfg_signal=0.0402 (min=0.0255 max=0.0612, n=16) | class_signal=0.0544 (min=0.0304 max=0.0684, n=16) | pred_rms=0.6503
2026-04-25 01:15:05,142 - INFO - Step   36600 | Epoch   4 | MSE: 0.4666 | Steps/sec: 3.12 | LR: 1.98e-04 | Repel: 0.0000 | cos(c,null): +0.2927 | GradNorm: 0.0313 | MSE/t: [0.00-0.25]0.610(n=442) [0.25-0.50]0.500(n=1149) [0.50-0.75]0.411(n=1218) [0.75-1.00]0.378(n=391)
2026-04-25 01:15:05,646 - INFO - [cond] cfg_signal=0.0418 (min=0.0237 max=0.0755, n=16) | class_signal=0.0576 (min=0.0332 max=0.0717, n=16) | pred_rms=0.6269
2026-04-25 01:16:07,871 - INFO - Step   36800 | Epoch   4 | MSE: 0.4683 | Steps/sec: 3.21 | LR: 1.98e-04 | Repel: 0.0000 | cos(c,null): +0.2904 | GradNorm: 0.0332 | MSE/t: [0.00-0.25]0.625(n=430) [0.25-0.50]0.513(n=1140) [0.50-0.75]0.412(n=1149) [0.75-1.00]0.357(n=481)
2026-04-25 01:16:08,357 - INFO - [cond] cfg_signal=0.0439 (min=0.0239 max=0.0696, n=16) | class_signal=0.0586 (min=0.0326 max=0.0757, n=16) | pred_rms=0.6195
2026-04-25 01:17:12,549 - INFO - Step   37000 | Epoch   4 | MSE: 0.4531 | Steps/sec: 3.12 | LR: 1.98e-04 | Repel: 0.0000 | cos(c,null): +0.2892 | GradNorm: 0.0255 | MSE/t: [0.00-0.25]0.565(n=430) [0.25-0.50]0.508(n=1173) [0.50-0.75]0.399(n=1166) [0.75-1.00]0.340(n=431)
2026-04-25 01:17:13,038 - INFO - [cond] cfg_signal=0.0377 (min=0.0246 max=0.0532, n=16) | class_signal=0.0507 (min=0.0327 max=0.0623, n=16) | pred_rms=0.6352
2026-04-25 01:17:21,279 - INFO - [validation] saved: output/jit_JiT-B_8_from_scratch_null_repel/dit_validation/epoch_004_step_0037000_class111.png (class=111, sampler=heun, steps=100)
2026-04-25 01:18:24,603 - INFO - Step   37200 | Epoch   4 | MSE: 0.4641 | Steps/sec: 2.79 | LR: 1.98e-04 | Repel: 0.0000 | cos(c,null): +0.2936 | GradNorm: 0.0322 | MSE/t: [0.00-0.25]0.589(n=445) [0.25-0.50]0.502(n=1193) [0.50-0.75]0.406(n=1131) [0.75-1.00]0.383(n=431)
2026-04-25 01:18:25,105 - INFO - [cond] cfg_signal=0.0408 (min=0.0229 max=0.0600, n=16) | class_signal=0.0604 (min=0.0366 max=0.0748, n=16) | pred_rms=0.6424
2026-04-25 01:19:28,912 - INFO - Step   37400 | Epoch   4 | MSE: 0.4580 | Steps/sec: 3.13 | LR: 1.98e-04 | Repel: 0.0000 | cos(c,null): +0.2977 | GradNorm: 0.0270 | MSE/t: [0.00-0.25]0.560(n=442) [0.25-0.50]0.501(n=1163) [0.50-0.75]0.412(n=1199) [0.75-1.00]0.360(n=396)
2026-04-25 01:19:29,413 - INFO - [cond] cfg_signal=0.0425 (min=0.0250 max=0.0720, n=16) | class_signal=0.0613 (min=0.0346 max=0.0880, n=16) | pred_rms=0.6444
2026-04-25 01:20:31,537 - INFO - Step   37600 | Epoch   4 | MSE: 0.4562 | Steps/sec: 3.22 | LR: 1.98e-04 | Repel: 0.0000 | cos(c,null): +0.3004 | GradNorm: 0.0233 | MSE/t: [0.00-0.25]0.601(n=421) [0.25-0.50]0.493(n=1193) [0.50-0.75]0.405(n=1143) [0.75-1.00]0.351(n=443)
2026-04-25 01:20:32,026 - INFO - [cond] cfg_signal=0.0400 (min=0.0214 max=0.0595, n=16) | class_signal=0.0561 (min=0.0360 max=0.0711, n=16) | pred_rms=0.6318
2026-04-25 01:21:33,975 - INFO - Step   37800 | Epoch   4 | MSE: 0.4595 | Steps/sec: 3.23 | LR: 1.98e-04 | Repel: 0.0000 | cos(c,null): +0.3043 | GradNorm: 0.0249 | MSE/t: [0.00-0.25]0.576(n=438) [0.25-0.50]0.506(n=1155) [0.50-0.75]0.413(n=1154) [0.75-1.00]0.347(n=453)
2026-04-25 01:21:34,575 - INFO - [cond] cfg_signal=0.0400 (min=0.0245 max=0.0573, n=16) | class_signal=0.0547 (min=0.0361 max=0.0708, n=16) | pred_rms=0.6321
2026-04-25 01:22:38,376 - INFO - Step   38000 | Epoch   4 | MSE: 0.4569 | Steps/sec: 3.13 | LR: 1.98e-04 | Repel: 0.0000 | cos(c,null): +0.3071 | GradNorm: 0.0306 | MSE/t: [0.00-0.25]0.548(n=408) [0.25-0.50]0.502(n=1179) [0.50-0.75]0.410(n=1205) [0.75-1.00]0.374(n=408)
2026-04-25 01:22:38,867 - INFO - [cond] cfg_signal=0.0400 (min=0.0267 max=0.0507, n=16) | class_signal=0.0530 (min=0.0304 max=0.0658, n=16) | pred_rms=0.6039
2026-04-25 01:22:47,102 - INFO - [validation] saved: output/jit_JiT-B_8_from_scratch_null_repel/dit_validation/epoch_004_step_0038000_class024.png (class=24, sampler=heun, steps=100)
2026-04-25 01:23:51,271 - INFO - Step   38200 | Epoch   4 | MSE: 0.4575 | Steps/sec: 2.76 | LR: 1.98e-04 | Repel: 0.0000 | cos(c,null): +0.3147 | GradNorm: 0.0328 | MSE/t: [0.00-0.25]0.615(n=470) [0.25-0.50]0.493(n=1094) [0.50-0.75]0.404(n=1184) [0.75-1.00]0.350(n=452)
2026-04-25 01:23:51,798 - INFO - [cond] cfg_signal=0.0404 (min=0.0261 max=0.0576, n=16) | class_signal=0.0543 (min=0.0315 max=0.0733, n=16) | pred_rms=0.6516
2026-04-25 01:24:54,936 - INFO - Step   38400 | Epoch   4 | MSE: 0.4564 | Steps/sec: 3.17 | LR: 1.98e-04 | Repel: 0.0000 | cos(c,null): +0.3206 | GradNorm: 0.0290 | MSE/t: [0.00-0.25]0.583(n=426) [0.25-0.50]0.490(n=1145) [0.50-0.75]0.419(n=1202) [0.75-1.00]0.345(n=427)
2026-04-25 01:24:55,451 - INFO - [cond] cfg_signal=0.0378 (min=0.0239 max=0.0518, n=16) | class_signal=0.0525 (min=0.0349 max=0.0655, n=16) | pred_rms=0.6418
2026-04-25 01:25:58,411 - INFO - Step   38600 | Epoch   4 | MSE: 0.4611 | Steps/sec: 3.18 | LR: 1.98e-04 | Repel: 0.0000 | cos(c,null): +0.3250 | GradNorm: 0.0224 | MSE/t: [0.00-0.25]0.588(n=462) [0.25-0.50]0.505(n=1147) [0.50-0.75]0.413(n=1165) [0.75-1.00]0.337(n=426)
2026-04-25 01:25:58,897 - INFO - [cond] cfg_signal=0.0355 (min=0.0228 max=0.0459, n=16) | class_signal=0.0504 (min=0.0289 max=0.0622, n=16) | pred_rms=0.6288
2026-04-25 01:27:02,065 - INFO - Step   38800 | Epoch   4 | MSE: 0.4631 | Steps/sec: 3.17 | LR: 1.98e-04 | Repel: 0.0000 | cos(c,null): +0.3289 | GradNorm: 0.0229 | MSE/t: [0.00-0.25]0.570(n=462) [0.25-0.50]0.511(n=1157) [0.50-0.75]0.407(n=1132) [0.75-1.00]0.370(n=449)
2026-04-25 01:27:02,591 - INFO - [cond] cfg_signal=0.0364 (min=0.0263 max=0.0504, n=16) | class_signal=0.0506 (min=0.0349 max=0.0598, n=16) | pred_rms=0.6505
2026-04-25 01:28:05,343 - INFO - Step   39000 | Epoch   4 | MSE: 0.4630 | Steps/sec: 3.19 | LR: 1.98e-04 | Repel: 0.0000 | cos(c,null): +0.3324 | GradNorm: 0.0236 | MSE/t: [0.00-0.25]0.598(n=405) [0.25-0.50]0.518(n=1144) [0.50-0.75]0.402(n=1169) [0.75-1.00]0.367(n=482)
2026-04-25 01:28:05,882 - INFO - [cond] cfg_signal=0.0373 (min=0.0240 max=0.0489, n=16) | class_signal=0.0512 (min=0.0321 max=0.0687, n=16) | pred_rms=0.6329
2026-04-25 01:28:14,381 - INFO - [validation] saved: output/jit_JiT-B_8_from_scratch_null_repel/dit_validation/epoch_004_step_0039000_class028.png (class=28, sampler=heun, steps=100)
2026-04-25 01:29:18,808 - INFO - Step   39200 | Epoch   4 | MSE: 0.4547 | Steps/sec: 2.74 | LR: 1.98e-04 | Repel: 0.0000 | cos(c,null): +0.3341 | GradNorm: 0.0347 | MSE/t: [0.00-0.25]0.565(n=433) [0.25-0.50]0.487(n=1169) [0.50-0.75]0.417(n=1151) [0.75-1.00]0.358(n=447)
2026-04-25 01:29:19,348 - INFO - [cond] cfg_signal=0.0379 (min=0.0253 max=0.0536, n=16) | class_signal=0.0530 (min=0.0346 max=0.0719, n=16) | pred_rms=0.6354
2026-04-25 01:30:22,475 - INFO - Step   39400 | Epoch   4 | MSE: 0.4690 | Steps/sec: 3.17 | LR: 1.98e-04 | Repel: 0.0000 | cos(c,null): +0.3324 | GradNorm: 0.0265 | MSE/t: [0.00-0.25]0.599(n=458) [0.25-0.50]0.510(n=1157) [0.50-0.75]0.421(n=1135) [0.75-1.00]0.352(n=450)
2026-04-25 01:30:23,082 - INFO - [cond] cfg_signal=0.0372 (min=0.0240 max=0.0496, n=16) | class_signal=0.0515 (min=0.0319 max=0.0668, n=16) | pred_rms=0.6327
2026-04-25 01:31:26,813 - INFO - Step   39600 | Epoch   4 | MSE: 0.4552 | Steps/sec: 3.14 | LR: 1.98e-04 | Repel: 0.0000 | cos(c,null): +0.3403 | GradNorm: 0.0502 | MSE/t: [0.00-0.25]0.582(n=422) [0.25-0.50]0.517(n=1155) [0.50-0.75]0.392(n=1172) [0.75-1.00]0.345(n=451)
2026-04-25 01:31:27,317 - INFO - [cond] cfg_signal=0.0441 (min=0.0325 max=0.0654, n=16) | class_signal=0.0574 (min=0.0376 max=0.0736, n=16) | pred_rms=0.6391
2026-04-25 01:32:31,748 - INFO - Step   39800 | Epoch   5 | MSE: 0.4604 | Steps/sec: 3.10 | LR: 1.98e-04 | Repel: 0.0000 | cos(c,null): +0.3486 | GradNorm: 0.0430 | MSE/t: [0.00-0.25]0.589(n=427) [0.25-0.50]0.502(n=1170) [0.50-0.75]0.406(n=1181) [0.75-1.00]0.368(n=422)
2026-04-25 01:32:32,243 - INFO - [cond] cfg_signal=0.0390 (min=0.0296 max=0.0515, n=16) | class_signal=0.0548 (min=0.0343 max=0.0656, n=16) | pred_rms=0.6200
2026-04-25 01:33:35,086 - INFO - Step   40000 | Epoch   5 | MSE: 0.4651 | Steps/sec: 3.18 | LR: 1.98e-04 | Repel: 0.0000 | cos(c,null): +0.3507 | GradNorm: 0.0317 | MSE/t: [0.00-0.25]0.582(n=456) [0.25-0.50]0.512(n=1161) [0.50-0.75]0.411(n=1162) [0.75-1.00]0.359(n=421)
2026-04-25 01:33:35,580 - INFO - [cond] cfg_signal=0.0410 (min=0.0271 max=0.0553, n=16) | class_signal=0.0579 (min=0.0341 max=0.0682, n=16) | pred_rms=0.6411
2026-04-25 01:33:37,770 - INFO - Saved checkpoint to output/jit_JiT-B_8_from_scratch_null_repel/0040000.pt
2026-04-25 01:33:38,204 - INFO - [cond] cfg_signal=0.0410 (min=0.0271 max=0.0553, n=16) | class_signal=0.0579 (min=0.0341 max=0.0682, n=16) | pred_rms=0.6411
2026-04-25 01:33:46,295 - INFO - [validation] saved: output/jit_JiT-B_8_from_scratch_null_repel/dit_validation/epoch_005_step_0040000_class102.png (class=102, sampler=heun, steps=100)
2026-04-25 01:34:49,833 - INFO - Step   40200 | Epoch   5 | MSE: 0.4674 | Steps/sec: 2.69 | LR: 1.98e-04 | Repel: 0.0000 | cos(c,null): +0.3490 | GradNorm: 0.0334 | MSE/t: [0.00-0.25]0.593(n=455) [0.25-0.50]0.502(n=1195) [0.50-0.75]0.419(n=1143) [0.75-1.00]0.362(n=407)
2026-04-25 01:34:50,336 - INFO - [cond] cfg_signal=0.0395 (min=0.0288 max=0.0580, n=16) | class_signal=0.0529 (min=0.0348 max=0.0618, n=16) | pred_rms=0.6243
2026-04-25 01:35:53,931 - INFO - Step   40400 | Epoch   5 | MSE: 0.4625 | Steps/sec: 3.14 | LR: 1.98e-04 | Repel: 0.0000 | cos(c,null): +0.3501 | GradNorm: 0.0287 | MSE/t: [0.00-0.25]0.585(n=401) [0.25-0.50]0.520(n=1137) [0.50-0.75]0.405(n=1217) [0.75-1.00]0.362(n=445)
2026-04-25 01:35:54,417 - INFO - [cond] cfg_signal=0.0385 (min=0.0262 max=0.0525, n=16) | class_signal=0.0526 (min=0.0362 max=0.0619, n=16) | pred_rms=0.6326
2026-04-25 01:36:59,013 - INFO - Step   40600 | Epoch   5 | MSE: 0.4522 | Steps/sec: 3.10 | LR: 1.98e-04 | Repel: 0.0000 | cos(c,null): +0.3528 | GradNorm: 0.0261 | MSE/t: [0.00-0.25]0.574(n=449) [0.25-0.50]0.494(n=1157) [0.50-0.75]0.401(n=1153) [0.75-1.00]0.354(n=441)
2026-04-25 01:36:59,493 - INFO - [cond] cfg_signal=0.0390 (min=0.0294 max=0.0553, n=16) | class_signal=0.0547 (min=0.0314 max=0.0668, n=16) | pred_rms=0.6012
2026-04-25 01:38:02,659 - INFO - Step   40800 | Epoch   5 | MSE: 0.4643 | Steps/sec: 3.17 | LR: 1.98e-04 | Repel: 0.0000 | cos(c,null): +0.3526 | GradNorm: 0.0276 | MSE/t: [0.00-0.25]0.613(n=430) [0.25-0.50]0.507(n=1178) [0.50-0.75]0.407(n=1156) [0.75-1.00]0.352(n=436)
2026-04-25 01:38:03,138 - INFO - [cond] cfg_signal=0.0424 (min=0.0312 max=0.0576, n=16) | class_signal=0.0567 (min=0.0308 max=0.0738, n=16) | pred_rms=0.6317
2026-04-25 01:39:05,233 - INFO - Step   41000 | Epoch   5 | MSE: 0.4582 | Steps/sec: 3.22 | LR: 1.98e-04 | Repel: 0.0000 | cos(c,null): +0.3493 | GradNorm: 0.0248 | MSE/t: [0.00-0.25]0.586(n=404) [0.25-0.50]0.506(n=1198) [0.50-0.75]0.402(n=1172) [0.75-1.00]0.358(n=426)
2026-04-25 01:39:05,743 - INFO - [cond] cfg_signal=0.0437 (min=0.0302 max=0.0620, n=16) | class_signal=0.0565 (min=0.0288 max=0.0693, n=16) | pred_rms=0.6398
2026-04-25 01:39:14,220 - INFO - [validation] saved: output/jit_JiT-B_8_from_scratch_null_repel/dit_validation/epoch_005_step_0041000_class102.png (class=102, sampler=heun, steps=100)
2026-04-25 01:40:18,941 - INFO - Step   41200 | Epoch   5 | MSE: 0.4468 | Steps/sec: 2.73 | LR: 1.97e-04 | Repel: 0.0000 | cos(c,null): +0.3485 | GradNorm: 0.0244 | MSE/t: [0.00-0.25]0.557(n=433) [0.25-0.50]0.495(n=1109) [0.50-0.75]0.398(n=1175) [0.75-1.00]0.357(n=483)
2026-04-25 01:40:19,450 - INFO - [cond] cfg_signal=0.0397 (min=0.0294 max=0.0551, n=16) | class_signal=0.0546 (min=0.0311 max=0.0667, n=16) | pred_rms=0.6494
2026-04-25 01:41:22,604 - INFO - Step   41400 | Epoch   5 | MSE: 0.4622 | Steps/sec: 3.17 | LR: 1.97e-04 | Repel: 0.0000 | cos(c,null): +0.3512 | GradNorm: 0.0270 | MSE/t: [0.00-0.25]0.589(n=416) [0.25-0.50]0.501(n=1136) [0.50-0.75]0.413(n=1200) [0.75-1.00]0.379(n=448)
2026-04-25 01:41:23,096 - INFO - [cond] cfg_signal=0.0390 (min=0.0276 max=0.0541, n=16) | class_signal=0.0523 (min=0.0300 max=0.0712, n=16) | pred_rms=0.6446
2026-04-25 01:42:25,111 - INFO - Step   41600 | Epoch   5 | MSE: 0.4543 | Steps/sec: 3.23 | LR: 1.97e-04 | Repel: 0.0000 | cos(c,null): +0.3489 | GradNorm: 0.0283 | MSE/t: [0.00-0.25]0.576(n=419) [0.25-0.50]0.503(n=1171) [0.50-0.75]0.398(n=1185) [0.75-1.00]0.358(n=425)
2026-04-25 01:42:25,600 - INFO - [cond] cfg_signal=0.0398 (min=0.0260 max=0.0576, n=16) | class_signal=0.0504 (min=0.0277 max=0.0654, n=16) | pred_rms=0.6147
2026-04-25 01:43:28,446 - INFO - Step   41800 | Epoch   5 | MSE: 0.4544 | Steps/sec: 3.18 | LR: 1.97e-04 | Repel: 0.0000 | cos(c,null): +0.3235 | GradNorm: 0.0228 | MSE/t: [0.00-0.25]0.568(n=455) [0.25-0.50]0.504(n=1128) [0.50-0.75]0.403(n=1220) [0.75-1.00]0.340(n=397)
2026-04-25 01:43:28,948 - INFO - [cond] cfg_signal=0.0406 (min=0.0258 max=0.0540, n=16) | class_signal=0.0552 (min=0.0355 max=0.0750, n=16) | pred_rms=0.6446
2026-04-25 01:44:32,095 - INFO - Step   42000 | Epoch   5 | MSE: 0.4631 | Steps/sec: 3.17 | LR: 1.97e-04 | Repel: 0.0000 | cos(c,null): +0.3260 | GradNorm: 0.0311 | MSE/t: [0.00-0.25]0.572(n=442) [0.25-0.50]0.511(n=1190) [0.50-0.75]0.405(n=1135) [0.75-1.00]0.373(n=433)
2026-04-25 01:44:32,594 - INFO - [cond] cfg_signal=0.0409 (min=0.0275 max=0.0631, n=16) | class_signal=0.0546 (min=0.0315 max=0.0713, n=16) | pred_rms=0.6341
2026-04-25 01:44:40,704 - INFO - [validation] saved: output/jit_JiT-B_8_from_scratch_null_repel/dit_validation/epoch_005_step_0042000_class057.png (class=57, sampler=heun, steps=100)
2026-04-25 01:45:44,280 - INFO - Step   42200 | Epoch   5 | MSE: 0.4511 | Steps/sec: 2.79 | LR: 1.97e-04 | Repel: 0.0000 | cos(c,null): +0.3270 | GradNorm: 0.0239 | MSE/t: [0.00-0.25]0.565(n=445) [0.25-0.50]0.498(n=1129) [0.50-0.75]0.396(n=1169) [0.75-1.00]0.366(n=457)
2026-04-25 01:45:44,774 - INFO - [cond] cfg_signal=0.0419 (min=0.0265 max=0.0624, n=16) | class_signal=0.0564 (min=0.0362 max=0.0754, n=16) | pred_rms=0.6583
2026-04-25 01:46:47,071 - INFO - Step   42400 | Epoch   5 | MSE: 0.4603 | Steps/sec: 3.21 | LR: 1.97e-04 | Repel: 0.0000 | cos(c,null): +0.3282 | GradNorm: 0.0321 | MSE/t: [0.00-0.25]0.601(n=409) [0.25-0.50]0.496(n=1166) [0.50-0.75]0.414(n=1194) [0.75-1.00]0.356(n=431)
2026-04-25 01:46:47,589 - INFO - [cond] cfg_signal=0.0396 (min=0.0311 max=0.0658, n=16) | class_signal=0.0536 (min=0.0340 max=0.0773, n=16) | pred_rms=0.6598
2026-04-25 01:47:49,798 - INFO - Step   42600 | Epoch   5 | MSE: 0.4604 | Steps/sec: 3.22 | LR: 1.97e-04 | Repel: 0.0000 | cos(c,null): +0.3305 | GradNorm: 0.0278 | MSE/t: [0.00-0.25]0.589(n=413) [0.25-0.50]0.506(n=1151) [0.50-0.75]0.410(n=1188) [0.75-1.00]0.356(n=448)
2026-04-25 01:47:50,321 - INFO - [cond] cfg_signal=0.0397 (min=0.0296 max=0.0637, n=16) | class_signal=0.0535 (min=0.0327 max=0.0684, n=16) | pred_rms=0.6423
2026-04-25 01:48:53,259 - INFO - Step   42800 | Epoch   5 | MSE: 0.4690 | Steps/sec: 3.18 | LR: 1.97e-04 | Repel: 0.0000 | cos(c,null): +0.3333 | GradNorm: 0.0286 | MSE/t: [0.00-0.25]0.589(n=431) [0.25-0.50]0.520(n=1169) [0.50-0.75]0.410(n=1180) [0.75-1.00]0.371(n=420)
2026-04-25 01:48:53,751 - INFO - [cond] cfg_signal=0.0400 (min=0.0287 max=0.0590, n=16) | class_signal=0.0534 (min=0.0330 max=0.0738, n=16) | pred_rms=0.6363
2026-04-25 01:49:56,094 - INFO - Step   43000 | Epoch   5 | MSE: 0.4551 | Steps/sec: 3.21 | LR: 1.97e-04 | Repel: 0.0000 | cos(c,null): +0.3383 | GradNorm: 0.0271 | MSE/t: [0.00-0.25]0.599(n=414) [0.25-0.50]0.488(n=1139) [0.50-0.75]0.405(n=1199) [0.75-1.00]0.372(n=448)
2026-04-25 01:49:56,593 - INFO - [cond] cfg_signal=0.0429 (min=0.0274 max=0.0666, n=16) | class_signal=0.0553 (min=0.0326 max=0.0734, n=16) | pred_rms=0.6181
2026-04-25 01:50:05,055 - INFO - [validation] saved: output/jit_JiT-B_8_from_scratch_null_repel/dit_validation/epoch_005_step_0043000_class010.png (class=10, sampler=heun, steps=100)
2026-04-25 01:51:07,523 - INFO - Step   43200 | Epoch   5 | MSE: 0.4656 | Steps/sec: 2.82 | LR: 1.97e-04 | Repel: 0.0000 | cos(c,null): +0.3402 | GradNorm: 0.0260 | MSE/t: [0.00-0.25]0.594(n=431) [0.25-0.50]0.512(n=1150) [0.50-0.75]0.406(n=1136) [0.75-1.00]0.383(n=483)
2026-04-25 01:51:08,034 - INFO - [cond] cfg_signal=0.0438 (min=0.0301 max=0.0678, n=16) | class_signal=0.0622 (min=0.0305 max=0.0902, n=16) | pred_rms=0.6284
2026-04-25 01:52:11,018 - INFO - Step   43400 | Epoch   5 | MSE: 0.4716 | Steps/sec: 3.18 | LR: 1.97e-04 | Repel: 0.0000 | cos(c,null): +0.3419 | GradNorm: 0.0262 | MSE/t: [0.00-0.25]0.628(n=466) [0.25-0.50]0.508(n=1160) [0.50-0.75]0.413(n=1104) [0.75-1.00]0.366(n=470)
2026-04-25 01:52:11,518 - INFO - [cond] cfg_signal=0.0420 (min=0.0275 max=0.0684, n=16) | class_signal=0.0535 (min=0.0267 max=0.0687, n=16) | pred_rms=0.6394
2026-04-25 01:53:14,012 - INFO - Step   43600 | Epoch   5 | MSE: 0.4561 | Steps/sec: 3.20 | LR: 1.97e-04 | Repel: 0.0000 | cos(c,null): +0.3445 | GradNorm: 0.0251 | MSE/t: [0.00-0.25]0.588(n=446) [0.25-0.50]0.495(n=1173) [0.50-0.75]0.403(n=1144) [0.75-1.00]0.356(n=437)
2026-04-25 01:53:14,545 - INFO - [cond] cfg_signal=0.0432 (min=0.0288 max=0.0679, n=16) | class_signal=0.0607 (min=0.0255 max=0.0962, n=16) | pred_rms=0.6479
2026-04-25 01:54:16,867 - INFO - Step   43800 | Epoch   5 | MSE: 0.4576 | Steps/sec: 3.21 | LR: 1.97e-04 | Repel: 0.0000 | cos(c,null): +0.3479 | GradNorm: 0.0241 | MSE/t: [0.00-0.25]0.568(n=438) [0.25-0.50]0.503(n=1167) [0.50-0.75]0.407(n=1151) [0.75-1.00]0.359(n=444)
2026-04-25 01:54:17,347 - INFO - [cond] cfg_signal=0.0423 (min=0.0268 max=0.0698, n=16) | class_signal=0.0584 (min=0.0269 max=0.0848, n=16) | pred_rms=0.6238
2026-04-25 01:55:19,674 - INFO - Step   44000 | Epoch   5 | MSE: 0.4571 | Steps/sec: 3.21 | LR: 1.97e-04 | Repel: 0.0000 | cos(c,null): +0.3525 | GradNorm: 0.0307 | MSE/t: [0.00-0.25]0.606(n=425) [0.25-0.50]0.495(n=1157) [0.50-0.75]0.400(n=1138) [0.75-1.00]0.368(n=480)
2026-04-25 01:55:20,221 - INFO - [cond] cfg_signal=0.0452 (min=0.0273 max=0.0733, n=16) | class_signal=0.0646 (min=0.0270 max=0.0979, n=16) | pred_rms=0.6265
2026-04-25 01:55:28,734 - INFO - [validation] saved: output/jit_JiT-B_8_from_scratch_null_repel/dit_validation/epoch_005_step_0044000_class112.png (class=112, sampler=heun, steps=100)
2026-04-25 01:56:32,570 - INFO - Step   44200 | Epoch   5 | MSE: 0.4505 | Steps/sec: 2.76 | LR: 1.97e-04 | Repel: 0.0000 | cos(c,null): +0.3594 | GradNorm: 0.0252 | MSE/t: [0.00-0.25]0.577(n=407) [0.25-0.50]0.499(n=1195) [0.50-0.75]0.397(n=1159) [0.75-1.00]0.343(n=439)
2026-04-25 01:56:33,075 - INFO - [cond] cfg_signal=0.0449 (min=0.0258 max=0.0779, n=16) | class_signal=0.0618 (min=0.0263 max=0.0930, n=16) | pred_rms=0.6437
2026-04-25 01:57:34,987 - INFO - Step   44400 | Epoch   5 | MSE: 0.4542 | Steps/sec: 3.23 | LR: 1.97e-04 | Repel: 0.0000 | cos(c,null): +0.3608 | GradNorm: 0.0255 | MSE/t: [0.00-0.25]0.595(n=416) [0.25-0.50]0.493(n=1161) [0.50-0.75]0.406(n=1163) [0.75-1.00]0.350(n=460)
2026-04-25 01:57:35,489 - INFO - [cond] cfg_signal=0.0422 (min=0.0264 max=0.0756, n=16) | class_signal=0.0596 (min=0.0262 max=0.0902, n=16) | pred_rms=0.6381
2026-04-25 01:58:37,917 - INFO - Step   44600 | Epoch   5 | MSE: 0.4581 | Steps/sec: 3.20 | LR: 1.97e-04 | Repel: 0.0000 | cos(c,null): +0.3597 | GradNorm: 0.0232 | MSE/t: [0.00-0.25]0.627(n=406) [0.25-0.50]0.505(n=1148) [0.50-0.75]0.397(n=1184) [0.75-1.00]0.351(n=462)
2026-04-25 01:58:38,463 - INFO - [cond] cfg_signal=0.0418 (min=0.0264 max=0.0741, n=16) | class_signal=0.0618 (min=0.0298 max=0.0957, n=16) | pred_rms=0.6335
2026-04-25 01:59:41,793 - INFO - Step   44800 | Epoch   5 | MSE: 0.4658 | Steps/sec: 3.16 | LR: 1.97e-04 | Repel: 0.0000 | cos(c,null): +0.3604 | GradNorm: 0.0242 | MSE/t: [0.00-0.25]0.598(n=429) [0.25-0.50]0.511(n=1123) [0.50-0.75]0.418(n=1215) [0.75-1.00]0.352(n=433)
2026-04-25 01:59:42,342 - INFO - [cond] cfg_signal=0.0417 (min=0.0234 max=0.0730, n=16) | class_signal=0.0577 (min=0.0274 max=0.0868, n=16) | pred_rms=0.6346
2026-04-25 02:00:44,613 - INFO - Step   45000 | Epoch   5 | MSE: 0.4606 | Steps/sec: 3.21 | LR: 1.97e-04 | Repel: 0.0000 | cos(c,null): +0.3646 | GradNorm: 0.0234 | MSE/t: [0.00-0.25]0.596(n=436) [0.25-0.50]0.514(n=1185) [0.50-0.75]0.395(n=1146) [0.75-1.00]0.353(n=433)
2026-04-25 02:00:45,099 - INFO - [cond] cfg_signal=0.0429 (min=0.0298 max=0.0715, n=16) | class_signal=0.0628 (min=0.0270 max=0.0924, n=16) | pred_rms=0.6439
2026-04-25 02:00:53,205 - INFO - [validation] saved: output/jit_JiT-B_8_from_scratch_null_repel/dit_validation/epoch_005_step_0045000_class119.png (class=119, sampler=heun, steps=100)
2026-04-25 02:01:55,472 - INFO - Step   45200 | Epoch   5 | MSE: 0.4639 | Steps/sec: 2.84 | LR: 1.97e-04 | Repel: 0.0000 | cos(c,null): +0.3670 | GradNorm: 0.0314 | MSE/t: [0.00-0.25]0.614(n=435) [0.25-0.50]0.502(n=1180) [0.50-0.75]0.405(n=1155) [0.75-1.00]0.364(n=430)
2026-04-25 02:01:56,002 - INFO - [cond] cfg_signal=0.0408 (min=0.0262 max=0.0609, n=16) | class_signal=0.0547 (min=0.0291 max=0.0755, n=16) | pred_rms=0.6027
2026-04-25 02:02:59,223 - INFO - Step   45400 | Epoch   5 | MSE: 0.4528 | Steps/sec: 3.16 | LR: 1.97e-04 | Repel: 0.0000 | cos(c,null): +0.3691 | GradNorm: 0.0327 | MSE/t: [0.00-0.25]0.577(n=417) [0.25-0.50]0.498(n=1153) [0.50-0.75]0.406(n=1182) [0.75-1.00]0.346(n=448)
2026-04-25 02:02:59,720 - INFO - [cond] cfg_signal=0.0413 (min=0.0264 max=0.0602, n=16) | class_signal=0.0549 (min=0.0246 max=0.0769, n=16) | pred_rms=0.6272
2026-04-25 02:04:02,191 - INFO - Step   45600 | Epoch   5 | MSE: 0.4594 | Steps/sec: 3.20 | LR: 1.97e-04 | Repel: 0.0000 | cos(c,null): +0.3753 | GradNorm: 0.0299 | MSE/t: [0.00-0.25]0.589(n=489) [0.25-0.50]0.506(n=1145) [0.50-0.75]0.395(n=1176) [0.75-1.00]0.354(n=390)
2026-04-25 02:04:02,679 - INFO - [cond] cfg_signal=0.0432 (min=0.0266 max=0.0612, n=16) | class_signal=0.0574 (min=0.0253 max=0.0768, n=16) | pred_rms=0.6141
2026-04-25 02:05:05,569 - INFO - Step   45800 | Epoch   5 | MSE: 0.4526 | Steps/sec: 3.18 | LR: 1.97e-04 | Repel: 0.0000 | cos(c,null): +0.3838 | GradNorm: 0.0252 | MSE/t: [0.00-0.25]0.576(n=435) [0.25-0.50]0.504(n=1155) [0.50-0.75]0.392(n=1169) [0.75-1.00]0.356(n=441)
2026-04-25 02:05:06,116 - INFO - [cond] cfg_signal=0.0406 (min=0.0264 max=0.0671, n=16) | class_signal=0.0596 (min=0.0265 max=0.0905, n=16) | pred_rms=0.6323
2026-04-25 02:06:08,917 - INFO - Step   46000 | Epoch   5 | MSE: 0.4536 | Steps/sec: 3.18 | LR: 1.97e-04 | Repel: 0.0000 | cos(c,null): +0.3829 | GradNorm: 0.0245 | MSE/t: [0.00-0.25]0.562(n=422) [0.25-0.50]0.501(n=1199) [0.50-0.75]0.401(n=1144) [0.75-1.00]0.354(n=435)
2026-04-25 02:06:09,404 - INFO - [cond] cfg_signal=0.0374 (min=0.0254 max=0.0568, n=16) | class_signal=0.0527 (min=0.0259 max=0.0730, n=16) | pred_rms=0.6401
2026-04-25 02:06:17,511 - INFO - [validation] saved: output/jit_JiT-B_8_from_scratch_null_repel/dit_validation/epoch_005_step_0046000_class013.png (class=13, sampler=heun, steps=100)
2026-04-25 02:07:21,021 - INFO - Step   46200 | Epoch   5 | MSE: 0.4523 | Steps/sec: 2.79 | LR: 1.97e-04 | Repel: 0.0000 | cos(c,null): +0.3855 | GradNorm: 0.0251 | MSE/t: [0.00-0.25]0.584(n=476) [0.25-0.50]0.503(n=1061) [0.50-0.75]0.394(n=1223) [0.75-1.00]0.349(n=440)
2026-04-25 02:07:21,511 - INFO - [cond] cfg_signal=0.0404 (min=0.0284 max=0.0680, n=16) | class_signal=0.0577 (min=0.0262 max=0.0875, n=16) | pred_rms=0.6531
2026-04-25 02:08:23,938 - INFO - Step   46400 | Epoch   5 | MSE: 0.4590 | Steps/sec: 3.20 | LR: 1.97e-04 | Repel: 0.0000 | cos(c,null): +0.3875 | GradNorm: 0.0239 | MSE/t: [0.00-0.25]0.572(n=413) [0.25-0.50]0.508(n=1154) [0.50-0.75]0.412(n=1203) [0.75-1.00]0.353(n=430)
2026-04-25 02:08:24,547 - INFO - [cond] cfg_signal=0.0408 (min=0.0273 max=0.0607, n=16) | class_signal=0.0564 (min=0.0227 max=0.0811, n=16) | pred_rms=0.6787
2026-04-25 02:09:27,155 - INFO - Step   46600 | Epoch   5 | MSE: 0.4697 | Steps/sec: 3.19 | LR: 1.97e-04 | Repel: 0.0000 | cos(c,null): +0.3766 | GradNorm: 0.0295 | MSE/t: [0.00-0.25]0.597(n=434) [0.25-0.50]0.508(n=1157) [0.50-0.75]0.409(n=1158) [0.75-1.00]0.403(n=451)
2026-04-25 02:09:27,714 - INFO - [cond] cfg_signal=0.0425 (min=0.0288 max=0.0583, n=16) | class_signal=0.0527 (min=0.0254 max=0.0686, n=16) | pred_rms=0.6436
2026-04-25 02:10:30,711 - INFO - Step   46800 | Epoch   5 | MSE: 0.4699 | Steps/sec: 3.17 | LR: 1.97e-04 | Repel: 0.0000 | cos(c,null): +0.3663 | GradNorm: 0.0352 | MSE/t: [0.00-0.25]0.577(n=434) [0.25-0.50]0.507(n=1164) [0.50-0.75]0.440(n=1176) [0.75-1.00]0.340(n=426)
2026-04-25 02:10:31,213 - INFO - [cond] cfg_signal=0.0374 (min=0.0235 max=0.0507, n=16) | class_signal=0.0486 (min=0.0219 max=0.0604, n=16) | pred_rms=0.6081
2026-04-25 02:11:35,232 - INFO - Step   47000 | Epoch   5 | MSE: 0.4581 | Steps/sec: 3.12 | LR: 1.97e-04 | Repel: 0.0000 | cos(c,null): +0.3812 | GradNorm: 0.0269 | MSE/t: [0.00-0.25]0.608(n=433) [0.25-0.50]0.502(n=1159) [0.50-0.75]0.401(n=1170) [0.75-1.00]0.347(n=438)
2026-04-25 02:11:35,692 - INFO - [cond] cfg_signal=0.0394 (min=0.0249 max=0.0515, n=16) | class_signal=0.0476 (min=0.0235 max=0.0567, n=16) | pred_rms=0.6188
2026-04-25 02:11:44,068 - INFO - [validation] saved: output/jit_JiT-B_8_from_scratch_null_repel/dit_validation/epoch_005_step_0047000_class070.png (class=70, sampler=heun, steps=100)
2026-04-25 02:12:47,141 - INFO - Step   47200 | Epoch   5 | MSE: 0.4556 | Steps/sec: 2.80 | LR: 1.97e-04 | Repel: 0.0000 | cos(c,null): +0.3869 | GradNorm: 0.0305 | MSE/t: [0.00-0.25]0.566(n=434) [0.25-0.50]0.504(n=1163) [0.50-0.75]0.407(n=1178) [0.75-1.00]0.346(n=425)
2026-04-25 02:12:47,661 - INFO - [cond] cfg_signal=0.0383 (min=0.0233 max=0.0553, n=16) | class_signal=0.0478 (min=0.0238 max=0.0618, n=16) | pred_rms=0.6161
2026-04-25 02:13:50,311 - INFO - Step   47400 | Epoch   5 | MSE: 0.4550 | Steps/sec: 3.19 | LR: 1.97e-04 | Repel: 0.0000 | cos(c,null): +0.3901 | GradNorm: 0.0244 | MSE/t: [0.00-0.25]0.593(n=433) [0.25-0.50]0.495(n=1157) [0.50-0.75]0.401(n=1204) [0.75-1.00]0.352(n=406)
2026-04-25 02:13:50,798 - INFO - [cond] cfg_signal=0.0400 (min=0.0240 max=0.0562, n=16) | class_signal=0.0512 (min=0.0253 max=0.0679, n=16) | pred_rms=0.6472
2026-04-25 02:14:53,256 - INFO - Step   47600 | Epoch   5 | MSE: 0.4539 | Steps/sec: 3.20 | LR: 1.97e-04 | Repel: 0.0000 | cos(c,null): +0.3919 | GradNorm: 0.0229 | MSE/t: [0.00-0.25]0.568(n=418) [0.25-0.50]0.499(n=1173) [0.50-0.75]0.406(n=1181) [0.75-1.00]0.351(n=428)
2026-04-25 02:14:53,745 - INFO - [cond] cfg_signal=0.0422 (min=0.0256 max=0.0533, n=16) | class_signal=0.0531 (min=0.0360 max=0.0675, n=16) | pred_rms=0.6370
2026-04-25 02:15:58,530 - INFO - Step   47800 | Epoch   6 | MSE: 0.4567 | Steps/sec: 3.09 | LR: 1.97e-04 | Repel: 0.0000 | cos(c,null): +0.3918 | GradNorm: 0.0235 | MSE/t: [0.00-0.25]0.557(n=403) [0.25-0.50]0.500(n=1214) [0.50-0.75]0.411(n=1165) [0.75-1.00]0.361(n=418)
2026-04-25 02:15:59,072 - INFO - [cond] cfg_signal=0.0402 (min=0.0254 max=0.0520, n=16) | class_signal=0.0513 (min=0.0354 max=0.0670, n=16) | pred_rms=0.6549
2026-04-25 02:17:01,951 - INFO - Step   48000 | Epoch   6 | MSE: 0.4519 | Steps/sec: 3.18 | LR: 1.97e-04 | Repel: 0.0000 | cos(c,null): +0.3963 | GradNorm: 0.0249 | MSE/t: [0.00-0.25]0.577(n=452) [0.25-0.50]0.493(n=1168) [0.50-0.75]0.398(n=1160) [0.75-1.00]0.353(n=420)
2026-04-25 02:17:02,446 - INFO - [cond] cfg_signal=0.0407 (min=0.0277 max=0.0548, n=16) | class_signal=0.0538 (min=0.0344 max=0.0730, n=16) | pred_rms=0.6463
2026-04-25 02:17:10,569 - INFO - [validation] saved: output/jit_JiT-B_8_from_scratch_null_repel/dit_validation/epoch_006_step_0048000_class090.png (class=90, sampler=heun, steps=100)
2026-04-25 02:18:14,003 - INFO - Step   48200 | Epoch   6 | MSE: 0.4659 | Steps/sec: 2.80 | LR: 1.97e-04 | Repel: 0.0000 | cos(c,null): +0.4010 | GradNorm: 0.0336 | MSE/t: [0.00-0.25]0.605(n=452) [0.25-0.50]0.506(n=1179) [0.50-0.75]0.409(n=1117) [0.75-1.00]0.364(n=452)
2026-04-25 02:18:14,522 - INFO - [cond] cfg_signal=0.0388 (min=0.0261 max=0.0558, n=16) | class_signal=0.0532 (min=0.0304 max=0.0740, n=16) | pred_rms=0.6238
2026-04-25 02:19:17,657 - INFO - Step   48400 | Epoch   6 | MSE: 0.4571 | Steps/sec: 3.17 | LR: 1.97e-04 | Repel: 0.0000 | cos(c,null): +0.4039 | GradNorm: 0.0291 | MSE/t: [0.00-0.25]0.566(n=442) [0.25-0.50]0.486(n=1149) [0.50-0.75]0.422(n=1206) [0.75-1.00]0.361(n=403)
2026-04-25 02:19:18,162 - INFO - [cond] cfg_signal=0.0402 (min=0.0272 max=0.0524, n=16) | class_signal=0.0539 (min=0.0292 max=0.0657, n=16) | pred_rms=0.6540
2026-04-25 02:20:20,224 - INFO - Step   48600 | Epoch   6 | MSE: 0.4615 | Steps/sec: 3.22 | LR: 1.97e-04 | Repel: 0.0000 | cos(c,null): +0.4061 | GradNorm: 0.0251 | MSE/t: [0.00-0.25]0.587(n=443) [0.25-0.50]0.513(n=1180) [0.50-0.75]0.398(n=1173) [0.75-1.00]0.359(n=404)
2026-04-25 02:20:20,721 - INFO - [cond] cfg_signal=0.0393 (min=0.0250 max=0.0519, n=16) | class_signal=0.0535 (min=0.0286 max=0.0670, n=16) | pred_rms=0.6624
2026-04-25 02:21:23,247 - INFO - Step   48800 | Epoch   6 | MSE: 0.4588 | Steps/sec: 3.20 | LR: 1.96e-04 | Repel: 0.0000 | cos(c,null): +0.4073 | GradNorm: 0.0249 | MSE/t: [0.00-0.25]0.596(n=413) [0.25-0.50]0.498(n=1235) [0.50-0.75]0.404(n=1116) [0.75-1.00]0.357(n=436)
2026-04-25 02:21:23,724 - INFO - [cond] cfg_signal=0.0365 (min=0.0247 max=0.0492, n=16) | class_signal=0.0501 (min=0.0257 max=0.0670, n=16) | pred_rms=0.6200
2026-04-25 02:22:24,921 - INFO - Step   49000 | Epoch   6 | MSE: 0.4625 | Steps/sec: 3.27 | LR: 1.96e-04 | Repel: 0.0000 | cos(c,null): +0.4152 | GradNorm: 0.0289 | MSE/t: [0.00-0.25]0.622(n=437) [0.25-0.50]0.501(n=1179) [0.50-0.75]0.401(n=1158) [0.75-1.00]0.358(n=426)
2026-04-25 02:22:25,420 - INFO - [cond] cfg_signal=0.0387 (min=0.0268 max=0.0499, n=16) | class_signal=0.0532 (min=0.0281 max=0.0643, n=16) | pred_rms=0.6383
2026-04-25 02:22:33,519 - INFO - [validation] saved: output/jit_JiT-B_8_from_scratch_null_repel/dit_validation/epoch_006_step_0049000_class070.png (class=70, sampler=heun, steps=100)
2026-04-25 02:23:37,776 - INFO - Step   49200 | Epoch   6 | MSE: 0.4592 | Steps/sec: 2.76 | LR: 1.96e-04 | Repel: 0.0000 | cos(c,null): +0.4185 | GradNorm: 0.0247 | MSE/t: [0.00-0.25]0.595(n=443) [0.25-0.50]0.503(n=1193) [0.50-0.75]0.398(n=1150) [0.75-1.00]0.357(n=414)
2026-04-25 02:23:38,372 - INFO - [cond] cfg_signal=0.0397 (min=0.0254 max=0.0551, n=16) | class_signal=0.0542 (min=0.0264 max=0.0671, n=16) | pred_rms=0.6294
2026-04-25 02:24:40,796 - INFO - Step   49400 | Epoch   6 | MSE: 0.4671 | Steps/sec: 3.20 | LR: 1.96e-04 | Repel: 0.0000 | cos(c,null): +0.4351 | GradNorm: 0.0456 | MSE/t: [0.00-0.25]0.580(n=434) [0.25-0.50]0.506(n=1167) [0.50-0.75]0.429(n=1153) [0.75-1.00]0.354(n=446)
2026-04-25 02:24:41,316 - INFO - [cond] cfg_signal=0.0384 (min=0.0260 max=0.0548, n=16) | class_signal=0.0530 (min=0.0275 max=0.0649, n=16) | pred_rms=0.6166
2026-04-25 02:25:43,156 - INFO - Step   49600 | Epoch   6 | MSE: 0.4633 | Steps/sec: 3.23 | LR: 1.96e-04 | Repel: 0.0000 | cos(c,null): +0.4435 | GradNorm: 0.0295 | MSE/t: [0.00-0.25]0.593(n=430) [0.25-0.50]0.511(n=1208) [0.50-0.75]0.405(n=1116) [0.75-1.00]0.353(n=446)
2026-04-25 02:25:43,650 - INFO - [cond] cfg_signal=0.0371 (min=0.0243 max=0.0563, n=16) | class_signal=0.0505 (min=0.0264 max=0.0611, n=16) | pred_rms=0.6226
2026-04-25 02:26:47,011 - INFO - Step   49800 | Epoch   6 | MSE: 0.4644 | Steps/sec: 3.16 | LR: 1.96e-04 | Repel: 0.0000 | cos(c,null): +0.4502 | GradNorm: 0.0283 | MSE/t: [0.00-0.25]0.624(n=410) [0.25-0.50]0.501(n=1150) [0.50-0.75]0.412(n=1194) [0.75-1.00]0.362(n=446)
2026-04-25 02:26:47,559 - INFO - [cond] cfg_signal=0.0385 (min=0.0279 max=0.0510, n=16) | class_signal=0.0535 (min=0.0267 max=0.0673, n=16) | pred_rms=0.6232
2026-04-25 02:27:51,345 - INFO - Step   50000 | Epoch   6 | MSE: 0.4455 | Steps/sec: 3.14 | LR: 1.96e-04 | Repel: 0.0000 | cos(c,null): +0.4542 | GradNorm: 0.0244 | MSE/t: [0.00-0.25]0.574(n=391) [0.25-0.50]0.502(n=1149) [0.50-0.75]0.394(n=1205) [0.75-1.00]0.328(n=455)
2026-04-25 02:27:51,851 - INFO - [cond] cfg_signal=0.0396 (min=0.0288 max=0.0587, n=16) | class_signal=0.0559 (min=0.0284 max=0.0763, n=16) | pred_rms=0.6445
2026-04-25 02:27:59,999 - INFO - [validation] saved: output/jit_JiT-B_8_from_scratch_null_repel/dit_validation/epoch_006_step_0050000_class104.png (class=104, sampler=heun, steps=100)
2026-04-25 02:28:00,936 - INFO - [overrides] applied from jit/configs/overrides.yaml: lr_scale=1.0 max_grad_norm=5.0 null_repel_weight=0.05 P_mean=0.0
2026-04-25 02:29:53,826 - INFO - Step   50200 | Epoch   6 | MSE: 0.4544 | Steps/sec: 1.64 | LR: 1.96e-04 | Render_L1: 0.0387 | Alpha_L1: 0.0690 | Render_LPIPS: 0.1979 | Repel: 0.0000 | cos(c,null): +0.4527 | GradNorm: 0.0252 | MSE/t: [0.00-0.25]0.564(n=430) [0.25-0.50]0.509(n=1153) [0.50-0.75]0.397(n=1201) [0.75-1.00]0.354(n=416)
2026-04-25 02:29:54,296 - INFO - [cond] cfg_signal=0.0402 (min=0.0247 max=0.0532, n=16) | class_signal=0.0538 (min=0.0269 max=0.0695, n=16) | pred_rms=0.6274
2026-04-25 02:29:54,351 - INFO - [render-loss] step=50200 masked 6/16 samples (t_value < 0.40)
2026-04-25 02:31:46,088 - INFO - Step   50400 | Epoch   6 | MSE: 0.4511 | Steps/sec: 1.79 | LR: 1.96e-04 | Render_L1: 0.0390 | Alpha_L1: 0.0686 | Render_LPIPS: 0.1979 | Repel: 0.0000 | cos(c,null): +0.4517 | GradNorm: 0.0261 | MSE/t: [0.00-0.25]0.581(n=433) [0.25-0.50]0.484(n=1164) [0.50-0.75]0.410(n=1151) [0.75-1.00]0.346(n=452)
2026-04-25 02:31:46,555 - INFO - [cond] cfg_signal=0.0391 (min=0.0226 max=0.0612, n=16) | class_signal=0.0557 (min=0.0280 max=0.0816, n=16) | pred_rms=0.6148
2026-04-25 02:31:46,609 - INFO - [render-loss] step=50400 masked 8/16 samples (t_value < 0.40)
2026-04-25 02:33:38,983 - INFO - Step   50600 | Epoch   6 | MSE: 0.4575 | Steps/sec: 1.78 | LR: 1.96e-04 | Render_L1: 0.0387 | Alpha_L1: 0.0677 | Render_LPIPS: 0.1978 | Repel: 0.0000 | cos(c,null): +0.4503 | GradNorm: 0.0306 | MSE/t: [0.00-0.25]0.573(n=450) [0.25-0.50]0.514(n=1203) [0.50-0.75]0.391(n=1109) [0.75-1.00]0.352(n=438)
2026-04-25 02:33:39,450 - INFO - [cond] cfg_signal=0.0352 (min=0.0240 max=0.0538, n=16) | class_signal=0.0491 (min=0.0270 max=0.0725, n=16) | pred_rms=0.6197
2026-04-25 02:33:39,510 - INFO - [render-loss] step=50600 masked 5/16 samples (t_value < 0.40)
2026-04-25 02:35:31,489 - INFO - Step   50800 | Epoch   6 | MSE: 0.4505 | Steps/sec: 1.79 | LR: 1.96e-04 | Render_L1: 0.0387 | Alpha_L1: 0.0693 | Render_LPIPS: 0.2000 | Repel: 0.0000 | cos(c,null): +0.4583 | GradNorm: 0.0253 | MSE/t: [0.00-0.25]0.568(n=416) [0.25-0.50]0.497(n=1157) [0.50-0.75]0.405(n=1139) [0.75-1.00]0.347(n=488)
2026-04-25 02:35:31,958 - INFO - [cond] cfg_signal=0.0375 (min=0.0290 max=0.0584, n=16) | class_signal=0.0551 (min=0.0283 max=0.0828, n=16) | pred_rms=0.6314
2026-04-25 02:35:32,013 - INFO - [render-loss] step=50800 masked 4/16 samples (t_value < 0.40)
2026-04-25 02:37:24,023 - INFO - Step   51000 | Epoch   6 | MSE: 0.4497 | Steps/sec: 1.78 | LR: 1.96e-04 | Render_L1: 0.0374 | Alpha_L1: 0.0662 | Render_LPIPS: 0.1950 | Repel: 0.0000 | cos(c,null): +0.4580 | GradNorm: 0.0229 | MSE/t: [0.00-0.25]0.577(n=406) [0.25-0.50]0.498(n=1142) [0.50-0.75]0.399(n=1219) [0.75-1.00]0.346(n=433)
2026-04-25 02:37:24,486 - INFO - [cond] cfg_signal=0.0394 (min=0.0256 max=0.0610, n=16) | class_signal=0.0545 (min=0.0288 max=0.0841, n=16) | pred_rms=0.6349
2026-04-25 02:37:32,561 - INFO - [validation] saved: output/jit_JiT-B_8_from_scratch_null_repel/dit_validation/epoch_006_step_0051000_class058.png (class=58, sampler=heun, steps=100)
2026-04-25 02:37:33,773 - INFO - [overrides] applied from jit/configs/overrides.yaml: lr_scale=1.0 max_grad_norm=5.0 null_repel_weight=0.05 P_mean=0.0
2026-04-25 02:37:33,821 - INFO - [render-loss] step=51000 masked 5/16 samples (t_value < 0.40)
2026-04-25 02:39:25,859 - INFO - Step   51200 | Epoch   6 | MSE: 0.4686 | Steps/sec: 1.65 | LR: 1.96e-04 | Render_L1: 0.0386 | Alpha_L1: 0.0691 | Render_LPIPS: 0.1981 | Repel: 0.0000 | cos(c,null): +0.4561 | GradNorm: 0.0248 | MSE/t: [0.00-0.25]0.566(n=485) [0.25-0.50]0.514(n=1163) [0.50-0.75]0.422(n=1134) [0.75-1.00]0.356(n=418)
2026-04-25 02:39:26,325 - INFO - [cond] cfg_signal=0.0389 (min=0.0266 max=0.0602, n=16) | class_signal=0.0553 (min=0.0257 max=0.0834, n=16) | pred_rms=0.6485
2026-04-25 02:39:26,384 - INFO - [render-loss] step=51200 masked 10/16 samples (t_value < 0.40)
2026-04-25 02:41:18,674 - INFO - Step   51400 | Epoch   6 | MSE: 0.4490 | Steps/sec: 1.78 | LR: 1.96e-04 | Render_L1: 0.0380 | Alpha_L1: 0.0668 | Render_LPIPS: 0.1965 | Repel: 0.0000 | cos(c,null): +0.4559 | GradNorm: 0.0225 | MSE/t: [0.00-0.25]0.570(n=454) [0.25-0.50]0.484(n=1118) [0.50-0.75]0.412(n=1181) [0.75-1.00]0.337(n=447)
2026-04-25 02:41:19,139 - INFO - [cond] cfg_signal=0.0404 (min=0.0276 max=0.0642, n=16) | class_signal=0.0579 (min=0.0276 max=0.0897, n=16) | pred_rms=0.6481
2026-04-25 02:41:19,195 - INFO - [render-loss] step=51400 masked 8/16 samples (t_value < 0.40)
2026-04-25 02:43:11,458 - INFO - Step   51600 | Epoch   6 | MSE: 0.4571 | Steps/sec: 1.78 | LR: 1.96e-04 | Render_L1: 0.0376 | Alpha_L1: 0.0662 | Render_LPIPS: 0.1963 | Repel: 0.0000 | cos(c,null): +0.4573 | GradNorm: 0.0219 | MSE/t: [0.00-0.25]0.578(n=427) [0.25-0.50]0.510(n=1120) [0.50-0.75]0.408(n=1230) [0.75-1.00]0.339(n=423)
2026-04-25 02:43:11,917 - INFO - [cond] cfg_signal=0.0395 (min=0.0267 max=0.0676, n=16) | class_signal=0.0585 (min=0.0284 max=0.0905, n=16) | pred_rms=0.6326
2026-04-25 02:43:11,970 - INFO - [render-loss] step=51600 masked 3/16 samples (t_value < 0.40)
2026-04-25 02:45:03,669 - INFO - Step   51800 | Epoch   6 | MSE: 0.4687 | Steps/sec: 1.79 | LR: 1.96e-04 | Render_L1: 0.0373 | Alpha_L1: 0.0653 | Render_LPIPS: 0.1954 | Repel: 0.0000 | cos(c,null): +0.4620 | GradNorm: 0.0752 | MSE/t: [0.00-0.25]0.576(n=499) [0.25-0.50]0.514(n=1155) [0.50-0.75]0.414(n=1119) [0.75-1.00]0.366(n=427)
2026-04-25 02:45:04,168 - INFO - [cond] cfg_signal=0.0415 (min=0.0285 max=0.0659, n=16) | class_signal=0.0604 (min=0.0299 max=0.0939, n=16) | pred_rms=0.6334
2026-04-25 02:45:04,223 - INFO - [render-loss] step=51800 masked 3/16 samples (t_value < 0.40)
2026-04-25 02:46:56,792 - INFO - Step   52000 | Epoch   6 | MSE: 0.4570 | Steps/sec: 1.78 | LR: 1.96e-04 | Render_L1: 0.0379 | Alpha_L1: 0.0668 | Render_LPIPS: 0.1985 | Repel: 0.0000 | cos(c,null): +0.4571 | GradNorm: 0.0258 | MSE/t: [0.00-0.25]0.588(n=408) [0.25-0.50]0.500(n=1180) [0.50-0.75]0.406(n=1174) [0.75-1.00]0.355(n=438)
2026-04-25 02:46:57,303 - INFO - [cond] cfg_signal=0.0402 (min=0.0259 max=0.0558, n=16) | class_signal=0.0602 (min=0.0311 max=0.0883, n=16) | pred_rms=0.6564
2026-04-25 02:47:05,698 - INFO - [validation] saved: output/jit_JiT-B_8_from_scratch_null_repel/dit_validation/epoch_006_step_0052000_class030.png (class=30, sampler=heun, steps=100)
2026-04-25 02:47:06,971 - INFO - [overrides] applied from jit/configs/overrides.yaml: lr_scale=1.0 max_grad_norm=5.0 null_repel_weight=0.05 P_mean=0.0
2026-04-25 02:47:07,023 - INFO - [render-loss] step=52000 masked 8/16 samples (t_value < 0.40)
2026-04-25 02:48:59,208 - INFO - Step   52200 | Epoch   6 | MSE: 0.4565 | Steps/sec: 1.64 | LR: 1.96e-04 | Render_L1: 0.0370 | Alpha_L1: 0.0653 | Render_LPIPS: 0.1948 | Repel: 0.0000 | cos(c,null): +0.4523 | GradNorm: 0.0275 | MSE/t: [0.00-0.25]0.606(n=463) [0.25-0.50]0.497(n=1142) [0.50-0.75]0.393(n=1173) [0.75-1.00]0.360(n=422)
2026-04-25 02:48:59,666 - INFO - [cond] cfg_signal=0.0378 (min=0.0255 max=0.0564, n=16) | class_signal=0.0541 (min=0.0260 max=0.0803, n=16) | pred_rms=0.6519
2026-04-25 02:48:59,724 - INFO - [render-loss] step=52200 masked 6/16 samples (t_value < 0.40)
2026-04-25 02:50:51,394 - INFO - Step   52400 | Epoch   6 | MSE: 0.4660 | Steps/sec: 1.79 | LR: 1.96e-04 | Render_L1: 0.0395 | Alpha_L1: 0.0690 | Render_LPIPS: 0.2037 | Repel: 0.0000 | cos(c,null): +0.4494 | GradNorm: 0.0497 | MSE/t: [0.00-0.25]0.610(n=421) [0.25-0.50]0.502(n=1205) [0.50-0.75]0.423(n=1154) [0.75-1.00]0.336(n=420)
2026-04-25 02:50:51,857 - INFO - [cond] cfg_signal=0.0393 (min=0.0286 max=0.0623, n=16) | class_signal=0.0536 (min=0.0276 max=0.0817, n=16) | pred_rms=0.6286
2026-04-25 02:50:51,912 - INFO - [render-loss] step=52400 masked 7/16 samples (t_value < 0.40)
2026-04-25 02:52:43,980 - INFO - Step   52600 | Epoch   6 | MSE: 0.4611 | Steps/sec: 1.78 | LR: 1.96e-04 | Render_L1: 0.0376 | Alpha_L1: 0.0660 | Render_LPIPS: 0.1971 | Repel: 0.0000 | cos(c,null): +0.4527 | GradNorm: 0.0233 | MSE/t: [0.00-0.25]0.609(n=394) [0.25-0.50]0.515(n=1195) [0.50-0.75]0.398(n=1178) [0.75-1.00]0.348(n=433)
2026-04-25 02:52:44,479 - INFO - [cond] cfg_signal=0.0415 (min=0.0279 max=0.0655, n=16) | class_signal=0.0577 (min=0.0269 max=0.0842, n=16) | pred_rms=0.6298
2026-04-25 02:52:44,539 - INFO - [render-loss] step=52600 masked 8/16 samples (t_value < 0.40)
2026-04-25 02:54:36,880 - INFO - Step   52800 | Epoch   6 | MSE: 0.4545 | Steps/sec: 1.78 | LR: 1.96e-04 | Render_L1: 0.0375 | Alpha_L1: 0.0642 | Render_LPIPS: 0.1964 | Repel: 0.0000 | cos(c,null): +0.4520 | GradNorm: 0.0216 | MSE/t: [0.00-0.25]0.560(n=466) [0.25-0.50]0.499(n=1160) [0.50-0.75]0.410(n=1146) [0.75-1.00]0.336(n=428)
2026-04-25 02:54:37,427 - INFO - [cond] cfg_signal=0.0384 (min=0.0267 max=0.0566, n=16) | class_signal=0.0529 (min=0.0275 max=0.0746, n=16) | pred_rms=0.6348
2026-04-25 02:54:37,484 - INFO - [render-loss] step=52800 masked 3/16 samples (t_value < 0.40)
2026-04-25 02:56:29,631 - INFO - Step   53000 | Epoch   6 | MSE: 0.4490 | Steps/sec: 1.78 | LR: 1.96e-04 | Render_L1: 0.0366 | Alpha_L1: 0.0637 | Render_LPIPS: 0.1933 | Repel: 0.0000 | cos(c,null): +0.4481 | GradNorm: 0.0226 | MSE/t: [0.00-0.25]0.590(n=414) [0.25-0.50]0.496(n=1158) [0.50-0.75]0.396(n=1211) [0.75-1.00]0.334(n=417)
2026-04-25 02:56:30,095 - INFO - [cond] cfg_signal=0.0393 (min=0.0275 max=0.0611, n=16) | class_signal=0.0564 (min=0.0272 max=0.0833, n=16) | pred_rms=0.6527
2026-04-25 02:56:38,205 - INFO - [validation] saved: output/jit_JiT-B_8_from_scratch_null_repel/dit_validation/epoch_006_step_0053000_class009.png (class=9, sampler=heun, steps=100)
2026-04-25 02:56:39,401 - INFO - [overrides] applied from jit/configs/overrides.yaml: lr_scale=1.0 max_grad_norm=5.0 null_repel_weight=0.05 P_mean=0.0
2026-04-25 02:56:39,450 - INFO - [render-loss] step=53000 masked 6/16 samples (t_value < 0.40)
2026-04-25 02:58:31,253 - INFO - Step   53200 | Epoch   6 | MSE: 0.4477 | Steps/sec: 1.65 | LR: 1.96e-04 | Render_L1: 0.0365 | Alpha_L1: 0.0632 | Render_LPIPS: 0.1936 | Repel: 0.0000 | cos(c,null): +0.4493 | GradNorm: 0.0216 | MSE/t: [0.00-0.25]0.557(n=418) [0.25-0.50]0.490(n=1218) [0.50-0.75]0.399(n=1125) [0.75-1.00]0.352(n=439)
2026-04-25 02:58:31,714 - INFO - [cond] cfg_signal=0.0396 (min=0.0269 max=0.0579, n=16) | class_signal=0.0532 (min=0.0257 max=0.0750, n=16) | pred_rms=0.6433
2026-04-25 02:58:31,768 - INFO - [render-loss] step=53200 masked 5/16 samples (t_value < 0.40)
2026-04-25 03:00:23,878 - INFO - Step   53400 | Epoch   6 | MSE: 0.4559 | Steps/sec: 1.78 | LR: 1.96e-04 | Render_L1: 0.0371 | Alpha_L1: 0.0628 | Render_LPIPS: 0.1952 | Repel: 0.0000 | cos(c,null): +0.4495 | GradNorm: 0.0230 | MSE/t: [0.00-0.25]0.594(n=455) [0.25-0.50]0.488(n=1135) [0.50-0.75]0.409(n=1197) [0.75-1.00]0.352(n=413)
2026-04-25 03:00:24,335 - INFO - [cond] cfg_signal=0.0392 (min=0.0282 max=0.0512, n=16) | class_signal=0.0521 (min=0.0261 max=0.0676, n=16) | pred_rms=0.6486
2026-04-25 03:00:24,406 - INFO - [render-loss] step=53400 masked 3/16 samples (t_value < 0.40)
2026-04-25 03:02:16,824 - INFO - Step   53600 | Epoch   6 | MSE: 0.4513 | Steps/sec: 1.78 | LR: 1.96e-04 | Render_L1: 0.0361 | Alpha_L1: 0.0619 | Render_LPIPS: 0.1943 | Repel: 0.0000 | cos(c,null): +0.4534 | GradNorm: 0.0247 | MSE/t: [0.00-0.25]0.553(n=397) [0.25-0.50]0.508(n=1163) [0.50-0.75]0.399(n=1186) [0.75-1.00]0.352(n=454)
2026-04-25 03:02:17,292 - INFO - [cond] cfg_signal=0.0381 (min=0.0274 max=0.0508, n=16) | class_signal=0.0520 (min=0.0245 max=0.0713, n=16) | pred_rms=0.6450
2026-04-25 03:02:17,359 - INFO - [render-loss] step=53600 masked 8/16 samples (t_value < 0.40)
2026-04-25 03:04:09,461 - INFO - Step   53800 | Epoch   6 | MSE: 0.4611 | Steps/sec: 1.78 | LR: 1.96e-04 | Render_L1: 0.0375 | Alpha_L1: 0.0645 | Render_LPIPS: 0.1970 | Repel: 0.0000 | cos(c,null): +0.4533 | GradNorm: 0.0232 | MSE/t: [0.00-0.25]0.570(n=445) [0.25-0.50]0.503(n=1168) [0.50-0.75]0.415(n=1166) [0.75-1.00]0.357(n=421)
2026-04-25 03:04:09,960 - INFO - [cond] cfg_signal=0.0387 (min=0.0250 max=0.0581, n=16) | class_signal=0.0556 (min=0.0266 max=0.0727, n=16) | pred_rms=0.6427
2026-04-25 03:04:10,017 - INFO - [render-loss] step=53800 masked 10/16 samples (t_value < 0.40)
2026-04-25 03:06:02,161 - INFO - Step   54000 | Epoch   6 | MSE: 0.4630 | Steps/sec: 1.78 | LR: 1.96e-04 | Render_L1: 0.0383 | Alpha_L1: 0.0662 | Render_LPIPS: 0.2009 | Repel: 0.0000 | cos(c,null): +0.4546 | GradNorm: 0.0243 | MSE/t: [0.00-0.25]0.596(n=445) [0.25-0.50]0.500(n=1200) [0.50-0.75]0.414(n=1130) [0.75-1.00]0.348(n=425)
2026-04-25 03:06:02,642 - INFO - [cond] cfg_signal=0.0407 (min=0.0288 max=0.0600, n=16) | class_signal=0.0558 (min=0.0252 max=0.0746, n=16) | pred_rms=0.6353
2026-04-25 03:06:10,708 - INFO - [validation] saved: output/jit_JiT-B_8_from_scratch_null_repel/dit_validation/epoch_006_step_0054000_class090.png (class=90, sampler=heun, steps=100)
2026-04-25 03:06:11,943 - INFO - [overrides] applied from jit/configs/overrides.yaml: lr_scale=1.0 max_grad_norm=5.0 null_repel_weight=0.05 P_mean=0.0
2026-04-25 03:06:11,993 - INFO - [render-loss] step=54000 masked 4/16 samples (t_value < 0.40)
2026-04-25 03:08:04,076 - INFO - Step   54200 | Epoch   6 | MSE: 0.4618 | Steps/sec: 1.65 | LR: 1.96e-04 | Render_L1: 0.0381 | Alpha_L1: 0.0659 | Render_LPIPS: 0.2012 | Repel: 0.0000 | cos(c,null): +0.4533 | GradNorm: 0.0249 | MSE/t: [0.00-0.25]0.595(n=407) [0.25-0.50]0.502(n=1165) [0.50-0.75]0.411(n=1176) [0.75-1.00]0.370(n=452)
2026-04-25 03:08:04,547 - INFO - [cond] cfg_signal=0.0392 (min=0.0287 max=0.0631, n=16) | class_signal=0.0544 (min=0.0232 max=0.0768, n=16) | pred_rms=0.6314
2026-04-25 03:08:04,603 - INFO - [render-loss] step=54200 masked 4/16 samples (t_value < 0.40)
2026-04-25 03:09:56,848 - INFO - Step   54400 | Epoch   6 | MSE: 0.4539 | Steps/sec: 1.78 | LR: 1.96e-04 | Render_L1: 0.0365 | Alpha_L1: 0.0628 | Render_LPIPS: 0.1944 | Repel: 0.0000 | cos(c,null): +0.4557 | GradNorm: 0.0268 | MSE/t: [0.00-0.25]0.572(n=450) [0.25-0.50]0.492(n=1143) [0.50-0.75]0.409(n=1179) [0.75-1.00]0.352(n=428)
2026-04-25 03:09:57,317 - INFO - [cond] cfg_signal=0.0387 (min=0.0248 max=0.0576, n=16) | class_signal=0.0550 (min=0.0253 max=0.0721, n=16) | pred_rms=0.6457
2026-04-25 03:09:57,375 - INFO - [render-loss] step=54400 masked 5/16 samples (t_value < 0.40)
2026-04-25 03:11:49,359 - INFO - Step   54600 | Epoch   6 | MSE: 0.4567 | Steps/sec: 1.79 | LR: 1.96e-04 | Render_L1: 0.0368 | Alpha_L1: 0.0630 | Render_LPIPS: 0.1968 | Repel: 0.0000 | cos(c,null): +0.4580 | GradNorm: 0.0226 | MSE/t: [0.00-0.25]0.573(n=475) [0.25-0.50]0.502(n=1185) [0.50-0.75]0.392(n=1151) [0.75-1.00]0.367(n=389)
2026-04-25 03:11:49,824 - INFO - [cond] cfg_signal=0.0400 (min=0.0239 max=0.0515, n=16) | class_signal=0.0508 (min=0.0255 max=0.0646, n=16) | pred_rms=0.6543
2026-04-25 03:11:49,878 - INFO - [render-loss] step=54600 masked 6/16 samples (t_value < 0.40)
2026-04-25 03:13:42,400 - INFO - Step   54800 | Epoch   6 | MSE: 0.4594 | Steps/sec: 1.78 | LR: 1.96e-04 | Render_L1: 0.0353 | Alpha_L1: 0.0630 | Render_LPIPS: 0.1951 | Repel: 0.0000 | cos(c,null): +0.4605 | GradNorm: 0.0368 | MSE/t: [0.00-0.25]0.582(n=462) [0.25-0.50]0.491(n=1188) [0.50-0.75]0.412(n=1133) [0.75-1.00]0.361(n=417)
2026-04-25 03:13:42,895 - INFO - [cond] cfg_signal=0.0368 (min=0.0247 max=0.0527, n=16) | class_signal=0.0499 (min=0.0242 max=0.0637, n=16) | pred_rms=0.6183
2026-04-25 03:13:42,951 - INFO - [render-loss] step=54800 masked 7/16 samples (t_value < 0.40)
2026-04-25 03:15:35,344 - INFO - Step   55000 | Epoch   6 | MSE: 0.4464 | Steps/sec: 1.78 | LR: 1.96e-04 | Render_L1: 0.0354 | Alpha_L1: 0.0597 | Render_LPIPS: 0.1923 | Repel: 0.0000 | cos(c,null): +0.4623 | GradNorm: 0.0383 | MSE/t: [0.00-0.25]0.576(n=400) [0.25-0.50]0.498(n=1151) [0.50-0.75]0.394(n=1209) [0.75-1.00]0.337(n=440)
2026-04-25 03:15:35,813 - INFO - [cond] cfg_signal=0.0391 (min=0.0231 max=0.0634, n=16) | class_signal=0.0539 (min=0.0291 max=0.0747, n=16) | pred_rms=0.6435
2026-04-25 03:15:43,923 - INFO - [validation] saved: output/jit_JiT-B_8_from_scratch_null_repel/dit_validation/epoch_006_step_0055000_class063.png (class=63, sampler=heun, steps=100)
2026-04-25 03:15:45,244 - INFO - [overrides] applied from jit/configs/overrides.yaml: lr_scale=1.0 max_grad_norm=5.0 null_repel_weight=0.05 P_mean=0.0
2026-04-25 03:15:45,292 - INFO - [render-loss] step=55000 masked 6/16 samples (t_value < 0.40)
2026-04-25 03:17:37,405 - INFO - Step   55200 | Epoch   6 | MSE: 0.4576 | Steps/sec: 1.64 | LR: 1.95e-04 | Render_L1: 0.0370 | Alpha_L1: 0.0626 | Render_LPIPS: 0.1982 | Repel: 0.0000 | cos(c,null): +0.4649 | GradNorm: 0.0280 | MSE/t: [0.00-0.25]0.575(n=482) [0.25-0.50]0.503(n=1100) [0.50-0.75]0.410(n=1188) [0.75-1.00]0.341(n=430)
2026-04-25 03:17:37,903 - INFO - [cond] cfg_signal=0.0384 (min=0.0274 max=0.0579, n=16) | class_signal=0.0574 (min=0.0266 max=0.0823, n=16) | pred_rms=0.6424
2026-04-25 03:17:37,958 - INFO - [render-loss] step=55200 masked 9/16 samples (t_value < 0.40)
2026-04-25 03:19:30,316 - INFO - Step   55400 | Epoch   6 | MSE: 0.4616 | Steps/sec: 1.78 | LR: 1.95e-04 | Render_L1: 0.0377 | Alpha_L1: 0.0649 | Render_LPIPS: 0.2003 | Repel: 0.0000 | cos(c,null): +0.4620 | GradNorm: 0.0246 | MSE/t: [0.00-0.25]0.576(n=417) [0.25-0.50]0.505(n=1191) [0.50-0.75]0.416(n=1165) [0.75-1.00]0.352(n=427)
2026-04-25 03:19:30,786 - INFO - [cond] cfg_signal=0.0409 (min=0.0302 max=0.0619, n=16) | class_signal=0.0579 (min=0.0296 max=0.0786, n=16) | pred_rms=0.6201
2026-04-25 03:19:30,840 - INFO - [render-loss] step=55400 masked 7/16 samples (t_value < 0.40)
2026-04-25 03:21:22,895 - INFO - Step   55600 | Epoch   6 | MSE: 0.4509 | Steps/sec: 1.78 | LR: 1.95e-04 | Render_L1: 0.0350 | Alpha_L1: 0.0592 | Render_LPIPS: 0.1944 | Repel: 0.0000 | cos(c,null): +0.4627 | GradNorm: 0.0250 | MSE/t: [0.00-0.25]0.575(n=467) [0.25-0.50]0.499(n=1132) [0.50-0.75]0.395(n=1171) [0.75-1.00]0.344(n=430)
2026-04-25 03:21:23,377 - INFO - [cond] cfg_signal=0.0393 (min=0.0299 max=0.0555, n=16) | class_signal=0.0555 (min=0.0308 max=0.0732, n=16) | pred_rms=0.6365
2026-04-25 03:21:23,433 - INFO - [render-loss] step=55600 masked 6/16 samples (t_value < 0.40)
2026-04-25 03:23:17,322 - INFO - Step   55800 | Epoch   7 | MSE: 0.4624 | Steps/sec: 1.76 | LR: 1.95e-04 | Render_L1: 0.0362 | Alpha_L1: 0.0604 | Render_LPIPS: 0.1943 | Repel: 0.0000 | cos(c,null): +0.4605 | GradNorm: 0.0307 | MSE/t: [0.00-0.25]0.584(n=455) [0.25-0.50]0.513(n=1155) [0.50-0.75]0.405(n=1170) [0.75-1.00]0.352(n=420)
2026-04-25 03:23:17,795 - INFO - [cond] cfg_signal=0.0418 (min=0.0253 max=0.0665, n=16) | class_signal=0.0568 (min=0.0304 max=0.0732, n=16) | pred_rms=0.6454
2026-04-25 03:23:17,851 - INFO - [render-loss] step=55800 masked 5/16 samples (t_value < 0.40)
2026-04-25 03:25:09,521 - INFO - Step   56000 | Epoch   7 | MSE: 0.4615 | Steps/sec: 1.79 | LR: 1.95e-04 | Render_L1: 0.0359 | Alpha_L1: 0.0616 | Render_LPIPS: 0.1969 | Repel: 0.0000 | cos(c,null): +0.4653 | GradNorm: 0.0359 | MSE/t: [0.00-0.25]0.575(n=455) [0.25-0.50]0.507(n=1104) [0.50-0.75]0.411(n=1207) [0.75-1.00]0.365(n=434)
2026-04-25 03:25:09,978 - INFO - [cond] cfg_signal=0.0394 (min=0.0252 max=0.0576, n=16) | class_signal=0.0532 (min=0.0304 max=0.0662, n=16) | pred_rms=0.6325
2026-04-25 03:25:18,013 - INFO - [validation] saved: output/jit_JiT-B_8_from_scratch_null_repel/dit_validation/epoch_007_step_0056000_class015.png (class=15, sampler=heun, steps=100)
2026-04-25 03:25:19,197 - INFO - [overrides] applied from jit/configs/overrides.yaml: lr_scale=1.0 max_grad_norm=5.0 null_repel_weight=0.05 P_mean=0.0
2026-04-25 03:25:19,247 - INFO - [render-loss] step=56000 masked 5/16 samples (t_value < 0.40)
2026-04-25 03:27:11,737 - INFO - Step   56200 | Epoch   7 | MSE: 0.4542 | Steps/sec: 1.64 | LR: 1.95e-04 | Render_L1: 0.0358 | Alpha_L1: 0.0614 | Render_LPIPS: 0.1969 | Repel: 0.0000 | cos(c,null): +0.4722 | GradNorm: 0.0255 | MSE/t: [0.00-0.25]0.556(n=446) [0.25-0.50]0.502(n=1139) [0.50-0.75]0.404(n=1200) [0.75-1.00]0.361(n=415)
2026-04-25 03:27:12,218 - INFO - [cond] cfg_signal=0.0420 (min=0.0225 max=0.0631, n=16) | class_signal=0.0571 (min=0.0326 max=0.0741, n=16) | pred_rms=0.6377
2026-04-25 03:27:12,272 - INFO - [render-loss] step=56200 masked 3/16 samples (t_value < 0.40)
2026-04-25 03:29:04,798 - INFO - Step   56400 | Epoch   7 | MSE: 0.4525 | Steps/sec: 1.78 | LR: 1.95e-04 | Render_L1: 0.0353 | Alpha_L1: 0.0601 | Render_LPIPS: 0.1948 | Repel: 0.0000 | cos(c,null): +0.4721 | GradNorm: 0.0282 | MSE/t: [0.00-0.25]0.582(n=457) [0.25-0.50]0.486(n=1132) [0.50-0.75]0.405(n=1188) [0.75-1.00]0.358(n=423)
2026-04-25 03:29:05,268 - INFO - [cond] cfg_signal=0.0374 (min=0.0211 max=0.0504, n=16) | class_signal=0.0500 (min=0.0326 max=0.0630, n=16) | pred_rms=0.6357
2026-04-25 03:29:05,323 - INFO - [render-loss] step=56400 masked 6/16 samples (t_value < 0.40)
2026-04-25 03:30:57,132 - INFO - Step   56600 | Epoch   7 | MSE: 0.4569 | Steps/sec: 1.79 | LR: 1.95e-04 | Render_L1: 0.0359 | Alpha_L1: 0.0600 | Render_LPIPS: 0.1963 | Repel: 0.0000 | cos(c,null): +0.4719 | GradNorm: 0.0267 | MSE/t: [0.00-0.25]0.559(n=415) [0.25-0.50]0.511(n=1208) [0.50-0.75]0.400(n=1146) [0.75-1.00]0.360(n=431)
2026-04-25 03:30:57,591 - INFO - [cond] cfg_signal=0.0403 (min=0.0239 max=0.0570, n=16) | class_signal=0.0526 (min=0.0303 max=0.0634, n=16) | pred_rms=0.6314
2026-04-25 03:30:57,646 - INFO - [render-loss] step=56600 masked 6/16 samples (t_value < 0.40)
2026-04-25 03:32:49,208 - INFO - Step   56800 | Epoch   7 | MSE: 0.4612 | Steps/sec: 1.79 | LR: 1.95e-04 | Render_L1: 0.0352 | Alpha_L1: 0.0608 | Render_LPIPS: 0.1942 | Repel: 0.0000 | cos(c,null): +0.4708 | GradNorm: 0.0285 | MSE/t: [0.00-0.25]0.558(n=432) [0.25-0.50]0.508(n=1167) [0.50-0.75]0.424(n=1145) [0.75-1.00]0.344(n=456)
2026-04-25 03:32:49,691 - INFO - [cond] cfg_signal=0.0409 (min=0.0261 max=0.0626, n=16) | class_signal=0.0527 (min=0.0292 max=0.0708, n=16) | pred_rms=0.6404
2026-04-25 03:32:49,747 - INFO - [render-loss] step=56800 masked 5/16 samples (t_value < 0.40)
2026-04-25 03:34:41,983 - INFO - Step   57000 | Epoch   7 | MSE: 0.4599 | Steps/sec: 1.78 | LR: 1.95e-04 | Render_L1: 0.0356 | Alpha_L1: 0.0605 | Render_LPIPS: 0.1971 | Repel: 0.0000 | cos(c,null): +0.4776 | GradNorm: 0.0297 | MSE/t: [0.00-0.25]0.596(n=445) [0.25-0.50]0.500(n=1166) [0.50-0.75]0.403(n=1193) [0.75-1.00]0.358(n=396)
2026-04-25 03:34:42,449 - INFO - [cond] cfg_signal=0.0406 (min=0.0259 max=0.0616, n=16) | class_signal=0.0490 (min=0.0287 max=0.0607, n=16) | pred_rms=0.6504
2026-04-25 03:34:50,505 - INFO - [validation] saved: output/jit_JiT-B_8_from_scratch_null_repel/dit_validation/epoch_007_step_0057000_class102.png (class=102, sampler=heun, steps=100)
2026-04-25 03:34:51,711 - INFO - [overrides] applied from jit/configs/overrides.yaml: lr_scale=1.0 max_grad_norm=5.0 null_repel_weight=0.05 P_mean=0.0
2026-04-25 03:34:51,759 - INFO - [render-loss] step=57000 masked 6/16 samples (t_value < 0.40)
2026-04-25 03:36:43,985 - INFO - Step   57200 | Epoch   7 | MSE: 0.4624 | Steps/sec: 1.65 | LR: 1.95e-04 | Render_L1: 0.0355 | Alpha_L1: 0.0605 | Render_LPIPS: 0.1957 | Repel: 0.0000 | cos(c,null): +0.4814 | GradNorm: 0.6406 | MSE/t: [0.00-0.25]0.582(n=457) [0.25-0.50]0.499(n=1213) [0.50-0.75]0.416(n=1098) [0.75-1.00]0.351(n=432)
2026-04-25 03:36:44,454 - INFO - [cond] cfg_signal=0.0401 (min=0.0232 max=0.0602, n=16) | class_signal=0.0502 (min=0.0270 max=0.0625, n=16) | pred_rms=0.6350
2026-04-25 03:36:44,513 - INFO - [render-loss] step=57200 masked 5/16 samples (t_value < 0.40)
2026-04-25 03:38:36,428 - INFO - Step   57400 | Epoch   7 | MSE: 0.4559 | Steps/sec: 1.79 | LR: 1.95e-04 | Render_L1: 0.0358 | Alpha_L1: 0.0607 | Render_LPIPS: 0.1968 | Repel: 0.0000 | cos(c,null): +0.4806 | GradNorm: 0.0444 | MSE/t: [0.00-0.25]0.582(n=444) [0.25-0.50]0.497(n=1114) [0.50-0.75]0.405(n=1202) [0.75-1.00]0.363(n=440)
2026-04-25 03:38:36,887 - INFO - [cond] cfg_signal=0.0375 (min=0.0231 max=0.0548, n=16) | class_signal=0.0484 (min=0.0264 max=0.0597, n=16) | pred_rms=0.6419
2026-04-25 03:38:36,942 - INFO - [render-loss] step=57400 masked 6/16 samples (t_value < 0.40)
2026-04-25 03:40:29,024 - INFO - Step   57600 | Epoch   7 | MSE: 0.4607 | Steps/sec: 1.78 | LR: 1.95e-04 | Render_L1: 0.0360 | Alpha_L1: 0.0613 | Render_LPIPS: 0.1987 | Repel: 0.0000 | cos(c,null): +0.4874 | GradNorm: 0.0349 | MSE/t: [0.00-0.25]0.578(n=433) [0.25-0.50]0.488(n=1161) [0.50-0.75]0.427(n=1196) [0.75-1.00]0.357(n=410)
2026-04-25 03:40:29,489 - INFO - [cond] cfg_signal=0.0390 (min=0.0222 max=0.0512, n=16) | class_signal=0.0510 (min=0.0272 max=0.0665, n=16) | pred_rms=0.6709
2026-04-25 03:40:29,546 - INFO - [render-loss] step=57600 masked 4/16 samples (t_value < 0.40)
2026-04-25 03:42:21,487 - INFO - Step   57800 | Epoch   7 | MSE: 0.4601 | Steps/sec: 1.79 | LR: 1.95e-04 | Render_L1: 0.0359 | Alpha_L1: 0.0611 | Render_LPIPS: 0.1984 | Repel: 0.0000 | cos(c,null): +0.4851 | GradNorm: 0.0264 | MSE/t: [0.00-0.25]0.574(n=420) [0.25-0.50]0.507(n=1168) [0.50-0.75]0.407(n=1197) [0.75-1.00]0.367(n=415)
2026-04-25 03:42:22,024 - INFO - [cond] cfg_signal=0.0407 (min=0.0226 max=0.0557, n=16) | class_signal=0.0536 (min=0.0298 max=0.0732, n=16) | pred_rms=0.6351
2026-04-25 03:42:22,078 - INFO - [render-loss] step=57800 masked 8/16 samples (t_value < 0.40)
2026-04-25 03:44:14,482 - INFO - Step   58000 | Epoch   7 | MSE: 0.4659 | Steps/sec: 1.78 | LR: 1.95e-04 | Render_L1: 0.0360 | Alpha_L1: 0.0600 | Render_LPIPS: 0.1969 | Repel: 0.0000 | cos(c,null): +0.4811 | GradNorm: 0.0306 | MSE/t: [0.00-0.25]0.630(n=419) [0.25-0.50]0.502(n=1126) [0.50-0.75]0.410(n=1228) [0.75-1.00]0.369(n=427)
2026-04-25 03:44:14,939 - INFO - [cond] cfg_signal=0.0394 (min=0.0233 max=0.0580, n=16) | class_signal=0.0511 (min=0.0314 max=0.0632, n=16) | pred_rms=0.6389
2026-04-25 03:44:22,908 - INFO - [validation] saved: output/jit_JiT-B_8_from_scratch_null_repel/dit_validation/epoch_007_step_0058000_class037.png (class=37, sampler=heun, steps=100)
2026-04-25 03:44:24,113 - INFO - [overrides] applied from jit/configs/overrides.yaml: lr_scale=1.0 max_grad_norm=5.0 null_repel_weight=0.05 P_mean=0.0
2026-04-25 03:44:24,163 - INFO - [render-loss] step=58000 masked 5/16 samples (t_value < 0.40)
2026-04-25 03:46:15,846 - INFO - Step   58200 | Epoch   7 | MSE: 0.4618 | Steps/sec: 1.65 | LR: 1.95e-04 | Render_L1: 0.0354 | Alpha_L1: 0.0591 | Render_LPIPS: 0.1952 | Repel: 0.0000 | cos(c,null): +0.4810 | GradNorm: 0.0406 | MSE/t: [0.00-0.25]0.628(n=423) [0.25-0.50]0.493(n=1201) [0.50-0.75]0.413(n=1132) [0.75-1.00]0.343(n=444)
2026-04-25 03:46:16,311 - INFO - [cond] cfg_signal=0.0433 (min=0.0219 max=0.0641, n=16) | class_signal=0.0544 (min=0.0316 max=0.0802, n=16) | pred_rms=0.6502
2026-04-25 03:46:16,365 - INFO - [render-loss] step=58200 masked 8/16 samples (t_value < 0.40)
2026-04-25 03:48:08,482 - INFO - Step   58400 | Epoch   7 | MSE: 0.4501 | Steps/sec: 1.78 | LR: 1.95e-04 | Render_L1: 0.0342 | Alpha_L1: 0.0573 | Render_LPIPS: 0.1917 | Repel: 0.0000 | cos(c,null): +0.4836 | GradNorm: 0.0264 | MSE/t: [0.00-0.25]0.584(n=433) [0.25-0.50]0.491(n=1194) [0.50-0.75]0.399(n=1147) [0.75-1.00]0.337(n=426)
2026-04-25 03:48:08,945 - INFO - [cond] cfg_signal=0.0415 (min=0.0225 max=0.0635, n=16) | class_signal=0.0558 (min=0.0309 max=0.0901, n=16) | pred_rms=0.6337
2026-04-25 03:48:09,001 - INFO - [render-loss] step=58400 masked 8/16 samples (t_value < 0.40)
2026-04-25 03:50:01,318 - INFO - Step   58600 | Epoch   7 | MSE: 0.4503 | Steps/sec: 1.78 | LR: 1.95e-04 | Render_L1: 0.0347 | Alpha_L1: 0.0577 | Render_LPIPS: 0.1928 | Repel: 0.0000 | cos(c,null): +0.4849 | GradNorm: 0.0392 | MSE/t: [0.00-0.25]0.562(n=420) [0.25-0.50]0.507(n=1154) [0.50-0.75]0.394(n=1180) [0.75-1.00]0.346(n=446)
2026-04-25 03:50:01,801 - INFO - [cond] cfg_signal=0.0407 (min=0.0249 max=0.0570, n=16) | class_signal=0.0549 (min=0.0329 max=0.0777, n=16) | pred_rms=0.6280
2026-04-25 03:50:01,857 - INFO - [render-loss] step=58600 masked 4/16 samples (t_value < 0.40)
2026-04-25 03:51:54,363 - INFO - Step   58800 | Epoch   7 | MSE: 0.4564 | Steps/sec: 1.78 | LR: 1.95e-04 | Render_L1: 0.0362 | Alpha_L1: 0.0588 | Render_LPIPS: 0.1959 | Repel: 0.0000 | cos(c,null): +0.4871 | GradNorm: 0.0286 | MSE/t: [0.00-0.25]0.575(n=453) [0.25-0.50]0.498(n=1145) [0.50-0.75]0.407(n=1184) [0.75-1.00]0.354(n=418)
2026-04-25 03:51:54,854 - INFO - [cond] cfg_signal=0.0414 (min=0.0270 max=0.0524, n=16) | class_signal=0.0571 (min=0.0321 max=0.0824, n=16) | pred_rms=0.6630
2026-04-25 03:51:54,908 - INFO - [render-loss] step=58800 masked 5/16 samples (t_value < 0.40)
2026-04-25 03:53:47,095 - INFO - Step   59000 | Epoch   7 | MSE: 0.4679 | Steps/sec: 1.78 | LR: 1.95e-04 | Render_L1: 0.0339 | Alpha_L1: 0.0562 | Render_LPIPS: 0.1921 | Repel: 0.0000 | cos(c,null): +0.4859 | GradNorm: 0.0459 | MSE/t: [0.00-0.25]0.654(n=456) [0.25-0.50]0.503(n=1155) [0.50-0.75]0.398(n=1129) [0.75-1.00]0.366(n=460)
2026-04-25 03:53:47,567 - INFO - [cond] cfg_signal=0.0460 (min=0.0273 max=0.0657, n=16) | class_signal=0.0633 (min=0.0328 max=0.0922, n=16) | pred_rms=0.5986
2026-04-25 03:53:55,637 - INFO - [validation] saved: output/jit_JiT-B_8_from_scratch_null_repel/dit_validation/epoch_007_step_0059000_class042.png (class=42, sampler=heun, steps=100)
2026-04-25 03:53:56,997 - INFO - [overrides] applied from jit/configs/overrides.yaml: lr_scale=1.0 max_grad_norm=5.0 null_repel_weight=0.05 P_mean=0.0
2026-04-25 03:53:57,044 - INFO - [render-loss] step=59000 masked 7/16 samples (t_value < 0.40)
2026-04-25 03:55:49,197 - INFO - Step   59200 | Epoch   7 | MSE: 0.4814 | Steps/sec: 1.64 | LR: 1.95e-04 | Render_L1: 0.0373 | Alpha_L1: 0.0629 | Render_LPIPS: 0.2021 | Repel: 0.0000 | cos(c,null): +0.4784 | GradNorm: 0.1259 | MSE/t: [0.00-0.25]0.630(n=491) [0.25-0.50]0.507(n=1169) [0.50-0.75]0.425(n=1141) [0.75-1.00]0.385(n=399)
2026-04-25 03:55:49,724 - INFO - [cond] cfg_signal=0.0500 (min=0.0352 max=0.0686, n=16) | class_signal=0.0646 (min=0.0330 max=0.0875, n=16) | pred_rms=0.5644
2026-04-25 03:55:49,785 - INFO - [render-loss] step=59200 masked 4/16 samples (t_value < 0.40)
2026-04-25 03:57:41,923 - INFO - Step   59400 | Epoch   7 | MSE: 0.4498 | Steps/sec: 1.78 | LR: 1.95e-04 | Render_L1: 0.0345 | Alpha_L1: 0.0565 | Render_LPIPS: 0.1920 | Repel: 0.0000 | cos(c,null): +0.4757 | GradNorm: 0.0298 | MSE/t: [0.00-0.25]0.557(n=436) [0.25-0.50]0.508(n=1141) [0.50-0.75]0.386(n=1178) [0.75-1.00]0.364(n=445)
2026-04-25 03:57:42,387 - INFO - [cond] cfg_signal=0.0437 (min=0.0305 max=0.0542, n=16) | class_signal=0.0597 (min=0.0332 max=0.0826, n=16) | pred_rms=0.6149
2026-04-25 03:57:42,442 - INFO - [render-loss] step=59400 masked 6/16 samples (t_value < 0.40)
2026-04-25 03:59:34,501 - INFO - Step   59600 | Epoch   7 | MSE: 0.4556 | Steps/sec: 1.78 | LR: 1.95e-04 | Render_L1: 0.0356 | Alpha_L1: 0.0592 | Render_LPIPS: 0.1971 | Repel: 0.0000 | cos(c,null): +0.4747 | GradNorm: 0.0278 | MSE/t: [0.00-0.25]0.587(n=460) [0.25-0.50]0.498(n=1141) [0.50-0.75]0.395(n=1172) [0.75-1.00]0.366(n=427)
2026-04-25 03:59:34,986 - INFO - [cond] cfg_signal=0.0413 (min=0.0295 max=0.0508, n=16) | class_signal=0.0567 (min=0.0339 max=0.0795, n=16) | pred_rms=0.6302
2026-04-25 03:59:35,042 - INFO - [render-loss] step=59600 masked 5/16 samples (t_value < 0.40)
2026-04-25 04:01:27,223 - INFO - Step   59800 | Epoch   7 | MSE: 0.4593 | Steps/sec: 1.78 | LR: 1.95e-04 | Render_L1: 0.0351 | Alpha_L1: 0.0564 | Render_LPIPS: 0.1955 | Repel: 0.0000 | cos(c,null): +0.4743 | GradNorm: 0.0264 | MSE/t: [0.00-0.25]0.599(n=434) [0.25-0.50]0.511(n=1180) [0.50-0.75]0.396(n=1147) [0.75-1.00]0.349(n=439)
2026-04-25 04:01:27,711 - INFO - [cond] cfg_signal=0.0404 (min=0.0272 max=0.0527, n=16) | class_signal=0.0546 (min=0.0293 max=0.0756, n=16) | pred_rms=0.6564
2026-04-25 04:01:27,769 - INFO - [render-loss] step=59800 masked 8/16 samples (t_value < 0.40)
2026-04-25 04:03:19,852 - INFO - Step   60000 | Epoch   7 | MSE: 0.4561 | Steps/sec: 1.78 | LR: 1.95e-04 | Render_L1: 0.0338 | Alpha_L1: 0.0556 | Render_LPIPS: 0.1909 | Repel: 0.0000 | cos(c,null): +0.4743 | GradNorm: 0.0279 | MSE/t: [0.00-0.25]0.577(n=443) [0.25-0.50]0.518(n=1158) [0.50-0.75]0.389(n=1185) [0.75-1.00]0.346(n=414)
2026-04-25 04:03:20,323 - INFO - [cond] cfg_signal=0.0395 (min=0.0239 max=0.0511, n=16) | class_signal=0.0517 (min=0.0266 max=0.0678, n=16) | pred_rms=0.6470
2026-04-25 04:03:22,921 - INFO - Saved checkpoint to output/jit_JiT-B_8_from_scratch_null_repel/0060000.pt
2026-04-25 04:03:23,349 - INFO - [cond] cfg_signal=0.0395 (min=0.0239 max=0.0511, n=16) | class_signal=0.0517 (min=0.0266 max=0.0678, n=16) | pred_rms=0.6470
2026-04-25 04:03:31,390 - INFO - [validation] saved: output/jit_JiT-B_8_from_scratch_null_repel/dit_validation/epoch_007_step_0060000_class003.png (class=3, sampler=heun, steps=100)
2026-04-25 04:03:32,604 - INFO - [overrides] applied from jit/configs/overrides.yaml: lr_scale=1.0 max_grad_norm=5.0 null_repel_weight=0.05 P_mean=0.0
2026-04-25 04:03:32,654 - INFO - [render-loss] step=60000 masked 11/16 samples (t_value < 0.40)
2026-04-25 04:05:24,858 - INFO - Step   60200 | Epoch   7 | MSE: 0.4531 | Steps/sec: 1.61 | LR: 1.95e-04 | Render_L1: 0.0333 | Alpha_L1: 0.0554 | Render_LPIPS: 0.1913 | Repel: 0.0000 | cos(c,null): +0.4750 | GradNorm: 0.0278 | MSE/t: [0.00-0.25]0.570(n=446) [0.25-0.50]0.502(n=1197) [0.50-0.75]0.390(n=1136) [0.75-1.00]0.362(n=421)
2026-04-25 04:05:25,322 - INFO - [cond] cfg_signal=0.0407 (min=0.0234 max=0.0554, n=16) | class_signal=0.0527 (min=0.0283 max=0.0681, n=16) | pred_rms=0.6452
2026-04-25 04:05:25,377 - INFO - [render-loss] step=60200 masked 5/16 samples (t_value < 0.40)
2026-04-25 04:07:17,218 - INFO - Step   60400 | Epoch   7 | MSE: 0.4604 | Steps/sec: 1.79 | LR: 1.95e-04 | Render_L1: 0.0349 | Alpha_L1: 0.0575 | Render_LPIPS: 0.1948 | Repel: 0.0000 | cos(c,null): +0.4753 | GradNorm: 0.0273 | MSE/t: [0.00-0.25]0.611(n=460) [0.25-0.50]0.504(n=1122) [0.50-0.75]0.412(n=1158) [0.75-1.00]0.325(n=460)
2026-04-25 04:07:17,750 - INFO - [cond] cfg_signal=0.0381 (min=0.0238 max=0.0540, n=16) | class_signal=0.0510 (min=0.0270 max=0.0658, n=16) | pred_rms=0.6405
2026-04-25 04:07:17,805 - INFO - [render-loss] step=60400 masked 6/16 samples (t_value < 0.40)
2026-04-25 04:09:10,083 - INFO - Step   60600 | Epoch   7 | MSE: 0.4543 | Steps/sec: 1.78 | LR: 1.95e-04 | Render_L1: 0.0351 | Alpha_L1: 0.0562 | Render_LPIPS: 0.1967 | Repel: 0.0000 | cos(c,null): +0.4752 | GradNorm: 0.0283 | MSE/t: [0.00-0.25]0.559(n=422) [0.25-0.50]0.501(n=1178) [0.50-0.75]0.402(n=1162) [0.75-1.00]0.365(n=438)
2026-04-25 04:09:10,548 - INFO - [cond] cfg_signal=0.0387 (min=0.0293 max=0.0530, n=16) | class_signal=0.0538 (min=0.0278 max=0.0716, n=16) | pred_rms=0.6145
2026-04-25 04:09:10,605 - INFO - [render-loss] step=60600 masked 3/16 samples (t_value < 0.40)
2026-04-25 04:11:02,854 - INFO - Step   60800 | Epoch   7 | MSE: 0.4489 | Steps/sec: 1.78 | LR: 1.95e-04 | Render_L1: 0.0336 | Alpha_L1: 0.0546 | Render_LPIPS: 0.1942 | Repel: 0.0000 | cos(c,null): +0.4756 | GradNorm: 0.0330 | MSE/t: [0.00-0.25]0.565(n=419) [0.25-0.50]0.492(n=1148) [0.50-0.75]0.395(n=1196) [0.75-1.00]0.371(n=437)
2026-04-25 04:11:03,340 - INFO - [cond] cfg_signal=0.0371 (min=0.0267 max=0.0512, n=16) | class_signal=0.0522 (min=0.0298 max=0.0658, n=16) | pred_rms=0.6341
2026-04-25 04:11:03,395 - INFO - [render-loss] step=60800 masked 6/16 samples (t_value < 0.40)
2026-04-25 04:12:55,498 - INFO - Step   61000 | Epoch   7 | MSE: 0.4713 | Steps/sec: 1.78 | LR: 1.95e-04 | Render_L1: 0.0357 | Alpha_L1: 0.0593 | Render_LPIPS: 0.2038 | Repel: 0.0000 | cos(c,null): +0.4751 | GradNorm: 0.0829 | MSE/t: [0.00-0.25]0.591(n=475) [0.25-0.50]0.530(n=1164) [0.50-0.75]0.402(n=1132) [0.75-1.00]0.361(n=429)
2026-04-25 04:12:55,950 - INFO - [cond] cfg_signal=0.0399 (min=0.0231 max=0.0569, n=16) | class_signal=0.0564 (min=0.0306 max=0.0734, n=16) | pred_rms=0.6036
2026-04-25 04:13:03,945 - INFO - [validation] saved: output/jit_JiT-B_8_from_scratch_null_repel/dit_validation/epoch_007_step_0061000_class010.png (class=10, sampler=heun, steps=100)
2026-04-25 04:13:05,161 - INFO - [overrides] applied from jit/configs/overrides.yaml: lr_scale=1.0 max_grad_norm=5.0 null_repel_weight=0.05 P_mean=0.0
2026-04-25 04:13:05,211 - INFO - [render-loss] step=61000 masked 6/16 samples (t_value < 0.40)
2026-04-25 04:14:57,687 - INFO - Step   61200 | Epoch   7 | MSE: 0.4618 | Steps/sec: 1.64 | LR: 1.94e-04 | Render_L1: 0.0346 | Alpha_L1: 0.0568 | Render_LPIPS: 0.1975 | Repel: 0.0000 | cos(c,null): +0.4738 | GradNorm: 0.0319 | MSE/t: [0.00-0.25]0.567(n=428) [0.25-0.50]0.514(n=1150) [0.50-0.75]0.413(n=1182) [0.75-1.00]0.356(n=440)
2026-04-25 04:14:58,159 - INFO - [cond] cfg_signal=0.0385 (min=0.0261 max=0.0559, n=16) | class_signal=0.0559 (min=0.0321 max=0.0788, n=16) | pred_rms=0.6131
2026-04-25 04:14:58,213 - INFO - [render-loss] step=61200 masked 7/16 samples (t_value < 0.40)
2026-04-25 04:16:50,142 - INFO - Step   61400 | Epoch   7 | MSE: 0.4751 | Steps/sec: 1.79 | LR: 1.94e-04 | Render_L1: 0.0344 | Alpha_L1: 0.0563 | Render_LPIPS: 0.1962 | Repel: 0.0000 | cos(c,null): +0.4723 | GradNorm: 0.0381 | MSE/t: [0.00-0.25]0.634(n=457) [0.25-0.50]0.525(n=1147) [0.50-0.75]0.411(n=1141) [0.75-1.00]0.349(n=455)
2026-04-25 04:16:50,612 - INFO - [cond] cfg_signal=0.0368 (min=0.0212 max=0.0494, n=16) | class_signal=0.0507 (min=0.0285 max=0.0715, n=16) | pred_rms=0.5810
2026-04-25 04:16:50,666 - INFO - [render-loss] step=61400 masked 6/16 samples (t_value < 0.40)
2026-04-25 04:18:42,726 - INFO - Step   61600 | Epoch   7 | MSE: 0.4643 | Steps/sec: 1.78 | LR: 1.94e-04 | Render_L1: 0.0349 | Alpha_L1: 0.0569 | Render_LPIPS: 0.1977 | Repel: 0.0000 | cos(c,null): +0.4801 | GradNorm: 0.0375 | MSE/t: [0.00-0.25]0.584(n=441) [0.25-0.50]0.514(n=1167) [0.50-0.75]0.410(n=1147) [0.75-1.00]0.355(n=445)
2026-04-25 04:18:43,191 - INFO - [cond] cfg_signal=0.0368 (min=0.0206 max=0.0480, n=16) | class_signal=0.0498 (min=0.0272 max=0.0639, n=16) | pred_rms=0.6016
2026-04-25 04:18:43,247 - INFO - [render-loss] step=61600 masked 6/16 samples (t_value < 0.40)
2026-04-25 04:20:35,090 - INFO - Step   61800 | Epoch   7 | MSE: 0.4501 | Steps/sec: 1.79 | LR: 1.94e-04 | Render_L1: 0.0339 | Alpha_L1: 0.0552 | Render_LPIPS: 0.1928 | Repel: 0.0000 | cos(c,null): +0.4820 | GradNorm: 0.0334 | MSE/t: [0.00-0.25]0.584(n=449) [0.25-0.50]0.497(n=1166) [0.50-0.75]0.395(n=1148) [0.75-1.00]0.332(n=437)
2026-04-25 04:20:35,557 - INFO - [cond] cfg_signal=0.0394 (min=0.0222 max=0.0527, n=16) | class_signal=0.0506 (min=0.0268 max=0.0639, n=16) | pred_rms=0.6041
2026-04-25 04:20:35,612 - INFO - [render-loss] step=61800 masked 7/16 samples (t_value < 0.40)
2026-04-25 04:22:28,188 - INFO - Step   62000 | Epoch   7 | MSE: 0.4566 | Steps/sec: 1.78 | LR: 1.94e-04 | Render_L1: 0.0354 | Alpha_L1: 0.0574 | Render_LPIPS: 0.1976 | Repel: 0.0000 | cos(c,null): +0.4868 | GradNorm: 0.0629 | MSE/t: [0.00-0.25]0.557(n=461) [0.25-0.50]0.499(n=1131) [0.50-0.75]0.421(n=1197) [0.75-1.00]0.331(n=411)
2026-04-25 04:22:28,744 - INFO - [cond] cfg_signal=0.0411 (min=0.0239 max=0.0542, n=16) | class_signal=0.0496 (min=0.0268 max=0.0598, n=16) | pred_rms=0.6062
2026-04-25 04:22:37,087 - INFO - [validation] saved: output/jit_JiT-B_8_from_scratch_null_repel/dit_validation/epoch_007_step_0062000_class035.png (class=35, sampler=heun, steps=100)
2026-04-25 04:22:38,369 - INFO - [overrides] applied from jit/configs/overrides.yaml: lr_scale=1.0 max_grad_norm=5.0 null_repel_weight=0.05 P_mean=0.0
2026-04-25 04:22:38,421 - INFO - [render-loss] step=62000 masked 8/16 samples (t_value < 0.40)
2026-04-25 04:24:30,905 - INFO - Step   62200 | Epoch   7 | MSE: 0.4573 | Steps/sec: 1.64 | LR: 1.94e-04 | Render_L1: 0.0333 | Alpha_L1: 0.0552 | Render_LPIPS: 0.1931 | Repel: 0.0000 | cos(c,null): +0.4891 | GradNorm: 0.0279 | MSE/t: [0.00-0.25]0.575(n=420) [0.25-0.50]0.519(n=1177) [0.50-0.75]0.392(n=1158) [0.75-1.00]0.351(n=445)
2026-04-25 04:24:31,384 - INFO - [cond] cfg_signal=0.0387 (min=0.0250 max=0.0499, n=16) | class_signal=0.0525 (min=0.0283 max=0.0657, n=16) | pred_rms=0.6262
2026-04-25 04:24:31,438 - INFO - [render-loss] step=62200 masked 3/16 samples (t_value < 0.40)
2026-04-25 04:26:23,422 - INFO - Step   62400 | Epoch   7 | MSE: 0.4575 | Steps/sec: 1.79 | LR: 1.94e-04 | Render_L1: 0.0349 | Alpha_L1: 0.0563 | Render_LPIPS: 0.1966 | Repel: 0.0000 | cos(c,null): +0.4849 | GradNorm: 0.0689 | MSE/t: [0.00-0.25]0.585(n=449) [0.25-0.50]0.500(n=1191) [0.50-0.75]0.392(n=1137) [0.75-1.00]0.380(n=423)
2026-04-25 04:26:23,886 - INFO - [cond] cfg_signal=0.0419 (min=0.0235 max=0.0518, n=16) | class_signal=0.0562 (min=0.0343 max=0.0727, n=16) | pred_rms=0.6100
2026-04-25 04:26:23,941 - INFO - [render-loss] step=62400 masked 4/16 samples (t_value < 0.40)
2026-04-25 04:28:16,085 - INFO - Step   62600 | Epoch   7 | MSE: 0.4508 | Steps/sec: 1.78 | LR: 1.94e-04 | Render_L1: 0.0338 | Alpha_L1: 0.0555 | Render_LPIPS: 0.1948 | Repel: 0.0000 | cos(c,null): +0.4839 | GradNorm: 0.0309 | MSE/t: [0.00-0.25]0.557(n=442) [0.25-0.50]0.493(n=1152) [0.50-0.75]0.405(n=1158) [0.75-1.00]0.356(n=448)
2026-04-25 04:28:16,560 - INFO - [cond] cfg_signal=0.0388 (min=0.0217 max=0.0496, n=16) | class_signal=0.0528 (min=0.0297 max=0.0665, n=16) | pred_rms=0.6175
2026-04-25 04:28:16,614 - INFO - [render-loss] step=62600 masked 5/16 samples (t_value < 0.40)
2026-04-25 04:30:08,795 - INFO - Step   62800 | Epoch   7 | MSE: 0.4524 | Steps/sec: 1.78 | LR: 1.94e-04 | Render_L1: 0.0329 | Alpha_L1: 0.0537 | Render_LPIPS: 0.1911 | Repel: 0.0000 | cos(c,null): +0.4839 | GradNorm: 0.0316 | MSE/t: [0.00-0.25]0.597(n=429) [0.25-0.50]0.496(n=1135) [0.50-0.75]0.390(n=1245) [0.75-1.00]0.367(n=391)
2026-04-25 04:30:09,268 - INFO - [cond] cfg_signal=0.0402 (min=0.0226 max=0.0497, n=16) | class_signal=0.0551 (min=0.0328 max=0.0726, n=16) | pred_rms=0.6282
2026-04-25 04:30:09,324 - INFO - [render-loss] step=62800 masked 5/16 samples (t_value < 0.40)
2026-04-25 04:32:01,786 - INFO - Step   63000 | Epoch   7 | MSE: 0.4535 | Steps/sec: 1.78 | LR: 1.94e-04 | Render_L1: 0.0340 | Alpha_L1: 0.0556 | Render_LPIPS: 0.1943 | Repel: 0.0000 | cos(c,null): +0.4854 | GradNorm: 0.0444 | MSE/t: [0.00-0.25]0.575(n=447) [0.25-0.50]0.496(n=1213) [0.50-0.75]0.398(n=1112) [0.75-1.00]0.350(n=428)
2026-04-25 04:32:02,248 - INFO - [cond] cfg_signal=0.0415 (min=0.0259 max=0.0501, n=16) | class_signal=0.0564 (min=0.0342 max=0.0745, n=16) | pred_rms=0.6350
2026-04-25 04:32:10,285 - INFO - [validation] saved: output/jit_JiT-B_8_from_scratch_null_repel/dit_validation/epoch_007_step_0063000_class103.png (class=103, sampler=heun, steps=100)
2026-04-25 04:32:11,520 - INFO - [overrides] applied from jit/configs/overrides.yaml: lr_scale=1.0 max_grad_norm=5.0 null_repel_weight=0.05 P_mean=0.0
2026-04-25 04:32:11,569 - INFO - [render-loss] step=63000 masked 5/16 samples (t_value < 0.40)
2026-04-25 04:34:03,874 - INFO - Step   63200 | Epoch   7 | MSE: 0.4626 | Steps/sec: 1.64 | LR: 1.94e-04 | Render_L1: 0.0348 | Alpha_L1: 0.0565 | Render_LPIPS: 0.1967 | Repel: 0.0000 | cos(c,null): +0.4869 | GradNorm: 0.0585 | MSE/t: [0.00-0.25]0.598(n=439) [0.25-0.50]0.506(n=1142) [0.50-0.75]0.416(n=1147) [0.75-1.00]0.346(n=472)
2026-04-25 04:34:04,339 - INFO - [cond] cfg_signal=0.0412 (min=0.0259 max=0.0501, n=16) | class_signal=0.0577 (min=0.0325 max=0.0758, n=16) | pred_rms=0.6264
2026-04-25 04:34:04,393 - INFO - [render-loss] step=63200 masked 3/16 samples (t_value < 0.40)
2026-04-25 04:35:56,624 - INFO - Step   63400 | Epoch   7 | MSE: 0.4672 | Steps/sec: 1.78 | LR: 1.94e-04 | Render_L1: 0.0336 | Alpha_L1: 0.0558 | Render_LPIPS: 0.1960 | Repel: 0.0000 | cos(c,null): +0.4849 | GradNorm: 0.0541 | MSE/t: [0.00-0.25]0.615(n=458) [0.25-0.50]0.507(n=1177) [0.50-0.75]0.405(n=1102) [0.75-1.00]0.366(n=463)
2026-04-25 04:35:57,091 - INFO - [cond] cfg_signal=0.0446 (min=0.0251 max=0.0595, n=16) | class_signal=0.0588 (min=0.0375 max=0.0746, n=16) | pred_rms=0.6147
2026-04-25 04:35:57,150 - INFO - [render-loss] step=63400 masked 6/16 samples (t_value < 0.40)
2026-04-25 04:37:50,594 - INFO - Step   63600 | Epoch   8 | MSE: 0.4641 | Steps/sec: 1.76 | LR: 1.94e-04 | Render_L1: 0.0343 | Alpha_L1: 0.0561 | Render_LPIPS: 0.1982 | Repel: 0.0000 | cos(c,null): +0.4834 | GradNorm: 0.0319 | MSE/t: [0.00-0.25]0.575(n=404) [0.25-0.50]0.512(n=1220) [0.50-0.75]0.413(n=1165) [0.75-1.00]0.357(n=411)
2026-04-25 04:37:51,074 - INFO - [cond] cfg_signal=0.0384 (min=0.0236 max=0.0464, n=16) | class_signal=0.0546 (min=0.0309 max=0.0713, n=16) | pred_rms=0.6097
2026-04-25 04:37:51,134 - INFO - [render-loss] step=63600 masked 8/16 samples (t_value < 0.40)
2026-04-25 04:39:43,256 - INFO - Step   63800 | Epoch   8 | MSE: 0.4642 | Steps/sec: 1.78 | LR: 1.94e-04 | Render_L1: 0.0337 | Alpha_L1: 0.0547 | Render_LPIPS: 0.1952 | Repel: 0.0000 | cos(c,null): +0.4835 | GradNorm: 0.0331 | MSE/t: [0.00-0.25]0.568(n=445) [0.25-0.50]0.513(n=1169) [0.50-0.75]0.409(n=1150) [0.75-1.00]0.372(n=436)
2026-04-25 04:39:43,724 - INFO - [cond] cfg_signal=0.0368 (min=0.0223 max=0.0459, n=16) | class_signal=0.0524 (min=0.0316 max=0.0695, n=16) | pred_rms=0.6206
2026-04-25 04:39:43,779 - INFO - [render-loss] step=63800 masked 6/16 samples (t_value < 0.40)
2026-04-25 04:41:35,738 - INFO - Step   64000 | Epoch   8 | MSE: 0.4630 | Steps/sec: 1.79 | LR: 1.94e-04 | Render_L1: 0.0345 | Alpha_L1: 0.0551 | Render_LPIPS: 0.1981 | Repel: 0.0000 | cos(c,null): +0.4854 | GradNorm: 0.0317 | MSE/t: [0.00-0.25]0.587(n=414) [0.25-0.50]0.515(n=1149) [0.50-0.75]0.413(n=1192) [0.75-1.00]0.345(n=445)
2026-04-25 04:41:36,218 - INFO - [cond] cfg_signal=0.0385 (min=0.0244 max=0.0491, n=16) | class_signal=0.0558 (min=0.0343 max=0.0756, n=16) | pred_rms=0.6088
2026-04-25 04:41:44,593 - INFO - [validation] saved: output/jit_JiT-B_8_from_scratch_null_repel/dit_validation/epoch_008_step_0064000_class030.png (class=30, sampler=heun, steps=100)
2026-04-25 04:41:45,990 - INFO - [overrides] applied from jit/configs/overrides.yaml: lr_scale=1.0 max_grad_norm=5.0 null_repel_weight=0.05 P_mean=0.0
2026-04-25 04:41:46,040 - INFO - [render-loss] step=64000 masked 6/16 samples (t_value < 0.40)
2026-04-25 04:43:38,491 - INFO - Step   64200 | Epoch   8 | MSE: 0.4545 | Steps/sec: 1.64 | LR: 1.94e-04 | Render_L1: 0.0328 | Alpha_L1: 0.0533 | Render_LPIPS: 0.1913 | Repel: 0.0000 | cos(c,null): +0.4846 | GradNorm: 0.0317 | MSE/t: [0.00-0.25]0.602(n=411) [0.25-0.50]0.490(n=1226) [0.50-0.75]0.402(n=1123) [0.75-1.00]0.352(n=440)
2026-04-25 04:43:38,946 - INFO - [cond] cfg_signal=0.0377 (min=0.0226 max=0.0491, n=16) | class_signal=0.0535 (min=0.0301 max=0.0749, n=16) | pred_rms=0.5978
2026-04-25 04:43:39,000 - INFO - [render-loss] step=64200 masked 7/16 samples (t_value < 0.40)
2026-04-25 04:45:30,937 - INFO - Step   64400 | Epoch   8 | MSE: 0.4564 | Steps/sec: 1.79 | LR: 1.94e-04 | Render_L1: 0.0342 | Alpha_L1: 0.0554 | Render_LPIPS: 0.1984 | Repel: 0.0000 | cos(c,null): +0.4865 | GradNorm: 0.1022 | MSE/t: [0.00-0.25]0.585(n=420) [0.25-0.50]0.499(n=1177) [0.50-0.75]0.408(n=1157) [0.75-1.00]0.350(n=446)
2026-04-25 04:45:31,394 - INFO - [cond] cfg_signal=0.0451 (min=0.0260 max=0.0645, n=16) | class_signal=0.0640 (min=0.0372 max=0.0949, n=16) | pred_rms=0.6204
2026-04-25 04:45:31,457 - INFO - [render-loss] step=64400 masked 6/16 samples (t_value < 0.40)
2026-04-25 04:47:23,238 - INFO - Step   64600 | Epoch   8 | MSE: 0.4630 | Steps/sec: 1.79 | LR: 1.94e-04 | Render_L1: 0.0338 | Alpha_L1: 0.0550 | Render_LPIPS: 0.1961 | Repel: 0.0000 | cos(c,null): +0.4858 | GradNorm: 0.0330 | MSE/t: [0.00-0.25]0.582(n=429) [0.25-0.50]0.513(n=1172) [0.50-0.75]0.407(n=1171) [0.75-1.00]0.359(n=428)
2026-04-25 04:47:23,736 - INFO - [cond] cfg_signal=0.0390 (min=0.0242 max=0.0567, n=16) | class_signal=0.0564 (min=0.0341 max=0.0839, n=16) | pred_rms=0.6249
2026-04-25 04:47:23,791 - INFO - [render-loss] step=64600 masked 6/16 samples (t_value < 0.40)
2026-04-25 04:49:15,632 - INFO - Step   64800 | Epoch   8 | MSE: 0.4596 | Steps/sec: 1.79 | LR: 1.94e-04 | Render_L1: 0.0336 | Alpha_L1: 0.0532 | Render_LPIPS: 0.1937 | Repel: 0.0000 | cos(c,null): +0.4844 | GradNorm: 0.0378 | MSE/t: [0.00-0.25]0.596(n=431) [0.25-0.50]0.504(n=1131) [0.50-0.75]0.411(n=1154) [0.75-1.00]0.352(n=484)
2026-04-25 04:49:16,100 - INFO - [cond] cfg_signal=0.0412 (min=0.0258 max=0.0559, n=16) | class_signal=0.0579 (min=0.0292 max=0.0882, n=16) | pred_rms=0.6325
2026-04-25 04:49:16,155 - INFO - [render-loss] step=64800 masked 6/16 samples (t_value < 0.40)
2026-04-25 04:51:08,126 - INFO - Step   65000 | Epoch   8 | MSE: 0.4688 | Steps/sec: 1.79 | LR: 1.94e-04 | Render_L1: 0.0344 | Alpha_L1: 0.0558 | Render_LPIPS: 0.1965 | Repel: 0.0000 | cos(c,null): +0.4866 | GradNorm: 0.0572 | MSE/t: [0.00-0.25]0.610(n=455) [0.25-0.50]0.514(n=1128) [0.50-0.75]0.411(n=1186) [0.75-1.00]0.360(n=431)
2026-04-25 04:51:08,703 - INFO - [cond] cfg_signal=0.0403 (min=0.0243 max=0.0515, n=16) | class_signal=0.0561 (min=0.0309 max=0.0802, n=16) | pred_rms=0.6139
2026-04-25 04:51:16,712 - INFO - [validation] saved: output/jit_JiT-B_8_from_scratch_null_repel/dit_validation/epoch_008_step_0065000_class000.png (class=0, sampler=heun, steps=100)
2026-04-25 04:51:17,962 - INFO - [overrides] applied from jit/configs/overrides.yaml: lr_scale=1.0 max_grad_norm=5.0 null_repel_weight=0.05 P_mean=0.0
2026-04-25 04:51:18,012 - INFO - [render-loss] step=65000 masked 7/16 samples (t_value < 0.40)
2026-04-25 04:53:10,048 - INFO - Step   65200 | Epoch   8 | MSE: 0.4680 | Steps/sec: 1.65 | LR: 1.94e-04 | Render_L1: 0.0345 | Alpha_L1: 0.0549 | Render_LPIPS: 0.1978 | Repel: 0.0000 | cos(c,null): +0.4860 | GradNorm: 0.0335 | MSE/t: [0.00-0.25]0.600(n=437) [0.25-0.50]0.506(n=1153) [0.50-0.75]0.421(n=1173) [0.75-1.00]0.362(n=437)
2026-04-25 04:53:10,529 - INFO - [cond] cfg_signal=0.0416 (min=0.0248 max=0.0563, n=16) | class_signal=0.0589 (min=0.0315 max=0.0870, n=16) | pred_rms=0.6162
2026-04-25 04:53:10,585 - INFO - [render-loss] step=65200 masked 5/16 samples (t_value < 0.40)
2026-04-25 04:55:02,711 - INFO - Step   65400 | Epoch   8 | MSE: 0.4655 | Steps/sec: 1.78 | LR: 1.94e-04 | Render_L1: 0.0346 | Alpha_L1: 0.0546 | Render_LPIPS: 0.1973 | Repel: 0.0000 | cos(c,null): +0.4856 | GradNorm: 0.0317 | MSE/t: [0.00-0.25]0.604(n=410) [0.25-0.50]0.511(n=1162) [0.50-0.75]0.414(n=1236) [0.75-1.00]0.348(n=392)
2026-04-25 04:55:03,190 - INFO - [cond] cfg_signal=0.0411 (min=0.0250 max=0.0618, n=16) | class_signal=0.0610 (min=0.0350 max=0.0945, n=16) | pred_rms=0.6290
2026-04-25 04:55:03,245 - INFO - [render-loss] step=65400 masked 5/16 samples (t_value < 0.40)
2026-04-25 04:56:55,377 - INFO - Step   65600 | Epoch   8 | MSE: 0.4509 | Steps/sec: 1.78 | LR: 1.94e-04 | Render_L1: 0.0343 | Alpha_L1: 0.0536 | Render_LPIPS: 0.1958 | Repel: 0.0000 | cos(c,null): +0.4863 | GradNorm: 0.0320 | MSE/t: [0.00-0.25]0.586(n=432) [0.25-0.50]0.496(n=1133) [0.50-0.75]0.399(n=1156) [0.75-1.00]0.347(n=479)
2026-04-25 04:56:55,874 - INFO - [cond] cfg_signal=0.0392 (min=0.0245 max=0.0523, n=16) | class_signal=0.0557 (min=0.0291 max=0.0786, n=16) | pred_rms=0.6096
2026-04-25 04:56:55,929 - INFO - [render-loss] step=65600 masked 9/16 samples (t_value < 0.40)
2026-04-25 04:58:48,122 - INFO - Step   65800 | Epoch   8 | MSE: 0.4627 | Steps/sec: 1.78 | LR: 1.94e-04 | Render_L1: 0.0337 | Alpha_L1: 0.0529 | Render_LPIPS: 0.1946 | Repel: 0.0000 | cos(c,null): +0.4860 | GradNorm: 0.0350 | MSE/t: [0.00-0.25]0.592(n=427) [0.25-0.50]0.500(n=1181) [0.50-0.75]0.420(n=1140) [0.75-1.00]0.352(n=452)
2026-04-25 04:58:48,621 - INFO - [cond] cfg_signal=0.0385 (min=0.0234 max=0.0495, n=16) | class_signal=0.0540 (min=0.0272 max=0.0767, n=16) | pred_rms=0.6224
2026-04-25 04:58:48,677 - INFO - [render-loss] step=65800 masked 5/16 samples (t_value < 0.40)
2026-04-25 05:00:40,599 - INFO - Step   66000 | Epoch   8 | MSE: 0.4709 | Steps/sec: 1.79 | LR: 1.94e-04 | Render_L1: 0.0342 | Alpha_L1: 0.0545 | Render_LPIPS: 0.1960 | Repel: 0.0000 | cos(c,null): +0.4715 | GradNorm: 0.0383 | MSE/t: [0.00-0.25]0.599(n=401) [0.25-0.50]0.522(n=1168) [0.50-0.75]0.418(n=1178) [0.75-1.00]0.362(n=453)
2026-04-25 05:00:41,055 - INFO - [cond] cfg_signal=0.0394 (min=0.0283 max=0.0545, n=16) | class_signal=0.0540 (min=0.0258 max=0.0797, n=16) | pred_rms=0.6000
2026-04-25 05:00:49,143 - INFO - [validation] saved: output/jit_JiT-B_8_from_scratch_null_repel/dit_validation/epoch_008_step_0066000_class029.png (class=29, sampler=heun, steps=100)
2026-04-25 05:00:50,415 - INFO - [overrides] applied from jit/configs/overrides.yaml: lr_scale=1.0 max_grad_norm=5.0 null_repel_weight=0.05 P_mean=0.0
2026-04-25 05:00:50,463 - INFO - [render-loss] step=66000 masked 4/16 samples (t_value < 0.40)
2026-04-25 05:02:42,331 - INFO - Step   66200 | Epoch   8 | MSE: 0.4571 | Steps/sec: 1.65 | LR: 1.94e-04 | Render_L1: 0.0331 | Alpha_L1: 0.0523 | Render_LPIPS: 0.1927 | Repel: 0.0000 | cos(c,null): +0.4715 | GradNorm: 0.0323 | MSE/t: [0.00-0.25]0.594(n=456) [0.25-0.50]0.497(n=1155) [0.50-0.75]0.399(n=1172) [0.75-1.00]0.359(n=417)
2026-04-25 05:02:42,792 - INFO - [cond] cfg_signal=0.0399 (min=0.0253 max=0.0524, n=16) | class_signal=0.0545 (min=0.0293 max=0.0788, n=16) | pred_rms=0.6201
2026-04-25 05:02:42,849 - INFO - [render-loss] step=66200 masked 4/16 samples (t_value < 0.40)
2026-04-25 05:04:35,160 - INFO - Step   66400 | Epoch   8 | MSE: 0.4518 | Steps/sec: 1.78 | LR: 1.93e-04 | Render_L1: 0.0326 | Alpha_L1: 0.0524 | Render_LPIPS: 0.1908 | Repel: 0.0000 | cos(c,null): +0.4755 | GradNorm: 0.0432 | MSE/t: [0.00-0.25]0.571(n=404) [0.25-0.50]0.507(n=1187) [0.50-0.75]0.392(n=1185) [0.75-1.00]0.349(n=424)
2026-04-25 05:04:35,615 - INFO - [cond] cfg_signal=0.0422 (min=0.0275 max=0.0538, n=16) | class_signal=0.0554 (min=0.0299 max=0.0779, n=16) | pred_rms=0.5866
2026-04-25 05:04:35,673 - INFO - [render-loss] step=66400 masked 2/16 samples (t_value < 0.40)
2026-04-25 05:06:27,907 - INFO - Step   66600 | Epoch   8 | MSE: 0.4679 | Steps/sec: 1.78 | LR: 1.93e-04 | Render_L1: 0.0333 | Alpha_L1: 0.0537 | Render_LPIPS: 0.1942 | Repel: 0.0000 | cos(c,null): +0.4790 | GradNorm: 0.0839 | MSE/t: [0.00-0.25]0.597(n=433) [0.25-0.50]0.514(n=1188) [0.50-0.75]0.411(n=1144) [0.75-1.00]0.364(n=435)
2026-04-25 05:06:28,381 - INFO - [cond] cfg_signal=0.0399 (min=0.0281 max=0.0502, n=16) | class_signal=0.0541 (min=0.0292 max=0.0743, n=16) | pred_rms=0.6028
2026-04-25 05:06:28,435 - INFO - [render-loss] step=66600 masked 7/16 samples (t_value < 0.40)
2026-04-25 05:08:20,166 - INFO - Step   66800 | Epoch   8 | MSE: 0.4570 | Steps/sec: 1.79 | LR: 1.93e-04 | Render_L1: 0.0328 | Alpha_L1: 0.0526 | Render_LPIPS: 0.1912 | Repel: 0.0000 | cos(c,null): +0.4833 | GradNorm: 0.0367 | MSE/t: [0.00-0.25]0.623(n=434) [0.25-0.50]0.501(n=1163) [0.50-0.75]0.396(n=1175) [0.75-1.00]0.336(n=428)
2026-04-25 05:08:20,640 - INFO - [cond] cfg_signal=0.0396 (min=0.0277 max=0.0605, n=16) | class_signal=0.0530 (min=0.0294 max=0.0691, n=16) | pred_rms=0.6284
2026-04-25 05:08:20,712 - INFO - [render-loss] step=66800 masked 3/16 samples (t_value < 0.40)
2026-04-25 05:10:12,904 - INFO - Step   67000 | Epoch   8 | MSE: 0.4544 | Steps/sec: 1.78 | LR: 1.93e-04 | Render_L1: 0.0344 | Alpha_L1: 0.0542 | Render_LPIPS: 0.1952 | Repel: 0.0000 | cos(c,null): +0.4859 | GradNorm: 0.0466 | MSE/t: [0.00-0.25]0.563(n=442) [0.25-0.50]0.498(n=1153) [0.50-0.75]0.408(n=1166) [0.75-1.00]0.354(n=439)
2026-04-25 05:10:13,384 - INFO - [cond] cfg_signal=0.0404 (min=0.0276 max=0.0569, n=16) | class_signal=0.0539 (min=0.0337 max=0.0702, n=16) | pred_rms=0.6258
2026-04-25 05:10:21,713 - INFO - [validation] saved: output/jit_JiT-B_8_from_scratch_null_repel/dit_validation/epoch_008_step_0067000_class040.png (class=40, sampler=heun, steps=100)
2026-04-25 05:10:22,997 - INFO - [overrides] applied from jit/configs/overrides.yaml: lr_scale=1.0 max_grad_norm=5.0 null_repel_weight=0.05 P_mean=0.0
2026-04-25 05:10:23,045 - INFO - [render-loss] step=67000 masked 3/16 samples (t_value < 0.40)
2026-04-25 05:12:15,407 - INFO - Step   67200 | Epoch   8 | MSE: 0.4548 | Steps/sec: 1.64 | LR: 1.93e-04 | Render_L1: 0.0330 | Alpha_L1: 0.0535 | Render_LPIPS: 0.1917 | Repel: 0.0000 | cos(c,null): +0.4901 | GradNorm: 0.0420 | MSE/t: [0.00-0.25]0.584(n=453) [0.25-0.50]0.493(n=1131) [0.50-0.75]0.408(n=1205) [0.75-1.00]0.346(n=411)
2026-04-25 05:12:15,871 - INFO - [cond] cfg_signal=0.0388 (min=0.0273 max=0.0531, n=16) | class_signal=0.0532 (min=0.0268 max=0.0679, n=16) | pred_rms=0.6237
2026-04-25 05:12:16,097 - INFO - [render-loss] step=67200 masked 5/16 samples (t_value < 0.40)
2026-04-25 05:14:08,328 - INFO - Step   67400 | Epoch   8 | MSE: 0.4641 | Steps/sec: 1.78 | LR: 1.93e-04 | Render_L1: 0.0337 | Alpha_L1: 0.0535 | Render_LPIPS: 0.1962 | Repel: 0.0000 | cos(c,null): +0.4912 | GradNorm: 0.0379 | MSE/t: [0.00-0.25]0.562(n=467) [0.25-0.50]0.515(n=1139) [0.50-0.75]0.417(n=1146) [0.75-1.00]0.351(n=448)
2026-04-25 05:14:08,814 - INFO - [cond] cfg_signal=0.0416 (min=0.0256 max=0.0559, n=16) | class_signal=0.0528 (min=0.0307 max=0.0683, n=16) | pred_rms=0.6290
2026-04-25 05:14:08,873 - INFO - [render-loss] step=67400 masked 5/16 samples (t_value < 0.40)
2026-04-25 05:16:00,801 - INFO - Step   67600 | Epoch   8 | MSE: 0.4649 | Steps/sec: 1.79 | LR: 1.93e-04 | Render_L1: 0.0343 | Alpha_L1: 0.0535 | Render_LPIPS: 0.1963 | Repel: 0.0000 | cos(c,null): +0.4924 | GradNorm: 0.0361 | MSE/t: [0.00-0.25]0.572(n=441) [0.25-0.50]0.512(n=1207) [0.50-0.75]0.409(n=1119) [0.75-1.00]0.367(n=433)
2026-04-25 05:16:01,266 - INFO - [cond] cfg_signal=0.0435 (min=0.0262 max=0.0662, n=16) | class_signal=0.0557 (min=0.0312 max=0.0762, n=16) | pred_rms=0.6325
2026-04-25 05:16:01,321 - INFO - [render-loss] step=67600 masked 8/16 samples (t_value < 0.40)
2026-04-25 05:17:53,861 - INFO - Step   67800 | Epoch   8 | MSE: 0.4514 | Steps/sec: 1.78 | LR: 1.93e-04 | Render_L1: 0.0330 | Alpha_L1: 0.0522 | Render_LPIPS: 0.1933 | Repel: 0.0000 | cos(c,null): +0.4923 | GradNorm: 0.0420 | MSE/t: [0.00-0.25]0.588(n=430) [0.25-0.50]0.498(n=1146) [0.50-0.75]0.402(n=1186) [0.75-1.00]0.331(n=438)
2026-04-25 05:17:54,370 - INFO - [cond] cfg_signal=0.0408 (min=0.0299 max=0.0577, n=16) | class_signal=0.0554 (min=0.0304 max=0.0709, n=16) | pred_rms=0.6390
2026-04-25 05:17:54,426 - INFO - [render-loss] step=67800 masked 4/16 samples (t_value < 0.40)
2026-04-25 05:19:46,442 - INFO - Step   68000 | Epoch   8 | MSE: 0.4599 | Steps/sec: 1.78 | LR: 1.93e-04 | Render_L1: 0.0331 | Alpha_L1: 0.0535 | Render_LPIPS: 0.1945 | Repel: 0.0000 | cos(c,null): +0.4916 | GradNorm: 0.0397 | MSE/t: [0.00-0.25]0.630(n=445) [0.25-0.50]0.489(n=1114) [0.50-0.75]0.401(n=1219) [0.75-1.00]0.374(n=422)
2026-04-25 05:19:46,905 - INFO - [cond] cfg_signal=0.0392 (min=0.0224 max=0.0548, n=16) | class_signal=0.0531 (min=0.0297 max=0.0691, n=16) | pred_rms=0.6392
2026-04-25 05:19:54,877 - INFO - [validation] saved: output/jit_JiT-B_8_from_scratch_null_repel/dit_validation/epoch_008_step_0068000_class083.png (class=83, sampler=heun, steps=100)
2026-04-25 05:19:56,287 - INFO - [overrides] applied from jit/configs/overrides.yaml: lr_scale=1.0 max_grad_norm=5.0 null_repel_weight=0.05 P_mean=0.0
2026-04-25 05:19:56,333 - INFO - [render-loss] step=68000 masked 4/16 samples (t_value < 0.40)
2026-04-25 05:21:47,904 - INFO - Step   68200 | Epoch   8 | MSE: 0.4497 | Steps/sec: 1.65 | LR: 1.93e-04 | Render_L1: 0.0333 | Alpha_L1: 0.0523 | Render_LPIPS: 0.1929 | Repel: 0.0000 | cos(c,null): +0.4917 | GradNorm: 0.0392 | MSE/t: [0.00-0.25]0.592(n=438) [0.25-0.50]0.488(n=1194) [0.50-0.75]0.400(n=1123) [0.75-1.00]0.334(n=445)
2026-04-25 05:21:48,377 - INFO - [cond] cfg_signal=0.0359 (min=0.0222 max=0.0482, n=16) | class_signal=0.0493 (min=0.0271 max=0.0649, n=16) | pred_rms=0.5813
2026-04-25 05:21:48,432 - INFO - [render-loss] step=68200 masked 3/16 samples (t_value < 0.40)
2026-04-25 05:23:40,604 - INFO - Step   68400 | Epoch   8 | MSE: 0.4647 | Steps/sec: 1.78 | LR: 1.93e-04 | Render_L1: 0.0328 | Alpha_L1: 0.0513 | Render_LPIPS: 0.1932 | Repel: 0.0000 | cos(c,null): +0.4929 | GradNorm: 0.0373 | MSE/t: [0.00-0.25]0.619(n=401) [0.25-0.50]0.506(n=1180) [0.50-0.75]0.411(n=1179) [0.75-1.00]0.357(n=440)
2026-04-25 05:23:41,077 - INFO - [cond] cfg_signal=0.0394 (min=0.0245 max=0.0559, n=16) | class_signal=0.0541 (min=0.0320 max=0.0736, n=16) | pred_rms=0.6541
2026-04-25 05:23:41,132 - INFO - [render-loss] step=68400 masked 5/16 samples (t_value < 0.40)
2026-04-25 05:25:33,287 - INFO - Step   68600 | Epoch   8 | MSE: 0.4749 | Steps/sec: 1.78 | LR: 1.93e-04 | Render_L1: 0.0344 | Alpha_L1: 0.0548 | Render_LPIPS: 0.1961 | Repel: 0.0000 | cos(c,null): +0.4939 | GradNorm: 0.0572 | MSE/t: [0.00-0.25]0.591(n=397) [0.25-0.50]0.526(n=1152) [0.50-0.75]0.432(n=1198) [0.75-1.00]0.357(n=453)
2026-04-25 05:25:33,788 - INFO - [cond] cfg_signal=0.0403 (min=0.0254 max=0.0543, n=16) | class_signal=0.0555 (min=0.0314 max=0.0804, n=16) | pred_rms=0.6339
2026-04-25 05:25:33,844 - INFO - [render-loss] step=68600 masked 7/16 samples (t_value < 0.40)
2026-04-25 05:27:26,032 - INFO - Step   68800 | Epoch   8 | MSE: 0.4573 | Steps/sec: 1.78 | LR: 1.93e-04 | Render_L1: 0.0322 | Alpha_L1: 0.0504 | Render_LPIPS: 0.1914 | Repel: 0.0000 | cos(c,null): +0.4937 | GradNorm: 0.0355 | MSE/t: [0.00-0.25]0.589(n=454) [0.25-0.50]0.511(n=1157) [0.50-0.75]0.390(n=1119) [0.75-1.00]0.359(n=470)
2026-04-25 05:27:26,495 - INFO - [cond] cfg_signal=0.0410 (min=0.0254 max=0.0561, n=16) | class_signal=0.0567 (min=0.0307 max=0.0791, n=16) | pred_rms=0.6298
2026-04-25 05:27:26,549 - INFO - [render-loss] step=68800 masked 5/16 samples (t_value < 0.40)
2026-04-25 05:29:18,454 - INFO - Step   69000 | Epoch   8 | MSE: 0.4591 | Steps/sec: 1.79 | LR: 1.93e-04 | Render_L1: 0.0325 | Alpha_L1: 0.0511 | Render_LPIPS: 0.1912 | Repel: 0.0000 | cos(c,null): +0.4921 | GradNorm: 0.0367 | MSE/t: [0.00-0.25]0.563(n=482) [0.25-0.50]0.510(n=1102) [0.50-0.75]0.405(n=1163) [0.75-1.00]0.364(n=453)
2026-04-25 05:29:18,920 - INFO - [cond] cfg_signal=0.0427 (min=0.0262 max=0.0615, n=16) | class_signal=0.0579 (min=0.0291 max=0.0809, n=16) | pred_rms=0.6179
2026-04-25 05:29:26,991 - INFO - [validation] saved: output/jit_JiT-B_8_from_scratch_null_repel/dit_validation/epoch_008_step_0069000_class080.png (class=80, sampler=heun, steps=100)
2026-04-25 05:29:28,279 - INFO - [overrides] applied from jit/configs/overrides.yaml: lr_scale=1.0 max_grad_norm=5.0 null_repel_weight=0.05 P_mean=0.0
2026-04-25 05:29:28,327 - INFO - [render-loss] step=69000 masked 2/16 samples (t_value < 0.40)
2026-04-25 05:31:20,457 - INFO - Step   69200 | Epoch   8 | MSE: 0.4588 | Steps/sec: 1.65 | LR: 1.93e-04 | Render_L1: 0.0327 | Alpha_L1: 0.0516 | Render_LPIPS: 0.1941 | Repel: 0.0000 | cos(c,null): +0.4918 | GradNorm: 0.0514 | MSE/t: [0.00-0.25]0.599(n=430) [0.25-0.50]0.494(n=1166) [0.50-0.75]0.409(n=1180) [0.75-1.00]0.357(n=424)
2026-04-25 05:31:20,932 - INFO - [cond] cfg_signal=0.0435 (min=0.0257 max=0.0596, n=16) | class_signal=0.0612 (min=0.0300 max=0.0865, n=16) | pred_rms=0.6251
2026-04-25 05:31:20,987 - INFO - [render-loss] step=69200 masked 7/16 samples (t_value < 0.40)
2026-04-25 05:33:12,939 - INFO - Step   69400 | Epoch   8 | MSE: 0.4555 | Steps/sec: 1.79 | LR: 1.93e-04 | Render_L1: 0.0328 | Alpha_L1: 0.0530 | Render_LPIPS: 0.1940 | Repel: 0.0000 | cos(c,null): +0.4866 | GradNorm: 0.5196 | MSE/t: [0.00-0.25]0.581(n=428) [0.25-0.50]0.491(n=1189) [0.50-0.75]0.415(n=1172) [0.75-1.00]0.337(n=411)
2026-04-25 05:33:13,445 - INFO - [cond] cfg_signal=0.0407 (min=0.0257 max=0.0569, n=16) | class_signal=0.0565 (min=0.0306 max=0.0819, n=16) | pred_rms=0.6017
2026-04-25 05:33:13,500 - INFO - [render-loss] step=69400 masked 5/16 samples (t_value < 0.40)
2026-04-25 05:35:05,421 - INFO - Step   69600 | Epoch   8 | MSE: 0.4655 | Steps/sec: 1.79 | LR: 1.93e-04 | Render_L1: 0.0322 | Alpha_L1: 0.0515 | Render_LPIPS: 0.1939 | Repel: 0.0000 | cos(c,null): +0.4871 | GradNorm: 0.0462 | MSE/t: [0.00-0.25]0.579(n=447) [0.25-0.50]0.501(n=1150) [0.50-0.75]0.426(n=1176) [0.75-1.00]0.361(n=427)
2026-04-25 05:35:05,887 - INFO - [cond] cfg_signal=0.0417 (min=0.0250 max=0.0564, n=16) | class_signal=0.0559 (min=0.0304 max=0.0816, n=16) | pred_rms=0.6227
2026-04-25 05:35:05,941 - INFO - [render-loss] step=69600 masked 6/16 samples (t_value < 0.40)
2026-04-25 05:36:57,792 - INFO - Step   69800 | Epoch   8 | MSE: 0.4564 | Steps/sec: 1.79 | LR: 1.93e-04 | Render_L1: 0.0320 | Alpha_L1: 0.0498 | Render_LPIPS: 0.1911 | Repel: 0.0000 | cos(c,null): +0.4892 | GradNorm: 0.0398 | MSE/t: [0.00-0.25]0.577(n=444) [0.25-0.50]0.501(n=1166) [0.50-0.75]0.402(n=1154) [0.75-1.00]0.359(n=436)
2026-04-25 05:36:58,257 - INFO - [cond] cfg_signal=0.0416 (min=0.0263 max=0.0594, n=16) | class_signal=0.0578 (min=0.0306 max=0.0859, n=16) | pred_rms=0.6237
2026-04-25 05:36:58,314 - INFO - [render-loss] step=69800 masked 4/16 samples (t_value < 0.40)
2026-04-25 05:38:50,425 - INFO - Step   70000 | Epoch   8 | MSE: 0.4580 | Steps/sec: 1.78 | LR: 1.93e-04 | Render_L1: 0.0324 | Alpha_L1: 0.0498 | Render_LPIPS: 0.1913 | Repel: 0.0000 | cos(c,null): +0.4890 | GradNorm: 0.0380 | MSE/t: [0.00-0.25]0.582(n=434) [0.25-0.50]0.508(n=1175) [0.50-0.75]0.405(n=1152) [0.75-1.00]0.341(n=439)
2026-04-25 05:38:50,894 - INFO - [cond] cfg_signal=0.0424 (min=0.0266 max=0.0573, n=16) | class_signal=0.0582 (min=0.0348 max=0.0865, n=16) | pred_rms=0.6302
2026-04-25 05:38:58,845 - INFO - [validation] saved: output/jit_JiT-B_8_from_scratch_null_repel/dit_validation/epoch_008_step_0070000_class037.png (class=37, sampler=heun, steps=100)
2026-04-25 05:39:00,142 - INFO - [overrides] applied from jit/configs/overrides.yaml: lr_scale=1.0 max_grad_norm=5.0 null_repel_weight=0.05 P_mean=0.0
2026-04-25 05:39:00,193 - INFO - [render-loss] step=70000 masked 4/16 samples (t_value < 0.40)
2026-04-25 05:40:52,117 - INFO - Step   70200 | Epoch   8 | MSE: 0.4631 | Steps/sec: 1.65 | LR: 1.93e-04 | Render_L1: 0.0321 | Alpha_L1: 0.0500 | Render_LPIPS: 0.1919 | Repel: 0.0000 | cos(c,null): +0.4899 | GradNorm: 0.0410 | MSE/t: [0.00-0.25]0.605(n=432) [0.25-0.50]0.515(n=1211) [0.50-0.75]0.389(n=1122) [0.75-1.00]0.369(n=435)
2026-04-25 05:40:52,584 - INFO - [cond] cfg_signal=0.0425 (min=0.0292 max=0.0607, n=16) | class_signal=0.0582 (min=0.0313 max=0.0826, n=16) | pred_rms=0.6574
2026-04-25 05:40:52,642 - INFO - [render-loss] step=70200 masked 2/16 samples (t_value < 0.40)
2026-04-25 05:42:44,552 - INFO - Step   70400 | Epoch   8 | MSE: 0.4681 | Steps/sec: 1.79 | LR: 1.93e-04 | Render_L1: 0.0324 | Alpha_L1: 0.0497 | Render_LPIPS: 0.1912 | Repel: 0.0000 | cos(c,null): +0.4900 | GradNorm: 0.0386 | MSE/t: [0.00-0.25]0.637(n=405) [0.25-0.50]0.515(n=1138) [0.50-0.75]0.409(n=1179) [0.75-1.00]0.361(n=478)
2026-04-25 05:42:45,063 - INFO - [cond] cfg_signal=0.0416 (min=0.0272 max=0.0530, n=16) | class_signal=0.0552 (min=0.0349 max=0.0753, n=16) | pred_rms=0.6312
2026-04-25 05:42:45,118 - INFO - [render-loss] step=70400 masked 7/16 samples (t_value < 0.40)
2026-04-25 05:44:37,305 - INFO - Step   70600 | Epoch   8 | MSE: 0.4541 | Steps/sec: 1.78 | LR: 1.93e-04 | Render_L1: 0.0322 | Alpha_L1: 0.0501 | Render_LPIPS: 0.1912 | Repel: 0.0000 | cos(c,null): +0.4897 | GradNorm: 0.0439 | MSE/t: [0.00-0.25]0.588(n=436) [0.25-0.50]0.493(n=1179) [0.50-0.75]0.402(n=1165) [0.75-1.00]0.351(n=420)
2026-04-25 05:44:37,776 - INFO - [cond] cfg_signal=0.0417 (min=0.0280 max=0.0519, n=16) | class_signal=0.0573 (min=0.0338 max=0.0770, n=16) | pred_rms=0.6343
2026-04-25 05:44:37,831 - INFO - [render-loss] step=70600 masked 5/16 samples (t_value < 0.40)
2026-04-25 05:46:30,233 - INFO - Step   70800 | Epoch   8 | MSE: 0.4557 | Steps/sec: 1.78 | LR: 1.93e-04 | Render_L1: 0.0330 | Alpha_L1: 0.0503 | Render_LPIPS: 0.1935 | Repel: 0.0000 | cos(c,null): +0.4902 | GradNorm: 0.0403 | MSE/t: [0.00-0.25]0.575(n=400) [0.25-0.50]0.500(n=1209) [0.50-0.75]0.407(n=1153) [0.75-1.00]0.353(n=438)
2026-04-25 05:46:30,701 - INFO - [cond] cfg_signal=0.0442 (min=0.0282 max=0.0547, n=16) | class_signal=0.0616 (min=0.0336 max=0.0843, n=16) | pred_rms=0.6262
2026-04-25 05:46:30,756 - INFO - [render-loss] step=70800 masked 7/16 samples (t_value < 0.40)
2026-04-25 05:48:22,788 - INFO - Step   71000 | Epoch   8 | MSE: 0.4528 | Steps/sec: 1.78 | LR: 1.93e-04 | Render_L1: 0.0318 | Alpha_L1: 0.0493 | Render_LPIPS: 0.1896 | Repel: 0.0000 | cos(c,null): +0.4902 | GradNorm: 0.0376 | MSE/t: [0.00-0.25]0.571(n=448) [0.25-0.50]0.503(n=1163) [0.50-0.75]0.397(n=1166) [0.75-1.00]0.344(n=423)
2026-04-25 05:48:23,255 - INFO - [cond] cfg_signal=0.0421 (min=0.0252 max=0.0564, n=16) | class_signal=0.0556 (min=0.0305 max=0.0746, n=16) | pred_rms=0.6203
2026-04-25 05:48:31,229 - INFO - [validation] saved: output/jit_JiT-B_8_from_scratch_null_repel/dit_validation/epoch_008_step_0071000_class053.png (class=53, sampler=heun, steps=100)
2026-04-25 05:48:32,483 - INFO - [overrides] applied from jit/configs/overrides.yaml: lr_scale=1.0 max_grad_norm=5.0 null_repel_weight=0.05 P_mean=0.0
2026-04-25 05:48:32,532 - INFO - [render-loss] step=71000 masked 4/16 samples (t_value < 0.40)
2026-04-25 05:50:24,517 - INFO - Step   71200 | Epoch   8 | MSE: 0.4708 | Steps/sec: 1.65 | LR: 1.93e-04 | Render_L1: 0.0335 | Alpha_L1: 0.0521 | Render_LPIPS: 0.1963 | Repel: 0.0000 | cos(c,null): +0.4918 | GradNorm: 0.0432 | MSE/t: [0.00-0.25]0.589(n=509) [0.25-0.50]0.511(n=1151) [0.50-0.75]0.416(n=1128) [0.75-1.00]0.363(n=412)
2026-04-25 05:50:25,005 - INFO - [cond] cfg_signal=0.0403 (min=0.0243 max=0.0562, n=16) | class_signal=0.0536 (min=0.0285 max=0.0701, n=16) | pred_rms=0.6120
2026-04-25 05:50:25,063 - INFO - [render-loss] step=71200 masked 6/16 samples (t_value < 0.40)
2026-04-25 05:52:17,714 - INFO - Step   71400 | Epoch   8 | MSE: 0.4594 | Steps/sec: 1.77 | LR: 1.92e-04 | Render_L1: 0.0330 | Alpha_L1: 0.0507 | Render_LPIPS: 0.1958 | Repel: 0.0000 | cos(c,null): +0.4926 | GradNorm: 0.0445 | MSE/t: [0.00-0.25]0.606(n=436) [0.25-0.50]0.491(n=1168) [0.50-0.75]0.413(n=1132) [0.75-1.00]0.356(n=464)
2026-04-25 05:52:18,182 - INFO - [cond] cfg_signal=0.0399 (min=0.0256 max=0.0496, n=16) | class_signal=0.0520 (min=0.0290 max=0.0678, n=16) | pred_rms=0.6311
2026-04-25 05:52:18,237 - INFO - [render-loss] step=71400 masked 9/16 samples (t_value < 0.40)
2026-04-25 05:54:11,659 - INFO - Step   71600 | Epoch   9 | MSE: 0.4719 | Steps/sec: 1.76 | LR: 1.92e-04 | Render_L1: 0.0323 | Alpha_L1: 0.0506 | Render_LPIPS: 0.1921 | Repel: 0.0000 | cos(c,null): +0.4926 | GradNorm: 0.0493 | MSE/t: [0.00-0.25]0.611(n=440) [0.25-0.50]0.512(n=1198) [0.50-0.75]0.419(n=1157) [0.75-1.00]0.354(n=405)
2026-04-25 05:54:12,146 - INFO - [cond] cfg_signal=0.0386 (min=0.0285 max=0.0507, n=16) | class_signal=0.0525 (min=0.0298 max=0.0700, n=16) | pred_rms=0.6264
2026-04-25 05:54:12,224 - INFO - [render-loss] step=71600 masked 1/16 samples (t_value < 0.40)
2026-04-25 05:56:04,318 - INFO - Step   71800 | Epoch   9 | MSE: 0.4614 | Steps/sec: 1.78 | LR: 1.92e-04 | Render_L1: 0.0319 | Alpha_L1: 0.0491 | Render_LPIPS: 0.1910 | Repel: 0.0000 | cos(c,null): +0.4924 | GradNorm: 0.0447 | MSE/t: [0.00-0.25]0.612(n=426) [0.25-0.50]0.505(n=1194) [0.50-0.75]0.401(n=1170) [0.75-1.00]0.353(n=410)
2026-04-25 05:56:04,790 - INFO - [cond] cfg_signal=0.0407 (min=0.0266 max=0.0566, n=16) | class_signal=0.0558 (min=0.0299 max=0.0709, n=16) | pred_rms=0.6355
2026-04-25 05:56:04,845 - INFO - [render-loss] step=71800 masked 5/16 samples (t_value < 0.40)
2026-04-25 05:57:57,407 - INFO - Step   72000 | Epoch   9 | MSE: 0.4622 | Steps/sec: 1.78 | LR: 1.92e-04 | Render_L1: 0.0324 | Alpha_L1: 0.0491 | Render_LPIPS: 0.1933 | Repel: 0.0000 | cos(c,null): +0.4934 | GradNorm: 0.0436 | MSE/t: [0.00-0.25]0.587(n=411) [0.25-0.50]0.518(n=1167) [0.50-0.75]0.401(n=1191) [0.75-1.00]0.361(n=431)
2026-04-25 05:57:57,905 - INFO - [cond] cfg_signal=0.0422 (min=0.0259 max=0.0590, n=16) | class_signal=0.0577 (min=0.0328 max=0.0790, n=16) | pred_rms=0.6278
2026-04-25 05:58:06,314 - INFO - [validation] saved: output/jit_JiT-B_8_from_scratch_null_repel/dit_validation/epoch_009_step_0072000_class114.png (class=114, sampler=heun, steps=100)
2026-04-25 05:58:07,737 - INFO - [overrides] applied from jit/configs/overrides.yaml: lr_scale=1.0 max_grad_norm=5.0 null_repel_weight=0.05 P_mean=0.0
2026-04-25 05:58:07,786 - INFO - [render-loss] step=72000 masked 6/16 samples (t_value < 0.40)
2026-04-25 06:00:00,073 - INFO - Step   72200 | Epoch   9 | MSE: 0.4536 | Steps/sec: 1.64 | LR: 1.92e-04 | Render_L1: 0.0319 | Alpha_L1: 0.0484 | Render_LPIPS: 0.1904 | Repel: 0.0000 | cos(c,null): +0.4937 | GradNorm: 0.0437 | MSE/t: [0.00-0.25]0.588(n=417) [0.25-0.50]0.514(n=1165) [0.50-0.75]0.385(n=1148) [0.75-1.00]0.352(n=470)
2026-04-25 06:00:00,545 - INFO - [cond] cfg_signal=0.0421 (min=0.0234 max=0.0566, n=16) | class_signal=0.0574 (min=0.0311 max=0.0836, n=16) | pred_rms=0.6176
2026-04-25 06:00:00,601 - INFO - [render-loss] step=72200 masked 4/16 samples (t_value < 0.40)
2026-04-25 06:01:52,618 - INFO - Step   72400 | Epoch   9 | MSE: 0.4593 | Steps/sec: 1.78 | LR: 1.92e-04 | Render_L1: 0.0320 | Alpha_L1: 0.0491 | Render_LPIPS: 0.1910 | Repel: 0.0000 | cos(c,null): +0.4943 | GradNorm: 0.0429 | MSE/t: [0.00-0.25]0.591(n=434) [0.25-0.50]0.507(n=1158) [0.50-0.75]0.403(n=1163) [0.75-1.00]0.356(n=445)
2026-04-25 06:01:53,127 - INFO - [cond] cfg_signal=0.0423 (min=0.0292 max=0.0546, n=16) | class_signal=0.0576 (min=0.0312 max=0.0817, n=16) | pred_rms=0.6496
2026-04-25 06:01:53,184 - INFO - [render-loss] step=72400 masked 5/16 samples (t_value < 0.40)
2026-04-25 06:03:45,325 - INFO - Step   72600 | Epoch   9 | MSE: 0.4640 | Steps/sec: 1.78 | LR: 1.92e-04 | Render_L1: 0.0329 | Alpha_L1: 0.0489 | Render_LPIPS: 0.1947 | Repel: 0.0000 | cos(c,null): +0.4939 | GradNorm: 0.0418 | MSE/t: [0.00-0.25]0.561(n=434) [0.25-0.50]0.512(n=1177) [0.50-0.75]0.408(n=1122) [0.75-1.00]0.386(n=467)
2026-04-25 06:03:45,814 - INFO - [cond] cfg_signal=0.0451 (min=0.0272 max=0.0621, n=16) | class_signal=0.0624 (min=0.0320 max=0.0936, n=16) | pred_rms=0.6323
2026-04-25 06:03:45,873 - INFO - [render-loss] step=72600 masked 3/16 samples (t_value < 0.40)
2026-04-25 06:05:38,111 - INFO - Step   72800 | Epoch   9 | MSE: 0.4512 | Steps/sec: 1.78 | LR: 1.92e-04 | Render_L1: 0.0323 | Alpha_L1: 0.0486 | Render_LPIPS: 0.1909 | Repel: 0.0000 | cos(c,null): +0.4944 | GradNorm: 0.1535 | MSE/t: [0.00-0.25]0.569(n=414) [0.25-0.50]0.492(n=1113) [0.50-0.75]0.408(n=1196) [0.75-1.00]0.362(n=477)
2026-04-25 06:05:38,579 - INFO - [cond] cfg_signal=0.0435 (min=0.0274 max=0.0531, n=16) | class_signal=0.0583 (min=0.0318 max=0.0750, n=16) | pred_rms=0.6499
2026-04-25 06:05:38,634 - INFO - [render-loss] step=72800 masked 7/16 samples (t_value < 0.40)
2026-04-25 06:07:31,233 - INFO - Step   73000 | Epoch   9 | MSE: 0.4569 | Steps/sec: 1.78 | LR: 1.92e-04 | Render_L1: 0.0317 | Alpha_L1: 0.0487 | Render_LPIPS: 0.1904 | Repel: 0.0000 | cos(c,null): +0.4905 | GradNorm: 0.0454 | MSE/t: [0.00-0.25]0.560(n=404) [0.25-0.50]0.512(n=1222) [0.50-0.75]0.401(n=1157) [0.75-1.00]0.353(n=417)
2026-04-25 06:07:31,704 - INFO - [cond] cfg_signal=0.0432 (min=0.0278 max=0.0510, n=16) | class_signal=0.0581 (min=0.0312 max=0.0720, n=16) | pred_rms=0.6228
2026-04-25 06:07:39,768 - INFO - [validation] saved: output/jit_JiT-B_8_from_scratch_null_repel/dit_validation/epoch_009_step_0073000_class029.png (class=29, sampler=heun, steps=100)
2026-04-25 06:07:40,995 - INFO - [overrides] applied from jit/configs/overrides.yaml: lr_scale=1.0 max_grad_norm=5.0 null_repel_weight=0.05 P_mean=0.0
2026-04-25 06:07:41,045 - INFO - [render-loss] step=73000 masked 4/16 samples (t_value < 0.40)
2026-04-25 06:09:32,783 - INFO - Step   73200 | Epoch   9 | MSE: 0.4580 | Steps/sec: 1.65 | LR: 1.92e-04 | Render_L1: 0.0310 | Alpha_L1: 0.0478 | Render_LPIPS: 0.1879 | Repel: 0.0000 | cos(c,null): +0.4873 | GradNorm: 0.0432 | MSE/t: [0.00-0.25]0.603(n=409) [0.25-0.50]0.516(n=1193) [0.50-0.75]0.395(n=1129) [0.75-1.00]0.337(n=469)
2026-04-25 06:09:33,248 - INFO - [cond] cfg_signal=0.0435 (min=0.0277 max=0.0554, n=16) | class_signal=0.0582 (min=0.0313 max=0.0841, n=16) | pred_rms=0.6356
2026-04-25 06:09:33,302 - INFO - [render-loss] step=73200 masked 2/16 samples (t_value < 0.40)
2026-04-25 06:11:25,375 - INFO - Step   73400 | Epoch   9 | MSE: 0.4599 | Steps/sec: 1.78 | LR: 1.92e-04 | Render_L1: 0.0322 | Alpha_L1: 0.0488 | Render_LPIPS: 0.1915 | Repel: 0.0000 | cos(c,null): +0.4878 | GradNorm: 0.0444 | MSE/t: [0.00-0.25]0.608(n=430) [0.25-0.50]0.496(n=1142) [0.50-0.75]0.407(n=1174) [0.75-1.00]0.364(n=454)
2026-04-25 06:11:25,883 - INFO - [cond] cfg_signal=0.0425 (min=0.0284 max=0.0555, n=16) | class_signal=0.0570 (min=0.0292 max=0.0790, n=16) | pred_rms=0.6395
2026-04-25 06:11:25,938 - INFO - [render-loss] step=73400 masked 4/16 samples (t_value < 0.40)
2026-04-25 06:13:18,459 - INFO - Step   73600 | Epoch   9 | MSE: 0.4597 | Steps/sec: 1.78 | LR: 1.92e-04 | Render_L1: 0.0322 | Alpha_L1: 0.0491 | Render_LPIPS: 0.1931 | Repel: 0.0000 | cos(c,null): +0.4880 | GradNorm: 0.0445 | MSE/t: [0.00-0.25]0.565(n=440) [0.25-0.50]0.510(n=1164) [0.50-0.75]0.407(n=1153) [0.75-1.00]0.362(n=443)
2026-04-25 06:13:18,926 - INFO - [cond] cfg_signal=0.0416 (min=0.0297 max=0.0557, n=16) | class_signal=0.0546 (min=0.0308 max=0.0820, n=16) | pred_rms=0.6095
2026-04-25 06:13:18,981 - INFO - [render-loss] step=73600 masked 7/16 samples (t_value < 0.40)
2026-04-25 06:15:11,132 - INFO - Step   73800 | Epoch   9 | MSE: 0.4609 | Steps/sec: 1.78 | LR: 1.92e-04 | Render_L1: 0.0315 | Alpha_L1: 0.0484 | Render_LPIPS: 0.1911 | Repel: 0.0000 | cos(c,null): +0.4882 | GradNorm: 0.0615 | MSE/t: [0.00-0.25]0.563(n=467) [0.25-0.50]0.493(n=1140) [0.50-0.75]0.420(n=1145) [0.75-1.00]0.377(n=448)
2026-04-25 06:15:11,632 - INFO - [cond] cfg_signal=0.0414 (min=0.0310 max=0.0557, n=16) | class_signal=0.0549 (min=0.0353 max=0.0777, n=16) | pred_rms=0.6135
2026-04-25 06:15:11,688 - INFO - [render-loss] step=73800 masked 6/16 samples (t_value < 0.40)
2026-04-25 06:17:04,029 - INFO - Step   74000 | Epoch   9 | MSE: 0.4588 | Steps/sec: 1.78 | LR: 1.92e-04 | Render_L1: 0.0310 | Alpha_L1: 0.0468 | Render_LPIPS: 0.1884 | Repel: 0.0000 | cos(c,null): +0.4905 | GradNorm: 0.0447 | MSE/t: [0.00-0.25]0.593(n=423) [0.25-0.50]0.503(n=1196) [0.50-0.75]0.399(n=1168) [0.75-1.00]0.361(n=413)
2026-04-25 06:17:04,498 - INFO - [cond] cfg_signal=0.0426 (min=0.0269 max=0.0587, n=16) | class_signal=0.0579 (min=0.0343 max=0.0849, n=16) | pred_rms=0.6191
2026-04-25 06:17:12,531 - INFO - [validation] saved: output/jit_JiT-B_8_from_scratch_null_repel/dit_validation/epoch_009_step_0074000_class036.png (class=36, sampler=heun, steps=100)
2026-04-25 06:17:13,755 - INFO - [overrides] applied from jit/configs/overrides.yaml: lr_scale=1.0 max_grad_norm=5.0 null_repel_weight=0.05 P_mean=0.0
2026-04-25 06:17:13,803 - INFO - [render-loss] step=74000 masked 8/16 samples (t_value < 0.40)
2026-04-25 06:19:06,090 - INFO - Step   74200 | Epoch   9 | MSE: 0.4520 | Steps/sec: 1.64 | LR: 1.92e-04 | Render_L1: 0.0312 | Alpha_L1: 0.0483 | Render_LPIPS: 0.1911 | Repel: 0.0000 | cos(c,null): +0.4899 | GradNorm: 0.0450 | MSE/t: [0.00-0.25]0.554(n=436) [0.25-0.50]0.502(n=1107) [0.50-0.75]0.404(n=1198) [0.75-1.00]0.360(n=459)
2026-04-25 06:19:06,551 - INFO - [cond] cfg_signal=0.0440 (min=0.0260 max=0.0576, n=16) | class_signal=0.0596 (min=0.0333 max=0.0882, n=16) | pred_rms=0.6111
2026-04-25 06:19:06,606 - INFO - [render-loss] step=74200 masked 5/16 samples (t_value < 0.40)
2026-04-25 06:20:58,817 - INFO - Step   74400 | Epoch   9 | MSE: 0.4591 | Steps/sec: 1.78 | LR: 1.92e-04 | Render_L1: 0.0311 | Alpha_L1: 0.0473 | Render_LPIPS: 0.1889 | Repel: 0.0000 | cos(c,null): +0.4916 | GradNorm: 0.0521 | MSE/t: [0.00-0.25]0.600(n=455) [0.25-0.50]0.504(n=1136) [0.50-0.75]0.400(n=1203) [0.75-1.00]0.349(n=406)
2026-04-25 06:20:59,282 - INFO - [cond] cfg_signal=0.0423 (min=0.0266 max=0.0600, n=16) | class_signal=0.0555 (min=0.0310 max=0.0737, n=16) | pred_rms=0.6332
2026-04-25 06:20:59,338 - INFO - [render-loss] step=74400 masked 4/16 samples (t_value < 0.40)
2026-04-25 06:22:51,631 - INFO - Step   74600 | Epoch   9 | MSE: 0.4635 | Steps/sec: 1.78 | LR: 1.92e-04 | Render_L1: 0.0316 | Alpha_L1: 0.0492 | Render_LPIPS: 0.1933 | Repel: 0.0000 | cos(c,null): +0.4925 | GradNorm: 0.0463 | MSE/t: [0.00-0.25]0.594(n=424) [0.25-0.50]0.492(n=1165) [0.50-0.75]0.420(n=1160) [0.75-1.00]0.379(n=451)
2026-04-25 06:22:52,131 - INFO - [cond] cfg_signal=0.0425 (min=0.0252 max=0.0561, n=16) | class_signal=0.0563 (min=0.0293 max=0.0762, n=16) | pred_rms=0.6376
2026-04-25 06:22:52,187 - INFO - [render-loss] step=74600 masked 6/16 samples (t_value < 0.40)
2026-04-25 06:24:44,395 - INFO - Step   74800 | Epoch   9 | MSE: 0.4582 | Steps/sec: 1.78 | LR: 1.92e-04 | Render_L1: 0.0312 | Alpha_L1: 0.0463 | Render_LPIPS: 0.1890 | Repel: 0.0000 | cos(c,null): +0.4925 | GradNorm: 0.0474 | MSE/t: [0.00-0.25]0.555(n=442) [0.25-0.50]0.520(n=1194) [0.50-0.75]0.405(n=1093) [0.75-1.00]0.334(n=471)
2026-04-25 06:24:44,867 - INFO - [cond] cfg_signal=0.0428 (min=0.0253 max=0.0541, n=16) | class_signal=0.0555 (min=0.0291 max=0.0765, n=16) | pred_rms=0.6336
2026-04-25 06:24:44,922 - INFO - [render-loss] step=74800 masked 2/16 samples (t_value < 0.40)
2026-04-25 06:26:36,998 - INFO - Step   75000 | Epoch   9 | MSE: 0.4630 | Steps/sec: 1.78 | LR: 1.92e-04 | Render_L1: 0.0313 | Alpha_L1: 0.0470 | Render_LPIPS: 0.1901 | Repel: 0.0000 | cos(c,null): +0.4934 | GradNorm: 0.0539 | MSE/t: [0.00-0.25]0.602(n=429) [0.25-0.50]0.510(n=1151) [0.50-0.75]0.409(n=1182) [0.75-1.00]0.348(n=438)
2026-04-25 06:26:37,460 - INFO - [cond] cfg_signal=0.0428 (min=0.0260 max=0.0541, n=16) | class_signal=0.0570 (min=0.0321 max=0.0785, n=16) | pred_rms=0.6297
2026-04-25 06:26:45,562 - INFO - [validation] saved: output/jit_JiT-B_8_from_scratch_null_repel/dit_validation/epoch_009_step_0075000_class020.png (class=20, sampler=heun, steps=100)
2026-04-25 06:26:46,802 - INFO - [overrides] applied from jit/configs/overrides.yaml: lr_scale=1.0 max_grad_norm=5.0 null_repel_weight=0.05 P_mean=0.0
2026-04-25 06:26:46,849 - INFO - [render-loss] step=75000 masked 4/16 samples (t_value < 0.40)
2026-04-25 06:28:39,067 - INFO - Step   75200 | Epoch   9 | MSE: 0.4634 | Steps/sec: 1.64 | LR: 1.92e-04 | Render_L1: 0.0323 | Alpha_L1: 0.0491 | Render_LPIPS: 0.1936 | Repel: 0.0000 | cos(c,null): +0.4945 | GradNorm: 0.0458 | MSE/t: [0.00-0.25]0.558(n=432) [0.25-0.50]0.510(n=1182) [0.50-0.75]0.415(n=1161) [0.75-1.00]0.369(n=425)
2026-04-25 06:28:39,527 - INFO - [cond] cfg_signal=0.0440 (min=0.0223 max=0.0551, n=16) | class_signal=0.0579 (min=0.0338 max=0.0801, n=16) | pred_rms=0.6059
2026-04-25 06:28:39,584 - INFO - [render-loss] step=75200 masked 3/16 samples (t_value < 0.40)
2026-04-25 06:30:31,415 - INFO - Step   75400 | Epoch   9 | MSE: 0.4560 | Steps/sec: 1.79 | LR: 1.92e-04 | Render_L1: 0.0314 | Alpha_L1: 0.0478 | Render_LPIPS: 0.1893 | Repel: 0.0000 | cos(c,null): +0.4955 | GradNorm: 0.0546 | MSE/t: [0.00-0.25]0.581(n=414) [0.25-0.50]0.499(n=1173) [0.50-0.75]0.405(n=1157) [0.75-1.00]0.363(n=456)
2026-04-25 06:30:31,877 - INFO - [cond] cfg_signal=0.0413 (min=0.0252 max=0.0543, n=16) | class_signal=0.0534 (min=0.0283 max=0.0671, n=16) | pred_rms=0.6444
2026-04-25 06:30:31,932 - INFO - [render-loss] step=75400 masked 6/16 samples (t_value < 0.40)
2026-04-25 06:32:24,079 - INFO - Step   75600 | Epoch   9 | MSE: 0.4625 | Steps/sec: 1.78 | LR: 1.92e-04 | Render_L1: 0.0314 | Alpha_L1: 0.0472 | Render_LPIPS: 0.1891 | Repel: 0.0000 | cos(c,null): +0.4958 | GradNorm: 0.0495 | MSE/t: [0.00-0.25]0.615(n=416) [0.25-0.50]0.499(n=1142) [0.50-0.75]0.413(n=1195) [0.75-1.00]0.359(n=447)
2026-04-25 06:32:24,583 - INFO - [cond] cfg_signal=0.0437 (min=0.0287 max=0.0644, n=16) | class_signal=0.0619 (min=0.0321 max=0.0874, n=16) | pred_rms=0.6226
2026-04-25 06:32:24,639 - INFO - [render-loss] step=75600 masked 3/16 samples (t_value < 0.40)
2026-04-25 06:34:17,014 - INFO - Step   75800 | Epoch   9 | MSE: 0.4589 | Steps/sec: 1.78 | LR: 1.92e-04 | Render_L1: 0.0307 | Alpha_L1: 0.0453 | Render_LPIPS: 0.1873 | Repel: 0.0000 | cos(c,null): +0.4952 | GradNorm: 0.0498 | MSE/t: [0.00-0.25]0.652(n=425) [0.25-0.50]0.486(n=1146) [0.50-0.75]0.404(n=1193) [0.75-1.00]0.350(n=436)
2026-04-25 06:34:17,492 - INFO - [cond] cfg_signal=0.0370 (min=0.0240 max=0.0474, n=16) | class_signal=0.0518 (min=0.0276 max=0.0695, n=16) | pred_rms=0.5501
2026-04-25 06:34:17,548 - INFO - [render-loss] step=75800 masked 6/16 samples (t_value < 0.40)
2026-04-25 06:36:09,383 - INFO - Step   76000 | Epoch   9 | MSE: 0.4557 | Steps/sec: 1.79 | LR: 1.91e-04 | Render_L1: 0.0312 | Alpha_L1: 0.0468 | Render_LPIPS: 0.1893 | Repel: 0.0000 | cos(c,null): +0.4970 | GradNorm: 0.0516 | MSE/t: [0.00-0.25]0.578(n=411) [0.25-0.50]0.502(n=1135) [0.50-0.75]0.405(n=1204) [0.75-1.00]0.363(n=450)
2026-04-25 06:36:09,839 - INFO - [cond] cfg_signal=0.0430 (min=0.0252 max=0.0562, n=16) | class_signal=0.0576 (min=0.0381 max=0.0722, n=16) | pred_rms=0.6373
2026-04-25 06:36:17,837 - INFO - [validation] saved: output/jit_JiT-B_8_from_scratch_null_repel/dit_validation/epoch_009_step_0076000_class010.png (class=10, sampler=heun, steps=100)
2026-04-25 06:36:19,249 - INFO - [overrides] applied from jit/configs/overrides.yaml: lr_scale=1.0 max_grad_norm=5.0 null_repel_weight=0.05 P_mean=0.0
2026-04-25 06:36:19,298 - INFO - [render-loss] step=76000 masked 8/16 samples (t_value < 0.40)
2026-04-25 06:38:11,610 - INFO - Step   76200 | Epoch   9 | MSE: 0.4562 | Steps/sec: 1.64 | LR: 1.91e-04 | Render_L1: 0.0313 | Alpha_L1: 0.0465 | Render_LPIPS: 0.1882 | Repel: 0.0000 | cos(c,null): +0.4939 | GradNorm: 0.0472 | MSE/t: [0.00-0.25]0.551(n=440) [0.25-0.50]0.505(n=1145) [0.50-0.75]0.405(n=1200) [0.75-1.00]0.367(n=415)
2026-04-25 06:38:12,080 - INFO - [cond] cfg_signal=0.0423 (min=0.0313 max=0.0523, n=16) | class_signal=0.0553 (min=0.0358 max=0.0671, n=16) | pred_rms=0.5990
2026-04-25 06:38:12,137 - INFO - [render-loss] step=76200 masked 3/16 samples (t_value < 0.40)
2026-04-25 06:40:04,320 - INFO - Step   76400 | Epoch   9 | MSE: 0.4562 | Steps/sec: 1.78 | LR: 1.91e-04 | Render_L1: 0.0313 | Alpha_L1: 0.0479 | Render_LPIPS: 0.1903 | Repel: 0.0000 | cos(c,null): +0.4917 | GradNorm: 147.3149 | MSE/t: [0.00-0.25]0.578(n=442) [0.25-0.50]0.510(n=1142) [0.50-0.75]0.399(n=1196) [0.75-1.00]0.345(n=420)
2026-04-25 06:40:04,803 - INFO - [cond] cfg_signal=0.0456 (min=0.0331 max=0.0570, n=16) | class_signal=0.0648 (min=0.0406 max=0.0820, n=16) | pred_rms=0.6245
2026-04-25 06:40:04,863 - INFO - [render-loss] step=76400 masked 2/16 samples (t_value < 0.40)
2026-04-25 06:41:56,805 - INFO - Step   76600 | Epoch   9 | MSE: 0.4634 | Steps/sec: 1.79 | LR: 1.91e-04 | Render_L1: 0.0302 | Alpha_L1: 0.0450 | Render_LPIPS: 0.1877 | Repel: 0.0000 | cos(c,null): +0.4900 | GradNorm: 0.0487 | MSE/t: [0.00-0.25]0.610(n=460) [0.25-0.50]0.505(n=1136) [0.50-0.75]0.407(n=1175) [0.75-1.00]0.351(n=429)
2026-04-25 06:41:57,280 - INFO - [cond] cfg_signal=0.0421 (min=0.0299 max=0.0549, n=16) | class_signal=0.0587 (min=0.0347 max=0.0762, n=16) | pred_rms=0.6132
2026-04-25 06:41:57,340 - INFO - [render-loss] step=76600 masked 5/16 samples (t_value < 0.40)
2026-04-25 06:43:49,050 - INFO - Step   76800 | Epoch   9 | MSE: 0.4629 | Steps/sec: 1.79 | LR: 1.91e-04 | Render_L1: 0.0312 | Alpha_L1: 0.0467 | Render_LPIPS: 0.1890 | Repel: 0.0000 | cos(c,null): +0.4918 | GradNorm: 0.0516 | MSE/t: [0.00-0.25]0.599(n=441) [0.25-0.50]0.499(n=1150) [0.50-0.75]0.406(n=1177) [0.75-1.00]0.381(n=432)
2026-04-25 06:43:49,516 - INFO - [cond] cfg_signal=0.0431 (min=0.0321 max=0.0514, n=16) | class_signal=0.0588 (min=0.0335 max=0.0752, n=16) | pred_rms=0.6510
2026-04-25 06:43:49,572 - INFO - [render-loss] step=76800 masked 7/16 samples (t_value < 0.40)
2026-04-25 06:45:41,782 - INFO - Step   77000 | Epoch   9 | MSE: 0.4591 | Steps/sec: 1.78 | LR: 1.91e-04 | Render_L1: 0.0308 | Alpha_L1: 0.0458 | Render_LPIPS: 0.1890 | Repel: 0.0000 | cos(c,null): +0.4924 | GradNorm: 0.0937 | MSE/t: [0.00-0.25]0.559(n=427) [0.25-0.50]0.515(n=1173) [0.50-0.75]0.415(n=1140) [0.75-1.00]0.333(n=460)
2026-04-25 06:45:42,272 - INFO - [cond] cfg_signal=0.0416 (min=0.0248 max=0.0547, n=16) | class_signal=0.0555 (min=0.0388 max=0.0753, n=16) | pred_rms=0.6139
2026-04-25 06:45:50,629 - INFO - [validation] saved: output/jit_JiT-B_8_from_scratch_null_repel/dit_validation/epoch_009_step_0077000_class115.png (class=115, sampler=heun, steps=100)
2026-04-25 06:45:51,882 - INFO - [overrides] applied from jit/configs/overrides.yaml: lr_scale=1.0 max_grad_norm=5.0 null_repel_weight=0.05 P_mean=0.0
2026-04-25 06:45:51,930 - INFO - [render-loss] step=77000 masked 4/16 samples (t_value < 0.40)
2026-04-25 06:47:43,987 - INFO - Step   77200 | Epoch   9 | MSE: 0.4622 | Steps/sec: 1.64 | LR: 1.91e-04 | Render_L1: 0.0310 | Alpha_L1: 0.0467 | Render_LPIPS: 0.1898 | Repel: 0.0000 | cos(c,null): +0.4929 | GradNorm: 0.0495 | MSE/t: [0.00-0.25]0.584(n=444) [0.25-0.50]0.502(n=1133) [0.50-0.75]0.414(n=1169) [0.75-1.00]0.368(n=454)
2026-04-25 06:47:44,449 - INFO - [cond] cfg_signal=0.0420 (min=0.0261 max=0.0525, n=16) | class_signal=0.0562 (min=0.0390 max=0.0744, n=16) | pred_rms=0.6551
2026-04-25 06:47:44,503 - INFO - [render-loss] step=77200 masked 5/16 samples (t_value < 0.40)
2026-04-25 06:49:36,239 - INFO - Step   77400 | Epoch   9 | MSE: 0.4546 | Steps/sec: 1.79 | LR: 1.91e-04 | Render_L1: 0.0305 | Alpha_L1: 0.0460 | Render_LPIPS: 0.1870 | Repel: 0.0000 | cos(c,null): +0.4936 | GradNorm: 0.0485 | MSE/t: [0.00-0.25]0.585(n=430) [0.25-0.50]0.499(n=1163) [0.50-0.75]0.394(n=1170) [0.75-1.00]0.369(n=437)
2026-04-25 06:49:36,705 - INFO - [cond] cfg_signal=0.0397 (min=0.0239 max=0.0547, n=16) | class_signal=0.0512 (min=0.0351 max=0.0722, n=16) | pred_rms=0.6258
2026-04-25 06:49:36,759 - INFO - [render-loss] step=77400 masked 3/16 samples (t_value < 0.40)
2026-04-25 06:51:28,789 - INFO - Step   77600 | Epoch   9 | MSE: 0.4662 | Steps/sec: 1.78 | LR: 1.91e-04 | Render_L1: 0.0306 | Alpha_L1: 0.0462 | Render_LPIPS: 0.1892 | Repel: 0.0000 | cos(c,null): +0.4953 | GradNorm: 0.0517 | MSE/t: [0.00-0.25]0.582(n=432) [0.25-0.50]0.501(n=1199) [0.50-0.75]0.425(n=1177) [0.75-1.00]0.358(n=392)
2026-04-25 06:51:29,329 - INFO - [cond] cfg_signal=0.0411 (min=0.0232 max=0.0551, n=16) | class_signal=0.0547 (min=0.0351 max=0.0760, n=16) | pred_rms=0.6303
2026-04-25 06:51:29,384 - INFO - [render-loss] step=77600 masked 4/16 samples (t_value < 0.40)
2026-04-25 06:53:21,662 - INFO - Step   77800 | Epoch   9 | MSE: 0.4666 | Steps/sec: 1.78 | LR: 1.91e-04 | Render_L1: 0.0301 | Alpha_L1: 0.0452 | Render_LPIPS: 0.1867 | Repel: 0.0000 | cos(c,null): +0.4947 | GradNorm: 0.0545 | MSE/t: [0.00-0.25]0.608(n=435) [0.25-0.50]0.508(n=1195) [0.50-0.75]0.416(n=1150) [0.75-1.00]0.342(n=420)
2026-04-25 06:53:22,126 - INFO - [cond] cfg_signal=0.0433 (min=0.0244 max=0.0523, n=16) | class_signal=0.0559 (min=0.0380 max=0.0712, n=16) | pred_rms=0.6653
2026-04-25 06:53:22,182 - INFO - [render-loss] step=77800 masked 6/16 samples (t_value < 0.40)
2026-04-25 06:55:14,323 - INFO - Step   78000 | Epoch   9 | MSE: 0.4558 | Steps/sec: 1.78 | LR: 1.91e-04 | Render_L1: 0.0308 | Alpha_L1: 0.0450 | Render_LPIPS: 0.1883 | Repel: 0.0000 | cos(c,null): +0.4943 | GradNorm: 0.0499 | MSE/t: [0.00-0.25]0.548(n=444) [0.25-0.50]0.511(n=1142) [0.50-0.75]0.403(n=1191) [0.75-1.00]0.359(n=423)
2026-04-25 06:55:14,800 - INFO - [cond] cfg_signal=0.0407 (min=0.0239 max=0.0518, n=16) | class_signal=0.0537 (min=0.0320 max=0.0678, n=16) | pred_rms=0.6219
2026-04-25 06:55:22,980 - INFO - [validation] saved: output/jit_JiT-B_8_from_scratch_null_repel/dit_validation/epoch_009_step_0078000_class070.png (class=70, sampler=heun, steps=100)
2026-04-25 06:55:24,217 - INFO - [overrides] applied from jit/configs/overrides.yaml: lr_scale=1.0 max_grad_norm=5.0 null_repel_weight=0.05 P_mean=0.0
2026-04-25 06:55:24,265 - INFO - [render-loss] step=78000 masked 3/16 samples (t_value < 0.40)
2026-04-25 06:57:16,084 - INFO - Step   78200 | Epoch   9 | MSE: 0.4662 | Steps/sec: 1.65 | LR: 1.91e-04 | Render_L1: 0.0303 | Alpha_L1: 0.0459 | Render_LPIPS: 0.1875 | Repel: 0.0000 | cos(c,null): +0.4923 | GradNorm: 0.0549 | MSE/t: [0.00-0.25]0.585(n=471) [0.25-0.50]0.502(n=1155) [0.50-0.75]0.422(n=1126) [0.75-1.00]0.358(n=448)
2026-04-25 06:57:16,538 - INFO - [cond] cfg_signal=0.0426 (min=0.0245 max=0.0546, n=16) | class_signal=0.0566 (min=0.0303 max=0.0709, n=16) | pred_rms=0.6524
2026-04-25 06:57:16,592 - INFO - [render-loss] step=78200 masked 8/16 samples (t_value < 0.40)
2026-04-25 06:59:08,818 - INFO - Step   78400 | Epoch   9 | MSE: 0.4645 | Steps/sec: 1.78 | LR: 1.91e-04 | Render_L1: 0.0301 | Alpha_L1: 0.0451 | Render_LPIPS: 0.1843 | Repel: 0.0000 | cos(c,null): +0.4927 | GradNorm: 0.0526 | MSE/t: [0.00-0.25]0.603(n=441) [0.25-0.50]0.506(n=1189) [0.50-0.75]0.413(n=1150) [0.75-1.00]0.343(n=420)
2026-04-25 06:59:09,284 - INFO - [cond] cfg_signal=0.0401 (min=0.0250 max=0.0513, n=16) | class_signal=0.0545 (min=0.0323 max=0.0667, n=16) | pred_rms=0.6358
2026-04-25 06:59:09,339 - INFO - [render-loss] step=78400 masked 8/16 samples (t_value < 0.40)
2026-04-25 07:01:01,913 - INFO - Step   78600 | Epoch   9 | MSE: 0.4643 | Steps/sec: 1.78 | LR: 1.91e-04 | Render_L1: 0.0299 | Alpha_L1: 0.0448 | Render_LPIPS: 0.1852 | Repel: 0.0000 | cos(c,null): +0.4935 | GradNorm: 0.0510 | MSE/t: [0.00-0.25]0.621(n=441) [0.25-0.50]0.511(n=1125) [0.50-0.75]0.401(n=1206) [0.75-1.00]0.359(n=428)
2026-04-25 07:01:02,384 - INFO - [cond] cfg_signal=0.0414 (min=0.0237 max=0.0523, n=16) | class_signal=0.0558 (min=0.0335 max=0.0707, n=16) | pred_rms=0.6351
2026-04-25 07:01:02,441 - INFO - [render-loss] step=78600 masked 8/16 samples (t_value < 0.40)
2026-04-25 07:02:54,479 - INFO - Step   78800 | Epoch   9 | MSE: 0.4619 | Steps/sec: 1.78 | LR: 1.91e-04 | Render_L1: 0.0304 | Alpha_L1: 0.0450 | Render_LPIPS: 0.1872 | Repel: 0.0000 | cos(c,null): +0.4936 | GradNorm: 0.0542 | MSE/t: [0.00-0.25]0.582(n=446) [0.25-0.50]0.502(n=1154) [0.50-0.75]0.416(n=1190) [0.75-1.00]0.352(n=410)
2026-04-25 07:02:54,947 - INFO - [cond] cfg_signal=0.0396 (min=0.0236 max=0.0511, n=16) | class_signal=0.0538 (min=0.0348 max=0.0697, n=16) | pred_rms=0.6252
2026-04-25 07:02:55,002 - INFO - [render-loss] step=78800 masked 7/16 samples (t_value < 0.40)
2026-04-25 07:04:46,834 - INFO - Step   79000 | Epoch   9 | MSE: 0.4551 | Steps/sec: 1.79 | LR: 1.91e-04 | Render_L1: 0.0299 | Alpha_L1: 0.0449 | Render_LPIPS: 0.1844 | Repel: 0.0000 | cos(c,null): +0.4935 | GradNorm: 0.0495 | MSE/t: [0.00-0.25]0.582(n=433) [0.25-0.50]0.501(n=1186) [0.50-0.75]0.397(n=1155) [0.75-1.00]0.355(n=426)
2026-04-25 07:04:47,309 - INFO - [cond] cfg_signal=0.0417 (min=0.0253 max=0.0569, n=16) | class_signal=0.0568 (min=0.0331 max=0.0763, n=16) | pred_rms=0.6233
2026-04-25 07:04:55,840 - INFO - [validation] saved: output/jit_JiT-B_8_from_scratch_null_repel/dit_validation/epoch_009_step_0079000_class102.png (class=102, sampler=heun, steps=100)
2026-04-25 07:04:57,111 - INFO - [overrides] applied from jit/configs/overrides.yaml: lr_scale=1.0 max_grad_norm=5.0 null_repel_weight=0.05 P_mean=0.0
2026-04-25 07:04:57,163 - INFO - [render-loss] step=79000 masked 1/16 samples (t_value < 0.40)
2026-04-25 07:06:49,705 - INFO - Step   79200 | Epoch   9 | MSE: 0.4671 | Steps/sec: 1.63 | LR: 1.91e-04 | Render_L1: 0.0313 | Alpha_L1: 0.0479 | Render_LPIPS: 0.1913 | Repel: 0.0000 | cos(c,null): +0.4958 | GradNorm: 0.0551 | MSE/t: [0.00-0.25]0.567(n=444) [0.25-0.50]0.527(n=1159) [0.50-0.75]0.407(n=1170) [0.75-1.00]0.365(n=427)
2026-04-25 07:06:50,172 - INFO - [cond] cfg_signal=0.0407 (min=0.0218 max=0.0534, n=16) | class_signal=0.0557 (min=0.0314 max=0.0771, n=16) | pred_rms=0.6290
2026-04-25 07:06:50,227 - INFO - [render-loss] step=79200 masked 3/16 samples (t_value < 0.40)
2026-04-25 07:08:42,336 - INFO - Step   79400 | Epoch   9 | MSE: 0.4605 | Steps/sec: 1.78 | LR: 1.91e-04 | Render_L1: 0.0310 | Alpha_L1: 0.0456 | Render_LPIPS: 0.1889 | Repel: 0.0000 | cos(c,null): +0.4945 | GradNorm: 0.0542 | MSE/t: [0.00-0.25]0.594(n=412) [0.25-0.50]0.510(n=1159) [0.50-0.75]0.400(n=1216) [0.75-1.00]0.366(n=413)
2026-04-25 07:08:42,809 - INFO - [cond] cfg_signal=0.0427 (min=0.0228 max=0.0631, n=16) | class_signal=0.0573 (min=0.0328 max=0.0846, n=16) | pred_rms=0.6172
2026-04-25 07:08:42,865 - INFO - [render-loss] step=79400 masked 6/16 samples (t_value < 0.40)
2026-04-25 07:10:36,479 - INFO - Step   79600 | Epoch  10 | MSE: 0.4529 | Steps/sec: 1.76 | LR: 1.91e-04 | Render_L1: 0.0303 | Alpha_L1: 0.0448 | Render_LPIPS: 0.1849 | Repel: 0.0000 | cos(c,null): +0.4905 | GradNorm: 0.0569 | MSE/t: [0.00-0.25]0.579(n=412) [0.25-0.50]0.497(n=1156) [0.50-0.75]0.406(n=1173) [0.75-1.00]0.347(n=459)
2026-04-25 07:10:36,964 - INFO - [cond] cfg_signal=0.0392 (min=0.0234 max=0.0539, n=16) | class_signal=0.0535 (min=0.0324 max=0.0762, n=16) | pred_rms=0.6180
2026-04-25 07:10:37,022 - INFO - [render-loss] step=79600 masked 4/16 samples (t_value < 0.40)
2026-04-25 07:12:29,307 - INFO - Step   79800 | Epoch  10 | MSE: 0.4638 | Steps/sec: 1.78 | LR: 1.91e-04 | Render_L1: 0.0307 | Alpha_L1: 0.0450 | Render_LPIPS: 0.1878 | Repel: 0.0000 | cos(c,null): +0.4907 | GradNorm: 0.0547 | MSE/t: [0.00-0.25]0.564(n=461) [0.25-0.50]0.510(n=1169) [0.50-0.75]0.413(n=1167) [0.75-1.00]0.363(n=403)
2026-04-25 07:12:29,780 - INFO - [cond] cfg_signal=0.0393 (min=0.0239 max=0.0527, n=16) | class_signal=0.0532 (min=0.0370 max=0.0755, n=16) | pred_rms=0.6115
2026-04-25 07:12:29,835 - INFO - [render-loss] step=79800 masked 5/16 samples (t_value < 0.40)
2026-04-25 07:14:21,799 - INFO - Step   80000 | Epoch  10 | MSE: 0.4617 | Steps/sec: 1.79 | LR: 1.91e-04 | Render_L1: 0.0312 | Alpha_L1: 0.0457 | Render_LPIPS: 0.1900 | Repel: 0.0000 | cos(c,null): +0.4931 | GradNorm: 0.0561 | MSE/t: [0.00-0.25]0.572(n=455) [0.25-0.50]0.510(n=1153) [0.50-0.75]0.406(n=1139) [0.75-1.00]0.369(n=453)
2026-04-25 07:14:22,253 - INFO - [cond] cfg_signal=0.0410 (min=0.0229 max=0.0560, n=16) | class_signal=0.0540 (min=0.0334 max=0.0764, n=16) | pred_rms=0.6445
2026-04-25 07:14:24,330 - INFO - Saved checkpoint to output/jit_JiT-B_8_from_scratch_null_repel/0080000.pt
2026-04-25 07:14:24,782 - INFO - [cond] cfg_signal=0.0410 (min=0.0229 max=0.0560, n=16) | class_signal=0.0540 (min=0.0334 max=0.0764, n=16) | pred_rms=0.6445
2026-04-25 07:14:32,860 - INFO - [validation] saved: output/jit_JiT-B_8_from_scratch_null_repel/dit_validation/epoch_010_step_0080000_class016.png (class=16, sampler=heun, steps=100)
2026-04-25 07:14:34,309 - INFO - [overrides] applied from jit/configs/overrides.yaml: lr_scale=1.0 max_grad_norm=5.0 null_repel_weight=0.05 P_mean=0.0
2026-04-25 07:14:34,362 - INFO - [render-loss] step=80000 masked 5/16 samples (t_value < 0.40)
2026-04-25 07:16:25,990 - INFO - Step   80200 | Epoch  10 | MSE: 0.4698 | Steps/sec: 1.62 | LR: 1.91e-04 | Render_L1: 0.0296 | Alpha_L1: 0.0448 | Render_LPIPS: 0.1853 | Repel: 0.0000 | cos(c,null): +0.4888 | GradNorm: 0.0565 | MSE/t: [0.00-0.25]0.597(n=397) [0.25-0.50]0.508(n=1215) [0.50-0.75]0.430(n=1164) [0.75-1.00]0.351(n=424)
2026-04-25 07:16:26,474 - INFO - [cond] cfg_signal=0.0405 (min=0.0249 max=0.0552, n=16) | class_signal=0.0562 (min=0.0352 max=0.0781, n=16) | pred_rms=0.6391
2026-04-25 07:16:26,699 - INFO - [render-loss] step=80200 masked 7/16 samples (t_value < 0.40)
2026-04-25 07:18:18,586 - INFO - Step   80400 | Epoch  10 | MSE: 0.4642 | Steps/sec: 1.78 | LR: 1.90e-04 | Render_L1: 0.0307 | Alpha_L1: 0.0453 | Render_LPIPS: 0.1870 | Repel: 0.0000 | cos(c,null): +0.4877 | GradNorm: 0.0531 | MSE/t: [0.00-0.25]0.606(n=446) [0.25-0.50]0.504(n=1122) [0.50-0.75]0.409(n=1195) [0.75-1.00]0.367(n=437)
2026-04-25 07:18:19,050 - INFO - [cond] cfg_signal=0.0372 (min=0.0236 max=0.0492, n=16) | class_signal=0.0514 (min=0.0316 max=0.0694, n=16) | pred_rms=0.6105
2026-04-25 07:18:19,105 - INFO - [render-loss] step=80400 masked 6/16 samples (t_value < 0.40)
2026-04-25 07:20:11,357 - INFO - Step   80600 | Epoch  10 | MSE: 0.4554 | Steps/sec: 1.78 | LR: 1.90e-04 | Render_L1: 0.0298 | Alpha_L1: 0.0442 | Render_LPIPS: 0.1836 | Repel: 0.0000 | cos(c,null): +0.4911 | GradNorm: 0.0542 | MSE/t: [0.00-0.25]0.582(n=457) [0.25-0.50]0.501(n=1154) [0.50-0.75]0.402(n=1131) [0.75-1.00]0.347(n=458)
2026-04-25 07:20:11,848 - INFO - [cond] cfg_signal=0.0378 (min=0.0221 max=0.0527, n=16) | class_signal=0.0514 (min=0.0299 max=0.0719, n=16) | pred_rms=0.6197
2026-04-25 07:20:11,903 - INFO - [render-loss] step=80600 masked 4/16 samples (t_value < 0.40)
2026-04-25 07:22:04,084 - INFO - Step   80800 | Epoch  10 | MSE: 0.4592 | Steps/sec: 1.78 | LR: 1.90e-04 | Render_L1: 0.0302 | Alpha_L1: 0.0447 | Render_LPIPS: 0.1851 | Repel: 0.0000 | cos(c,null): +0.4929 | GradNorm: 0.0551 | MSE/t: [0.00-0.25]0.600(n=412) [0.25-0.50]0.503(n=1217) [0.50-0.75]0.404(n=1143) [0.75-1.00]0.348(n=428)
2026-04-25 07:22:04,570 - INFO - [cond] cfg_signal=0.0394 (min=0.0246 max=0.0508, n=16) | class_signal=0.0552 (min=0.0296 max=0.0818, n=16) | pred_rms=0.6479
2026-04-25 07:22:04,626 - INFO - [render-loss] step=80800 masked 6/16 samples (t_value < 0.40)
2026-04-25 07:23:56,395 - INFO - Step   81000 | Epoch  10 | MSE: 0.4568 | Steps/sec: 1.79 | LR: 1.90e-04 | Render_L1: 0.0299 | Alpha_L1: 0.0442 | Render_LPIPS: 0.1850 | Repel: 0.0000 | cos(c,null): +0.4921 | GradNorm: 0.0527 | MSE/t: [0.00-0.25]0.585(n=472) [0.25-0.50]0.489(n=1167) [0.50-0.75]0.402(n=1119) [0.75-1.00]0.372(n=442)
2026-04-25 07:23:56,874 - INFO - [cond] cfg_signal=0.0374 (min=0.0236 max=0.0500, n=16) | class_signal=0.0507 (min=0.0295 max=0.0763, n=16) | pred_rms=0.6332
2026-04-25 07:24:04,963 - INFO - [validation] saved: output/jit_JiT-B_8_from_scratch_null_repel/dit_validation/epoch_010_step_0081000_class025.png (class=25, sampler=heun, steps=100)
2026-04-25 07:24:06,374 - INFO - [overrides] applied from jit/configs/overrides.yaml: lr_scale=1.0 max_grad_norm=5.0 null_repel_weight=0.05 P_mean=0.0
2026-04-25 07:24:06,422 - INFO - [render-loss] step=81000 masked 5/16 samples (t_value < 0.40)
2026-04-25 07:25:58,258 - INFO - Step   81200 | Epoch  10 | MSE: 0.4543 | Steps/sec: 1.65 | LR: 1.90e-04 | Render_L1: 0.0302 | Alpha_L1: 0.0441 | Render_LPIPS: 0.1854 | Repel: 0.0000 | cos(c,null): +0.4694 | GradNorm: 0.0549 | MSE/t: [0.00-0.25]0.591(n=437) [0.25-0.50]0.509(n=1135) [0.50-0.75]0.395(n=1169) [0.75-1.00]0.339(n=459)
2026-04-25 07:25:58,717 - INFO - [cond] cfg_signal=0.0398 (min=0.0248 max=0.0555, n=16) | class_signal=0.0532 (min=0.0361 max=0.0773, n=16) | pred_rms=0.6530
2026-04-25 07:25:58,771 - INFO - [render-loss] step=81200 masked 8/16 samples (t_value < 0.40)
2026-04-25 07:27:51,577 - INFO - Step   81400 | Epoch  10 | MSE: 0.4554 | Steps/sec: 1.77 | LR: 1.90e-04 | Render_L1: 0.0292 | Alpha_L1: 0.0431 | Render_LPIPS: 0.1813 | Repel: 0.0000 | cos(c,null): +0.4725 | GradNorm: 0.0527 | MSE/t: [0.00-0.25]0.591(n=415) [0.25-0.50]0.508(n=1160) [0.50-0.75]0.394(n=1186) [0.75-1.00]0.355(n=439)
2026-04-25 07:27:52,065 - INFO - [cond] cfg_signal=0.0387 (min=0.0252 max=0.0510, n=16) | class_signal=0.0508 (min=0.0322 max=0.0723, n=16) | pred_rms=0.6632
2026-04-25 07:27:52,119 - INFO - [render-loss] step=81400 masked 7/16 samples (t_value < 0.40)
2026-04-25 07:29:44,114 - INFO - Step   81600 | Epoch  10 | MSE: 0.4653 | Steps/sec: 1.78 | LR: 1.90e-04 | Render_L1: 0.0300 | Alpha_L1: 0.0441 | Render_LPIPS: 0.1869 | Repel: 0.0000 | cos(c,null): +0.4765 | GradNorm: 0.0513 | MSE/t: [0.00-0.25]0.596(n=484) [0.25-0.50]0.502(n=1124) [0.50-0.75]0.418(n=1213) [0.75-1.00]0.342(n=379)
2026-04-25 07:29:44,602 - INFO - [cond] cfg_signal=0.0393 (min=0.0268 max=0.0572, n=16) | class_signal=0.0527 (min=0.0315 max=0.0853, n=16) | pred_rms=0.6403
2026-04-25 07:29:44,657 - INFO - [render-loss] step=81600 masked 6/16 samples (t_value < 0.40)
2026-04-25 07:31:37,157 - INFO - Step   81800 | Epoch  10 | MSE: 0.4646 | Steps/sec: 1.78 | LR: 1.90e-04 | Render_L1: 0.0312 | Alpha_L1: 0.0457 | Render_LPIPS: 0.1901 | Repel: 0.0000 | cos(c,null): +0.4802 | GradNorm: 0.0588 | MSE/t: [0.00-0.25]0.599(n=423) [0.25-0.50]0.514(n=1180) [0.50-0.75]0.409(n=1132) [0.75-1.00]0.352(n=465)
2026-04-25 07:31:37,629 - INFO - [cond] cfg_signal=0.0366 (min=0.0237 max=0.0534, n=16) | class_signal=0.0497 (min=0.0336 max=0.0810, n=16) | pred_rms=0.6216
2026-04-25 07:31:37,684 - INFO - [render-loss] step=81800 masked 2/16 samples (t_value < 0.40)
2026-04-25 07:33:29,892 - INFO - Step   82000 | Epoch  10 | MSE: 0.4539 | Steps/sec: 1.78 | LR: 1.90e-04 | Render_L1: 0.0304 | Alpha_L1: 0.0446 | Render_LPIPS: 0.1862 | Repel: 0.0000 | cos(c,null): +0.4849 | GradNorm: 0.0699 | MSE/t: [0.00-0.25]0.569(n=447) [0.25-0.50]0.497(n=1146) [0.50-0.75]0.404(n=1161) [0.75-1.00]0.357(n=446)
2026-04-25 07:33:30,377 - INFO - [cond] cfg_signal=0.0368 (min=0.0244 max=0.0569, n=16) | class_signal=0.0498 (min=0.0264 max=0.0849, n=16) | pred_rms=0.6021
2026-04-25 07:33:38,697 - INFO - [validation] saved: output/jit_JiT-B_8_from_scratch_null_repel/dit_validation/epoch_010_step_0082000_class100.png (class=100, sampler=heun, steps=100)
2026-04-25 07:33:39,949 - INFO - [overrides] applied from jit/configs/overrides.yaml: lr_scale=1.0 max_grad_norm=5.0 null_repel_weight=0.05 P_mean=0.0
2026-04-25 07:33:39,999 - INFO - [render-loss] step=82000 masked 4/16 samples (t_value < 0.40)
2026-04-25 07:35:32,142 - INFO - Step   82200 | Epoch  10 | MSE: 0.4579 | Steps/sec: 1.64 | LR: 1.90e-04 | Render_L1: 0.0302 | Alpha_L1: 0.0454 | Render_LPIPS: 0.1872 | Repel: 0.0000 | cos(c,null): +0.4916 | GradNorm: 0.8402 | MSE/t: [0.00-0.25]0.605(n=463) [0.25-0.50]0.484(n=1166) [0.50-0.75]0.409(n=1134) [0.75-1.00]0.360(n=437)
2026-04-25 07:35:32,605 - INFO - [cond] cfg_signal=0.0358 (min=0.0239 max=0.0490, n=16) | class_signal=0.0477 (min=0.0260 max=0.0709, n=16) | pred_rms=0.6172
2026-04-25 07:35:32,660 - INFO - [render-loss] step=82200 masked 6/16 samples (t_value < 0.40)
2026-04-25 07:37:24,689 - INFO - Step   82400 | Epoch  10 | MSE: 0.4617 | Steps/sec: 1.78 | LR: 1.90e-04 | Render_L1: 0.0299 | Alpha_L1: 0.0437 | Render_LPIPS: 0.1846 | Repel: 0.0000 | cos(c,null): +0.4924 | GradNorm: 0.0537 | MSE/t: [0.00-0.25]0.587(n=444) [0.25-0.50]0.502(n=1162) [0.50-0.75]0.415(n=1197) [0.75-1.00]0.344(n=397)
2026-04-25 07:37:25,165 - INFO - [cond] cfg_signal=0.0371 (min=0.0258 max=0.0475, n=16) | class_signal=0.0490 (min=0.0269 max=0.0668, n=16) | pred_rms=0.6309
2026-04-25 07:37:25,220 - INFO - [render-loss] step=82400 masked 3/16 samples (t_value < 0.40)
2026-04-25 07:39:17,409 - INFO - Step   82600 | Epoch  10 | MSE: 0.4589 | Steps/sec: 1.78 | LR: 1.90e-04 | Render_L1: 0.0305 | Alpha_L1: 0.0448 | Render_LPIPS: 0.1874 | Repel: 0.0000 | cos(c,null): +0.4935 | GradNorm: 0.0562 | MSE/t: [0.00-0.25]0.569(n=414) [0.25-0.50]0.507(n=1135) [0.50-0.75]0.408(n=1227) [0.75-1.00]0.371(n=424)
2026-04-25 07:39:17,892 - INFO - [cond] cfg_signal=0.0336 (min=0.0235 max=0.0477, n=16) | class_signal=0.0446 (min=0.0232 max=0.0568, n=16) | pred_rms=0.6163
2026-04-25 07:39:17,947 - INFO - [render-loss] step=82600 masked 5/16 samples (t_value < 0.40)
2026-04-25 07:41:10,415 - INFO - Step   82800 | Epoch  10 | MSE: 0.4510 | Steps/sec: 1.78 | LR: 1.90e-04 | Render_L1: 0.0293 | Alpha_L1: 0.0431 | Render_LPIPS: 0.1842 | Repel: 0.0000 | cos(c,null): +0.4941 | GradNorm: 0.0518 | MSE/t: [0.00-0.25]0.606(n=410) [0.25-0.50]0.499(n=1168) [0.50-0.75]0.391(n=1171) [0.75-1.00]0.343(n=451)
2026-04-25 07:41:10,916 - INFO - [cond] cfg_signal=0.0372 (min=0.0226 max=0.0494, n=16) | class_signal=0.0486 (min=0.0257 max=0.0679, n=16) | pred_rms=0.6183
2026-04-25 07:41:10,990 - INFO - [render-loss] step=82800 masked 8/16 samples (t_value < 0.40)
2026-04-25 07:43:03,457 - INFO - Step   83000 | Epoch  10 | MSE: 0.4562 | Steps/sec: 1.78 | LR: 1.90e-04 | Render_L1: 0.0301 | Alpha_L1: 0.0433 | Render_LPIPS: 0.1852 | Repel: 0.0000 | cos(c,null): +0.4931 | GradNorm: 0.0529 | MSE/t: [0.00-0.25]0.589(n=440) [0.25-0.50]0.495(n=1172) [0.50-0.75]0.398(n=1182) [0.75-1.00]0.369(n=406)
2026-04-25 07:43:03,925 - INFO - [cond] cfg_signal=0.0369 (min=0.0237 max=0.0508, n=16) | class_signal=0.0484 (min=0.0260 max=0.0682, n=16) | pred_rms=0.6343
2026-04-25 07:43:11,985 - INFO - [validation] saved: output/jit_JiT-B_8_from_scratch_null_repel/dit_validation/epoch_010_step_0083000_class111.png (class=111, sampler=heun, steps=100)
2026-04-25 07:43:13,163 - INFO - [overrides] applied from jit/configs/overrides.yaml: lr_scale=1.0 max_grad_norm=5.0 null_repel_weight=0.05 P_mean=0.0
2026-04-25 07:43:13,213 - INFO - [render-loss] step=83000 masked 6/16 samples (t_value < 0.40)
2026-04-25 07:45:05,392 - INFO - Step   83200 | Epoch  10 | MSE: 0.4636 | Steps/sec: 1.65 | LR: 1.90e-04 | Render_L1: 0.0298 | Alpha_L1: 0.0437 | Render_LPIPS: 0.1860 | Repel: 0.0000 | cos(c,null): +0.4945 | GradNorm: 0.0575 | MSE/t: [0.00-0.25]0.603(n=411) [0.25-0.50]0.502(n=1155) [0.50-0.75]0.413(n=1180) [0.75-1.00]0.370(n=454)
2026-04-25 07:45:05,904 - INFO - [cond] cfg_signal=0.0372 (min=0.0270 max=0.0535, n=16) | class_signal=0.0499 (min=0.0290 max=0.0664, n=16) | pred_rms=0.6370
2026-04-25 07:45:05,958 - INFO - [render-loss] step=83200 masked 6/16 samples (t_value < 0.40)
2026-04-25 07:46:58,206 - INFO - Step   83400 | Epoch  10 | MSE: 0.4558 | Steps/sec: 1.78 | LR: 1.90e-04 | Render_L1: 0.0292 | Alpha_L1: 0.0434 | Render_LPIPS: 0.1839 | Repel: 0.0000 | cos(c,null): +0.4948 | GradNorm: 0.0515 | MSE/t: [0.00-0.25]0.564(n=466) [0.25-0.50]0.507(n=1105) [0.50-0.75]0.403(n=1208) [0.75-1.00]0.353(n=421)
2026-04-25 07:46:58,694 - INFO - [cond] cfg_signal=0.0367 (min=0.0246 max=0.0488, n=16) | class_signal=0.0502 (min=0.0267 max=0.0741, n=16) | pred_rms=0.6092
2026-04-25 07:46:58,750 - INFO - [render-loss] step=83400 masked 5/16 samples (t_value < 0.40)
2026-04-25 07:48:51,092 - INFO - Step   83600 | Epoch  10 | MSE: 0.4539 | Steps/sec: 1.78 | LR: 1.90e-04 | Render_L1: 0.0292 | Alpha_L1: 0.0429 | Render_LPIPS: 0.1842 | Repel: 0.0000 | cos(c,null): +0.4952 | GradNorm: 0.0486 | MSE/t: [0.00-0.25]0.558(n=436) [0.25-0.50]0.502(n=1173) [0.50-0.75]0.404(n=1183) [0.75-1.00]0.349(n=408)
2026-04-25 07:48:51,564 - INFO - [cond] cfg_signal=0.0376 (min=0.0266 max=0.0521, n=16) | class_signal=0.0507 (min=0.0269 max=0.0772, n=16) | pred_rms=0.6318
2026-04-25 07:48:51,624 - INFO - [render-loss] step=83600 masked 4/16 samples (t_value < 0.40)
2026-04-25 07:50:43,984 - INFO - Step   83800 | Epoch  10 | MSE: 0.4562 | Steps/sec: 1.78 | LR: 1.90e-04 | Render_L1: 0.0295 | Alpha_L1: 0.0423 | Render_LPIPS: 0.1835 | Repel: 0.0000 | cos(c,null): +0.4943 | GradNorm: 0.0510 | MSE/t: [0.00-0.25]0.591(n=470) [0.25-0.50]0.493(n=1144) [0.50-0.75]0.408(n=1162) [0.75-1.00]0.342(n=424)
2026-04-25 07:50:44,451 - INFO - [cond] cfg_signal=0.0371 (min=0.0243 max=0.0493, n=16) | class_signal=0.0489 (min=0.0272 max=0.0661, n=16) | pred_rms=0.6222
2026-04-25 07:50:44,507 - INFO - [render-loss] step=83800 masked 2/16 samples (t_value < 0.40)
2026-04-25 07:52:36,879 - INFO - Step   84000 | Epoch  10 | MSE: 0.4600 | Steps/sec: 1.78 | LR: 1.90e-04 | Render_L1: 0.0292 | Alpha_L1: 0.0437 | Render_LPIPS: 0.1841 | Repel: 0.0000 | cos(c,null): +0.4940 | GradNorm: 0.0561 | MSE/t: [0.00-0.25]0.566(n=415) [0.25-0.50]0.499(n=1177) [0.50-0.75]0.418(n=1161) [0.75-1.00]0.367(n=447)
2026-04-25 07:52:37,353 - INFO - [cond] cfg_signal=0.0368 (min=0.0263 max=0.0514, n=16) | class_signal=0.0490 (min=0.0270 max=0.0761, n=16) | pred_rms=0.6170
2026-04-25 07:52:45,428 - INFO - [validation] saved: output/jit_JiT-B_8_from_scratch_null_repel/dit_validation/epoch_010_step_0084000_class101.png (class=101, sampler=heun, steps=100)
2026-04-25 07:52:46,594 - INFO - [overrides] applied from jit/configs/overrides.yaml: lr_scale=1.0 max_grad_norm=5.0 null_repel_weight=0.05 P_mean=0.0
2026-04-25 07:52:46,644 - INFO - [render-loss] step=84000 masked 3/16 samples (t_value < 0.40)
2026-04-25 07:54:39,167 - INFO - Step   84200 | Epoch  10 | MSE: 0.4565 | Steps/sec: 1.64 | LR: 1.90e-04 | Render_L1: 0.0289 | Alpha_L1: 0.0429 | Render_LPIPS: 0.1834 | Repel: 0.0000 | cos(c,null): +0.4945 | GradNorm: 0.0511 | MSE/t: [0.00-0.25]0.578(n=442) [0.25-0.50]0.492(n=1167) [0.50-0.75]0.405(n=1168) [0.75-1.00]0.374(n=423)
2026-04-25 07:54:39,646 - INFO - [cond] cfg_signal=0.0366 (min=0.0250 max=0.0547, n=16) | class_signal=0.0488 (min=0.0295 max=0.0747, n=16) | pred_rms=0.6197
2026-04-25 07:54:39,707 - INFO - [render-loss] step=84200 masked 4/16 samples (t_value < 0.40)
2026-04-25 07:56:32,033 - INFO - Step   84400 | Epoch  10 | MSE: 0.4494 | Steps/sec: 1.78 | LR: 1.90e-04 | Render_L1: 0.0285 | Alpha_L1: 0.0427 | Render_LPIPS: 0.1788 | Repel: 0.0000 | cos(c,null): +0.4940 | GradNorm: 0.0529 | MSE/t: [0.00-0.25]0.603(n=397) [0.25-0.50]0.503(n=1139) [0.50-0.75]0.391(n=1249) [0.75-1.00]0.330(n=415)
2026-04-25 07:56:32,496 - INFO - [cond] cfg_signal=0.0381 (min=0.0268 max=0.0569, n=16) | class_signal=0.0518 (min=0.0278 max=0.0806, n=16) | pred_rms=0.6232
2026-04-25 07:56:32,550 - INFO - [render-loss] step=84400 masked 8/16 samples (t_value < 0.40)
2026-04-25 07:58:24,509 - INFO - Step   84600 | Epoch  10 | MSE: 0.4503 | Steps/sec: 1.79 | LR: 1.89e-04 | Render_L1: 0.0292 | Alpha_L1: 0.0427 | Render_LPIPS: 0.1830 | Repel: 0.0000 | cos(c,null): +0.4938 | GradNorm: 0.0526 | MSE/t: [0.00-0.25]0.571(n=458) [0.25-0.50]0.494(n=1139) [0.50-0.75]0.409(n=1138) [0.75-1.00]0.327(n=465)
2026-04-25 07:58:24,973 - INFO - [cond] cfg_signal=0.0364 (min=0.0238 max=0.0577, n=16) | class_signal=0.0507 (min=0.0265 max=0.0764, n=16) | pred_rms=0.6240
2026-04-25 07:58:25,029 - INFO - [render-loss] step=84600 masked 5/16 samples (t_value < 0.40)
2026-04-25 08:00:17,219 - INFO - Step   84800 | Epoch  10 | MSE: 0.4583 | Steps/sec: 1.78 | LR: 1.89e-04 | Render_L1: 0.0292 | Alpha_L1: 0.0429 | Render_LPIPS: 0.1831 | Repel: 0.0000 | cos(c,null): +0.4947 | GradNorm: 0.0519 | MSE/t: [0.00-0.25]0.588(n=438) [0.25-0.50]0.505(n=1167) [0.50-0.75]0.393(n=1125) [0.75-1.00]0.379(n=470)
2026-04-25 08:00:17,685 - INFO - [cond] cfg_signal=0.0393 (min=0.0239 max=0.0618, n=16) | class_signal=0.0542 (min=0.0279 max=0.0830, n=16) | pred_rms=0.6320
2026-04-25 08:00:17,740 - INFO - [render-loss] step=84800 masked 9/16 samples (t_value < 0.40)
2026-04-25 08:02:09,750 - INFO - Step   85000 | Epoch  10 | MSE: 0.4610 | Steps/sec: 1.78 | LR: 1.89e-04 | Render_L1: 0.0291 | Alpha_L1: 0.0432 | Render_LPIPS: 0.1830 | Repel: 0.0000 | cos(c,null): +0.4901 | GradNorm: 0.0548 | MSE/t: [0.00-0.25]0.593(n=451) [0.25-0.50]0.519(n=1162) [0.50-0.75]0.397(n=1162) [0.75-1.00]0.336(n=425)
2026-04-25 08:02:10,244 - INFO - [cond] cfg_signal=0.0387 (min=0.0265 max=0.0556, n=16) | class_signal=0.0525 (min=0.0271 max=0.0746, n=16) | pred_rms=0.6568
2026-04-25 08:02:18,228 - INFO - [validation] saved: output/jit_JiT-B_8_from_scratch_null_repel/dit_validation/epoch_010_step_0085000_class111.png (class=111, sampler=heun, steps=100)
2026-04-25 08:02:19,567 - INFO - [overrides] applied from jit/configs/overrides.yaml: lr_scale=1.0 max_grad_norm=5.0 null_repel_weight=0.05 P_mean=0.0
2026-04-25 08:02:19,617 - INFO - [render-loss] step=85000 masked 9/16 samples (t_value < 0.40)
2026-04-25 08:04:11,486 - INFO - Step   85200 | Epoch  10 | MSE: 0.4657 | Steps/sec: 1.65 | LR: 1.89e-04 | Render_L1: 0.0298 | Alpha_L1: 0.0433 | Render_LPIPS: 0.1842 | Repel: 0.0000 | cos(c,null): +0.4901 | GradNorm: 0.0517 | MSE/t: [0.00-0.25]0.608(n=420) [0.25-0.50]0.504(n=1173) [0.50-0.75]0.414(n=1201) [0.75-1.00]0.361(n=406)
2026-04-25 08:04:11,950 - INFO - [cond] cfg_signal=0.0380 (min=0.0251 max=0.0492, n=16) | class_signal=0.0512 (min=0.0273 max=0.0719, n=16) | pred_rms=0.6411
2026-04-25 08:04:12,005 - INFO - [render-loss] step=85200 masked 5/16 samples (t_value < 0.40)
2026-04-25 08:06:04,450 - INFO - Step   85400 | Epoch  10 | MSE: 0.4655 | Steps/sec: 1.78 | LR: 1.89e-04 | Render_L1: 0.0295 | Alpha_L1: 0.0433 | Render_LPIPS: 0.1836 | Repel: 0.0000 | cos(c,null): +0.4922 | GradNorm: 0.0526 | MSE/t: [0.00-0.25]0.611(n=418) [0.25-0.50]0.503(n=1172) [0.50-0.75]0.413(n=1190) [0.75-1.00]0.364(n=420)
2026-04-25 08:06:04,940 - INFO - [cond] cfg_signal=0.0392 (min=0.0274 max=0.0559, n=16) | class_signal=0.0510 (min=0.0264 max=0.0726, n=16) | pred_rms=0.6409
2026-04-25 08:06:04,997 - INFO - [render-loss] step=85400 masked 4/16 samples (t_value < 0.40)
2026-04-25 08:07:57,116 - INFO - Step   85600 | Epoch  10 | MSE: 0.4590 | Steps/sec: 1.78 | LR: 1.89e-04 | Render_L1: 0.0302 | Alpha_L1: 0.0440 | Render_LPIPS: 0.1856 | Repel: 0.0000 | cos(c,null): +0.4925 | GradNorm: 0.1780 | MSE/t: [0.00-0.25]0.575(n=407) [0.25-0.50]0.505(n=1200) [0.50-0.75]0.410(n=1170) [0.75-1.00]0.353(n=423)
2026-04-25 08:07:57,580 - INFO - [cond] cfg_signal=0.0405 (min=0.0269 max=0.0592, n=16) | class_signal=0.0513 (min=0.0304 max=0.0782, n=16) | pred_rms=0.6534
2026-04-25 08:07:57,637 - INFO - [render-loss] step=85600 masked 8/16 samples (t_value < 0.40)
2026-04-25 08:09:49,934 - INFO - Step   85800 | Epoch  10 | MSE: 0.4566 | Steps/sec: 1.78 | LR: 1.89e-04 | Render_L1: 0.0288 | Alpha_L1: 0.0415 | Render_LPIPS: 0.1818 | Repel: 0.0000 | cos(c,null): +0.4928 | GradNorm: 0.0509 | MSE/t: [0.00-0.25]0.589(n=421) [0.25-0.50]0.497(n=1177) [0.50-0.75]0.402(n=1145) [0.75-1.00]0.366(n=457)
2026-04-25 08:09:50,391 - INFO - [cond] cfg_signal=0.0396 (min=0.0242 max=0.0579, n=16) | class_signal=0.0529 (min=0.0313 max=0.0756, n=16) | pred_rms=0.6320
2026-04-25 08:09:50,453 - INFO - [render-loss] step=85800 masked 4/16 samples (t_value < 0.40)
2026-04-25 08:11:42,493 - INFO - Step   86000 | Epoch  10 | MSE: 0.4604 | Steps/sec: 1.78 | LR: 1.89e-04 | Render_L1: 0.0292 | Alpha_L1: 0.0429 | Render_LPIPS: 0.1831 | Repel: 0.0000 | cos(c,null): +0.4892 | GradNorm: 0.0591 | MSE/t: [0.00-0.25]0.580(n=423) [0.25-0.50]0.510(n=1186) [0.50-0.75]0.399(n=1144) [0.75-1.00]0.372(n=447)
2026-04-25 08:11:42,979 - INFO - [cond] cfg_signal=0.0382 (min=0.0280 max=0.0490, n=16) | class_signal=0.0494 (min=0.0305 max=0.0658, n=16) | pred_rms=0.6419
2026-04-25 08:11:51,008 - INFO - [validation] saved: output/jit_JiT-B_8_from_scratch_null_repel/dit_validation/epoch_010_step_0086000_class029.png (class=29, sampler=heun, steps=100)
2026-04-25 08:11:52,184 - INFO - [overrides] applied from jit/configs/overrides.yaml: lr_scale=1.0 max_grad_norm=5.0 null_repel_weight=0.05 P_mean=0.0
2026-04-25 08:11:52,233 - INFO - [render-loss] step=86000 masked 6/16 samples (t_value < 0.40)
2026-04-25 08:13:44,235 - INFO - Step   86200 | Epoch  10 | MSE: 0.4602 | Steps/sec: 1.65 | LR: 1.89e-04 | Render_L1: 0.0294 | Alpha_L1: 0.0416 | Render_LPIPS: 0.1842 | Repel: 0.0000 | cos(c,null): +0.4845 | GradNorm: 0.0504 | MSE/t: [0.00-0.25]0.572(n=437) [0.25-0.50]0.504(n=1161) [0.50-0.75]0.413(n=1179) [0.75-1.00]0.354(n=423)
2026-04-25 08:13:44,697 - INFO - [cond] cfg_signal=0.0383 (min=0.0258 max=0.0495, n=16) | class_signal=0.0489 (min=0.0292 max=0.0654, n=16) | pred_rms=0.6474
2026-04-25 08:13:44,756 - INFO - [render-loss] step=86200 masked 6/16 samples (t_value < 0.40)
2026-04-25 08:15:36,981 - INFO - Step   86400 | Epoch  10 | MSE: 0.4499 | Steps/sec: 1.78 | LR: 1.89e-04 | Render_L1: 0.0292 | Alpha_L1: 0.0426 | Render_LPIPS: 0.1833 | Repel: 0.0000 | cos(c,null): +0.4857 | GradNorm: 0.0516 | MSE/t: [0.00-0.25]0.548(n=438) [0.25-0.50]0.499(n=1140) [0.50-0.75]0.408(n=1172) [0.75-1.00]0.340(n=450)
2026-04-25 08:15:37,447 - INFO - [cond] cfg_signal=0.0361 (min=0.0237 max=0.0484, n=16) | class_signal=0.0480 (min=0.0317 max=0.0589, n=16) | pred_rms=0.6177
2026-04-25 08:15:37,501 - INFO - [render-loss] step=86400 masked 6/16 samples (t_value < 0.40)
2026-04-25 08:17:29,478 - INFO - Step   86600 | Epoch  10 | MSE: 0.4487 | Steps/sec: 1.79 | LR: 1.89e-04 | Render_L1: 0.0293 | Alpha_L1: 0.0424 | Render_LPIPS: 0.1817 | Repel: 0.0000 | cos(c,null): +0.4898 | GradNorm: 0.0502 | MSE/t: [0.00-0.25]0.595(n=418) [0.25-0.50]0.495(n=1156) [0.50-0.75]0.399(n=1167) [0.75-1.00]0.325(n=459)
2026-04-25 08:17:29,951 - INFO - [cond] cfg_signal=0.0365 (min=0.0210 max=0.0505, n=16) | class_signal=0.0468 (min=0.0287 max=0.0641, n=16) | pred_rms=0.6266
2026-04-25 08:17:30,006 - INFO - [render-loss] step=86600 masked 5/16 samples (t_value < 0.40)
2026-04-25 08:19:21,919 - INFO - Step   86800 | Epoch  10 | MSE: 0.4606 | Steps/sec: 1.79 | LR: 1.89e-04 | Render_L1: 0.0289 | Alpha_L1: 0.0416 | Render_LPIPS: 0.1802 | Repel: 0.0000 | cos(c,null): +0.4916 | GradNorm: 0.0532 | MSE/t: [0.00-0.25]0.599(n=434) [0.25-0.50]0.502(n=1142) [0.50-0.75]0.404(n=1222) [0.75-1.00]0.368(n=402)
2026-04-25 08:19:22,407 - INFO - [cond] cfg_signal=0.0365 (min=0.0209 max=0.0486, n=16) | class_signal=0.0481 (min=0.0312 max=0.0610, n=16) | pred_rms=0.6343
2026-04-25 08:19:22,464 - INFO - [render-loss] step=86800 masked 3/16 samples (t_value < 0.40)
2026-04-25 08:21:14,804 - INFO - Step   87000 | Epoch  10 | MSE: 0.4524 | Steps/sec: 1.78 | LR: 1.89e-04 | Render_L1: 0.0286 | Alpha_L1: 0.0419 | Render_LPIPS: 0.1799 | Repel: 0.0000 | cos(c,null): +0.4918 | GradNorm: 0.0489 | MSE/t: [0.00-0.25]0.563(n=427) [0.25-0.50]0.489(n=1181) [0.50-0.75]0.407(n=1164) [0.75-1.00]0.364(n=428)
2026-04-25 08:21:15,288 - INFO - [cond] cfg_signal=0.0379 (min=0.0226 max=0.0525, n=16) | class_signal=0.0494 (min=0.0306 max=0.0602, n=16) | pred_rms=0.6340
2026-04-25 08:21:23,571 - INFO - [validation] saved: output/jit_JiT-B_8_from_scratch_null_repel/dit_validation/epoch_010_step_0087000_class042.png (class=42, sampler=heun, steps=100)
2026-04-25 08:21:24,826 - INFO - [overrides] applied from jit/configs/overrides.yaml: lr_scale=1.0 max_grad_norm=5.0 null_repel_weight=0.05 P_mean=0.0
2026-04-25 08:21:24,877 - INFO - [render-loss] step=87000 masked 3/16 samples (t_value < 0.40)
2026-04-25 08:23:17,404 - INFO - Step   87200 | Epoch  10 | MSE: 0.4598 | Steps/sec: 1.64 | LR: 1.89e-04 | Render_L1: 0.0289 | Alpha_L1: 0.0421 | Render_LPIPS: 0.1816 | Repel: 0.0000 | cos(c,null): +0.4919 | GradNorm: 0.0525 | MSE/t: [0.00-0.25]0.560(n=446) [0.25-0.50]0.512(n=1177) [0.50-0.75]0.405(n=1149) [0.75-1.00]0.358(n=428)
2026-04-25 08:23:17,894 - INFO - [cond] cfg_signal=0.0388 (min=0.0246 max=0.0528, n=16) | class_signal=0.0497 (min=0.0321 max=0.0648, n=16) | pred_rms=0.6127
2026-04-25 08:23:17,953 - INFO - [render-loss] step=87200 masked 4/16 samples (t_value < 0.40)
2026-04-25 08:25:10,117 - INFO - Step   87400 | Epoch  10 | MSE: 0.4620 | Steps/sec: 1.78 | LR: 1.89e-04 | Render_L1: 0.0291 | Alpha_L1: 0.0423 | Render_LPIPS: 0.1816 | Repel: 0.0000 | cos(c,null): +0.4925 | GradNorm: 0.0505 | MSE/t: [0.00-0.25]0.579(n=418) [0.25-0.50]0.503(n=1211) [0.50-0.75]0.412(n=1126) [0.75-1.00]0.368(n=445)
2026-04-25 08:25:10,586 - INFO - [cond] cfg_signal=0.0374 (min=0.0242 max=0.0498, n=16) | class_signal=0.0486 (min=0.0339 max=0.0599, n=16) | pred_rms=0.6175
2026-04-25 08:25:10,642 - INFO - [render-loss] step=87400 masked 5/16 samples (t_value < 0.40)
2026-04-25 08:27:03,498 - INFO - Step   87600 | Epoch  11 | MSE: 0.4539 | Steps/sec: 1.77 | LR: 1.89e-04 | Render_L1: 0.0281 | Alpha_L1: 0.0412 | Render_LPIPS: 0.1788 | Repel: 0.0000 | cos(c,null): +0.4927 | GradNorm: 0.0502 | MSE/t: [0.00-0.25]0.570(n=445) [0.25-0.50]0.494(n=1191) [0.50-0.75]0.400(n=1173) [0.75-1.00]0.363(n=391)
2026-04-25 08:27:03,965 - INFO - [cond] cfg_signal=0.0390 (min=0.0248 max=0.0525, n=16) | class_signal=0.0517 (min=0.0341 max=0.0727, n=16) | pred_rms=0.6020
2026-04-25 08:27:04,030 - INFO - [render-loss] step=87600 masked 7/16 samples (t_value < 0.40)
2026-04-25 08:28:56,240 - INFO - Step   87800 | Epoch  11 | MSE: 0.4665 | Steps/sec: 1.78 | LR: 1.89e-04 | Render_L1: 0.0288 | Alpha_L1: 0.0426 | Render_LPIPS: 0.1826 | Repel: 0.0000 | cos(c,null): +0.4917 | GradNorm: 0.0507 | MSE/t: [0.00-0.25]0.580(n=468) [0.25-0.50]0.524(n=1119) [0.50-0.75]0.414(n=1186) [0.75-1.00]0.336(n=427)
2026-04-25 08:28:56,711 - INFO - [cond] cfg_signal=0.0373 (min=0.0259 max=0.0476, n=16) | class_signal=0.0495 (min=0.0322 max=0.0658, n=16) | pred_rms=0.6282
2026-04-25 08:28:56,766 - INFO - [render-loss] step=87800 masked 4/16 samples (t_value < 0.40)
2026-04-25 08:30:48,997 - INFO - Step   88000 | Epoch  11 | MSE: 0.4654 | Steps/sec: 1.78 | LR: 1.89e-04 | Render_L1: 0.0289 | Alpha_L1: 0.0424 | Render_LPIPS: 0.1826 | Repel: 0.0000 | cos(c,null): +0.4957 | GradNorm: 0.0487 | MSE/t: [0.00-0.25]0.611(n=451) [0.25-0.50]0.503(n=1148) [0.50-0.75]0.410(n=1157) [0.75-1.00]0.363(n=444)
2026-04-25 08:30:49,480 - INFO - [cond] cfg_signal=0.0398 (min=0.0282 max=0.0525, n=16) | class_signal=0.0524 (min=0.0348 max=0.0714, n=16) | pred_rms=0.6165
2026-04-25 08:30:57,465 - INFO - [validation] saved: output/jit_JiT-B_8_from_scratch_null_repel/dit_validation/epoch_011_step_0088000_class016.png (class=16, sampler=heun, steps=100)
2026-04-25 08:30:58,668 - INFO - [overrides] applied from jit/configs/overrides.yaml: lr_scale=1.0 max_grad_norm=5.0 null_repel_weight=0.05 P_mean=0.0
2026-04-25 08:30:58,718 - INFO - [render-loss] step=88000 masked 5/16 samples (t_value < 0.40)
2026-04-25 08:32:50,082 - INFO - Step   88200 | Epoch  11 | MSE: 0.4506 | Steps/sec: 1.66 | LR: 1.89e-04 | Render_L1: 0.0291 | Alpha_L1: 0.0419 | Render_LPIPS: 0.1812 | Repel: 0.0000 | cos(c,null): +0.4971 | GradNorm: 0.0526 | MSE/t: [0.00-0.25]0.573(n=407) [0.25-0.50]0.494(n=1195) [0.50-0.75]0.406(n=1132) [0.75-1.00]0.342(n=466)
2026-04-25 08:32:50,550 - INFO - [cond] cfg_signal=0.0408 (min=0.0241 max=0.0595, n=16) | class_signal=0.0540 (min=0.0333 max=0.0876, n=16) | pred_rms=0.6078
2026-04-25 08:32:50,605 - INFO - [render-loss] step=88200 masked 8/16 samples (t_value < 0.40)
2026-04-25 08:34:43,160 - INFO - Step   88400 | Epoch  11 | MSE: 0.4452 | Steps/sec: 1.78 | LR: 1.89e-04 | Render_L1: 0.0281 | Alpha_L1: 0.0414 | Render_LPIPS: 0.1773 | Repel: 0.0000 | cos(c,null): +0.4926 | GradNorm: 0.0839 | MSE/t: [0.00-0.25]0.573(n=447) [0.25-0.50]0.494(n=1148) [0.50-0.75]0.387(n=1174) [0.75-1.00]0.340(n=431)
2026-04-25 08:34:43,630 - INFO - [cond] cfg_signal=0.0411 (min=0.0262 max=0.0523, n=16) | class_signal=0.0515 (min=0.0367 max=0.0811, n=16) | pred_rms=0.6131
2026-04-25 08:34:43,686 - INFO - [render-loss] step=88400 masked 7/16 samples (t_value < 0.40)
2026-04-25 08:36:35,670 - INFO - Step   88600 | Epoch  11 | MSE: 0.4570 | Steps/sec: 1.79 | LR: 1.88e-04 | Render_L1: 0.0298 | Alpha_L1: 0.0427 | Render_LPIPS: 0.1842 | Repel: 0.0000 | cos(c,null): +0.4896 | GradNorm: 0.0510 | MSE/t: [0.00-0.25]0.579(n=446) [0.25-0.50]0.495(n=1151) [0.50-0.75]0.416(n=1170) [0.75-1.00]0.342(n=433)
2026-04-25 08:36:36,149 - INFO - [cond] cfg_signal=0.0411 (min=0.0266 max=0.0587, n=16) | class_signal=0.0522 (min=0.0361 max=0.0771, n=16) | pred_rms=0.6286
2026-04-25 08:36:36,207 - INFO - [render-loss] step=88600 masked 4/16 samples (t_value < 0.40)
2026-04-25 08:38:28,174 - INFO - Step   88800 | Epoch  11 | MSE: 0.4624 | Steps/sec: 1.79 | LR: 1.88e-04 | Render_L1: 0.0289 | Alpha_L1: 0.0424 | Render_LPIPS: 0.1811 | Repel: 0.0000 | cos(c,null): +0.4911 | GradNorm: 0.0526 | MSE/t: [0.00-0.25]0.582(n=464) [0.25-0.50]0.501(n=1166) [0.50-0.75]0.410(n=1140) [0.75-1.00]0.369(n=430)
2026-04-25 08:38:28,651 - INFO - [cond] cfg_signal=0.0400 (min=0.0297 max=0.0532, n=16) | class_signal=0.0520 (min=0.0326 max=0.0691, n=16) | pred_rms=0.5980
2026-04-25 08:38:28,711 - INFO - [render-loss] step=88800 masked 11/16 samples (t_value < 0.40)
2026-04-25 08:40:20,461 - INFO - Step   89000 | Epoch  11 | MSE: 0.4630 | Steps/sec: 1.79 | LR: 1.88e-04 | Render_L1: 0.0297 | Alpha_L1: 0.0432 | Render_LPIPS: 0.1858 | Repel: 0.0000 | cos(c,null): +0.4925 | GradNorm: 0.0488 | MSE/t: [0.00-0.25]0.587(n=410) [0.25-0.50]0.506(n=1198) [0.50-0.75]0.408(n=1144) [0.75-1.00]0.374(n=448)
2026-04-25 08:40:20,960 - INFO - [cond] cfg_signal=0.0390 (min=0.0267 max=0.0582, n=16) | class_signal=0.0501 (min=0.0327 max=0.0670, n=16) | pred_rms=0.6249
2026-04-25 08:40:29,314 - INFO - [validation] saved: output/jit_JiT-B_8_from_scratch_null_repel/dit_validation/epoch_011_step_0089000_class074.png (class=74, sampler=heun, steps=100)
2026-04-25 08:40:30,732 - INFO - [overrides] applied from jit/configs/overrides.yaml: lr_scale=1.0 max_grad_norm=5.0 null_repel_weight=0.05 P_mean=0.0
2026-04-25 08:40:30,781 - INFO - [render-loss] step=89000 masked 6/16 samples (t_value < 0.40)
2026-04-25 08:42:23,228 - INFO - Step   89200 | Epoch  11 | MSE: 0.4724 | Steps/sec: 1.64 | LR: 1.88e-04 | Render_L1: 0.0295 | Alpha_L1: 0.0438 | Render_LPIPS: 0.1819 | Repel: 0.0000 | cos(c,null): +0.4947 | GradNorm: 0.0562 | MSE/t: [0.00-0.25]0.611(n=468) [0.25-0.50]0.489(n=1180) [0.50-0.75]0.438(n=1116) [0.75-1.00]0.366(n=436)
2026-04-25 08:42:23,690 - INFO - [cond] cfg_signal=0.0410 (min=0.0293 max=0.0528, n=16) | class_signal=0.0531 (min=0.0337 max=0.0715, n=16) | pred_rms=0.6455
2026-04-25 08:42:23,761 - INFO - [render-loss] step=89200 masked 6/16 samples (t_value < 0.40)
2026-04-25 08:44:16,125 - INFO - Step   89400 | Epoch  11 | MSE: 0.4651 | Steps/sec: 1.78 | LR: 1.88e-04 | Render_L1: 0.0294 | Alpha_L1: 0.0428 | Render_LPIPS: 0.1827 | Repel: 0.0000 | cos(c,null): +0.4952 | GradNorm: 0.0674 | MSE/t: [0.00-0.25]0.625(n=423) [0.25-0.50]0.501(n=1170) [0.50-0.75]0.415(n=1182) [0.75-1.00]0.346(n=425)
2026-04-25 08:44:16,742 - INFO - [cond] cfg_signal=0.0406 (min=0.0277 max=0.0530, n=16) | class_signal=0.0520 (min=0.0316 max=0.0708, n=16) | pred_rms=0.6179
2026-04-25 08:44:16,801 - INFO - [render-loss] step=89400 masked 4/16 samples (t_value < 0.40)
2026-04-25 08:46:08,612 - INFO - Step   89600 | Epoch  11 | MSE: 0.4622 | Steps/sec: 1.79 | LR: 1.88e-04 | Render_L1: 0.0291 | Alpha_L1: 0.0425 | Render_LPIPS: 0.1825 | Repel: 0.0000 | cos(c,null): +0.4931 | GradNorm: 0.0543 | MSE/t: [0.00-0.25]0.567(n=405) [0.25-0.50]0.517(n=1217) [0.50-0.75]0.411(n=1173) [0.75-1.00]0.342(n=405)
2026-04-25 08:46:09,085 - INFO - [cond] cfg_signal=0.0411 (min=0.0277 max=0.0650, n=16) | class_signal=0.0532 (min=0.0323 max=0.0779, n=16) | pred_rms=0.6474
2026-04-25 08:46:09,141 - INFO - [render-loss] step=89600 masked 6/16 samples (t_value < 0.40)
2026-04-25 08:48:01,095 - INFO - Step   89800 | Epoch  11 | MSE: 0.4643 | Steps/sec: 1.79 | LR: 1.88e-04 | Render_L1: 0.0292 | Alpha_L1: 0.0418 | Render_LPIPS: 0.1812 | Repel: 0.0000 | cos(c,null): +0.4888 | GradNorm: 0.0514 | MSE/t: [0.00-0.25]0.584(n=424) [0.25-0.50]0.520(n=1185) [0.50-0.75]0.411(n=1141) [0.75-1.00]0.340(n=450)
2026-04-25 08:48:01,563 - INFO - [cond] cfg_signal=0.0407 (min=0.0284 max=0.0573, n=16) | class_signal=0.0513 (min=0.0321 max=0.0754, n=16) | pred_rms=0.6460
2026-04-25 08:48:01,626 - INFO - [render-loss] step=89800 masked 6/16 samples (t_value < 0.40)
2026-04-25 08:49:53,779 - INFO - Step   90000 | Epoch  11 | MSE: 0.4714 | Steps/sec: 1.78 | LR: 1.88e-04 | Render_L1: 0.0300 | Alpha_L1: 0.0425 | Render_LPIPS: 0.1864 | Repel: 0.0000 | cos(c,null): +0.4896 | GradNorm: 0.0524 | MSE/t: [0.00-0.25]0.592(n=438) [0.25-0.50]0.512(n=1198) [0.50-0.75]0.420(n=1137) [0.75-1.00]0.371(n=427)
2026-04-25 08:49:54,243 - INFO - [cond] cfg_signal=0.0362 (min=0.0238 max=0.0463, n=16) | class_signal=0.0468 (min=0.0313 max=0.0594, n=16) | pred_rms=0.6007
2026-04-25 08:50:02,375 - INFO - [validation] saved: output/jit_JiT-B_8_from_scratch_null_repel/dit_validation/epoch_011_step_0090000_class105.png (class=105, sampler=heun, steps=100)
2026-04-25 08:50:03,610 - INFO - [overrides] applied from jit/configs/overrides.yaml: lr_scale=1.0 max_grad_norm=5.0 null_repel_weight=0.05 P_mean=0.0
2026-04-25 08:50:03,658 - INFO - [render-loss] step=90000 masked 4/16 samples (t_value < 0.40)
2026-04-25 08:51:55,960 - INFO - Step   90200 | Epoch  11 | MSE: 0.4436 | Steps/sec: 1.64 | LR: 1.88e-04 | Render_L1: 0.0276 | Alpha_L1: 0.0402 | Render_LPIPS: 0.1760 | Repel: 0.0000 | cos(c,null): +0.4729 | GradNorm: 0.0664 | MSE/t: [0.00-0.25]0.565(n=415) [0.25-0.50]0.489(n=1189) [0.50-0.75]0.390(n=1130) [0.75-1.00]0.350(n=466)
2026-04-25 08:51:56,445 - INFO - [cond] cfg_signal=0.0408 (min=0.0270 max=0.0498, n=16) | class_signal=0.0500 (min=0.0354 max=0.0671, n=16) | pred_rms=0.6080
2026-04-25 08:51:56,506 - INFO - [render-loss] step=90200 masked 2/16 samples (t_value < 0.40)
2026-04-25 08:53:48,264 - INFO - Step   90400 | Epoch  11 | MSE: 0.4633 | Steps/sec: 1.79 | LR: 1.88e-04 | Render_L1: 0.0291 | Alpha_L1: 0.0424 | Render_LPIPS: 0.1829 | Repel: 0.0000 | cos(c,null): +0.4619 | GradNorm: 0.1137 | MSE/t: [0.00-0.25]0.627(n=448) [0.25-0.50]0.495(n=1140) [0.50-0.75]0.405(n=1178) [0.75-1.00]0.367(n=434)
2026-04-25 08:53:48,756 - INFO - [cond] cfg_signal=0.0440 (min=0.0282 max=0.0553, n=16) | class_signal=0.0551 (min=0.0367 max=0.0743, n=16) | pred_rms=0.5858
2026-04-25 08:53:48,813 - INFO - [render-loss] step=90400 masked 7/16 samples (t_value < 0.40)
2026-04-25 08:55:41,559 - INFO - Step   90600 | Epoch  11 | MSE: 0.4627 | Steps/sec: 1.77 | LR: 1.88e-04 | Render_L1: 0.0292 | Alpha_L1: 0.0415 | Render_LPIPS: 0.1831 | Repel: 0.0000 | cos(c,null): +0.4680 | GradNorm: 0.0597 | MSE/t: [0.00-0.25]0.565(n=424) [0.25-0.50]0.511(n=1190) [0.50-0.75]0.408(n=1180) [0.75-1.00]0.374(n=406)
2026-04-25 08:55:42,024 - INFO - [cond] cfg_signal=0.0395 (min=0.0268 max=0.0494, n=16) | class_signal=0.0507 (min=0.0329 max=0.0661, n=16) | pred_rms=0.6110
2026-04-25 08:55:42,083 - INFO - [render-loss] step=90600 masked 7/16 samples (t_value < 0.40)
2026-04-25 08:57:34,262 - INFO - Step   90800 | Epoch  11 | MSE: 0.4604 | Steps/sec: 1.78 | LR: 1.88e-04 | Render_L1: 0.0288 | Alpha_L1: 0.0417 | Render_LPIPS: 0.1809 | Repel: 0.0000 | cos(c,null): +0.4736 | GradNorm: 0.0544 | MSE/t: [0.00-0.25]0.585(n=422) [0.25-0.50]0.492(n=1182) [0.50-0.75]0.410(n=1171) [0.75-1.00]0.386(n=425)
2026-04-25 08:57:34,724 - INFO - [cond] cfg_signal=0.0373 (min=0.0246 max=0.0441, n=16) | class_signal=0.0475 (min=0.0319 max=0.0614, n=16) | pred_rms=0.6116
2026-04-25 08:57:34,783 - INFO - [render-loss] step=90800 masked 6/16 samples (t_value < 0.40)
2026-04-25 08:59:26,937 - INFO - Step   91000 | Epoch  11 | MSE: 0.4624 | Steps/sec: 1.78 | LR: 1.88e-04 | Render_L1: 0.0291 | Alpha_L1: 0.0422 | Render_LPIPS: 0.1813 | Repel: 0.0000 | cos(c,null): +0.4810 | GradNorm: 0.0551 | MSE/t: [0.00-0.25]0.589(n=411) [0.25-0.50]0.524(n=1161) [0.50-0.75]0.400(n=1178) [0.75-1.00]0.353(n=450)
2026-04-25 08:59:27,424 - INFO - [cond] cfg_signal=0.0395 (min=0.0259 max=0.0493, n=16) | class_signal=0.0492 (min=0.0336 max=0.0687, n=16) | pred_rms=0.6143
2026-04-25 08:59:35,439 - INFO - [validation] saved: output/jit_JiT-B_8_from_scratch_null_repel/dit_validation/epoch_011_step_0091000_class049.png (class=49, sampler=heun, steps=100)
2026-04-25 08:59:36,644 - INFO - [overrides] applied from jit/configs/overrides.yaml: lr_scale=1.0 max_grad_norm=5.0 null_repel_weight=0.05 P_mean=0.0
2026-04-25 08:59:36,695 - INFO - [render-loss] step=91000 masked 6/16 samples (t_value < 0.40)
2026-04-25 09:01:28,540 - INFO - Step   91200 | Epoch  11 | MSE: 0.4601 | Steps/sec: 1.65 | LR: 1.88e-04 | Render_L1: 0.0282 | Alpha_L1: 0.0406 | Render_LPIPS: 0.1776 | Repel: 0.0000 | cos(c,null): +0.4851 | GradNorm: 0.0464 | MSE/t: [0.00-0.25]0.566(n=456) [0.25-0.50]0.508(n=1131) [0.50-0.75]0.409(n=1161) [0.75-1.00]0.363(n=452)
2026-04-25 09:01:29,027 - INFO - [cond] cfg_signal=0.0363 (min=0.0246 max=0.0470, n=16) | class_signal=0.0458 (min=0.0276 max=0.0595, n=16) | pred_rms=0.6260
2026-04-25 09:01:29,085 - INFO - [render-loss] step=91200 masked 6/16 samples (t_value < 0.40)
2026-04-25 09:03:21,242 - INFO - Step   91400 | Epoch  11 | MSE: 0.4619 | Steps/sec: 1.78 | LR: 1.88e-04 | Render_L1: 0.0277 | Alpha_L1: 0.0400 | Render_LPIPS: 0.1785 | Repel: 0.0000 | cos(c,null): +0.4854 | GradNorm: 0.0504 | MSE/t: [0.00-0.25]0.592(n=442) [0.25-0.50]0.513(n=1123) [0.50-0.75]0.395(n=1188) [0.75-1.00]0.382(n=447)
2026-04-25 09:03:21,751 - INFO - [cond] cfg_signal=0.0383 (min=0.0273 max=0.0509, n=16) | class_signal=0.0488 (min=0.0324 max=0.0642, n=16) | pred_rms=0.6331
2026-04-25 09:03:21,812 - INFO - [render-loss] step=91400 masked 5/16 samples (t_value < 0.40)
2026-04-25 09:05:14,167 - INFO - Step   91600 | Epoch  11 | MSE: 0.4491 | Steps/sec: 1.78 | LR: 1.88e-04 | Render_L1: 0.0285 | Alpha_L1: 0.0406 | Render_LPIPS: 0.1802 | Repel: 0.0000 | cos(c,null): +0.4872 | GradNorm: 0.0474 | MSE/t: [0.00-0.25]0.547(n=455) [0.25-0.50]0.497(n=1150) [0.50-0.75]0.395(n=1152) [0.75-1.00]0.364(n=443)
2026-04-25 09:05:14,623 - INFO - [cond] cfg_signal=0.0360 (min=0.0243 max=0.0445, n=16) | class_signal=0.0465 (min=0.0309 max=0.0589, n=16) | pred_rms=0.6259
2026-04-25 09:05:14,681 - INFO - [render-loss] step=91600 masked 5/16 samples (t_value < 0.40)
2026-04-25 09:07:06,851 - INFO - Step   91800 | Epoch  11 | MSE: 0.4585 | Steps/sec: 1.78 | LR: 1.88e-04 | Render_L1: 0.0290 | Alpha_L1: 0.0413 | Render_LPIPS: 0.1818 | Repel: 0.0000 | cos(c,null): +0.4886 | GradNorm: 0.0503 | MSE/t: [0.00-0.25]0.570(n=424) [0.25-0.50]0.505(n=1169) [0.50-0.75]0.413(n=1198) [0.75-1.00]0.341(n=409)
2026-04-25 09:07:07,304 - INFO - [cond] cfg_signal=0.0362 (min=0.0228 max=0.0464, n=16) | class_signal=0.0467 (min=0.0312 max=0.0589, n=16) | pred_rms=0.6135
2026-04-25 09:07:07,372 - INFO - [render-loss] step=91800 masked 3/16 samples (t_value < 0.40)
2026-04-25 09:08:59,290 - INFO - Step   92000 | Epoch  11 | MSE: 0.4615 | Steps/sec: 1.79 | LR: 1.88e-04 | Render_L1: 0.0279 | Alpha_L1: 0.0408 | Render_LPIPS: 0.1810 | Repel: 0.0000 | cos(c,null): +0.4893 | GradNorm: 0.0526 | MSE/t: [0.00-0.25]0.578(n=475) [0.25-0.50]0.500(n=1180) [0.50-0.75]0.413(n=1132) [0.75-1.00]0.349(n=413)
2026-04-25 09:08:59,763 - INFO - [cond] cfg_signal=0.0381 (min=0.0231 max=0.0498, n=16) | class_signal=0.0481 (min=0.0290 max=0.0637, n=16) | pred_rms=0.6369
2026-04-25 09:09:07,783 - INFO - [validation] saved: output/jit_JiT-B_8_from_scratch_null_repel/dit_validation/epoch_011_step_0092000_class053.png (class=53, sampler=heun, steps=100)
2026-04-25 09:09:08,944 - INFO - [overrides] applied from jit/configs/overrides.yaml: lr_scale=1.0 max_grad_norm=5.0 null_repel_weight=0.05 P_mean=0.0
2026-04-25 09:09:08,992 - INFO - [render-loss] step=92000 masked 4/16 samples (t_value < 0.40)
2026-04-25 09:11:01,117 - INFO - Step   92200 | Epoch  11 | MSE: 0.4756 | Steps/sec: 1.65 | LR: 1.88e-04 | Render_L1: 0.0315 | Alpha_L1: 0.0504 | Render_LPIPS: 0.1911 | Repel: 0.0000 | cos(c,null): +0.4906 | GradNorm: 0.7503 | MSE/t: [0.00-0.25]0.584(n=418) [0.25-0.50]0.516(n=1181) [0.50-0.75]0.428(n=1179) [0.75-1.00]0.389(n=422)
2026-04-25 09:11:01,599 - INFO - [cond] cfg_signal=0.0450 (min=0.0300 max=0.0599, n=16) | class_signal=0.0560 (min=0.0382 max=0.0820, n=16) | pred_rms=0.6072
2026-04-25 09:11:01,682 - INFO - [render-loss] step=92200 masked 4/16 samples (t_value < 0.40)
2026-04-25 09:12:53,719 - INFO - Step   92400 | Epoch  11 | MSE: 0.4601 | Steps/sec: 1.78 | LR: 1.87e-04 | Render_L1: 0.0292 | Alpha_L1: 0.0417 | Render_LPIPS: 0.1822 | Repel: 0.0000 | cos(c,null): +0.4916 | GradNorm: 0.0528 | MSE/t: [0.00-0.25]0.539(n=423) [0.25-0.50]0.512(n=1223) [0.50-0.75]0.415(n=1133) [0.75-1.00]0.349(n=421)
2026-04-25 09:12:54,393 - INFO - [cond] cfg_signal=0.0432 (min=0.0254 max=0.0574, n=16) | class_signal=0.0544 (min=0.0354 max=0.0775, n=16) | pred_rms=0.6077
2026-04-25 09:12:54,448 - INFO - [render-loss] step=92400 masked 9/16 samples (t_value < 0.40)
2026-04-25 09:14:46,635 - INFO - Step   92600 | Epoch  11 | MSE: 0.4516 | Steps/sec: 1.78 | LR: 1.87e-04 | Render_L1: 0.0280 | Alpha_L1: 0.0401 | Render_LPIPS: 0.1779 | Repel: 0.0000 | cos(c,null): +0.4923 | GradNorm: 0.0479 | MSE/t: [0.00-0.25]0.579(n=436) [0.25-0.50]0.491(n=1167) [0.50-0.75]0.402(n=1175) [0.75-1.00]0.349(n=422)
2026-04-25 09:14:47,136 - INFO - [cond] cfg_signal=0.0402 (min=0.0261 max=0.0536, n=16) | class_signal=0.0513 (min=0.0374 max=0.0708, n=16) | pred_rms=0.6188
2026-04-25 09:14:47,192 - INFO - [render-loss] step=92600 masked 8/16 samples (t_value < 0.40)
2026-04-25 09:16:39,199 - INFO - Step   92800 | Epoch  11 | MSE: 0.4669 | Steps/sec: 1.78 | LR: 1.87e-04 | Render_L1: 0.0293 | Alpha_L1: 0.0411 | Render_LPIPS: 0.1837 | Repel: 0.0000 | cos(c,null): +0.4923 | GradNorm: 0.0562 | MSE/t: [0.00-0.25]0.585(n=441) [0.25-0.50]0.508(n=1135) [0.50-0.75]0.423(n=1140) [0.75-1.00]0.368(n=484)
2026-04-25 09:16:39,664 - INFO - [cond] cfg_signal=0.0402 (min=0.0254 max=0.0546, n=16) | class_signal=0.0515 (min=0.0364 max=0.0741, n=16) | pred_rms=0.6035
2026-04-25 09:16:39,718 - INFO - [render-loss] step=92800 masked 8/16 samples (t_value < 0.40)
2026-04-25 09:18:31,816 - INFO - Step   93000 | Epoch  11 | MSE: 0.4536 | Steps/sec: 1.78 | LR: 1.87e-04 | Render_L1: 0.0282 | Alpha_L1: 0.0410 | Render_LPIPS: 0.1791 | Repel: 0.0000 | cos(c,null): +0.4924 | GradNorm: 0.0487 | MSE/t: [0.00-0.25]0.587(n=438) [0.25-0.50]0.502(n=1130) [0.50-0.75]0.396(n=1157) [0.75-1.00]0.355(n=475)
2026-04-25 09:18:32,290 - INFO - [cond] cfg_signal=0.0390 (min=0.0241 max=0.0517, n=16) | class_signal=0.0498 (min=0.0337 max=0.0689, n=16) | pred_rms=0.6244
2026-04-25 09:18:40,298 - INFO - [validation] saved: output/jit_JiT-B_8_from_scratch_null_repel/dit_validation/epoch_011_step_0093000_class012.png (class=12, sampler=heun, steps=100)
2026-04-25 09:18:41,463 - INFO - [overrides] applied from jit/configs/overrides.yaml: lr_scale=1.0 max_grad_norm=5.0 null_repel_weight=0.05 P_mean=0.0
2026-04-25 09:18:41,510 - INFO - [render-loss] step=93000 masked 4/16 samples (t_value < 0.40)
2026-04-25 09:20:33,337 - INFO - Step   93200 | Epoch  11 | MSE: 0.4597 | Steps/sec: 1.65 | LR: 1.87e-04 | Render_L1: 0.0281 | Alpha_L1: 0.0408 | Render_LPIPS: 0.1799 | Repel: 0.0000 | cos(c,null): +0.4931 | GradNorm: 0.0475 | MSE/t: [0.00-0.25]0.567(n=453) [0.25-0.50]0.509(n=1166) [0.50-0.75]0.400(n=1168) [0.75-1.00]0.372(n=413)
2026-04-25 09:20:33,798 - INFO - [cond] cfg_signal=0.0401 (min=0.0247 max=0.0528, n=16) | class_signal=0.0508 (min=0.0357 max=0.0717, n=16) | pred_rms=0.6245
2026-04-25 09:20:33,853 - INFO - [render-loss] step=93200 masked 8/16 samples (t_value < 0.40)
2026-04-25 09:22:26,109 - INFO - Step   93400 | Epoch  11 | MSE: 0.4607 | Steps/sec: 1.78 | LR: 1.87e-04 | Render_L1: 0.0281 | Alpha_L1: 0.0402 | Render_LPIPS: 0.1794 | Repel: 0.0000 | cos(c,null): +0.4932 | GradNorm: 0.0491 | MSE/t: [0.00-0.25]0.604(n=461) [0.25-0.50]0.499(n=1172) [0.50-0.75]0.400(n=1158) [0.75-1.00]0.362(n=409)
2026-04-25 09:22:26,585 - INFO - [cond] cfg_signal=0.0400 (min=0.0249 max=0.0516, n=16) | class_signal=0.0512 (min=0.0327 max=0.0740, n=16) | pred_rms=0.6324
2026-04-25 09:22:26,640 - INFO - [render-loss] step=93400 masked 9/16 samples (t_value < 0.40)
2026-04-25 09:24:18,632 - INFO - Step   93600 | Epoch  11 | MSE: 0.4651 | Steps/sec: 1.79 | LR: 1.87e-04 | Render_L1: 0.0284 | Alpha_L1: 0.0409 | Render_LPIPS: 0.1810 | Repel: 0.0000 | cos(c,null): +0.4936 | GradNorm: 0.1370 | MSE/t: [0.00-0.25]0.589(n=438) [0.25-0.50]0.509(n=1146) [0.50-0.75]0.417(n=1169) [0.75-1.00]0.358(n=447)
2026-04-25 09:24:19,075 - INFO - [cond] cfg_signal=0.0393 (min=0.0256 max=0.0557, n=16) | class_signal=0.0507 (min=0.0315 max=0.0663, n=16) | pred_rms=0.5960
2026-04-25 09:24:19,144 - INFO - [render-loss] step=93600 masked 4/16 samples (t_value < 0.40)
2026-04-25 09:26:11,291 - INFO - Step   93800 | Epoch  11 | MSE: 0.4542 | Steps/sec: 1.78 | LR: 1.87e-04 | Render_L1: 0.0280 | Alpha_L1: 0.0408 | Render_LPIPS: 0.1780 | Repel: 0.0000 | cos(c,null): +0.4944 | GradNorm: 0.0470 | MSE/t: [0.00-0.25]0.571(n=428) [0.25-0.50]0.503(n=1203) [0.50-0.75]0.399(n=1155) [0.75-1.00]0.348(n=414)
2026-04-25 09:26:11,759 - INFO - [cond] cfg_signal=0.0394 (min=0.0262 max=0.0509, n=16) | class_signal=0.0515 (min=0.0330 max=0.0699, n=16) | pred_rms=0.6244
2026-04-25 09:26:11,820 - INFO - [render-loss] step=93800 masked 4/16 samples (t_value < 0.40)
2026-04-25 09:28:03,813 - INFO - Step   94000 | Epoch  11 | MSE: 0.4563 | Steps/sec: 1.78 | LR: 1.87e-04 | Render_L1: 0.0283 | Alpha_L1: 0.0407 | Render_LPIPS: 0.1798 | Repel: 0.0000 | cos(c,null): +0.4937 | GradNorm: 0.0502 | MSE/t: [0.00-0.25]0.564(n=451) [0.25-0.50]0.513(n=1120) [0.50-0.75]0.398(n=1173) [0.75-1.00]0.360(n=456)
2026-04-25 09:28:04,290 - INFO - [cond] cfg_signal=0.0403 (min=0.0254 max=0.0498, n=16) | class_signal=0.0529 (min=0.0341 max=0.0715, n=16) | pred_rms=0.6294
2026-04-25 09:28:12,380 - INFO - [validation] saved: output/jit_JiT-B_8_from_scratch_null_repel/dit_validation/epoch_011_step_0094000_class013.png (class=13, sampler=heun, steps=100)
2026-04-25 09:28:13,612 - INFO - [overrides] applied from jit/configs/overrides.yaml: lr_scale=1.0 max_grad_norm=5.0 null_repel_weight=0.05 P_mean=0.0
2026-04-25 09:28:13,663 - INFO - [render-loss] step=94000 masked 6/16 samples (t_value < 0.40)
2026-04-25 09:30:06,195 - INFO - Step   94200 | Epoch  11 | MSE: 0.4503 | Steps/sec: 1.64 | LR: 1.87e-04 | Render_L1: 0.0282 | Alpha_L1: 0.0400 | Render_LPIPS: 0.1793 | Repel: 0.0000 | cos(c,null): +0.4934 | GradNorm: 0.0486 | MSE/t: [0.00-0.25]0.561(n=405) [0.25-0.50]0.494(n=1146) [0.50-0.75]0.402(n=1186) [0.75-1.00]0.367(n=463)
2026-04-25 09:30:06,660 - INFO - [cond] cfg_signal=0.0396 (min=0.0271 max=0.0496, n=16) | class_signal=0.0516 (min=0.0324 max=0.0683, n=16) | pred_rms=0.6109
2026-04-25 09:30:06,715 - INFO - [render-loss] step=94200 masked 5/16 samples (t_value < 0.40)
2026-04-25 09:31:58,601 - INFO - Step   94400 | Epoch  11 | MSE: 0.4600 | Steps/sec: 1.79 | LR: 1.87e-04 | Render_L1: 0.0276 | Alpha_L1: 0.0394 | Render_LPIPS: 0.1772 | Repel: 0.0000 | cos(c,null): +0.4930 | GradNorm: 0.0458 | MSE/t: [0.00-0.25]0.581(n=439) [0.25-0.50]0.517(n=1171) [0.50-0.75]0.394(n=1157) [0.75-1.00]0.358(n=433)
2026-04-25 09:31:59,173 - INFO - [cond] cfg_signal=0.0408 (min=0.0274 max=0.0507, n=16) | class_signal=0.0534 (min=0.0328 max=0.0734, n=16) | pred_rms=0.6479
2026-04-25 09:31:59,436 - INFO - [render-loss] step=94400 masked 6/16 samples (t_value < 0.40)
2026-04-25 09:33:51,144 - INFO - Step   94600 | Epoch  11 | MSE: 0.4647 | Steps/sec: 1.79 | LR: 1.87e-04 | Render_L1: 0.0288 | Alpha_L1: 0.0430 | Render_LPIPS: 0.1826 | Repel: 0.0000 | cos(c,null): +0.4922 | GradNorm: 0.0560 | MSE/t: [0.00-0.25]0.575(n=415) [0.25-0.50]0.500(n=1187) [0.50-0.75]0.424(n=1169) [0.75-1.00]0.372(n=429)
2026-04-25 09:33:51,610 - INFO - [cond] cfg_signal=0.0383 (min=0.0260 max=0.0483, n=16) | class_signal=0.0497 (min=0.0307 max=0.0640, n=16) | pred_rms=0.6351
2026-04-25 09:33:51,665 - INFO - [render-loss] step=94600 masked 4/16 samples (t_value < 0.40)
2026-04-25 09:35:43,672 - INFO - Step   94800 | Epoch  11 | MSE: 0.4572 | Steps/sec: 1.78 | LR: 1.87e-04 | Render_L1: 0.0291 | Alpha_L1: 0.0424 | Render_LPIPS: 0.1825 | Repel: 0.0000 | cos(c,null): +0.4907 | GradNorm: 1.6191 | MSE/t: [0.00-0.25]0.575(n=440) [0.25-0.50]0.505(n=1126) [0.50-0.75]0.404(n=1196) [0.75-1.00]0.361(n=438)
2026-04-25 09:35:44,139 - INFO - [cond] cfg_signal=0.0377 (min=0.0237 max=0.0536, n=16) | class_signal=0.0481 (min=0.0291 max=0.0568, n=16) | pred_rms=0.6154
2026-04-25 09:35:44,194 - INFO - [render-loss] step=94800 masked 4/16 samples (t_value < 0.40)
2026-04-25 09:37:36,187 - INFO - Step   95000 | Epoch  11 | MSE: 0.4610 | Steps/sec: 1.78 | LR: 1.87e-04 | Render_L1: 0.0289 | Alpha_L1: 0.0414 | Render_LPIPS: 0.1830 | Repel: 0.0000 | cos(c,null): +0.4946 | GradNorm: 0.0636 | MSE/t: [0.00-0.25]0.554(n=409) [0.25-0.50]0.508(n=1185) [0.50-0.75]0.419(n=1147) [0.75-1.00]0.361(n=459)
2026-04-25 09:37:36,645 - INFO - [cond] cfg_signal=0.0395 (min=0.0270 max=0.0550, n=16) | class_signal=0.0475 (min=0.0297 max=0.0586, n=16) | pred_rms=0.6219
2026-04-25 09:37:44,593 - INFO - [validation] saved: output/jit_JiT-B_8_from_scratch_null_repel/dit_validation/epoch_011_step_0095000_class089.png (class=89, sampler=heun, steps=100)
2026-04-25 09:37:45,892 - INFO - [overrides] applied from jit/configs/overrides.yaml: lr_scale=1.0 max_grad_norm=5.0 null_repel_weight=0.05 P_mean=0.0
2026-04-25 09:37:45,939 - INFO - [render-loss] step=95000 masked 9/16 samples (t_value < 0.40)
2026-04-25 09:39:38,264 - INFO - Step   95200 | Epoch  11 | MSE: 0.4623 | Steps/sec: 1.64 | LR: 1.87e-04 | Render_L1: 0.0279 | Alpha_L1: 0.0401 | Render_LPIPS: 0.1765 | Repel: 0.0000 | cos(c,null): +0.4960 | GradNorm: 0.0491 | MSE/t: [0.00-0.25]0.605(n=460) [0.25-0.50]0.497(n=1188) [0.50-0.75]0.404(n=1143) [0.75-1.00]0.364(n=409)
2026-04-25 09:39:38,738 - INFO - [cond] cfg_signal=0.0372 (min=0.0229 max=0.0509, n=16) | class_signal=0.0467 (min=0.0279 max=0.0580, n=16) | pred_rms=0.6186
2026-04-25 09:39:38,799 - INFO - [render-loss] step=95200 masked 8/16 samples (t_value < 0.40)
2026-04-25 09:41:31,911 - INFO - Step   95400 | Epoch  12 | MSE: 0.4555 | Steps/sec: 1.77 | LR: 1.87e-04 | Render_L1: 0.0285 | Alpha_L1: 0.0413 | Render_LPIPS: 0.1806 | Repel: 0.0000 | cos(c,null): +0.4969 | GradNorm: 0.0508 | MSE/t: [0.00-0.25]0.564(n=475) [0.25-0.50]0.497(n=1138) [0.50-0.75]0.408(n=1149) [0.75-1.00]0.354(n=438)
2026-04-25 09:41:32,417 - INFO - [cond] cfg_signal=0.0380 (min=0.0222 max=0.0506, n=16) | class_signal=0.0464 (min=0.0286 max=0.0586, n=16) | pred_rms=0.6161
2026-04-25 09:41:32,477 - INFO - [render-loss] step=95400 masked 5/16 samples (t_value < 0.40)
2026-04-25 09:43:24,672 - INFO - Step   95600 | Epoch  12 | MSE: 0.4510 | Steps/sec: 1.78 | LR: 1.87e-04 | Render_L1: 0.0275 | Alpha_L1: 0.0401 | Render_LPIPS: 0.1775 | Repel: 0.0000 | cos(c,null): +0.4959 | GradNorm: 0.0478 | MSE/t: [0.00-0.25]0.558(n=393) [0.25-0.50]0.505(n=1134) [0.50-0.75]0.401(n=1213) [0.75-1.00]0.357(n=460)
2026-04-25 09:43:25,148 - INFO - [cond] cfg_signal=0.0392 (min=0.0225 max=0.0633, n=16) | class_signal=0.0467 (min=0.0292 max=0.0577, n=16) | pred_rms=0.6309
2026-04-25 09:43:25,203 - INFO - [render-loss] step=95600 masked 5/16 samples (t_value < 0.40)
2026-04-25 09:45:17,713 - INFO - Step   95800 | Epoch  12 | MSE: 0.4567 | Steps/sec: 1.78 | LR: 1.87e-04 | Render_L1: 0.0282 | Alpha_L1: 0.0405 | Render_LPIPS: 0.1791 | Repel: 0.0000 | cos(c,null): +0.4962 | GradNorm: 0.0500 | MSE/t: [0.00-0.25]0.615(n=426) [0.25-0.50]0.494(n=1147) [0.50-0.75]0.403(n=1185) [0.75-1.00]0.349(n=442)
2026-04-25 09:45:18,186 - INFO - [cond] cfg_signal=0.0377 (min=0.0218 max=0.0508, n=16) | class_signal=0.0439 (min=0.0274 max=0.0543, n=16) | pred_rms=0.6018
2026-04-25 09:45:18,245 - INFO - [render-loss] step=95800 masked 8/16 samples (t_value < 0.40)
2026-04-25 09:47:10,288 - INFO - Step   96000 | Epoch  12 | MSE: 0.4665 | Steps/sec: 1.78 | LR: 1.86e-04 | Render_L1: 0.0287 | Alpha_L1: 0.0410 | Render_LPIPS: 0.1811 | Repel: 0.0000 | cos(c,null): +0.4969 | GradNorm: 0.0519 | MSE/t: [0.00-0.25]0.581(n=427) [0.25-0.50]0.510(n=1214) [0.50-0.75]0.420(n=1102) [0.75-1.00]0.357(n=457)
2026-04-25 09:47:10,745 - INFO - [cond] cfg_signal=0.0382 (min=0.0209 max=0.0500, n=16) | class_signal=0.0467 (min=0.0292 max=0.0624, n=16) | pred_rms=0.5395
2026-04-25 09:47:18,782 - INFO - [validation] saved: output/jit_JiT-B_8_from_scratch_null_repel/dit_validation/epoch_012_step_0096000_class005.png (class=5, sampler=heun, steps=100)
2026-04-25 09:47:19,974 - INFO - [overrides] applied from jit/configs/overrides.yaml: lr_scale=1.0 max_grad_norm=5.0 null_repel_weight=0.05 P_mean=0.0
2026-04-25 09:47:20,025 - INFO - [render-loss] step=96000 masked 8/16 samples (t_value < 0.40)
2026-04-25 09:49:12,467 - INFO - Step   96200 | Epoch  12 | MSE: 0.4578 | Steps/sec: 1.64 | LR: 1.86e-04 | Render_L1: 0.0288 | Alpha_L1: 0.0417 | Render_LPIPS: 0.1787 | Repel: 0.0000 | cos(c,null): +0.4973 | GradNorm: 0.0507 | MSE/t: [0.00-0.25]0.565(n=421) [0.25-0.50]0.513(n=1164) [0.50-0.75]0.402(n=1144) [0.75-1.00]0.362(n=471)
2026-04-25 09:49:12,932 - INFO - [cond] cfg_signal=0.0365 (min=0.0224 max=0.0454, n=16) | class_signal=0.0439 (min=0.0274 max=0.0535, n=16) | pred_rms=0.6147
2026-04-25 09:49:12,987 - INFO - [render-loss] step=96200 masked 3/16 samples (t_value < 0.40)
2026-04-25 09:51:05,524 - INFO - Step   96400 | Epoch  12 | MSE: 0.4531 | Steps/sec: 1.78 | LR: 1.86e-04 | Render_L1: 0.0280 | Alpha_L1: 0.0405 | Render_LPIPS: 0.1786 | Repel: 0.0000 | cos(c,null): +0.4970 | GradNorm: 0.0554 | MSE/t: [0.00-0.25]0.565(n=448) [0.25-0.50]0.508(n=1146) [0.50-0.75]0.399(n=1162) [0.75-1.00]0.339(n=444)
2026-04-25 09:51:05,983 - INFO - [cond] cfg_signal=0.0359 (min=0.0216 max=0.0487, n=16) | class_signal=0.0458 (min=0.0342 max=0.0566, n=16) | pred_rms=0.6092
2026-04-25 09:51:06,036 - INFO - [render-loss] step=96400 masked 1/16 samples (t_value < 0.40)
2026-04-25 09:52:58,225 - INFO - Step   96600 | Epoch  12 | MSE: 0.4618 | Steps/sec: 1.78 | LR: 1.86e-04 | Render_L1: 0.0290 | Alpha_L1: 0.0408 | Render_LPIPS: 0.1827 | Repel: 0.0000 | cos(c,null): +0.4956 | GradNorm: 0.0503 | MSE/t: [0.00-0.25]0.597(n=396) [0.25-0.50]0.509(n=1189) [0.50-0.75]0.409(n=1198) [0.75-1.00]0.351(n=417)
2026-04-25 09:52:58,701 - INFO - [cond] cfg_signal=0.0372 (min=0.0203 max=0.0473, n=16) | class_signal=0.0476 (min=0.0356 max=0.0603, n=16) | pred_rms=0.6286
2026-04-25 09:52:58,757 - INFO - [render-loss] step=96600 masked 6/16 samples (t_value < 0.40)
2026-04-25 09:54:50,343 - INFO - Step   96800 | Epoch  12 | MSE: 0.4641 | Steps/sec: 1.79 | LR: 1.86e-04 | Render_L1: 0.0280 | Alpha_L1: 0.0401 | Render_LPIPS: 0.1787 | Repel: 0.0000 | cos(c,null): +0.4935 | GradNorm: 0.0511 | MSE/t: [0.00-0.25]0.612(n=428) [0.25-0.50]0.507(n=1130) [0.50-0.75]0.413(n=1223) [0.75-1.00]0.345(n=419)
2026-04-25 09:54:50,816 - INFO - [cond] cfg_signal=0.0384 (min=0.0215 max=0.0474, n=16) | class_signal=0.0471 (min=0.0320 max=0.0621, n=16) | pred_rms=0.6069
2026-04-25 09:54:50,886 - INFO - [render-loss] step=96800 masked 7/16 samples (t_value < 0.40)
2026-04-25 09:56:42,970 - INFO - Step   97000 | Epoch  12 | MSE: 0.4608 | Steps/sec: 1.78 | LR: 1.86e-04 | Render_L1: 0.0291 | Alpha_L1: 0.0415 | Render_LPIPS: 0.1826 | Repel: 0.0000 | cos(c,null): +0.4935 | GradNorm: 0.0562 | MSE/t: [0.00-0.25]0.569(n=409) [0.25-0.50]0.500(n=1135) [0.50-0.75]0.423(n=1181) [0.75-1.00]0.366(n=475)
2026-04-25 09:56:43,435 - INFO - [cond] cfg_signal=0.0379 (min=0.0225 max=0.0463, n=16) | class_signal=0.0470 (min=0.0313 max=0.0577, n=16) | pred_rms=0.6194
2026-04-25 09:56:51,440 - INFO - [validation] saved: output/jit_JiT-B_8_from_scratch_null_repel/dit_validation/epoch_012_step_0097000_class003.png (class=3, sampler=heun, steps=100)
2026-04-25 09:56:52,636 - INFO - [overrides] applied from jit/configs/overrides.yaml: lr_scale=1.0 max_grad_norm=5.0 null_repel_weight=0.05 P_mean=0.0
2026-04-25 09:56:52,685 - INFO - [render-loss] step=97000 masked 4/16 samples (t_value < 0.40)
2026-04-25 09:58:45,079 - INFO - Step   97200 | Epoch  12 | MSE: 0.4648 | Steps/sec: 1.64 | LR: 1.86e-04 | Render_L1: 0.0287 | Alpha_L1: 0.0421 | Render_LPIPS: 0.1808 | Repel: 0.0000 | cos(c,null): +0.4909 | GradNorm: 0.0578 | MSE/t: [0.00-0.25]0.589(n=431) [0.25-0.50]0.502(n=1167) [0.50-0.75]0.425(n=1148) [0.75-1.00]0.353(n=454)
2026-04-25 09:58:45,543 - INFO - [cond] cfg_signal=0.0385 (min=0.0238 max=0.0481, n=16) | class_signal=0.0481 (min=0.0311 max=0.0638, n=16) | pred_rms=0.6075
2026-04-25 09:58:45,598 - INFO - [render-loss] step=97200 masked 7/16 samples (t_value < 0.40)
2026-04-25 10:00:37,713 - INFO - Step   97400 | Epoch  12 | MSE: 0.4580 | Steps/sec: 1.78 | LR: 1.86e-04 | Render_L1: 0.0288 | Alpha_L1: 0.0422 | Render_LPIPS: 0.1799 | Repel: 0.0000 | cos(c,null): +0.4942 | GradNorm: 0.0523 | MSE/t: [0.00-0.25]0.559(n=472) [0.25-0.50]0.500(n=1174) [0.50-0.75]0.406(n=1110) [0.75-1.00]0.371(n=444)
2026-04-25 10:00:38,176 - INFO - [cond] cfg_signal=0.0395 (min=0.0220 max=0.0520, n=16) | class_signal=0.0474 (min=0.0329 max=0.0587, n=16) | pred_rms=0.6140
2026-04-25 10:00:38,233 - INFO - [render-loss] step=97400 masked 9/16 samples (t_value < 0.40)
2026-04-25 10:02:30,144 - INFO - Step   97600 | Epoch  12 | MSE: 0.4617 | Steps/sec: 1.79 | LR: 1.86e-04 | Render_L1: 0.0282 | Alpha_L1: 0.0410 | Render_LPIPS: 0.1782 | Repel: 0.0000 | cos(c,null): +0.4942 | GradNorm: 0.0509 | MSE/t: [0.00-0.25]0.608(n=439) [0.25-0.50]0.514(n=1173) [0.50-0.75]0.400(n=1141) [0.75-1.00]0.339(n=447)
2026-04-25 10:02:30,625 - INFO - [cond] cfg_signal=0.0404 (min=0.0228 max=0.0547, n=16) | class_signal=0.0507 (min=0.0355 max=0.0652, n=16) | pred_rms=0.6427
2026-04-25 10:02:30,681 - INFO - [render-loss] step=97600 masked 9/16 samples (t_value < 0.40)
2026-04-25 10:04:22,973 - INFO - Step   97800 | Epoch  12 | MSE: 0.4502 | Steps/sec: 1.78 | LR: 1.86e-04 | Render_L1: 0.0272 | Alpha_L1: 0.0390 | Render_LPIPS: 0.1733 | Repel: 0.0000 | cos(c,null): +0.4942 | GradNorm: 0.0464 | MSE/t: [0.00-0.25]0.578(n=423) [0.25-0.50]0.517(n=1076) [0.50-0.75]0.391(n=1227) [0.75-1.00]0.338(n=474)
2026-04-25 10:04:23,450 - INFO - [cond] cfg_signal=0.0400 (min=0.0232 max=0.0523, n=16) | class_signal=0.0494 (min=0.0333 max=0.0629, n=16) | pred_rms=0.6260
2026-04-25 10:04:23,504 - INFO - [render-loss] step=97800 masked 4/16 samples (t_value < 0.40)
2026-04-25 10:06:15,824 - INFO - Step   98000 | Epoch  12 | MSE: 0.4536 | Steps/sec: 1.78 | LR: 1.86e-04 | Render_L1: 0.0283 | Alpha_L1: 0.0404 | Render_LPIPS: 0.1757 | Repel: 0.0000 | cos(c,null): +0.4955 | GradNorm: 0.0499 | MSE/t: [0.00-0.25]0.597(n=455) [0.25-0.50]0.479(n=1129) [0.50-0.75]0.406(n=1163) [0.75-1.00]0.369(n=453)
2026-04-25 10:06:16,273 - INFO - [cond] cfg_signal=0.0394 (min=0.0265 max=0.0561, n=16) | class_signal=0.0496 (min=0.0308 max=0.0626, n=16) | pred_rms=0.6194
2026-04-25 10:06:24,265 - INFO - [validation] saved: output/jit_JiT-B_8_from_scratch_null_repel/dit_validation/epoch_012_step_0098000_class101.png (class=101, sampler=heun, steps=100)
2026-04-25 10:06:25,475 - INFO - [overrides] applied from jit/configs/overrides.yaml: lr_scale=1.0 max_grad_norm=5.0 null_repel_weight=0.05 P_mean=0.0
2026-04-25 10:06:25,521 - INFO - [render-loss] step=98000 masked 5/16 samples (t_value < 0.40)
2026-04-25 10:08:17,437 - INFO - Step   98200 | Epoch  12 | MSE: 0.4535 | Steps/sec: 1.65 | LR: 1.86e-04 | Render_L1: 0.0282 | Alpha_L1: 0.0405 | Render_LPIPS: 0.1777 | Repel: 0.0000 | cos(c,null): +0.4959 | GradNorm: 0.0527 | MSE/t: [0.00-0.25]0.596(n=435) [0.25-0.50]0.501(n=1173) [0.50-0.75]0.386(n=1185) [0.75-1.00]0.358(n=407)
2026-04-25 10:08:17,897 - INFO - [cond] cfg_signal=0.0377 (min=0.0224 max=0.0515, n=16) | class_signal=0.0487 (min=0.0310 max=0.0623, n=16) | pred_rms=0.6227
2026-04-25 10:08:17,951 - INFO - [render-loss] step=98200 masked 4/16 samples (t_value < 0.40)
2026-04-25 10:10:09,783 - INFO - Step   98400 | Epoch  12 | MSE: 0.4574 | Steps/sec: 1.79 | LR: 1.86e-04 | Render_L1: 0.0284 | Alpha_L1: 0.0408 | Render_LPIPS: 0.1796 | Repel: 0.0000 | cos(c,null): +0.4962 | GradNorm: 0.0469 | MSE/t: [0.00-0.25]0.598(n=440) [0.25-0.50]0.496(n=1166) [0.50-0.75]0.405(n=1167) [0.75-1.00]0.351(n=427)
2026-04-25 10:10:10,250 - INFO - [cond] cfg_signal=0.0376 (min=0.0234 max=0.0500, n=16) | class_signal=0.0487 (min=0.0328 max=0.0632, n=16) | pred_rms=0.6206
2026-04-25 10:10:10,305 - INFO - [render-loss] step=98400 masked 5/16 samples (t_value < 0.40)
2026-04-25 10:12:02,538 - INFO - Step   98600 | Epoch  12 | MSE: 0.4640 | Steps/sec: 1.78 | LR: 1.86e-04 | Render_L1: 0.0282 | Alpha_L1: 0.0400 | Render_LPIPS: 0.1788 | Repel: 0.0000 | cos(c,null): +0.4963 | GradNorm: 0.0480 | MSE/t: [0.00-0.25]0.589(n=463) [0.25-0.50]0.515(n=1157) [0.50-0.75]0.404(n=1150) [0.75-1.00]0.354(n=430)
2026-04-25 10:12:02,999 - INFO - [cond] cfg_signal=0.0385 (min=0.0233 max=0.0535, n=16) | class_signal=0.0499 (min=0.0323 max=0.0659, n=16) | pred_rms=0.6213
2026-04-25 10:12:03,054 - INFO - [render-loss] step=98600 masked 8/16 samples (t_value < 0.40)
2026-04-25 10:13:55,187 - INFO - Step   98800 | Epoch  12 | MSE: 0.4726 | Steps/sec: 1.78 | LR: 1.86e-04 | Render_L1: 0.0292 | Alpha_L1: 0.0422 | Render_LPIPS: 0.1829 | Repel: 0.0000 | cos(c,null): +0.4783 | GradNorm: 0.0530 | MSE/t: [0.00-0.25]0.603(n=420) [0.25-0.50]0.515(n=1192) [0.50-0.75]0.414(n=1177) [0.75-1.00]0.385(n=411)
2026-04-25 10:13:55,655 - INFO - [cond] cfg_signal=0.0402 (min=0.0228 max=0.0573, n=16) | class_signal=0.0511 (min=0.0360 max=0.0687, n=16) | pred_rms=0.6295
2026-04-25 10:13:55,711 - INFO - [render-loss] step=98800 masked 3/16 samples (t_value < 0.40)
2026-04-25 10:15:47,888 - INFO - Step   99000 | Epoch  12 | MSE: 0.4620 | Steps/sec: 1.78 | LR: 1.86e-04 | Render_L1: 0.0288 | Alpha_L1: 0.0419 | Render_LPIPS: 0.1793 | Repel: 0.0000 | cos(c,null): +0.4798 | GradNorm: 0.0509 | MSE/t: [0.00-0.25]0.591(n=456) [0.25-0.50]0.515(n=1146) [0.50-0.75]0.397(n=1147) [0.75-1.00]0.362(n=451)
2026-04-25 10:15:48,379 - INFO - [cond] cfg_signal=0.0395 (min=0.0227 max=0.0503, n=16) | class_signal=0.0505 (min=0.0324 max=0.0668, n=16) | pred_rms=0.6169
2026-04-25 10:15:56,379 - INFO - [validation] saved: output/jit_JiT-B_8_from_scratch_null_repel/dit_validation/epoch_012_step_0099000_class019.png (class=19, sampler=heun, steps=100)
2026-04-25 10:15:57,582 - INFO - [overrides] applied from jit/configs/overrides.yaml: lr_scale=1.0 max_grad_norm=5.0 null_repel_weight=0.05 P_mean=0.0
2026-04-25 10:15:57,631 - INFO - [render-loss] step=99000 masked 7/16 samples (t_value < 0.40)
2026-04-25 10:17:49,532 - INFO - Step   99200 | Epoch  12 | MSE: 0.4628 | Steps/sec: 1.65 | LR: 1.86e-04 | Render_L1: 0.0283 | Alpha_L1: 0.0403 | Render_LPIPS: 0.1799 | Repel: 0.0000 | cos(c,null): +0.4830 | GradNorm: 0.0470 | MSE/t: [0.00-0.25]0.602(n=415) [0.25-0.50]0.510(n=1184) [0.50-0.75]0.407(n=1166) [0.75-1.00]0.351(n=435)
2026-04-25 10:17:50,032 - INFO - [cond] cfg_signal=0.0391 (min=0.0241 max=0.0526, n=16) | class_signal=0.0506 (min=0.0312 max=0.0736, n=16) | pred_rms=0.6051
2026-04-25 10:17:50,253 - INFO - [render-loss] step=99200 masked 8/16 samples (t_value < 0.40)
2026-04-25 10:19:42,383 - INFO - Step   99400 | Epoch  12 | MSE: 0.4665 | Steps/sec: 1.78 | LR: 1.86e-04 | Render_L1: 0.0290 | Alpha_L1: 0.0419 | Render_LPIPS: 0.1823 | Repel: 0.0000 | cos(c,null): +0.4834 | GradNorm: 0.0528 | MSE/t: [0.00-0.25]0.595(n=393) [0.25-0.50]0.513(n=1207) [0.50-0.75]0.420(n=1165) [0.75-1.00]0.345(n=435)
2026-04-25 10:19:42,870 - INFO - [cond] cfg_signal=0.0396 (min=0.0299 max=0.0501, n=16) | class_signal=0.0512 (min=0.0353 max=0.0713, n=16) | pred_rms=0.6003
2026-04-25 10:19:42,926 - INFO - [render-loss] step=99400 masked 6/16 samples (t_value < 0.40)
2026-04-25 10:21:35,193 - INFO - Step   99600 | Epoch  12 | MSE: 0.4539 | Steps/sec: 1.78 | LR: 1.85e-04 | Render_L1: 0.0292 | Alpha_L1: 0.0420 | Render_LPIPS: 0.1817 | Repel: 0.0000 | cos(c,null): +0.4851 | GradNorm: 0.0554 | MSE/t: [0.00-0.25]0.552(n=470) [0.25-0.50]0.511(n=1086) [0.50-0.75]0.403(n=1197) [0.75-1.00]0.348(n=447)
2026-04-25 10:21:35,648 - INFO - [cond] cfg_signal=0.0377 (min=0.0249 max=0.0462, n=16) | class_signal=0.0506 (min=0.0345 max=0.0671, n=16) | pred_rms=0.5976
2026-04-25 10:21:35,702 - INFO - [render-loss] step=99600 masked 7/16 samples (t_value < 0.40)
2026-04-25 10:23:28,116 - INFO - Step   99800 | Epoch  12 | MSE: 0.4622 | Steps/sec: 1.78 | LR: 1.85e-04 | Render_L1: 0.0298 | Alpha_L1: 0.0420 | Render_LPIPS: 0.1852 | Repel: 0.0000 | cos(c,null): +0.4899 | GradNorm: 0.2512 | MSE/t: [0.00-0.25]0.569(n=453) [0.25-0.50]0.503(n=1116) [0.50-0.75]0.423(n=1203) [0.75-1.00]0.354(n=428)
2026-04-25 10:23:28,662 - INFO - [cond] cfg_signal=0.0375 (min=0.0231 max=0.0520, n=16) | class_signal=0.0512 (min=0.0375 max=0.0663, n=16) | pred_rms=0.6081
2026-04-25 10:23:28,731 - INFO - [render-loss] step=99800 masked 3/16 samples (t_value < 0.40)
2026-04-25 10:25:20,699 - INFO - Step  100000 | Epoch  12 | MSE: 0.4501 | Steps/sec: 1.79 | LR: 1.85e-04 | Render_L1: 0.0285 | Alpha_L1: 0.0412 | Render_LPIPS: 0.1795 | Repel: 0.0000 | cos(c,null): +0.4923 | GradNorm: 0.0495 | MSE/t: [0.00-0.25]0.566(n=451) [0.25-0.50]0.489(n=1140) [0.50-0.75]0.408(n=1185) [0.75-1.00]0.339(n=424)
2026-04-25 10:25:21,245 - INFO - [cond] cfg_signal=0.0373 (min=0.0229 max=0.0450, n=16) | class_signal=0.0507 (min=0.0361 max=0.0617, n=16) | pred_rms=0.6232
2026-04-25 10:25:23,565 - INFO - Saved checkpoint to output/jit_JiT-B_8_from_scratch_null_repel/0100000.pt
2026-04-25 10:25:24,065 - INFO - [cond] cfg_signal=0.0373 (min=0.0229 max=0.0450, n=16) | class_signal=0.0507 (min=0.0361 max=0.0617, n=16) | pred_rms=0.6232
2026-04-25 10:25:32,283 - INFO - [validation] saved: output/jit_JiT-B_8_from_scratch_null_repel/dit_validation/epoch_012_step_0100000_class085.png (class=85, sampler=heun, steps=100)
2026-04-25 10:25:33,653 - INFO - [overrides] applied from jit/configs/overrides.yaml: lr_scale=1.0 max_grad_norm=5.0 null_repel_weight=0.05 P_mean=0.0
2026-04-25 10:25:33,713 - INFO - [render-loss] step=100000 masked 8/16 samples (t_value < 0.40)
2026-04-25 10:27:25,491 - INFO - Step  100200 | Epoch  12 | MSE: 0.4587 | Steps/sec: 1.61 | LR: 1.85e-04 | Render_L1: 0.0287 | Alpha_L1: 0.0415 | Render_LPIPS: 0.1805 | Repel: 0.0000 | cos(c,null): +0.4933 | GradNorm: 0.0511 | MSE/t: [0.00-0.25]0.590(n=441) [0.25-0.50]0.495(n=1182) [0.50-0.75]0.407(n=1153) [0.75-1.00]0.360(n=424)
2026-04-25 10:27:25,950 - INFO - [cond] cfg_signal=0.0366 (min=0.0229 max=0.0464, n=16) | class_signal=0.0494 (min=0.0358 max=0.0600, n=16) | pred_rms=0.6195
2026-04-25 10:27:26,003 - INFO - [render-loss] step=100200 masked 8/16 samples (t_value < 0.40)
2026-04-25 10:29:17,950 - INFO - Step  100400 | Epoch  12 | MSE: 0.4526 | Steps/sec: 1.79 | LR: 1.85e-04 | Render_L1: 0.0285 | Alpha_L1: 0.0405 | Render_LPIPS: 0.1809 | Repel: 0.0000 | cos(c,null): +0.4877 | GradNorm: 0.0551 | MSE/t: [0.00-0.25]0.577(n=426) [0.25-0.50]0.501(n=1173) [0.50-0.75]0.398(n=1190) [0.75-1.00]0.343(n=411)
2026-04-25 10:29:18,592 - INFO - [cond] cfg_signal=0.0375 (min=0.0241 max=0.0459, n=16) | class_signal=0.0496 (min=0.0341 max=0.0614, n=16) | pred_rms=0.6107
2026-04-25 10:29:18,649 - INFO - [render-loss] step=100400 masked 8/16 samples (t_value < 0.40)
2026-04-25 10:31:11,099 - INFO - Step  100600 | Epoch  12 | MSE: 0.4545 | Steps/sec: 1.78 | LR: 1.85e-04 | Render_L1: 0.0277 | Alpha_L1: 0.0408 | Render_LPIPS: 0.1771 | Repel: 0.0000 | cos(c,null): +0.4884 | GradNorm: 0.0533 | MSE/t: [0.00-0.25]0.590(n=436) [0.25-0.50]0.495(n=1098) [0.50-0.75]0.405(n=1220) [0.75-1.00]0.357(n=446)
2026-04-25 10:31:11,572 - INFO - [cond] cfg_signal=0.0381 (min=0.0238 max=0.0477, n=16) | class_signal=0.0493 (min=0.0349 max=0.0635, n=16) | pred_rms=0.6203
2026-04-25 10:31:11,628 - INFO - [render-loss] step=100600 masked 6/16 samples (t_value < 0.40)
2026-04-25 10:33:03,809 - INFO - Step  100800 | Epoch  12 | MSE: 0.4616 | Steps/sec: 1.78 | LR: 1.85e-04 | Render_L1: 0.0287 | Alpha_L1: 0.0418 | Render_LPIPS: 0.1812 | Repel: 0.0000 | cos(c,null): +0.4888 | GradNorm: 0.0513 | MSE/t: [0.00-0.25]0.592(n=466) [0.25-0.50]0.505(n=1152) [0.50-0.75]0.407(n=1117) [0.75-1.00]0.355(n=465)
2026-04-25 10:33:04,274 - INFO - [cond] cfg_signal=0.0395 (min=0.0231 max=0.0545, n=16) | class_signal=0.0511 (min=0.0327 max=0.0649, n=16) | pred_rms=0.6165
2026-04-25 10:33:04,329 - INFO - [render-loss] step=100800 masked 6/16 samples (t_value < 0.40)
2026-04-25 10:34:56,521 - INFO - Step  101000 | Epoch  12 | MSE: 0.4605 | Steps/sec: 1.78 | LR: 1.85e-04 | Render_L1: 0.0278 | Alpha_L1: 0.0407 | Render_LPIPS: 0.1763 | Repel: 0.0000 | cos(c,null): +0.4888 | GradNorm: 0.0479 | MSE/t: [0.00-0.25]0.613(n=423) [0.25-0.50]0.497(n=1174) [0.50-0.75]0.404(n=1152) [0.75-1.00]0.369(n=451)
2026-04-25 10:34:56,977 - INFO - [cond] cfg_signal=0.0383 (min=0.0244 max=0.0536, n=16) | class_signal=0.0495 (min=0.0317 max=0.0649, n=16) | pred_rms=0.6134
2026-04-25 10:35:04,970 - INFO - [validation] saved: output/jit_JiT-B_8_from_scratch_null_repel/dit_validation/epoch_012_step_0101000_class011.png (class=11, sampler=heun, steps=100)
2026-04-25 10:35:06,149 - INFO - [overrides] applied from jit/configs/overrides.yaml: lr_scale=1.0 max_grad_norm=5.0 null_repel_weight=0.05 P_mean=0.0
2026-04-25 10:35:06,197 - INFO - [render-loss] step=101000 masked 3/16 samples (t_value < 0.40)
2026-04-25 10:36:58,174 - INFO - Step  101200 | Epoch  12 | MSE: 0.4637 | Steps/sec: 1.65 | LR: 1.85e-04 | Render_L1: 0.0289 | Alpha_L1: 0.0423 | Render_LPIPS: 0.1812 | Repel: 0.0000 | cos(c,null): +0.4899 | GradNorm: 0.1918 | MSE/t: [0.00-0.25]0.582(n=437) [0.25-0.50]0.502(n=1170) [0.50-0.75]0.413(n=1151) [0.75-1.00]0.375(n=442)
2026-04-25 10:36:58,653 - INFO - [cond] cfg_signal=0.0376 (min=0.0249 max=0.0521, n=16) | class_signal=0.0501 (min=0.0311 max=0.0602, n=16) | pred_rms=0.5946
2026-04-25 10:36:58,709 - INFO - [render-loss] step=101200 masked 4/16 samples (t_value < 0.40)
2026-04-25 10:38:50,719 - INFO - Step  101400 | Epoch  12 | MSE: 0.4662 | Steps/sec: 1.78 | LR: 1.85e-04 | Render_L1: 0.0283 | Alpha_L1: 0.0404 | Render_LPIPS: 0.1799 | Repel: 0.0000 | cos(c,null): +0.4912 | GradNorm: 0.0512 | MSE/t: [0.00-0.25]0.607(n=469) [0.25-0.50]0.512(n=1164) [0.50-0.75]0.402(n=1169) [0.75-1.00]0.356(n=398)
2026-04-25 10:38:51,183 - INFO - [cond] cfg_signal=0.0395 (min=0.0228 max=0.0535, n=16) | class_signal=0.0510 (min=0.0290 max=0.0617, n=16) | pred_rms=0.5999
2026-04-25 10:38:51,238 - INFO - [render-loss] step=101400 masked 3/16 samples (t_value < 0.40)
2026-04-25 10:40:43,332 - INFO - Step  101600 | Epoch  12 | MSE: 0.4545 | Steps/sec: 1.78 | LR: 1.85e-04 | Render_L1: 0.0274 | Alpha_L1: 0.0394 | Render_LPIPS: 0.1745 | Repel: 0.0000 | cos(c,null): +0.4912 | GradNorm: 0.0481 | MSE/t: [0.00-0.25]0.581(n=463) [0.25-0.50]0.496(n=1159) [0.50-0.75]0.403(n=1148) [0.75-1.00]0.343(n=430)
2026-04-25 10:40:43,819 - INFO - [cond] cfg_signal=0.0381 (min=0.0255 max=0.0524, n=16) | class_signal=0.0520 (min=0.0316 max=0.0630, n=16) | pred_rms=0.6180
2026-04-25 10:40:43,880 - INFO - [render-loss] step=101600 masked 4/16 samples (t_value < 0.40)
2026-04-25 10:42:35,963 - INFO - Step  101800 | Epoch  12 | MSE: 0.4706 | Steps/sec: 1.78 | LR: 1.85e-04 | Render_L1: 0.0287 | Alpha_L1: 0.0414 | Render_LPIPS: 0.1825 | Repel: 0.0000 | cos(c,null): +0.4894 | GradNorm: 0.0517 | MSE/t: [0.00-0.25]0.606(n=455) [0.25-0.50]0.510(n=1139) [0.50-0.75]0.419(n=1170) [0.75-1.00]0.366(n=436)
2026-04-25 10:42:36,430 - INFO - [cond] cfg_signal=0.0371 (min=0.0239 max=0.0511, n=16) | class_signal=0.0516 (min=0.0325 max=0.0628, n=16) | pred_rms=0.6027
2026-04-25 10:42:36,485 - INFO - [render-loss] step=101800 masked 5/16 samples (t_value < 0.40)
2026-04-25 10:44:28,960 - INFO - Step  102000 | Epoch  12 | MSE: 0.4688 | Steps/sec: 1.78 | LR: 1.85e-04 | Render_L1: 0.0289 | Alpha_L1: 0.0409 | Render_LPIPS: 0.1817 | Repel: 0.0000 | cos(c,null): +0.4897 | GradNorm: 0.0515 | MSE/t: [0.00-0.25]0.607(n=432) [0.25-0.50]0.512(n=1173) [0.50-0.75]0.415(n=1142) [0.75-1.00]0.360(n=453)
2026-04-25 10:44:29,438 - INFO - [cond] cfg_signal=0.0390 (min=0.0289 max=0.0562, n=16) | class_signal=0.0542 (min=0.0317 max=0.0708, n=16) | pred_rms=0.6080
2026-04-25 10:44:37,797 - INFO - [validation] saved: output/jit_JiT-B_8_from_scratch_null_repel/dit_validation/epoch_012_step_0102000_class006.png (class=6, sampler=heun, steps=100)
2026-04-25 10:44:39,033 - INFO - [overrides] applied from jit/configs/overrides.yaml: lr_scale=1.0 max_grad_norm=5.0 null_repel_weight=0.05 P_mean=0.0
2026-04-25 10:44:39,081 - INFO - [render-loss] step=102000 masked 4/16 samples (t_value < 0.40)
2026-04-25 10:46:31,409 - INFO - Step  102200 | Epoch  12 | MSE: 0.4579 | Steps/sec: 1.64 | LR: 1.85e-04 | Render_L1: 0.0279 | Alpha_L1: 0.0408 | Render_LPIPS: 0.1801 | Repel: 0.0000 | cos(c,null): +0.4930 | GradNorm: 0.1098 | MSE/t: [0.00-0.25]0.578(n=468) [0.25-0.50]0.506(n=1140) [0.50-0.75]0.401(n=1160) [0.75-1.00]0.356(n=432)
2026-04-25 10:46:31,887 - INFO - [cond] cfg_signal=0.0376 (min=0.0265 max=0.0552, n=16) | class_signal=0.0515 (min=0.0352 max=0.0606, n=16) | pred_rms=0.5999
2026-04-25 10:46:31,945 - INFO - [render-loss] step=102200 masked 4/16 samples (t_value < 0.40)
2026-04-25 10:48:23,893 - INFO - Step  102400 | Epoch  12 | MSE: 0.4633 | Steps/sec: 1.79 | LR: 1.85e-04 | Render_L1: 0.0280 | Alpha_L1: 0.0405 | Render_LPIPS: 0.1788 | Repel: 0.0000 | cos(c,null): +0.4939 | GradNorm: 0.0506 | MSE/t: [0.00-0.25]0.603(n=415) [0.25-0.50]0.504(n=1166) [0.50-0.75]0.412(n=1213) [0.75-1.00]0.355(n=406)
2026-04-25 10:48:24,356 - INFO - [cond] cfg_signal=0.0370 (min=0.0274 max=0.0559, n=16) | class_signal=0.0501 (min=0.0313 max=0.0623, n=16) | pred_rms=0.6086
2026-04-25 10:48:24,410 - INFO - [render-loss] step=102400 masked 10/16 samples (t_value < 0.40)
2026-04-25 10:50:16,596 - INFO - Step  102600 | Epoch  12 | MSE: 0.4527 | Steps/sec: 1.78 | LR: 1.85e-04 | Render_L1: 0.0283 | Alpha_L1: 0.0403 | Render_LPIPS: 0.1767 | Repel: 0.0000 | cos(c,null): +0.4929 | GradNorm: 0.0464 | MSE/t: [0.00-0.25]0.576(n=425) [0.25-0.50]0.502(n=1161) [0.50-0.75]0.397(n=1201) [0.75-1.00]0.349(n=413)
2026-04-25 10:50:17,058 - INFO - [cond] cfg_signal=0.0377 (min=0.0265 max=0.0552, n=16) | class_signal=0.0497 (min=0.0305 max=0.0631, n=16) | pred_rms=0.6314
2026-04-25 10:50:17,114 - INFO - [render-loss] step=102600 masked 7/16 samples (t_value < 0.40)
2026-04-25 10:52:09,194 - INFO - Step  102800 | Epoch  12 | MSE: 0.4627 | Steps/sec: 1.78 | LR: 1.85e-04 | Render_L1: 0.0280 | Alpha_L1: 0.0401 | Render_LPIPS: 0.1786 | Repel: 0.0000 | cos(c,null): +0.4929 | GradNorm: 0.0494 | MSE/t: [0.00-0.25]0.579(n=419) [0.25-0.50]0.509(n=1140) [0.50-0.75]0.424(n=1207) [0.75-1.00]0.339(n=434)
2026-04-25 10:52:09,689 - INFO - [cond] cfg_signal=0.0386 (min=0.0269 max=0.0588, n=16) | class_signal=0.0507 (min=0.0290 max=0.0614, n=16) | pred_rms=0.6420
2026-04-25 10:52:09,748 - INFO - [render-loss] step=102800 masked 7/16 samples (t_value < 0.40)
2026-04-25 10:54:01,982 - INFO - Step  103000 | Epoch  12 | MSE: 0.4586 | Steps/sec: 1.78 | LR: 1.85e-04 | Render_L1: 0.0285 | Alpha_L1: 0.0404 | Render_LPIPS: 0.1793 | Repel: 0.0000 | cos(c,null): +0.4926 | GradNorm: 0.0487 | MSE/t: [0.00-0.25]0.592(n=463) [0.25-0.50]0.502(n=1187) [0.50-0.75]0.403(n=1106) [0.75-1.00]0.343(n=444)
2026-04-25 10:54:02,455 - INFO - [cond] cfg_signal=0.0371 (min=0.0254 max=0.0565, n=16) | class_signal=0.0516 (min=0.0297 max=0.0620, n=16) | pred_rms=0.6173
2026-04-25 10:54:10,480 - INFO - [validation] saved: output/jit_JiT-B_8_from_scratch_null_repel/dit_validation/epoch_012_step_0103000_class016.png (class=16, sampler=heun, steps=100)
2026-04-25 10:54:11,690 - INFO - [overrides] applied from jit/configs/overrides.yaml: lr_scale=1.0 max_grad_norm=5.0 null_repel_weight=0.05 P_mean=0.0
2026-04-25 10:54:11,740 - INFO - [render-loss] step=103000 masked 5/16 samples (t_value < 0.40)
2026-04-25 10:56:04,027 - INFO - Step  103200 | Epoch  12 | MSE: 0.4522 | Steps/sec: 1.65 | LR: 1.84e-04 | Render_L1: 0.0275 | Alpha_L1: 0.0393 | Render_LPIPS: 0.1770 | Repel: 0.0000 | cos(c,null): +0.4934 | GradNorm: 0.0583 | MSE/t: [0.00-0.25]0.563(n=408) [0.25-0.50]0.498(n=1144) [0.50-0.75]0.403(n=1195) [0.75-1.00]0.366(n=453)
2026-04-25 10:56:04,524 - INFO - [cond] cfg_signal=0.0401 (min=0.0279 max=0.0553, n=16) | class_signal=0.0547 (min=0.0325 max=0.0656, n=16) | pred_rms=0.6461
2026-04-25 10:56:04,578 - INFO - [render-loss] step=103200 masked 4/16 samples (t_value < 0.40)
2026-04-25 10:57:57,988 - INFO - Step  103400 | Epoch  13 | MSE: 0.4609 | Steps/sec: 1.76 | LR: 1.84e-04 | Render_L1: 0.0281 | Alpha_L1: 0.0403 | Render_LPIPS: 0.1777 | Repel: 0.0000 | cos(c,null): +0.4956 | GradNorm: 0.0506 | MSE/t: [0.00-0.25]0.576(n=450) [0.25-0.50]0.495(n=1168) [0.50-0.75]0.413(n=1136) [0.75-1.00]0.376(n=446)
2026-04-25 10:57:58,487 - INFO - [cond] cfg_signal=0.0377 (min=0.0262 max=0.0538, n=16) | class_signal=0.0509 (min=0.0294 max=0.0640, n=16) | pred_rms=0.6306
2026-04-25 10:57:58,545 - INFO - [render-loss] step=103400 masked 6/16 samples (t_value < 0.40)
2026-04-25 10:59:50,456 - INFO - Step  103600 | Epoch  13 | MSE: 0.4621 | Steps/sec: 1.79 | LR: 1.84e-04 | Render_L1: 0.0281 | Alpha_L1: 0.0408 | Render_LPIPS: 0.1798 | Repel: 0.0000 | cos(c,null): +0.4956 | GradNorm: 0.0483 | MSE/t: [0.00-0.25]0.624(n=467) [0.25-0.50]0.499(n=1096) [0.50-0.75]0.406(n=1148) [0.75-1.00]0.356(n=489)
2026-04-25 10:59:50,930 - INFO - [cond] cfg_signal=0.0374 (min=0.0273 max=0.0508, n=16) | class_signal=0.0511 (min=0.0274 max=0.0649, n=16) | pred_rms=0.6162
2026-04-25 10:59:50,986 - INFO - [render-loss] step=103600 masked 5/16 samples (t_value < 0.40)
2026-04-25 11:01:42,866 - INFO - Step  103800 | Epoch  13 | MSE: 0.4621 | Steps/sec: 1.79 | LR: 1.84e-04 | Render_L1: 0.0287 | Alpha_L1: 0.0414 | Render_LPIPS: 0.1809 | Repel: 0.0000 | cos(c,null): +0.4940 | GradNorm: 0.0517 | MSE/t: [0.00-0.25]0.595(n=436) [0.25-0.50]0.496(n=1216) [0.50-0.75]0.416(n=1104) [0.75-1.00]0.353(n=444)
2026-04-25 11:01:43,349 - INFO - [cond] cfg_signal=0.0378 (min=0.0241 max=0.0531, n=16) | class_signal=0.0496 (min=0.0280 max=0.0628, n=16) | pred_rms=0.6234
2026-04-25 11:01:43,404 - INFO - [render-loss] step=103800 masked 6/16 samples (t_value < 0.40)
2026-04-25 11:03:35,409 - INFO - Step  104000 | Epoch  13 | MSE: 0.4628 | Steps/sec: 1.78 | LR: 1.84e-04 | Render_L1: 0.0273 | Alpha_L1: 0.0397 | Render_LPIPS: 0.1764 | Repel: 0.0000 | cos(c,null): +0.4869 | GradNorm: 0.0535 | MSE/t: [0.00-0.25]0.609(n=415) [0.25-0.50]0.513(n=1149) [0.50-0.75]0.403(n=1228) [0.75-1.00]0.351(n=408)
2026-04-25 11:03:35,883 - INFO - [cond] cfg_signal=0.0379 (min=0.0218 max=0.0601, n=16) | class_signal=0.0485 (min=0.0274 max=0.0646, n=16) | pred_rms=0.5834
2026-04-25 11:03:43,967 - INFO - [validation] saved: output/jit_JiT-B_8_from_scratch_null_repel/dit_validation/epoch_013_step_0104000_class097.png (class=97, sampler=heun, steps=100)
2026-04-25 11:03:45,317 - INFO - [overrides] applied from jit/configs/overrides.yaml: lr_scale=1.0 max_grad_norm=5.0 null_repel_weight=0.05 P_mean=0.0
2026-04-25 11:03:45,366 - INFO - [render-loss] step=104000 masked 6/16 samples (t_value < 0.40)
2026-04-25 11:05:37,811 - INFO - Step  104200 | Epoch  13 | MSE: 0.4529 | Steps/sec: 1.64 | LR: 1.84e-04 | Render_L1: 0.0288 | Alpha_L1: 0.0403 | Render_LPIPS: 0.1793 | Repel: 0.0000 | cos(c,null): +0.4887 | GradNorm: 0.0483 | MSE/t: [0.00-0.25]0.591(n=439) [0.25-0.50]0.490(n=1150) [0.50-0.75]0.401(n=1197) [0.75-1.00]0.353(n=414)
2026-04-25 11:05:38,291 - INFO - [cond] cfg_signal=0.0376 (min=0.0238 max=0.0553, n=16) | class_signal=0.0487 (min=0.0297 max=0.0689, n=16) | pred_rms=0.6133
2026-04-25 11:05:38,346 - INFO - [render-loss] step=104200 masked 7/16 samples (t_value < 0.40)
2026-04-25 11:07:30,467 - INFO - Step  104400 | Epoch  13 | MSE: 0.4583 | Steps/sec: 1.78 | LR: 1.84e-04 | Render_L1: 0.0281 | Alpha_L1: 0.0396 | Render_LPIPS: 0.1790 | Repel: 0.0000 | cos(c,null): +0.4890 | GradNorm: 0.0495 | MSE/t: [0.00-0.25]0.581(n=476) [0.25-0.50]0.513(n=1123) [0.50-0.75]0.396(n=1183) [0.75-1.00]0.348(n=418)
2026-04-25 11:07:30,961 - INFO - [cond] cfg_signal=0.0372 (min=0.0235 max=0.0532, n=16) | class_signal=0.0498 (min=0.0302 max=0.0631, n=16) | pred_rms=0.6070
2026-04-25 11:07:31,047 - INFO - [render-loss] step=104400 masked 6/16 samples (t_value < 0.40)
2026-04-25 11:09:22,906 - INFO - Step  104600 | Epoch  13 | MSE: 0.4546 | Steps/sec: 1.79 | LR: 1.84e-04 | Render_L1: 0.0279 | Alpha_L1: 0.0405 | Render_LPIPS: 0.1768 | Repel: 0.0000 | cos(c,null): +0.4904 | GradNorm: 0.0523 | MSE/t: [0.00-0.25]0.575(n=445) [0.25-0.50]0.499(n=1124) [0.50-0.75]0.404(n=1209) [0.75-1.00]0.356(n=422)
2026-04-25 11:09:23,375 - INFO - [cond] cfg_signal=0.0369 (min=0.0242 max=0.0574, n=16) | class_signal=0.0493 (min=0.0280 max=0.0653, n=16) | pred_rms=0.6315
2026-04-25 11:09:23,429 - INFO - [render-loss] step=104600 masked 6/16 samples (t_value < 0.40)
2026-04-25 11:11:15,243 - INFO - Step  104800 | Epoch  13 | MSE: 0.4615 | Steps/sec: 1.79 | LR: 1.84e-04 | Render_L1: 0.0281 | Alpha_L1: 0.0406 | Render_LPIPS: 0.1773 | Repel: 0.0000 | cos(c,null): +0.4908 | GradNorm: 0.0440 | MSE/t: [0.00-0.25]0.581(n=432) [0.25-0.50]0.517(n=1184) [0.50-0.75]0.398(n=1152) [0.75-1.00]0.357(n=432)
2026-04-25 11:11:15,708 - INFO - [cond] cfg_signal=0.0372 (min=0.0230 max=0.0553, n=16) | class_signal=0.0489 (min=0.0273 max=0.0691, n=16) | pred_rms=0.6260
2026-04-25 11:11:15,764 - INFO - [render-loss] step=104800 masked 6/16 samples (t_value < 0.40)
2026-04-25 11:13:07,933 - INFO - Step  105000 | Epoch  13 | MSE: 0.4660 | Steps/sec: 1.78 | LR: 1.84e-04 | Render_L1: 0.0284 | Alpha_L1: 0.0413 | Render_LPIPS: 0.1795 | Repel: 0.0000 | cos(c,null): +0.4943 | GradNorm: 0.0487 | MSE/t: [0.00-0.25]0.629(n=444) [0.25-0.50]0.499(n=1241) [0.50-0.75]0.402(n=1074) [0.75-1.00]0.366(n=441)
2026-04-25 11:13:08,424 - INFO - [cond] cfg_signal=0.0370 (min=0.0243 max=0.0555, n=16) | class_signal=0.0489 (min=0.0293 max=0.0706, n=16) | pred_rms=0.6202
2026-04-25 11:13:16,434 - INFO - [validation] saved: output/jit_JiT-B_8_from_scratch_null_repel/dit_validation/epoch_013_step_0105000_class034.png (class=34, sampler=heun, steps=100)
2026-04-25 11:13:17,631 - INFO - [overrides] applied from jit/configs/overrides.yaml: lr_scale=1.0 max_grad_norm=5.0 null_repel_weight=0.05 P_mean=0.0
2026-04-25 11:13:17,678 - INFO - [render-loss] step=105000 masked 7/16 samples (t_value < 0.40)
2026-04-25 11:15:10,124 - INFO - Step  105200 | Epoch  13 | MSE: 0.4510 | Steps/sec: 1.64 | LR: 1.84e-04 | Render_L1: 0.0282 | Alpha_L1: 0.0407 | Render_LPIPS: 0.1778 | Repel: 0.0000 | cos(c,null): +0.4944 | GradNorm: 0.0559 | MSE/t: [0.00-0.25]0.565(n=476) [0.25-0.50]0.492(n=1132) [0.50-0.75]0.403(n=1136) [0.75-1.00]0.350(n=456)
2026-04-25 11:15:10,595 - INFO - [cond] cfg_signal=0.0400 (min=0.0272 max=0.0649, n=16) | class_signal=0.0513 (min=0.0280 max=0.0796, n=16) | pred_rms=0.6012
2026-04-25 11:15:10,650 - INFO - [render-loss] step=105200 masked 6/16 samples (t_value < 0.40)
2026-04-25 11:17:02,276 - INFO - Step  105400 | Epoch  13 | MSE: 0.4673 | Steps/sec: 1.79 | LR: 1.84e-04 | Render_L1: 0.0285 | Alpha_L1: 0.0409 | Render_LPIPS: 0.1792 | Repel: 0.0000 | cos(c,null): +0.4889 | GradNorm: 0.0484 | MSE/t: [0.00-0.25]0.604(n=420) [0.25-0.50]0.511(n=1184) [0.50-0.75]0.417(n=1169) [0.75-1.00]0.348(n=427)
2026-04-25 11:17:02,740 - INFO - [cond] cfg_signal=0.0371 (min=0.0251 max=0.0535, n=16) | class_signal=0.0474 (min=0.0294 max=0.0678, n=16) | pred_rms=0.6157
2026-04-25 11:17:02,794 - INFO - [render-loss] step=105400 masked 7/16 samples (t_value < 0.40)
2026-04-25 11:18:54,964 - INFO - Step  105600 | Epoch  13 | MSE: 0.4599 | Steps/sec: 1.78 | LR: 1.84e-04 | Render_L1: 0.0271 | Alpha_L1: 0.0396 | Render_LPIPS: 0.1767 | Repel: 0.0000 | cos(c,null): +0.4883 | GradNorm: 0.0474 | MSE/t: [0.00-0.25]0.564(n=471) [0.25-0.50]0.515(n=1150) [0.50-0.75]0.401(n=1180) [0.75-1.00]0.351(n=399)
2026-04-25 11:18:55,429 - INFO - [cond] cfg_signal=0.0385 (min=0.0254 max=0.0570, n=16) | class_signal=0.0501 (min=0.0276 max=0.0698, n=16) | pred_rms=0.6248
2026-04-25 11:18:55,485 - INFO - [render-loss] step=105600 masked 5/16 samples (t_value < 0.40)
2026-04-25 11:20:47,368 - INFO - Step  105800 | Epoch  13 | MSE: 0.4617 | Steps/sec: 1.79 | LR: 1.84e-04 | Render_L1: 0.0284 | Alpha_L1: 0.0396 | Render_LPIPS: 0.1791 | Repel: 0.0000 | cos(c,null): +0.4904 | GradNorm: 0.0463 | MSE/t: [0.00-0.25]0.575(n=466) [0.25-0.50]0.509(n=1170) [0.50-0.75]0.402(n=1116) [0.75-1.00]0.369(n=448)
2026-04-25 11:20:47,860 - INFO - [cond] cfg_signal=0.0375 (min=0.0229 max=0.0530, n=16) | class_signal=0.0486 (min=0.0280 max=0.0736, n=16) | pred_rms=0.6098
2026-04-25 11:20:47,914 - INFO - [render-loss] step=105800 masked 2/16 samples (t_value < 0.40)
2026-04-25 11:22:40,019 - INFO - Step  106000 | Epoch  13 | MSE: 0.4571 | Steps/sec: 1.78 | LR: 1.84e-04 | Render_L1: 0.0278 | Alpha_L1: 0.0393 | Render_LPIPS: 0.1784 | Repel: 0.0000 | cos(c,null): +0.4909 | GradNorm: 0.0468 | MSE/t: [0.00-0.25]0.544(n=412) [0.25-0.50]0.513(n=1192) [0.50-0.75]0.409(n=1180) [0.75-1.00]0.349(n=416)
2026-04-25 11:22:40,502 - INFO - [cond] cfg_signal=0.0368 (min=0.0237 max=0.0562, n=16) | class_signal=0.0488 (min=0.0279 max=0.0688, n=16) | pred_rms=0.6214
2026-04-25 11:22:48,755 - INFO - [validation] saved: output/jit_JiT-B_8_from_scratch_null_repel/dit_validation/epoch_013_step_0106000_class055.png (class=55, sampler=heun, steps=100)
2026-04-25 11:22:49,962 - INFO - [overrides] applied from jit/configs/overrides.yaml: lr_scale=1.0 max_grad_norm=5.0 null_repel_weight=0.05 P_mean=0.0
2026-04-25 11:22:50,010 - INFO - [render-loss] step=106000 masked 3/16 samples (t_value < 0.40)
2026-04-25 11:24:42,269 - INFO - Step  106200 | Epoch  13 | MSE: 0.4608 | Steps/sec: 1.64 | LR: 1.84e-04 | Render_L1: 0.0272 | Alpha_L1: 0.0384 | Render_LPIPS: 0.1747 | Repel: 0.0000 | cos(c,null): +0.4916 | GradNorm: 0.0462 | MSE/t: [0.00-0.25]0.586(n=436) [0.25-0.50]0.509(n=1141) [0.50-0.75]0.406(n=1172) [0.75-1.00]0.361(n=451)
2026-04-25 11:24:42,807 - INFO - [cond] cfg_signal=0.0396 (min=0.0272 max=0.0608, n=16) | class_signal=0.0520 (min=0.0279 max=0.0732, n=16) | pred_rms=0.6175
2026-04-25 11:24:42,863 - INFO - [render-loss] step=106200 masked 6/16 samples (t_value < 0.40)
2026-04-25 11:26:35,055 - INFO - Step  106400 | Epoch  13 | MSE: 0.4578 | Steps/sec: 1.78 | LR: 1.83e-04 | Render_L1: 0.0274 | Alpha_L1: 0.0394 | Render_LPIPS: 0.1779 | Repel: 0.0000 | cos(c,null): +0.4925 | GradNorm: 0.0593 | MSE/t: [0.00-0.25]0.553(n=454) [0.25-0.50]0.527(n=1101) [0.50-0.75]0.398(n=1199) [0.75-1.00]0.350(n=446)
2026-04-25 11:26:35,523 - INFO - [cond] cfg_signal=0.0422 (min=0.0271 max=0.0653, n=16) | class_signal=0.0547 (min=0.0293 max=0.0820, n=16) | pred_rms=0.6461
2026-04-25 11:26:35,576 - INFO - [render-loss] step=106400 masked 7/16 samples (t_value < 0.40)
2026-04-25 11:28:27,815 - INFO - Step  106600 | Epoch  13 | MSE: 0.4718 | Steps/sec: 1.78 | LR: 1.83e-04 | Render_L1: 0.0287 | Alpha_L1: 0.0418 | Render_LPIPS: 0.1823 | Repel: 0.0000 | cos(c,null): +0.4943 | GradNorm: 0.0603 | MSE/t: [0.00-0.25]0.608(n=430) [0.25-0.50]0.524(n=1178) [0.50-0.75]0.409(n=1163) [0.75-1.00]0.363(n=429)
2026-04-25 11:28:28,320 - INFO - [cond] cfg_signal=0.0402 (min=0.0281 max=0.0572, n=16) | class_signal=0.0522 (min=0.0303 max=0.0754, n=16) | pred_rms=0.6186
2026-04-25 11:28:28,378 - INFO - [render-loss] step=106600 masked 5/16 samples (t_value < 0.40)
2026-04-25 11:30:20,341 - INFO - Step  106800 | Epoch  13 | MSE: 0.4588 | Steps/sec: 1.79 | LR: 1.83e-04 | Render_L1: 0.0280 | Alpha_L1: 0.0400 | Render_LPIPS: 0.1770 | Repel: 0.0000 | cos(c,null): +0.4953 | GradNorm: 0.0473 | MSE/t: [0.00-0.25]0.572(n=445) [0.25-0.50]0.509(n=1158) [0.50-0.75]0.402(n=1147) [0.75-1.00]0.361(n=450)
2026-04-25 11:30:20,820 - INFO - [cond] cfg_signal=0.0386 (min=0.0284 max=0.0545, n=16) | class_signal=0.0505 (min=0.0311 max=0.0692, n=16) | pred_rms=0.6072
2026-04-25 11:30:20,878 - INFO - [render-loss] step=106800 masked 6/16 samples (t_value < 0.40)
2026-04-25 11:32:12,930 - INFO - Step  107000 | Epoch  13 | MSE: 0.4587 | Steps/sec: 1.78 | LR: 1.83e-04 | Render_L1: 0.0279 | Alpha_L1: 0.0393 | Render_LPIPS: 0.1779 | Repel: 0.0000 | cos(c,null): +0.4911 | GradNorm: 0.0512 | MSE/t: [0.00-0.25]0.586(n=452) [0.25-0.50]0.498(n=1141) [0.50-0.75]0.399(n=1203) [0.75-1.00]0.382(n=404)
2026-04-25 11:32:13,424 - INFO - [cond] cfg_signal=0.0407 (min=0.0251 max=0.0538, n=16) | class_signal=0.0520 (min=0.0297 max=0.0749, n=16) | pred_rms=0.6428
2026-04-25 11:32:21,408 - INFO - [validation] saved: output/jit_JiT-B_8_from_scratch_null_repel/dit_validation/epoch_013_step_0107000_class116.png (class=116, sampler=heun, steps=100)
2026-04-25 11:32:22,618 - INFO - [overrides] applied from jit/configs/overrides.yaml: lr_scale=1.0 max_grad_norm=5.0 null_repel_weight=0.05 P_mean=0.0
2026-04-25 11:32:22,675 - INFO - [render-loss] step=107000 masked 7/16 samples (t_value < 0.40)
2026-04-25 11:34:14,889 - INFO - Step  107200 | Epoch  13 | MSE: 0.4560 | Steps/sec: 1.65 | LR: 1.83e-04 | Render_L1: 0.0280 | Alpha_L1: 0.0395 | Render_LPIPS: 0.1773 | Repel: 0.0000 | cos(c,null): +0.4851 | GradNorm: 0.0504 | MSE/t: [0.00-0.25]0.594(n=394) [0.25-0.50]0.497(n=1222) [0.50-0.75]0.405(n=1173) [0.75-1.00]0.347(n=411)
2026-04-25 11:34:15,395 - INFO - [cond] cfg_signal=0.0402 (min=0.0230 max=0.0545, n=16) | class_signal=0.0516 (min=0.0295 max=0.0794, n=16) | pred_rms=0.6121
2026-04-25 11:34:15,454 - INFO - [render-loss] step=107200 masked 4/16 samples (t_value < 0.40)
2026-04-25 11:36:07,405 - INFO - Step  107400 | Epoch  13 | MSE: 0.4681 | Steps/sec: 1.79 | LR: 1.83e-04 | Render_L1: 0.0279 | Alpha_L1: 0.0411 | Render_LPIPS: 0.1778 | Repel: 0.0000 | cos(c,null): +0.4806 | GradNorm: 0.0642 | MSE/t: [0.00-0.25]0.584(n=466) [0.25-0.50]0.507(n=1145) [0.50-0.75]0.421(n=1171) [0.75-1.00]0.366(n=418)
2026-04-25 11:36:07,864 - INFO - [cond] cfg_signal=0.0438 (min=0.0281 max=0.0584, n=16) | class_signal=0.0536 (min=0.0356 max=0.0823, n=16) | pred_rms=0.6187
2026-04-25 11:36:07,924 - INFO - [render-loss] step=107400 masked 3/16 samples (t_value < 0.40)
2026-04-25 11:37:59,718 - INFO - Step  107600 | Epoch  13 | MSE: 0.4545 | Steps/sec: 1.79 | LR: 1.83e-04 | Render_L1: 0.0274 | Alpha_L1: 0.0398 | Render_LPIPS: 0.1745 | Repel: 0.0000 | cos(c,null): +0.4701 | GradNorm: 0.0483 | MSE/t: [0.00-0.25]0.587(n=446) [0.25-0.50]0.493(n=1204) [0.50-0.75]0.400(n=1145) [0.75-1.00]0.347(n=405)
2026-04-25 11:38:00,177 - INFO - [cond] cfg_signal=0.0421 (min=0.0274 max=0.0551, n=16) | class_signal=0.0514 (min=0.0312 max=0.0734, n=16) | pred_rms=0.6407
2026-04-25 11:38:00,231 - INFO - [render-loss] step=107600 masked 4/16 samples (t_value < 0.40)
2026-04-25 11:39:52,356 - INFO - Step  107800 | Epoch  13 | MSE: 0.4519 | Steps/sec: 1.78 | LR: 1.83e-04 | Render_L1: 0.0268 | Alpha_L1: 0.0379 | Render_LPIPS: 0.1740 | Repel: 0.0000 | cos(c,null): +0.4716 | GradNorm: 0.0480 | MSE/t: [0.00-0.25]0.584(n=418) [0.25-0.50]0.496(n=1176) [0.50-0.75]0.403(n=1159) [0.75-1.00]0.339(n=447)
2026-04-25 11:39:52,819 - INFO - [cond] cfg_signal=0.0412 (min=0.0254 max=0.0578, n=16) | class_signal=0.0518 (min=0.0279 max=0.0743, n=16) | pred_rms=0.6245
2026-04-25 11:39:52,874 - INFO - [render-loss] step=107800 masked 4/16 samples (t_value < 0.40)
2026-04-25 11:41:44,801 - INFO - Step  108000 | Epoch  13 | MSE: 0.4582 | Steps/sec: 1.79 | LR: 1.83e-04 | Render_L1: 0.0281 | Alpha_L1: 0.0414 | Render_LPIPS: 0.1790 | Repel: 0.0000 | cos(c,null): +0.4741 | GradNorm: 0.0949 | MSE/t: [0.00-0.25]0.602(n=425) [0.25-0.50]0.498(n=1155) [0.50-0.75]0.407(n=1169) [0.75-1.00]0.353(n=451)
2026-04-25 11:41:45,261 - INFO - [cond] cfg_signal=0.0394 (min=0.0240 max=0.0564, n=16) | class_signal=0.0499 (min=0.0269 max=0.0810, n=16) | pred_rms=0.5691
2026-04-25 11:41:53,269 - INFO - [validation] saved: output/jit_JiT-B_8_from_scratch_null_repel/dit_validation/epoch_013_step_0108000_class034.png (class=34, sampler=heun, steps=100)
2026-04-25 11:41:54,657 - INFO - [overrides] applied from jit/configs/overrides.yaml: lr_scale=1.0 max_grad_norm=5.0 null_repel_weight=0.05 P_mean=0.0
2026-04-25 11:41:54,708 - INFO - [render-loss] step=108000 masked 6/16 samples (t_value < 0.40)
2026-04-25 11:43:46,383 - INFO - Step  108200 | Epoch  13 | MSE: 0.4619 | Steps/sec: 1.65 | LR: 1.83e-04 | Render_L1: 0.0282 | Alpha_L1: 0.0402 | Render_LPIPS: 0.1779 | Repel: 0.0000 | cos(c,null): +0.4815 | GradNorm: 0.0511 | MSE/t: [0.00-0.25]0.608(n=454) [0.25-0.50]0.501(n=1139) [0.50-0.75]0.410(n=1121) [0.75-1.00]0.353(n=486)
2026-04-25 11:43:46,848 - INFO - [cond] cfg_signal=0.0435 (min=0.0251 max=0.0590, n=16) | class_signal=0.0523 (min=0.0283 max=0.0768, n=16) | pred_rms=0.5925
2026-04-25 11:43:46,902 - INFO - [render-loss] step=108200 masked 6/16 samples (t_value < 0.40)
2026-04-25 11:45:38,950 - INFO - Step  108400 | Epoch  13 | MSE: 0.4595 | Steps/sec: 1.78 | LR: 1.83e-04 | Render_L1: 0.0276 | Alpha_L1: 0.0402 | Render_LPIPS: 0.1762 | Repel: 0.0000 | cos(c,null): +0.4790 | GradNorm: 0.0511 | MSE/t: [0.00-0.25]0.570(n=466) [0.25-0.50]0.510(n=1105) [0.50-0.75]0.406(n=1178) [0.75-1.00]0.364(n=451)
2026-04-25 11:45:39,461 - INFO - [cond] cfg_signal=0.0404 (min=0.0247 max=0.0544, n=16) | class_signal=0.0507 (min=0.0303 max=0.0736, n=16) | pred_rms=0.6210
2026-04-25 11:45:39,517 - INFO - [render-loss] step=108400 masked 3/16 samples (t_value < 0.40)
2026-04-25 11:47:31,723 - INFO - Step  108600 | Epoch  13 | MSE: 0.4658 | Steps/sec: 1.78 | LR: 1.83e-04 | Render_L1: 0.0275 | Alpha_L1: 0.0399 | Render_LPIPS: 0.1761 | Repel: 0.0000 | cos(c,null): +0.4771 | GradNorm: 0.0492 | MSE/t: [0.00-0.25]0.569(n=447) [0.25-0.50]0.521(n=1180) [0.50-0.75]0.405(n=1165) [0.75-1.00]0.366(n=408)
2026-04-25 11:47:32,188 - INFO - [cond] cfg_signal=0.0404 (min=0.0245 max=0.0549, n=16) | class_signal=0.0518 (min=0.0290 max=0.0778, n=16) | pred_rms=0.6200
2026-04-25 11:47:32,247 - INFO - [render-loss] step=108600 masked 7/16 samples (t_value < 0.40)
2026-04-25 11:49:24,509 - INFO - Step  108800 | Epoch  13 | MSE: 0.4557 | Steps/sec: 1.78 | LR: 1.83e-04 | Render_L1: 0.0272 | Alpha_L1: 0.0390 | Render_LPIPS: 0.1757 | Repel: 0.0000 | cos(c,null): +0.4792 | GradNorm: 0.0484 | MSE/t: [0.00-0.25]0.614(n=472) [0.25-0.50]0.477(n=1167) [0.50-0.75]0.402(n=1130) [0.75-1.00]0.364(n=431)
2026-04-25 11:49:24,975 - INFO - [cond] cfg_signal=0.0419 (min=0.0250 max=0.0609, n=16) | class_signal=0.0518 (min=0.0291 max=0.0713, n=16) | pred_rms=0.6047
2026-04-25 11:49:25,031 - INFO - [render-loss] step=108800 masked 5/16 samples (t_value < 0.40)
2026-04-25 11:51:16,983 - INFO - Step  109000 | Epoch  13 | MSE: 0.4536 | Steps/sec: 1.79 | LR: 1.83e-04 | Render_L1: 0.0275 | Alpha_L1: 0.0397 | Render_LPIPS: 0.1760 | Repel: 0.0000 | cos(c,null): +0.4814 | GradNorm: 0.0477 | MSE/t: [0.00-0.25]0.588(n=422) [0.25-0.50]0.495(n=1167) [0.50-0.75]0.400(n=1183) [0.75-1.00]0.354(n=428)
2026-04-25 11:51:17,442 - INFO - [cond] cfg_signal=0.0433 (min=0.0256 max=0.0669, n=16) | class_signal=0.0533 (min=0.0305 max=0.0798, n=16) | pred_rms=0.6237
2026-04-25 11:51:25,453 - INFO - [validation] saved: output/jit_JiT-B_8_from_scratch_null_repel/dit_validation/epoch_013_step_0109000_class062.png (class=62, sampler=heun, steps=100)
2026-04-25 11:51:26,659 - INFO - [overrides] applied from jit/configs/overrides.yaml: lr_scale=1.0 max_grad_norm=5.0 null_repel_weight=0.05 P_mean=0.0
2026-04-25 11:51:26,708 - INFO - [render-loss] step=109000 masked 5/16 samples (t_value < 0.40)
2026-04-25 11:53:19,079 - INFO - Step  109200 | Epoch  13 | MSE: 0.4482 | Steps/sec: 1.64 | LR: 1.83e-04 | Render_L1: 0.0274 | Alpha_L1: 0.0386 | Render_LPIPS: 0.1773 | Repel: 0.0000 | cos(c,null): +0.4841 | GradNorm: 0.0472 | MSE/t: [0.00-0.25]0.538(n=424) [0.25-0.50]0.497(n=1130) [0.50-0.75]0.403(n=1214) [0.75-1.00]0.362(n=432)
2026-04-25 11:53:19,562 - INFO - [cond] cfg_signal=0.0419 (min=0.0244 max=0.0571, n=16) | class_signal=0.0520 (min=0.0313 max=0.0689, n=16) | pred_rms=0.6070
2026-04-25 11:53:19,617 - INFO - [render-loss] step=109200 masked 7/16 samples (t_value < 0.40)
2026-04-25 11:55:11,719 - INFO - Step  109400 | Epoch  13 | MSE: 0.4633 | Steps/sec: 1.78 | LR: 1.83e-04 | Render_L1: 0.0277 | Alpha_L1: 0.0392 | Render_LPIPS: 0.1783 | Repel: 0.0000 | cos(c,null): +0.4851 | GradNorm: 0.0479 | MSE/t: [0.00-0.25]0.570(n=423) [0.25-0.50]0.517(n=1207) [0.50-0.75]0.405(n=1136) [0.75-1.00]0.365(n=434)
2026-04-25 11:55:12,186 - INFO - [cond] cfg_signal=0.0406 (min=0.0225 max=0.0521, n=16) | class_signal=0.0515 (min=0.0336 max=0.0669, n=16) | pred_rms=0.6105
2026-04-25 11:55:12,242 - INFO - [render-loss] step=109400 masked 5/16 samples (t_value < 0.40)
2026-04-25 11:57:04,532 - INFO - Step  109600 | Epoch  13 | MSE: 0.4671 | Steps/sec: 1.78 | LR: 1.83e-04 | Render_L1: 0.0284 | Alpha_L1: 0.0406 | Render_LPIPS: 0.1802 | Repel: 0.0000 | cos(c,null): +0.4864 | GradNorm: 0.0480 | MSE/t: [0.00-0.25]0.603(n=460) [0.25-0.50]0.509(n=1109) [0.50-0.75]0.416(n=1164) [0.75-1.00]0.361(n=467)
2026-04-25 11:57:05,003 - INFO - [cond] cfg_signal=0.0443 (min=0.0285 max=0.0548, n=16) | class_signal=0.0512 (min=0.0307 max=0.0700, n=16) | pred_rms=0.6323
2026-04-25 11:57:05,061 - INFO - [render-loss] step=109600 masked 7/16 samples (t_value < 0.40)
2026-04-25 11:58:57,378 - INFO - Step  109800 | Epoch  13 | MSE: 0.4542 | Steps/sec: 1.78 | LR: 1.82e-04 | Render_L1: 0.0274 | Alpha_L1: 0.0396 | Render_LPIPS: 0.1759 | Repel: 0.0000 | cos(c,null): +0.4877 | GradNorm: 0.0456 | MSE/t: [0.00-0.25]0.601(n=415) [0.25-0.50]0.497(n=1175) [0.50-0.75]0.402(n=1205) [0.75-1.00]0.336(n=405)
2026-04-25 11:58:57,842 - INFO - [cond] cfg_signal=0.0433 (min=0.0233 max=0.0586, n=16) | class_signal=0.0520 (min=0.0329 max=0.0739, n=16) | pred_rms=0.6238
2026-04-25 11:58:57,897 - INFO - [render-loss] step=109800 masked 6/16 samples (t_value < 0.40)
2026-04-25 12:00:50,158 - INFO - Step  110000 | Epoch  13 | MSE: 0.4646 | Steps/sec: 1.78 | LR: 1.82e-04 | Render_L1: 0.0271 | Alpha_L1: 0.0381 | Render_LPIPS: 0.1740 | Repel: 0.0000 | cos(c,null): +0.4892 | GradNorm: 0.0460 | MSE/t: [0.00-0.25]0.579(n=452) [0.25-0.50]0.523(n=1157) [0.50-0.75]0.403(n=1172) [0.75-1.00]0.351(n=419)
2026-04-25 12:00:50,620 - INFO - [cond] cfg_signal=0.0438 (min=0.0289 max=0.0566, n=16) | class_signal=0.0519 (min=0.0313 max=0.0668, n=16) | pred_rms=0.6245
2026-04-25 12:00:58,594 - INFO - [validation] saved: output/jit_JiT-B_8_from_scratch_null_repel/dit_validation/epoch_013_step_0110000_class082.png (class=82, sampler=heun, steps=100)
2026-04-25 12:00:59,820 - INFO - [overrides] applied from jit/configs/overrides.yaml: lr_scale=1.0 max_grad_norm=5.0 null_repel_weight=0.05 P_mean=0.0
2026-04-25 12:00:59,867 - INFO - [render-loss] step=110000 masked 1/16 samples (t_value < 0.40)
2026-04-25 12:02:52,398 - INFO - Step  110200 | Epoch  13 | MSE: 0.4531 | Steps/sec: 1.64 | LR: 1.82e-04 | Render_L1: 0.0269 | Alpha_L1: 0.0390 | Render_LPIPS: 0.1731 | Repel: 0.0000 | cos(c,null): +0.4916 | GradNorm: 0.0456 | MSE/t: [0.00-0.25]0.588(n=461) [0.25-0.50]0.501(n=1097) [0.50-0.75]0.391(n=1215) [0.75-1.00]0.359(n=427)
2026-04-25 12:02:52,885 - INFO - [cond] cfg_signal=0.0428 (min=0.0245 max=0.0579, n=16) | class_signal=0.0504 (min=0.0332 max=0.0731, n=16) | pred_rms=0.6339
2026-04-25 12:02:52,943 - INFO - [render-loss] step=110200 masked 6/16 samples (t_value < 0.40)
2026-04-25 12:04:44,525 - INFO - Step  110400 | Epoch  13 | MSE: 0.4641 | Steps/sec: 1.79 | LR: 1.82e-04 | Render_L1: 0.0274 | Alpha_L1: 0.0403 | Render_LPIPS: 0.1766 | Repel: 0.0000 | cos(c,null): +0.4938 | GradNorm: 0.0477 | MSE/t: [0.00-0.25]0.574(n=454) [0.25-0.50]0.508(n=1169) [0.50-0.75]0.422(n=1167) [0.75-1.00]0.338(n=410)
2026-04-25 12:04:44,987 - INFO - [cond] cfg_signal=0.0414 (min=0.0256 max=0.0577, n=16) | class_signal=0.0487 (min=0.0320 max=0.0723, n=16) | pred_rms=0.6474
2026-04-25 12:04:45,041 - INFO - [render-loss] step=110400 masked 10/16 samples (t_value < 0.40)
2026-04-25 12:06:37,314 - INFO - Step  110600 | Epoch  13 | MSE: 0.4572 | Steps/sec: 1.78 | LR: 1.82e-04 | Render_L1: 0.0276 | Alpha_L1: 0.0400 | Render_LPIPS: 0.1769 | Repel: 0.0000 | cos(c,null): +0.4969 | GradNorm: 0.0466 | MSE/t: [0.00-0.25]0.561(n=442) [0.25-0.50]0.499(n=1124) [0.50-0.75]0.415(n=1188) [0.75-1.00]0.361(n=446)
2026-04-25 12:06:37,974 - INFO - [cond] cfg_signal=0.0419 (min=0.0285 max=0.0567, n=16) | class_signal=0.0475 (min=0.0302 max=0.0720, n=16) | pred_rms=0.6128
2026-04-25 12:06:38,073 - INFO - [render-loss] step=110600 masked 5/16 samples (t_value < 0.40)
2026-04-25 12:08:29,826 - INFO - Step  110800 | Epoch  13 | MSE: 0.4498 | Steps/sec: 1.79 | LR: 1.82e-04 | Render_L1: 0.0271 | Alpha_L1: 0.0383 | Render_LPIPS: 0.1744 | Repel: 0.0000 | cos(c,null): +0.4975 | GradNorm: 0.0464 | MSE/t: [0.00-0.25]0.584(n=449) [0.25-0.50]0.494(n=1134) [0.50-0.75]0.398(n=1160) [0.75-1.00]0.340(n=457)
2026-04-25 12:08:30,302 - INFO - [cond] cfg_signal=0.0428 (min=0.0272 max=0.0692, n=16) | class_signal=0.0509 (min=0.0323 max=0.0746, n=16) | pred_rms=0.6321
2026-04-25 12:08:30,362 - INFO - [render-loss] step=110800 masked 6/16 samples (t_value < 0.40)
2026-04-25 12:10:22,126 - INFO - Step  111000 | Epoch  13 | MSE: 0.4611 | Steps/sec: 1.79 | LR: 1.82e-04 | Render_L1: 0.0278 | Alpha_L1: 0.0403 | Render_LPIPS: 0.1789 | Repel: 0.0000 | cos(c,null): +0.4974 | GradNorm: 0.0472 | MSE/t: [0.00-0.25]0.584(n=444) [0.25-0.50]0.494(n=1133) [0.50-0.75]0.423(n=1191) [0.75-1.00]0.354(n=432)
2026-04-25 12:10:22,613 - INFO - [cond] cfg_signal=0.0434 (min=0.0283 max=0.0586, n=16) | class_signal=0.0518 (min=0.0322 max=0.0812, n=16) | pred_rms=0.6413
2026-04-25 12:10:30,592 - INFO - [validation] saved: output/jit_JiT-B_8_from_scratch_null_repel/dit_validation/epoch_013_step_0111000_class103.png (class=103, sampler=heun, steps=100)
2026-04-25 12:10:31,813 - INFO - [overrides] applied from jit/configs/overrides.yaml: lr_scale=1.0 max_grad_norm=5.0 null_repel_weight=0.05 P_mean=0.0
2026-04-25 12:10:31,861 - INFO - [render-loss] step=111000 masked 9/16 samples (t_value < 0.40)
2026-04-25 12:12:23,843 - INFO - Step  111200 | Epoch  13 | MSE: 0.4649 | Steps/sec: 1.65 | LR: 1.82e-04 | Render_L1: 0.0281 | Alpha_L1: 0.0399 | Render_LPIPS: 0.1779 | Repel: 0.0000 | cos(c,null): +0.4970 | GradNorm: 0.0484 | MSE/t: [0.00-0.25]0.588(n=408) [0.25-0.50]0.516(n=1208) [0.50-0.75]0.407(n=1141) [0.75-1.00]0.362(n=443)
2026-04-25 12:12:24,321 - INFO - [cond] cfg_signal=0.0475 (min=0.0317 max=0.0666, n=16) | class_signal=0.0557 (min=0.0331 max=0.0940, n=16) | pred_rms=0.6475
2026-04-25 12:12:24,377 - INFO - [render-loss] step=111200 masked 7/16 samples (t_value < 0.40)
2026-04-25 12:14:17,834 - INFO - Step  111400 | Epoch  14 | MSE: 0.4552 | Steps/sec: 1.76 | LR: 1.82e-04 | Render_L1: 0.0287 | Alpha_L1: 0.0398 | Render_LPIPS: 0.1781 | Repel: 0.0000 | cos(c,null): +0.4973 | GradNorm: 0.0494 | MSE/t: [0.00-0.25]0.613(n=416) [0.25-0.50]0.492(n=1168) [0.50-0.75]0.410(n=1187) [0.75-1.00]0.327(n=429)
2026-04-25 12:14:18,308 - INFO - [cond] cfg_signal=0.0434 (min=0.0254 max=0.0577, n=16) | class_signal=0.0532 (min=0.0311 max=0.0854, n=16) | pred_rms=0.6255
2026-04-25 12:14:18,367 - INFO - [render-loss] step=111400 masked 3/16 samples (t_value < 0.40)
2026-04-25 12:16:10,309 - INFO - Step  111600 | Epoch  14 | MSE: 0.4625 | Steps/sec: 1.79 | LR: 1.82e-04 | Render_L1: 0.0278 | Alpha_L1: 0.0401 | Render_LPIPS: 0.1772 | Repel: 0.0000 | cos(c,null): +0.4995 | GradNorm: 0.0619 | MSE/t: [0.00-0.25]0.611(n=458) [0.25-0.50]0.510(n=1164) [0.50-0.75]0.404(n=1153) [0.75-1.00]0.331(n=425)
2026-04-25 12:16:10,781 - INFO - [cond] cfg_signal=0.0407 (min=0.0236 max=0.0501, n=16) | class_signal=0.0483 (min=0.0288 max=0.0650, n=16) | pred_rms=0.6044
2026-04-25 12:16:10,836 - INFO - [render-loss] step=111600 masked 2/16 samples (t_value < 0.40)
2026-04-25 12:18:02,415 - INFO - Step  111800 | Epoch  14 | MSE: 0.4601 | Steps/sec: 1.79 | LR: 1.82e-04 | Render_L1: 0.0276 | Alpha_L1: 0.0391 | Render_LPIPS: 0.1774 | Repel: 0.0000 | cos(c,null): +0.4992 | GradNorm: 0.0485 | MSE/t: [0.00-0.25]0.600(n=460) [0.25-0.50]0.500(n=1139) [0.50-0.75]0.406(n=1160) [0.75-1.00]0.352(n=441)
2026-04-25 12:18:02,879 - INFO - [cond] cfg_signal=0.0374 (min=0.0267 max=0.0453, n=16) | class_signal=0.0458 (min=0.0286 max=0.0606, n=16) | pred_rms=0.5879
2026-04-25 12:18:02,932 - INFO - [render-loss] step=111800 masked 4/16 samples (t_value < 0.40)
2026-04-25 12:19:54,818 - INFO - Step  112000 | Epoch  14 | MSE: 0.4502 | Steps/sec: 1.79 | LR: 1.82e-04 | Render_L1: 0.0268 | Alpha_L1: 0.0391 | Render_LPIPS: 0.1763 | Repel: 0.0000 | cos(c,null): +0.4988 | GradNorm: 0.0492 | MSE/t: [0.00-0.25]0.566(n=449) [0.25-0.50]0.502(n=1126) [0.50-0.75]0.397(n=1203) [0.75-1.00]0.341(n=422)
2026-04-25 12:19:55,275 - INFO - [cond] cfg_signal=0.0410 (min=0.0286 max=0.0635, n=16) | class_signal=0.0472 (min=0.0309 max=0.0663, n=16) | pred_rms=0.6090
2026-04-25 12:20:03,211 - INFO - [validation] saved: output/jit_JiT-B_8_from_scratch_null_repel/dit_validation/epoch_014_step_0112000_class044.png (class=44, sampler=heun, steps=100)
2026-04-25 12:20:04,421 - INFO - [overrides] applied from jit/configs/overrides.yaml: lr_scale=1.0 max_grad_norm=5.0 null_repel_weight=0.05 P_mean=0.0
2026-04-25 12:20:04,468 - INFO - [render-loss] step=112000 masked 6/16 samples (t_value < 0.40)
2026-04-25 12:21:56,640 - INFO - Step  112200 | Epoch  14 | MSE: 0.4606 | Steps/sec: 1.65 | LR: 1.82e-04 | Render_L1: 0.0278 | Alpha_L1: 0.0402 | Render_LPIPS: 0.1780 | Repel: 0.0000 | cos(c,null): +0.4977 | GradNorm: 0.0485 | MSE/t: [0.00-0.25]0.578(n=457) [0.25-0.50]0.510(n=1117) [0.50-0.75]0.411(n=1172) [0.75-1.00]0.348(n=454)
2026-04-25 12:21:57,129 - INFO - [cond] cfg_signal=0.0390 (min=0.0267 max=0.0529, n=16) | class_signal=0.0478 (min=0.0313 max=0.0624, n=16) | pred_rms=0.6073
2026-04-25 12:21:57,188 - INFO - [render-loss] step=112200 masked 9/16 samples (t_value < 0.40)
2026-04-25 12:23:49,505 - INFO - Step  112400 | Epoch  14 | MSE: 0.4648 | Steps/sec: 1.78 | LR: 1.82e-04 | Render_L1: 0.0280 | Alpha_L1: 0.0401 | Render_LPIPS: 0.1790 | Repel: 0.0000 | cos(c,null): +0.4967 | GradNorm: 0.0463 | MSE/t: [0.00-0.25]0.598(n=429) [0.25-0.50]0.498(n=1177) [0.50-0.75]0.421(n=1155) [0.75-1.00]0.361(n=439)
2026-04-25 12:23:49,974 - INFO - [cond] cfg_signal=0.0379 (min=0.0253 max=0.0519, n=16) | class_signal=0.0464 (min=0.0281 max=0.0555, n=16) | pred_rms=0.5970
2026-04-25 12:25:41,769 - INFO - Step  112600 | Epoch  14 | MSE: 0.4579 | Steps/sec: 1.79 | LR: 1.82e-04 | Render_L1: 0.0276 | Alpha_L1: 0.0389 | Render_LPIPS: 0.1769 | Repel: 0.0000 | cos(c,null): +0.4958 | GradNorm: 0.0440 | MSE/t: [0.00-0.25]0.586(n=383) [0.25-0.50]0.517(n=1175) [0.50-0.75]0.402(n=1151) [0.75-1.00]0.347(n=491)
2026-04-25 12:25:42,230 - INFO - [cond] cfg_signal=0.0386 (min=0.0231 max=0.0518, n=16) | class_signal=0.0482 (min=0.0301 max=0.0652, n=16) | pred_rms=0.6120
2026-04-25 12:25:42,284 - INFO - [render-loss] step=112600 masked 4/16 samples (t_value < 0.40)
2026-04-25 12:27:34,634 - INFO - Step  112800 | Epoch  14 | MSE: 0.4596 | Steps/sec: 1.78 | LR: 1.81e-04 | Render_L1: 0.0275 | Alpha_L1: 0.0386 | Render_LPIPS: 0.1750 | Repel: 0.0000 | cos(c,null): +0.4977 | GradNorm: 0.0525 | MSE/t: [0.00-0.25]0.633(n=450) [0.25-0.50]0.494(n=1115) [0.50-0.75]0.400(n=1191) [0.75-1.00]0.356(n=444)
2026-04-25 12:27:35,095 - INFO - [cond] cfg_signal=0.0383 (min=0.0254 max=0.0503, n=16) | class_signal=0.0490 (min=0.0295 max=0.0615, n=16) | pred_rms=0.6142
2026-04-25 12:27:35,153 - INFO - [render-loss] step=112800 masked 7/16 samples (t_value < 0.40)
2026-04-25 12:29:27,235 - INFO - Step  113000 | Epoch  14 | MSE: 0.4510 | Steps/sec: 1.78 | LR: 1.81e-04 | Render_L1: 0.0277 | Alpha_L1: 0.0387 | Render_LPIPS: 0.1762 | Repel: 0.0000 | cos(c,null): +0.4965 | GradNorm: 0.0472 | MSE/t: [0.00-0.25]0.554(n=432) [0.25-0.50]0.505(n=1198) [0.50-0.75]0.391(n=1124) [0.75-1.00]0.358(n=446)
2026-04-25 12:29:27,698 - INFO - [cond] cfg_signal=0.0388 (min=0.0239 max=0.0541, n=16) | class_signal=0.0501 (min=0.0285 max=0.0686, n=16) | pred_rms=0.5987
2026-04-25 12:29:35,739 - INFO - [validation] saved: output/jit_JiT-B_8_from_scratch_null_repel/dit_validation/epoch_014_step_0113000_class099.png (class=99, sampler=heun, steps=100)
2026-04-25 12:29:37,119 - INFO - [overrides] applied from jit/configs/overrides.yaml: lr_scale=1.0 max_grad_norm=5.0 null_repel_weight=0.05 P_mean=0.0
2026-04-25 12:29:37,172 - INFO - [render-loss] step=113000 masked 4/16 samples (t_value < 0.40)
2026-04-25 12:31:29,348 - INFO - Step  113200 | Epoch  14 | MSE: 0.4669 | Steps/sec: 1.64 | LR: 1.81e-04 | Render_L1: 0.0282 | Alpha_L1: 0.0400 | Render_LPIPS: 0.1785 | Repel: 0.0000 | cos(c,null): +0.4955 | GradNorm: 0.0510 | MSE/t: [0.00-0.25]0.587(n=459) [0.25-0.50]0.515(n=1199) [0.50-0.75]0.406(n=1113) [0.75-1.00]0.360(n=429)
2026-04-25 12:31:29,816 - INFO - [cond] cfg_signal=0.0411 (min=0.0257 max=0.0575, n=16) | class_signal=0.0517 (min=0.0325 max=0.0733, n=16) | pred_rms=0.6285
2026-04-25 12:31:29,870 - INFO - [render-loss] step=113200 masked 5/16 samples (t_value < 0.40)
2026-04-25 12:33:21,761 - INFO - Step  113400 | Epoch  14 | MSE: 0.4617 | Steps/sec: 1.79 | LR: 1.81e-04 | Render_L1: 0.0280 | Alpha_L1: 0.0409 | Render_LPIPS: 0.1776 | Repel: 0.0000 | cos(c,null): +0.4981 | GradNorm: 0.0949 | MSE/t: [0.00-0.25]0.581(n=411) [0.25-0.50]0.509(n=1196) [0.50-0.75]0.412(n=1176) [0.75-1.00]0.349(n=417)
2026-04-25 12:33:22,254 - INFO - [cond] cfg_signal=0.0394 (min=0.0243 max=0.0488, n=16) | class_signal=0.0485 (min=0.0329 max=0.0589, n=16) | pred_rms=0.6163
2026-04-25 12:33:22,311 - INFO - [render-loss] step=113400 masked 8/16 samples (t_value < 0.40)
2026-04-25 12:35:15,047 - INFO - Step  113600 | Epoch  14 | MSE: 0.4516 | Steps/sec: 1.77 | LR: 1.81e-04 | Render_L1: 0.0276 | Alpha_L1: 0.0398 | Render_LPIPS: 0.1765 | Repel: 0.0000 | cos(c,null): +0.4974 | GradNorm: 0.0469 | MSE/t: [0.00-0.25]0.570(n=448) [0.25-0.50]0.508(n=1139) [0.50-0.75]0.391(n=1190) [0.75-1.00]0.346(n=423)
2026-04-25 12:35:15,543 - INFO - [cond] cfg_signal=0.0407 (min=0.0235 max=0.0554, n=16) | class_signal=0.0520 (min=0.0323 max=0.0769, n=16) | pred_rms=0.6089
2026-04-25 12:35:15,600 - INFO - [render-loss] step=113600 masked 6/16 samples (t_value < 0.40)
2026-04-25 12:37:07,694 - INFO - Step  113800 | Epoch  14 | MSE: 0.4613 | Steps/sec: 1.78 | LR: 1.81e-04 | Render_L1: 0.0275 | Alpha_L1: 0.0399 | Render_LPIPS: 0.1752 | Repel: 0.0000 | cos(c,null): +0.4960 | GradNorm: 0.0560 | MSE/t: [0.00-0.25]0.578(n=430) [0.25-0.50]0.506(n=1158) [0.50-0.75]0.414(n=1159) [0.75-1.00]0.355(n=453)
2026-04-25 12:37:08,222 - INFO - [cond] cfg_signal=0.0377 (min=0.0230 max=0.0473, n=16) | class_signal=0.0489 (min=0.0321 max=0.0662, n=16) | pred_rms=0.5954
2026-04-25 12:37:08,505 - INFO - [render-loss] step=113800 masked 5/16 samples (t_value < 0.40)
2026-04-25 12:39:00,078 - INFO - Step  114000 | Epoch  14 | MSE: 0.4519 | Steps/sec: 1.79 | LR: 1.81e-04 | Render_L1: 0.0269 | Alpha_L1: 0.0388 | Render_LPIPS: 0.1737 | Repel: 0.0000 | cos(c,null): +0.4979 | GradNorm: 0.0506 | MSE/t: [0.00-0.25]0.563(n=443) [0.25-0.50]0.501(n=1208) [0.50-0.75]0.400(n=1103) [0.75-1.00]0.337(n=446)
2026-04-25 12:39:00,550 - INFO - [cond] cfg_signal=0.0378 (min=0.0250 max=0.0526, n=16) | class_signal=0.0486 (min=0.0307 max=0.0668, n=16) | pred_rms=0.6184
2026-04-25 12:39:08,569 - INFO - [validation] saved: output/jit_JiT-B_8_from_scratch_null_repel/dit_validation/epoch_014_step_0114000_class113.png (class=113, sampler=heun, steps=100)
2026-04-25 12:39:09,952 - INFO - [overrides] applied from jit/configs/overrides.yaml: lr_scale=1.0 max_grad_norm=5.0 null_repel_weight=0.05 P_mean=0.0
2026-04-25 12:39:10,002 - INFO - [render-loss] step=114000 masked 6/16 samples (t_value < 0.40)
2026-04-25 12:41:02,073 - INFO - Step  114200 | Epoch  14 | MSE: 0.4619 | Steps/sec: 1.65 | LR: 1.81e-04 | Render_L1: 0.0279 | Alpha_L1: 0.0392 | Render_LPIPS: 0.1772 | Repel: 0.0000 | cos(c,null): +0.4960 | GradNorm: 0.0445 | MSE/t: [0.00-0.25]0.591(n=441) [0.25-0.50]0.521(n=1123) [0.50-0.75]0.400(n=1196) [0.75-1.00]0.348(n=440)
2026-04-25 12:41:02,567 - INFO - [cond] cfg_signal=0.0391 (min=0.0248 max=0.0485, n=16) | class_signal=0.0487 (min=0.0320 max=0.0713, n=16) | pred_rms=0.6263
2026-04-25 12:41:02,626 - INFO - [render-loss] step=114200 masked 2/16 samples (t_value < 0.40)
2026-04-25 12:42:54,740 - INFO - Step  114400 | Epoch  14 | MSE: 0.4511 | Steps/sec: 1.78 | LR: 1.81e-04 | Render_L1: 0.0273 | Alpha_L1: 0.0390 | Render_LPIPS: 0.1742 | Repel: 0.0000 | cos(c,null): +0.4955 | GradNorm: 0.0518 | MSE/t: [0.00-0.25]0.577(n=420) [0.25-0.50]0.501(n=1224) [0.50-0.75]0.391(n=1140) [0.75-1.00]0.342(n=416)
2026-04-25 12:42:55,263 - INFO - [cond] cfg_signal=0.0369 (min=0.0222 max=0.0463, n=16) | class_signal=0.0460 (min=0.0308 max=0.0590, n=16) | pred_rms=0.6372
2026-04-25 12:42:55,329 - INFO - [render-loss] step=114400 masked 3/16 samples (t_value < 0.40)
2026-04-25 12:44:47,789 - INFO - Step  114600 | Epoch  14 | MSE: 0.4635 | Steps/sec: 1.78 | LR: 1.81e-04 | Render_L1: 0.0280 | Alpha_L1: 0.0392 | Render_LPIPS: 0.1783 | Repel: 0.0000 | cos(c,null): +0.4983 | GradNorm: 0.0440 | MSE/t: [0.00-0.25]0.603(n=426) [0.25-0.50]0.505(n=1153) [0.50-0.75]0.401(n=1201) [0.75-1.00]0.389(n=420)
2026-04-25 12:44:48,440 - INFO - [cond] cfg_signal=0.0356 (min=0.0219 max=0.0436, n=16) | class_signal=0.0468 (min=0.0314 max=0.0636, n=16) | pred_rms=0.6075
2026-04-25 12:44:48,496 - INFO - [render-loss] step=114600 masked 9/16 samples (t_value < 0.40)
2026-04-25 12:46:40,325 - INFO - Step  114800 | Epoch  14 | MSE: 0.4627 | Steps/sec: 1.79 | LR: 1.81e-04 | Render_L1: 0.0273 | Alpha_L1: 0.0398 | Render_LPIPS: 0.1764 | Repel: 0.0000 | cos(c,null): +0.4993 | GradNorm: 0.0773 | MSE/t: [0.00-0.25]0.583(n=456) [0.25-0.50]0.503(n=1118) [0.50-0.75]0.422(n=1177) [0.75-1.00]0.348(n=449)
2026-04-25 12:46:40,779 - INFO - [cond] cfg_signal=0.0407 (min=0.0254 max=0.0603, n=16) | class_signal=0.0541 (min=0.0344 max=0.0813, n=16) | pred_rms=0.6197
2026-04-25 12:46:40,833 - INFO - [render-loss] step=114800 masked 9/16 samples (t_value < 0.40)
2026-04-25 12:48:33,255 - INFO - Step  115000 | Epoch  14 | MSE: 0.4573 | Steps/sec: 1.78 | LR: 1.81e-04 | Render_L1: 0.0278 | Alpha_L1: 0.0399 | Render_LPIPS: 0.1768 | Repel: 0.0000 | cos(c,null): +0.4955 | GradNorm: 0.0472 | MSE/t: [0.00-0.25]0.573(n=439) [0.25-0.50]0.493(n=1165) [0.50-0.75]0.407(n=1189) [0.75-1.00]0.376(n=407)
2026-04-25 12:48:33,726 - INFO - [cond] cfg_signal=0.0392 (min=0.0271 max=0.0575, n=16) | class_signal=0.0509 (min=0.0342 max=0.0737, n=16) | pred_rms=0.6098
2026-04-25 12:48:42,033 - INFO - [validation] saved: output/jit_JiT-B_8_from_scratch_null_repel/dit_validation/epoch_014_step_0115000_class105.png (class=105, sampler=heun, steps=100)
2026-04-25 12:48:43,326 - INFO - [overrides] applied from jit/configs/overrides.yaml: lr_scale=1.0 max_grad_norm=5.0 null_repel_weight=0.05 P_mean=0.0
2026-04-25 12:48:43,377 - INFO - [render-loss] step=115000 masked 2/16 samples (t_value < 0.40)
2026-04-25 12:50:35,670 - INFO - Step  115200 | Epoch  14 | MSE: 0.4596 | Steps/sec: 1.64 | LR: 1.81e-04 | Render_L1: 0.0275 | Alpha_L1: 0.0395 | Render_LPIPS: 0.1765 | Repel: 0.0000 | cos(c,null): +0.4933 | GradNorm: 0.0474 | MSE/t: [0.00-0.25]0.582(n=447) [0.25-0.50]0.508(n=1154) [0.50-0.75]0.399(n=1198) [0.75-1.00]0.366(n=401)
2026-04-25 12:50:36,181 - INFO - [cond] cfg_signal=0.0404 (min=0.0255 max=0.0612, n=16) | class_signal=0.0516 (min=0.0348 max=0.0798, n=16) | pred_rms=0.6303
2026-04-25 12:50:36,236 - INFO - [render-loss] step=115200 masked 6/16 samples (t_value < 0.40)
2026-04-25 12:52:28,160 - INFO - Step  115400 | Epoch  14 | MSE: 0.4492 | Steps/sec: 1.79 | LR: 1.81e-04 | Render_L1: 0.0278 | Alpha_L1: 0.0392 | Render_LPIPS: 0.1766 | Repel: 0.0000 | cos(c,null): +0.4887 | GradNorm: 0.0481 | MSE/t: [0.00-0.25]0.566(n=418) [0.25-0.50]0.493(n=1151) [0.50-0.75]0.402(n=1219) [0.75-1.00]0.348(n=412)
2026-04-25 12:52:28,647 - INFO - [cond] cfg_signal=0.0381 (min=0.0228 max=0.0556, n=16) | class_signal=0.0484 (min=0.0358 max=0.0721, n=16) | pred_rms=0.6133
2026-04-25 12:52:28,744 - INFO - [render-loss] step=115400 masked 6/16 samples (t_value < 0.40)
2026-04-25 12:54:20,825 - INFO - Step  115600 | Epoch  14 | MSE: 0.4510 | Steps/sec: 1.78 | LR: 1.81e-04 | Render_L1: 0.0274 | Alpha_L1: 0.0387 | Render_LPIPS: 0.1759 | Repel: 0.0000 | cos(c,null): +0.4871 | GradNorm: 0.0447 | MSE/t: [0.00-0.25]0.561(n=424) [0.25-0.50]0.494(n=1209) [0.50-0.75]0.398(n=1117) [0.75-1.00]0.362(n=450)
2026-04-25 12:54:21,290 - INFO - [cond] cfg_signal=0.0377 (min=0.0264 max=0.0580, n=16) | class_signal=0.0497 (min=0.0343 max=0.0703, n=16) | pred_rms=0.6189
2026-04-25 12:54:21,350 - INFO - [render-loss] step=115600 masked 4/16 samples (t_value < 0.40)
2026-04-25 12:56:13,386 - INFO - Step  115800 | Epoch  14 | MSE: 0.4670 | Steps/sec: 1.78 | LR: 1.81e-04 | Render_L1: 0.0287 | Alpha_L1: 0.0404 | Render_LPIPS: 0.1804 | Repel: 0.0000 | cos(c,null): +0.4860 | GradNorm: 0.0478 | MSE/t: [0.00-0.25]0.595(n=449) [0.25-0.50]0.519(n=1180) [0.50-0.75]0.402(n=1150) [0.75-1.00]0.361(n=421)
2026-04-25 12:56:13,859 - INFO - [cond] cfg_signal=0.0404 (min=0.0231 max=0.0637, n=16) | class_signal=0.0527 (min=0.0366 max=0.0784, n=16) | pred_rms=0.5945
2026-04-25 12:56:13,914 - INFO - [render-loss] step=115800 masked 6/16 samples (t_value < 0.40)
2026-04-25 12:58:06,425 - INFO - Step  116000 | Epoch  14 | MSE: 0.4469 | Steps/sec: 1.78 | LR: 1.80e-04 | Render_L1: 0.0272 | Alpha_L1: 0.0397 | Render_LPIPS: 0.1756 | Repel: 0.0000 | cos(c,null): +0.4861 | GradNorm: 0.0938 | MSE/t: [0.00-0.25]0.570(n=459) [0.25-0.50]0.490(n=1133) [0.50-0.75]0.396(n=1166) [0.75-1.00]0.344(n=442)
2026-04-25 12:58:06,889 - INFO - [cond] cfg_signal=0.0381 (min=0.0236 max=0.0496, n=16) | class_signal=0.0492 (min=0.0334 max=0.0641, n=16) | pred_rms=0.6083
2026-04-25 12:58:14,961 - INFO - [validation] saved: output/jit_JiT-B_8_from_scratch_null_repel/dit_validation/epoch_014_step_0116000_class111.png (class=111, sampler=heun, steps=100)
2026-04-25 12:58:16,216 - INFO - [overrides] applied from jit/configs/overrides.yaml: lr_scale=1.0 max_grad_norm=5.0 null_repel_weight=0.05 P_mean=0.0
2026-04-25 12:58:16,268 - INFO - [render-loss] step=116000 masked 5/16 samples (t_value < 0.40)
2026-04-25 13:00:08,323 - INFO - Step  116200 | Epoch  14 | MSE: 0.4631 | Steps/sec: 1.65 | LR: 1.80e-04 | Render_L1: 0.0280 | Alpha_L1: 0.0400 | Render_LPIPS: 0.1805 | Repel: 0.0000 | cos(c,null): +0.4942 | GradNorm: 0.0556 | MSE/t: [0.00-0.25]0.576(n=443) [0.25-0.50]0.511(n=1149) [0.50-0.75]0.411(n=1181) [0.75-1.00]0.360(n=427)
2026-04-25 13:00:08,789 - INFO - [cond] cfg_signal=0.0405 (min=0.0236 max=0.0519, n=16) | class_signal=0.0499 (min=0.0384 max=0.0598, n=16) | pred_rms=0.6570
2026-04-25 13:00:08,867 - INFO - [render-loss] step=116200 masked 8/16 samples (t_value < 0.40)
2026-04-25 13:02:01,084 - INFO - Step  116400 | Epoch  14 | MSE: 0.4558 | Steps/sec: 1.78 | LR: 1.80e-04 | Render_L1: 0.0275 | Alpha_L1: 0.0393 | Render_LPIPS: 0.1756 | Repel: 0.0000 | cos(c,null): +0.4935 | GradNorm: 0.4727 | MSE/t: [0.00-0.25]0.600(n=459) [0.25-0.50]0.500(n=1173) [0.50-0.75]0.399(n=1139) [0.75-1.00]0.332(n=429)
2026-04-25 13:02:01,546 - INFO - [cond] cfg_signal=0.0378 (min=0.0244 max=0.0548, n=16) | class_signal=0.0493 (min=0.0357 max=0.0596, n=16) | pred_rms=0.6032
2026-04-25 13:02:01,617 - INFO - [render-loss] step=116400 masked 6/16 samples (t_value < 0.40)
2026-04-25 13:03:53,836 - INFO - Step  116600 | Epoch  14 | MSE: 0.4592 | Steps/sec: 1.78 | LR: 1.80e-04 | Render_L1: 0.0276 | Alpha_L1: 0.0388 | Render_LPIPS: 0.1761 | Repel: 0.0000 | cos(c,null): +0.4941 | GradNorm: 0.0511 | MSE/t: [0.00-0.25]0.586(n=434) [0.25-0.50]0.506(n=1179) [0.50-0.75]0.403(n=1153) [0.75-1.00]0.353(n=434)
2026-04-25 13:03:54,303 - INFO - [cond] cfg_signal=0.0417 (min=0.0253 max=0.0666, n=16) | class_signal=0.0542 (min=0.0373 max=0.0745, n=16) | pred_rms=0.6576
2026-04-25 13:03:54,360 - INFO - [render-loss] step=116600 masked 5/16 samples (t_value < 0.40)
2026-04-25 13:05:46,554 - INFO - Step  116800 | Epoch  14 | MSE: 0.4636 | Steps/sec: 1.78 | LR: 1.80e-04 | Render_L1: 0.0270 | Alpha_L1: 0.0384 | Render_LPIPS: 0.1728 | Repel: 0.0000 | cos(c,null): +0.4915 | GradNorm: 0.0444 | MSE/t: [0.00-0.25]0.579(n=470) [0.25-0.50]0.513(n=1145) [0.50-0.75]0.411(n=1153) [0.75-1.00]0.349(n=432)
2026-04-25 13:05:47,034 - INFO - [cond] cfg_signal=0.0424 (min=0.0278 max=0.0729, n=16) | class_signal=0.0557 (min=0.0399 max=0.0825, n=16) | pred_rms=0.6390
2026-04-25 13:05:47,090 - INFO - [render-loss] step=116800 masked 4/16 samples (t_value < 0.40)
2026-04-25 13:07:39,232 - INFO - Step  117000 | Epoch  14 | MSE: 0.4597 | Steps/sec: 1.78 | LR: 1.80e-04 | Render_L1: 0.0268 | Alpha_L1: 0.0388 | Render_LPIPS: 0.1759 | Repel: 0.0000 | cos(c,null): +0.4899 | GradNorm: 0.0464 | MSE/t: [0.00-0.25]0.576(n=426) [0.25-0.50]0.505(n=1171) [0.50-0.75]0.407(n=1128) [0.75-1.00]0.369(n=475)
2026-04-25 13:07:39,705 - INFO - [cond] cfg_signal=0.0405 (min=0.0304 max=0.0593, n=16) | class_signal=0.0527 (min=0.0391 max=0.0667, n=16) | pred_rms=0.6331
2026-04-25 13:07:47,724 - INFO - [validation] saved: output/jit_JiT-B_8_from_scratch_null_repel/dit_validation/epoch_014_step_0117000_class029.png (class=29, sampler=heun, steps=100)
2026-04-25 13:07:48,973 - INFO - [overrides] applied from jit/configs/overrides.yaml: lr_scale=1.0 max_grad_norm=5.0 null_repel_weight=0.05 P_mean=0.0
2026-04-25 13:07:49,023 - INFO - [render-loss] step=117000 masked 4/16 samples (t_value < 0.40)
2026-04-25 13:09:41,167 - INFO - Step  117200 | Epoch  14 | MSE: 0.4589 | Steps/sec: 1.65 | LR: 1.80e-04 | Render_L1: 0.0277 | Alpha_L1: 0.0394 | Render_LPIPS: 0.1761 | Repel: 0.0000 | cos(c,null): +0.4893 | GradNorm: 0.0586 | MSE/t: [0.00-0.25]0.561(n=450) [0.25-0.50]0.507(n=1125) [0.50-0.75]0.418(n=1192) [0.75-1.00]0.339(n=433)
2026-04-25 13:09:41,629 - INFO - [cond] cfg_signal=0.0365 (min=0.0231 max=0.0498, n=16) | class_signal=0.0467 (min=0.0345 max=0.0571, n=16) | pred_rms=0.6041
2026-04-25 13:09:41,687 - INFO - [render-loss] step=117200 masked 9/16 samples (t_value < 0.40)
2026-04-25 13:11:34,060 - INFO - Step  117400 | Epoch  14 | MSE: 0.4683 | Steps/sec: 1.78 | LR: 1.80e-04 | Render_L1: 0.0288 | Alpha_L1: 0.0400 | Render_LPIPS: 0.1815 | Repel: 0.0000 | cos(c,null): +0.4958 | GradNorm: 0.0499 | MSE/t: [0.00-0.25]0.564(n=437) [0.25-0.50]0.517(n=1248) [0.50-0.75]0.415(n=1115) [0.75-1.00]0.359(n=400)
2026-04-25 13:11:34,549 - INFO - [cond] cfg_signal=0.0424 (min=0.0220 max=0.0618, n=16) | class_signal=0.0495 (min=0.0377 max=0.0618, n=16) | pred_rms=0.6168
2026-04-25 13:11:34,608 - INFO - [render-loss] step=117400 masked 7/16 samples (t_value < 0.40)
2026-04-25 13:13:26,397 - INFO - Step  117600 | Epoch  14 | MSE: 0.4560 | Steps/sec: 1.79 | LR: 1.80e-04 | Render_L1: 0.0273 | Alpha_L1: 0.0382 | Render_LPIPS: 0.1736 | Repel: 0.0000 | cos(c,null): +0.4943 | GradNorm: 0.0476 | MSE/t: [0.00-0.25]0.581(n=450) [0.25-0.50]0.497(n=1197) [0.50-0.75]0.402(n=1112) [0.75-1.00]0.352(n=441)
2026-04-25 13:13:26,859 - INFO - [cond] cfg_signal=0.0390 (min=0.0231 max=0.0501, n=16) | class_signal=0.0491 (min=0.0338 max=0.0640, n=16) | pred_rms=0.6278
2026-04-25 13:13:26,913 - INFO - [render-loss] step=117600 masked 6/16 samples (t_value < 0.40)
2026-04-25 13:15:19,044 - INFO - Step  117800 | Epoch  14 | MSE: 0.4459 | Steps/sec: 1.78 | LR: 1.80e-04 | Render_L1: 0.0276 | Alpha_L1: 0.0383 | Render_LPIPS: 0.1756 | Repel: 0.0000 | cos(c,null): +0.4940 | GradNorm: 0.0463 | MSE/t: [0.00-0.25]0.552(n=407) [0.25-0.50]0.495(n=1155) [0.50-0.75]0.400(n=1179) [0.75-1.00]0.347(n=459)
2026-04-25 13:15:19,507 - INFO - [cond] cfg_signal=0.0379 (min=0.0226 max=0.0554, n=16) | class_signal=0.0483 (min=0.0334 max=0.0597, n=16) | pred_rms=0.6268
2026-04-25 13:15:19,563 - INFO - [render-loss] step=117800 masked 4/16 samples (t_value < 0.40)
2026-04-25 13:17:11,488 - INFO - Step  118000 | Epoch  14 | MSE: 0.4625 | Steps/sec: 1.79 | LR: 1.80e-04 | Render_L1: 0.0284 | Alpha_L1: 0.0406 | Render_LPIPS: 0.1793 | Repel: 0.0000 | cos(c,null): +0.4954 | GradNorm: 4.5271 | MSE/t: [0.00-0.25]0.568(n=435) [0.25-0.50]0.512(n=1145) [0.50-0.75]0.413(n=1189) [0.75-1.00]0.361(n=431)
2026-04-25 13:17:11,947 - INFO - [cond] cfg_signal=0.0415 (min=0.0244 max=0.0560, n=16) | class_signal=0.0518 (min=0.0345 max=0.0635, n=16) | pred_rms=0.6135
2026-04-25 13:17:20,131 - INFO - [validation] saved: output/jit_JiT-B_8_from_scratch_null_repel/dit_validation/epoch_014_step_0118000_class009.png (class=9, sampler=heun, steps=100)
2026-04-25 13:17:21,554 - INFO - [overrides] applied from jit/configs/overrides.yaml: lr_scale=1.0 max_grad_norm=5.0 null_repel_weight=0.05 P_mean=0.0
2026-04-25 13:17:21,604 - INFO - [render-loss] step=118000 masked 6/16 samples (t_value < 0.40)
2026-04-25 13:19:14,047 - INFO - Step  118200 | Epoch  14 | MSE: 0.4541 | Steps/sec: 1.64 | LR: 1.80e-04 | Render_L1: 0.0268 | Alpha_L1: 0.0388 | Render_LPIPS: 0.1739 | Repel: 0.0000 | cos(c,null): +0.4936 | GradNorm: 0.0535 | MSE/t: [0.00-0.25]0.608(n=440) [0.25-0.50]0.484(n=1161) [0.50-0.75]0.403(n=1157) [0.75-1.00]0.355(n=442)
2026-04-25 13:19:14,513 - INFO - [cond] cfg_signal=0.0386 (min=0.0230 max=0.0520, n=16) | class_signal=0.0483 (min=0.0343 max=0.0618, n=16) | pred_rms=0.6398
2026-04-25 13:19:14,567 - INFO - [render-loss] step=118200 masked 10/16 samples (t_value < 0.40)
2026-04-25 13:21:06,494 - INFO - Step  118400 | Epoch  14 | MSE: 0.4631 | Steps/sec: 1.79 | LR: 1.80e-04 | Render_L1: 0.0280 | Alpha_L1: 0.0387 | Render_LPIPS: 0.1758 | Repel: 0.0000 | cos(c,null): +0.4916 | GradNorm: 0.0463 | MSE/t: [0.00-0.25]0.582(n=414) [0.25-0.50]0.502(n=1170) [0.50-0.75]0.420(n=1197) [0.75-1.00]0.361(n=419)
2026-04-25 13:21:06,962 - INFO - [cond] cfg_signal=0.0395 (min=0.0250 max=0.0559, n=16) | class_signal=0.0505 (min=0.0323 max=0.0709, n=16) | pred_rms=0.6573
2026-04-25 13:21:07,018 - INFO - [render-loss] step=118400 masked 4/16 samples (t_value < 0.40)
2026-04-25 13:22:59,352 - INFO - Step  118600 | Epoch  14 | MSE: 0.4543 | Steps/sec: 1.78 | LR: 1.80e-04 | Render_L1: 0.0267 | Alpha_L1: 0.0387 | Render_LPIPS: 0.1736 | Repel: 0.0000 | cos(c,null): +0.4911 | GradNorm: 0.0461 | MSE/t: [0.00-0.25]0.557(n=470) [0.25-0.50]0.511(n=1149) [0.50-0.75]0.391(n=1175) [0.75-1.00]0.358(n=406)
2026-04-25 13:22:59,821 - INFO - [cond] cfg_signal=0.0390 (min=0.0239 max=0.0594, n=16) | class_signal=0.0511 (min=0.0324 max=0.0681, n=16) | pred_rms=0.6404
2026-04-25 13:22:59,904 - INFO - [render-loss] step=118600 masked 6/16 samples (t_value < 0.40)
2026-04-25 13:24:52,402 - INFO - Step  118800 | Epoch  14 | MSE: 0.4580 | Steps/sec: 1.78 | LR: 1.80e-04 | Render_L1: 0.0278 | Alpha_L1: 0.0393 | Render_LPIPS: 0.1771 | Repel: 0.0000 | cos(c,null): +0.4894 | GradNorm: 0.0498 | MSE/t: [0.00-0.25]0.572(n=462) [0.25-0.50]0.501(n=1135) [0.50-0.75]0.418(n=1139) [0.75-1.00]0.336(n=464)
2026-04-25 13:24:52,882 - INFO - [cond] cfg_signal=0.0387 (min=0.0248 max=0.0552, n=16) | class_signal=0.0507 (min=0.0344 max=0.0614, n=16) | pred_rms=0.6648
2026-04-25 13:24:52,940 - INFO - [render-loss] step=118800 masked 5/16 samples (t_value < 0.40)
2026-04-25 13:26:44,822 - INFO - Step  119000 | Epoch  14 | MSE: 0.4562 | Steps/sec: 1.79 | LR: 1.79e-04 | Render_L1: 0.0285 | Alpha_L1: 0.0399 | Render_LPIPS: 0.1781 | Repel: 0.0000 | cos(c,null): +0.4899 | GradNorm: 0.0459 | MSE/t: [0.00-0.25]0.575(n=475) [0.25-0.50]0.501(n=1153) [0.50-0.75]0.399(n=1106) [0.75-1.00]0.359(n=466)
2026-04-25 13:26:45,279 - INFO - [cond] cfg_signal=0.0398 (min=0.0264 max=0.0621, n=16) | class_signal=0.0519 (min=0.0323 max=0.0661, n=16) | pred_rms=0.6574
2026-04-25 13:26:53,306 - INFO - [validation] saved: output/jit_JiT-B_8_from_scratch_null_repel/dit_validation/epoch_014_step_0119000_class102.png (class=102, sampler=heun, steps=100)
2026-04-25 13:26:54,563 - INFO - [overrides] applied from jit/configs/overrides.yaml: lr_scale=1.0 max_grad_norm=5.0 null_repel_weight=0.05 P_mean=0.0
2026-04-25 13:26:54,613 - INFO - [render-loss] step=119000 masked 2/16 samples (t_value < 0.40)
2026-04-25 13:28:46,843 - INFO - Step  119200 | Epoch  14 | MSE: 0.4679 | Steps/sec: 1.65 | LR: 1.79e-04 | Render_L1: 0.0277 | Alpha_L1: 0.0397 | Render_LPIPS: 0.1770 | Repel: 0.0000 | cos(c,null): +0.4934 | GradNorm: 0.0708 | MSE/t: [0.00-0.25]0.577(n=443) [0.25-0.50]0.516(n=1204) [0.50-0.75]0.412(n=1096) [0.75-1.00]0.370(n=457)
2026-04-25 13:28:47,313 - INFO - [cond] cfg_signal=0.0365 (min=0.0268 max=0.0515, n=16) | class_signal=0.0470 (min=0.0331 max=0.0586, n=16) | pred_rms=0.5932
2026-04-25 13:28:47,375 - INFO - [render-loss] step=119200 masked 5/16 samples (t_value < 0.40)
2026-04-25 13:30:40,846 - INFO - Step  119400 | Epoch  15 | MSE: 0.4540 | Steps/sec: 1.76 | LR: 1.79e-04 | Render_L1: 0.0272 | Alpha_L1: 0.0391 | Render_LPIPS: 0.1741 | Repel: 0.0000 | cos(c,null): +0.4777 | GradNorm: 0.0541 | MSE/t: [0.00-0.25]0.598(n=407) [0.25-0.50]0.496(n=1201) [0.50-0.75]0.399(n=1182) [0.75-1.00]0.345(n=410)
2026-04-25 13:30:41,474 - INFO - [cond] cfg_signal=0.0366 (min=0.0259 max=0.0548, n=16) | class_signal=0.0470 (min=0.0322 max=0.0612, n=16) | pred_rms=0.6053
2026-04-25 13:30:41,528 - INFO - [render-loss] step=119400 masked 8/16 samples (t_value < 0.40)
2026-04-25 13:32:33,636 - INFO - Step  119600 | Epoch  15 | MSE: 0.4676 | Steps/sec: 1.78 | LR: 1.79e-04 | Render_L1: 0.0271 | Alpha_L1: 0.0386 | Render_LPIPS: 0.1752 | Repel: 0.0000 | cos(c,null): +0.4829 | GradNorm: 0.1747 | MSE/t: [0.00-0.25]0.624(n=434) [0.25-0.50]0.502(n=1192) [0.50-0.75]0.416(n=1100) [0.75-1.00]0.356(n=474)
2026-04-25 13:32:34,107 - INFO - [cond] cfg_signal=0.0399 (min=0.0257 max=0.0573, n=16) | class_signal=0.0505 (min=0.0314 max=0.0670, n=16) | pred_rms=0.6150
2026-04-25 13:32:34,163 - INFO - [render-loss] step=119600 masked 4/16 samples (t_value < 0.40)
2026-04-25 13:34:26,220 - INFO - Step  119800 | Epoch  15 | MSE: 0.4546 | Steps/sec: 1.78 | LR: 1.79e-04 | Render_L1: 0.0276 | Alpha_L1: 0.0390 | Render_LPIPS: 0.1750 | Repel: 0.0000 | cos(c,null): +0.4864 | GradNorm: 0.0531 | MSE/t: [0.00-0.25]0.597(n=415) [0.25-0.50]0.493(n=1169) [0.50-0.75]0.403(n=1180) [0.75-1.00]0.357(n=436)
2026-04-25 13:34:26,684 - INFO - [cond] cfg_signal=0.0381 (min=0.0249 max=0.0583, n=16) | class_signal=0.0468 (min=0.0311 max=0.0642, n=16) | pred_rms=0.6069
2026-04-25 13:34:26,738 - INFO - [render-loss] step=119800 masked 7/16 samples (t_value < 0.40)
2026-04-25 13:36:18,830 - INFO - Step  120000 | Epoch  15 | MSE: 0.4630 | Steps/sec: 1.78 | LR: 1.79e-04 | Render_L1: 0.0277 | Alpha_L1: 0.0397 | Render_LPIPS: 0.1770 | Repel: 0.0000 | cos(c,null): +0.4919 | GradNorm: 0.0489 | MSE/t: [0.00-0.25]0.591(n=443) [0.25-0.50]0.513(n=1168) [0.50-0.75]0.409(n=1148) [0.75-1.00]0.341(n=441)
2026-04-25 13:36:19,289 - INFO - [cond] cfg_signal=0.0393 (min=0.0254 max=0.0563, n=16) | class_signal=0.0491 (min=0.0301 max=0.0659, n=16) | pred_rms=0.6242
2026-04-25 13:36:21,925 - INFO - Saved checkpoint to output/jit_JiT-B_8_from_scratch_null_repel/0120000.pt
2026-04-25 13:36:22,371 - INFO - [cond] cfg_signal=0.0393 (min=0.0254 max=0.0563, n=16) | class_signal=0.0491 (min=0.0301 max=0.0659, n=16) | pred_rms=0.6242
2026-04-25 13:36:30,492 - INFO - [validation] saved: output/jit_JiT-B_8_from_scratch_null_repel/dit_validation/epoch_015_step_0120000_class104.png (class=104, sampler=heun, steps=100)
2026-04-25 13:36:31,755 - INFO - [overrides] applied from jit/configs/overrides.yaml: lr_scale=1.0 max_grad_norm=5.0 null_repel_weight=0.05 P_mean=0.0
2026-04-25 13:36:31,808 - INFO - [render-loss] step=120000 masked 4/16 samples (t_value < 0.40)
2026-04-25 13:38:23,662 - INFO - Step  120200 | Epoch  15 | MSE: 0.4664 | Steps/sec: 1.61 | LR: 1.79e-04 | Render_L1: 0.0276 | Alpha_L1: 0.0384 | Render_LPIPS: 0.1759 | Repel: 0.0000 | cos(c,null): +0.4929 | GradNorm: 0.0980 | MSE/t: [0.00-0.25]0.597(n=473) [0.25-0.50]0.527(n=1082) [0.50-0.75]0.403(n=1202) [0.75-1.00]0.353(n=443)
2026-04-25 13:38:24,138 - INFO - [cond] cfg_signal=0.0395 (min=0.0272 max=0.0538, n=16) | class_signal=0.0499 (min=0.0283 max=0.0645, n=16) | pred_rms=0.6269
2026-04-25 13:38:24,217 - INFO - [render-loss] step=120200 masked 2/16 samples (t_value < 0.40)
2026-04-25 13:40:16,039 - INFO - Step  120400 | Epoch  15 | MSE: 0.4524 | Steps/sec: 1.79 | LR: 1.79e-04 | Render_L1: 0.0268 | Alpha_L1: 0.0381 | Render_LPIPS: 0.1731 | Repel: 0.0000 | cos(c,null): +0.4943 | GradNorm: 0.0479 | MSE/t: [0.00-0.25]0.585(n=423) [0.25-0.50]0.486(n=1161) [0.50-0.75]0.413(n=1174) [0.75-1.00]0.340(n=442)
2026-04-25 13:40:16,514 - INFO - [cond] cfg_signal=0.0378 (min=0.0260 max=0.0493, n=16) | class_signal=0.0480 (min=0.0291 max=0.0608, n=16) | pred_rms=0.6213
2026-04-25 13:40:16,569 - INFO - [render-loss] step=120400 masked 6/16 samples (t_value < 0.40)
2026-04-25 13:42:08,657 - INFO - Step  120600 | Epoch  15 | MSE: 0.4656 | Steps/sec: 1.78 | LR: 1.79e-04 | Render_L1: 0.0273 | Alpha_L1: 0.0385 | Render_LPIPS: 0.1754 | Repel: 0.0000 | cos(c,null): +0.4940 | GradNorm: 0.0465 | MSE/t: [0.00-0.25]0.621(n=391) [0.25-0.50]0.509(n=1155) [0.50-0.75]0.413(n=1207) [0.75-1.00]0.360(n=447)
2026-04-25 13:42:09,160 - INFO - [cond] cfg_signal=0.0385 (min=0.0265 max=0.0530, n=16) | class_signal=0.0488 (min=0.0316 max=0.0643, n=16) | pred_rms=0.6479
2026-04-25 13:42:09,216 - INFO - [render-loss] step=120600 masked 2/16 samples (t_value < 0.40)
2026-04-25 13:44:01,753 - INFO - Step  120800 | Epoch  15 | MSE: 0.4591 | Steps/sec: 1.78 | LR: 1.79e-04 | Render_L1: 0.0271 | Alpha_L1: 0.0387 | Render_LPIPS: 0.1742 | Repel: 0.0000 | cos(c,null): +0.4936 | GradNorm: 0.0455 | MSE/t: [0.00-0.25]0.573(n=415) [0.25-0.50]0.521(n=1177) [0.50-0.75]0.399(n=1164) [0.75-1.00]0.346(n=444)
2026-04-25 13:44:02,227 - INFO - [cond] cfg_signal=0.0383 (min=0.0250 max=0.0533, n=16) | class_signal=0.0481 (min=0.0311 max=0.0614, n=16) | pred_rms=0.6096
2026-04-25 13:44:02,286 - INFO - [render-loss] step=120800 masked 7/16 samples (t_value < 0.40)
2026-04-25 13:45:54,418 - INFO - Step  121000 | Epoch  15 | MSE: 0.4532 | Steps/sec: 1.78 | LR: 1.79e-04 | Render_L1: 0.0272 | Alpha_L1: 0.0379 | Render_LPIPS: 0.1742 | Repel: 0.0000 | cos(c,null): +0.4941 | GradNorm: 0.0486 | MSE/t: [0.00-0.25]0.598(n=408) [0.25-0.50]0.501(n=1186) [0.50-0.75]0.396(n=1179) [0.75-1.00]0.338(n=427)
2026-04-25 13:45:54,877 - INFO - [cond] cfg_signal=0.0382 (min=0.0263 max=0.0514, n=16) | class_signal=0.0488 (min=0.0309 max=0.0623, n=16) | pred_rms=0.6275
2026-04-25 13:46:02,911 - INFO - [validation] saved: output/jit_JiT-B_8_from_scratch_null_repel/dit_validation/epoch_015_step_0121000_class119.png (class=119, sampler=heun, steps=100)
2026-04-25 13:46:04,163 - INFO - [overrides] applied from jit/configs/overrides.yaml: lr_scale=1.0 max_grad_norm=5.0 null_repel_weight=0.05 P_mean=0.0
2026-04-25 13:46:04,213 - INFO - [render-loss] step=121000 masked 4/16 samples (t_value < 0.40)
2026-04-25 13:47:56,321 - INFO - Step  121200 | Epoch  15 | MSE: 0.4564 | Steps/sec: 1.65 | LR: 1.79e-04 | Render_L1: 0.0273 | Alpha_L1: 0.0388 | Render_LPIPS: 0.1740 | Repel: 0.0000 | cos(c,null): +0.4942 | GradNorm: 0.0442 | MSE/t: [0.00-0.25]0.583(n=416) [0.25-0.50]0.508(n=1178) [0.50-0.75]0.397(n=1202) [0.75-1.00]0.350(n=404)
2026-04-25 13:47:56,832 - INFO - [cond] cfg_signal=0.0381 (min=0.0280 max=0.0505, n=16) | class_signal=0.0487 (min=0.0307 max=0.0616, n=16) | pred_rms=0.6298
2026-04-25 13:47:56,897 - INFO - [render-loss] step=121200 masked 4/16 samples (t_value < 0.40)
2026-04-25 13:49:49,186 - INFO - Step  121400 | Epoch  15 | MSE: 0.4486 | Steps/sec: 1.78 | LR: 1.79e-04 | Render_L1: 0.0272 | Alpha_L1: 0.0386 | Render_LPIPS: 0.1739 | Repel: 0.0000 | cos(c,null): +0.4945 | GradNorm: 0.0495 | MSE/t: [0.00-0.25]0.574(n=410) [0.25-0.50]0.492(n=1132) [0.50-0.75]0.405(n=1224) [0.75-1.00]0.339(n=434)
2026-04-25 13:49:49,683 - INFO - [cond] cfg_signal=0.0389 (min=0.0260 max=0.0515, n=16) | class_signal=0.0498 (min=0.0314 max=0.0632, n=16) | pred_rms=0.6067
2026-04-25 13:49:49,912 - INFO - [render-loss] step=121400 masked 6/16 samples (t_value < 0.40)
2026-04-25 13:51:42,197 - INFO - Step  121600 | Epoch  15 | MSE: 0.4716 | Steps/sec: 1.78 | LR: 1.79e-04 | Render_L1: 0.0267 | Alpha_L1: 0.0383 | Render_LPIPS: 0.1741 | Repel: 0.0000 | cos(c,null): +0.4951 | GradNorm: 0.0494 | MSE/t: [0.00-0.25]0.584(n=478) [0.25-0.50]0.518(n=1181) [0.50-0.75]0.413(n=1140) [0.75-1.00]0.370(n=401)
2026-04-25 13:51:42,663 - INFO - [cond] cfg_signal=0.0380 (min=0.0253 max=0.0529, n=16) | class_signal=0.0490 (min=0.0294 max=0.0626, n=16) | pred_rms=0.6319
2026-04-25 13:51:42,718 - INFO - [render-loss] step=121600 masked 5/16 samples (t_value < 0.40)
2026-04-25 13:53:34,556 - INFO - Step  121800 | Epoch  15 | MSE: 0.4529 | Steps/sec: 1.79 | LR: 1.79e-04 | Render_L1: 0.0273 | Alpha_L1: 0.0387 | Render_LPIPS: 0.1736 | Repel: 0.0000 | cos(c,null): +0.4950 | GradNorm: 0.0486 | MSE/t: [0.00-0.25]0.585(n=428) [0.25-0.50]0.493(n=1197) [0.50-0.75]0.405(n=1133) [0.75-1.00]0.339(n=442)
2026-04-25 13:53:35,046 - INFO - [cond] cfg_signal=0.0389 (min=0.0274 max=0.0538, n=16) | class_signal=0.0509 (min=0.0327 max=0.0668, n=16) | pred_rms=0.6383
2026-04-25 13:53:35,101 - INFO - [render-loss] step=121800 masked 5/16 samples (t_value < 0.40)
2026-04-25 13:55:27,010 - INFO - Step  122000 | Epoch  15 | MSE: 0.4598 | Steps/sec: 1.79 | LR: 1.78e-04 | Render_L1: 0.0279 | Alpha_L1: 0.0391 | Render_LPIPS: 0.1776 | Repel: 0.0000 | cos(c,null): +0.4957 | GradNorm: 0.0489 | MSE/t: [0.00-0.25]0.573(n=400) [0.25-0.50]0.513(n=1177) [0.50-0.75]0.406(n=1177) [0.75-1.00]0.362(n=446)
2026-04-25 13:55:27,490 - INFO - [cond] cfg_signal=0.0408 (min=0.0269 max=0.0502, n=16) | class_signal=0.0527 (min=0.0342 max=0.0695, n=16) | pred_rms=0.6390
2026-04-25 13:55:35,883 - INFO - [validation] saved: output/jit_JiT-B_8_from_scratch_null_repel/dit_validation/epoch_015_step_0122000_class097.png (class=97, sampler=heun, steps=100)
2026-04-25 13:55:37,337 - INFO - [overrides] applied from jit/configs/overrides.yaml: lr_scale=1.0 max_grad_norm=5.0 null_repel_weight=0.05 P_mean=0.0
2026-04-25 13:55:37,390 - INFO - [render-loss] step=122000 masked 8/16 samples (t_value < 0.40)
2026-04-25 13:57:29,703 - INFO - Step  122200 | Epoch  15 | MSE: 0.4481 | Steps/sec: 1.64 | LR: 1.78e-04 | Render_L1: 0.0266 | Alpha_L1: 0.0379 | Render_LPIPS: 0.1727 | Repel: 0.0000 | cos(c,null): +0.4953 | GradNorm: 0.0453 | MSE/t: [0.00-0.25]0.588(n=403) [0.25-0.50]0.498(n=1171) [0.50-0.75]0.396(n=1171) [0.75-1.00]0.330(n=455)
2026-04-25 13:57:30,210 - INFO - [cond] cfg_signal=0.0382 (min=0.0279 max=0.0463, n=16) | class_signal=0.0499 (min=0.0332 max=0.0601, n=16) | pred_rms=0.6214
2026-04-25 13:57:30,268 - INFO - [render-loss] step=122200 masked 5/16 samples (t_value < 0.40)
2026-04-25 13:59:22,372 - INFO - Step  122400 | Epoch  15 | MSE: 0.4664 | Steps/sec: 1.78 | LR: 1.78e-04 | Render_L1: 0.0270 | Alpha_L1: 0.0386 | Render_LPIPS: 0.1752 | Repel: 0.0000 | cos(c,null): +0.4961 | GradNorm: 0.0505 | MSE/t: [0.00-0.25]0.606(n=437) [0.25-0.50]0.507(n=1180) [0.50-0.75]0.410(n=1153) [0.75-1.00]0.365(n=430)
2026-04-25 13:59:22,838 - INFO - [cond] cfg_signal=0.0399 (min=0.0282 max=0.0516, n=16) | class_signal=0.0517 (min=0.0339 max=0.0648, n=16) | pred_rms=0.6146
2026-04-25 13:59:22,893 - INFO - [render-loss] step=122400 masked 5/16 samples (t_value < 0.40)
2026-04-25 14:01:14,708 - INFO - Step  122600 | Epoch  15 | MSE: 0.4567 | Steps/sec: 1.79 | LR: 1.78e-04 | Render_L1: 0.0265 | Alpha_L1: 0.0386 | Render_LPIPS: 0.1713 | Repel: 0.0000 | cos(c,null): +0.4952 | GradNorm: 0.0513 | MSE/t: [0.00-0.25]0.602(n=429) [0.25-0.50]0.505(n=1174) [0.50-0.75]0.392(n=1128) [0.75-1.00]0.358(n=469)
2026-04-25 14:01:15,189 - INFO - [cond] cfg_signal=0.0392 (min=0.0292 max=0.0551, n=16) | class_signal=0.0511 (min=0.0378 max=0.0690, n=16) | pred_rms=0.6524
2026-04-25 14:01:15,243 - INFO - [render-loss] step=122600 masked 4/16 samples (t_value < 0.40)
2026-04-25 14:03:07,512 - INFO - Step  122800 | Epoch  15 | MSE: 0.4566 | Steps/sec: 1.78 | LR: 1.78e-04 | Render_L1: 0.0266 | Alpha_L1: 0.0380 | Render_LPIPS: 0.1713 | Repel: 0.0000 | cos(c,null): +0.4956 | GradNorm: 0.0459 | MSE/t: [0.00-0.25]0.579(n=402) [0.25-0.50]0.501(n=1196) [0.50-0.75]0.405(n=1155) [0.75-1.00]0.361(n=447)
2026-04-25 14:03:08,195 - INFO - [cond] cfg_signal=0.0380 (min=0.0259 max=0.0528, n=16) | class_signal=0.0509 (min=0.0379 max=0.0618, n=16) | pred_rms=0.6154
2026-04-25 14:03:08,269 - INFO - [render-loss] step=122800 masked 5/16 samples (t_value < 0.40)
2026-04-25 14:05:00,374 - INFO - Step  123000 | Epoch  15 | MSE: 0.4551 | Steps/sec: 1.78 | LR: 1.78e-04 | Render_L1: 0.0276 | Alpha_L1: 0.0395 | Render_LPIPS: 0.1756 | Repel: 0.0000 | cos(c,null): +0.4935 | GradNorm: 0.0696 | MSE/t: [0.00-0.25]0.591(n=406) [0.25-0.50]0.502(n=1200) [0.50-0.75]0.405(n=1147) [0.75-1.00]0.336(n=447)
2026-04-25 14:05:00,858 - INFO - [cond] cfg_signal=0.0373 (min=0.0283 max=0.0530, n=16) | class_signal=0.0486 (min=0.0354 max=0.0591, n=16) | pred_rms=0.6200
2026-04-25 14:05:08,911 - INFO - [validation] saved: output/jit_JiT-B_8_from_scratch_null_repel/dit_validation/epoch_015_step_0123000_class036.png (class=36, sampler=heun, steps=100)
2026-04-25 14:05:10,222 - INFO - [overrides] applied from jit/configs/overrides.yaml: lr_scale=1.0 max_grad_norm=5.0 null_repel_weight=0.05 P_mean=0.0
2026-04-25 14:05:10,272 - INFO - [render-loss] step=123000 masked 3/16 samples (t_value < 0.40)
2026-04-25 14:07:02,001 - INFO - Step  123200 | Epoch  15 | MSE: 0.4567 | Steps/sec: 1.65 | LR: 1.78e-04 | Render_L1: 0.0277 | Alpha_L1: 0.0385 | Render_LPIPS: 0.1756 | Repel: 0.0000 | cos(c,null): +0.4904 | GradNorm: 0.0533 | MSE/t: [0.00-0.25]0.569(n=430) [0.25-0.50]0.505(n=1191) [0.50-0.75]0.398(n=1163) [0.75-1.00]0.367(n=416)
2026-04-25 14:07:02,462 - INFO - [cond] cfg_signal=0.0379 (min=0.0276 max=0.0538, n=16) | class_signal=0.0510 (min=0.0337 max=0.0635, n=16) | pred_rms=0.6451
2026-04-25 14:07:02,517 - INFO - [render-loss] step=123200 masked 6/16 samples (t_value < 0.40)
2026-04-25 14:08:54,297 - INFO - Step  123400 | Epoch  15 | MSE: 0.4597 | Steps/sec: 1.79 | LR: 1.78e-04 | Render_L1: 0.0267 | Alpha_L1: 0.0382 | Render_LPIPS: 0.1725 | Repel: 0.0000 | cos(c,null): +0.4909 | GradNorm: 0.0502 | MSE/t: [0.00-0.25]0.588(n=442) [0.25-0.50]0.502(n=1160) [0.50-0.75]0.407(n=1148) [0.75-1.00]0.359(n=450)
2026-04-25 14:08:54,758 - INFO - [cond] cfg_signal=0.0373 (min=0.0256 max=0.0580, n=16) | class_signal=0.0514 (min=0.0330 max=0.0675, n=16) | pred_rms=0.6208
2026-04-25 14:08:54,812 - INFO - [render-loss] step=123400 masked 5/16 samples (t_value < 0.40)
2026-04-25 14:10:47,117 - INFO - Step  123600 | Epoch  15 | MSE: 0.4567 | Steps/sec: 1.78 | LR: 1.78e-04 | Render_L1: 0.0276 | Alpha_L1: 0.0398 | Render_LPIPS: 0.1777 | Repel: 0.0000 | cos(c,null): +0.4921 | GradNorm: 0.0479 | MSE/t: [0.00-0.25]0.572(n=425) [0.25-0.50]0.486(n=1193) [0.50-0.75]0.419(n=1161) [0.75-1.00]0.361(n=421)
2026-04-25 14:10:47,641 - INFO - [cond] cfg_signal=0.0396 (min=0.0268 max=0.0591, n=16) | class_signal=0.0528 (min=0.0339 max=0.0661, n=16) | pred_rms=0.6503
2026-04-25 14:10:47,703 - INFO - [render-loss] step=123600 masked 9/16 samples (t_value < 0.40)
2026-04-25 14:12:39,774 - INFO - Step  123800 | Epoch  15 | MSE: 0.4622 | Steps/sec: 1.78 | LR: 1.78e-04 | Render_L1: 0.0277 | Alpha_L1: 0.0385 | Render_LPIPS: 0.1776 | Repel: 0.0000 | cos(c,null): +0.4929 | GradNorm: 0.0471 | MSE/t: [0.00-0.25]0.589(n=437) [0.25-0.50]0.510(n=1150) [0.50-0.75]0.411(n=1171) [0.75-1.00]0.347(n=442)
2026-04-25 14:12:40,263 - INFO - [cond] cfg_signal=0.0381 (min=0.0305 max=0.0466, n=16) | class_signal=0.0479 (min=0.0310 max=0.0607, n=16) | pred_rms=0.5924
2026-04-25 14:12:40,317 - INFO - [render-loss] step=123800 masked 4/16 samples (t_value < 0.40)
2026-04-25 14:14:32,412 - INFO - Step  124000 | Epoch  15 | MSE: 0.4643 | Steps/sec: 1.78 | LR: 1.78e-04 | Render_L1: 0.0272 | Alpha_L1: 0.0385 | Render_LPIPS: 0.1739 | Repel: 0.0000 | cos(c,null): +0.4798 | GradNorm: 0.0483 | MSE/t: [0.00-0.25]0.591(n=447) [0.25-0.50]0.513(n=1176) [0.50-0.75]0.412(n=1170) [0.75-1.00]0.336(n=407)
2026-04-25 14:14:32,871 - INFO - [cond] cfg_signal=0.0380 (min=0.0267 max=0.0561, n=16) | class_signal=0.0472 (min=0.0332 max=0.0595, n=16) | pred_rms=0.6452
2026-04-25 14:14:40,930 - INFO - [validation] saved: output/jit_JiT-B_8_from_scratch_null_repel/dit_validation/epoch_015_step_0124000_class001.png (class=1, sampler=heun, steps=100)
2026-04-25 14:14:42,202 - INFO - [overrides] applied from jit/configs/overrides.yaml: lr_scale=1.0 max_grad_norm=5.0 null_repel_weight=0.05 P_mean=0.0
2026-04-25 14:14:42,251 - INFO - [render-loss] step=124000 masked 7/16 samples (t_value < 0.40)
2026-04-25 14:16:34,177 - INFO - Step  124200 | Epoch  15 | MSE: 0.4771 | Steps/sec: 1.65 | LR: 1.78e-04 | Render_L1: 0.0277 | Alpha_L1: 0.0387 | Render_LPIPS: 0.1768 | Repel: 0.0000 | cos(c,null): +0.4825 | GradNorm: 0.0472 | MSE/t: [0.00-0.25]0.618(n=454) [0.25-0.50]0.512(n=1182) [0.50-0.75]0.428(n=1132) [0.75-1.00]0.363(n=432)
2026-04-25 14:16:34,661 - INFO - [cond] cfg_signal=0.0385 (min=0.0302 max=0.0543, n=16) | class_signal=0.0485 (min=0.0332 max=0.0604, n=16) | pred_rms=0.6252
2026-04-25 14:16:34,716 - INFO - [render-loss] step=124200 masked 3/16 samples (t_value < 0.40)
2026-04-25 14:18:27,301 - INFO - Step  124400 | Epoch  15 | MSE: 0.4586 | Steps/sec: 1.78 | LR: 1.78e-04 | Render_L1: 0.0274 | Alpha_L1: 0.0391 | Render_LPIPS: 0.1754 | Repel: 0.0000 | cos(c,null): +0.4839 | GradNorm: 0.0448 | MSE/t: [0.00-0.25]0.558(n=446) [0.25-0.50]0.500(n=1146) [0.50-0.75]0.415(n=1181) [0.75-1.00]0.365(n=427)
2026-04-25 14:18:27,777 - INFO - [cond] cfg_signal=0.0386 (min=0.0289 max=0.0514, n=16) | class_signal=0.0493 (min=0.0330 max=0.0613, n=16) | pred_rms=0.6383
2026-04-25 14:18:27,833 - INFO - [render-loss] step=124400 masked 6/16 samples (t_value < 0.40)
2026-04-25 14:20:19,714 - INFO - Step  124600 | Epoch  15 | MSE: 0.4554 | Steps/sec: 1.79 | LR: 1.78e-04 | Render_L1: 0.0264 | Alpha_L1: 0.0377 | Render_LPIPS: 0.1714 | Repel: 0.0000 | cos(c,null): +0.4862 | GradNorm: 0.0439 | MSE/t: [0.00-0.25]0.571(n=470) [0.25-0.50]0.495(n=1161) [0.50-0.75]0.404(n=1141) [0.75-1.00]0.357(n=428)
2026-04-25 14:20:20,179 - INFO - [cond] cfg_signal=0.0380 (min=0.0273 max=0.0560, n=16) | class_signal=0.0490 (min=0.0340 max=0.0621, n=16) | pred_rms=0.6332
2026-04-25 14:20:20,233 - INFO - [render-loss] step=124600 masked 6/16 samples (t_value < 0.40)
2026-04-25 14:22:12,172 - INFO - Step  124800 | Epoch  15 | MSE: 0.4554 | Steps/sec: 1.79 | LR: 1.78e-04 | Render_L1: 0.0270 | Alpha_L1: 0.0380 | Render_LPIPS: 0.1742 | Repel: 0.0000 | cos(c,null): +0.4878 | GradNorm: 0.0467 | MSE/t: [0.00-0.25]0.586(n=435) [0.25-0.50]0.494(n=1113) [0.50-0.75]0.407(n=1216) [0.75-1.00]0.363(n=436)
2026-04-25 14:22:12,640 - INFO - [cond] cfg_signal=0.0375 (min=0.0267 max=0.0526, n=16) | class_signal=0.0487 (min=0.0321 max=0.0639, n=16) | pred_rms=0.6283
2026-04-25 14:22:12,695 - INFO - [render-loss] step=124800 masked 3/16 samples (t_value < 0.40)
2026-04-25 14:24:04,982 - INFO - Step  125000 | Epoch  15 | MSE: 0.4550 | Steps/sec: 1.78 | LR: 1.77e-04 | Render_L1: 0.0274 | Alpha_L1: 0.0395 | Render_LPIPS: 0.1766 | Repel: 0.0000 | cos(c,null): +0.4923 | GradNorm: 0.0492 | MSE/t: [0.00-0.25]0.582(n=447) [0.25-0.50]0.509(n=1137) [0.50-0.75]0.392(n=1175) [0.75-1.00]0.356(n=441)
2026-04-25 14:24:05,442 - INFO - [cond] cfg_signal=0.0381 (min=0.0235 max=0.0557, n=16) | class_signal=0.0493 (min=0.0272 max=0.0650, n=16) | pred_rms=0.6347
2026-04-25 14:24:13,515 - INFO - [validation] saved: output/jit_JiT-B_8_from_scratch_null_repel/dit_validation/epoch_015_step_0125000_class031.png (class=31, sampler=heun, steps=100)
2026-04-25 14:24:14,804 - INFO - [overrides] applied from jit/configs/overrides.yaml: lr_scale=1.0 max_grad_norm=5.0 null_repel_weight=0.05 P_mean=0.0
2026-04-25 14:24:14,853 - INFO - [render-loss] step=125000 masked 3/16 samples (t_value < 0.40)
2026-04-25 14:26:07,117 - INFO - Step  125200 | Epoch  15 | MSE: 0.4519 | Steps/sec: 1.64 | LR: 1.77e-04 | Render_L1: 0.0271 | Alpha_L1: 0.0383 | Render_LPIPS: 0.1719 | Repel: 0.0000 | cos(c,null): +0.4940 | GradNorm: 0.0483 | MSE/t: [0.00-0.25]0.566(n=396) [0.25-0.50]0.509(n=1166) [0.50-0.75]0.388(n=1182) [0.75-1.00]0.372(n=456)
2026-04-25 14:26:07,614 - INFO - [cond] cfg_signal=0.0365 (min=0.0248 max=0.0564, n=16) | class_signal=0.0488 (min=0.0284 max=0.0688, n=16) | pred_rms=0.6176
2026-04-25 14:26:07,668 - INFO - [render-loss] step=125200 masked 7/16 samples (t_value < 0.40)
2026-04-25 14:27:59,405 - INFO - Step  125400 | Epoch  15 | MSE: 0.4623 | Steps/sec: 1.79 | LR: 1.77e-04 | Render_L1: 0.0281 | Alpha_L1: 0.0391 | Render_LPIPS: 0.1796 | Repel: 0.0000 | cos(c,null): +0.4973 | GradNorm: 0.0491 | MSE/t: [0.00-0.25]0.608(n=422) [0.25-0.50]0.508(n=1151) [0.50-0.75]0.404(n=1201) [0.75-1.00]0.359(n=426)
2026-04-25 14:27:59,853 - INFO - [cond] cfg_signal=0.0353 (min=0.0251 max=0.0506, n=16) | class_signal=0.0460 (min=0.0294 max=0.0562, n=16) | pred_rms=0.6262
2026-04-25 14:27:59,921 - INFO - [render-loss] step=125400 masked 1/16 samples (t_value < 0.40)
2026-04-25 14:29:52,027 - INFO - Step  125600 | Epoch  15 | MSE: 0.4491 | Steps/sec: 1.78 | LR: 1.77e-04 | Render_L1: 0.0274 | Alpha_L1: 0.0388 | Render_LPIPS: 0.1756 | Repel: 0.0000 | cos(c,null): +0.4965 | GradNorm: 0.0469 | MSE/t: [0.00-0.25]0.536(n=443) [0.25-0.50]0.501(n=1116) [0.50-0.75]0.402(n=1205) [0.75-1.00]0.358(n=436)
2026-04-25 14:29:52,499 - INFO - [cond] cfg_signal=0.0389 (min=0.0268 max=0.0591, n=16) | class_signal=0.0499 (min=0.0317 max=0.0683, n=16) | pred_rms=0.6230
2026-04-25 14:29:52,558 - INFO - [render-loss] step=125600 masked 7/16 samples (t_value < 0.40)
2026-04-25 14:31:45,054 - INFO - Step  125800 | Epoch  15 | MSE: 0.4497 | Steps/sec: 1.78 | LR: 1.77e-04 | Render_L1: 0.0268 | Alpha_L1: 0.0377 | Render_LPIPS: 0.1720 | Repel: 0.0000 | cos(c,null): +0.4975 | GradNorm: 0.0436 | MSE/t: [0.00-0.25]0.597(n=408) [0.25-0.50]0.488(n=1193) [0.50-0.75]0.399(n=1156) [0.75-1.00]0.346(n=443)
2026-04-25 14:31:45,533 - INFO - [cond] cfg_signal=0.0393 (min=0.0244 max=0.0567, n=16) | class_signal=0.0514 (min=0.0336 max=0.0640, n=16) | pred_rms=0.6280
2026-04-25 14:31:45,588 - INFO - [render-loss] step=125800 masked 10/16 samples (t_value < 0.40)
2026-04-25 14:33:37,469 - INFO - Step  126000 | Epoch  15 | MSE: 0.4613 | Steps/sec: 1.79 | LR: 1.77e-04 | Render_L1: 0.0272 | Alpha_L1: 0.0385 | Render_LPIPS: 0.1743 | Repel: 0.0000 | cos(c,null): +0.4968 | GradNorm: 0.0450 | MSE/t: [0.00-0.25]0.581(n=453) [0.25-0.50]0.517(n=1169) [0.50-0.75]0.398(n=1167) [0.75-1.00]0.350(n=411)
2026-04-25 14:33:37,934 - INFO - [cond] cfg_signal=0.0375 (min=0.0256 max=0.0535, n=16) | class_signal=0.0502 (min=0.0309 max=0.0656, n=16) | pred_rms=0.6314
2026-04-25 14:33:45,892 - INFO - [validation] saved: output/jit_JiT-B_8_from_scratch_null_repel/dit_validation/epoch_015_step_0126000_class020.png (class=20, sampler=heun, steps=100)
2026-04-25 14:33:47,159 - INFO - [overrides] applied from jit/configs/overrides.yaml: lr_scale=1.0 max_grad_norm=5.0 null_repel_weight=0.05 P_mean=0.0
2026-04-25 14:33:47,206 - INFO - [render-loss] step=126000 masked 6/16 samples (t_value < 0.40)
2026-04-25 14:35:39,339 - INFO - Step  126200 | Epoch  15 | MSE: 0.4651 | Steps/sec: 1.65 | LR: 1.77e-04 | Render_L1: 0.0271 | Alpha_L1: 0.0381 | Render_LPIPS: 0.1739 | Repel: 0.0000 | cos(c,null): +0.4978 | GradNorm: 0.0459 | MSE/t: [0.00-0.25]0.596(n=455) [0.25-0.50]0.510(n=1185) [0.50-0.75]0.398(n=1137) [0.75-1.00]0.378(n=423)
2026-04-25 14:35:39,821 - INFO - [cond] cfg_signal=0.0389 (min=0.0256 max=0.0634, n=16) | class_signal=0.0527 (min=0.0297 max=0.0754, n=16) | pred_rms=0.6138
2026-04-25 14:35:39,878 - INFO - [render-loss] step=126200 masked 6/16 samples (t_value < 0.40)
2026-04-25 14:37:32,077 - INFO - Step  126400 | Epoch  15 | MSE: 0.4563 | Steps/sec: 1.78 | LR: 1.77e-04 | Render_L1: 0.0271 | Alpha_L1: 0.0385 | Render_LPIPS: 0.1736 | Repel: 0.0000 | cos(c,null): +0.4974 | GradNorm: 0.0450 | MSE/t: [0.00-0.25]0.582(n=464) [0.25-0.50]0.494(n=1130) [0.50-0.75]0.410(n=1139) [0.75-1.00]0.353(n=467)
2026-04-25 14:37:32,551 - INFO - [cond] cfg_signal=0.0382 (min=0.0257 max=0.0556, n=16) | class_signal=0.0493 (min=0.0306 max=0.0629, n=16) | pred_rms=0.6313
2026-04-25 14:37:32,607 - INFO - [render-loss] step=126400 masked 3/16 samples (t_value < 0.40)
2026-04-25 14:39:24,594 - INFO - Step  126600 | Epoch  15 | MSE: 0.4573 | Steps/sec: 1.79 | LR: 1.77e-04 | Render_L1: 0.0273 | Alpha_L1: 0.0381 | Render_LPIPS: 0.1731 | Repel: 0.0000 | cos(c,null): +0.4958 | GradNorm: 0.0458 | MSE/t: [0.00-0.25]0.594(n=408) [0.25-0.50]0.509(n=1181) [0.50-0.75]0.393(n=1167) [0.75-1.00]0.362(n=444)
2026-04-25 14:39:25,100 - INFO - [cond] cfg_signal=0.0382 (min=0.0252 max=0.0590, n=16) | class_signal=0.0505 (min=0.0277 max=0.0718, n=16) | pred_rms=0.6164
2026-04-25 14:39:25,154 - INFO - [render-loss] step=126600 masked 4/16 samples (t_value < 0.40)
2026-04-25 14:41:16,766 - INFO - Step  126800 | Epoch  15 | MSE: 0.4568 | Steps/sec: 1.79 | LR: 1.77e-04 | Render_L1: 0.0273 | Alpha_L1: 0.0390 | Render_LPIPS: 0.1760 | Repel: 0.0000 | cos(c,null): +0.4974 | GradNorm: 0.0457 | MSE/t: [0.00-0.25]0.590(n=448) [0.25-0.50]0.498(n=1177) [0.50-0.75]0.403(n=1158) [0.75-1.00]0.347(n=417)
2026-04-25 14:41:17,251 - INFO - [cond] cfg_signal=0.0391 (min=0.0260 max=0.0563, n=16) | class_signal=0.0519 (min=0.0293 max=0.0723, n=16) | pred_rms=0.6508
2026-04-25 14:41:17,306 - INFO - [render-loss] step=126800 masked 7/16 samples (t_value < 0.40)
2026-04-25 14:43:09,389 - INFO - Step  127000 | Epoch  15 | MSE: 0.4553 | Steps/sec: 1.78 | LR: 1.77e-04 | Render_L1: 0.0267 | Alpha_L1: 0.0378 | Render_LPIPS: 0.1722 | Repel: 0.0000 | cos(c,null): +0.4971 | GradNorm: 0.0471 | MSE/t: [0.00-0.25]0.588(n=428) [0.25-0.50]0.490(n=1147) [0.50-0.75]0.403(n=1187) [0.75-1.00]0.376(n=438)
2026-04-25 14:43:09,870 - INFO - [cond] cfg_signal=0.0414 (min=0.0257 max=0.0700, n=16) | class_signal=0.0561 (min=0.0303 max=0.0884, n=16) | pred_rms=0.6247
2026-04-25 14:43:18,012 - INFO - [validation] saved: output/jit_JiT-B_8_from_scratch_null_repel/dit_validation/epoch_015_step_0127000_class054.png (class=54, sampler=heun, steps=100)
2026-04-25 14:43:19,308 - INFO - [overrides] applied from jit/configs/overrides.yaml: lr_scale=1.0 max_grad_norm=5.0 null_repel_weight=0.05 P_mean=0.0
2026-04-25 14:43:19,356 - INFO - [render-loss] step=127000 masked 6/16 samples (t_value < 0.40)
2026-04-25 14:45:13,541 - INFO - Step  127200 | Epoch  16 | MSE: 0.4600 | Steps/sec: 1.62 | LR: 1.77e-04 | Render_L1: 0.0280 | Alpha_L1: 0.0398 | Render_LPIPS: 0.1776 | Repel: 0.0000 | cos(c,null): +0.4980 | GradNorm: 0.0490 | MSE/t: [0.00-0.25]0.604(n=412) [0.25-0.50]0.504(n=1230) [0.50-0.75]0.403(n=1116) [0.75-1.00]0.346(n=442)
2026-04-25 14:45:13,999 - INFO - [cond] cfg_signal=0.0393 (min=0.0263 max=0.0599, n=16) | class_signal=0.0529 (min=0.0321 max=0.0765, n=16) | pred_rms=0.6116
2026-04-25 14:45:14,056 - INFO - [render-loss] step=127200 masked 5/16 samples (t_value < 0.40)
2026-04-25 14:47:06,033 - INFO - Step  127400 | Epoch  16 | MSE: 0.4548 | Steps/sec: 1.79 | LR: 1.77e-04 | Render_L1: 0.0268 | Alpha_L1: 0.0381 | Render_LPIPS: 0.1737 | Repel: 0.0000 | cos(c,null): +0.4980 | GradNorm: 0.0435 | MSE/t: [0.00-0.25]0.578(n=457) [0.25-0.50]0.503(n=1184) [0.50-0.75]0.391(n=1143) [0.75-1.00]0.358(n=416)
2026-04-25 14:47:06,498 - INFO - [cond] cfg_signal=0.0401 (min=0.0279 max=0.0525, n=16) | class_signal=0.0529 (min=0.0298 max=0.0742, n=16) | pred_rms=0.6473
2026-04-25 14:47:06,553 - INFO - [render-loss] step=127400 masked 3/16 samples (t_value < 0.40)
2026-04-25 14:48:58,420 - INFO - Step  127600 | Epoch  16 | MSE: 0.4460 | Steps/sec: 1.79 | LR: 1.77e-04 | Render_L1: 0.0266 | Alpha_L1: 0.0377 | Render_LPIPS: 0.1731 | Repel: 0.0000 | cos(c,null): +0.4970 | GradNorm: 0.0490 | MSE/t: [0.00-0.25]0.570(n=456) [0.25-0.50]0.483(n=1170) [0.50-0.75]0.396(n=1136) [0.75-1.00]0.347(n=438)
2026-04-25 14:48:58,888 - INFO - [cond] cfg_signal=0.0381 (min=0.0249 max=0.0537, n=16) | class_signal=0.0520 (min=0.0291 max=0.0746, n=16) | pred_rms=0.6249
2026-04-25 14:48:58,943 - INFO - [render-loss] step=127600 masked 7/16 samples (t_value < 0.40)
2026-04-25 14:50:51,046 - INFO - Step  127800 | Epoch  16 | MSE: 0.4609 | Steps/sec: 1.78 | LR: 1.76e-04 | Render_L1: 0.0270 | Alpha_L1: 0.0389 | Render_LPIPS: 0.1740 | Repel: 0.0000 | cos(c,null): +0.4963 | GradNorm: 0.2181 | MSE/t: [0.00-0.25]0.612(n=425) [0.25-0.50]0.497(n=1167) [0.50-0.75]0.414(n=1184) [0.75-1.00]0.342(n=424)
2026-04-25 14:50:51,505 - INFO - [cond] cfg_signal=0.0393 (min=0.0257 max=0.0531, n=16) | class_signal=0.0527 (min=0.0342 max=0.0746, n=16) | pred_rms=0.6209
2026-04-25 14:50:51,565 - INFO - [render-loss] step=127800 masked 4/16 samples (t_value < 0.40)
2026-04-25 14:52:43,596 - INFO - Step  128000 | Epoch  16 | MSE: 0.4600 | Steps/sec: 1.78 | LR: 1.76e-04 | Render_L1: 0.0270 | Alpha_L1: 0.0378 | Render_LPIPS: 0.1726 | Repel: 0.0000 | cos(c,null): +0.4868 | GradNorm: 0.0653 | MSE/t: [0.00-0.25]0.580(n=427) [0.25-0.50]0.505(n=1186) [0.50-0.75]0.411(n=1166) [0.75-1.00]0.347(n=421)
2026-04-25 14:52:44,078 - INFO - [cond] cfg_signal=0.0420 (min=0.0281 max=0.0561, n=16) | class_signal=0.0545 (min=0.0330 max=0.0838, n=16) | pred_rms=0.5994
2026-04-25 14:52:52,143 - INFO - [validation] saved: output/jit_JiT-B_8_from_scratch_null_repel/dit_validation/epoch_016_step_0128000_class012.png (class=12, sampler=heun, steps=100)
2026-04-25 14:52:53,423 - INFO - [overrides] applied from jit/configs/overrides.yaml: lr_scale=1.0 max_grad_norm=5.0 null_repel_weight=0.05 P_mean=0.0
2026-04-25 14:52:53,473 - INFO - [render-loss] step=128000 masked 4/16 samples (t_value < 0.40)
2026-04-25 14:54:45,321 - INFO - Step  128200 | Epoch  16 | MSE: 0.4627 | Steps/sec: 1.65 | LR: 1.76e-04 | Render_L1: 0.0271 | Alpha_L1: 0.0382 | Render_LPIPS: 0.1730 | Repel: 0.0000 | cos(c,null): +0.4865 | GradNorm: 0.0512 | MSE/t: [0.00-0.25]0.604(n=452) [0.25-0.50]0.502(n=1182) [0.50-0.75]0.408(n=1122) [0.75-1.00]0.352(n=444)
2026-04-25 14:54:45,795 - INFO - [cond] cfg_signal=0.0374 (min=0.0231 max=0.0520, n=16) | class_signal=0.0491 (min=0.0327 max=0.0651, n=16) | pred_rms=0.6243
2026-04-25 14:54:45,849 - INFO - [render-loss] step=128200 masked 4/16 samples (t_value < 0.40)
2026-04-25 14:56:37,818 - INFO - Step  128400 | Epoch  16 | MSE: 0.4623 | Steps/sec: 1.79 | LR: 1.76e-04 | Render_L1: 0.0277 | Alpha_L1: 0.0393 | Render_LPIPS: 0.1761 | Repel: 0.0000 | cos(c,null): +0.4868 | GradNorm: 0.0447 | MSE/t: [0.00-0.25]0.577(n=439) [0.25-0.50]0.504(n=1181) [0.50-0.75]0.407(n=1174) [0.75-1.00]0.378(n=406)
2026-04-25 14:56:38,329 - INFO - [cond] cfg_signal=0.0380 (min=0.0248 max=0.0514, n=16) | class_signal=0.0521 (min=0.0353 max=0.0680, n=16) | pred_rms=0.6392
2026-04-25 14:56:38,387 - INFO - [render-loss] step=128400 masked 6/16 samples (t_value < 0.40)
2026-04-25 14:58:30,771 - INFO - Step  128600 | Epoch  16 | MSE: 0.4695 | Steps/sec: 1.78 | LR: 1.76e-04 | Render_L1: 0.0279 | Alpha_L1: 0.0397 | Render_LPIPS: 0.1779 | Repel: 0.0000 | cos(c,null): +0.4887 | GradNorm: 0.3178 | MSE/t: [0.00-0.25]0.641(n=465) [0.25-0.50]0.499(n=1110) [0.50-0.75]0.405(n=1202) [0.75-1.00]0.387(n=423)
2026-04-25 14:58:31,262 - INFO - [cond] cfg_signal=0.0377 (min=0.0225 max=0.0514, n=16) | class_signal=0.0500 (min=0.0369 max=0.0701, n=16) | pred_rms=0.5213
2026-04-25 14:58:31,317 - INFO - [render-loss] step=128600 masked 7/16 samples (t_value < 0.40)
2026-04-25 15:00:23,115 - INFO - Step  128800 | Epoch  16 | MSE: 0.4551 | Steps/sec: 1.79 | LR: 1.76e-04 | Render_L1: 0.0272 | Alpha_L1: 0.0384 | Render_LPIPS: 0.1740 | Repel: 0.0000 | cos(c,null): +0.4965 | GradNorm: 0.0498 | MSE/t: [0.00-0.25]0.576(n=452) [0.25-0.50]0.506(n=1142) [0.50-0.75]0.398(n=1164) [0.75-1.00]0.349(n=442)
2026-04-25 15:00:23,610 - INFO - [cond] cfg_signal=0.0373 (min=0.0265 max=0.0521, n=16) | class_signal=0.0481 (min=0.0369 max=0.0628, n=16) | pred_rms=0.6048
2026-04-25 15:00:23,665 - INFO - [render-loss] step=128800 masked 6/16 samples (t_value < 0.40)
2026-04-25 15:02:15,372 - INFO - Step  129000 | Epoch  16 | MSE: 0.4534 | Steps/sec: 1.79 | LR: 1.76e-04 | Render_L1: 0.0268 | Alpha_L1: 0.0379 | Render_LPIPS: 0.1719 | Repel: 0.0000 | cos(c,null): +0.4966 | GradNorm: 0.0436 | MSE/t: [0.00-0.25]0.566(n=425) [0.25-0.50]0.503(n=1191) [0.50-0.75]0.402(n=1156) [0.75-1.00]0.342(n=428)
2026-04-25 15:02:15,832 - INFO - [cond] cfg_signal=0.0362 (min=0.0243 max=0.0531, n=16) | class_signal=0.0476 (min=0.0348 max=0.0605, n=16) | pred_rms=0.6079
2026-04-25 15:02:23,871 - INFO - [validation] saved: output/jit_JiT-B_8_from_scratch_null_repel/dit_validation/epoch_016_step_0129000_class087.png (class=87, sampler=heun, steps=100)
2026-04-25 15:02:25,153 - INFO - [overrides] applied from jit/configs/overrides.yaml: lr_scale=1.0 max_grad_norm=5.0 null_repel_weight=0.05 P_mean=0.0
2026-04-25 15:02:25,203 - INFO - [render-loss] step=129000 masked 5/16 samples (t_value < 0.40)
2026-04-25 15:04:17,230 - INFO - Step  129200 | Epoch  16 | MSE: 0.4638 | Steps/sec: 1.65 | LR: 1.76e-04 | Render_L1: 0.0272 | Alpha_L1: 0.0380 | Render_LPIPS: 0.1741 | Repel: 0.0000 | cos(c,null): +0.4960 | GradNorm: 0.0454 | MSE/t: [0.00-0.25]0.558(n=408) [0.25-0.50]0.524(n=1202) [0.50-0.75]0.401(n=1157) [0.75-1.00]0.376(n=433)
2026-04-25 15:04:17,901 - INFO - [cond] cfg_signal=0.0355 (min=0.0234 max=0.0507, n=16) | class_signal=0.0477 (min=0.0336 max=0.0587, n=16) | pred_rms=0.6115
2026-04-25 15:04:17,971 - INFO - [render-loss] step=129200 masked 8/16 samples (t_value < 0.40)
2026-04-25 15:06:10,115 - INFO - Step  129400 | Epoch  16 | MSE: 0.4450 | Steps/sec: 1.78 | LR: 1.76e-04 | Render_L1: 0.0262 | Alpha_L1: 0.0372 | Render_LPIPS: 0.1707 | Repel: 0.0000 | cos(c,null): +0.4965 | GradNorm: 0.0450 | MSE/t: [0.00-0.25]0.563(n=428) [0.25-0.50]0.488(n=1198) [0.50-0.75]0.396(n=1133) [0.75-1.00]0.341(n=441)
2026-04-25 15:06:10,602 - INFO - [cond] cfg_signal=0.0340 (min=0.0239 max=0.0460, n=16) | class_signal=0.0463 (min=0.0308 max=0.0568, n=16) | pred_rms=0.6014
2026-04-25 15:06:10,662 - INFO - [render-loss] step=129400 masked 8/16 samples (t_value < 0.40)
2026-04-25 15:08:02,799 - INFO - Step  129600 | Epoch  16 | MSE: 0.4621 | Steps/sec: 1.78 | LR: 1.76e-04 | Render_L1: 0.0266 | Alpha_L1: 0.0369 | Render_LPIPS: 0.1715 | Repel: 0.0000 | cos(c,null): +0.4962 | GradNorm: 0.0487 | MSE/t: [0.00-0.25]0.586(n=431) [0.25-0.50]0.522(n=1202) [0.50-0.75]0.395(n=1141) [0.75-1.00]0.347(n=426)
2026-04-25 15:08:03,266 - INFO - [cond] cfg_signal=0.0385 (min=0.0261 max=0.0578, n=16) | class_signal=0.0520 (min=0.0355 max=0.0670, n=16) | pred_rms=0.6103
2026-04-25 15:08:03,321 - INFO - [render-loss] step=129600 masked 2/16 samples (t_value < 0.40)
2026-04-25 15:09:55,018 - INFO - Step  129800 | Epoch  16 | MSE: 0.4546 | Steps/sec: 1.79 | LR: 1.76e-04 | Render_L1: 0.0270 | Alpha_L1: 0.0375 | Render_LPIPS: 0.1729 | Repel: 0.0000 | cos(c,null): +0.4963 | GradNorm: 0.0446 | MSE/t: [0.00-0.25]0.576(n=451) [0.25-0.50]0.491(n=1181) [0.50-0.75]0.403(n=1141) [0.75-1.00]0.364(n=427)
2026-04-25 15:09:55,524 - INFO - [cond] cfg_signal=0.0359 (min=0.0257 max=0.0516, n=16) | class_signal=0.0472 (min=0.0339 max=0.0599, n=16) | pred_rms=0.6196
2026-04-25 15:09:55,584 - INFO - [render-loss] step=129800 masked 3/16 samples (t_value < 0.40)
2026-04-25 15:11:47,622 - INFO - Step  130000 | Epoch  16 | MSE: 0.4647 | Steps/sec: 1.78 | LR: 1.76e-04 | Render_L1: 0.0276 | Alpha_L1: 0.0380 | Render_LPIPS: 0.1762 | Repel: 0.0000 | cos(c,null): +0.4959 | GradNorm: 0.0485 | MSE/t: [0.00-0.25]0.589(n=469) [0.25-0.50]0.509(n=1148) [0.50-0.75]0.413(n=1122) [0.75-1.00]0.354(n=461)
2026-04-25 15:11:48,089 - INFO - [cond] cfg_signal=0.0353 (min=0.0260 max=0.0476, n=16) | class_signal=0.0481 (min=0.0324 max=0.0590, n=16) | pred_rms=0.6100
2026-04-25 15:11:56,167 - INFO - [validation] saved: output/jit_JiT-B_8_from_scratch_null_repel/dit_validation/epoch_016_step_0130000_class043.png (class=43, sampler=heun, steps=100)
2026-04-25 15:11:57,653 - INFO - [overrides] applied from jit/configs/overrides.yaml: lr_scale=1.0 max_grad_norm=5.0 null_repel_weight=0.05 P_mean=0.0
2026-04-25 15:11:57,703 - INFO - [render-loss] step=130000 masked 6/16 samples (t_value < 0.40)
2026-04-25 15:13:49,990 - INFO - Step  130200 | Epoch  16 | MSE: 0.4627 | Steps/sec: 1.64 | LR: 1.76e-04 | Render_L1: 0.0274 | Alpha_L1: 0.0387 | Render_LPIPS: 0.1756 | Repel: 0.0000 | cos(c,null): +0.4974 | GradNorm: 0.0515 | MSE/t: [0.00-0.25]0.580(n=435) [0.25-0.50]0.516(n=1159) [0.50-0.75]0.401(n=1176) [0.75-1.00]0.370(n=430)
2026-04-25 15:13:50,464 - INFO - [cond] cfg_signal=0.0426 (min=0.0260 max=0.0630, n=16) | class_signal=0.0565 (min=0.0343 max=0.0869, n=16) | pred_rms=0.6473
2026-04-25 15:13:50,519 - INFO - [render-loss] step=130200 masked 6/16 samples (t_value < 0.40)
2026-04-25 15:15:42,370 - INFO - Step  130400 | Epoch  16 | MSE: 0.4652 | Steps/sec: 1.79 | LR: 1.76e-04 | Render_L1: 0.0274 | Alpha_L1: 0.0383 | Render_LPIPS: 0.1741 | Repel: 0.0000 | cos(c,null): +0.4967 | GradNorm: 0.0594 | MSE/t: [0.00-0.25]0.569(n=455) [0.25-0.50]0.530(n=1166) [0.50-0.75]0.408(n=1154) [0.75-1.00]0.333(n=425)
2026-04-25 15:15:42,861 - INFO - [cond] cfg_signal=0.0416 (min=0.0272 max=0.0831, n=16) | class_signal=0.0555 (min=0.0334 max=0.0882, n=16) | pred_rms=0.6039
2026-04-25 15:15:42,916 - INFO - [render-loss] step=130400 masked 4/16 samples (t_value < 0.40)
2026-04-25 15:17:35,117 - INFO - Step  130600 | Epoch  16 | MSE: 0.4558 | Steps/sec: 1.78 | LR: 1.75e-04 | Render_L1: 0.0272 | Alpha_L1: 0.0384 | Render_LPIPS: 0.1761 | Repel: 0.0000 | cos(c,null): +0.4953 | GradNorm: 0.0600 | MSE/t: [0.00-0.25]0.552(n=442) [0.25-0.50]0.511(n=1175) [0.50-0.75]0.400(n=1169) [0.75-1.00]0.353(n=414)
2026-04-25 15:17:35,585 - INFO - [cond] cfg_signal=0.0379 (min=0.0245 max=0.0678, n=16) | class_signal=0.0534 (min=0.0297 max=0.0806, n=16) | pred_rms=0.5995
2026-04-25 15:17:35,640 - INFO - [render-loss] step=130600 masked 4/16 samples (t_value < 0.40)
2026-04-25 15:19:27,842 - INFO - Step  130800 | Epoch  16 | MSE: 0.4616 | Steps/sec: 1.78 | LR: 1.75e-04 | Render_L1: 0.0277 | Alpha_L1: 0.0386 | Render_LPIPS: 0.1785 | Repel: 0.0000 | cos(c,null): +0.4996 | GradNorm: 0.0479 | MSE/t: [0.00-0.25]0.580(n=435) [0.25-0.50]0.501(n=1196) [0.50-0.75]0.415(n=1165) [0.75-1.00]0.352(n=404)
2026-04-25 15:19:28,320 - INFO - [cond] cfg_signal=0.0421 (min=0.0254 max=0.0644, n=16) | class_signal=0.0564 (min=0.0333 max=0.0841, n=16) | pred_rms=0.6400
2026-04-25 15:19:28,382 - INFO - [render-loss] step=130800 masked 5/16 samples (t_value < 0.40)
2026-04-25 15:21:20,226 - INFO - Step  131000 | Epoch  16 | MSE: 0.4753 | Steps/sec: 1.79 | LR: 1.75e-04 | Render_L1: 0.0277 | Alpha_L1: 0.0388 | Render_LPIPS: 0.1753 | Repel: 0.0000 | cos(c,null): +0.5000 | GradNorm: 0.1199 | MSE/t: [0.00-0.25]0.604(n=441) [0.25-0.50]0.536(n=1160) [0.50-0.75]0.409(n=1182) [0.75-1.00]0.358(n=417)
2026-04-25 15:21:20,700 - INFO - [cond] cfg_signal=0.0457 (min=0.0280 max=0.0670, n=16) | class_signal=0.0607 (min=0.0389 max=0.0953, n=16) | pred_rms=0.6407
2026-04-25 15:21:28,745 - INFO - [validation] saved: output/jit_JiT-B_8_from_scratch_null_repel/dit_validation/epoch_016_step_0131000_class030.png (class=30, sampler=heun, steps=100)
2026-04-25 15:21:30,029 - INFO - [overrides] applied from jit/configs/overrides.yaml: lr_scale=1.0 max_grad_norm=5.0 null_repel_weight=0.05 P_mean=0.0
2026-04-25 15:21:30,080 - INFO - [render-loss] step=131000 masked 3/16 samples (t_value < 0.40)
2026-04-25 15:23:21,754 - INFO - Step  131200 | Epoch  16 | MSE: 0.4557 | Steps/sec: 1.65 | LR: 1.75e-04 | Render_L1: 0.0278 | Alpha_L1: 0.0386 | Render_LPIPS: 0.1757 | Repel: 0.0000 | cos(c,null): +0.4987 | GradNorm: 0.0472 | MSE/t: [0.00-0.25]0.582(n=435) [0.25-0.50]0.493(n=1164) [0.50-0.75]0.414(n=1138) [0.75-1.00]0.346(n=463)
2026-04-25 15:23:22,231 - INFO - [cond] cfg_signal=0.0432 (min=0.0248 max=0.0617, n=16) | class_signal=0.0574 (min=0.0386 max=0.0935, n=16) | pred_rms=0.6408
2026-04-25 15:23:22,285 - INFO - [render-loss] step=131200 masked 3/16 samples (t_value < 0.40)
2026-04-25 15:25:14,556 - INFO - Step  131400 | Epoch  16 | MSE: 0.4576 | Steps/sec: 1.78 | LR: 1.75e-04 | Render_L1: 0.0270 | Alpha_L1: 0.0376 | Render_LPIPS: 0.1737 | Repel: 0.0000 | cos(c,null): +0.4981 | GradNorm: 0.0435 | MSE/t: [0.00-0.25]0.578(n=439) [0.25-0.50]0.503(n=1164) [0.50-0.75]0.404(n=1186) [0.75-1.00]0.355(n=411)
2026-04-25 15:25:15,033 - INFO - [cond] cfg_signal=0.0434 (min=0.0260 max=0.0697, n=16) | class_signal=0.0585 (min=0.0360 max=0.1015, n=16) | pred_rms=0.6453
2026-04-25 15:25:15,090 - INFO - [render-loss] step=131400 masked 6/16 samples (t_value < 0.40)
2026-04-25 15:27:06,999 - INFO - Step  131600 | Epoch  16 | MSE: 0.4677 | Steps/sec: 1.79 | LR: 1.75e-04 | Render_L1: 0.0271 | Alpha_L1: 0.0377 | Render_LPIPS: 0.1733 | Repel: 0.0000 | cos(c,null): +0.4974 | GradNorm: 0.0453 | MSE/t: [0.00-0.25]0.617(n=427) [0.25-0.50]0.516(n=1168) [0.50-0.75]0.413(n=1148) [0.75-1.00]0.343(n=457)
2026-04-25 15:27:07,470 - INFO - [cond] cfg_signal=0.0443 (min=0.0269 max=0.0750, n=16) | class_signal=0.0610 (min=0.0339 max=0.1004, n=16) | pred_rms=0.6487
2026-04-25 15:27:07,541 - INFO - [render-loss] step=131600 masked 2/16 samples (t_value < 0.40)
2026-04-25 15:28:59,289 - INFO - Step  131800 | Epoch  16 | MSE: 0.4699 | Steps/sec: 1.79 | LR: 1.75e-04 | Render_L1: 0.0274 | Alpha_L1: 0.0385 | Render_LPIPS: 0.1756 | Repel: 0.0000 | cos(c,null): +0.4970 | GradNorm: 0.0440 | MSE/t: [0.00-0.25]0.616(n=440) [0.25-0.50]0.516(n=1127) [0.50-0.75]0.412(n=1199) [0.75-1.00]0.363(n=434)
2026-04-25 15:28:59,744 - INFO - [cond] cfg_signal=0.0396 (min=0.0245 max=0.0575, n=16) | class_signal=0.0532 (min=0.0323 max=0.0831, n=16) | pred_rms=0.6255
2026-04-25 15:28:59,798 - INFO - [render-loss] step=131800 masked 8/16 samples (t_value < 0.40)
2026-04-25 15:30:51,771 - INFO - Step  132000 | Epoch  16 | MSE: 0.4608 | Steps/sec: 1.79 | LR: 1.75e-04 | Render_L1: 0.0266 | Alpha_L1: 0.0367 | Render_LPIPS: 0.1715 | Repel: 0.0000 | cos(c,null): +0.4984 | GradNorm: 0.0440 | MSE/t: [0.00-0.25]0.583(n=433) [0.25-0.50]0.518(n=1185) [0.50-0.75]0.406(n=1150) [0.75-1.00]0.328(n=432)
2026-04-25 15:30:52,227 - INFO - [cond] cfg_signal=0.0428 (min=0.0245 max=0.0707, n=16) | class_signal=0.0572 (min=0.0335 max=0.1032, n=16) | pred_rms=0.6490
2026-04-25 15:31:00,254 - INFO - [validation] saved: output/jit_JiT-B_8_from_scratch_null_repel/dit_validation/epoch_016_step_0132000_class066.png (class=66, sampler=heun, steps=100)
2026-04-25 15:31:01,520 - INFO - [overrides] applied from jit/configs/overrides.yaml: lr_scale=1.0 max_grad_norm=5.0 null_repel_weight=0.05 P_mean=0.0
2026-04-25 15:31:01,567 - INFO - [render-loss] step=132000 masked 7/16 samples (t_value < 0.40)
2026-04-25 15:32:54,112 - INFO - Step  132200 | Epoch  16 | MSE: 0.4524 | Steps/sec: 1.64 | LR: 1.75e-04 | Render_L1: 0.0271 | Alpha_L1: 0.0384 | Render_LPIPS: 0.1750 | Repel: 0.0000 | cos(c,null): +0.4967 | GradNorm: 0.0556 | MSE/t: [0.00-0.25]0.598(n=437) [0.25-0.50]0.496(n=1186) [0.50-0.75]0.388(n=1152) [0.75-1.00]0.356(n=425)
2026-04-25 15:32:54,604 - INFO - [cond] cfg_signal=0.0436 (min=0.0241 max=0.0727, n=16) | class_signal=0.0596 (min=0.0355 max=0.1009, n=16) | pred_rms=0.6328
2026-04-25 15:32:54,659 - INFO - [render-loss] step=132200 masked 9/16 samples (t_value < 0.40)
2026-04-25 15:34:46,517 - INFO - Step  132400 | Epoch  16 | MSE: 0.4580 | Steps/sec: 1.79 | LR: 1.75e-04 | Render_L1: 0.0267 | Alpha_L1: 0.0380 | Render_LPIPS: 0.1737 | Repel: 0.0000 | cos(c,null): +0.4962 | GradNorm: 0.0469 | MSE/t: [0.00-0.25]0.592(n=426) [0.25-0.50]0.504(n=1181) [0.50-0.75]0.403(n=1134) [0.75-1.00]0.350(n=459)
2026-04-25 15:34:47,033 - INFO - [cond] cfg_signal=0.0419 (min=0.0269 max=0.0642, n=16) | class_signal=0.0564 (min=0.0347 max=0.0863, n=16) | pred_rms=0.6470
2026-04-25 15:34:47,091 - INFO - [render-loss] step=132400 masked 10/16 samples (t_value < 0.40)
2026-04-25 15:36:38,898 - INFO - Step  132600 | Epoch  16 | MSE: 0.4520 | Steps/sec: 1.79 | LR: 1.75e-04 | Render_L1: 0.0273 | Alpha_L1: 0.0379 | Render_LPIPS: 0.1741 | Repel: 0.0000 | cos(c,null): +0.4951 | GradNorm: 0.0486 | MSE/t: [0.00-0.25]0.579(n=421) [0.25-0.50]0.499(n=1167) [0.50-0.75]0.402(n=1173) [0.75-1.00]0.337(n=439)
2026-04-25 15:36:39,377 - INFO - [cond] cfg_signal=0.0414 (min=0.0254 max=0.0626, n=16) | class_signal=0.0552 (min=0.0318 max=0.0860, n=16) | pred_rms=0.6328
2026-04-25 15:36:39,432 - INFO - [render-loss] step=132600 masked 5/16 samples (t_value < 0.40)
2026-04-25 15:38:31,505 - INFO - Step  132800 | Epoch  16 | MSE: 0.4590 | Steps/sec: 1.78 | LR: 1.75e-04 | Render_L1: 0.0271 | Alpha_L1: 0.0384 | Render_LPIPS: 0.1733 | Repel: 0.0000 | cos(c,null): +0.4964 | GradNorm: 0.0475 | MSE/t: [0.00-0.25]0.559(n=407) [0.25-0.50]0.512(n=1177) [0.50-0.75]0.407(n=1176) [0.75-1.00]0.362(n=440)
2026-04-25 15:38:31,988 - INFO - [cond] cfg_signal=0.0390 (min=0.0263 max=0.0545, n=16) | class_signal=0.0520 (min=0.0297 max=0.0775, n=16) | pred_rms=0.6384
2026-04-25 15:38:32,044 - INFO - [render-loss] step=132800 masked 8/16 samples (t_value < 0.40)
2026-04-25 15:40:24,324 - INFO - Step  133000 | Epoch  16 | MSE: 0.4517 | Steps/sec: 1.78 | LR: 1.75e-04 | Render_L1: 0.0268 | Alpha_L1: 0.0385 | Render_LPIPS: 0.1732 | Repel: 0.0000 | cos(c,null): +0.4952 | GradNorm: 0.0457 | MSE/t: [0.00-0.25]0.575(n=422) [0.25-0.50]0.500(n=1185) [0.50-0.75]0.399(n=1156) [0.75-1.00]0.340(n=437)
2026-04-25 15:40:24,778 - INFO - [cond] cfg_signal=0.0383 (min=0.0286 max=0.0551, n=16) | class_signal=0.0486 (min=0.0274 max=0.0684, n=16) | pred_rms=0.6398
2026-04-25 15:40:32,742 - INFO - [validation] saved: output/jit_JiT-B_8_from_scratch_null_repel/dit_validation/epoch_016_step_0133000_class000.png (class=0, sampler=heun, steps=100)
2026-04-25 15:40:33,983 - INFO - [overrides] applied from jit/configs/overrides.yaml: lr_scale=1.0 max_grad_norm=5.0 null_repel_weight=0.05 P_mean=0.0
2026-04-25 15:40:34,033 - INFO - [render-loss] step=133000 masked 4/16 samples (t_value < 0.40)
2026-04-25 15:42:26,041 - INFO - Step  133200 | Epoch  16 | MSE: 0.4508 | Steps/sec: 1.65 | LR: 1.75e-04 | Render_L1: 0.0267 | Alpha_L1: 0.0370 | Render_LPIPS: 0.1716 | Repel: 0.0000 | cos(c,null): +0.4791 | GradNorm: 0.0461 | MSE/t: [0.00-0.25]0.614(n=418) [0.25-0.50]0.486(n=1132) [0.50-0.75]0.405(n=1200) [0.75-1.00]0.334(n=450)
2026-04-25 15:42:26,502 - INFO - [cond] cfg_signal=0.0430 (min=0.0280 max=0.0682, n=16) | class_signal=0.0551 (min=0.0329 max=0.0774, n=16) | pred_rms=0.6426
2026-04-25 15:42:26,556 - INFO - [render-loss] step=133200 masked 3/16 samples (t_value < 0.40)
2026-04-25 15:44:18,500 - INFO - Step  133400 | Epoch  16 | MSE: 0.4617 | Steps/sec: 1.79 | LR: 1.74e-04 | Render_L1: 0.0269 | Alpha_L1: 0.0376 | Render_LPIPS: 0.1737 | Repel: 0.0000 | cos(c,null): +0.4806 | GradNorm: 0.0477 | MSE/t: [0.00-0.25]0.585(n=472) [0.25-0.50]0.499(n=1140) [0.50-0.75]0.411(n=1155) [0.75-1.00]0.366(n=433)
2026-04-25 15:44:18,968 - INFO - [cond] cfg_signal=0.0404 (min=0.0252 max=0.0660, n=16) | class_signal=0.0512 (min=0.0312 max=0.0745, n=16) | pred_rms=0.6380
2026-04-25 15:44:19,023 - INFO - [render-loss] step=133400 masked 6/16 samples (t_value < 0.40)
2026-04-25 15:46:11,464 - INFO - Step  133600 | Epoch  16 | MSE: 0.4548 | Steps/sec: 1.78 | LR: 1.74e-04 | Render_L1: 0.0273 | Alpha_L1: 0.0382 | Render_LPIPS: 0.1757 | Repel: 0.0000 | cos(c,null): +0.4822 | GradNorm: 0.0442 | MSE/t: [0.00-0.25]0.592(n=430) [0.25-0.50]0.492(n=1183) [0.50-0.75]0.405(n=1139) [0.75-1.00]0.352(n=448)
2026-04-25 15:46:11,919 - INFO - [cond] cfg_signal=0.0399 (min=0.0240 max=0.0642, n=16) | class_signal=0.0504 (min=0.0322 max=0.0730, n=16) | pred_rms=0.6305
2026-04-25 15:46:11,973 - INFO - [render-loss] step=133600 masked 5/16 samples (t_value < 0.40)
2026-04-25 15:48:03,899 - INFO - Step  133800 | Epoch  16 | MSE: 0.4584 | Steps/sec: 1.79 | LR: 1.74e-04 | Render_L1: 0.0278 | Alpha_L1: 0.0402 | Render_LPIPS: 0.1745 | Repel: 0.0000 | cos(c,null): +0.4863 | GradNorm: 0.0603 | MSE/t: [0.00-0.25]0.582(n=462) [0.25-0.50]0.501(n=1123) [0.50-0.75]0.400(n=1182) [0.75-1.00]0.375(n=433)
2026-04-25 15:48:04,440 - INFO - [cond] cfg_signal=0.0401 (min=0.0244 max=0.0571, n=16) | class_signal=0.0515 (min=0.0361 max=0.0665, n=16) | pred_rms=0.6351
2026-04-25 15:48:04,496 - INFO - [render-loss] step=133800 masked 6/16 samples (t_value < 0.40)
2026-04-25 15:49:56,443 - INFO - Step  134000 | Epoch  16 | MSE: 0.4602 | Steps/sec: 1.79 | LR: 1.74e-04 | Render_L1: 0.0270 | Alpha_L1: 0.0374 | Render_LPIPS: 0.1746 | Repel: 0.0000 | cos(c,null): +0.4888 | GradNorm: 0.0487 | MSE/t: [0.00-0.25]0.570(n=447) [0.25-0.50]0.493(n=1203) [0.50-0.75]0.424(n=1109) [0.75-1.00]0.351(n=441)
2026-04-25 15:49:56,907 - INFO - [cond] cfg_signal=0.0389 (min=0.0245 max=0.0578, n=16) | class_signal=0.0500 (min=0.0315 max=0.0643, n=16) | pred_rms=0.6334
2026-04-25 15:50:04,904 - INFO - [validation] saved: output/jit_JiT-B_8_from_scratch_null_repel/dit_validation/epoch_016_step_0134000_class038.png (class=38, sampler=heun, steps=100)
2026-04-25 15:50:06,292 - INFO - [overrides] applied from jit/configs/overrides.yaml: lr_scale=1.0 max_grad_norm=5.0 null_repel_weight=0.05 P_mean=0.0
2026-04-25 15:50:06,341 - INFO - [render-loss] step=134000 masked 4/16 samples (t_value < 0.40)
2026-04-25 15:51:58,414 - INFO - Step  134200 | Epoch  16 | MSE: 0.4523 | Steps/sec: 1.65 | LR: 1.74e-04 | Render_L1: 0.0263 | Alpha_L1: 0.0371 | Render_LPIPS: 0.1710 | Repel: 0.0000 | cos(c,null): +0.4910 | GradNorm: 0.0421 | MSE/t: [0.00-0.25]0.571(n=431) [0.25-0.50]0.494(n=1155) [0.50-0.75]0.414(n=1187) [0.75-1.00]0.325(n=427)
2026-04-25 15:51:58,898 - INFO - [cond] cfg_signal=0.0412 (min=0.0250 max=0.0599, n=16) | class_signal=0.0536 (min=0.0344 max=0.0741, n=16) | pred_rms=0.6748
2026-04-25 15:51:58,961 - INFO - [render-loss] step=134200 masked 6/16 samples (t_value < 0.40)
2026-04-25 15:53:51,123 - INFO - Step  134400 | Epoch  16 | MSE: 0.4568 | Steps/sec: 1.78 | LR: 1.74e-04 | Render_L1: 0.0272 | Alpha_L1: 0.0378 | Render_LPIPS: 0.1739 | Repel: 0.0000 | cos(c,null): +0.4927 | GradNorm: 0.0438 | MSE/t: [0.00-0.25]0.581(n=404) [0.25-0.50]0.515(n=1172) [0.50-0.75]0.401(n=1171) [0.75-1.00]0.339(n=453)
2026-04-25 15:53:51,587 - INFO - [cond] cfg_signal=0.0409 (min=0.0247 max=0.0547, n=16) | class_signal=0.0541 (min=0.0361 max=0.0715, n=16) | pred_rms=0.6392
2026-04-25 15:53:51,646 - INFO - [render-loss] step=134400 masked 2/16 samples (t_value < 0.40)
2026-04-25 15:55:43,648 - INFO - Step  134600 | Epoch  16 | MSE: 0.4596 | Steps/sec: 1.78 | LR: 1.74e-04 | Render_L1: 0.0270 | Alpha_L1: 0.0382 | Render_LPIPS: 0.1743 | Repel: 0.0000 | cos(c,null): +0.4929 | GradNorm: 0.0439 | MSE/t: [0.00-0.25]0.596(n=439) [0.25-0.50]0.505(n=1177) [0.50-0.75]0.407(n=1157) [0.75-1.00]0.337(n=427)
2026-04-25 15:55:44,107 - INFO - [cond] cfg_signal=0.0424 (min=0.0251 max=0.0593, n=16) | class_signal=0.0568 (min=0.0353 max=0.0737, n=16) | pred_rms=0.6473
2026-04-25 15:55:44,162 - INFO - [render-loss] step=134600 masked 3/16 samples (t_value < 0.40)
2026-04-25 15:57:35,909 - INFO - Step  134800 | Epoch  16 | MSE: 0.4607 | Steps/sec: 1.79 | LR: 1.74e-04 | Render_L1: 0.0270 | Alpha_L1: 0.0373 | Render_LPIPS: 0.1739 | Repel: 0.0000 | cos(c,null): +0.4939 | GradNorm: 0.0472 | MSE/t: [0.00-0.25]0.593(n=423) [0.25-0.50]0.508(n=1177) [0.50-0.75]0.397(n=1186) [0.75-1.00]0.372(n=414)
2026-04-25 15:57:36,384 - INFO - [cond] cfg_signal=0.0402 (min=0.0241 max=0.0540, n=16) | class_signal=0.0551 (min=0.0329 max=0.0747, n=16) | pred_rms=0.6469
2026-04-25 15:57:36,605 - INFO - [render-loss] step=134800 masked 9/16 samples (t_value < 0.40)
2026-04-25 15:59:28,783 - INFO - Step  135000 | Epoch  16 | MSE: 0.4479 | Steps/sec: 1.78 | LR: 1.74e-04 | Render_L1: 0.0267 | Alpha_L1: 0.0370 | Render_LPIPS: 0.1718 | Repel: 0.0000 | cos(c,null): +0.4949 | GradNorm: 0.0447 | MSE/t: [0.00-0.25]0.556(n=454) [0.25-0.50]0.501(n=1132) [0.50-0.75]0.394(n=1170) [0.75-1.00]0.345(n=444)
2026-04-25 15:59:29,243 - INFO - [cond] cfg_signal=0.0408 (min=0.0255 max=0.0545, n=16) | class_signal=0.0538 (min=0.0327 max=0.0717, n=16) | pred_rms=0.6331
2026-04-25 15:59:37,259 - INFO - [validation] saved: output/jit_JiT-B_8_from_scratch_null_repel/dit_validation/epoch_016_step_0135000_class023.png (class=23, sampler=heun, steps=100)
2026-04-25 15:59:38,664 - INFO - [overrides] applied from jit/configs/overrides.yaml: lr_scale=1.0 max_grad_norm=5.0 null_repel_weight=0.05 P_mean=0.0
2026-04-25 15:59:38,714 - INFO - [render-loss] step=135000 masked 6/16 samples (t_value < 0.40)
2026-04-25 16:01:32,207 - INFO - Step  135200 | Epoch  17 | MSE: 0.4575 | Steps/sec: 1.63 | LR: 1.74e-04 | Render_L1: 0.0260 | Alpha_L1: 0.0368 | Render_LPIPS: 0.1686 | Repel: 0.0000 | cos(c,null): +0.4948 | GradNorm: 0.0421 | MSE/t: [0.00-0.25]0.617(n=444) [0.25-0.50]0.497(n=1143) [0.50-0.75]0.408(n=1190) [0.75-1.00]0.323(n=423)
2026-04-25 16:01:32,662 - INFO - [cond] cfg_signal=0.0422 (min=0.0257 max=0.0561, n=16) | class_signal=0.0542 (min=0.0357 max=0.0705, n=16) | pred_rms=0.6130
2026-04-25 16:01:32,718 - INFO - [render-loss] step=135200 masked 6/16 samples (t_value < 0.40)
2026-04-25 16:03:24,304 - INFO - Step  135400 | Epoch  17 | MSE: 0.4574 | Steps/sec: 1.79 | LR: 1.74e-04 | Render_L1: 0.0265 | Alpha_L1: 0.0381 | Render_LPIPS: 0.1713 | Repel: 0.0000 | cos(c,null): +0.4953 | GradNorm: 0.0517 | MSE/t: [0.00-0.25]0.582(n=410) [0.25-0.50]0.511(n=1134) [0.50-0.75]0.398(n=1209) [0.75-1.00]0.369(n=447)
2026-04-25 16:03:24,775 - INFO - [cond] cfg_signal=0.0400 (min=0.0241 max=0.0524, n=16) | class_signal=0.0517 (min=0.0354 max=0.0642, n=16) | pred_rms=0.6326
2026-04-25 16:03:24,831 - INFO - [render-loss] step=135400 masked 4/16 samples (t_value < 0.40)
2026-04-25 16:05:16,722 - INFO - Step  135600 | Epoch  17 | MSE: 0.4605 | Steps/sec: 1.79 | LR: 1.74e-04 | Render_L1: 0.0264 | Alpha_L1: 0.0373 | Render_LPIPS: 0.1711 | Repel: 0.0000 | cos(c,null): +0.4974 | GradNorm: 0.0476 | MSE/t: [0.00-0.25]0.583(n=424) [0.25-0.50]0.515(n=1179) [0.50-0.75]0.403(n=1146) [0.75-1.00]0.348(n=451)
2026-04-25 16:05:17,196 - INFO - [cond] cfg_signal=0.0389 (min=0.0242 max=0.0514, n=16) | class_signal=0.0511 (min=0.0324 max=0.0604, n=16) | pred_rms=0.5890
2026-04-25 16:05:17,252 - INFO - [render-loss] step=135600 masked 6/16 samples (t_value < 0.40)
2026-04-25 16:07:09,856 - INFO - Step  135800 | Epoch  17 | MSE: 0.4561 | Steps/sec: 1.78 | LR: 1.74e-04 | Render_L1: 0.0275 | Alpha_L1: 0.0390 | Render_LPIPS: 0.1768 | Repel: 0.0000 | cos(c,null): +0.4982 | GradNorm: 0.0493 | MSE/t: [0.00-0.25]0.580(n=417) [0.25-0.50]0.492(n=1190) [0.50-0.75]0.413(n=1151) [0.75-1.00]0.355(n=442)
2026-04-25 16:07:10,349 - INFO - [cond] cfg_signal=0.0398 (min=0.0257 max=0.0506, n=16) | class_signal=0.0511 (min=0.0326 max=0.0608, n=16) | pred_rms=0.6196
2026-04-25 16:07:10,405 - INFO - [render-loss] step=135800 masked 3/16 samples (t_value < 0.40)
2026-04-25 16:09:02,136 - INFO - Step  136000 | Epoch  17 | MSE: 0.4542 | Steps/sec: 1.79 | LR: 1.73e-04 | Render_L1: 0.0276 | Alpha_L1: 0.0387 | Render_LPIPS: 0.1759 | Repel: 0.0000 | cos(c,null): +0.4965 | GradNorm: 0.0435 | MSE/t: [0.00-0.25]0.557(n=439) [0.25-0.50]0.501(n=1189) [0.50-0.75]0.406(n=1172) [0.75-1.00]0.345(n=400)
2026-04-25 16:09:02,593 - INFO - [cond] cfg_signal=0.0388 (min=0.0244 max=0.0511, n=16) | class_signal=0.0510 (min=0.0339 max=0.0608, n=16) | pred_rms=0.6317
2026-04-25 16:09:10,637 - INFO - [validation] saved: output/jit_JiT-B_8_from_scratch_null_repel/dit_validation/epoch_017_step_0136000_class079.png (class=79, sampler=heun, steps=100)
2026-04-25 16:09:11,907 - INFO - [overrides] applied from jit/configs/overrides.yaml: lr_scale=1.0 max_grad_norm=5.0 null_repel_weight=0.05 P_mean=0.0
2026-04-25 16:09:11,956 - INFO - [render-loss] step=136000 masked 5/16 samples (t_value < 0.40)
2026-04-25 16:11:04,328 - INFO - Step  136200 | Epoch  17 | MSE: 0.4587 | Steps/sec: 1.64 | LR: 1.73e-04 | Render_L1: 0.0269 | Alpha_L1: 0.0378 | Render_LPIPS: 0.1730 | Repel: 0.0000 | cos(c,null): +0.4968 | GradNorm: 0.0474 | MSE/t: [0.00-0.25]0.594(n=452) [0.25-0.50]0.499(n=1137) [0.50-0.75]0.403(n=1181) [0.75-1.00]0.363(n=430)
2026-04-25 16:11:04,810 - INFO - [cond] cfg_signal=0.0415 (min=0.0239 max=0.0519, n=16) | class_signal=0.0549 (min=0.0395 max=0.0681, n=16) | pred_rms=0.6442
2026-04-25 16:11:04,866 - INFO - [render-loss] step=136200 masked 3/16 samples (t_value < 0.40)
2026-04-25 16:12:57,218 - INFO - Step  136400 | Epoch  17 | MSE: 0.4683 | Steps/sec: 1.78 | LR: 1.73e-04 | Render_L1: 0.0277 | Alpha_L1: 0.0390 | Render_LPIPS: 0.1769 | Repel: 0.0000 | cos(c,null): +0.4984 | GradNorm: 0.0472 | MSE/t: [0.00-0.25]0.598(n=444) [0.25-0.50]0.509(n=1154) [0.50-0.75]0.421(n=1146) [0.75-1.00]0.358(n=456)
2026-04-25 16:12:57,707 - INFO - [cond] cfg_signal=0.0417 (min=0.0240 max=0.0555, n=16) | class_signal=0.0523 (min=0.0384 max=0.0627, n=16) | pred_rms=0.6093
2026-04-25 16:12:57,775 - INFO - [render-loss] step=136400 masked 2/16 samples (t_value < 0.40)
2026-04-25 16:14:50,055 - INFO - Step  136600 | Epoch  17 | MSE: 0.4587 | Steps/sec: 1.78 | LR: 1.73e-04 | Render_L1: 0.0260 | Alpha_L1: 0.0366 | Render_LPIPS: 0.1694 | Repel: 0.0000 | cos(c,null): +0.4961 | GradNorm: 0.0430 | MSE/t: [0.00-0.25]0.569(n=422) [0.25-0.50]0.522(n=1157) [0.50-0.75]0.397(n=1188) [0.75-1.00]0.352(n=433)
2026-04-25 16:14:50,530 - INFO - [cond] cfg_signal=0.0422 (min=0.0238 max=0.0562, n=16) | class_signal=0.0537 (min=0.0349 max=0.0683, n=16) | pred_rms=0.6351
2026-04-25 16:14:50,586 - INFO - [render-loss] step=136600 masked 4/16 samples (t_value < 0.40)
2026-04-25 16:16:42,148 - INFO - Step  136800 | Epoch  17 | MSE: 0.4583 | Steps/sec: 1.79 | LR: 1.73e-04 | Render_L1: 0.0269 | Alpha_L1: 0.0383 | Render_LPIPS: 0.1734 | Repel: 0.0000 | cos(c,null): +0.4965 | GradNorm: 0.0516 | MSE/t: [0.00-0.25]0.563(n=434) [0.25-0.50]0.506(n=1150) [0.50-0.75]0.410(n=1184) [0.75-1.00]0.359(n=432)
2026-04-25 16:16:42,620 - INFO - [cond] cfg_signal=0.0425 (min=0.0275 max=0.0593, n=16) | class_signal=0.0535 (min=0.0316 max=0.0664, n=16) | pred_rms=0.6324
2026-04-25 16:16:42,674 - INFO - [render-loss] step=136800 masked 5/16 samples (t_value < 0.40)
2026-04-25 16:18:34,278 - INFO - Step  137000 | Epoch  17 | MSE: 0.4533 | Steps/sec: 1.79 | LR: 1.73e-04 | Render_L1: 0.0268 | Alpha_L1: 0.0383 | Render_LPIPS: 0.1745 | Repel: 0.0000 | cos(c,null): +0.4971 | GradNorm: 0.0461 | MSE/t: [0.00-0.25]0.591(n=406) [0.25-0.50]0.490(n=1177) [0.50-0.75]0.405(n=1141) [0.75-1.00]0.361(n=476)
2026-04-25 16:18:34,744 - INFO - [cond] cfg_signal=0.0422 (min=0.0266 max=0.0632, n=16) | class_signal=0.0561 (min=0.0352 max=0.0719, n=16) | pred_rms=0.6219
2026-04-25 16:18:42,810 - INFO - [validation] saved: output/jit_JiT-B_8_from_scratch_null_repel/dit_validation/epoch_017_step_0137000_class003.png (class=3, sampler=heun, steps=100)
2026-04-25 16:18:44,055 - INFO - [overrides] applied from jit/configs/overrides.yaml: lr_scale=1.0 max_grad_norm=5.0 null_repel_weight=0.05 P_mean=0.0
2026-04-25 16:18:44,105 - INFO - [render-loss] step=137000 masked 3/16 samples (t_value < 0.40)
2026-04-25 16:20:35,944 - INFO - Step  137200 | Epoch  17 | MSE: 0.4532 | Steps/sec: 1.65 | LR: 1.73e-04 | Render_L1: 0.0273 | Alpha_L1: 0.0379 | Render_LPIPS: 0.1741 | Repel: 0.0000 | cos(c,null): +0.4970 | GradNorm: 0.0466 | MSE/t: [0.00-0.25]0.552(n=456) [0.25-0.50]0.506(n=1112) [0.50-0.75]0.403(n=1197) [0.75-1.00]0.353(n=435)
2026-04-25 16:20:36,412 - INFO - [cond] cfg_signal=0.0400 (min=0.0270 max=0.0577, n=16) | class_signal=0.0535 (min=0.0335 max=0.0685, n=16) | pred_rms=0.6347
2026-04-25 16:20:36,465 - INFO - [render-loss] step=137200 masked 5/16 samples (t_value < 0.40)
2026-04-25 16:22:28,624 - INFO - Step  137400 | Epoch  17 | MSE: 0.4645 | Steps/sec: 1.78 | LR: 1.73e-04 | Render_L1: 0.0279 | Alpha_L1: 0.0388 | Render_LPIPS: 0.1773 | Repel: 0.0000 | cos(c,null): +0.4967 | GradNorm: 0.0477 | MSE/t: [0.00-0.25]0.596(n=416) [0.25-0.50]0.509(n=1207) [0.50-0.75]0.413(n=1125) [0.75-1.00]0.355(n=452)
2026-04-25 16:22:29,092 - INFO - [cond] cfg_signal=0.0414 (min=0.0277 max=0.0622, n=16) | class_signal=0.0567 (min=0.0369 max=0.0712, n=16) | pred_rms=0.6240
2026-04-25 16:22:29,150 - INFO - [render-loss] step=137400 masked 6/16 samples (t_value < 0.40)
2026-04-25 16:24:21,506 - INFO - Step  137600 | Epoch  17 | MSE: 0.4508 | Steps/sec: 1.78 | LR: 1.73e-04 | Render_L1: 0.0271 | Alpha_L1: 0.0379 | Render_LPIPS: 0.1731 | Repel: 0.0000 | cos(c,null): +0.4960 | GradNorm: 0.0424 | MSE/t: [0.00-0.25]0.569(n=413) [0.25-0.50]0.504(n=1187) [0.50-0.75]0.397(n=1140) [0.75-1.00]0.342(n=460)
2026-04-25 16:24:21,976 - INFO - [cond] cfg_signal=0.0415 (min=0.0256 max=0.0627, n=16) | class_signal=0.0558 (min=0.0323 max=0.0699, n=16) | pred_rms=0.6295
2026-04-25 16:24:22,031 - INFO - [render-loss] step=137600 masked 5/16 samples (t_value < 0.40)
2026-04-25 16:26:14,163 - INFO - Step  137800 | Epoch  17 | MSE: 0.4501 | Steps/sec: 1.78 | LR: 1.73e-04 | Render_L1: 0.0273 | Alpha_L1: 0.0388 | Render_LPIPS: 0.1743 | Repel: 0.0000 | cos(c,null): +0.4963 | GradNorm: 0.0500 | MSE/t: [0.00-0.25]0.560(n=418) [0.25-0.50]0.491(n=1175) [0.50-0.75]0.403(n=1175) [0.75-1.00]0.362(n=432)
2026-04-25 16:26:14,618 - INFO - [cond] cfg_signal=0.0398 (min=0.0225 max=0.0567, n=16) | class_signal=0.0533 (min=0.0295 max=0.0690, n=16) | pred_rms=0.6236
2026-04-25 16:26:14,672 - INFO - [render-loss] step=137800 masked 6/16 samples (t_value < 0.40)
2026-04-25 16:28:06,822 - INFO - Step  138000 | Epoch  17 | MSE: 0.4575 | Steps/sec: 1.78 | LR: 1.73e-04 | Render_L1: 0.0271 | Alpha_L1: 0.0383 | Render_LPIPS: 0.1723 | Repel: 0.0000 | cos(c,null): +0.4973 | GradNorm: 0.0445 | MSE/t: [0.00-0.25]0.559(n=434) [0.25-0.50]0.509(n=1200) [0.50-0.75]0.397(n=1132) [0.75-1.00]0.371(n=434)
2026-04-25 16:28:07,284 - INFO - [cond] cfg_signal=0.0411 (min=0.0228 max=0.0583, n=16) | class_signal=0.0537 (min=0.0281 max=0.0739, n=16) | pred_rms=0.6270
2026-04-25 16:28:15,321 - INFO - [validation] saved: output/jit_JiT-B_8_from_scratch_null_repel/dit_validation/epoch_017_step_0138000_class062.png (class=62, sampler=heun, steps=100)
2026-04-25 16:28:16,576 - INFO - [overrides] applied from jit/configs/overrides.yaml: lr_scale=1.0 max_grad_norm=5.0 null_repel_weight=0.05 P_mean=0.0
2026-04-25 16:28:16,626 - INFO - [render-loss] step=138000 masked 2/16 samples (t_value < 0.40)
2026-04-25 16:30:08,477 - INFO - Step  138200 | Epoch  17 | MSE: 0.4590 | Steps/sec: 1.65 | LR: 1.73e-04 | Render_L1: 0.0271 | Alpha_L1: 0.0375 | Render_LPIPS: 0.1731 | Repel: 0.0000 | cos(c,null): +0.4974 | GradNorm: 0.0447 | MSE/t: [0.00-0.25]0.554(n=434) [0.25-0.50]0.509(n=1171) [0.50-0.75]0.412(n=1162) [0.75-1.00]0.354(n=433)
2026-04-25 16:30:08,956 - INFO - [cond] cfg_signal=0.0402 (min=0.0242 max=0.0544, n=16) | class_signal=0.0515 (min=0.0261 max=0.0711, n=16) | pred_rms=0.6304
2026-04-25 16:30:09,011 - INFO - [render-loss] step=138200 masked 6/16 samples (t_value < 0.40)
2026-04-25 16:32:00,761 - INFO - Step  138400 | Epoch  17 | MSE: 0.4502 | Steps/sec: 1.79 | LR: 1.73e-04 | Render_L1: 0.0264 | Alpha_L1: 0.0371 | Render_LPIPS: 0.1703 | Repel: 0.0000 | cos(c,null): +0.4962 | GradNorm: 0.0408 | MSE/t: [0.00-0.25]0.599(n=432) [0.25-0.50]0.489(n=1140) [0.50-0.75]0.399(n=1210) [0.75-1.00]0.339(n=418)
2026-04-25 16:32:01,213 - INFO - [cond] cfg_signal=0.0397 (min=0.0246 max=0.0504, n=16) | class_signal=0.0522 (min=0.0273 max=0.0802, n=16) | pred_rms=0.6087
2026-04-25 16:32:01,280 - INFO - [render-loss] step=138400 masked 4/16 samples (t_value < 0.40)
2026-04-25 16:33:53,311 - INFO - Step  138600 | Epoch  17 | MSE: 0.4532 | Steps/sec: 1.78 | LR: 1.73e-04 | Render_L1: 0.0274 | Alpha_L1: 0.0389 | Render_LPIPS: 0.1714 | Repel: 0.0000 | cos(c,null): +0.4926 | GradNorm: 0.0514 | MSE/t: [0.00-0.25]0.575(n=446) [0.25-0.50]0.501(n=1133) [0.50-0.75]0.404(n=1151) [0.75-1.00]0.343(n=470)
2026-04-25 16:33:53,775 - INFO - [cond] cfg_signal=0.0392 (min=0.0301 max=0.0535, n=16) | class_signal=0.0500 (min=0.0260 max=0.0700, n=16) | pred_rms=0.6340
2026-04-25 16:33:53,830 - INFO - [render-loss] step=138600 masked 3/16 samples (t_value < 0.40)
2026-04-25 16:35:45,999 - INFO - Step  138800 | Epoch  17 | MSE: 0.4574 | Steps/sec: 1.78 | LR: 1.72e-04 | Render_L1: 0.0271 | Alpha_L1: 0.0381 | Render_LPIPS: 0.1733 | Repel: 0.0000 | cos(c,null): +0.4851 | GradNorm: 0.0740 | MSE/t: [0.00-0.25]0.574(n=421) [0.25-0.50]0.513(n=1209) [0.50-0.75]0.396(n=1159) [0.75-1.00]0.348(n=411)
2026-04-25 16:35:46,476 - INFO - [cond] cfg_signal=0.0398 (min=0.0264 max=0.0517, n=16) | class_signal=0.0513 (min=0.0249 max=0.0688, n=16) | pred_rms=0.6211
2026-04-25 16:35:46,531 - INFO - [render-loss] step=138800 masked 3/16 samples (t_value < 0.40)
2026-04-25 16:37:38,269 - INFO - Step  139000 | Epoch  17 | MSE: 0.4577 | Steps/sec: 1.79 | LR: 1.72e-04 | Render_L1: 0.0272 | Alpha_L1: 0.0383 | Render_LPIPS: 0.1744 | Repel: 0.0000 | cos(c,null): +0.4885 | GradNorm: 0.0476 | MSE/t: [0.00-0.25]0.566(n=460) [0.25-0.50]0.512(n=1147) [0.50-0.75]0.398(n=1186) [0.75-1.00]0.357(n=407)
2026-04-25 16:37:38,745 - INFO - [cond] cfg_signal=0.0397 (min=0.0260 max=0.0504, n=16) | class_signal=0.0507 (min=0.0274 max=0.0678, n=16) | pred_rms=0.6273
2026-04-25 16:37:46,767 - INFO - [validation] saved: output/jit_JiT-B_8_from_scratch_null_repel/dit_validation/epoch_017_step_0139000_class092.png (class=92, sampler=heun, steps=100)
2026-04-25 16:37:48,200 - INFO - [overrides] applied from jit/configs/overrides.yaml: lr_scale=1.0 max_grad_norm=5.0 null_repel_weight=0.05 P_mean=0.0
2026-04-25 16:39:39,992 - INFO - Step  139200 | Epoch  17 | MSE: 0.4507 | Steps/sec: 1.65 | LR: 1.72e-04 | Render_L1: 0.0268 | Alpha_L1: 0.0374 | Render_LPIPS: 0.1736 | Repel: 0.0000 | cos(c,null): +0.4923 | GradNorm: 0.0464 | MSE/t: [0.00-0.25]0.571(n=465) [0.25-0.50]0.492(n=1150) [0.50-0.75]0.402(n=1168) [0.75-1.00]0.338(n=417)
2026-04-25 16:39:40,486 - INFO - [cond] cfg_signal=0.0388 (min=0.0241 max=0.0507, n=16) | class_signal=0.0497 (min=0.0260 max=0.0723, n=16) | pred_rms=0.6319
2026-04-25 16:39:40,541 - INFO - [render-loss] step=139200 masked 5/16 samples (t_value < 0.40)
2026-04-25 16:41:32,578 - INFO - Step  139400 | Epoch  17 | MSE: 0.4529 | Steps/sec: 1.78 | LR: 1.72e-04 | Render_L1: 0.0276 | Alpha_L1: 0.0381 | Render_LPIPS: 0.1750 | Repel: 0.0000 | cos(c,null): +0.4951 | GradNorm: 0.0620 | MSE/t: [0.00-0.25]0.586(n=429) [0.25-0.50]0.489(n=1159) [0.50-0.75]0.398(n=1161) [0.75-1.00]0.376(n=451)
2026-04-25 16:41:33,061 - INFO - [cond] cfg_signal=0.0390 (min=0.0263 max=0.0537, n=16) | class_signal=0.0496 (min=0.0284 max=0.0652, n=16) | pred_rms=0.6174
2026-04-25 16:41:33,118 - INFO - [render-loss] step=139400 masked 6/16 samples (t_value < 0.40)
2026-04-25 16:43:25,295 - INFO - Step  139600 | Epoch  17 | MSE: 0.4559 | Steps/sec: 1.78 | LR: 1.72e-04 | Render_L1: 0.0263 | Alpha_L1: 0.0374 | Render_LPIPS: 0.1719 | Repel: 0.0000 | cos(c,null): +0.4966 | GradNorm: 0.0429 | MSE/t: [0.00-0.25]0.572(n=440) [0.25-0.50]0.494(n=1164) [0.50-0.75]0.410(n=1198) [0.75-1.00]0.355(n=398)
2026-04-25 16:43:25,777 - INFO - [cond] cfg_signal=0.0412 (min=0.0268 max=0.0586, n=16) | class_signal=0.0521 (min=0.0315 max=0.0739, n=16) | pred_rms=0.6325
2026-04-25 16:43:25,834 - INFO - [render-loss] step=139600 masked 4/16 samples (t_value < 0.40)
2026-04-25 16:45:17,926 - INFO - Step  139800 | Epoch  17 | MSE: 0.4471 | Steps/sec: 1.78 | LR: 1.72e-04 | Render_L1: 0.0273 | Alpha_L1: 0.0376 | Render_LPIPS: 0.1735 | Repel: 0.0000 | cos(c,null): +0.4965 | GradNorm: 0.0482 | MSE/t: [0.00-0.25]0.576(n=437) [0.25-0.50]0.488(n=1161) [0.50-0.75]0.394(n=1149) [0.75-1.00]0.354(n=453)
2026-04-25 16:45:18,391 - INFO - [cond] cfg_signal=0.0335 (min=0.0233 max=0.0461, n=16) | class_signal=0.0429 (min=0.0245 max=0.0548, n=16) | pred_rms=0.6244
2026-04-25 16:45:18,445 - INFO - [render-loss] step=139800 masked 5/16 samples (t_value < 0.40)
2026-04-25 16:47:10,132 - INFO - Step  140000 | Epoch  17 | MSE: 0.4607 | Steps/sec: 1.79 | LR: 1.72e-04 | Render_L1: 0.0271 | Alpha_L1: 0.0374 | Render_LPIPS: 0.1752 | Repel: 0.0000 | cos(c,null): +0.4968 | GradNorm: 0.0489 | MSE/t: [0.00-0.25]0.565(n=468) [0.25-0.50]0.502(n=1165) [0.50-0.75]0.414(n=1118) [0.75-1.00]0.362(n=449)
2026-04-25 16:47:10,589 - INFO - [cond] cfg_signal=0.0358 (min=0.0267 max=0.0430, n=16) | class_signal=0.0457 (min=0.0265 max=0.0541, n=16) | pred_rms=0.6361
2026-04-25 16:47:12,562 - INFO - Saved checkpoint to output/jit_JiT-B_8_from_scratch_null_repel/0140000.pt
2026-04-25 16:47:12,981 - INFO - [cond] cfg_signal=0.0358 (min=0.0267 max=0.0430, n=16) | class_signal=0.0457 (min=0.0265 max=0.0541, n=16) | pred_rms=0.6361
2026-04-25 16:47:21,260 - INFO - [validation] saved: output/jit_JiT-B_8_from_scratch_null_repel/dit_validation/epoch_017_step_0140000_class018.png (class=18, sampler=heun, steps=100)
2026-04-25 16:47:22,519 - INFO - [overrides] applied from jit/configs/overrides.yaml: lr_scale=1.0 max_grad_norm=5.0 null_repel_weight=0.05 P_mean=0.0
2026-04-25 16:47:22,567 - INFO - [render-loss] step=140000 masked 5/16 samples (t_value < 0.40)
2026-04-25 16:49:14,548 - INFO - Step  140200 | Epoch  17 | MSE: 0.4472 | Steps/sec: 1.61 | LR: 1.72e-04 | Render_L1: 0.0260 | Alpha_L1: 0.0370 | Render_LPIPS: 0.1689 | Repel: 0.0000 | cos(c,null): +0.4964 | GradNorm: 0.0441 | MSE/t: [0.00-0.25]0.590(n=433) [0.25-0.50]0.495(n=1161) [0.50-0.75]0.385(n=1157) [0.75-1.00]0.344(n=449)
2026-04-25 16:49:15,045 - INFO - [cond] cfg_signal=0.0371 (min=0.0245 max=0.0453, n=16) | class_signal=0.0479 (min=0.0311 max=0.0554, n=16) | pred_rms=0.6385
2026-04-25 16:49:15,114 - INFO - [render-loss] step=140200 masked 6/16 samples (t_value < 0.40)
2026-04-25 16:51:06,830 - INFO - Step  140400 | Epoch  17 | MSE: 0.4623 | Steps/sec: 1.79 | LR: 1.72e-04 | Render_L1: 0.0270 | Alpha_L1: 0.0386 | Render_LPIPS: 0.1716 | Repel: 0.0000 | cos(c,null): +0.4973 | GradNorm: 0.0674 | MSE/t: [0.00-0.25]0.583(n=459) [0.25-0.50]0.499(n=1142) [0.50-0.75]0.408(n=1203) [0.75-1.00]0.383(n=396)
2026-04-25 16:51:07,298 - INFO - [cond] cfg_signal=0.0390 (min=0.0307 max=0.0526, n=16) | class_signal=0.0531 (min=0.0322 max=0.0706, n=16) | pred_rms=0.6456
2026-04-25 16:51:07,352 - INFO - [render-loss] step=140400 masked 6/16 samples (t_value < 0.40)
2026-04-25 16:52:58,979 - INFO - Step  140600 | Epoch  17 | MSE: 0.4587 | Steps/sec: 1.79 | LR: 1.72e-04 | Render_L1: 0.0263 | Alpha_L1: 0.0372 | Render_LPIPS: 0.1702 | Repel: 0.0000 | cos(c,null): +0.4987 | GradNorm: 0.0522 | MSE/t: [0.00-0.25]0.603(n=406) [0.25-0.50]0.501(n=1155) [0.50-0.75]0.408(n=1196) [0.75-1.00]0.355(n=443)
2026-04-25 16:52:59,439 - INFO - [cond] cfg_signal=0.0378 (min=0.0254 max=0.0530, n=16) | class_signal=0.0511 (min=0.0366 max=0.0649, n=16) | pred_rms=0.6312
2026-04-25 16:52:59,493 - INFO - [render-loss] step=140600 masked 4/16 samples (t_value < 0.40)
2026-04-25 16:54:51,650 - INFO - Step  140800 | Epoch  17 | MSE: 0.4627 | Steps/sec: 1.78 | LR: 1.72e-04 | Render_L1: 0.0272 | Alpha_L1: 0.0389 | Render_LPIPS: 0.1741 | Repel: 0.0000 | cos(c,null): +0.4963 | GradNorm: 0.0541 | MSE/t: [0.00-0.25]0.597(n=409) [0.25-0.50]0.496(n=1193) [0.50-0.75]0.411(n=1190) [0.75-1.00]0.381(n=408)
2026-04-25 16:54:52,149 - INFO - [cond] cfg_signal=0.0399 (min=0.0306 max=0.0597, n=16) | class_signal=0.0544 (min=0.0346 max=0.0732, n=16) | pred_rms=0.6314
2026-04-25 16:54:52,204 - INFO - [render-loss] step=140800 masked 6/16 samples (t_value < 0.40)
2026-04-25 16:56:44,134 - INFO - Step  141000 | Epoch  17 | MSE: 0.4622 | Steps/sec: 1.79 | LR: 1.72e-04 | Render_L1: 0.0267 | Alpha_L1: 0.0378 | Render_LPIPS: 0.1710 | Repel: 0.0000 | cos(c,null): +0.4958 | GradNorm: 0.0593 | MSE/t: [0.00-0.25]0.625(n=447) [0.25-0.50]0.508(n=1118) [0.50-0.75]0.397(n=1216) [0.75-1.00]0.356(n=419)
2026-04-25 16:56:44,584 - INFO - [cond] cfg_signal=0.0376 (min=0.0255 max=0.0520, n=16) | class_signal=0.0508 (min=0.0344 max=0.0672, n=16) | pred_rms=0.6155
2026-04-25 16:56:52,564 - INFO - [validation] saved: output/jit_JiT-B_8_from_scratch_null_repel/dit_validation/epoch_017_step_0141000_class034.png (class=34, sampler=heun, steps=100)
2026-04-25 16:56:53,825 - INFO - [overrides] applied from jit/configs/overrides.yaml: lr_scale=1.0 max_grad_norm=5.0 null_repel_weight=0.05 P_mean=0.0
2026-04-25 16:56:53,875 - INFO - [render-loss] step=141000 masked 4/16 samples (t_value < 0.40)
2026-04-25 16:58:45,678 - INFO - Step  141200 | Epoch  17 | MSE: 0.4617 | Steps/sec: 1.65 | LR: 1.72e-04 | Render_L1: 0.0271 | Alpha_L1: 0.0389 | Render_LPIPS: 0.1717 | Repel: 0.0000 | cos(c,null): +0.4990 | GradNorm: 0.0697 | MSE/t: [0.00-0.25]0.615(n=445) [0.25-0.50]0.493(n=1195) [0.50-0.75]0.405(n=1137) [0.75-1.00]0.363(n=423)
2026-04-25 16:58:46,158 - INFO - [cond] cfg_signal=0.0382 (min=0.0229 max=0.0459, n=16) | class_signal=0.0497 (min=0.0336 max=0.0643, n=16) | pred_rms=0.6036
2026-04-25 16:58:46,215 - INFO - [render-loss] step=141200 masked 7/16 samples (t_value < 0.40)
2026-04-25 17:00:38,433 - INFO - Step  141400 | Epoch  17 | MSE: 0.4614 | Steps/sec: 1.78 | LR: 1.71e-04 | Render_L1: 0.0270 | Alpha_L1: 0.0377 | Render_LPIPS: 0.1734 | Repel: 0.0000 | cos(c,null): +0.4993 | GradNorm: 0.0653 | MSE/t: [0.00-0.25]0.589(n=431) [0.25-0.50]0.523(n=1139) [0.50-0.75]0.401(n=1203) [0.75-1.00]0.339(n=427)
2026-04-25 17:00:38,895 - INFO - [cond] cfg_signal=0.0401 (min=0.0241 max=0.0532, n=16) | class_signal=0.0516 (min=0.0332 max=0.0624, n=16) | pred_rms=0.6385
2026-04-25 17:00:38,950 - INFO - [render-loss] step=141400 masked 5/16 samples (t_value < 0.40)
2026-04-25 17:02:30,904 - INFO - Step  141600 | Epoch  17 | MSE: 0.4538 | Steps/sec: 1.79 | LR: 1.71e-04 | Render_L1: 0.0268 | Alpha_L1: 0.0379 | Render_LPIPS: 0.1718 | Repel: 0.0000 | cos(c,null): +0.4956 | GradNorm: 0.0588 | MSE/t: [0.00-0.25]0.570(n=400) [0.25-0.50]0.512(n=1183) [0.50-0.75]0.399(n=1160) [0.75-1.00]0.341(n=457)
2026-04-25 17:02:31,374 - INFO - [cond] cfg_signal=0.0381 (min=0.0254 max=0.0508, n=16) | class_signal=0.0506 (min=0.0327 max=0.0648, n=16) | pred_rms=0.6213
2026-04-25 17:02:31,433 - INFO - [render-loss] step=141600 masked 1/16 samples (t_value < 0.40)
2026-04-25 17:04:23,081 - INFO - Step  141800 | Epoch  17 | MSE: 0.4546 | Steps/sec: 1.79 | LR: 1.71e-04 | Render_L1: 0.0266 | Alpha_L1: 0.0382 | Render_LPIPS: 0.1712 | Repel: 0.0000 | cos(c,null): +0.4952 | GradNorm: 0.0700 | MSE/t: [0.00-0.25]0.590(n=440) [0.25-0.50]0.507(n=1125) [0.50-0.75]0.400(n=1176) [0.75-1.00]0.337(n=459)
2026-04-25 17:04:23,546 - INFO - [cond] cfg_signal=0.0384 (min=0.0253 max=0.0524, n=16) | class_signal=0.0498 (min=0.0338 max=0.0642, n=16) | pred_rms=0.6316
2026-04-25 17:04:23,600 - INFO - [render-loss] step=141800 masked 7/16 samples (t_value < 0.40)
2026-04-25 17:06:15,386 - INFO - Step  142000 | Epoch  17 | MSE: 0.4659 | Steps/sec: 1.79 | LR: 1.71e-04 | Render_L1: 0.0275 | Alpha_L1: 0.0380 | Render_LPIPS: 0.1750 | Repel: 0.0000 | cos(c,null): +0.4958 | GradNorm: 0.0681 | MSE/t: [0.00-0.25]0.591(n=422) [0.25-0.50]0.514(n=1145) [0.50-0.75]0.414(n=1165) [0.75-1.00]0.365(n=468)
2026-04-25 17:06:15,855 - INFO - [cond] cfg_signal=0.0382 (min=0.0275 max=0.0506, n=16) | class_signal=0.0516 (min=0.0337 max=0.0666, n=16) | pred_rms=0.6332
2026-04-25 17:06:23,865 - INFO - [validation] saved: output/jit_JiT-B_8_from_scratch_null_repel/dit_validation/epoch_017_step_0142000_class000.png (class=0, sampler=heun, steps=100)
2026-04-25 17:06:25,119 - INFO - [overrides] applied from jit/configs/overrides.yaml: lr_scale=1.0 max_grad_norm=5.0 null_repel_weight=0.05 P_mean=0.0
2026-04-25 17:06:25,168 - INFO - [render-loss] step=142000 masked 7/16 samples (t_value < 0.40)
2026-04-25 17:08:17,986 - INFO - Step  142200 | Epoch  17 | MSE: 0.4584 | Steps/sec: 1.64 | LR: 1.71e-04 | Render_L1: 0.0266 | Alpha_L1: 0.0378 | Render_LPIPS: 0.1712 | Repel: 0.0000 | cos(c,null): +0.4956 | GradNorm: 0.0738 | MSE/t: [0.00-0.25]0.568(n=434) [0.25-0.50]0.504(n=1177) [0.50-0.75]0.407(n=1217) [0.75-1.00]0.354(n=372)
2026-04-25 17:08:18,445 - INFO - [cond] cfg_signal=0.0396 (min=0.0274 max=0.0521, n=16) | class_signal=0.0525 (min=0.0327 max=0.0644, n=16) | pred_rms=0.6240
2026-04-25 17:08:18,500 - INFO - [render-loss] step=142200 masked 4/16 samples (t_value < 0.40)
2026-04-25 17:10:10,151 - INFO - Step  142400 | Epoch  17 | MSE: 0.4677 | Steps/sec: 1.79 | LR: 1.71e-04 | Render_L1: 0.0268 | Alpha_L1: 0.0366 | Render_LPIPS: 0.1712 | Repel: 0.0000 | cos(c,null): +0.4928 | GradNorm: 0.0723 | MSE/t: [0.00-0.25]0.635(n=436) [0.25-0.50]0.516(n=1160) [0.50-0.75]0.403(n=1158) [0.75-1.00]0.347(n=446)
2026-04-25 17:10:10,615 - INFO - [cond] cfg_signal=0.0395 (min=0.0283 max=0.0519, n=16) | class_signal=0.0541 (min=0.0340 max=0.0723, n=16) | pred_rms=0.6232
2026-04-25 17:10:10,669 - INFO - [render-loss] step=142400 masked 8/16 samples (t_value < 0.40)
2026-04-25 17:12:02,298 - INFO - Step  142600 | Epoch  17 | MSE: 0.4624 | Steps/sec: 1.79 | LR: 1.71e-04 | Render_L1: 0.0269 | Alpha_L1: 0.0385 | Render_LPIPS: 0.1727 | Repel: 0.0000 | cos(c,null): +0.4835 | GradNorm: 0.1147 | MSE/t: [0.00-0.25]0.560(n=436) [0.25-0.50]0.501(n=1207) [0.50-0.75]0.413(n=1158) [0.75-1.00]0.381(n=399)
2026-04-25 17:12:02,774 - INFO - [cond] cfg_signal=0.0436 (min=0.0299 max=0.0659, n=16) | class_signal=0.0572 (min=0.0325 max=0.0715, n=16) | pred_rms=0.6447
2026-04-25 17:12:02,829 - INFO - [render-loss] step=142600 masked 5/16 samples (t_value < 0.40)
2026-04-25 17:13:54,646 - INFO - Step  142800 | Epoch  17 | MSE: 0.4571 | Steps/sec: 1.79 | LR: 1.71e-04 | Render_L1: 0.0265 | Alpha_L1: 0.0377 | Render_LPIPS: 0.1710 | Repel: 0.0000 | cos(c,null): +0.4836 | GradNorm: 0.0777 | MSE/t: [0.00-0.25]0.586(n=428) [0.25-0.50]0.505(n=1150) [0.50-0.75]0.403(n=1160) [0.75-1.00]0.354(n=462)
2026-04-25 17:13:55,128 - INFO - [cond] cfg_signal=0.0406 (min=0.0313 max=0.0520, n=16) | class_signal=0.0533 (min=0.0311 max=0.0731, n=16) | pred_rms=0.6258
2026-04-25 17:13:55,187 - INFO - [render-loss] step=142800 masked 8/16 samples (t_value < 0.40)
2026-04-25 17:15:47,579 - INFO - Step  143000 | Epoch  17 | MSE: 0.4596 | Steps/sec: 1.78 | LR: 1.71e-04 | Render_L1: 0.0269 | Alpha_L1: 0.0375 | Render_LPIPS: 0.1725 | Repel: 0.0000 | cos(c,null): +0.4832 | GradNorm: 0.0832 | MSE/t: [0.00-0.25]0.618(n=423) [0.25-0.50]0.494(n=1181) [0.50-0.75]0.406(n=1179) [0.75-1.00]0.353(n=417)
2026-04-25 17:15:48,038 - INFO - [cond] cfg_signal=0.0402 (min=0.0292 max=0.0534, n=16) | class_signal=0.0537 (min=0.0305 max=0.0806, n=16) | pred_rms=0.6276
2026-04-25 17:15:56,048 - INFO - [validation] saved: output/jit_JiT-B_8_from_scratch_null_repel/dit_validation/epoch_017_step_0143000_class010.png (class=10, sampler=heun, steps=100)
2026-04-25 17:15:57,306 - INFO - [overrides] applied from jit/configs/overrides.yaml: lr_scale=1.0 max_grad_norm=5.0 null_repel_weight=0.05 P_mean=0.0
2026-04-25 17:15:57,532 - INFO - [render-loss] step=143000 masked 7/16 samples (t_value < 0.40)
2026-04-25 17:17:50,093 - INFO - Step  143200 | Epoch  18 | MSE: 0.4513 | Steps/sec: 1.64 | LR: 1.71e-04 | Render_L1: 0.0256 | Alpha_L1: 0.0362 | Render_LPIPS: 0.1672 | Repel: 0.0000 | cos(c,null): +0.4840 | GradNorm: 0.0859 | MSE/t: [0.00-0.25]0.585(n=436) [0.25-0.50]0.498(n=1167) [0.50-0.75]0.392(n=1137) [0.75-1.00]0.353(n=460)
2026-04-25 17:17:50,567 - INFO - [cond] cfg_signal=0.0402 (min=0.0262 max=0.0569, n=16) | class_signal=0.0527 (min=0.0299 max=0.0752, n=16) | pred_rms=0.6156
2026-04-25 17:17:50,622 - INFO - [render-loss] step=143200 masked 8/16 samples (t_value < 0.40)
2026-04-25 17:19:42,701 - INFO - Step  143400 | Epoch  18 | MSE: 0.4560 | Steps/sec: 1.78 | LR: 1.71e-04 | Render_L1: 0.0263 | Alpha_L1: 0.0364 | Render_LPIPS: 0.1689 | Repel: 0.0000 | cos(c,null): +0.4850 | GradNorm: 0.0907 | MSE/t: [0.00-0.25]0.582(n=465) [0.25-0.50]0.494(n=1150) [0.50-0.75]0.405(n=1166) [0.75-1.00]0.353(n=419)
2026-04-25 17:19:43,207 - INFO - [cond] cfg_signal=0.0404 (min=0.0269 max=0.0585, n=16) | class_signal=0.0518 (min=0.0309 max=0.0697, n=16) | pred_rms=0.6362
2026-04-25 17:19:43,261 - INFO - [render-loss] step=143400 masked 9/16 samples (t_value < 0.40)
2026-04-25 17:21:35,597 - INFO - Step  143600 | Epoch  18 | MSE: 0.4626 | Steps/sec: 1.78 | LR: 1.71e-04 | Render_L1: 0.0270 | Alpha_L1: 0.0381 | Render_LPIPS: 0.1724 | Repel: 0.0000 | cos(c,null): +0.4855 | GradNorm: 0.0927 | MSE/t: [0.00-0.25]0.630(n=444) [0.25-0.50]0.490(n=1164) [0.50-0.75]0.415(n=1122) [0.75-1.00]0.349(n=470)
2026-04-25 17:21:36,088 - INFO - [cond] cfg_signal=0.0404 (min=0.0267 max=0.0588, n=16) | class_signal=0.0530 (min=0.0324 max=0.0779, n=16) | pred_rms=0.6057
2026-04-25 17:21:36,146 - INFO - [render-loss] step=143600 masked 6/16 samples (t_value < 0.40)
2026-04-25 17:23:27,809 - INFO - Step  143800 | Epoch  18 | MSE: 0.4649 | Steps/sec: 1.79 | LR: 1.71e-04 | Render_L1: 0.0272 | Alpha_L1: 0.0386 | Render_LPIPS: 0.1715 | Repel: 0.0000 | cos(c,null): +0.4847 | GradNorm: 0.0892 | MSE/t: [0.00-0.25]0.603(n=435) [0.25-0.50]0.507(n=1202) [0.50-0.75]0.410(n=1150) [0.75-1.00]0.349(n=413)
2026-04-25 17:23:28,295 - INFO - [cond] cfg_signal=0.0396 (min=0.0267 max=0.0571, n=16) | class_signal=0.0536 (min=0.0333 max=0.0769, n=16) | pred_rms=0.6307
2026-04-25 17:23:28,349 - INFO - [render-loss] step=143800 masked 7/16 samples (t_value < 0.40)
2026-04-25 17:25:20,215 - INFO - Step  144000 | Epoch  18 | MSE: 0.4611 | Steps/sec: 1.79 | LR: 1.70e-04 | Render_L1: 0.0266 | Alpha_L1: 0.0373 | Render_LPIPS: 0.1713 | Repel: 0.0000 | cos(c,null): +0.4847 | GradNorm: 0.1250 | MSE/t: [0.00-0.25]0.608(n=441) [0.25-0.50]0.510(n=1147) [0.50-0.75]0.407(n=1158) [0.75-1.00]0.333(n=454)
2026-04-25 17:25:20,671 - INFO - [cond] cfg_signal=0.0401 (min=0.0267 max=0.0640, n=16) | class_signal=0.0539 (min=0.0348 max=0.0747, n=16) | pred_rms=0.6193
2026-04-25 17:25:28,619 - INFO - [validation] saved: output/jit_JiT-B_8_from_scratch_null_repel/dit_validation/epoch_018_step_0144000_class044.png (class=44, sampler=heun, steps=100)
2026-04-25 17:25:30,021 - INFO - [overrides] applied from jit/configs/overrides.yaml: lr_scale=1.0 max_grad_norm=5.0 null_repel_weight=0.05 P_mean=0.0
2026-04-25 17:25:30,071 - INFO - [render-loss] step=144000 masked 4/16 samples (t_value < 0.40)
2026-04-25 17:27:22,040 - INFO - Step  144200 | Epoch  18 | MSE: 0.4558 | Steps/sec: 1.65 | LR: 1.70e-04 | Render_L1: 0.0268 | Alpha_L1: 0.0382 | Render_LPIPS: 0.1719 | Repel: 0.0000 | cos(c,null): +0.4861 | GradNorm: 0.0872 | MSE/t: [0.00-0.25]0.574(n=391) [0.25-0.50]0.506(n=1148) [0.50-0.75]0.403(n=1254) [0.75-1.00]0.361(n=407)
2026-04-25 17:27:22,523 - INFO - [cond] cfg_signal=0.0396 (min=0.0282 max=0.0569, n=16) | class_signal=0.0507 (min=0.0306 max=0.0691, n=16) | pred_rms=0.6292
2026-04-25 17:27:22,577 - INFO - [render-loss] step=144200 masked 7/16 samples (t_value < 0.40)
2026-04-25 17:29:15,090 - INFO - Step  144400 | Epoch  18 | MSE: 0.4603 | Steps/sec: 1.78 | LR: 1.70e-04 | Render_L1: 0.0267 | Alpha_L1: 0.0366 | Render_LPIPS: 0.1720 | Repel: 0.0000 | cos(c,null): +0.4864 | GradNorm: 0.0940 | MSE/t: [0.00-0.25]0.578(n=460) [0.25-0.50]0.501(n=1120) [0.50-0.75]0.414(n=1198) [0.75-1.00]0.356(n=422)
2026-04-25 17:29:15,553 - INFO - [cond] cfg_signal=0.0394 (min=0.0262 max=0.0580, n=16) | class_signal=0.0518 (min=0.0325 max=0.0686, n=16) | pred_rms=0.6366
2026-04-25 17:29:15,608 - INFO - [render-loss] step=144400 masked 6/16 samples (t_value < 0.40)
2026-04-25 17:31:07,460 - INFO - Step  144600 | Epoch  18 | MSE: 0.4584 | Steps/sec: 1.79 | LR: 1.70e-04 | Render_L1: 0.0267 | Alpha_L1: 0.0374 | Render_LPIPS: 0.1709 | Repel: 0.0000 | cos(c,null): +0.4887 | GradNorm: 0.0941 | MSE/t: [0.00-0.25]0.605(n=460) [0.25-0.50]0.499(n=1153) [0.50-0.75]0.393(n=1148) [0.75-1.00]0.368(n=439)
2026-04-25 17:31:07,913 - INFO - [cond] cfg_signal=0.0393 (min=0.0273 max=0.0575, n=16) | class_signal=0.0523 (min=0.0359 max=0.0727, n=16) | pred_rms=0.6272
2026-04-25 17:31:07,968 - INFO - [render-loss] step=144600 masked 3/16 samples (t_value < 0.40)
2026-04-25 17:32:59,591 - INFO - Step  144800 | Epoch  18 | MSE: 0.4522 | Steps/sec: 1.79 | LR: 1.70e-04 | Render_L1: 0.0267 | Alpha_L1: 0.0386 | Render_LPIPS: 0.1701 | Repel: 0.0000 | cos(c,null): +0.4883 | GradNorm: 0.1282 | MSE/t: [0.00-0.25]0.553(n=460) [0.25-0.50]0.501(n=1191) [0.50-0.75]0.396(n=1138) [0.75-1.00]0.353(n=411)
2026-04-25 17:33:00,058 - INFO - [cond] cfg_signal=0.0402 (min=0.0260 max=0.0624, n=16) | class_signal=0.0537 (min=0.0350 max=0.0729, n=16) | pred_rms=0.6190
2026-04-25 17:33:00,113 - INFO - [render-loss] step=144800 masked 5/16 samples (t_value < 0.40)
2026-04-25 17:34:52,236 - INFO - Step  145000 | Epoch  18 | MSE: 0.4597 | Steps/sec: 1.78 | LR: 1.70e-04 | Render_L1: 0.0260 | Alpha_L1: 0.0364 | Render_LPIPS: 0.1701 | Repel: 0.0000 | cos(c,null): +0.4885 | GradNorm: 0.1136 | MSE/t: [0.00-0.25]0.605(n=458) [0.25-0.50]0.503(n=1183) [0.50-0.75]0.395(n=1155) [0.75-1.00]0.352(n=404)
2026-04-25 17:34:52,711 - INFO - [cond] cfg_signal=0.0415 (min=0.0284 max=0.0601, n=16) | class_signal=0.0563 (min=0.0380 max=0.0812, n=16) | pred_rms=0.6144
2026-04-25 17:35:00,813 - INFO - [validation] saved: output/jit_JiT-B_8_from_scratch_null_repel/dit_validation/epoch_018_step_0145000_class052.png (class=52, sampler=heun, steps=100)
2026-04-25 17:35:02,086 - INFO - [overrides] applied from jit/configs/overrides.yaml: lr_scale=1.0 max_grad_norm=5.0 null_repel_weight=0.05 P_mean=0.0
2026-04-25 17:35:02,135 - INFO - [render-loss] step=145000 masked 5/16 samples (t_value < 0.40)
2026-04-25 17:36:54,103 - INFO - Step  145200 | Epoch  18 | MSE: 0.4553 | Steps/sec: 1.65 | LR: 1.70e-04 | Render_L1: 0.0263 | Alpha_L1: 0.0366 | Render_LPIPS: 0.1696 | Repel: 0.0000 | cos(c,null): +0.4901 | GradNorm: 0.1046 | MSE/t: [0.00-0.25]0.571(n=440) [0.25-0.50]0.496(n=1085) [0.50-0.75]0.415(n=1187) [0.75-1.00]0.358(n=488)
2026-04-25 17:36:54,562 - INFO - [cond] cfg_signal=0.0423 (min=0.0286 max=0.0677, n=16) | class_signal=0.0578 (min=0.0374 max=0.0807, n=16) | pred_rms=0.6117
2026-04-25 17:36:54,616 - INFO - [render-loss] step=145200 masked 3/16 samples (t_value < 0.40)
2026-04-25 17:38:46,474 - INFO - Step  145400 | Epoch  18 | MSE: 0.4600 | Steps/sec: 1.79 | LR: 1.70e-04 | Render_L1: 0.0258 | Alpha_L1: 0.0356 | Render_LPIPS: 0.1670 | Repel: 0.0000 | cos(c,null): +0.4911 | GradNorm: 0.0985 | MSE/t: [0.00-0.25]0.575(n=408) [0.25-0.50]0.508(n=1182) [0.50-0.75]0.408(n=1181) [0.75-1.00]0.360(n=429)
2026-04-25 17:38:46,941 - INFO - [cond] cfg_signal=0.0403 (min=0.0259 max=0.0571, n=16) | class_signal=0.0559 (min=0.0392 max=0.0768, n=16) | pred_rms=0.6071
2026-04-25 17:38:47,000 - INFO - [render-loss] step=145400 masked 5/16 samples (t_value < 0.40)
2026-04-25 17:40:38,879 - INFO - Step  145600 | Epoch  18 | MSE: 0.4549 | Steps/sec: 1.79 | LR: 1.70e-04 | Render_L1: 0.0260 | Alpha_L1: 0.0364 | Render_LPIPS: 0.1680 | Repel: 0.0000 | cos(c,null): +0.4919 | GradNorm: 0.1040 | MSE/t: [0.00-0.25]0.585(n=480) [0.25-0.50]0.495(n=1180) [0.50-0.75]0.400(n=1116) [0.75-1.00]0.342(n=424)
2026-04-25 17:40:39,408 - INFO - [cond] cfg_signal=0.0393 (min=0.0240 max=0.0565, n=16) | class_signal=0.0554 (min=0.0381 max=0.0772, n=16) | pred_rms=0.6184
2026-04-25 17:40:39,466 - INFO - [render-loss] step=145600 masked 5/16 samples (t_value < 0.40)
2026-04-25 17:42:31,459 - INFO - Step  145800 | Epoch  18 | MSE: 0.4595 | Steps/sec: 1.78 | LR: 1.70e-04 | Render_L1: 0.0267 | Alpha_L1: 0.0367 | Render_LPIPS: 0.1708 | Repel: 0.0000 | cos(c,null): +0.4904 | GradNorm: 0.1177 | MSE/t: [0.00-0.25]0.574(n=438) [0.25-0.50]0.514(n=1167) [0.50-0.75]0.404(n=1203) [0.75-1.00]0.338(n=392)
2026-04-25 17:42:31,947 - INFO - [cond] cfg_signal=0.0393 (min=0.0240 max=0.0581, n=16) | class_signal=0.0536 (min=0.0361 max=0.0673, n=16) | pred_rms=0.6164
2026-04-25 17:42:32,002 - INFO - [render-loss] step=145800 masked 5/16 samples (t_value < 0.40)
2026-04-25 17:44:23,747 - INFO - Step  146000 | Epoch  18 | MSE: 0.4674 | Steps/sec: 1.79 | LR: 1.70e-04 | Render_L1: 0.0259 | Alpha_L1: 0.0364 | Render_LPIPS: 0.1688 | Repel: 0.0000 | cos(c,null): +0.4899 | GradNorm: 0.1431 | MSE/t: [0.00-0.25]0.601(n=420) [0.25-0.50]0.508(n=1242) [0.50-0.75]0.406(n=1134) [0.75-1.00]0.375(n=404)
2026-04-25 17:44:24,240 - INFO - [cond] cfg_signal=0.0439 (min=0.0272 max=0.0643, n=16) | class_signal=0.0589 (min=0.0375 max=0.0795, n=16) | pred_rms=0.5945
2026-04-25 17:44:32,560 - INFO - [validation] saved: output/jit_JiT-B_8_from_scratch_null_repel/dit_validation/epoch_018_step_0146000_class113.png (class=113, sampler=heun, steps=100)
2026-04-25 17:44:33,850 - INFO - [overrides] applied from jit/configs/overrides.yaml: lr_scale=1.0 max_grad_norm=5.0 null_repel_weight=0.05 P_mean=0.0
2026-04-25 17:44:33,900 - INFO - [render-loss] step=146000 masked 3/16 samples (t_value < 0.40)
2026-04-25 17:46:25,578 - INFO - Step  146200 | Epoch  18 | MSE: 0.4517 | Steps/sec: 1.65 | LR: 1.70e-04 | Render_L1: 0.0256 | Alpha_L1: 0.0357 | Render_LPIPS: 0.1642 | Repel: 0.0000 | cos(c,null): +0.4897 | GradNorm: 0.1134 | MSE/t: [0.00-0.25]0.587(n=463) [0.25-0.50]0.502(n=1165) [0.50-0.75]0.389(n=1161) [0.75-1.00]0.335(n=411)
2026-04-25 17:46:26,066 - INFO - [cond] cfg_signal=0.0418 (min=0.0271 max=0.0640, n=16) | class_signal=0.0586 (min=0.0383 max=0.0896, n=16) | pred_rms=0.6069
2026-04-25 17:46:26,120 - INFO - [render-loss] step=146200 masked 5/16 samples (t_value < 0.40)
2026-04-25 17:48:18,063 - INFO - Step  146400 | Epoch  18 | MSE: 0.4608 | Steps/sec: 1.79 | LR: 1.69e-04 | Render_L1: 0.0268 | Alpha_L1: 0.0377 | Render_LPIPS: 0.1707 | Repel: 0.0000 | cos(c,null): +0.4896 | GradNorm: 0.1193 | MSE/t: [0.00-0.25]0.599(n=410) [0.25-0.50]0.507(n=1187) [0.50-0.75]0.411(n=1163) [0.75-1.00]0.338(n=440)
2026-04-25 17:48:18,555 - INFO - [cond] cfg_signal=0.0449 (min=0.0271 max=0.0689, n=16) | class_signal=0.0637 (min=0.0434 max=0.0973, n=16) | pred_rms=0.6135
2026-04-25 17:48:18,612 - INFO - [render-loss] step=146400 masked 6/16 samples (t_value < 0.40)
2026-04-25 17:50:11,077 - INFO - Step  146600 | Epoch  18 | MSE: 0.4645 | Steps/sec: 1.78 | LR: 1.69e-04 | Render_L1: 0.0272 | Alpha_L1: 0.0372 | Render_LPIPS: 0.1698 | Repel: 0.0000 | cos(c,null): +0.4817 | GradNorm: 0.1485 | MSE/t: [0.00-0.25]0.602(n=424) [0.25-0.50]0.515(n=1165) [0.50-0.75]0.410(n=1153) [0.75-1.00]0.347(n=458)
2026-04-25 17:50:11,544 - INFO - [cond] cfg_signal=0.0425 (min=0.0265 max=0.0577, n=16) | class_signal=0.0563 (min=0.0360 max=0.0837, n=16) | pred_rms=0.6036
2026-04-25 17:50:11,598 - INFO - [render-loss] step=146600 masked 5/16 samples (t_value < 0.40)
2026-04-25 17:52:03,649 - INFO - Step  146800 | Epoch  18 | MSE: 0.4511 | Steps/sec: 1.78 | LR: 1.69e-04 | Render_L1: 0.0257 | Alpha_L1: 0.0357 | Render_LPIPS: 0.1671 | Repel: 0.0000 | cos(c,null): +0.4818 | GradNorm: 0.1194 | MSE/t: [0.00-0.25]0.582(n=410) [0.25-0.50]0.494(n=1176) [0.50-0.75]0.400(n=1134) [0.75-1.00]0.356(n=480)
2026-04-25 17:52:04,121 - INFO - [cond] cfg_signal=0.0415 (min=0.0289 max=0.0516, n=16) | class_signal=0.0530 (min=0.0367 max=0.0715, n=16) | pred_rms=0.6011
2026-04-25 17:52:04,179 - INFO - [render-loss] step=146800 masked 7/16 samples (t_value < 0.40)
2026-04-25 17:53:56,154 - INFO - Step  147000 | Epoch  18 | MSE: 0.4561 | Steps/sec: 1.79 | LR: 1.69e-04 | Render_L1: 0.0264 | Alpha_L1: 0.0363 | Render_LPIPS: 0.1688 | Repel: 0.0000 | cos(c,null): +0.4812 | GradNorm: 0.1276 | MSE/t: [0.00-0.25]0.580(n=416) [0.25-0.50]0.495(n=1194) [0.50-0.75]0.411(n=1167) [0.75-1.00]0.347(n=423)
2026-04-25 17:53:56,668 - INFO - [cond] cfg_signal=0.0379 (min=0.0258 max=0.0490, n=16) | class_signal=0.0495 (min=0.0333 max=0.0650, n=16) | pred_rms=0.5570
2026-04-25 17:54:04,936 - INFO - [validation] saved: output/jit_JiT-B_8_from_scratch_null_repel/dit_validation/epoch_018_step_0147000_class118.png (class=118, sampler=heun, steps=100)
2026-04-25 17:54:06,229 - INFO - [overrides] applied from jit/configs/overrides.yaml: lr_scale=1.0 max_grad_norm=5.0 null_repel_weight=0.05 P_mean=0.0
2026-04-25 17:54:06,279 - INFO - [render-loss] step=147000 masked 5/16 samples (t_value < 0.40)
2026-04-25 17:55:58,686 - INFO - Step  147200 | Epoch  18 | MSE: 0.4598 | Steps/sec: 1.64 | LR: 1.69e-04 | Render_L1: 0.0253 | Alpha_L1: 0.0355 | Render_LPIPS: 0.1672 | Repel: 0.0000 | cos(c,null): +0.4827 | GradNorm: 0.1249 | MSE/t: [0.00-0.25]0.560(n=462) [0.25-0.50]0.512(n=1137) [0.50-0.75]0.411(n=1163) [0.75-1.00]0.348(n=438)
2026-04-25 17:55:59,155 - INFO - [cond] cfg_signal=0.0392 (min=0.0265 max=0.0505, n=16) | class_signal=0.0517 (min=0.0348 max=0.0708, n=16) | pred_rms=0.5921
2026-04-25 17:55:59,210 - INFO - [render-loss] step=147200 masked 5/16 samples (t_value < 0.40)
2026-04-25 17:57:51,092 - INFO - Step  147400 | Epoch  18 | MSE: 0.4604 | Steps/sec: 1.79 | LR: 1.69e-04 | Render_L1: 0.0266 | Alpha_L1: 0.0381 | Render_LPIPS: 0.1714 | Repel: 0.0000 | cos(c,null): +0.4836 | GradNorm: 0.1389 | MSE/t: [0.00-0.25]0.589(n=431) [0.25-0.50]0.493(n=1171) [0.50-0.75]0.417(n=1144) [0.75-1.00]0.364(n=454)
2026-04-25 17:57:51,583 - INFO - [cond] cfg_signal=0.0395 (min=0.0276 max=0.0501, n=16) | class_signal=0.0512 (min=0.0353 max=0.0633, n=16) | pred_rms=0.5930
2026-04-25 17:57:51,811 - INFO - [render-loss] step=147400 masked 5/16 samples (t_value < 0.40)
2026-04-25 17:59:43,296 - INFO - Step  147600 | Epoch  18 | MSE: 0.4536 | Steps/sec: 1.79 | LR: 1.69e-04 | Render_L1: 0.0257 | Alpha_L1: 0.0358 | Render_LPIPS: 0.1679 | Repel: 0.0000 | cos(c,null): +0.4851 | GradNorm: 0.1274 | MSE/t: [0.00-0.25]0.600(n=430) [0.25-0.50]0.487(n=1157) [0.50-0.75]0.406(n=1164) [0.75-1.00]0.352(n=449)
2026-04-25 17:59:43,748 - INFO - [cond] cfg_signal=0.0385 (min=0.0287 max=0.0488, n=16) | class_signal=0.0510 (min=0.0354 max=0.0687, n=16) | pred_rms=0.5839
2026-04-25 17:59:43,801 - INFO - [render-loss] step=147600 masked 6/16 samples (t_value < 0.40)
2026-04-25 18:01:35,588 - INFO - Step  147800 | Epoch  18 | MSE: 0.4687 | Steps/sec: 1.79 | LR: 1.69e-04 | Render_L1: 0.0267 | Alpha_L1: 0.0375 | Render_LPIPS: 0.1709 | Repel: 0.0000 | cos(c,null): +0.4861 | GradNorm: 0.1394 | MSE/t: [0.00-0.25]0.561(n=420) [0.25-0.50]0.517(n=1185) [0.50-0.75]0.431(n=1163) [0.75-1.00]0.349(n=432)
2026-04-25 18:01:36,080 - INFO - [cond] cfg_signal=0.0401 (min=0.0283 max=0.0523, n=16) | class_signal=0.0532 (min=0.0370 max=0.0742, n=16) | pred_rms=0.6027
2026-04-25 18:01:36,139 - INFO - [render-loss] step=147800 masked 5/16 samples (t_value < 0.40)
2026-04-25 18:03:28,364 - INFO - Step  148000 | Epoch  18 | MSE: 0.4574 | Steps/sec: 1.78 | LR: 1.69e-04 | Render_L1: 0.0268 | Alpha_L1: 0.0372 | Render_LPIPS: 0.1701 | Repel: 0.0000 | cos(c,null): +0.4875 | GradNorm: 0.1350 | MSE/t: [0.00-0.25]0.578(n=455) [0.25-0.50]0.497(n=1149) [0.50-0.75]0.408(n=1146) [0.75-1.00]0.360(n=450)
2026-04-25 18:03:28,908 - INFO - [cond] cfg_signal=0.0405 (min=0.0275 max=0.0533, n=16) | class_signal=0.0545 (min=0.0394 max=0.0699, n=16) | pred_rms=0.6054
2026-04-25 18:03:37,489 - INFO - [validation] saved: output/jit_JiT-B_8_from_scratch_null_repel/dit_validation/epoch_018_step_0148000_class101.png (class=101, sampler=heun, steps=100)
2026-04-25 18:03:38,953 - INFO - [overrides] applied from jit/configs/overrides.yaml: lr_scale=1.0 max_grad_norm=5.0 null_repel_weight=0.05 P_mean=0.0
2026-04-25 18:03:39,004 - INFO - [render-loss] step=148000 masked 6/16 samples (t_value < 0.40)
2026-04-25 18:05:30,718 - INFO - Step  148200 | Epoch  18 | MSE: 0.4495 | Steps/sec: 1.64 | LR: 1.69e-04 | Render_L1: 0.0260 | Alpha_L1: 0.0360 | Render_LPIPS: 0.1686 | Repel: 0.0000 | cos(c,null): +0.4893 | GradNorm: 0.1357 | MSE/t: [0.00-0.25]0.550(n=421) [0.25-0.50]0.492(n=1188) [0.50-0.75]0.407(n=1133) [0.75-1.00]0.350(n=458)
2026-04-25 18:05:31,185 - INFO - [cond] cfg_signal=0.0409 (min=0.0292 max=0.0529, n=16) | class_signal=0.0555 (min=0.0397 max=0.0749, n=16) | pred_rms=0.5912
2026-04-25 18:05:31,249 - INFO - [render-loss] step=148200 masked 4/16 samples (t_value < 0.40)
2026-04-25 18:07:22,901 - INFO - Step  148400 | Epoch  18 | MSE: 0.4655 | Steps/sec: 1.79 | LR: 1.69e-04 | Render_L1: 0.0268 | Alpha_L1: 0.0363 | Render_LPIPS: 0.1723 | Repel: 0.0000 | cos(c,null): +0.4913 | GradNorm: 0.1422 | MSE/t: [0.00-0.25]0.614(n=428) [0.25-0.50]0.506(n=1142) [0.50-0.75]0.414(n=1192) [0.75-1.00]0.356(n=438)
2026-04-25 18:07:23,364 - INFO - [cond] cfg_signal=0.0416 (min=0.0289 max=0.0543, n=16) | class_signal=0.0546 (min=0.0412 max=0.0755, n=16) | pred_rms=0.5955
2026-04-25 18:07:23,419 - INFO - [render-loss] step=148400 masked 4/16 samples (t_value < 0.40)
2026-04-25 18:09:15,865 - INFO - Step  148600 | Epoch  18 | MSE: 0.4660 | Steps/sec: 1.78 | LR: 1.69e-04 | Render_L1: 0.0270 | Alpha_L1: 0.0375 | Render_LPIPS: 0.1732 | Repel: 0.0000 | cos(c,null): +0.4913 | GradNorm: 0.1448 | MSE/t: [0.00-0.25]0.579(n=421) [0.25-0.50]0.511(n=1194) [0.50-0.75]0.407(n=1151) [0.75-1.00]0.390(n=434)
2026-04-25 18:09:16,328 - INFO - [cond] cfg_signal=0.0437 (min=0.0294 max=0.0596, n=16) | class_signal=0.0575 (min=0.0397 max=0.0825, n=16) | pred_rms=0.6013
2026-04-25 18:09:16,383 - INFO - [render-loss] step=148600 masked 7/16 samples (t_value < 0.40)
2026-04-25 18:11:08,708 - INFO - Step  148800 | Epoch  18 | MSE: 0.4601 | Steps/sec: 1.78 | LR: 1.69e-04 | Render_L1: 0.0261 | Alpha_L1: 0.0357 | Render_LPIPS: 0.1672 | Repel: 0.0000 | cos(c,null): +0.4902 | GradNorm: 0.1453 | MSE/t: [0.00-0.25]0.547(n=463) [0.25-0.50]0.505(n=1158) [0.50-0.75]0.403(n=1146) [0.75-1.00]0.399(n=433)
2026-04-25 18:11:09,158 - INFO - [cond] cfg_signal=0.0435 (min=0.0299 max=0.0558, n=16) | class_signal=0.0582 (min=0.0422 max=0.0865, n=16) | pred_rms=0.6275
2026-04-25 18:11:09,223 - INFO - [render-loss] step=148800 masked 7/16 samples (t_value < 0.40)
2026-04-25 18:13:00,955 - INFO - Step  149000 | Epoch  18 | MSE: 0.4510 | Steps/sec: 1.79 | LR: 1.68e-04 | Render_L1: 0.0256 | Alpha_L1: 0.0351 | Render_LPIPS: 0.1652 | Repel: 0.0000 | cos(c,null): +0.4934 | GradNorm: 0.1459 | MSE/t: [0.00-0.25]0.574(n=418) [0.25-0.50]0.501(n=1177) [0.50-0.75]0.393(n=1148) [0.75-1.00]0.356(n=457)
2026-04-25 18:13:01,418 - INFO - [cond] cfg_signal=0.0411 (min=0.0280 max=0.0588, n=16) | class_signal=0.0566 (min=0.0421 max=0.0902, n=16) | pred_rms=0.5998
2026-04-25 18:13:09,425 - INFO - [validation] saved: output/jit_JiT-B_8_from_scratch_null_repel/dit_validation/epoch_018_step_0149000_class038.png (class=38, sampler=heun, steps=100)
2026-04-25 18:13:10,682 - INFO - [overrides] applied from jit/configs/overrides.yaml: lr_scale=1.0 max_grad_norm=5.0 null_repel_weight=0.05 P_mean=0.0
2026-04-25 18:13:10,732 - INFO - [render-loss] step=149000 masked 10/16 samples (t_value < 0.40)
2026-04-25 18:15:02,398 - INFO - Step  149200 | Epoch  18 | MSE: 0.4539 | Steps/sec: 1.65 | LR: 1.68e-04 | Render_L1: 0.0262 | Alpha_L1: 0.0358 | Render_LPIPS: 0.1683 | Repel: 0.0000 | cos(c,null): +0.4925 | GradNorm: 0.1510 | MSE/t: [0.00-0.25]0.547(n=460) [0.25-0.50]0.496(n=1146) [0.50-0.75]0.409(n=1158) [0.75-1.00]0.366(n=436)
2026-04-25 18:15:02,870 - INFO - [cond] cfg_signal=0.0407 (min=0.0273 max=0.0529, n=16) | class_signal=0.0555 (min=0.0430 max=0.0768, n=16) | pred_rms=0.6125
2026-04-25 18:15:02,929 - INFO - [render-loss] step=149200 masked 3/16 samples (t_value < 0.40)
2026-04-25 18:16:55,059 - INFO - Step  149400 | Epoch  18 | MSE: 0.4696 | Steps/sec: 1.78 | LR: 1.68e-04 | Render_L1: 0.0256 | Alpha_L1: 0.0363 | Render_LPIPS: 0.1682 | Repel: 0.0000 | cos(c,null): +0.4936 | GradNorm: 0.1577 | MSE/t: [0.00-0.25]0.572(n=455) [0.25-0.50]0.505(n=1167) [0.50-0.75]0.432(n=1146) [0.75-1.00]0.365(n=432)
2026-04-25 18:16:55,517 - INFO - [cond] cfg_signal=0.0403 (min=0.0273 max=0.0541, n=16) | class_signal=0.0540 (min=0.0417 max=0.0740, n=16) | pred_rms=0.6037
2026-04-25 18:16:55,575 - INFO - [render-loss] step=149400 masked 7/16 samples (t_value < 0.40)
2026-04-25 18:18:47,661 - INFO - Step  149600 | Epoch  18 | MSE: 0.4576 | Steps/sec: 1.78 | LR: 1.68e-04 | Render_L1: 0.0257 | Alpha_L1: 0.0356 | Render_LPIPS: 0.1680 | Repel: 0.0000 | cos(c,null): +0.4956 | GradNorm: 0.1575 | MSE/t: [0.00-0.25]0.578(n=442) [0.25-0.50]0.495(n=1169) [0.50-0.75]0.405(n=1170) [0.75-1.00]0.370(n=419)
2026-04-25 18:18:48,125 - INFO - [cond] cfg_signal=0.0450 (min=0.0297 max=0.0612, n=16) | class_signal=0.0604 (min=0.0448 max=0.0898, n=16) | pred_rms=0.6131
2026-04-25 18:18:48,180 - INFO - [render-loss] step=149600 masked 3/16 samples (t_value < 0.40)
2026-04-25 18:20:40,230 - INFO - Step  149800 | Epoch  18 | MSE: 0.4571 | Steps/sec: 1.78 | LR: 1.68e-04 | Render_L1: 0.0255 | Alpha_L1: 0.0362 | Render_LPIPS: 0.1661 | Repel: 0.0000 | cos(c,null): +0.4973 | GradNorm: 0.1460 | MSE/t: [0.00-0.25]0.593(n=427) [0.25-0.50]0.504(n=1120) [0.50-0.75]0.396(n=1210) [0.75-1.00]0.375(n=443)
2026-04-25 18:20:40,708 - INFO - [cond] cfg_signal=0.0426 (min=0.0276 max=0.0598, n=16) | class_signal=0.0579 (min=0.0424 max=0.0874, n=16) | pred_rms=0.6151
2026-04-25 18:20:40,767 - INFO - [render-loss] step=149800 masked 7/16 samples (t_value < 0.40)
2026-04-25 18:22:32,694 - INFO - Step  150000 | Epoch  18 | MSE: 0.4596 | Steps/sec: 1.79 | LR: 1.68e-04 | Render_L1: 0.0252 | Alpha_L1: 0.0354 | Render_LPIPS: 0.1645 | Repel: 0.0000 | cos(c,null): +0.4951 | GradNorm: 0.1550 | MSE/t: [0.00-0.25]0.563(n=440) [0.25-0.50]0.509(n=1173) [0.50-0.75]0.415(n=1114) [0.75-1.00]0.346(n=473)
2026-04-25 18:22:33,176 - INFO - [cond] cfg_signal=0.0422 (min=0.0291 max=0.0656, n=16) | class_signal=0.0554 (min=0.0423 max=0.0777, n=16) | pred_rms=0.6139
2026-04-25 18:22:41,458 - INFO - [validation] saved: output/jit_JiT-B_8_from_scratch_null_repel/dit_validation/epoch_018_step_0150000_class084.png (class=84, sampler=heun, steps=100)
2026-04-25 18:22:42,743 - INFO - [overrides] applied from jit/configs/overrides.yaml: lr_scale=1.0 max_grad_norm=5.0 null_repel_weight=0.05 P_mean=0.0
2026-04-25 18:22:42,793 - INFO - [render-loss] step=150000 masked 6/16 samples (t_value < 0.40)
2026-04-25 18:24:35,338 - INFO - Step  150200 | Epoch  18 | MSE: 0.4718 | Steps/sec: 1.64 | LR: 1.68e-04 | Render_L1: 0.0264 | Alpha_L1: 0.0353 | Render_LPIPS: 0.1706 | Repel: 0.0000 | cos(c,null): +0.4931 | GradNorm: 0.1568 | MSE/t: [0.00-0.25]0.611(n=428) [0.25-0.50]0.518(n=1161) [0.50-0.75]0.410(n=1197) [0.75-1.00]0.375(n=414)
2026-04-25 18:24:35,810 - INFO - [cond] cfg_signal=0.0445 (min=0.0274 max=0.0670, n=16) | class_signal=0.0581 (min=0.0419 max=0.0811, n=16) | pred_rms=0.5970
2026-04-25 18:24:35,867 - INFO - [render-loss] step=150200 masked 5/16 samples (t_value < 0.40)
2026-04-25 18:26:28,598 - INFO - Step  150400 | Epoch  18 | MSE: 0.4663 | Steps/sec: 1.77 | LR: 1.68e-04 | Render_L1: 0.0261 | Alpha_L1: 0.0358 | Render_LPIPS: 0.1685 | Repel: 0.0000 | cos(c,null): +0.4957 | GradNorm: 0.1580 | MSE/t: [0.00-0.25]0.635(n=463) [0.25-0.50]0.500(n=1196) [0.50-0.75]0.403(n=1162) [0.75-1.00]0.348(n=379)
2026-04-25 18:26:29,056 - INFO - [cond] cfg_signal=0.0474 (min=0.0301 max=0.0674, n=16) | class_signal=0.0614 (min=0.0422 max=0.0779, n=16) | pred_rms=0.6297
2026-04-25 18:26:29,110 - INFO - [render-loss] step=150400 masked 4/16 samples (t_value < 0.40)
2026-04-25 18:28:21,179 - INFO - Step  150600 | Epoch  18 | MSE: 0.4666 | Steps/sec: 1.78 | LR: 1.68e-04 | Render_L1: 0.0258 | Alpha_L1: 0.0354 | Render_LPIPS: 0.1681 | Repel: 0.0000 | cos(c,null): +0.5006 | GradNorm: 0.1720 | MSE/t: [0.00-0.25]0.587(n=437) [0.25-0.50]0.517(n=1147) [0.50-0.75]0.421(n=1132) [0.75-1.00]0.345(n=484)
2026-04-25 18:28:21,639 - INFO - [cond] cfg_signal=0.0425 (min=0.0308 max=0.0664, n=16) | class_signal=0.0537 (min=0.0363 max=0.0678, n=16) | pred_rms=0.5664
2026-04-25 18:28:21,698 - INFO - [render-loss] step=150600 masked 5/16 samples (t_value < 0.40)
2026-04-25 18:30:14,334 - INFO - Step  150800 | Epoch  18 | MSE: 0.4596 | Steps/sec: 1.77 | LR: 1.68e-04 | Render_L1: 0.0256 | Alpha_L1: 0.0351 | Render_LPIPS: 0.1669 | Repel: 0.0000 | cos(c,null): +0.4990 | GradNorm: 100.9596 | MSE/t: [0.00-0.25]0.590(n=414) [0.25-0.50]0.508(n=1163) [0.50-0.75]0.406(n=1209) [0.75-1.00]0.352(n=414)
2026-04-25 18:30:14,988 - INFO - [cond] cfg_signal=0.0416 (min=0.0281 max=0.0662, n=16) | class_signal=0.0530 (min=0.0379 max=0.0688, n=16) | pred_rms=0.5744
2026-04-25 18:30:15,061 - INFO - [render-loss] step=150800 masked 7/16 samples (t_value < 0.40)
2026-04-25 18:32:07,211 - INFO - Step  151000 | Epoch  18 | MSE: 0.4674 | Steps/sec: 1.78 | LR: 1.68e-04 | Render_L1: 0.0259 | Alpha_L1: 0.0362 | Render_LPIPS: 0.1677 | Repel: 0.0000 | cos(c,null): +0.4979 | GradNorm: 49.0560 | MSE/t: [0.00-0.25]0.569(n=454) [0.25-0.50]0.514(n=1197) [0.50-0.75]0.421(n=1122) [0.75-1.00]0.350(n=427)
2026-04-25 18:32:07,692 - INFO - [cond] cfg_signal=0.0426 (min=0.0296 max=0.0624, n=16) | class_signal=0.0553 (min=0.0413 max=0.0685, n=16) | pred_rms=0.6046
2026-04-25 18:32:15,955 - INFO - [validation] saved: output/jit_JiT-B_8_from_scratch_null_repel/dit_validation/epoch_018_step_0151000_class102.png (class=102, sampler=heun, steps=100)
2026-04-25 18:32:17,369 - INFO - [overrides] applied from jit/configs/overrides.yaml: lr_scale=1.0 max_grad_norm=5.0 null_repel_weight=0.05 P_mean=0.0
2026-04-25 18:32:17,419 - INFO - [render-loss] step=151000 masked 8/16 samples (t_value < 0.40)
2026-04-25 18:34:10,819 - INFO - Step  151200 | Epoch  19 | MSE: 0.4622 | Steps/sec: 1.62 | LR: 1.68e-04 | Render_L1: 0.0261 | Alpha_L1: 0.0348 | Render_LPIPS: 0.1680 | Repel: 0.0000 | cos(c,null): +0.4988 | GradNorm: 0.1690 | MSE/t: [0.00-0.25]0.586(n=453) [0.25-0.50]0.501(n=1159) [0.50-0.75]0.403(n=1162) [0.75-1.00]0.386(n=426)
2026-04-25 18:34:11,302 - INFO - [cond] cfg_signal=0.0447 (min=0.0306 max=0.0608, n=16) | class_signal=0.0581 (min=0.0449 max=0.0737, n=16) | pred_rms=0.6163
2026-04-25 18:34:11,358 - INFO - [render-loss] step=151200 masked 5/16 samples (t_value < 0.40)
2026-04-25 18:36:03,671 - INFO - Step  151400 | Epoch  19 | MSE: 0.4532 | Steps/sec: 1.78 | LR: 1.67e-04 | Render_L1: 0.0256 | Alpha_L1: 0.0355 | Render_LPIPS: 0.1652 | Repel: 0.0000 | cos(c,null): +0.4976 | GradNorm: 0.1780 | MSE/t: [0.00-0.25]0.562(n=444) [0.25-0.50]0.494(n=1170) [0.50-0.75]0.403(n=1159) [0.75-1.00]0.365(n=427)
2026-04-25 18:36:04,156 - INFO - [cond] cfg_signal=0.0425 (min=0.0278 max=0.0632, n=16) | class_signal=0.0566 (min=0.0419 max=0.0696, n=16) | pred_rms=0.6104
2026-04-25 18:36:04,211 - INFO - [render-loss] step=151400 masked 5/16 samples (t_value < 0.40)
2026-04-25 18:37:56,523 - INFO - Step  151600 | Epoch  19 | MSE: 0.4522 | Steps/sec: 1.78 | LR: 1.67e-04 | Render_L1: 0.0252 | Alpha_L1: 0.0349 | Render_LPIPS: 0.1648 | Repel: 0.0000 | cos(c,null): +0.4980 | GradNorm: 0.1729 | MSE/t: [0.00-0.25]0.576(n=428) [0.25-0.50]0.507(n=1156) [0.50-0.75]0.398(n=1175) [0.75-1.00]0.331(n=441)
2026-04-25 18:37:56,978 - INFO - [cond] cfg_signal=0.0443 (min=0.0279 max=0.0639, n=16) | class_signal=0.0587 (min=0.0451 max=0.0772, n=16) | pred_rms=0.6129
2026-04-25 18:37:57,032 - INFO - [render-loss] step=151600 masked 1/16 samples (t_value < 0.40)
2026-04-25 18:39:48,835 - INFO - Step  151800 | Epoch  19 | MSE: 0.4635 | Steps/sec: 1.79 | LR: 1.67e-04 | Render_L1: 0.0257 | Alpha_L1: 0.0356 | Render_LPIPS: 0.1672 | Repel: 0.0000 | cos(c,null): +0.4971 | GradNorm: 0.1726 | MSE/t: [0.00-0.25]0.599(n=411) [0.25-0.50]0.502(n=1231) [0.50-0.75]0.410(n=1098) [0.75-1.00]0.366(n=460)
2026-04-25 18:39:49,311 - INFO - [cond] cfg_signal=0.0439 (min=0.0287 max=0.0615, n=16) | class_signal=0.0573 (min=0.0421 max=0.0749, n=16) | pred_rms=0.6005
2026-04-25 18:39:49,368 - INFO - [render-loss] step=151800 masked 8/16 samples (t_value < 0.40)
2026-04-25 18:41:41,329 - INFO - Step  152000 | Epoch  19 | MSE: 0.4553 | Steps/sec: 1.79 | LR: 1.67e-04 | Render_L1: 0.0257 | Alpha_L1: 0.0350 | Render_LPIPS: 0.1657 | Repel: 0.0000 | cos(c,null): +0.4949 | GradNorm: 0.1767 | MSE/t: [0.00-0.25]0.571(n=431) [0.25-0.50]0.494(n=1203) [0.50-0.75]0.410(n=1139) [0.75-1.00]0.351(n=427)
2026-04-25 18:41:41,826 - INFO - [cond] cfg_signal=0.0453 (min=0.0304 max=0.0646, n=16) | class_signal=0.0587 (min=0.0408 max=0.0808, n=16) | pred_rms=0.6089
2026-04-25 18:41:49,984 - INFO - [validation] saved: output/jit_JiT-B_8_from_scratch_null_repel/dit_validation/epoch_019_step_0152000_class088.png (class=88, sampler=heun, steps=100)
2026-04-25 18:41:51,261 - INFO - [overrides] applied from jit/configs/overrides.yaml: lr_scale=1.0 max_grad_norm=5.0 null_repel_weight=0.05 P_mean=0.0
2026-04-25 18:41:51,311 - INFO - [render-loss] step=152000 masked 4/16 samples (t_value < 0.40)
2026-04-25 18:43:44,079 - INFO - Step  152200 | Epoch  19 | MSE: 0.4567 | Steps/sec: 1.64 | LR: 1.67e-04 | Render_L1: 0.0253 | Alpha_L1: 0.0352 | Render_LPIPS: 0.1656 | Repel: 0.0000 | cos(c,null): +0.4954 | GradNorm: 0.1865 | MSE/t: [0.00-0.25]0.581(n=412) [0.25-0.50]0.492(n=1173) [0.50-0.75]0.412(n=1179) [0.75-1.00]0.366(n=436)
2026-04-25 18:43:44,549 - INFO - [cond] cfg_signal=0.0447 (min=0.0296 max=0.0632, n=16) | class_signal=0.0562 (min=0.0426 max=0.0749, n=16) | pred_rms=0.6117
2026-04-25 18:43:44,605 - INFO - [render-loss] step=152200 masked 6/16 samples (t_value < 0.40)
2026-04-25 18:45:36,888 - INFO - Step  152400 | Epoch  19 | MSE: 0.4659 | Steps/sec: 1.78 | LR: 1.67e-04 | Render_L1: 0.0253 | Alpha_L1: 0.0350 | Render_LPIPS: 0.1665 | Repel: 0.0000 | cos(c,null): +0.4967 | GradNorm: 0.1833 | MSE/t: [0.00-0.25]0.591(n=411) [0.25-0.50]0.513(n=1209) [0.50-0.75]0.409(n=1150) [0.75-1.00]0.367(n=430)
2026-04-25 18:45:37,378 - INFO - [cond] cfg_signal=0.0479 (min=0.0371 max=0.0706, n=16) | class_signal=0.0586 (min=0.0430 max=0.0806, n=16) | pred_rms=0.6307
2026-04-25 18:45:37,437 - INFO - [render-loss] step=152400 masked 5/16 samples (t_value < 0.40)
2026-04-25 18:47:29,293 - INFO - Step  152600 | Epoch  19 | MSE: 0.4579 | Steps/sec: 1.79 | LR: 1.67e-04 | Render_L1: 0.0253 | Alpha_L1: 0.0342 | Render_LPIPS: 0.1642 | Repel: 0.0000 | cos(c,null): +0.4952 | GradNorm: 0.1834 | MSE/t: [0.00-0.25]0.613(n=445) [0.25-0.50]0.499(n=1161) [0.50-0.75]0.399(n=1125) [0.75-1.00]0.351(n=469)
2026-04-25 18:47:29,777 - INFO - [cond] cfg_signal=0.0450 (min=0.0299 max=0.0610, n=16) | class_signal=0.0575 (min=0.0425 max=0.0752, n=16) | pred_rms=0.6092
2026-04-25 18:47:29,836 - INFO - [render-loss] step=152600 masked 7/16 samples (t_value < 0.40)
2026-04-25 18:49:22,139 - INFO - Step  152800 | Epoch  19 | MSE: 0.4659 | Steps/sec: 1.78 | LR: 1.67e-04 | Render_L1: 0.0256 | Alpha_L1: 0.0354 | Render_LPIPS: 0.1660 | Repel: 0.0000 | cos(c,null): +0.4946 | GradNorm: 0.1829 | MSE/t: [0.00-0.25]0.604(n=467) [0.25-0.50]0.497(n=1154) [0.50-0.75]0.414(n=1164) [0.75-1.00]0.369(n=415)
2026-04-25 18:49:22,616 - INFO - [cond] cfg_signal=0.0458 (min=0.0289 max=0.0646, n=16) | class_signal=0.0578 (min=0.0387 max=0.0779, n=16) | pred_rms=0.6123
2026-04-25 18:49:22,677 - INFO - [render-loss] step=152800 masked 8/16 samples (t_value < 0.40)
2026-04-25 18:51:15,163 - INFO - Step  153000 | Epoch  19 | MSE: 0.4544 | Steps/sec: 1.78 | LR: 1.67e-04 | Render_L1: 0.0257 | Alpha_L1: 0.0345 | Render_LPIPS: 0.1658 | Repel: 0.0000 | cos(c,null): +0.4955 | GradNorm: 0.1939 | MSE/t: [0.00-0.25]0.582(n=448) [0.25-0.50]0.501(n=1129) [0.50-0.75]0.398(n=1175) [0.75-1.00]0.357(n=448)
2026-04-25 18:51:15,642 - INFO - [cond] cfg_signal=0.0453 (min=0.0304 max=0.0661, n=16) | class_signal=0.0583 (min=0.0397 max=0.0843, n=16) | pred_rms=0.6135
2026-04-25 18:51:24,108 - INFO - [validation] saved: output/jit_JiT-B_8_from_scratch_null_repel/dit_validation/epoch_019_step_0153000_class113.png (class=113, sampler=heun, steps=100)
2026-04-25 18:51:25,398 - INFO - [overrides] applied from jit/configs/overrides.yaml: lr_scale=1.0 max_grad_norm=5.0 null_repel_weight=0.05 P_mean=0.0
2026-04-25 18:51:25,445 - INFO - [render-loss] step=153000 masked 4/16 samples (t_value < 0.40)
2026-04-25 18:53:17,778 - INFO - Step  153200 | Epoch  19 | MSE: 0.4557 | Steps/sec: 1.64 | LR: 1.67e-04 | Render_L1: 0.0253 | Alpha_L1: 0.0347 | Render_LPIPS: 0.1668 | Repel: 0.0000 | cos(c,null): +0.4955 | GradNorm: 0.1943 | MSE/t: [0.00-0.25]0.555(n=414) [0.25-0.50]0.504(n=1190) [0.50-0.75]0.411(n=1175) [0.75-1.00]0.347(n=421)
2026-04-25 18:53:18,247 - INFO - [cond] cfg_signal=0.0442 (min=0.0266 max=0.0615, n=16) | class_signal=0.0569 (min=0.0391 max=0.0709, n=16) | pred_rms=0.6037
2026-04-25 18:53:18,302 - INFO - [render-loss] step=153200 masked 4/16 samples (t_value < 0.40)
2026-04-25 18:55:10,121 - INFO - Step  153400 | Epoch  19 | MSE: 0.4528 | Steps/sec: 1.79 | LR: 1.67e-04 | Render_L1: 0.0252 | Alpha_L1: 0.0347 | Render_LPIPS: 0.1641 | Repel: 0.0000 | cos(c,null): +0.4943 | GradNorm: 0.1876 | MSE/t: [0.00-0.25]0.553(n=441) [0.25-0.50]0.487(n=1180) [0.50-0.75]0.418(n=1137) [0.75-1.00]0.351(n=442)
2026-04-25 18:55:10,646 - INFO - [cond] cfg_signal=0.0425 (min=0.0264 max=0.0569, n=16) | class_signal=0.0560 (min=0.0394 max=0.0683, n=16) | pred_rms=0.6053
2026-04-25 18:55:10,700 - INFO - [render-loss] step=153400 masked 4/16 samples (t_value < 0.40)
2026-04-25 18:57:03,106 - INFO - Step  153600 | Epoch  19 | MSE: 0.4558 | Steps/sec: 1.78 | LR: 1.67e-04 | Render_L1: 0.0252 | Alpha_L1: 0.0352 | Render_LPIPS: 0.1650 | Repel: 0.0000 | cos(c,null): +0.4945 | GradNorm: 0.2130 | MSE/t: [0.00-0.25]0.572(n=419) [0.25-0.50]0.499(n=1158) [0.50-0.75]0.400(n=1187) [0.75-1.00]0.381(n=436)
2026-04-25 18:57:03,575 - INFO - [cond] cfg_signal=0.0445 (min=0.0288 max=0.0644, n=16) | class_signal=0.0584 (min=0.0405 max=0.0746, n=16) | pred_rms=0.6110
2026-04-25 18:57:03,630 - INFO - [render-loss] step=153600 masked 3/16 samples (t_value < 0.40)
2026-04-25 18:58:55,810 - INFO - Step  153800 | Epoch  19 | MSE: 0.4609 | Steps/sec: 1.78 | LR: 1.67e-04 | Render_L1: 0.0258 | Alpha_L1: 0.0354 | Render_LPIPS: 0.1680 | Repel: 0.0000 | cos(c,null): +0.4957 | GradNorm: 0.2045 | MSE/t: [0.00-0.25]0.580(n=437) [0.25-0.50]0.500(n=1188) [0.50-0.75]0.406(n=1143) [0.75-1.00]0.379(n=432)
2026-04-25 18:58:56,271 - INFO - [cond] cfg_signal=0.0450 (min=0.0295 max=0.0660, n=16) | class_signal=0.0602 (min=0.0409 max=0.0815, n=16) | pred_rms=0.6216
2026-04-25 18:58:56,325 - INFO - [render-loss] step=153800 masked 3/16 samples (t_value < 0.40)
2026-04-25 19:00:48,034 - INFO - Step  154000 | Epoch  19 | MSE: 0.4620 | Steps/sec: 1.79 | LR: 1.66e-04 | Render_L1: 0.0254 | Alpha_L1: 0.0350 | Render_LPIPS: 0.1665 | Repel: 0.0000 | cos(c,null): +0.4966 | GradNorm: 0.2046 | MSE/t: [0.00-0.25]0.579(n=441) [0.25-0.50]0.512(n=1144) [0.50-0.75]0.411(n=1192) [0.75-1.00]0.348(n=423)
2026-04-25 19:00:48,518 - INFO - [cond] cfg_signal=0.0450 (min=0.0278 max=0.0663, n=16) | class_signal=0.0609 (min=0.0432 max=0.0920, n=16) | pred_rms=0.6080
2026-04-25 19:00:56,554 - INFO - [validation] saved: output/jit_JiT-B_8_from_scratch_null_repel/dit_validation/epoch_019_step_0154000_class002.png (class=2, sampler=heun, steps=100)
2026-04-25 19:00:57,820 - INFO - [overrides] applied from jit/configs/overrides.yaml: lr_scale=1.0 max_grad_norm=5.0 null_repel_weight=0.05 P_mean=0.0
2026-04-25 19:00:57,866 - INFO - [render-loss] step=154000 masked 2/16 samples (t_value < 0.40)
2026-04-25 19:02:49,865 - INFO - Step  154200 | Epoch  19 | MSE: 0.4601 | Steps/sec: 1.65 | LR: 1.66e-04 | Render_L1: 0.0254 | Alpha_L1: 0.0351 | Render_LPIPS: 0.1673 | Repel: 0.0000 | cos(c,null): +0.4974 | GradNorm: 0.1998 | MSE/t: [0.00-0.25]0.602(n=428) [0.25-0.50]0.502(n=1168) [0.50-0.75]0.407(n=1158) [0.75-1.00]0.353(n=446)
2026-04-25 19:02:50,440 - INFO - [cond] cfg_signal=0.0455 (min=0.0296 max=0.0680, n=16) | class_signal=0.0595 (min=0.0401 max=0.0883, n=16) | pred_rms=0.6000
2026-04-25 19:02:50,498 - INFO - [render-loss] step=154200 masked 5/16 samples (t_value < 0.40)
2026-04-25 19:04:43,073 - INFO - Step  154400 | Epoch  19 | MSE: 0.4730 | Steps/sec: 1.78 | LR: 1.66e-04 | Render_L1: 0.0249 | Alpha_L1: 0.0346 | Render_LPIPS: 0.1637 | Repel: 0.0000 | cos(c,null): +0.4973 | GradNorm: 0.2497 | MSE/t: [0.00-0.25]0.603(n=443) [0.25-0.50]0.518(n=1183) [0.50-0.75]0.410(n=1160) [0.75-1.00]0.381(n=414)
2026-04-25 19:04:43,558 - INFO - [cond] cfg_signal=0.0442 (min=0.0287 max=0.0612, n=16) | class_signal=0.0582 (min=0.0395 max=0.0819, n=16) | pred_rms=0.5878
2026-04-25 19:04:43,620 - INFO - [render-loss] step=154400 masked 4/16 samples (t_value < 0.40)
2026-04-25 19:06:35,709 - INFO - Step  154600 | Epoch  19 | MSE: 0.4604 | Steps/sec: 1.78 | LR: 1.66e-04 | Render_L1: 0.0260 | Alpha_L1: 0.0356 | Render_LPIPS: 0.1666 | Repel: 0.0000 | cos(c,null): +0.4976 | GradNorm: 0.2935 | MSE/t: [0.00-0.25]0.564(n=418) [0.25-0.50]0.507(n=1188) [0.50-0.75]0.414(n=1153) [0.75-1.00]0.356(n=441)
2026-04-25 19:06:36,173 - INFO - [cond] cfg_signal=0.0439 (min=0.0330 max=0.0570, n=16) | class_signal=0.0580 (min=0.0431 max=0.0885, n=16) | pred_rms=0.6040
2026-04-25 19:06:36,227 - INFO - [render-loss] step=154600 masked 8/16 samples (t_value < 0.40)
2026-04-25 19:08:28,475 - INFO - Step  154800 | Epoch  19 | MSE: 0.4629 | Steps/sec: 1.78 | LR: 1.66e-04 | Render_L1: 0.0247 | Alpha_L1: 0.0342 | Render_LPIPS: 0.1627 | Repel: 0.0000 | cos(c,null): +0.4967 | GradNorm: 0.2070 | MSE/t: [0.00-0.25]0.573(n=438) [0.25-0.50]0.518(n=1154) [0.50-0.75]0.412(n=1179) [0.75-1.00]0.343(n=429)
2026-04-25 19:08:28,960 - INFO - [cond] cfg_signal=0.0440 (min=0.0338 max=0.0613, n=16) | class_signal=0.0578 (min=0.0421 max=0.0807, n=16) | pred_rms=0.6079
2026-04-25 19:08:29,016 - INFO - [render-loss] step=154800 masked 9/16 samples (t_value < 0.40)
2026-04-25 19:10:21,597 - INFO - Step  155000 | Epoch  19 | MSE: 0.4653 | Steps/sec: 1.78 | LR: 1.66e-04 | Render_L1: 0.0257 | Alpha_L1: 0.0352 | Render_LPIPS: 0.1662 | Repel: 0.0000 | cos(c,null): +0.4950 | GradNorm: 0.2096 | MSE/t: [0.00-0.25]0.574(n=463) [0.25-0.50]0.508(n=1164) [0.50-0.75]0.414(n=1139) [0.75-1.00]0.369(n=434)
2026-04-25 19:10:22,058 - INFO - [cond] cfg_signal=0.0441 (min=0.0313 max=0.0619, n=16) | class_signal=0.0591 (min=0.0399 max=0.0866, n=16) | pred_rms=0.6164
2026-04-25 19:10:30,101 - INFO - [validation] saved: output/jit_JiT-B_8_from_scratch_null_repel/dit_validation/epoch_019_step_0155000_class114.png (class=114, sampler=heun, steps=100)
2026-04-25 19:10:31,534 - INFO - [overrides] applied from jit/configs/overrides.yaml: lr_scale=1.0 max_grad_norm=5.0 null_repel_weight=0.05 P_mean=0.0
2026-04-25 19:10:31,581 - INFO - [render-loss] step=155000 masked 7/16 samples (t_value < 0.40)
2026-04-25 19:12:23,831 - INFO - Step  155200 | Epoch  19 | MSE: 0.4653 | Steps/sec: 1.64 | LR: 1.66e-04 | Render_L1: 0.0254 | Alpha_L1: 0.0347 | Render_LPIPS: 0.1633 | Repel: 0.0000 | cos(c,null): +0.4900 | GradNorm: 0.2219 | MSE/t: [0.00-0.25]0.566(n=440) [0.25-0.50]0.512(n=1181) [0.50-0.75]0.418(n=1163) [0.75-1.00]0.358(n=416)
2026-04-25 19:12:24,303 - INFO - [cond] cfg_signal=0.0446 (min=0.0321 max=0.0675, n=16) | class_signal=0.0598 (min=0.0400 max=0.0834, n=16) | pred_rms=0.6075
2026-04-25 19:12:24,360 - INFO - [render-loss] step=155200 masked 6/16 samples (t_value < 0.40)
2026-04-25 19:14:16,336 - INFO - Step  155400 | Epoch  19 | MSE: 0.4571 | Steps/sec: 1.79 | LR: 1.66e-04 | Render_L1: 0.0252 | Alpha_L1: 0.0344 | Render_LPIPS: 0.1637 | Repel: 0.0000 | cos(c,null): +0.4897 | GradNorm: 0.2151 | MSE/t: [0.00-0.25]0.581(n=456) [0.25-0.50]0.502(n=1143) [0.50-0.75]0.403(n=1153) [0.75-1.00]0.356(n=448)
2026-04-25 19:14:16,822 - INFO - [cond] cfg_signal=0.0447 (min=0.0304 max=0.0697, n=16) | class_signal=0.0588 (min=0.0384 max=0.0841, n=16) | pred_rms=0.5995
2026-04-25 19:14:16,877 - INFO - [render-loss] step=155400 masked 7/16 samples (t_value < 0.40)
2026-04-25 19:16:09,074 - INFO - Step  155600 | Epoch  19 | MSE: 0.4641 | Steps/sec: 1.78 | LR: 1.66e-04 | Render_L1: 0.0253 | Alpha_L1: 0.0342 | Render_LPIPS: 0.1647 | Repel: 0.0000 | cos(c,null): +0.4926 | GradNorm: 0.2239 | MSE/t: [0.00-0.25]0.617(n=426) [0.25-0.50]0.503(n=1190) [0.50-0.75]0.408(n=1142) [0.75-1.00]0.358(n=442)
2026-04-25 19:16:09,558 - INFO - [cond] cfg_signal=0.0430 (min=0.0293 max=0.0674, n=16) | class_signal=0.0573 (min=0.0374 max=0.0798, n=16) | pred_rms=0.6040
2026-04-25 19:16:09,614 - INFO - [render-loss] step=155600 masked 4/16 samples (t_value < 0.40)
2026-04-25 19:18:02,017 - INFO - Step  155800 | Epoch  19 | MSE: 0.4645 | Steps/sec: 1.78 | LR: 1.66e-04 | Render_L1: 0.0249 | Alpha_L1: 0.0341 | Render_LPIPS: 0.1607 | Repel: 0.0000 | cos(c,null): +0.4910 | GradNorm: 0.2571 | MSE/t: [0.00-0.25]0.584(n=444) [0.25-0.50]0.502(n=1197) [0.50-0.75]0.412(n=1150) [0.75-1.00]0.375(n=409)
2026-04-25 19:18:02,490 - INFO - [cond] cfg_signal=0.0443 (min=0.0276 max=0.0597, n=16) | class_signal=0.0583 (min=0.0423 max=0.0789, n=16) | pred_rms=0.6154
2026-04-25 19:18:02,555 - INFO - [render-loss] step=155800 masked 6/16 samples (t_value < 0.40)
2026-04-25 19:19:54,858 - INFO - Step  156000 | Epoch  19 | MSE: 0.4548 | Steps/sec: 1.78 | LR: 1.66e-04 | Render_L1: 0.0246 | Alpha_L1: 0.0339 | Render_LPIPS: 0.1620 | Repel: 0.0000 | cos(c,null): +0.4910 | GradNorm: 0.2232 | MSE/t: [0.00-0.25]0.560(n=438) [0.25-0.50]0.500(n=1189) [0.50-0.75]0.408(n=1109) [0.75-1.00]0.353(n=464)
2026-04-25 19:19:55,320 - INFO - [cond] cfg_signal=0.0464 (min=0.0289 max=0.0637, n=16) | class_signal=0.0613 (min=0.0444 max=0.0811, n=16) | pred_rms=0.6114
2026-04-25 19:20:03,394 - INFO - [validation] saved: output/jit_JiT-B_8_from_scratch_null_repel/dit_validation/epoch_019_step_0156000_class013.png (class=13, sampler=heun, steps=100)
2026-04-25 19:20:04,658 - INFO - [overrides] applied from jit/configs/overrides.yaml: lr_scale=1.0 max_grad_norm=5.0 null_repel_weight=0.05 P_mean=0.0
2026-04-25 19:20:04,705 - INFO - [render-loss] step=156000 masked 2/16 samples (t_value < 0.40)
2026-04-25 19:21:56,609 - INFO - Step  156200 | Epoch  19 | MSE: 0.4576 | Steps/sec: 1.65 | LR: 1.66e-04 | Render_L1: 0.0257 | Alpha_L1: 0.0350 | Render_LPIPS: 0.1646 | Repel: 0.0000 | cos(c,null): +0.4916 | GradNorm: 0.2263 | MSE/t: [0.00-0.25]0.553(n=428) [0.25-0.50]0.511(n=1163) [0.50-0.75]0.406(n=1164) [0.75-1.00]0.363(n=445)
2026-04-25 19:21:57,099 - INFO - [cond] cfg_signal=0.0478 (min=0.0283 max=0.0755, n=16) | class_signal=0.0635 (min=0.0443 max=0.0892, n=16) | pred_rms=0.5993
2026-04-25 19:21:57,155 - INFO - [render-loss] step=156200 masked 6/16 samples (t_value < 0.40)
2026-04-25 19:23:49,397 - INFO - Step  156400 | Epoch  19 | MSE: 0.4624 | Steps/sec: 1.78 | LR: 1.65e-04 | Render_L1: 0.0250 | Alpha_L1: 0.0339 | Render_LPIPS: 0.1633 | Repel: 0.0000 | cos(c,null): +0.4911 | GradNorm: 0.2331 | MSE/t: [0.00-0.25]0.598(n=457) [0.25-0.50]0.499(n=1125) [0.50-0.75]0.420(n=1177) [0.75-1.00]0.343(n=441)
2026-04-25 19:23:49,875 - INFO - [cond] cfg_signal=0.0444 (min=0.0288 max=0.0707, n=16) | class_signal=0.0602 (min=0.0424 max=0.0859, n=16) | pred_rms=0.6322
2026-04-25 19:23:49,935 - INFO - [render-loss] step=156400 masked 5/16 samples (t_value < 0.40)
2026-04-25 19:25:42,105 - INFO - Step  156600 | Epoch  19 | MSE: 0.4682 | Steps/sec: 1.78 | LR: 1.65e-04 | Render_L1: 0.0258 | Alpha_L1: 0.0345 | Render_LPIPS: 0.1662 | Repel: 0.0000 | cos(c,null): +0.4917 | GradNorm: 0.2306 | MSE/t: [0.00-0.25]0.598(n=436) [0.25-0.50]0.510(n=1236) [0.50-0.75]0.405(n=1096) [0.75-1.00]0.378(n=432)
2026-04-25 19:25:42,570 - INFO - [cond] cfg_signal=0.0444 (min=0.0297 max=0.0692, n=16) | class_signal=0.0575 (min=0.0381 max=0.0792, n=16) | pred_rms=0.6144
2026-04-25 19:25:42,626 - INFO - [render-loss] step=156600 masked 8/16 samples (t_value < 0.40)
2026-04-25 19:27:34,917 - INFO - Step  156800 | Epoch  19 | MSE: 0.4661 | Steps/sec: 1.78 | LR: 1.65e-04 | Render_L1: 0.0248 | Alpha_L1: 0.0345 | Render_LPIPS: 0.1647 | Repel: 0.0000 | cos(c,null): +0.4940 | GradNorm: 0.2258 | MSE/t: [0.00-0.25]0.579(n=446) [0.25-0.50]0.510(n=1169) [0.50-0.75]0.422(n=1154) [0.75-1.00]0.350(n=431)
2026-04-25 19:27:35,392 - INFO - [cond] cfg_signal=0.0456 (min=0.0311 max=0.0655, n=16) | class_signal=0.0594 (min=0.0422 max=0.0841, n=16) | pred_rms=0.6165
2026-04-25 19:27:35,447 - INFO - [render-loss] step=156800 masked 2/16 samples (t_value < 0.40)
2026-04-25 19:29:27,661 - INFO - Step  157000 | Epoch  19 | MSE: 0.4586 | Steps/sec: 1.78 | LR: 1.65e-04 | Render_L1: 0.0246 | Alpha_L1: 0.0335 | Render_LPIPS: 0.1607 | Repel: 0.0000 | cos(c,null): +0.4953 | GradNorm: 0.2332 | MSE/t: [0.00-0.25]0.564(n=407) [0.25-0.50]0.511(n=1198) [0.50-0.75]0.405(n=1159) [0.75-1.00]0.358(n=436)
2026-04-25 19:29:28,119 - INFO - [cond] cfg_signal=0.0449 (min=0.0319 max=0.0668, n=16) | class_signal=0.0591 (min=0.0442 max=0.0846, n=16) | pred_rms=0.6115
2026-04-25 19:29:36,230 - INFO - [validation] saved: output/jit_JiT-B_8_from_scratch_null_repel/dit_validation/epoch_019_step_0157000_class099.png (class=99, sampler=heun, steps=100)
2026-04-25 19:29:37,505 - INFO - [overrides] applied from jit/configs/overrides.yaml: lr_scale=1.0 max_grad_norm=5.0 null_repel_weight=0.05 P_mean=0.0
2026-04-25 19:29:37,553 - INFO - [render-loss] step=157000 masked 6/16 samples (t_value < 0.40)
2026-04-25 19:31:30,258 - INFO - Step  157200 | Epoch  19 | MSE: 0.4508 | Steps/sec: 1.64 | LR: 1.65e-04 | Render_L1: 0.0247 | Alpha_L1: 0.0340 | Render_LPIPS: 0.1623 | Repel: 0.0000 | cos(c,null): +0.4952 | GradNorm: 1.5943 | MSE/t: [0.00-0.25]0.579(n=441) [0.25-0.50]0.499(n=1139) [0.50-0.75]0.393(n=1171) [0.75-1.00]0.355(n=449)
2026-04-25 19:31:30,782 - INFO - [cond] cfg_signal=0.0503 (min=0.0354 max=0.0663, n=16) | class_signal=0.0652 (min=0.0490 max=0.1024, n=16) | pred_rms=0.6172
2026-04-25 19:31:30,843 - INFO - [render-loss] step=157200 masked 6/16 samples (t_value < 0.40)
2026-04-25 19:33:23,202 - INFO - Step  157400 | Epoch  19 | MSE: 0.4657 | Steps/sec: 1.78 | LR: 1.65e-04 | Render_L1: 0.0254 | Alpha_L1: 0.0346 | Render_LPIPS: 0.1649 | Repel: 0.0000 | cos(c,null): +0.4932 | GradNorm: 0.2494 | MSE/t: [0.00-0.25]0.591(n=433) [0.25-0.50]0.515(n=1144) [0.50-0.75]0.417(n=1190) [0.75-1.00]0.344(n=433)
2026-04-25 19:33:23,683 - INFO - [cond] cfg_signal=0.0468 (min=0.0316 max=0.0584, n=16) | class_signal=0.0603 (min=0.0445 max=0.0849, n=16) | pred_rms=0.6009
2026-04-25 19:33:23,737 - INFO - [render-loss] step=157400 masked 5/16 samples (t_value < 0.40)
2026-04-25 19:35:15,567 - INFO - Step  157600 | Epoch  19 | MSE: 0.4624 | Steps/sec: 1.79 | LR: 1.65e-04 | Render_L1: 0.0246 | Alpha_L1: 0.0336 | Render_LPIPS: 0.1601 | Repel: 0.0000 | cos(c,null): +0.4931 | GradNorm: 0.2348 | MSE/t: [0.00-0.25]0.554(n=471) [0.25-0.50]0.508(n=1160) [0.50-0.75]0.412(n=1159) [0.75-1.00]0.369(n=410)
2026-04-25 19:35:16,055 - INFO - [cond] cfg_signal=0.0469 (min=0.0324 max=0.0627, n=16) | class_signal=0.0601 (min=0.0446 max=0.0896, n=16) | pred_rms=0.6027
2026-04-25 19:35:16,110 - INFO - [render-loss] step=157600 masked 6/16 samples (t_value < 0.40)
2026-04-25 19:37:08,133 - INFO - Step  157800 | Epoch  19 | MSE: 0.4555 | Steps/sec: 1.78 | LR: 1.65e-04 | Render_L1: 0.0253 | Alpha_L1: 0.0341 | Render_LPIPS: 0.1644 | Repel: 0.0000 | cos(c,null): +0.4937 | GradNorm: 0.2485 | MSE/t: [0.00-0.25]0.557(n=443) [0.25-0.50]0.505(n=1114) [0.50-0.75]0.406(n=1208) [0.75-1.00]0.362(n=435)
2026-04-25 19:37:08,602 - INFO - [cond] cfg_signal=0.0487 (min=0.0324 max=0.0687, n=16) | class_signal=0.0620 (min=0.0408 max=0.1074, n=16) | pred_rms=0.6194
2026-04-25 19:37:08,658 - INFO - [render-loss] step=157800 masked 7/16 samples (t_value < 0.40)
2026-04-25 19:39:01,097 - INFO - Step  158000 | Epoch  19 | MSE: 0.4526 | Steps/sec: 1.78 | LR: 1.65e-04 | Render_L1: 0.0250 | Alpha_L1: 0.0337 | Render_LPIPS: 0.1643 | Repel: 0.0000 | cos(c,null): +0.4944 | GradNorm: 1.1650 | MSE/t: [0.00-0.25]0.570(n=419) [0.25-0.50]0.499(n=1147) [0.50-0.75]0.403(n=1164) [0.75-1.00]0.359(n=470)
2026-04-25 19:39:01,584 - INFO - [cond] cfg_signal=0.0482 (min=0.0347 max=0.0633, n=16) | class_signal=0.0593 (min=0.0416 max=0.0804, n=16) | pred_rms=0.6088
2026-04-25 19:39:09,679 - INFO - [validation] saved: output/jit_JiT-B_8_from_scratch_null_repel/dit_validation/epoch_019_step_0158000_class073.png (class=73, sampler=heun, steps=100)
2026-04-25 19:39:10,967 - INFO - [overrides] applied from jit/configs/overrides.yaml: lr_scale=1.0 max_grad_norm=5.0 null_repel_weight=0.05 P_mean=0.0
2026-04-25 19:39:11,015 - INFO - [render-loss] step=158000 masked 7/16 samples (t_value < 0.40)
2026-04-25 19:41:03,202 - INFO - Step  158200 | Epoch  19 | MSE: 0.4713 | Steps/sec: 1.64 | LR: 1.65e-04 | Render_L1: 0.0254 | Alpha_L1: 0.0344 | Render_LPIPS: 0.1653 | Repel: 0.0000 | cos(c,null): +0.4896 | GradNorm: 0.2845 | MSE/t: [0.00-0.25]0.600(n=410) [0.25-0.50]0.505(n=1153) [0.50-0.75]0.433(n=1183) [0.75-1.00]0.367(n=454)
2026-04-25 19:41:03,666 - INFO - [cond] cfg_signal=0.0485 (min=0.0334 max=0.0672, n=16) | class_signal=0.0585 (min=0.0438 max=0.0824, n=16) | pred_rms=0.6061
2026-04-25 19:41:03,720 - INFO - [render-loss] step=158200 masked 6/16 samples (t_value < 0.40)
2026-04-25 19:42:55,786 - INFO - Step  158400 | Epoch  19 | MSE: 0.4624 | Steps/sec: 1.78 | LR: 1.65e-04 | Render_L1: 0.0254 | Alpha_L1: 0.0348 | Render_LPIPS: 0.1669 | Repel: 0.0000 | cos(c,null): +0.4853 | GradNorm: 0.2485 | MSE/t: [0.00-0.25]0.583(n=432) [0.25-0.50]0.507(n=1154) [0.50-0.75]0.409(n=1141) [0.75-1.00]0.372(n=473)
2026-04-25 19:42:56,259 - INFO - [cond] cfg_signal=0.0502 (min=0.0358 max=0.0749, n=16) | class_signal=0.0611 (min=0.0439 max=0.0791, n=16) | pred_rms=0.6235
2026-04-25 19:42:56,314 - INFO - [render-loss] step=158400 masked 7/16 samples (t_value < 0.40)
2026-04-25 19:44:48,440 - INFO - Step  158600 | Epoch  19 | MSE: 0.4600 | Steps/sec: 1.78 | LR: 1.65e-04 | Render_L1: 0.0250 | Alpha_L1: 0.0338 | Render_LPIPS: 0.1636 | Repel: 0.0000 | cos(c,null): +0.4841 | GradNorm: 0.2505 | MSE/t: [0.00-0.25]0.573(n=472) [0.25-0.50]0.499(n=1137) [0.50-0.75]0.412(n=1167) [0.75-1.00]0.363(n=424)
2026-04-25 19:44:48,920 - INFO - [cond] cfg_signal=0.0469 (min=0.0335 max=0.0632, n=16) | class_signal=0.0574 (min=0.0416 max=0.0779, n=16) | pred_rms=0.6089
2026-04-25 19:44:48,977 - INFO - [render-loss] step=158600 masked 4/16 samples (t_value < 0.40)
2026-04-25 19:46:40,984 - INFO - Step  158800 | Epoch  19 | MSE: 0.4547 | Steps/sec: 1.78 | LR: 1.64e-04 | Render_L1: 0.0248 | Alpha_L1: 0.0339 | Render_LPIPS: 0.1631 | Repel: 0.0000 | cos(c,null): +0.4858 | GradNorm: 0.2435 | MSE/t: [0.00-0.25]0.587(n=436) [0.25-0.50]0.485(n=1120) [0.50-0.75]0.410(n=1164) [0.75-1.00]0.372(n=480)
2026-04-25 19:46:41,466 - INFO - [cond] cfg_signal=0.0518 (min=0.0351 max=0.0799, n=16) | class_signal=0.0619 (min=0.0458 max=0.0803, n=16) | pred_rms=0.6250
2026-04-25 19:46:41,526 - INFO - [render-loss] step=158800 masked 4/16 samples (t_value < 0.40)
2026-04-25 19:48:34,698 - INFO - Step  159000 | Epoch  20 | MSE: 0.4565 | Steps/sec: 1.77 | LR: 1.64e-04 | Render_L1: 0.0254 | Alpha_L1: 0.0343 | Render_LPIPS: 0.1629 | Repel: 0.0000 | cos(c,null): +0.4888 | GradNorm: 0.2521 | MSE/t: [0.00-0.25]0.566(n=417) [0.25-0.50]0.510(n=1168) [0.50-0.75]0.397(n=1188) [0.75-1.00]0.368(n=427)
2026-04-25 19:48:35,158 - INFO - [cond] cfg_signal=0.0501 (min=0.0380 max=0.0781, n=16) | class_signal=0.0608 (min=0.0415 max=0.0758, n=16) | pred_rms=0.6056
2026-04-25 19:48:43,260 - INFO - [validation] saved: output/jit_JiT-B_8_from_scratch_null_repel/dit_validation/epoch_020_step_0159000_class021.png (class=21, sampler=heun, steps=100)
2026-04-25 19:48:44,672 - INFO - [overrides] applied from jit/configs/overrides.yaml: lr_scale=1.0 max_grad_norm=5.0 null_repel_weight=0.05 P_mean=0.0
2026-04-25 19:48:44,723 - INFO - [render-loss] step=159000 masked 7/16 samples (t_value < 0.40)
2026-04-25 19:50:36,879 - INFO - Step  159200 | Epoch  20 | MSE: 0.4638 | Steps/sec: 1.64 | LR: 1.64e-04 | Render_L1: 0.0247 | Alpha_L1: 0.0336 | Render_LPIPS: 0.1618 | Repel: 0.0000 | cos(c,null): +0.4895 | GradNorm: 0.2556 | MSE/t: [0.00-0.25]0.593(n=416) [0.25-0.50]0.508(n=1148) [0.50-0.75]0.410(n=1204) [0.75-1.00]0.372(n=432)
2026-04-25 19:50:37,366 - INFO - [cond] cfg_signal=0.0481 (min=0.0348 max=0.0728, n=16) | class_signal=0.0592 (min=0.0434 max=0.0765, n=16) | pred_rms=0.6296
2026-04-25 19:50:37,425 - INFO - [render-loss] step=159200 masked 6/16 samples (t_value < 0.40)
2026-04-25 19:52:29,826 - INFO - Step  159400 | Epoch  20 | MSE: 0.4634 | Steps/sec: 1.78 | LR: 1.64e-04 | Render_L1: 0.0249 | Alpha_L1: 0.0332 | Render_LPIPS: 0.1618 | Repel: 0.0000 | cos(c,null): +0.4905 | GradNorm: 0.2581 | MSE/t: [0.00-0.25]0.590(n=445) [0.25-0.50]0.500(n=1199) [0.50-0.75]0.415(n=1126) [0.75-1.00]0.357(n=430)
2026-04-25 19:52:30,302 - INFO - [cond] cfg_signal=0.0472 (min=0.0340 max=0.0648, n=16) | class_signal=0.0593 (min=0.0427 max=0.0737, n=16) | pred_rms=0.6206
2026-04-25 19:52:30,359 - INFO - [render-loss] step=159400 masked 9/16 samples (t_value < 0.40)
2026-04-25 19:54:22,116 - INFO - Step  159600 | Epoch  20 | MSE: 0.4557 | Steps/sec: 1.79 | LR: 1.64e-04 | Render_L1: 0.0249 | Alpha_L1: 0.0332 | Render_LPIPS: 0.1627 | Repel: 0.0000 | cos(c,null): +0.4926 | GradNorm: 0.2498 | MSE/t: [0.00-0.25]0.586(n=472) [0.25-0.50]0.489(n=1189) [0.50-0.75]0.405(n=1115) [0.75-1.00]0.351(n=424)
2026-04-25 19:54:22,585 - INFO - [cond] cfg_signal=0.0468 (min=0.0368 max=0.0702, n=16) | class_signal=0.0597 (min=0.0433 max=0.0722, n=16) | pred_rms=0.6214
2026-04-25 19:54:22,641 - INFO - [render-loss] step=159600 masked 8/16 samples (t_value < 0.40)
2026-04-25 19:56:14,787 - INFO - Step  159800 | Epoch  20 | MSE: 0.4633 | Steps/sec: 1.78 | LR: 1.64e-04 | Render_L1: 0.0246 | Alpha_L1: 0.0337 | Render_LPIPS: 0.1638 | Repel: 0.0000 | cos(c,null): +0.4948 | GradNorm: 0.2626 | MSE/t: [0.00-0.25]0.602(n=451) [0.25-0.50]0.510(n=1124) [0.50-0.75]0.411(n=1193) [0.75-1.00]0.341(n=432)
2026-04-25 19:56:15,245 - INFO - [cond] cfg_signal=0.0468 (min=0.0360 max=0.0644, n=16) | class_signal=0.0603 (min=0.0427 max=0.0762, n=16) | pred_rms=0.6265
2026-04-25 19:56:15,300 - INFO - [render-loss] step=159800 masked 7/16 samples (t_value < 0.40)
2026-04-25 19:58:07,225 - INFO - Step  160000 | Epoch  20 | MSE: 0.4541 | Steps/sec: 1.79 | LR: 1.64e-04 | Render_L1: 0.0248 | Alpha_L1: 0.0335 | Render_LPIPS: 0.1626 | Repel: 0.0000 | cos(c,null): +0.4940 | GradNorm: 0.3378 | MSE/t: [0.00-0.25]0.568(n=445) [0.25-0.50]0.489(n=1156) [0.50-0.75]0.411(n=1175) [0.75-1.00]0.359(n=424)
2026-04-25 19:58:07,710 - INFO - [cond] cfg_signal=0.0479 (min=0.0372 max=0.0611, n=16) | class_signal=0.0627 (min=0.0422 max=0.0825, n=16) | pred_rms=0.6229
2026-04-25 19:58:10,017 - INFO - Saved checkpoint to output/jit_JiT-B_8_from_scratch_null_repel/0160000.pt
2026-04-25 19:58:10,448 - INFO - [cond] cfg_signal=0.0479 (min=0.0372 max=0.0611, n=16) | class_signal=0.0627 (min=0.0422 max=0.0825, n=16) | pred_rms=0.6229
2026-04-25 19:58:18,654 - INFO - [validation] saved: output/jit_JiT-B_8_from_scratch_null_repel/dit_validation/epoch_020_step_0160000_class092.png (class=92, sampler=heun, steps=100)
2026-04-25 19:58:19,944 - INFO - [overrides] applied from jit/configs/overrides.yaml: lr_scale=1.0 max_grad_norm=5.0 null_repel_weight=0.05 P_mean=0.0
2026-04-25 19:58:20,019 - INFO - [render-loss] step=160000 masked 7/16 samples (t_value < 0.40)
2026-04-25 20:00:12,041 - INFO - Step  160200 | Epoch  20 | MSE: 0.4630 | Steps/sec: 1.61 | LR: 1.64e-04 | Render_L1: 0.0247 | Alpha_L1: 0.0335 | Render_LPIPS: 0.1614 | Repel: 0.0000 | cos(c,null): +0.4934 | GradNorm: 0.2727 | MSE/t: [0.00-0.25]0.596(n=429) [0.25-0.50]0.505(n=1216) [0.50-0.75]0.399(n=1137) [0.75-1.00]0.377(n=418)
2026-04-25 20:00:12,511 - INFO - [cond] cfg_signal=0.0480 (min=0.0345 max=0.0642, n=16) | class_signal=0.0632 (min=0.0426 max=0.0937, n=16) | pred_rms=0.5958
2026-04-25 20:00:12,566 - INFO - [render-loss] step=160200 masked 3/16 samples (t_value < 0.40)
2026-04-25 20:02:04,476 - INFO - Step  160400 | Epoch  20 | MSE: 0.4685 | Steps/sec: 1.79 | LR: 1.64e-04 | Render_L1: 0.0250 | Alpha_L1: 0.0340 | Render_LPIPS: 0.1648 | Repel: 0.0000 | cos(c,null): +0.4954 | GradNorm: 0.2729 | MSE/t: [0.00-0.25]0.561(n=406) [0.25-0.50]0.517(n=1176) [0.50-0.75]0.424(n=1190) [0.75-1.00]0.370(n=428)
2026-04-25 20:02:04,947 - INFO - [cond] cfg_signal=0.0474 (min=0.0323 max=0.0650, n=16) | class_signal=0.0621 (min=0.0434 max=0.0777, n=16) | pred_rms=0.6089
2026-04-25 20:02:05,008 - INFO - [render-loss] step=160400 masked 5/16 samples (t_value < 0.40)
2026-04-25 20:03:57,182 - INFO - Step  160600 | Epoch  20 | MSE: 0.4541 | Steps/sec: 1.78 | LR: 1.64e-04 | Render_L1: 0.0242 | Alpha_L1: 0.0336 | Render_LPIPS: 0.1599 | Repel: 0.0000 | cos(c,null): +0.4960 | GradNorm: 0.2640 | MSE/t: [0.00-0.25]0.574(n=437) [0.25-0.50]0.498(n=1140) [0.50-0.75]0.406(n=1155) [0.75-1.00]0.353(n=468)
2026-04-25 20:03:57,658 - INFO - [cond] cfg_signal=0.0475 (min=0.0315 max=0.0652, n=16) | class_signal=0.0620 (min=0.0405 max=0.0785, n=16) | pred_rms=0.6087
2026-04-25 20:03:57,714 - INFO - [render-loss] step=160600 masked 4/16 samples (t_value < 0.40)
2026-04-25 20:05:49,762 - INFO - Step  160800 | Epoch  20 | MSE: 0.4705 | Steps/sec: 1.78 | LR: 1.64e-04 | Render_L1: 0.0255 | Alpha_L1: 0.0341 | Render_LPIPS: 0.1656 | Repel: 0.0000 | cos(c,null): +0.4965 | GradNorm: 0.2826 | MSE/t: [0.00-0.25]0.596(n=426) [0.25-0.50]0.507(n=1114) [0.50-0.75]0.430(n=1208) [0.75-1.00]0.370(n=452)
2026-04-25 20:05:50,239 - INFO - [cond] cfg_signal=0.0473 (min=0.0354 max=0.0634, n=16) | class_signal=0.0610 (min=0.0425 max=0.0764, n=16) | pred_rms=0.6012
2026-04-25 20:05:50,295 - INFO - [render-loss] step=160800 masked 6/16 samples (t_value < 0.40)
2026-04-25 20:07:42,210 - INFO - Step  161000 | Epoch  20 | MSE: 0.4618 | Steps/sec: 1.79 | LR: 1.64e-04 | Render_L1: 0.0248 | Alpha_L1: 0.0336 | Render_LPIPS: 0.1635 | Repel: 0.0000 | cos(c,null): +0.4964 | GradNorm: 0.2761 | MSE/t: [0.00-0.25]0.594(n=464) [0.25-0.50]0.494(n=1136) [0.50-0.75]0.416(n=1157) [0.75-1.00]0.360(n=443)
2026-04-25 20:07:42,674 - INFO - [cond] cfg_signal=0.0465 (min=0.0327 max=0.0735, n=16) | class_signal=0.0596 (min=0.0416 max=0.0800, n=16) | pred_rms=0.6009
2026-04-25 20:07:51,015 - INFO - [validation] saved: output/jit_JiT-B_8_from_scratch_null_repel/dit_validation/epoch_020_step_0161000_class017.png (class=17, sampler=heun, steps=100)
2026-04-25 20:07:52,279 - INFO - [overrides] applied from jit/configs/overrides.yaml: lr_scale=1.0 max_grad_norm=5.0 null_repel_weight=0.05 P_mean=0.0
2026-04-25 20:07:52,329 - INFO - [render-loss] step=161000 masked 4/16 samples (t_value < 0.40)
2026-04-25 20:09:44,133 - INFO - Step  161200 | Epoch  20 | MSE: 0.4635 | Steps/sec: 1.65 | LR: 1.63e-04 | Render_L1: 0.0253 | Alpha_L1: 0.0347 | Render_LPIPS: 0.1643 | Repel: 0.0000 | cos(c,null): +0.4970 | GradNorm: 0.3089 | MSE/t: [0.00-0.25]0.582(n=478) [0.25-0.50]0.499(n=1142) [0.50-0.75]0.414(n=1142) [0.75-1.00]0.370(n=438)
2026-04-25 20:09:44,607 - INFO - [cond] cfg_signal=0.0479 (min=0.0338 max=0.0746, n=16) | class_signal=0.0604 (min=0.0416 max=0.0800, n=16) | pred_rms=0.6077
2026-04-25 20:09:44,662 - INFO - [render-loss] step=161200 masked 3/16 samples (t_value < 0.40)
2026-04-25 20:11:36,650 - INFO - Step  161400 | Epoch  20 | MSE: 0.4628 | Steps/sec: 1.79 | LR: 1.63e-04 | Render_L1: 0.0259 | Alpha_L1: 0.0347 | Render_LPIPS: 0.1647 | Repel: 0.0000 | cos(c,null): +0.4974 | GradNorm: 0.3494 | MSE/t: [0.00-0.25]0.571(n=395) [0.25-0.50]0.510(n=1146) [0.50-0.75]0.418(n=1218) [0.75-1.00]0.367(n=441)
2026-04-25 20:11:37,345 - INFO - [cond] cfg_signal=0.0463 (min=0.0328 max=0.0664, n=16) | class_signal=0.0599 (min=0.0400 max=0.0753, n=16) | pred_rms=0.6011
2026-04-25 20:11:37,401 - INFO - [render-loss] step=161400 masked 4/16 samples (t_value < 0.40)
2026-04-25 20:13:30,221 - INFO - Step  161600 | Epoch  20 | MSE: 0.4531 | Steps/sec: 1.77 | LR: 1.63e-04 | Render_L1: 0.0240 | Alpha_L1: 0.0330 | Render_LPIPS: 0.1596 | Repel: 0.0000 | cos(c,null): +0.4947 | GradNorm: 0.4022 | MSE/t: [0.00-0.25]0.573(n=427) [0.25-0.50]0.506(n=1154) [0.50-0.75]0.393(n=1198) [0.75-1.00]0.358(n=421)
2026-04-25 20:13:30,688 - INFO - [cond] cfg_signal=0.0485 (min=0.0351 max=0.0729, n=16) | class_signal=0.0602 (min=0.0423 max=0.0879, n=16) | pred_rms=0.5968
2026-04-25 20:13:30,743 - INFO - [render-loss] step=161600 masked 6/16 samples (t_value < 0.40)
2026-04-25 20:15:22,607 - INFO - Step  161800 | Epoch  20 | MSE: 0.4625 | Steps/sec: 1.79 | LR: 1.63e-04 | Render_L1: 0.0247 | Alpha_L1: 0.0342 | Render_LPIPS: 0.1616 | Repel: 0.0000 | cos(c,null): +0.4937 | GradNorm: 0.4957 | MSE/t: [0.00-0.25]0.575(n=451) [0.25-0.50]0.504(n=1154) [0.50-0.75]0.412(n=1168) [0.75-1.00]0.370(n=427)
2026-04-25 20:15:23,075 - INFO - [cond] cfg_signal=0.0489 (min=0.0358 max=0.0718, n=16) | class_signal=0.0592 (min=0.0441 max=0.0830, n=16) | pred_rms=0.6096
2026-04-25 20:15:23,130 - INFO - [render-loss] step=161800 masked 5/16 samples (t_value < 0.40)
2026-04-25 20:17:14,981 - INFO - Step  162000 | Epoch  20 | MSE: 0.4580 | Steps/sec: 1.79 | LR: 1.63e-04 | Render_L1: 0.0241 | Alpha_L1: 0.0323 | Render_LPIPS: 0.1598 | Repel: 0.0000 | cos(c,null): +0.4949 | GradNorm: 0.2811 | MSE/t: [0.00-0.25]0.610(n=453) [0.25-0.50]0.486(n=1170) [0.50-0.75]0.406(n=1106) [0.75-1.00]0.364(n=471)
2026-04-25 20:17:15,469 - INFO - [cond] cfg_signal=0.0483 (min=0.0344 max=0.0727, n=16) | class_signal=0.0588 (min=0.0441 max=0.0812, n=16) | pred_rms=0.5971
2026-04-25 20:17:24,295 - INFO - [validation] saved: output/jit_JiT-B_8_from_scratch_null_repel/dit_validation/epoch_020_step_0162000_class046.png (class=46, sampler=heun, steps=100)
2026-04-25 20:17:25,571 - INFO - [overrides] applied from jit/configs/overrides.yaml: lr_scale=1.0 max_grad_norm=5.0 null_repel_weight=0.05 P_mean=0.0
2026-04-25 20:17:25,620 - INFO - [render-loss] step=162000 masked 2/16 samples (t_value < 0.40)
2026-04-25 20:19:17,912 - INFO - Step  162200 | Epoch  20 | MSE: 0.4569 | Steps/sec: 1.63 | LR: 1.63e-04 | Render_L1: 0.0252 | Alpha_L1: 0.0335 | Render_LPIPS: 0.1628 | Repel: 0.0000 | cos(c,null): +0.4949 | GradNorm: 0.2945 | MSE/t: [0.00-0.25]0.580(n=451) [0.25-0.50]0.501(n=1109) [0.50-0.75]0.411(n=1192) [0.75-1.00]0.344(n=448)
2026-04-25 20:19:18,377 - INFO - [cond] cfg_signal=0.0470 (min=0.0328 max=0.0708, n=16) | class_signal=0.0575 (min=0.0435 max=0.0747, n=16) | pred_rms=0.5953
2026-04-25 20:19:18,432 - INFO - [render-loss] step=162200 masked 7/16 samples (t_value < 0.40)
2026-04-25 20:21:10,385 - INFO - Step  162400 | Epoch  20 | MSE: 0.4650 | Steps/sec: 1.79 | LR: 1.63e-04 | Render_L1: 0.0239 | Alpha_L1: 0.0329 | Render_LPIPS: 0.1604 | Repel: 0.0000 | cos(c,null): +0.4933 | GradNorm: 0.2813 | MSE/t: [0.00-0.25]0.588(n=427) [0.25-0.50]0.516(n=1168) [0.50-0.75]0.412(n=1153) [0.75-1.00]0.355(n=452)
2026-04-25 20:21:10,850 - INFO - [cond] cfg_signal=0.0484 (min=0.0347 max=0.0633, n=16) | class_signal=0.0584 (min=0.0418 max=0.0721, n=16) | pred_rms=0.5942
2026-04-25 20:21:10,906 - INFO - [render-loss] step=162400 masked 3/16 samples (t_value < 0.40)
2026-04-25 20:23:02,920 - INFO - Step  162600 | Epoch  20 | MSE: 0.4595 | Steps/sec: 1.78 | LR: 1.63e-04 | Render_L1: 0.0242 | Alpha_L1: 0.0337 | Render_LPIPS: 0.1604 | Repel: 0.0000 | cos(c,null): +0.4923 | GradNorm: 0.2975 | MSE/t: [0.00-0.25]0.583(n=410) [0.25-0.50]0.507(n=1187) [0.50-0.75]0.408(n=1161) [0.75-1.00]0.351(n=442)
2026-04-25 20:23:03,387 - INFO - [cond] cfg_signal=0.0464 (min=0.0351 max=0.0603, n=16) | class_signal=0.0562 (min=0.0404 max=0.0671, n=16) | pred_rms=0.5822
2026-04-25 20:23:03,442 - INFO - [render-loss] step=162600 masked 5/16 samples (t_value < 0.40)
2026-04-25 20:24:55,629 - INFO - Step  162800 | Epoch  20 | MSE: 0.4655 | Steps/sec: 1.78 | LR: 1.63e-04 | Render_L1: 0.0244 | Alpha_L1: 0.0325 | Render_LPIPS: 0.1617 | Repel: 0.0000 | cos(c,null): +0.4915 | GradNorm: 0.2789 | MSE/t: [0.00-0.25]0.597(n=430) [0.25-0.50]0.504(n=1160) [0.50-0.75]0.409(n=1161) [0.75-1.00]0.386(n=449)
2026-04-25 20:24:56,092 - INFO - [cond] cfg_signal=0.0471 (min=0.0312 max=0.0606, n=16) | class_signal=0.0569 (min=0.0402 max=0.0699, n=16) | pred_rms=0.5839
2026-04-25 20:24:56,148 - INFO - [render-loss] step=162800 masked 8/16 samples (t_value < 0.40)
2026-04-25 20:26:48,775 - INFO - Step  163000 | Epoch  20 | MSE: 0.4591 | Steps/sec: 1.77 | LR: 1.63e-04 | Render_L1: 0.0247 | Alpha_L1: 0.0332 | Render_LPIPS: 0.1601 | Repel: 0.0000 | cos(c,null): +0.4891 | GradNorm: 0.3038 | MSE/t: [0.00-0.25]0.553(n=423) [0.25-0.50]0.502(n=1192) [0.50-0.75]0.413(n=1116) [0.75-1.00]0.374(n=469)
2026-04-25 20:26:49,239 - INFO - [cond] cfg_signal=0.0464 (min=0.0312 max=0.0682, n=16) | class_signal=0.0553 (min=0.0397 max=0.0666, n=16) | pred_rms=0.5748
2026-04-25 20:26:57,233 - INFO - [validation] saved: output/jit_JiT-B_8_from_scratch_null_repel/dit_validation/epoch_020_step_0163000_class028.png (class=28, sampler=heun, steps=100)
2026-04-25 20:26:58,508 - INFO - [overrides] applied from jit/configs/overrides.yaml: lr_scale=1.0 max_grad_norm=5.0 null_repel_weight=0.05 P_mean=0.0
2026-04-25 20:26:58,555 - INFO - [render-loss] step=163000 masked 9/16 samples (t_value < 0.40)
2026-04-25 20:28:50,638 - INFO - Step  163200 | Epoch  20 | MSE: 0.4575 | Steps/sec: 1.65 | LR: 1.63e-04 | Render_L1: 0.0257 | Alpha_L1: 0.0345 | Render_LPIPS: 0.1635 | Repel: 0.0000 | cos(c,null): +0.4892 | GradNorm: 0.3397 | MSE/t: [0.00-0.25]0.572(n=439) [0.25-0.50]0.488(n=1205) [0.50-0.75]0.412(n=1121) [0.75-1.00]0.375(n=435)
2026-04-25 20:28:51,142 - INFO - [cond] cfg_signal=0.0466 (min=0.0332 max=0.0622, n=16) | class_signal=0.0559 (min=0.0429 max=0.0669, n=16) | pred_rms=0.5899
2026-04-25 20:28:51,197 - INFO - [render-loss] step=163200 masked 4/16 samples (t_value < 0.40)
2026-04-25 20:30:43,260 - INFO - Step  163400 | Epoch  20 | MSE: 0.4641 | Steps/sec: 1.78 | LR: 1.63e-04 | Render_L1: 0.0249 | Alpha_L1: 0.0329 | Render_LPIPS: 0.1629 | Repel: 0.0000 | cos(c,null): +0.4890 | GradNorm: 0.2958 | MSE/t: [0.00-0.25]0.568(n=401) [0.25-0.50]0.510(n=1212) [0.50-0.75]0.414(n=1144) [0.75-1.00]0.374(n=443)
2026-04-25 20:30:43,737 - INFO - [cond] cfg_signal=0.0462 (min=0.0327 max=0.0612, n=16) | class_signal=0.0547 (min=0.0403 max=0.0687, n=16) | pred_rms=0.6006
2026-04-25 20:30:43,794 - INFO - [render-loss] step=163400 masked 4/16 samples (t_value < 0.40)
2026-04-25 20:32:35,791 - INFO - Step  163600 | Epoch  20 | MSE: 0.4634 | Steps/sec: 1.78 | LR: 1.62e-04 | Render_L1: 0.0250 | Alpha_L1: 0.0334 | Render_LPIPS: 0.1633 | Repel: 0.0000 | cos(c,null): +0.4916 | GradNorm: 0.3040 | MSE/t: [0.00-0.25]0.573(n=422) [0.25-0.50]0.507(n=1153) [0.50-0.75]0.415(n=1226) [0.75-1.00]0.370(n=399)
2026-04-25 20:32:36,258 - INFO - [cond] cfg_signal=0.0480 (min=0.0339 max=0.0703, n=16) | class_signal=0.0576 (min=0.0439 max=0.0681, n=16) | pred_rms=0.6085
2026-04-25 20:32:36,313 - INFO - [render-loss] step=163600 masked 3/16 samples (t_value < 0.40)
2026-04-25 20:34:28,345 - INFO - Step  163800 | Epoch  20 | MSE: 0.4663 | Steps/sec: 1.78 | LR: 1.62e-04 | Render_L1: 0.0245 | Alpha_L1: 0.0345 | Render_LPIPS: 0.1628 | Repel: 0.0000 | cos(c,null): +0.4907 | GradNorm: 4.9349 | MSE/t: [0.00-0.25]0.559(n=443) [0.25-0.50]0.523(n=1169) [0.50-0.75]0.419(n=1161) [0.75-1.00]0.342(n=427)
2026-04-25 20:34:28,809 - INFO - [cond] cfg_signal=0.0483 (min=0.0310 max=0.0765, n=16) | class_signal=0.0557 (min=0.0426 max=0.0692, n=16) | pred_rms=0.5849
2026-04-25 20:34:28,864 - INFO - [render-loss] step=163800 masked 3/16 samples (t_value < 0.40)
2026-04-25 20:36:20,825 - INFO - Step  164000 | Epoch  20 | MSE: 0.4623 | Steps/sec: 1.79 | LR: 1.62e-04 | Render_L1: 0.0246 | Alpha_L1: 0.0330 | Render_LPIPS: 0.1610 | Repel: 0.0000 | cos(c,null): +0.4877 | GradNorm: 0.2920 | MSE/t: [0.00-0.25]0.616(n=435) [0.25-0.50]0.500(n=1206) [0.50-0.75]0.411(n=1123) [0.75-1.00]0.335(n=436)
2026-04-25 20:36:21,300 - INFO - [cond] cfg_signal=0.0503 (min=0.0343 max=0.0831, n=16) | class_signal=0.0574 (min=0.0441 max=0.0694, n=16) | pred_rms=0.5944
2026-04-25 20:36:29,322 - INFO - [validation] saved: output/jit_JiT-B_8_from_scratch_null_repel/dit_validation/epoch_020_step_0164000_class097.png (class=97, sampler=heun, steps=100)
2026-04-25 20:36:30,552 - INFO - [overrides] applied from jit/configs/overrides.yaml: lr_scale=1.0 max_grad_norm=5.0 null_repel_weight=0.05 P_mean=0.0
2026-04-25 20:36:30,602 - INFO - [render-loss] step=164000 masked 8/16 samples (t_value < 0.40)
2026-04-25 20:38:22,517 - INFO - Step  164200 | Epoch  20 | MSE: 0.4618 | Steps/sec: 1.65 | LR: 1.62e-04 | Render_L1: 0.0244 | Alpha_L1: 0.0336 | Render_LPIPS: 0.1622 | Repel: 0.0000 | cos(c,null): +0.4869 | GradNorm: 0.3217 | MSE/t: [0.00-0.25]0.600(n=427) [0.25-0.50]0.497(n=1185) [0.50-0.75]0.405(n=1167) [0.75-1.00]0.380(n=421)
2026-04-25 20:38:22,978 - INFO - [cond] cfg_signal=0.0477 (min=0.0316 max=0.0746, n=16) | class_signal=0.0574 (min=0.0419 max=0.0680, n=16) | pred_rms=0.5899
2026-04-25 20:38:23,037 - INFO - [render-loss] step=164200 masked 5/16 samples (t_value < 0.40)
2026-04-25 20:40:15,731 - INFO - Step  164400 | Epoch  20 | MSE: 0.4566 | Steps/sec: 1.77 | LR: 1.62e-04 | Render_L1: 0.0242 | Alpha_L1: 0.0325 | Render_LPIPS: 0.1592 | Repel: 0.0000 | cos(c,null): +0.4874 | GradNorm: 0.2999 | MSE/t: [0.00-0.25]0.551(n=442) [0.25-0.50]0.507(n=1179) [0.50-0.75]0.403(n=1155) [0.75-1.00]0.364(n=424)
2026-04-25 20:40:16,224 - INFO - [cond] cfg_signal=0.0479 (min=0.0323 max=0.0705, n=16) | class_signal=0.0586 (min=0.0443 max=0.0741, n=16) | pred_rms=0.5948
2026-04-25 20:40:16,279 - INFO - [render-loss] step=164400 masked 2/16 samples (t_value < 0.40)
2026-04-25 20:42:08,035 - INFO - Step  164600 | Epoch  20 | MSE: 0.4573 | Steps/sec: 1.79 | LR: 1.62e-04 | Render_L1: 0.0241 | Alpha_L1: 0.0332 | Render_LPIPS: 0.1607 | Repel: 0.0000 | cos(c,null): +0.4887 | GradNorm: 0.3000 | MSE/t: [0.00-0.25]0.580(n=429) [0.25-0.50]0.499(n=1212) [0.50-0.75]0.398(n=1099) [0.75-1.00]0.374(n=460)
2026-04-25 20:42:08,502 - INFO - [cond] cfg_signal=0.0469 (min=0.0339 max=0.0666, n=16) | class_signal=0.0584 (min=0.0429 max=0.0731, n=16) | pred_rms=0.5948
2026-04-25 20:42:08,557 - INFO - [render-loss] step=164600 masked 5/16 samples (t_value < 0.40)
2026-04-25 20:44:00,446 - INFO - Step  164800 | Epoch  20 | MSE: 0.4600 | Steps/sec: 1.79 | LR: 1.62e-04 | Render_L1: 0.0247 | Alpha_L1: 0.0332 | Render_LPIPS: 0.1613 | Repel: 0.0000 | cos(c,null): +0.4883 | GradNorm: 0.3185 | MSE/t: [0.00-0.25]0.581(n=423) [0.25-0.50]0.502(n=1219) [0.50-0.75]0.407(n=1143) [0.75-1.00]0.358(n=415)
2026-04-25 20:44:00,926 - INFO - [cond] cfg_signal=0.0486 (min=0.0330 max=0.0749, n=16) | class_signal=0.0599 (min=0.0452 max=0.0746, n=16) | pred_rms=0.5901
2026-04-25 20:44:00,981 - INFO - [render-loss] step=164800 masked 3/16 samples (t_value < 0.40)
2026-04-25 20:45:53,386 - INFO - Step  165000 | Epoch  20 | MSE: 0.4728 | Steps/sec: 1.78 | LR: 1.62e-04 | Render_L1: 0.0249 | Alpha_L1: 0.0336 | Render_LPIPS: 0.1637 | Repel: 0.0000 | cos(c,null): +0.4893 | GradNorm: 0.3149 | MSE/t: [0.00-0.25]0.573(n=395) [0.25-0.50]0.524(n=1181) [0.50-0.75]0.418(n=1217) [0.75-1.00]0.389(n=407)
2026-04-25 20:45:53,882 - INFO - [cond] cfg_signal=0.0478 (min=0.0361 max=0.0657, n=16) | class_signal=0.0604 (min=0.0450 max=0.0758, n=16) | pred_rms=0.5960
2026-04-25 20:46:02,259 - INFO - [validation] saved: output/jit_JiT-B_8_from_scratch_null_repel/dit_validation/epoch_020_step_0165000_class017.png (class=17, sampler=heun, steps=100)
2026-04-25 20:46:03,499 - INFO - [overrides] applied from jit/configs/overrides.yaml: lr_scale=1.0 max_grad_norm=5.0 null_repel_weight=0.05 P_mean=0.0
2026-04-25 20:46:03,548 - INFO - [render-loss] step=165000 masked 4/16 samples (t_value < 0.40)
2026-04-25 20:47:55,548 - INFO - Step  165200 | Epoch  20 | MSE: 0.4731 | Steps/sec: 1.64 | LR: 1.62e-04 | Render_L1: 0.0243 | Alpha_L1: 0.0323 | Render_LPIPS: 0.1613 | Repel: 0.0000 | cos(c,null): +0.4874 | GradNorm: 0.3220 | MSE/t: [0.00-0.25]0.584(n=407) [0.25-0.50]0.525(n=1227) [0.50-0.75]0.415(n=1127) [0.75-1.00]0.375(n=439)
2026-04-25 20:47:56,012 - INFO - [cond] cfg_signal=0.0466 (min=0.0333 max=0.0682, n=16) | class_signal=0.0578 (min=0.0442 max=0.0737, n=16) | pred_rms=0.5905
2026-04-25 20:47:56,067 - INFO - [render-loss] step=165200 masked 4/16 samples (t_value < 0.40)
2026-04-25 20:49:47,866 - INFO - Step  165400 | Epoch  20 | MSE: 0.4625 | Steps/sec: 1.79 | LR: 1.62e-04 | Render_L1: 0.0242 | Alpha_L1: 0.0325 | Render_LPIPS: 0.1597 | Repel: 0.0000 | cos(c,null): +0.4886 | GradNorm: 0.3264 | MSE/t: [0.00-0.25]0.569(n=423) [0.25-0.50]0.510(n=1164) [0.50-0.75]0.407(n=1173) [0.75-1.00]0.384(n=440)
2026-04-25 20:49:48,332 - INFO - [cond] cfg_signal=0.0474 (min=0.0346 max=0.0711, n=16) | class_signal=0.0597 (min=0.0454 max=0.0769, n=16) | pred_rms=0.6017
2026-04-25 20:49:48,387 - INFO - [render-loss] step=165400 masked 3/16 samples (t_value < 0.40)
2026-04-25 20:51:40,297 - INFO - Step  165600 | Epoch  20 | MSE: 0.4625 | Steps/sec: 1.79 | LR: 1.62e-04 | Render_L1: 0.0244 | Alpha_L1: 0.0332 | Render_LPIPS: 0.1612 | Repel: 0.0000 | cos(c,null): +0.4895 | GradNorm: 0.3258 | MSE/t: [0.00-0.25]0.575(n=417) [0.25-0.50]0.504(n=1192) [0.50-0.75]0.410(n=1152) [0.75-1.00]0.382(n=439)
2026-04-25 20:51:40,811 - INFO - [cond] cfg_signal=0.0461 (min=0.0330 max=0.0760, n=16) | class_signal=0.0554 (min=0.0431 max=0.0703, n=16) | pred_rms=0.5751
2026-04-25 20:51:40,873 - INFO - [render-loss] step=165600 masked 9/16 samples (t_value < 0.40)
2026-04-25 20:53:33,010 - INFO - Step  165800 | Epoch  20 | MSE: 0.4702 | Steps/sec: 1.78 | LR: 1.61e-04 | Render_L1: 0.0253 | Alpha_L1: 0.0346 | Render_LPIPS: 0.1627 | Repel: 0.0000 | cos(c,null): +0.4892 | GradNorm: 0.3483 | MSE/t: [0.00-0.25]0.587(n=475) [0.25-0.50]0.507(n=1174) [0.50-0.75]0.421(n=1112) [0.75-1.00]0.372(n=439)
2026-04-25 20:53:33,501 - INFO - [cond] cfg_signal=0.0466 (min=0.0354 max=0.0703, n=16) | class_signal=0.0579 (min=0.0457 max=0.0686, n=16) | pred_rms=0.5945
2026-04-25 20:53:33,561 - INFO - [render-loss] step=165800 masked 5/16 samples (t_value < 0.40)
2026-04-25 20:55:25,759 - INFO - Step  166000 | Epoch  20 | MSE: 0.4628 | Steps/sec: 1.78 | LR: 1.61e-04 | Render_L1: 0.0249 | Alpha_L1: 0.0336 | Render_LPIPS: 0.1628 | Repel: 0.0000 | cos(c,null): +0.4895 | GradNorm: 0.3140 | MSE/t: [0.00-0.25]0.592(n=456) [0.25-0.50]0.501(n=1134) [0.50-0.75]0.410(n=1202) [0.75-1.00]0.369(n=408)
2026-04-25 20:55:26,235 - INFO - [cond] cfg_signal=0.0470 (min=0.0346 max=0.0726, n=16) | class_signal=0.0584 (min=0.0433 max=0.0719, n=16) | pred_rms=0.5848
2026-04-25 20:55:34,229 - INFO - [validation] saved: output/jit_JiT-B_8_from_scratch_null_repel/dit_validation/epoch_020_step_0166000_class101.png (class=101, sampler=heun, steps=100)
2026-04-25 20:55:35,457 - INFO - [overrides] applied from jit/configs/overrides.yaml: lr_scale=1.0 max_grad_norm=5.0 null_repel_weight=0.05 P_mean=0.0
2026-04-25 20:55:35,506 - INFO - [render-loss] step=166000 masked 6/16 samples (t_value < 0.40)
2026-04-25 20:57:27,748 - INFO - Step  166200 | Epoch  20 | MSE: 0.4684 | Steps/sec: 1.65 | LR: 1.61e-04 | Render_L1: 0.0242 | Alpha_L1: 0.0331 | Render_LPIPS: 0.1619 | Repel: 0.0000 | cos(c,null): +0.4882 | GradNorm: 0.3145 | MSE/t: [0.00-0.25]0.602(n=453) [0.25-0.50]0.528(n=1132) [0.50-0.75]0.408(n=1146) [0.75-1.00]0.345(n=469)
2026-04-25 20:57:28,217 - INFO - [cond] cfg_signal=0.0456 (min=0.0334 max=0.0673, n=16) | class_signal=0.0577 (min=0.0431 max=0.0698, n=16) | pred_rms=0.5783
2026-04-25 20:57:28,272 - INFO - [render-loss] step=166200 masked 6/16 samples (t_value < 0.40)
2026-04-25 20:59:20,790 - INFO - Step  166400 | Epoch  20 | MSE: 0.4613 | Steps/sec: 1.78 | LR: 1.61e-04 | Render_L1: 0.0247 | Alpha_L1: 0.0328 | Render_LPIPS: 0.1619 | Repel: 0.0000 | cos(c,null): +0.4893 | GradNorm: 0.3278 | MSE/t: [0.00-0.25]0.566(n=444) [0.25-0.50]0.509(n=1157) [0.50-0.75]0.413(n=1178) [0.75-1.00]0.358(n=421)
2026-04-25 20:59:21,311 - INFO - [cond] cfg_signal=0.0477 (min=0.0361 max=0.0732, n=16) | class_signal=0.0582 (min=0.0417 max=0.0731, n=16) | pred_rms=0.6052
2026-04-25 20:59:21,370 - INFO - [render-loss] step=166400 masked 6/16 samples (t_value < 0.40)
2026-04-25 21:01:13,591 - INFO - Step  166600 | Epoch  20 | MSE: 0.4677 | Steps/sec: 1.78 | LR: 1.61e-04 | Render_L1: 0.0239 | Alpha_L1: 0.0323 | Render_LPIPS: 0.1598 | Repel: 0.0000 | cos(c,null): +0.4894 | GradNorm: 0.3270 | MSE/t: [0.00-0.25]0.587(n=446) [0.25-0.50]0.509(n=1160) [0.50-0.75]0.412(n=1171) [0.75-1.00]0.383(n=423)
2026-04-25 21:01:14,118 - INFO - [cond] cfg_signal=0.0460 (min=0.0346 max=0.0641, n=16) | class_signal=0.0578 (min=0.0418 max=0.0716, n=16) | pred_rms=0.6011
2026-04-25 21:01:14,176 - INFO - [render-loss] step=166600 masked 5/16 samples (t_value < 0.40)
2026-04-25 21:03:06,228 - INFO - Step  166800 | Epoch  20 | MSE: 0.4564 | Steps/sec: 1.78 | LR: 1.61e-04 | Render_L1: 0.0244 | Alpha_L1: 0.0333 | Render_LPIPS: 0.1622 | Repel: 0.0000 | cos(c,null): +0.4891 | GradNorm: 0.3273 | MSE/t: [0.00-0.25]0.559(n=426) [0.25-0.50]0.485(n=1134) [0.50-0.75]0.423(n=1210) [0.75-1.00]0.373(n=430)
2026-04-25 21:03:06,699 - INFO - [cond] cfg_signal=0.0479 (min=0.0349 max=0.0699, n=16) | class_signal=0.0600 (min=0.0437 max=0.0701, n=16) | pred_rms=0.5962
2026-04-25 21:03:06,753 - INFO - [render-loss] step=166800 masked 4/16 samples (t_value < 0.40)
2026-04-25 21:05:00,010 - INFO - Step  167000 | Epoch  21 | MSE: 0.4642 | Steps/sec: 1.77 | LR: 1.61e-04 | Render_L1: 0.0243 | Alpha_L1: 0.0333 | Render_LPIPS: 0.1593 | Repel: 0.0000 | cos(c,null): +0.4893 | GradNorm: 67.9573 | MSE/t: [0.00-0.25]0.593(n=448) [0.25-0.50]0.496(n=1242) [0.50-0.75]0.414(n=1118) [0.75-1.00]0.360(n=392)
2026-04-25 21:05:00,467 - INFO - [cond] cfg_signal=0.0471 (min=0.0364 max=0.0700, n=16) | class_signal=0.0597 (min=0.0446 max=0.0736, n=16) | pred_rms=0.5959
2026-04-25 21:05:08,475 - INFO - [validation] saved: output/jit_JiT-B_8_from_scratch_null_repel/dit_validation/epoch_021_step_0167000_class041.png (class=41, sampler=heun, steps=100)
2026-04-25 21:05:09,906 - INFO - [overrides] applied from jit/configs/overrides.yaml: lr_scale=1.0 max_grad_norm=5.0 null_repel_weight=0.05 P_mean=0.0
2026-04-25 21:05:09,956 - INFO - [render-loss] step=167000 masked 1/16 samples (t_value < 0.40)
2026-04-25 21:07:02,418 - INFO - Step  167200 | Epoch  21 | MSE: 0.4642 | Steps/sec: 1.64 | LR: 1.61e-04 | Render_L1: 0.0246 | Alpha_L1: 0.0331 | Render_LPIPS: 0.1608 | Repel: 0.0000 | cos(c,null): +0.4902 | GradNorm: 0.3359 | MSE/t: [0.00-0.25]0.591(n=425) [0.25-0.50]0.515(n=1144) [0.50-0.75]0.415(n=1204) [0.75-1.00]0.339(n=427)
2026-04-25 21:07:02,910 - INFO - [cond] cfg_signal=0.0482 (min=0.0364 max=0.0710, n=16) | class_signal=0.0612 (min=0.0445 max=0.0714, n=16) | pred_rms=0.5935
2026-04-25 21:07:02,969 - INFO - [render-loss] step=167200 masked 5/16 samples (t_value < 0.40)
2026-04-25 21:08:54,842 - INFO - Step  167400 | Epoch  21 | MSE: 0.4582 | Steps/sec: 1.79 | LR: 1.61e-04 | Render_L1: 0.0246 | Alpha_L1: 0.0329 | Render_LPIPS: 0.1602 | Repel: 0.0000 | cos(c,null): +0.4909 | GradNorm: 0.3480 | MSE/t: [0.00-0.25]0.588(n=470) [0.25-0.50]0.486(n=1127) [0.50-0.75]0.410(n=1150) [0.75-1.00]0.378(n=453)
2026-04-25 21:08:55,312 - INFO - [cond] cfg_signal=0.0470 (min=0.0359 max=0.0678, n=16) | class_signal=0.0601 (min=0.0442 max=0.0734, n=16) | pred_rms=0.5891
2026-04-25 21:08:55,367 - INFO - [render-loss] step=167400 masked 8/16 samples (t_value < 0.40)
2026-04-25 21:10:47,253 - INFO - Step  167600 | Epoch  21 | MSE: 0.4597 | Steps/sec: 1.79 | LR: 1.61e-04 | Render_L1: 0.0242 | Alpha_L1: 0.0335 | Render_LPIPS: 0.1607 | Repel: 0.0000 | cos(c,null): +0.4889 | GradNorm: 0.3256 | MSE/t: [0.00-0.25]0.588(n=441) [0.25-0.50]0.500(n=1127) [0.50-0.75]0.413(n=1167) [0.75-1.00]0.356(n=465)
2026-04-25 21:10:47,725 - INFO - [cond] cfg_signal=0.0515 (min=0.0400 max=0.0759, n=16) | class_signal=0.0640 (min=0.0483 max=0.0779, n=16) | pred_rms=0.6125
2026-04-25 21:10:47,778 - INFO - [render-loss] step=167600 masked 5/16 samples (t_value < 0.40)
2026-04-25 21:12:39,709 - INFO - Step  167800 | Epoch  21 | MSE: 0.4713 | Steps/sec: 1.79 | LR: 1.61e-04 | Render_L1: 0.0245 | Alpha_L1: 0.0328 | Render_LPIPS: 0.1609 | Repel: 0.0000 | cos(c,null): +0.4880 | GradNorm: 0.3445 | MSE/t: [0.00-0.25]0.618(n=417) [0.25-0.50]0.510(n=1219) [0.50-0.75]0.412(n=1146) [0.75-1.00]0.375(n=418)
2026-04-25 21:12:40,170 - INFO - [cond] cfg_signal=0.0519 (min=0.0367 max=0.0809, n=16) | class_signal=0.0648 (min=0.0483 max=0.0801, n=16) | pred_rms=0.5906
2026-04-25 21:12:40,225 - INFO - [render-loss] step=167800 masked 3/16 samples (t_value < 0.40)
2026-04-25 21:14:32,215 - INFO - Step  168000 | Epoch  21 | MSE: 0.4655 | Steps/sec: 1.79 | LR: 1.61e-04 | Render_L1: 0.0243 | Alpha_L1: 0.0320 | Render_LPIPS: 0.1616 | Repel: 0.0000 | cos(c,null): +0.4883 | GradNorm: 0.3248 | MSE/t: [0.00-0.25]0.596(n=412) [0.25-0.50]0.504(n=1186) [0.50-0.75]0.417(n=1160) [0.75-1.00]0.367(n=442)
2026-04-25 21:14:32,678 - INFO - [cond] cfg_signal=0.0499 (min=0.0386 max=0.0752, n=16) | class_signal=0.0630 (min=0.0451 max=0.0776, n=16) | pred_rms=0.5929
2026-04-25 21:14:40,950 - INFO - [validation] saved: output/jit_JiT-B_8_from_scratch_null_repel/dit_validation/epoch_021_step_0168000_class072.png (class=72, sampler=heun, steps=100)
2026-04-25 21:14:42,240 - INFO - [overrides] applied from jit/configs/overrides.yaml: lr_scale=1.0 max_grad_norm=5.0 null_repel_weight=0.05 P_mean=0.0
2026-04-25 21:14:42,315 - INFO - [render-loss] step=168000 masked 5/16 samples (t_value < 0.40)
2026-04-25 21:16:34,018 - INFO - Step  168200 | Epoch  21 | MSE: 0.4605 | Steps/sec: 1.65 | LR: 1.60e-04 | Render_L1: 0.0244 | Alpha_L1: 0.0333 | Render_LPIPS: 0.1611 | Repel: 0.0000 | cos(c,null): +0.4895 | GradNorm: 0.3404 | MSE/t: [0.00-0.25]0.597(n=437) [0.25-0.50]0.492(n=1154) [0.50-0.75]0.418(n=1187) [0.75-1.00]0.353(n=422)
2026-04-25 21:16:34,497 - INFO - [cond] cfg_signal=0.0479 (min=0.0363 max=0.0719, n=16) | class_signal=0.0601 (min=0.0464 max=0.0731, n=16) | pred_rms=0.5748
2026-04-25 21:16:34,551 - INFO - [render-loss] step=168200 masked 10/16 samples (t_value < 0.40)
2026-04-25 21:18:26,307 - INFO - Step  168400 | Epoch  21 | MSE: 0.4594 | Steps/sec: 1.79 | LR: 1.60e-04 | Render_L1: 0.0239 | Alpha_L1: 0.0317 | Render_LPIPS: 0.1593 | Repel: 0.0000 | cos(c,null): +0.4902 | GradNorm: 0.3795 | MSE/t: [0.00-0.25]0.575(n=456) [0.25-0.50]0.511(n=1143) [0.50-0.75]0.406(n=1174) [0.75-1.00]0.342(n=427)
2026-04-25 21:18:26,775 - INFO - [cond] cfg_signal=0.0474 (min=0.0370 max=0.0677, n=16) | class_signal=0.0593 (min=0.0480 max=0.0711, n=16) | pred_rms=0.5688
2026-04-25 21:18:26,829 - INFO - [render-loss] step=168400 masked 5/16 samples (t_value < 0.40)
2026-04-25 21:20:19,072 - INFO - Step  168600 | Epoch  21 | MSE: 0.4704 | Steps/sec: 1.78 | LR: 1.60e-04 | Render_L1: 0.0253 | Alpha_L1: 0.0336 | Render_LPIPS: 0.1641 | Repel: 0.0000 | cos(c,null): +0.4900 | GradNorm: 0.3772 | MSE/t: [0.00-0.25]0.594(n=432) [0.25-0.50]0.514(n=1203) [0.50-0.75]0.410(n=1163) [0.75-1.00]0.380(n=402)
2026-04-25 21:20:19,561 - INFO - [cond] cfg_signal=0.0501 (min=0.0387 max=0.0754, n=16) | class_signal=0.0631 (min=0.0482 max=0.0850, n=16) | pred_rms=0.6037
2026-04-25 21:20:19,618 - INFO - [render-loss] step=168600 masked 12/16 samples (t_value < 0.40)
2026-04-25 21:22:11,461 - INFO - Step  168800 | Epoch  21 | MSE: 0.4648 | Steps/sec: 1.79 | LR: 1.60e-04 | Render_L1: 0.0244 | Alpha_L1: 0.0328 | Render_LPIPS: 0.1601 | Repel: 0.0000 | cos(c,null): +0.4915 | GradNorm: 0.3638 | MSE/t: [0.00-0.25]0.569(n=430) [0.25-0.50]0.513(n=1177) [0.50-0.75]0.407(n=1173) [0.75-1.00]0.387(n=420)
2026-04-25 21:22:11,928 - INFO - [cond] cfg_signal=0.0499 (min=0.0373 max=0.0699, n=16) | class_signal=0.0617 (min=0.0475 max=0.0739, n=16) | pred_rms=0.5979
2026-04-25 21:22:11,983 - INFO - [render-loss] step=168800 masked 2/16 samples (t_value < 0.40)
2026-04-25 21:24:03,575 - INFO - Step  169000 | Epoch  21 | MSE: 0.4575 | Steps/sec: 1.79 | LR: 1.60e-04 | Render_L1: 0.0243 | Alpha_L1: 0.0322 | Render_LPIPS: 0.1568 | Repel: 0.0000 | cos(c,null): +0.4925 | GradNorm: 0.3606 | MSE/t: [0.00-0.25]0.583(n=407) [0.25-0.50]0.507(n=1168) [0.50-0.75]0.402(n=1188) [0.75-1.00]0.361(n=437)
2026-04-25 21:24:04,035 - INFO - [cond] cfg_signal=0.0478 (min=0.0349 max=0.0663, n=16) | class_signal=0.0596 (min=0.0501 max=0.0711, n=16) | pred_rms=0.5852
2026-04-25 21:24:11,995 - INFO - [validation] saved: output/jit_JiT-B_8_from_scratch_null_repel/dit_validation/epoch_021_step_0169000_class003.png (class=3, sampler=heun, steps=100)
2026-04-25 21:24:13,243 - INFO - [overrides] applied from jit/configs/overrides.yaml: lr_scale=1.0 max_grad_norm=5.0 null_repel_weight=0.05 P_mean=0.0
2026-04-25 21:24:13,291 - INFO - [render-loss] step=169000 masked 3/16 samples (t_value < 0.40)
2026-04-25 21:26:05,287 - INFO - Step  169200 | Epoch  21 | MSE: 0.4630 | Steps/sec: 1.65 | LR: 1.60e-04 | Render_L1: 0.0239 | Alpha_L1: 0.0321 | Render_LPIPS: 0.1569 | Repel: 0.0000 | cos(c,null): +0.4925 | GradNorm: 0.3593 | MSE/t: [0.00-0.25]0.577(n=446) [0.25-0.50]0.506(n=1167) [0.50-0.75]0.415(n=1152) [0.75-1.00]0.358(n=435)
2026-04-25 21:26:05,789 - INFO - [cond] cfg_signal=0.0457 (min=0.0348 max=0.0568, n=16) | class_signal=0.0572 (min=0.0472 max=0.0659, n=16) | pred_rms=0.5790
2026-04-25 21:26:05,847 - INFO - [render-loss] step=169200 masked 6/16 samples (t_value < 0.40)
2026-04-25 21:27:58,055 - INFO - Step  169400 | Epoch  21 | MSE: 0.4632 | Steps/sec: 1.78 | LR: 1.60e-04 | Render_L1: 0.0238 | Alpha_L1: 0.0319 | Render_LPIPS: 0.1578 | Repel: 0.0000 | cos(c,null): +0.4949 | GradNorm: 0.3719 | MSE/t: [0.00-0.25]0.613(n=469) [0.25-0.50]0.497(n=1137) [0.50-0.75]0.407(n=1187) [0.75-1.00]0.360(n=407)
2026-04-25 21:27:58,533 - INFO - [cond] cfg_signal=0.0477 (min=0.0365 max=0.0662, n=16) | class_signal=0.0611 (min=0.0480 max=0.0732, n=16) | pred_rms=0.5855
2026-04-25 21:27:58,589 - INFO - [render-loss] step=169400 masked 5/16 samples (t_value < 0.40)
2026-04-25 21:29:50,410 - INFO - Step  169600 | Epoch  21 | MSE: 0.4623 | Steps/sec: 1.79 | LR: 1.60e-04 | Render_L1: 0.0236 | Alpha_L1: 0.0327 | Render_LPIPS: 0.1577 | Repel: 0.0000 | cos(c,null): +0.4943 | GradNorm: 0.3561 | MSE/t: [0.00-0.25]0.617(n=444) [0.25-0.50]0.495(n=1187) [0.50-0.75]0.414(n=1164) [0.75-1.00]0.337(n=405)
2026-04-25 21:29:50,883 - INFO - [cond] cfg_signal=0.0492 (min=0.0378 max=0.0733, n=16) | class_signal=0.0626 (min=0.0499 max=0.0789, n=16) | pred_rms=0.6036
2026-04-25 21:29:50,938 - INFO - [render-loss] step=169600 masked 5/16 samples (t_value < 0.40)
2026-04-25 21:31:42,543 - INFO - Step  169800 | Epoch  21 | MSE: 0.4636 | Steps/sec: 1.79 | LR: 1.60e-04 | Render_L1: 0.0235 | Alpha_L1: 0.0324 | Render_LPIPS: 0.1584 | Repel: 0.0000 | cos(c,null): +0.4935 | GradNorm: 0.3598 | MSE/t: [0.00-0.25]0.588(n=410) [0.25-0.50]0.504(n=1150) [0.50-0.75]0.419(n=1209) [0.75-1.00]0.364(n=431)
2026-04-25 21:31:43,012 - INFO - [cond] cfg_signal=0.0468 (min=0.0356 max=0.0687, n=16) | class_signal=0.0595 (min=0.0490 max=0.0760, n=16) | pred_rms=0.6070
2026-04-25 21:31:43,066 - INFO - [render-loss] step=169800 masked 9/16 samples (t_value < 0.40)
2026-04-25 21:33:35,540 - INFO - Step  170000 | Epoch  21 | MSE: 0.4601 | Steps/sec: 1.78 | LR: 1.60e-04 | Render_L1: 0.0244 | Alpha_L1: 0.0329 | Render_LPIPS: 0.1606 | Repel: 0.0000 | cos(c,null): +0.4943 | GradNorm: 0.3548 | MSE/t: [0.00-0.25]0.567(n=445) [0.25-0.50]0.501(n=1177) [0.50-0.75]0.413(n=1127) [0.75-1.00]0.367(n=451)
2026-04-25 21:33:35,995 - INFO - [cond] cfg_signal=0.0468 (min=0.0357 max=0.0698, n=16) | class_signal=0.0613 (min=0.0478 max=0.0782, n=16) | pred_rms=0.5965
2026-04-25 21:33:44,032 - INFO - [validation] saved: output/jit_JiT-B_8_from_scratch_null_repel/dit_validation/epoch_021_step_0170000_class039.png (class=39, sampler=heun, steps=100)
2026-04-25 21:33:45,311 - INFO - [overrides] applied from jit/configs/overrides.yaml: lr_scale=1.0 max_grad_norm=5.0 null_repel_weight=0.05 P_mean=0.0
2026-04-25 21:33:45,361 - INFO - [render-loss] step=170000 masked 6/16 samples (t_value < 0.40)
2026-04-25 21:35:37,591 - INFO - Step  170200 | Epoch  21 | MSE: 0.4670 | Steps/sec: 1.64 | LR: 1.60e-04 | Render_L1: 0.0243 | Alpha_L1: 0.0316 | Render_LPIPS: 0.1604 | Repel: 0.0000 | cos(c,null): +0.4923 | GradNorm: 0.3658 | MSE/t: [0.00-0.25]0.602(n=426) [0.25-0.50]0.512(n=1171) [0.50-0.75]0.412(n=1183) [0.75-1.00]0.360(n=420)
2026-04-25 21:35:38,092 - INFO - [cond] cfg_signal=0.0461 (min=0.0319 max=0.0695, n=16) | class_signal=0.0617 (min=0.0477 max=0.0766, n=16) | pred_rms=0.5963
2026-04-25 21:35:38,147 - INFO - [render-loss] step=170200 masked 7/16 samples (t_value < 0.40)
2026-04-25 21:37:30,355 - INFO - Step  170400 | Epoch  21 | MSE: 0.4656 | Steps/sec: 1.78 | LR: 1.59e-04 | Render_L1: 0.0243 | Alpha_L1: 0.0318 | Render_LPIPS: 0.1600 | Repel: 0.0000 | cos(c,null): +0.4932 | GradNorm: 0.3946 | MSE/t: [0.00-0.25]0.557(n=425) [0.25-0.50]0.516(n=1198) [0.50-0.75]0.409(n=1137) [0.75-1.00]0.386(n=440)
2026-04-25 21:37:30,819 - INFO - [cond] cfg_signal=0.0481 (min=0.0330 max=0.0729, n=16) | class_signal=0.0633 (min=0.0480 max=0.0791, n=16) | pred_rms=0.6089
2026-04-25 21:37:30,874 - INFO - [render-loss] step=170400 masked 5/16 samples (t_value < 0.40)
2026-04-25 21:39:22,937 - INFO - Step  170600 | Epoch  21 | MSE: 0.4666 | Steps/sec: 1.78 | LR: 1.59e-04 | Render_L1: 0.0250 | Alpha_L1: 0.0338 | Render_LPIPS: 0.1615 | Repel: 0.0000 | cos(c,null): +0.4925 | GradNorm: 0.5796 | MSE/t: [0.00-0.25]0.588(n=433) [0.25-0.50]0.518(n=1188) [0.50-0.75]0.406(n=1161) [0.75-1.00]0.363(n=418)
2026-04-25 21:39:23,427 - INFO - [cond] cfg_signal=0.0470 (min=0.0333 max=0.0748, n=16) | class_signal=0.0607 (min=0.0425 max=0.0793, n=16) | pred_rms=0.5870
2026-04-25 21:39:23,496 - INFO - [render-loss] step=170600 masked 9/16 samples (t_value < 0.40)
2026-04-25 21:41:15,640 - INFO - Step  170800 | Epoch  21 | MSE: 0.4714 | Steps/sec: 1.78 | LR: 1.59e-04 | Render_L1: 0.0246 | Alpha_L1: 0.0332 | Render_LPIPS: 0.1619 | Repel: 0.0000 | cos(c,null): +0.4935 | GradNorm: 5.3163 | MSE/t: [0.00-0.25]0.595(n=479) [0.25-0.50]0.507(n=1182) [0.50-0.75]0.418(n=1136) [0.75-1.00]0.372(n=403)
2026-04-25 21:41:16,109 - INFO - [cond] cfg_signal=0.0485 (min=0.0328 max=0.0731, n=16) | class_signal=0.0631 (min=0.0439 max=0.0825, n=16) | pred_rms=0.5988
2026-04-25 21:41:16,170 - INFO - [render-loss] step=170800 masked 5/16 samples (t_value < 0.40)
2026-04-25 21:43:07,868 - INFO - Step  171000 | Epoch  21 | MSE: 0.4602 | Steps/sec: 1.79 | LR: 1.59e-04 | Render_L1: 0.0242 | Alpha_L1: 0.0318 | Render_LPIPS: 0.1582 | Repel: 0.0000 | cos(c,null): +0.4951 | GradNorm: 0.3867 | MSE/t: [0.00-0.25]0.576(n=416) [0.25-0.50]0.499(n=1203) [0.50-0.75]0.409(n=1137) [0.75-1.00]0.378(n=444)
2026-04-25 21:43:08,342 - INFO - [cond] cfg_signal=0.0473 (min=0.0341 max=0.0741, n=16) | class_signal=0.0619 (min=0.0408 max=0.0837, n=16) | pred_rms=0.6032
2026-04-25 21:43:16,660 - INFO - [validation] saved: output/jit_JiT-B_8_from_scratch_null_repel/dit_validation/epoch_021_step_0171000_class075.png (class=75, sampler=heun, steps=100)
2026-04-25 21:43:18,112 - INFO - [overrides] applied from jit/configs/overrides.yaml: lr_scale=1.0 max_grad_norm=5.0 null_repel_weight=0.05 P_mean=0.0
2026-04-25 21:43:18,162 - INFO - [render-loss] step=171000 masked 7/16 samples (t_value < 0.40)
2026-04-25 21:45:09,929 - INFO - Step  171200 | Epoch  21 | MSE: 0.4726 | Steps/sec: 1.64 | LR: 1.59e-04 | Render_L1: 0.0244 | Alpha_L1: 0.0329 | Render_LPIPS: 0.1610 | Repel: 0.0000 | cos(c,null): +0.4954 | GradNorm: 0.4308 | MSE/t: [0.00-0.25]0.565(n=408) [0.25-0.50]0.531(n=1144) [0.50-0.75]0.417(n=1221) [0.75-1.00]0.387(n=427)
2026-04-25 21:45:10,398 - INFO - [cond] cfg_signal=0.0476 (min=0.0351 max=0.0730, n=16) | class_signal=0.0640 (min=0.0426 max=0.0811, n=16) | pred_rms=0.6065
2026-04-25 21:45:10,451 - INFO - [render-loss] step=171200 masked 4/16 samples (t_value < 0.40)
2026-04-25 21:47:03,027 - INFO - Step  171400 | Epoch  21 | MSE: 0.4705 | Steps/sec: 1.78 | LR: 1.59e-04 | Render_L1: 0.0239 | Alpha_L1: 0.0327 | Render_LPIPS: 0.1584 | Repel: 0.0000 | cos(c,null): +0.4958 | GradNorm: 0.3815 | MSE/t: [0.00-0.25]0.590(n=451) [0.25-0.50]0.509(n=1171) [0.50-0.75]0.421(n=1172) [0.75-1.00]0.368(n=406)
2026-04-25 21:47:03,522 - INFO - [cond] cfg_signal=0.0462 (min=0.0353 max=0.0787, n=16) | class_signal=0.0617 (min=0.0412 max=0.0853, n=16) | pred_rms=0.5996
2026-04-25 21:47:03,576 - INFO - [render-loss] step=171400 masked 8/16 samples (t_value < 0.40)
2026-04-25 21:48:55,421 - INFO - Step  171600 | Epoch  21 | MSE: 0.4590 | Steps/sec: 1.79 | LR: 1.59e-04 | Render_L1: 0.0238 | Alpha_L1: 0.0322 | Render_LPIPS: 0.1580 | Repel: 0.0000 | cos(c,null): +0.4946 | GradNorm: 0.3931 | MSE/t: [0.00-0.25]0.588(n=423) [0.25-0.50]0.507(n=1147) [0.50-0.75]0.410(n=1192) [0.75-1.00]0.344(n=438)
2026-04-25 21:48:55,904 - INFO - [cond] cfg_signal=0.0493 (min=0.0361 max=0.0870, n=16) | class_signal=0.0647 (min=0.0413 max=0.0900, n=16) | pred_rms=0.5878
2026-04-25 21:48:55,959 - INFO - [render-loss] step=171600 masked 5/16 samples (t_value < 0.40)
2026-04-25 21:50:47,904 - INFO - Step  171800 | Epoch  21 | MSE: 0.4694 | Steps/sec: 1.79 | LR: 1.59e-04 | Render_L1: 0.0258 | Alpha_L1: 0.0336 | Render_LPIPS: 0.1645 | Repel: 0.0000 | cos(c,null): +0.4943 | GradNorm: 0.3970 | MSE/t: [0.00-0.25]0.582(n=412) [0.25-0.50]0.508(n=1144) [0.50-0.75]0.428(n=1183) [0.75-1.00]0.380(n=461)
2026-04-25 21:50:48,383 - INFO - [cond] cfg_signal=0.0493 (min=0.0373 max=0.0842, n=16) | class_signal=0.0627 (min=0.0440 max=0.0921, n=16) | pred_rms=0.6050
2026-04-25 21:50:48,438 - INFO - [render-loss] step=171800 masked 4/16 samples (t_value < 0.40)
2026-04-25 21:52:40,473 - INFO - Step  172000 | Epoch  21 | MSE: 0.4631 | Steps/sec: 1.78 | LR: 1.59e-04 | Render_L1: 0.0243 | Alpha_L1: 0.0317 | Render_LPIPS: 0.1591 | Repel: 0.0000 | cos(c,null): +0.4966 | GradNorm: 0.4010 | MSE/t: [0.00-0.25]0.567(n=428) [0.25-0.50]0.503(n=1140) [0.50-0.75]0.421(n=1198) [0.75-1.00]0.373(n=434)
2026-04-25 21:52:40,931 - INFO - [cond] cfg_signal=0.0487 (min=0.0355 max=0.0782, n=16) | class_signal=0.0626 (min=0.0396 max=0.0876, n=16) | pred_rms=0.5972
2026-04-25 21:52:48,863 - INFO - [validation] saved: output/jit_JiT-B_8_from_scratch_null_repel/dit_validation/epoch_021_step_0172000_class089.png (class=89, sampler=heun, steps=100)
2026-04-25 21:52:50,144 - INFO - [overrides] applied from jit/configs/overrides.yaml: lr_scale=1.0 max_grad_norm=5.0 null_repel_weight=0.05 P_mean=0.0
2026-04-25 21:52:50,196 - INFO - [render-loss] step=172000 masked 4/16 samples (t_value < 0.40)
2026-04-25 21:54:42,527 - INFO - Step  172200 | Epoch  21 | MSE: 0.4607 | Steps/sec: 1.64 | LR: 1.59e-04 | Render_L1: 0.0239 | Alpha_L1: 0.0320 | Render_LPIPS: 0.1582 | Repel: 0.0000 | cos(c,null): +0.4962 | GradNorm: 0.4163 | MSE/t: [0.00-0.25]0.570(n=436) [0.25-0.50]0.506(n=1141) [0.50-0.75]0.412(n=1201) [0.75-1.00]0.362(n=422)
2026-04-25 21:54:43,001 - INFO - [cond] cfg_signal=0.0502 (min=0.0347 max=0.0896, n=16) | class_signal=0.0653 (min=0.0442 max=0.0891, n=16) | pred_rms=0.5883
2026-04-25 21:54:43,063 - INFO - [render-loss] step=172200 masked 7/16 samples (t_value < 0.40)
2026-04-25 21:56:34,717 - INFO - Step  172400 | Epoch  21 | MSE: 0.4607 | Steps/sec: 1.79 | LR: 1.59e-04 | Render_L1: 0.0231 | Alpha_L1: 0.0315 | Render_LPIPS: 0.1546 | Repel: 0.0000 | cos(c,null): +0.4960 | GradNorm: 2.6513 | MSE/t: [0.00-0.25]0.590(n=420) [0.25-0.50]0.515(n=1175) [0.50-0.75]0.393(n=1209) [0.75-1.00]0.367(n=396)
2026-04-25 21:56:35,188 - INFO - [cond] cfg_signal=0.0496 (min=0.0367 max=0.0771, n=16) | class_signal=0.0649 (min=0.0440 max=0.0869, n=16) | pred_rms=0.5912
2026-04-25 21:56:35,242 - INFO - [render-loss] step=172400 masked 2/16 samples (t_value < 0.40)
2026-04-25 21:58:26,960 - INFO - Step  172600 | Epoch  21 | MSE: 0.4721 | Steps/sec: 1.79 | LR: 1.58e-04 | Render_L1: 0.0240 | Alpha_L1: 0.0325 | Render_LPIPS: 0.1587 | Repel: 0.0000 | cos(c,null): +0.4972 | GradNorm: 0.4800 | MSE/t: [0.00-0.25]0.598(n=448) [0.25-0.50]0.519(n=1138) [0.50-0.75]0.415(n=1188) [0.75-1.00]0.376(n=426)
2026-04-25 21:58:27,440 - INFO - [cond] cfg_signal=0.0503 (min=0.0358 max=0.0772, n=16) | class_signal=0.0660 (min=0.0439 max=0.0900, n=16) | pred_rms=0.6104
2026-04-25 21:58:27,496 - INFO - [render-loss] step=172600 masked 6/16 samples (t_value < 0.40)
2026-04-25 22:00:19,765 - INFO - Step  172800 | Epoch  21 | MSE: 0.4798 | Steps/sec: 1.78 | LR: 1.58e-04 | Render_L1: 0.0247 | Alpha_L1: 0.0330 | Render_LPIPS: 0.1618 | Repel: 0.0000 | cos(c,null): +0.4962 | GradNorm: 0.3804 | MSE/t: [0.00-0.25]0.601(n=449) [0.25-0.50]0.508(n=1163) [0.50-0.75]0.440(n=1165) [0.75-1.00]0.384(n=423)
2026-04-25 22:00:20,261 - INFO - [cond] cfg_signal=0.0481 (min=0.0362 max=0.0743, n=16) | class_signal=0.0635 (min=0.0434 max=0.0837, n=16) | pred_rms=0.5993
2026-04-25 22:00:20,331 - INFO - [render-loss] step=172800 masked 2/16 samples (t_value < 0.40)
2026-04-25 22:02:12,259 - INFO - Step  173000 | Epoch  21 | MSE: 0.4707 | Steps/sec: 1.79 | LR: 1.58e-04 | Render_L1: 0.0243 | Alpha_L1: 0.0319 | Render_LPIPS: 0.1613 | Repel: 0.0000 | cos(c,null): +0.4967 | GradNorm: 0.3954 | MSE/t: [0.00-0.25]0.620(n=471) [0.25-0.50]0.499(n=1128) [0.50-0.75]0.415(n=1195) [0.75-1.00]0.383(n=406)
2026-04-25 22:02:12,721 - INFO - [cond] cfg_signal=0.0467 (min=0.0322 max=0.0633, n=16) | class_signal=0.0629 (min=0.0437 max=0.0835, n=16) | pred_rms=0.5270
2026-04-25 22:02:20,697 - INFO - [validation] saved: output/jit_JiT-B_8_from_scratch_null_repel/dit_validation/epoch_021_step_0173000_class023.png (class=23, sampler=heun, steps=100)
2026-04-25 22:02:21,975 - INFO - [overrides] applied from jit/configs/overrides.yaml: lr_scale=1.0 max_grad_norm=5.0 null_repel_weight=0.05 P_mean=0.0
2026-04-25 22:02:22,025 - INFO - [render-loss] step=173000 masked 8/16 samples (t_value < 0.40)
2026-04-25 22:04:13,818 - INFO - Step  173200 | Epoch  21 | MSE: 0.4591 | Steps/sec: 1.65 | LR: 1.58e-04 | Render_L1: 0.0243 | Alpha_L1: 0.0322 | Render_LPIPS: 0.1584 | Repel: 0.0000 | cos(c,null): +0.4961 | GradNorm: 0.3959 | MSE/t: [0.00-0.25]0.603(n=427) [0.25-0.50]0.494(n=1115) [0.50-0.75]0.409(n=1221) [0.75-1.00]0.370(n=437)
2026-04-25 22:04:14,285 - INFO - [cond] cfg_signal=0.0474 (min=0.0346 max=0.0650, n=16) | class_signal=0.0622 (min=0.0421 max=0.0791, n=16) | pred_rms=0.5715
2026-04-25 22:04:14,339 - INFO - [render-loss] step=173200 masked 5/16 samples (t_value < 0.40)
2026-04-25 22:06:06,385 - INFO - Step  173400 | Epoch  21 | MSE: 0.4579 | Steps/sec: 1.78 | LR: 1.58e-04 | Render_L1: 0.0237 | Alpha_L1: 0.0316 | Render_LPIPS: 0.1552 | Repel: 0.0000 | cos(c,null): +0.4958 | GradNorm: 0.4007 | MSE/t: [0.00-0.25]0.594(n=406) [0.25-0.50]0.491(n=1165) [0.50-0.75]0.409(n=1173) [0.75-1.00]0.379(n=456)
2026-04-25 22:06:06,845 - INFO - [cond] cfg_signal=0.0466 (min=0.0348 max=0.0665, n=16) | class_signal=0.0608 (min=0.0405 max=0.0759, n=16) | pred_rms=0.5671
2026-04-25 22:06:06,899 - INFO - [render-loss] step=173400 masked 8/16 samples (t_value < 0.40)
2026-04-25 22:07:59,087 - INFO - Step  173600 | Epoch  21 | MSE: 0.4563 | Steps/sec: 1.78 | LR: 1.58e-04 | Render_L1: 0.0245 | Alpha_L1: 0.0323 | Render_LPIPS: 0.1599 | Repel: 0.0000 | cos(c,null): +0.4947 | GradNorm: 0.4023 | MSE/t: [0.00-0.25]0.550(n=454) [0.25-0.50]0.492(n=1151) [0.50-0.75]0.414(n=1179) [0.75-1.00]0.375(n=416)
2026-04-25 22:07:59,562 - INFO - [cond] cfg_signal=0.0508 (min=0.0369 max=0.0659, n=16) | class_signal=0.0651 (min=0.0456 max=0.0859, n=16) | pred_rms=0.5648
2026-04-25 22:07:59,617 - INFO - [render-loss] step=173600 masked 6/16 samples (t_value < 0.40)
2026-04-25 22:09:51,581 - INFO - Step  173800 | Epoch  21 | MSE: 0.4593 | Steps/sec: 1.79 | LR: 1.58e-04 | Render_L1: 0.0243 | Alpha_L1: 0.0323 | Render_LPIPS: 0.1582 | Repel: 0.0000 | cos(c,null): +0.4942 | GradNorm: 0.4294 | MSE/t: [0.00-0.25]0.557(n=455) [0.25-0.50]0.505(n=1135) [0.50-0.75]0.405(n=1203) [0.75-1.00]0.384(n=407)
2026-04-25 22:09:52,057 - INFO - [cond] cfg_signal=0.0503 (min=0.0378 max=0.0682, n=16) | class_signal=0.0651 (min=0.0493 max=0.0846, n=16) | pred_rms=0.5686
2026-04-25 22:09:52,113 - INFO - [render-loss] step=173800 masked 5/16 samples (t_value < 0.40)
2026-04-25 22:11:43,808 - INFO - Step  174000 | Epoch  21 | MSE: 0.4650 | Steps/sec: 1.79 | LR: 1.58e-04 | Render_L1: 0.0238 | Alpha_L1: 0.0321 | Render_LPIPS: 0.1593 | Repel: 0.0000 | cos(c,null): +0.4942 | GradNorm: 0.4181 | MSE/t: [0.00-0.25]0.575(n=424) [0.25-0.50]0.503(n=1159) [0.50-0.75]0.425(n=1188) [0.75-1.00]0.366(n=429)
2026-04-25 22:11:44,265 - INFO - [cond] cfg_signal=0.0473 (min=0.0340 max=0.0634, n=16) | class_signal=0.0606 (min=0.0458 max=0.0811, n=16) | pred_rms=0.5582
2026-04-25 22:11:52,322 - INFO - [validation] saved: output/jit_JiT-B_8_from_scratch_null_repel/dit_validation/epoch_021_step_0174000_class118.png (class=118, sampler=heun, steps=100)
2026-04-25 22:11:53,603 - INFO - [overrides] applied from jit/configs/overrides.yaml: lr_scale=1.0 max_grad_norm=5.0 null_repel_weight=0.05 P_mean=0.0
2026-04-25 22:11:53,649 - INFO - [render-loss] step=174000 masked 5/16 samples (t_value < 0.40)
2026-04-25 22:13:46,010 - INFO - Step  174200 | Epoch  21 | MSE: 0.4576 | Steps/sec: 1.64 | LR: 1.58e-04 | Render_L1: 0.0238 | Alpha_L1: 0.0319 | Render_LPIPS: 0.1583 | Repel: 0.0000 | cos(c,null): +0.4944 | GradNorm: 0.4064 | MSE/t: [0.00-0.25]0.587(n=470) [0.25-0.50]0.489(n=1097) [0.50-0.75]0.403(n=1209) [0.75-1.00]0.386(n=424)
2026-04-25 22:13:46,477 - INFO - [cond] cfg_signal=0.0486 (min=0.0355 max=0.0644, n=16) | class_signal=0.0636 (min=0.0446 max=0.0876, n=16) | pred_rms=0.5741
2026-04-25 22:13:46,533 - INFO - [render-loss] step=174200 masked 6/16 samples (t_value < 0.40)
2026-04-25 22:15:38,702 - INFO - Step  174400 | Epoch  21 | MSE: 0.4662 | Steps/sec: 1.78 | LR: 1.58e-04 | Render_L1: 0.0248 | Alpha_L1: 0.0324 | Render_LPIPS: 0.1610 | Repel: 0.0000 | cos(c,null): +0.4940 | GradNorm: 0.4229 | MSE/t: [0.00-0.25]0.554(n=428) [0.25-0.50]0.522(n=1190) [0.50-0.75]0.414(n=1124) [0.75-1.00]0.367(n=458)
2026-04-25 22:15:39,170 - INFO - [cond] cfg_signal=0.0477 (min=0.0355 max=0.0664, n=16) | class_signal=0.0629 (min=0.0435 max=0.0906, n=16) | pred_rms=0.5719
2026-04-25 22:15:39,231 - INFO - [render-loss] step=174400 masked 9/16 samples (t_value < 0.40)
2026-04-25 22:17:30,776 - INFO - Step  174600 | Epoch  21 | MSE: 0.4533 | Steps/sec: 1.79 | LR: 1.58e-04 | Render_L1: 0.0243 | Alpha_L1: 0.0316 | Render_LPIPS: 0.1573 | Repel: 0.0000 | cos(c,null): +0.4947 | GradNorm: 0.4014 | MSE/t: [0.00-0.25]0.577(n=418) [0.25-0.50]0.491(n=1182) [0.50-0.75]0.406(n=1174) [0.75-1.00]0.357(n=426)
2026-04-25 22:17:31,245 - INFO - [cond] cfg_signal=0.0482 (min=0.0360 max=0.0674, n=16) | class_signal=0.0642 (min=0.0443 max=0.0888, n=16) | pred_rms=0.5712
2026-04-25 22:17:31,299 - INFO - [render-loss] step=174600 masked 3/16 samples (t_value < 0.40)
2026-04-25 22:19:23,467 - INFO - Step  174800 | Epoch  21 | MSE: 0.4706 | Steps/sec: 1.78 | LR: 1.58e-04 | Render_L1: 0.0241 | Alpha_L1: 0.0322 | Render_LPIPS: 0.1590 | Repel: 0.0000 | cos(c,null): +0.4947 | GradNorm: 0.7660 | MSE/t: [0.00-0.25]0.593(n=440) [0.25-0.50]0.515(n=1144) [0.50-0.75]0.426(n=1183) [0.75-1.00]0.350(n=433)
2026-04-25 22:19:23,930 - INFO - [cond] cfg_signal=0.0475 (min=0.0368 max=0.0672, n=16) | class_signal=0.0633 (min=0.0454 max=0.0835, n=16) | pred_rms=0.5812
2026-04-25 22:19:23,985 - INFO - [render-loss] step=174800 masked 5/16 samples (t_value < 0.40)
2026-04-25 22:21:17,234 - INFO - Step  175000 | Epoch  22 | MSE: 0.4694 | Steps/sec: 1.77 | LR: 1.57e-04 | Render_L1: 0.0230 | Alpha_L1: 0.0310 | Render_LPIPS: 0.1563 | Repel: 0.0000 | cos(c,null): +0.4955 | GradNorm: 0.4124 | MSE/t: [0.00-0.25]0.599(n=440) [0.25-0.50]0.510(n=1168) [0.50-0.75]0.416(n=1163) [0.75-1.00]0.370(n=429)
2026-04-25 22:21:17,693 - INFO - [cond] cfg_signal=0.0505 (min=0.0397 max=0.0728, n=16) | class_signal=0.0666 (min=0.0471 max=0.0925, n=16) | pred_rms=0.5907
2026-04-25 22:21:25,729 - INFO - [validation] saved: output/jit_JiT-B_8_from_scratch_null_repel/dit_validation/epoch_022_step_0175000_class065.png (class=65, sampler=heun, steps=100)
2026-04-25 22:21:27,172 - INFO - [overrides] applied from jit/configs/overrides.yaml: lr_scale=1.0 max_grad_norm=5.0 null_repel_weight=0.05 P_mean=0.0
2026-04-25 22:21:27,221 - INFO - [render-loss] step=175000 masked 3/16 samples (t_value < 0.40)
2026-04-25 22:23:19,017 - INFO - Step  175200 | Epoch  22 | MSE: 0.4577 | Steps/sec: 1.65 | LR: 1.57e-04 | Render_L1: 0.0245 | Alpha_L1: 0.0328 | Render_LPIPS: 0.1609 | Repel: 0.0000 | cos(c,null): +0.4947 | GradNorm: 0.4987 | MSE/t: [0.00-0.25]0.554(n=447) [0.25-0.50]0.493(n=1158) [0.50-0.75]0.425(n=1122) [0.75-1.00]0.358(n=473)
2026-04-25 22:23:19,505 - INFO - [cond] cfg_signal=0.0482 (min=0.0380 max=0.0669, n=16) | class_signal=0.0623 (min=0.0443 max=0.0801, n=16) | pred_rms=0.5967
2026-04-25 22:23:19,561 - INFO - [render-loss] step=175200 masked 4/16 samples (t_value < 0.40)
2026-04-25 22:25:11,350 - INFO - Step  175400 | Epoch  22 | MSE: 0.4702 | Steps/sec: 1.79 | LR: 1.57e-04 | Render_L1: 0.0244 | Alpha_L1: 0.0332 | Render_LPIPS: 0.1585 | Repel: 0.0000 | cos(c,null): +0.4958 | GradNorm: 0.4533 | MSE/t: [0.00-0.25]0.593(n=456) [0.25-0.50]0.509(n=1177) [0.50-0.75]0.424(n=1138) [0.75-1.00]0.358(n=429)
2026-04-25 22:25:11,820 - INFO - [cond] cfg_signal=0.0508 (min=0.0394 max=0.0691, n=16) | class_signal=0.0662 (min=0.0455 max=0.0902, n=16) | pred_rms=0.5885
2026-04-25 22:25:11,874 - INFO - [render-loss] step=175400 masked 5/16 samples (t_value < 0.40)
2026-04-25 22:27:03,827 - INFO - Step  175600 | Epoch  22 | MSE: 0.4733 | Steps/sec: 1.79 | LR: 1.57e-04 | Render_L1: 0.0244 | Alpha_L1: 0.0326 | Render_LPIPS: 0.1602 | Repel: 0.0000 | cos(c,null): +0.4965 | GradNorm: 0.4021 | MSE/t: [0.00-0.25]0.579(n=446) [0.25-0.50]0.514(n=1185) [0.50-0.75]0.419(n=1162) [0.75-1.00]0.393(n=407)
2026-04-25 22:27:04,304 - INFO - [cond] cfg_signal=0.0502 (min=0.0382 max=0.0676, n=16) | class_signal=0.0643 (min=0.0452 max=0.0817, n=16) | pred_rms=0.5866
2026-04-25 22:27:04,366 - INFO - [render-loss] step=175600 masked 8/16 samples (t_value < 0.40)
2026-04-25 22:28:56,400 - INFO - Step  175800 | Epoch  22 | MSE: 0.4685 | Steps/sec: 1.78 | LR: 1.57e-04 | Render_L1: 0.0242 | Alpha_L1: 0.0321 | Render_LPIPS: 0.1594 | Repel: 0.0000 | cos(c,null): +0.4961 | GradNorm: 0.4165 | MSE/t: [0.00-0.25]0.644(n=424) [0.25-0.50]0.495(n=1145) [0.50-0.75]0.424(n=1179) [0.75-1.00]0.354(n=452)
2026-04-25 22:28:56,867 - INFO - [cond] cfg_signal=0.0482 (min=0.0354 max=0.0669, n=16) | class_signal=0.0643 (min=0.0452 max=0.0853, n=16) | pred_rms=0.5727
2026-04-25 22:28:56,927 - INFO - [render-loss] step=175800 masked 7/16 samples (t_value < 0.40)
2026-04-25 22:30:48,477 - INFO - Step  176000 | Epoch  22 | MSE: 0.4639 | Steps/sec: 1.79 | LR: 1.57e-04 | Render_L1: 0.0238 | Alpha_L1: 0.0326 | Render_LPIPS: 0.1582 | Repel: 0.0000 | cos(c,null): +0.4963 | GradNorm: 0.4308 | MSE/t: [0.00-0.25]0.611(n=427) [0.25-0.50]0.489(n=1197) [0.50-0.75]0.419(n=1157) [0.75-1.00]0.366(n=419)
2026-04-25 22:30:48,936 - INFO - [cond] cfg_signal=0.0492 (min=0.0374 max=0.0649, n=16) | class_signal=0.0649 (min=0.0479 max=0.0875, n=16) | pred_rms=0.5760
2026-04-25 22:30:56,960 - INFO - [validation] saved: output/jit_JiT-B_8_from_scratch_null_repel/dit_validation/epoch_022_step_0176000_class035.png (class=35, sampler=heun, steps=100)
2026-04-25 22:30:58,250 - INFO - [overrides] applied from jit/configs/overrides.yaml: lr_scale=1.0 max_grad_norm=5.0 null_repel_weight=0.05 P_mean=0.0
2026-04-25 22:30:58,296 - INFO - [render-loss] step=176000 masked 5/16 samples (t_value < 0.40)
2026-04-25 22:32:50,101 - INFO - Step  176200 | Epoch  22 | MSE: 0.4659 | Steps/sec: 1.65 | LR: 1.57e-04 | Render_L1: 0.0245 | Alpha_L1: 0.0324 | Render_LPIPS: 0.1614 | Repel: 0.0000 | cos(c,null): +0.4975 | GradNorm: 0.4274 | MSE/t: [0.00-0.25]0.586(n=455) [0.25-0.50]0.501(n=1151) [0.50-0.75]0.418(n=1132) [0.75-1.00]0.378(n=462)
2026-04-25 22:32:50,582 - INFO - [cond] cfg_signal=0.0489 (min=0.0344 max=0.0643, n=16) | class_signal=0.0634 (min=0.0434 max=0.0845, n=16) | pred_rms=0.5843
2026-04-25 22:32:50,636 - INFO - [render-loss] step=176200 masked 6/16 samples (t_value < 0.40)
2026-04-25 22:34:42,579 - INFO - Step  176400 | Epoch  22 | MSE: 0.4702 | Steps/sec: 1.79 | LR: 1.57e-04 | Render_L1: 0.0242 | Alpha_L1: 0.0326 | Render_LPIPS: 0.1599 | Repel: 0.0000 | cos(c,null): +0.4979 | GradNorm: 0.4605 | MSE/t: [0.00-0.25]0.585(n=456) [0.25-0.50]0.521(n=1176) [0.50-0.75]0.413(n=1155) [0.75-1.00]0.360(n=413)
2026-04-25 22:34:43,086 - INFO - [cond] cfg_signal=0.0507 (min=0.0368 max=0.0677, n=16) | class_signal=0.0652 (min=0.0463 max=0.0867, n=16) | pred_rms=0.5846
2026-04-25 22:34:43,141 - INFO - [render-loss] step=176400 masked 6/16 samples (t_value < 0.40)
2026-04-25 22:36:35,227 - INFO - Step  176600 | Epoch  22 | MSE: 0.4705 | Steps/sec: 1.78 | LR: 1.57e-04 | Render_L1: 0.0243 | Alpha_L1: 0.0322 | Render_LPIPS: 0.1612 | Repel: 0.0000 | cos(c,null): +0.4990 | GradNorm: 0.4476 | MSE/t: [0.00-0.25]0.612(n=420) [0.25-0.50]0.514(n=1149) [0.50-0.75]0.422(n=1178) [0.75-1.00]0.356(n=453)
2026-04-25 22:36:35,698 - INFO - [cond] cfg_signal=0.0499 (min=0.0395 max=0.0645, n=16) | class_signal=0.0639 (min=0.0465 max=0.0821, n=16) | pred_rms=0.5820
2026-04-25 22:36:35,752 - INFO - [render-loss] step=176600 masked 5/16 samples (t_value < 0.40)
2026-04-25 22:38:27,577 - INFO - Step  176800 | Epoch  22 | MSE: 0.4621 | Steps/sec: 1.79 | LR: 1.57e-04 | Render_L1: 0.0238 | Alpha_L1: 0.0318 | Render_LPIPS: 0.1585 | Repel: 0.0000 | cos(c,null): +0.4972 | GradNorm: 0.4239 | MSE/t: [0.00-0.25]0.558(n=427) [0.25-0.50]0.509(n=1164) [0.50-0.75]0.412(n=1175) [0.75-1.00]0.377(n=434)
2026-04-25 22:38:28,034 - INFO - [cond] cfg_signal=0.0495 (min=0.0387 max=0.0640, n=16) | class_signal=0.0643 (min=0.0459 max=0.0762, n=16) | pred_rms=0.5936
2026-04-25 22:38:28,089 - INFO - [render-loss] step=176800 masked 3/16 samples (t_value < 0.40)
2026-04-25 22:40:19,831 - INFO - Step  177000 | Epoch  22 | MSE: 0.4699 | Steps/sec: 1.79 | LR: 1.57e-04 | Render_L1: 0.0248 | Alpha_L1: 0.0338 | Render_LPIPS: 0.1620 | Repel: 0.0000 | cos(c,null): +0.4965 | GradNorm: 0.4396 | MSE/t: [0.00-0.25]0.606(n=430) [0.25-0.50]0.499(n=1155) [0.50-0.75]0.426(n=1176) [0.75-1.00]0.376(n=439)
2026-04-25 22:40:20,340 - INFO - [cond] cfg_signal=0.0485 (min=0.0355 max=0.0647, n=16) | class_signal=0.0622 (min=0.0449 max=0.0727, n=16) | pred_rms=0.5741
2026-04-25 22:40:28,344 - INFO - [validation] saved: output/jit_JiT-B_8_from_scratch_null_repel/dit_validation/epoch_022_step_0177000_class021.png (class=21, sampler=heun, steps=100)
2026-04-25 22:40:29,644 - INFO - [overrides] applied from jit/configs/overrides.yaml: lr_scale=1.0 max_grad_norm=5.0 null_repel_weight=0.05 P_mean=0.0
2026-04-25 22:40:29,692 - INFO - [render-loss] step=177000 masked 5/16 samples (t_value < 0.40)
2026-04-25 22:42:21,664 - INFO - Step  177200 | Epoch  22 | MSE: 0.4669 | Steps/sec: 1.65 | LR: 1.56e-04 | Render_L1: 0.0243 | Alpha_L1: 0.0324 | Render_LPIPS: 0.1596 | Repel: 0.0000 | cos(c,null): +0.4966 | GradNorm: 0.4451 | MSE/t: [0.00-0.25]0.599(n=408) [0.25-0.50]0.508(n=1198) [0.50-0.75]0.419(n=1144) [0.75-1.00]0.361(n=450)
2026-04-25 22:42:22,145 - INFO - [cond] cfg_signal=0.0485 (min=0.0356 max=0.0652, n=16) | class_signal=0.0630 (min=0.0471 max=0.0768, n=16) | pred_rms=0.5746
2026-04-25 22:42:22,208 - INFO - [render-loss] step=177200 masked 6/16 samples (t_value < 0.40)
2026-04-25 22:44:14,127 - INFO - Step  177400 | Epoch  22 | MSE: 0.4660 | Steps/sec: 1.79 | LR: 1.56e-04 | Render_L1: 0.0238 | Alpha_L1: 0.0308 | Render_LPIPS: 0.1568 | Repel: 0.0000 | cos(c,null): +0.4975 | GradNorm: 0.4214 | MSE/t: [0.00-0.25]0.572(n=426) [0.25-0.50]0.518(n=1191) [0.50-0.75]0.404(n=1177) [0.75-1.00]0.383(n=406)
2026-04-25 22:44:14,611 - INFO - [cond] cfg_signal=0.0503 (min=0.0340 max=0.0715, n=16) | class_signal=0.0673 (min=0.0475 max=0.0828, n=16) | pred_rms=0.5697
2026-04-25 22:44:14,666 - INFO - [render-loss] step=177400 masked 8/16 samples (t_value < 0.40)
2026-04-25 22:46:06,682 - INFO - Step  177600 | Epoch  22 | MSE: 0.4597 | Steps/sec: 1.78 | LR: 1.56e-04 | Render_L1: 0.0233 | Alpha_L1: 0.0311 | Render_LPIPS: 0.1563 | Repel: 0.0000 | cos(c,null): +0.4967 | GradNorm: 0.4314 | MSE/t: [0.00-0.25]0.559(n=402) [0.25-0.50]0.504(n=1118) [0.50-0.75]0.416(n=1206) [0.75-1.00]0.382(n=474)
2026-04-25 22:46:07,185 - INFO - [cond] cfg_signal=0.0493 (min=0.0339 max=0.0690, n=16) | class_signal=0.0643 (min=0.0437 max=0.0777, n=16) | pred_rms=0.5787
2026-04-25 22:46:07,241 - INFO - [render-loss] step=177600 masked 7/16 samples (t_value < 0.40)
2026-04-25 22:47:59,184 - INFO - Step  177800 | Epoch  22 | MSE: 0.4573 | Steps/sec: 1.79 | LR: 1.56e-04 | Render_L1: 0.0234 | Alpha_L1: 0.0314 | Render_LPIPS: 0.1567 | Repel: 0.0000 | cos(c,null): +0.4948 | GradNorm: 0.4541 | MSE/t: [0.00-0.25]0.550(n=424) [0.25-0.50]0.509(n=1120) [0.50-0.75]0.409(n=1184) [0.75-1.00]0.372(n=472)
2026-04-25 22:47:59,651 - INFO - [cond] cfg_signal=0.0506 (min=0.0357 max=0.0685, n=16) | class_signal=0.0675 (min=0.0448 max=0.0863, n=16) | pred_rms=0.5710
2026-04-25 22:47:59,706 - INFO - [render-loss] step=177800 masked 5/16 samples (t_value < 0.40)
2026-04-25 22:49:51,790 - INFO - Step  178000 | Epoch  22 | MSE: 0.4676 | Steps/sec: 1.78 | LR: 1.56e-04 | Render_L1: 0.0238 | Alpha_L1: 0.0316 | Render_LPIPS: 0.1577 | Repel: 0.0000 | cos(c,null): +0.4922 | GradNorm: 0.4538 | MSE/t: [0.00-0.25]0.610(n=446) [0.25-0.50]0.497(n=1177) [0.50-0.75]0.422(n=1164) [0.75-1.00]0.358(n=413)
2026-04-25 22:49:52,274 - INFO - [cond] cfg_signal=0.0460 (min=0.0329 max=0.0650, n=16) | class_signal=0.0620 (min=0.0427 max=0.0789, n=16) | pred_rms=0.5713
2026-04-25 22:50:00,566 - INFO - [validation] saved: output/jit_JiT-B_8_from_scratch_null_repel/dit_validation/epoch_022_step_0178000_class018.png (class=18, sampler=heun, steps=100)
2026-04-25 22:50:01,892 - INFO - [overrides] applied from jit/configs/overrides.yaml: lr_scale=1.0 max_grad_norm=5.0 null_repel_weight=0.05 P_mean=0.0
2026-04-25 22:50:01,941 - INFO - [render-loss] step=178000 masked 2/16 samples (t_value < 0.40)
2026-04-25 22:51:53,881 - INFO - Step  178200 | Epoch  22 | MSE: 0.4589 | Steps/sec: 1.64 | LR: 1.56e-04 | Render_L1: 0.0234 | Alpha_L1: 0.0312 | Render_LPIPS: 0.1555 | Repel: 0.0000 | cos(c,null): +0.4937 | GradNorm: 0.5601 | MSE/t: [0.00-0.25]0.576(n=439) [0.25-0.50]0.493(n=1153) [0.50-0.75]0.413(n=1196) [0.75-1.00]0.372(n=412)
2026-04-25 22:51:54,359 - INFO - [cond] cfg_signal=0.0452 (min=0.0335 max=0.0593, n=16) | class_signal=0.0609 (min=0.0420 max=0.0800, n=16) | pred_rms=0.5738
2026-04-25 22:51:54,415 - INFO - [render-loss] step=178200 masked 5/16 samples (t_value < 0.40)
2026-04-25 22:53:46,321 - INFO - Step  178400 | Epoch  22 | MSE: 0.4543 | Steps/sec: 1.79 | LR: 1.56e-04 | Render_L1: 0.0237 | Alpha_L1: 0.0324 | Render_LPIPS: 0.1566 | Repel: 0.0000 | cos(c,null): +0.4946 | GradNorm: 0.4534 | MSE/t: [0.00-0.25]0.550(n=429) [0.25-0.50]0.488(n=1166) [0.50-0.75]0.424(n=1173) [0.75-1.00]0.351(n=432)
2026-04-25 22:53:46,825 - INFO - [cond] cfg_signal=0.0487 (min=0.0343 max=0.0649, n=16) | class_signal=0.0645 (min=0.0456 max=0.0823, n=16) | pred_rms=0.5800
2026-04-25 22:53:46,885 - INFO - [render-loss] step=178400 masked 9/16 samples (t_value < 0.40)
2026-04-25 22:55:38,940 - INFO - Step  178600 | Epoch  22 | MSE: 0.4682 | Steps/sec: 1.78 | LR: 1.56e-04 | Render_L1: 0.0235 | Alpha_L1: 0.0318 | Render_LPIPS: 0.1564 | Repel: 0.0000 | cos(c,null): +0.4921 | GradNorm: 0.5457 | MSE/t: [0.00-0.25]0.570(n=467) [0.25-0.50]0.522(n=1183) [0.50-0.75]0.413(n=1106) [0.75-1.00]0.357(n=444)
2026-04-25 22:55:39,415 - INFO - [cond] cfg_signal=0.0501 (min=0.0330 max=0.0639, n=16) | class_signal=0.0656 (min=0.0419 max=0.0814, n=16) | pred_rms=0.5603
2026-04-25 22:55:39,472 - INFO - [render-loss] step=178600 masked 7/16 samples (t_value < 0.40)
2026-04-25 22:57:31,752 - INFO - Step  178800 | Epoch  22 | MSE: 0.4554 | Steps/sec: 1.78 | LR: 1.56e-04 | Render_L1: 0.0239 | Alpha_L1: 0.0317 | Render_LPIPS: 0.1597 | Repel: 0.0000 | cos(c,null): +0.4912 | GradNorm: 0.4525 | MSE/t: [0.00-0.25]0.595(n=417) [0.25-0.50]0.486(n=1174) [0.50-0.75]0.411(n=1177) [0.75-1.00]0.357(n=432)
2026-04-25 22:57:32,228 - INFO - [cond] cfg_signal=0.0488 (min=0.0323 max=0.0710, n=16) | class_signal=0.0645 (min=0.0445 max=0.0799, n=16) | pred_rms=0.5790
2026-04-25 22:57:32,284 - INFO - [render-loss] step=178800 masked 5/16 samples (t_value < 0.40)
2026-04-25 22:59:23,921 - INFO - Step  179000 | Epoch  22 | MSE: 0.4641 | Steps/sec: 1.79 | LR: 1.56e-04 | Render_L1: 0.0238 | Alpha_L1: 0.0315 | Render_LPIPS: 0.1584 | Repel: 0.0000 | cos(c,null): +0.4940 | GradNorm: 0.5290 | MSE/t: [0.00-0.25]0.578(n=460) [0.25-0.50]0.507(n=1128) [0.50-0.75]0.415(n=1199) [0.75-1.00]0.362(n=413)
2026-04-25 22:59:24,385 - INFO - [cond] cfg_signal=0.0498 (min=0.0326 max=0.0723, n=16) | class_signal=0.0653 (min=0.0431 max=0.0844, n=16) | pred_rms=0.5927
2026-04-25 22:59:32,365 - INFO - [validation] saved: output/jit_JiT-B_8_from_scratch_null_repel/dit_validation/epoch_022_step_0179000_class008.png (class=8, sampler=heun, steps=100)
2026-04-25 22:59:33,814 - INFO - [overrides] applied from jit/configs/overrides.yaml: lr_scale=1.0 max_grad_norm=5.0 null_repel_weight=0.05 P_mean=0.0
2026-04-25 22:59:33,861 - INFO - [render-loss] step=179000 masked 7/16 samples (t_value < 0.40)
2026-04-25 23:01:25,699 - INFO - Step  179200 | Epoch  22 | MSE: 0.4744 | Steps/sec: 1.65 | LR: 1.56e-04 | Render_L1: 0.0238 | Alpha_L1: 0.0313 | Render_LPIPS: 0.1589 | Repel: 0.0000 | cos(c,null): +0.4959 | GradNorm: 0.4535 | MSE/t: [0.00-0.25]0.603(n=438) [0.25-0.50]0.514(n=1177) [0.50-0.75]0.426(n=1165) [0.75-1.00]0.366(n=420)
2026-04-25 23:01:26,167 - INFO - [cond] cfg_signal=0.0491 (min=0.0344 max=0.0706, n=16) | class_signal=0.0637 (min=0.0449 max=0.0765, n=16) | pred_rms=0.5733
2026-04-25 23:01:26,230 - INFO - [render-loss] step=179200 masked 7/16 samples (t_value < 0.40)
2026-04-25 23:03:18,247 - INFO - Step  179400 | Epoch  22 | MSE: 0.4606 | Steps/sec: 1.78 | LR: 1.55e-04 | Render_L1: 0.0236 | Alpha_L1: 0.0320 | Render_LPIPS: 0.1577 | Repel: 0.0000 | cos(c,null): +0.4943 | GradNorm: 0.4662 | MSE/t: [0.00-0.25]0.579(n=397) [0.25-0.50]0.498(n=1168) [0.50-0.75]0.421(n=1169) [0.75-1.00]0.367(n=466)
2026-04-25 23:03:18,877 - INFO - [cond] cfg_signal=0.0473 (min=0.0324 max=0.0614, n=16) | class_signal=0.0613 (min=0.0466 max=0.0776, n=16) | pred_rms=0.5726
2026-04-25 23:03:18,957 - INFO - [render-loss] step=179400 masked 4/16 samples (t_value < 0.40)
2026-04-25 23:05:10,736 - INFO - Step  179600 | Epoch  22 | MSE: 0.4616 | Steps/sec: 1.79 | LR: 1.55e-04 | Render_L1: 0.0235 | Alpha_L1: 0.0309 | Render_LPIPS: 0.1574 | Repel: 0.0000 | cos(c,null): +0.4951 | GradNorm: 0.4701 | MSE/t: [0.00-0.25]0.587(n=431) [0.25-0.50]0.492(n=1169) [0.50-0.75]0.423(n=1126) [0.75-1.00]0.366(n=474)
2026-04-25 23:05:11,194 - INFO - [cond] cfg_signal=0.0486 (min=0.0335 max=0.0626, n=16) | class_signal=0.0627 (min=0.0463 max=0.0784, n=16) | pred_rms=0.5850
2026-04-25 23:05:11,248 - INFO - [render-loss] step=179600 masked 5/16 samples (t_value < 0.40)
2026-04-25 23:07:02,790 - INFO - Step  179800 | Epoch  22 | MSE: 0.4632 | Steps/sec: 1.79 | LR: 1.55e-04 | Render_L1: 0.0236 | Alpha_L1: 0.0312 | Render_LPIPS: 0.1568 | Repel: 0.0000 | cos(c,null): +0.4955 | GradNorm: 0.4551 | MSE/t: [0.00-0.25]0.578(n=411) [0.25-0.50]0.519(n=1154) [0.50-0.75]0.411(n=1196) [0.75-1.00]0.351(n=439)
2026-04-25 23:07:03,248 - INFO - [cond] cfg_signal=0.0477 (min=0.0370 max=0.0661, n=16) | class_signal=0.0625 (min=0.0446 max=0.0799, n=16) | pred_rms=0.5683
2026-04-25 23:07:03,301 - INFO - [render-loss] step=179800 masked 10/16 samples (t_value < 0.40)
2026-04-25 23:08:55,452 - INFO - Step  180000 | Epoch  22 | MSE: 0.4653 | Steps/sec: 1.78 | LR: 1.55e-04 | Render_L1: 0.0236 | Alpha_L1: 0.0319 | Render_LPIPS: 0.1559 | Repel: 0.0000 | cos(c,null): +0.4972 | GradNorm: 0.5103 | MSE/t: [0.00-0.25]0.557(n=440) [0.25-0.50]0.519(n=1134) [0.50-0.75]0.413(n=1173) [0.75-1.00]0.376(n=453)
2026-04-25 23:08:55,925 - INFO - [cond] cfg_signal=0.0493 (min=0.0365 max=0.0679, n=16) | class_signal=0.0647 (min=0.0490 max=0.0806, n=16) | pred_rms=0.5806
2026-04-25 23:08:58,362 - INFO - Saved checkpoint to output/jit_JiT-B_8_from_scratch_null_repel/0180000.pt
2026-04-25 23:08:58,791 - INFO - [cond] cfg_signal=0.0493 (min=0.0365 max=0.0679, n=16) | class_signal=0.0647 (min=0.0490 max=0.0806, n=16) | pred_rms=0.5806
2026-04-25 23:09:07,060 - INFO - [validation] saved: output/jit_JiT-B_8_from_scratch_null_repel/dit_validation/epoch_022_step_0180000_class074.png (class=74, sampler=heun, steps=100)
2026-04-25 23:09:08,367 - INFO - [overrides] applied from jit/configs/overrides.yaml: lr_scale=1.0 max_grad_norm=5.0 null_repel_weight=0.05 P_mean=0.0
2026-04-25 23:09:08,415 - INFO - [render-loss] step=180000 masked 5/16 samples (t_value < 0.40)
2026-04-25 23:11:00,655 - INFO - Step  180200 | Epoch  22 | MSE: 0.4701 | Steps/sec: 1.60 | LR: 1.55e-04 | Render_L1: 0.0241 | Alpha_L1: 0.0314 | Render_LPIPS: 0.1571 | Repel: 0.0000 | cos(c,null): +0.4979 | GradNorm: 0.4786 | MSE/t: [0.00-0.25]0.605(n=426) [0.25-0.50]0.502(n=1182) [0.50-0.75]0.417(n=1172) [0.75-1.00]0.395(n=420)
2026-04-25 23:11:01,121 - INFO - [cond] cfg_signal=0.0480 (min=0.0363 max=0.0647, n=16) | class_signal=0.0638 (min=0.0493 max=0.0753, n=16) | pred_rms=0.5914
2026-04-25 23:11:01,177 - INFO - [render-loss] step=180200 masked 6/16 samples (t_value < 0.40)
2026-04-25 23:12:52,837 - INFO - Step  180400 | Epoch  22 | MSE: 0.4625 | Steps/sec: 1.79 | LR: 1.55e-04 | Render_L1: 0.0238 | Alpha_L1: 0.0325 | Render_LPIPS: 0.1571 | Repel: 0.0000 | cos(c,null): +0.4969 | GradNorm: 4.9717 | MSE/t: [0.00-0.25]0.574(n=411) [0.25-0.50]0.501(n=1156) [0.50-0.75]0.425(n=1196) [0.75-1.00]0.357(n=437)
2026-04-25 23:12:53,299 - INFO - [cond] cfg_signal=0.0486 (min=0.0387 max=0.0662, n=16) | class_signal=0.0656 (min=0.0477 max=0.0852, n=16) | pred_rms=0.5752
2026-04-25 23:12:53,355 - INFO - [render-loss] step=180400 masked 1/16 samples (t_value < 0.40)
2026-04-25 23:14:45,047 - INFO - Step  180600 | Epoch  22 | MSE: 0.4546 | Steps/sec: 1.79 | LR: 1.55e-04 | Render_L1: 0.0232 | Alpha_L1: 0.0308 | Render_LPIPS: 0.1556 | Repel: 0.0000 | cos(c,null): +0.4988 | GradNorm: 0.4602 | MSE/t: [0.00-0.25]0.575(n=450) [0.25-0.50]0.481(n=1153) [0.50-0.75]0.417(n=1182) [0.75-1.00]0.356(n=415)
2026-04-25 23:14:45,508 - INFO - [cond] cfg_signal=0.0486 (min=0.0373 max=0.0631, n=16) | class_signal=0.0658 (min=0.0465 max=0.0867, n=16) | pred_rms=0.5824
2026-04-25 23:14:45,563 - INFO - [render-loss] step=180600 masked 3/16 samples (t_value < 0.40)
2026-04-25 23:16:37,694 - INFO - Step  180800 | Epoch  22 | MSE: 0.4677 | Steps/sec: 1.78 | LR: 1.55e-04 | Render_L1: 0.0235 | Alpha_L1: 0.0315 | Render_LPIPS: 0.1564 | Repel: 0.0000 | cos(c,null): +0.4997 | GradNorm: 0.4499 | MSE/t: [0.00-0.25]0.582(n=438) [0.25-0.50]0.509(n=1204) [0.50-0.75]0.421(n=1153) [0.75-1.00]0.352(n=405)
2026-04-25 23:16:38,190 - INFO - [cond] cfg_signal=0.0499 (min=0.0385 max=0.0742, n=16) | class_signal=0.0661 (min=0.0476 max=0.0855, n=16) | pred_rms=0.5832
2026-04-25 23:16:38,248 - INFO - [render-loss] step=180800 masked 5/16 samples (t_value < 0.40)
2026-04-25 23:18:29,950 - INFO - Step  181000 | Epoch  22 | MSE: 0.4663 | Steps/sec: 1.79 | LR: 1.55e-04 | Render_L1: 0.0233 | Alpha_L1: 0.0313 | Render_LPIPS: 0.1559 | Repel: 0.0000 | cos(c,null): +0.4992 | GradNorm: 0.4688 | MSE/t: [0.00-0.25]0.585(n=429) [0.25-0.50]0.522(n=1140) [0.50-0.75]0.404(n=1198) [0.75-1.00]0.374(n=433)
2026-04-25 23:18:30,431 - INFO - [cond] cfg_signal=0.0499 (min=0.0362 max=0.0708, n=16) | class_signal=0.0667 (min=0.0453 max=0.0894, n=16) | pred_rms=0.5990
2026-04-25 23:18:38,458 - INFO - [validation] saved: output/jit_JiT-B_8_from_scratch_null_repel/dit_validation/epoch_022_step_0181000_class112.png (class=112, sampler=heun, steps=100)
2026-04-25 23:18:39,737 - INFO - [overrides] applied from jit/configs/overrides.yaml: lr_scale=1.0 max_grad_norm=5.0 null_repel_weight=0.05 P_mean=0.0
2026-04-25 23:18:39,786 - INFO - [render-loss] step=181000 masked 7/16 samples (t_value < 0.40)
2026-04-25 23:20:31,748 - INFO - Step  181200 | Epoch  22 | MSE: 0.4476 | Steps/sec: 1.65 | LR: 1.55e-04 | Render_L1: 0.0234 | Alpha_L1: 0.0307 | Render_LPIPS: 0.1549 | Repel: 0.0000 | cos(c,null): +0.4968 | GradNorm: 0.4748 | MSE/t: [0.00-0.25]0.547(n=436) [0.25-0.50]0.484(n=1162) [0.50-0.75]0.406(n=1176) [0.75-1.00]0.364(n=426)
2026-04-25 23:20:32,212 - INFO - [cond] cfg_signal=0.0477 (min=0.0362 max=0.0665, n=16) | class_signal=0.0626 (min=0.0442 max=0.0812, n=16) | pred_rms=0.5808
2026-04-25 23:20:32,267 - INFO - [render-loss] step=181200 masked 5/16 samples (t_value < 0.40)
2026-04-25 23:22:24,979 - INFO - Step  181400 | Epoch  22 | MSE: 0.4766 | Steps/sec: 1.77 | LR: 1.55e-04 | Render_L1: 0.0243 | Alpha_L1: 0.0327 | Render_LPIPS: 0.1598 | Repel: 0.0000 | cos(c,null): +0.4965 | GradNorm: 0.4914 | MSE/t: [0.00-0.25]0.585(n=417) [0.25-0.50]0.510(n=1146) [0.50-0.75]0.429(n=1188) [0.75-1.00]0.417(n=449)
2026-04-25 23:22:25,450 - INFO - [cond] cfg_signal=0.0492 (min=0.0388 max=0.0674, n=16) | class_signal=0.0628 (min=0.0456 max=0.0785, n=16) | pred_rms=0.5951
2026-04-25 23:22:25,505 - INFO - [render-loss] step=181400 masked 5/16 samples (t_value < 0.40)
2026-04-25 23:24:17,464 - INFO - Step  181600 | Epoch  22 | MSE: 0.4639 | Steps/sec: 1.79 | LR: 1.54e-04 | Render_L1: 0.0235 | Alpha_L1: 0.0316 | Render_LPIPS: 0.1571 | Repel: 0.0000 | cos(c,null): +0.4978 | GradNorm: 0.4564 | MSE/t: [0.00-0.25]0.605(n=453) [0.25-0.50]0.493(n=1155) [0.50-0.75]0.418(n=1152) [0.75-1.00]0.364(n=440)
2026-04-25 23:24:17,942 - INFO - [cond] cfg_signal=0.0507 (min=0.0375 max=0.0680, n=16) | class_signal=0.0652 (min=0.0455 max=0.0816, n=16) | pred_rms=0.5851
2026-04-25 23:24:17,998 - INFO - [render-loss] step=181600 masked 6/16 samples (t_value < 0.40)
2026-04-25 23:26:09,877 - INFO - Step  181800 | Epoch  22 | MSE: 0.4559 | Steps/sec: 1.79 | LR: 1.54e-04 | Render_L1: 0.0238 | Alpha_L1: 0.0317 | Render_LPIPS: 0.1567 | Repel: 0.0000 | cos(c,null): +0.4949 | GradNorm: 0.4868 | MSE/t: [0.00-0.25]0.566(n=443) [0.25-0.50]0.498(n=1195) [0.50-0.75]0.405(n=1147) [0.75-1.00]0.360(n=415)
2026-04-25 23:26:10,362 - INFO - [cond] cfg_signal=0.0511 (min=0.0365 max=0.0688, n=16) | class_signal=0.0675 (min=0.0453 max=0.0919, n=16) | pred_rms=0.5849
2026-04-25 23:26:10,418 - INFO - [render-loss] step=181800 masked 5/16 samples (t_value < 0.40)
2026-04-25 23:28:02,550 - INFO - Step  182000 | Epoch  22 | MSE: 0.4554 | Steps/sec: 1.78 | LR: 1.54e-04 | Render_L1: 0.0239 | Alpha_L1: 0.0318 | Render_LPIPS: 0.1586 | Repel: 0.0000 | cos(c,null): +0.4957 | GradNorm: 0.4896 | MSE/t: [0.00-0.25]0.558(n=422) [0.25-0.50]0.494(n=1171) [0.50-0.75]0.416(n=1176) [0.75-1.00]0.358(n=431)
2026-04-25 23:28:03,028 - INFO - [cond] cfg_signal=0.0516 (min=0.0363 max=0.0674, n=16) | class_signal=0.0681 (min=0.0460 max=0.0945, n=16) | pred_rms=0.5765
2026-04-25 23:28:11,347 - INFO - [validation] saved: output/jit_JiT-B_8_from_scratch_null_repel/dit_validation/epoch_022_step_0182000_class022.png (class=22, sampler=heun, steps=100)
2026-04-25 23:28:12,655 - INFO - [overrides] applied from jit/configs/overrides.yaml: lr_scale=1.0 max_grad_norm=5.0 null_repel_weight=0.05 P_mean=0.0
2026-04-25 23:28:12,704 - INFO - [render-loss] step=182000 masked 7/16 samples (t_value < 0.40)
2026-04-25 23:30:05,155 - INFO - Step  182200 | Epoch  22 | MSE: 0.4576 | Steps/sec: 1.64 | LR: 1.54e-04 | Render_L1: 0.0234 | Alpha_L1: 0.0310 | Render_LPIPS: 0.1557 | Repel: 0.0000 | cos(c,null): +0.4965 | GradNorm: 0.4831 | MSE/t: [0.00-0.25]0.577(n=475) [0.25-0.50]0.494(n=1198) [0.50-0.75]0.394(n=1111) [0.75-1.00]0.386(n=416)
2026-04-25 23:30:05,628 - INFO - [cond] cfg_signal=0.0531 (min=0.0374 max=0.0712, n=16) | class_signal=0.0667 (min=0.0452 max=0.1008, n=16) | pred_rms=0.5900
2026-04-25 23:30:05,684 - INFO - [render-loss] step=182200 masked 9/16 samples (t_value < 0.40)
2026-04-25 23:31:57,735 - INFO - Step  182400 | Epoch  22 | MSE: 0.4588 | Steps/sec: 1.78 | LR: 1.54e-04 | Render_L1: 0.0239 | Alpha_L1: 0.0315 | Render_LPIPS: 0.1588 | Repel: 0.0000 | cos(c,null): +0.4977 | GradNorm: 0.4794 | MSE/t: [0.00-0.25]0.572(n=457) [0.25-0.50]0.492(n=1097) [0.50-0.75]0.414(n=1182) [0.75-1.00]0.384(n=464)
2026-04-25 23:31:58,202 - INFO - [cond] cfg_signal=0.0488 (min=0.0357 max=0.0648, n=16) | class_signal=0.0642 (min=0.0432 max=0.0870, n=16) | pred_rms=0.5780
2026-04-25 23:31:58,257 - INFO - [render-loss] step=182400 masked 8/16 samples (t_value < 0.40)
2026-04-25 23:33:49,867 - INFO - Step  182600 | Epoch  22 | MSE: 0.4805 | Steps/sec: 1.79 | LR: 1.54e-04 | Render_L1: 0.0235 | Alpha_L1: 0.0315 | Render_LPIPS: 0.1569 | Repel: 0.0000 | cos(c,null): +0.4966 | GradNorm: 0.5314 | MSE/t: [0.00-0.25]0.594(n=441) [0.25-0.50]0.510(n=1167) [0.50-0.75]0.445(n=1177) [0.75-1.00]0.378(n=415)
2026-04-25 23:33:50,337 - INFO - [cond] cfg_signal=0.0513 (min=0.0396 max=0.0688, n=16) | class_signal=0.0660 (min=0.0444 max=0.1003, n=16) | pred_rms=0.5886
2026-04-25 23:33:50,392 - INFO - [render-loss] step=182600 masked 8/16 samples (t_value < 0.40)
2026-04-25 23:35:42,705 - INFO - Step  182800 | Epoch  22 | MSE: 0.4693 | Steps/sec: 1.78 | LR: 1.54e-04 | Render_L1: 0.0236 | Alpha_L1: 0.0314 | Render_LPIPS: 0.1555 | Repel: 0.0000 | cos(c,null): +0.4913 | GradNorm: 0.4903 | MSE/t: [0.00-0.25]0.591(n=446) [0.25-0.50]0.502(n=1182) [0.50-0.75]0.427(n=1141) [0.75-1.00]0.365(n=431)
2026-04-25 23:35:43,142 - INFO - [cond] cfg_signal=0.0513 (min=0.0385 max=0.0656, n=16) | class_signal=0.0653 (min=0.0438 max=0.0944, n=16) | pred_rms=0.5784
2026-04-25 23:35:43,200 - INFO - [render-loss] step=182800 masked 6/16 samples (t_value < 0.40)
2026-04-25 23:37:36,613 - INFO - Step  183000 | Epoch  23 | MSE: 0.4581 | Steps/sec: 1.76 | LR: 1.54e-04 | Render_L1: 0.0231 | Alpha_L1: 0.0307 | Render_LPIPS: 0.1553 | Repel: 0.0000 | cos(c,null): +0.4918 | GradNorm: 0.4753 | MSE/t: [0.00-0.25]0.573(n=468) [0.25-0.50]0.497(n=1113) [0.50-0.75]0.411(n=1194) [0.75-1.00]0.360(n=425)
2026-04-25 23:37:37,088 - INFO - [cond] cfg_signal=0.0492 (min=0.0363 max=0.0628, n=16) | class_signal=0.0644 (min=0.0440 max=0.0922, n=16) | pred_rms=0.5788
2026-04-25 23:37:45,267 - INFO - [validation] saved: output/jit_JiT-B_8_from_scratch_null_repel/dit_validation/epoch_023_step_0183000_class002.png (class=2, sampler=heun, steps=100)
2026-04-25 23:37:46,714 - INFO - [overrides] applied from jit/configs/overrides.yaml: lr_scale=1.0 max_grad_norm=5.0 null_repel_weight=0.05 P_mean=0.0
2026-04-25 23:37:46,764 - INFO - [render-loss] step=183000 masked 8/16 samples (t_value < 0.40)
2026-04-25 23:39:38,654 - INFO - Step  183200 | Epoch  23 | MSE: 0.4800 | Steps/sec: 1.65 | LR: 1.54e-04 | Render_L1: 0.0239 | Alpha_L1: 0.0313 | Render_LPIPS: 0.1585 | Repel: 0.0000 | cos(c,null): +0.4935 | GradNorm: 0.4843 | MSE/t: [0.00-0.25]0.573(n=443) [0.25-0.50]0.517(n=1170) [0.50-0.75]0.439(n=1165) [0.75-1.00]0.392(n=422)
2026-04-25 23:39:39,132 - INFO - [cond] cfg_signal=0.0514 (min=0.0362 max=0.0693, n=16) | class_signal=0.0673 (min=0.0465 max=0.0988, n=16) | pred_rms=0.5952
2026-04-25 23:39:39,188 - INFO - [render-loss] step=183200 masked 6/16 samples (t_value < 0.40)
2026-04-25 23:41:31,337 - INFO - Step  183400 | Epoch  23 | MSE: 0.4601 | Steps/sec: 1.78 | LR: 1.54e-04 | Render_L1: 0.0237 | Alpha_L1: 0.0312 | Render_LPIPS: 0.1566 | Repel: 0.0000 | cos(c,null): +0.4959 | GradNorm: 0.5261 | MSE/t: [0.00-0.25]0.575(n=436) [0.25-0.50]0.513(n=1139) [0.50-0.75]0.403(n=1173) [0.75-1.00]0.364(n=452)
2026-04-25 23:41:31,816 - INFO - [cond] cfg_signal=0.0520 (min=0.0373 max=0.0680, n=16) | class_signal=0.0684 (min=0.0476 max=0.1042, n=16) | pred_rms=0.5911
2026-04-25 23:41:31,871 - INFO - [render-loss] step=183400 masked 6/16 samples (t_value < 0.40)
2026-04-25 23:43:24,084 - INFO - Step  183600 | Epoch  23 | MSE: 0.4677 | Steps/sec: 1.78 | LR: 1.54e-04 | Render_L1: 0.0235 | Alpha_L1: 0.0311 | Render_LPIPS: 0.1561 | Repel: 0.0000 | cos(c,null): +0.4961 | GradNorm: 0.5174 | MSE/t: [0.00-0.25]0.590(n=433) [0.25-0.50]0.504(n=1188) [0.50-0.75]0.420(n=1164) [0.75-1.00]0.371(n=415)
2026-04-25 23:43:24,554 - INFO - [cond] cfg_signal=0.0513 (min=0.0379 max=0.0682, n=16) | class_signal=0.0668 (min=0.0454 max=0.1103, n=16) | pred_rms=0.5792
2026-04-25 23:43:24,610 - INFO - [render-loss] step=183600 masked 4/16 samples (t_value < 0.40)
2026-04-25 23:45:16,986 - INFO - Step  183800 | Epoch  23 | MSE: 0.4629 | Steps/sec: 1.78 | LR: 1.53e-04 | Render_L1: 0.0241 | Alpha_L1: 0.0322 | Render_LPIPS: 0.1568 | Repel: 0.0000 | cos(c,null): +0.4965 | GradNorm: 0.6090 | MSE/t: [0.00-0.25]0.557(n=443) [0.25-0.50]0.509(n=1160) [0.50-0.75]0.419(n=1157) [0.75-1.00]0.362(n=440)
2026-04-25 23:45:17,466 - INFO - [cond] cfg_signal=0.0524 (min=0.0384 max=0.0770, n=16) | class_signal=0.0699 (min=0.0471 max=0.1234, n=16) | pred_rms=0.5840
2026-04-25 23:45:17,521 - INFO - [render-loss] step=183800 masked 8/16 samples (t_value < 0.40)
2026-04-25 23:47:09,037 - INFO - Step  184000 | Epoch  23 | MSE: 0.4739 | Steps/sec: 1.79 | LR: 1.53e-04 | Render_L1: 0.0240 | Alpha_L1: 0.0318 | Render_LPIPS: 0.1599 | Repel: 0.0000 | cos(c,null): +0.4962 | GradNorm: 0.5030 | MSE/t: [0.00-0.25]0.619(n=452) [0.25-0.50]0.506(n=1122) [0.50-0.75]0.426(n=1165) [0.75-1.00]0.375(n=461)
2026-04-25 23:47:09,509 - INFO - [cond] cfg_signal=0.0532 (min=0.0351 max=0.0722, n=16) | class_signal=0.0695 (min=0.0467 max=0.1241, n=16) | pred_rms=0.5939
2026-04-25 23:47:17,570 - INFO - [validation] saved: output/jit_JiT-B_8_from_scratch_null_repel/dit_validation/epoch_023_step_0184000_class103.png (class=103, sampler=heun, steps=100)
2026-04-25 23:47:18,860 - INFO - [overrides] applied from jit/configs/overrides.yaml: lr_scale=1.0 max_grad_norm=5.0 null_repel_weight=0.05 P_mean=0.0
2026-04-25 23:47:18,909 - INFO - [render-loss] step=184000 masked 7/16 samples (t_value < 0.40)
2026-04-25 23:49:10,855 - INFO - Step  184200 | Epoch  23 | MSE: 0.4705 | Steps/sec: 1.65 | LR: 1.53e-04 | Render_L1: 0.0239 | Alpha_L1: 0.0313 | Render_LPIPS: 0.1583 | Repel: 0.0000 | cos(c,null): +0.4958 | GradNorm: 0.7889 | MSE/t: [0.00-0.25]0.569(n=409) [0.25-0.50]0.517(n=1229) [0.50-0.75]0.422(n=1103) [0.75-1.00]0.375(n=459)
2026-04-25 23:49:11,327 - INFO - [cond] cfg_signal=0.0503 (min=0.0354 max=0.0690, n=16) | class_signal=0.0662 (min=0.0457 max=0.1136, n=16) | pred_rms=0.5867
2026-04-25 23:49:11,385 - INFO - [render-loss] step=184200 masked 3/16 samples (t_value < 0.40)
2026-04-25 23:51:03,576 - INFO - Step  184400 | Epoch  23 | MSE: 0.4612 | Steps/sec: 1.78 | LR: 1.53e-04 | Render_L1: 0.0225 | Alpha_L1: 0.0299 | Render_LPIPS: 0.1528 | Repel: 0.0000 | cos(c,null): +0.4959 | GradNorm: 0.4849 | MSE/t: [0.00-0.25]0.581(n=433) [0.25-0.50]0.510(n=1167) [0.50-0.75]0.408(n=1164) [0.75-1.00]0.353(n=436)
2026-04-25 23:51:04,043 - INFO - [cond] cfg_signal=0.0512 (min=0.0362 max=0.0738, n=16) | class_signal=0.0673 (min=0.0453 max=0.1133, n=16) | pred_rms=0.5786
2026-04-25 23:51:04,099 - INFO - [render-loss] step=184400 masked 3/16 samples (t_value < 0.40)
2026-04-25 23:52:56,077 - INFO - Step  184600 | Epoch  23 | MSE: 0.4600 | Steps/sec: 1.79 | LR: 1.53e-04 | Render_L1: 0.0237 | Alpha_L1: 0.0323 | Render_LPIPS: 0.1592 | Repel: 0.0000 | cos(c,null): +0.4957 | GradNorm: 0.5265 | MSE/t: [0.00-0.25]0.573(n=404) [0.25-0.50]0.495(n=1176) [0.50-0.75]0.417(n=1185) [0.75-1.00]0.377(n=435)
2026-04-25 23:52:56,566 - INFO - [cond] cfg_signal=0.0496 (min=0.0343 max=0.0653, n=16) | class_signal=0.0631 (min=0.0427 max=0.1030, n=16) | pred_rms=0.5906
2026-04-25 23:52:56,621 - INFO - [render-loss] step=184600 masked 5/16 samples (t_value < 0.40)
2026-04-25 23:54:48,583 - INFO - Step  184800 | Epoch  23 | MSE: 0.4716 | Steps/sec: 1.79 | LR: 1.53e-04 | Render_L1: 0.0234 | Alpha_L1: 0.0307 | Render_LPIPS: 0.1543 | Repel: 0.0000 | cos(c,null): +0.4964 | GradNorm: 0.4976 | MSE/t: [0.00-0.25]0.581(n=429) [0.25-0.50]0.522(n=1227) [0.50-0.75]0.416(n=1106) [0.75-1.00]0.366(n=438)
2026-04-25 23:54:49,053 - INFO - [cond] cfg_signal=0.0531 (min=0.0371 max=0.0700, n=16) | class_signal=0.0687 (min=0.0474 max=0.1071, n=16) | pred_rms=0.5952
2026-04-25 23:54:49,109 - INFO - [render-loss] step=184800 masked 7/16 samples (t_value < 0.40)
2026-04-25 23:56:41,376 - INFO - Step  185000 | Epoch  23 | MSE: 0.4825 | Steps/sec: 1.78 | LR: 1.53e-04 | Render_L1: 0.0238 | Alpha_L1: 0.0324 | Render_LPIPS: 0.1566 | Repel: 0.0000 | cos(c,null): +0.4975 | GradNorm: 0.6016 | MSE/t: [0.00-0.25]0.611(n=462) [0.25-0.50]0.525(n=1157) [0.50-0.75]0.429(n=1136) [0.75-1.00]0.375(n=445)
2026-04-25 23:56:41,834 - INFO - [cond] cfg_signal=0.0515 (min=0.0357 max=0.0681, n=16) | class_signal=0.0667 (min=0.0440 max=0.1076, n=16) | pred_rms=0.5834
2026-04-25 23:56:49,864 - INFO - [validation] saved: output/jit_JiT-B_8_from_scratch_null_repel/dit_validation/epoch_023_step_0185000_class038.png (class=38, sampler=heun, steps=100)
2026-04-25 23:56:51,157 - INFO - [overrides] applied from jit/configs/overrides.yaml: lr_scale=1.0 max_grad_norm=5.0 null_repel_weight=0.05 P_mean=0.0
2026-04-25 23:56:51,207 - INFO - [render-loss] step=185000 masked 7/16 samples (t_value < 0.40)
2026-04-25 23:58:43,225 - INFO - Step  185200 | Epoch  23 | MSE: 0.4683 | Steps/sec: 1.65 | LR: 1.53e-04 | Render_L1: 0.0242 | Alpha_L1: 0.0315 | Render_LPIPS: 0.1588 | Repel: 0.0000 | cos(c,null): +0.4986 | GradNorm: 0.5204 | MSE/t: [0.00-0.25]0.545(n=403) [0.25-0.50]0.523(n=1219) [0.50-0.75]0.422(n=1177) [0.75-1.00]0.362(n=401)
2026-04-25 23:58:43,682 - INFO - [cond] cfg_signal=0.0507 (min=0.0352 max=0.0691, n=16) | class_signal=0.0656 (min=0.0451 max=0.1006, n=16) | pred_rms=0.5944
2026-04-25 23:58:43,735 - INFO - [render-loss] step=185200 masked 7/16 samples (t_value < 0.40)
2026-04-26 00:00:35,495 - INFO - Step  185400 | Epoch  23 | MSE: 0.4602 | Steps/sec: 1.79 | LR: 1.53e-04 | Render_L1: 0.0234 | Alpha_L1: 0.0310 | Render_LPIPS: 0.1561 | Repel: 0.0000 | cos(c,null): +0.4987 | GradNorm: 0.5048 | MSE/t: [0.00-0.25]0.578(n=404) [0.25-0.50]0.496(n=1234) [0.50-0.75]0.413(n=1153) [0.75-1.00]0.369(n=409)
2026-04-26 00:00:35,961 - INFO - [cond] cfg_signal=0.0537 (min=0.0363 max=0.0686, n=16) | class_signal=0.0693 (min=0.0484 max=0.1051, n=16) | pred_rms=0.6048
2026-04-26 00:00:36,016 - INFO - [render-loss] step=185400 masked 7/16 samples (t_value < 0.40)
2026-04-26 00:02:28,382 - INFO - Step  185600 | Epoch  23 | MSE: 0.4642 | Steps/sec: 1.78 | LR: 1.53e-04 | Render_L1: 0.0238 | Alpha_L1: 0.0312 | Render_LPIPS: 0.1570 | Repel: 0.0000 | cos(c,null): +0.4993 | GradNorm: 0.5288 | MSE/t: [0.00-0.25]0.562(n=423) [0.25-0.50]0.503(n=1236) [0.50-0.75]0.419(n=1140) [0.75-1.00]0.370(n=401)
2026-04-26 00:02:28,857 - INFO - [cond] cfg_signal=0.0506 (min=0.0350 max=0.0682, n=16) | class_signal=0.0649 (min=0.0486 max=0.0955, n=16) | pred_rms=0.5916
2026-04-26 00:02:28,916 - INFO - [render-loss] step=185600 masked 5/16 samples (t_value < 0.40)
2026-04-26 00:04:21,122 - INFO - Step  185800 | Epoch  23 | MSE: 0.4731 | Steps/sec: 1.78 | LR: 1.52e-04 | Render_L1: 0.0236 | Alpha_L1: 0.0305 | Render_LPIPS: 0.1547 | Repel: 0.0000 | cos(c,null): +0.4997 | GradNorm: 0.5144 | MSE/t: [0.00-0.25]0.629(n=430) [0.25-0.50]0.508(n=1141) [0.50-0.75]0.420(n=1182) [0.75-1.00]0.376(n=447)
2026-04-26 00:04:21,593 - INFO - [cond] cfg_signal=0.0528 (min=0.0363 max=0.0675, n=16) | class_signal=0.0686 (min=0.0493 max=0.1059, n=16) | pred_rms=0.5916
2026-04-26 00:04:21,653 - INFO - [render-loss] step=185800 masked 6/16 samples (t_value < 0.40)
2026-04-26 00:06:13,705 - INFO - Step  186000 | Epoch  23 | MSE: 0.4611 | Steps/sec: 1.78 | LR: 1.52e-04 | Render_L1: 0.0227 | Alpha_L1: 0.0301 | Render_LPIPS: 0.1529 | Repel: 0.0000 | cos(c,null): +0.5015 | GradNorm: 0.5015 | MSE/t: [0.00-0.25]0.601(n=409) [0.25-0.50]0.510(n=1152) [0.50-0.75]0.404(n=1216) [0.75-1.00]0.357(n=423)
2026-04-26 00:06:14,166 - INFO - [cond] cfg_signal=0.0539 (min=0.0365 max=0.0734, n=16) | class_signal=0.0703 (min=0.0517 max=0.1065, n=16) | pred_rms=0.6029
2026-04-26 00:06:22,170 - INFO - [validation] saved: output/jit_JiT-B_8_from_scratch_null_repel/dit_validation/epoch_023_step_0186000_class084.png (class=84, sampler=heun, steps=100)
2026-04-26 00:06:23,444 - INFO - [overrides] applied from jit/configs/overrides.yaml: lr_scale=1.0 max_grad_norm=5.0 null_repel_weight=0.05 P_mean=0.0
2026-04-26 00:06:23,494 - INFO - [render-loss] step=186000 masked 4/16 samples (t_value < 0.40)
2026-04-26 00:08:15,458 - INFO - Step  186200 | Epoch  23 | MSE: 0.4527 | Steps/sec: 1.65 | LR: 1.52e-04 | Render_L1: 0.0229 | Alpha_L1: 0.0302 | Render_LPIPS: 0.1546 | Repel: 0.0000 | cos(c,null): +0.5016 | GradNorm: 0.5124 | MSE/t: [0.00-0.25]0.563(n=443) [0.25-0.50]0.498(n=1117) [0.50-0.75]0.410(n=1208) [0.75-1.00]0.342(n=432)
2026-04-26 00:08:15,952 - INFO - [cond] cfg_signal=0.0494 (min=0.0350 max=0.0640, n=16) | class_signal=0.0641 (min=0.0461 max=0.0911, n=16) | pred_rms=0.5922
2026-04-26 00:08:16,008 - INFO - [render-loss] step=186200 masked 6/16 samples (t_value < 0.40)
2026-04-26 00:10:08,195 - INFO - Step  186400 | Epoch  23 | MSE: 0.4784 | Steps/sec: 1.78 | LR: 1.52e-04 | Render_L1: 0.0233 | Alpha_L1: 0.0312 | Render_LPIPS: 0.1564 | Repel: 0.0000 | cos(c,null): +0.5027 | GradNorm: 0.6113 | MSE/t: [0.00-0.25]0.589(n=426) [0.25-0.50]0.520(n=1162) [0.50-0.75]0.440(n=1169) [0.75-1.00]0.366(n=443)
2026-04-26 00:10:08,677 - INFO - [cond] cfg_signal=0.0515 (min=0.0381 max=0.0741, n=16) | class_signal=0.0662 (min=0.0468 max=0.0991, n=16) | pred_rms=0.5916
2026-04-26 00:10:08,732 - INFO - [render-loss] step=186400 masked 7/16 samples (t_value < 0.40)
2026-04-26 00:12:00,745 - INFO - Step  186600 | Epoch  23 | MSE: 0.4616 | Steps/sec: 1.78 | LR: 1.52e-04 | Render_L1: 0.0229 | Alpha_L1: 0.0302 | Render_LPIPS: 0.1536 | Repel: 0.0000 | cos(c,null): +0.5028 | GradNorm: 0.5304 | MSE/t: [0.00-0.25]0.589(n=423) [0.25-0.50]0.503(n=1164) [0.50-0.75]0.407(n=1154) [0.75-1.00]0.378(n=459)
2026-04-26 00:12:01,200 - INFO - [cond] cfg_signal=0.0500 (min=0.0360 max=0.0728, n=16) | class_signal=0.0660 (min=0.0439 max=0.1011, n=16) | pred_rms=0.5995
2026-04-26 00:12:01,254 - INFO - [render-loss] step=186600 masked 4/16 samples (t_value < 0.40)
2026-04-26 00:13:52,978 - INFO - Step  186800 | Epoch  23 | MSE: 0.4748 | Steps/sec: 1.79 | LR: 1.52e-04 | Render_L1: 0.0240 | Alpha_L1: 0.0317 | Render_LPIPS: 0.1571 | Repel: 0.0000 | cos(c,null): +0.5023 | GradNorm: 0.5209 | MSE/t: [0.00-0.25]0.581(n=432) [0.25-0.50]0.509(n=1172) [0.50-0.75]0.440(n=1151) [0.75-1.00]0.371(n=445)
2026-04-26 00:13:53,438 - INFO - [cond] cfg_signal=0.0531 (min=0.0401 max=0.0668, n=16) | class_signal=0.0690 (min=0.0472 max=0.0994, n=16) | pred_rms=0.5930
2026-04-26 00:13:53,659 - INFO - [render-loss] step=186800 masked 3/16 samples (t_value < 0.40)
2026-04-26 00:15:45,408 - INFO - Step  187000 | Epoch  23 | MSE: 0.4678 | Steps/sec: 1.79 | LR: 1.52e-04 | Render_L1: 0.0236 | Alpha_L1: 0.0311 | Render_LPIPS: 0.1567 | Repel: 0.0000 | cos(c,null): +0.5025 | GradNorm: 0.5518 | MSE/t: [0.00-0.25]0.601(n=456) [0.25-0.50]0.501(n=1144) [0.50-0.75]0.414(n=1160) [0.75-1.00]0.385(n=440)
2026-04-26 00:15:45,869 - INFO - [cond] cfg_signal=0.0513 (min=0.0393 max=0.0680, n=16) | class_signal=0.0660 (min=0.0452 max=0.0985, n=16) | pred_rms=0.6023
2026-04-26 00:15:54,153 - INFO - [validation] saved: output/jit_JiT-B_8_from_scratch_null_repel/dit_validation/epoch_023_step_0187000_class025.png (class=25, sampler=heun, steps=100)
2026-04-26 00:15:55,638 - INFO - [overrides] applied from jit/configs/overrides.yaml: lr_scale=1.0 max_grad_norm=5.0 null_repel_weight=0.05 P_mean=0.0
2026-04-26 00:15:55,687 - INFO - [render-loss] step=187000 masked 10/16 samples (t_value < 0.40)
2026-04-26 00:17:48,065 - INFO - Step  187200 | Epoch  23 | MSE: 0.4810 | Steps/sec: 1.64 | LR: 1.52e-04 | Render_L1: 0.0240 | Alpha_L1: 0.0317 | Render_LPIPS: 0.1584 | Repel: 0.0000 | cos(c,null): +0.5025 | GradNorm: 0.5526 | MSE/t: [0.00-0.25]0.614(n=431) [0.25-0.50]0.499(n=1216) [0.50-0.75]0.435(n=1159) [0.75-1.00]0.416(n=394)
2026-04-26 00:17:48,530 - INFO - [cond] cfg_signal=0.0524 (min=0.0395 max=0.0730, n=16) | class_signal=0.0682 (min=0.0445 max=0.1083, n=16) | pred_rms=0.5909
2026-04-26 00:17:48,590 - INFO - [render-loss] step=187200 masked 6/16 samples (t_value < 0.40)
2026-04-26 00:19:40,426 - INFO - Step  187400 | Epoch  23 | MSE: 0.4623 | Steps/sec: 1.79 | LR: 1.52e-04 | Render_L1: 0.0230 | Alpha_L1: 0.0314 | Render_LPIPS: 0.1545 | Repel: 0.0000 | cos(c,null): +0.5010 | GradNorm: 0.5407 | MSE/t: [0.00-0.25]0.549(n=438) [0.25-0.50]0.509(n=1169) [0.50-0.75]0.424(n=1193) [0.75-1.00]0.345(n=400)
2026-04-26 00:19:40,888 - INFO - [cond] cfg_signal=0.0521 (min=0.0390 max=0.0734, n=16) | class_signal=0.0685 (min=0.0459 max=0.1009, n=16) | pred_rms=0.5852
2026-04-26 00:19:40,942 - INFO - [render-loss] step=187400 masked 7/16 samples (t_value < 0.40)
2026-04-26 00:21:32,840 - INFO - Step  187600 | Epoch  23 | MSE: 0.4678 | Steps/sec: 1.79 | LR: 1.52e-04 | Render_L1: 0.0242 | Alpha_L1: 0.0324 | Render_LPIPS: 0.1592 | Repel: 0.0000 | cos(c,null): +0.5009 | GradNorm: 0.5751 | MSE/t: [0.00-0.25]0.588(n=440) [0.25-0.50]0.496(n=1166) [0.50-0.75]0.426(n=1154) [0.75-1.00]0.381(n=440)
2026-04-26 00:21:33,305 - INFO - [cond] cfg_signal=0.0533 (min=0.0403 max=0.0746, n=16) | class_signal=0.0700 (min=0.0460 max=0.1048, n=16) | pred_rms=0.6066
2026-04-26 00:21:33,358 - INFO - [render-loss] step=187600 masked 8/16 samples (t_value < 0.40)
2026-04-26 00:23:25,764 - INFO - Step  187800 | Epoch  23 | MSE: 0.4690 | Steps/sec: 1.78 | LR: 1.52e-04 | Render_L1: 0.0235 | Alpha_L1: 0.0311 | Render_LPIPS: 0.1563 | Repel: 0.0000 | cos(c,null): +0.5014 | GradNorm: 0.5555 | MSE/t: [0.00-0.25]0.588(n=449) [0.25-0.50]0.507(n=1148) [0.50-0.75]0.418(n=1182) [0.75-1.00]0.383(n=421)
2026-04-26 00:23:26,242 - INFO - [cond] cfg_signal=0.0514 (min=0.0397 max=0.0750, n=16) | class_signal=0.0675 (min=0.0435 max=0.0966, n=16) | pred_rms=0.6066
2026-04-26 00:23:26,298 - INFO - [render-loss] step=187800 masked 4/16 samples (t_value < 0.40)
2026-04-26 00:25:18,447 - INFO - Step  188000 | Epoch  23 | MSE: 0.4667 | Steps/sec: 1.78 | LR: 1.51e-04 | Render_L1: 0.0234 | Alpha_L1: 0.0306 | Render_LPIPS: 0.1553 | Repel: 0.0000 | cos(c,null): +0.5005 | GradNorm: 0.5277 | MSE/t: [0.00-0.25]0.624(n=441) [0.25-0.50]0.496(n=1136) [0.50-0.75]0.424(n=1158) [0.75-1.00]0.353(n=465)
2026-04-26 00:25:18,910 - INFO - [cond] cfg_signal=0.0515 (min=0.0393 max=0.0681, n=16) | class_signal=0.0668 (min=0.0449 max=0.0914, n=16) | pred_rms=0.5945
2026-04-26 00:25:26,906 - INFO - [validation] saved: output/jit_JiT-B_8_from_scratch_null_repel/dit_validation/epoch_023_step_0188000_class074.png (class=74, sampler=heun, steps=100)
2026-04-26 00:25:28,193 - INFO - [overrides] applied from jit/configs/overrides.yaml: lr_scale=1.0 max_grad_norm=5.0 null_repel_weight=0.05 P_mean=0.0
2026-04-26 00:25:28,242 - INFO - [render-loss] step=188000 masked 5/16 samples (t_value < 0.40)
2026-04-26 00:27:20,066 - INFO - Step  188200 | Epoch  23 | MSE: 0.4644 | Steps/sec: 1.65 | LR: 1.51e-04 | Render_L1: 0.0235 | Alpha_L1: 0.0306 | Render_LPIPS: 0.1560 | Repel: 0.0000 | cos(c,null): +0.5002 | GradNorm: 0.5208 | MSE/t: [0.00-0.25]0.586(n=455) [0.25-0.50]0.501(n=1177) [0.50-0.75]0.414(n=1166) [0.75-1.00]0.366(n=402)
2026-04-26 00:27:20,532 - INFO - [cond] cfg_signal=0.0531 (min=0.0397 max=0.0704, n=16) | class_signal=0.0695 (min=0.0446 max=0.1000, n=16) | pred_rms=0.5780
2026-04-26 00:27:20,587 - INFO - [render-loss] step=188200 masked 3/16 samples (t_value < 0.40)
2026-04-26 00:29:12,637 - INFO - Step  188400 | Epoch  23 | MSE: 0.4699 | Steps/sec: 1.78 | LR: 1.51e-04 | Render_L1: 0.0236 | Alpha_L1: 0.0310 | Render_LPIPS: 0.1563 | Repel: 0.0000 | cos(c,null): +0.4997 | GradNorm: 0.5496 | MSE/t: [0.00-0.25]0.568(n=412) [0.25-0.50]0.508(n=1186) [0.50-0.75]0.433(n=1168) [0.75-1.00]0.370(n=434)
2026-04-26 00:29:13,112 - INFO - [cond] cfg_signal=0.0500 (min=0.0374 max=0.0686, n=16) | class_signal=0.0664 (min=0.0462 max=0.0965, n=16) | pred_rms=0.5824
2026-04-26 00:29:13,167 - INFO - [render-loss] step=188400 masked 3/16 samples (t_value < 0.40)
2026-04-26 00:31:05,125 - INFO - Step  188600 | Epoch  23 | MSE: 0.4599 | Steps/sec: 1.79 | LR: 1.51e-04 | Render_L1: 0.0232 | Alpha_L1: 0.0311 | Render_LPIPS: 0.1550 | Repel: 0.0000 | cos(c,null): +0.4993 | GradNorm: 0.5336 | MSE/t: [0.00-0.25]0.555(n=441) [0.25-0.50]0.500(n=1179) [0.50-0.75]0.414(n=1157) [0.75-1.00]0.375(n=423)
2026-04-26 00:31:05,627 - INFO - [cond] cfg_signal=0.0539 (min=0.0382 max=0.0692, n=16) | class_signal=0.0718 (min=0.0504 max=0.0992, n=16) | pred_rms=0.5936
2026-04-26 00:31:05,687 - INFO - [render-loss] step=188600 masked 7/16 samples (t_value < 0.40)
2026-04-26 00:32:57,345 - INFO - Step  188800 | Epoch  23 | MSE: 0.4708 | Steps/sec: 1.79 | LR: 1.51e-04 | Render_L1: 0.0231 | Alpha_L1: 0.0305 | Render_LPIPS: 0.1527 | Repel: 0.0000 | cos(c,null): +0.5007 | GradNorm: 0.5300 | MSE/t: [0.00-0.25]0.604(n=432) [0.25-0.50]0.521(n=1164) [0.50-0.75]0.412(n=1170) [0.75-1.00]0.364(n=434)
2026-04-26 00:32:57,812 - INFO - [cond] cfg_signal=0.0537 (min=0.0401 max=0.0675, n=16) | class_signal=0.0697 (min=0.0503 max=0.0975, n=16) | pred_rms=0.5841
2026-04-26 00:32:57,867 - INFO - [render-loss] step=188800 masked 6/16 samples (t_value < 0.40)
2026-04-26 00:34:49,563 - INFO - Step  189000 | Epoch  23 | MSE: 0.4674 | Steps/sec: 1.79 | LR: 1.51e-04 | Render_L1: 0.0239 | Alpha_L1: 0.0314 | Render_LPIPS: 0.1581 | Repel: 0.0000 | cos(c,null): +0.5000 | GradNorm: 0.5184 | MSE/t: [0.00-0.25]0.565(n=441) [0.25-0.50]0.511(n=1201) [0.50-0.75]0.418(n=1157) [0.75-1.00]0.370(n=401)
2026-04-26 00:34:50,012 - INFO - [cond] cfg_signal=0.0521 (min=0.0415 max=0.0659, n=16) | class_signal=0.0673 (min=0.0504 max=0.0857, n=16) | pred_rms=0.5892
2026-04-26 00:34:58,029 - INFO - [validation] saved: output/jit_JiT-B_8_from_scratch_null_repel/dit_validation/epoch_023_step_0189000_class020.png (class=20, sampler=heun, steps=100)
2026-04-26 00:34:59,328 - INFO - [overrides] applied from jit/configs/overrides.yaml: lr_scale=1.0 max_grad_norm=5.0 null_repel_weight=0.05 P_mean=0.0
2026-04-26 00:34:59,374 - INFO - [render-loss] step=189000 masked 9/16 samples (t_value < 0.40)
2026-04-26 00:36:51,519 - INFO - Step  189200 | Epoch  23 | MSE: 0.4659 | Steps/sec: 1.65 | LR: 1.51e-04 | Render_L1: 0.0229 | Alpha_L1: 0.0312 | Render_LPIPS: 0.1545 | Repel: 0.0000 | cos(c,null): +0.4996 | GradNorm: 0.5398 | MSE/t: [0.00-0.25]0.574(n=442) [0.25-0.50]0.510(n=1173) [0.50-0.75]0.410(n=1169) [0.75-1.00]0.382(n=416)
2026-04-26 00:36:51,997 - INFO - [cond] cfg_signal=0.0542 (min=0.0402 max=0.0697, n=16) | class_signal=0.0720 (min=0.0530 max=0.0895, n=16) | pred_rms=0.5847
2026-04-26 00:36:52,055 - INFO - [render-loss] step=189200 masked 7/16 samples (t_value < 0.40)
2026-04-26 00:38:44,430 - INFO - Step  189400 | Epoch  23 | MSE: 0.4557 | Steps/sec: 1.78 | LR: 1.51e-04 | Render_L1: 0.0225 | Alpha_L1: 0.0299 | Render_LPIPS: 0.1512 | Repel: 0.0000 | cos(c,null): +0.4993 | GradNorm: 0.5251 | MSE/t: [0.00-0.25]0.574(n=438) [0.25-0.50]0.499(n=1155) [0.50-0.75]0.402(n=1167) [0.75-1.00]0.365(n=440)
2026-04-26 00:38:44,894 - INFO - [cond] cfg_signal=0.0555 (min=0.0423 max=0.0713, n=16) | class_signal=0.0742 (min=0.0477 max=0.0958, n=16) | pred_rms=0.5807
2026-04-26 00:38:44,952 - INFO - [render-loss] step=189400 masked 8/16 samples (t_value < 0.40)
2026-04-26 00:40:36,769 - INFO - Step  189600 | Epoch  23 | MSE: 0.4601 | Steps/sec: 1.79 | LR: 1.51e-04 | Render_L1: 0.0234 | Alpha_L1: 0.0307 | Render_LPIPS: 0.1557 | Repel: 0.0000 | cos(c,null): +0.4995 | GradNorm: 0.5537 | MSE/t: [0.00-0.25]0.546(n=391) [0.25-0.50]0.503(n=1167) [0.50-0.75]0.421(n=1192) [0.75-1.00]0.377(n=450)
2026-04-26 00:40:37,252 - INFO - [cond] cfg_signal=0.0543 (min=0.0397 max=0.0712, n=16) | class_signal=0.0721 (min=0.0490 max=0.0947, n=16) | pred_rms=0.5998
2026-04-26 00:40:37,308 - INFO - [render-loss] step=189600 masked 5/16 samples (t_value < 0.40)
2026-04-26 00:42:28,993 - INFO - Step  189800 | Epoch  23 | MSE: 0.4849 | Steps/sec: 1.79 | LR: 1.51e-04 | Render_L1: 0.0243 | Alpha_L1: 0.0325 | Render_LPIPS: 0.1593 | Repel: 0.0000 | cos(c,null): +0.4985 | GradNorm: 0.9446 | MSE/t: [0.00-0.25]0.609(n=440) [0.25-0.50]0.525(n=1210) [0.50-0.75]0.423(n=1131) [0.75-1.00]0.406(n=419)
2026-04-26 00:42:29,457 - INFO - [cond] cfg_signal=0.0579 (min=0.0422 max=0.0801, n=16) | class_signal=0.0770 (min=0.0506 max=0.1009, n=16) | pred_rms=0.6141
2026-04-26 00:42:29,511 - INFO - [render-loss] step=189800 masked 6/16 samples (t_value < 0.40)
2026-04-26 00:44:21,670 - INFO - Step  190000 | Epoch  23 | MSE: 0.4728 | Steps/sec: 1.78 | LR: 1.51e-04 | Render_L1: 0.0234 | Alpha_L1: 0.0307 | Render_LPIPS: 0.1556 | Repel: 0.0000 | cos(c,null): +0.4980 | GradNorm: 0.5626 | MSE/t: [0.00-0.25]0.592(n=445) [0.25-0.50]0.516(n=1179) [0.50-0.75]0.418(n=1152) [0.75-1.00]0.376(n=424)
2026-04-26 00:44:22,220 - INFO - [cond] cfg_signal=0.0561 (min=0.0440 max=0.0746, n=16) | class_signal=0.0752 (min=0.0514 max=0.1022, n=16) | pred_rms=0.5989
2026-04-26 00:44:30,405 - INFO - [validation] saved: output/jit_JiT-B_8_from_scratch_null_repel/dit_validation/epoch_023_step_0190000_class076.png (class=76, sampler=heun, steps=100)
2026-04-26 00:44:31,906 - INFO - [overrides] applied from jit/configs/overrides.yaml: lr_scale=1.0 max_grad_norm=5.0 null_repel_weight=0.05 P_mean=0.0
2026-04-26 00:44:31,954 - INFO - [render-loss] step=190000 masked 6/16 samples (t_value < 0.40)
2026-04-26 00:46:24,239 - INFO - Step  190200 | Epoch  23 | MSE: 0.4653 | Steps/sec: 1.64 | LR: 1.50e-04 | Render_L1: 0.0234 | Alpha_L1: 0.0307 | Render_LPIPS: 0.1548 | Repel: 0.0000 | cos(c,null): +0.4990 | GradNorm: 0.5298 | MSE/t: [0.00-0.25]0.593(n=453) [0.25-0.50]0.500(n=1163) [0.50-0.75]0.418(n=1168) [0.75-1.00]0.361(n=416)
2026-04-26 00:46:24,723 - INFO - [cond] cfg_signal=0.0542 (min=0.0434 max=0.0732, n=16) | class_signal=0.0715 (min=0.0486 max=0.0910, n=16) | pred_rms=0.6119
2026-04-26 00:46:24,780 - INFO - [render-loss] step=190200 masked 7/16 samples (t_value < 0.40)
2026-04-26 00:48:16,393 - INFO - Step  190400 | Epoch  23 | MSE: 0.4678 | Steps/sec: 1.79 | LR: 1.50e-04 | Render_L1: 0.0231 | Alpha_L1: 0.0311 | Render_LPIPS: 0.1538 | Repel: 0.0000 | cos(c,null): +0.4982 | GradNorm: 0.5763 | MSE/t: [0.00-0.25]0.593(n=451) [0.25-0.50]0.504(n=1166) [0.50-0.75]0.409(n=1157) [0.75-1.00]0.395(n=426)
2026-04-26 00:48:16,859 - INFO - [cond] cfg_signal=0.0531 (min=0.0411 max=0.0694, n=16) | class_signal=0.0695 (min=0.0473 max=0.0828, n=16) | pred_rms=0.6046
2026-04-26 00:48:16,914 - INFO - [render-loss] step=190400 masked 7/16 samples (t_value < 0.40)
2026-04-26 00:50:08,837 - INFO - Step  190600 | Epoch  23 | MSE: 0.4633 | Steps/sec: 1.79 | LR: 1.50e-04 | Render_L1: 0.0229 | Alpha_L1: 0.0304 | Render_LPIPS: 0.1541 | Repel: 0.0000 | cos(c,null): +0.4986 | GradNorm: 0.5543 | MSE/t: [0.00-0.25]0.585(n=440) [0.25-0.50]0.514(n=1105) [0.50-0.75]0.411(n=1182) [0.75-1.00]0.361(n=473)
2026-04-26 00:50:09,301 - INFO - [cond] cfg_signal=0.0546 (min=0.0421 max=0.0734, n=16) | class_signal=0.0703 (min=0.0521 max=0.0864, n=16) | pred_rms=0.5947
2026-04-26 00:50:09,357 - INFO - [render-loss] step=190600 masked 4/16 samples (t_value < 0.40)
2026-04-26 00:52:02,633 - INFO - Step  190800 | Epoch  24 | MSE: 0.4792 | Steps/sec: 1.76 | LR: 1.50e-04 | Render_L1: 0.0244 | Alpha_L1: 0.0324 | Render_LPIPS: 0.1605 | Repel: 0.0000 | cos(c,null): +0.4994 | GradNorm: 0.6646 | MSE/t: [0.00-0.25]0.591(n=435) [0.25-0.50]0.516(n=1155) [0.50-0.75]0.425(n=1168) [0.75-1.00]0.414(n=442)
2026-04-26 00:52:03,111 - INFO - [cond] cfg_signal=0.0520 (min=0.0388 max=0.0712, n=16) | class_signal=0.0672 (min=0.0490 max=0.0843, n=16) | pred_rms=0.5979
2026-04-26 00:52:03,166 - INFO - [render-loss] step=190800 masked 6/16 samples (t_value < 0.40)
2026-04-26 00:53:55,145 - INFO - Step  191000 | Epoch  24 | MSE: 0.4563 | Steps/sec: 1.79 | LR: 1.50e-04 | Render_L1: 0.0229 | Alpha_L1: 0.0306 | Render_LPIPS: 0.1547 | Repel: 0.0000 | cos(c,null): +0.5001 | GradNorm: 0.5625 | MSE/t: [0.00-0.25]0.552(n=439) [0.25-0.50]0.510(n=1123) [0.50-0.75]0.413(n=1171) [0.75-1.00]0.346(n=467)
2026-04-26 00:53:55,606 - INFO - [cond] cfg_signal=0.0540 (min=0.0409 max=0.0728, n=16) | class_signal=0.0697 (min=0.0525 max=0.0859, n=16) | pred_rms=0.6076
2026-04-26 00:54:03,689 - INFO - [validation] saved: output/jit_JiT-B_8_from_scratch_null_repel/dit_validation/epoch_024_step_0191000_class023.png (class=23, sampler=heun, steps=100)
2026-04-26 00:54:05,000 - INFO - [overrides] applied from jit/configs/overrides.yaml: lr_scale=1.0 max_grad_norm=5.0 null_repel_weight=0.05 P_mean=0.0
2026-04-26 00:54:05,050 - INFO - [render-loss] step=191000 masked 6/16 samples (t_value < 0.40)
2026-04-26 00:55:56,949 - INFO - Step  191200 | Epoch  24 | MSE: 0.4717 | Steps/sec: 1.65 | LR: 1.50e-04 | Render_L1: 0.0233 | Alpha_L1: 0.0309 | Render_LPIPS: 0.1552 | Repel: 0.0000 | cos(c,null): +0.5007 | GradNorm: 0.5617 | MSE/t: [0.00-0.25]0.615(n=433) [0.25-0.50]0.508(n=1177) [0.50-0.75]0.422(n=1150) [0.75-1.00]0.362(n=440)
2026-04-26 00:55:57,433 - INFO - [cond] cfg_signal=0.0509 (min=0.0371 max=0.0755, n=16) | class_signal=0.0654 (min=0.0502 max=0.0857, n=16) | pred_rms=0.5975
2026-04-26 00:55:57,490 - INFO - [render-loss] step=191200 masked 6/16 samples (t_value < 0.40)
2026-04-26 00:57:49,811 - INFO - Step  191400 | Epoch  24 | MSE: 0.4696 | Steps/sec: 1.78 | LR: 1.50e-04 | Render_L1: 0.0234 | Alpha_L1: 0.0314 | Render_LPIPS: 0.1540 | Repel: 0.0000 | cos(c,null): +0.4987 | GradNorm: 0.5857 | MSE/t: [0.00-0.25]0.584(n=456) [0.25-0.50]0.508(n=1126) [0.50-0.75]0.415(n=1208) [0.75-1.00]0.397(n=410)
2026-04-26 00:57:50,300 - INFO - [cond] cfg_signal=0.0528 (min=0.0380 max=0.0729, n=16) | class_signal=0.0678 (min=0.0504 max=0.0889, n=16) | pred_rms=0.6007
2026-04-26 00:57:50,360 - INFO - [render-loss] step=191400 masked 2/16 samples (t_value < 0.40)
2026-04-26 00:59:42,636 - INFO - Step  191600 | Epoch  24 | MSE: 0.4719 | Steps/sec: 1.78 | LR: 1.50e-04 | Render_L1: 0.0234 | Alpha_L1: 0.0312 | Render_LPIPS: 0.1542 | Repel: 0.0000 | cos(c,null): +0.4989 | GradNorm: 0.9002 | MSE/t: [0.00-0.25]0.604(n=417) [0.25-0.50]0.503(n=1194) [0.50-0.75]0.426(n=1149) [0.75-1.00]0.382(n=440)
2026-04-26 00:59:43,100 - INFO - [cond] cfg_signal=0.0569 (min=0.0403 max=0.0812, n=16) | class_signal=0.0743 (min=0.0517 max=0.0984, n=16) | pred_rms=0.5921
2026-04-26 00:59:43,156 - INFO - [render-loss] step=191600 masked 7/16 samples (t_value < 0.40)
2026-04-26 01:01:35,046 - INFO - Step  191800 | Epoch  24 | MSE: 0.4607 | Steps/sec: 1.79 | LR: 1.50e-04 | Render_L1: 0.0231 | Alpha_L1: 0.0304 | Render_LPIPS: 0.1544 | Repel: 0.0000 | cos(c,null): +0.4995 | GradNorm: 0.5937 | MSE/t: [0.00-0.25]0.540(n=454) [0.25-0.50]0.498(n=1094) [0.50-0.75]0.426(n=1190) [0.75-1.00]0.383(n=462)
2026-04-26 01:01:35,511 - INFO - [cond] cfg_signal=0.0542 (min=0.0391 max=0.0714, n=16) | class_signal=0.0702 (min=0.0502 max=0.0863, n=16) | pred_rms=0.5968
2026-04-26 01:01:35,566 - INFO - [render-loss] step=191800 masked 4/16 samples (t_value < 0.40)
2026-04-26 01:03:27,230 - INFO - Step  192000 | Epoch  24 | MSE: 0.4706 | Steps/sec: 1.79 | LR: 1.50e-04 | Render_L1: 0.0234 | Alpha_L1: 0.0311 | Render_LPIPS: 0.1558 | Repel: 0.0000 | cos(c,null): +0.4994 | GradNorm: 0.5894 | MSE/t: [0.00-0.25]0.585(n=448) [0.25-0.50]0.509(n=1213) [0.50-0.75]0.416(n=1124) [0.75-1.00]0.383(n=415)
2026-04-26 01:03:27,696 - INFO - [cond] cfg_signal=0.0542 (min=0.0405 max=0.0712, n=16) | class_signal=0.0731 (min=0.0517 max=0.0983, n=16) | pred_rms=0.5928
2026-04-26 01:03:35,865 - INFO - [validation] saved: output/jit_JiT-B_8_from_scratch_null_repel/dit_validation/epoch_024_step_0192000_class047.png (class=47, sampler=heun, steps=100)
2026-04-26 01:03:37,196 - INFO - [overrides] applied from jit/configs/overrides.yaml: lr_scale=1.0 max_grad_norm=5.0 null_repel_weight=0.05 P_mean=0.0
2026-04-26 01:03:37,244 - INFO - [render-loss] step=192000 masked 7/16 samples (t_value < 0.40)
2026-04-26 01:05:29,596 - INFO - Step  192200 | Epoch  24 | MSE: 0.4687 | Steps/sec: 1.64 | LR: 1.49e-04 | Render_L1: 0.0236 | Alpha_L1: 0.0307 | Render_LPIPS: 0.1547 | Repel: 0.0000 | cos(c,null): +0.4986 | GradNorm: 0.6112 | MSE/t: [0.00-0.25]0.592(n=426) [0.25-0.50]0.509(n=1195) [0.50-0.75]0.424(n=1168) [0.75-1.00]0.351(n=411)
2026-04-26 01:05:30,218 - INFO - [cond] cfg_signal=0.0536 (min=0.0377 max=0.0812, n=16) | class_signal=0.0704 (min=0.0489 max=0.0977, n=16) | pred_rms=0.5860
2026-04-26 01:05:30,276 - INFO - [render-loss] step=192200 masked 4/16 samples (t_value < 0.40)
2026-04-26 01:07:22,331 - INFO - Step  192400 | Epoch  24 | MSE: 0.4663 | Steps/sec: 1.78 | LR: 1.49e-04 | Render_L1: 0.0230 | Alpha_L1: 0.0305 | Render_LPIPS: 0.1542 | Repel: 0.0000 | cos(c,null): +0.4974 | GradNorm: 0.5749 | MSE/t: [0.00-0.25]0.554(n=438) [0.25-0.50]0.517(n=1150) [0.50-0.75]0.413(n=1143) [0.75-1.00]0.389(n=469)
2026-04-26 01:07:22,794 - INFO - [cond] cfg_signal=0.0536 (min=0.0404 max=0.0772, n=16) | class_signal=0.0704 (min=0.0487 max=0.0950, n=16) | pred_rms=0.5821
2026-04-26 01:07:22,849 - INFO - [render-loss] step=192400 masked 11/16 samples (t_value < 0.40)
2026-04-26 01:09:14,868 - INFO - Step  192600 | Epoch  24 | MSE: 0.4604 | Steps/sec: 1.78 | LR: 1.49e-04 | Render_L1: 0.0226 | Alpha_L1: 0.0300 | Render_LPIPS: 0.1520 | Repel: 0.0000 | cos(c,null): +0.4973 | GradNorm: 0.5935 | MSE/t: [0.00-0.25]0.588(n=418) [0.25-0.50]0.497(n=1197) [0.50-0.75]0.415(n=1145) [0.75-1.00]0.357(n=440)
2026-04-26 01:09:15,350 - INFO - [cond] cfg_signal=0.0547 (min=0.0408 max=0.0837, n=16) | class_signal=0.0703 (min=0.0494 max=0.0978, n=16) | pred_rms=0.5982
2026-04-26 01:09:15,407 - INFO - [render-loss] step=192600 masked 8/16 samples (t_value < 0.40)
2026-04-26 01:11:07,630 - INFO - Step  192800 | Epoch  24 | MSE: 0.4678 | Steps/sec: 1.78 | LR: 1.49e-04 | Render_L1: 0.0230 | Alpha_L1: 0.0299 | Render_LPIPS: 0.1529 | Repel: 0.0000 | cos(c,null): +0.4969 | GradNorm: 0.5779 | MSE/t: [0.00-0.25]0.590(n=437) [0.25-0.50]0.517(n=1140) [0.50-0.75]0.415(n=1172) [0.75-1.00]0.361(n=451)
2026-04-26 01:11:08,107 - INFO - [cond] cfg_signal=0.0540 (min=0.0395 max=0.0760, n=16) | class_signal=0.0677 (min=0.0499 max=0.0895, n=16) | pred_rms=0.6037
2026-04-26 01:11:08,163 - INFO - [render-loss] step=192800 masked 5/16 samples (t_value < 0.40)
2026-04-26 01:12:59,951 - INFO - Step  193000 | Epoch  24 | MSE: 0.4640 | Steps/sec: 1.79 | LR: 1.49e-04 | Render_L1: 0.0238 | Alpha_L1: 0.0314 | Render_LPIPS: 0.1573 | Repel: 0.0000 | cos(c,null): +0.4965 | GradNorm: 0.5729 | MSE/t: [0.00-0.25]0.566(n=440) [0.25-0.50]0.501(n=1169) [0.50-0.75]0.422(n=1160) [0.75-1.00]0.371(n=431)
2026-04-26 01:13:00,432 - INFO - [cond] cfg_signal=0.0543 (min=0.0403 max=0.0720, n=16) | class_signal=0.0672 (min=0.0497 max=0.0868, n=16) | pred_rms=0.5985
2026-04-26 01:13:08,425 - INFO - [validation] saved: output/jit_JiT-B_8_from_scratch_null_repel/dit_validation/epoch_024_step_0193000_class085.png (class=85, sampler=heun, steps=100)
2026-04-26 01:13:09,768 - INFO - [overrides] applied from jit/configs/overrides.yaml: lr_scale=1.0 max_grad_norm=5.0 null_repel_weight=0.05 P_mean=0.0
2026-04-26 01:13:09,817 - INFO - [render-loss] step=193000 masked 5/16 samples (t_value < 0.40)
2026-04-26 01:15:01,622 - INFO - Step  193200 | Epoch  24 | MSE: 0.4695 | Steps/sec: 1.65 | LR: 1.49e-04 | Render_L1: 0.0225 | Alpha_L1: 0.0299 | Render_LPIPS: 0.1516 | Repel: 0.0000 | cos(c,null): +0.4944 | GradNorm: 1.4156 | MSE/t: [0.00-0.25]0.610(n=433) [0.25-0.50]0.508(n=1164) [0.50-0.75]0.419(n=1138) [0.75-1.00]0.367(n=465)
2026-04-26 01:15:02,091 - INFO - [cond] cfg_signal=0.0566 (min=0.0430 max=0.0770, n=16) | class_signal=0.0717 (min=0.0541 max=0.0927, n=16) | pred_rms=0.5970
2026-04-26 01:15:02,146 - INFO - [render-loss] step=193200 masked 6/16 samples (t_value < 0.40)
2026-04-26 01:16:54,256 - INFO - Step  193400 | Epoch  24 | MSE: 0.4713 | Steps/sec: 1.78 | LR: 1.49e-04 | Render_L1: 0.0237 | Alpha_L1: 0.0312 | Render_LPIPS: 0.1572 | Repel: 0.0000 | cos(c,null): +0.4926 | GradNorm: 0.5949 | MSE/t: [0.00-0.25]0.602(n=443) [0.25-0.50]0.499(n=1189) [0.50-0.75]0.424(n=1140) [0.75-1.00]0.385(n=428)
2026-04-26 01:16:54,782 - INFO - [cond] cfg_signal=0.0561 (min=0.0436 max=0.0786, n=16) | class_signal=0.0684 (min=0.0504 max=0.0936, n=16) | pred_rms=0.5825
2026-04-26 01:16:54,841 - INFO - [render-loss] step=193400 masked 6/16 samples (t_value < 0.40)
2026-04-26 01:18:47,023 - INFO - Step  193600 | Epoch  24 | MSE: 0.4658 | Steps/sec: 1.78 | LR: 1.49e-04 | Render_L1: 0.0237 | Alpha_L1: 0.0309 | Render_LPIPS: 0.1567 | Repel: 0.0000 | cos(c,null): +0.4926 | GradNorm: 1.8010 | MSE/t: [0.00-0.25]0.584(n=404) [0.25-0.50]0.503(n=1163) [0.50-0.75]0.417(n=1188) [0.75-1.00]0.392(n=445)
2026-04-26 01:18:47,488 - INFO - [cond] cfg_signal=0.0544 (min=0.0441 max=0.0775, n=16) | class_signal=0.0663 (min=0.0484 max=0.0918, n=16) | pred_rms=0.5701
2026-04-26 01:18:47,546 - INFO - [render-loss] step=193600 masked 4/16 samples (t_value < 0.40)
2026-04-26 01:20:39,058 - INFO - Step  193800 | Epoch  24 | MSE: 0.4625 | Steps/sec: 1.79 | LR: 1.49e-04 | Render_L1: 0.0228 | Alpha_L1: 0.0294 | Render_LPIPS: 0.1534 | Repel: 0.0000 | cos(c,null): +0.4931 | GradNorm: 0.5924 | MSE/t: [0.00-0.25]0.560(n=421) [0.25-0.50]0.501(n=1154) [0.50-0.75]0.421(n=1197) [0.75-1.00]0.377(n=428)
2026-04-26 01:20:39,529 - INFO - [cond] cfg_signal=0.0559 (min=0.0433 max=0.0898, n=16) | class_signal=0.0701 (min=0.0533 max=0.0980, n=16) | pred_rms=0.5863
2026-04-26 01:20:39,750 - INFO - [render-loss] step=193800 masked 5/16 samples (t_value < 0.40)
2026-04-26 01:22:31,117 - INFO - Step  194000 | Epoch  24 | MSE: 0.4696 | Steps/sec: 1.79 | LR: 1.49e-04 | Render_L1: 0.0229 | Alpha_L1: 0.0298 | Render_LPIPS: 0.1525 | Repel: 0.0000 | cos(c,null): +0.4944 | GradNorm: 0.7716 | MSE/t: [0.00-0.25]0.607(n=427) [0.25-0.50]0.506(n=1115) [0.50-0.75]0.413(n=1232) [0.75-1.00]0.398(n=426)
2026-04-26 01:22:31,576 - INFO - [cond] cfg_signal=0.0547 (min=0.0404 max=0.0783, n=16) | class_signal=0.0688 (min=0.0513 max=0.0880, n=16) | pred_rms=0.5834
2026-04-26 01:22:39,653 - INFO - [validation] saved: output/jit_JiT-B_8_from_scratch_null_repel/dit_validation/epoch_024_step_0194000_class086.png (class=86, sampler=heun, steps=100)
2026-04-26 01:22:41,141 - INFO - [overrides] applied from jit/configs/overrides.yaml: lr_scale=1.0 max_grad_norm=5.0 null_repel_weight=0.05 P_mean=0.0
2026-04-26 01:22:41,191 - INFO - [render-loss] step=194000 masked 2/16 samples (t_value < 0.40)
2026-04-26 01:24:33,558 - INFO - Step  194200 | Epoch  24 | MSE: 0.4718 | Steps/sec: 1.64 | LR: 1.49e-04 | Render_L1: 0.0235 | Alpha_L1: 0.0311 | Render_LPIPS: 0.1552 | Repel: 0.0000 | cos(c,null): +0.4946 | GradNorm: 0.5982 | MSE/t: [0.00-0.25]0.597(n=412) [0.25-0.50]0.519(n=1166) [0.50-0.75]0.418(n=1199) [0.75-1.00]0.372(n=423)
2026-04-26 01:24:34,066 - INFO - [cond] cfg_signal=0.0550 (min=0.0401 max=0.0774, n=16) | class_signal=0.0706 (min=0.0516 max=0.0922, n=16) | pred_rms=0.5701
2026-04-26 01:24:34,123 - INFO - [render-loss] step=194200 masked 3/16 samples (t_value < 0.40)
2026-04-26 01:26:26,362 - INFO - Step  194400 | Epoch  24 | MSE: 0.4683 | Steps/sec: 1.78 | LR: 1.48e-04 | Render_L1: 0.0233 | Alpha_L1: 0.0312 | Render_LPIPS: 0.1538 | Repel: 0.0000 | cos(c,null): +0.4949 | GradNorm: 0.6285 | MSE/t: [0.00-0.25]0.583(n=453) [0.25-0.50]0.505(n=1192) [0.50-0.75]0.424(n=1156) [0.75-1.00]0.359(n=399)
2026-04-26 01:26:26,878 - INFO - [cond] cfg_signal=0.0546 (min=0.0421 max=0.0731, n=16) | class_signal=0.0698 (min=0.0546 max=0.0913, n=16) | pred_rms=0.5664
2026-04-26 01:26:26,935 - INFO - [render-loss] step=194400 masked 5/16 samples (t_value < 0.40)
2026-04-26 01:28:18,705 - INFO - Step  194600 | Epoch  24 | MSE: 0.4628 | Steps/sec: 1.79 | LR: 1.48e-04 | Render_L1: 0.0227 | Alpha_L1: 0.0304 | Render_LPIPS: 0.1539 | Repel: 0.0000 | cos(c,null): +0.4952 | GradNorm: 0.6371 | MSE/t: [0.00-0.25]0.549(n=412) [0.25-0.50]0.492(n=1193) [0.50-0.75]0.427(n=1166) [0.75-1.00]0.395(n=429)
2026-04-26 01:28:19,172 - INFO - [cond] cfg_signal=0.0563 (min=0.0440 max=0.0754, n=16) | class_signal=0.0710 (min=0.0524 max=0.0960, n=16) | pred_rms=0.5818
2026-04-26 01:28:19,225 - INFO - [render-loss] step=194600 masked 3/16 samples (t_value < 0.40)
2026-04-26 01:30:11,230 - INFO - Step  194800 | Epoch  24 | MSE: 0.4652 | Steps/sec: 1.78 | LR: 1.48e-04 | Render_L1: 0.0226 | Alpha_L1: 0.0296 | Render_LPIPS: 0.1515 | Repel: 0.0000 | cos(c,null): +0.4946 | GradNorm: 0.9129 | MSE/t: [0.00-0.25]0.583(n=425) [0.25-0.50]0.500(n=1157) [0.50-0.75]0.422(n=1203) [0.75-1.00]0.374(n=415)
2026-04-26 01:30:11,690 - INFO - [cond] cfg_signal=0.0579 (min=0.0421 max=0.0721, n=16) | class_signal=0.0719 (min=0.0531 max=0.1013, n=16) | pred_rms=0.5960
2026-04-26 01:30:11,744 - INFO - [render-loss] step=194800 masked 6/16 samples (t_value < 0.40)
2026-04-26 01:32:03,680 - INFO - Step  195000 | Epoch  24 | MSE: 0.4647 | Steps/sec: 1.79 | LR: 1.48e-04 | Render_L1: 0.0231 | Alpha_L1: 0.0308 | Render_LPIPS: 0.1533 | Repel: 0.0000 | cos(c,null): +0.4933 | GradNorm: 0.6512 | MSE/t: [0.00-0.25]0.582(n=482) [0.25-0.50]0.501(n=1143) [0.50-0.75]0.414(n=1169) [0.75-1.00]0.367(n=406)
2026-04-26 01:32:04,146 - INFO - [cond] cfg_signal=0.0555 (min=0.0385 max=0.0711, n=16) | class_signal=0.0661 (min=0.0514 max=0.0869, n=16) | pred_rms=0.5933
2026-04-26 01:32:12,212 - INFO - [validation] saved: output/jit_JiT-B_8_from_scratch_null_repel/dit_validation/epoch_024_step_0195000_class003.png (class=3, sampler=heun, steps=100)
2026-04-26 01:32:13,559 - INFO - [overrides] applied from jit/configs/overrides.yaml: lr_scale=1.0 max_grad_norm=5.0 null_repel_weight=0.05 P_mean=0.0
2026-04-26 01:32:13,607 - INFO - [render-loss] step=195000 masked 3/16 samples (t_value < 0.40)
2026-04-26 01:34:05,654 - INFO - Step  195200 | Epoch  24 | MSE: 0.4692 | Steps/sec: 1.65 | LR: 1.48e-04 | Render_L1: 0.0231 | Alpha_L1: 0.0315 | Render_LPIPS: 0.1538 | Repel: 0.0000 | cos(c,null): +0.4937 | GradNorm: 0.6292 | MSE/t: [0.00-0.25]0.574(n=428) [0.25-0.50]0.509(n=1126) [0.50-0.75]0.427(n=1176) [0.75-1.00]0.383(n=470)
2026-04-26 01:34:06,111 - INFO - [cond] cfg_signal=0.0533 (min=0.0372 max=0.0677, n=16) | class_signal=0.0669 (min=0.0505 max=0.0919, n=16) | pred_rms=0.5738
2026-04-26 01:34:06,167 - INFO - [render-loss] step=195200 masked 7/16 samples (t_value < 0.40)
2026-04-26 01:35:57,919 - INFO - Step  195400 | Epoch  24 | MSE: 0.4557 | Steps/sec: 1.79 | LR: 1.48e-04 | Render_L1: 0.0228 | Alpha_L1: 0.0309 | Render_LPIPS: 0.1529 | Repel: 0.0000 | cos(c,null): +0.4943 | GradNorm: 0.6267 | MSE/t: [0.00-0.25]0.554(n=418) [0.25-0.50]0.500(n=1166) [0.50-0.75]0.413(n=1138) [0.75-1.00]0.363(n=478)
2026-04-26 01:35:58,418 - INFO - [cond] cfg_signal=0.0540 (min=0.0385 max=0.0695, n=16) | class_signal=0.0668 (min=0.0498 max=0.0844, n=16) | pred_rms=0.5802
2026-04-26 01:35:58,472 - INFO - [render-loss] step=195400 masked 7/16 samples (t_value < 0.40)
2026-04-26 01:37:50,323 - INFO - Step  195600 | Epoch  24 | MSE: 0.4521 | Steps/sec: 1.79 | LR: 1.48e-04 | Render_L1: 0.0231 | Alpha_L1: 0.0304 | Render_LPIPS: 0.1541 | Repel: 0.0000 | cos(c,null): +0.4952 | GradNorm: 0.6335 | MSE/t: [0.00-0.25]0.551(n=412) [0.25-0.50]0.494(n=1212) [0.50-0.75]0.402(n=1165) [0.75-1.00]0.369(n=411)
2026-04-26 01:37:50,793 - INFO - [cond] cfg_signal=0.0581 (min=0.0410 max=0.0748, n=16) | class_signal=0.0717 (min=0.0530 max=0.0947, n=16) | pred_rms=0.5806
2026-04-26 01:37:50,848 - INFO - [render-loss] step=195600 masked 2/16 samples (t_value < 0.40)
2026-04-26 01:39:42,787 - INFO - Step  195800 | Epoch  24 | MSE: 0.4613 | Steps/sec: 1.79 | LR: 1.48e-04 | Render_L1: 0.0227 | Alpha_L1: 0.0305 | Render_LPIPS: 0.1510 | Repel: 0.0000 | cos(c,null): +0.4961 | GradNorm: 0.6169 | MSE/t: [0.00-0.25]0.563(n=410) [0.25-0.50]0.518(n=1226) [0.50-0.75]0.402(n=1136) [0.75-1.00]0.357(n=428)
2026-04-26 01:39:43,276 - INFO - [cond] cfg_signal=0.0572 (min=0.0431 max=0.0727, n=16) | class_signal=0.0713 (min=0.0567 max=0.0890, n=16) | pred_rms=0.5912
2026-04-26 01:39:43,330 - INFO - [render-loss] step=195800 masked 4/16 samples (t_value < 0.40)
2026-04-26 01:41:35,287 - INFO - Step  196000 | Epoch  24 | MSE: 0.4698 | Steps/sec: 1.79 | LR: 1.48e-04 | Render_L1: 0.0224 | Alpha_L1: 0.0296 | Render_LPIPS: 0.1503 | Repel: 0.0000 | cos(c,null): +0.4966 | GradNorm: 2.2746 | MSE/t: [0.00-0.25]0.584(n=427) [0.25-0.50]0.517(n=1164) [0.50-0.75]0.417(n=1161) [0.75-1.00]0.375(n=448)
2026-04-26 01:41:35,768 - INFO - [cond] cfg_signal=0.0578 (min=0.0412 max=0.0672, n=16) | class_signal=0.0703 (min=0.0504 max=0.0884, n=16) | pred_rms=0.5816
2026-04-26 01:41:43,775 - INFO - [validation] saved: output/jit_JiT-B_8_from_scratch_null_repel/dit_validation/epoch_024_step_0196000_class002.png (class=2, sampler=heun, steps=100)
2026-04-26 01:41:45,109 - INFO - [overrides] applied from jit/configs/overrides.yaml: lr_scale=1.0 max_grad_norm=5.0 null_repel_weight=0.05 P_mean=0.0
2026-04-26 01:41:45,159 - INFO - [render-loss] step=196000 masked 6/16 samples (t_value < 0.40)
2026-04-26 01:43:37,258 - INFO - Step  196200 | Epoch  24 | MSE: 0.4690 | Steps/sec: 1.65 | LR: 1.48e-04 | Render_L1: 0.0230 | Alpha_L1: 0.0304 | Render_LPIPS: 0.1523 | Repel: 0.0000 | cos(c,null): +0.4967 | GradNorm: 0.6703 | MSE/t: [0.00-0.25]0.587(n=449) [0.25-0.50]0.510(n=1176) [0.50-0.75]0.419(n=1138) [0.75-1.00]0.366(n=437)
2026-04-26 01:43:37,729 - INFO - [cond] cfg_signal=0.0577 (min=0.0432 max=0.0739, n=16) | class_signal=0.0732 (min=0.0566 max=0.0876, n=16) | pred_rms=0.5894
2026-04-26 01:43:37,784 - INFO - [render-loss] step=196200 masked 3/16 samples (t_value < 0.40)
2026-04-26 01:45:29,884 - INFO - Step  196400 | Epoch  24 | MSE: 0.4679 | Steps/sec: 1.78 | LR: 1.47e-04 | Render_L1: 0.0235 | Alpha_L1: 0.0308 | Render_LPIPS: 0.1556 | Repel: 0.0000 | cos(c,null): +0.4975 | GradNorm: 0.5956 | MSE/t: [0.00-0.25]0.571(n=444) [0.25-0.50]0.496(n=1160) [0.50-0.75]0.429(n=1174) [0.75-1.00]0.392(n=422)
2026-04-26 01:45:30,352 - INFO - [cond] cfg_signal=0.0546 (min=0.0434 max=0.0684, n=16) | class_signal=0.0699 (min=0.0513 max=0.0865, n=16) | pred_rms=0.5881
2026-04-26 01:45:30,408 - INFO - [render-loss] step=196400 masked 6/16 samples (t_value < 0.40)
2026-04-26 01:47:22,597 - INFO - Step  196600 | Epoch  24 | MSE: 0.4661 | Steps/sec: 1.78 | LR: 1.47e-04 | Render_L1: 0.0231 | Alpha_L1: 0.0296 | Render_LPIPS: 0.1529 | Repel: 0.0000 | cos(c,null): +0.4968 | GradNorm: 0.6123 | MSE/t: [0.00-0.25]0.602(n=404) [0.25-0.50]0.505(n=1199) [0.50-0.75]0.414(n=1151) [0.75-1.00]0.375(n=446)
2026-04-26 01:47:23,057 - INFO - [cond] cfg_signal=0.0537 (min=0.0407 max=0.0673, n=16) | class_signal=0.0697 (min=0.0494 max=0.0843, n=16) | pred_rms=0.5822
2026-04-26 01:47:23,115 - INFO - [render-loss] step=196600 masked 3/16 samples (t_value < 0.40)
2026-04-26 01:49:14,858 - INFO - Step  196800 | Epoch  24 | MSE: 0.4732 | Steps/sec: 1.79 | LR: 1.47e-04 | Render_L1: 0.0233 | Alpha_L1: 0.0304 | Render_LPIPS: 0.1537 | Repel: 0.0000 | cos(c,null): +0.4971 | GradNorm: 0.6224 | MSE/t: [0.00-0.25]0.610(n=448) [0.25-0.50]0.523(n=1157) [0.50-0.75]0.406(n=1121) [0.75-1.00]0.379(n=474)
2026-04-26 01:49:15,326 - INFO - [cond] cfg_signal=0.0569 (min=0.0433 max=0.0739, n=16) | class_signal=0.0745 (min=0.0523 max=0.0877, n=16) | pred_rms=0.5823
2026-04-26 01:49:15,381 - INFO - [render-loss] step=196800 masked 5/16 samples (t_value < 0.40)
2026-04-26 01:51:07,454 - INFO - Step  197000 | Epoch  24 | MSE: 0.4604 | Steps/sec: 1.78 | LR: 1.47e-04 | Render_L1: 0.0228 | Alpha_L1: 0.0299 | Render_LPIPS: 0.1516 | Repel: 0.0000 | cos(c,null): +0.4973 | GradNorm: 0.6259 | MSE/t: [0.00-0.25]0.562(n=444) [0.25-0.50]0.511(n=1184) [0.50-0.75]0.409(n=1145) [0.75-1.00]0.353(n=427)
2026-04-26 01:51:07,933 - INFO - [cond] cfg_signal=0.0568 (min=0.0446 max=0.0755, n=16) | class_signal=0.0738 (min=0.0512 max=0.0877, n=16) | pred_rms=0.5783
2026-04-26 01:51:16,282 - INFO - [validation] saved: output/jit_JiT-B_8_from_scratch_null_repel/dit_validation/epoch_024_step_0197000_class006.png (class=6, sampler=heun, steps=100)
2026-04-26 01:51:17,646 - INFO - [overrides] applied from jit/configs/overrides.yaml: lr_scale=1.0 max_grad_norm=5.0 null_repel_weight=0.05 P_mean=0.0
2026-04-26 01:51:17,703 - INFO - [render-loss] step=197000 masked 5/16 samples (t_value < 0.40)
2026-04-26 01:53:09,997 - INFO - Step  197200 | Epoch  24 | MSE: 0.4714 | Steps/sec: 1.64 | LR: 1.47e-04 | Render_L1: 0.0236 | Alpha_L1: 0.0307 | Render_LPIPS: 0.1559 | Repel: 0.0000 | cos(c,null): +0.4971 | GradNorm: 0.6959 | MSE/t: [0.00-0.25]0.568(n=430) [0.25-0.50]0.504(n=1154) [0.50-0.75]0.431(n=1187) [0.75-1.00]0.397(n=429)
2026-04-26 01:53:10,457 - INFO - [cond] cfg_signal=0.0576 (min=0.0461 max=0.0720, n=16) | class_signal=0.0719 (min=0.0501 max=0.0891, n=16) | pred_rms=0.5696
2026-04-26 01:53:10,676 - INFO - [render-loss] step=197200 masked 7/16 samples (t_value < 0.40)
2026-04-26 01:55:02,562 - INFO - Step  197400 | Epoch  24 | MSE: 0.4624 | Steps/sec: 1.78 | LR: 1.47e-04 | Render_L1: 0.0232 | Alpha_L1: 0.0309 | Render_LPIPS: 0.1530 | Repel: 0.0000 | cos(c,null): +0.4956 | GradNorm: 0.6050 | MSE/t: [0.00-0.25]0.574(n=402) [0.25-0.50]0.514(n=1184) [0.50-0.75]0.411(n=1124) [0.75-1.00]0.363(n=490)
2026-04-26 01:55:03,030 - INFO - [cond] cfg_signal=0.0570 (min=0.0457 max=0.0774, n=16) | class_signal=0.0736 (min=0.0501 max=0.0922, n=16) | pred_rms=0.5771
2026-04-26 01:55:03,085 - INFO - [render-loss] step=197400 masked 5/16 samples (t_value < 0.40)
2026-04-26 01:56:54,734 - INFO - Step  197600 | Epoch  24 | MSE: 0.4663 | Steps/sec: 1.79 | LR: 1.47e-04 | Render_L1: 0.0234 | Alpha_L1: 0.0305 | Render_LPIPS: 0.1558 | Repel: 0.0000 | cos(c,null): +0.4962 | GradNorm: 0.6589 | MSE/t: [0.00-0.25]0.572(n=461) [0.25-0.50]0.507(n=1174) [0.50-0.75]0.417(n=1143) [0.75-1.00]0.371(n=422)
2026-04-26 01:56:55,205 - INFO - [cond] cfg_signal=0.0553 (min=0.0436 max=0.0763, n=16) | class_signal=0.0713 (min=0.0514 max=0.0868, n=16) | pred_rms=0.5898
2026-04-26 01:56:55,260 - INFO - [render-loss] step=197600 masked 7/16 samples (t_value < 0.40)
2026-04-26 01:58:47,271 - INFO - Step  197800 | Epoch  24 | MSE: 0.4817 | Steps/sec: 1.78 | LR: 1.47e-04 | Render_L1: 0.0234 | Alpha_L1: 0.0301 | Render_LPIPS: 0.1548 | Repel: 0.0000 | cos(c,null): +0.4965 | GradNorm: 0.6370 | MSE/t: [0.00-0.25]0.615(n=437) [0.25-0.50]0.525(n=1174) [0.50-0.75]0.428(n=1172) [0.75-1.00]0.369(n=417)
2026-04-26 01:58:47,733 - INFO - [cond] cfg_signal=0.0589 (min=0.0448 max=0.0751, n=16) | class_signal=0.0757 (min=0.0519 max=0.1006, n=16) | pred_rms=0.5836
2026-04-26 01:58:47,787 - INFO - [render-loss] step=197800 masked 9/16 samples (t_value < 0.40)
2026-04-26 02:00:40,274 - INFO - Step  198000 | Epoch  24 | MSE: 0.4586 | Steps/sec: 1.78 | LR: 1.47e-04 | Render_L1: 0.0225 | Alpha_L1: 0.0297 | Render_LPIPS: 0.1502 | Repel: 0.0000 | cos(c,null): +0.4954 | GradNorm: 0.6358 | MSE/t: [0.00-0.25]0.558(n=431) [0.25-0.50]0.497(n=1171) [0.50-0.75]0.412(n=1147) [0.75-1.00]0.381(n=451)
2026-04-26 02:00:40,732 - INFO - [cond] cfg_signal=0.0580 (min=0.0441 max=0.0725, n=16) | class_signal=0.0753 (min=0.0507 max=0.0956, n=16) | pred_rms=0.5857
2026-04-26 02:00:48,738 - INFO - [validation] saved: output/jit_JiT-B_8_from_scratch_null_repel/dit_validation/epoch_024_step_0198000_class034.png (class=34, sampler=heun, steps=100)
2026-04-26 02:00:50,236 - INFO - [overrides] applied from jit/configs/overrides.yaml: lr_scale=1.0 max_grad_norm=5.0 null_repel_weight=0.05 P_mean=0.0
2026-04-26 02:00:50,284 - INFO - [render-loss] step=198000 masked 5/16 samples (t_value < 0.40)
2026-04-26 02:02:42,272 - INFO - Step  198200 | Epoch  24 | MSE: 0.4715 | Steps/sec: 1.65 | LR: 1.47e-04 | Render_L1: 0.0228 | Alpha_L1: 0.0302 | Render_LPIPS: 0.1520 | Repel: 0.0000 | cos(c,null): +0.4941 | GradNorm: 1.0922 | MSE/t: [0.00-0.25]0.603(n=472) [0.25-0.50]0.514(n=1154) [0.50-0.75]0.413(n=1182) [0.75-1.00]0.368(n=392)
2026-04-26 02:02:42,732 - INFO - [cond] cfg_signal=0.0583 (min=0.0436 max=0.0729, n=16) | class_signal=0.0743 (min=0.0517 max=0.0880, n=16) | pred_rms=0.5654
2026-04-26 02:02:42,786 - INFO - [render-loss] step=198200 masked 5/16 samples (t_value < 0.40)
2026-04-26 02:04:34,511 - INFO - Step  198400 | Epoch  24 | MSE: 0.4702 | Steps/sec: 1.79 | LR: 1.47e-04 | Render_L1: 0.0228 | Alpha_L1: 0.0303 | Render_LPIPS: 0.1522 | Repel: 0.0000 | cos(c,null): +0.4938 | GradNorm: 0.8860 | MSE/t: [0.00-0.25]0.595(n=414) [0.25-0.50]0.523(n=1159) [0.50-0.75]0.407(n=1189) [0.75-1.00]0.383(n=438)
2026-04-26 02:04:34,966 - INFO - [cond] cfg_signal=0.0563 (min=0.0476 max=0.0687, n=16) | class_signal=0.0719 (min=0.0532 max=0.0827, n=16) | pred_rms=0.5846
2026-04-26 02:04:35,019 - INFO - [render-loss] step=198400 masked 5/16 samples (t_value < 0.40)
2026-04-26 02:06:27,096 - INFO - Step  198600 | Epoch  24 | MSE: 0.4662 | Steps/sec: 1.78 | LR: 1.46e-04 | Render_L1: 0.0226 | Alpha_L1: 0.0304 | Render_LPIPS: 0.1507 | Repel: 0.0000 | cos(c,null): +0.4932 | GradNorm: 0.7209 | MSE/t: [0.00-0.25]0.589(n=446) [0.25-0.50]0.504(n=1220) [0.50-0.75]0.414(n=1135) [0.75-1.00]0.363(n=399)
2026-04-26 02:06:27,581 - INFO - [cond] cfg_signal=0.0585 (min=0.0492 max=0.0772, n=16) | class_signal=0.0742 (min=0.0540 max=0.0859, n=16) | pred_rms=0.5772
2026-04-26 02:06:27,638 - INFO - [render-loss] step=198600 masked 5/16 samples (t_value < 0.40)
2026-04-26 02:08:20,943 - INFO - Step  198800 | Epoch  25 | MSE: 0.4812 | Steps/sec: 1.76 | LR: 1.46e-04 | Render_L1: 0.0233 | Alpha_L1: 0.0305 | Render_LPIPS: 0.1546 | Repel: 0.0000 | cos(c,null): +0.4941 | GradNorm: 0.6374 | MSE/t: [0.00-0.25]0.609(n=427) [0.25-0.50]0.526(n=1224) [0.50-0.75]0.432(n=1142) [0.75-1.00]0.350(n=407)
2026-04-26 02:08:21,408 - INFO - [cond] cfg_signal=0.0580 (min=0.0475 max=0.0781, n=16) | class_signal=0.0752 (min=0.0560 max=0.0899, n=16) | pred_rms=0.5913
2026-04-26 02:08:21,467 - INFO - [render-loss] step=198800 masked 5/16 samples (t_value < 0.40)
2026-04-26 02:10:13,364 - INFO - Step  199000 | Epoch  25 | MSE: 0.4714 | Steps/sec: 1.79 | LR: 1.46e-04 | Render_L1: 0.0235 | Alpha_L1: 0.0306 | Render_LPIPS: 0.1550 | Repel: 0.0000 | cos(c,null): +0.4944 | GradNorm: 0.6259 | MSE/t: [0.00-0.25]0.588(n=462) [0.25-0.50]0.512(n=1154) [0.50-0.75]0.420(n=1136) [0.75-1.00]0.378(n=448)
2026-04-26 02:10:13,816 - INFO - [cond] cfg_signal=0.0571 (min=0.0478 max=0.0783, n=16) | class_signal=0.0736 (min=0.0509 max=0.0894, n=16) | pred_rms=0.5864
2026-04-26 02:10:21,937 - INFO - [validation] saved: output/jit_JiT-B_8_from_scratch_null_repel/dit_validation/epoch_025_step_0199000_class008.png (class=8, sampler=heun, steps=100)
2026-04-26 02:10:23,264 - INFO - [overrides] applied from jit/configs/overrides.yaml: lr_scale=1.0 max_grad_norm=5.0 null_repel_weight=0.05 P_mean=0.0
2026-04-26 02:10:23,312 - INFO - [render-loss] step=199000 masked 5/16 samples (t_value < 0.40)
2026-04-26 02:12:15,327 - INFO - Step  199200 | Epoch  25 | MSE: 0.4640 | Steps/sec: 1.65 | LR: 1.46e-04 | Render_L1: 0.0227 | Alpha_L1: 0.0293 | Render_LPIPS: 0.1527 | Repel: 0.0000 | cos(c,null): +0.4934 | GradNorm: 0.6305 | MSE/t: [0.00-0.25]0.573(n=454) [0.25-0.50]0.496(n=1178) [0.50-0.75]0.421(n=1135) [0.75-1.00]0.374(n=433)
2026-04-26 02:12:15,821 - INFO - [cond] cfg_signal=0.0584 (min=0.0492 max=0.0784, n=16) | class_signal=0.0755 (min=0.0501 max=0.0897, n=16) | pred_rms=0.5884
2026-04-26 02:12:15,876 - INFO - [render-loss] step=199200 masked 6/16 samples (t_value < 0.40)
2026-04-26 02:14:08,301 - INFO - Step  199400 | Epoch  25 | MSE: 0.4662 | Steps/sec: 1.78 | LR: 1.46e-04 | Render_L1: 0.0228 | Alpha_L1: 0.0294 | Render_LPIPS: 0.1532 | Repel: 0.0000 | cos(c,null): +0.4933 | GradNorm: 0.6319 | MSE/t: [0.00-0.25]0.579(n=405) [0.25-0.50]0.507(n=1154) [0.50-0.75]0.420(n=1182) [0.75-1.00]0.385(n=459)
2026-04-26 02:14:08,806 - INFO - [cond] cfg_signal=0.0579 (min=0.0463 max=0.0733, n=16) | class_signal=0.0738 (min=0.0501 max=0.0926, n=16) | pred_rms=0.5887
2026-04-26 02:14:08,869 - INFO - [render-loss] step=199400 masked 11/16 samples (t_value < 0.40)
2026-04-26 02:16:00,789 - INFO - Step  199600 | Epoch  25 | MSE: 0.4587 | Steps/sec: 1.79 | LR: 1.46e-04 | Render_L1: 0.0227 | Alpha_L1: 0.0301 | Render_LPIPS: 0.1513 | Repel: 0.0000 | cos(c,null): +0.4941 | GradNorm: 0.6442 | MSE/t: [0.00-0.25]0.584(n=424) [0.25-0.50]0.498(n=1149) [0.50-0.75]0.405(n=1188) [0.75-1.00]0.382(n=439)
2026-04-26 02:16:01,267 - INFO - [cond] cfg_signal=0.0551 (min=0.0435 max=0.0738, n=16) | class_signal=0.0696 (min=0.0510 max=0.0884, n=16) | pred_rms=0.5948
2026-04-26 02:16:01,324 - INFO - [render-loss] step=199600 masked 7/16 samples (t_value < 0.40)
2026-04-26 02:17:53,367 - INFO - Step  199800 | Epoch  25 | MSE: 0.4659 | Steps/sec: 1.78 | LR: 1.46e-04 | Render_L1: 0.0232 | Alpha_L1: 0.0300 | Render_LPIPS: 0.1535 | Repel: 0.0000 | cos(c,null): +0.4946 | GradNorm: 0.6233 | MSE/t: [0.00-0.25]0.580(n=426) [0.25-0.50]0.506(n=1165) [0.50-0.75]0.413(n=1179) [0.75-1.00]0.389(n=430)
2026-04-26 02:17:53,841 - INFO - [cond] cfg_signal=0.0529 (min=0.0404 max=0.0727, n=16) | class_signal=0.0678 (min=0.0480 max=0.0864, n=16) | pred_rms=0.5744
2026-04-26 02:17:53,896 - INFO - [render-loss] step=199800 masked 9/16 samples (t_value < 0.40)
2026-04-26 02:19:46,205 - INFO - Step  200000 | Epoch  25 | MSE: 0.4680 | Steps/sec: 1.78 | LR: 1.46e-04 | Render_L1: 0.0227 | Alpha_L1: 0.0304 | Render_LPIPS: 0.1520 | Repel: 0.0000 | cos(c,null): +0.4942 | GradNorm: 0.6592 | MSE/t: [0.00-0.25]0.568(n=454) [0.25-0.50]0.511(n=1161) [0.50-0.75]0.419(n=1108) [0.75-1.00]0.382(n=477)
2026-04-26 02:19:46,670 - INFO - [cond] cfg_signal=0.0549 (min=0.0395 max=0.0781, n=16) | class_signal=0.0688 (min=0.0502 max=0.0912, n=16) | pred_rms=0.5739
2026-04-26 02:19:48,843 - INFO - Saved checkpoint to output/jit_JiT-B_8_from_scratch_null_repel/0200000.pt
2026-04-26 02:19:49,284 - INFO - [cond] cfg_signal=0.0549 (min=0.0395 max=0.0781, n=16) | class_signal=0.0688 (min=0.0502 max=0.0912, n=16) | pred_rms=0.5739
2026-04-26 02:19:57,348 - INFO - [validation] saved: output/jit_JiT-B_8_from_scratch_null_repel/dit_validation/epoch_025_step_0200000_class030.png (class=30, sampler=heun, steps=100)
2026-04-26 02:19:58,720 - INFO - [overrides] applied from jit/configs/overrides.yaml: lr_scale=1.0 max_grad_norm=5.0 null_repel_weight=0.05 P_mean=0.0
2026-04-26 02:19:58,775 - INFO - [render-loss] step=200000 masked 7/16 samples (t_value < 0.40)
2026-04-26 02:21:50,824 - INFO - Step  200200 | Epoch  25 | MSE: 0.4788 | Steps/sec: 1.61 | LR: 1.46e-04 | Render_L1: 0.0238 | Alpha_L1: 0.0310 | Render_LPIPS: 0.1552 | Repel: 0.0000 | cos(c,null): +0.4954 | GradNorm: 0.6676 | MSE/t: [0.00-0.25]0.597(n=411) [0.25-0.50]0.523(n=1187) [0.50-0.75]0.427(n=1159) [0.75-1.00]0.387(n=443)
2026-04-26 02:21:51,294 - INFO - [cond] cfg_signal=0.0537 (min=0.0404 max=0.0777, n=16) | class_signal=0.0694 (min=0.0485 max=0.0913, n=16) | pred_rms=0.5773
2026-04-26 02:21:51,348 - INFO - [render-loss] step=200200 masked 9/16 samples (t_value < 0.40)
2026-04-26 02:23:43,406 - INFO - Step  200400 | Epoch  25 | MSE: 0.4651 | Steps/sec: 1.78 | LR: 1.46e-04 | Render_L1: 0.0227 | Alpha_L1: 0.0298 | Render_LPIPS: 0.1519 | Repel: 0.0000 | cos(c,null): +0.4972 | GradNorm: 0.6402 | MSE/t: [0.00-0.25]0.564(n=436) [0.25-0.50]0.501(n=1163) [0.50-0.75]0.414(n=1187) [0.75-1.00]0.406(n=414)
2026-04-26 02:23:43,928 - INFO - [cond] cfg_signal=0.0527 (min=0.0394 max=0.0794, n=16) | class_signal=0.0674 (min=0.0481 max=0.0883, n=16) | pred_rms=0.5724
2026-04-26 02:23:43,991 - INFO - [render-loss] step=200400 masked 5/16 samples (t_value < 0.40)
2026-04-26 02:25:36,247 - INFO - Step  200600 | Epoch  25 | MSE: 0.4798 | Steps/sec: 1.78 | LR: 1.45e-04 | Render_L1: 0.0236 | Alpha_L1: 0.0307 | Render_LPIPS: 0.1565 | Repel: 0.0000 | cos(c,null): +0.4979 | GradNorm: 0.7087 | MSE/t: [0.00-0.25]0.582(n=421) [0.25-0.50]0.515(n=1206) [0.50-0.75]0.433(n=1144) [0.75-1.00]0.406(n=429)
2026-04-26 02:25:36,711 - INFO - [cond] cfg_signal=0.0516 (min=0.0376 max=0.0744, n=16) | class_signal=0.0671 (min=0.0494 max=0.0839, n=16) | pred_rms=0.5788
2026-04-26 02:25:36,765 - INFO - [render-loss] step=200600 masked 5/16 samples (t_value < 0.40)
2026-04-26 02:27:29,516 - INFO - Step  200800 | Epoch  25 | MSE: 0.4782 | Steps/sec: 1.77 | LR: 1.45e-04 | Render_L1: 0.0230 | Alpha_L1: 0.0301 | Render_LPIPS: 0.1535 | Repel: 0.0000 | cos(c,null): +0.4980 | GradNorm: 0.6820 | MSE/t: [0.00-0.25]0.572(n=421) [0.25-0.50]0.533(n=1193) [0.50-0.75]0.424(n=1177) [0.75-1.00]0.380(n=409)
2026-04-26 02:27:29,992 - INFO - [cond] cfg_signal=0.0536 (min=0.0374 max=0.0851, n=16) | class_signal=0.0685 (min=0.0476 max=0.0999, n=16) | pred_rms=0.5766
2026-04-26 02:27:30,047 - INFO - [render-loss] step=200800 masked 3/16 samples (t_value < 0.40)
2026-04-26 02:29:21,988 - INFO - Step  201000 | Epoch  25 | MSE: 0.4834 | Steps/sec: 1.79 | LR: 1.45e-04 | Render_L1: 0.0226 | Alpha_L1: 0.0298 | Render_LPIPS: 0.1516 | Repel: 0.0000 | cos(c,null): +0.4978 | GradNorm: 0.6716 | MSE/t: [0.00-0.25]0.602(n=455) [0.25-0.50]0.513(n=1154) [0.50-0.75]0.437(n=1155) [0.75-1.00]0.403(n=436)
2026-04-26 02:29:22,443 - INFO - [cond] cfg_signal=0.0540 (min=0.0356 max=0.0872, n=16) | class_signal=0.0693 (min=0.0457 max=0.1000, n=16) | pred_rms=0.6003
2026-04-26 02:29:30,811 - INFO - [validation] saved: output/jit_JiT-B_8_from_scratch_null_repel/dit_validation/epoch_025_step_0201000_class083.png (class=83, sampler=heun, steps=100)
2026-04-26 02:29:32,200 - INFO - [overrides] applied from jit/configs/overrides.yaml: lr_scale=1.0 max_grad_norm=5.0 null_repel_weight=0.05 P_mean=0.0
2026-04-26 02:29:32,272 - INFO - [render-loss] step=201000 masked 4/16 samples (t_value < 0.40)
2026-04-26 02:31:24,206 - INFO - Step  201200 | Epoch  25 | MSE: 0.4813 | Steps/sec: 1.64 | LR: 1.45e-04 | Render_L1: 0.0233 | Alpha_L1: 0.0309 | Render_LPIPS: 0.1561 | Repel: 0.0000 | cos(c,null): +0.4972 | GradNorm: 1.0419 | MSE/t: [0.00-0.25]0.555(n=451) [0.25-0.50]0.546(n=1165) [0.50-0.75]0.420(n=1172) [0.75-1.00]0.393(n=412)
2026-04-26 02:31:24,669 - INFO - [cond] cfg_signal=0.0526 (min=0.0357 max=0.0801, n=16) | class_signal=0.0671 (min=0.0455 max=0.0906, n=16) | pred_rms=0.5930
2026-04-26 02:31:24,724 - INFO - [render-loss] step=201200 masked 7/16 samples (t_value < 0.40)
2026-04-26 02:33:16,717 - INFO - Step  201400 | Epoch  25 | MSE: 0.4602 | Steps/sec: 1.78 | LR: 1.45e-04 | Render_L1: 0.0228 | Alpha_L1: 0.0297 | Render_LPIPS: 0.1518 | Repel: 0.0000 | cos(c,null): +0.4968 | GradNorm: 0.6456 | MSE/t: [0.00-0.25]0.567(n=439) [0.25-0.50]0.507(n=1140) [0.50-0.75]0.417(n=1178) [0.75-1.00]0.348(n=443)
2026-04-26 02:33:17,387 - INFO - [cond] cfg_signal=0.0527 (min=0.0384 max=0.0683, n=16) | class_signal=0.0697 (min=0.0475 max=0.0926, n=16) | pred_rms=0.5954
2026-04-26 02:33:17,482 - INFO - [render-loss] step=201400 masked 3/16 samples (t_value < 0.40)
2026-04-26 02:35:10,061 - INFO - Step  201600 | Epoch  25 | MSE: 0.4671 | Steps/sec: 1.78 | LR: 1.45e-04 | Render_L1: 0.0236 | Alpha_L1: 0.0309 | Render_LPIPS: 0.1552 | Repel: 0.0000 | cos(c,null): +0.4977 | GradNorm: 0.6607 | MSE/t: [0.00-0.25]0.549(n=444) [0.25-0.50]0.515(n=1219) [0.50-0.75]0.408(n=1118) [0.75-1.00]0.399(n=419)
2026-04-26 02:35:10,524 - INFO - [cond] cfg_signal=0.0543 (min=0.0403 max=0.0724, n=16) | class_signal=0.0715 (min=0.0494 max=0.0899, n=16) | pred_rms=0.5929
2026-04-26 02:35:10,580 - INFO - [render-loss] step=201600 masked 7/16 samples (t_value < 0.40)
2026-04-26 02:37:02,390 - INFO - Step  201800 | Epoch  25 | MSE: 0.4733 | Steps/sec: 1.79 | LR: 1.45e-04 | Render_L1: 0.0235 | Alpha_L1: 0.0304 | Render_LPIPS: 0.1552 | Repel: 0.0000 | cos(c,null): +0.4989 | GradNorm: 0.6378 | MSE/t: [0.00-0.25]0.612(n=474) [0.25-0.50]0.508(n=1128) [0.50-0.75]0.413(n=1198) [0.75-1.00]0.394(n=400)
2026-04-26 02:37:02,848 - INFO - [cond] cfg_signal=0.0524 (min=0.0395 max=0.0698, n=16) | class_signal=0.0693 (min=0.0482 max=0.0875, n=16) | pred_rms=0.5940
2026-04-26 02:37:02,902 - INFO - [render-loss] step=201800 masked 8/16 samples (t_value < 0.40)
2026-04-26 02:38:54,774 - INFO - Step  202000 | Epoch  25 | MSE: 0.4714 | Steps/sec: 1.79 | LR: 1.45e-04 | Render_L1: 0.0227 | Alpha_L1: 0.0293 | Render_LPIPS: 0.1535 | Repel: 0.0000 | cos(c,null): +0.4976 | GradNorm: 0.6667 | MSE/t: [0.00-0.25]0.580(n=450) [0.25-0.50]0.515(n=1133) [0.50-0.75]0.422(n=1164) [0.75-1.00]0.382(n=453)
2026-04-26 02:38:55,232 - INFO - [cond] cfg_signal=0.0534 (min=0.0408 max=0.0733, n=16) | class_signal=0.0700 (min=0.0466 max=0.0888, n=16) | pred_rms=0.5887
2026-04-26 02:39:03,264 - INFO - [validation] saved: output/jit_JiT-B_8_from_scratch_null_repel/dit_validation/epoch_025_step_0202000_class044.png (class=44, sampler=heun, steps=100)
2026-04-26 02:39:04,749 - INFO - [overrides] applied from jit/configs/overrides.yaml: lr_scale=1.0 max_grad_norm=5.0 null_repel_weight=0.05 P_mean=0.0
2026-04-26 02:39:04,795 - INFO - [render-loss] step=202000 masked 7/16 samples (t_value < 0.40)
2026-04-26 02:40:57,286 - INFO - Step  202200 | Epoch  25 | MSE: 0.4781 | Steps/sec: 1.64 | LR: 1.45e-04 | Render_L1: 0.0237 | Alpha_L1: 0.0309 | Render_LPIPS: 0.1557 | Repel: 0.0000 | cos(c,null): +0.4963 | GradNorm: 0.6414 | MSE/t: [0.00-0.25]0.583(n=410) [0.25-0.50]0.513(n=1185) [0.50-0.75]0.430(n=1166) [0.75-1.00]0.411(n=439)
2026-04-26 02:40:57,797 - INFO - [cond] cfg_signal=0.0561 (min=0.0412 max=0.0702, n=16) | class_signal=0.0718 (min=0.0474 max=0.0874, n=16) | pred_rms=0.5901
2026-04-26 02:40:57,853 - INFO - [render-loss] step=202200 masked 1/16 samples (t_value < 0.40)
2026-04-26 02:42:49,899 - INFO - Step  202400 | Epoch  25 | MSE: 0.4719 | Steps/sec: 1.78 | LR: 1.45e-04 | Render_L1: 0.0229 | Alpha_L1: 0.0298 | Render_LPIPS: 0.1525 | Repel: 0.0000 | cos(c,null): +0.4965 | GradNorm: 0.6550 | MSE/t: [0.00-0.25]0.607(n=435) [0.25-0.50]0.506(n=1185) [0.50-0.75]0.420(n=1175) [0.75-1.00]0.377(n=405)
2026-04-26 02:42:50,359 - INFO - [cond] cfg_signal=0.0568 (min=0.0402 max=0.0701, n=16) | class_signal=0.0738 (min=0.0487 max=0.0962, n=16) | pred_rms=0.5831
2026-04-26 02:42:50,414 - INFO - [render-loss] step=202400 masked 6/16 samples (t_value < 0.40)
2026-04-26 02:44:42,084 - INFO - Step  202600 | Epoch  25 | MSE: 0.4640 | Steps/sec: 1.79 | LR: 1.44e-04 | Render_L1: 0.0224 | Alpha_L1: 0.0293 | Render_LPIPS: 0.1500 | Repel: 0.0000 | cos(c,null): +0.4958 | GradNorm: 0.6671 | MSE/t: [0.00-0.25]0.589(n=441) [0.25-0.50]0.508(n=1137) [0.50-0.75]0.414(n=1199) [0.75-1.00]0.355(n=423)
2026-04-26 02:44:42,548 - INFO - [cond] cfg_signal=0.0562 (min=0.0398 max=0.0678, n=16) | class_signal=0.0730 (min=0.0508 max=0.0910, n=16) | pred_rms=0.5920
2026-04-26 02:44:42,602 - INFO - [render-loss] step=202600 masked 7/16 samples (t_value < 0.40)
2026-04-26 02:46:34,825 - INFO - Step  202800 | Epoch  25 | MSE: 0.4789 | Steps/sec: 1.78 | LR: 1.44e-04 | Render_L1: 0.0230 | Alpha_L1: 0.0302 | Render_LPIPS: 0.1515 | Repel: 0.0000 | cos(c,null): +0.4971 | GradNorm: 0.6506 | MSE/t: [0.00-0.25]0.601(n=441) [0.25-0.50]0.526(n=1165) [0.50-0.75]0.432(n=1139) [0.75-1.00]0.358(n=455)
2026-04-26 02:46:35,286 - INFO - [cond] cfg_signal=0.0548 (min=0.0431 max=0.0700, n=16) | class_signal=0.0700 (min=0.0454 max=0.0922, n=16) | pred_rms=0.5691
2026-04-26 02:46:35,345 - INFO - [render-loss] step=202800 masked 5/16 samples (t_value < 0.40)
2026-04-26 02:48:27,589 - INFO - Step  203000 | Epoch  25 | MSE: 0.4702 | Steps/sec: 1.78 | LR: 1.44e-04 | Render_L1: 0.0226 | Alpha_L1: 0.0297 | Render_LPIPS: 0.1528 | Repel: 0.0000 | cos(c,null): +0.4980 | GradNorm: 0.6733 | MSE/t: [0.00-0.25]0.575(n=442) [0.25-0.50]0.519(n=1158) [0.50-0.75]0.419(n=1157) [0.75-1.00]0.372(n=443)
2026-04-26 02:48:28,042 - INFO - [cond] cfg_signal=0.0586 (min=0.0478 max=0.0716, n=16) | class_signal=0.0728 (min=0.0491 max=0.0919, n=16) | pred_rms=0.5751
2026-04-26 02:48:36,188 - INFO - [validation] saved: output/jit_JiT-B_8_from_scratch_null_repel/dit_validation/epoch_025_step_0203000_class035.png (class=35, sampler=heun, steps=100)
2026-04-26 02:48:37,540 - INFO - [overrides] applied from jit/configs/overrides.yaml: lr_scale=1.0 max_grad_norm=5.0 null_repel_weight=0.05 P_mean=0.0
2026-04-26 02:48:37,590 - INFO - [render-loss] step=203000 masked 6/16 samples (t_value < 0.40)
2026-04-26 02:50:29,361 - INFO - Step  203200 | Epoch  25 | MSE: 0.4617 | Steps/sec: 1.65 | LR: 1.44e-04 | Render_L1: 0.0229 | Alpha_L1: 0.0302 | Render_LPIPS: 0.1521 | Repel: 0.0000 | cos(c,null): +0.4979 | GradNorm: 0.6736 | MSE/t: [0.00-0.25]0.580(n=391) [0.25-0.50]0.501(n=1151) [0.50-0.75]0.420(n=1171) [0.75-1.00]0.374(n=487)
2026-04-26 02:50:29,840 - INFO - [cond] cfg_signal=0.0578 (min=0.0476 max=0.0708, n=16) | class_signal=0.0720 (min=0.0540 max=0.0925, n=16) | pred_rms=0.5699
2026-04-26 02:50:29,896 - INFO - [render-loss] step=203200 masked 4/16 samples (t_value < 0.40)
2026-04-26 02:52:21,639 - INFO - Step  203400 | Epoch  25 | MSE: 0.4838 | Steps/sec: 1.79 | LR: 1.44e-04 | Render_L1: 0.0234 | Alpha_L1: 0.0303 | Render_LPIPS: 0.1562 | Repel: 0.0000 | cos(c,null): +0.4968 | GradNorm: 0.6292 | MSE/t: [0.00-0.25]0.597(n=419) [0.25-0.50]0.543(n=1181) [0.50-0.75]0.420(n=1166) [0.75-1.00]0.384(n=434)
2026-04-26 02:52:22,102 - INFO - [cond] cfg_signal=0.0566 (min=0.0480 max=0.0718, n=16) | class_signal=0.0721 (min=0.0509 max=0.0952, n=16) | pred_rms=0.5792
2026-04-26 02:52:22,157 - INFO - [render-loss] step=203400 masked 6/16 samples (t_value < 0.40)
2026-04-26 02:54:14,698 - INFO - Step  203600 | Epoch  25 | MSE: 0.4744 | Steps/sec: 1.78 | LR: 1.44e-04 | Render_L1: 0.0226 | Alpha_L1: 0.0299 | Render_LPIPS: 0.1525 | Repel: 0.0000 | cos(c,null): +0.4957 | GradNorm: 0.6719 | MSE/t: [0.00-0.25]0.583(n=447) [0.25-0.50]0.520(n=1159) [0.50-0.75]0.420(n=1132) [0.75-1.00]0.389(n=462)
2026-04-26 02:54:15,165 - INFO - [cond] cfg_signal=0.0561 (min=0.0476 max=0.0697, n=16) | class_signal=0.0713 (min=0.0531 max=0.0935, n=16) | pred_rms=0.5785
2026-04-26 02:54:15,220 - INFO - [render-loss] step=203600 masked 4/16 samples (t_value < 0.40)
2026-04-26 02:56:07,228 - INFO - Step  203800 | Epoch  25 | MSE: 0.4744 | Steps/sec: 1.78 | LR: 1.44e-04 | Render_L1: 0.0228 | Alpha_L1: 0.0292 | Render_LPIPS: 0.1520 | Repel: 0.0000 | cos(c,null): +0.4952 | GradNorm: 0.6742 | MSE/t: [0.00-0.25]0.608(n=467) [0.25-0.50]0.515(n=1102) [0.50-0.75]0.418(n=1176) [0.75-1.00]0.385(n=455)
2026-04-26 02:56:07,687 - INFO - [cond] cfg_signal=0.0565 (min=0.0453 max=0.0711, n=16) | class_signal=0.0716 (min=0.0521 max=0.0921, n=16) | pred_rms=0.5739
2026-04-26 02:56:07,742 - INFO - [render-loss] step=203800 masked 3/16 samples (t_value < 0.40)
2026-04-26 02:57:59,517 - INFO - Step  204000 | Epoch  25 | MSE: 0.4729 | Steps/sec: 1.79 | LR: 1.44e-04 | Render_L1: 0.0229 | Alpha_L1: 0.0297 | Render_LPIPS: 0.1532 | Repel: 0.0000 | cos(c,null): +0.4958 | GradNorm: 0.6401 | MSE/t: [0.00-0.25]0.568(n=408) [0.25-0.50]0.513(n=1213) [0.50-0.75]0.429(n=1150) [0.75-1.00]0.389(n=429)
2026-04-26 02:57:59,971 - INFO - [cond] cfg_signal=0.0558 (min=0.0478 max=0.0723, n=16) | class_signal=0.0716 (min=0.0508 max=0.0968, n=16) | pred_rms=0.5810
2026-04-26 02:58:08,001 - INFO - [validation] saved: output/jit_JiT-B_8_from_scratch_null_repel/dit_validation/epoch_025_step_0204000_class035.png (class=35, sampler=heun, steps=100)
2026-04-26 02:58:09,308 - INFO - [overrides] applied from jit/configs/overrides.yaml: lr_scale=1.0 max_grad_norm=5.0 null_repel_weight=0.05 P_mean=0.0
2026-04-26 02:58:09,357 - INFO - [render-loss] step=204000 masked 8/16 samples (t_value < 0.40)
2026-04-26 03:00:01,399 - INFO - Step  204200 | Epoch  25 | MSE: 0.4726 | Steps/sec: 1.65 | LR: 1.44e-04 | Render_L1: 0.0227 | Alpha_L1: 0.0299 | Render_LPIPS: 0.1522 | Repel: 0.0000 | cos(c,null): +0.4953 | GradNorm: 0.6795 | MSE/t: [0.00-0.25]0.584(n=432) [0.25-0.50]0.522(n=1163) [0.50-0.75]0.407(n=1170) [0.75-1.00]0.404(n=435)
2026-04-26 03:00:01,945 - INFO - [cond] cfg_signal=0.0566 (min=0.0474 max=0.0683, n=16) | class_signal=0.0710 (min=0.0480 max=0.0972, n=16) | pred_rms=0.5901
2026-04-26 03:00:01,999 - INFO - [render-loss] step=204200 masked 8/16 samples (t_value < 0.40)
2026-04-26 03:01:53,967 - INFO - Step  204400 | Epoch  25 | MSE: 0.4717 | Steps/sec: 1.79 | LR: 1.44e-04 | Render_L1: 0.0229 | Alpha_L1: 0.0305 | Render_LPIPS: 0.1523 | Repel: 0.0000 | cos(c,null): +0.4954 | GradNorm: 0.6586 | MSE/t: [0.00-0.25]0.624(n=431) [0.25-0.50]0.516(n=1162) [0.50-0.75]0.411(n=1140) [0.75-1.00]0.369(n=467)
2026-04-26 03:01:54,447 - INFO - [cond] cfg_signal=0.0557 (min=0.0471 max=0.0694, n=16) | class_signal=0.0690 (min=0.0498 max=0.0973, n=16) | pred_rms=0.5851
2026-04-26 03:01:54,510 - INFO - [render-loss] step=204400 masked 8/16 samples (t_value < 0.40)
2026-04-26 03:03:46,034 - INFO - Step  204600 | Epoch  25 | MSE: 0.4748 | Steps/sec: 1.79 | LR: 1.44e-04 | Render_L1: 0.0227 | Alpha_L1: 0.0298 | Render_LPIPS: 0.1511 | Repel: 0.0000 | cos(c,null): +0.4969 | GradNorm: 0.6448 | MSE/t: [0.00-0.25]0.620(n=445) [0.25-0.50]0.521(n=1118) [0.50-0.75]0.409(n=1211) [0.75-1.00]0.390(n=426)
2026-04-26 03:03:46,498 - INFO - [cond] cfg_signal=0.0546 (min=0.0470 max=0.0695, n=16) | class_signal=0.0679 (min=0.0455 max=0.0986, n=16) | pred_rms=0.5797
2026-04-26 03:03:46,552 - INFO - [render-loss] step=204600 masked 6/16 samples (t_value < 0.40)
2026-04-26 03:05:38,170 - INFO - Step  204800 | Epoch  25 | MSE: 0.4713 | Steps/sec: 1.79 | LR: 1.43e-04 | Render_L1: 0.0234 | Alpha_L1: 0.0304 | Render_LPIPS: 0.1539 | Repel: 0.0000 | cos(c,null): +0.4969 | GradNorm: 0.7287 | MSE/t: [0.00-0.25]0.583(n=444) [0.25-0.50]0.512(n=1185) [0.50-0.75]0.429(n=1140) [0.75-1.00]0.356(n=431)
2026-04-26 03:05:38,634 - INFO - [cond] cfg_signal=0.0530 (min=0.0444 max=0.0705, n=16) | class_signal=0.0664 (min=0.0451 max=0.0956, n=16) | pred_rms=0.5740
2026-04-26 03:05:38,689 - INFO - [render-loss] step=204800 masked 4/16 samples (t_value < 0.40)
2026-04-26 03:07:30,477 - INFO - Step  205000 | Epoch  25 | MSE: 0.4704 | Steps/sec: 1.79 | LR: 1.43e-04 | Render_L1: 0.0229 | Alpha_L1: 0.0306 | Render_LPIPS: 0.1513 | Repel: 0.0000 | cos(c,null): +0.4962 | GradNorm: 0.6308 | MSE/t: [0.00-0.25]0.597(n=433) [0.25-0.50]0.508(n=1150) [0.50-0.75]0.425(n=1157) [0.75-1.00]0.371(n=460)
2026-04-26 03:07:30,922 - INFO - [cond] cfg_signal=0.0520 (min=0.0426 max=0.0676, n=16) | class_signal=0.0662 (min=0.0447 max=0.0900, n=16) | pred_rms=0.5794
2026-04-26 03:07:39,029 - INFO - [validation] saved: output/jit_JiT-B_8_from_scratch_null_repel/dit_validation/epoch_025_step_0205000_class042.png (class=42, sampler=heun, steps=100)
2026-04-26 03:07:40,320 - INFO - [overrides] applied from jit/configs/overrides.yaml: lr_scale=1.0 max_grad_norm=5.0 null_repel_weight=0.05 P_mean=0.0
2026-04-26 03:07:40,369 - INFO - [render-loss] step=205000 masked 7/16 samples (t_value < 0.40)
2026-04-26 03:09:32,858 - INFO - Step  205200 | Epoch  25 | MSE: 0.4648 | Steps/sec: 1.64 | LR: 1.43e-04 | Render_L1: 0.0227 | Alpha_L1: 0.0293 | Render_LPIPS: 0.1511 | Repel: 0.0000 | cos(c,null): +0.4962 | GradNorm: 0.6802 | MSE/t: [0.00-0.25]0.540(n=419) [0.25-0.50]0.527(n=1121) [0.50-0.75]0.419(n=1203) [0.75-1.00]0.366(n=457)
2026-04-26 03:09:33,337 - INFO - [cond] cfg_signal=0.0511 (min=0.0405 max=0.0641, n=16) | class_signal=0.0639 (min=0.0447 max=0.0866, n=16) | pred_rms=0.5740
2026-04-26 03:09:33,393 - INFO - [render-loss] step=205200 masked 3/16 samples (t_value < 0.40)
2026-04-26 03:11:25,419 - INFO - Step  205400 | Epoch  25 | MSE: 0.4642 | Steps/sec: 1.78 | LR: 1.43e-04 | Render_L1: 0.0227 | Alpha_L1: 0.0293 | Render_LPIPS: 0.1522 | Repel: 0.0000 | cos(c,null): +0.4956 | GradNorm: 0.6565 | MSE/t: [0.00-0.25]0.586(n=416) [0.25-0.50]0.501(n=1145) [0.50-0.75]0.425(n=1218) [0.75-1.00]0.357(n=421)
2026-04-26 03:11:25,887 - INFO - [cond] cfg_signal=0.0540 (min=0.0405 max=0.0694, n=16) | class_signal=0.0674 (min=0.0468 max=0.0910, n=16) | pred_rms=0.5846
2026-04-26 03:11:25,942 - INFO - [render-loss] step=205400 masked 6/16 samples (t_value < 0.40)
2026-04-26 03:13:17,783 - INFO - Step  205600 | Epoch  25 | MSE: 0.4653 | Steps/sec: 1.79 | LR: 1.43e-04 | Render_L1: 0.0229 | Alpha_L1: 0.0298 | Render_LPIPS: 0.1528 | Repel: 0.0000 | cos(c,null): +0.4957 | GradNorm: 0.6528 | MSE/t: [0.00-0.25]0.553(n=433) [0.25-0.50]0.514(n=1169) [0.50-0.75]0.416(n=1182) [0.75-1.00]0.378(n=416)
2026-04-26 03:13:18,255 - INFO - [cond] cfg_signal=0.0540 (min=0.0400 max=0.0731, n=16) | class_signal=0.0680 (min=0.0455 max=0.0868, n=16) | pred_rms=0.6243
2026-04-26 03:13:18,313 - INFO - [render-loss] step=205600 masked 4/16 samples (t_value < 0.40)
2026-04-26 03:15:10,389 - INFO - Step  205800 | Epoch  25 | MSE: 0.4791 | Steps/sec: 1.78 | LR: 1.43e-04 | Render_L1: 0.0231 | Alpha_L1: 0.0302 | Render_LPIPS: 0.1537 | Repel: 0.0000 | cos(c,null): +0.4941 | GradNorm: 0.6976 | MSE/t: [0.00-0.25]0.557(n=446) [0.25-0.50]0.523(n=1151) [0.50-0.75]0.445(n=1162) [0.75-1.00]0.376(n=441)
2026-04-26 03:15:10,852 - INFO - [cond] cfg_signal=0.0536 (min=0.0408 max=0.0729, n=16) | class_signal=0.0671 (min=0.0457 max=0.0871, n=16) | pred_rms=0.5898
2026-04-26 03:15:10,908 - INFO - [render-loss] step=205800 masked 8/16 samples (t_value < 0.40)
2026-04-26 03:17:02,828 - INFO - Step  206000 | Epoch  25 | MSE: 0.4754 | Steps/sec: 1.79 | LR: 1.43e-04 | Render_L1: 0.0226 | Alpha_L1: 0.0295 | Render_LPIPS: 0.1513 | Repel: 0.0000 | cos(c,null): +0.4929 | GradNorm: 0.6495 | MSE/t: [0.00-0.25]0.612(n=464) [0.25-0.50]0.522(n=1141) [0.50-0.75]0.411(n=1147) [0.75-1.00]0.379(n=448)
2026-04-26 03:17:03,292 - INFO - [cond] cfg_signal=0.0524 (min=0.0397 max=0.0719, n=16) | class_signal=0.0679 (min=0.0454 max=0.0934, n=16) | pred_rms=0.6023
2026-04-26 03:17:11,352 - INFO - [validation] saved: output/jit_JiT-B_8_from_scratch_null_repel/dit_validation/epoch_025_step_0206000_class100.png (class=100, sampler=heun, steps=100)
2026-04-26 03:17:12,601 - INFO - [overrides] applied from jit/configs/overrides.yaml: lr_scale=1.0 max_grad_norm=5.0 null_repel_weight=0.05 P_mean=0.0
2026-04-26 03:17:12,650 - INFO - [render-loss] step=206000 masked 5/16 samples (t_value < 0.40)
2026-04-26 03:19:04,674 - INFO - Step  206200 | Epoch  25 | MSE: 0.4661 | Steps/sec: 1.65 | LR: 1.43e-04 | Render_L1: 0.0223 | Alpha_L1: 0.0296 | Render_LPIPS: 0.1506 | Repel: 0.0000 | cos(c,null): +0.4934 | GradNorm: 0.6288 | MSE/t: [0.00-0.25]0.574(n=431) [0.25-0.50]0.505(n=1152) [0.50-0.75]0.420(n=1169) [0.75-1.00]0.383(n=448)
2026-04-26 03:19:05,151 - INFO - [cond] cfg_signal=0.0519 (min=0.0415 max=0.0734, n=16) | class_signal=0.0661 (min=0.0453 max=0.0877, n=16) | pred_rms=0.6063
2026-04-26 03:19:05,204 - INFO - [render-loss] step=206200 masked 12/16 samples (t_value < 0.40)
2026-04-26 03:20:57,205 - INFO - Step  206400 | Epoch  25 | MSE: 0.4667 | Steps/sec: 1.78 | LR: 1.43e-04 | Render_L1: 0.0223 | Alpha_L1: 0.0297 | Render_LPIPS: 0.1500 | Repel: 0.0000 | cos(c,null): +0.4924 | GradNorm: 0.6518 | MSE/t: [0.00-0.25]0.589(n=420) [0.25-0.50]0.508(n=1161) [0.50-0.75]0.420(n=1180) [0.75-1.00]0.365(n=439)
2026-04-26 03:20:57,670 - INFO - [cond] cfg_signal=0.0530 (min=0.0417 max=0.0716, n=16) | class_signal=0.0663 (min=0.0467 max=0.0863, n=16) | pred_rms=0.6084
2026-04-26 03:20:57,729 - INFO - [render-loss] step=206400 masked 9/16 samples (t_value < 0.40)
2026-04-26 03:22:49,624 - INFO - Step  206600 | Epoch  25 | MSE: 0.4628 | Steps/sec: 1.79 | LR: 1.43e-04 | Render_L1: 0.0228 | Alpha_L1: 0.0301 | Render_LPIPS: 0.1504 | Repel: 0.0000 | cos(c,null): +0.4917 | GradNorm: 0.6323 | MSE/t: [0.00-0.25]0.581(n=445) [0.25-0.50]0.512(n=1166) [0.50-0.75]0.402(n=1162) [0.75-1.00]0.370(n=427)
2026-04-26 03:22:50,103 - INFO - [cond] cfg_signal=0.0528 (min=0.0415 max=0.0689, n=16) | class_signal=0.0653 (min=0.0456 max=0.0865, n=16) | pred_rms=0.6013
2026-04-26 03:22:50,159 - INFO - [render-loss] step=206600 masked 4/16 samples (t_value < 0.40)
2026-04-26 03:24:42,975 - INFO - Step  206800 | Epoch  26 | MSE: 0.4732 | Steps/sec: 1.77 | LR: 1.42e-04 | Render_L1: 0.0230 | Alpha_L1: 0.0297 | Render_LPIPS: 0.1524 | Repel: 0.0000 | cos(c,null): +0.4911 | GradNorm: 0.6506 | MSE/t: [0.00-0.25]0.602(n=417) [0.25-0.50]0.512(n=1219) [0.50-0.75]0.415(n=1152) [0.75-1.00]0.392(n=412)
2026-04-26 03:24:43,454 - INFO - [cond] cfg_signal=0.0532 (min=0.0422 max=0.0705, n=16) | class_signal=0.0664 (min=0.0462 max=0.0905, n=16) | pred_rms=0.6063
2026-04-26 03:24:43,509 - INFO - [render-loss] step=206800 masked 4/16 samples (t_value < 0.40)
2026-04-26 03:26:35,320 - INFO - Step  207000 | Epoch  26 | MSE: 0.4655 | Steps/sec: 1.79 | LR: 1.42e-04 | Render_L1: 0.0228 | Alpha_L1: 0.0295 | Render_LPIPS: 0.1503 | Repel: 0.0000 | cos(c,null): +0.4923 | GradNorm: 0.6278 | MSE/t: [0.00-0.25]0.594(n=426) [0.25-0.50]0.511(n=1213) [0.50-0.75]0.410(n=1115) [0.75-1.00]0.358(n=446)
2026-04-26 03:26:35,795 - INFO - [cond] cfg_signal=0.0547 (min=0.0409 max=0.0752, n=16) | class_signal=0.0689 (min=0.0487 max=0.0938, n=16) | pred_rms=0.5968
2026-04-26 03:26:43,856 - INFO - [validation] saved: output/jit_JiT-B_8_from_scratch_null_repel/dit_validation/epoch_026_step_0207000_class117.png (class=117, sampler=heun, steps=100)
2026-04-26 03:26:45,275 - INFO - [overrides] applied from jit/configs/overrides.yaml: lr_scale=1.0 max_grad_norm=5.0 null_repel_weight=0.05 P_mean=0.0
2026-04-26 03:26:45,323 - INFO - [render-loss] step=207000 masked 7/16 samples (t_value < 0.40)
2026-04-26 03:28:37,581 - INFO - Step  207200 | Epoch  26 | MSE: 0.4626 | Steps/sec: 1.64 | LR: 1.42e-04 | Render_L1: 0.0227 | Alpha_L1: 0.0288 | Render_LPIPS: 0.1501 | Repel: 0.0000 | cos(c,null): +0.4936 | GradNorm: 0.6611 | MSE/t: [0.00-0.25]0.585(n=417) [0.25-0.50]0.490(n=1147) [0.50-0.75]0.411(n=1200) [0.75-1.00]0.416(n=436)
2026-04-26 03:28:38,078 - INFO - [cond] cfg_signal=0.0544 (min=0.0416 max=0.0796, n=16) | class_signal=0.0680 (min=0.0511 max=0.0902, n=16) | pred_rms=0.6051
2026-04-26 03:28:38,134 - INFO - [render-loss] step=207200 masked 5/16 samples (t_value < 0.40)
2026-04-26 03:30:30,177 - INFO - Step  207400 | Epoch  26 | MSE: 0.4589 | Steps/sec: 1.78 | LR: 1.42e-04 | Render_L1: 0.0224 | Alpha_L1: 0.0294 | Render_LPIPS: 0.1502 | Repel: 0.0000 | cos(c,null): +0.4948 | GradNorm: 0.6102 | MSE/t: [0.00-0.25]0.538(n=457) [0.25-0.50]0.501(n=1156) [0.50-0.75]0.410(n=1190) [0.75-1.00]0.393(n=397)
2026-04-26 03:30:30,711 - INFO - [cond] cfg_signal=0.0548 (min=0.0416 max=0.0751, n=16) | class_signal=0.0691 (min=0.0485 max=0.0863, n=16) | pred_rms=0.6111
2026-04-26 03:30:30,787 - INFO - [render-loss] step=207400 masked 5/16 samples (t_value < 0.40)
2026-04-26 03:32:22,240 - INFO - Step  207600 | Epoch  26 | MSE: 0.4650 | Steps/sec: 1.79 | LR: 1.42e-04 | Render_L1: 0.0225 | Alpha_L1: 0.0297 | Render_LPIPS: 0.1516 | Repel: 0.0000 | cos(c,null): +0.4959 | GradNorm: 0.6562 | MSE/t: [0.00-0.25]0.583(n=434) [0.25-0.50]0.502(n=1088) [0.50-0.75]0.422(n=1230) [0.75-1.00]0.378(n=448)
2026-04-26 03:32:22,703 - INFO - [cond] cfg_signal=0.0568 (min=0.0428 max=0.0776, n=16) | class_signal=0.0685 (min=0.0472 max=0.0868, n=16) | pred_rms=0.6056
2026-04-26 03:32:22,758 - INFO - [render-loss] step=207600 masked 8/16 samples (t_value < 0.40)
2026-04-26 03:34:14,587 - INFO - Step  207800 | Epoch  26 | MSE: 0.4616 | Steps/sec: 1.79 | LR: 1.42e-04 | Render_L1: 0.0226 | Alpha_L1: 0.0293 | Render_LPIPS: 0.1491 | Repel: 0.0000 | cos(c,null): +0.4964 | GradNorm: 0.6359 | MSE/t: [0.00-0.25]0.561(n=462) [0.25-0.50]0.515(n=1156) [0.50-0.75]0.405(n=1190) [0.75-1.00]0.359(n=392)
2026-04-26 03:34:15,055 - INFO - [cond] cfg_signal=0.0533 (min=0.0408 max=0.0703, n=16) | class_signal=0.0662 (min=0.0483 max=0.0813, n=16) | pred_rms=0.6002
2026-04-26 03:34:15,110 - INFO - [render-loss] step=207800 masked 7/16 samples (t_value < 0.40)
2026-04-26 03:36:07,001 - INFO - Step  208000 | Epoch  26 | MSE: 0.4694 | Steps/sec: 1.79 | LR: 1.42e-04 | Render_L1: 0.0227 | Alpha_L1: 0.0296 | Render_LPIPS: 0.1510 | Repel: 0.0000 | cos(c,null): +0.4965 | GradNorm: 0.6058 | MSE/t: [0.00-0.25]0.615(n=440) [0.25-0.50]0.509(n=1179) [0.50-0.75]0.409(n=1139) [0.75-1.00]0.373(n=442)
2026-04-26 03:36:07,518 - INFO - [cond] cfg_signal=0.0562 (min=0.0410 max=0.0695, n=16) | class_signal=0.0687 (min=0.0503 max=0.0835, n=16) | pred_rms=0.6139
2026-04-26 03:36:15,853 - INFO - [validation] saved: output/jit_JiT-B_8_from_scratch_null_repel/dit_validation/epoch_026_step_0208000_class084.png (class=84, sampler=heun, steps=100)
2026-04-26 03:36:17,140 - INFO - [overrides] applied from jit/configs/overrides.yaml: lr_scale=1.0 max_grad_norm=5.0 null_repel_weight=0.05 P_mean=0.0
2026-04-26 03:36:17,189 - INFO - [render-loss] step=208000 masked 5/16 samples (t_value < 0.40)
2026-04-26 03:38:08,986 - INFO - Step  208200 | Epoch  26 | MSE: 0.4706 | Steps/sec: 1.65 | LR: 1.42e-04 | Render_L1: 0.0226 | Alpha_L1: 0.0297 | Render_LPIPS: 0.1506 | Repel: 0.0000 | cos(c,null): +0.4969 | GradNorm: 0.6218 | MSE/t: [0.00-0.25]0.603(n=403) [0.25-0.50]0.513(n=1130) [0.50-0.75]0.424(n=1224) [0.75-1.00]0.371(n=443)
2026-04-26 03:38:09,483 - INFO - [cond] cfg_signal=0.0532 (min=0.0432 max=0.0693, n=16) | class_signal=0.0649 (min=0.0452 max=0.0824, n=16) | pred_rms=0.5941
2026-04-26 03:38:09,540 - INFO - [render-loss] step=208200 masked 5/16 samples (t_value < 0.40)
2026-04-26 03:40:01,150 - INFO - Step  208400 | Epoch  26 | MSE: 0.4700 | Steps/sec: 1.79 | LR: 1.42e-04 | Render_L1: 0.0230 | Alpha_L1: 0.0308 | Render_LPIPS: 0.1538 | Repel: 0.0000 | cos(c,null): +0.4972 | GradNorm: 0.6358 | MSE/t: [0.00-0.25]0.532(n=437) [0.25-0.50]0.521(n=1208) [0.50-0.75]0.423(n=1160) [0.75-1.00]0.383(n=395)
2026-04-26 03:40:01,614 - INFO - [cond] cfg_signal=0.0540 (min=0.0455 max=0.0683, n=16) | class_signal=0.0684 (min=0.0494 max=0.0870, n=16) | pred_rms=0.6004
2026-04-26 03:40:01,669 - INFO - [render-loss] step=208400 masked 9/16 samples (t_value < 0.40)
2026-04-26 03:41:53,927 - INFO - Step  208600 | Epoch  26 | MSE: 0.4742 | Steps/sec: 1.78 | LR: 1.42e-04 | Render_L1: 0.0236 | Alpha_L1: 0.0306 | Render_LPIPS: 0.1529 | Repel: 0.0000 | cos(c,null): +0.4978 | GradNorm: 0.6511 | MSE/t: [0.00-0.25]0.583(n=444) [0.25-0.50]0.507(n=1163) [0.50-0.75]0.437(n=1151) [0.75-1.00]0.375(n=442)
2026-04-26 03:41:54,390 - INFO - [cond] cfg_signal=0.0546 (min=0.0448 max=0.0728, n=16) | class_signal=0.0679 (min=0.0509 max=0.0911, n=16) | pred_rms=0.6098
2026-04-26 03:41:54,450 - INFO - [render-loss] step=208600 masked 8/16 samples (t_value < 0.40)
2026-04-26 03:43:46,163 - INFO - Step  208800 | Epoch  26 | MSE: 0.4742 | Steps/sec: 1.79 | LR: 1.41e-04 | Render_L1: 0.0230 | Alpha_L1: 0.0294 | Render_LPIPS: 0.1526 | Repel: 0.0000 | cos(c,null): +0.4974 | GradNorm: 0.6235 | MSE/t: [0.00-0.25]0.597(n=450) [0.25-0.50]0.504(n=1093) [0.50-0.75]0.432(n=1220) [0.75-1.00]0.391(n=437)
2026-04-26 03:43:46,647 - INFO - [cond] cfg_signal=0.0556 (min=0.0459 max=0.0800, n=16) | class_signal=0.0695 (min=0.0502 max=0.0937, n=16) | pred_rms=0.6034
2026-04-26 03:43:46,703 - INFO - [render-loss] step=208800 masked 4/16 samples (t_value < 0.40)
2026-04-26 03:45:38,274 - INFO - Step  209000 | Epoch  26 | MSE: 0.4729 | Steps/sec: 1.79 | LR: 1.41e-04 | Render_L1: 0.0228 | Alpha_L1: 0.0298 | Render_LPIPS: 0.1522 | Repel: 0.0000 | cos(c,null): +0.4973 | GradNorm: 0.7323 | MSE/t: [0.00-0.25]0.615(n=404) [0.25-0.50]0.508(n=1180) [0.50-0.75]0.420(n=1157) [0.75-1.00]0.391(n=459)
2026-04-26 03:45:38,731 - INFO - [cond] cfg_signal=0.0559 (min=0.0445 max=0.0750, n=16) | class_signal=0.0705 (min=0.0508 max=0.0885, n=16) | pred_rms=0.6120
2026-04-26 03:45:46,804 - INFO - [validation] saved: output/jit_JiT-B_8_from_scratch_null_repel/dit_validation/epoch_026_step_0209000_class119.png (class=119, sampler=heun, steps=100)
2026-04-26 03:45:48,056 - INFO - [overrides] applied from jit/configs/overrides.yaml: lr_scale=1.0 max_grad_norm=5.0 null_repel_weight=0.05 P_mean=0.0
2026-04-26 03:45:48,103 - INFO - [render-loss] step=209000 masked 7/16 samples (t_value < 0.40)
2026-04-26 03:47:40,074 - INFO - Step  209200 | Epoch  26 | MSE: 0.4879 | Steps/sec: 1.65 | LR: 1.41e-04 | Render_L1: 0.0229 | Alpha_L1: 0.0294 | Render_LPIPS: 0.1528 | Repel: 0.0000 | cos(c,null): +0.4947 | GradNorm: 0.6815 | MSE/t: [0.00-0.25]0.660(n=451) [0.25-0.50]0.525(n=1144) [0.50-0.75]0.421(n=1161) [0.75-1.00]0.393(n=444)
2026-04-26 03:47:40,540 - INFO - [cond] cfg_signal=0.0554 (min=0.0452 max=0.0705, n=16) | class_signal=0.0695 (min=0.0521 max=0.0877, n=16) | pred_rms=0.5936
2026-04-26 03:47:40,596 - INFO - [render-loss] step=209200 masked 5/16 samples (t_value < 0.40)
2026-04-26 03:49:32,401 - INFO - Step  209400 | Epoch  26 | MSE: 0.4640 | Steps/sec: 1.79 | LR: 1.41e-04 | Render_L1: 0.0226 | Alpha_L1: 0.0292 | Render_LPIPS: 0.1501 | Repel: 0.0000 | cos(c,null): +0.4945 | GradNorm: 0.6349 | MSE/t: [0.00-0.25]0.563(n=479) [0.25-0.50]0.501(n=1169) [0.50-0.75]0.422(n=1147) [0.75-1.00]0.361(n=405)
2026-04-26 03:49:32,876 - INFO - [cond] cfg_signal=0.0551 (min=0.0438 max=0.0717, n=16) | class_signal=0.0709 (min=0.0469 max=0.0879, n=16) | pred_rms=0.5960
2026-04-26 03:49:32,936 - INFO - [render-loss] step=209400 masked 8/16 samples (t_value < 0.40)
2026-04-26 03:51:24,998 - INFO - Step  209600 | Epoch  26 | MSE: 0.4693 | Steps/sec: 1.78 | LR: 1.41e-04 | Render_L1: 0.0229 | Alpha_L1: 0.0301 | Render_LPIPS: 0.1527 | Repel: 0.0000 | cos(c,null): +0.4957 | GradNorm: 0.6564 | MSE/t: [0.00-0.25]0.574(n=453) [0.25-0.50]0.511(n=1166) [0.50-0.75]0.417(n=1110) [0.75-1.00]0.388(n=471)
2026-04-26 03:51:25,493 - INFO - [cond] cfg_signal=0.0533 (min=0.0407 max=0.0699, n=16) | class_signal=0.0692 (min=0.0489 max=0.0852, n=16) | pred_rms=0.5843
2026-04-26 03:51:25,549 - INFO - [render-loss] step=209600 masked 8/16 samples (t_value < 0.40)
2026-04-26 03:53:17,677 - INFO - Step  209800 | Epoch  26 | MSE: 0.4646 | Steps/sec: 1.78 | LR: 1.41e-04 | Render_L1: 0.0231 | Alpha_L1: 0.0301 | Render_LPIPS: 0.1525 | Repel: 0.0000 | cos(c,null): +0.4951 | GradNorm: 0.6528 | MSE/t: [0.00-0.25]0.585(n=417) [0.25-0.50]0.503(n=1187) [0.50-0.75]0.416(n=1145) [0.75-1.00]0.376(n=451)
2026-04-26 03:53:18,151 - INFO - [cond] cfg_signal=0.0545 (min=0.0425 max=0.0682, n=16) | class_signal=0.0697 (min=0.0522 max=0.0843, n=16) | pred_rms=0.5948
2026-04-26 03:53:18,207 - INFO - [render-loss] step=209800 masked 9/16 samples (t_value < 0.40)
2026-04-26 03:55:10,611 - INFO - Step  210000 | Epoch  26 | MSE: 0.4634 | Steps/sec: 1.78 | LR: 1.41e-04 | Render_L1: 0.0229 | Alpha_L1: 0.0299 | Render_LPIPS: 0.1508 | Repel: 0.0000 | cos(c,null): +0.4963 | GradNorm: 0.6453 | MSE/t: [0.00-0.25]0.588(n=454) [0.25-0.50]0.490(n=1124) [0.50-0.75]0.422(n=1177) [0.75-1.00]0.379(n=445)
2026-04-26 03:55:11,074 - INFO - [cond] cfg_signal=0.0547 (min=0.0414 max=0.0706, n=16) | class_signal=0.0702 (min=0.0487 max=0.0865, n=16) | pred_rms=0.5950
2026-04-26 03:55:19,096 - INFO - [validation] saved: output/jit_JiT-B_8_from_scratch_null_repel/dit_validation/epoch_026_step_0210000_class025.png (class=25, sampler=heun, steps=100)
2026-04-26 03:55:20,368 - INFO - [overrides] applied from jit/configs/overrides.yaml: lr_scale=1.0 max_grad_norm=5.0 null_repel_weight=0.05 P_mean=0.0
2026-04-26 03:55:20,417 - INFO - [render-loss] step=210000 masked 7/16 samples (t_value < 0.40)
2026-04-26 03:57:12,587 - INFO - Step  210200 | Epoch  26 | MSE: 0.4620 | Steps/sec: 1.65 | LR: 1.41e-04 | Render_L1: 0.0223 | Alpha_L1: 0.0288 | Render_LPIPS: 0.1485 | Repel: 0.0000 | cos(c,null): +0.4974 | GradNorm: 0.6341 | MSE/t: [0.00-0.25]0.563(n=441) [0.25-0.50]0.506(n=1190) [0.50-0.75]0.407(n=1123) [0.75-1.00]0.384(n=446)
2026-04-26 03:57:13,029 - INFO - [cond] cfg_signal=0.0562 (min=0.0442 max=0.0786, n=16) | class_signal=0.0726 (min=0.0487 max=0.0990, n=16) | pred_rms=0.5950
2026-04-26 03:57:13,085 - INFO - [render-loss] step=210200 masked 5/16 samples (t_value < 0.40)
2026-04-26 03:59:04,900 - INFO - Step  210400 | Epoch  26 | MSE: 0.4652 | Steps/sec: 1.79 | LR: 1.41e-04 | Render_L1: 0.0223 | Alpha_L1: 0.0286 | Render_LPIPS: 0.1499 | Repel: 0.0000 | cos(c,null): +0.4978 | GradNorm: 0.6223 | MSE/t: [0.00-0.25]0.580(n=432) [0.25-0.50]0.504(n=1149) [0.50-0.75]0.420(n=1194) [0.75-1.00]0.370(n=425)
2026-04-26 03:59:05,370 - INFO - [cond] cfg_signal=0.0547 (min=0.0401 max=0.0741, n=16) | class_signal=0.0704 (min=0.0470 max=0.0940, n=16) | pred_rms=0.6019
2026-04-26 03:59:05,441 - INFO - [render-loss] step=210400 masked 5/16 samples (t_value < 0.40)
2026-04-26 04:00:57,495 - INFO - Step  210600 | Epoch  26 | MSE: 0.4730 | Steps/sec: 1.78 | LR: 1.41e-04 | Render_L1: 0.0227 | Alpha_L1: 0.0299 | Render_LPIPS: 0.1514 | Repel: 0.0000 | cos(c,null): +0.4979 | GradNorm: 0.6727 | MSE/t: [0.00-0.25]0.592(n=435) [0.25-0.50]0.511(n=1166) [0.50-0.75]0.427(n=1175) [0.75-1.00]0.374(n=424)
2026-04-26 04:00:57,980 - INFO - [cond] cfg_signal=0.0541 (min=0.0411 max=0.0705, n=16) | class_signal=0.0705 (min=0.0478 max=0.0896, n=16) | pred_rms=0.5939
2026-04-26 04:00:58,035 - INFO - [render-loss] step=210600 masked 6/16 samples (t_value < 0.40)
2026-04-26 04:02:50,214 - INFO - Step  210800 | Epoch  26 | MSE: 0.4774 | Steps/sec: 1.78 | LR: 1.40e-04 | Render_L1: 0.0230 | Alpha_L1: 0.0293 | Render_LPIPS: 0.1533 | Repel: 0.0000 | cos(c,null): +0.4989 | GradNorm: 0.6265 | MSE/t: [0.00-0.25]0.598(n=443) [0.25-0.50]0.517(n=1167) [0.50-0.75]0.427(n=1145) [0.75-1.00]0.384(n=445)
2026-04-26 04:02:50,681 - INFO - [cond] cfg_signal=0.0538 (min=0.0402 max=0.0693, n=16) | class_signal=0.0702 (min=0.0488 max=0.0866, n=16) | pred_rms=0.6036
2026-04-26 04:02:50,736 - INFO - [render-loss] step=210800 masked 4/16 samples (t_value < 0.40)
2026-04-26 04:04:42,620 - INFO - Step  211000 | Epoch  26 | MSE: 0.4657 | Steps/sec: 1.79 | LR: 1.40e-04 | Render_L1: 0.0224 | Alpha_L1: 0.0292 | Render_LPIPS: 0.1497 | Repel: 0.0000 | cos(c,null): +0.4986 | GradNorm: 0.6754 | MSE/t: [0.00-0.25]0.577(n=437) [0.25-0.50]0.502(n=1209) [0.50-0.75]0.421(n=1147) [0.75-1.00]0.364(n=407)
2026-04-26 04:04:43,082 - INFO - [cond] cfg_signal=0.0511 (min=0.0404 max=0.0677, n=16) | class_signal=0.0667 (min=0.0475 max=0.0849, n=16) | pred_rms=0.5871
2026-04-26 04:04:51,091 - INFO - [validation] saved: output/jit_JiT-B_8_from_scratch_null_repel/dit_validation/epoch_026_step_0211000_class087.png (class=87, sampler=heun, steps=100)
2026-04-26 04:04:52,328 - INFO - [overrides] applied from jit/configs/overrides.yaml: lr_scale=1.0 max_grad_norm=5.0 null_repel_weight=0.05 P_mean=0.0
2026-04-26 04:04:52,378 - INFO - [render-loss] step=211000 masked 4/16 samples (t_value < 0.40)
2026-04-26 04:06:44,252 - INFO - Step  211200 | Epoch  26 | MSE: 0.4634 | Steps/sec: 1.65 | LR: 1.40e-04 | Render_L1: 0.0226 | Alpha_L1: 0.0295 | Render_LPIPS: 0.1506 | Repel: 0.0000 | cos(c,null): +0.4986 | GradNorm: 0.6589 | MSE/t: [0.00-0.25]0.595(n=404) [0.25-0.50]0.499(n=1211) [0.50-0.75]0.414(n=1141) [0.75-1.00]0.375(n=444)
2026-04-26 04:06:44,713 - INFO - [cond] cfg_signal=0.0527 (min=0.0424 max=0.0694, n=16) | class_signal=0.0671 (min=0.0496 max=0.0932, n=16) | pred_rms=0.6027
2026-04-26 04:06:44,767 - INFO - [render-loss] step=211200 masked 6/16 samples (t_value < 0.40)
2026-04-26 04:08:37,184 - INFO - Step  211400 | Epoch  26 | MSE: 0.4675 | Steps/sec: 1.78 | LR: 1.40e-04 | Render_L1: 0.0218 | Alpha_L1: 0.0288 | Render_LPIPS: 0.1485 | Repel: 0.0000 | cos(c,null): +0.4978 | GradNorm: 0.5975 | MSE/t: [0.00-0.25]0.583(n=461) [0.25-0.50]0.500(n=1193) [0.50-0.75]0.416(n=1119) [0.75-1.00]0.389(n=427)
2026-04-26 04:08:37,667 - INFO - [cond] cfg_signal=0.0539 (min=0.0423 max=0.0691, n=16) | class_signal=0.0701 (min=0.0505 max=0.0898, n=16) | pred_rms=0.6168
2026-04-26 04:08:37,722 - INFO - [render-loss] step=211400 masked 3/16 samples (t_value < 0.40)
2026-04-26 04:10:29,459 - INFO - Step  211600 | Epoch  26 | MSE: 0.4736 | Steps/sec: 1.79 | LR: 1.40e-04 | Render_L1: 0.0225 | Alpha_L1: 0.0290 | Render_LPIPS: 0.1516 | Repel: 0.0000 | cos(c,null): +0.4974 | GradNorm: 0.6315 | MSE/t: [0.00-0.25]0.558(n=429) [0.25-0.50]0.524(n=1137) [0.50-0.75]0.431(n=1195) [0.75-1.00]0.375(n=439)
2026-04-26 04:10:29,922 - INFO - [cond] cfg_signal=0.0544 (min=0.0448 max=0.0696, n=16) | class_signal=0.0715 (min=0.0510 max=0.0969, n=16) | pred_rms=0.6124
2026-04-26 04:10:29,976 - INFO - [render-loss] step=211600 masked 2/16 samples (t_value < 0.40)
2026-04-26 04:12:21,635 - INFO - Step  211800 | Epoch  26 | MSE: 0.4617 | Steps/sec: 1.79 | LR: 1.40e-04 | Render_L1: 0.0218 | Alpha_L1: 0.0287 | Render_LPIPS: 0.1499 | Repel: 0.0000 | cos(c,null): +0.4963 | GradNorm: 0.6609 | MSE/t: [0.00-0.25]0.558(n=438) [0.25-0.50]0.490(n=1146) [0.50-0.75]0.428(n=1198) [0.75-1.00]0.380(n=418)
2026-04-26 04:12:22,103 - INFO - [cond] cfg_signal=0.0524 (min=0.0394 max=0.0685, n=16) | class_signal=0.0685 (min=0.0478 max=0.0928, n=16) | pred_rms=0.5932
2026-04-26 04:12:22,158 - INFO - [render-loss] step=211800 masked 4/16 samples (t_value < 0.40)
2026-04-26 04:14:14,130 - INFO - Step  212000 | Epoch  26 | MSE: 0.4675 | Steps/sec: 1.79 | LR: 1.40e-04 | Render_L1: 0.0222 | Alpha_L1: 0.0295 | Render_LPIPS: 0.1506 | Repel: 0.0000 | cos(c,null): +0.4969 | GradNorm: 1.5868 | MSE/t: [0.00-0.25]0.582(n=423) [0.25-0.50]0.508(n=1181) [0.50-0.75]0.419(n=1152) [0.75-1.00]0.376(n=444)
2026-04-26 04:14:14,689 - INFO - [cond] cfg_signal=0.0533 (min=0.0416 max=0.0666, n=16) | class_signal=0.0711 (min=0.0513 max=0.0877, n=16) | pred_rms=0.5840
2026-04-26 04:14:22,838 - INFO - [validation] saved: output/jit_JiT-B_8_from_scratch_null_repel/dit_validation/epoch_026_step_0212000_class073.png (class=73, sampler=heun, steps=100)
2026-04-26 04:14:24,291 - INFO - [overrides] applied from jit/configs/overrides.yaml: lr_scale=1.0 max_grad_norm=5.0 null_repel_weight=0.05 P_mean=0.0
2026-04-26 04:14:24,342 - INFO - [render-loss] step=212000 masked 8/16 samples (t_value < 0.40)
2026-04-26 04:16:16,463 - INFO - Step  212200 | Epoch  26 | MSE: 0.4659 | Steps/sec: 1.64 | LR: 1.40e-04 | Render_L1: 0.0227 | Alpha_L1: 0.0295 | Render_LPIPS: 0.1505 | Repel: 0.0000 | cos(c,null): +0.4970 | GradNorm: 0.6603 | MSE/t: [0.00-0.25]0.580(n=403) [0.25-0.50]0.502(n=1179) [0.50-0.75]0.419(n=1176) [0.75-1.00]0.390(n=442)
2026-04-26 04:16:16,933 - INFO - [cond] cfg_signal=0.0526 (min=0.0404 max=0.0669, n=16) | class_signal=0.0690 (min=0.0503 max=0.0916, n=16) | pred_rms=0.5837
2026-04-26 04:16:16,987 - INFO - [render-loss] step=212200 masked 9/16 samples (t_value < 0.40)
2026-04-26 04:18:08,755 - INFO - Step  212400 | Epoch  26 | MSE: 0.4663 | Steps/sec: 1.79 | LR: 1.40e-04 | Render_L1: 0.0228 | Alpha_L1: 0.0297 | Render_LPIPS: 0.1524 | Repel: 0.0000 | cos(c,null): +0.4979 | GradNorm: 0.6661 | MSE/t: [0.00-0.25]0.585(n=454) [0.25-0.50]0.500(n=1146) [0.50-0.75]0.425(n=1183) [0.75-1.00]0.363(n=417)
2026-04-26 04:18:09,217 - INFO - [cond] cfg_signal=0.0538 (min=0.0449 max=0.0667, n=16) | class_signal=0.0701 (min=0.0504 max=0.0895, n=16) | pred_rms=0.5906
2026-04-26 04:18:09,270 - INFO - [render-loss] step=212400 masked 7/16 samples (t_value < 0.40)
2026-04-26 04:20:01,039 - INFO - Step  212600 | Epoch  26 | MSE: 0.4793 | Steps/sec: 1.79 | LR: 1.40e-04 | Render_L1: 0.0228 | Alpha_L1: 0.0292 | Render_LPIPS: 0.1507 | Repel: 0.0000 | cos(c,null): +0.4978 | GradNorm: 0.6421 | MSE/t: [0.00-0.25]0.562(n=423) [0.25-0.50]0.520(n=1188) [0.50-0.75]0.443(n=1154) [0.75-1.00]0.385(n=435)
2026-04-26 04:20:01,599 - INFO - [cond] cfg_signal=0.0526 (min=0.0441 max=0.0687, n=16) | class_signal=0.0673 (min=0.0483 max=0.0884, n=16) | pred_rms=0.5854
2026-04-26 04:20:01,653 - INFO - [render-loss] step=212600 masked 4/16 samples (t_value < 0.40)
2026-04-26 04:21:53,639 - INFO - Step  212800 | Epoch  26 | MSE: 0.4602 | Steps/sec: 1.79 | LR: 1.39e-04 | Render_L1: 0.0220 | Alpha_L1: 0.0292 | Render_LPIPS: 0.1485 | Repel: 0.0000 | cos(c,null): +0.4975 | GradNorm: 0.7282 | MSE/t: [0.00-0.25]0.561(n=443) [0.25-0.50]0.499(n=1187) [0.50-0.75]0.421(n=1104) [0.75-1.00]0.356(n=466)
2026-04-26 04:21:54,129 - INFO - [cond] cfg_signal=0.0533 (min=0.0437 max=0.0698, n=16) | class_signal=0.0712 (min=0.0507 max=0.0920, n=16) | pred_rms=0.6060
2026-04-26 04:21:54,185 - INFO - [render-loss] step=212800 masked 5/16 samples (t_value < 0.40)
2026-04-26 04:23:46,193 - INFO - Step  213000 | Epoch  26 | MSE: 0.4655 | Steps/sec: 1.78 | LR: 1.39e-04 | Render_L1: 0.0227 | Alpha_L1: 0.0298 | Render_LPIPS: 0.1497 | Repel: 0.0000 | cos(c,null): +0.4975 | GradNorm: 0.6321 | MSE/t: [0.00-0.25]0.573(n=446) [0.25-0.50]0.494(n=1112) [0.50-0.75]0.423(n=1220) [0.75-1.00]0.402(n=422)
2026-04-26 04:23:46,658 - INFO - [cond] cfg_signal=0.0532 (min=0.0418 max=0.0721, n=16) | class_signal=0.0704 (min=0.0512 max=0.0974, n=16) | pred_rms=0.5947
2026-04-26 04:23:54,792 - INFO - [validation] saved: output/jit_JiT-B_8_from_scratch_null_repel/dit_validation/epoch_026_step_0213000_class021.png (class=21, sampler=heun, steps=100)
2026-04-26 04:23:56,079 - INFO - [overrides] applied from jit/configs/overrides.yaml: lr_scale=1.0 max_grad_norm=5.0 null_repel_weight=0.05 P_mean=0.0
2026-04-26 04:23:56,129 - INFO - [render-loss] step=213000 masked 7/16 samples (t_value < 0.40)
2026-04-26 04:25:48,122 - INFO - Step  213200 | Epoch  26 | MSE: 0.4614 | Steps/sec: 1.65 | LR: 1.39e-04 | Render_L1: 0.0221 | Alpha_L1: 0.0294 | Render_LPIPS: 0.1483 | Repel: 0.0000 | cos(c,null): +0.4976 | GradNorm: 0.6087 | MSE/t: [0.00-0.25]0.589(n=432) [0.25-0.50]0.508(n=1149) [0.50-0.75]0.404(n=1214) [0.75-1.00]0.365(n=405)
2026-04-26 04:25:48,593 - INFO - [cond] cfg_signal=0.0532 (min=0.0404 max=0.0709, n=16) | class_signal=0.0685 (min=0.0521 max=0.0958, n=16) | pred_rms=0.5877
2026-04-26 04:25:48,648 - INFO - [render-loss] step=213200 masked 8/16 samples (t_value < 0.40)
2026-04-26 04:27:40,702 - INFO - Step  213400 | Epoch  26 | MSE: 0.4649 | Steps/sec: 1.78 | LR: 1.39e-04 | Render_L1: 0.0223 | Alpha_L1: 0.0295 | Render_LPIPS: 0.1493 | Repel: 0.0000 | cos(c,null): +0.4970 | GradNorm: 0.6552 | MSE/t: [0.00-0.25]0.572(n=436) [0.25-0.50]0.509(n=1130) [0.50-0.75]0.419(n=1204) [0.75-1.00]0.367(n=430)
2026-04-26 04:27:41,223 - INFO - [cond] cfg_signal=0.0528 (min=0.0381 max=0.0713, n=16) | class_signal=0.0693 (min=0.0519 max=0.0997, n=16) | pred_rms=0.5884
2026-04-26 04:27:41,278 - INFO - [render-loss] step=213400 masked 6/16 samples (t_value < 0.40)
2026-04-26 04:29:33,352 - INFO - Step  213600 | Epoch  26 | MSE: 0.4640 | Steps/sec: 1.78 | LR: 1.39e-04 | Render_L1: 0.0226 | Alpha_L1: 0.0292 | Render_LPIPS: 0.1496 | Repel: 0.0000 | cos(c,null): +0.4970 | GradNorm: 0.6836 | MSE/t: [0.00-0.25]0.570(n=434) [0.25-0.50]0.502(n=1136) [0.50-0.75]0.428(n=1218) [0.75-1.00]0.356(n=412)
2026-04-26 04:29:33,834 - INFO - [cond] cfg_signal=0.0522 (min=0.0379 max=0.0759, n=16) | class_signal=0.0682 (min=0.0510 max=0.1002, n=16) | pred_rms=0.5737
2026-04-26 04:29:33,894 - INFO - [render-loss] step=213600 masked 3/16 samples (t_value < 0.40)
2026-04-26 04:31:25,615 - INFO - Step  213800 | Epoch  26 | MSE: 0.4666 | Steps/sec: 1.79 | LR: 1.39e-04 | Render_L1: 0.0223 | Alpha_L1: 0.0297 | Render_LPIPS: 0.1501 | Repel: 0.0000 | cos(c,null): +0.4963 | GradNorm: 0.6131 | MSE/t: [0.00-0.25]0.566(n=414) [0.25-0.50]0.507(n=1162) [0.50-0.75]0.426(n=1199) [0.75-1.00]0.375(n=425)
2026-04-26 04:31:26,081 - INFO - [cond] cfg_signal=0.0529 (min=0.0372 max=0.0687, n=16) | class_signal=0.0682 (min=0.0522 max=0.0928, n=16) | pred_rms=0.5728
2026-04-26 04:31:26,136 - INFO - [render-loss] step=213800 masked 3/16 samples (t_value < 0.40)
2026-04-26 04:33:18,068 - INFO - Step  214000 | Epoch  26 | MSE: 0.4733 | Steps/sec: 1.79 | LR: 1.39e-04 | Render_L1: 0.0224 | Alpha_L1: 0.0295 | Render_LPIPS: 0.1501 | Repel: 0.0000 | cos(c,null): +0.4952 | GradNorm: 0.6788 | MSE/t: [0.00-0.25]0.605(n=446) [0.25-0.50]0.514(n=1142) [0.50-0.75]0.418(n=1186) [0.75-1.00]0.380(n=426)
2026-04-26 04:33:18,524 - INFO - [cond] cfg_signal=0.0550 (min=0.0391 max=0.0759, n=16) | class_signal=0.0700 (min=0.0530 max=0.1036, n=16) | pred_rms=0.5998
2026-04-26 04:33:26,513 - INFO - [validation] saved: output/jit_JiT-B_8_from_scratch_null_repel/dit_validation/epoch_026_step_0214000_class041.png (class=41, sampler=heun, steps=100)
2026-04-26 04:33:27,752 - INFO - [overrides] applied from jit/configs/overrides.yaml: lr_scale=1.0 max_grad_norm=5.0 null_repel_weight=0.05 P_mean=0.0
2026-04-26 04:33:27,802 - INFO - [render-loss] step=214000 masked 6/16 samples (t_value < 0.40)
2026-04-26 04:35:19,849 - INFO - Step  214200 | Epoch  26 | MSE: 0.4578 | Steps/sec: 1.65 | LR: 1.39e-04 | Render_L1: 0.0218 | Alpha_L1: 0.0284 | Render_LPIPS: 0.1459 | Repel: 0.0000 | cos(c,null): +0.4957 | GradNorm: 0.6000 | MSE/t: [0.00-0.25]0.597(n=414) [0.25-0.50]0.496(n=1201) [0.50-0.75]0.404(n=1139) [0.75-1.00]0.364(n=446)
2026-04-26 04:35:20,323 - INFO - [cond] cfg_signal=0.0542 (min=0.0405 max=0.0713, n=16) | class_signal=0.0680 (min=0.0503 max=0.0955, n=16) | pred_rms=0.5928
2026-04-26 04:35:20,380 - INFO - [render-loss] step=214200 masked 8/16 samples (t_value < 0.40)
2026-04-26 04:37:12,227 - INFO - Step  214400 | Epoch  26 | MSE: 0.4714 | Steps/sec: 1.79 | LR: 1.39e-04 | Render_L1: 0.0225 | Alpha_L1: 0.0290 | Render_LPIPS: 0.1493 | Repel: 0.0000 | cos(c,null): +0.4964 | GradNorm: 43.0970 | MSE/t: [0.00-0.25]0.593(n=468) [0.25-0.50]0.520(n=1136) [0.50-0.75]0.406(n=1162) [0.75-1.00]0.390(n=434)
2026-04-26 04:37:12,700 - INFO - [cond] cfg_signal=0.0545 (min=0.0391 max=0.0734, n=16) | class_signal=0.0697 (min=0.0506 max=0.1009, n=16) | pred_rms=0.5903
2026-04-26 04:37:12,754 - INFO - [render-loss] step=214400 masked 8/16 samples (t_value < 0.40)
2026-04-26 04:39:05,759 - INFO - Step  214600 | Epoch  27 | MSE: 0.4626 | Steps/sec: 1.77 | LR: 1.39e-04 | Render_L1: 0.0230 | Alpha_L1: 0.0300 | Render_LPIPS: 0.1512 | Repel: 0.0000 | cos(c,null): +0.4983 | GradNorm: 0.7084 | MSE/t: [0.00-0.25]0.566(n=437) [0.25-0.50]0.507(n=1158) [0.50-0.75]0.410(n=1143) [0.75-1.00]0.384(n=462)
2026-04-26 04:39:06,229 - INFO - [cond] cfg_signal=0.0550 (min=0.0406 max=0.0734, n=16) | class_signal=0.0708 (min=0.0510 max=0.0983, n=16) | pred_rms=0.5926
2026-04-26 04:39:06,285 - INFO - [render-loss] step=214600 masked 4/16 samples (t_value < 0.40)
2026-04-26 04:40:57,973 - INFO - Step  214800 | Epoch  27 | MSE: 0.4612 | Steps/sec: 1.79 | LR: 1.38e-04 | Render_L1: 0.0219 | Alpha_L1: 0.0290 | Render_LPIPS: 0.1497 | Repel: 0.0000 | cos(c,null): +0.4976 | GradNorm: 0.6242 | MSE/t: [0.00-0.25]0.569(n=441) [0.25-0.50]0.487(n=1149) [0.50-0.75]0.432(n=1174) [0.75-1.00]0.363(n=436)
2026-04-26 04:40:58,457 - INFO - [cond] cfg_signal=0.0546 (min=0.0417 max=0.0674, n=16) | class_signal=0.0709 (min=0.0494 max=0.0913, n=16) | pred_rms=0.6004
2026-04-26 04:40:58,513 - INFO - [render-loss] step=214800 masked 3/16 samples (t_value < 0.40)
2026-04-26 04:42:50,706 - INFO - Step  215000 | Epoch  27 | MSE: 0.4647 | Steps/sec: 1.78 | LR: 1.38e-04 | Render_L1: 0.0224 | Alpha_L1: 0.0291 | Render_LPIPS: 0.1508 | Repel: 0.0000 | cos(c,null): +0.4990 | GradNorm: 0.6292 | MSE/t: [0.00-0.25]0.578(n=443) [0.25-0.50]0.494(n=1160) [0.50-0.75]0.423(n=1178) [0.75-1.00]0.378(n=419)
2026-04-26 04:42:51,170 - INFO - [cond] cfg_signal=0.0524 (min=0.0423 max=0.0675, n=16) | class_signal=0.0677 (min=0.0491 max=0.0891, n=16) | pred_rms=0.5914
2026-04-26 04:42:59,297 - INFO - [validation] saved: output/jit_JiT-B_8_from_scratch_null_repel/dit_validation/epoch_027_step_0215000_class074.png (class=74, sampler=heun, steps=100)
2026-04-26 04:43:00,519 - INFO - [overrides] applied from jit/configs/overrides.yaml: lr_scale=1.0 max_grad_norm=5.0 null_repel_weight=0.05 P_mean=0.0
2026-04-26 04:43:00,567 - INFO - [render-loss] step=215000 masked 4/16 samples (t_value < 0.40)
2026-04-26 04:44:52,300 - INFO - Step  215200 | Epoch  27 | MSE: 0.4668 | Steps/sec: 1.65 | LR: 1.38e-04 | Render_L1: 0.0232 | Alpha_L1: 0.0297 | Render_LPIPS: 0.1532 | Repel: 0.0000 | cos(c,null): +0.4998 | GradNorm: 0.6592 | MSE/t: [0.00-0.25]0.559(n=412) [0.25-0.50]0.514(n=1207) [0.50-0.75]0.419(n=1180) [0.75-1.00]0.369(n=401)
2026-04-26 04:44:52,765 - INFO - [cond] cfg_signal=0.0537 (min=0.0415 max=0.0655, n=16) | class_signal=0.0693 (min=0.0483 max=0.0891, n=16) | pred_rms=0.5971
2026-04-26 04:44:52,820 - INFO - [render-loss] step=215200 masked 2/16 samples (t_value < 0.40)
2026-04-26 04:46:44,736 - INFO - Step  215400 | Epoch  27 | MSE: 0.4595 | Steps/sec: 1.79 | LR: 1.38e-04 | Render_L1: 0.0224 | Alpha_L1: 0.0291 | Render_LPIPS: 0.1509 | Repel: 0.0000 | cos(c,null): +0.5000 | GradNorm: 0.6438 | MSE/t: [0.00-0.25]0.574(n=404) [0.25-0.50]0.507(n=1171) [0.50-0.75]0.405(n=1200) [0.75-1.00]0.372(n=425)
2026-04-26 04:46:45,214 - INFO - [cond] cfg_signal=0.0543 (min=0.0418 max=0.0713, n=16) | class_signal=0.0697 (min=0.0490 max=0.0947, n=16) | pred_rms=0.5943
2026-04-26 04:46:45,268 - INFO - [render-loss] step=215400 masked 6/16 samples (t_value < 0.40)
2026-04-26 04:48:37,247 - INFO - Step  215600 | Epoch  27 | MSE: 0.4662 | Steps/sec: 1.79 | LR: 1.38e-04 | Render_L1: 0.0220 | Alpha_L1: 0.0287 | Render_LPIPS: 0.1486 | Repel: 0.0000 | cos(c,null): +0.5007 | GradNorm: 0.6401 | MSE/t: [0.00-0.25]0.587(n=440) [0.25-0.50]0.508(n=1168) [0.50-0.75]0.414(n=1173) [0.75-1.00]0.369(n=419)
2026-04-26 04:48:37,711 - INFO - [cond] cfg_signal=0.0540 (min=0.0404 max=0.0702, n=16) | class_signal=0.0693 (min=0.0491 max=0.0916, n=16) | pred_rms=0.6000
2026-04-26 04:48:37,767 - INFO - [render-loss] step=215600 masked 1/16 samples (t_value < 0.40)
2026-04-26 04:50:29,770 - INFO - Step  215800 | Epoch  27 | MSE: 0.4657 | Steps/sec: 1.78 | LR: 1.38e-04 | Render_L1: 0.0226 | Alpha_L1: 0.0287 | Render_LPIPS: 0.1507 | Repel: 0.0000 | cos(c,null): +0.5007 | GradNorm: 0.6119 | MSE/t: [0.00-0.25]0.594(n=404) [0.25-0.50]0.507(n=1180) [0.50-0.75]0.417(n=1154) [0.75-1.00]0.369(n=462)
2026-04-26 04:50:30,243 - INFO - [cond] cfg_signal=0.0533 (min=0.0413 max=0.0684, n=16) | class_signal=0.0694 (min=0.0466 max=0.0882, n=16) | pred_rms=0.5978
2026-04-26 04:50:30,304 - INFO - [render-loss] step=215800 masked 8/16 samples (t_value < 0.40)
2026-04-26 04:52:21,931 - INFO - Step  216000 | Epoch  27 | MSE: 0.4640 | Steps/sec: 1.79 | LR: 1.38e-04 | Render_L1: 0.0222 | Alpha_L1: 0.0291 | Render_LPIPS: 0.1487 | Repel: 0.0000 | cos(c,null): +0.5001 | GradNorm: 0.6520 | MSE/t: [0.00-0.25]0.561(n=406) [0.25-0.50]0.512(n=1157) [0.50-0.75]0.419(n=1218) [0.75-1.00]0.367(n=419)
2026-04-26 04:52:22,385 - INFO - [cond] cfg_signal=0.0535 (min=0.0421 max=0.0694, n=16) | class_signal=0.0685 (min=0.0481 max=0.0890, n=16) | pred_rms=0.5904
2026-04-26 04:52:30,540 - INFO - [validation] saved: output/jit_JiT-B_8_from_scratch_null_repel/dit_validation/epoch_027_step_0216000_class078.png (class=78, sampler=heun, steps=100)
2026-04-26 04:52:31,771 - INFO - [overrides] applied from jit/configs/overrides.yaml: lr_scale=1.0 max_grad_norm=5.0 null_repel_weight=0.05 P_mean=0.0
2026-04-26 04:52:31,818 - INFO - [render-loss] step=216000 masked 7/16 samples (t_value < 0.40)
2026-04-26 04:54:23,985 - INFO - Step  216200 | Epoch  27 | MSE: 0.4797 | Steps/sec: 1.64 | LR: 1.38e-04 | Render_L1: 0.0228 | Alpha_L1: 0.0293 | Render_LPIPS: 0.1524 | Repel: 0.0000 | cos(c,null): +0.4995 | GradNorm: 0.6345 | MSE/t: [0.00-0.25]0.579(n=450) [0.25-0.50]0.512(n=1175) [0.50-0.75]0.429(n=1159) [0.75-1.00]0.424(n=416)
2026-04-26 04:54:24,459 - INFO - [cond] cfg_signal=0.0557 (min=0.0407 max=0.0694, n=16) | class_signal=0.0724 (min=0.0501 max=0.0914, n=16) | pred_rms=0.5989
2026-04-26 04:54:24,514 - INFO - [render-loss] step=216200 masked 4/16 samples (t_value < 0.40)
2026-04-26 04:56:16,898 - INFO - Step  216400 | Epoch  27 | MSE: 0.4612 | Steps/sec: 1.78 | LR: 1.38e-04 | Render_L1: 0.0224 | Alpha_L1: 0.0287 | Render_LPIPS: 0.1505 | Repel: 0.0000 | cos(c,null): +0.4992 | GradNorm: 0.6456 | MSE/t: [0.00-0.25]0.577(n=446) [0.25-0.50]0.506(n=1120) [0.50-0.75]0.413(n=1183) [0.75-1.00]0.362(n=451)
2026-04-26 04:56:17,371 - INFO - [cond] cfg_signal=0.0548 (min=0.0420 max=0.0713, n=16) | class_signal=0.0710 (min=0.0483 max=0.0920, n=16) | pred_rms=0.5949
2026-04-26 04:56:17,430 - INFO - [render-loss] step=216400 masked 2/16 samples (t_value < 0.40)
2026-04-26 04:58:09,335 - INFO - Step  216600 | Epoch  27 | MSE: 0.4741 | Steps/sec: 1.79 | LR: 1.38e-04 | Render_L1: 0.0225 | Alpha_L1: 0.0291 | Render_LPIPS: 0.1504 | Repel: 0.0000 | cos(c,null): +0.5004 | GradNorm: 0.6302 | MSE/t: [0.00-0.25]0.592(n=429) [0.25-0.50]0.511(n=1158) [0.50-0.75]0.427(n=1200) [0.75-1.00]0.384(n=413)
2026-04-26 04:58:09,816 - INFO - [cond] cfg_signal=0.0536 (min=0.0435 max=0.0714, n=16) | class_signal=0.0692 (min=0.0469 max=0.0945, n=16) | pred_rms=0.6071
2026-04-26 04:58:09,870 - INFO - [render-loss] step=216600 masked 6/16 samples (t_value < 0.40)
2026-04-26 05:00:01,650 - INFO - Step  216800 | Epoch  27 | MSE: 0.4847 | Steps/sec: 1.79 | LR: 1.37e-04 | Render_L1: 0.0226 | Alpha_L1: 0.0295 | Render_LPIPS: 0.1517 | Repel: 0.0000 | cos(c,null): +0.4995 | GradNorm: 0.6507 | MSE/t: [0.00-0.25]0.599(n=451) [0.25-0.50]0.540(n=1140) [0.50-0.75]0.423(n=1179) [0.75-1.00]0.387(n=430)
2026-04-26 05:00:02,121 - INFO - [cond] cfg_signal=0.0557 (min=0.0452 max=0.0709, n=16) | class_signal=0.0704 (min=0.0488 max=0.0937, n=16) | pred_rms=0.5978
2026-04-26 05:00:02,177 - INFO - [render-loss] step=216800 masked 7/16 samples (t_value < 0.40)
2026-04-26 05:01:54,147 - INFO - Step  217000 | Epoch  27 | MSE: 0.4729 | Steps/sec: 1.79 | LR: 1.37e-04 | Render_L1: 0.0224 | Alpha_L1: 0.0292 | Render_LPIPS: 0.1499 | Repel: 0.0000 | cos(c,null): +0.4955 | GradNorm: 0.6626 | MSE/t: [0.00-0.25]0.572(n=460) [0.25-0.50]0.520(n=1228) [0.50-0.75]0.416(n=1087) [0.75-1.00]0.376(n=425)
2026-04-26 05:01:54,622 - INFO - [cond] cfg_signal=0.0545 (min=0.0448 max=0.0709, n=16) | class_signal=0.0698 (min=0.0484 max=0.0929, n=16) | pred_rms=0.5969
2026-04-26 05:02:02,673 - INFO - [validation] saved: output/jit_JiT-B_8_from_scratch_null_repel/dit_validation/epoch_027_step_0217000_class004.png (class=4, sampler=heun, steps=100)
2026-04-26 05:02:03,898 - INFO - [overrides] applied from jit/configs/overrides.yaml: lr_scale=1.0 max_grad_norm=5.0 null_repel_weight=0.05 P_mean=0.0
2026-04-26 05:02:03,948 - INFO - [render-loss] step=217000 masked 5/16 samples (t_value < 0.40)
2026-04-26 05:03:56,393 - INFO - Step  217200 | Epoch  27 | MSE: 0.4661 | Steps/sec: 1.64 | LR: 1.37e-04 | Render_L1: 0.0223 | Alpha_L1: 0.0291 | Render_LPIPS: 0.1504 | Repel: 0.0000 | cos(c,null): +0.4958 | GradNorm: 0.6285 | MSE/t: [0.00-0.25]0.590(n=445) [0.25-0.50]0.507(n=1147) [0.50-0.75]0.413(n=1164) [0.75-1.00]0.374(n=444)
2026-04-26 05:03:56,868 - INFO - [cond] cfg_signal=0.0578 (min=0.0482 max=0.0818, n=16) | class_signal=0.0738 (min=0.0502 max=0.1007, n=16) | pred_rms=0.5999
2026-04-26 05:03:56,928 - INFO - [render-loss] step=217200 masked 6/16 samples (t_value < 0.40)
2026-04-26 05:05:48,758 - INFO - Step  217400 | Epoch  27 | MSE: 0.4673 | Steps/sec: 1.79 | LR: 1.37e-04 | Render_L1: 0.0225 | Alpha_L1: 0.0291 | Render_LPIPS: 0.1494 | Repel: 0.0000 | cos(c,null): +0.4974 | GradNorm: 0.6644 | MSE/t: [0.00-0.25]0.595(n=449) [0.25-0.50]0.513(n=1180) [0.50-0.75]0.405(n=1153) [0.75-1.00]0.375(n=418)
2026-04-26 05:05:49,243 - INFO - [cond] cfg_signal=0.0573 (min=0.0475 max=0.0774, n=16) | class_signal=0.0743 (min=0.0530 max=0.0998, n=16) | pred_rms=0.6044
2026-04-26 05:05:49,297 - INFO - [render-loss] step=217400 masked 4/16 samples (t_value < 0.40)
2026-04-26 05:07:41,063 - INFO - Step  217600 | Epoch  27 | MSE: 0.4704 | Steps/sec: 1.79 | LR: 1.37e-04 | Render_L1: 0.0223 | Alpha_L1: 0.0292 | Render_LPIPS: 0.1517 | Repel: 0.0000 | cos(c,null): +0.4981 | GradNorm: 0.6630 | MSE/t: [0.00-0.25]0.565(n=455) [0.25-0.50]0.512(n=1146) [0.50-0.75]0.431(n=1145) [0.75-1.00]0.372(n=454)
2026-04-26 05:07:41,528 - INFO - [cond] cfg_signal=0.0556 (min=0.0441 max=0.0720, n=16) | class_signal=0.0731 (min=0.0522 max=0.0920, n=16) | pred_rms=0.5906
2026-04-26 05:07:41,582 - INFO - [render-loss] step=217600 masked 5/16 samples (t_value < 0.40)
2026-04-26 05:09:33,360 - INFO - Step  217800 | Epoch  27 | MSE: 0.4798 | Steps/sec: 1.79 | LR: 1.37e-04 | Render_L1: 0.0225 | Alpha_L1: 0.0299 | Render_LPIPS: 0.1511 | Repel: 0.0000 | cos(c,null): +0.4988 | GradNorm: 0.6211 | MSE/t: [0.00-0.25]0.625(n=458) [0.25-0.50]0.516(n=1137) [0.50-0.75]0.417(n=1173) [0.75-1.00]0.401(n=432)
2026-04-26 05:09:33,839 - INFO - [cond] cfg_signal=0.0553 (min=0.0432 max=0.0720, n=16) | class_signal=0.0729 (min=0.0507 max=0.0922, n=16) | pred_rms=0.6047
2026-04-26 05:09:34,063 - INFO - [render-loss] step=217800 masked 7/16 samples (t_value < 0.40)
2026-04-26 05:11:26,170 - INFO - Step  218000 | Epoch  27 | MSE: 0.4725 | Steps/sec: 1.78 | LR: 1.37e-04 | Render_L1: 0.0230 | Alpha_L1: 0.0292 | Render_LPIPS: 0.1527 | Repel: 0.0000 | cos(c,null): +0.4993 | GradNorm: 0.6214 | MSE/t: [0.00-0.25]0.571(n=408) [0.25-0.50]0.520(n=1141) [0.50-0.75]0.422(n=1234) [0.75-1.00]0.394(n=417)
2026-04-26 05:11:26,647 - INFO - [cond] cfg_signal=0.0538 (min=0.0406 max=0.0734, n=16) | class_signal=0.0720 (min=0.0493 max=0.0913, n=16) | pred_rms=0.5995
2026-04-26 05:11:34,942 - INFO - [validation] saved: output/jit_JiT-B_8_from_scratch_null_repel/dit_validation/epoch_027_step_0218000_class006.png (class=6, sampler=heun, steps=100)
2026-04-26 05:11:36,349 - INFO - [overrides] applied from jit/configs/overrides.yaml: lr_scale=1.0 max_grad_norm=5.0 null_repel_weight=0.05 P_mean=0.0
2026-04-26 05:11:36,400 - INFO - [render-loss] step=218000 masked 7/16 samples (t_value < 0.40)
2026-04-26 05:13:28,313 - INFO - Step  218200 | Epoch  27 | MSE: 0.4747 | Steps/sec: 1.64 | LR: 1.37e-04 | Render_L1: 0.0225 | Alpha_L1: 0.0294 | Render_LPIPS: 0.1509 | Repel: 0.0000 | cos(c,null): +0.4989 | GradNorm: 0.6262 | MSE/t: [0.00-0.25]0.583(n=433) [0.25-0.50]0.511(n=1167) [0.50-0.75]0.434(n=1174) [0.75-1.00]0.375(n=426)
2026-04-26 05:13:28,806 - INFO - [cond] cfg_signal=0.0530 (min=0.0408 max=0.0672, n=16) | class_signal=0.0702 (min=0.0486 max=0.0861, n=16) | pred_rms=0.5993
2026-04-26 05:13:28,860 - INFO - [render-loss] step=218200 masked 6/16 samples (t_value < 0.40)
2026-04-26 05:15:21,016 - INFO - Step  218400 | Epoch  27 | MSE: 0.4769 | Steps/sec: 1.78 | LR: 1.37e-04 | Render_L1: 0.0229 | Alpha_L1: 0.0298 | Render_LPIPS: 0.1534 | Repel: 0.0000 | cos(c,null): +0.4975 | GradNorm: 0.6866 | MSE/t: [0.00-0.25]0.564(n=421) [0.25-0.50]0.510(n=1209) [0.50-0.75]0.450(n=1135) [0.75-1.00]0.372(n=435)
2026-04-26 05:15:21,487 - INFO - [cond] cfg_signal=0.0534 (min=0.0401 max=0.0677, n=16) | class_signal=0.0715 (min=0.0530 max=0.0876, n=16) | pred_rms=0.5938
2026-04-26 05:15:21,544 - INFO - [render-loss] step=218400 masked 6/16 samples (t_value < 0.40)
2026-04-26 05:17:13,902 - INFO - Step  218600 | Epoch  27 | MSE: 0.4647 | Steps/sec: 1.78 | LR: 1.37e-04 | Render_L1: 0.0224 | Alpha_L1: 0.0287 | Render_LPIPS: 0.1494 | Repel: 0.0000 | cos(c,null): +0.4983 | GradNorm: 0.6546 | MSE/t: [0.00-0.25]0.585(n=420) [0.25-0.50]0.509(n=1144) [0.50-0.75]0.416(n=1216) [0.75-1.00]0.366(n=420)
2026-04-26 05:17:14,360 - INFO - [cond] cfg_signal=0.0531 (min=0.0406 max=0.0678, n=16) | class_signal=0.0702 (min=0.0503 max=0.0921, n=16) | pred_rms=0.5898
2026-04-26 05:17:14,415 - INFO - [render-loss] step=218600 masked 4/16 samples (t_value < 0.40)
2026-04-26 05:19:06,441 - INFO - Step  218800 | Epoch  27 | MSE: 0.4797 | Steps/sec: 1.78 | LR: 1.36e-04 | Render_L1: 0.0228 | Alpha_L1: 0.0300 | Render_LPIPS: 0.1520 | Repel: 0.0000 | cos(c,null): +0.4983 | GradNorm: 0.6408 | MSE/t: [0.00-0.25]0.598(n=415) [0.25-0.50]0.532(n=1207) [0.50-0.75]0.422(n=1156) [0.75-1.00]0.373(n=422)
2026-04-26 05:19:06,899 - INFO - [cond] cfg_signal=0.0561 (min=0.0452 max=0.0758, n=16) | class_signal=0.0735 (min=0.0502 max=0.0982, n=16) | pred_rms=0.6076
2026-04-26 05:19:06,953 - INFO - [render-loss] step=218800 masked 9/16 samples (t_value < 0.40)
2026-04-26 05:20:58,611 - INFO - Step  219000 | Epoch  27 | MSE: 0.4751 | Steps/sec: 1.79 | LR: 1.36e-04 | Render_L1: 0.0225 | Alpha_L1: 0.0296 | Render_LPIPS: 0.1491 | Repel: 0.0000 | cos(c,null): +0.4984 | GradNorm: 0.6271 | MSE/t: [0.00-0.25]0.582(n=463) [0.25-0.50]0.529(n=1176) [0.50-0.75]0.415(n=1131) [0.75-1.00]0.372(n=430)
2026-04-26 05:20:59,063 - INFO - [cond] cfg_signal=0.0575 (min=0.0454 max=0.0773, n=16) | class_signal=0.0747 (min=0.0520 max=0.0987, n=16) | pred_rms=0.6118
2026-04-26 05:21:07,144 - INFO - [validation] saved: output/jit_JiT-B_8_from_scratch_null_repel/dit_validation/epoch_027_step_0219000_class108.png (class=108, sampler=heun, steps=100)
2026-04-26 05:21:08,373 - INFO - [overrides] applied from jit/configs/overrides.yaml: lr_scale=1.0 max_grad_norm=5.0 null_repel_weight=0.05 P_mean=0.0
2026-04-26 05:21:08,421 - INFO - [render-loss] step=219000 masked 7/16 samples (t_value < 0.40)
2026-04-26 05:23:00,603 - INFO - Step  219200 | Epoch  27 | MSE: 0.4732 | Steps/sec: 1.65 | LR: 1.36e-04 | Render_L1: 0.0225 | Alpha_L1: 0.0292 | Render_LPIPS: 0.1498 | Repel: 0.0000 | cos(c,null): +0.4995 | GradNorm: 0.6782 | MSE/t: [0.00-0.25]0.599(n=445) [0.25-0.50]0.510(n=1187) [0.50-0.75]0.421(n=1130) [0.75-1.00]0.380(n=438)
2026-04-26 05:23:01,067 - INFO - [cond] cfg_signal=0.0562 (min=0.0427 max=0.0749, n=16) | class_signal=0.0731 (min=0.0529 max=0.1008, n=16) | pred_rms=0.6000
2026-04-26 05:23:01,126 - INFO - [render-loss] step=219200 masked 8/16 samples (t_value < 0.40)
2026-04-26 05:24:53,173 - INFO - Step  219400 | Epoch  27 | MSE: 0.4744 | Steps/sec: 1.78 | LR: 1.36e-04 | Render_L1: 0.0226 | Alpha_L1: 0.0290 | Render_LPIPS: 0.1488 | Repel: 0.0000 | cos(c,null): +0.5000 | GradNorm: 0.6276 | MSE/t: [0.00-0.25]0.586(n=414) [0.25-0.50]0.523(n=1162) [0.50-0.75]0.424(n=1218) [0.75-1.00]0.374(n=406)
2026-04-26 05:24:53,642 - INFO - [cond] cfg_signal=0.0556 (min=0.0408 max=0.0737, n=16) | class_signal=0.0728 (min=0.0526 max=0.0984, n=16) | pred_rms=0.6084
2026-04-26 05:24:53,701 - INFO - [render-loss] step=219400 masked 6/16 samples (t_value < 0.40)
2026-04-26 05:26:45,599 - INFO - Step  219600 | Epoch  27 | MSE: 0.4810 | Steps/sec: 1.79 | LR: 1.36e-04 | Render_L1: 0.0222 | Alpha_L1: 0.0291 | Render_LPIPS: 0.1510 | Repel: 0.0000 | cos(c,null): +0.5013 | GradNorm: 0.6366 | MSE/t: [0.00-0.25]0.598(n=447) [0.25-0.50]0.530(n=1176) [0.50-0.75]0.429(n=1144) [0.75-1.00]0.363(n=433)
2026-04-26 05:26:46,069 - INFO - [cond] cfg_signal=0.0556 (min=0.0423 max=0.0698, n=16) | class_signal=0.0726 (min=0.0491 max=0.0933, n=16) | pred_rms=0.6002
2026-04-26 05:26:46,125 - INFO - [render-loss] step=219600 masked 9/16 samples (t_value < 0.40)
2026-04-26 05:28:38,054 - INFO - Step  219800 | Epoch  27 | MSE: 0.4590 | Steps/sec: 1.79 | LR: 1.36e-04 | Render_L1: 0.0224 | Alpha_L1: 0.0295 | Render_LPIPS: 0.1507 | Repel: 0.0000 | cos(c,null): +0.5019 | GradNorm: 0.6327 | MSE/t: [0.00-0.25]0.561(n=456) [0.25-0.50]0.496(n=1137) [0.50-0.75]0.418(n=1189) [0.75-1.00]0.364(n=418)
2026-04-26 05:28:38,528 - INFO - [cond] cfg_signal=0.0543 (min=0.0393 max=0.0680, n=16) | class_signal=0.0700 (min=0.0497 max=0.0891, n=16) | pred_rms=0.5782
2026-04-26 05:28:38,583 - INFO - [render-loss] step=219800 masked 6/16 samples (t_value < 0.40)
2026-04-26 05:30:31,163 - INFO - Step  220000 | Epoch  27 | MSE: 0.4737 | Steps/sec: 1.78 | LR: 1.36e-04 | Render_L1: 0.0227 | Alpha_L1: 0.0294 | Render_LPIPS: 0.1510 | Repel: 0.0000 | cos(c,null): +0.5022 | GradNorm: 0.6405 | MSE/t: [0.00-0.25]0.569(n=435) [0.25-0.50]0.517(n=1128) [0.50-0.75]0.420(n=1218) [0.75-1.00]0.413(n=419)
2026-04-26 05:30:31,624 - INFO - [cond] cfg_signal=0.0553 (min=0.0417 max=0.0663, n=16) | class_signal=0.0709 (min=0.0506 max=0.0933, n=16) | pred_rms=0.6059
2026-04-26 05:30:33,533 - INFO - Saved checkpoint to output/jit_JiT-B_8_from_scratch_null_repel/0220000.pt
2026-04-26 05:30:33,963 - INFO - [cond] cfg_signal=0.0553 (min=0.0417 max=0.0663, n=16) | class_signal=0.0709 (min=0.0506 max=0.0933, n=16) | pred_rms=0.6059
2026-04-26 05:30:42,040 - INFO - [validation] saved: output/jit_JiT-B_8_from_scratch_null_repel/dit_validation/epoch_027_step_0220000_class014.png (class=14, sampler=heun, steps=100)
2026-04-26 05:30:43,290 - INFO - [overrides] applied from jit/configs/overrides.yaml: lr_scale=1.0 max_grad_norm=5.0 null_repel_weight=0.05 P_mean=0.0
2026-04-26 05:30:43,341 - INFO - [render-loss] step=220000 masked 1/16 samples (t_value < 0.40)
2026-04-26 05:32:35,404 - INFO - Step  220200 | Epoch  27 | MSE: 0.4754 | Steps/sec: 1.62 | LR: 1.36e-04 | Render_L1: 0.0226 | Alpha_L1: 0.0298 | Render_LPIPS: 0.1496 | Repel: 0.0000 | cos(c,null): +0.5015 | GradNorm: 0.6768 | MSE/t: [0.00-0.25]0.607(n=395) [0.25-0.50]0.522(n=1208) [0.50-0.75]0.418(n=1181) [0.75-1.00]0.380(n=416)
2026-04-26 05:32:35,891 - INFO - [cond] cfg_signal=0.0576 (min=0.0403 max=0.0680, n=16) | class_signal=0.0738 (min=0.0512 max=0.0992, n=16) | pred_rms=0.6015
2026-04-26 05:32:35,947 - INFO - [render-loss] step=220200 masked 9/16 samples (t_value < 0.40)
2026-04-26 05:34:27,956 - INFO - Step  220400 | Epoch  27 | MSE: 0.4636 | Steps/sec: 1.78 | LR: 1.36e-04 | Render_L1: 0.0224 | Alpha_L1: 0.0292 | Render_LPIPS: 0.1510 | Repel: 0.0000 | cos(c,null): +0.5014 | GradNorm: 0.6537 | MSE/t: [0.00-0.25]0.569(n=431) [0.25-0.50]0.504(n=1190) [0.50-0.75]0.412(n=1162) [0.75-1.00]0.381(n=417)
2026-04-26 05:34:28,436 - INFO - [cond] cfg_signal=0.0587 (min=0.0396 max=0.0707, n=16) | class_signal=0.0732 (min=0.0508 max=0.0946, n=16) | pred_rms=0.6040
2026-04-26 05:34:28,492 - INFO - [render-loss] step=220400 masked 3/16 samples (t_value < 0.40)
2026-04-26 05:36:20,880 - INFO - Step  220600 | Epoch  27 | MSE: 0.4645 | Steps/sec: 1.78 | LR: 1.36e-04 | Render_L1: 0.0223 | Alpha_L1: 0.0285 | Render_LPIPS: 0.1499 | Repel: 0.0000 | cos(c,null): +0.5008 | GradNorm: 0.6779 | MSE/t: [0.00-0.25]0.573(n=450) [0.25-0.50]0.507(n=1202) [0.50-0.75]0.414(n=1121) [0.75-1.00]0.363(n=427)
2026-04-26 05:36:21,372 - INFO - [cond] cfg_signal=0.0562 (min=0.0395 max=0.0694, n=16) | class_signal=0.0694 (min=0.0485 max=0.0936, n=16) | pred_rms=0.6065
2026-04-26 05:36:21,453 - INFO - [render-loss] step=220600 masked 4/16 samples (t_value < 0.40)
2026-04-26 05:38:13,594 - INFO - Step  220800 | Epoch  27 | MSE: 0.4672 | Steps/sec: 1.78 | LR: 1.35e-04 | Render_L1: 0.0223 | Alpha_L1: 0.0291 | Render_LPIPS: 0.1482 | Repel: 0.0000 | cos(c,null): +0.5015 | GradNorm: 0.6836 | MSE/t: [0.00-0.25]0.578(n=453) [0.25-0.50]0.507(n=1159) [0.50-0.75]0.415(n=1169) [0.75-1.00]0.381(n=419)
2026-04-26 05:38:14,084 - INFO - [cond] cfg_signal=0.0586 (min=0.0411 max=0.0734, n=16) | class_signal=0.0710 (min=0.0494 max=0.0955, n=16) | pred_rms=0.6047
2026-04-26 05:38:14,142 - INFO - [render-loss] step=220800 masked 7/16 samples (t_value < 0.40)
2026-04-26 05:40:06,057 - INFO - Step  221000 | Epoch  27 | MSE: 0.4756 | Steps/sec: 1.79 | LR: 1.35e-04 | Render_L1: 0.0221 | Alpha_L1: 0.0289 | Render_LPIPS: 0.1483 | Repel: 0.0000 | cos(c,null): +0.5018 | GradNorm: 0.6386 | MSE/t: [0.00-0.25]0.630(n=453) [0.25-0.50]0.506(n=1125) [0.50-0.75]0.424(n=1181) [0.75-1.00]0.376(n=441)
2026-04-26 05:40:06,518 - INFO - [cond] cfg_signal=0.0578 (min=0.0428 max=0.0703, n=16) | class_signal=0.0699 (min=0.0489 max=0.0956, n=16) | pred_rms=0.6067
2026-04-26 05:40:14,565 - INFO - [validation] saved: output/jit_JiT-B_8_from_scratch_null_repel/dit_validation/epoch_027_step_0221000_class119.png (class=119, sampler=heun, steps=100)
2026-04-26 05:40:15,781 - INFO - [overrides] applied from jit/configs/overrides.yaml: lr_scale=1.0 max_grad_norm=5.0 null_repel_weight=0.05 P_mean=0.0
2026-04-26 05:40:15,829 - INFO - [render-loss] step=221000 masked 9/16 samples (t_value < 0.40)
2026-04-26 05:42:08,028 - INFO - Step  221200 | Epoch  27 | MSE: 0.4733 | Steps/sec: 1.65 | LR: 1.35e-04 | Render_L1: 0.0220 | Alpha_L1: 0.0289 | Render_LPIPS: 0.1483 | Repel: 0.0000 | cos(c,null): +0.5011 | GradNorm: 0.6383 | MSE/t: [0.00-0.25]0.612(n=441) [0.25-0.50]0.510(n=1133) [0.50-0.75]0.422(n=1197) [0.75-1.00]0.376(n=429)
2026-04-26 05:42:08,511 - INFO - [cond] cfg_signal=0.0593 (min=0.0428 max=0.0708, n=16) | class_signal=0.0730 (min=0.0520 max=0.0973, n=16) | pred_rms=0.6118
2026-04-26 05:42:08,566 - INFO - [render-loss] step=221200 masked 6/16 samples (t_value < 0.40)
2026-04-26 05:44:00,579 - INFO - Step  221400 | Epoch  27 | MSE: 0.4642 | Steps/sec: 1.78 | LR: 1.35e-04 | Render_L1: 0.0225 | Alpha_L1: 0.0289 | Render_LPIPS: 0.1494 | Repel: 0.0000 | cos(c,null): +0.5004 | GradNorm: 0.6446 | MSE/t: [0.00-0.25]0.567(n=435) [0.25-0.50]0.509(n=1149) [0.50-0.75]0.412(n=1163) [0.75-1.00]0.384(n=453)
2026-04-26 05:44:01,225 - INFO - [cond] cfg_signal=0.0573 (min=0.0416 max=0.0733, n=16) | class_signal=0.0726 (min=0.0520 max=0.0991, n=16) | pred_rms=0.6255
2026-04-26 05:44:01,281 - INFO - [render-loss] step=221400 masked 5/16 samples (t_value < 0.40)
2026-04-26 05:45:52,917 - INFO - Step  221600 | Epoch  27 | MSE: 0.4698 | Steps/sec: 1.79 | LR: 1.35e-04 | Render_L1: 0.0221 | Alpha_L1: 0.0289 | Render_LPIPS: 0.1481 | Repel: 0.0000 | cos(c,null): +0.5010 | GradNorm: 0.6441 | MSE/t: [0.00-0.25]0.584(n=463) [0.25-0.50]0.500(n=1230) [0.50-0.75]0.419(n=1084) [0.75-1.00]0.386(n=423)
2026-04-26 05:45:53,398 - INFO - [cond] cfg_signal=0.0574 (min=0.0420 max=0.0691, n=16) | class_signal=0.0720 (min=0.0506 max=0.0949, n=16) | pred_rms=0.6113
2026-04-26 05:45:53,453 - INFO - [render-loss] step=221600 masked 6/16 samples (t_value < 0.40)
2026-04-26 05:47:45,172 - INFO - Step  221800 | Epoch  27 | MSE: 0.4779 | Steps/sec: 1.79 | LR: 1.35e-04 | Render_L1: 0.0229 | Alpha_L1: 0.0296 | Render_LPIPS: 0.1521 | Repel: 0.0000 | cos(c,null): +0.5002 | GradNorm: 0.6594 | MSE/t: [0.00-0.25]0.626(n=406) [0.25-0.50]0.519(n=1176) [0.50-0.75]0.428(n=1185) [0.75-1.00]0.364(n=433)
2026-04-26 05:47:45,636 - INFO - [cond] cfg_signal=0.0559 (min=0.0398 max=0.0693, n=16) | class_signal=0.0713 (min=0.0498 max=0.0942, n=16) | pred_rms=0.6049
2026-04-26 05:47:45,689 - INFO - [render-loss] step=221800 masked 4/16 samples (t_value < 0.40)
2026-04-26 05:49:37,564 - INFO - Step  222000 | Epoch  27 | MSE: 0.4585 | Steps/sec: 1.79 | LR: 1.35e-04 | Render_L1: 0.0219 | Alpha_L1: 0.0289 | Render_LPIPS: 0.1467 | Repel: 0.0000 | cos(c,null): +0.5001 | GradNorm: 0.6147 | MSE/t: [0.00-0.25]0.589(n=426) [0.25-0.50]0.496(n=1136) [0.50-0.75]0.408(n=1188) [0.75-1.00]0.373(n=450)
2026-04-26 05:49:38,020 - INFO - [cond] cfg_signal=0.0540 (min=0.0398 max=0.0698, n=16) | class_signal=0.0692 (min=0.0514 max=0.0917, n=16) | pred_rms=0.5974
2026-04-26 05:49:46,100 - INFO - [validation] saved: output/jit_JiT-B_8_from_scratch_null_repel/dit_validation/epoch_027_step_0222000_class119.png (class=119, sampler=heun, steps=100)
2026-04-26 05:49:47,349 - INFO - [overrides] applied from jit/configs/overrides.yaml: lr_scale=1.0 max_grad_norm=5.0 null_repel_weight=0.05 P_mean=0.0
2026-04-26 05:49:47,399 - INFO - [render-loss] step=222000 masked 6/16 samples (t_value < 0.40)
2026-04-26 05:51:39,785 - INFO - Step  222200 | Epoch  27 | MSE: 0.4683 | Steps/sec: 1.64 | LR: 1.35e-04 | Render_L1: 0.0226 | Alpha_L1: 0.0289 | Render_LPIPS: 0.1488 | Repel: 0.0000 | cos(c,null): +0.5015 | GradNorm: 0.6203 | MSE/t: [0.00-0.25]0.561(n=405) [0.25-0.50]0.528(n=1172) [0.50-0.75]0.415(n=1170) [0.75-1.00]0.367(n=453)
2026-04-26 05:51:40,297 - INFO - [cond] cfg_signal=0.0538 (min=0.0416 max=0.0745, n=16) | class_signal=0.0674 (min=0.0480 max=0.0965, n=16) | pred_rms=0.6027
2026-04-26 05:51:40,358 - INFO - [render-loss] step=222200 masked 4/16 samples (t_value < 0.40)
2026-04-26 05:53:32,120 - INFO - Step  222400 | Epoch  27 | MSE: 0.4710 | Steps/sec: 1.79 | LR: 1.35e-04 | Render_L1: 0.0223 | Alpha_L1: 0.0286 | Render_LPIPS: 0.1494 | Repel: 0.0000 | cos(c,null): +0.5014 | GradNorm: 0.5915 | MSE/t: [0.00-0.25]0.581(n=437) [0.25-0.50]0.510(n=1166) [0.50-0.75]0.426(n=1156) [0.75-1.00]0.376(n=441)
2026-04-26 05:53:32,595 - INFO - [cond] cfg_signal=0.0537 (min=0.0402 max=0.0717, n=16) | class_signal=0.0694 (min=0.0467 max=0.0938, n=16) | pred_rms=0.5892
2026-04-26 05:53:32,651 - INFO - [render-loss] step=222400 masked 6/16 samples (t_value < 0.40)
2026-04-26 05:55:25,738 - INFO - Step  222600 | Epoch  28 | MSE: 0.4705 | Steps/sec: 1.77 | LR: 1.34e-04 | Render_L1: 0.0228 | Alpha_L1: 0.0293 | Render_LPIPS: 0.1513 | Repel: 0.0000 | cos(c,null): +0.4997 | GradNorm: 0.6438 | MSE/t: [0.00-0.25]0.598(n=441) [0.25-0.50]0.510(n=1165) [0.50-0.75]0.418(n=1195) [0.75-1.00]0.371(n=399)
2026-04-26 05:55:26,371 - INFO - [cond] cfg_signal=0.0531 (min=0.0392 max=0.0720, n=16) | class_signal=0.0682 (min=0.0471 max=0.0909, n=16) | pred_rms=0.5972
2026-04-26 05:55:26,426 - INFO - [render-loss] step=222600 masked 2/16 samples (t_value < 0.40)
2026-04-26 05:57:18,328 - INFO - Step  222800 | Epoch  28 | MSE: 0.4583 | Steps/sec: 1.79 | LR: 1.34e-04 | Render_L1: 0.0218 | Alpha_L1: 0.0287 | Render_LPIPS: 0.1471 | Repel: 0.0000 | cos(c,null): +0.4999 | GradNorm: 0.6478 | MSE/t: [0.00-0.25]0.551(n=443) [0.25-0.50]0.495(n=1138) [0.50-0.75]0.416(n=1170) [0.75-1.00]0.385(n=449)
2026-04-26 05:57:18,832 - INFO - [cond] cfg_signal=0.0542 (min=0.0389 max=0.0695, n=16) | class_signal=0.0706 (min=0.0476 max=0.0956, n=16) | pred_rms=0.5955
2026-04-26 05:57:18,888 - INFO - [render-loss] step=222800 masked 2/16 samples (t_value < 0.40)
2026-04-26 05:59:10,832 - INFO - Step  223000 | Epoch  28 | MSE: 0.4633 | Steps/sec: 1.79 | LR: 1.34e-04 | Render_L1: 0.0221 | Alpha_L1: 0.0289 | Render_LPIPS: 0.1477 | Repel: 0.0000 | cos(c,null): +0.5005 | GradNorm: 0.6493 | MSE/t: [0.00-0.25]0.560(n=430) [0.25-0.50]0.509(n=1132) [0.50-0.75]0.417(n=1191) [0.75-1.00]0.378(n=447)
2026-04-26 05:59:11,293 - INFO - [cond] cfg_signal=0.0530 (min=0.0399 max=0.0666, n=16) | class_signal=0.0695 (min=0.0495 max=0.0924, n=16) | pred_rms=0.5934
2026-04-26 05:59:19,361 - INFO - [validation] saved: output/jit_JiT-B_8_from_scratch_null_repel/dit_validation/epoch_028_step_0223000_class077.png (class=77, sampler=heun, steps=100)
2026-04-26 05:59:20,780 - INFO - [overrides] applied from jit/configs/overrides.yaml: lr_scale=1.0 max_grad_norm=5.0 null_repel_weight=0.05 P_mean=0.0
2026-04-26 05:59:20,829 - INFO - [render-loss] step=223000 masked 4/16 samples (t_value < 0.40)
2026-04-26 06:01:12,993 - INFO - Step  223200 | Epoch  28 | MSE: 0.4597 | Steps/sec: 1.64 | LR: 1.34e-04 | Render_L1: 0.0217 | Alpha_L1: 0.0284 | Render_LPIPS: 0.1459 | Repel: 0.0000 | cos(c,null): +0.5005 | GradNorm: 0.5981 | MSE/t: [0.00-0.25]0.587(n=430) [0.25-0.50]0.487(n=1087) [0.50-0.75]0.424(n=1222) [0.75-1.00]0.371(n=461)
2026-04-26 06:01:13,517 - INFO - [cond] cfg_signal=0.0555 (min=0.0412 max=0.0723, n=16) | class_signal=0.0725 (min=0.0497 max=0.0926, n=16) | pred_rms=0.6019
2026-04-26 06:01:13,572 - INFO - [render-loss] step=223200 masked 5/16 samples (t_value < 0.40)
2026-04-26 06:03:05,671 - INFO - Step  223400 | Epoch  28 | MSE: 0.4712 | Steps/sec: 1.78 | LR: 1.34e-04 | Render_L1: 0.0225 | Alpha_L1: 0.0290 | Render_LPIPS: 0.1504 | Repel: 0.0000 | cos(c,null): +0.5009 | GradNorm: 0.6299 | MSE/t: [0.00-0.25]0.578(n=417) [0.25-0.50]0.512(n=1173) [0.50-0.75]0.429(n=1175) [0.75-1.00]0.372(n=435)
2026-04-26 06:03:06,141 - INFO - [cond] cfg_signal=0.0544 (min=0.0424 max=0.0691, n=16) | class_signal=0.0722 (min=0.0469 max=0.0912, n=16) | pred_rms=0.6016
2026-04-26 06:03:06,199 - INFO - [render-loss] step=223400 masked 5/16 samples (t_value < 0.40)
2026-04-26 06:04:58,229 - INFO - Step  223600 | Epoch  28 | MSE: 0.4676 | Steps/sec: 1.78 | LR: 1.34e-04 | Render_L1: 0.0224 | Alpha_L1: 0.0289 | Render_LPIPS: 0.1484 | Repel: 0.0000 | cos(c,null): +0.5006 | GradNorm: 0.7065 | MSE/t: [0.00-0.25]0.591(n=452) [0.25-0.50]0.512(n=1158) [0.50-0.75]0.413(n=1160) [0.75-1.00]0.366(n=430)
2026-04-26 06:04:58,704 - INFO - [cond] cfg_signal=0.0548 (min=0.0426 max=0.0757, n=16) | class_signal=0.0716 (min=0.0512 max=0.0961, n=16) | pred_rms=0.5850
2026-04-26 06:04:58,761 - INFO - [render-loss] step=223600 masked 7/16 samples (t_value < 0.40)
2026-04-26 06:06:50,459 - INFO - Step  223800 | Epoch  28 | MSE: 0.4632 | Steps/sec: 1.79 | LR: 1.34e-04 | Render_L1: 0.0221 | Alpha_L1: 0.0285 | Render_LPIPS: 0.1478 | Repel: 0.0000 | cos(c,null): +0.5012 | GradNorm: 0.6130 | MSE/t: [0.00-0.25]0.568(n=399) [0.25-0.50]0.516(n=1183) [0.50-0.75]0.409(n=1163) [0.75-1.00]0.374(n=455)
2026-04-26 06:06:50,934 - INFO - [cond] cfg_signal=0.0566 (min=0.0418 max=0.0778, n=16) | class_signal=0.0720 (min=0.0510 max=0.0982, n=16) | pred_rms=0.5966
2026-04-26 06:06:50,989 - INFO - [render-loss] step=223800 masked 5/16 samples (t_value < 0.40)
2026-04-26 06:08:42,582 - INFO - Step  224000 | Epoch  28 | MSE: 0.4658 | Steps/sec: 1.79 | LR: 1.34e-04 | Render_L1: 0.0228 | Alpha_L1: 0.0296 | Render_LPIPS: 0.1517 | Repel: 0.0000 | cos(c,null): +0.4996 | GradNorm: 0.7567 | MSE/t: [0.00-0.25]0.568(n=407) [0.25-0.50]0.507(n=1202) [0.50-0.75]0.416(n=1193) [0.75-1.00]0.386(n=398)
2026-04-26 06:08:43,047 - INFO - [cond] cfg_signal=0.0568 (min=0.0421 max=0.0768, n=16) | class_signal=0.0719 (min=0.0518 max=0.0968, n=16) | pred_rms=0.5903
2026-04-26 06:08:51,079 - INFO - [validation] saved: output/jit_JiT-B_8_from_scratch_null_repel/dit_validation/epoch_028_step_0224000_class080.png (class=80, sampler=heun, steps=100)
2026-04-26 06:08:52,305 - INFO - [overrides] applied from jit/configs/overrides.yaml: lr_scale=1.0 max_grad_norm=5.0 null_repel_weight=0.05 P_mean=0.0
2026-04-26 06:08:52,353 - INFO - [render-loss] step=224000 masked 2/16 samples (t_value < 0.40)
2026-04-26 06:10:44,718 - INFO - Step  224200 | Epoch  28 | MSE: 0.4706 | Steps/sec: 1.64 | LR: 1.34e-04 | Render_L1: 0.0216 | Alpha_L1: 0.0281 | Render_LPIPS: 0.1456 | Repel: 0.0000 | cos(c,null): +0.4982 | GradNorm: 0.6007 | MSE/t: [0.00-0.25]0.598(n=401) [0.25-0.50]0.519(n=1177) [0.50-0.75]0.409(n=1176) [0.75-1.00]0.390(n=446)
2026-04-26 06:10:45,183 - INFO - [cond] cfg_signal=0.0545 (min=0.0397 max=0.0748, n=16) | class_signal=0.0703 (min=0.0473 max=0.0919, n=16) | pred_rms=0.5757
2026-04-26 06:10:45,238 - INFO - [render-loss] step=224200 masked 3/16 samples (t_value < 0.40)
2026-04-26 06:12:37,280 - INFO - Step  224400 | Epoch  28 | MSE: 0.4682 | Steps/sec: 1.78 | LR: 1.34e-04 | Render_L1: 0.0218 | Alpha_L1: 0.0284 | Render_LPIPS: 0.1488 | Repel: 0.0000 | cos(c,null): +0.4978 | GradNorm: 0.6096 | MSE/t: [0.00-0.25]0.559(n=449) [0.25-0.50]0.507(n=1109) [0.50-0.75]0.429(n=1190) [0.75-1.00]0.385(n=452)
2026-04-26 06:12:37,740 - INFO - [cond] cfg_signal=0.0542 (min=0.0402 max=0.0703, n=16) | class_signal=0.0692 (min=0.0477 max=0.0892, n=16) | pred_rms=0.6211
2026-04-26 06:12:37,795 - INFO - [render-loss] step=224400 masked 5/16 samples (t_value < 0.40)
2026-04-26 06:14:29,755 - INFO - Step  224600 | Epoch  28 | MSE: 0.4745 | Steps/sec: 1.79 | LR: 1.33e-04 | Render_L1: 0.0223 | Alpha_L1: 0.0293 | Render_LPIPS: 0.1510 | Repel: 0.0000 | cos(c,null): +0.4988 | GradNorm: 0.6567 | MSE/t: [0.00-0.25]0.602(n=445) [0.25-0.50]0.510(n=1185) [0.50-0.75]0.415(n=1152) [0.75-1.00]0.404(n=418)
2026-04-26 06:14:30,223 - INFO - [cond] cfg_signal=0.0544 (min=0.0403 max=0.0709, n=16) | class_signal=0.0703 (min=0.0462 max=0.1000, n=16) | pred_rms=0.5997
2026-04-26 06:14:30,279 - INFO - [render-loss] step=224600 masked 6/16 samples (t_value < 0.40)
2026-04-26 06:16:22,226 - INFO - Step  224800 | Epoch  28 | MSE: 0.4698 | Steps/sec: 1.79 | LR: 1.33e-04 | Render_L1: 0.0222 | Alpha_L1: 0.0287 | Render_LPIPS: 0.1484 | Repel: 0.0000 | cos(c,null): +0.4976 | GradNorm: 0.6261 | MSE/t: [0.00-0.25]0.585(n=402) [0.25-0.50]0.517(n=1206) [0.50-0.75]0.414(n=1179) [0.75-1.00]0.378(n=413)
2026-04-26 06:16:22,698 - INFO - [cond] cfg_signal=0.0544 (min=0.0416 max=0.0720, n=16) | class_signal=0.0696 (min=0.0477 max=0.0907, n=16) | pred_rms=0.6033
2026-04-26 06:16:22,753 - INFO - [render-loss] step=224800 masked 6/16 samples (t_value < 0.40)
2026-04-26 06:18:14,854 - INFO - Step  225000 | Epoch  28 | MSE: 0.4639 | Steps/sec: 1.78 | LR: 1.33e-04 | Render_L1: 0.0219 | Alpha_L1: 0.0289 | Render_LPIPS: 0.1465 | Repel: 0.0000 | cos(c,null): +0.4968 | GradNorm: 0.6129 | MSE/t: [0.00-0.25]0.606(n=419) [0.25-0.50]0.504(n=1179) [0.50-0.75]0.411(n=1166) [0.75-1.00]0.361(n=436)
2026-04-26 06:18:15,323 - INFO - [cond] cfg_signal=0.0538 (min=0.0419 max=0.0712, n=16) | class_signal=0.0688 (min=0.0470 max=0.0932, n=16) | pred_rms=0.5833
2026-04-26 06:18:23,375 - INFO - [validation] saved: output/jit_JiT-B_8_from_scratch_null_repel/dit_validation/epoch_028_step_0225000_class061.png (class=61, sampler=heun, steps=100)
2026-04-26 06:18:24,614 - INFO - [overrides] applied from jit/configs/overrides.yaml: lr_scale=1.0 max_grad_norm=5.0 null_repel_weight=0.05 P_mean=0.0
2026-04-26 06:18:24,664 - INFO - [render-loss] step=225000 masked 3/16 samples (t_value < 0.40)
2026-04-26 06:20:16,654 - INFO - Step  225200 | Epoch  28 | MSE: 0.4573 | Steps/sec: 1.65 | LR: 1.33e-04 | Render_L1: 0.0217 | Alpha_L1: 0.0284 | Render_LPIPS: 0.1463 | Repel: 0.0000 | cos(c,null): +0.4968 | GradNorm: 0.6179 | MSE/t: [0.00-0.25]0.567(n=463) [0.25-0.50]0.498(n=1146) [0.50-0.75]0.409(n=1157) [0.75-1.00]0.363(n=434)
2026-04-26 06:20:17,128 - INFO - [cond] cfg_signal=0.0533 (min=0.0415 max=0.0688, n=16) | class_signal=0.0686 (min=0.0484 max=0.0978, n=16) | pred_rms=0.5910
2026-04-26 06:20:17,184 - INFO - [render-loss] step=225200 masked 7/16 samples (t_value < 0.40)
2026-04-26 06:22:08,981 - INFO - Step  225400 | Epoch  28 | MSE: 0.4616 | Steps/sec: 1.79 | LR: 1.33e-04 | Render_L1: 0.0218 | Alpha_L1: 0.0287 | Render_LPIPS: 0.1467 | Repel: 0.0000 | cos(c,null): +0.4946 | GradNorm: 0.6106 | MSE/t: [0.00-0.25]0.558(n=445) [0.25-0.50]0.504(n=1154) [0.50-0.75]0.417(n=1156) [0.75-1.00]0.371(n=445)
2026-04-26 06:22:09,480 - INFO - [cond] cfg_signal=0.0538 (min=0.0407 max=0.0699, n=16) | class_signal=0.0706 (min=0.0471 max=0.0981, n=16) | pred_rms=0.5935
2026-04-26 06:22:09,535 - INFO - [render-loss] step=225400 masked 8/16 samples (t_value < 0.40)
2026-04-26 06:24:01,764 - INFO - Step  225600 | Epoch  28 | MSE: 0.4735 | Steps/sec: 1.78 | LR: 1.33e-04 | Render_L1: 0.0231 | Alpha_L1: 0.0301 | Render_LPIPS: 0.1514 | Repel: 0.0000 | cos(c,null): +0.4936 | GradNorm: 0.8675 | MSE/t: [0.00-0.25]0.597(n=451) [0.25-0.50]0.502(n=1170) [0.50-0.75]0.433(n=1161) [0.75-1.00]0.374(n=418)
2026-04-26 06:24:02,262 - INFO - [cond] cfg_signal=0.0585 (min=0.0474 max=0.0724, n=16) | class_signal=0.0761 (min=0.0494 max=0.1041, n=16) | pred_rms=0.6014
2026-04-26 06:24:02,321 - INFO - [render-loss] step=225600 masked 5/16 samples (t_value < 0.40)
2026-04-26 06:25:54,809 - INFO - Step  225800 | Epoch  28 | MSE: 0.4727 | Steps/sec: 1.78 | LR: 1.33e-04 | Render_L1: 0.0228 | Alpha_L1: 0.0298 | Render_LPIPS: 0.1504 | Repel: 0.0000 | cos(c,null): +0.4924 | GradNorm: 0.8493 | MSE/t: [0.00-0.25]0.580(n=426) [0.25-0.50]0.505(n=1169) [0.50-0.75]0.421(n=1172) [0.75-1.00]0.419(n=433)
2026-04-26 06:25:55,271 - INFO - [cond] cfg_signal=0.0563 (min=0.0438 max=0.0703, n=16) | class_signal=0.0710 (min=0.0503 max=0.0943, n=16) | pred_rms=0.5931
2026-04-26 06:25:55,330 - INFO - [render-loss] step=225800 masked 5/16 samples (t_value < 0.40)
2026-04-26 06:27:47,249 - INFO - Step  226000 | Epoch  28 | MSE: 0.4716 | Steps/sec: 1.79 | LR: 1.33e-04 | Render_L1: 0.0227 | Alpha_L1: 0.0302 | Render_LPIPS: 0.1505 | Repel: 0.0000 | cos(c,null): +0.4933 | GradNorm: 0.6793 | MSE/t: [0.00-0.25]0.590(n=462) [0.25-0.50]0.506(n=1126) [0.50-0.75]0.426(n=1179) [0.75-1.00]0.379(n=433)
2026-04-26 06:27:47,705 - INFO - [cond] cfg_signal=0.0584 (min=0.0457 max=0.0730, n=16) | class_signal=0.0745 (min=0.0527 max=0.1000, n=16) | pred_rms=0.5944
2026-04-26 06:27:55,708 - INFO - [validation] saved: output/jit_JiT-B_8_from_scratch_null_repel/dit_validation/epoch_028_step_0226000_class106.png (class=106, sampler=heun, steps=100)
2026-04-26 06:27:56,928 - INFO - [overrides] applied from jit/configs/overrides.yaml: lr_scale=1.0 max_grad_norm=5.0 null_repel_weight=0.05 P_mean=0.0
2026-04-26 06:27:56,976 - INFO - [render-loss] step=226000 masked 7/16 samples (t_value < 0.40)
2026-04-26 06:29:49,091 - INFO - Step  226200 | Epoch  28 | MSE: 0.4631 | Steps/sec: 1.65 | LR: 1.33e-04 | Render_L1: 0.0214 | Alpha_L1: 0.0274 | Render_LPIPS: 0.1451 | Repel: 0.0000 | cos(c,null): +0.4943 | GradNorm: 0.6192 | MSE/t: [0.00-0.25]0.577(n=433) [0.25-0.50]0.514(n=1188) [0.50-0.75]0.405(n=1141) [0.75-1.00]0.364(n=438)
2026-04-26 06:29:49,587 - INFO - [cond] cfg_signal=0.0570 (min=0.0431 max=0.0700, n=16) | class_signal=0.0724 (min=0.0515 max=0.0945, n=16) | pred_rms=0.5787
2026-04-26 06:29:49,646 - INFO - [render-loss] step=226200 masked 10/16 samples (t_value < 0.40)
2026-04-26 06:31:42,093 - INFO - Step  226400 | Epoch  28 | MSE: 0.4743 | Steps/sec: 1.78 | LR: 1.33e-04 | Render_L1: 0.0225 | Alpha_L1: 0.0286 | Render_LPIPS: 0.1493 | Repel: 0.0000 | cos(c,null): +0.4945 | GradNorm: 0.6191 | MSE/t: [0.00-0.25]0.628(n=441) [0.25-0.50]0.509(n=1154) [0.50-0.75]0.421(n=1174) [0.75-1.00]0.369(n=431)
2026-04-26 06:31:42,583 - INFO - [cond] cfg_signal=0.0559 (min=0.0426 max=0.0712, n=16) | class_signal=0.0733 (min=0.0505 max=0.1019, n=16) | pred_rms=0.5855
2026-04-26 06:31:42,642 - INFO - [render-loss] step=226400 masked 2/16 samples (t_value < 0.40)
2026-04-26 06:33:34,670 - INFO - Step  226600 | Epoch  28 | MSE: 0.4709 | Steps/sec: 1.78 | LR: 1.32e-04 | Render_L1: 0.0227 | Alpha_L1: 0.0296 | Render_LPIPS: 0.1494 | Repel: 0.0000 | cos(c,null): +0.4960 | GradNorm: 0.9024 | MSE/t: [0.00-0.25]0.585(n=424) [0.25-0.50]0.521(n=1193) [0.50-0.75]0.413(n=1118) [0.75-1.00]0.377(n=465)
2026-04-26 06:33:35,135 - INFO - [cond] cfg_signal=0.0561 (min=0.0418 max=0.0726, n=16) | class_signal=0.0740 (min=0.0514 max=0.0984, n=16) | pred_rms=0.5989
2026-04-26 06:33:35,191 - INFO - [render-loss] step=226600 masked 5/16 samples (t_value < 0.40)
2026-04-26 06:35:27,395 - INFO - Step  226800 | Epoch  28 | MSE: 0.4677 | Steps/sec: 1.78 | LR: 1.32e-04 | Render_L1: 0.0219 | Alpha_L1: 0.0280 | Render_LPIPS: 0.1471 | Repel: 0.0000 | cos(c,null): +0.4947 | GradNorm: 0.6254 | MSE/t: [0.00-0.25]0.538(n=426) [0.25-0.50]0.517(n=1169) [0.50-0.75]0.430(n=1163) [0.75-1.00]0.369(n=442)
2026-04-26 06:35:27,847 - INFO - [cond] cfg_signal=0.0567 (min=0.0429 max=0.0715, n=16) | class_signal=0.0757 (min=0.0519 max=0.0998, n=16) | pred_rms=0.6074
2026-04-26 06:35:27,913 - INFO - [render-loss] step=226800 masked 6/16 samples (t_value < 0.40)
2026-04-26 06:37:20,108 - INFO - Step  227000 | Epoch  28 | MSE: 0.4689 | Steps/sec: 1.78 | LR: 1.32e-04 | Render_L1: 0.0223 | Alpha_L1: 0.0284 | Render_LPIPS: 0.1479 | Repel: 0.0000 | cos(c,null): +0.4957 | GradNorm: 0.6681 | MSE/t: [0.00-0.25]0.601(n=448) [0.25-0.50]0.500(n=1145) [0.50-0.75]0.429(n=1171) [0.75-1.00]0.357(n=436)
2026-04-26 06:37:20,572 - INFO - [cond] cfg_signal=0.0592 (min=0.0419 max=0.0805, n=16) | class_signal=0.0780 (min=0.0511 max=0.1087, n=16) | pred_rms=0.5886
2026-04-26 06:37:28,629 - INFO - [validation] saved: output/jit_JiT-B_8_from_scratch_null_repel/dit_validation/epoch_028_step_0227000_class048.png (class=48, sampler=heun, steps=100)
2026-04-26 06:37:29,870 - INFO - [overrides] applied from jit/configs/overrides.yaml: lr_scale=1.0 max_grad_norm=5.0 null_repel_weight=0.05 P_mean=0.0
2026-04-26 06:37:29,917 - INFO - [render-loss] step=227000 masked 2/16 samples (t_value < 0.40)
2026-04-26 06:39:22,336 - INFO - Step  227200 | Epoch  28 | MSE: 0.4659 | Steps/sec: 1.64 | LR: 1.32e-04 | Render_L1: 0.0224 | Alpha_L1: 0.0280 | Render_LPIPS: 0.1500 | Repel: 0.0000 | cos(c,null): +0.4941 | GradNorm: 0.6314 | MSE/t: [0.00-0.25]0.571(n=433) [0.25-0.50]0.496(n=1150) [0.50-0.75]0.431(n=1190) [0.75-1.00]0.376(n=427)
2026-04-26 06:39:22,804 - INFO - [cond] cfg_signal=0.0581 (min=0.0437 max=0.0736, n=16) | class_signal=0.0773 (min=0.0511 max=0.1140, n=16) | pred_rms=0.5895
2026-04-26 06:39:22,859 - INFO - [render-loss] step=227200 masked 5/16 samples (t_value < 0.40)
2026-04-26 06:41:14,589 - INFO - Step  227400 | Epoch  28 | MSE: 0.4730 | Steps/sec: 1.79 | LR: 1.32e-04 | Render_L1: 0.0220 | Alpha_L1: 0.0286 | Render_LPIPS: 0.1464 | Repel: 0.0000 | cos(c,null): +0.4961 | GradNorm: 0.7306 | MSE/t: [0.00-0.25]0.586(n=459) [0.25-0.50]0.526(n=1164) [0.50-0.75]0.400(n=1150) [0.75-1.00]0.403(n=427)
2026-04-26 06:41:15,050 - INFO - [cond] cfg_signal=0.0583 (min=0.0466 max=0.0738, n=16) | class_signal=0.0757 (min=0.0519 max=0.1069, n=16) | pred_rms=0.5822
2026-04-26 06:41:15,105 - INFO - [render-loss] step=227400 masked 10/16 samples (t_value < 0.40)
2026-04-26 06:43:06,673 - INFO - Step  227600 | Epoch  28 | MSE: 0.4591 | Steps/sec: 1.79 | LR: 1.32e-04 | Render_L1: 0.0223 | Alpha_L1: 0.0289 | Render_LPIPS: 0.1499 | Repel: 0.0000 | cos(c,null): +0.4966 | GradNorm: 0.6390 | MSE/t: [0.00-0.25]0.588(n=412) [0.25-0.50]0.492(n=1199) [0.50-0.75]0.413(n=1118) [0.75-1.00]0.372(n=471)
2026-04-26 06:43:07,132 - INFO - [cond] cfg_signal=0.0598 (min=0.0473 max=0.0809, n=16) | class_signal=0.0783 (min=0.0549 max=0.1084, n=16) | pred_rms=0.6083
2026-04-26 06:43:07,356 - INFO - [render-loss] step=227600 masked 7/16 samples (t_value < 0.40)
2026-04-26 06:44:59,448 - INFO - Step  227800 | Epoch  28 | MSE: 0.4639 | Steps/sec: 1.78 | LR: 1.32e-04 | Render_L1: 0.0218 | Alpha_L1: 0.0275 | Render_LPIPS: 0.1477 | Repel: 0.0000 | cos(c,null): +0.4960 | GradNorm: 0.6356 | MSE/t: [0.00-0.25]0.599(n=436) [0.25-0.50]0.501(n=1121) [0.50-0.75]0.406(n=1207) [0.75-1.00]0.394(n=436)
2026-04-26 06:44:59,950 - INFO - [cond] cfg_signal=0.0607 (min=0.0473 max=0.0793, n=16) | class_signal=0.0782 (min=0.0527 max=0.1080, n=16) | pred_rms=0.6028
2026-04-26 06:45:00,009 - INFO - [render-loss] step=227800 masked 6/16 samples (t_value < 0.40)
2026-04-26 06:46:52,132 - INFO - Step  228000 | Epoch  28 | MSE: 0.4705 | Steps/sec: 1.78 | LR: 1.32e-04 | Render_L1: 0.0228 | Alpha_L1: 0.0288 | Render_LPIPS: 0.1512 | Repel: 0.0000 | cos(c,null): +0.4968 | GradNorm: 0.6310 | MSE/t: [0.00-0.25]0.581(n=407) [0.25-0.50]0.516(n=1149) [0.50-0.75]0.415(n=1189) [0.75-1.00]0.402(n=455)
2026-04-26 06:46:52,593 - INFO - [cond] cfg_signal=0.0566 (min=0.0440 max=0.0765, n=16) | class_signal=0.0759 (min=0.0500 max=0.1036, n=16) | pred_rms=0.6022
2026-04-26 06:47:00,689 - INFO - [validation] saved: output/jit_JiT-B_8_from_scratch_null_repel/dit_validation/epoch_028_step_0228000_class003.png (class=3, sampler=heun, steps=100)
2026-04-26 06:47:02,092 - INFO - [overrides] applied from jit/configs/overrides.yaml: lr_scale=1.0 max_grad_norm=5.0 null_repel_weight=0.05 P_mean=0.0
2026-04-26 06:47:02,143 - INFO - [render-loss] step=228000 masked 2/16 samples (t_value < 0.40)
2026-04-26 06:48:54,003 - INFO - Step  228200 | Epoch  28 | MSE: 0.4747 | Steps/sec: 1.65 | LR: 1.32e-04 | Render_L1: 0.0222 | Alpha_L1: 0.0282 | Render_LPIPS: 0.1483 | Repel: 0.0000 | cos(c,null): +0.4974 | GradNorm: 0.6392 | MSE/t: [0.00-0.25]0.613(n=410) [0.25-0.50]0.517(n=1154) [0.50-0.75]0.429(n=1205) [0.75-1.00]0.360(n=431)
2026-04-26 06:48:54,462 - INFO - [cond] cfg_signal=0.0549 (min=0.0426 max=0.0785, n=16) | class_signal=0.0747 (min=0.0485 max=0.1054, n=16) | pred_rms=0.5872
2026-04-26 06:48:54,516 - INFO - [render-loss] step=228200 masked 4/16 samples (t_value < 0.40)
2026-04-26 06:50:46,782 - INFO - Step  228400 | Epoch  28 | MSE: 0.4669 | Steps/sec: 1.78 | LR: 1.32e-04 | Render_L1: 0.0217 | Alpha_L1: 0.0283 | Render_LPIPS: 0.1456 | Repel: 0.0000 | cos(c,null): +0.4971 | GradNorm: 0.6094 | MSE/t: [0.00-0.25]0.600(n=420) [0.25-0.50]0.518(n=1141) [0.50-0.75]0.404(n=1203) [0.75-1.00]0.378(n=436)
2026-04-26 06:50:47,277 - INFO - [cond] cfg_signal=0.0542 (min=0.0430 max=0.0732, n=16) | class_signal=0.0722 (min=0.0481 max=0.0981, n=16) | pred_rms=0.5925
2026-04-26 06:50:47,332 - INFO - [render-loss] step=228400 masked 7/16 samples (t_value < 0.40)
2026-04-26 06:52:39,528 - INFO - Step  228600 | Epoch  28 | MSE: 0.4646 | Steps/sec: 1.78 | LR: 1.31e-04 | Render_L1: 0.0221 | Alpha_L1: 0.0283 | Render_LPIPS: 0.1464 | Repel: 0.0000 | cos(c,null): +0.4974 | GradNorm: 0.6196 | MSE/t: [0.00-0.25]0.588(n=483) [0.25-0.50]0.493(n=1184) [0.50-0.75]0.411(n=1093) [0.75-1.00]0.386(n=440)
2026-04-26 06:52:39,993 - INFO - [cond] cfg_signal=0.0557 (min=0.0436 max=0.0780, n=16) | class_signal=0.0735 (min=0.0481 max=0.1024, n=16) | pred_rms=0.5922
2026-04-26 06:52:40,053 - INFO - [render-loss] step=228600 masked 3/16 samples (t_value < 0.40)
2026-04-26 06:54:31,967 - INFO - Step  228800 | Epoch  28 | MSE: 0.4834 | Steps/sec: 1.79 | LR: 1.31e-04 | Render_L1: 0.0227 | Alpha_L1: 0.0299 | Render_LPIPS: 0.1533 | Repel: 0.0000 | cos(c,null): +0.4982 | GradNorm: 0.6704 | MSE/t: [0.00-0.25]0.638(n=425) [0.25-0.50]0.512(n=1158) [0.50-0.75]0.409(n=1188) [0.75-1.00]0.461(n=429)
2026-04-26 06:54:32,430 - INFO - [cond] cfg_signal=0.0551 (min=0.0428 max=0.0754, n=16) | class_signal=0.0703 (min=0.0460 max=0.0954, n=16) | pred_rms=0.6094
2026-04-26 06:54:32,484 - INFO - [render-loss] step=228800 masked 4/16 samples (t_value < 0.40)
2026-04-26 06:56:24,361 - INFO - Step  229000 | Epoch  28 | MSE: 0.4678 | Steps/sec: 1.79 | LR: 1.31e-04 | Render_L1: 0.0216 | Alpha_L1: 0.0286 | Render_LPIPS: 0.1453 | Repel: 0.0000 | cos(c,null): +0.4985 | GradNorm: 0.6142 | MSE/t: [0.00-0.25]0.567(n=445) [0.25-0.50]0.511(n=1174) [0.50-0.75]0.424(n=1143) [0.75-1.00]0.366(n=438)
2026-04-26 06:56:24,884 - INFO - [cond] cfg_signal=0.0582 (min=0.0459 max=0.0806, n=16) | class_signal=0.0741 (min=0.0511 max=0.1069, n=16) | pred_rms=0.6165
2026-04-26 06:56:32,985 - INFO - [validation] saved: output/jit_JiT-B_8_from_scratch_null_repel/dit_validation/epoch_028_step_0229000_class007.png (class=7, sampler=heun, steps=100)
2026-04-26 06:56:34,227 - INFO - [overrides] applied from jit/configs/overrides.yaml: lr_scale=1.0 max_grad_norm=5.0 null_repel_weight=0.05 P_mean=0.0
2026-04-26 06:56:34,279 - INFO - [render-loss] step=229000 masked 8/16 samples (t_value < 0.40)
2026-04-26 06:58:26,618 - INFO - Step  229200 | Epoch  28 | MSE: 0.4727 | Steps/sec: 1.64 | LR: 1.31e-04 | Render_L1: 0.0221 | Alpha_L1: 0.0291 | Render_LPIPS: 0.1484 | Repel: 0.0000 | cos(c,null): +0.4979 | GradNorm: 0.6321 | MSE/t: [0.00-0.25]0.581(n=457) [0.25-0.50]0.520(n=1168) [0.50-0.75]0.419(n=1155) [0.75-1.00]0.370(n=420)
2026-04-26 06:58:27,094 - INFO - [cond] cfg_signal=0.0574 (min=0.0428 max=0.0761, n=16) | class_signal=0.0744 (min=0.0508 max=0.1070, n=16) | pred_rms=0.6167
2026-04-26 06:58:27,154 - INFO - [render-loss] step=229200 masked 4/16 samples (t_value < 0.40)
2026-04-26 07:00:19,257 - INFO - Step  229400 | Epoch  28 | MSE: 0.4713 | Steps/sec: 1.78 | LR: 1.31e-04 | Render_L1: 0.0222 | Alpha_L1: 0.0290 | Render_LPIPS: 0.1492 | Repel: 0.0000 | cos(c,null): +0.4993 | GradNorm: 0.6203 | MSE/t: [0.00-0.25]0.568(n=431) [0.25-0.50]0.512(n=1198) [0.50-0.75]0.423(n=1174) [0.75-1.00]0.384(n=397)
2026-04-26 07:00:19,733 - INFO - [cond] cfg_signal=0.0561 (min=0.0432 max=0.0782, n=16) | class_signal=0.0722 (min=0.0495 max=0.1016, n=16) | pred_rms=0.6098
2026-04-26 07:00:19,787 - INFO - [render-loss] step=229400 masked 4/16 samples (t_value < 0.40)
2026-04-26 07:02:11,341 - INFO - Step  229600 | Epoch  28 | MSE: 0.4684 | Steps/sec: 1.79 | LR: 1.31e-04 | Render_L1: 0.0214 | Alpha_L1: 0.0279 | Render_LPIPS: 0.1454 | Repel: 0.0000 | cos(c,null): +0.4990 | GradNorm: 0.6175 | MSE/t: [0.00-0.25]0.607(n=423) [0.25-0.50]0.504(n=1217) [0.50-0.75]0.414(n=1095) [0.75-1.00]0.378(n=465)
2026-04-26 07:02:11,806 - INFO - [cond] cfg_signal=0.0563 (min=0.0441 max=0.0791, n=16) | class_signal=0.0711 (min=0.0482 max=0.0995, n=16) | pred_rms=0.5823
2026-04-26 07:02:11,861 - INFO - [render-loss] step=229600 masked 6/16 samples (t_value < 0.40)
2026-04-26 07:04:03,809 - INFO - Step  229800 | Epoch  28 | MSE: 0.4687 | Steps/sec: 1.79 | LR: 1.31e-04 | Render_L1: 0.0219 | Alpha_L1: 0.0285 | Render_LPIPS: 0.1487 | Repel: 0.0000 | cos(c,null): +0.4988 | GradNorm: 0.6327 | MSE/t: [0.00-0.25]0.524(n=426) [0.25-0.50]0.517(n=1198) [0.50-0.75]0.434(n=1169) [0.75-1.00]0.370(n=407)
2026-04-26 07:04:04,286 - INFO - [cond] cfg_signal=0.0552 (min=0.0423 max=0.0784, n=16) | class_signal=0.0696 (min=0.0483 max=0.0987, n=16) | pred_rms=0.6013
2026-04-26 07:04:04,342 - INFO - [render-loss] step=229800 masked 7/16 samples (t_value < 0.40)
2026-04-26 07:05:56,702 - INFO - Step  230000 | Epoch  28 | MSE: 0.4736 | Steps/sec: 1.78 | LR: 1.31e-04 | Render_L1: 0.0227 | Alpha_L1: 0.0293 | Render_LPIPS: 0.1519 | Repel: 0.0000 | cos(c,null): +0.4979 | GradNorm: 0.6331 | MSE/t: [0.00-0.25]0.613(n=410) [0.25-0.50]0.505(n=1194) [0.50-0.75]0.430(n=1158) [0.75-1.00]0.372(n=438)
2026-04-26 07:05:57,171 - INFO - [cond] cfg_signal=0.0557 (min=0.0407 max=0.0800, n=16) | class_signal=0.0710 (min=0.0500 max=0.0922, n=16) | pred_rms=0.6009
2026-04-26 07:06:05,349 - INFO - [validation] saved: output/jit_JiT-B_8_from_scratch_null_repel/dit_validation/epoch_028_step_0230000_class074.png (class=74, sampler=heun, steps=100)
2026-04-26 07:06:06,617 - INFO - [overrides] applied from jit/configs/overrides.yaml: lr_scale=1.0 max_grad_norm=5.0 null_repel_weight=0.05 P_mean=0.0
2026-04-26 07:06:06,668 - INFO - [render-loss] step=230000 masked 9/16 samples (t_value < 0.40)
2026-04-26 07:07:58,945 - INFO - Step  230200 | Epoch  28 | MSE: 0.4701 | Steps/sec: 1.64 | LR: 1.31e-04 | Render_L1: 0.0222 | Alpha_L1: 0.0289 | Render_LPIPS: 0.1483 | Repel: 0.0000 | cos(c,null): +0.4962 | GradNorm: 0.6717 | MSE/t: [0.00-0.25]0.584(n=415) [0.25-0.50]0.523(n=1223) [0.50-0.75]0.410(n=1155) [0.75-1.00]0.366(n=407)
2026-04-26 07:07:59,423 - INFO - [cond] cfg_signal=0.0562 (min=0.0418 max=0.0833, n=16) | class_signal=0.0709 (min=0.0499 max=0.0952, n=16) | pred_rms=0.6063
2026-04-26 07:07:59,479 - INFO - [render-loss] step=230200 masked 5/16 samples (t_value < 0.40)
2026-04-26 07:09:51,320 - INFO - Step  230400 | Epoch  28 | MSE: 0.4672 | Steps/sec: 1.79 | LR: 1.30e-04 | Render_L1: 0.0222 | Alpha_L1: 0.0288 | Render_LPIPS: 0.1500 | Repel: 0.0000 | cos(c,null): +0.4957 | GradNorm: 0.6633 | MSE/t: [0.00-0.25]0.560(n=427) [0.25-0.50]0.522(n=1180) [0.50-0.75]0.416(n=1136) [0.75-1.00]0.365(n=457)
2026-04-26 07:09:51,779 - INFO - [cond] cfg_signal=0.0539 (min=0.0391 max=0.0748, n=16) | class_signal=0.0690 (min=0.0479 max=0.0913, n=16) | pred_rms=0.6096
2026-04-26 07:09:51,832 - INFO - [render-loss] step=230400 masked 7/16 samples (t_value < 0.40)
2026-04-26 07:11:45,083 - INFO - Step  230600 | Epoch  29 | MSE: 0.4739 | Steps/sec: 1.77 | LR: 1.30e-04 | Render_L1: 0.0219 | Alpha_L1: 0.0285 | Render_LPIPS: 0.1484 | Repel: 0.0000 | cos(c,null): +0.4966 | GradNorm: 0.6302 | MSE/t: [0.00-0.25]0.610(n=449) [0.25-0.50]0.510(n=1150) [0.50-0.75]0.420(n=1175) [0.75-1.00]0.381(n=426)
2026-04-26 07:11:45,565 - INFO - [cond] cfg_signal=0.0548 (min=0.0407 max=0.0754, n=16) | class_signal=0.0698 (min=0.0486 max=0.0943, n=16) | pred_rms=0.5983
2026-04-26 07:11:45,621 - INFO - [render-loss] step=230600 masked 7/16 samples (t_value < 0.40)
2026-04-26 07:13:37,548 - INFO - Step  230800 | Epoch  29 | MSE: 0.4669 | Steps/sec: 1.79 | LR: 1.30e-04 | Render_L1: 0.0219 | Alpha_L1: 0.0281 | Render_LPIPS: 0.1482 | Repel: 0.0000 | cos(c,null): +0.4953 | GradNorm: 0.6422 | MSE/t: [0.00-0.25]0.597(n=435) [0.25-0.50]0.496(n=1146) [0.50-0.75]0.422(n=1202) [0.75-1.00]0.382(n=417)
2026-04-26 07:13:38,011 - INFO - [cond] cfg_signal=0.0565 (min=0.0423 max=0.0781, n=16) | class_signal=0.0729 (min=0.0491 max=0.0976, n=16) | pred_rms=0.6015
2026-04-26 07:13:38,067 - INFO - [render-loss] step=230800 masked 5/16 samples (t_value < 0.40)
2026-04-26 07:15:30,012 - INFO - Step  231000 | Epoch  29 | MSE: 0.4648 | Steps/sec: 1.79 | LR: 1.30e-04 | Render_L1: 0.0220 | Alpha_L1: 0.0281 | Render_LPIPS: 0.1486 | Repel: 0.0000 | cos(c,null): +0.4962 | GradNorm: 0.6152 | MSE/t: [0.00-0.25]0.575(n=452) [0.25-0.50]0.507(n=1186) [0.50-0.75]0.409(n=1124) [0.75-1.00]0.380(n=438)
2026-04-26 07:15:30,496 - INFO - [cond] cfg_signal=0.0571 (min=0.0405 max=0.0764, n=16) | class_signal=0.0735 (min=0.0510 max=0.0943, n=16) | pred_rms=0.6031
2026-04-26 07:15:38,843 - INFO - [validation] saved: output/jit_JiT-B_8_from_scratch_null_repel/dit_validation/epoch_029_step_0231000_class090.png (class=90, sampler=heun, steps=100)
2026-04-26 07:15:40,101 - INFO - [overrides] applied from jit/configs/overrides.yaml: lr_scale=1.0 max_grad_norm=5.0 null_repel_weight=0.05 P_mean=0.0
2026-04-26 07:15:40,151 - INFO - [render-loss] step=231000 masked 7/16 samples (t_value < 0.40)
2026-04-26 07:17:32,229 - INFO - Step  231200 | Epoch  29 | MSE: 0.4725 | Steps/sec: 1.64 | LR: 1.30e-04 | Render_L1: 0.0219 | Alpha_L1: 0.0279 | Render_LPIPS: 0.1481 | Repel: 0.0000 | cos(c,null): +0.4953 | GradNorm: 0.6954 | MSE/t: [0.00-0.25]0.604(n=438) [0.25-0.50]0.514(n=1169) [0.50-0.75]0.419(n=1149) [0.75-1.00]0.373(n=444)
2026-04-26 07:17:32,703 - INFO - [cond] cfg_signal=0.0545 (min=0.0388 max=0.0727, n=16) | class_signal=0.0718 (min=0.0494 max=0.0927, n=16) | pred_rms=0.6042
2026-04-26 07:17:32,759 - INFO - [render-loss] step=231200 masked 7/16 samples (t_value < 0.40)
2026-04-26 07:19:24,945 - INFO - Step  231400 | Epoch  29 | MSE: 0.4589 | Steps/sec: 1.78 | LR: 1.30e-04 | Render_L1: 0.0219 | Alpha_L1: 0.0279 | Render_LPIPS: 0.1478 | Repel: 0.0000 | cos(c,null): +0.4947 | GradNorm: 0.6044 | MSE/t: [0.00-0.25]0.535(n=421) [0.25-0.50]0.504(n=1148) [0.50-0.75]0.424(n=1212) [0.75-1.00]0.361(n=419)
2026-04-26 07:19:25,412 - INFO - [cond] cfg_signal=0.0550 (min=0.0381 max=0.0726, n=16) | class_signal=0.0729 (min=0.0488 max=0.0999, n=16) | pred_rms=0.6080
2026-04-26 07:19:25,467 - INFO - [render-loss] step=231400 masked 3/16 samples (t_value < 0.40)
2026-04-26 07:21:17,291 - INFO - Step  231600 | Epoch  29 | MSE: 0.4643 | Steps/sec: 1.79 | LR: 1.30e-04 | Render_L1: 0.0217 | Alpha_L1: 0.0288 | Render_LPIPS: 0.1479 | Repel: 0.0000 | cos(c,null): +0.4951 | GradNorm: 0.6161 | MSE/t: [0.00-0.25]0.599(n=395) [0.25-0.50]0.501(n=1143) [0.50-0.75]0.413(n=1191) [0.75-1.00]0.391(n=471)
2026-04-26 07:21:17,776 - INFO - [cond] cfg_signal=0.0581 (min=0.0413 max=0.0765, n=16) | class_signal=0.0738 (min=0.0542 max=0.1002, n=16) | pred_rms=0.6054
2026-04-26 07:21:17,830 - INFO - [render-loss] step=231600 masked 4/16 samples (t_value < 0.40)
2026-04-26 07:23:09,426 - INFO - Step  231800 | Epoch  29 | MSE: 0.4691 | Steps/sec: 1.79 | LR: 1.30e-04 | Render_L1: 0.0230 | Alpha_L1: 0.0295 | Render_LPIPS: 0.1519 | Repel: 0.0000 | cos(c,null): +0.4954 | GradNorm: 0.6947 | MSE/t: [0.00-0.25]0.569(n=436) [0.25-0.50]0.518(n=1140) [0.50-0.75]0.416(n=1181) [0.75-1.00]0.385(n=443)
2026-04-26 07:23:09,884 - INFO - [cond] cfg_signal=0.0496 (min=0.0347 max=0.0698, n=16) | class_signal=0.0651 (min=0.0472 max=0.0889, n=16) | pred_rms=0.5712
2026-04-26 07:23:09,939 - INFO - [render-loss] step=231800 masked 4/16 samples (t_value < 0.40)
2026-04-26 07:25:01,929 - INFO - Step  232000 | Epoch  29 | MSE: 0.4678 | Steps/sec: 1.79 | LR: 1.30e-04 | Render_L1: 0.0224 | Alpha_L1: 0.0290 | Render_LPIPS: 0.1478 | Repel: 0.0000 | cos(c,null): +0.4955 | GradNorm: 0.6302 | MSE/t: [0.00-0.25]0.584(n=417) [0.25-0.50]0.498(n=1236) [0.50-0.75]0.420(n=1134) [0.75-1.00]0.393(n=413)
2026-04-26 07:25:02,406 - INFO - [cond] cfg_signal=0.0527 (min=0.0374 max=0.0746, n=16) | class_signal=0.0688 (min=0.0485 max=0.0931, n=16) | pred_rms=0.5954
2026-04-26 07:25:10,542 - INFO - [validation] saved: output/jit_JiT-B_8_from_scratch_null_repel/dit_validation/epoch_029_step_0232000_class084.png (class=84, sampler=heun, steps=100)
2026-04-26 07:25:11,957 - INFO - [overrides] applied from jit/configs/overrides.yaml: lr_scale=1.0 max_grad_norm=5.0 null_repel_weight=0.05 P_mean=0.0
2026-04-26 07:25:12,007 - INFO - [render-loss] step=232000 masked 7/16 samples (t_value < 0.40)
2026-04-26 07:27:04,283 - INFO - Step  232200 | Epoch  29 | MSE: 0.4611 | Steps/sec: 1.64 | LR: 1.30e-04 | Render_L1: 0.0227 | Alpha_L1: 0.0290 | Render_LPIPS: 0.1499 | Repel: 0.0000 | cos(c,null): +0.4951 | GradNorm: 0.6645 | MSE/t: [0.00-0.25]0.598(n=455) [0.25-0.50]0.498(n=1106) [0.50-0.75]0.412(n=1200) [0.75-1.00]0.360(n=439)
2026-04-26 07:27:04,752 - INFO - [cond] cfg_signal=0.0518 (min=0.0363 max=0.0715, n=16) | class_signal=0.0687 (min=0.0479 max=0.0878, n=16) | pred_rms=0.5721
2026-04-26 07:27:04,811 - INFO - [render-loss] step=232200 masked 8/16 samples (t_value < 0.40)
2026-04-26 07:28:56,784 - INFO - Step  232400 | Epoch  29 | MSE: 0.4682 | Steps/sec: 1.79 | LR: 1.29e-04 | Render_L1: 0.0221 | Alpha_L1: 0.0285 | Render_LPIPS: 0.1490 | Repel: 0.0000 | cos(c,null): +0.4953 | GradNorm: 0.6333 | MSE/t: [0.00-0.25]0.570(n=426) [0.25-0.50]0.510(n=1136) [0.50-0.75]0.421(n=1179) [0.75-1.00]0.392(n=459)
2026-04-26 07:28:57,273 - INFO - [cond] cfg_signal=0.0536 (min=0.0373 max=0.0749, n=16) | class_signal=0.0716 (min=0.0497 max=0.0933, n=16) | pred_rms=0.5900
2026-04-26 07:28:57,331 - INFO - [render-loss] step=232400 masked 8/16 samples (t_value < 0.40)
2026-04-26 07:30:49,576 - INFO - Step  232600 | Epoch  29 | MSE: 0.4679 | Steps/sec: 1.78 | LR: 1.29e-04 | Render_L1: 0.0227 | Alpha_L1: 0.0291 | Render_LPIPS: 0.1504 | Repel: 0.0000 | cos(c,null): +0.4946 | GradNorm: 0.6383 | MSE/t: [0.00-0.25]0.583(n=441) [0.25-0.50]0.500(n=1178) [0.50-0.75]0.421(n=1137) [0.75-1.00]0.390(n=444)
2026-04-26 07:30:50,076 - INFO - [cond] cfg_signal=0.0540 (min=0.0362 max=0.0775, n=16) | class_signal=0.0713 (min=0.0485 max=0.0917, n=16) | pred_rms=0.5854
2026-04-26 07:30:50,132 - INFO - [render-loss] step=232600 masked 4/16 samples (t_value < 0.40)
2026-04-26 07:32:42,149 - INFO - Step  232800 | Epoch  29 | MSE: 0.4751 | Steps/sec: 1.78 | LR: 1.29e-04 | Render_L1: 0.0223 | Alpha_L1: 0.0290 | Render_LPIPS: 0.1491 | Repel: 0.0000 | cos(c,null): +0.4941 | GradNorm: 0.6403 | MSE/t: [0.00-0.25]0.581(n=455) [0.25-0.50]0.524(n=1170) [0.50-0.75]0.423(n=1139) [0.75-1.00]0.368(n=436)
2026-04-26 07:32:42,621 - INFO - [cond] cfg_signal=0.0532 (min=0.0382 max=0.0765, n=16) | class_signal=0.0695 (min=0.0497 max=0.0879, n=16) | pred_rms=0.5980
2026-04-26 07:32:42,676 - INFO - [render-loss] step=232800 masked 5/16 samples (t_value < 0.40)
2026-04-26 07:34:34,605 - INFO - Step  233000 | Epoch  29 | MSE: 0.4609 | Steps/sec: 1.79 | LR: 1.29e-04 | Render_L1: 0.0215 | Alpha_L1: 0.0278 | Render_LPIPS: 0.1456 | Repel: 0.0000 | cos(c,null): +0.4954 | GradNorm: 0.6093 | MSE/t: [0.00-0.25]0.577(n=461) [0.25-0.50]0.492(n=1154) [0.50-0.75]0.423(n=1146) [0.75-1.00]0.356(n=439)
2026-04-26 07:34:35,066 - INFO - [cond] cfg_signal=0.0538 (min=0.0377 max=0.0749, n=16) | class_signal=0.0712 (min=0.0475 max=0.0965, n=16) | pred_rms=0.5984
2026-04-26 07:34:43,078 - INFO - [validation] saved: output/jit_JiT-B_8_from_scratch_null_repel/dit_validation/epoch_029_step_0233000_class034.png (class=34, sampler=heun, steps=100)
2026-04-26 07:34:44,291 - INFO - [overrides] applied from jit/configs/overrides.yaml: lr_scale=1.0 max_grad_norm=5.0 null_repel_weight=0.05 P_mean=0.0
2026-04-26 07:34:44,340 - INFO - [render-loss] step=233000 masked 6/16 samples (t_value < 0.40)
2026-04-26 07:36:35,869 - INFO - Step  233200 | Epoch  29 | MSE: 0.4650 | Steps/sec: 1.66 | LR: 1.29e-04 | Render_L1: 0.0225 | Alpha_L1: 0.0286 | Render_LPIPS: 0.1508 | Repel: 0.0000 | cos(c,null): +0.4952 | GradNorm: 0.6491 | MSE/t: [0.00-0.25]0.568(n=430) [0.25-0.50]0.507(n=1123) [0.50-0.75]0.423(n=1172) [0.75-1.00]0.376(n=475)
2026-04-26 07:36:36,327 - INFO - [cond] cfg_signal=0.0545 (min=0.0393 max=0.0743, n=16) | class_signal=0.0716 (min=0.0513 max=0.0930, n=16) | pred_rms=0.6037
2026-04-26 07:36:36,381 - INFO - [render-loss] step=233200 masked 4/16 samples (t_value < 0.40)
2026-04-26 07:38:28,541 - INFO - Step  233400 | Epoch  29 | MSE: 0.4725 | Steps/sec: 1.78 | LR: 1.29e-04 | Render_L1: 0.0218 | Alpha_L1: 0.0280 | Render_LPIPS: 0.1453 | Repel: 0.0000 | cos(c,null): +0.4966 | GradNorm: 0.6246 | MSE/t: [0.00-0.25]0.579(n=430) [0.25-0.50]0.526(n=1140) [0.50-0.75]0.417(n=1217) [0.75-1.00]0.377(n=413)
2026-04-26 07:38:29,001 - INFO - [cond] cfg_signal=0.0548 (min=0.0392 max=0.0745, n=16) | class_signal=0.0738 (min=0.0497 max=0.0989, n=16) | pred_rms=0.5935
2026-04-26 07:38:29,056 - INFO - [render-loss] step=233400 masked 3/16 samples (t_value < 0.40)
2026-04-26 07:40:20,957 - INFO - Step  233600 | Epoch  29 | MSE: 0.4599 | Steps/sec: 1.79 | LR: 1.29e-04 | Render_L1: 0.0222 | Alpha_L1: 0.0283 | Render_LPIPS: 0.1486 | Repel: 0.0000 | cos(c,null): +0.4958 | GradNorm: 0.6153 | MSE/t: [0.00-0.25]0.569(n=445) [0.25-0.50]0.488(n=1189) [0.50-0.75]0.423(n=1113) [0.75-1.00]0.371(n=453)
2026-04-26 07:40:21,429 - INFO - [cond] cfg_signal=0.0538 (min=0.0386 max=0.0734, n=16) | class_signal=0.0712 (min=0.0510 max=0.0985, n=16) | pred_rms=0.5826
2026-04-26 07:40:21,484 - INFO - [render-loss] step=233600 masked 5/16 samples (t_value < 0.40)
2026-04-26 07:42:13,387 - INFO - Step  233800 | Epoch  29 | MSE: 0.4698 | Steps/sec: 1.79 | LR: 1.29e-04 | Render_L1: 0.0220 | Alpha_L1: 0.0283 | Render_LPIPS: 0.1475 | Repel: 0.0000 | cos(c,null): +0.4952 | GradNorm: 0.6057 | MSE/t: [0.00-0.25]0.582(n=437) [0.25-0.50]0.518(n=1151) [0.50-0.75]0.418(n=1184) [0.75-1.00]0.369(n=428)
2026-04-26 07:42:13,859 - INFO - [cond] cfg_signal=0.0541 (min=0.0402 max=0.0728, n=16) | class_signal=0.0714 (min=0.0491 max=0.0957, n=16) | pred_rms=0.5991
2026-04-26 07:42:13,914 - INFO - [render-loss] step=233800 masked 3/16 samples (t_value < 0.40)
2026-04-26 07:44:05,337 - INFO - Step  234000 | Epoch  29 | MSE: 0.4642 | Steps/sec: 1.79 | LR: 1.29e-04 | Render_L1: 0.0227 | Alpha_L1: 0.0292 | Render_LPIPS: 0.1498 | Repel: 0.0000 | cos(c,null): +0.4959 | GradNorm: 0.6502 | MSE/t: [0.00-0.25]0.550(n=405) [0.25-0.50]0.507(n=1151) [0.50-0.75]0.431(n=1214) [0.75-1.00]0.361(n=430)
2026-04-26 07:44:05,818 - INFO - [cond] cfg_signal=0.0562 (min=0.0426 max=0.0810, n=16) | class_signal=0.0746 (min=0.0497 max=0.1015, n=16) | pred_rms=0.6011
2026-04-26 07:44:13,912 - INFO - [validation] saved: output/jit_JiT-B_8_from_scratch_null_repel/dit_validation/epoch_029_step_0234000_class063.png (class=63, sampler=heun, steps=100)
2026-04-26 07:44:15,142 - INFO - [overrides] applied from jit/configs/overrides.yaml: lr_scale=1.0 max_grad_norm=5.0 null_repel_weight=0.05 P_mean=0.0
2026-04-26 07:44:15,192 - INFO - [render-loss] step=234000 masked 5/16 samples (t_value < 0.40)
2026-04-26 07:46:07,750 - INFO - Step  234200 | Epoch  29 | MSE: 0.4664 | Steps/sec: 1.64 | LR: 1.29e-04 | Render_L1: 0.0222 | Alpha_L1: 0.0280 | Render_LPIPS: 0.1490 | Repel: 0.0000 | cos(c,null): +0.4949 | GradNorm: 0.6071 | MSE/t: [0.00-0.25]0.583(n=418) [0.25-0.50]0.498(n=1178) [0.50-0.75]0.423(n=1151) [0.75-1.00]0.387(n=453)
2026-04-26 07:46:08,233 - INFO - [cond] cfg_signal=0.0554 (min=0.0406 max=0.0792, n=16) | class_signal=0.0712 (min=0.0508 max=0.0958, n=16) | pred_rms=0.5847
2026-04-26 07:46:08,288 - INFO - [render-loss] step=234200 masked 4/16 samples (t_value < 0.40)
2026-04-26 07:48:00,308 - INFO - Step  234400 | Epoch  29 | MSE: 0.4718 | Steps/sec: 1.78 | LR: 1.28e-04 | Render_L1: 0.0214 | Alpha_L1: 0.0286 | Render_LPIPS: 0.1459 | Repel: 0.0000 | cos(c,null): +0.4950 | GradNorm: 0.7649 | MSE/t: [0.00-0.25]0.569(n=420) [0.25-0.50]0.515(n=1150) [0.50-0.75]0.429(n=1203) [0.75-1.00]0.381(n=427)
2026-04-26 07:48:00,777 - INFO - [cond] cfg_signal=0.0545 (min=0.0403 max=0.0801, n=16) | class_signal=0.0708 (min=0.0499 max=0.0966, n=16) | pred_rms=0.5845
2026-04-26 07:48:00,832 - INFO - [render-loss] step=234400 masked 4/16 samples (t_value < 0.40)
2026-04-26 07:49:52,818 - INFO - Step  234600 | Epoch  29 | MSE: 0.4707 | Steps/sec: 1.79 | LR: 1.28e-04 | Render_L1: 0.0223 | Alpha_L1: 0.0285 | Render_LPIPS: 0.1492 | Repel: 0.0000 | cos(c,null): +0.4954 | GradNorm: 0.6359 | MSE/t: [0.00-0.25]0.617(n=383) [0.25-0.50]0.507(n=1163) [0.50-0.75]0.425(n=1222) [0.75-1.00]0.375(n=432)
2026-04-26 07:49:53,455 - INFO - [cond] cfg_signal=0.0570 (min=0.0428 max=0.0764, n=16) | class_signal=0.0719 (min=0.0518 max=0.0997, n=16) | pred_rms=0.6144
2026-04-26 07:49:53,550 - INFO - [render-loss] step=234600 masked 4/16 samples (t_value < 0.40)
2026-04-26 07:51:45,494 - INFO - Step  234800 | Epoch  29 | MSE: 0.4621 | Steps/sec: 1.79 | LR: 1.28e-04 | Render_L1: 0.0223 | Alpha_L1: 0.0294 | Render_LPIPS: 0.1490 | Repel: 0.0000 | cos(c,null): +0.4953 | GradNorm: 0.6240 | MSE/t: [0.00-0.25]0.553(n=428) [0.25-0.50]0.490(n=1186) [0.50-0.75]0.430(n=1139) [0.75-1.00]0.385(n=447)
2026-04-26 07:51:45,956 - INFO - [cond] cfg_signal=0.0531 (min=0.0387 max=0.0750, n=16) | class_signal=0.0693 (min=0.0532 max=0.0911, n=16) | pred_rms=0.5915
2026-04-26 07:51:46,017 - INFO - [render-loss] step=234800 masked 5/16 samples (t_value < 0.40)
2026-04-26 07:53:38,266 - INFO - Step  235000 | Epoch  29 | MSE: 0.4708 | Steps/sec: 1.78 | LR: 1.28e-04 | Render_L1: 0.0214 | Alpha_L1: 0.0280 | Render_LPIPS: 0.1465 | Repel: 0.0000 | cos(c,null): +0.4960 | GradNorm: 0.6388 | MSE/t: [0.00-0.25]0.579(n=465) [0.25-0.50]0.507(n=1170) [0.50-0.75]0.420(n=1140) [0.75-1.00]0.387(n=425)
2026-04-26 07:53:38,726 - INFO - [cond] cfg_signal=0.0539 (min=0.0399 max=0.0757, n=16) | class_signal=0.0707 (min=0.0492 max=0.0930, n=16) | pred_rms=0.5854
2026-04-26 07:53:46,801 - INFO - [validation] saved: output/jit_JiT-B_8_from_scratch_null_repel/dit_validation/epoch_029_step_0235000_class088.png (class=88, sampler=heun, steps=100)
2026-04-26 07:53:48,062 - INFO - [overrides] applied from jit/configs/overrides.yaml: lr_scale=1.0 max_grad_norm=5.0 null_repel_weight=0.05 P_mean=0.0
2026-04-26 07:53:48,116 - INFO - [render-loss] step=235000 masked 7/16 samples (t_value < 0.40)
2026-04-26 07:55:40,237 - INFO - Step  235200 | Epoch  29 | MSE: 0.4751 | Steps/sec: 1.65 | LR: 1.28e-04 | Render_L1: 0.0220 | Alpha_L1: 0.0284 | Render_LPIPS: 0.1488 | Repel: 0.0000 | cos(c,null): +0.4958 | GradNorm: 0.6244 | MSE/t: [0.00-0.25]0.584(n=401) [0.25-0.50]0.528(n=1189) [0.50-0.75]0.427(n=1188) [0.75-1.00]0.357(n=422)
2026-04-26 07:55:40,717 - INFO - [cond] cfg_signal=0.0524 (min=0.0381 max=0.0766, n=16) | class_signal=0.0682 (min=0.0510 max=0.0894, n=16) | pred_rms=0.5875
2026-04-26 07:55:40,772 - INFO - [render-loss] step=235200 masked 6/16 samples (t_value < 0.40)
2026-04-26 07:57:32,550 - INFO - Step  235400 | Epoch  29 | MSE: 0.4659 | Steps/sec: 1.79 | LR: 1.28e-04 | Render_L1: 0.0214 | Alpha_L1: 0.0284 | Render_LPIPS: 0.1460 | Repel: 0.0000 | cos(c,null): +0.4962 | GradNorm: 0.6246 | MSE/t: [0.00-0.25]0.599(n=424) [0.25-0.50]0.498(n=1155) [0.50-0.75]0.426(n=1168) [0.75-1.00]0.362(n=453)
2026-04-26 07:57:33,054 - INFO - [cond] cfg_signal=0.0528 (min=0.0384 max=0.0748, n=16) | class_signal=0.0682 (min=0.0503 max=0.0887, n=16) | pred_rms=0.5860
2026-04-26 07:57:33,110 - INFO - [render-loss] step=235400 masked 6/16 samples (t_value < 0.40)
2026-04-26 07:59:25,174 - INFO - Step  235600 | Epoch  29 | MSE: 0.4623 | Steps/sec: 1.78 | LR: 1.28e-04 | Render_L1: 0.0213 | Alpha_L1: 0.0275 | Render_LPIPS: 0.1446 | Repel: 0.0000 | cos(c,null): +0.4949 | GradNorm: 0.6280 | MSE/t: [0.00-0.25]0.583(n=455) [0.25-0.50]0.508(n=1166) [0.50-0.75]0.404(n=1164) [0.75-1.00]0.366(n=415)
2026-04-26 07:59:25,701 - INFO - [cond] cfg_signal=0.0544 (min=0.0411 max=0.0779, n=16) | class_signal=0.0711 (min=0.0524 max=0.0943, n=16) | pred_rms=0.5921
2026-04-26 07:59:25,756 - INFO - [render-loss] step=235600 masked 4/16 samples (t_value < 0.40)
2026-04-26 08:01:17,877 - INFO - Step  235800 | Epoch  29 | MSE: 0.4636 | Steps/sec: 1.78 | LR: 1.28e-04 | Render_L1: 0.0218 | Alpha_L1: 0.0286 | Render_LPIPS: 0.1464 | Repel: 0.0000 | cos(c,null): +0.4946 | GradNorm: 0.6487 | MSE/t: [0.00-0.25]0.579(n=441) [0.25-0.50]0.505(n=1171) [0.50-0.75]0.411(n=1148) [0.75-1.00]0.376(n=440)
2026-04-26 08:01:18,347 - INFO - [cond] cfg_signal=0.0538 (min=0.0408 max=0.0751, n=16) | class_signal=0.0712 (min=0.0533 max=0.0900, n=16) | pred_rms=0.6048
2026-04-26 08:01:18,402 - INFO - [render-loss] step=235800 masked 8/16 samples (t_value < 0.40)
2026-04-26 08:03:10,531 - INFO - Step  236000 | Epoch  29 | MSE: 0.4781 | Steps/sec: 1.78 | LR: 1.28e-04 | Render_L1: 0.0227 | Alpha_L1: 0.0304 | Render_LPIPS: 0.1526 | Repel: 0.0000 | cos(c,null): +0.4941 | GradNorm: 0.7093 | MSE/t: [0.00-0.25]0.587(n=432) [0.25-0.50]0.504(n=1136) [0.50-0.75]0.443(n=1201) [0.75-1.00]0.398(n=431)
2026-04-26 08:03:10,991 - INFO - [cond] cfg_signal=0.0547 (min=0.0435 max=0.0729, n=16) | class_signal=0.0721 (min=0.0521 max=0.0941, n=16) | pred_rms=0.5882
2026-04-26 08:03:19,082 - INFO - [validation] saved: output/jit_JiT-B_8_from_scratch_null_repel/dit_validation/epoch_029_step_0236000_class062.png (class=62, sampler=heun, steps=100)
2026-04-26 08:03:20,321 - INFO - [overrides] applied from jit/configs/overrides.yaml: lr_scale=1.0 max_grad_norm=5.0 null_repel_weight=0.05 P_mean=0.0
2026-04-26 08:03:20,550 - INFO - [render-loss] step=236000 masked 9/16 samples (t_value < 0.40)
2026-04-26 08:05:12,623 - INFO - Step  236200 | Epoch  29 | MSE: 0.4619 | Steps/sec: 1.64 | LR: 1.27e-04 | Render_L1: 0.0218 | Alpha_L1: 0.0283 | Render_LPIPS: 0.1470 | Repel: 0.0000 | cos(c,null): +0.4966 | GradNorm: 0.6414 | MSE/t: [0.00-0.25]0.550(n=419) [0.25-0.50]0.507(n=1159) [0.50-0.75]0.419(n=1183) [0.75-1.00]0.373(n=439)
2026-04-26 08:05:13,107 - INFO - [cond] cfg_signal=0.0533 (min=0.0414 max=0.0747, n=16) | class_signal=0.0698 (min=0.0486 max=0.0959, n=16) | pred_rms=0.5851
2026-04-26 08:05:13,163 - INFO - [render-loss] step=236200 masked 1/16 samples (t_value < 0.40)
2026-04-26 08:07:05,112 - INFO - Step  236400 | Epoch  29 | MSE: 0.4702 | Steps/sec: 1.79 | LR: 1.27e-04 | Render_L1: 0.0220 | Alpha_L1: 0.0288 | Render_LPIPS: 0.1479 | Repel: 0.0000 | cos(c,null): +0.4970 | GradNorm: 0.6082 | MSE/t: [0.00-0.25]0.615(n=430) [0.25-0.50]0.501(n=1145) [0.50-0.75]0.426(n=1173) [0.75-1.00]0.371(n=452)
2026-04-26 08:07:05,580 - INFO - [cond] cfg_signal=0.0551 (min=0.0402 max=0.0707, n=16) | class_signal=0.0719 (min=0.0522 max=0.1008, n=16) | pred_rms=0.5872
2026-04-26 08:07:05,635 - INFO - [render-loss] step=236400 masked 7/16 samples (t_value < 0.40)
2026-04-26 08:08:57,424 - INFO - Step  236600 | Epoch  29 | MSE: 0.4737 | Steps/sec: 1.79 | LR: 1.27e-04 | Render_L1: 0.0225 | Alpha_L1: 0.0290 | Render_LPIPS: 0.1497 | Repel: 0.0000 | cos(c,null): +0.4976 | GradNorm: 0.6512 | MSE/t: [0.00-0.25]0.589(n=434) [0.25-0.50]0.518(n=1169) [0.50-0.75]0.431(n=1177) [0.75-1.00]0.353(n=420)
2026-04-26 08:08:57,914 - INFO - [cond] cfg_signal=0.0546 (min=0.0417 max=0.0685, n=16) | class_signal=0.0712 (min=0.0496 max=0.1046, n=16) | pred_rms=0.5791
2026-04-26 08:08:57,969 - INFO - [render-loss] step=236600 masked 6/16 samples (t_value < 0.40)
2026-04-26 08:10:49,994 - INFO - Step  236800 | Epoch  29 | MSE: 0.4770 | Steps/sec: 1.78 | LR: 1.27e-04 | Render_L1: 0.0220 | Alpha_L1: 0.0285 | Render_LPIPS: 0.1492 | Repel: 0.0000 | cos(c,null): +0.4981 | GradNorm: 0.7441 | MSE/t: [0.00-0.25]0.597(n=424) [0.25-0.50]0.527(n=1094) [0.50-0.75]0.426(n=1221) [0.75-1.00]0.382(n=461)
2026-04-26 08:10:50,528 - INFO - [cond] cfg_signal=0.0535 (min=0.0411 max=0.0687, n=16) | class_signal=0.0696 (min=0.0501 max=0.0980, n=16) | pred_rms=0.5929
2026-04-26 08:10:50,583 - INFO - [render-loss] step=236800 masked 7/16 samples (t_value < 0.40)
2026-04-26 08:12:42,825 - INFO - Step  237000 | Epoch  29 | MSE: 0.4680 | Steps/sec: 1.78 | LR: 1.27e-04 | Render_L1: 0.0215 | Alpha_L1: 0.0278 | Render_LPIPS: 0.1453 | Repel: 0.0000 | cos(c,null): +0.4978 | GradNorm: 0.6103 | MSE/t: [0.00-0.25]0.560(n=459) [0.25-0.50]0.509(n=1128) [0.50-0.75]0.424(n=1147) [0.75-1.00]0.386(n=466)
2026-04-26 08:12:43,294 - INFO - [cond] cfg_signal=0.0539 (min=0.0406 max=0.0660, n=16) | class_signal=0.0706 (min=0.0513 max=0.0971, n=16) | pred_rms=0.5888
2026-04-26 08:12:51,352 - INFO - [validation] saved: output/jit_JiT-B_8_from_scratch_null_repel/dit_validation/epoch_029_step_0237000_class114.png (class=114, sampler=heun, steps=100)
2026-04-26 08:12:52,605 - INFO - [overrides] applied from jit/configs/overrides.yaml: lr_scale=1.0 max_grad_norm=5.0 null_repel_weight=0.05 P_mean=0.0
2026-04-26 08:12:52,654 - INFO - [render-loss] step=237000 masked 8/16 samples (t_value < 0.40)
2026-04-26 08:14:44,845 - INFO - Step  237200 | Epoch  29 | MSE: 0.4767 | Steps/sec: 1.65 | LR: 1.27e-04 | Render_L1: 0.0226 | Alpha_L1: 0.0289 | Render_LPIPS: 0.1508 | Repel: 0.0000 | cos(c,null): +0.4977 | GradNorm: 0.6595 | MSE/t: [0.00-0.25]0.571(n=428) [0.25-0.50]0.522(n=1164) [0.50-0.75]0.438(n=1185) [0.75-1.00]0.366(n=423)
2026-04-26 08:14:45,330 - INFO - [cond] cfg_signal=0.0544 (min=0.0407 max=0.0661, n=16) | class_signal=0.0710 (min=0.0511 max=0.0977, n=16) | pred_rms=0.5999
2026-04-26 08:14:45,385 - INFO - [render-loss] step=237200 masked 7/16 samples (t_value < 0.40)
2026-04-26 08:16:37,159 - INFO - Step  237400 | Epoch  29 | MSE: 0.4710 | Steps/sec: 1.79 | LR: 1.27e-04 | Render_L1: 0.0221 | Alpha_L1: 0.0282 | Render_LPIPS: 0.1480 | Repel: 0.0000 | cos(c,null): +0.4978 | GradNorm: 0.6367 | MSE/t: [0.00-0.25]0.566(n=460) [0.25-0.50]0.515(n=1142) [0.50-0.75]0.423(n=1145) [0.75-1.00]0.387(n=453)
2026-04-26 08:16:37,634 - INFO - [cond] cfg_signal=0.0541 (min=0.0412 max=0.0672, n=16) | class_signal=0.0708 (min=0.0501 max=0.0941, n=16) | pred_rms=0.5932
2026-04-26 08:16:37,690 - INFO - [render-loss] step=237400 masked 5/16 samples (t_value < 0.40)
2026-04-26 08:18:29,711 - INFO - Step  237600 | Epoch  29 | MSE: 0.4644 | Steps/sec: 1.78 | LR: 1.27e-04 | Render_L1: 0.0220 | Alpha_L1: 0.0283 | Render_LPIPS: 0.1487 | Repel: 0.0000 | cos(c,null): +0.4979 | GradNorm: 0.7794 | MSE/t: [0.00-0.25]0.588(n=416) [0.25-0.50]0.497(n=1166) [0.50-0.75]0.422(n=1147) [0.75-1.00]0.378(n=471)
2026-04-26 08:18:30,171 - INFO - [cond] cfg_signal=0.0549 (min=0.0405 max=0.0684, n=16) | class_signal=0.0718 (min=0.0511 max=0.0976, n=16) | pred_rms=0.5878
2026-04-26 08:18:30,226 - INFO - [render-loss] step=237600 masked 5/16 samples (t_value < 0.40)
2026-04-26 08:20:22,165 - INFO - Step  237800 | Epoch  29 | MSE: 0.4683 | Steps/sec: 1.79 | LR: 1.27e-04 | Render_L1: 0.0220 | Alpha_L1: 0.0291 | Render_LPIPS: 0.1478 | Repel: 0.0000 | cos(c,null): +0.4981 | GradNorm: 0.6504 | MSE/t: [0.00-0.25]0.552(n=444) [0.25-0.50]0.505(n=1169) [0.50-0.75]0.422(n=1152) [0.75-1.00]0.406(n=435)
2026-04-26 08:20:22,633 - INFO - [cond] cfg_signal=0.0542 (min=0.0418 max=0.0715, n=16) | class_signal=0.0705 (min=0.0510 max=0.0968, n=16) | pred_rms=0.5864
2026-04-26 08:20:22,688 - INFO - [render-loss] step=237800 masked 7/16 samples (t_value < 0.40)
2026-04-26 08:22:14,678 - INFO - Step  238000 | Epoch  29 | MSE: 0.4694 | Steps/sec: 1.79 | LR: 1.27e-04 | Render_L1: 0.0222 | Alpha_L1: 0.0285 | Render_LPIPS: 0.1483 | Repel: 0.0000 | cos(c,null): +0.4971 | GradNorm: 0.6095 | MSE/t: [0.00-0.25]0.564(n=441) [0.25-0.50]0.504(n=1134) [0.50-0.75]0.437(n=1171) [0.75-1.00]0.374(n=454)
2026-04-26 08:22:15,142 - INFO - [cond] cfg_signal=0.0528 (min=0.0394 max=0.0670, n=16) | class_signal=0.0693 (min=0.0521 max=0.0927, n=16) | pred_rms=0.5779
2026-04-26 08:22:23,263 - INFO - [validation] saved: output/jit_JiT-B_8_from_scratch_null_repel/dit_validation/epoch_029_step_0238000_class069.png (class=69, sampler=heun, steps=100)
2026-04-26 08:22:24,515 - INFO - [overrides] applied from jit/configs/overrides.yaml: lr_scale=1.0 max_grad_norm=5.0 null_repel_weight=0.05 P_mean=0.0
2026-04-26 08:22:24,564 - INFO - [render-loss] step=238000 masked 5/16 samples (t_value < 0.40)
2026-04-26 08:24:16,506 - INFO - Step  238200 | Epoch  29 | MSE: 0.4765 | Steps/sec: 1.65 | LR: 1.26e-04 | Render_L1: 0.0232 | Alpha_L1: 0.0295 | Render_LPIPS: 0.1512 | Repel: 0.0000 | cos(c,null): +0.4971 | GradNorm: 0.6338 | MSE/t: [0.00-0.25]0.581(n=447) [0.25-0.50]0.521(n=1225) [0.50-0.75]0.424(n=1126) [0.75-1.00]0.372(n=402)
2026-04-26 08:24:17,004 - INFO - [cond] cfg_signal=0.0542 (min=0.0404 max=0.0677, n=16) | class_signal=0.0711 (min=0.0519 max=0.0959, n=16) | pred_rms=0.5793
2026-04-26 08:24:17,063 - INFO - [render-loss] step=238200 masked 8/16 samples (t_value < 0.40)
2026-04-26 08:26:09,525 - INFO - Step  238400 | Epoch  29 | MSE: 0.4549 | Steps/sec: 1.78 | LR: 1.26e-04 | Render_L1: 0.0213 | Alpha_L1: 0.0278 | Render_LPIPS: 0.1449 | Repel: 0.0000 | cos(c,null): +0.4970 | GradNorm: 0.6078 | MSE/t: [0.00-0.25]0.568(n=438) [0.25-0.50]0.488(n=1152) [0.50-0.75]0.412(n=1181) [0.75-1.00]0.368(n=429)
2026-04-26 08:26:10,013 - INFO - [cond] cfg_signal=0.0557 (min=0.0410 max=0.0672, n=16) | class_signal=0.0723 (min=0.0541 max=0.0962, n=16) | pred_rms=0.5915
2026-04-26 08:26:10,076 - INFO - [render-loss] step=238400 masked 7/16 samples (t_value < 0.40)
2026-04-26 08:28:03,367 - INFO - Step  238600 | Epoch  30 | MSE: 0.4704 | Steps/sec: 1.76 | LR: 1.26e-04 | Render_L1: 0.0223 | Alpha_L1: 0.0279 | Render_LPIPS: 0.1497 | Repel: 0.0000 | cos(c,null): +0.4954 | GradNorm: 0.6586 | MSE/t: [0.00-0.25]0.583(n=448) [0.25-0.50]0.502(n=1158) [0.50-0.75]0.424(n=1196) [0.75-1.00]0.392(n=398)
2026-04-26 08:28:03,827 - INFO - [cond] cfg_signal=0.0547 (min=0.0402 max=0.0673, n=16) | class_signal=0.0700 (min=0.0519 max=0.0894, n=16) | pred_rms=0.5870
2026-04-26 08:28:03,882 - INFO - [render-loss] step=238600 masked 5/16 samples (t_value < 0.40)
2026-04-26 08:29:55,979 - INFO - Step  238800 | Epoch  30 | MSE: 0.4724 | Steps/sec: 1.78 | LR: 1.26e-04 | Render_L1: 0.0222 | Alpha_L1: 0.0285 | Render_LPIPS: 0.1482 | Repel: 0.0000 | cos(c,null): +0.4946 | GradNorm: 0.6133 | MSE/t: [0.00-0.25]0.560(n=440) [0.25-0.50]0.524(n=1145) [0.50-0.75]0.423(n=1167) [0.75-1.00]0.383(n=448)
2026-04-26 08:29:56,460 - INFO - [cond] cfg_signal=0.0547 (min=0.0411 max=0.0668, n=16) | class_signal=0.0707 (min=0.0513 max=0.0927, n=16) | pred_rms=0.5875
2026-04-26 08:29:56,517 - INFO - [render-loss] step=238800 masked 8/16 samples (t_value < 0.40)
2026-04-26 08:31:48,667 - INFO - Step  239000 | Epoch  30 | MSE: 0.4688 | Steps/sec: 1.78 | LR: 1.26e-04 | Render_L1: 0.0220 | Alpha_L1: 0.0284 | Render_LPIPS: 0.1473 | Repel: 0.0000 | cos(c,null): +0.4954 | GradNorm: 0.7419 | MSE/t: [0.00-0.25]0.602(n=401) [0.25-0.50]0.508(n=1211) [0.50-0.75]0.416(n=1176) [0.75-1.00]0.375(n=412)
2026-04-26 08:31:49,147 - INFO - [cond] cfg_signal=0.0536 (min=0.0403 max=0.0663, n=16) | class_signal=0.0704 (min=0.0523 max=0.0891, n=16) | pred_rms=0.5971
2026-04-26 08:31:57,123 - INFO - [validation] saved: output/jit_JiT-B_8_from_scratch_null_repel/dit_validation/epoch_030_step_0239000_class025.png (class=25, sampler=heun, steps=100)
2026-04-26 08:31:58,365 - INFO - [overrides] applied from jit/configs/overrides.yaml: lr_scale=1.0 max_grad_norm=5.0 null_repel_weight=0.05 P_mean=0.0
2026-04-26 08:31:58,412 - INFO - [render-loss] step=239000 masked 7/16 samples (t_value < 0.40)
2026-04-26 08:33:50,731 - INFO - Step  239200 | Epoch  30 | MSE: 0.4722 | Steps/sec: 1.64 | LR: 1.26e-04 | Render_L1: 0.0226 | Alpha_L1: 0.0280 | Render_LPIPS: 0.1495 | Repel: 0.0000 | cos(c,null): +0.4961 | GradNorm: 0.6624 | MSE/t: [0.00-0.25]0.567(n=467) [0.25-0.50]0.518(n=1152) [0.50-0.75]0.420(n=1177) [0.75-1.00]0.383(n=404)
2026-04-26 08:33:51,201 - INFO - [cond] cfg_signal=0.0535 (min=0.0391 max=0.0676, n=16) | class_signal=0.0701 (min=0.0534 max=0.0870, n=16) | pred_rms=0.5887
2026-04-26 08:33:51,260 - INFO - [render-loss] step=239200 masked 3/16 samples (t_value < 0.40)
2026-04-26 08:35:43,162 - INFO - Step  239400 | Epoch  30 | MSE: 0.4723 | Steps/sec: 1.79 | LR: 1.26e-04 | Render_L1: 0.0217 | Alpha_L1: 0.0279 | Render_LPIPS: 0.1465 | Repel: 0.0000 | cos(c,null): +0.4960 | GradNorm: 0.6398 | MSE/t: [0.00-0.25]0.601(n=412) [0.25-0.50]0.506(n=1171) [0.50-0.75]0.430(n=1149) [0.75-1.00]0.379(n=468)
2026-04-26 08:35:43,625 - INFO - [cond] cfg_signal=0.0525 (min=0.0401 max=0.0688, n=16) | class_signal=0.0682 (min=0.0531 max=0.0885, n=16) | pred_rms=0.5937
2026-04-26 08:35:43,680 - INFO - [render-loss] step=239400 masked 8/16 samples (t_value < 0.40)
2026-04-26 08:37:35,683 - INFO - Step  239600 | Epoch  30 | MSE: 0.4674 | Steps/sec: 1.78 | LR: 1.26e-04 | Render_L1: 0.0219 | Alpha_L1: 0.0276 | Render_LPIPS: 0.1479 | Repel: 0.0000 | cos(c,null): +0.4953 | GradNorm: 0.6240 | MSE/t: [0.00-0.25]0.577(n=428) [0.25-0.50]0.501(n=1191) [0.50-0.75]0.421(n=1157) [0.75-1.00]0.389(n=424)
2026-04-26 08:37:36,139 - INFO - [cond] cfg_signal=0.0535 (min=0.0407 max=0.0743, n=16) | class_signal=0.0698 (min=0.0551 max=0.0919, n=16) | pred_rms=0.5857
2026-04-26 08:37:36,195 - INFO - [render-loss] step=239600 masked 5/16 samples (t_value < 0.40)
2026-04-26 08:39:28,134 - INFO - Step  239800 | Epoch  30 | MSE: 0.4737 | Steps/sec: 1.79 | LR: 1.26e-04 | Render_L1: 0.0227 | Alpha_L1: 0.0287 | Render_LPIPS: 0.1503 | Repel: 0.0000 | cos(c,null): +0.4955 | GradNorm: 0.6155 | MSE/t: [0.00-0.25]0.611(n=418) [0.25-0.50]0.509(n=1196) [0.50-0.75]0.429(n=1137) [0.75-1.00]0.364(n=449)
2026-04-26 08:39:28,599 - INFO - [cond] cfg_signal=0.0538 (min=0.0384 max=0.0786, n=16) | class_signal=0.0699 (min=0.0546 max=0.0911, n=16) | pred_rms=0.5932
2026-04-26 08:39:28,654 - INFO - [render-loss] step=239800 masked 7/16 samples (t_value < 0.40)
2026-04-26 08:41:20,598 - INFO - Step  240000 | Epoch  30 | MSE: 0.4654 | Steps/sec: 1.79 | LR: 1.25e-04 | Render_L1: 0.0218 | Alpha_L1: 0.0282 | Render_LPIPS: 0.1482 | Repel: 0.0000 | cos(c,null): +0.4949 | GradNorm: 0.6186 | MSE/t: [0.00-0.25]0.595(n=431) [0.25-0.50]0.498(n=1156) [0.50-0.75]0.424(n=1178) [0.75-1.00]0.363(n=435)
2026-04-26 08:41:21,054 - INFO - [cond] cfg_signal=0.0540 (min=0.0381 max=0.0797, n=16) | class_signal=0.0690 (min=0.0557 max=0.0886, n=16) | pred_rms=0.6036
2026-04-26 08:41:23,097 - INFO - Saved checkpoint to output/jit_JiT-B_8_from_scratch_null_repel/0240000.pt
2026-04-26 08:41:23,527 - INFO - [cond] cfg_signal=0.0540 (min=0.0381 max=0.0797, n=16) | class_signal=0.0690 (min=0.0557 max=0.0886, n=16) | pred_rms=0.6036
2026-04-26 08:41:31,711 - INFO - [validation] saved: output/jit_JiT-B_8_from_scratch_null_repel/dit_validation/epoch_030_step_0240000_class096.png (class=96, sampler=heun, steps=100)
2026-04-26 08:41:32,986 - INFO - [overrides] applied from jit/configs/overrides.yaml: lr_scale=1.0 max_grad_norm=5.0 null_repel_weight=0.05 P_mean=0.0
2026-04-26 08:41:33,216 - INFO - [render-loss] step=240000 masked 8/16 samples (t_value < 0.40)
2026-04-26 08:43:24,984 - INFO - Step  240200 | Epoch  30 | MSE: 0.4760 | Steps/sec: 1.61 | LR: 1.25e-04 | Render_L1: 0.0227 | Alpha_L1: 0.0296 | Render_LPIPS: 0.1508 | Repel: 0.0000 | cos(c,null): +0.4951 | GradNorm: 0.6381 | MSE/t: [0.00-0.25]0.578(n=472) [0.25-0.50]0.521(n=1143) [0.50-0.75]0.426(n=1170) [0.75-1.00]0.375(n=415)
2026-04-26 08:43:25,450 - INFO - [cond] cfg_signal=0.0551 (min=0.0407 max=0.0782, n=16) | class_signal=0.0691 (min=0.0532 max=0.0916, n=16) | pred_rms=0.6001
2026-04-26 08:43:25,504 - INFO - [render-loss] step=240200 masked 5/16 samples (t_value < 0.40)
2026-04-26 08:45:17,503 - INFO - Step  240400 | Epoch  30 | MSE: 0.4767 | Steps/sec: 1.78 | LR: 1.25e-04 | Render_L1: 0.0222 | Alpha_L1: 0.0285 | Render_LPIPS: 0.1486 | Repel: 0.0000 | cos(c,null): +0.4948 | GradNorm: 0.6468 | MSE/t: [0.00-0.25]0.568(n=439) [0.25-0.50]0.507(n=1193) [0.50-0.75]0.446(n=1142) [0.75-1.00]0.381(n=426)
2026-04-26 08:45:17,988 - INFO - [cond] cfg_signal=0.0516 (min=0.0357 max=0.0777, n=16) | class_signal=0.0655 (min=0.0485 max=0.0866, n=16) | pred_rms=0.5926
2026-04-26 08:45:18,059 - INFO - [render-loss] step=240400 masked 2/16 samples (t_value < 0.40)
2026-04-26 08:47:10,404 - INFO - Step  240600 | Epoch  30 | MSE: 0.4786 | Steps/sec: 1.78 | LR: 1.25e-04 | Render_L1: 0.0224 | Alpha_L1: 0.0290 | Render_LPIPS: 0.1497 | Repel: 0.0000 | cos(c,null): +0.4959 | GradNorm: 0.6194 | MSE/t: [0.00-0.25]0.589(n=427) [0.25-0.50]0.518(n=1122) [0.50-0.75]0.439(n=1198) [0.75-1.00]0.383(n=453)
2026-04-26 08:47:11,036 - INFO - [cond] cfg_signal=0.0522 (min=0.0355 max=0.0764, n=16) | class_signal=0.0681 (min=0.0503 max=0.0887, n=16) | pred_rms=0.5954
2026-04-26 08:47:11,136 - INFO - [render-loss] step=240600 masked 5/16 samples (t_value < 0.40)
2026-04-26 08:49:02,983 - INFO - Step  240800 | Epoch  30 | MSE: 0.4593 | Steps/sec: 1.79 | LR: 1.25e-04 | Render_L1: 0.0218 | Alpha_L1: 0.0280 | Render_LPIPS: 0.1461 | Repel: 0.0000 | cos(c,null): +0.4951 | GradNorm: 0.6103 | MSE/t: [0.00-0.25]0.556(n=429) [0.25-0.50]0.498(n=1176) [0.50-0.75]0.417(n=1151) [0.75-1.00]0.372(n=444)
2026-04-26 08:49:03,449 - INFO - [cond] cfg_signal=0.0516 (min=0.0344 max=0.0733, n=16) | class_signal=0.0669 (min=0.0500 max=0.0839, n=16) | pred_rms=0.6010
2026-04-26 08:49:03,504 - INFO - [render-loss] step=240800 masked 4/16 samples (t_value < 0.40)
2026-04-26 08:50:55,291 - INFO - Step  241000 | Epoch  30 | MSE: 0.4773 | Steps/sec: 1.79 | LR: 1.25e-04 | Render_L1: 0.0223 | Alpha_L1: 0.0289 | Render_LPIPS: 0.1494 | Repel: 0.0000 | cos(c,null): +0.4945 | GradNorm: 0.6203 | MSE/t: [0.00-0.25]0.605(n=414) [0.25-0.50]0.520(n=1198) [0.50-0.75]0.416(n=1154) [0.75-1.00]0.400(n=434)
2026-04-26 08:50:55,747 - INFO - [cond] cfg_signal=0.0494 (min=0.0335 max=0.0730, n=16) | class_signal=0.0647 (min=0.0486 max=0.0829, n=16) | pred_rms=0.6044
2026-04-26 08:51:03,837 - INFO - [validation] saved: output/jit_JiT-B_8_from_scratch_null_repel/dit_validation/epoch_030_step_0241000_class067.png (class=67, sampler=heun, steps=100)
2026-04-26 08:51:05,103 - INFO - [overrides] applied from jit/configs/overrides.yaml: lr_scale=1.0 max_grad_norm=5.0 null_repel_weight=0.05 P_mean=0.0
2026-04-26 08:51:05,154 - INFO - [render-loss] step=241000 masked 8/16 samples (t_value < 0.40)
2026-04-26 08:52:57,513 - INFO - Step  241200 | Epoch  30 | MSE: 0.4685 | Steps/sec: 1.64 | LR: 1.25e-04 | Render_L1: 0.0219 | Alpha_L1: 0.0279 | Render_LPIPS: 0.1478 | Repel: 0.0000 | cos(c,null): +0.4934 | GradNorm: 0.6147 | MSE/t: [0.00-0.25]0.594(n=413) [0.25-0.50]0.512(n=1147) [0.50-0.75]0.420(n=1168) [0.75-1.00]0.374(n=472)
2026-04-26 08:52:57,973 - INFO - [cond] cfg_signal=0.0510 (min=0.0340 max=0.0789, n=16) | class_signal=0.0655 (min=0.0457 max=0.0852, n=16) | pred_rms=0.5961
2026-04-26 08:52:58,028 - INFO - [render-loss] step=241200 masked 5/16 samples (t_value < 0.40)
2026-04-26 08:54:50,219 - INFO - Step  241400 | Epoch  30 | MSE: 0.4709 | Steps/sec: 1.78 | LR: 1.25e-04 | Render_L1: 0.0219 | Alpha_L1: 0.0287 | Render_LPIPS: 0.1449 | Repel: 0.0000 | cos(c,null): +0.4934 | GradNorm: 0.7654 | MSE/t: [0.00-0.25]0.570(n=451) [0.25-0.50]0.511(n=1140) [0.50-0.75]0.424(n=1143) [0.75-1.00]0.392(n=466)
2026-04-26 08:54:50,712 - INFO - [cond] cfg_signal=0.0504 (min=0.0355 max=0.0739, n=16) | class_signal=0.0644 (min=0.0461 max=0.0826, n=16) | pred_rms=0.6017
2026-04-26 08:54:50,773 - INFO - [render-loss] step=241400 masked 6/16 samples (t_value < 0.40)
2026-04-26 08:56:42,702 - INFO - Step  241600 | Epoch  30 | MSE: 0.4747 | Steps/sec: 1.79 | LR: 1.25e-04 | Render_L1: 0.0219 | Alpha_L1: 0.0285 | Render_LPIPS: 0.1469 | Repel: 0.0000 | cos(c,null): +0.4942 | GradNorm: 0.6431 | MSE/t: [0.00-0.25]0.578(n=440) [0.25-0.50]0.512(n=1131) [0.50-0.75]0.431(n=1214) [0.75-1.00]0.390(n=415)
2026-04-26 08:56:43,168 - INFO - [cond] cfg_signal=0.0520 (min=0.0355 max=0.0780, n=16) | class_signal=0.0660 (min=0.0473 max=0.0858, n=16) | pred_rms=0.6021
2026-04-26 08:56:43,224 - INFO - [render-loss] step=241600 masked 4/16 samples (t_value < 0.40)
2026-04-26 08:58:35,484 - INFO - Step  241800 | Epoch  30 | MSE: 0.4644 | Steps/sec: 1.78 | LR: 1.25e-04 | Render_L1: 0.0220 | Alpha_L1: 0.0284 | Render_LPIPS: 0.1466 | Repel: 0.0000 | cos(c,null): +0.4940 | GradNorm: 0.6756 | MSE/t: [0.00-0.25]0.563(n=449) [0.25-0.50]0.506(n=1188) [0.50-0.75]0.420(n=1149) [0.75-1.00]0.362(n=414)
2026-04-26 08:58:35,950 - INFO - [cond] cfg_signal=0.0540 (min=0.0367 max=0.0768, n=16) | class_signal=0.0675 (min=0.0471 max=0.0875, n=16) | pred_rms=0.6078
2026-04-26 08:58:36,006 - INFO - [render-loss] step=241800 masked 1/16 samples (t_value < 0.40)
2026-04-26 09:00:28,259 - INFO - Step  242000 | Epoch  30 | MSE: 0.4682 | Steps/sec: 1.78 | LR: 1.24e-04 | Render_L1: 0.0216 | Alpha_L1: 0.0279 | Render_LPIPS: 0.1456 | Repel: 0.0000 | cos(c,null): +0.4941 | GradNorm: 0.5922 | MSE/t: [0.00-0.25]0.600(n=451) [0.25-0.50]0.502(n=1155) [0.50-0.75]0.409(n=1157) [0.75-1.00]0.398(n=437)
2026-04-26 09:00:28,737 - INFO - [cond] cfg_signal=0.0532 (min=0.0359 max=0.0745, n=16) | class_signal=0.0654 (min=0.0462 max=0.0845, n=16) | pred_rms=0.5905
2026-04-26 09:00:36,873 - INFO - [validation] saved: output/jit_JiT-B_8_from_scratch_null_repel/dit_validation/epoch_030_step_0242000_class102.png (class=102, sampler=heun, steps=100)
2026-04-26 09:00:38,181 - INFO - [overrides] applied from jit/configs/overrides.yaml: lr_scale=1.0 max_grad_norm=5.0 null_repel_weight=0.05 P_mean=0.0
2026-04-26 09:00:38,232 - INFO - [render-loss] step=242000 masked 3/16 samples (t_value < 0.40)
2026-04-26 09:02:30,242 - INFO - Step  242200 | Epoch  30 | MSE: 0.4576 | Steps/sec: 1.65 | LR: 1.24e-04 | Render_L1: 0.0211 | Alpha_L1: 0.0266 | Render_LPIPS: 0.1440 | Repel: 0.0000 | cos(c,null): +0.4945 | GradNorm: 0.6360 | MSE/t: [0.00-0.25]0.550(n=409) [0.25-0.50]0.509(n=1178) [0.50-0.75]0.404(n=1179) [0.75-1.00]0.375(n=434)
2026-04-26 09:02:30,746 - INFO - [cond] cfg_signal=0.0522 (min=0.0376 max=0.0727, n=16) | class_signal=0.0663 (min=0.0460 max=0.0857, n=16) | pred_rms=0.6095
2026-04-26 09:02:30,799 - INFO - [render-loss] step=242200 masked 5/16 samples (t_value < 0.40)
2026-04-26 09:04:22,654 - INFO - Step  242400 | Epoch  30 | MSE: 0.4744 | Steps/sec: 1.79 | LR: 1.24e-04 | Render_L1: 0.0217 | Alpha_L1: 0.0275 | Render_LPIPS: 0.1460 | Repel: 0.0000 | cos(c,null): +0.4940 | GradNorm: 0.6156 | MSE/t: [0.00-0.25]0.594(n=454) [0.25-0.50]0.513(n=1140) [0.50-0.75]0.427(n=1144) [0.75-1.00]0.381(n=462)
2026-04-26 09:04:23,142 - INFO - [cond] cfg_signal=0.0528 (min=0.0391 max=0.0731, n=16) | class_signal=0.0670 (min=0.0475 max=0.0895, n=16) | pred_rms=0.6025
2026-04-26 09:04:23,199 - INFO - [render-loss] step=242400 masked 5/16 samples (t_value < 0.40)
2026-04-26 09:06:15,460 - INFO - Step  242600 | Epoch  30 | MSE: 0.4794 | Steps/sec: 1.78 | LR: 1.24e-04 | Render_L1: 0.0221 | Alpha_L1: 0.0280 | Render_LPIPS: 0.1469 | Repel: 0.0000 | cos(c,null): +0.4936 | GradNorm: 0.6131 | MSE/t: [0.00-0.25]0.567(n=441) [0.25-0.50]0.509(n=1166) [0.50-0.75]0.452(n=1168) [0.75-1.00]0.382(n=425)
2026-04-26 09:06:15,952 - INFO - [cond] cfg_signal=0.0502 (min=0.0387 max=0.0730, n=16) | class_signal=0.0654 (min=0.0451 max=0.0831, n=16) | pred_rms=0.5922
2026-04-26 09:06:16,011 - INFO - [render-loss] step=242600 masked 4/16 samples (t_value < 0.40)
2026-04-26 09:08:08,202 - INFO - Step  242800 | Epoch  30 | MSE: 0.4657 | Steps/sec: 1.78 | LR: 1.24e-04 | Render_L1: 0.0218 | Alpha_L1: 0.0279 | Render_LPIPS: 0.1464 | Repel: 0.0000 | cos(c,null): +0.4941 | GradNorm: 0.6286 | MSE/t: [0.00-0.25]0.557(n=430) [0.25-0.50]0.514(n=1135) [0.50-0.75]0.418(n=1206) [0.75-1.00]0.381(n=429)
2026-04-26 09:08:08,670 - INFO - [cond] cfg_signal=0.0513 (min=0.0369 max=0.0752, n=16) | class_signal=0.0663 (min=0.0478 max=0.0842, n=16) | pred_rms=0.5961
2026-04-26 09:08:08,725 - INFO - [render-loss] step=242800 masked 5/16 samples (t_value < 0.40)
2026-04-26 09:10:00,488 - INFO - Step  243000 | Epoch  30 | MSE: 0.4621 | Steps/sec: 1.79 | LR: 1.24e-04 | Render_L1: 0.0221 | Alpha_L1: 0.0287 | Render_LPIPS: 0.1478 | Repel: 0.0000 | cos(c,null): +0.4939 | GradNorm: 0.6276 | MSE/t: [0.00-0.25]0.575(n=435) [0.25-0.50]0.495(n=1178) [0.50-0.75]0.418(n=1166) [0.75-1.00]0.376(n=421)
2026-04-26 09:10:00,971 - INFO - [cond] cfg_signal=0.0530 (min=0.0392 max=0.0767, n=16) | class_signal=0.0676 (min=0.0462 max=0.0860, n=16) | pred_rms=0.5966
2026-04-26 09:10:08,996 - INFO - [validation] saved: output/jit_JiT-B_8_from_scratch_null_repel/dit_validation/epoch_030_step_0243000_class084.png (class=84, sampler=heun, steps=100)
2026-04-26 09:10:10,251 - INFO - [overrides] applied from jit/configs/overrides.yaml: lr_scale=1.0 max_grad_norm=5.0 null_repel_weight=0.05 P_mean=0.0
2026-04-26 09:10:10,300 - INFO - [render-loss] step=243000 masked 5/16 samples (t_value < 0.40)
2026-04-26 09:12:02,287 - INFO - Step  243200 | Epoch  30 | MSE: 0.4776 | Steps/sec: 1.65 | LR: 1.24e-04 | Render_L1: 0.0219 | Alpha_L1: 0.0284 | Render_LPIPS: 0.1473 | Repel: 0.0000 | cos(c,null): +0.4942 | GradNorm: 0.7289 | MSE/t: [0.00-0.25]0.625(n=472) [0.25-0.50]0.500(n=1132) [0.50-0.75]0.428(n=1168) [0.75-1.00]0.392(n=428)
2026-04-26 09:12:02,759 - INFO - [cond] cfg_signal=0.0525 (min=0.0386 max=0.0800, n=16) | class_signal=0.0675 (min=0.0435 max=0.0888, n=16) | pred_rms=0.5933
2026-04-26 09:12:02,814 - INFO - [render-loss] step=243200 masked 8/16 samples (t_value < 0.40)
2026-04-26 09:13:55,088 - INFO - Step  243400 | Epoch  30 | MSE: 0.4736 | Steps/sec: 1.78 | LR: 1.24e-04 | Render_L1: 0.0227 | Alpha_L1: 0.0285 | Render_LPIPS: 0.1502 | Repel: 0.0000 | cos(c,null): +0.4938 | GradNorm: 0.6496 | MSE/t: [0.00-0.25]0.591(n=421) [0.25-0.50]0.510(n=1191) [0.50-0.75]0.432(n=1189) [0.75-1.00]0.367(n=399)
2026-04-26 09:13:55,558 - INFO - [cond] cfg_signal=0.0557 (min=0.0431 max=0.0772, n=16) | class_signal=0.0698 (min=0.0461 max=0.0924, n=16) | pred_rms=0.6092
2026-04-26 09:13:55,615 - INFO - [render-loss] step=243400 masked 6/16 samples (t_value < 0.40)
2026-04-26 09:15:47,353 - INFO - Step  243600 | Epoch  30 | MSE: 0.4790 | Steps/sec: 1.79 | LR: 1.24e-04 | Render_L1: 0.0221 | Alpha_L1: 0.0281 | Render_LPIPS: 0.1474 | Repel: 0.0000 | cos(c,null): +0.4940 | GradNorm: 0.6104 | MSE/t: [0.00-0.25]0.574(n=448) [0.25-0.50]0.527(n=1158) [0.50-0.75]0.428(n=1158) [0.75-1.00]0.390(n=436)
2026-04-26 09:15:47,829 - INFO - [cond] cfg_signal=0.0540 (min=0.0409 max=0.0790, n=16) | class_signal=0.0669 (min=0.0433 max=0.0923, n=16) | pred_rms=0.6001
2026-04-26 09:15:47,885 - INFO - [render-loss] step=243600 masked 5/16 samples (t_value < 0.40)
2026-04-26 09:17:39,969 - INFO - Step  243800 | Epoch  30 | MSE: 0.4702 | Steps/sec: 1.78 | LR: 1.23e-04 | Render_L1: 0.0218 | Alpha_L1: 0.0277 | Render_LPIPS: 0.1462 | Repel: 0.0000 | cos(c,null): +0.4936 | GradNorm: 0.6251 | MSE/t: [0.00-0.25]0.593(n=424) [0.25-0.50]0.507(n=1189) [0.50-0.75]0.420(n=1150) [0.75-1.00]0.383(n=437)
2026-04-26 09:17:40,470 - INFO - [cond] cfg_signal=0.0551 (min=0.0424 max=0.0784, n=16) | class_signal=0.0682 (min=0.0463 max=0.0921, n=16) | pred_rms=0.6080
2026-04-26 09:17:40,526 - INFO - [render-loss] step=243800 masked 8/16 samples (t_value < 0.40)
2026-04-26 09:19:32,844 - INFO - Step  244000 | Epoch  30 | MSE: 0.4716 | Steps/sec: 1.78 | LR: 1.23e-04 | Render_L1: 0.0216 | Alpha_L1: 0.0278 | Render_LPIPS: 0.1479 | Repel: 0.0000 | cos(c,null): +0.4952 | GradNorm: 0.5989 | MSE/t: [0.00-0.25]0.580(n=429) [0.25-0.50]0.513(n=1194) [0.50-0.75]0.427(n=1120) [0.75-1.00]0.372(n=457)
2026-04-26 09:19:33,308 - INFO - [cond] cfg_signal=0.0552 (min=0.0424 max=0.0796, n=16) | class_signal=0.0693 (min=0.0464 max=0.0908, n=16) | pred_rms=0.6047
2026-04-26 09:19:41,371 - INFO - [validation] saved: output/jit_JiT-B_8_from_scratch_null_repel/dit_validation/epoch_030_step_0244000_class075.png (class=75, sampler=heun, steps=100)
2026-04-26 09:19:42,655 - INFO - [overrides] applied from jit/configs/overrides.yaml: lr_scale=1.0 max_grad_norm=5.0 null_repel_weight=0.05 P_mean=0.0
2026-04-26 09:19:42,705 - INFO - [render-loss] step=244000 masked 8/16 samples (t_value < 0.40)
2026-04-26 09:21:34,733 - INFO - Step  244200 | Epoch  30 | MSE: 0.4689 | Steps/sec: 1.65 | LR: 1.23e-04 | Render_L1: 0.0224 | Alpha_L1: 0.0283 | Render_LPIPS: 0.1469 | Repel: 0.0000 | cos(c,null): +0.4955 | GradNorm: 0.5993 | MSE/t: [0.00-0.25]0.586(n=446) [0.25-0.50]0.496(n=1137) [0.50-0.75]0.423(n=1188) [0.75-1.00]0.400(n=429)
2026-04-26 09:21:35,195 - INFO - [cond] cfg_signal=0.0560 (min=0.0433 max=0.0789, n=16) | class_signal=0.0702 (min=0.0450 max=0.0930, n=16) | pred_rms=0.6220
2026-04-26 09:21:35,249 - INFO - [render-loss] step=244200 masked 4/16 samples (t_value < 0.40)
2026-04-26 09:23:27,133 - INFO - Step  244400 | Epoch  30 | MSE: 0.4678 | Steps/sec: 1.79 | LR: 1.23e-04 | Render_L1: 0.0219 | Alpha_L1: 0.0284 | Render_LPIPS: 0.1464 | Repel: 0.0000 | cos(c,null): +0.4945 | GradNorm: 0.5926 | MSE/t: [0.00-0.25]0.574(n=439) [0.25-0.50]0.490(n=1198) [0.50-0.75]0.427(n=1170) [0.75-1.00]0.401(n=393)
2026-04-26 09:23:27,598 - INFO - [cond] cfg_signal=0.0548 (min=0.0421 max=0.0752, n=16) | class_signal=0.0700 (min=0.0446 max=0.0899, n=16) | pred_rms=0.6150
2026-04-26 09:23:27,654 - INFO - [render-loss] step=244400 masked 6/16 samples (t_value < 0.40)
2026-04-26 09:25:19,868 - INFO - Step  244600 | Epoch  30 | MSE: 0.4708 | Steps/sec: 1.78 | LR: 1.23e-04 | Render_L1: 0.0224 | Alpha_L1: 0.0284 | Render_LPIPS: 0.1493 | Repel: 0.0000 | cos(c,null): +0.4952 | GradNorm: 0.6181 | MSE/t: [0.00-0.25]0.584(n=399) [0.25-0.50]0.516(n=1216) [0.50-0.75]0.417(n=1167) [0.75-1.00]0.383(n=418)
2026-04-26 09:25:20,354 - INFO - [cond] cfg_signal=0.0533 (min=0.0390 max=0.0736, n=16) | class_signal=0.0685 (min=0.0444 max=0.0860, n=16) | pred_rms=0.6134
2026-04-26 09:25:20,410 - INFO - [render-loss] step=244600 masked 8/16 samples (t_value < 0.40)
2026-04-26 09:27:12,280 - INFO - Step  244800 | Epoch  30 | MSE: 0.4754 | Steps/sec: 1.79 | LR: 1.23e-04 | Render_L1: 0.0221 | Alpha_L1: 0.0276 | Render_LPIPS: 0.1480 | Repel: 0.0000 | cos(c,null): +0.4948 | GradNorm: 0.5973 | MSE/t: [0.00-0.25]0.635(n=444) [0.25-0.50]0.501(n=1116) [0.50-0.75]0.420(n=1229) [0.75-1.00]0.399(n=411)
2026-04-26 09:27:12,760 - INFO - [cond] cfg_signal=0.0530 (min=0.0396 max=0.0711, n=16) | class_signal=0.0678 (min=0.0416 max=0.0853, n=16) | pred_rms=0.6066
2026-04-26 09:27:12,841 - INFO - [render-loss] step=244800 masked 5/16 samples (t_value < 0.40)
2026-04-26 09:29:04,566 - INFO - Step  245000 | Epoch  30 | MSE: 0.4705 | Steps/sec: 1.79 | LR: 1.23e-04 | Render_L1: 0.0215 | Alpha_L1: 0.0274 | Render_LPIPS: 0.1440 | Repel: 0.0000 | cos(c,null): +0.4949 | GradNorm: 0.6164 | MSE/t: [0.00-0.25]0.592(n=434) [0.25-0.50]0.515(n=1156) [0.50-0.75]0.416(n=1215) [0.75-1.00]0.374(n=395)
2026-04-26 09:29:05,032 - INFO - [cond] cfg_signal=0.0544 (min=0.0421 max=0.0712, n=16) | class_signal=0.0686 (min=0.0436 max=0.0857, n=16) | pred_rms=0.6094
2026-04-26 09:29:13,101 - INFO - [validation] saved: output/jit_JiT-B_8_from_scratch_null_repel/dit_validation/epoch_030_step_0245000_class025.png (class=25, sampler=heun, steps=100)
2026-04-26 09:29:14,529 - INFO - [overrides] applied from jit/configs/overrides.yaml: lr_scale=1.0 max_grad_norm=5.0 null_repel_weight=0.05 P_mean=0.0
2026-04-26 09:29:14,578 - INFO - [render-loss] step=245000 masked 9/16 samples (t_value < 0.40)
2026-04-26 09:31:06,527 - INFO - Step  245200 | Epoch  30 | MSE: 0.4677 | Steps/sec: 1.65 | LR: 1.23e-04 | Render_L1: 0.0220 | Alpha_L1: 0.0285 | Render_LPIPS: 0.1468 | Repel: 0.0000 | cos(c,null): +0.4942 | GradNorm: 0.6229 | MSE/t: [0.00-0.25]0.597(n=426) [0.25-0.50]0.506(n=1172) [0.50-0.75]0.421(n=1173) [0.75-1.00]0.360(n=429)
2026-04-26 09:31:07,001 - INFO - [cond] cfg_signal=0.0542 (min=0.0415 max=0.0705, n=16) | class_signal=0.0693 (min=0.0447 max=0.0864, n=16) | pred_rms=0.5943
2026-04-26 09:31:07,056 - INFO - [render-loss] step=245200 masked 10/16 samples (t_value < 0.40)
2026-04-26 09:32:59,107 - INFO - Step  245400 | Epoch  30 | MSE: 0.4788 | Steps/sec: 1.78 | LR: 1.23e-04 | Render_L1: 0.0220 | Alpha_L1: 0.0282 | Render_LPIPS: 0.1480 | Repel: 0.0000 | cos(c,null): +0.4939 | GradNorm: 0.8122 | MSE/t: [0.00-0.25]0.575(n=458) [0.25-0.50]0.509(n=1165) [0.50-0.75]0.445(n=1148) [0.75-1.00]0.385(n=429)
2026-04-26 09:32:59,571 - INFO - [cond] cfg_signal=0.0557 (min=0.0432 max=0.0737, n=16) | class_signal=0.0710 (min=0.0449 max=0.0886, n=16) | pred_rms=0.6049
2026-04-26 09:32:59,628 - INFO - [render-loss] step=245400 masked 4/16 samples (t_value < 0.40)
2026-04-26 09:34:52,272 - INFO - Step  245600 | Epoch  30 | MSE: 0.4734 | Steps/sec: 1.77 | LR: 1.23e-04 | Render_L1: 0.0224 | Alpha_L1: 0.0292 | Render_LPIPS: 0.1495 | Repel: 0.0000 | cos(c,null): +0.4946 | GradNorm: 0.6251 | MSE/t: [0.00-0.25]0.576(n=457) [0.25-0.50]0.512(n=1121) [0.50-0.75]0.432(n=1187) [0.75-1.00]0.377(n=435)
2026-04-26 09:34:52,748 - INFO - [cond] cfg_signal=0.0531 (min=0.0400 max=0.0704, n=16) | class_signal=0.0685 (min=0.0435 max=0.0845, n=16) | pred_rms=0.5876
2026-04-26 09:34:52,802 - INFO - [render-loss] step=245600 masked 2/16 samples (t_value < 0.40)
2026-04-26 09:36:44,536 - INFO - Step  245800 | Epoch  30 | MSE: 0.4635 | Steps/sec: 1.79 | LR: 1.22e-04 | Render_L1: 0.0216 | Alpha_L1: 0.0274 | Render_LPIPS: 0.1461 | Repel: 0.0000 | cos(c,null): +0.4949 | GradNorm: 0.6099 | MSE/t: [0.00-0.25]0.582(n=449) [0.25-0.50]0.509(n=1177) [0.50-0.75]0.403(n=1147) [0.75-1.00]0.375(n=427)
2026-04-26 09:36:45,004 - INFO - [cond] cfg_signal=0.0544 (min=0.0428 max=0.0708, n=16) | class_signal=0.0709 (min=0.0435 max=0.0891, n=16) | pred_rms=0.5987
2026-04-26 09:36:45,058 - INFO - [render-loss] step=245800 masked 5/16 samples (t_value < 0.40)
2026-04-26 09:38:36,854 - INFO - Step  246000 | Epoch  30 | MSE: 0.4774 | Steps/sec: 1.79 | LR: 1.22e-04 | Render_L1: 0.0224 | Alpha_L1: 0.0281 | Render_LPIPS: 0.1496 | Repel: 0.0000 | cos(c,null): +0.4948 | GradNorm: 0.6182 | MSE/t: [0.00-0.25]0.611(n=458) [0.25-0.50]0.518(n=1103) [0.50-0.75]0.427(n=1199) [0.75-1.00]0.376(n=440)
2026-04-26 09:38:37,345 - INFO - [cond] cfg_signal=0.0516 (min=0.0379 max=0.0727, n=16) | class_signal=0.0670 (min=0.0435 max=0.0863, n=16) | pred_rms=0.6072
2026-04-26 09:38:45,364 - INFO - [validation] saved: output/jit_JiT-B_8_from_scratch_null_repel/dit_validation/epoch_030_step_0246000_class065.png (class=65, sampler=heun, steps=100)
2026-04-26 09:38:46,624 - INFO - [overrides] applied from jit/configs/overrides.yaml: lr_scale=1.0 max_grad_norm=5.0 null_repel_weight=0.05 P_mean=0.0
2026-04-26 09:38:46,674 - INFO - [render-loss] step=246000 masked 5/16 samples (t_value < 0.40)
2026-04-26 09:40:38,657 - INFO - Step  246200 | Epoch  30 | MSE: 0.4770 | Steps/sec: 1.65 | LR: 1.22e-04 | Render_L1: 0.0216 | Alpha_L1: 0.0280 | Render_LPIPS: 0.1459 | Repel: 0.0000 | cos(c,null): +0.4943 | GradNorm: 0.5962 | MSE/t: [0.00-0.25]0.596(n=448) [0.25-0.50]0.522(n=1153) [0.50-0.75]0.420(n=1176) [0.75-1.00]0.386(n=423)
2026-04-26 09:40:39,118 - INFO - [cond] cfg_signal=0.0565 (min=0.0384 max=0.0759, n=16) | class_signal=0.0728 (min=0.0456 max=0.0896, n=16) | pred_rms=0.5829
2026-04-26 09:40:39,173 - INFO - [render-loss] step=246200 masked 4/16 samples (t_value < 0.40)
2026-04-26 09:42:32,428 - INFO - Step  246400 | Epoch  31 | MSE: 0.4599 | Steps/sec: 1.77 | LR: 1.22e-04 | Render_L1: 0.0221 | Alpha_L1: 0.0283 | Render_LPIPS: 0.1462 | Repel: 0.0000 | cos(c,null): +0.4947 | GradNorm: 0.6057 | MSE/t: [0.00-0.25]0.555(n=407) [0.25-0.50]0.499(n=1173) [0.50-0.75]0.422(n=1191) [0.75-1.00]0.370(n=429)
2026-04-26 09:42:32,886 - INFO - [cond] cfg_signal=0.0575 (min=0.0401 max=0.0719, n=16) | class_signal=0.0741 (min=0.0484 max=0.0938, n=16) | pred_rms=0.5994
2026-04-26 09:42:32,944 - INFO - [render-loss] step=246400 masked 4/16 samples (t_value < 0.40)
2026-04-26 09:44:25,014 - INFO - Step  246600 | Epoch  31 | MSE: 0.4681 | Steps/sec: 1.78 | LR: 1.22e-04 | Render_L1: 0.0216 | Alpha_L1: 0.0272 | Render_LPIPS: 0.1454 | Repel: 0.0000 | cos(c,null): +0.4952 | GradNorm: 0.6161 | MSE/t: [0.00-0.25]0.577(n=418) [0.25-0.50]0.509(n=1178) [0.50-0.75]0.423(n=1166) [0.75-1.00]0.373(n=438)
2026-04-26 09:44:25,468 - INFO - [cond] cfg_signal=0.0567 (min=0.0380 max=0.0748, n=16) | class_signal=0.0718 (min=0.0476 max=0.0933, n=16) | pred_rms=0.5894
2026-04-26 09:44:25,526 - INFO - [render-loss] step=246600 masked 4/16 samples (t_value < 0.40)
2026-04-26 09:46:17,497 - INFO - Step  246800 | Epoch  31 | MSE: 0.4752 | Steps/sec: 1.79 | LR: 1.22e-04 | Render_L1: 0.0219 | Alpha_L1: 0.0276 | Render_LPIPS: 0.1480 | Repel: 0.0000 | cos(c,null): +0.4952 | GradNorm: 0.6476 | MSE/t: [0.00-0.25]0.587(n=446) [0.25-0.50]0.521(n=1184) [0.50-0.75]0.416(n=1126) [0.75-1.00]0.390(n=444)
2026-04-26 09:46:17,970 - INFO - [cond] cfg_signal=0.0547 (min=0.0380 max=0.0720, n=16) | class_signal=0.0707 (min=0.0474 max=0.0902, n=16) | pred_rms=0.5895
2026-04-26 09:46:18,026 - INFO - [render-loss] step=246800 masked 2/16 samples (t_value < 0.40)
2026-04-26 09:48:09,940 - INFO - Step  247000 | Epoch  31 | MSE: 0.4782 | Steps/sec: 1.79 | LR: 1.22e-04 | Render_L1: 0.0220 | Alpha_L1: 0.0285 | Render_LPIPS: 0.1495 | Repel: 0.0000 | cos(c,null): +0.4954 | GradNorm: 0.6419 | MSE/t: [0.00-0.25]0.583(n=433) [0.25-0.50]0.510(n=1184) [0.50-0.75]0.434(n=1152) [0.75-1.00]0.403(n=431)
2026-04-26 09:48:10,404 - INFO - [cond] cfg_signal=0.0550 (min=0.0376 max=0.0711, n=16) | class_signal=0.0716 (min=0.0485 max=0.0903, n=16) | pred_rms=0.6002
2026-04-26 09:48:18,499 - INFO - [validation] saved: output/jit_JiT-B_8_from_scratch_null_repel/dit_validation/epoch_031_step_0247000_class101.png (class=101, sampler=heun, steps=100)
2026-04-26 09:48:19,788 - INFO - [overrides] applied from jit/configs/overrides.yaml: lr_scale=1.0 max_grad_norm=5.0 null_repel_weight=0.05 P_mean=0.0
2026-04-26 09:48:19,836 - INFO - [render-loss] step=247000 masked 7/16 samples (t_value < 0.40)
2026-04-26 09:50:11,842 - INFO - Step  247200 | Epoch  31 | MSE: 0.4703 | Steps/sec: 1.65 | LR: 1.22e-04 | Render_L1: 0.0222 | Alpha_L1: 0.0281 | Render_LPIPS: 0.1474 | Repel: 0.0000 | cos(c,null): +0.4954 | GradNorm: 0.5931 | MSE/t: [0.00-0.25]0.590(n=416) [0.25-0.50]0.510(n=1161) [0.50-0.75]0.420(n=1199) [0.75-1.00]0.386(n=424)
2026-04-26 09:50:12,307 - INFO - [cond] cfg_signal=0.0579 (min=0.0388 max=0.0734, n=16) | class_signal=0.0743 (min=0.0467 max=0.0934, n=16) | pred_rms=0.5986
2026-04-26 09:50:12,361 - INFO - [render-loss] step=247200 masked 5/16 samples (t_value < 0.40)
2026-04-26 09:52:04,498 - INFO - Step  247400 | Epoch  31 | MSE: 0.4711 | Steps/sec: 1.78 | LR: 1.22e-04 | Render_L1: 0.0226 | Alpha_L1: 0.0287 | Render_LPIPS: 0.1491 | Repel: 0.0000 | cos(c,null): +0.4948 | GradNorm: 0.6394 | MSE/t: [0.00-0.25]0.591(n=439) [0.25-0.50]0.507(n=1134) [0.50-0.75]0.426(n=1188) [0.75-1.00]0.381(n=439)
2026-04-26 09:52:04,968 - INFO - [cond] cfg_signal=0.0561 (min=0.0363 max=0.0747, n=16) | class_signal=0.0704 (min=0.0463 max=0.0889, n=16) | pred_rms=0.5810
2026-04-26 09:52:05,023 - INFO - [render-loss] step=247400 masked 3/16 samples (t_value < 0.40)
2026-04-26 09:53:57,113 - INFO - Step  247600 | Epoch  31 | MSE: 0.4682 | Steps/sec: 1.78 | LR: 1.21e-04 | Render_L1: 0.0214 | Alpha_L1: 0.0280 | Render_LPIPS: 0.1452 | Repel: 0.0000 | cos(c,null): +0.4935 | GradNorm: 0.6171 | MSE/t: [0.00-0.25]0.562(n=415) [0.25-0.50]0.521(n=1174) [0.50-0.75]0.415(n=1172) [0.75-1.00]0.381(n=439)
2026-04-26 09:53:57,792 - INFO - [cond] cfg_signal=0.0568 (min=0.0370 max=0.0751, n=16) | class_signal=0.0725 (min=0.0488 max=0.0920, n=16) | pred_rms=0.5952
2026-04-26 09:53:57,861 - INFO - [render-loss] step=247600 masked 5/16 samples (t_value < 0.40)
2026-04-26 09:55:49,906 - INFO - Step  247800 | Epoch  31 | MSE: 0.4664 | Steps/sec: 1.78 | LR: 1.21e-04 | Render_L1: 0.0216 | Alpha_L1: 0.0277 | Render_LPIPS: 0.1443 | Repel: 0.0000 | cos(c,null): +0.4946 | GradNorm: 0.6328 | MSE/t: [0.00-0.25]0.578(n=468) [0.25-0.50]0.509(n=1176) [0.50-0.75]0.412(n=1126) [0.75-1.00]0.369(n=430)
2026-04-26 09:55:50,386 - INFO - [cond] cfg_signal=0.0563 (min=0.0373 max=0.0738, n=16) | class_signal=0.0726 (min=0.0497 max=0.0950, n=16) | pred_rms=0.5887
2026-04-26 09:55:50,445 - INFO - [render-loss] step=247800 masked 6/16 samples (t_value < 0.40)
2026-04-26 09:57:42,584 - INFO - Step  248000 | Epoch  31 | MSE: 0.4577 | Steps/sec: 1.78 | LR: 1.21e-04 | Render_L1: 0.0217 | Alpha_L1: 0.0278 | Render_LPIPS: 0.1444 | Repel: 0.0000 | cos(c,null): +0.4950 | GradNorm: 0.5766 | MSE/t: [0.00-0.25]0.559(n=432) [0.25-0.50]0.496(n=1163) [0.50-0.75]0.413(n=1159) [0.75-1.00]0.376(n=446)
2026-04-26 09:57:43,037 - INFO - [cond] cfg_signal=0.0575 (min=0.0378 max=0.0739, n=16) | class_signal=0.0738 (min=0.0481 max=0.0999, n=16) | pred_rms=0.5875
2026-04-26 09:57:51,007 - INFO - [validation] saved: output/jit_JiT-B_8_from_scratch_null_repel/dit_validation/epoch_031_step_0248000_class086.png (class=86, sampler=heun, steps=100)
2026-04-26 09:57:52,258 - INFO - [overrides] applied from jit/configs/overrides.yaml: lr_scale=1.0 max_grad_norm=5.0 null_repel_weight=0.05 P_mean=0.0
2026-04-26 09:57:52,307 - INFO - [render-loss] step=248000 masked 5/16 samples (t_value < 0.40)
2026-04-26 09:59:44,289 - INFO - Step  248200 | Epoch  31 | MSE: 0.4760 | Steps/sec: 1.65 | LR: 1.21e-04 | Render_L1: 0.0223 | Alpha_L1: 0.0289 | Render_LPIPS: 0.1494 | Repel: 0.0000 | cos(c,null): +0.4935 | GradNorm: 0.7501 | MSE/t: [0.00-0.25]0.600(n=433) [0.25-0.50]0.500(n=1183) [0.50-0.75]0.440(n=1190) [0.75-1.00]0.377(n=394)
2026-04-26 09:59:44,761 - INFO - [cond] cfg_signal=0.0604 (min=0.0404 max=0.0761, n=16) | class_signal=0.0759 (min=0.0496 max=0.1075, n=16) | pred_rms=0.6082
2026-04-26 09:59:44,835 - INFO - [render-loss] step=248200 masked 7/16 samples (t_value < 0.40)
2026-04-26 10:01:36,827 - INFO - Step  248400 | Epoch  31 | MSE: 0.4685 | Steps/sec: 1.78 | LR: 1.21e-04 | Render_L1: 0.0222 | Alpha_L1: 0.0288 | Render_LPIPS: 0.1486 | Repel: 0.0000 | cos(c,null): +0.4930 | GradNorm: 0.6366 | MSE/t: [0.00-0.25]0.570(n=417) [0.25-0.50]0.518(n=1177) [0.50-0.75]0.412(n=1208) [0.75-1.00]0.389(n=398)
2026-04-26 10:01:37,291 - INFO - [cond] cfg_signal=0.0596 (min=0.0409 max=0.0746, n=16) | class_signal=0.0749 (min=0.0487 max=0.1002, n=16) | pred_rms=0.5958
2026-04-26 10:01:37,346 - INFO - [render-loss] step=248400 masked 5/16 samples (t_value < 0.40)
2026-04-26 10:03:29,586 - INFO - Step  248600 | Epoch  31 | MSE: 0.4688 | Steps/sec: 1.78 | LR: 1.21e-04 | Render_L1: 0.0217 | Alpha_L1: 0.0278 | Render_LPIPS: 0.1453 | Repel: 0.0000 | cos(c,null): +0.4928 | GradNorm: 0.6243 | MSE/t: [0.00-0.25]0.573(n=421) [0.25-0.50]0.528(n=1200) [0.50-0.75]0.403(n=1120) [0.75-1.00]0.378(n=459)
2026-04-26 10:03:30,063 - INFO - [cond] cfg_signal=0.0575 (min=0.0444 max=0.0731, n=16) | class_signal=0.0727 (min=0.0483 max=0.0971, n=16) | pred_rms=0.5534
2026-04-26 10:03:30,124 - INFO - [render-loss] step=248600 masked 7/16 samples (t_value < 0.40)
2026-04-26 10:05:21,844 - INFO - Step  248800 | Epoch  31 | MSE: 0.4677 | Steps/sec: 1.79 | LR: 1.21e-04 | Render_L1: 0.0215 | Alpha_L1: 0.0274 | Render_LPIPS: 0.1451 | Repel: 0.0000 | cos(c,null): +0.4926 | GradNorm: 0.6407 | MSE/t: [0.00-0.25]0.607(n=433) [0.25-0.50]0.503(n=1170) [0.50-0.75]0.412(n=1180) [0.75-1.00]0.383(n=417)
2026-04-26 10:05:22,322 - INFO - [cond] cfg_signal=0.0612 (min=0.0430 max=0.0871, n=16) | class_signal=0.0759 (min=0.0477 max=0.1062, n=16) | pred_rms=0.5570
2026-04-26 10:05:22,377 - INFO - [render-loss] step=248800 masked 6/16 samples (t_value < 0.40)
2026-04-26 10:07:14,410 - INFO - Step  249000 | Epoch  31 | MSE: 0.4761 | Steps/sec: 1.78 | LR: 1.21e-04 | Render_L1: 0.0217 | Alpha_L1: 0.0277 | Render_LPIPS: 0.1474 | Repel: 0.0000 | cos(c,null): +0.4921 | GradNorm: 0.6253 | MSE/t: [0.00-0.25]0.601(n=466) [0.25-0.50]0.518(n=1120) [0.50-0.75]0.420(n=1172) [0.75-1.00]0.385(n=442)
2026-04-26 10:07:14,893 - INFO - [cond] cfg_signal=0.0595 (min=0.0449 max=0.0794, n=16) | class_signal=0.0748 (min=0.0496 max=0.1004, n=16) | pred_rms=0.5704
2026-04-26 10:07:22,889 - INFO - [validation] saved: output/jit_JiT-B_8_from_scratch_null_repel/dit_validation/epoch_031_step_0249000_class053.png (class=53, sampler=heun, steps=100)
2026-04-26 10:07:24,156 - INFO - [overrides] applied from jit/configs/overrides.yaml: lr_scale=1.0 max_grad_norm=5.0 null_repel_weight=0.05 P_mean=0.0
2026-04-26 10:07:24,205 - INFO - [render-loss] step=249000 masked 5/16 samples (t_value < 0.40)
2026-04-26 10:09:16,450 - INFO - Step  249200 | Epoch  31 | MSE: 0.4708 | Steps/sec: 1.65 | LR: 1.21e-04 | Render_L1: 0.0218 | Alpha_L1: 0.0278 | Render_LPIPS: 0.1453 | Repel: 0.0000 | cos(c,null): +0.4918 | GradNorm: 0.6228 | MSE/t: [0.00-0.25]0.605(n=446) [0.25-0.50]0.519(n=1125) [0.50-0.75]0.415(n=1203) [0.75-1.00]0.361(n=426)
2026-04-26 10:09:16,912 - INFO - [cond] cfg_signal=0.0566 (min=0.0449 max=0.0731, n=16) | class_signal=0.0709 (min=0.0497 max=0.0934, n=16) | pred_rms=0.5746
2026-04-26 10:09:16,966 - INFO - [render-loss] step=249200 masked 5/16 samples (t_value < 0.40)
2026-04-26 10:11:08,757 - INFO - Step  249400 | Epoch  31 | MSE: 0.4726 | Steps/sec: 1.79 | LR: 1.21e-04 | Render_L1: 0.0215 | Alpha_L1: 0.0286 | Render_LPIPS: 0.1456 | Repel: 0.0000 | cos(c,null): +0.4913 | GradNorm: 0.7061 | MSE/t: [0.00-0.25]0.588(n=431) [0.25-0.50]0.514(n=1189) [0.50-0.75]0.423(n=1151) [0.75-1.00]0.375(n=429)
2026-04-26 10:11:09,226 - INFO - [cond] cfg_signal=0.0564 (min=0.0460 max=0.0747, n=16) | class_signal=0.0694 (min=0.0497 max=0.0929, n=16) | pred_rms=0.5704
2026-04-26 10:11:09,281 - INFO - [render-loss] step=249400 masked 4/16 samples (t_value < 0.40)
2026-04-26 10:13:01,093 - INFO - Step  249600 | Epoch  31 | MSE: 0.4801 | Steps/sec: 1.79 | LR: 1.20e-04 | Render_L1: 0.0218 | Alpha_L1: 0.0278 | Render_LPIPS: 0.1477 | Repel: 0.0000 | cos(c,null): +0.4912 | GradNorm: 0.6236 | MSE/t: [0.00-0.25]0.578(n=436) [0.25-0.50]0.531(n=1198) [0.50-0.75]0.429(n=1147) [0.75-1.00]0.373(n=419)
2026-04-26 10:13:01,571 - INFO - [cond] cfg_signal=0.0571 (min=0.0448 max=0.0730, n=16) | class_signal=0.0708 (min=0.0482 max=0.0910, n=16) | pred_rms=0.5667
2026-04-26 10:13:01,645 - INFO - [render-loss] step=249600 masked 9/16 samples (t_value < 0.40)
2026-04-26 10:14:53,902 - INFO - Step  249800 | Epoch  31 | MSE: 0.4690 | Steps/sec: 1.78 | LR: 1.20e-04 | Render_L1: 0.0215 | Alpha_L1: 0.0280 | Render_LPIPS: 0.1459 | Repel: 0.0000 | cos(c,null): +0.4914 | GradNorm: 0.6048 | MSE/t: [0.00-0.25]0.566(n=433) [0.25-0.50]0.514(n=1145) [0.50-0.75]0.429(n=1205) [0.75-1.00]0.361(n=417)
2026-04-26 10:14:54,361 - INFO - [cond] cfg_signal=0.0565 (min=0.0448 max=0.0708, n=16) | class_signal=0.0703 (min=0.0491 max=0.0927, n=16) | pred_rms=0.5752
2026-04-26 10:14:54,417 - INFO - [render-loss] step=249800 masked 6/16 samples (t_value < 0.40)
2026-04-26 10:16:46,292 - INFO - Step  250000 | Epoch  31 | MSE: 0.4633 | Steps/sec: 1.79 | LR: 1.20e-04 | Render_L1: 0.0215 | Alpha_L1: 0.0273 | Render_LPIPS: 0.1459 | Repel: 0.0000 | cos(c,null): +0.4924 | GradNorm: 0.5932 | MSE/t: [0.00-0.25]0.575(n=411) [0.25-0.50]0.506(n=1171) [0.50-0.75]0.415(n=1184) [0.75-1.00]0.374(n=434)
2026-04-26 10:16:46,753 - INFO - [cond] cfg_signal=0.0572 (min=0.0421 max=0.0720, n=16) | class_signal=0.0715 (min=0.0510 max=0.0980, n=16) | pred_rms=0.5653
2026-04-26 10:16:54,844 - INFO - [validation] saved: output/jit_JiT-B_8_from_scratch_null_repel/dit_validation/epoch_031_step_0250000_class006.png (class=6, sampler=heun, steps=100)
2026-04-26 10:16:56,298 - INFO - [overrides] applied from jit/configs/overrides.yaml: lr_scale=1.0 max_grad_norm=5.0 null_repel_weight=0.05 P_mean=0.0
2026-04-26 10:16:56,346 - INFO - [render-loss] step=250000 masked 8/16 samples (t_value < 0.40)
2026-04-26 10:18:48,160 - INFO - Step  250200 | Epoch  31 | MSE: 0.4649 | Steps/sec: 1.65 | LR: 1.20e-04 | Render_L1: 0.0212 | Alpha_L1: 0.0271 | Render_LPIPS: 0.1425 | Repel: 0.0000 | cos(c,null): +0.4931 | GradNorm: 0.5812 | MSE/t: [0.00-0.25]0.600(n=434) [0.25-0.50]0.502(n=1153) [0.50-0.75]0.416(n=1173) [0.75-1.00]0.364(n=440)
2026-04-26 10:18:48,623 - INFO - [cond] cfg_signal=0.0557 (min=0.0421 max=0.0717, n=16) | class_signal=0.0707 (min=0.0508 max=0.0948, n=16) | pred_rms=0.5723
2026-04-26 10:18:48,678 - INFO - [render-loss] step=250200 masked 4/16 samples (t_value < 0.40)
2026-04-26 10:20:40,547 - INFO - Step  250400 | Epoch  31 | MSE: 0.4682 | Steps/sec: 1.79 | LR: 1.20e-04 | Render_L1: 0.0217 | Alpha_L1: 0.0276 | Render_LPIPS: 0.1475 | Repel: 0.0000 | cos(c,null): +0.4922 | GradNorm: 0.6320 | MSE/t: [0.00-0.25]0.598(n=438) [0.25-0.50]0.496(n=1119) [0.50-0.75]0.434(n=1199) [0.75-1.00]0.361(n=444)
2026-04-26 10:20:41,013 - INFO - [cond] cfg_signal=0.0552 (min=0.0406 max=0.0718, n=16) | class_signal=0.0701 (min=0.0493 max=0.0940, n=16) | pred_rms=0.5761
2026-04-26 10:20:41,070 - INFO - [render-loss] step=250400 masked 7/16 samples (t_value < 0.40)
2026-04-26 10:22:33,439 - INFO - Step  250600 | Epoch  31 | MSE: 0.4664 | Steps/sec: 1.78 | LR: 1.20e-04 | Render_L1: 0.0217 | Alpha_L1: 0.0280 | Render_LPIPS: 0.1468 | Repel: 0.0000 | cos(c,null): +0.4914 | GradNorm: 0.6109 | MSE/t: [0.00-0.25]0.574(n=442) [0.25-0.50]0.500(n=1140) [0.50-0.75]0.422(n=1168) [0.75-1.00]0.389(n=450)
2026-04-26 10:22:33,939 - INFO - [cond] cfg_signal=0.0563 (min=0.0430 max=0.0701, n=16) | class_signal=0.0714 (min=0.0493 max=0.0985, n=16) | pred_rms=0.5814
2026-04-26 10:22:33,998 - INFO - [render-loss] step=250600 masked 8/16 samples (t_value < 0.40)
2026-04-26 10:24:25,759 - INFO - Step  250800 | Epoch  31 | MSE: 0.4577 | Steps/sec: 1.79 | LR: 1.20e-04 | Render_L1: 0.0213 | Alpha_L1: 0.0276 | Render_LPIPS: 0.1436 | Repel: 0.0000 | cos(c,null): +0.4927 | GradNorm: 0.6201 | MSE/t: [0.00-0.25]0.580(n=458) [0.25-0.50]0.486(n=1179) [0.50-0.75]0.407(n=1130) [0.75-1.00]0.383(n=433)
2026-04-26 10:24:26,229 - INFO - [cond] cfg_signal=0.0532 (min=0.0399 max=0.0689, n=16) | class_signal=0.0683 (min=0.0484 max=0.0956, n=16) | pred_rms=0.5807
2026-04-26 10:24:26,283 - INFO - [render-loss] step=250800 masked 6/16 samples (t_value < 0.40)
2026-04-26 10:26:18,118 - INFO - Step  251000 | Epoch  31 | MSE: 0.4708 | Steps/sec: 1.79 | LR: 1.20e-04 | Render_L1: 0.0215 | Alpha_L1: 0.0276 | Render_LPIPS: 0.1455 | Repel: 0.0000 | cos(c,null): +0.4933 | GradNorm: 0.6027 | MSE/t: [0.00-0.25]0.569(n=422) [0.25-0.50]0.520(n=1147) [0.50-0.75]0.422(n=1170) [0.75-1.00]0.381(n=461)
2026-04-26 10:26:18,605 - INFO - [cond] cfg_signal=0.0553 (min=0.0406 max=0.0695, n=16) | class_signal=0.0699 (min=0.0477 max=0.0969, n=16) | pred_rms=0.5800
2026-04-26 10:26:26,705 - INFO - [validation] saved: output/jit_JiT-B_8_from_scratch_null_repel/dit_validation/epoch_031_step_0251000_class002.png (class=2, sampler=heun, steps=100)
2026-04-26 10:26:27,965 - INFO - [overrides] applied from jit/configs/overrides.yaml: lr_scale=1.0 max_grad_norm=5.0 null_repel_weight=0.05 P_mean=0.0
2026-04-26 10:26:28,016 - INFO - [render-loss] step=251000 masked 5/16 samples (t_value < 0.40)
2026-04-26 10:28:20,016 - INFO - Step  251200 | Epoch  31 | MSE: 0.4700 | Steps/sec: 1.65 | LR: 1.20e-04 | Render_L1: 0.0219 | Alpha_L1: 0.0278 | Render_LPIPS: 0.1465 | Repel: 0.0000 | cos(c,null): +0.4940 | GradNorm: 0.6402 | MSE/t: [0.00-0.25]0.596(n=430) [0.25-0.50]0.516(n=1167) [0.50-0.75]0.413(n=1173) [0.75-1.00]0.377(n=430)
2026-04-26 10:28:20,501 - INFO - [cond] cfg_signal=0.0537 (min=0.0404 max=0.0722, n=16) | class_signal=0.0684 (min=0.0494 max=0.0966, n=16) | pred_rms=0.6081
2026-04-26 10:28:20,559 - INFO - [render-loss] step=251200 masked 4/16 samples (t_value < 0.40)
2026-04-26 10:30:12,400 - INFO - Step  251400 | Epoch  31 | MSE: 0.4574 | Steps/sec: 1.79 | LR: 1.19e-04 | Render_L1: 0.0215 | Alpha_L1: 0.0275 | Render_LPIPS: 0.1449 | Repel: 0.0000 | cos(c,null): +0.4952 | GradNorm: 0.6245 | MSE/t: [0.00-0.25]0.579(n=451) [0.25-0.50]0.495(n=1181) [0.50-0.75]0.400(n=1144) [0.75-1.00]0.376(n=424)
2026-04-26 10:30:12,859 - INFO - [cond] cfg_signal=0.0537 (min=0.0420 max=0.0725, n=16) | class_signal=0.0677 (min=0.0485 max=0.0957, n=16) | pred_rms=0.5973
2026-04-26 10:30:12,914 - INFO - [render-loss] step=251400 masked 3/16 samples (t_value < 0.40)
2026-04-26 10:32:04,747 - INFO - Step  251600 | Epoch  31 | MSE: 0.4704 | Steps/sec: 1.79 | LR: 1.19e-04 | Render_L1: 0.0215 | Alpha_L1: 0.0274 | Render_LPIPS: 0.1471 | Repel: 0.0000 | cos(c,null): +0.4952 | GradNorm: 0.5988 | MSE/t: [0.00-0.25]0.582(n=454) [0.25-0.50]0.507(n=1173) [0.50-0.75]0.427(n=1149) [0.75-1.00]0.366(n=424)
2026-04-26 10:32:05,220 - INFO - [cond] cfg_signal=0.0544 (min=0.0412 max=0.0701, n=16) | class_signal=0.0682 (min=0.0476 max=0.0995, n=16) | pred_rms=0.5965
2026-04-26 10:32:05,275 - INFO - [render-loss] step=251600 masked 6/16 samples (t_value < 0.40)
2026-04-26 10:33:57,277 - INFO - Step  251800 | Epoch  31 | MSE: 0.4532 | Steps/sec: 1.78 | LR: 1.19e-04 | Render_L1: 0.0222 | Alpha_L1: 0.0279 | Render_LPIPS: 0.1460 | Repel: 0.0000 | cos(c,null): +0.4952 | GradNorm: 0.6119 | MSE/t: [0.00-0.25]0.533(n=433) [0.25-0.50]0.494(n=1183) [0.50-0.75]0.418(n=1148) [0.75-1.00]0.356(n=436)
2026-04-26 10:33:57,742 - INFO - [cond] cfg_signal=0.0551 (min=0.0408 max=0.0718, n=16) | class_signal=0.0675 (min=0.0502 max=0.0934, n=16) | pred_rms=0.5920
2026-04-26 10:33:57,797 - INFO - [render-loss] step=251800 masked 4/16 samples (t_value < 0.40)
2026-04-26 10:35:50,080 - INFO - Step  252000 | Epoch  31 | MSE: 0.4654 | Steps/sec: 1.78 | LR: 1.19e-04 | Render_L1: 0.0217 | Alpha_L1: 0.0274 | Render_LPIPS: 0.1452 | Repel: 0.0000 | cos(c,null): +0.4950 | GradNorm: 0.6112 | MSE/t: [0.00-0.25]0.586(n=432) [0.25-0.50]0.504(n=1160) [0.50-0.75]0.411(n=1184) [0.75-1.00]0.390(n=424)
2026-04-26 10:35:50,559 - INFO - [cond] cfg_signal=0.0573 (min=0.0412 max=0.0735, n=16) | class_signal=0.0688 (min=0.0501 max=0.0975, n=16) | pred_rms=0.5955
2026-04-26 10:35:58,647 - INFO - [validation] saved: output/jit_JiT-B_8_from_scratch_null_repel/dit_validation/epoch_031_step_0252000_class008.png (class=8, sampler=heun, steps=100)
2026-04-26 10:35:59,928 - INFO - [overrides] applied from jit/configs/overrides.yaml: lr_scale=1.0 max_grad_norm=5.0 null_repel_weight=0.05 P_mean=0.0
2026-04-26 10:35:59,975 - INFO - [render-loss] step=252000 masked 7/16 samples (t_value < 0.40)
2026-04-26 10:37:51,967 - INFO - Step  252200 | Epoch  31 | MSE: 0.4728 | Steps/sec: 1.65 | LR: 1.19e-04 | Render_L1: 0.0224 | Alpha_L1: 0.0278 | Render_LPIPS: 0.1500 | Repel: 0.0000 | cos(c,null): +0.4951 | GradNorm: 0.6893 | MSE/t: [0.00-0.25]0.566(n=466) [0.25-0.50]0.518(n=1182) [0.50-0.75]0.421(n=1133) [0.75-1.00]0.383(n=419)
2026-04-26 10:37:52,453 - INFO - [cond] cfg_signal=0.0548 (min=0.0404 max=0.0727, n=16) | class_signal=0.0677 (min=0.0534 max=0.0943, n=16) | pred_rms=0.5926
2026-04-26 10:37:52,507 - INFO - [render-loss] step=252200 masked 6/16 samples (t_value < 0.40)
2026-04-26 10:39:44,229 - INFO - Step  252400 | Epoch  31 | MSE: 0.4697 | Steps/sec: 1.79 | LR: 1.19e-04 | Render_L1: 0.0218 | Alpha_L1: 0.0272 | Render_LPIPS: 0.1457 | Repel: 0.0000 | cos(c,null): +0.4958 | GradNorm: 0.6348 | MSE/t: [0.00-0.25]0.587(n=420) [0.25-0.50]0.511(n=1152) [0.50-0.75]0.429(n=1162) [0.75-1.00]0.362(n=466)
2026-04-26 10:39:44,704 - INFO - [cond] cfg_signal=0.0583 (min=0.0423 max=0.0803, n=16) | class_signal=0.0717 (min=0.0538 max=0.1032, n=16) | pred_rms=0.5929
2026-04-26 10:39:44,759 - INFO - [render-loss] step=252400 masked 6/16 samples (t_value < 0.40)
2026-04-26 10:41:36,948 - INFO - Step  252600 | Epoch  31 | MSE: 0.4697 | Steps/sec: 1.78 | LR: 1.19e-04 | Render_L1: 0.0219 | Alpha_L1: 0.0279 | Render_LPIPS: 0.1462 | Repel: 0.0000 | cos(c,null): +0.4963 | GradNorm: 0.6102 | MSE/t: [0.00-0.25]0.562(n=485) [0.25-0.50]0.519(n=1160) [0.50-0.75]0.419(n=1175) [0.75-1.00]0.361(n=380)
2026-04-26 10:41:37,436 - INFO - [cond] cfg_signal=0.0535 (min=0.0409 max=0.0741, n=16) | class_signal=0.0673 (min=0.0529 max=0.0931, n=16) | pred_rms=0.5769
2026-04-26 10:41:37,492 - INFO - [render-loss] step=252600 masked 9/16 samples (t_value < 0.40)
2026-04-26 10:43:29,229 - INFO - Step  252800 | Epoch  31 | MSE: 0.4746 | Steps/sec: 1.79 | LR: 1.19e-04 | Render_L1: 0.0216 | Alpha_L1: 0.0277 | Render_LPIPS: 0.1465 | Repel: 0.0000 | cos(c,null): +0.4965 | GradNorm: 0.6090 | MSE/t: [0.00-0.25]0.600(n=426) [0.25-0.50]0.500(n=1221) [0.50-0.75]0.431(n=1150) [0.75-1.00]0.388(n=403)
2026-04-26 10:43:29,700 - INFO - [cond] cfg_signal=0.0546 (min=0.0431 max=0.0767, n=16) | class_signal=0.0694 (min=0.0530 max=0.0934, n=16) | pred_rms=0.5921
2026-04-26 10:43:29,755 - INFO - [render-loss] step=252800 masked 5/16 samples (t_value < 0.40)
2026-04-26 10:45:21,361 - INFO - Step  253000 | Epoch  31 | MSE: 0.4542 | Steps/sec: 1.79 | LR: 1.19e-04 | Render_L1: 0.0211 | Alpha_L1: 0.0265 | Render_LPIPS: 0.1436 | Repel: 0.0000 | cos(c,null): +0.4966 | GradNorm: 0.6110 | MSE/t: [0.00-0.25]0.593(n=410) [0.25-0.50]0.496(n=1130) [0.50-0.75]0.404(n=1189) [0.75-1.00]0.359(n=471)
2026-04-26 10:45:21,821 - INFO - [cond] cfg_signal=0.0554 (min=0.0448 max=0.0741, n=16) | class_signal=0.0721 (min=0.0533 max=0.1038, n=16) | pred_rms=0.5972
2026-04-26 10:45:29,851 - INFO - [validation] saved: output/jit_JiT-B_8_from_scratch_null_repel/dit_validation/epoch_031_step_0253000_class102.png (class=102, sampler=heun, steps=100)
2026-04-26 10:45:31,119 - INFO - [overrides] applied from jit/configs/overrides.yaml: lr_scale=1.0 max_grad_norm=5.0 null_repel_weight=0.05 P_mean=0.0
2026-04-26 10:45:31,166 - INFO - [render-loss] step=253000 masked 7/16 samples (t_value < 0.40)
2026-04-26 10:47:23,217 - INFO - Step  253200 | Epoch  31 | MSE: 0.4593 | Steps/sec: 1.65 | LR: 1.19e-04 | Render_L1: 0.0219 | Alpha_L1: 0.0277 | Render_LPIPS: 0.1465 | Repel: 0.0000 | cos(c,null): +0.4969 | GradNorm: 0.5988 | MSE/t: [0.00-0.25]0.562(n=438) [0.25-0.50]0.506(n=1103) [0.50-0.75]0.407(n=1218) [0.75-1.00]0.384(n=441)
2026-04-26 10:47:23,706 - INFO - [cond] cfg_signal=0.0552 (min=0.0423 max=0.0733, n=16) | class_signal=0.0696 (min=0.0512 max=0.0942, n=16) | pred_rms=0.5999
2026-04-26 10:47:23,763 - INFO - [render-loss] step=253200 masked 4/16 samples (t_value < 0.40)
2026-04-26 10:49:15,818 - INFO - Step  253400 | Epoch  31 | MSE: 0.4726 | Steps/sec: 1.78 | LR: 1.18e-04 | Render_L1: 0.0217 | Alpha_L1: 0.0275 | Render_LPIPS: 0.1454 | Repel: 0.0000 | cos(c,null): +0.4964 | GradNorm: 0.5968 | MSE/t: [0.00-0.25]0.615(n=430) [0.25-0.50]0.512(n=1148) [0.50-0.75]0.425(n=1164) [0.75-1.00]0.361(n=458)
2026-04-26 10:49:16,288 - INFO - [cond] cfg_signal=0.0559 (min=0.0431 max=0.0774, n=16) | class_signal=0.0700 (min=0.0526 max=0.0944, n=16) | pred_rms=0.5962
2026-04-26 10:49:16,347 - INFO - [render-loss] step=253400 masked 2/16 samples (t_value < 0.40)
2026-04-26 10:51:08,342 - INFO - Step  253600 | Epoch  31 | MSE: 0.4774 | Steps/sec: 1.78 | LR: 1.18e-04 | Render_L1: 0.0216 | Alpha_L1: 0.0275 | Render_LPIPS: 0.1462 | Repel: 0.0000 | cos(c,null): +0.4936 | GradNorm: 0.6596 | MSE/t: [0.00-0.25]0.602(n=447) [0.25-0.50]0.520(n=1112) [0.50-0.75]0.436(n=1182) [0.75-1.00]0.361(n=459)
2026-04-26 10:51:08,816 - INFO - [cond] cfg_signal=0.0558 (min=0.0428 max=0.0792, n=16) | class_signal=0.0692 (min=0.0516 max=0.0878, n=16) | pred_rms=0.5886
2026-04-26 10:51:08,872 - INFO - [render-loss] step=253600 masked 3/16 samples (t_value < 0.40)
2026-04-26 10:53:00,749 - INFO - Step  253800 | Epoch  31 | MSE: 0.4658 | Steps/sec: 1.79 | LR: 1.18e-04 | Render_L1: 0.0215 | Alpha_L1: 0.0276 | Render_LPIPS: 0.1450 | Repel: 0.0000 | cos(c,null): +0.4923 | GradNorm: 0.6201 | MSE/t: [0.00-0.25]0.568(n=431) [0.25-0.50]0.503(n=1144) [0.50-0.75]0.430(n=1177) [0.75-1.00]0.366(n=448)
2026-04-26 10:53:01,214 - INFO - [cond] cfg_signal=0.0547 (min=0.0435 max=0.0727, n=16) | class_signal=0.0691 (min=0.0514 max=0.0852, n=16) | pred_rms=0.5931
2026-04-26 10:53:01,268 - INFO - [render-loss] step=253800 masked 8/16 samples (t_value < 0.40)
2026-04-26 10:54:53,362 - INFO - Step  254000 | Epoch  31 | MSE: 0.4676 | Steps/sec: 1.78 | LR: 1.18e-04 | Render_L1: 0.0224 | Alpha_L1: 0.0283 | Render_LPIPS: 0.1473 | Repel: 0.0000 | cos(c,null): +0.4926 | GradNorm: 0.6107 | MSE/t: [0.00-0.25]0.568(n=431) [0.25-0.50]0.518(n=1204) [0.50-0.75]0.417(n=1144) [0.75-1.00]0.356(n=421)
2026-04-26 10:54:53,838 - INFO - [cond] cfg_signal=0.0560 (min=0.0404 max=0.0726, n=16) | class_signal=0.0693 (min=0.0543 max=0.0850, n=16) | pred_rms=0.5922
2026-04-26 10:55:02,029 - INFO - [validation] saved: output/jit_JiT-B_8_from_scratch_null_repel/dit_validation/epoch_031_step_0254000_class117.png (class=117, sampler=heun, steps=100)
2026-04-26 10:55:03,329 - INFO - [overrides] applied from jit/configs/overrides.yaml: lr_scale=1.0 max_grad_norm=5.0 null_repel_weight=0.05 P_mean=0.0
2026-04-26 10:55:03,384 - INFO - [render-loss] step=254000 masked 11/16 samples (t_value < 0.40)
2026-04-26 10:56:55,448 - INFO - Step  254200 | Epoch  31 | MSE: 0.4676 | Steps/sec: 1.64 | LR: 1.18e-04 | Render_L1: 0.0221 | Alpha_L1: 0.0277 | Render_LPIPS: 0.1473 | Repel: 0.0000 | cos(c,null): +0.4930 | GradNorm: 0.6465 | MSE/t: [0.00-0.25]0.581(n=430) [0.25-0.50]0.508(n=1130) [0.50-0.75]0.418(n=1166) [0.75-1.00]0.390(n=474)
2026-04-26 10:56:55,949 - INFO - [cond] cfg_signal=0.0554 (min=0.0416 max=0.0727, n=16) | class_signal=0.0686 (min=0.0532 max=0.0879, n=16) | pred_rms=0.5824
2026-04-26 10:56:56,009 - INFO - [render-loss] step=254200 masked 7/16 samples (t_value < 0.40)
2026-04-26 10:58:49,217 - INFO - Step  254400 | Epoch  32 | MSE: 0.4661 | Steps/sec: 1.77 | LR: 1.18e-04 | Render_L1: 0.0209 | Alpha_L1: 0.0274 | Render_LPIPS: 0.1426 | Repel: 0.0000 | cos(c,null): +0.4932 | GradNorm: 0.5867 | MSE/t: [0.00-0.25]0.597(n=464) [0.25-0.50]0.491(n=1145) [0.50-0.75]0.422(n=1122) [0.75-1.00]0.383(n=469)
2026-04-26 10:58:49,682 - INFO - [cond] cfg_signal=0.0552 (min=0.0408 max=0.0763, n=16) | class_signal=0.0680 (min=0.0549 max=0.0873, n=16) | pred_rms=0.5891
2026-04-26 10:58:49,736 - INFO - [render-loss] step=254400 masked 8/16 samples (t_value < 0.40)
2026-04-26 11:00:41,582 - INFO - Step  254600 | Epoch  32 | MSE: 0.4805 | Steps/sec: 1.79 | LR: 1.18e-04 | Render_L1: 0.0213 | Alpha_L1: 0.0276 | Render_LPIPS: 0.1453 | Repel: 0.0000 | cos(c,null): +0.4935 | GradNorm: 0.6866 | MSE/t: [0.00-0.25]0.568(n=457) [0.25-0.50]0.519(n=1207) [0.50-0.75]0.442(n=1104) [0.75-1.00]0.378(n=432)
2026-04-26 11:00:42,099 - INFO - [cond] cfg_signal=0.0572 (min=0.0414 max=0.0811, n=16) | class_signal=0.0711 (min=0.0521 max=0.0912, n=16) | pred_rms=0.5922
2026-04-26 11:00:42,162 - INFO - [render-loss] step=254600 masked 6/16 samples (t_value < 0.40)
2026-04-26 11:02:34,103 - INFO - Step  254800 | Epoch  32 | MSE: 0.4717 | Steps/sec: 1.79 | LR: 1.18e-04 | Render_L1: 0.0216 | Alpha_L1: 0.0278 | Render_LPIPS: 0.1458 | Repel: 0.0000 | cos(c,null): +0.4932 | GradNorm: 0.6243 | MSE/t: [0.00-0.25]0.585(n=437) [0.25-0.50]0.515(n=1191) [0.50-0.75]0.427(n=1142) [0.75-1.00]0.356(n=430)
2026-04-26 11:02:34,567 - INFO - [cond] cfg_signal=0.0588 (min=0.0468 max=0.0939, n=16) | class_signal=0.0744 (min=0.0534 max=0.1135, n=16) | pred_rms=0.5798
2026-04-26 11:02:34,626 - INFO - [render-loss] step=254800 masked 5/16 samples (t_value < 0.40)
2026-04-26 11:04:27,199 - INFO - Step  255000 | Epoch  32 | MSE: 0.4766 | Steps/sec: 1.78 | LR: 1.18e-04 | Render_L1: 0.0214 | Alpha_L1: 0.0271 | Render_LPIPS: 0.1449 | Repel: 0.0000 | cos(c,null): +0.4929 | GradNorm: 0.6159 | MSE/t: [0.00-0.25]0.584(n=439) [0.25-0.50]0.521(n=1192) [0.50-0.75]0.429(n=1173) [0.75-1.00]0.362(n=396)
2026-04-26 11:04:27,662 - INFO - [cond] cfg_signal=0.0583 (min=0.0449 max=0.0922, n=16) | class_signal=0.0726 (min=0.0550 max=0.1072, n=16) | pred_rms=0.5884
2026-04-26 11:04:36,013 - INFO - [validation] saved: output/jit_JiT-B_8_from_scratch_null_repel/dit_validation/epoch_032_step_0255000_class069.png (class=69, sampler=heun, steps=100)
2026-04-26 11:04:37,446 - INFO - [overrides] applied from jit/configs/overrides.yaml: lr_scale=1.0 max_grad_norm=5.0 null_repel_weight=0.05 P_mean=0.0
2026-04-26 11:04:37,495 - INFO - [render-loss] step=255000 masked 3/16 samples (t_value < 0.40)
2026-04-26 11:06:29,185 - INFO - Step  255200 | Epoch  32 | MSE: 0.4725 | Steps/sec: 1.65 | LR: 1.17e-04 | Render_L1: 0.0221 | Alpha_L1: 0.0280 | Render_LPIPS: 0.1489 | Repel: 0.0000 | cos(c,null): +0.4929 | GradNorm: 0.6051 | MSE/t: [0.00-0.25]0.542(n=464) [0.25-0.50]0.523(n=1144) [0.50-0.75]0.426(n=1156) [0.75-1.00]0.389(n=436)
2026-04-26 11:06:29,667 - INFO - [cond] cfg_signal=0.0562 (min=0.0444 max=0.0822, n=16) | class_signal=0.0697 (min=0.0525 max=0.0959, n=16) | pred_rms=0.5862
2026-04-26 11:06:29,721 - INFO - [render-loss] step=255200 masked 5/16 samples (t_value < 0.40)
2026-04-26 11:08:22,060 - INFO - Step  255400 | Epoch  32 | MSE: 0.4640 | Steps/sec: 1.78 | LR: 1.17e-04 | Render_L1: 0.0220 | Alpha_L1: 0.0284 | Render_LPIPS: 0.1469 | Repel: 0.0000 | cos(c,null): +0.4930 | GradNorm: 0.6166 | MSE/t: [0.00-0.25]0.601(n=408) [0.25-0.50]0.491(n=1222) [0.50-0.75]0.414(n=1147) [0.75-1.00]0.387(n=423)
2026-04-26 11:08:22,530 - INFO - [cond] cfg_signal=0.0567 (min=0.0431 max=0.0788, n=16) | class_signal=0.0724 (min=0.0547 max=0.0931, n=16) | pred_rms=0.5959
2026-04-26 11:08:22,589 - INFO - [render-loss] step=255400 masked 3/16 samples (t_value < 0.40)
2026-04-26 11:10:14,448 - INFO - Step  255600 | Epoch  32 | MSE: 0.4730 | Steps/sec: 1.79 | LR: 1.17e-04 | Render_L1: 0.0220 | Alpha_L1: 0.0277 | Render_LPIPS: 0.1465 | Repel: 0.0000 | cos(c,null): +0.4941 | GradNorm: 0.5994 | MSE/t: [0.00-0.25]0.583(n=437) [0.25-0.50]0.520(n=1149) [0.50-0.75]0.422(n=1165) [0.75-1.00]0.377(n=449)
2026-04-26 11:10:14,931 - INFO - [cond] cfg_signal=0.0560 (min=0.0428 max=0.0828, n=16) | class_signal=0.0716 (min=0.0514 max=0.0996, n=16) | pred_rms=0.5875
2026-04-26 11:10:14,986 - INFO - [render-loss] step=255600 masked 6/16 samples (t_value < 0.40)
2026-04-26 11:12:06,988 - INFO - Step  255800 | Epoch  32 | MSE: 0.4625 | Steps/sec: 1.78 | LR: 1.17e-04 | Render_L1: 0.0212 | Alpha_L1: 0.0274 | Render_LPIPS: 0.1425 | Repel: 0.0000 | cos(c,null): +0.4944 | GradNorm: 0.6077 | MSE/t: [0.00-0.25]0.565(n=440) [0.25-0.50]0.513(n=1175) [0.50-0.75]0.408(n=1188) [0.75-1.00]0.362(n=397)
2026-04-26 11:12:07,461 - INFO - [cond] cfg_signal=0.0579 (min=0.0442 max=0.0858, n=16) | class_signal=0.0727 (min=0.0541 max=0.1003, n=16) | pred_rms=0.6097
2026-04-26 11:12:07,519 - INFO - [render-loss] step=255800 masked 8/16 samples (t_value < 0.40)
2026-04-26 11:13:59,230 - INFO - Step  256000 | Epoch  32 | MSE: 0.4703 | Steps/sec: 1.79 | LR: 1.17e-04 | Render_L1: 0.0215 | Alpha_L1: 0.0275 | Render_LPIPS: 0.1448 | Repel: 0.0000 | cos(c,null): +0.4950 | GradNorm: 0.5792 | MSE/t: [0.00-0.25]0.604(n=405) [0.25-0.50]0.524(n=1167) [0.50-0.75]0.407(n=1206) [0.75-1.00]0.377(n=422)
2026-04-26 11:13:59,683 - INFO - [cond] cfg_signal=0.0580 (min=0.0455 max=0.0852, n=16) | class_signal=0.0715 (min=0.0544 max=0.1004, n=16) | pred_rms=0.6021
2026-04-26 11:14:07,706 - INFO - [validation] saved: output/jit_JiT-B_8_from_scratch_null_repel/dit_validation/epoch_032_step_0256000_class096.png (class=96, sampler=heun, steps=100)
2026-04-26 11:14:08,935 - INFO - [overrides] applied from jit/configs/overrides.yaml: lr_scale=1.0 max_grad_norm=5.0 null_repel_weight=0.05 P_mean=0.0
2026-04-26 11:14:08,984 - INFO - [render-loss] step=256000 masked 2/16 samples (t_value < 0.40)
2026-04-26 11:16:01,287 - INFO - Step  256200 | Epoch  32 | MSE: 0.4779 | Steps/sec: 1.64 | LR: 1.17e-04 | Render_L1: 0.0214 | Alpha_L1: 0.0273 | Render_LPIPS: 0.1464 | Repel: 0.0000 | cos(c,null): +0.4946 | GradNorm: 0.6033 | MSE/t: [0.00-0.25]0.584(n=434) [0.25-0.50]0.529(n=1159) [0.50-0.75]0.424(n=1169) [0.75-1.00]0.383(n=438)
2026-04-26 11:16:01,754 - INFO - [cond] cfg_signal=0.0605 (min=0.0448 max=0.0838, n=16) | class_signal=0.0726 (min=0.0519 max=0.0988, n=16) | pred_rms=0.6065
2026-04-26 11:16:01,808 - INFO - [render-loss] step=256200 masked 6/16 samples (t_value < 0.40)
2026-04-26 11:17:54,131 - INFO - Step  256400 | Epoch  32 | MSE: 0.4641 | Steps/sec: 1.78 | LR: 1.17e-04 | Render_L1: 0.0219 | Alpha_L1: 0.0280 | Render_LPIPS: 0.1464 | Repel: 0.0000 | cos(c,null): +0.4946 | GradNorm: 0.5901 | MSE/t: [0.00-0.25]0.601(n=406) [0.25-0.50]0.508(n=1187) [0.50-0.75]0.408(n=1148) [0.75-1.00]0.370(n=459)
2026-04-26 11:17:54,589 - INFO - [cond] cfg_signal=0.0590 (min=0.0416 max=0.0789, n=16) | class_signal=0.0725 (min=0.0492 max=0.0929, n=16) | pred_rms=0.6140
2026-04-26 11:17:54,644 - INFO - [render-loss] step=256400 masked 5/16 samples (t_value < 0.40)
2026-04-26 11:19:46,629 - INFO - Step  256600 | Epoch  32 | MSE: 0.4647 | Steps/sec: 1.79 | LR: 1.17e-04 | Render_L1: 0.0217 | Alpha_L1: 0.0284 | Render_LPIPS: 0.1454 | Repel: 0.0000 | cos(c,null): +0.4961 | GradNorm: 0.6175 | MSE/t: [0.00-0.25]0.582(n=432) [0.25-0.50]0.498(n=1163) [0.50-0.75]0.412(n=1171) [0.75-1.00]0.401(n=434)
2026-04-26 11:19:47,107 - INFO - [cond] cfg_signal=0.0556 (min=0.0404 max=0.0759, n=16) | class_signal=0.0711 (min=0.0504 max=0.0882, n=16) | pred_rms=0.5917
2026-04-26 11:19:47,162 - INFO - [render-loss] step=256600 masked 5/16 samples (t_value < 0.40)
2026-04-26 11:21:39,230 - INFO - Step  256800 | Epoch  32 | MSE: 0.4698 | Steps/sec: 1.78 | LR: 1.17e-04 | Render_L1: 0.0220 | Alpha_L1: 0.0279 | Render_LPIPS: 0.1479 | Repel: 0.0000 | cos(c,null): +0.4966 | GradNorm: 0.6189 | MSE/t: [0.00-0.25]0.587(n=436) [0.25-0.50]0.502(n=1106) [0.50-0.75]0.426(n=1224) [0.75-1.00]0.395(n=434)
2026-04-26 11:21:39,703 - INFO - [cond] cfg_signal=0.0562 (min=0.0424 max=0.0779, n=16) | class_signal=0.0715 (min=0.0508 max=0.0900, n=16) | pred_rms=0.5971
2026-04-26 11:21:39,767 - INFO - [render-loss] step=256800 masked 5/16 samples (t_value < 0.40)
2026-04-26 11:23:31,989 - INFO - Step  257000 | Epoch  32 | MSE: 0.4694 | Steps/sec: 1.78 | LR: 1.16e-04 | Render_L1: 0.0220 | Alpha_L1: 0.0283 | Render_LPIPS: 0.1472 | Repel: 0.0000 | cos(c,null): +0.4969 | GradNorm: 0.6466 | MSE/t: [0.00-0.25]0.592(n=427) [0.25-0.50]0.514(n=1171) [0.50-0.75]0.417(n=1153) [0.75-1.00]0.372(n=449)
2026-04-26 11:23:32,487 - INFO - [cond] cfg_signal=0.0529 (min=0.0422 max=0.0732, n=16) | class_signal=0.0680 (min=0.0494 max=0.0861, n=16) | pred_rms=0.5951
2026-04-26 11:23:40,786 - INFO - [validation] saved: output/jit_JiT-B_8_from_scratch_null_repel/dit_validation/epoch_032_step_0257000_class102.png (class=102, sampler=heun, steps=100)
2026-04-26 11:23:42,054 - INFO - [overrides] applied from jit/configs/overrides.yaml: lr_scale=1.0 max_grad_norm=5.0 null_repel_weight=0.05 P_mean=0.0
2026-04-26 11:23:42,103 - INFO - [render-loss] step=257000 masked 3/16 samples (t_value < 0.40)
2026-04-26 11:25:34,277 - INFO - Step  257200 | Epoch  32 | MSE: 0.4622 | Steps/sec: 1.64 | LR: 1.16e-04 | Render_L1: 0.0213 | Alpha_L1: 0.0268 | Render_LPIPS: 0.1432 | Repel: 0.0000 | cos(c,null): +0.4968 | GradNorm: 0.6144 | MSE/t: [0.00-0.25]0.585(n=428) [0.25-0.50]0.500(n=1156) [0.50-0.75]0.414(n=1186) [0.75-1.00]0.371(n=430)
2026-04-26 11:25:34,750 - INFO - [cond] cfg_signal=0.0523 (min=0.0399 max=0.0719, n=16) | class_signal=0.0674 (min=0.0519 max=0.0852, n=16) | pred_rms=0.5950
2026-04-26 11:25:34,805 - INFO - [render-loss] step=257200 masked 4/16 samples (t_value < 0.40)
2026-04-26 11:27:26,551 - INFO - Step  257400 | Epoch  32 | MSE: 0.4630 | Steps/sec: 1.79 | LR: 1.16e-04 | Render_L1: 0.0223 | Alpha_L1: 0.0275 | Render_LPIPS: 0.1470 | Repel: 0.0000 | cos(c,null): +0.4974 | GradNorm: 0.6342 | MSE/t: [0.00-0.25]0.564(n=464) [0.25-0.50]0.506(n=1163) [0.50-0.75]0.413(n=1148) [0.75-1.00]0.369(n=425)
2026-04-26 11:27:27,039 - INFO - [cond] cfg_signal=0.0548 (min=0.0393 max=0.0750, n=16) | class_signal=0.0695 (min=0.0541 max=0.0867, n=16) | pred_rms=0.5999
2026-04-26 11:27:27,095 - INFO - [render-loss] step=257400 masked 5/16 samples (t_value < 0.40)
2026-04-26 11:29:19,084 - INFO - Step  257600 | Epoch  32 | MSE: 0.4751 | Steps/sec: 1.79 | LR: 1.16e-04 | Render_L1: 0.0217 | Alpha_L1: 0.0274 | Render_LPIPS: 0.1466 | Repel: 0.0000 | cos(c,null): +0.4987 | GradNorm: 0.6121 | MSE/t: [0.00-0.25]0.589(n=477) [0.25-0.50]0.524(n=1142) [0.50-0.75]0.412(n=1149) [0.75-1.00]0.386(n=432)
2026-04-26 11:29:19,597 - INFO - [cond] cfg_signal=0.0538 (min=0.0386 max=0.0699, n=16) | class_signal=0.0689 (min=0.0539 max=0.0814, n=16) | pred_rms=0.5842
2026-04-26 11:29:19,657 - INFO - [render-loss] step=257600 masked 6/16 samples (t_value < 0.40)
2026-04-26 11:31:11,997 - INFO - Step  257800 | Epoch  32 | MSE: 0.4699 | Steps/sec: 1.78 | LR: 1.16e-04 | Render_L1: 0.0221 | Alpha_L1: 0.0279 | Render_LPIPS: 0.1499 | Repel: 0.0000 | cos(c,null): +0.4990 | GradNorm: 0.6298 | MSE/t: [0.00-0.25]0.566(n=435) [0.25-0.50]0.507(n=1104) [0.50-0.75]0.436(n=1212) [0.75-1.00]0.378(n=449)
2026-04-26 11:31:12,477 - INFO - [cond] cfg_signal=0.0534 (min=0.0391 max=0.0716, n=16) | class_signal=0.0676 (min=0.0515 max=0.0814, n=16) | pred_rms=0.6084
2026-04-26 11:31:12,537 - INFO - [render-loss] step=257800 masked 7/16 samples (t_value < 0.40)
2026-04-26 11:33:04,453 - INFO - Step  258000 | Epoch  32 | MSE: 0.4642 | Steps/sec: 1.79 | LR: 1.16e-04 | Render_L1: 0.0212 | Alpha_L1: 0.0272 | Render_LPIPS: 0.1445 | Repel: 0.0000 | cos(c,null): +0.4986 | GradNorm: 0.5833 | MSE/t: [0.00-0.25]0.582(n=449) [0.25-0.50]0.508(n=1164) [0.50-0.75]0.417(n=1126) [0.75-1.00]0.354(n=461)
2026-04-26 11:33:04,921 - INFO - [cond] cfg_signal=0.0566 (min=0.0417 max=0.0770, n=16) | class_signal=0.0692 (min=0.0522 max=0.0852, n=16) | pred_rms=0.6053
2026-04-26 11:33:12,893 - INFO - [validation] saved: output/jit_JiT-B_8_from_scratch_null_repel/dit_validation/epoch_032_step_0258000_class075.png (class=75, sampler=heun, steps=100)
2026-04-26 11:33:14,114 - INFO - [overrides] applied from jit/configs/overrides.yaml: lr_scale=1.0 max_grad_norm=5.0 null_repel_weight=0.05 P_mean=0.0
2026-04-26 11:33:14,163 - INFO - [render-loss] step=258000 masked 5/16 samples (t_value < 0.40)
2026-04-26 11:35:06,265 - INFO - Step  258200 | Epoch  32 | MSE: 0.4676 | Steps/sec: 1.65 | LR: 1.16e-04 | Render_L1: 0.0213 | Alpha_L1: 0.0275 | Render_LPIPS: 0.1432 | Repel: 0.0000 | cos(c,null): +0.4981 | GradNorm: 0.6142 | MSE/t: [0.00-0.25]0.574(n=444) [0.25-0.50]0.515(n=1170) [0.50-0.75]0.417(n=1174) [0.75-1.00]0.364(n=412)
2026-04-26 11:35:06,732 - INFO - [cond] cfg_signal=0.0570 (min=0.0432 max=0.0737, n=16) | class_signal=0.0706 (min=0.0541 max=0.0858, n=16) | pred_rms=0.6054
2026-04-26 11:35:06,788 - INFO - [render-loss] step=258200 masked 4/16 samples (t_value < 0.40)
2026-04-26 11:36:58,749 - INFO - Step  258400 | Epoch  32 | MSE: 0.4625 | Steps/sec: 1.79 | LR: 1.16e-04 | Render_L1: 0.0215 | Alpha_L1: 0.0275 | Render_LPIPS: 0.1449 | Repel: 0.0000 | cos(c,null): +0.4975 | GradNorm: 0.5903 | MSE/t: [0.00-0.25]0.581(n=454) [0.25-0.50]0.497(n=1207) [0.50-0.75]0.416(n=1109) [0.75-1.00]0.361(n=430)
2026-04-26 11:36:59,236 - INFO - [cond] cfg_signal=0.0576 (min=0.0455 max=0.0762, n=16) | class_signal=0.0715 (min=0.0529 max=0.0884, n=16) | pred_rms=0.6179
2026-04-26 11:36:59,293 - INFO - [render-loss] step=258400 masked 5/16 samples (t_value < 0.40)
2026-04-26 11:38:51,372 - INFO - Step  258600 | Epoch  32 | MSE: 0.4691 | Steps/sec: 1.78 | LR: 1.16e-04 | Render_L1: 0.0214 | Alpha_L1: 0.0274 | Render_LPIPS: 0.1443 | Repel: 0.0000 | cos(c,null): +0.4977 | GradNorm: 0.6170 | MSE/t: [0.00-0.25]0.584(n=409) [0.25-0.50]0.509(n=1167) [0.50-0.75]0.419(n=1172) [0.75-1.00]0.392(n=452)
2026-04-26 11:38:51,835 - INFO - [cond] cfg_signal=0.0573 (min=0.0438 max=0.0814, n=16) | class_signal=0.0715 (min=0.0536 max=0.0909, n=16) | pred_rms=0.6124
2026-04-26 11:38:51,889 - INFO - [render-loss] step=258600 masked 4/16 samples (t_value < 0.40)
2026-04-26 11:40:43,762 - INFO - Step  258800 | Epoch  32 | MSE: 0.4783 | Steps/sec: 1.79 | LR: 1.16e-04 | Render_L1: 0.0219 | Alpha_L1: 0.0278 | Render_LPIPS: 0.1463 | Repel: 0.0000 | cos(c,null): +0.4970 | GradNorm: 0.6213 | MSE/t: [0.00-0.25]0.592(n=428) [0.25-0.50]0.527(n=1237) [0.50-0.75]0.419(n=1135) [0.75-1.00]0.374(n=400)
2026-04-26 11:40:44,232 - INFO - [cond] cfg_signal=0.0568 (min=0.0424 max=0.0821, n=16) | class_signal=0.0713 (min=0.0541 max=0.0912, n=16) | pred_rms=0.6133
2026-04-26 11:40:44,286 - INFO - [render-loss] step=258800 masked 4/16 samples (t_value < 0.40)
2026-04-26 11:42:36,846 - INFO - Step  259000 | Epoch  32 | MSE: 0.4744 | Steps/sec: 1.78 | LR: 1.15e-04 | Render_L1: 0.0217 | Alpha_L1: 0.0282 | Render_LPIPS: 0.1474 | Repel: 0.0000 | cos(c,null): +0.4969 | GradNorm: 0.6370 | MSE/t: [0.00-0.25]0.593(n=418) [0.25-0.50]0.515(n=1156) [0.50-0.75]0.423(n=1225) [0.75-1.00]0.392(n=401)
2026-04-26 11:42:37,339 - INFO - [cond] cfg_signal=0.0550 (min=0.0424 max=0.0781, n=16) | class_signal=0.0698 (min=0.0555 max=0.0882, n=16) | pred_rms=0.6008
2026-04-26 11:42:45,349 - INFO - [validation] saved: output/jit_JiT-B_8_from_scratch_null_repel/dit_validation/epoch_032_step_0259000_class026.png (class=26, sampler=heun, steps=100)
2026-04-26 11:42:46,573 - INFO - [overrides] applied from jit/configs/overrides.yaml: lr_scale=1.0 max_grad_norm=5.0 null_repel_weight=0.05 P_mean=0.0
2026-04-26 11:42:46,623 - INFO - [render-loss] step=259000 masked 3/16 samples (t_value < 0.40)
2026-04-26 11:44:39,085 - INFO - Step  259200 | Epoch  32 | MSE: 0.4717 | Steps/sec: 1.64 | LR: 1.15e-04 | Render_L1: 0.0221 | Alpha_L1: 0.0275 | Render_LPIPS: 0.1462 | Repel: 0.0000 | cos(c,null): +0.4965 | GradNorm: 0.6487 | MSE/t: [0.00-0.25]0.593(n=439) [0.25-0.50]0.504(n=1150) [0.50-0.75]0.428(n=1181) [0.75-1.00]0.382(n=430)
2026-04-26 11:44:39,550 - INFO - [cond] cfg_signal=0.0555 (min=0.0431 max=0.0763, n=16) | class_signal=0.0701 (min=0.0525 max=0.0890, n=16) | pred_rms=0.6056
2026-04-26 11:44:39,606 - INFO - [render-loss] step=259200 masked 4/16 samples (t_value < 0.40)
2026-04-26 11:46:31,858 - INFO - Step  259400 | Epoch  32 | MSE: 0.4762 | Steps/sec: 1.78 | LR: 1.15e-04 | Render_L1: 0.0218 | Alpha_L1: 0.0272 | Render_LPIPS: 0.1467 | Repel: 0.0000 | cos(c,null): +0.4967 | GradNorm: 0.6017 | MSE/t: [0.00-0.25]0.613(n=436) [0.25-0.50]0.500(n=1157) [0.50-0.75]0.435(n=1188) [0.75-1.00]0.386(n=419)
2026-04-26 11:46:32,322 - INFO - [cond] cfg_signal=0.0562 (min=0.0443 max=0.0789, n=16) | class_signal=0.0694 (min=0.0523 max=0.0905, n=16) | pred_rms=0.6140
2026-04-26 11:46:32,377 - INFO - [render-loss] step=259400 masked 5/16 samples (t_value < 0.40)
2026-04-26 11:48:24,180 - INFO - Step  259600 | Epoch  32 | MSE: 0.4691 | Steps/sec: 1.79 | LR: 1.15e-04 | Render_L1: 0.0216 | Alpha_L1: 0.0279 | Render_LPIPS: 0.1449 | Repel: 0.0000 | cos(c,null): +0.4959 | GradNorm: 0.6378 | MSE/t: [0.00-0.25]0.585(n=472) [0.25-0.50]0.516(n=1164) [0.50-0.75]0.416(n=1098) [0.75-1.00]0.358(n=466)
2026-04-26 11:48:24,675 - INFO - [cond] cfg_signal=0.0550 (min=0.0431 max=0.0767, n=16) | class_signal=0.0681 (min=0.0495 max=0.0897, n=16) | pred_rms=0.5987
2026-04-26 11:48:24,731 - INFO - [render-loss] step=259600 masked 4/16 samples (t_value < 0.40)
2026-04-26 11:50:16,837 - INFO - Step  259800 | Epoch  32 | MSE: 0.4727 | Steps/sec: 1.78 | LR: 1.15e-04 | Render_L1: 0.0220 | Alpha_L1: 0.0278 | Render_LPIPS: 0.1479 | Repel: 0.0000 | cos(c,null): +0.4953 | GradNorm: 0.6235 | MSE/t: [0.00-0.25]0.573(n=421) [0.25-0.50]0.519(n=1196) [0.50-0.75]0.420(n=1165) [0.75-1.00]0.383(n=418)
2026-04-26 11:50:17,303 - INFO - [cond] cfg_signal=0.0585 (min=0.0452 max=0.0814, n=16) | class_signal=0.0709 (min=0.0526 max=0.0987, n=16) | pred_rms=0.6021
2026-04-26 11:50:17,358 - INFO - [render-loss] step=259800 masked 4/16 samples (t_value < 0.40)
2026-04-26 11:52:09,509 - INFO - Step  260000 | Epoch  32 | MSE: 0.4749 | Steps/sec: 1.78 | LR: 1.15e-04 | Render_L1: 0.0213 | Alpha_L1: 0.0274 | Render_LPIPS: 0.1452 | Repel: 0.0000 | cos(c,null): +0.4957 | GradNorm: 0.5875 | MSE/t: [0.00-0.25]0.598(n=417) [0.25-0.50]0.515(n=1150) [0.50-0.75]0.419(n=1206) [0.75-1.00]0.405(n=427)
2026-04-26 11:52:09,965 - INFO - [cond] cfg_signal=0.0565 (min=0.0393 max=0.0770, n=16) | class_signal=0.0700 (min=0.0510 max=0.0882, n=16) | pred_rms=0.5971
2026-04-26 11:52:11,924 - INFO - Saved checkpoint to output/jit_JiT-B_8_from_scratch_null_repel/0260000.pt
2026-04-26 11:52:12,357 - INFO - [cond] cfg_signal=0.0565 (min=0.0393 max=0.0770, n=16) | class_signal=0.0700 (min=0.0510 max=0.0882, n=16) | pred_rms=0.5971
2026-04-26 11:52:20,905 - INFO - [validation] saved: output/jit_JiT-B_8_from_scratch_null_repel/dit_validation/epoch_032_step_0260000_class004.png (class=4, sampler=heun, steps=100)
2026-04-26 11:52:22,309 - INFO - [overrides] applied from jit/configs/overrides.yaml: lr_scale=1.0 max_grad_norm=5.0 null_repel_weight=0.05 P_mean=0.0
2026-04-26 11:52:22,358 - INFO - [render-loss] step=260000 masked 6/16 samples (t_value < 0.40)
2026-04-26 11:54:14,188 - INFO - Step  260200 | Epoch  32 | MSE: 0.4676 | Steps/sec: 1.61 | LR: 1.15e-04 | Render_L1: 0.0221 | Alpha_L1: 0.0279 | Render_LPIPS: 0.1455 | Repel: 0.0000 | cos(c,null): +0.4956 | GradNorm: 0.6261 | MSE/t: [0.00-0.25]0.576(n=438) [0.25-0.50]0.509(n=1168) [0.50-0.75]0.418(n=1162) [0.75-1.00]0.379(n=432)
2026-04-26 11:54:14,643 - INFO - [cond] cfg_signal=0.0544 (min=0.0380 max=0.0814, n=16) | class_signal=0.0684 (min=0.0496 max=0.0908, n=16) | pred_rms=0.5885
2026-04-26 11:54:14,697 - INFO - [render-loss] step=260200 masked 5/16 samples (t_value < 0.40)
2026-04-26 11:56:06,967 - INFO - Step  260400 | Epoch  32 | MSE: 0.4726 | Steps/sec: 1.78 | LR: 1.15e-04 | Render_L1: 0.0216 | Alpha_L1: 0.0276 | Render_LPIPS: 0.1444 | Repel: 0.0000 | cos(c,null): +0.4961 | GradNorm: 0.6160 | MSE/t: [0.00-0.25]0.585(n=450) [0.25-0.50]0.515(n=1185) [0.50-0.75]0.415(n=1140) [0.75-1.00]0.390(n=425)
2026-04-26 11:56:07,474 - INFO - [cond] cfg_signal=0.0550 (min=0.0393 max=0.0794, n=16) | class_signal=0.0705 (min=0.0510 max=0.0918, n=16) | pred_rms=0.5951
2026-04-26 11:56:07,530 - INFO - [render-loss] step=260400 masked 6/16 samples (t_value < 0.40)
2026-04-26 11:57:59,464 - INFO - Step  260600 | Epoch  32 | MSE: 0.4724 | Steps/sec: 1.79 | LR: 1.15e-04 | Render_L1: 0.0215 | Alpha_L1: 0.0276 | Render_LPIPS: 0.1458 | Repel: 0.0000 | cos(c,null): +0.4960 | GradNorm: 0.6323 | MSE/t: [0.00-0.25]0.586(n=441) [0.25-0.50]0.505(n=1150) [0.50-0.75]0.427(n=1200) [0.75-1.00]0.393(n=409)
2026-04-26 11:57:59,930 - INFO - [cond] cfg_signal=0.0588 (min=0.0410 max=0.0815, n=16) | class_signal=0.0746 (min=0.0545 max=0.0908, n=16) | pred_rms=0.5893
2026-04-26 11:57:59,991 - INFO - [render-loss] step=260600 masked 7/16 samples (t_value < 0.40)
2026-04-26 11:59:51,923 - INFO - Step  260800 | Epoch  32 | MSE: 0.4641 | Steps/sec: 1.79 | LR: 1.14e-04 | Render_L1: 0.0217 | Alpha_L1: 0.0279 | Render_LPIPS: 0.1447 | Repel: 0.0000 | cos(c,null): +0.4948 | GradNorm: 0.6379 | MSE/t: [0.00-0.25]0.587(n=398) [0.25-0.50]0.500(n=1214) [0.50-0.75]0.418(n=1127) [0.75-1.00]0.376(n=461)
2026-04-26 11:59:52,384 - INFO - [cond] cfg_signal=0.0569 (min=0.0399 max=0.0799, n=16) | class_signal=0.0725 (min=0.0508 max=0.0918, n=16) | pred_rms=0.6194
2026-04-26 11:59:52,439 - INFO - [render-loss] step=260800 masked 6/16 samples (t_value < 0.40)
2026-04-26 12:01:44,420 - INFO - Step  261000 | Epoch  32 | MSE: 0.4540 | Steps/sec: 1.79 | LR: 1.14e-04 | Render_L1: 0.0208 | Alpha_L1: 0.0267 | Render_LPIPS: 0.1427 | Repel: 0.0000 | cos(c,null): +0.4948 | GradNorm: 0.5942 | MSE/t: [0.00-0.25]0.566(n=416) [0.25-0.50]0.495(n=1156) [0.50-0.75]0.412(n=1196) [0.75-1.00]0.353(n=432)
2026-04-26 12:01:44,891 - INFO - [cond] cfg_signal=0.0570 (min=0.0383 max=0.0791, n=16) | class_signal=0.0727 (min=0.0515 max=0.0927, n=16) | pred_rms=0.6186
2026-04-26 12:01:52,923 - INFO - [validation] saved: output/jit_JiT-B_8_from_scratch_null_repel/dit_validation/epoch_032_step_0261000_class104.png (class=104, sampler=heun, steps=100)
2026-04-26 12:01:54,152 - INFO - [overrides] applied from jit/configs/overrides.yaml: lr_scale=1.0 max_grad_norm=5.0 null_repel_weight=0.05 P_mean=0.0
2026-04-26 12:01:54,198 - INFO - [render-loss] step=261000 masked 2/16 samples (t_value < 0.40)
2026-04-26 12:03:46,322 - INFO - Step  261200 | Epoch  32 | MSE: 0.4607 | Steps/sec: 1.65 | LR: 1.14e-04 | Render_L1: 0.0224 | Alpha_L1: 0.0286 | Render_LPIPS: 0.1480 | Repel: 0.0000 | cos(c,null): +0.4954 | GradNorm: 0.6213 | MSE/t: [0.00-0.25]0.557(n=439) [0.25-0.50]0.492(n=1206) [0.50-0.75]0.422(n=1142) [0.75-1.00]0.376(n=413)
2026-04-26 12:03:46,780 - INFO - [cond] cfg_signal=0.0584 (min=0.0380 max=0.0802, n=16) | class_signal=0.0746 (min=0.0552 max=0.0950, n=16) | pred_rms=0.6029
2026-04-26 12:03:46,835 - INFO - [render-loss] step=261200 masked 5/16 samples (t_value < 0.40)
2026-04-26 12:05:39,083 - INFO - Step  261400 | Epoch  32 | MSE: 0.4754 | Steps/sec: 1.78 | LR: 1.14e-04 | Render_L1: 0.0217 | Alpha_L1: 0.0286 | Render_LPIPS: 0.1457 | Repel: 0.0000 | cos(c,null): +0.4957 | GradNorm: 1.4407 | MSE/t: [0.00-0.25]0.573(n=419) [0.25-0.50]0.512(n=1173) [0.50-0.75]0.436(n=1160) [0.75-1.00]0.391(n=448)
2026-04-26 12:05:39,559 - INFO - [cond] cfg_signal=0.0560 (min=0.0393 max=0.0748, n=16) | class_signal=0.0711 (min=0.0540 max=0.0879, n=16) | pred_rms=0.5953
2026-04-26 12:05:39,619 - INFO - [render-loss] step=261400 masked 7/16 samples (t_value < 0.40)
2026-04-26 12:07:31,408 - INFO - Step  261600 | Epoch  32 | MSE: 0.4673 | Steps/sec: 1.79 | LR: 1.14e-04 | Render_L1: 0.0212 | Alpha_L1: 0.0273 | Render_LPIPS: 0.1424 | Repel: 0.0000 | cos(c,null): +0.4955 | GradNorm: 0.6095 | MSE/t: [0.00-0.25]0.565(n=449) [0.25-0.50]0.521(n=1178) [0.50-0.75]0.416(n=1129) [0.75-1.00]0.356(n=444)
2026-04-26 12:07:31,875 - INFO - [cond] cfg_signal=0.0559 (min=0.0405 max=0.0750, n=16) | class_signal=0.0702 (min=0.0529 max=0.0885, n=16) | pred_rms=0.5900
2026-04-26 12:07:31,930 - INFO - [render-loss] step=261600 masked 5/16 samples (t_value < 0.40)
2026-04-26 12:09:23,820 - INFO - Step  261800 | Epoch  32 | MSE: 0.4669 | Steps/sec: 1.79 | LR: 1.14e-04 | Render_L1: 0.0215 | Alpha_L1: 0.0271 | Render_LPIPS: 0.1441 | Repel: 0.0000 | cos(c,null): +0.4951 | GradNorm: 0.6009 | MSE/t: [0.00-0.25]0.577(n=425) [0.25-0.50]0.507(n=1089) [0.50-0.75]0.419(n=1239) [0.75-1.00]0.397(n=447)
2026-04-26 12:09:24,387 - INFO - [cond] cfg_signal=0.0559 (min=0.0390 max=0.0771, n=16) | class_signal=0.0722 (min=0.0538 max=0.0890, n=16) | pred_rms=0.6059
2026-04-26 12:09:24,461 - INFO - [render-loss] step=261800 masked 5/16 samples (t_value < 0.40)
2026-04-26 12:11:16,594 - INFO - Step  262000 | Epoch  32 | MSE: 0.4574 | Steps/sec: 1.78 | LR: 1.14e-04 | Render_L1: 0.0218 | Alpha_L1: 0.0276 | Render_LPIPS: 0.1454 | Repel: 0.0000 | cos(c,null): +0.4951 | GradNorm: 0.5842 | MSE/t: [0.00-0.25]0.560(n=416) [0.25-0.50]0.504(n=1154) [0.50-0.75]0.408(n=1195) [0.75-1.00]0.370(n=435)
2026-04-26 12:11:17,053 - INFO - [cond] cfg_signal=0.0559 (min=0.0402 max=0.0751, n=16) | class_signal=0.0708 (min=0.0530 max=0.0839, n=16) | pred_rms=0.6033
2026-04-26 12:11:25,131 - INFO - [validation] saved: output/jit_JiT-B_8_from_scratch_null_repel/dit_validation/epoch_032_step_0262000_class085.png (class=85, sampler=heun, steps=100)
2026-04-26 12:11:26,367 - INFO - [overrides] applied from jit/configs/overrides.yaml: lr_scale=1.0 max_grad_norm=5.0 null_repel_weight=0.05 P_mean=0.0
2026-04-26 12:11:26,416 - INFO - [render-loss] step=262000 masked 8/16 samples (t_value < 0.40)
2026-04-26 12:13:18,193 - INFO - Step  262200 | Epoch  32 | MSE: 0.4702 | Steps/sec: 1.65 | LR: 1.14e-04 | Render_L1: 0.0223 | Alpha_L1: 0.0282 | Render_LPIPS: 0.1486 | Repel: 0.0000 | cos(c,null): +0.4952 | GradNorm: 0.6051 | MSE/t: [0.00-0.25]0.573(n=414) [0.25-0.50]0.506(n=1192) [0.50-0.75]0.434(n=1167) [0.75-1.00]0.369(n=427)
2026-04-26 12:13:18,703 - INFO - [cond] cfg_signal=0.0558 (min=0.0402 max=0.0747, n=16) | class_signal=0.0707 (min=0.0523 max=0.0885, n=16) | pred_rms=0.6073
2026-04-26 12:13:18,758 - INFO - [render-loss] step=262200 masked 7/16 samples (t_value < 0.40)
2026-04-26 12:15:11,843 - INFO - Step  262400 | Epoch  33 | MSE: 0.4740 | Steps/sec: 1.77 | LR: 1.14e-04 | Render_L1: 0.0217 | Alpha_L1: 0.0270 | Render_LPIPS: 0.1452 | Repel: 0.0000 | cos(c,null): +0.4959 | GradNorm: 0.6092 | MSE/t: [0.00-0.25]0.576(n=446) [0.25-0.50]0.518(n=1162) [0.50-0.75]0.419(n=1160) [0.75-1.00]0.397(n=432)
2026-04-26 12:15:12,309 - INFO - [cond] cfg_signal=0.0544 (min=0.0396 max=0.0770, n=16) | class_signal=0.0688 (min=0.0500 max=0.0861, n=16) | pred_rms=0.5978
2026-04-26 12:15:12,364 - INFO - [render-loss] step=262400 masked 6/16 samples (t_value < 0.40)
2026-04-26 12:17:04,278 - INFO - Step  262600 | Epoch  33 | MSE: 0.4630 | Steps/sec: 1.79 | LR: 1.13e-04 | Render_L1: 0.0213 | Alpha_L1: 0.0277 | Render_LPIPS: 0.1438 | Repel: 0.0000 | cos(c,null): +0.4960 | GradNorm: 0.6002 | MSE/t: [0.00-0.25]0.576(n=394) [0.25-0.50]0.510(n=1213) [0.50-0.75]0.407(n=1179) [0.75-1.00]0.379(n=414)
2026-04-26 12:17:04,733 - INFO - [cond] cfg_signal=0.0550 (min=0.0392 max=0.0756, n=16) | class_signal=0.0697 (min=0.0530 max=0.0843, n=16) | pred_rms=0.5983
2026-04-26 12:17:04,790 - INFO - [render-loss] step=262600 masked 3/16 samples (t_value < 0.40)
2026-04-26 12:18:56,847 - INFO - Step  262800 | Epoch  33 | MSE: 0.4670 | Steps/sec: 1.78 | LR: 1.13e-04 | Render_L1: 0.0216 | Alpha_L1: 0.0272 | Render_LPIPS: 0.1456 | Repel: 0.0000 | cos(c,null): +0.4959 | GradNorm: 0.6451 | MSE/t: [0.00-0.25]0.575(n=426) [0.25-0.50]0.510(n=1171) [0.50-0.75]0.418(n=1156) [0.75-1.00]0.379(n=447)
2026-04-26 12:18:57,300 - INFO - [cond] cfg_signal=0.0518 (min=0.0370 max=0.0735, n=16) | class_signal=0.0670 (min=0.0489 max=0.0821, n=16) | pred_rms=0.5896
2026-04-26 12:18:57,394 - INFO - [render-loss] step=262800 masked 6/16 samples (t_value < 0.40)
2026-04-26 12:20:49,191 - INFO - Step  263000 | Epoch  33 | MSE: 0.4682 | Steps/sec: 1.79 | LR: 1.13e-04 | Render_L1: 0.0213 | Alpha_L1: 0.0275 | Render_LPIPS: 0.1430 | Repel: 0.0000 | cos(c,null): +0.4959 | GradNorm: 0.6183 | MSE/t: [0.00-0.25]0.578(n=447) [0.25-0.50]0.514(n=1118) [0.50-0.75]0.425(n=1175) [0.75-1.00]0.359(n=460)
2026-04-26 12:20:49,661 - INFO - [cond] cfg_signal=0.0522 (min=0.0368 max=0.0736, n=16) | class_signal=0.0675 (min=0.0479 max=0.0833, n=16) | pred_rms=0.5709
2026-04-26 12:20:57,747 - INFO - [validation] saved: output/jit_JiT-B_8_from_scratch_null_repel/dit_validation/epoch_033_step_0263000_class020.png (class=20, sampler=heun, steps=100)
2026-04-26 12:20:58,990 - INFO - [overrides] applied from jit/configs/overrides.yaml: lr_scale=1.0 max_grad_norm=5.0 null_repel_weight=0.05 P_mean=0.0
2026-04-26 12:20:59,039 - INFO - [render-loss] step=263000 masked 3/16 samples (t_value < 0.40)
2026-04-26 12:22:50,961 - INFO - Step  263200 | Epoch  33 | MSE: 0.4646 | Steps/sec: 1.65 | LR: 1.13e-04 | Render_L1: 0.0211 | Alpha_L1: 0.0267 | Render_LPIPS: 0.1425 | Repel: 0.0000 | cos(c,null): +0.4969 | GradNorm: 0.5875 | MSE/t: [0.00-0.25]0.569(n=450) [0.25-0.50]0.511(n=1161) [0.50-0.75]0.413(n=1175) [0.75-1.00]0.370(n=414)
2026-04-26 12:22:51,437 - INFO - [cond] cfg_signal=0.0527 (min=0.0371 max=0.0737, n=16) | class_signal=0.0686 (min=0.0507 max=0.0811, n=16) | pred_rms=0.6071
2026-04-26 12:22:51,493 - INFO - [render-loss] step=263200 masked 5/16 samples (t_value < 0.40)
2026-04-26 12:24:43,717 - INFO - Step  263400 | Epoch  33 | MSE: 0.4777 | Steps/sec: 1.78 | LR: 1.13e-04 | Render_L1: 0.0225 | Alpha_L1: 0.0282 | Render_LPIPS: 0.1483 | Repel: 0.0000 | cos(c,null): +0.4974 | GradNorm: 0.6413 | MSE/t: [0.00-0.25]0.574(n=419) [0.25-0.50]0.504(n=1171) [0.50-0.75]0.449(n=1163) [0.75-1.00]0.395(n=447)
2026-04-26 12:24:44,185 - INFO - [cond] cfg_signal=0.0540 (min=0.0398 max=0.0772, n=16) | class_signal=0.0695 (min=0.0509 max=0.0875, n=16) | pred_rms=0.6164
2026-04-26 12:24:44,240 - INFO - [render-loss] step=263400 masked 8/16 samples (t_value < 0.40)
2026-04-26 12:26:36,190 - INFO - Step  263600 | Epoch  33 | MSE: 0.4744 | Steps/sec: 1.79 | LR: 1.13e-04 | Render_L1: 0.0218 | Alpha_L1: 0.0275 | Render_LPIPS: 0.1458 | Repel: 0.0000 | cos(c,null): +0.4971 | GradNorm: 0.6032 | MSE/t: [0.00-0.25]0.579(n=409) [0.25-0.50]0.520(n=1207) [0.50-0.75]0.423(n=1138) [0.75-1.00]0.388(n=446)
2026-04-26 12:26:36,663 - INFO - [cond] cfg_signal=0.0553 (min=0.0417 max=0.0764, n=16) | class_signal=0.0724 (min=0.0524 max=0.0902, n=16) | pred_rms=0.6008
2026-04-26 12:26:36,719 - INFO - [render-loss] step=263600 masked 6/16 samples (t_value < 0.40)
2026-04-26 12:28:28,527 - INFO - Step  263800 | Epoch  33 | MSE: 0.4785 | Steps/sec: 1.79 | LR: 1.13e-04 | Render_L1: 0.0218 | Alpha_L1: 0.0273 | Render_LPIPS: 0.1468 | Repel: 0.0000 | cos(c,null): +0.4966 | GradNorm: 0.6265 | MSE/t: [0.00-0.25]0.623(n=435) [0.25-0.50]0.515(n=1157) [0.50-0.75]0.429(n=1166) [0.75-1.00]0.371(n=442)
2026-04-26 12:28:29,000 - INFO - [cond] cfg_signal=0.0542 (min=0.0404 max=0.0808, n=16) | class_signal=0.0712 (min=0.0519 max=0.0878, n=16) | pred_rms=0.5972
2026-04-26 12:28:29,054 - INFO - [render-loss] step=263800 masked 7/16 samples (t_value < 0.40)
2026-04-26 12:30:21,174 - INFO - Step  264000 | Epoch  33 | MSE: 0.4707 | Steps/sec: 1.78 | LR: 1.13e-04 | Render_L1: 0.0215 | Alpha_L1: 0.0278 | Render_LPIPS: 0.1442 | Repel: 0.0000 | cos(c,null): +0.4962 | GradNorm: 0.6097 | MSE/t: [0.00-0.25]0.576(n=447) [0.25-0.50]0.516(n=1191) [0.50-0.75]0.413(n=1162) [0.75-1.00]0.386(n=400)
2026-04-26 12:30:21,630 - INFO - [cond] cfg_signal=0.0531 (min=0.0412 max=0.0736, n=16) | class_signal=0.0690 (min=0.0498 max=0.0858, n=16) | pred_rms=0.5915
2026-04-26 12:30:29,655 - INFO - [validation] saved: output/jit_JiT-B_8_from_scratch_null_repel/dit_validation/epoch_033_step_0264000_class031.png (class=31, sampler=heun, steps=100)
2026-04-26 12:30:31,032 - INFO - [overrides] applied from jit/configs/overrides.yaml: lr_scale=1.0 max_grad_norm=5.0 null_repel_weight=0.05 P_mean=0.0
2026-04-26 12:30:31,080 - INFO - [render-loss] step=264000 masked 7/16 samples (t_value < 0.40)
2026-04-26 12:32:23,263 - INFO - Step  264200 | Epoch  33 | MSE: 0.4693 | Steps/sec: 1.64 | LR: 1.13e-04 | Render_L1: 0.0214 | Alpha_L1: 0.0267 | Render_LPIPS: 0.1425 | Repel: 0.0000 | cos(c,null): +0.4958 | GradNorm: 0.6031 | MSE/t: [0.00-0.25]0.581(n=444) [0.25-0.50]0.523(n=1150) [0.50-0.75]0.413(n=1209) [0.75-1.00]0.361(n=397)
2026-04-26 12:32:23,739 - INFO - [cond] cfg_signal=0.0530 (min=0.0408 max=0.0720, n=16) | class_signal=0.0681 (min=0.0485 max=0.0879, n=16) | pred_rms=0.5975
2026-04-26 12:32:23,793 - INFO - [render-loss] step=264200 masked 6/16 samples (t_value < 0.40)
2026-04-26 12:34:15,678 - INFO - Step  264400 | Epoch  33 | MSE: 0.4627 | Steps/sec: 1.79 | LR: 1.13e-04 | Render_L1: 0.0213 | Alpha_L1: 0.0269 | Render_LPIPS: 0.1451 | Repel: 0.0000 | cos(c,null): +0.4963 | GradNorm: 0.5941 | MSE/t: [0.00-0.25]0.580(n=403) [0.25-0.50]0.498(n=1180) [0.50-0.75]0.421(n=1165) [0.75-1.00]0.375(n=452)
2026-04-26 12:34:16,151 - INFO - [cond] cfg_signal=0.0558 (min=0.0439 max=0.0772, n=16) | class_signal=0.0714 (min=0.0505 max=0.0992, n=16) | pred_rms=0.6093
2026-04-26 12:34:16,206 - INFO - [render-loss] step=264400 masked 6/16 samples (t_value < 0.40)
2026-04-26 12:36:08,239 - INFO - Step  264600 | Epoch  33 | MSE: 0.4626 | Steps/sec: 1.78 | LR: 1.12e-04 | Render_L1: 0.0213 | Alpha_L1: 0.0267 | Render_LPIPS: 0.1435 | Repel: 0.0000 | cos(c,null): +0.4969 | GradNorm: 0.5831 | MSE/t: [0.00-0.25]0.561(n=437) [0.25-0.50]0.515(n=1130) [0.50-0.75]0.414(n=1202) [0.75-1.00]0.362(n=431)
2026-04-26 12:36:08,699 - INFO - [cond] cfg_signal=0.0543 (min=0.0435 max=0.0736, n=16) | class_signal=0.0697 (min=0.0502 max=0.0930, n=16) | pred_rms=0.6004
2026-04-26 12:36:08,754 - INFO - [render-loss] step=264600 masked 3/16 samples (t_value < 0.40)
2026-04-26 12:38:01,108 - INFO - Step  264800 | Epoch  33 | MSE: 0.4603 | Steps/sec: 1.78 | LR: 1.12e-04 | Render_L1: 0.0210 | Alpha_L1: 0.0266 | Render_LPIPS: 0.1434 | Repel: 0.0000 | cos(c,null): +0.4967 | GradNorm: 0.5951 | MSE/t: [0.00-0.25]0.601(n=409) [0.25-0.50]0.497(n=1161) [0.50-0.75]0.413(n=1159) [0.75-1.00]0.363(n=471)
2026-04-26 12:38:01,574 - INFO - [cond] cfg_signal=0.0537 (min=0.0437 max=0.0703, n=16) | class_signal=0.0680 (min=0.0506 max=0.0864, n=16) | pred_rms=0.6028
2026-04-26 12:38:01,629 - INFO - [render-loss] step=264800 masked 4/16 samples (t_value < 0.40)
2026-04-26 12:39:54,012 - INFO - Step  265000 | Epoch  33 | MSE: 0.4673 | Steps/sec: 1.78 | LR: 1.12e-04 | Render_L1: 0.0216 | Alpha_L1: 0.0273 | Render_LPIPS: 0.1459 | Repel: 0.0000 | cos(c,null): +0.4978 | GradNorm: 0.6364 | MSE/t: [0.00-0.25]0.595(n=444) [0.25-0.50]0.503(n=1151) [0.50-0.75]0.416(n=1149) [0.75-1.00]0.382(n=456)
2026-04-26 12:39:54,488 - INFO - [cond] cfg_signal=0.0518 (min=0.0406 max=0.0695, n=16) | class_signal=0.0665 (min=0.0503 max=0.0856, n=16) | pred_rms=0.5946
2026-04-26 12:40:02,478 - INFO - [validation] saved: output/jit_JiT-B_8_from_scratch_null_repel/dit_validation/epoch_033_step_0265000_class009.png (class=9, sampler=heun, steps=100)
2026-04-26 12:40:03,707 - INFO - [overrides] applied from jit/configs/overrides.yaml: lr_scale=1.0 max_grad_norm=5.0 null_repel_weight=0.05 P_mean=0.0
2026-04-26 12:40:03,755 - INFO - [render-loss] step=265000 masked 5/16 samples (t_value < 0.40)
2026-04-26 12:41:55,713 - INFO - Step  265200 | Epoch  33 | MSE: 0.4706 | Steps/sec: 1.65 | LR: 1.12e-04 | Render_L1: 0.0215 | Alpha_L1: 0.0275 | Render_LPIPS: 0.1442 | Repel: 0.0000 | cos(c,null): +0.4984 | GradNorm: 0.6098 | MSE/t: [0.00-0.25]0.572(n=466) [0.25-0.50]0.508(n=1137) [0.50-0.75]0.429(n=1181) [0.75-1.00]0.372(n=416)
2026-04-26 12:41:56,185 - INFO - [cond] cfg_signal=0.0533 (min=0.0410 max=0.0711, n=16) | class_signal=0.0683 (min=0.0511 max=0.0910, n=16) | pred_rms=0.5978
2026-04-26 12:41:56,241 - INFO - [render-loss] step=265200 masked 4/16 samples (t_value < 0.40)
2026-04-26 12:43:48,078 - INFO - Step  265400 | Epoch  33 | MSE: 0.4635 | Steps/sec: 1.79 | LR: 1.12e-04 | Render_L1: 0.0222 | Alpha_L1: 0.0283 | Render_LPIPS: 0.1477 | Repel: 0.0000 | cos(c,null): +0.4974 | GradNorm: 0.6814 | MSE/t: [0.00-0.25]0.550(n=433) [0.25-0.50]0.506(n=1149) [0.50-0.75]0.427(n=1167) [0.75-1.00]0.366(n=451)
2026-04-26 12:43:48,565 - INFO - [cond] cfg_signal=0.0577 (min=0.0453 max=0.0781, n=16) | class_signal=0.0736 (min=0.0551 max=0.1013, n=16) | pred_rms=0.6076
2026-04-26 12:43:48,625 - INFO - [render-loss] step=265400 masked 3/16 samples (t_value < 0.40)
2026-04-26 12:45:40,577 - INFO - Step  265600 | Epoch  33 | MSE: 0.4636 | Steps/sec: 1.79 | LR: 1.12e-04 | Render_L1: 0.0215 | Alpha_L1: 0.0271 | Render_LPIPS: 0.1451 | Repel: 0.0000 | cos(c,null): +0.4969 | GradNorm: 0.5934 | MSE/t: [0.00-0.25]0.569(n=430) [0.25-0.50]0.515(n=1173) [0.50-0.75]0.407(n=1177) [0.75-1.00]0.371(n=420)
2026-04-26 12:45:41,038 - INFO - [cond] cfg_signal=0.0565 (min=0.0423 max=0.0813, n=16) | class_signal=0.0722 (min=0.0556 max=0.0966, n=16) | pred_rms=0.6243
2026-04-26 12:45:41,092 - INFO - [render-loss] step=265600 masked 5/16 samples (t_value < 0.40)
2026-04-26 12:47:32,814 - INFO - Step  265800 | Epoch  33 | MSE: 0.4742 | Steps/sec: 1.79 | LR: 1.12e-04 | Render_L1: 0.0215 | Alpha_L1: 0.0274 | Render_LPIPS: 0.1450 | Repel: 0.0000 | cos(c,null): +0.4970 | GradNorm: 0.6991 | MSE/t: [0.00-0.25]0.636(n=449) [0.25-0.50]0.503(n=1167) [0.50-0.75]0.417(n=1153) [0.75-1.00]0.380(n=431)
2026-04-26 12:47:33,276 - INFO - [cond] cfg_signal=0.0557 (min=0.0415 max=0.0740, n=16) | class_signal=0.0715 (min=0.0542 max=0.0918, n=16) | pred_rms=0.6061
2026-04-26 12:47:33,331 - INFO - [render-loss] step=265800 masked 6/16 samples (t_value < 0.40)
2026-04-26 12:49:25,253 - INFO - Step  266000 | Epoch  33 | MSE: 0.4628 | Steps/sec: 1.79 | LR: 1.12e-04 | Render_L1: 0.0213 | Alpha_L1: 0.0272 | Render_LPIPS: 0.1439 | Repel: 0.0000 | cos(c,null): +0.4976 | GradNorm: 0.6391 | MSE/t: [0.00-0.25]0.559(n=463) [0.25-0.50]0.502(n=1181) [0.50-0.75]0.418(n=1133) [0.75-1.00]0.370(n=423)
2026-04-26 12:49:25,716 - INFO - [cond] cfg_signal=0.0542 (min=0.0437 max=0.0700, n=16) | class_signal=0.0691 (min=0.0514 max=0.0921, n=16) | pred_rms=0.5945
2026-04-26 12:49:33,792 - INFO - [validation] saved: output/jit_JiT-B_8_from_scratch_null_repel/dit_validation/epoch_033_step_0266000_class110.png (class=110, sampler=heun, steps=100)
2026-04-26 12:49:35,021 - INFO - [overrides] applied from jit/configs/overrides.yaml: lr_scale=1.0 max_grad_norm=5.0 null_repel_weight=0.05 P_mean=0.0
2026-04-26 12:49:35,107 - INFO - [render-loss] step=266000 masked 8/16 samples (t_value < 0.40)
2026-04-26 12:51:27,461 - INFO - Step  266200 | Epoch  33 | MSE: 0.4676 | Steps/sec: 1.64 | LR: 1.12e-04 | Render_L1: 0.0209 | Alpha_L1: 0.0267 | Render_LPIPS: 0.1429 | Repel: 0.0000 | cos(c,null): +0.4969 | GradNorm: 0.5980 | MSE/t: [0.00-0.25]0.573(n=435) [0.25-0.50]0.513(n=1186) [0.50-0.75]0.411(n=1158) [0.75-1.00]0.387(n=421)
2026-04-26 12:51:27,949 - INFO - [cond] cfg_signal=0.0554 (min=0.0429 max=0.0718, n=16) | class_signal=0.0703 (min=0.0501 max=0.0995, n=16) | pred_rms=0.5933
2026-04-26 12:51:28,009 - INFO - [render-loss] step=266200 masked 7/16 samples (t_value < 0.40)
2026-04-26 12:53:20,394 - INFO - Step  266400 | Epoch  33 | MSE: 0.4683 | Steps/sec: 1.78 | LR: 1.11e-04 | Render_L1: 0.0217 | Alpha_L1: 0.0287 | Render_LPIPS: 0.1442 | Repel: 0.0000 | cos(c,null): +0.4969 | GradNorm: 0.7292 | MSE/t: [0.00-0.25]0.601(n=437) [0.25-0.50]0.494(n=1183) [0.50-0.75]0.418(n=1155) [0.75-1.00]0.397(n=425)
2026-04-26 12:53:20,862 - INFO - [cond] cfg_signal=0.0560 (min=0.0461 max=0.0698, n=16) | class_signal=0.0703 (min=0.0496 max=0.0998, n=16) | pred_rms=0.6024
2026-04-26 12:53:20,917 - INFO - [render-loss] step=266400 masked 6/16 samples (t_value < 0.40)
2026-04-26 12:55:12,783 - INFO - Step  266600 | Epoch  33 | MSE: 0.4716 | Steps/sec: 1.79 | LR: 1.11e-04 | Render_L1: 0.0215 | Alpha_L1: 0.0271 | Render_LPIPS: 0.1450 | Repel: 0.0000 | cos(c,null): +0.4964 | GradNorm: 0.5888 | MSE/t: [0.00-0.25]0.573(n=459) [0.25-0.50]0.519(n=1179) [0.50-0.75]0.415(n=1165) [0.75-1.00]0.378(n=397)
2026-04-26 12:55:13,268 - INFO - [cond] cfg_signal=0.0566 (min=0.0427 max=0.0712, n=16) | class_signal=0.0699 (min=0.0473 max=0.0999, n=16) | pred_rms=0.6009
2026-04-26 12:55:13,325 - INFO - [render-loss] step=266600 masked 4/16 samples (t_value < 0.40)
2026-04-26 12:57:05,505 - INFO - Step  266800 | Epoch  33 | MSE: 0.4690 | Steps/sec: 1.78 | LR: 1.11e-04 | Render_L1: 0.0211 | Alpha_L1: 0.0273 | Render_LPIPS: 0.1444 | Repel: 0.0000 | cos(c,null): +0.4957 | GradNorm: 0.6546 | MSE/t: [0.00-0.25]0.591(n=432) [0.25-0.50]0.514(n=1117) [0.50-0.75]0.420(n=1218) [0.75-1.00]0.370(n=433)
2026-04-26 12:57:06,002 - INFO - [cond] cfg_signal=0.0562 (min=0.0419 max=0.0702, n=16) | class_signal=0.0691 (min=0.0460 max=0.0987, n=16) | pred_rms=0.5905
2026-04-26 12:57:06,059 - INFO - [render-loss] step=266800 masked 6/16 samples (t_value < 0.40)
2026-04-26 12:58:58,351 - INFO - Step  267000 | Epoch  33 | MSE: 0.4665 | Steps/sec: 1.78 | LR: 1.11e-04 | Render_L1: 0.0212 | Alpha_L1: 0.0268 | Render_LPIPS: 0.1435 | Repel: 0.0000 | cos(c,null): +0.4956 | GradNorm: 0.5904 | MSE/t: [0.00-0.25]0.590(n=433) [0.25-0.50]0.509(n=1205) [0.50-0.75]0.406(n=1163) [0.75-1.00]0.378(n=399)
2026-04-26 12:58:58,812 - INFO - [cond] cfg_signal=0.0562 (min=0.0418 max=0.0710, n=16) | class_signal=0.0699 (min=0.0502 max=0.0967, n=16) | pred_rms=0.5905
2026-04-26 12:59:06,770 - INFO - [validation] saved: output/jit_JiT-B_8_from_scratch_null_repel/dit_validation/epoch_033_step_0267000_class034.png (class=34, sampler=heun, steps=100)
2026-04-26 12:59:07,986 - INFO - [overrides] applied from jit/configs/overrides.yaml: lr_scale=1.0 max_grad_norm=5.0 null_repel_weight=0.05 P_mean=0.0
2026-04-26 12:59:08,035 - INFO - [render-loss] step=267000 masked 6/16 samples (t_value < 0.40)
2026-04-26 13:01:00,042 - INFO - Step  267200 | Epoch  33 | MSE: 0.4598 | Steps/sec: 1.65 | LR: 1.11e-04 | Render_L1: 0.0213 | Alpha_L1: 0.0268 | Render_LPIPS: 0.1433 | Repel: 0.0000 | cos(c,null): +0.4954 | GradNorm: 0.6045 | MSE/t: [0.00-0.25]0.564(n=414) [0.25-0.50]0.507(n=1162) [0.50-0.75]0.405(n=1158) [0.75-1.00]0.385(n=466)
2026-04-26 13:01:00,689 - INFO - [cond] cfg_signal=0.0574 (min=0.0420 max=0.0701, n=16) | class_signal=0.0704 (min=0.0487 max=0.0971, n=16) | pred_rms=0.5850
2026-04-26 13:01:00,786 - INFO - [render-loss] step=267200 masked 7/16 samples (t_value < 0.40)
2026-04-26 13:02:52,469 - INFO - Step  267400 | Epoch  33 | MSE: 0.4655 | Steps/sec: 1.79 | LR: 1.11e-04 | Render_L1: 0.0213 | Alpha_L1: 0.0267 | Render_LPIPS: 0.1441 | Repel: 0.0000 | cos(c,null): +0.4955 | GradNorm: 0.6774 | MSE/t: [0.00-0.25]0.573(n=436) [0.25-0.50]0.513(n=1173) [0.50-0.75]0.418(n=1172) [0.75-1.00]0.355(n=419)
2026-04-26 13:02:52,935 - INFO - [cond] cfg_signal=0.0541 (min=0.0410 max=0.0654, n=16) | class_signal=0.0677 (min=0.0509 max=0.0889, n=16) | pred_rms=0.5721
2026-04-26 13:02:52,989 - INFO - [render-loss] step=267400 masked 9/16 samples (t_value < 0.40)
2026-04-26 13:04:45,494 - INFO - Step  267600 | Epoch  33 | MSE: 0.4739 | Steps/sec: 1.78 | LR: 1.11e-04 | Render_L1: 0.0217 | Alpha_L1: 0.0272 | Render_LPIPS: 0.1459 | Repel: 0.0000 | cos(c,null): +0.4960 | GradNorm: 0.6476 | MSE/t: [0.00-0.25]0.599(n=435) [0.25-0.50]0.518(n=1151) [0.50-0.75]0.416(n=1153) [0.75-1.00]0.391(n=461)
2026-04-26 13:04:46,000 - INFO - [cond] cfg_signal=0.0531 (min=0.0418 max=0.0678, n=16) | class_signal=0.0673 (min=0.0529 max=0.0847, n=16) | pred_rms=0.5938
2026-04-26 13:04:46,056 - INFO - [render-loss] step=267600 masked 6/16 samples (t_value < 0.40)
2026-04-26 13:06:38,181 - INFO - Step  267800 | Epoch  33 | MSE: 0.4666 | Steps/sec: 1.78 | LR: 1.11e-04 | Render_L1: 0.0212 | Alpha_L1: 0.0271 | Render_LPIPS: 0.1434 | Repel: 0.0000 | cos(c,null): +0.4965 | GradNorm: 0.6104 | MSE/t: [0.00-0.25]0.580(n=413) [0.25-0.50]0.509(n=1232) [0.50-0.75]0.419(n=1147) [0.75-1.00]0.355(n=408)
2026-04-26 13:06:38,644 - INFO - [cond] cfg_signal=0.0532 (min=0.0413 max=0.0672, n=16) | class_signal=0.0673 (min=0.0535 max=0.0895, n=16) | pred_rms=0.5883
2026-04-26 13:06:38,699 - INFO - [render-loss] step=267800 masked 5/16 samples (t_value < 0.40)
2026-04-26 13:08:30,819 - INFO - Step  268000 | Epoch  33 | MSE: 0.4651 | Steps/sec: 1.78 | LR: 1.11e-04 | Render_L1: 0.0214 | Alpha_L1: 0.0269 | Render_LPIPS: 0.1444 | Repel: 0.0000 | cos(c,null): +0.4962 | GradNorm: 0.6176 | MSE/t: [0.00-0.25]0.589(n=430) [0.25-0.50]0.513(n=1138) [0.50-0.75]0.411(n=1159) [0.75-1.00]0.371(n=473)
2026-04-26 13:08:31,271 - INFO - [cond] cfg_signal=0.0525 (min=0.0413 max=0.0658, n=16) | class_signal=0.0657 (min=0.0508 max=0.0865, n=16) | pred_rms=0.5655
2026-04-26 13:08:39,355 - INFO - [validation] saved: output/jit_JiT-B_8_from_scratch_null_repel/dit_validation/epoch_033_step_0268000_class063.png (class=63, sampler=heun, steps=100)
2026-04-26 13:08:40,579 - INFO - [overrides] applied from jit/configs/overrides.yaml: lr_scale=1.0 max_grad_norm=5.0 null_repel_weight=0.05 P_mean=0.0
2026-04-26 13:08:40,626 - INFO - [render-loss] step=268000 masked 4/16 samples (t_value < 0.40)
2026-04-26 13:10:32,729 - INFO - Step  268200 | Epoch  33 | MSE: 0.4742 | Steps/sec: 1.65 | LR: 1.10e-04 | Render_L1: 0.0214 | Alpha_L1: 0.0273 | Render_LPIPS: 0.1438 | Repel: 0.0000 | cos(c,null): +0.4958 | GradNorm: 0.6051 | MSE/t: [0.00-0.25]0.585(n=451) [0.25-0.50]0.518(n=1170) [0.50-0.75]0.425(n=1164) [0.75-1.00]0.367(n=415)
2026-04-26 13:10:33,192 - INFO - [cond] cfg_signal=0.0522 (min=0.0423 max=0.0667, n=16) | class_signal=0.0650 (min=0.0507 max=0.0834, n=16) | pred_rms=0.5778
2026-04-26 13:10:33,247 - INFO - [render-loss] step=268200 masked 5/16 samples (t_value < 0.40)
2026-04-26 13:12:25,182 - INFO - Step  268400 | Epoch  33 | MSE: 0.4599 | Steps/sec: 1.79 | LR: 1.10e-04 | Render_L1: 0.0210 | Alpha_L1: 0.0269 | Render_LPIPS: 0.1435 | Repel: 0.0000 | cos(c,null): +0.4957 | GradNorm: 0.5919 | MSE/t: [0.00-0.25]0.571(n=437) [0.25-0.50]0.500(n=1194) [0.50-0.75]0.407(n=1128) [0.75-1.00]0.378(n=441)
2026-04-26 13:12:25,650 - INFO - [cond] cfg_signal=0.0537 (min=0.0430 max=0.0696, n=16) | class_signal=0.0672 (min=0.0511 max=0.0860, n=16) | pred_rms=0.5839
2026-04-26 13:12:25,707 - INFO - [render-loss] step=268400 masked 4/16 samples (t_value < 0.40)
2026-04-26 13:14:17,458 - INFO - Step  268600 | Epoch  33 | MSE: 0.4703 | Steps/sec: 1.79 | LR: 1.10e-04 | Render_L1: 0.0217 | Alpha_L1: 0.0277 | Render_LPIPS: 0.1439 | Repel: 0.0000 | cos(c,null): +0.4964 | GradNorm: 0.6106 | MSE/t: [0.00-0.25]0.585(n=439) [0.25-0.50]0.514(n=1150) [0.50-0.75]0.413(n=1198) [0.75-1.00]0.392(n=413)
2026-04-26 13:14:17,918 - INFO - [cond] cfg_signal=0.0543 (min=0.0422 max=0.0688, n=16) | class_signal=0.0686 (min=0.0535 max=0.0869, n=16) | pred_rms=0.5765
2026-04-26 13:14:17,973 - INFO - [render-loss] step=268600 masked 5/16 samples (t_value < 0.40)
2026-04-26 13:16:09,605 - INFO - Step  268800 | Epoch  33 | MSE: 0.4743 | Steps/sec: 1.79 | LR: 1.10e-04 | Render_L1: 0.0222 | Alpha_L1: 0.0282 | Render_LPIPS: 0.1483 | Repel: 0.0000 | cos(c,null): +0.4960 | GradNorm: 0.6146 | MSE/t: [0.00-0.25]0.583(n=447) [0.25-0.50]0.507(n=1137) [0.50-0.75]0.431(n=1160) [0.75-1.00]0.396(n=456)
2026-04-26 13:16:10,094 - INFO - [cond] cfg_signal=0.0549 (min=0.0430 max=0.0718, n=16) | class_signal=0.0694 (min=0.0483 max=0.0909, n=16) | pred_rms=0.5938
2026-04-26 13:16:10,148 - INFO - [render-loss] step=268800 masked 5/16 samples (t_value < 0.40)
2026-04-26 13:18:02,403 - INFO - Step  269000 | Epoch  33 | MSE: 0.4768 | Steps/sec: 1.78 | LR: 1.10e-04 | Render_L1: 0.0217 | Alpha_L1: 0.0270 | Render_LPIPS: 0.1458 | Repel: 0.0000 | cos(c,null): +0.4968 | GradNorm: 0.6135 | MSE/t: [0.00-0.25]0.573(n=427) [0.25-0.50]0.529(n=1171) [0.50-0.75]0.423(n=1151) [0.75-1.00]0.389(n=451)
2026-04-26 13:18:02,858 - INFO - [cond] cfg_signal=0.0533 (min=0.0415 max=0.0739, n=16) | class_signal=0.0672 (min=0.0493 max=0.0844, n=16) | pred_rms=0.5883
2026-04-26 13:18:10,944 - INFO - [validation] saved: output/jit_JiT-B_8_from_scratch_null_repel/dit_validation/epoch_033_step_0269000_class073.png (class=73, sampler=heun, steps=100)
2026-04-26 13:18:12,340 - INFO - [overrides] applied from jit/configs/overrides.yaml: lr_scale=1.0 max_grad_norm=5.0 null_repel_weight=0.05 P_mean=0.0
2026-04-26 13:18:12,390 - INFO - [render-loss] step=269000 masked 5/16 samples (t_value < 0.40)
2026-04-26 13:20:04,552 - INFO - Step  269200 | Epoch  33 | MSE: 0.4706 | Steps/sec: 1.64 | LR: 1.10e-04 | Render_L1: 0.0213 | Alpha_L1: 0.0270 | Render_LPIPS: 0.1429 | Repel: 0.0000 | cos(c,null): +0.4965 | GradNorm: 0.5805 | MSE/t: [0.00-0.25]0.568(n=420) [0.25-0.50]0.523(n=1192) [0.50-0.75]0.416(n=1154) [0.75-1.00]0.378(n=434)
2026-04-26 13:20:05,013 - INFO - [cond] cfg_signal=0.0524 (min=0.0418 max=0.0683, n=16) | class_signal=0.0662 (min=0.0498 max=0.0845, n=16) | pred_rms=0.5924
2026-04-26 13:20:05,068 - INFO - [render-loss] step=269200 masked 6/16 samples (t_value < 0.40)
2026-04-26 13:21:56,701 - INFO - Step  269400 | Epoch  33 | MSE: 0.4705 | Steps/sec: 1.79 | LR: 1.10e-04 | Render_L1: 0.0215 | Alpha_L1: 0.0270 | Render_LPIPS: 0.1450 | Repel: 0.0000 | cos(c,null): +0.4963 | GradNorm: 0.5955 | MSE/t: [0.00-0.25]0.578(n=441) [0.25-0.50]0.515(n=1229) [0.50-0.75]0.413(n=1118) [0.75-1.00]0.379(n=412)
2026-04-26 13:21:57,166 - INFO - [cond] cfg_signal=0.0528 (min=0.0400 max=0.0706, n=16) | class_signal=0.0664 (min=0.0497 max=0.0841, n=16) | pred_rms=0.5935
2026-04-26 13:21:57,221 - INFO - [render-loss] step=269400 masked 4/16 samples (t_value < 0.40)
2026-04-26 13:23:49,030 - INFO - Step  269600 | Epoch  33 | MSE: 0.4706 | Steps/sec: 1.79 | LR: 1.10e-04 | Render_L1: 0.0213 | Alpha_L1: 0.0269 | Render_LPIPS: 0.1444 | Repel: 0.0000 | cos(c,null): +0.4960 | GradNorm: 0.6194 | MSE/t: [0.00-0.25]0.577(n=450) [0.25-0.50]0.514(n=1120) [0.50-0.75]0.421(n=1215) [0.75-1.00]0.385(n=415)
2026-04-26 13:23:49,516 - INFO - [cond] cfg_signal=0.0558 (min=0.0430 max=0.0720, n=16) | class_signal=0.0694 (min=0.0522 max=0.0877, n=16) | pred_rms=0.6057
2026-04-26 13:23:49,573 - INFO - [render-loss] step=269600 masked 3/16 samples (t_value < 0.40)
2026-04-26 13:25:41,659 - INFO - Step  269800 | Epoch  33 | MSE: 0.4657 | Steps/sec: 1.78 | LR: 1.10e-04 | Render_L1: 0.0215 | Alpha_L1: 0.0274 | Render_LPIPS: 0.1444 | Repel: 0.0000 | cos(c,null): +0.4966 | GradNorm: 0.5866 | MSE/t: [0.00-0.25]0.607(n=432) [0.25-0.50]0.503(n=1163) [0.50-0.75]0.413(n=1166) [0.75-1.00]0.366(n=439)
2026-04-26 13:25:42,176 - INFO - [cond] cfg_signal=0.0523 (min=0.0391 max=0.0709, n=16) | class_signal=0.0655 (min=0.0477 max=0.0831, n=16) | pred_rms=0.5898
2026-04-26 13:25:42,236 - INFO - [render-loss] step=269800 masked 3/16 samples (t_value < 0.40)
2026-04-26 13:27:34,331 - INFO - Step  270000 | Epoch  33 | MSE: 0.4718 | Steps/sec: 1.78 | LR: 1.10e-04 | Render_L1: 0.0210 | Alpha_L1: 0.0272 | Render_LPIPS: 0.1408 | Repel: 0.0000 | cos(c,null): +0.4970 | GradNorm: 0.6154 | MSE/t: [0.00-0.25]0.611(n=398) [0.25-0.50]0.507(n=1142) [0.50-0.75]0.429(n=1256) [0.75-1.00]0.369(n=404)
2026-04-26 13:27:34,804 - INFO - [cond] cfg_signal=0.0518 (min=0.0385 max=0.0699, n=16) | class_signal=0.0657 (min=0.0471 max=0.0842, n=16) | pred_rms=0.5952
2026-04-26 13:27:42,796 - INFO - [validation] saved: output/jit_JiT-B_8_from_scratch_null_repel/dit_validation/epoch_033_step_0270000_class020.png (class=20, sampler=heun, steps=100)
2026-04-26 13:27:44,026 - INFO - [overrides] applied from jit/configs/overrides.yaml: lr_scale=1.0 max_grad_norm=5.0 null_repel_weight=0.05 P_mean=0.0
2026-04-26 13:27:44,077 - INFO - [render-loss] step=270000 masked 4/16 samples (t_value < 0.40)
2026-04-26 13:29:35,905 - INFO - Step  270200 | Epoch  33 | MSE: 0.4692 | Steps/sec: 1.65 | LR: 1.09e-04 | Render_L1: 0.0212 | Alpha_L1: 0.0271 | Render_LPIPS: 0.1437 | Repel: 0.0000 | cos(c,null): +0.4959 | GradNorm: 0.9222 | MSE/t: [0.00-0.25]0.608(n=412) [0.25-0.50]0.501(n=1181) [0.50-0.75]0.420(n=1160) [0.75-1.00]0.384(n=447)
2026-04-26 13:29:36,368 - INFO - [cond] cfg_signal=0.0533 (min=0.0404 max=0.0683, n=16) | class_signal=0.0659 (min=0.0469 max=0.0857, n=16) | pred_rms=0.5787
2026-04-26 13:29:36,423 - INFO - [render-loss] step=270200 masked 4/16 samples (t_value < 0.40)
2026-04-26 13:31:30,088 - INFO - Step  270400 | Epoch  34 | MSE: 0.4644 | Steps/sec: 1.76 | LR: 1.09e-04 | Render_L1: 0.0210 | Alpha_L1: 0.0264 | Render_LPIPS: 0.1432 | Repel: 0.0000 | cos(c,null): +0.4954 | GradNorm: 0.6143 | MSE/t: [0.00-0.25]0.585(n=444) [0.25-0.50]0.498(n=1199) [0.50-0.75]0.416(n=1127) [0.75-1.00]0.373(n=430)
2026-04-26 13:31:30,558 - INFO - [cond] cfg_signal=0.0538 (min=0.0414 max=0.0718, n=16) | class_signal=0.0672 (min=0.0485 max=0.0841, n=16) | pred_rms=0.5926
2026-04-26 13:31:30,617 - INFO - [render-loss] step=270400 masked 5/16 samples (t_value < 0.40)
2026-04-26 13:33:22,787 - INFO - Step  270600 | Epoch  34 | MSE: 0.4745 | Steps/sec: 1.78 | LR: 1.09e-04 | Render_L1: 0.0216 | Alpha_L1: 0.0276 | Render_LPIPS: 0.1459 | Repel: 0.0000 | cos(c,null): +0.4962 | GradNorm: 0.6414 | MSE/t: [0.00-0.25]0.587(n=410) [0.25-0.50]0.510(n=1201) [0.50-0.75]0.431(n=1128) [0.75-1.00]0.389(n=461)
2026-04-26 13:33:23,294 - INFO - [cond] cfg_signal=0.0539 (min=0.0432 max=0.0757, n=16) | class_signal=0.0676 (min=0.0491 max=0.0834, n=16) | pred_rms=0.5946
2026-04-26 13:33:23,353 - INFO - [render-loss] step=270600 masked 7/16 samples (t_value < 0.40)
2026-04-26 13:35:15,493 - INFO - Step  270800 | Epoch  34 | MSE: 0.4749 | Steps/sec: 1.78 | LR: 1.09e-04 | Render_L1: 0.0221 | Alpha_L1: 0.0276 | Render_LPIPS: 0.1463 | Repel: 0.0000 | cos(c,null): +0.4965 | GradNorm: 0.6161 | MSE/t: [0.00-0.25]0.595(n=430) [0.25-0.50]0.530(n=1173) [0.50-0.75]0.416(n=1137) [0.75-1.00]0.368(n=460)
2026-04-26 13:35:15,974 - INFO - [cond] cfg_signal=0.0533 (min=0.0422 max=0.0712, n=16) | class_signal=0.0668 (min=0.0491 max=0.0812, n=16) | pred_rms=0.5801
2026-04-26 13:35:16,031 - INFO - [render-loss] step=270800 masked 2/16 samples (t_value < 0.40)
2026-04-26 13:37:08,101 - INFO - Step  271000 | Epoch  34 | MSE: 0.4704 | Steps/sec: 1.78 | LR: 1.09e-04 | Render_L1: 0.0213 | Alpha_L1: 0.0267 | Render_LPIPS: 0.1445 | Repel: 0.0000 | cos(c,null): +0.4970 | GradNorm: 0.5721 | MSE/t: [0.00-0.25]0.571(n=442) [0.25-0.50]0.511(n=1191) [0.50-0.75]0.426(n=1142) [0.75-1.00]0.370(n=425)
2026-04-26 13:37:08,556 - INFO - [cond] cfg_signal=0.0525 (min=0.0401 max=0.0725, n=16) | class_signal=0.0669 (min=0.0486 max=0.0855, n=16) | pred_rms=0.5680
2026-04-26 13:37:16,595 - INFO - [validation] saved: output/jit_JiT-B_8_from_scratch_null_repel/dit_validation/epoch_034_step_0271000_class059.png (class=59, sampler=heun, steps=100)
2026-04-26 13:37:17,826 - INFO - [overrides] applied from jit/configs/overrides.yaml: lr_scale=1.0 max_grad_norm=5.0 null_repel_weight=0.05 P_mean=0.0
2026-04-26 13:37:17,873 - INFO - [render-loss] step=271000 masked 7/16 samples (t_value < 0.40)
2026-04-26 13:39:09,704 - INFO - Step  271200 | Epoch  34 | MSE: 0.4721 | Steps/sec: 1.65 | LR: 1.09e-04 | Render_L1: 0.0213 | Alpha_L1: 0.0278 | Render_LPIPS: 0.1428 | Repel: 0.0000 | cos(c,null): +0.4967 | GradNorm: 0.6210 | MSE/t: [0.00-0.25]0.586(n=480) [0.25-0.50]0.523(n=1109) [0.50-0.75]0.409(n=1179) [0.75-1.00]0.388(n=432)
2026-04-26 13:39:10,164 - INFO - [cond] cfg_signal=0.0531 (min=0.0418 max=0.0751, n=16) | class_signal=0.0672 (min=0.0492 max=0.0886, n=16) | pred_rms=0.5831
2026-04-26 13:39:10,220 - INFO - [render-loss] step=271200 masked 2/16 samples (t_value < 0.40)
2026-04-26 13:41:02,249 - INFO - Step  271400 | Epoch  34 | MSE: 0.4704 | Steps/sec: 1.78 | LR: 1.09e-04 | Render_L1: 0.0213 | Alpha_L1: 0.0266 | Render_LPIPS: 0.1448 | Repel: 0.0000 | cos(c,null): +0.4976 | GradNorm: 0.5864 | MSE/t: [0.00-0.25]0.597(n=412) [0.25-0.50]0.509(n=1173) [0.50-0.75]0.425(n=1157) [0.75-1.00]0.371(n=458)
2026-04-26 13:41:02,704 - INFO - [cond] cfg_signal=0.0533 (min=0.0413 max=0.0752, n=16) | class_signal=0.0676 (min=0.0485 max=0.0907, n=16) | pred_rms=0.5811
2026-04-26 13:41:02,758 - INFO - [render-loss] step=271400 masked 5/16 samples (t_value < 0.40)
2026-04-26 13:42:54,988 - INFO - Step  271600 | Epoch  34 | MSE: 0.4736 | Steps/sec: 1.78 | LR: 1.09e-04 | Render_L1: 0.0215 | Alpha_L1: 0.0273 | Render_LPIPS: 0.1444 | Repel: 0.0000 | cos(c,null): +0.4973 | GradNorm: 0.6086 | MSE/t: [0.00-0.25]0.597(n=459) [0.25-0.50]0.515(n=1173) [0.50-0.75]0.418(n=1137) [0.75-1.00]0.375(n=431)
2026-04-26 13:42:55,461 - INFO - [cond] cfg_signal=0.0532 (min=0.0430 max=0.0743, n=16) | class_signal=0.0673 (min=0.0497 max=0.0883, n=16) | pred_rms=0.5973
2026-04-26 13:42:55,519 - INFO - [render-loss] step=271600 masked 4/16 samples (t_value < 0.40)
2026-04-26 13:44:47,764 - INFO - Step  271800 | Epoch  34 | MSE: 0.4766 | Steps/sec: 1.78 | LR: 1.09e-04 | Render_L1: 0.0217 | Alpha_L1: 0.0281 | Render_LPIPS: 0.1456 | Repel: 0.0000 | cos(c,null): +0.4975 | GradNorm: 0.6387 | MSE/t: [0.00-0.25]0.571(n=432) [0.25-0.50]0.505(n=1227) [0.50-0.75]0.443(n=1122) [0.75-1.00]0.387(n=419)
2026-04-26 13:44:48,243 - INFO - [cond] cfg_signal=0.0548 (min=0.0442 max=0.0783, n=16) | class_signal=0.0698 (min=0.0523 max=0.0913, n=16) | pred_rms=0.6354
2026-04-26 13:44:48,301 - INFO - [render-loss] step=271800 masked 8/16 samples (t_value < 0.40)
2026-04-26 13:46:39,999 - INFO - Step  272000 | Epoch  34 | MSE: 0.4717 | Steps/sec: 1.79 | LR: 1.08e-04 | Render_L1: 0.0214 | Alpha_L1: 0.0269 | Render_LPIPS: 0.1437 | Repel: 0.0000 | cos(c,null): +0.4972 | GradNorm: 0.6038 | MSE/t: [0.00-0.25]0.589(n=452) [0.25-0.50]0.504(n=1171) [0.50-0.75]0.430(n=1124) [0.75-1.00]0.376(n=453)
2026-04-26 13:46:40,482 - INFO - [cond] cfg_signal=0.0557 (min=0.0436 max=0.0771, n=16) | class_signal=0.0696 (min=0.0519 max=0.0898, n=16) | pred_rms=0.6156
2026-04-26 13:46:48,528 - INFO - [validation] saved: output/jit_JiT-B_8_from_scratch_null_repel/dit_validation/epoch_034_step_0272000_class068.png (class=68, sampler=heun, steps=100)
2026-04-26 13:46:49,763 - INFO - [overrides] applied from jit/configs/overrides.yaml: lr_scale=1.0 max_grad_norm=5.0 null_repel_weight=0.05 P_mean=0.0
2026-04-26 13:46:49,810 - INFO - [render-loss] step=272000 masked 5/16 samples (t_value < 0.40)
2026-04-26 13:48:41,611 - INFO - Step  272200 | Epoch  34 | MSE: 0.4609 | Steps/sec: 1.65 | LR: 1.08e-04 | Render_L1: 0.0214 | Alpha_L1: 0.0270 | Render_LPIPS: 0.1435 | Repel: 0.0000 | cos(c,null): +0.4966 | GradNorm: 0.6104 | MSE/t: [0.00-0.25]0.594(n=441) [0.25-0.50]0.487(n=1213) [0.50-0.75]0.421(n=1125) [0.75-1.00]0.352(n=421)
2026-04-26 13:48:42,081 - INFO - [cond] cfg_signal=0.0556 (min=0.0430 max=0.0769, n=16) | class_signal=0.0707 (min=0.0522 max=0.0843, n=16) | pred_rms=0.6157
2026-04-26 13:48:42,136 - INFO - [render-loss] step=272200 masked 4/16 samples (t_value < 0.40)
2026-04-26 13:50:33,756 - INFO - Step  272400 | Epoch  34 | MSE: 0.4753 | Steps/sec: 1.79 | LR: 1.08e-04 | Render_L1: 0.0214 | Alpha_L1: 0.0276 | Render_LPIPS: 0.1462 | Repel: 0.0000 | cos(c,null): +0.4966 | GradNorm: 2.7679 | MSE/t: [0.00-0.25]0.575(n=438) [0.25-0.50]0.517(n=1170) [0.50-0.75]0.438(n=1171) [0.75-1.00]0.361(n=421)
2026-04-26 13:50:34,303 - INFO - [cond] cfg_signal=0.0550 (min=0.0412 max=0.0723, n=16) | class_signal=0.0689 (min=0.0526 max=0.0840, n=16) | pred_rms=0.6007
2026-04-26 13:50:34,358 - INFO - [render-loss] step=272400 masked 11/16 samples (t_value < 0.40)
2026-04-26 13:52:26,581 - INFO - Step  272600 | Epoch  34 | MSE: 0.4640 | Steps/sec: 1.78 | LR: 1.08e-04 | Render_L1: 0.0211 | Alpha_L1: 0.0263 | Render_LPIPS: 0.1431 | Repel: 0.0000 | cos(c,null): +0.4972 | GradNorm: 0.8017 | MSE/t: [0.00-0.25]0.568(n=453) [0.25-0.50]0.505(n=1095) [0.50-0.75]0.425(n=1169) [0.75-1.00]0.369(n=483)
2026-04-26 13:52:27,036 - INFO - [cond] cfg_signal=0.0558 (min=0.0416 max=0.0762, n=16) | class_signal=0.0710 (min=0.0551 max=0.0903, n=16) | pred_rms=0.6136
2026-04-26 13:52:27,090 - INFO - [render-loss] step=272600 masked 5/16 samples (t_value < 0.40)
2026-04-26 13:54:19,209 - INFO - Step  272800 | Epoch  34 | MSE: 0.4631 | Steps/sec: 1.78 | LR: 1.08e-04 | Render_L1: 0.0208 | Alpha_L1: 0.0263 | Render_LPIPS: 0.1421 | Repel: 0.0000 | cos(c,null): +0.4970 | GradNorm: 0.6021 | MSE/t: [0.00-0.25]0.569(n=446) [0.25-0.50]0.499(n=1175) [0.50-0.75]0.411(n=1128) [0.75-1.00]0.394(n=451)
2026-04-26 13:54:19,692 - INFO - [cond] cfg_signal=0.0556 (min=0.0415 max=0.0769, n=16) | class_signal=0.0701 (min=0.0528 max=0.0856, n=16) | pred_rms=0.6009
2026-04-26 13:54:19,747 - INFO - [render-loss] step=272800 masked 8/16 samples (t_value < 0.40)
2026-04-26 13:56:11,389 - INFO - Step  273000 | Epoch  34 | MSE: 0.4646 | Steps/sec: 1.79 | LR: 1.08e-04 | Render_L1: 0.0210 | Alpha_L1: 0.0270 | Render_LPIPS: 0.1428 | Repel: 0.0000 | cos(c,null): +0.4964 | GradNorm: 0.5906 | MSE/t: [0.00-0.25]0.566(n=421) [0.25-0.50]0.503(n=1113) [0.50-0.75]0.421(n=1224) [0.75-1.00]0.393(n=442)
2026-04-26 13:56:11,841 - INFO - [cond] cfg_signal=0.0563 (min=0.0422 max=0.0728, n=16) | class_signal=0.0713 (min=0.0545 max=0.0892, n=16) | pred_rms=0.6039
2026-04-26 13:56:19,863 - INFO - [validation] saved: output/jit_JiT-B_8_from_scratch_null_repel/dit_validation/epoch_034_step_0273000_class093.png (class=93, sampler=heun, steps=100)
2026-04-26 13:56:21,093 - INFO - [overrides] applied from jit/configs/overrides.yaml: lr_scale=1.0 max_grad_norm=5.0 null_repel_weight=0.05 P_mean=0.0
2026-04-26 13:56:21,145 - INFO - [render-loss] step=273000 masked 8/16 samples (t_value < 0.40)
2026-04-26 13:58:13,179 - INFO - Step  273200 | Epoch  34 | MSE: 0.4720 | Steps/sec: 1.65 | LR: 1.08e-04 | Render_L1: 0.0214 | Alpha_L1: 0.0272 | Render_LPIPS: 0.1461 | Repel: 0.0000 | cos(c,null): +0.4962 | GradNorm: 0.6008 | MSE/t: [0.00-0.25]0.572(n=444) [0.25-0.50]0.505(n=1174) [0.50-0.75]0.431(n=1139) [0.75-1.00]0.390(n=443)
2026-04-26 13:58:13,639 - INFO - [cond] cfg_signal=0.0577 (min=0.0433 max=0.0797, n=16) | class_signal=0.0730 (min=0.0570 max=0.0868, n=16) | pred_rms=0.6152
2026-04-26 13:58:13,698 - INFO - [render-loss] step=273200 masked 8/16 samples (t_value < 0.40)
2026-04-26 14:00:05,924 - INFO - Step  273400 | Epoch  34 | MSE: 0.4663 | Steps/sec: 1.78 | LR: 1.08e-04 | Render_L1: 0.0216 | Alpha_L1: 0.0269 | Render_LPIPS: 0.1447 | Repel: 0.0000 | cos(c,null): +0.4959 | GradNorm: 0.6194 | MSE/t: [0.00-0.25]0.575(n=421) [0.25-0.50]0.510(n=1199) [0.50-0.75]0.417(n=1137) [0.75-1.00]0.369(n=443)
2026-04-26 14:00:06,399 - INFO - [cond] cfg_signal=0.0565 (min=0.0405 max=0.0760, n=16) | class_signal=0.0709 (min=0.0533 max=0.0886, n=16) | pred_rms=0.6226
2026-04-26 14:00:06,455 - INFO - [render-loss] step=273400 masked 6/16 samples (t_value < 0.40)
2026-04-26 14:01:58,345 - INFO - Step  273600 | Epoch  34 | MSE: 0.4623 | Steps/sec: 1.79 | LR: 1.08e-04 | Render_L1: 0.0212 | Alpha_L1: 0.0268 | Render_LPIPS: 0.1421 | Repel: 0.0000 | cos(c,null): +0.4963 | GradNorm: 0.5937 | MSE/t: [0.00-0.25]0.580(n=479) [0.25-0.50]0.490(n=1142) [0.50-0.75]0.421(n=1147) [0.75-1.00]0.369(n=432)
2026-04-26 14:01:58,810 - INFO - [cond] cfg_signal=0.0558 (min=0.0406 max=0.0763, n=16) | class_signal=0.0707 (min=0.0526 max=0.0846, n=16) | pred_rms=0.6100
2026-04-26 14:01:58,865 - INFO - [render-loss] step=273600 masked 9/16 samples (t_value < 0.40)
2026-04-26 14:03:50,653 - INFO - Step  273800 | Epoch  34 | MSE: 0.4674 | Steps/sec: 1.79 | LR: 1.07e-04 | Render_L1: 0.0212 | Alpha_L1: 0.0265 | Render_LPIPS: 0.1432 | Repel: 0.0000 | cos(c,null): +0.4960 | GradNorm: 0.6108 | MSE/t: [0.00-0.25]0.579(n=440) [0.25-0.50]0.504(n=1144) [0.50-0.75]0.429(n=1167) [0.75-1.00]0.364(n=449)
2026-04-26 14:03:51,121 - INFO - [cond] cfg_signal=0.0557 (min=0.0430 max=0.0739, n=16) | class_signal=0.0699 (min=0.0523 max=0.0857, n=16) | pred_rms=0.6027
2026-04-26 14:03:51,176 - INFO - [render-loss] step=273800 masked 9/16 samples (t_value < 0.40)
2026-04-26 14:05:43,016 - INFO - Step  274000 | Epoch  34 | MSE: 0.4773 | Steps/sec: 1.79 | LR: 1.07e-04 | Render_L1: 0.0217 | Alpha_L1: 0.0272 | Render_LPIPS: 0.1455 | Repel: 0.0000 | cos(c,null): +0.4955 | GradNorm: 0.6116 | MSE/t: [0.00-0.25]0.599(n=432) [0.25-0.50]0.523(n=1225) [0.50-0.75]0.418(n=1123) [0.75-1.00]0.376(n=420)
2026-04-26 14:05:43,681 - INFO - [cond] cfg_signal=0.0576 (min=0.0430 max=0.0789, n=16) | class_signal=0.0717 (min=0.0529 max=0.0894, n=16) | pred_rms=0.6129
2026-04-26 14:05:51,699 - INFO - [validation] saved: output/jit_JiT-B_8_from_scratch_null_repel/dit_validation/epoch_034_step_0274000_class046.png (class=46, sampler=heun, steps=100)
2026-04-26 14:05:53,093 - INFO - [overrides] applied from jit/configs/overrides.yaml: lr_scale=1.0 max_grad_norm=5.0 null_repel_weight=0.05 P_mean=0.0
2026-04-26 14:05:53,143 - INFO - [render-loss] step=274000 masked 4/16 samples (t_value < 0.40)
2026-04-26 14:07:44,818 - INFO - Step  274200 | Epoch  34 | MSE: 0.4634 | Steps/sec: 1.65 | LR: 1.07e-04 | Render_L1: 0.0208 | Alpha_L1: 0.0267 | Render_LPIPS: 0.1408 | Repel: 0.0000 | cos(c,null): +0.4965 | GradNorm: 0.5880 | MSE/t: [0.00-0.25]0.610(n=411) [0.25-0.50]0.509(n=1148) [0.50-0.75]0.405(n=1211) [0.75-1.00]0.367(n=430)
2026-04-26 14:07:45,286 - INFO - [cond] cfg_signal=0.0603 (min=0.0454 max=0.0849, n=16) | class_signal=0.0732 (min=0.0559 max=0.0931, n=16) | pred_rms=0.6202
2026-04-26 14:07:45,341 - INFO - [render-loss] step=274200 masked 4/16 samples (t_value < 0.40)
2026-04-26 14:09:37,070 - INFO - Step  274400 | Epoch  34 | MSE: 0.4636 | Steps/sec: 1.79 | LR: 1.07e-04 | Render_L1: 0.0212 | Alpha_L1: 0.0272 | Render_LPIPS: 0.1426 | Repel: 0.0000 | cos(c,null): +0.4969 | GradNorm: 0.6658 | MSE/t: [0.00-0.25]0.590(n=442) [0.25-0.50]0.499(n=1210) [0.50-0.75]0.419(n=1130) [0.75-1.00]0.349(n=418)
2026-04-26 14:09:37,534 - INFO - [cond] cfg_signal=0.0573 (min=0.0437 max=0.0759, n=16) | class_signal=0.0704 (min=0.0518 max=0.0885, n=16) | pred_rms=0.6001
2026-04-26 14:09:37,587 - INFO - [render-loss] step=274400 masked 6/16 samples (t_value < 0.40)
2026-04-26 14:11:29,840 - INFO - Step  274600 | Epoch  34 | MSE: 0.4665 | Steps/sec: 1.78 | LR: 1.07e-04 | Render_L1: 0.0216 | Alpha_L1: 0.0275 | Render_LPIPS: 0.1450 | Repel: 0.0000 | cos(c,null): +0.4962 | GradNorm: 0.6262 | MSE/t: [0.00-0.25]0.603(n=425) [0.25-0.50]0.502(n=1169) [0.50-0.75]0.418(n=1174) [0.75-1.00]0.367(n=432)
2026-04-26 14:11:30,333 - INFO - [cond] cfg_signal=0.0560 (min=0.0428 max=0.0744, n=16) | class_signal=0.0703 (min=0.0511 max=0.0865, n=16) | pred_rms=0.6028
2026-04-26 14:11:30,389 - INFO - [render-loss] step=274600 masked 6/16 samples (t_value < 0.40)
2026-04-26 14:13:22,384 - INFO - Step  274800 | Epoch  34 | MSE: 0.4786 | Steps/sec: 1.78 | LR: 1.07e-04 | Render_L1: 0.0218 | Alpha_L1: 0.0277 | Render_LPIPS: 0.1464 | Repel: 0.0000 | cos(c,null): +0.4961 | GradNorm: 0.6270 | MSE/t: [0.00-0.25]0.592(n=454) [0.25-0.50]0.502(n=1153) [0.50-0.75]0.442(n=1178) [0.75-1.00]0.394(n=415)
2026-04-26 14:13:22,857 - INFO - [cond] cfg_signal=0.0543 (min=0.0429 max=0.0758, n=16) | class_signal=0.0680 (min=0.0497 max=0.0833, n=16) | pred_rms=0.6118
2026-04-26 14:13:22,928 - INFO - [render-loss] step=274800 masked 6/16 samples (t_value < 0.40)
2026-04-26 14:15:14,994 - INFO - Step  275000 | Epoch  34 | MSE: 0.4608 | Steps/sec: 1.78 | LR: 1.07e-04 | Render_L1: 0.0209 | Alpha_L1: 0.0264 | Render_LPIPS: 0.1400 | Repel: 0.0000 | cos(c,null): +0.4969 | GradNorm: 0.5921 | MSE/t: [0.00-0.25]0.597(n=453) [0.25-0.50]0.500(n=1166) [0.50-0.75]0.410(n=1181) [0.75-1.00]0.342(n=400)
2026-04-26 14:15:15,469 - INFO - [cond] cfg_signal=0.0556 (min=0.0435 max=0.0719, n=16) | class_signal=0.0702 (min=0.0506 max=0.0865, n=16) | pred_rms=0.6077
2026-04-26 14:15:23,721 - INFO - [validation] saved: output/jit_JiT-B_8_from_scratch_null_repel/dit_validation/epoch_034_step_0275000_class104.png (class=104, sampler=heun, steps=100)
2026-04-26 14:15:24,996 - INFO - [overrides] applied from jit/configs/overrides.yaml: lr_scale=1.0 max_grad_norm=5.0 null_repel_weight=0.05 P_mean=0.0
2026-04-26 14:15:25,045 - INFO - [render-loss] step=275000 masked 2/16 samples (t_value < 0.40)
2026-04-26 14:17:16,958 - INFO - Step  275200 | Epoch  34 | MSE: 0.4633 | Steps/sec: 1.65 | LR: 1.07e-04 | Render_L1: 0.0218 | Alpha_L1: 0.0275 | Render_LPIPS: 0.1458 | Repel: 0.0000 | cos(c,null): +0.4965 | GradNorm: 0.6200 | MSE/t: [0.00-0.25]0.569(n=445) [0.25-0.50]0.498(n=1121) [0.50-0.75]0.426(n=1215) [0.75-1.00]0.368(n=419)
2026-04-26 14:17:17,421 - INFO - [cond] cfg_signal=0.0584 (min=0.0458 max=0.0800, n=16) | class_signal=0.0732 (min=0.0512 max=0.0920, n=16) | pred_rms=0.6203
2026-04-26 14:17:17,485 - INFO - [render-loss] step=275200 masked 6/16 samples (t_value < 0.40)
2026-04-26 14:19:09,748 - INFO - Step  275400 | Epoch  34 | MSE: 0.4663 | Steps/sec: 1.78 | LR: 1.07e-04 | Render_L1: 0.0212 | Alpha_L1: 0.0272 | Render_LPIPS: 0.1433 | Repel: 0.0000 | cos(c,null): +0.4954 | GradNorm: 0.5984 | MSE/t: [0.00-0.25]0.575(n=437) [0.25-0.50]0.510(n=1113) [0.50-0.75]0.422(n=1198) [0.75-1.00]0.371(n=452)
2026-04-26 14:19:10,213 - INFO - [cond] cfg_signal=0.0554 (min=0.0438 max=0.0762, n=16) | class_signal=0.0714 (min=0.0499 max=0.0895, n=16) | pred_rms=0.6080
2026-04-26 14:19:10,269 - INFO - [render-loss] step=275400 masked 6/16 samples (t_value < 0.40)
2026-04-26 14:21:02,506 - INFO - Step  275600 | Epoch  34 | MSE: 0.4667 | Steps/sec: 1.78 | LR: 1.07e-04 | Render_L1: 0.0215 | Alpha_L1: 0.0274 | Render_LPIPS: 0.1454 | Repel: 0.0000 | cos(c,null): +0.4956 | GradNorm: 0.6195 | MSE/t: [0.00-0.25]0.585(n=460) [0.25-0.50]0.512(n=1169) [0.50-0.75]0.404(n=1160) [0.75-1.00]0.382(n=411)
2026-04-26 14:21:03,066 - INFO - [cond] cfg_signal=0.0560 (min=0.0437 max=0.0719, n=16) | class_signal=0.0721 (min=0.0489 max=0.0876, n=16) | pred_rms=0.6046
2026-04-26 14:21:03,122 - INFO - [render-loss] step=275600 masked 8/16 samples (t_value < 0.40)
2026-04-26 14:22:55,146 - INFO - Step  275800 | Epoch  34 | MSE: 0.4681 | Steps/sec: 1.78 | LR: 1.06e-04 | Render_L1: 0.0209 | Alpha_L1: 0.0263 | Render_LPIPS: 0.1409 | Repel: 0.0000 | cos(c,null): +0.4957 | GradNorm: 0.5730 | MSE/t: [0.00-0.25]0.589(n=449) [0.25-0.50]0.516(n=1124) [0.50-0.75]0.413(n=1206) [0.75-1.00]0.368(n=421)
2026-04-26 14:22:55,616 - INFO - [cond] cfg_signal=0.0545 (min=0.0420 max=0.0710, n=16) | class_signal=0.0696 (min=0.0505 max=0.0836, n=16) | pred_rms=0.5926
2026-04-26 14:22:55,671 - INFO - [render-loss] step=275800 masked 7/16 samples (t_value < 0.40)
2026-04-26 14:24:48,123 - INFO - Step  276000 | Epoch  34 | MSE: 0.4730 | Steps/sec: 1.78 | LR: 1.06e-04 | Render_L1: 0.0212 | Alpha_L1: 0.0267 | Render_LPIPS: 0.1436 | Repel: 0.0000 | cos(c,null): +0.4953 | GradNorm: 0.5929 | MSE/t: [0.00-0.25]0.614(n=477) [0.25-0.50]0.512(n=1158) [0.50-0.75]0.414(n=1141) [0.75-1.00]0.367(n=424)
2026-04-26 14:24:48,588 - INFO - [cond] cfg_signal=0.0540 (min=0.0416 max=0.0687, n=16) | class_signal=0.0677 (min=0.0491 max=0.0820, n=16) | pred_rms=0.5680
2026-04-26 14:24:56,820 - INFO - [validation] saved: output/jit_JiT-B_8_from_scratch_null_repel/dit_validation/epoch_034_step_0276000_class037.png (class=37, sampler=heun, steps=100)
2026-04-26 14:24:58,081 - INFO - [overrides] applied from jit/configs/overrides.yaml: lr_scale=1.0 max_grad_norm=5.0 null_repel_weight=0.05 P_mean=0.0
2026-04-26 14:24:58,167 - INFO - [render-loss] step=276000 masked 7/16 samples (t_value < 0.40)
2026-04-26 14:26:50,175 - INFO - Step  276200 | Epoch  34 | MSE: 0.4619 | Steps/sec: 1.65 | LR: 1.06e-04 | Render_L1: 0.0212 | Alpha_L1: 0.0267 | Render_LPIPS: 0.1426 | Repel: 0.0000 | cos(c,null): +0.4945 | GradNorm: 0.5807 | MSE/t: [0.00-0.25]0.565(n=442) [0.25-0.50]0.525(n=1124) [0.50-0.75]0.411(n=1150) [0.75-1.00]0.340(n=484)
2026-04-26 14:26:50,663 - INFO - [cond] cfg_signal=0.0550 (min=0.0417 max=0.0721, n=16) | class_signal=0.0689 (min=0.0493 max=0.0858, n=16) | pred_rms=0.5852
2026-04-26 14:26:50,730 - INFO - [render-loss] step=276200 masked 6/16 samples (t_value < 0.40)
2026-04-26 14:28:42,934 - INFO - Step  276400 | Epoch  34 | MSE: 0.4672 | Steps/sec: 1.78 | LR: 1.06e-04 | Render_L1: 0.0212 | Alpha_L1: 0.0276 | Render_LPIPS: 0.1447 | Repel: 0.0000 | cos(c,null): +0.4946 | GradNorm: 0.5998 | MSE/t: [0.00-0.25]0.567(n=450) [0.25-0.50]0.515(n=1148) [0.50-0.75]0.413(n=1170) [0.75-1.00]0.385(n=432)
2026-04-26 14:28:43,407 - INFO - [cond] cfg_signal=0.0556 (min=0.0401 max=0.0720, n=16) | class_signal=0.0693 (min=0.0507 max=0.0857, n=16) | pred_rms=0.5900
2026-04-26 14:28:43,461 - INFO - [render-loss] step=276400 masked 6/16 samples (t_value < 0.40)
2026-04-26 14:30:35,532 - INFO - Step  276600 | Epoch  34 | MSE: 0.4716 | Steps/sec: 1.78 | LR: 1.06e-04 | Render_L1: 0.0214 | Alpha_L1: 0.0268 | Render_LPIPS: 0.1447 | Repel: 0.0000 | cos(c,null): +0.4941 | GradNorm: 0.7447 | MSE/t: [0.00-0.25]0.570(n=419) [0.25-0.50]0.512(n=1151) [0.50-0.75]0.427(n=1192) [0.75-1.00]0.392(n=438)
2026-04-26 14:30:36,022 - INFO - [cond] cfg_signal=0.0568 (min=0.0401 max=0.0729, n=16) | class_signal=0.0695 (min=0.0511 max=0.0846, n=16) | pred_rms=0.5906
2026-04-26 14:30:36,079 - INFO - [render-loss] step=276600 masked 3/16 samples (t_value < 0.40)
2026-04-26 14:32:28,486 - INFO - Step  276800 | Epoch  34 | MSE: 0.4605 | Steps/sec: 1.78 | LR: 1.06e-04 | Render_L1: 0.0214 | Alpha_L1: 0.0272 | Render_LPIPS: 0.1435 | Repel: 0.0000 | cos(c,null): +0.4944 | GradNorm: 0.6061 | MSE/t: [0.00-0.25]0.608(n=426) [0.25-0.50]0.489(n=1134) [0.50-0.75]0.406(n=1203) [0.75-1.00]0.393(n=437)
2026-04-26 14:32:28,977 - INFO - [cond] cfg_signal=0.0535 (min=0.0382 max=0.0708, n=16) | class_signal=0.0665 (min=0.0497 max=0.0811, n=16) | pred_rms=0.5941
2026-04-26 14:32:29,035 - INFO - [render-loss] step=276800 masked 6/16 samples (t_value < 0.40)
2026-04-26 14:34:21,271 - INFO - Step  277000 | Epoch  34 | MSE: 0.4655 | Steps/sec: 1.78 | LR: 1.06e-04 | Render_L1: 0.0209 | Alpha_L1: 0.0260 | Render_LPIPS: 0.1413 | Repel: 0.0000 | cos(c,null): +0.4937 | GradNorm: 0.5807 | MSE/t: [0.00-0.25]0.597(n=443) [0.25-0.50]0.504(n=1128) [0.50-0.75]0.416(n=1214) [0.75-1.00]0.366(n=415)
2026-04-26 14:34:21,731 - INFO - [cond] cfg_signal=0.0542 (min=0.0396 max=0.0706, n=16) | class_signal=0.0676 (min=0.0509 max=0.0808, n=16) | pred_rms=0.5958
2026-04-26 14:34:29,791 - INFO - [validation] saved: output/jit_JiT-B_8_from_scratch_null_repel/dit_validation/epoch_034_step_0277000_class117.png (class=117, sampler=heun, steps=100)
2026-04-26 14:34:31,013 - INFO - [overrides] applied from jit/configs/overrides.yaml: lr_scale=1.0 max_grad_norm=5.0 null_repel_weight=0.05 P_mean=0.0
2026-04-26 14:34:31,086 - INFO - [render-loss] step=277000 masked 4/16 samples (t_value < 0.40)
2026-04-26 14:36:23,035 - INFO - Step  277200 | Epoch  34 | MSE: 0.4636 | Steps/sec: 1.65 | LR: 1.06e-04 | Render_L1: 0.0206 | Alpha_L1: 0.0261 | Render_LPIPS: 0.1402 | Repel: 0.0000 | cos(c,null): +0.4944 | GradNorm: 0.6049 | MSE/t: [0.00-0.25]0.580(n=420) [0.25-0.50]0.515(n=1147) [0.50-0.75]0.404(n=1204) [0.75-1.00]0.381(n=429)
2026-04-26 14:36:23,496 - INFO - [cond] cfg_signal=0.0563 (min=0.0391 max=0.0737, n=16) | class_signal=0.0702 (min=0.0492 max=0.0876, n=16) | pred_rms=0.5980
2026-04-26 14:36:23,549 - INFO - [render-loss] step=277200 masked 4/16 samples (t_value < 0.40)
2026-04-26 14:38:15,422 - INFO - Step  277400 | Epoch  34 | MSE: 0.4682 | Steps/sec: 1.79 | LR: 1.06e-04 | Render_L1: 0.0213 | Alpha_L1: 0.0273 | Render_LPIPS: 0.1449 | Repel: 0.0000 | cos(c,null): +0.4939 | GradNorm: 0.5938 | MSE/t: [0.00-0.25]0.568(n=436) [0.25-0.50]0.515(n=1159) [0.50-0.75]0.426(n=1166) [0.75-1.00]0.358(n=439)
2026-04-26 14:38:15,887 - INFO - [cond] cfg_signal=0.0560 (min=0.0398 max=0.0714, n=16) | class_signal=0.0708 (min=0.0497 max=0.0863, n=16) | pred_rms=0.5917
2026-04-26 14:38:15,942 - INFO - [render-loss] step=277400 masked 4/16 samples (t_value < 0.40)
2026-04-26 14:40:07,819 - INFO - Step  277600 | Epoch  34 | MSE: 0.4616 | Steps/sec: 1.79 | LR: 1.05e-04 | Render_L1: 0.0212 | Alpha_L1: 0.0268 | Render_LPIPS: 0.1436 | Repel: 0.0000 | cos(c,null): +0.4944 | GradNorm: 0.5956 | MSE/t: [0.00-0.25]0.573(n=431) [0.25-0.50]0.506(n=1182) [0.50-0.75]0.413(n=1105) [0.75-1.00]0.364(n=482)
2026-04-26 14:40:08,331 - INFO - [cond] cfg_signal=0.0566 (min=0.0415 max=0.0717, n=16) | class_signal=0.0696 (min=0.0490 max=0.0828, n=16) | pred_rms=0.5761
2026-04-26 14:40:08,387 - INFO - [render-loss] step=277600 masked 6/16 samples (t_value < 0.40)
2026-04-26 14:42:00,528 - INFO - Step  277800 | Epoch  34 | MSE: 0.4654 | Steps/sec: 1.78 | LR: 1.05e-04 | Render_L1: 0.0207 | Alpha_L1: 0.0264 | Render_LPIPS: 0.1419 | Repel: 0.0000 | cos(c,null): +0.4951 | GradNorm: 0.5725 | MSE/t: [0.00-0.25]0.601(n=445) [0.25-0.50]0.498(n=1141) [0.50-0.75]0.411(n=1185) [0.75-1.00]0.388(n=429)
2026-04-26 14:42:00,986 - INFO - [cond] cfg_signal=0.0567 (min=0.0412 max=0.0714, n=16) | class_signal=0.0692 (min=0.0498 max=0.0832, n=16) | pred_rms=0.5921
2026-04-26 14:42:01,044 - INFO - [render-loss] step=277800 masked 5/16 samples (t_value < 0.40)
2026-04-26 14:43:52,787 - INFO - Step  278000 | Epoch  34 | MSE: 0.4743 | Steps/sec: 1.79 | LR: 1.05e-04 | Render_L1: 0.0214 | Alpha_L1: 0.0271 | Render_LPIPS: 0.1432 | Repel: 0.0000 | cos(c,null): +0.4952 | GradNorm: 1.1522 | MSE/t: [0.00-0.25]0.599(n=408) [0.25-0.50]0.517(n=1195) [0.50-0.75]0.418(n=1168) [0.75-1.00]0.389(n=429)
2026-04-26 14:43:53,250 - INFO - [cond] cfg_signal=0.0553 (min=0.0415 max=0.0726, n=16) | class_signal=0.0685 (min=0.0501 max=0.0864, n=16) | pred_rms=0.5960
2026-04-26 14:44:01,315 - INFO - [validation] saved: output/jit_JiT-B_8_from_scratch_null_repel/dit_validation/epoch_034_step_0278000_class001.png (class=1, sampler=heun, steps=100)
2026-04-26 14:44:02,543 - INFO - [overrides] applied from jit/configs/overrides.yaml: lr_scale=1.0 max_grad_norm=5.0 null_repel_weight=0.05 P_mean=0.0
2026-04-26 14:44:02,590 - INFO - [render-loss] step=278000 masked 6/16 samples (t_value < 0.40)
2026-04-26 14:45:55,904 - INFO - Step  278200 | Epoch  35 | MSE: 0.4706 | Steps/sec: 1.63 | LR: 1.05e-04 | Render_L1: 0.0213 | Alpha_L1: 0.0272 | Render_LPIPS: 0.1446 | Repel: 0.0000 | cos(c,null): +0.4949 | GradNorm: 0.6369 | MSE/t: [0.00-0.25]0.599(n=424) [0.25-0.50]0.517(n=1189) [0.50-0.75]0.417(n=1135) [0.75-1.00]0.362(n=452)
2026-04-26 14:45:56,364 - INFO - [cond] cfg_signal=0.0568 (min=0.0419 max=0.0742, n=16) | class_signal=0.0710 (min=0.0502 max=0.0865, n=16) | pred_rms=0.5976
2026-04-26 14:45:56,420 - INFO - [render-loss] step=278200 masked 9/16 samples (t_value < 0.40)
2026-04-26 14:47:48,455 - INFO - Step  278400 | Epoch  35 | MSE: 0.4698 | Steps/sec: 1.78 | LR: 1.05e-04 | Render_L1: 0.0213 | Alpha_L1: 0.0269 | Render_LPIPS: 0.1454 | Repel: 0.0000 | cos(c,null): +0.4953 | GradNorm: 0.6102 | MSE/t: [0.00-0.25]0.569(n=413) [0.25-0.50]0.511(n=1190) [0.50-0.75]0.421(n=1150) [0.75-1.00]0.393(n=447)
2026-04-26 14:47:48,953 - INFO - [cond] cfg_signal=0.0578 (min=0.0443 max=0.0778, n=16) | class_signal=0.0727 (min=0.0509 max=0.0899, n=16) | pred_rms=0.6082
2026-04-26 14:47:49,016 - INFO - [render-loss] step=278400 masked 4/16 samples (t_value < 0.40)
2026-04-26 14:49:40,957 - INFO - Step  278600 | Epoch  35 | MSE: 0.4736 | Steps/sec: 1.79 | LR: 1.05e-04 | Render_L1: 0.0211 | Alpha_L1: 0.0261 | Render_LPIPS: 0.1415 | Repel: 0.0000 | cos(c,null): +0.4955 | GradNorm: 0.6091 | MSE/t: [0.00-0.25]0.584(n=437) [0.25-0.50]0.525(n=1180) [0.50-0.75]0.424(n=1158) [0.75-1.00]0.350(n=425)
2026-04-26 14:49:41,449 - INFO - [cond] cfg_signal=0.0573 (min=0.0427 max=0.0743, n=16) | class_signal=0.0722 (min=0.0503 max=0.0883, n=16) | pred_rms=0.6150
2026-04-26 14:49:41,504 - INFO - [render-loss] step=278600 masked 7/16 samples (t_value < 0.40)
2026-04-26 14:51:33,326 - INFO - Step  278800 | Epoch  35 | MSE: 0.4774 | Steps/sec: 1.79 | LR: 1.05e-04 | Render_L1: 0.0207 | Alpha_L1: 0.0266 | Render_LPIPS: 0.1419 | Repel: 0.0000 | cos(c,null): +0.4956 | GradNorm: 0.5854 | MSE/t: [0.00-0.25]0.595(n=443) [0.25-0.50]0.521(n=1185) [0.50-0.75]0.423(n=1150) [0.75-1.00]0.380(n=422)
2026-04-26 14:51:33,798 - INFO - [cond] cfg_signal=0.0566 (min=0.0427 max=0.0748, n=16) | class_signal=0.0716 (min=0.0494 max=0.0884, n=16) | pred_rms=0.6123
2026-04-26 14:51:33,855 - INFO - [render-loss] step=278800 masked 7/16 samples (t_value < 0.40)
2026-04-26 14:53:26,037 - INFO - Step  279000 | Epoch  35 | MSE: 0.4743 | Steps/sec: 1.78 | LR: 1.05e-04 | Render_L1: 0.0218 | Alpha_L1: 0.0279 | Render_LPIPS: 0.1451 | Repel: 0.0000 | cos(c,null): +0.4955 | GradNorm: 0.5753 | MSE/t: [0.00-0.25]0.551(n=452) [0.25-0.50]0.534(n=1166) [0.50-0.75]0.420(n=1138) [0.75-1.00]0.378(n=444)
2026-04-26 14:53:26,502 - INFO - [cond] cfg_signal=0.0552 (min=0.0444 max=0.0728, n=16) | class_signal=0.0689 (min=0.0492 max=0.0868, n=16) | pred_rms=0.5961
2026-04-26 14:53:34,490 - INFO - [validation] saved: output/jit_JiT-B_8_from_scratch_null_repel/dit_validation/epoch_035_step_0279000_class046.png (class=46, sampler=heun, steps=100)
2026-04-26 14:53:35,869 - INFO - [overrides] applied from jit/configs/overrides.yaml: lr_scale=1.0 max_grad_norm=5.0 null_repel_weight=0.05 P_mean=0.0
2026-04-26 14:53:35,917 - INFO - [render-loss] step=279000 masked 9/16 samples (t_value < 0.40)
2026-04-26 14:55:28,267 - INFO - Step  279200 | Epoch  35 | MSE: 0.4813 | Steps/sec: 1.64 | LR: 1.05e-04 | Render_L1: 0.0216 | Alpha_L1: 0.0271 | Render_LPIPS: 0.1462 | Repel: 0.0000 | cos(c,null): +0.4961 | GradNorm: 0.6319 | MSE/t: [0.00-0.25]0.622(n=454) [0.25-0.50]0.513(n=1146) [0.50-0.75]0.428(n=1180) [0.75-1.00]0.392(n=420)
2026-04-26 14:55:28,742 - INFO - [cond] cfg_signal=0.0557 (min=0.0436 max=0.0713, n=16) | class_signal=0.0690 (min=0.0501 max=0.0851, n=16) | pred_rms=0.5893
2026-04-26 14:55:28,800 - INFO - [render-loss] step=279200 masked 3/16 samples (t_value < 0.40)
2026-04-26 14:57:20,714 - INFO - Step  279400 | Epoch  35 | MSE: 0.4710 | Steps/sec: 1.79 | LR: 1.04e-04 | Render_L1: 0.0216 | Alpha_L1: 0.0270 | Render_LPIPS: 0.1454 | Repel: 0.0000 | cos(c,null): +0.4959 | GradNorm: 1.0277 | MSE/t: [0.00-0.25]0.584(n=430) [0.25-0.50]0.511(n=1146) [0.50-0.75]0.427(n=1163) [0.75-1.00]0.376(n=461)
2026-04-26 14:57:21,184 - INFO - [cond] cfg_signal=0.0572 (min=0.0429 max=0.0736, n=16) | class_signal=0.0709 (min=0.0515 max=0.0860, n=16) | pred_rms=0.5863
2026-04-26 14:57:21,238 - INFO - [render-loss] step=279400 masked 6/16 samples (t_value < 0.40)
2026-04-26 14:59:13,278 - INFO - Step  279600 | Epoch  35 | MSE: 0.4724 | Steps/sec: 1.78 | LR: 1.04e-04 | Render_L1: 0.0206 | Alpha_L1: 0.0264 | Render_LPIPS: 0.1416 | Repel: 0.0000 | cos(c,null): +0.4945 | GradNorm: 0.6109 | MSE/t: [0.00-0.25]0.598(n=428) [0.25-0.50]0.513(n=1203) [0.50-0.75]0.423(n=1165) [0.75-1.00]0.359(n=404)
2026-04-26 14:59:13,740 - INFO - [cond] cfg_signal=0.0559 (min=0.0441 max=0.0743, n=16) | class_signal=0.0687 (min=0.0517 max=0.0868, n=16) | pred_rms=0.5916
2026-04-26 14:59:13,795 - INFO - [render-loss] step=279600 masked 4/16 samples (t_value < 0.40)
2026-04-26 15:01:05,965 - INFO - Step  279800 | Epoch  35 | MSE: 0.4656 | Steps/sec: 1.78 | LR: 1.04e-04 | Render_L1: 0.0217 | Alpha_L1: 0.0278 | Render_LPIPS: 0.1448 | Repel: 0.0000 | cos(c,null): +0.4942 | GradNorm: 0.6034 | MSE/t: [0.00-0.25]0.567(n=442) [0.25-0.50]0.504(n=1160) [0.50-0.75]0.417(n=1155) [0.75-1.00]0.389(n=443)
2026-04-26 15:01:06,427 - INFO - [cond] cfg_signal=0.0565 (min=0.0427 max=0.0780, n=16) | class_signal=0.0695 (min=0.0514 max=0.0871, n=16) | pred_rms=0.5862
2026-04-26 15:01:06,482 - INFO - [render-loss] step=279800 masked 8/16 samples (t_value < 0.40)
2026-04-26 15:02:58,334 - INFO - Step  280000 | Epoch  35 | MSE: 0.4635 | Steps/sec: 1.79 | LR: 1.04e-04 | Render_L1: 0.0212 | Alpha_L1: 0.0274 | Render_LPIPS: 0.1414 | Repel: 0.0000 | cos(c,null): +0.4940 | GradNorm: 0.5788 | MSE/t: [0.00-0.25]0.609(n=461) [0.25-0.50]0.497(n=1118) [0.50-0.75]0.416(n=1175) [0.75-1.00]0.356(n=446)
2026-04-26 15:02:58,798 - INFO - [cond] cfg_signal=0.0568 (min=0.0441 max=0.0751, n=16) | class_signal=0.0692 (min=0.0503 max=0.0833, n=16) | pred_rms=0.6048
2026-04-26 15:03:00,923 - INFO - Saved checkpoint to output/jit_JiT-B_8_from_scratch_null_repel/0280000.pt
2026-04-26 15:03:01,355 - INFO - [cond] cfg_signal=0.0568 (min=0.0441 max=0.0751, n=16) | class_signal=0.0692 (min=0.0503 max=0.0833, n=16) | pred_rms=0.6048
2026-04-26 15:03:09,437 - INFO - [validation] saved: output/jit_JiT-B_8_from_scratch_null_repel/dit_validation/epoch_035_step_0280000_class069.png (class=69, sampler=heun, steps=100)
2026-04-26 15:03:10,692 - INFO - [overrides] applied from jit/configs/overrides.yaml: lr_scale=1.0 max_grad_norm=5.0 null_repel_weight=0.05 P_mean=0.0
2026-04-26 15:03:10,741 - INFO - [render-loss] step=280000 masked 7/16 samples (t_value < 0.40)
2026-04-26 15:05:02,706 - INFO - Step  280200 | Epoch  35 | MSE: 0.4541 | Steps/sec: 1.61 | LR: 1.04e-04 | Render_L1: 0.0203 | Alpha_L1: 0.0256 | Render_LPIPS: 0.1393 | Repel: 0.0000 | cos(c,null): +0.4949 | GradNorm: 0.5700 | MSE/t: [0.00-0.25]0.552(n=436) [0.25-0.50]0.501(n=1174) [0.50-0.75]0.407(n=1150) [0.75-1.00]0.356(n=440)
2026-04-26 15:05:03,190 - INFO - [cond] cfg_signal=0.0558 (min=0.0398 max=0.0740, n=16) | class_signal=0.0690 (min=0.0499 max=0.0867, n=16) | pred_rms=0.5946
2026-04-26 15:05:03,244 - INFO - [render-loss] step=280200 masked 3/16 samples (t_value < 0.40)
2026-04-26 15:06:55,439 - INFO - Step  280400 | Epoch  35 | MSE: 0.4677 | Steps/sec: 1.78 | LR: 1.04e-04 | Render_L1: 0.0216 | Alpha_L1: 0.0276 | Render_LPIPS: 0.1458 | Repel: 0.0000 | cos(c,null): +0.4949 | GradNorm: 0.6083 | MSE/t: [0.00-0.25]0.563(n=439) [0.25-0.50]0.506(n=1173) [0.50-0.75]0.424(n=1168) [0.75-1.00]0.382(n=420)
2026-04-26 15:06:55,901 - INFO - [cond] cfg_signal=0.0560 (min=0.0409 max=0.0765, n=16) | class_signal=0.0684 (min=0.0499 max=0.0859, n=16) | pred_rms=0.5961
2026-04-26 15:06:55,956 - INFO - [render-loss] step=280400 masked 7/16 samples (t_value < 0.40)
2026-04-26 15:08:48,449 - INFO - Step  280600 | Epoch  35 | MSE: 0.4675 | Steps/sec: 1.78 | LR: 1.04e-04 | Render_L1: 0.0212 | Alpha_L1: 0.0267 | Render_LPIPS: 0.1424 | Repel: 0.0000 | cos(c,null): +0.4945 | GradNorm: 0.6058 | MSE/t: [0.00-0.25]0.591(n=441) [0.25-0.50]0.501(n=1150) [0.50-0.75]0.424(n=1161) [0.75-1.00]0.371(n=448)
2026-04-26 15:08:48,922 - INFO - [cond] cfg_signal=0.0561 (min=0.0418 max=0.0768, n=16) | class_signal=0.0688 (min=0.0496 max=0.0857, n=16) | pred_rms=0.5951
2026-04-26 15:08:48,978 - INFO - [render-loss] step=280600 masked 7/16 samples (t_value < 0.40)
2026-04-26 15:10:40,961 - INFO - Step  280800 | Epoch  35 | MSE: 0.4676 | Steps/sec: 1.79 | LR: 1.04e-04 | Render_L1: 0.0210 | Alpha_L1: 0.0265 | Render_LPIPS: 0.1422 | Repel: 0.0000 | cos(c,null): +0.4943 | GradNorm: 0.5745 | MSE/t: [0.00-0.25]0.593(n=456) [0.25-0.50]0.496(n=1185) [0.50-0.75]0.420(n=1132) [0.75-1.00]0.382(n=427)
2026-04-26 15:10:41,425 - INFO - [cond] cfg_signal=0.0584 (min=0.0430 max=0.0800, n=16) | class_signal=0.0701 (min=0.0482 max=0.0892, n=16) | pred_rms=0.6043
2026-04-26 15:10:41,479 - INFO - [render-loss] step=280800 masked 5/16 samples (t_value < 0.40)
2026-04-26 15:12:33,711 - INFO - Step  281000 | Epoch  35 | MSE: 0.4659 | Steps/sec: 1.78 | LR: 1.04e-04 | Render_L1: 0.0211 | Alpha_L1: 0.0265 | Render_LPIPS: 0.1433 | Repel: 0.0000 | cos(c,null): +0.4942 | GradNorm: 0.5957 | MSE/t: [0.00-0.25]0.550(n=419) [0.25-0.50]0.515(n=1188) [0.50-0.75]0.419(n=1171) [0.75-1.00]0.373(n=422)
2026-04-26 15:12:34,176 - INFO - [cond] cfg_signal=0.0570 (min=0.0412 max=0.0808, n=16) | class_signal=0.0713 (min=0.0490 max=0.0925, n=16) | pred_rms=0.6105
2026-04-26 15:12:42,415 - INFO - [validation] saved: output/jit_JiT-B_8_from_scratch_null_repel/dit_validation/epoch_035_step_0281000_class033.png (class=33, sampler=heun, steps=100)
2026-04-26 15:12:43,657 - INFO - [overrides] applied from jit/configs/overrides.yaml: lr_scale=1.0 max_grad_norm=5.0 null_repel_weight=0.05 P_mean=0.0
2026-04-26 15:12:43,705 - INFO - [render-loss] step=281000 masked 6/16 samples (t_value < 0.40)
2026-04-26 15:14:35,696 - INFO - Step  281200 | Epoch  35 | MSE: 0.4647 | Steps/sec: 1.65 | LR: 1.04e-04 | Render_L1: 0.0210 | Alpha_L1: 0.0269 | Render_LPIPS: 0.1428 | Repel: 0.0000 | cos(c,null): +0.4943 | GradNorm: 0.5776 | MSE/t: [0.00-0.25]0.571(n=419) [0.25-0.50]0.509(n=1191) [0.50-0.75]0.416(n=1153) [0.75-1.00]0.369(n=437)
2026-04-26 15:14:36,160 - INFO - [cond] cfg_signal=0.0548 (min=0.0389 max=0.0768, n=16) | class_signal=0.0690 (min=0.0490 max=0.0868, n=16) | pred_rms=0.5953
2026-04-26 15:14:36,216 - INFO - [render-loss] step=281200 masked 5/16 samples (t_value < 0.40)
2026-04-26 15:16:28,563 - INFO - Step  281400 | Epoch  35 | MSE: 0.4604 | Steps/sec: 1.78 | LR: 1.03e-04 | Render_L1: 0.0211 | Alpha_L1: 0.0267 | Render_LPIPS: 0.1417 | Repel: 0.0000 | cos(c,null): +0.4946 | GradNorm: 0.5875 | MSE/t: [0.00-0.25]0.547(n=398) [0.25-0.50]0.513(n=1166) [0.50-0.75]0.408(n=1193) [0.75-1.00]0.386(n=443)
2026-04-26 15:16:29,062 - INFO - [cond] cfg_signal=0.0559 (min=0.0391 max=0.0795, n=16) | class_signal=0.0697 (min=0.0491 max=0.0904, n=16) | pred_rms=0.6098
2026-04-26 15:16:29,118 - INFO - [render-loss] step=281400 masked 7/16 samples (t_value < 0.40)
2026-04-26 15:18:21,262 - INFO - Step  281600 | Epoch  35 | MSE: 0.4803 | Steps/sec: 1.78 | LR: 1.03e-04 | Render_L1: 0.0215 | Alpha_L1: 0.0274 | Render_LPIPS: 0.1427 | Repel: 0.0000 | cos(c,null): +0.4945 | GradNorm: 0.6117 | MSE/t: [0.00-0.25]0.595(n=429) [0.25-0.50]0.537(n=1183) [0.50-0.75]0.421(n=1163) [0.75-1.00]0.369(n=425)
2026-04-26 15:18:21,747 - INFO - [cond] cfg_signal=0.0595 (min=0.0424 max=0.0808, n=16) | class_signal=0.0712 (min=0.0492 max=0.0928, n=16) | pred_rms=0.6150
2026-04-26 15:18:21,804 - INFO - [render-loss] step=281600 masked 5/16 samples (t_value < 0.40)
2026-04-26 15:20:14,144 - INFO - Step  281800 | Epoch  35 | MSE: 0.4740 | Steps/sec: 1.78 | LR: 1.03e-04 | Render_L1: 0.0218 | Alpha_L1: 0.0271 | Render_LPIPS: 0.1447 | Repel: 0.0000 | cos(c,null): +0.4947 | GradNorm: 0.6184 | MSE/t: [0.00-0.25]0.599(n=421) [0.25-0.50]0.515(n=1139) [0.50-0.75]0.422(n=1192) [0.75-1.00]0.393(n=448)
2026-04-26 15:20:14,612 - INFO - [cond] cfg_signal=0.0577 (min=0.0418 max=0.0727, n=16) | class_signal=0.0708 (min=0.0494 max=0.0921, n=16) | pred_rms=0.6131
2026-04-26 15:20:14,668 - INFO - [render-loss] step=281800 masked 6/16 samples (t_value < 0.40)
2026-04-26 15:22:07,100 - INFO - Step  282000 | Epoch  35 | MSE: 0.4690 | Steps/sec: 1.78 | LR: 1.03e-04 | Render_L1: 0.0211 | Alpha_L1: 0.0269 | Render_LPIPS: 0.1430 | Repel: 0.0000 | cos(c,null): +0.4946 | GradNorm: 0.6337 | MSE/t: [0.00-0.25]0.577(n=436) [0.25-0.50]0.510(n=1159) [0.50-0.75]0.421(n=1165) [0.75-1.00]0.381(n=440)
2026-04-26 15:22:07,571 - INFO - [cond] cfg_signal=0.0571 (min=0.0408 max=0.0738, n=16) | class_signal=0.0698 (min=0.0491 max=0.0868, n=16) | pred_rms=0.5960
2026-04-26 15:22:15,881 - INFO - [validation] saved: output/jit_JiT-B_8_from_scratch_null_repel/dit_validation/epoch_035_step_0282000_class099.png (class=99, sampler=heun, steps=100)
2026-04-26 15:22:17,155 - INFO - [overrides] applied from jit/configs/overrides.yaml: lr_scale=1.0 max_grad_norm=5.0 null_repel_weight=0.05 P_mean=0.0
2026-04-26 15:22:17,205 - INFO - [render-loss] step=282000 masked 4/16 samples (t_value < 0.40)
2026-04-26 15:24:09,257 - INFO - Step  282200 | Epoch  35 | MSE: 0.4676 | Steps/sec: 1.64 | LR: 1.03e-04 | Render_L1: 0.0213 | Alpha_L1: 0.0271 | Render_LPIPS: 0.1443 | Repel: 0.0000 | cos(c,null): +0.4951 | GradNorm: 0.5701 | MSE/t: [0.00-0.25]0.581(n=479) [0.25-0.50]0.500(n=1111) [0.50-0.75]0.431(n=1192) [0.75-1.00]0.356(n=418)
2026-04-26 15:24:09,904 - INFO - [cond] cfg_signal=0.0565 (min=0.0400 max=0.0745, n=16) | class_signal=0.0696 (min=0.0475 max=0.0874, n=16) | pred_rms=0.6054
2026-04-26 15:24:09,975 - INFO - [render-loss] step=282200 masked 5/16 samples (t_value < 0.40)
2026-04-26 15:26:02,001 - INFO - Step  282400 | Epoch  35 | MSE: 0.4667 | Steps/sec: 1.78 | LR: 1.03e-04 | Render_L1: 0.0216 | Alpha_L1: 0.0272 | Render_LPIPS: 0.1451 | Repel: 0.0000 | cos(c,null): +0.4950 | GradNorm: 0.5830 | MSE/t: [0.00-0.25]0.563(n=440) [0.25-0.50]0.499(n=1151) [0.50-0.75]0.428(n=1204) [0.75-1.00]0.385(n=405)
2026-04-26 15:26:02,493 - INFO - [cond] cfg_signal=0.0567 (min=0.0429 max=0.0741, n=16) | class_signal=0.0697 (min=0.0479 max=0.0859, n=16) | pred_rms=0.6122
2026-04-26 15:26:02,547 - INFO - [render-loss] step=282400 masked 4/16 samples (t_value < 0.40)
2026-04-26 15:27:54,452 - INFO - Step  282600 | Epoch  35 | MSE: 0.4720 | Steps/sec: 1.79 | LR: 1.03e-04 | Render_L1: 0.0216 | Alpha_L1: 0.0270 | Render_LPIPS: 0.1455 | Repel: 0.0000 | cos(c,null): +0.4948 | GradNorm: 0.5967 | MSE/t: [0.00-0.25]0.624(n=447) [0.25-0.50]0.503(n=1138) [0.50-0.75]0.420(n=1177) [0.75-1.00]0.375(n=438)
2026-04-26 15:27:54,919 - INFO - [cond] cfg_signal=0.0582 (min=0.0451 max=0.0731, n=16) | class_signal=0.0717 (min=0.0502 max=0.0913, n=16) | pred_rms=0.6163
2026-04-26 15:27:54,981 - INFO - [render-loss] step=282600 masked 7/16 samples (t_value < 0.40)
2026-04-26 15:29:47,046 - INFO - Step  282800 | Epoch  35 | MSE: 0.4669 | Steps/sec: 1.78 | LR: 1.03e-04 | Render_L1: 0.0213 | Alpha_L1: 0.0267 | Render_LPIPS: 0.1452 | Repel: 0.0000 | cos(c,null): +0.4954 | GradNorm: 0.6125 | MSE/t: [0.00-0.25]0.577(n=452) [0.25-0.50]0.514(n=1155) [0.50-0.75]0.417(n=1121) [0.75-1.00]0.364(n=472)
2026-04-26 15:29:47,518 - INFO - [cond] cfg_signal=0.0601 (min=0.0437 max=0.0755, n=16) | class_signal=0.0719 (min=0.0492 max=0.0956, n=16) | pred_rms=0.6007
2026-04-26 15:29:47,577 - INFO - [render-loss] step=282800 masked 7/16 samples (t_value < 0.40)
2026-04-26 15:31:39,519 - INFO - Step  283000 | Epoch  35 | MSE: 0.4686 | Steps/sec: 1.79 | LR: 1.03e-04 | Render_L1: 0.0217 | Alpha_L1: 0.0271 | Render_LPIPS: 0.1451 | Repel: 0.0000 | cos(c,null): +0.4953 | GradNorm: 0.5963 | MSE/t: [0.00-0.25]0.558(n=442) [0.25-0.50]0.518(n=1158) [0.50-0.75]0.421(n=1178) [0.75-1.00]0.372(n=422)
2026-04-26 15:31:39,978 - INFO - [cond] cfg_signal=0.0591 (min=0.0446 max=0.0703, n=16) | class_signal=0.0717 (min=0.0478 max=0.0957, n=16) | pred_rms=0.5985
2026-04-26 15:31:48,051 - INFO - [validation] saved: output/jit_JiT-B_8_from_scratch_null_repel/dit_validation/epoch_035_step_0283000_class020.png (class=20, sampler=heun, steps=100)
2026-04-26 15:31:49,295 - INFO - [overrides] applied from jit/configs/overrides.yaml: lr_scale=1.0 max_grad_norm=5.0 null_repel_weight=0.05 P_mean=0.0
2026-04-26 15:31:49,344 - INFO - [render-loss] step=283000 masked 6/16 samples (t_value < 0.40)
2026-04-26 15:33:41,265 - INFO - Step  283200 | Epoch  35 | MSE: 0.4653 | Steps/sec: 1.65 | LR: 1.02e-04 | Render_L1: 0.0214 | Alpha_L1: 0.0264 | Render_LPIPS: 0.1431 | Repel: 0.0000 | cos(c,null): +0.4951 | GradNorm: 0.6252 | MSE/t: [0.00-0.25]0.597(n=501) [0.25-0.50]0.499(n=1118) [0.50-0.75]0.416(n=1166) [0.75-1.00]0.357(n=415)
2026-04-26 15:33:41,738 - INFO - [cond] cfg_signal=0.0576 (min=0.0434 max=0.0704, n=16) | class_signal=0.0720 (min=0.0486 max=0.0957, n=16) | pred_rms=0.6045
2026-04-26 15:33:41,793 - INFO - [render-loss] step=283200 masked 8/16 samples (t_value < 0.40)
2026-04-26 15:35:34,174 - INFO - Step  283400 | Epoch  35 | MSE: 0.4669 | Steps/sec: 1.78 | LR: 1.02e-04 | Render_L1: 0.0211 | Alpha_L1: 0.0264 | Render_LPIPS: 0.1428 | Repel: 0.0000 | cos(c,null): +0.4950 | GradNorm: 0.6053 | MSE/t: [0.00-0.25]0.589(n=448) [0.25-0.50]0.505(n=1191) [0.50-0.75]0.423(n=1136) [0.75-1.00]0.348(n=425)
2026-04-26 15:35:34,640 - INFO - [cond] cfg_signal=0.0567 (min=0.0423 max=0.0725, n=16) | class_signal=0.0719 (min=0.0483 max=0.0972, n=16) | pred_rms=0.6161
2026-04-26 15:35:34,700 - INFO - [render-loss] step=283400 masked 4/16 samples (t_value < 0.40)
2026-04-26 15:37:26,529 - INFO - Step  283600 | Epoch  35 | MSE: 0.4670 | Steps/sec: 1.79 | LR: 1.02e-04 | Render_L1: 0.0213 | Alpha_L1: 0.0268 | Render_LPIPS: 0.1421 | Repel: 0.0000 | cos(c,null): +0.4951 | GradNorm: 0.5915 | MSE/t: [0.00-0.25]0.618(n=411) [0.25-0.50]0.511(n=1166) [0.50-0.75]0.411(n=1177) [0.75-1.00]0.362(n=446)
2026-04-26 15:37:27,007 - INFO - [cond] cfg_signal=0.0565 (min=0.0416 max=0.0717, n=16) | class_signal=0.0720 (min=0.0505 max=0.0977, n=16) | pred_rms=0.6096
2026-04-26 15:37:27,063 - INFO - [render-loss] step=283600 masked 5/16 samples (t_value < 0.40)
2026-04-26 15:39:18,963 - INFO - Step  283800 | Epoch  35 | MSE: 0.4665 | Steps/sec: 1.79 | LR: 1.02e-04 | Render_L1: 0.0210 | Alpha_L1: 0.0265 | Render_LPIPS: 0.1448 | Repel: 0.0000 | cos(c,null): +0.4953 | GradNorm: 0.6249 | MSE/t: [0.00-0.25]0.596(n=444) [0.25-0.50]0.511(n=1080) [0.50-0.75]0.410(n=1209) [0.75-1.00]0.386(n=467)
2026-04-26 15:39:19,441 - INFO - [cond] cfg_signal=0.0593 (min=0.0472 max=0.0698, n=16) | class_signal=0.0716 (min=0.0488 max=0.0898, n=16) | pred_rms=0.5990
2026-04-26 15:39:19,497 - INFO - [render-loss] step=283800 masked 6/16 samples (t_value < 0.40)
2026-04-26 15:41:11,856 - INFO - Step  284000 | Epoch  35 | MSE: 0.4742 | Steps/sec: 1.78 | LR: 1.02e-04 | Render_L1: 0.0211 | Alpha_L1: 0.0263 | Render_LPIPS: 0.1451 | Repel: 0.0000 | cos(c,null): +0.4946 | GradNorm: 0.6031 | MSE/t: [0.00-0.25]0.584(n=445) [0.25-0.50]0.503(n=1136) [0.50-0.75]0.439(n=1166) [0.75-1.00]0.384(n=453)
2026-04-26 15:41:12,308 - INFO - [cond] cfg_signal=0.0527 (min=0.0401 max=0.0685, n=16) | class_signal=0.0667 (min=0.0463 max=0.0849, n=16) | pred_rms=0.5903
2026-04-26 15:41:20,341 - INFO - [validation] saved: output/jit_JiT-B_8_from_scratch_null_repel/dit_validation/epoch_035_step_0284000_class074.png (class=74, sampler=heun, steps=100)
2026-04-26 15:41:21,741 - INFO - [overrides] applied from jit/configs/overrides.yaml: lr_scale=1.0 max_grad_norm=5.0 null_repel_weight=0.05 P_mean=0.0
2026-04-26 15:41:21,790 - INFO - [render-loss] step=284000 masked 7/16 samples (t_value < 0.40)
2026-04-26 15:43:14,267 - INFO - Step  284200 | Epoch  35 | MSE: 0.4561 | Steps/sec: 1.64 | LR: 1.02e-04 | Render_L1: 0.0209 | Alpha_L1: 0.0268 | Render_LPIPS: 0.1422 | Repel: 0.0000 | cos(c,null): +0.4942 | GradNorm: 0.6053 | MSE/t: [0.00-0.25]0.523(n=420) [0.25-0.50]0.503(n=1183) [0.50-0.75]0.422(n=1157) [0.75-1.00]0.355(n=440)
2026-04-26 15:43:14,737 - INFO - [cond] cfg_signal=0.0563 (min=0.0402 max=0.0702, n=16) | class_signal=0.0702 (min=0.0481 max=0.0892, n=16) | pred_rms=0.6066
2026-04-26 15:43:14,792 - INFO - [render-loss] step=284200 masked 3/16 samples (t_value < 0.40)
2026-04-26 15:45:06,793 - INFO - Step  284400 | Epoch  35 | MSE: 0.4739 | Steps/sec: 1.78 | LR: 1.02e-04 | Render_L1: 0.0212 | Alpha_L1: 0.0265 | Render_LPIPS: 0.1441 | Repel: 0.0000 | cos(c,null): +0.4947 | GradNorm: 0.5791 | MSE/t: [0.00-0.25]0.616(n=428) [0.25-0.50]0.504(n=1163) [0.50-0.75]0.425(n=1204) [0.75-1.00]0.382(n=405)
2026-04-26 15:45:07,266 - INFO - [cond] cfg_signal=0.0540 (min=0.0356 max=0.0725, n=16) | class_signal=0.0701 (min=0.0464 max=0.0907, n=16) | pred_rms=0.6119
2026-04-26 15:45:07,320 - INFO - [render-loss] step=284400 masked 8/16 samples (t_value < 0.40)
2026-04-26 15:46:59,123 - INFO - Step  284600 | Epoch  35 | MSE: 0.4747 | Steps/sec: 1.79 | LR: 1.02e-04 | Render_L1: 0.0213 | Alpha_L1: 0.0270 | Render_LPIPS: 0.1423 | Repel: 0.0000 | cos(c,null): +0.4941 | GradNorm: 0.6157 | MSE/t: [0.00-0.25]0.572(n=468) [0.25-0.50]0.512(n=1163) [0.50-0.75]0.431(n=1157) [0.75-1.00]0.383(n=412)
2026-04-26 15:46:59,583 - INFO - [cond] cfg_signal=0.0523 (min=0.0364 max=0.0749, n=16) | class_signal=0.0671 (min=0.0469 max=0.0873, n=16) | pred_rms=0.5957
2026-04-26 15:46:59,642 - INFO - [render-loss] step=284600 masked 5/16 samples (t_value < 0.40)
2026-04-26 15:48:51,661 - INFO - Step  284800 | Epoch  35 | MSE: 0.4653 | Steps/sec: 1.78 | LR: 1.02e-04 | Render_L1: 0.0211 | Alpha_L1: 0.0264 | Render_LPIPS: 0.1422 | Repel: 0.0000 | cos(c,null): +0.4937 | GradNorm: 0.5783 | MSE/t: [0.00-0.25]0.598(n=448) [0.25-0.50]0.504(n=1135) [0.50-0.75]0.410(n=1182) [0.75-1.00]0.377(n=435)
2026-04-26 15:48:52,168 - INFO - [cond] cfg_signal=0.0546 (min=0.0388 max=0.0723, n=16) | class_signal=0.0695 (min=0.0483 max=0.0866, n=16) | pred_rms=0.6025
2026-04-26 15:48:52,222 - INFO - [render-loss] step=284800 masked 4/16 samples (t_value < 0.40)
2026-04-26 15:50:44,545 - INFO - Step  285000 | Epoch  35 | MSE: 0.4755 | Steps/sec: 1.78 | LR: 1.01e-04 | Render_L1: 0.0209 | Alpha_L1: 0.0263 | Render_LPIPS: 0.1427 | Repel: 0.0000 | cos(c,null): +0.4935 | GradNorm: 0.5978 | MSE/t: [0.00-0.25]0.601(n=436) [0.25-0.50]0.501(n=1126) [0.50-0.75]0.438(n=1199) [0.75-1.00]0.387(n=439)
2026-04-26 15:50:45,007 - INFO - [cond] cfg_signal=0.0554 (min=0.0396 max=0.0728, n=16) | class_signal=0.0709 (min=0.0489 max=0.0898, n=16) | pred_rms=0.6062
2026-04-26 15:50:53,118 - INFO - [validation] saved: output/jit_JiT-B_8_from_scratch_null_repel/dit_validation/epoch_035_step_0285000_class058.png (class=58, sampler=heun, steps=100)
2026-04-26 15:50:54,356 - INFO - [overrides] applied from jit/configs/overrides.yaml: lr_scale=1.0 max_grad_norm=5.0 null_repel_weight=0.05 P_mean=0.0
2026-04-26 15:50:54,403 - INFO - [render-loss] step=285000 masked 5/16 samples (t_value < 0.40)
2026-04-26 15:52:46,673 - INFO - Step  285200 | Epoch  35 | MSE: 0.4755 | Steps/sec: 1.64 | LR: 1.01e-04 | Render_L1: 0.0216 | Alpha_L1: 0.0268 | Render_LPIPS: 0.1442 | Repel: 0.0000 | cos(c,null): +0.4941 | GradNorm: 0.6147 | MSE/t: [0.00-0.25]0.592(n=442) [0.25-0.50]0.507(n=1207) [0.50-0.75]0.434(n=1116) [0.75-1.00]0.377(n=435)
2026-04-26 15:52:47,141 - INFO - [cond] cfg_signal=0.0576 (min=0.0431 max=0.0726, n=16) | class_signal=0.0730 (min=0.0508 max=0.0924, n=16) | pred_rms=0.6007
2026-04-26 15:52:47,196 - INFO - [render-loss] step=285200 masked 3/16 samples (t_value < 0.40)
2026-04-26 15:54:39,232 - INFO - Step  285400 | Epoch  35 | MSE: 0.4632 | Steps/sec: 1.78 | LR: 1.01e-04 | Render_L1: 0.0210 | Alpha_L1: 0.0261 | Render_LPIPS: 0.1416 | Repel: 0.0000 | cos(c,null): +0.4941 | GradNorm: 0.6153 | MSE/t: [0.00-0.25]0.579(n=442) [0.25-0.50]0.510(n=1156) [0.50-0.75]0.413(n=1155) [0.75-1.00]0.358(n=447)
2026-04-26 15:54:39,700 - INFO - [cond] cfg_signal=0.0561 (min=0.0420 max=0.0715, n=16) | class_signal=0.0713 (min=0.0504 max=0.0919, n=16) | pred_rms=0.6037
2026-04-26 15:54:39,755 - INFO - [render-loss] step=285400 masked 7/16 samples (t_value < 0.40)
2026-04-26 15:56:31,542 - INFO - Step  285600 | Epoch  35 | MSE: 0.4643 | Steps/sec: 1.79 | LR: 1.01e-04 | Render_L1: 0.0210 | Alpha_L1: 0.0264 | Render_LPIPS: 0.1416 | Repel: 0.0000 | cos(c,null): +0.4943 | GradNorm: 0.6053 | MSE/t: [0.00-0.25]0.589(n=438) [0.25-0.50]0.508(n=1176) [0.50-0.75]0.414(n=1156) [0.75-1.00]0.354(n=430)
2026-04-26 15:56:32,022 - INFO - [cond] cfg_signal=0.0570 (min=0.0413 max=0.0698, n=16) | class_signal=0.0710 (min=0.0507 max=0.0904, n=16) | pred_rms=0.5939
2026-04-26 15:56:32,078 - INFO - [render-loss] step=285600 masked 5/16 samples (t_value < 0.40)
2026-04-26 15:58:24,166 - INFO - Step  285800 | Epoch  35 | MSE: 0.4691 | Steps/sec: 1.78 | LR: 1.01e-04 | Render_L1: 0.0215 | Alpha_L1: 0.0271 | Render_LPIPS: 0.1434 | Repel: 0.0000 | cos(c,null): +0.4946 | GradNorm: 0.5788 | MSE/t: [0.00-0.25]0.613(n=424) [0.25-0.50]0.509(n=1147) [0.50-0.75]0.415(n=1212) [0.75-1.00]0.368(n=417)
2026-04-26 15:58:24,626 - INFO - [cond] cfg_signal=0.0590 (min=0.0423 max=0.0757, n=16) | class_signal=0.0733 (min=0.0524 max=0.0890, n=16) | pred_rms=0.6076
2026-04-26 15:58:24,680 - INFO - [render-loss] step=285800 masked 7/16 samples (t_value < 0.40)
2026-04-26 16:00:16,543 - INFO - Step  286000 | Epoch  35 | MSE: 0.4618 | Steps/sec: 1.79 | LR: 1.01e-04 | Render_L1: 0.0209 | Alpha_L1: 0.0267 | Render_LPIPS: 0.1416 | Repel: 0.0000 | cos(c,null): +0.4941 | GradNorm: 0.6149 | MSE/t: [0.00-0.25]0.600(n=442) [0.25-0.50]0.499(n=1172) [0.50-0.75]0.408(n=1149) [0.75-1.00]0.364(n=437)
2026-04-26 16:00:16,992 - INFO - [cond] cfg_signal=0.0584 (min=0.0427 max=0.0707, n=16) | class_signal=0.0713 (min=0.0493 max=0.0934, n=16) | pred_rms=0.6003
2026-04-26 16:00:25,037 - INFO - [validation] saved: output/jit_JiT-B_8_from_scratch_null_repel/dit_validation/epoch_035_step_0286000_class017.png (class=17, sampler=heun, steps=100)
2026-04-26 16:00:26,288 - INFO - [overrides] applied from jit/configs/overrides.yaml: lr_scale=1.0 max_grad_norm=5.0 null_repel_weight=0.05 P_mean=0.0
2026-04-26 16:00:26,335 - INFO - [render-loss] step=286000 masked 5/16 samples (t_value < 0.40)
2026-04-26 16:02:19,936 - INFO - Step  286200 | Epoch  36 | MSE: 0.4712 | Steps/sec: 1.63 | LR: 1.01e-04 | Render_L1: 0.0213 | Alpha_L1: 0.0267 | Render_LPIPS: 0.1448 | Repel: 0.0000 | cos(c,null): +0.4940 | GradNorm: 0.5742 | MSE/t: [0.00-0.25]0.582(n=435) [0.25-0.50]0.518(n=1129) [0.50-0.75]0.421(n=1192) [0.75-1.00]0.379(n=444)
2026-04-26 16:02:20,562 - INFO - [cond] cfg_signal=0.0554 (min=0.0419 max=0.0692, n=16) | class_signal=0.0708 (min=0.0483 max=0.0904, n=16) | pred_rms=0.5949
2026-04-26 16:02:20,635 - INFO - [render-loss] step=286200 masked 5/16 samples (t_value < 0.40)
2026-04-26 16:04:12,889 - INFO - Step  286400 | Epoch  36 | MSE: 0.4769 | Steps/sec: 1.78 | LR: 1.01e-04 | Render_L1: 0.0211 | Alpha_L1: 0.0266 | Render_LPIPS: 0.1425 | Repel: 0.0000 | cos(c,null): +0.4945 | GradNorm: 13.2494 | MSE/t: [0.00-0.25]0.582(n=459) [0.25-0.50]0.522(n=1107) [0.50-0.75]0.441(n=1203) [0.75-1.00]0.350(n=431)
2026-04-26 16:04:13,362 - INFO - [cond] cfg_signal=0.0551 (min=0.0421 max=0.0703, n=16) | class_signal=0.0709 (min=0.0496 max=0.0945, n=16) | pred_rms=0.6044
2026-04-26 16:04:13,418 - INFO - [render-loss] step=286400 masked 5/16 samples (t_value < 0.40)
2026-04-26 16:06:05,308 - INFO - Step  286600 | Epoch  36 | MSE: 0.4656 | Steps/sec: 1.79 | LR: 1.01e-04 | Render_L1: 0.0210 | Alpha_L1: 0.0268 | Render_LPIPS: 0.1433 | Repel: 0.0000 | cos(c,null): +0.4943 | GradNorm: 0.6033 | MSE/t: [0.00-0.25]0.578(n=462) [0.25-0.50]0.504(n=1201) [0.50-0.75]0.416(n=1131) [0.75-1.00]0.360(n=406)
2026-04-26 16:06:05,770 - INFO - [cond] cfg_signal=0.0556 (min=0.0430 max=0.0714, n=16) | class_signal=0.0713 (min=0.0490 max=0.0965, n=16) | pred_rms=0.6046
2026-04-26 16:06:05,825 - INFO - [render-loss] step=286600 masked 9/16 samples (t_value < 0.40)
2026-04-26 16:07:57,963 - INFO - Step  286800 | Epoch  36 | MSE: 0.4664 | Steps/sec: 1.78 | LR: 1.01e-04 | Render_L1: 0.0209 | Alpha_L1: 0.0264 | Render_LPIPS: 0.1418 | Repel: 0.0000 | cos(c,null): +0.4931 | GradNorm: 0.6185 | MSE/t: [0.00-0.25]0.586(n=407) [0.25-0.50]0.513(n=1195) [0.50-0.75]0.413(n=1134) [0.75-1.00]0.372(n=464)
2026-04-26 16:07:58,466 - INFO - [cond] cfg_signal=0.0552 (min=0.0420 max=0.0682, n=16) | class_signal=0.0719 (min=0.0490 max=0.1027, n=16) | pred_rms=0.6035
2026-04-26 16:07:58,522 - INFO - [render-loss] step=286800 masked 3/16 samples (t_value < 0.40)
2026-04-26 16:09:50,673 - INFO - Step  287000 | Epoch  36 | MSE: 0.4712 | Steps/sec: 1.78 | LR: 1.00e-04 | Render_L1: 0.0215 | Alpha_L1: 0.0268 | Render_LPIPS: 0.1434 | Repel: 0.0000 | cos(c,null): +0.4931 | GradNorm: 0.5938 | MSE/t: [0.00-0.25]0.590(n=422) [0.25-0.50]0.507(n=1176) [0.50-0.75]0.421(n=1182) [0.75-1.00]0.393(n=420)
2026-04-26 16:09:51,137 - INFO - [cond] cfg_signal=0.0560 (min=0.0432 max=0.0684, n=16) | class_signal=0.0725 (min=0.0514 max=0.0993, n=16) | pred_rms=0.5970
2026-04-26 16:09:59,225 - INFO - [validation] saved: output/jit_JiT-B_8_from_scratch_null_repel/dit_validation/epoch_036_step_0287000_class025.png (class=25, sampler=heun, steps=100)
2026-04-26 16:10:00,503 - INFO - [overrides] applied from jit/configs/overrides.yaml: lr_scale=1.0 max_grad_norm=5.0 null_repel_weight=0.05 P_mean=0.0
2026-04-26 16:10:00,552 - INFO - [render-loss] step=287000 masked 2/16 samples (t_value < 0.40)
2026-04-26 16:11:52,723 - INFO - Step  287200 | Epoch  36 | MSE: 0.4619 | Steps/sec: 1.64 | LR: 1.00e-04 | Render_L1: 0.0210 | Alpha_L1: 0.0266 | Render_LPIPS: 0.1410 | Repel: 0.0000 | cos(c,null): +0.4931 | GradNorm: 0.5874 | MSE/t: [0.00-0.25]0.595(n=418) [0.25-0.50]0.499(n=1182) [0.50-0.75]0.416(n=1160) [0.75-1.00]0.357(n=440)
2026-04-26 16:11:53,190 - INFO - [cond] cfg_signal=0.0564 (min=0.0450 max=0.0712, n=16) | class_signal=0.0739 (min=0.0518 max=0.0979, n=16) | pred_rms=0.6141
2026-04-26 16:11:53,246 - INFO - [render-loss] step=287200 masked 5/16 samples (t_value < 0.40)
2026-04-26 16:13:44,814 - INFO - Step  287400 | Epoch  36 | MSE: 0.4657 | Steps/sec: 1.79 | LR: 1.00e-04 | Render_L1: 0.0214 | Alpha_L1: 0.0272 | Render_LPIPS: 0.1446 | Repel: 0.0000 | cos(c,null): +0.4934 | GradNorm: 0.5993 | MSE/t: [0.00-0.25]0.563(n=425) [0.25-0.50]0.510(n=1174) [0.50-0.75]0.418(n=1150) [0.75-1.00]0.382(n=451)
2026-04-26 16:13:45,299 - INFO - [cond] cfg_signal=0.0569 (min=0.0411 max=0.0707, n=16) | class_signal=0.0742 (min=0.0495 max=0.1012, n=16) | pred_rms=0.6172
2026-04-26 16:13:45,354 - INFO - [render-loss] step=287400 masked 6/16 samples (t_value < 0.40)
2026-04-26 16:15:38,020 - INFO - Step  287600 | Epoch  36 | MSE: 0.4692 | Steps/sec: 1.77 | LR: 1.00e-04 | Render_L1: 0.0208 | Alpha_L1: 0.0262 | Render_LPIPS: 0.1411 | Repel: 0.0000 | cos(c,null): +0.4934 | GradNorm: 0.6424 | MSE/t: [0.00-0.25]0.594(n=431) [0.25-0.50]0.522(n=1193) [0.50-0.75]0.402(n=1122) [0.75-1.00]0.378(n=454)
2026-04-26 16:15:38,487 - INFO - [cond] cfg_signal=0.0581 (min=0.0418 max=0.0738, n=16) | class_signal=0.0765 (min=0.0499 max=0.1049, n=16) | pred_rms=0.6144
2026-04-26 16:15:38,540 - INFO - [render-loss] step=287600 masked 4/16 samples (t_value < 0.40)
2026-04-26 16:17:30,642 - INFO - Step  287800 | Epoch  36 | MSE: 0.4630 | Steps/sec: 1.78 | LR: 1.00e-04 | Render_L1: 0.0208 | Alpha_L1: 0.0268 | Render_LPIPS: 0.1411 | Repel: 0.0000 | cos(c,null): +0.4932 | GradNorm: 0.5840 | MSE/t: [0.00-0.25]0.593(n=416) [0.25-0.50]0.512(n=1156) [0.50-0.75]0.407(n=1196) [0.75-1.00]0.363(n=432)
2026-04-26 16:17:31,117 - INFO - [cond] cfg_signal=0.0554 (min=0.0409 max=0.0692, n=16) | class_signal=0.0730 (min=0.0505 max=0.0951, n=16) | pred_rms=0.6114
2026-04-26 16:17:31,172 - INFO - [render-loss] step=287800 masked 5/16 samples (t_value < 0.40)
2026-04-26 16:19:22,888 - INFO - Step  288000 | Epoch  36 | MSE: 0.4700 | Steps/sec: 1.79 | LR: 9.99e-05 | Render_L1: 0.0211 | Alpha_L1: 0.0265 | Render_LPIPS: 0.1404 | Repel: 0.0000 | cos(c,null): +0.4931 | GradNorm: 0.6085 | MSE/t: [0.00-0.25]0.566(n=454) [0.25-0.50]0.514(n=1173) [0.50-0.75]0.421(n=1130) [0.75-1.00]0.380(n=443)
2026-04-26 16:19:23,351 - INFO - [cond] cfg_signal=0.0575 (min=0.0395 max=0.0699, n=16) | class_signal=0.0762 (min=0.0549 max=0.0968, n=16) | pred_rms=0.6025
2026-04-26 16:19:31,365 - INFO - [validation] saved: output/jit_JiT-B_8_from_scratch_null_repel/dit_validation/epoch_036_step_0288000_class010.png (class=10, sampler=heun, steps=100)
2026-04-26 16:19:32,610 - INFO - [overrides] applied from jit/configs/overrides.yaml: lr_scale=1.0 max_grad_norm=5.0 null_repel_weight=0.05 P_mean=0.0
2026-04-26 16:19:32,660 - INFO - [render-loss] step=288000 masked 7/16 samples (t_value < 0.40)
2026-04-26 16:21:24,734 - INFO - Step  288200 | Epoch  36 | MSE: 0.4717 | Steps/sec: 1.65 | LR: 9.98e-05 | Render_L1: 0.0207 | Alpha_L1: 0.0258 | Render_LPIPS: 0.1401 | Repel: 0.0000 | cos(c,null): +0.4922 | GradNorm: 0.5911 | MSE/t: [0.00-0.25]0.603(n=434) [0.25-0.50]0.523(n=1184) [0.50-0.75]0.408(n=1168) [0.75-1.00]0.368(n=414)
2026-04-26 16:21:25,241 - INFO - [cond] cfg_signal=0.0605 (min=0.0430 max=0.0768, n=16) | class_signal=0.0792 (min=0.0552 max=0.1026, n=16) | pred_rms=0.6131
2026-04-26 16:21:25,296 - INFO - [render-loss] step=288200 masked 5/16 samples (t_value < 0.40)
2026-04-26 16:23:17,814 - INFO - Step  288400 | Epoch  36 | MSE: 0.4726 | Steps/sec: 1.78 | LR: 9.97e-05 | Render_L1: 0.0219 | Alpha_L1: 0.0269 | Render_LPIPS: 0.1468 | Repel: 0.0000 | cos(c,null): +0.4922 | GradNorm: 0.6121 | MSE/t: [0.00-0.25]0.602(n=421) [0.25-0.50]0.510(n=1154) [0.50-0.75]0.422(n=1196) [0.75-1.00]0.385(n=429)
2026-04-26 16:23:18,330 - INFO - [cond] cfg_signal=0.0565 (min=0.0411 max=0.0704, n=16) | class_signal=0.0730 (min=0.0490 max=0.0937, n=16) | pred_rms=0.6039
2026-04-26 16:23:18,385 - INFO - [render-loss] step=288400 masked 5/16 samples (t_value < 0.40)
2026-04-26 16:25:10,897 - INFO - Step  288600 | Epoch  36 | MSE: 0.4749 | Steps/sec: 1.78 | LR: 9.95e-05 | Render_L1: 0.0211 | Alpha_L1: 0.0265 | Render_LPIPS: 0.1406 | Repel: 0.0000 | cos(c,null): +0.4929 | GradNorm: 0.6948 | MSE/t: [0.00-0.25]0.590(n=435) [0.25-0.50]0.523(n=1174) [0.50-0.75]0.401(n=1154) [0.75-1.00]0.425(n=437)
2026-04-26 16:25:11,370 - INFO - [cond] cfg_signal=0.0556 (min=0.0420 max=0.0697, n=16) | class_signal=0.0721 (min=0.0505 max=0.0898, n=16) | pred_rms=0.6033
2026-04-26 16:25:11,424 - INFO - [render-loss] step=288600 masked 7/16 samples (t_value < 0.40)
2026-04-26 16:27:03,612 - INFO - Step  288800 | Epoch  36 | MSE: 0.4785 | Steps/sec: 1.78 | LR: 9.94e-05 | Render_L1: 0.0216 | Alpha_L1: 0.0274 | Render_LPIPS: 0.1445 | Repel: 0.0000 | cos(c,null): +0.4936 | GradNorm: 0.6171 | MSE/t: [0.00-0.25]0.577(n=419) [0.25-0.50]0.523(n=1179) [0.50-0.75]0.427(n=1183) [0.75-1.00]0.399(n=419)
2026-04-26 16:27:04,071 - INFO - [cond] cfg_signal=0.0573 (min=0.0442 max=0.0748, n=16) | class_signal=0.0743 (min=0.0510 max=0.0927, n=16) | pred_rms=0.6065
2026-04-26 16:27:04,125 - INFO - [render-loss] step=288800 masked 2/16 samples (t_value < 0.40)
2026-04-26 16:28:56,072 - INFO - Step  289000 | Epoch  36 | MSE: 0.4627 | Steps/sec: 1.79 | LR: 9.93e-05 | Render_L1: 0.0209 | Alpha_L1: 0.0271 | Render_LPIPS: 0.1431 | Repel: 0.0000 | cos(c,null): +0.4938 | GradNorm: 0.5870 | MSE/t: [0.00-0.25]0.570(n=408) [0.25-0.50]0.496(n=1195) [0.50-0.75]0.418(n=1184) [0.75-1.00]0.389(n=413)
2026-04-26 16:28:56,559 - INFO - [cond] cfg_signal=0.0563 (min=0.0449 max=0.0734, n=16) | class_signal=0.0746 (min=0.0503 max=0.0984, n=16) | pred_rms=0.6111
2026-04-26 16:29:04,567 - INFO - [validation] saved: output/jit_JiT-B_8_from_scratch_null_repel/dit_validation/epoch_036_step_0289000_class119.png (class=119, sampler=heun, steps=100)
2026-04-26 16:29:05,830 - INFO - [overrides] applied from jit/configs/overrides.yaml: lr_scale=1.0 max_grad_norm=5.0 null_repel_weight=0.05 P_mean=0.0
2026-04-26 16:29:06,060 - INFO - [render-loss] step=289000 masked 5/16 samples (t_value < 0.40)
2026-04-26 16:30:58,568 - INFO - Step  289200 | Epoch  36 | MSE: 0.4719 | Steps/sec: 1.64 | LR: 9.92e-05 | Render_L1: 0.0216 | Alpha_L1: 0.0271 | Render_LPIPS: 0.1438 | Repel: 0.0000 | cos(c,null): +0.4940 | GradNorm: 0.6461 | MSE/t: [0.00-0.25]0.581(n=463) [0.25-0.50]0.505(n=1195) [0.50-0.75]0.428(n=1108) [0.75-1.00]0.377(n=434)
2026-04-26 16:30:59,033 - INFO - [cond] cfg_signal=0.0575 (min=0.0449 max=0.0757, n=16) | class_signal=0.0745 (min=0.0522 max=0.0977, n=16) | pred_rms=0.6111
2026-04-26 16:30:59,092 - INFO - [render-loss] step=289200 masked 4/16 samples (t_value < 0.40)
2026-04-26 16:32:51,121 - INFO - Step  289400 | Epoch  36 | MSE: 0.4669 | Steps/sec: 1.78 | LR: 9.91e-05 | Render_L1: 0.0215 | Alpha_L1: 0.0272 | Render_LPIPS: 0.1439 | Repel: 0.0000 | cos(c,null): +0.4940 | GradNorm: 0.5986 | MSE/t: [0.00-0.25]0.601(n=457) [0.25-0.50]0.503(n=1130) [0.50-0.75]0.417(n=1212) [0.75-1.00]0.366(n=401)
2026-04-26 16:32:51,594 - INFO - [cond] cfg_signal=0.0577 (min=0.0456 max=0.0757, n=16) | class_signal=0.0754 (min=0.0558 max=0.0973, n=16) | pred_rms=0.6209
2026-04-26 16:32:51,650 - INFO - [render-loss] step=289400 masked 5/16 samples (t_value < 0.40)
2026-04-26 16:34:43,680 - INFO - Step  289600 | Epoch  36 | MSE: 0.4784 | Steps/sec: 1.78 | LR: 9.90e-05 | Render_L1: 0.0218 | Alpha_L1: 0.0269 | Render_LPIPS: 0.1456 | Repel: 0.0000 | cos(c,null): +0.4946 | GradNorm: 0.5830 | MSE/t: [0.00-0.25]0.588(n=454) [0.25-0.50]0.518(n=1169) [0.50-0.75]0.420(n=1132) [0.75-1.00]0.411(n=445)
2026-04-26 16:34:44,150 - INFO - [cond] cfg_signal=0.0580 (min=0.0436 max=0.0735, n=16) | class_signal=0.0755 (min=0.0525 max=0.0974, n=16) | pred_rms=0.6165
2026-04-26 16:34:44,233 - INFO - [render-loss] step=289600 masked 6/16 samples (t_value < 0.40)
2026-04-26 16:36:36,558 - INFO - Step  289800 | Epoch  36 | MSE: 0.4750 | Steps/sec: 1.78 | LR: 9.89e-05 | Render_L1: 0.0212 | Alpha_L1: 0.0269 | Render_LPIPS: 0.1435 | Repel: 0.0000 | cos(c,null): +0.4947 | GradNorm: 3.9181 | MSE/t: [0.00-0.25]0.584(n=433) [0.25-0.50]0.510(n=1142) [0.50-0.75]0.438(n=1153) [0.75-1.00]0.381(n=472)
2026-04-26 16:36:37,032 - INFO - [cond] cfg_signal=0.0574 (min=0.0442 max=0.0730, n=16) | class_signal=0.0743 (min=0.0519 max=0.0971, n=16) | pred_rms=0.6030
2026-04-26 16:36:37,088 - INFO - [render-loss] step=289800 masked 3/16 samples (t_value < 0.40)
2026-04-26 16:38:29,198 - INFO - Step  290000 | Epoch  36 | MSE: 0.4710 | Steps/sec: 1.78 | LR: 9.88e-05 | Render_L1: 0.0210 | Alpha_L1: 0.0266 | Render_LPIPS: 0.1413 | Repel: 0.0000 | cos(c,null): +0.4950 | GradNorm: 0.5869 | MSE/t: [0.00-0.25]0.599(n=423) [0.25-0.50]0.509(n=1164) [0.50-0.75]0.422(n=1157) [0.75-1.00]0.378(n=456)
2026-04-26 16:38:29,801 - INFO - [cond] cfg_signal=0.0565 (min=0.0420 max=0.0690, n=16) | class_signal=0.0728 (min=0.0488 max=0.0915, n=16) | pred_rms=0.6056
2026-04-26 16:38:37,849 - INFO - [validation] saved: output/jit_JiT-B_8_from_scratch_null_repel/dit_validation/epoch_036_step_0290000_class043.png (class=43, sampler=heun, steps=100)
2026-04-26 16:38:39,125 - INFO - [overrides] applied from jit/configs/overrides.yaml: lr_scale=1.0 max_grad_norm=5.0 null_repel_weight=0.05 P_mean=0.0
2026-04-26 16:38:39,174 - INFO - [render-loss] step=290000 masked 5/16 samples (t_value < 0.40)
2026-04-26 16:40:30,848 - INFO - Step  290200 | Epoch  36 | MSE: 0.4765 | Steps/sec: 1.65 | LR: 9.87e-05 | Render_L1: 0.0216 | Alpha_L1: 0.0271 | Render_LPIPS: 0.1457 | Repel: 0.0000 | cos(c,null): +0.4946 | GradNorm: 0.5866 | MSE/t: [0.00-0.25]0.596(n=414) [0.25-0.50]0.517(n=1190) [0.50-0.75]0.422(n=1137) [0.75-1.00]0.398(n=459)
2026-04-26 16:40:31,335 - INFO - [cond] cfg_signal=0.0563 (min=0.0411 max=0.0691, n=16) | class_signal=0.0717 (min=0.0508 max=0.0894, n=16) | pred_rms=0.6014
2026-04-26 16:40:31,390 - INFO - [render-loss] step=290200 masked 7/16 samples (t_value < 0.40)
2026-04-26 16:42:23,591 - INFO - Step  290400 | Epoch  36 | MSE: 0.4720 | Steps/sec: 1.78 | LR: 9.86e-05 | Render_L1: 0.0212 | Alpha_L1: 0.0265 | Render_LPIPS: 0.1421 | Repel: 0.0000 | cos(c,null): +0.4948 | GradNorm: 0.5937 | MSE/t: [0.00-0.25]0.590(n=447) [0.25-0.50]0.519(n=1175) [0.50-0.75]0.427(n=1100) [0.75-1.00]0.350(n=478)
2026-04-26 16:42:24,059 - INFO - [cond] cfg_signal=0.0563 (min=0.0421 max=0.0691, n=16) | class_signal=0.0727 (min=0.0502 max=0.0953, n=16) | pred_rms=0.6135
2026-04-26 16:42:24,117 - INFO - [render-loss] step=290400 masked 4/16 samples (t_value < 0.40)
2026-04-26 16:44:16,039 - INFO - Step  290600 | Epoch  36 | MSE: 0.4724 | Steps/sec: 1.79 | LR: 9.85e-05 | Render_L1: 0.0213 | Alpha_L1: 0.0264 | Render_LPIPS: 0.1440 | Repel: 0.0000 | cos(c,null): +0.4944 | GradNorm: 0.5802 | MSE/t: [0.00-0.25]0.571(n=414) [0.25-0.50]0.522(n=1145) [0.50-0.75]0.415(n=1201) [0.75-1.00]0.407(n=440)
2026-04-26 16:44:16,536 - INFO - [cond] cfg_signal=0.0563 (min=0.0436 max=0.0689, n=16) | class_signal=0.0720 (min=0.0472 max=0.0943, n=16) | pred_rms=0.6035
2026-04-26 16:44:16,592 - INFO - [render-loss] step=290600 masked 6/16 samples (t_value < 0.40)
2026-04-26 16:46:08,653 - INFO - Step  290800 | Epoch  36 | MSE: 0.4726 | Steps/sec: 1.78 | LR: 9.84e-05 | Render_L1: 0.0210 | Alpha_L1: 0.0263 | Render_LPIPS: 0.1411 | Repel: 0.0000 | cos(c,null): +0.4928 | GradNorm: 0.6143 | MSE/t: [0.00-0.25]0.603(n=417) [0.25-0.50]0.505(n=1196) [0.50-0.75]0.424(n=1152) [0.75-1.00]0.389(n=435)
2026-04-26 16:46:09,136 - INFO - [cond] cfg_signal=0.0582 (min=0.0445 max=0.0717, n=16) | class_signal=0.0743 (min=0.0529 max=0.0930, n=16) | pred_rms=0.6039
2026-04-26 16:46:09,191 - INFO - [render-loss] step=290800 masked 5/16 samples (t_value < 0.40)
2026-04-26 16:48:01,301 - INFO - Step  291000 | Epoch  36 | MSE: 0.4593 | Steps/sec: 1.78 | LR: 9.83e-05 | Render_L1: 0.0202 | Alpha_L1: 0.0260 | Render_LPIPS: 0.1382 | Repel: 0.0000 | cos(c,null): +0.4922 | GradNorm: 0.5782 | MSE/t: [0.00-0.25]0.561(n=468) [0.25-0.50]0.511(n=1168) [0.50-0.75]0.394(n=1112) [0.75-1.00]0.381(n=452)
2026-04-26 16:48:01,827 - INFO - [cond] cfg_signal=0.0569 (min=0.0426 max=0.0708, n=16) | class_signal=0.0725 (min=0.0520 max=0.0914, n=16) | pred_rms=0.5897
2026-04-26 16:48:09,810 - INFO - [validation] saved: output/jit_JiT-B_8_from_scratch_null_repel/dit_validation/epoch_036_step_0291000_class108.png (class=108, sampler=heun, steps=100)
2026-04-26 16:48:11,067 - INFO - [overrides] applied from jit/configs/overrides.yaml: lr_scale=1.0 max_grad_norm=5.0 null_repel_weight=0.05 P_mean=0.0
2026-04-26 16:48:11,115 - INFO - [render-loss] step=291000 masked 5/16 samples (t_value < 0.40)
2026-04-26 16:50:03,444 - INFO - Step  291200 | Epoch  36 | MSE: 0.4689 | Steps/sec: 1.64 | LR: 9.81e-05 | Render_L1: 0.0211 | Alpha_L1: 0.0264 | Render_LPIPS: 0.1420 | Repel: 0.0000 | cos(c,null): +0.4926 | GradNorm: 0.6033 | MSE/t: [0.00-0.25]0.577(n=421) [0.25-0.50]0.508(n=1188) [0.50-0.75]0.426(n=1159) [0.75-1.00]0.369(n=432)
2026-04-26 16:50:03,920 - INFO - [cond] cfg_signal=0.0580 (min=0.0453 max=0.0708, n=16) | class_signal=0.0738 (min=0.0537 max=0.0919, n=16) | pred_rms=0.5867
2026-04-26 16:50:03,977 - INFO - [render-loss] step=291200 masked 6/16 samples (t_value < 0.40)
2026-04-26 16:51:56,261 - INFO - Step  291400 | Epoch  36 | MSE: 0.4758 | Steps/sec: 1.78 | LR: 9.80e-05 | Render_L1: 0.0216 | Alpha_L1: 0.0271 | Render_LPIPS: 0.1435 | Repel: 0.0000 | cos(c,null): +0.4934 | GradNorm: 0.6027 | MSE/t: [0.00-0.25]0.610(n=441) [0.25-0.50]0.514(n=1220) [0.50-0.75]0.418(n=1106) [0.75-1.00]0.381(n=433)
2026-04-26 16:51:56,766 - INFO - [cond] cfg_signal=0.0569 (min=0.0453 max=0.0684, n=16) | class_signal=0.0722 (min=0.0534 max=0.0882, n=16) | pred_rms=0.5865
2026-04-26 16:51:56,821 - INFO - [render-loss] step=291400 masked 7/16 samples (t_value < 0.40)
2026-04-26 16:53:48,611 - INFO - Step  291600 | Epoch  36 | MSE: 0.4649 | Steps/sec: 1.79 | LR: 9.79e-05 | Render_L1: 0.0214 | Alpha_L1: 0.0262 | Render_LPIPS: 0.1444 | Repel: 0.0000 | cos(c,null): +0.4932 | GradNorm: 0.5755 | MSE/t: [0.00-0.25]0.539(n=421) [0.25-0.50]0.503(n=1149) [0.50-0.75]0.434(n=1176) [0.75-1.00]0.381(n=454)
2026-04-26 16:53:49,080 - INFO - [cond] cfg_signal=0.0586 (min=0.0467 max=0.0716, n=16) | class_signal=0.0739 (min=0.0522 max=0.0862, n=16) | pred_rms=0.5943
2026-04-26 16:53:49,135 - INFO - [render-loss] step=291600 masked 7/16 samples (t_value < 0.40)
2026-04-26 16:55:41,225 - INFO - Step  291800 | Epoch  36 | MSE: 0.4662 | Steps/sec: 1.78 | LR: 9.78e-05 | Render_L1: 0.0208 | Alpha_L1: 0.0261 | Render_LPIPS: 0.1414 | Repel: 0.0000 | cos(c,null): +0.4933 | GradNorm: 0.5838 | MSE/t: [0.00-0.25]0.585(n=448) [0.25-0.50]0.505(n=1143) [0.50-0.75]0.420(n=1198) [0.75-1.00]0.366(n=411)
2026-04-26 16:55:41,707 - INFO - [cond] cfg_signal=0.0569 (min=0.0444 max=0.0694, n=16) | class_signal=0.0725 (min=0.0542 max=0.0854, n=16) | pred_rms=0.6054
2026-04-26 16:55:41,765 - INFO - [render-loss] step=291800 masked 7/16 samples (t_value < 0.40)
2026-04-26 16:57:34,034 - INFO - Step  292000 | Epoch  36 | MSE: 0.4660 | Steps/sec: 1.78 | LR: 9.77e-05 | Render_L1: 0.0203 | Alpha_L1: 0.0252 | Render_LPIPS: 0.1392 | Repel: 0.0000 | cos(c,null): +0.4938 | GradNorm: 1.3778 | MSE/t: [0.00-0.25]0.625(n=426) [0.25-0.50]0.499(n=1155) [0.50-0.75]0.415(n=1197) [0.75-1.00]0.359(n=422)
2026-04-26 16:57:34,496 - INFO - [cond] cfg_signal=0.0568 (min=0.0461 max=0.0672, n=16) | class_signal=0.0704 (min=0.0502 max=0.0848, n=16) | pred_rms=0.5884
2026-04-26 16:57:42,516 - INFO - [validation] saved: output/jit_JiT-B_8_from_scratch_null_repel/dit_validation/epoch_036_step_0292000_class079.png (class=79, sampler=heun, steps=100)
2026-04-26 16:57:43,778 - INFO - [overrides] applied from jit/configs/overrides.yaml: lr_scale=1.0 max_grad_norm=5.0 null_repel_weight=0.05 P_mean=0.0
2026-04-26 16:57:43,825 - INFO - [render-loss] step=292000 masked 8/16 samples (t_value < 0.40)
2026-04-26 16:59:36,388 - INFO - Step  292200 | Epoch  36 | MSE: 0.4679 | Steps/sec: 1.64 | LR: 9.76e-05 | Render_L1: 0.0208 | Alpha_L1: 0.0260 | Render_LPIPS: 0.1413 | Repel: 0.0000 | cos(c,null): +0.4932 | GradNorm: 0.5979 | MSE/t: [0.00-0.25]0.578(n=396) [0.25-0.50]0.518(n=1228) [0.50-0.75]0.414(n=1145) [0.75-1.00]0.367(n=431)
2026-04-26 16:59:36,847 - INFO - [cond] cfg_signal=0.0576 (min=0.0452 max=0.0693, n=16) | class_signal=0.0711 (min=0.0503 max=0.0887, n=16) | pred_rms=0.5979
2026-04-26 16:59:36,902 - INFO - [render-loss] step=292200 masked 5/16 samples (t_value < 0.40)
2026-04-26 17:01:29,467 - INFO - Step  292400 | Epoch  36 | MSE: 0.4637 | Steps/sec: 1.78 | LR: 9.75e-05 | Render_L1: 0.0208 | Alpha_L1: 0.0262 | Render_LPIPS: 0.1416 | Repel: 0.0000 | cos(c,null): +0.4926 | GradNorm: 0.5922 | MSE/t: [0.00-0.25]0.582(n=420) [0.25-0.50]0.503(n=1196) [0.50-0.75]0.416(n=1150) [0.75-1.00]0.366(n=434)
2026-04-26 17:01:29,964 - INFO - [cond] cfg_signal=0.0565 (min=0.0450 max=0.0687, n=16) | class_signal=0.0700 (min=0.0519 max=0.0843, n=16) | pred_rms=0.5925
2026-04-26 17:01:30,023 - INFO - [render-loss] step=292400 masked 6/16 samples (t_value < 0.40)
2026-04-26 17:03:22,923 - INFO - Step  292600 | Epoch  36 | MSE: 0.4767 | Steps/sec: 1.77 | LR: 9.74e-05 | Render_L1: 0.0207 | Alpha_L1: 0.0263 | Render_LPIPS: 0.1411 | Repel: 0.0000 | cos(c,null): +0.4915 | GradNorm: 0.5936 | MSE/t: [0.00-0.25]0.635(n=452) [0.25-0.50]0.519(n=1155) [0.50-0.75]0.417(n=1164) [0.75-1.00]0.360(n=429)
2026-04-26 17:03:23,390 - INFO - [cond] cfg_signal=0.0570 (min=0.0427 max=0.0703, n=16) | class_signal=0.0707 (min=0.0511 max=0.0861, n=16) | pred_rms=0.5994
2026-04-26 17:03:23,445 - INFO - [render-loss] step=292600 masked 6/16 samples (t_value < 0.40)
2026-04-26 17:05:15,574 - INFO - Step  292800 | Epoch  36 | MSE: 0.4631 | Steps/sec: 1.78 | LR: 9.73e-05 | Render_L1: 0.0209 | Alpha_L1: 0.0267 | Render_LPIPS: 0.1408 | Repel: 0.0000 | cos(c,null): +0.4917 | GradNorm: 0.6058 | MSE/t: [0.00-0.25]0.567(n=436) [0.25-0.50]0.502(n=1195) [0.50-0.75]0.419(n=1101) [0.75-1.00]0.372(n=468)
2026-04-26 17:05:16,056 - INFO - [cond] cfg_signal=0.0582 (min=0.0429 max=0.0696, n=16) | class_signal=0.0724 (min=0.0541 max=0.0852, n=16) | pred_rms=0.5825
2026-04-26 17:05:16,112 - INFO - [render-loss] step=292800 masked 6/16 samples (t_value < 0.40)
2026-04-26 17:07:08,305 - INFO - Step  293000 | Epoch  36 | MSE: 0.4750 | Steps/sec: 1.78 | LR: 9.72e-05 | Render_L1: 0.0207 | Alpha_L1: 0.0258 | Render_LPIPS: 0.1402 | Repel: 0.0000 | cos(c,null): +0.4921 | GradNorm: 0.5698 | MSE/t: [0.00-0.25]0.568(n=404) [0.25-0.50]0.536(n=1172) [0.50-0.75]0.408(n=1191) [0.75-1.00]0.407(n=433)
2026-04-26 17:07:08,766 - INFO - [cond] cfg_signal=0.0575 (min=0.0463 max=0.0670, n=16) | class_signal=0.0733 (min=0.0507 max=0.0874, n=16) | pred_rms=0.5913
2026-04-26 17:07:16,856 - INFO - [validation] saved: output/jit_JiT-B_8_from_scratch_null_repel/dit_validation/epoch_036_step_0293000_class007.png (class=7, sampler=heun, steps=100)
2026-04-26 17:07:18,304 - INFO - [overrides] applied from jit/configs/overrides.yaml: lr_scale=1.0 max_grad_norm=5.0 null_repel_weight=0.05 P_mean=0.0
2026-04-26 17:07:18,352 - INFO - [render-loss] step=293000 masked 7/16 samples (t_value < 0.40)
2026-04-26 17:09:10,722 - INFO - Step  293200 | Epoch  36 | MSE: 0.4702 | Steps/sec: 1.64 | LR: 9.71e-05 | Render_L1: 0.0206 | Alpha_L1: 0.0259 | Render_LPIPS: 0.1400 | Repel: 0.0000 | cos(c,null): +0.4920 | GradNorm: 0.6024 | MSE/t: [0.00-0.25]0.594(n=423) [0.25-0.50]0.521(n=1156) [0.50-0.75]0.408(n=1139) [0.75-1.00]0.387(n=482)
2026-04-26 17:09:11,188 - INFO - [cond] cfg_signal=0.0570 (min=0.0443 max=0.0678, n=16) | class_signal=0.0723 (min=0.0503 max=0.0883, n=16) | pred_rms=0.5880
2026-04-26 17:09:11,245 - INFO - [render-loss] step=293200 masked 3/16 samples (t_value < 0.40)
2026-04-26 17:11:03,625 - INFO - Step  293400 | Epoch  36 | MSE: 0.4661 | Steps/sec: 1.78 | LR: 9.70e-05 | Render_L1: 0.0213 | Alpha_L1: 0.0271 | Render_LPIPS: 0.1429 | Repel: 0.0000 | cos(c,null): +0.4913 | GradNorm: 0.6121 | MSE/t: [0.00-0.25]0.583(n=432) [0.25-0.50]0.506(n=1211) [0.50-0.75]0.415(n=1155) [0.75-1.00]0.367(n=402)
2026-04-26 17:11:04,109 - INFO - [cond] cfg_signal=0.0576 (min=0.0413 max=0.0680, n=16) | class_signal=0.0740 (min=0.0498 max=0.0920, n=16) | pred_rms=0.5869
2026-04-26 17:11:04,166 - INFO - [render-loss] step=293400 masked 5/16 samples (t_value < 0.40)
2026-04-26 17:12:56,477 - INFO - Step  293600 | Epoch  36 | MSE: 0.4662 | Steps/sec: 1.78 | LR: 9.69e-05 | Render_L1: 0.0213 | Alpha_L1: 0.0268 | Render_LPIPS: 0.1448 | Repel: 0.0000 | cos(c,null): +0.4914 | GradNorm: 0.5996 | MSE/t: [0.00-0.25]0.586(n=407) [0.25-0.50]0.512(n=1159) [0.50-0.75]0.416(n=1227) [0.75-1.00]0.367(n=407)
2026-04-26 17:12:56,955 - INFO - [cond] cfg_signal=0.0597 (min=0.0429 max=0.0723, n=16) | class_signal=0.0753 (min=0.0519 max=0.0907, n=16) | pred_rms=0.5988
2026-04-26 17:12:57,009 - INFO - [render-loss] step=293600 masked 6/16 samples (t_value < 0.40)
2026-04-26 17:14:49,251 - INFO - Step  293800 | Epoch  36 | MSE: 0.4772 | Steps/sec: 1.78 | LR: 9.68e-05 | Render_L1: 0.0212 | Alpha_L1: 0.0261 | Render_LPIPS: 0.1422 | Repel: 0.0000 | cos(c,null): +0.4908 | GradNorm: 0.5788 | MSE/t: [0.00-0.25]0.574(n=430) [0.25-0.50]0.531(n=1174) [0.50-0.75]0.423(n=1167) [0.75-1.00]0.379(n=429)
2026-04-26 17:14:49,731 - INFO - [cond] cfg_signal=0.0602 (min=0.0435 max=0.0738, n=16) | class_signal=0.0764 (min=0.0536 max=0.0933, n=16) | pred_rms=0.6077
2026-04-26 17:14:49,812 - INFO - [render-loss] step=293800 masked 3/16 samples (t_value < 0.40)
2026-04-26 17:16:41,972 - INFO - Step  294000 | Epoch  36 | MSE: 0.4712 | Steps/sec: 1.78 | LR: 9.67e-05 | Render_L1: 0.0212 | Alpha_L1: 0.0266 | Render_LPIPS: 0.1439 | Repel: 0.0000 | cos(c,null): +0.4915 | GradNorm: 0.6309 | MSE/t: [0.00-0.25]0.600(n=447) [0.25-0.50]0.507(n=1163) [0.50-0.75]0.423(n=1191) [0.75-1.00]0.367(n=399)
2026-04-26 17:16:42,441 - INFO - [cond] cfg_signal=0.0576 (min=0.0425 max=0.0695, n=16) | class_signal=0.0745 (min=0.0536 max=0.0901, n=16) | pred_rms=0.6160
2026-04-26 17:16:50,566 - INFO - [validation] saved: output/jit_JiT-B_8_from_scratch_null_repel/dit_validation/epoch_036_step_0294000_class114.png (class=114, sampler=heun, steps=100)
2026-04-26 17:16:51,857 - INFO - [overrides] applied from jit/configs/overrides.yaml: lr_scale=1.0 max_grad_norm=5.0 null_repel_weight=0.05 P_mean=0.0
2026-04-26 17:16:51,904 - INFO - [render-loss] step=294000 masked 4/16 samples (t_value < 0.40)
2026-04-26 17:18:45,345 - INFO - Step  294200 | Epoch  37 | MSE: 0.4705 | Steps/sec: 1.63 | LR: 9.65e-05 | Render_L1: 0.0218 | Alpha_L1: 0.0275 | Render_LPIPS: 0.1462 | Repel: 0.0000 | cos(c,null): +0.4923 | GradNorm: 0.6220 | MSE/t: [0.00-0.25]0.571(n=412) [0.25-0.50]0.525(n=1182) [0.50-0.75]0.414(n=1188) [0.75-1.00]0.379(n=418)
2026-04-26 17:18:45,827 - INFO - [cond] cfg_signal=0.0583 (min=0.0431 max=0.0735, n=16) | class_signal=0.0747 (min=0.0541 max=0.0906, n=16) | pred_rms=0.5888
2026-04-26 17:18:45,884 - INFO - [render-loss] step=294200 masked 4/16 samples (t_value < 0.40)
2026-04-26 17:20:38,081 - INFO - Step  294400 | Epoch  37 | MSE: 0.4614 | Steps/sec: 1.78 | LR: 9.64e-05 | Render_L1: 0.0212 | Alpha_L1: 0.0269 | Render_LPIPS: 0.1426 | Repel: 0.0000 | cos(c,null): +0.4924 | GradNorm: 0.5760 | MSE/t: [0.00-0.25]0.571(n=421) [0.25-0.50]0.509(n=1126) [0.50-0.75]0.410(n=1213) [0.75-1.00]0.376(n=440)
2026-04-26 17:20:38,545 - INFO - [cond] cfg_signal=0.0585 (min=0.0429 max=0.0724, n=16) | class_signal=0.0750 (min=0.0546 max=0.0975, n=16) | pred_rms=0.6102
2026-04-26 17:20:38,599 - INFO - [render-loss] step=294400 masked 6/16 samples (t_value < 0.40)
2026-04-26 17:22:31,170 - INFO - Step  294600 | Epoch  37 | MSE: 0.4743 | Steps/sec: 1.78 | LR: 9.63e-05 | Render_L1: 0.0214 | Alpha_L1: 0.0267 | Render_LPIPS: 0.1438 | Repel: 0.0000 | cos(c,null): +0.4926 | GradNorm: 0.5810 | MSE/t: [0.00-0.25]0.602(n=447) [0.25-0.50]0.508(n=1117) [0.50-0.75]0.424(n=1206) [0.75-1.00]0.394(n=430)
2026-04-26 17:22:31,650 - INFO - [cond] cfg_signal=0.0571 (min=0.0419 max=0.0699, n=16) | class_signal=0.0734 (min=0.0527 max=0.0944, n=16) | pred_rms=0.5949
2026-04-26 17:22:31,708 - INFO - [render-loss] step=294600 masked 5/16 samples (t_value < 0.40)
2026-04-26 17:24:24,329 - INFO - Step  294800 | Epoch  37 | MSE: 0.4669 | Steps/sec: 1.77 | LR: 9.62e-05 | Render_L1: 0.0210 | Alpha_L1: 0.0272 | Render_LPIPS: 0.1424 | Repel: 0.0000 | cos(c,null): +0.4934 | GradNorm: 0.6097 | MSE/t: [0.00-0.25]0.586(n=442) [0.25-0.50]0.512(n=1203) [0.50-0.75]0.411(n=1119) [0.75-1.00]0.363(n=436)
2026-04-26 17:24:24,827 - INFO - [cond] cfg_signal=0.0594 (min=0.0452 max=0.0698, n=16) | class_signal=0.0759 (min=0.0545 max=0.0950, n=16) | pred_rms=0.6140
2026-04-26 17:24:24,883 - INFO - [render-loss] step=294800 masked 7/16 samples (t_value < 0.40)
2026-04-26 17:26:17,596 - INFO - Step  295000 | Epoch  37 | MSE: 0.4713 | Steps/sec: 1.77 | LR: 9.61e-05 | Render_L1: 0.0208 | Alpha_L1: 0.0260 | Render_LPIPS: 0.1423 | Repel: 0.0000 | cos(c,null): +0.4934 | GradNorm: 0.5953 | MSE/t: [0.00-0.25]0.592(n=407) [0.25-0.50]0.516(n=1174) [0.50-0.75]0.419(n=1161) [0.75-1.00]0.382(n=458)
2026-04-26 17:26:18,051 - INFO - [cond] cfg_signal=0.0590 (min=0.0452 max=0.0708, n=16) | class_signal=0.0744 (min=0.0537 max=0.0892, n=16) | pred_rms=0.6142
2026-04-26 17:26:26,412 - INFO - [validation] saved: output/jit_JiT-B_8_from_scratch_null_repel/dit_validation/epoch_037_step_0295000_class054.png (class=54, sampler=heun, steps=100)
2026-04-26 17:26:27,715 - INFO - [overrides] applied from jit/configs/overrides.yaml: lr_scale=1.0 max_grad_norm=5.0 null_repel_weight=0.05 P_mean=0.0
2026-04-26 17:26:27,767 - INFO - [render-loss] step=295000 masked 5/16 samples (t_value < 0.40)
2026-04-26 17:28:20,058 - INFO - Step  295200 | Epoch  37 | MSE: 0.4604 | Steps/sec: 1.64 | LR: 9.60e-05 | Render_L1: 0.0211 | Alpha_L1: 0.0267 | Render_LPIPS: 0.1408 | Repel: 0.0000 | cos(c,null): +0.4917 | GradNorm: 0.6022 | MSE/t: [0.00-0.25]0.579(n=423) [0.25-0.50]0.510(n=1164) [0.50-0.75]0.409(n=1156) [0.75-1.00]0.356(n=457)
2026-04-26 17:28:20,523 - INFO - [cond] cfg_signal=0.0557 (min=0.0407 max=0.0686, n=16) | class_signal=0.0706 (min=0.0510 max=0.0898, n=16) | pred_rms=0.5952
2026-04-26 17:28:20,582 - INFO - [render-loss] step=295200 masked 2/16 samples (t_value < 0.40)
2026-04-26 17:30:13,301 - INFO - Step  295400 | Epoch  37 | MSE: 0.4639 | Steps/sec: 1.77 | LR: 9.59e-05 | Render_L1: 0.0206 | Alpha_L1: 0.0263 | Render_LPIPS: 0.1411 | Repel: 0.0000 | cos(c,null): +0.4920 | GradNorm: 0.5884 | MSE/t: [0.00-0.25]0.576(n=447) [0.25-0.50]0.493(n=1155) [0.50-0.75]0.415(n=1146) [0.75-1.00]0.405(n=452)
2026-04-26 17:30:13,784 - INFO - [cond] cfg_signal=0.0567 (min=0.0420 max=0.0698, n=16) | class_signal=0.0714 (min=0.0506 max=0.0883, n=16) | pred_rms=0.5953
2026-04-26 17:30:13,840 - INFO - [render-loss] step=295400 masked 6/16 samples (t_value < 0.40)
W0426 17:30:50.194000 1470459 torch/distributed/elastic/multiprocessing/api.py:1012] Sending process 1470497 closing signal SIGTERM
E0426 17:30:50.202000 1470459 torch/distributed/elastic/multiprocessing/api.py:986] failed (exitcode: -15) local_rank: 0 (pid: 1470496) of binary: /home/hmolin/3DGen-Playground/.3dgen/bin/python3
Traceback (most recent call last):
  File "/home/hmolin/3DGen-Playground/.3dgen/bin/accelerate", line 8, in <module>
    sys.exit(main())
  File "/home/hmolin/3DGen-Playground/.3dgen/lib/python3.10/site-packages/accelerate/commands/accelerate_cli.py", line 50, in main
    args.func(args)
  File "/home/hmolin/3DGen-Playground/.3dgen/lib/python3.10/site-packages/accelerate/commands/launch.py", line 1396, in launch_command
    multi_gpu_launcher(args)
  File "/home/hmolin/3DGen-Playground/.3dgen/lib/python3.10/site-packages/accelerate/commands/launch.py", line 1023, in multi_gpu_launcher
    distrib_run.run(args)
  File "/home/hmolin/3DGen-Playground/.3dgen/lib/python3.10/site-packages/torch/distributed/run.py", line 981, in run
    elastic_launch(
  File "/home/hmolin/3DGen-Playground/.3dgen/lib/python3.10/site-packages/torch/distributed/launcher/api.py", line 170, in __call__
    return launch_agent(self._config, self._entrypoint, list(args))
  File "/home/hmolin/3DGen-Playground/.3dgen/lib/python3.10/site-packages/torch/distributed/launcher/api.py", line 317, in launch_agent
    raise ChildFailedError(
torch.distributed.elastic.multiprocessing.errors.ChildFailedError: 
=========================================================
jit/train_gsplat.py FAILED
---------------------------------------------------------
Failures:
[1]:
  time      : 2026-04-26_17:30:50
  host      : yusu-l4.c.gcp-langmotion.internal
  rank      : 1 (local_rank: 1)
  exitcode  : -15 (pid: 1470497)
  error_file: <N/A>
  traceback : Signal 15 (SIGTERM) received by PID 1470497
---------------------------------------------------------
Root Cause (first observed failure):
[0]:
  time      : 2026-04-26_17:30:50
  host      : yusu-l4.c.gcp-langmotion.internal
  rank      : 0 (local_rank: 0)
  exitcode  : -15 (pid: 1470496)
  error_file: <N/A>
  traceback : Signal 15 (SIGTERM) received by PID 1470496
=========================================================
