2026-05-03 02:44:52,076 - INFO - Accelerator: num_processes=4, mixed_precision=bf16, device=cuda:0
2026-05-03 02:44:52,076 - INFO - Validation sampler: heun
2026-05-03 02:44:52,381 - INFO - Loading class map from /home/hmolin/3DGen-Playground/object_labels/image_kmeans_k103/object_to_class.json
2026-05-03 02:44:52,534 - INFO - Loading sphere2plane permutation from /home/tiangexiang/gen3d/gaussianverse/sphere2plane.npy
2026-05-03 02:44:52,534 - INFO - Number of classes: 103
2026-05-03 02:44:52,534 - INFO - Creating base dataset...
2026-05-03 02:44:52,534 - INFO - Loading sphere2plane permutation from /home/tiangexiang/gen3d/gaussianverse/sphere2plane.npy
2026-05-03 02:44:52,534 - INFO - Loading sphere2plane permutation from /home/tiangexiang/gen3d/gaussianverse/sphere2plane.npy
2026-05-03 02:44:52,535 - INFO - Loading obj list from /home/tiangexiang/gen3d/gaussianverse/all_obj_list_filtered.json
2026-05-03 02:44:52,535 - INFO - Loading sphere2plane permutation from /home/tiangexiang/gen3d/gaussianverse/sphere2plane.npy
2026-05-03 02:44:52,535 - INFO - Loading obj list from /home/tiangexiang/gen3d/gaussianverse/all_obj_list_filtered.json
2026-05-03 02:44:52,535 - INFO - Loading obj list from /home/tiangexiang/gen3d/gaussianverse/all_obj_list_filtered.json
2026-05-03 02:44:52,536 - INFO - Loading obj list from /home/tiangexiang/gen3d/gaussianverse/all_obj_list_filtered.json
2026-05-03 02:44:52,706 - INFO - Loaded 254338 entries from /home/tiangexiang/gen3d/gaussianverse/all_obj_list_filtered.json
2026-05-03 02:44:52,706 - INFO - Loaded 254338 entries from /home/tiangexiang/gen3d/gaussianverse/all_obj_list_filtered.json
2026-05-03 02:44:52,708 - INFO - Loaded 254338 entries from /home/tiangexiang/gen3d/gaussianverse/all_obj_list_filtered.json
2026-05-03 02:44:52,709 - INFO - Loaded 254338 entries from /home/tiangexiang/gen3d/gaussianverse/all_obj_list_filtered.json
2026-05-03 02:44:52,712 - INFO - Total merged entries: 254338
2026-05-03 02:44:52,713 - INFO - Total merged entries: 254338
2026-05-03 02:44:52,715 - INFO - Total merged entries: 254338
2026-05-03 02:44:52,715 - INFO - Total merged entries: 254338
2026-05-03 02:44:52,768 - INFO - Excluded 726 of 254338 keys via /home/hmolin/3DGen-Playground/data/outlier_keys_8sigma.json
2026-05-03 02:44:52,768 - INFO - Excluded 726 of 254338 keys via /home/hmolin/3DGen-Playground/data/outlier_keys_8sigma.json
2026-05-03 02:44:52,770 - INFO - Excluded 726 of 254338 keys via /home/hmolin/3DGen-Playground/data/outlier_keys_8sigma.json
2026-05-03 02:44:52,772 - INFO - Excluded 726 of 254338 keys via /home/hmolin/3DGen-Playground/data/outlier_keys_8sigma.json
2026-05-03 02:44:52,772 - INFO - Loading normalization statistics from /home/hmolin/3DGen-Playground/data/stats/all_mean_postfix.pt and /home/hmolin/3DGen-Playground/data/stats/all_std_postfix.pt
2026-05-03 02:44:52,772 - INFO - Loading normalization statistics from /home/hmolin/3DGen-Playground/data/stats/all_mean_postfix.pt and /home/hmolin/3DGen-Playground/data/stats/all_std_postfix.pt
2026-05-03 02:44:52,774 - INFO - Loading normalization statistics from /home/hmolin/3DGen-Playground/data/stats/all_mean_postfix.pt and /home/hmolin/3DGen-Playground/data/stats/all_std_postfix.pt
2026-05-03 02:44:52,775 - INFO - Loading normalization statistics from /home/hmolin/3DGen-Playground/data/stats/all_mean_postfix.pt and /home/hmolin/3DGen-Playground/data/stats/all_std_postfix.pt
2026-05-03 02:44:52,782 - INFO - Initialized dataset with 253612 samples
2026-05-03 02:44:52,782 - INFO - Initialized dataset with 253612 samples
2026-05-03 02:44:52,783 - INFO - Initialized dataset with 253612 samples
2026-05-03 02:44:52,784 - INFO - Initialized dataset with 253612 samples
2026-05-03 02:44:52,784 - INFO - sh_degree0_only: selecting 14 features from 59
2026-05-03 02:44:52,815 - INFO - Loaded sphere2plane permutation: 16384 points
2026-05-03 02:44:53,058 - INFO - Class3DGenDataset: 253611 valid samples, 1 skipped (class -1 or missing)
2026-05-03 02:44:53,060 - INFO - Class3DGenDataset: 253611 valid samples, 1 skipped (class -1 or missing)
2026-05-03 02:44:53,062 - INFO - Class3DGenDataset: 253611 valid samples, 1 skipped (class -1 or missing)
2026-05-03 02:44:53,062 - INFO - Class3DGenDataset: 253611 valid samples, 1 skipped (class -1 or missing)
2026-05-03 02:44:53,405 - INFO - Attached to existing lazy shared CPU cache: /home/hmolin/3dgen_cache/preload/cf3e52f52e4196d6c992dbc1b245635a
2026-05-03 02:44:53,448 - INFO - Attached to existing lazy shared CPU cache: /home/hmolin/3dgen_cache/preload/cf3e52f52e4196d6c992dbc1b245635a
2026-05-03 02:44:53,491 - INFO - Attached to existing lazy shared CPU cache: /home/hmolin/3dgen_cache/preload/cf3e52f52e4196d6c992dbc1b245635a
2026-05-03 02:44:53,535 - INFO - Attached to existing lazy shared CPU cache: /home/hmolin/3dgen_cache/preload/cf3e52f52e4196d6c992dbc1b245635a
2026-05-03 02:44:53,556 - INFO - [class-balanced] sampling with inverse-frequency weights over 103 classes (min=791, max=4749, mean=2462.2 samples/class)
2026-05-03 02:44:53,556 - INFO - Dataset size: 253611, Per-GPU batch size: 48
2026-05-03 02:44:53,556 - INFO - Creating model: JiT-B/8
2026-05-03 02:44:55,263 - INFO - [patch-embed] single-conv (in_chans→embed_dim, no rank reduction below embed_dim)
2026-05-03 02:44:55,263 - INFO - JiT spatial folding: disabled (factor=1)
2026-05-03 02:44:55,263 - INFO - Model parameters: 131,196,800 (131.2M)
2026-05-03 02:44:55,584 - INFO - [layout] converted 1 Conv2d weights to channels_last
2026-05-03 02:44:55,584 - INFO - torch.compile: enabled (mode=default)
2026-05-03 02:44:57,756 - INFO - Diffusion timesteps: 1000, predict=x0, schedule=squaredcos_cap_v2
2026-05-03 02:44:57,756 - INFO - Training mode: DDPM (sampler=heun), timestep sampling: sigmoid(N(0.000, 1.000)) mapped to discrete steps [0, 999]
2026-05-03 02:44:58,162 - INFO - LR schedule: cosine | warmup=500 opt steps | max_opt_steps=264000 | lr_min=1e-05
2026-05-03 02:44:58,336 - INFO - Loaded 52 reference cameras from /home/hmolin/3DGen-Playground/artifacts/ref_camera.tar.gz
/home/hmolin/3DGen-Playground/.3dgen/lib/python3.10/site-packages/torchvision/models/_utils.py:208: UserWarning: The parameter 'pretrained' is deprecated since 0.13 and may be removed in the future, please use 'weights' instead.
  warnings.warn(
/home/hmolin/3DGen-Playground/.3dgen/lib/python3.10/site-packages/torchvision/models/_utils.py:223: UserWarning: Arguments other than a weight enum or `None` for 'weights' are deprecated since 0.13 and may be removed in the future. The current behavior is equivalent to passing `weights=VGG16_Weights.IMAGENET1K_V1`. You can also use `weights=VGG16_Weights.DEFAULT` to get the most up-to-date weights.
  warnings.warn(msg)
/home/hmolin/3DGen-Playground/.3dgen/lib/python3.10/site-packages/torchvision/models/_utils.py:208: UserWarning: The parameter 'pretrained' is deprecated since 0.13 and may be removed in the future, please use 'weights' instead.
  warnings.warn(
/home/hmolin/3DGen-Playground/.3dgen/lib/python3.10/site-packages/torchvision/models/_utils.py:223: UserWarning: Arguments other than a weight enum or `None` for 'weights' are deprecated since 0.13 and may be removed in the future. The current behavior is equivalent to passing `weights=VGG16_Weights.IMAGENET1K_V1`. You can also use `weights=VGG16_Weights.DEFAULT` to get the most up-to-date weights.
  warnings.warn(msg)
/home/hmolin/3DGen-Playground/.3dgen/lib/python3.10/site-packages/torchvision/models/_utils.py:208: UserWarning: The parameter 'pretrained' is deprecated since 0.13 and may be removed in the future, please use 'weights' instead.
  warnings.warn(
/home/hmolin/3DGen-Playground/.3dgen/lib/python3.10/site-packages/torchvision/models/_utils.py:223: UserWarning: Arguments other than a weight enum or `None` for 'weights' are deprecated since 0.13 and may be removed in the future. The current behavior is equivalent to passing `weights=VGG16_Weights.IMAGENET1K_V1`. You can also use `weights=VGG16_Weights.DEFAULT` to get the most up-to-date weights.
  warnings.warn(msg)
/home/hmolin/3DGen-Playground/.3dgen/lib/python3.10/site-packages/torchvision/models/_utils.py:208: UserWarning: The parameter 'pretrained' is deprecated since 0.13 and may be removed in the future, please use 'weights' instead.
  warnings.warn(
/home/hmolin/3DGen-Playground/.3dgen/lib/python3.10/site-packages/torchvision/models/_utils.py:223: UserWarning: Arguments other than a weight enum or `None` for 'weights' are deprecated since 0.13 and may be removed in the future. The current behavior is equivalent to passing `weights=VGG16_Weights.IMAGENET1K_V1`. You can also use `weights=VGG16_Weights.DEFAULT` to get the most up-to-date weights.
  warnings.warn(msg)
2026-05-03 02:45:00,068 - INFO - Resuming from checkpoint: output/jit_B8_postfix_20260501_234201/0020000.pt
2026-05-03 02:45:01,934 - INFO - Resumed at optim step 20000, epoch 15
2026-05-03 02:45:01,936 - INFO - Starting training from epoch 15, step 20000...
2026-05-03 02:45:01,936 - INFO - [render_weight_schedule] active with 2 control points: (20000, rl1=0.000, a=0.000, lp=0.0000), (60000, rl1=1.000, a=1.000, lp=1.0000) | initial weights at step 20000: rl1=0.0000, alpha=0.0000, lpips=0.0000
2026-05-03 02:45:02,269 - INFO - [overrides] applied from jit/configs/overrides.yaml: lr_scale=1.0 max_grad_norm=5.0 null_repel_weight=0.0 P_mean=0.0
2026-05-03 02:48:10,204 - INFO - Step   20200 | Epoch  15 | MSE: 0.3213 | Steps/sec: 1.06 | LR: 1.97e-04 | Render_L1: 0.0322 | Alpha_L1: 0.0495 | Render_LPIPS: 0.1985 | cos(c,null): +0.0531 | GradNorm: 0.0205 | MSE/t: [0.00-0.50]0.506(n=4854) [0.50-0.85]0.143(n=4356) [0.85-0.95]0.024(n=376) [0.95-1.00]0.013(n=14)
2026-05-03 02:48:10,280 - INFO - [render-loss] step=20200 kept 24/48 samples (t_value >= 0.50)
2026-05-03 02:50:38,642 - INFO - Step   20400 | Epoch  15 | MSE: 0.3199 | Steps/sec: 1.35 | LR: 1.97e-04 | Render_L1: 0.0317 | Alpha_L1: 0.0474 | Render_LPIPS: 0.1982 | cos(c,null): +0.0546 | GradNorm: 0.0226 | MSE/t: [0.00-0.50]0.505(n=4842) [0.50-0.85]0.142(n=4344) [0.85-0.95]0.024(n=399) [0.95-1.00]0.016(n=15)
2026-05-03 02:50:38,716 - INFO - [render-loss] step=20400 kept 21/48 samples (t_value >= 0.50)
2026-05-03 02:53:09,396 - INFO - Step   20600 | Epoch  15 | MSE: 0.3157 | Steps/sec: 1.33 | LR: 1.97e-04 | Render_L1: 0.0313 | Alpha_L1: 0.0457 | Render_LPIPS: 0.1962 | cos(c,null): +0.0560 | GradNorm: 0.0262 | MSE/t: [0.00-0.50]0.504(n=4711) [0.50-0.85]0.144(n=4491) [0.85-0.95]0.025(n=376) [0.95-1.00]0.015(n=22)
2026-05-03 02:53:09,470 - INFO - [render-loss] step=20600 kept 19/48 samples (t_value >= 0.50)
2026-05-03 02:55:37,941 - INFO - Step   20800 | Epoch  15 | MSE: 0.3236 | Steps/sec: 1.35 | LR: 1.97e-04 | Render_L1: 0.0308 | Alpha_L1: 0.0453 | Render_LPIPS: 0.1956 | cos(c,null): +0.0578 | GradNorm: 0.0277 | MSE/t: [0.00-0.50]0.508(n=4840) [0.50-0.85]0.146(n=4381) [0.85-0.95]0.025(n=364) [0.95-1.00]0.012(n=15)
2026-05-03 02:55:38,014 - INFO - [render-loss] step=20800 kept 24/48 samples (t_value >= 0.50)
2026-05-03 02:58:06,283 - INFO - Step   21000 | Epoch  15 | MSE: 0.3251 | Steps/sec: 1.35 | LR: 1.97e-04 | Render_L1: 0.0314 | Alpha_L1: 0.0456 | Render_LPIPS: 0.1969 | cos(c,null): +0.0605 | GradNorm: 0.0332 | MSE/t: [0.00-0.50]0.509(n=4853) [0.50-0.85]0.147(n=4355) [0.85-0.95]0.027(n=373) [0.95-1.00]0.014(n=19)
2026-05-03 02:58:11,184 - INFO - [cond] cfg_signal=0.0535 (min=0.0334 max=0.0814, n=16) | class_signal=0.0615 (min=0.0275 max=0.0933, n=16) | pred_rms=0.8548
2026-05-03 02:58:19,156 - INFO - [validation] saved: output/jit_B8_postfix_render256_20260503_024444/dit_validation/epoch_015_step_0021000_class053.png (class=53, sampler=heun, steps=100)
2026-05-03 02:58:20,403 - INFO - [overrides] applied from jit/configs/overrides.yaml: lr_scale=1.0 max_grad_norm=5.0 null_repel_weight=0.0 P_mean=0.0
2026-05-03 02:58:20,473 - INFO - [render-loss] step=21000 kept 26/48 samples (t_value >= 0.50)
2026-05-03 03:00:54,934 - INFO - Step   21200 | Epoch  15 | MSE: 0.3206 | Steps/sec: 1.22 | LR: 1.97e-04 | Render_L1: 0.0307 | Alpha_L1: 0.0437 | Render_LPIPS: 0.1927 | cos(c,null): +0.0632 | GradNorm: 0.0331 | MSE/t: [0.00-0.50]0.508(n=4767) [0.50-0.85]0.145(n=4443) [0.85-0.95]0.027(n=374) [0.95-1.00]0.017(n=16)
2026-05-03 03:00:55,011 - INFO - [render-loss] step=21200 kept 24/48 samples (t_value >= 0.50)
2026-05-03 03:03:28,890 - INFO - Step   21400 | Epoch  16 | MSE: 0.3258 | Steps/sec: 1.30 | LR: 1.97e-04 | Render_L1: 0.0300 | Alpha_L1: 0.0432 | Render_LPIPS: 0.1890 | cos(c,null): +0.0660 | GradNorm: 0.0381 | MSE/t: [0.00-0.50]0.508(n=4912) [0.50-0.85]0.144(n=4327) [0.85-0.95]0.026(n=356) [0.95-1.00]0.016(n=5)
2026-05-03 03:03:28,966 - INFO - [render-loss] step=21400 kept 21/48 samples (t_value >= 0.50)
2026-05-03 03:06:04,413 - INFO - Step   21600 | Epoch  16 | MSE: 0.3217 | Steps/sec: 1.29 | LR: 1.97e-04 | Render_L1: 0.0299 | Alpha_L1: 0.0434 | Render_LPIPS: 0.1889 | cos(c,null): +0.0693 | GradNorm: 0.0414 | MSE/t: [0.00-0.50]0.508(n=4773) [0.50-0.85]0.147(n=4429) [0.85-0.95]0.029(n=381) [0.95-1.00]0.017(n=17)
2026-05-03 03:06:04,487 - INFO - [render-loss] step=21600 kept 29/48 samples (t_value >= 0.50)
2026-05-03 03:08:39,565 - INFO - Step   21800 | Epoch  16 | MSE: 0.3214 | Steps/sec: 1.29 | LR: 1.97e-04 | Render_L1: 0.0299 | Alpha_L1: 0.0431 | Render_LPIPS: 0.1886 | cos(c,null): +0.0728 | GradNorm: 0.0447 | MSE/t: [0.00-0.50]0.512(n=4715) [0.50-0.85]0.147(n=4480) [0.85-0.95]0.027(n=386) [0.95-1.00]0.018(n=19)
2026-05-03 03:08:39,640 - INFO - [render-loss] step=21800 kept 25/48 samples (t_value >= 0.50)
2026-05-03 03:11:15,151 - INFO - Step   22000 | Epoch  16 | MSE: 0.3219 | Steps/sec: 1.29 | LR: 1.97e-04 | Render_L1: 0.0297 | Alpha_L1: 0.0427 | Render_LPIPS: 0.1878 | cos(c,null): +0.0759 | GradNorm: 0.0479 | MSE/t: [0.00-0.50]0.507(n=4750) [0.50-0.85]0.150(n=4469) [0.85-0.95]0.028(n=370) [0.95-1.00]0.019(n=11)
2026-05-03 03:11:15,369 - INFO - [cond] cfg_signal=0.0480 (min=0.0292 max=0.0673, n=16) | class_signal=0.0594 (min=0.0312 max=0.0882, n=16) | pred_rms=0.8371
2026-05-03 03:11:23,375 - INFO - [validation] saved: output/jit_B8_postfix_render256_20260503_024444/dit_validation/epoch_016_step_0022000_class089.png (class=89, sampler=heun, steps=100)
2026-05-03 03:11:24,552 - INFO - [overrides] applied from jit/configs/overrides.yaml: lr_scale=1.0 max_grad_norm=5.0 null_repel_weight=0.0 P_mean=0.0
2026-05-03 03:11:24,623 - INFO - [render-loss] step=22000 kept 23/48 samples (t_value >= 0.50)
2026-05-03 03:14:01,051 - INFO - Step   22200 | Epoch  16 | MSE: 0.3183 | Steps/sec: 1.21 | LR: 1.97e-04 | Render_L1: 0.0294 | Alpha_L1: 0.0422 | Render_LPIPS: 0.1858 | cos(c,null): +0.0794 | GradNorm: 0.0517 | MSE/t: [0.00-0.50]0.508(n=4712) [0.50-0.85]0.146(n=4450) [0.85-0.95]0.027(n=422) [0.95-1.00]0.016(n=16)
2026-05-03 03:14:01,127 - INFO - [render-loss] step=22200 kept 19/48 samples (t_value >= 0.50)
2026-05-03 03:16:36,114 - INFO - Step   22400 | Epoch  16 | MSE: 0.3217 | Steps/sec: 1.29 | LR: 1.97e-04 | Render_L1: 0.0295 | Alpha_L1: 0.0419 | Render_LPIPS: 0.1863 | cos(c,null): +0.0828 | GradNorm: 0.0551 | MSE/t: [0.00-0.50]0.509(n=4772) [0.50-0.85]0.147(n=4395) [0.85-0.95]0.028(n=418) [0.95-1.00]0.018(n=15)
2026-05-03 03:16:36,191 - INFO - [render-loss] step=22400 kept 24/48 samples (t_value >= 0.50)
2026-05-03 03:19:11,444 - INFO - Step   22600 | Epoch  16 | MSE: 0.3236 | Steps/sec: 1.29 | LR: 1.97e-04 | Render_L1: 0.0290 | Alpha_L1: 0.0410 | Render_LPIPS: 0.1851 | cos(c,null): +0.0869 | GradNorm: 0.0572 | MSE/t: [0.00-0.50]0.511(n=4789) [0.50-0.85]0.147(n=4390) [0.85-0.95]0.028(n=409) [0.95-1.00]0.021(n=12)
2026-05-03 03:19:11,519 - INFO - [render-loss] step=22600 kept 22/48 samples (t_value >= 0.50)
2026-05-03 03:21:46,458 - INFO - Step   22800 | Epoch  17 | MSE: 0.3234 | Steps/sec: 1.29 | LR: 1.97e-04 | Render_L1: 0.0293 | Alpha_L1: 0.0416 | Render_LPIPS: 0.1845 | cos(c,null): +0.0899 | GradNorm: 0.0604 | MSE/t: [0.00-0.50]0.508(n=4804) [0.50-0.85]0.149(n=4412) [0.85-0.95]0.027(n=367) [0.95-1.00]0.017(n=17)
2026-05-03 03:21:46,534 - INFO - [render-loss] step=22800 kept 24/48 samples (t_value >= 0.50)
2026-05-03 03:24:21,883 - INFO - Step   23000 | Epoch  17 | MSE: 0.3198 | Steps/sec: 1.29 | LR: 1.97e-04 | Render_L1: 0.0288 | Alpha_L1: 0.0414 | Render_LPIPS: 0.1815 | cos(c,null): +0.0935 | GradNorm: 0.0628 | MSE/t: [0.00-0.50]0.508(n=4716) [0.50-0.85]0.147(n=4499) [0.85-0.95]0.028(n=366) [0.95-1.00]0.019(n=19)
2026-05-03 03:24:22,102 - INFO - [cond] cfg_signal=0.0475 (min=0.0282 max=0.0681, n=16) | class_signal=0.0561 (min=0.0295 max=0.0776, n=16) | pred_rms=0.8359
2026-05-03 03:24:30,149 - INFO - [validation] saved: output/jit_B8_postfix_render256_20260503_024444/dit_validation/epoch_017_step_0023000_class001.png (class=1, sampler=heun, steps=100)
2026-05-03 03:24:31,273 - INFO - [overrides] applied from jit/configs/overrides.yaml: lr_scale=1.0 max_grad_norm=5.0 null_repel_weight=0.0 P_mean=0.0
2026-05-03 03:24:31,343 - INFO - [render-loss] step=23000 kept 26/48 samples (t_value >= 0.50)
2026-05-03 03:27:07,151 - INFO - Step   23200 | Epoch  17 | MSE: 0.3229 | Steps/sec: 1.21 | LR: 1.97e-04 | Render_L1: 0.0290 | Alpha_L1: 0.0414 | Render_LPIPS: 0.1849 | cos(c,null): +0.0964 | GradNorm: 0.0653 | MSE/t: [0.00-0.50]0.509(n=4743) [0.50-0.85]0.151(n=4483) [0.85-0.95]0.030(n=357) [0.95-1.00]0.020(n=17)
2026-05-03 03:27:07,227 - INFO - [render-loss] step=23200 kept 23/48 samples (t_value >= 0.50)
2026-05-03 03:29:41,494 - INFO - Step   23400 | Epoch  17 | MSE: 0.3215 | Steps/sec: 1.30 | LR: 1.96e-04 | Render_L1: 0.0292 | Alpha_L1: 0.0415 | Render_LPIPS: 0.1834 | cos(c,null): +0.0997 | GradNorm: 0.0690 | MSE/t: [0.00-0.50]0.508(n=4763) [0.50-0.85]0.149(n=4424) [0.85-0.95]0.029(n=396) [0.95-1.00]0.016(n=17)
2026-05-03 03:29:41,568 - INFO - [render-loss] step=23400 kept 23/48 samples (t_value >= 0.50)
2026-05-03 03:32:15,841 - INFO - Step   23600 | Epoch  17 | MSE: 0.3267 | Steps/sec: 1.30 | LR: 1.96e-04 | Render_L1: 0.0283 | Alpha_L1: 0.0401 | Render_LPIPS: 0.1797 | cos(c,null): +0.1028 | GradNorm: 0.0710 | MSE/t: [0.00-0.50]0.509(n=4857) [0.50-0.85]0.149(n=4361) [0.85-0.95]0.029(n=360) [0.95-1.00]0.024(n=22)
2026-05-03 03:32:15,915 - INFO - [render-loss] step=23600 kept 22/48 samples (t_value >= 0.50)
2026-05-03 03:34:49,818 - INFO - Step   23800 | Epoch  17 | MSE: 0.3246 | Steps/sec: 1.30 | LR: 1.96e-04 | Render_L1: 0.0289 | Alpha_L1: 0.0407 | Render_LPIPS: 0.1818 | cos(c,null): +0.1060 | GradNorm: 0.0744 | MSE/t: [0.00-0.50]0.508(n=4819) [0.50-0.85]0.150(n=4406) [0.85-0.95]0.029(n=361) [0.95-1.00]0.020(n=14)
2026-05-03 03:34:49,892 - INFO - [render-loss] step=23800 kept 29/48 samples (t_value >= 0.50)
2026-05-03 03:37:25,849 - INFO - Step   24000 | Epoch  18 | MSE: 0.3192 | Steps/sec: 1.28 | LR: 1.96e-04 | Render_L1: 0.0287 | Alpha_L1: 0.0403 | Render_LPIPS: 0.1816 | cos(c,null): +0.1088 | GradNorm: 0.0759 | MSE/t: [0.00-0.50]0.508(n=4702) [0.50-0.85]0.148(n=4497) [0.85-0.95]0.029(n=387) [0.95-1.00]0.020(n=14)
2026-05-03 03:37:26,055 - INFO - [cond] cfg_signal=0.0469 (min=0.0292 max=0.0693, n=16) | class_signal=0.0553 (min=0.0265 max=0.0811, n=16) | pred_rms=0.8296
2026-05-03 03:37:34,005 - INFO - [validation] saved: output/jit_B8_postfix_render256_20260503_024444/dit_validation/epoch_018_step_0024000_class003.png (class=3, sampler=heun, steps=100)
2026-05-03 03:37:35,197 - INFO - [overrides] applied from jit/configs/overrides.yaml: lr_scale=1.0 max_grad_norm=5.0 null_repel_weight=0.0 P_mean=0.0
2026-05-03 03:37:35,267 - INFO - [render-loss] step=24000 kept 26/48 samples (t_value >= 0.50)
2026-05-03 03:40:09,984 - INFO - Step   24200 | Epoch  18 | MSE: 0.3219 | Steps/sec: 1.22 | LR: 1.96e-04 | Render_L1: 0.0282 | Alpha_L1: 0.0401 | Render_LPIPS: 0.1793 | cos(c,null): +0.1123 | GradNorm: 0.0796 | MSE/t: [0.00-0.50]0.506(n=4796) [0.50-0.85]0.149(n=4373) [0.85-0.95]0.030(n=420) [0.95-1.00]0.021(n=11)
2026-05-03 03:40:10,059 - INFO - [render-loss] step=24200 kept 25/48 samples (t_value >= 0.50)
2026-05-03 03:42:45,900 - INFO - Step   24400 | Epoch  18 | MSE: 0.3216 | Steps/sec: 1.28 | LR: 1.96e-04 | Render_L1: 0.0284 | Alpha_L1: 0.0403 | Render_LPIPS: 0.1814 | cos(c,null): +0.1156 | GradNorm: 0.0816 | MSE/t: [0.00-0.50]0.510(n=4742) [0.50-0.85]0.147(n=4455) [0.85-0.95]0.030(n=390) [0.95-1.00]0.018(n=13)
2026-05-03 03:42:45,976 - INFO - [render-loss] step=24400 kept 28/48 samples (t_value >= 0.50)
2026-05-03 03:45:20,657 - INFO - Step   24600 | Epoch  18 | MSE: 0.3252 | Steps/sec: 1.29 | LR: 1.96e-04 | Render_L1: 0.0288 | Alpha_L1: 0.0405 | Render_LPIPS: 0.1808 | cos(c,null): +0.1191 | GradNorm: 0.0842 | MSE/t: [0.00-0.50]0.510(n=4819) [0.50-0.85]0.148(n=4406) [0.85-0.95]0.031(n=358) [0.95-1.00]0.030(n=17)
2026-05-03 03:45:20,731 - INFO - [render-loss] step=24600 kept 27/48 samples (t_value >= 0.50)
2026-05-03 03:47:55,659 - INFO - Step   24800 | Epoch  18 | MSE: 0.3227 | Steps/sec: 1.29 | LR: 1.96e-04 | Render_L1: 0.0288 | Alpha_L1: 0.0409 | Render_LPIPS: 0.1801 | cos(c,null): +0.1219 | GradNorm: 0.0875 | MSE/t: [0.00-0.50]0.509(n=4767) [0.50-0.85]0.149(n=4424) [0.85-0.95]0.030(n=391) [0.95-1.00]0.019(n=18)
2026-05-03 03:47:55,733 - INFO - [render-loss] step=24800 kept 19/48 samples (t_value >= 0.50)
2026-05-03 03:50:31,145 - INFO - Step   25000 | Epoch  18 | MSE: 0.3243 | Steps/sec: 1.29 | LR: 1.96e-04 | Render_L1: 0.0287 | Alpha_L1: 0.0404 | Render_LPIPS: 0.1807 | cos(c,null): +0.1247 | GradNorm: 0.0885 | MSE/t: [0.00-0.50]0.509(n=4793) [0.50-0.85]0.150(n=4400) [0.85-0.95]0.031(n=392) [0.95-1.00]0.023(n=15)
2026-05-03 03:50:31,354 - INFO - [cond] cfg_signal=0.0437 (min=0.0277 max=0.0618, n=16) | class_signal=0.0517 (min=0.0280 max=0.0763, n=16) | pred_rms=0.8451
2026-05-03 03:50:39,388 - INFO - [validation] saved: output/jit_B8_postfix_render256_20260503_024444/dit_validation/epoch_018_step_0025000_class041.png (class=41, sampler=heun, steps=100)
2026-05-03 03:50:40,536 - INFO - [overrides] applied from jit/configs/overrides.yaml: lr_scale=1.0 max_grad_norm=5.0 null_repel_weight=0.0 P_mean=0.0
2026-05-03 03:50:40,607 - INFO - [render-loss] step=25000 kept 23/48 samples (t_value >= 0.50)
2026-05-03 03:53:14,394 - INFO - Step   25200 | Epoch  18 | MSE: 0.3260 | Steps/sec: 1.23 | LR: 1.96e-04 | Render_L1: 0.0284 | Alpha_L1: 0.0399 | Render_LPIPS: 0.1798 | cos(c,null): +0.1268 | GradNorm: 0.0916 | MSE/t: [0.00-0.50]0.510(n=4822) [0.50-0.85]0.150(n=4398) [0.85-0.95]0.031(n=364) [0.95-1.00]0.022(n=16)
2026-05-03 03:53:14,469 - INFO - [render-loss] step=25200 kept 31/48 samples (t_value >= 0.50)
2026-05-03 03:55:48,381 - INFO - Step   25400 | Epoch  19 | MSE: 0.3265 | Steps/sec: 1.30 | LR: 1.96e-04 | Render_L1: 0.0285 | Alpha_L1: 0.0402 | Render_LPIPS: 0.1791 | cos(c,null): +0.1305 | GradNorm: 0.0943 | MSE/t: [0.00-0.50]0.511(n=4826) [0.50-0.85]0.150(n=4360) [0.85-0.95]0.031(n=403) [0.95-1.00]0.023(n=11)
2026-05-03 03:55:48,457 - INFO - [render-loss] step=25400 kept 27/48 samples (t_value >= 0.50)
2026-05-03 03:58:23,022 - INFO - Step   25600 | Epoch  19 | MSE: 0.3250 | Steps/sec: 1.29 | LR: 1.96e-04 | Render_L1: 0.0287 | Alpha_L1: 0.0404 | Render_LPIPS: 0.1792 | cos(c,null): +0.1326 | GradNorm: 0.0974 | MSE/t: [0.00-0.50]0.508(n=4812) [0.50-0.85]0.151(n=4396) [0.85-0.95]0.032(n=372) [0.95-1.00]0.020(n=20)
2026-05-03 03:58:23,096 - INFO - [render-loss] step=25600 kept 22/48 samples (t_value >= 0.50)
2026-05-03 04:00:57,475 - INFO - Step   25800 | Epoch  19 | MSE: 0.3263 | Steps/sec: 1.29 | LR: 1.96e-04 | Render_L1: 0.0280 | Alpha_L1: 0.0394 | Render_LPIPS: 0.1777 | cos(c,null): +0.1353 | GradNorm: 0.0969 | MSE/t: [0.00-0.50]0.511(n=4793) [0.50-0.85]0.151(n=4434) [0.85-0.95]0.031(n=361) [0.95-1.00]0.021(n=12)
2026-05-03 04:00:57,548 - INFO - [render-loss] step=25800 kept 20/48 samples (t_value >= 0.50)
2026-05-03 04:03:31,832 - INFO - Step   26000 | Epoch  19 | MSE: 0.3280 | Steps/sec: 1.30 | LR: 1.96e-04 | Render_L1: 0.0286 | Alpha_L1: 0.0402 | Render_LPIPS: 0.1790 | cos(c,null): +0.1377 | GradNorm: 0.1012 | MSE/t: [0.00-0.50]0.511(n=4838) [0.50-0.85]0.152(n=4391) [0.85-0.95]0.032(n=350) [0.95-1.00]0.021(n=21)
2026-05-03 04:03:32,044 - INFO - [cond] cfg_signal=0.0423 (min=0.0284 max=0.0594, n=16) | class_signal=0.0513 (min=0.0277 max=0.0701, n=16) | pred_rms=0.8059
2026-05-03 04:03:40,030 - INFO - [validation] saved: output/jit_B8_postfix_render256_20260503_024444/dit_validation/epoch_019_step_0026000_class080.png (class=80, sampler=heun, steps=100)
2026-05-03 04:03:41,170 - INFO - [overrides] applied from jit/configs/overrides.yaml: lr_scale=1.0 max_grad_norm=5.0 null_repel_weight=0.0 P_mean=0.0
2026-05-03 04:03:41,241 - INFO - [render-loss] step=26000 kept 27/48 samples (t_value >= 0.50)
2026-05-03 04:06:16,132 - INFO - Step   26200 | Epoch  19 | MSE: 0.3259 | Steps/sec: 1.22 | LR: 1.96e-04 | Render_L1: 0.0279 | Alpha_L1: 0.0393 | Render_LPIPS: 0.1775 | cos(c,null): +0.1405 | GradNorm: 0.1021 | MSE/t: [0.00-0.50]0.513(n=4796) [0.50-0.85]0.149(n=4389) [0.85-0.95]0.032(n=398) [0.95-1.00]0.021(n=17)
2026-05-03 04:06:16,207 - INFO - [render-loss] step=26200 kept 25/48 samples (t_value >= 0.50)
2026-05-03 04:08:51,110 - INFO - Step   26400 | Epoch  19 | MSE: 0.3249 | Steps/sec: 1.29 | LR: 1.96e-04 | Render_L1: 0.0287 | Alpha_L1: 0.0398 | Render_LPIPS: 0.1796 | cos(c,null): +0.1443 | GradNorm: 0.1054 | MSE/t: [0.00-0.50]0.513(n=4742) [0.50-0.85]0.151(n=4471) [0.85-0.95]0.031(n=369) [0.95-1.00]0.022(n=18)
2026-05-03 04:08:51,184 - INFO - [render-loss] step=26400 kept 18/48 samples (t_value >= 0.50)
2026-05-03 04:11:26,621 - INFO - Step   26600 | Epoch  19 | MSE: 0.3245 | Steps/sec: 1.29 | LR: 1.95e-04 | Render_L1: 0.0283 | Alpha_L1: 0.0400 | Render_LPIPS: 0.1783 | cos(c,null): +0.1473 | GradNorm: 0.1078 | MSE/t: [0.00-0.50]0.511(n=4760) [0.50-0.85]0.150(n=4446) [0.85-0.95]0.031(n=383) [0.95-1.00]0.022(n=11)
2026-05-03 04:11:26,806 - INFO - [render-loss] step=26600 kept 25/48 samples (t_value >= 0.50)
2026-05-03 04:14:01,425 - INFO - Step   26800 | Epoch  20 | MSE: 0.3232 | Steps/sec: 1.29 | LR: 1.95e-04 | Render_L1: 0.0282 | Alpha_L1: 0.0393 | Render_LPIPS: 0.1779 | cos(c,null): +0.1493 | GradNorm: 0.1110 | MSE/t: [0.00-0.50]0.507(n=4759) [0.50-0.85]0.152(n=4446) [0.85-0.95]0.032(n=377) [0.95-1.00]0.025(n=18)
2026-05-03 04:14:01,501 - INFO - [render-loss] step=26800 kept 16/48 samples (t_value >= 0.50)
2026-05-03 04:16:36,137 - INFO - Step   27000 | Epoch  20 | MSE: 0.3266 | Steps/sec: 1.29 | LR: 1.95e-04 | Render_L1: 0.0278 | Alpha_L1: 0.0390 | Render_LPIPS: 0.1762 | cos(c,null): +0.1516 | GradNorm: 0.1108 | MSE/t: [0.00-0.50]0.510(n=4835) [0.50-0.85]0.151(n=4374) [0.85-0.95]0.032(n=378) [0.95-1.00]0.023(n=13)
2026-05-03 04:16:36,346 - INFO - [cond] cfg_signal=0.0434 (min=0.0282 max=0.0660, n=16) | class_signal=0.0518 (min=0.0285 max=0.0747, n=16) | pred_rms=0.8064
2026-05-03 04:16:44,349 - INFO - [validation] saved: output/jit_B8_postfix_render256_20260503_024444/dit_validation/epoch_020_step_0027000_class084.png (class=84, sampler=heun, steps=100)
2026-05-03 04:16:45,928 - INFO - [overrides] applied from jit/configs/overrides.yaml: lr_scale=1.0 max_grad_norm=5.0 null_repel_weight=0.0 P_mean=0.0
2026-05-03 04:16:45,999 - INFO - [render-loss] step=27000 kept 18/48 samples (t_value >= 0.50)
2026-05-03 04:19:19,685 - INFO - Step   27200 | Epoch  20 | MSE: 0.3281 | Steps/sec: 1.22 | LR: 1.95e-04 | Render_L1: 0.0277 | Alpha_L1: 0.0392 | Render_LPIPS: 0.1761 | cos(c,null): +0.1539 | GradNorm: 0.1142 | MSE/t: [0.00-0.50]0.510(n=4881) [0.50-0.85]0.150(n=4320) [0.85-0.95]0.032(n=386) [0.95-1.00]0.019(n=13)
2026-05-03 04:19:19,759 - INFO - [render-loss] step=27200 kept 22/48 samples (t_value >= 0.50)
2026-05-03 04:21:55,243 - INFO - Step   27400 | Epoch  20 | MSE: 0.3243 | Steps/sec: 1.29 | LR: 1.95e-04 | Render_L1: 0.0280 | Alpha_L1: 0.0393 | Render_LPIPS: 0.1770 | cos(c,null): +0.1567 | GradNorm: 0.1150 | MSE/t: [0.00-0.50]0.509(n=4757) [0.50-0.85]0.153(n=4441) [0.85-0.95]0.032(n=385) [0.95-1.00]0.021(n=17)
2026-05-03 04:21:55,317 - INFO - [render-loss] step=27400 kept 24/48 samples (t_value >= 0.50)
2026-05-03 04:24:30,957 - INFO - Step   27600 | Epoch  20 | MSE: 0.3296 | Steps/sec: 1.28 | LR: 1.95e-04 | Render_L1: 0.0276 | Alpha_L1: 0.0390 | Render_LPIPS: 0.1755 | cos(c,null): +0.1591 | GradNorm: 0.1175 | MSE/t: [0.00-0.50]0.515(n=4817) [0.50-0.85]0.153(n=4382) [0.85-0.95]0.032(n=385) [0.95-1.00]0.021(n=16)
2026-05-03 04:24:31,031 - INFO - [render-loss] step=27600 kept 18/48 samples (t_value >= 0.50)
2026-05-03 04:27:05,023 - INFO - Step   27800 | Epoch  20 | MSE: 0.3289 | Steps/sec: 1.30 | LR: 1.95e-04 | Render_L1: 0.0280 | Alpha_L1: 0.0393 | Render_LPIPS: 0.1771 | cos(c,null): +0.1609 | GradNorm: 0.1196 | MSE/t: [0.00-0.50]0.511(n=4858) [0.50-0.85]0.152(n=4357) [0.85-0.95]0.032(n=372) [0.95-1.00]0.025(n=13)
2026-05-03 04:27:05,098 - INFO - [render-loss] step=27800 kept 28/48 samples (t_value >= 0.50)
2026-05-03 04:29:40,189 - INFO - Step   28000 | Epoch  21 | MSE: 0.3265 | Steps/sec: 1.29 | LR: 1.95e-04 | Render_L1: 0.0275 | Alpha_L1: 0.0388 | Render_LPIPS: 0.1758 | cos(c,null): +0.1648 | GradNorm: 0.1228 | MSE/t: [0.00-0.50]0.510(n=4815) [0.50-0.85]0.152(n=4368) [0.85-0.95]0.032(n=405) [0.95-1.00]0.021(n=12)
2026-05-03 04:29:40,399 - INFO - [cond] cfg_signal=0.0439 (min=0.0281 max=0.0641, n=16) | class_signal=0.0498 (min=0.0259 max=0.0668, n=16) | pred_rms=0.7708
2026-05-03 04:29:48,377 - INFO - [validation] saved: output/jit_B8_postfix_render256_20260503_024444/dit_validation/epoch_021_step_0028000_class043.png (class=43, sampler=heun, steps=100)
2026-05-03 04:29:49,582 - INFO - [overrides] applied from jit/configs/overrides.yaml: lr_scale=1.0 max_grad_norm=5.0 null_repel_weight=0.0 P_mean=0.0
2026-05-03 04:29:49,653 - INFO - [render-loss] step=28000 kept 20/48 samples (t_value >= 0.50)
2026-05-03 04:32:24,051 - INFO - Step   28200 | Epoch  21 | MSE: 0.3257 | Steps/sec: 1.22 | LR: 1.95e-04 | Render_L1: 0.0288 | Alpha_L1: 0.0403 | Render_LPIPS: 0.1790 | cos(c,null): +0.1671 | GradNorm: 0.1246 | MSE/t: [0.00-0.50]0.509(n=4807) [0.50-0.85]0.153(n=4372) [0.85-0.95]0.032(n=405) [0.95-1.00]0.028(n=16)
2026-05-03 04:32:24,126 - INFO - [render-loss] step=28200 kept 27/48 samples (t_value >= 0.50)
2026-05-03 04:34:59,701 - INFO - Step   28400 | Epoch  21 | MSE: 0.3246 | Steps/sec: 1.28 | LR: 1.95e-04 | Render_L1: 0.0289 | Alpha_L1: 0.0398 | Render_LPIPS: 0.1800 | cos(c,null): +0.1685 | GradNorm: 0.1270 | MSE/t: [0.00-0.50]0.512(n=4730) [0.50-0.85]0.153(n=4438) [0.85-0.95]0.033(n=417) [0.95-1.00]0.019(n=15)
2026-05-03 04:34:59,775 - INFO - [render-loss] step=28400 kept 17/48 samples (t_value >= 0.50)
2026-05-03 04:37:34,720 - INFO - Step   28600 | Epoch  21 | MSE: 0.3266 | Steps/sec: 1.29 | LR: 1.95e-04 | Render_L1: 0.0278 | Alpha_L1: 0.0386 | Render_LPIPS: 0.1749 | cos(c,null): +0.1715 | GradNorm: 0.1270 | MSE/t: [0.00-0.50]0.510(n=4832) [0.50-0.85]0.151(n=4355) [0.85-0.95]0.035(n=393) [0.95-1.00]0.023(n=20)
2026-05-03 04:37:34,795 - INFO - [render-loss] step=28600 kept 26/48 samples (t_value >= 0.50)
2026-05-03 04:40:09,626 - INFO - Step   28800 | Epoch  21 | MSE: 0.3284 | Steps/sec: 1.29 | LR: 1.95e-04 | Render_L1: 0.0281 | Alpha_L1: 0.0394 | Render_LPIPS: 0.1758 | cos(c,null): +0.1749 | GradNorm: 0.1306 | MSE/t: [0.00-0.50]0.510(n=4839) [0.50-0.85]0.153(n=4384) [0.85-0.95]0.033(n=360) [0.95-1.00]0.029(n=17)
2026-05-03 04:40:09,700 - INFO - [render-loss] step=28800 kept 19/48 samples (t_value >= 0.50)
2026-05-03 04:42:45,274 - INFO - Step   29000 | Epoch  21 | MSE: 0.3252 | Steps/sec: 1.28 | LR: 1.95e-04 | Render_L1: 0.0279 | Alpha_L1: 0.0391 | Render_LPIPS: 0.1770 | cos(c,null): +0.1773 | GradNorm: 0.1317 | MSE/t: [0.00-0.50]0.508(n=4794) [0.50-0.85]0.153(n=4407) [0.85-0.95]0.032(n=372) [0.95-1.00]0.022(n=27)
2026-05-03 04:42:45,490 - INFO - [cond] cfg_signal=0.0424 (min=0.0283 max=0.0618, n=16) | class_signal=0.0487 (min=0.0319 max=0.0641, n=16) | pred_rms=0.7752
2026-05-03 04:42:53,516 - INFO - [validation] saved: output/jit_B8_postfix_render256_20260503_024444/dit_validation/epoch_021_step_0029000_class100.png (class=100, sampler=heun, steps=100)
2026-05-03 04:42:54,604 - INFO - [overrides] applied from jit/configs/overrides.yaml: lr_scale=1.0 max_grad_norm=5.0 null_repel_weight=0.0 P_mean=0.0
2026-05-03 04:42:54,674 - INFO - [render-loss] step=29000 kept 24/48 samples (t_value >= 0.50)
2026-05-03 04:45:29,599 - INFO - Step   29200 | Epoch  21 | MSE: 0.3260 | Steps/sec: 1.22 | LR: 1.94e-04 | Render_L1: 0.0279 | Alpha_L1: 0.0391 | Render_LPIPS: 0.1762 | cos(c,null): +0.1779 | GradNorm: 0.1348 | MSE/t: [0.00-0.50]0.515(n=4728) [0.50-0.85]0.152(n=4472) [0.85-0.95]0.032(n=386) [0.95-1.00]0.024(n=14)
2026-05-03 04:45:29,673 - INFO - [render-loss] step=29200 kept 30/48 samples (t_value >= 0.50)
2026-05-03 04:48:05,821 - INFO - Step   29400 | Epoch  22 | MSE: 0.3241 | Steps/sec: 1.28 | LR: 1.94e-04 | Render_L1: 0.0277 | Alpha_L1: 0.0388 | Render_LPIPS: 0.1748 | cos(c,null): +0.1798 | GradNorm: 0.1361 | MSE/t: [0.00-0.50]0.512(n=4732) [0.50-0.85]0.151(n=4492) [0.85-0.95]0.034(n=361) [0.95-1.00]0.020(n=15)
2026-05-03 04:48:05,895 - INFO - [render-loss] step=29400 kept 22/48 samples (t_value >= 0.50)
2026-05-03 04:50:40,885 - INFO - Step   29600 | Epoch  22 | MSE: 0.3272 | Steps/sec: 1.29 | LR: 1.94e-04 | Render_L1: 0.0278 | Alpha_L1: 0.0388 | Render_LPIPS: 0.1749 | cos(c,null): +0.1803 | GradNorm: 0.1369 | MSE/t: [0.00-0.50]0.509(n=4793) [0.50-0.85]0.155(n=4434) [0.85-0.95]0.032(n=350) [0.95-1.00]0.020(n=23)
2026-05-03 04:50:40,959 - INFO - [render-loss] step=29600 kept 27/48 samples (t_value >= 0.50)
2026-05-03 04:53:16,606 - INFO - Step   29800 | Epoch  22 | MSE: 0.3258 | Steps/sec: 1.28 | LR: 1.94e-04 | Render_L1: 0.0279 | Alpha_L1: 0.0389 | Render_LPIPS: 0.1763 | cos(c,null): +0.1842 | GradNorm: 0.1393 | MSE/t: [0.00-0.50]0.510(n=4771) [0.50-0.85]0.154(n=4444) [0.85-0.95]0.033(n=373) [0.95-1.00]0.025(n=12)
2026-05-03 04:53:16,683 - INFO - [render-loss] step=29800 kept 20/48 samples (t_value >= 0.50)
2026-05-03 04:55:51,738 - INFO - Step   30000 | Epoch  22 | MSE: 0.3233 | Steps/sec: 1.29 | LR: 1.94e-04 | Render_L1: 0.0272 | Alpha_L1: 0.0380 | Render_LPIPS: 0.1738 | cos(c,null): +0.1864 | GradNorm: 0.1420 | MSE/t: [0.00-0.50]0.507(n=4766) [0.50-0.85]0.152(n=4423) [0.85-0.95]0.032(n=390) [0.95-1.00]0.022(n=21)
2026-05-03 04:55:51,952 - INFO - [cond] cfg_signal=0.0424 (min=0.0266 max=0.0682, n=16) | class_signal=0.0514 (min=0.0318 max=0.0673, n=16) | pred_rms=0.7587
2026-05-03 04:56:00,016 - INFO - [validation] saved: output/jit_B8_postfix_render256_20260503_024444/dit_validation/epoch_022_step_0030000_class099.png (class=99, sampler=heun, steps=100)
2026-05-03 04:56:01,157 - INFO - [overrides] applied from jit/configs/overrides.yaml: lr_scale=1.0 max_grad_norm=5.0 null_repel_weight=0.0 P_mean=0.0
2026-05-03 04:56:01,227 - INFO - [render-loss] step=30000 kept 25/48 samples (t_value >= 0.50)
2026-05-03 04:58:36,789 - INFO - Step   30200 | Epoch  22 | MSE: 0.3269 | Steps/sec: 1.21 | LR: 1.94e-04 | Render_L1: 0.0277 | Alpha_L1: 0.0390 | Render_LPIPS: 0.1757 | cos(c,null): +0.1886 | GradNorm: 0.1440 | MSE/t: [0.00-0.50]0.514(n=4751) [0.50-0.85]0.153(n=4456) [0.85-0.95]0.033(n=380) [0.95-1.00]0.020(n=13)
2026-05-03 04:58:36,863 - INFO - [render-loss] step=30200 kept 22/48 samples (t_value >= 0.50)
2026-05-03 05:01:12,460 - INFO - Step   30400 | Epoch  22 | MSE: 0.3246 | Steps/sec: 1.28 | LR: 1.94e-04 | Render_L1: 0.0274 | Alpha_L1: 0.0381 | Render_LPIPS: 0.1743 | cos(c,null): +0.1916 | GradNorm: 0.1447 | MSE/t: [0.00-0.50]0.511(n=4730) [0.50-0.85]0.155(n=4444) [0.85-0.95]0.033(n=404) [0.95-1.00]0.023(n=22)
2026-05-03 05:01:12,534 - INFO - [render-loss] step=30400 kept 25/48 samples (t_value >= 0.50)
2026-05-03 05:03:47,983 - INFO - Step   30600 | Epoch  23 | MSE: 0.3232 | Steps/sec: 1.29 | LR: 1.94e-04 | Render_L1: 0.0276 | Alpha_L1: 0.0382 | Render_LPIPS: 0.1746 | cos(c,null): +0.1931 | GradNorm: 0.1468 | MSE/t: [0.00-0.50]0.509(n=4730) [0.50-0.85]0.153(n=4472) [0.85-0.95]0.034(n=384) [0.95-1.00]0.022(n=14)
2026-05-03 05:03:48,057 - INFO - [render-loss] step=30600 kept 20/48 samples (t_value >= 0.50)
2026-05-03 05:06:21,717 - INFO - Step   30800 | Epoch  23 | MSE: 0.3294 | Steps/sec: 1.30 | LR: 1.94e-04 | Render_L1: 0.0279 | Alpha_L1: 0.0387 | Render_LPIPS: 0.1738 | cos(c,null): +0.1949 | GradNorm: 0.1498 | MSE/t: [0.00-0.50]0.512(n=4850) [0.50-0.85]0.153(n=4357) [0.85-0.95]0.033(n=374) [0.95-1.00]0.022(n=19)
2026-05-03 05:06:21,792 - INFO - [render-loss] step=30800 kept 25/48 samples (t_value >= 0.50)
2026-05-03 05:08:56,664 - INFO - Step   31000 | Epoch  23 | MSE: 0.3288 | Steps/sec: 1.29 | LR: 1.94e-04 | Render_L1: 0.0279 | Alpha_L1: 0.0390 | Render_LPIPS: 0.1758 | cos(c,null): +0.1966 | GradNorm: 0.1531 | MSE/t: [0.00-0.50]0.510(n=4802) [0.50-0.85]0.157(n=4437) [0.85-0.95]0.034(n=353) [0.95-1.00]0.022(n=8)
2026-05-03 05:08:56,878 - INFO - [cond] cfg_signal=0.0444 (min=0.0260 max=0.0699, n=16) | class_signal=0.0514 (min=0.0312 max=0.0649, n=16) | pred_rms=0.7540
2026-05-03 05:09:04,914 - INFO - [validation] saved: output/jit_B8_postfix_render256_20260503_024444/dit_validation/epoch_023_step_0031000_class100.png (class=100, sampler=heun, steps=100)
2026-05-03 05:09:06,059 - INFO - [overrides] applied from jit/configs/overrides.yaml: lr_scale=1.0 max_grad_norm=5.0 null_repel_weight=0.0 P_mean=0.0
2026-05-03 05:09:06,130 - INFO - [render-loss] step=31000 kept 22/48 samples (t_value >= 0.50)
2026-05-03 05:11:40,775 - INFO - Step   31200 | Epoch  23 | MSE: 0.3269 | Steps/sec: 1.22 | LR: 1.94e-04 | Render_L1: 0.0275 | Alpha_L1: 0.0384 | Render_LPIPS: 0.1745 | cos(c,null): +0.1987 | GradNorm: 0.1527 | MSE/t: [0.00-0.50]0.510(n=4798) [0.50-0.85]0.154(n=4392) [0.85-0.95]0.035(n=392) [0.95-1.00]0.021(n=18)
2026-05-03 05:11:40,849 - INFO - [render-loss] step=31200 kept 26/48 samples (t_value >= 0.50)
2026-05-03 05:14:15,739 - INFO - Step   31400 | Epoch  23 | MSE: 0.3291 | Steps/sec: 1.29 | LR: 1.94e-04 | Render_L1: 0.0274 | Alpha_L1: 0.0383 | Render_LPIPS: 0.1741 | cos(c,null): +0.1997 | GradNorm: 0.1545 | MSE/t: [0.00-0.50]0.514(n=4794) [0.50-0.85]0.155(n=4410) [0.85-0.95]0.034(n=388) [0.95-1.00]0.020(n=8)
2026-05-03 05:14:15,813 - INFO - [render-loss] step=31400 kept 27/48 samples (t_value >= 0.50)
2026-05-03 05:16:50,798 - INFO - Step   31600 | Epoch  23 | MSE: 0.3288 | Steps/sec: 1.29 | LR: 1.94e-04 | Render_L1: 0.0276 | Alpha_L1: 0.0386 | Render_LPIPS: 0.1741 | cos(c,null): +0.2012 | GradNorm: 0.1580 | MSE/t: [0.00-0.50]0.513(n=4776) [0.50-0.85]0.156(n=4474) [0.85-0.95]0.035(n=337) [0.95-1.00]0.026(n=13)
2026-05-03 05:16:50,873 - INFO - [render-loss] step=31600 kept 25/48 samples (t_value >= 0.50)
2026-05-03 05:19:25,948 - INFO - Step   31800 | Epoch  23 | MSE: 0.3264 | Steps/sec: 1.29 | LR: 1.93e-04 | Render_L1: 0.0279 | Alpha_L1: 0.0383 | Render_LPIPS: 0.1734 | cos(c,null): +0.2035 | GradNorm: 0.1586 | MSE/t: [0.00-0.50]0.509(n=4799) [0.50-0.85]0.153(n=4439) [0.85-0.95]0.035(n=351) [0.95-1.00]0.022(n=11)
2026-05-03 05:19:26,024 - INFO - [render-loss] step=31800 kept 17/48 samples (t_value >= 0.50)
2026-05-03 05:22:01,766 - INFO - Step   32000 | Epoch  24 | MSE: 0.3255 | Steps/sec: 1.28 | LR: 1.93e-04 | Render_L1: 0.0275 | Alpha_L1: 0.0378 | Render_LPIPS: 0.1738 | cos(c,null): +0.2072 | GradNorm: 0.1578 | MSE/t: [0.00-0.50]0.513(n=4705) [0.50-0.85]0.155(n=4490) [0.85-0.95]0.035(n=390) [0.95-1.00]0.025(n=15)
2026-05-03 05:22:01,976 - INFO - [cond] cfg_signal=0.0413 (min=0.0230 max=0.0593, n=16) | class_signal=0.0517 (min=0.0267 max=0.0718, n=16) | pred_rms=0.7423
2026-05-03 05:22:10,028 - INFO - [validation] saved: output/jit_B8_postfix_render256_20260503_024444/dit_validation/epoch_024_step_0032000_class024.png (class=24, sampler=heun, steps=100)
2026-05-03 05:22:11,205 - INFO - [overrides] applied from jit/configs/overrides.yaml: lr_scale=1.0 max_grad_norm=5.0 null_repel_weight=0.0 P_mean=0.0
2026-05-03 05:22:11,275 - INFO - [render-loss] step=32000 kept 25/48 samples (t_value >= 0.50)
2026-05-03 05:24:45,719 - INFO - Step   32200 | Epoch  24 | MSE: 0.3270 | Steps/sec: 1.22 | LR: 1.93e-04 | Render_L1: 0.0277 | Alpha_L1: 0.0383 | Render_LPIPS: 0.1724 | cos(c,null): +0.2094 | GradNorm: 0.1607 | MSE/t: [0.00-0.50]0.509(n=4816) [0.50-0.85]0.153(n=4381) [0.85-0.95]0.035(n=392) [0.95-1.00]0.022(n=11)
2026-05-03 05:24:45,793 - INFO - [render-loss] step=32200 kept 24/48 samples (t_value >= 0.50)
2026-05-03 05:27:19,799 - INFO - Step   32400 | Epoch  24 | MSE: 0.3306 | Steps/sec: 1.30 | LR: 1.93e-04 | Render_L1: 0.0275 | Alpha_L1: 0.0379 | Render_LPIPS: 0.1729 | cos(c,null): +0.2099 | GradNorm: 0.1638 | MSE/t: [0.00-0.50]0.512(n=4850) [0.50-0.85]0.156(n=4361) [0.85-0.95]0.035(n=377) [0.95-1.00]0.025(n=12)
2026-05-03 05:27:19,874 - INFO - [render-loss] step=32400 kept 22/48 samples (t_value >= 0.50)
2026-05-03 05:29:54,989 - INFO - Step   32600 | Epoch  24 | MSE: 0.3284 | Steps/sec: 1.29 | LR: 1.93e-04 | Render_L1: 0.0275 | Alpha_L1: 0.0378 | Render_LPIPS: 0.1724 | cos(c,null): +0.2133 | GradNorm: 0.1652 | MSE/t: [0.00-0.50]0.512(n=4795) [0.50-0.85]0.155(n=4423) [0.85-0.95]0.035(n=371) [0.95-1.00]0.025(n=11)
2026-05-03 05:29:55,062 - INFO - [render-loss] step=32600 kept 25/48 samples (t_value >= 0.50)
2026-05-03 05:32:29,484 - INFO - Step   32800 | Epoch  24 | MSE: 0.3263 | Steps/sec: 1.29 | LR: 1.93e-04 | Render_L1: 0.0277 | Alpha_L1: 0.0382 | Render_LPIPS: 0.1736 | cos(c,null): +0.2158 | GradNorm: 0.1669 | MSE/t: [0.00-0.50]0.510(n=4766) [0.50-0.85]0.155(n=4427) [0.85-0.95]0.035(n=389) [0.95-1.00]0.025(n=18)
2026-05-03 05:32:29,559 - INFO - [render-loss] step=32800 kept 24/48 samples (t_value >= 0.50)
2026-05-03 05:35:04,163 - INFO - Step   33000 | Epoch  24 | MSE: 0.3280 | Steps/sec: 1.29 | LR: 1.93e-04 | Render_L1: 0.0277 | Alpha_L1: 0.0386 | Render_LPIPS: 0.1728 | cos(c,null): +0.2193 | GradNorm: 0.1684 | MSE/t: [0.00-0.50]0.513(n=4767) [0.50-0.85]0.155(n=4449) [0.85-0.95]0.035(n=375) [0.95-1.00]0.024(n=9)
2026-05-03 05:35:04,369 - INFO - [cond] cfg_signal=0.0422 (min=0.0278 max=0.0617, n=16) | class_signal=0.0499 (min=0.0313 max=0.0671, n=16) | pred_rms=0.7594
2026-05-03 05:35:12,384 - INFO - [validation] saved: output/jit_B8_postfix_render256_20260503_024444/dit_validation/epoch_024_step_0033000_class083.png (class=83, sampler=heun, steps=100)
2026-05-03 05:35:13,558 - INFO - [overrides] applied from jit/configs/overrides.yaml: lr_scale=1.0 max_grad_norm=5.0 null_repel_weight=0.0 P_mean=0.0
2026-05-03 05:35:13,629 - INFO - [render-loss] step=33000 kept 27/48 samples (t_value >= 0.50)
2026-05-03 05:37:49,091 - INFO - Step   33200 | Epoch  24 | MSE: 0.3238 | Steps/sec: 1.21 | LR: 1.93e-04 | Render_L1: 0.0275 | Alpha_L1: 0.0380 | Render_LPIPS: 0.1719 | cos(c,null): +0.2190 | GradNorm: 0.1684 | MSE/t: [0.00-0.50]0.511(n=4706) [0.50-0.85]0.154(n=4446) [0.85-0.95]0.035(n=427) [0.95-1.00]0.024(n=21)
2026-05-03 05:37:49,292 - INFO - [render-loss] step=33200 kept 27/48 samples (t_value >= 0.50)
2026-05-03 05:40:23,908 - INFO - Step   33400 | Epoch  25 | MSE: 0.3329 | Steps/sec: 1.29 | LR: 1.93e-04 | Render_L1: 0.0277 | Alpha_L1: 0.0380 | Render_LPIPS: 0.1736 | cos(c,null): +0.2215 | GradNorm: 0.1725 | MSE/t: [0.00-0.50]0.515(n=4838) [0.50-0.85]0.157(n=4387) [0.85-0.95]0.035(n=364) [0.95-1.00]0.026(n=11)
2026-05-03 05:40:23,982 - INFO - [render-loss] step=33400 kept 28/48 samples (t_value >= 0.50)
2026-05-03 05:42:59,105 - INFO - Step   33600 | Epoch  25 | MSE: 0.3259 | Steps/sec: 1.29 | LR: 1.93e-04 | Render_L1: 0.0273 | Alpha_L1: 0.0384 | Render_LPIPS: 0.1726 | cos(c,null): +0.2227 | GradNorm: 0.1722 | MSE/t: [0.00-0.50]0.509(n=4762) [0.50-0.85]0.155(n=4440) [0.85-0.95]0.035(n=383) [0.95-1.00]0.025(n=15)
2026-05-03 05:42:59,181 - INFO - [render-loss] step=33600 kept 21/48 samples (t_value >= 0.50)
2026-05-03 05:45:34,861 - INFO - Step   33800 | Epoch  25 | MSE: 0.3263 | Steps/sec: 1.28 | LR: 1.93e-04 | Render_L1: 0.0274 | Alpha_L1: 0.0378 | Render_LPIPS: 0.1721 | cos(c,null): +0.2249 | GradNorm: 0.1736 | MSE/t: [0.00-0.50]0.513(n=4737) [0.50-0.85]0.155(n=4458) [0.85-0.95]0.036(n=390) [0.95-1.00]0.027(n=15)
2026-05-03 05:45:34,935 - INFO - [render-loss] step=33800 kept 27/48 samples (t_value >= 0.50)
2026-05-03 05:48:09,404 - INFO - Step   34000 | Epoch  25 | MSE: 0.3299 | Steps/sec: 1.29 | LR: 1.93e-04 | Render_L1: 0.0280 | Alpha_L1: 0.0389 | Render_LPIPS: 0.1732 | cos(c,null): +0.2272 | GradNorm: 0.1766 | MSE/t: [0.00-0.50]0.511(n=4832) [0.50-0.85]0.156(n=4373) [0.85-0.95]0.035(n=372) [0.95-1.00]0.028(n=23)
2026-05-03 05:48:09,616 - INFO - [cond] cfg_signal=0.0446 (min=0.0282 max=0.0639, n=16) | class_signal=0.0552 (min=0.0284 max=0.0830, n=16) | pred_rms=0.7884
2026-05-03 05:48:17,603 - INFO - [validation] saved: output/jit_B8_postfix_render256_20260503_024444/dit_validation/epoch_025_step_0034000_class033.png (class=33, sampler=heun, steps=100)
2026-05-03 05:48:18,819 - INFO - [overrides] applied from jit/configs/overrides.yaml: lr_scale=1.0 max_grad_norm=5.0 null_repel_weight=0.0 P_mean=0.0
2026-05-03 05:48:18,890 - INFO - [render-loss] step=34000 kept 29/48 samples (t_value >= 0.50)
2026-05-03 05:50:52,693 - INFO - Step   34200 | Epoch  25 | MSE: 0.3310 | Steps/sec: 1.23 | LR: 1.92e-04 | Render_L1: 0.0275 | Alpha_L1: 0.0382 | Render_LPIPS: 0.1704 | cos(c,null): +0.2291 | GradNorm: 0.1786 | MSE/t: [0.00-0.50]0.515(n=4810) [0.50-0.85]0.156(n=4407) [0.85-0.95]0.035(n=367) [0.95-1.00]0.027(n=16)
2026-05-03 05:50:52,769 - INFO - [render-loss] step=34200 kept 27/48 samples (t_value >= 0.50)
2026-05-03 05:53:26,972 - INFO - Step   34400 | Epoch  25 | MSE: 0.3294 | Steps/sec: 1.30 | LR: 1.92e-04 | Render_L1: 0.0276 | Alpha_L1: 0.0383 | Render_LPIPS: 0.1713 | cos(c,null): +0.2317 | GradNorm: 0.1793 | MSE/t: [0.00-0.50]0.511(n=4839) [0.50-0.85]0.155(n=4384) [0.85-0.95]0.037(n=362) [0.95-1.00]0.028(n=15)
2026-05-03 05:53:27,046 - INFO - [render-loss] step=34400 kept 23/48 samples (t_value >= 0.50)
2026-05-03 05:56:02,411 - INFO - Step   34600 | Epoch  26 | MSE: 0.3281 | Steps/sec: 1.29 | LR: 1.92e-04 | Render_L1: 0.0274 | Alpha_L1: 0.0375 | Render_LPIPS: 0.1712 | cos(c,null): +0.2346 | GradNorm: 0.1801 | MSE/t: [0.00-0.50]0.512(n=4777) [0.50-0.85]0.155(n=4439) [0.85-0.95]0.035(n=368) [0.95-1.00]0.025(n=16)
2026-05-03 05:56:02,485 - INFO - [render-loss] step=34600 kept 27/48 samples (t_value >= 0.50)
2026-05-03 05:58:37,989 - INFO - Step   34800 | Epoch  26 | MSE: 0.3256 | Steps/sec: 1.29 | LR: 1.92e-04 | Render_L1: 0.0275 | Alpha_L1: 0.0380 | Render_LPIPS: 0.1724 | cos(c,null): +0.2360 | GradNorm: 0.1826 | MSE/t: [0.00-0.50]0.510(n=4735) [0.50-0.85]0.157(n=4425) [0.85-0.95]0.036(n=422) [0.95-1.00]0.022(n=18)
2026-05-03 05:58:38,063 - INFO - [render-loss] step=34800 kept 22/48 samples (t_value >= 0.50)
2026-05-03 06:01:14,052 - INFO - Step   35000 | Epoch  26 | MSE: 0.3266 | Steps/sec: 1.28 | LR: 1.92e-04 | Render_L1: 0.0274 | Alpha_L1: 0.0384 | Render_LPIPS: 0.1716 | cos(c,null): +0.2370 | GradNorm: 0.1818 | MSE/t: [0.00-0.50]0.515(n=4711) [0.50-0.85]0.155(n=4486) [0.85-0.95]0.035(n=388) [0.95-1.00]0.031(n=15)
2026-05-03 06:01:14,263 - INFO - [cond] cfg_signal=0.0438 (min=0.0216 max=0.0577, n=16) | class_signal=0.0528 (min=0.0373 max=0.0706, n=16) | pred_rms=0.7497
2026-05-03 06:01:22,333 - INFO - [validation] saved: output/jit_B8_postfix_render256_20260503_024444/dit_validation/epoch_026_step_0035000_class094.png (class=94, sampler=heun, steps=100)
2026-05-03 06:01:23,570 - INFO - [overrides] applied from jit/configs/overrides.yaml: lr_scale=1.0 max_grad_norm=5.0 null_repel_weight=0.0 P_mean=0.0
2026-05-03 06:01:23,641 - INFO - [render-loss] step=35000 kept 30/48 samples (t_value >= 0.50)
2026-05-03 06:03:58,423 - INFO - Step   35200 | Epoch  26 | MSE: 0.3327 | Steps/sec: 1.22 | LR: 1.92e-04 | Render_L1: 0.0278 | Alpha_L1: 0.0387 | Render_LPIPS: 0.1716 | cos(c,null): +0.2380 | GradNorm: 0.1854 | MSE/t: [0.00-0.50]0.512(n=4885) [0.50-0.85]0.157(n=4325) [0.85-0.95]0.035(n=378) [0.95-1.00]0.026(n=12)
2026-05-03 06:03:58,497 - INFO - [render-loss] step=35200 kept 23/48 samples (t_value >= 0.50)
2026-05-03 06:06:33,894 - INFO - Step   35400 | Epoch  26 | MSE: 0.3272 | Steps/sec: 1.29 | LR: 1.92e-04 | Render_L1: 0.0279 | Alpha_L1: 0.0384 | Render_LPIPS: 0.1729 | cos(c,null): +0.2405 | GradNorm: 0.1868 | MSE/t: [0.00-0.50]0.509(n=4786) [0.50-0.85]0.157(n=4404) [0.85-0.95]0.036(n=398) [0.95-1.00]0.025(n=12)
2026-05-03 06:06:33,972 - INFO - [render-loss] step=35400 kept 27/48 samples (t_value >= 0.50)
2026-05-03 06:09:09,139 - INFO - Step   35600 | Epoch  26 | MSE: 0.3235 | Steps/sec: 1.29 | LR: 1.92e-04 | Render_L1: 0.0270 | Alpha_L1: 0.0373 | Render_LPIPS: 0.1702 | cos(c,null): +0.2424 | GradNorm: 0.1896 | MSE/t: [0.00-0.50]0.506(n=4744) [0.50-0.85]0.156(n=4442) [0.85-0.95]0.036(n=393) [0.95-1.00]0.027(n=21)
2026-05-03 06:09:09,216 - INFO - [render-loss] step=35600 kept 24/48 samples (t_value >= 0.50)
2026-05-03 06:11:43,914 - INFO - Step   35800 | Epoch  26 | MSE: 0.3372 | Steps/sec: 1.29 | LR: 1.92e-04 | Render_L1: 0.0282 | Alpha_L1: 0.0391 | Render_LPIPS: 0.1722 | cos(c,null): +0.2405 | GradNorm: 0.2801 | MSE/t: [0.00-0.50]0.521(n=4821) [0.50-0.85]0.162(n=4377) [0.85-0.95]0.038(n=385) [0.95-1.00]0.033(n=17)
2026-05-03 06:11:43,988 - INFO - [render-loss] step=35800 kept 19/48 samples (t_value >= 0.50)
2026-05-03 06:14:18,380 - INFO - Step   36000 | Epoch  27 | MSE: 0.3298 | Steps/sec: 1.29 | LR: 1.92e-04 | Render_L1: 0.0274 | Alpha_L1: 0.0377 | Render_LPIPS: 0.1700 | cos(c,null): +0.2358 | GradNorm: 0.1957 | MSE/t: [0.00-0.50]0.507(n=4890) [0.50-0.85]0.156(n=4302) [0.85-0.95]0.037(n=397) [0.95-1.00]0.024(n=11)
2026-05-03 06:14:18,589 - INFO - [cond] cfg_signal=0.0453 (min=0.0232 max=0.0692, n=16) | class_signal=0.0574 (min=0.0299 max=0.0854, n=16) | pred_rms=0.6498
2026-05-03 06:14:26,607 - INFO - [validation] saved: output/jit_B8_postfix_render256_20260503_024444/dit_validation/epoch_027_step_0036000_class022.png (class=22, sampler=heun, steps=100)
2026-05-03 06:14:27,832 - INFO - [overrides] applied from jit/configs/overrides.yaml: lr_scale=1.0 max_grad_norm=5.0 null_repel_weight=0.0 P_mean=0.0
2026-05-03 06:14:27,903 - INFO - [render-loss] step=36000 kept 30/48 samples (t_value >= 0.50)
2026-05-03 06:17:02,709 - INFO - Step   36200 | Epoch  27 | MSE: 0.3301 | Steps/sec: 1.22 | LR: 1.92e-04 | Render_L1: 0.0270 | Alpha_L1: 0.0379 | Render_LPIPS: 0.1696 | cos(c,null): +0.2375 | GradNorm: 0.1945 | MSE/t: [0.00-0.50]0.515(n=4784) [0.50-0.85]0.157(n=4429) [0.85-0.95]0.036(n=378) [0.95-1.00]0.026(n=9)
2026-05-03 06:17:02,782 - INFO - [render-loss] step=36200 kept 27/48 samples (t_value >= 0.50)
2026-05-03 06:19:39,284 - INFO - Step   36400 | Epoch  27 | MSE: 0.3264 | Steps/sec: 1.28 | LR: 1.91e-04 | Render_L1: 0.0275 | Alpha_L1: 0.0378 | Render_LPIPS: 0.1701 | cos(c,null): +0.2388 | GradNorm: 0.1945 | MSE/t: [0.00-0.50]0.515(n=4679) [0.50-0.85]0.157(n=4513) [0.85-0.95]0.036(n=388) [0.95-1.00]0.025(n=20)
2026-05-03 06:19:39,358 - INFO - [render-loss] step=36400 kept 26/48 samples (t_value >= 0.50)
2026-05-03 06:22:14,439 - INFO - Step   36600 | Epoch  27 | MSE: 0.3296 | Steps/sec: 1.29 | LR: 1.91e-04 | Render_L1: 0.0269 | Alpha_L1: 0.0373 | Render_LPIPS: 0.1674 | cos(c,null): +0.2414 | GradNorm: 0.1960 | MSE/t: [0.00-0.50]0.512(n=4793) [0.50-0.85]0.157(n=4401) [0.85-0.95]0.036(n=395) [0.95-1.00]0.025(n=11)
2026-05-03 06:22:14,512 - INFO - [render-loss] step=36600 kept 27/48 samples (t_value >= 0.50)
2026-05-03 06:24:49,811 - INFO - Step   36800 | Epoch  27 | MSE: 0.3272 | Steps/sec: 1.29 | LR: 1.91e-04 | Render_L1: 0.0276 | Alpha_L1: 0.0376 | Render_LPIPS: 0.1699 | cos(c,null): +0.2430 | GradNorm: 0.1992 | MSE/t: [0.00-0.50]0.507(n=4790) [0.50-0.85]0.158(n=4427) [0.85-0.95]0.036(n=371) [0.95-1.00]0.026(n=12)
2026-05-03 06:24:49,887 - INFO - [render-loss] step=36800 kept 32/48 samples (t_value >= 0.50)
2026-05-03 06:27:25,097 - INFO - Step   37000 | Epoch  27 | MSE: 0.3279 | Steps/sec: 1.29 | LR: 1.91e-04 | Render_L1: 0.0269 | Alpha_L1: 0.0374 | Render_LPIPS: 0.1671 | cos(c,null): +0.2440 | GradNorm: 0.1991 | MSE/t: [0.00-0.50]0.511(n=4792) [0.50-0.85]0.155(n=4410) [0.85-0.95]0.036(n=382) [0.95-1.00]0.026(n=16)
2026-05-03 06:27:25,307 - INFO - [cond] cfg_signal=0.0451 (min=0.0260 max=0.0675, n=16) | class_signal=0.0538 (min=0.0247 max=0.0750, n=16) | pred_rms=0.7043
2026-05-03 06:27:33,391 - INFO - [validation] saved: output/jit_B8_postfix_render256_20260503_024444/dit_validation/epoch_027_step_0037000_class058.png (class=58, sampler=heun, steps=100)
2026-05-03 06:27:34,588 - INFO - [overrides] applied from jit/configs/overrides.yaml: lr_scale=1.0 max_grad_norm=5.0 null_repel_weight=0.0 P_mean=0.0
2026-05-03 06:27:34,658 - INFO - [render-loss] step=37000 kept 28/48 samples (t_value >= 0.50)
2026-05-03 06:30:08,980 - INFO - Step   37200 | Epoch  28 | MSE: 0.3307 | Steps/sec: 1.22 | LR: 1.91e-04 | Render_L1: 0.0275 | Alpha_L1: 0.0382 | Render_LPIPS: 0.1693 | cos(c,null): +0.2457 | GradNorm: 0.2028 | MSE/t: [0.00-0.50]0.509(n=4837) [0.50-0.85]0.159(n=4372) [0.85-0.95]0.036(n=377) [0.95-1.00]0.029(n=14)
2026-05-03 06:30:09,055 - INFO - [render-loss] step=37200 kept 24/48 samples (t_value >= 0.50)
2026-05-03 06:32:43,765 - INFO - Step   37400 | Epoch  28 | MSE: 0.3274 | Steps/sec: 1.29 | LR: 1.91e-04 | Render_L1: 0.0274 | Alpha_L1: 0.0375 | Render_LPIPS: 0.1684 | cos(c,null): +0.2478 | GradNorm: 0.2031 | MSE/t: [0.00-0.50]0.509(n=4775) [0.50-0.85]0.157(n=4424) [0.85-0.95]0.036(n=383) [0.95-1.00]0.030(n=18)
2026-05-03 06:32:43,839 - INFO - [render-loss] step=37400 kept 21/48 samples (t_value >= 0.50)
2026-05-03 06:35:17,925 - INFO - Step   37600 | Epoch  28 | MSE: 0.3286 | Steps/sec: 1.30 | LR: 1.91e-04 | Render_L1: 0.0270 | Alpha_L1: 0.0372 | Render_LPIPS: 0.1674 | cos(c,null): +0.2494 | GradNorm: 0.2060 | MSE/t: [0.00-0.50]0.509(n=4816) [0.50-0.85]0.158(n=4366) [0.85-0.95]0.037(n=399) [0.95-1.00]0.028(n=19)
2026-05-03 06:35:18,002 - INFO - [render-loss] step=37600 kept 22/48 samples (t_value >= 0.50)
2026-05-03 06:37:53,181 - INFO - Step   37800 | Epoch  28 | MSE: 0.3289 | Steps/sec: 1.29 | LR: 1.91e-04 | Render_L1: 0.0275 | Alpha_L1: 0.0376 | Render_LPIPS: 0.1694 | cos(c,null): +0.2512 | GradNorm: 0.2061 | MSE/t: [0.00-0.50]0.512(n=4760) [0.50-0.85]0.159(n=4433) [0.85-0.95]0.037(n=387) [0.95-1.00]0.031(n=20)
2026-05-03 06:37:53,255 - INFO - [render-loss] step=37800 kept 25/48 samples (t_value >= 0.50)
2026-05-03 06:40:28,213 - INFO - Step   38000 | Epoch  28 | MSE: 0.3277 | Steps/sec: 1.29 | LR: 1.91e-04 | Render_L1: 0.0268 | Alpha_L1: 0.0365 | Render_LPIPS: 0.1663 | cos(c,null): +0.2514 | GradNorm: 0.2072 | MSE/t: [0.00-0.50]0.511(n=4741) [0.50-0.85]0.159(n=4451) [0.85-0.95]0.036(n=390) [0.95-1.00]0.024(n=18)
2026-05-03 06:40:28,423 - INFO - [cond] cfg_signal=0.0431 (min=0.0225 max=0.0594, n=16) | class_signal=0.0529 (min=0.0256 max=0.0761, n=16) | pred_rms=0.7606
2026-05-03 06:40:36,478 - INFO - [validation] saved: output/jit_B8_postfix_render256_20260503_024444/dit_validation/epoch_028_step_0038000_class098.png (class=98, sampler=heun, steps=100)
2026-05-03 06:40:38,116 - INFO - [overrides] applied from jit/configs/overrides.yaml: lr_scale=1.0 max_grad_norm=5.0 null_repel_weight=0.0 P_mean=0.0
2026-05-03 06:40:38,187 - INFO - [render-loss] step=38000 kept 19/48 samples (t_value >= 0.50)
2026-05-03 06:43:13,337 - INFO - Step   38200 | Epoch  28 | MSE: 0.3327 | Steps/sec: 1.21 | LR: 1.91e-04 | Render_L1: 0.0269 | Alpha_L1: 0.0370 | Render_LPIPS: 0.1665 | cos(c,null): +0.2539 | GradNorm: 0.2110 | MSE/t: [0.00-0.50]0.513(n=4856) [0.50-0.85]0.158(n=4367) [0.85-0.95]0.037(n=365) [0.95-1.00]0.025(n=12)
2026-05-03 06:43:13,411 - INFO - [render-loss] step=38200 kept 22/48 samples (t_value >= 0.50)
2026-05-03 06:45:49,125 - INFO - Step   38400 | Epoch  28 | MSE: 0.3291 | Steps/sec: 1.28 | LR: 1.90e-04 | Render_L1: 0.0271 | Alpha_L1: 0.0370 | Render_LPIPS: 0.1668 | cos(c,null): +0.2570 | GradNorm: 0.2103 | MSE/t: [0.00-0.50]0.509(n=4817) [0.50-0.85]0.158(n=4389) [0.85-0.95]0.037(n=380) [0.95-1.00]0.037(n=14)
2026-05-03 06:45:49,202 - INFO - [render-loss] step=38400 kept 21/48 samples (t_value >= 0.50)
2026-05-03 06:48:24,698 - INFO - Step   38600 | Epoch  29 | MSE: 0.3317 | Steps/sec: 1.29 | LR: 1.90e-04 | Render_L1: 0.0266 | Alpha_L1: 0.0364 | Render_LPIPS: 0.1664 | cos(c,null): +0.2609 | GradNorm: 0.2116 | MSE/t: [0.00-0.50]0.517(n=4783) [0.50-0.85]0.158(n=4433) [0.85-0.95]0.036(n=362) [0.95-1.00]0.026(n=22)
2026-05-03 06:48:24,773 - INFO - [render-loss] step=38600 kept 25/48 samples (t_value >= 0.50)
2026-05-03 06:51:00,512 - INFO - Step   38800 | Epoch  29 | MSE: 0.3301 | Steps/sec: 1.28 | LR: 1.90e-04 | Render_L1: 0.0270 | Alpha_L1: 0.0374 | Render_LPIPS: 0.1675 | cos(c,null): +0.2626 | GradNorm: 0.2147 | MSE/t: [0.00-0.50]0.513(n=4764) [0.50-0.85]0.161(n=4429) [0.85-0.95]0.037(n=395) [0.95-1.00]0.025(n=12)
2026-05-03 06:51:00,586 - INFO - [render-loss] step=38800 kept 24/48 samples (t_value >= 0.50)
2026-05-03 06:53:35,040 - INFO - Step   39000 | Epoch  29 | MSE: 0.3295 | Steps/sec: 1.29 | LR: 1.90e-04 | Render_L1: 0.0269 | Alpha_L1: 0.0373 | Render_LPIPS: 0.1659 | cos(c,null): +0.2642 | GradNorm: 0.2152 | MSE/t: [0.00-0.50]0.512(n=4770) [0.50-0.85]0.159(n=4461) [0.85-0.95]0.037(n=348) [0.95-1.00]0.026(n=21)
2026-05-03 06:53:35,248 - INFO - [cond] cfg_signal=0.0461 (min=0.0264 max=0.0707, n=16) | class_signal=0.0555 (min=0.0255 max=0.0773, n=16) | pred_rms=0.7334
2026-05-03 06:53:43,225 - INFO - [validation] saved: output/jit_B8_postfix_render256_20260503_024444/dit_validation/epoch_029_step_0039000_class000.png (class=0, sampler=heun, steps=100)
2026-05-03 06:53:44,403 - INFO - [overrides] applied from jit/configs/overrides.yaml: lr_scale=1.0 max_grad_norm=5.0 null_repel_weight=0.0 P_mean=0.0
2026-05-03 06:53:44,474 - INFO - [render-loss] step=39000 kept 24/48 samples (t_value >= 0.50)
2026-05-03 06:56:18,673 - INFO - Step   39200 | Epoch  29 | MSE: 0.3342 | Steps/sec: 1.22 | LR: 1.90e-04 | Render_L1: 0.0268 | Alpha_L1: 0.0367 | Render_LPIPS: 0.1654 | cos(c,null): +0.2671 | GradNorm: 0.2169 | MSE/t: [0.00-0.50]0.514(n=4873) [0.50-0.85]0.158(n=4344) [0.85-0.95]0.037(n=365) [0.95-1.00]0.025(n=18)
2026-05-03 06:56:18,747 - INFO - [render-loss] step=39200 kept 28/48 samples (t_value >= 0.50)
2026-05-03 06:58:52,996 - INFO - Step   39400 | Epoch  29 | MSE: 0.3286 | Steps/sec: 1.30 | LR: 1.90e-04 | Render_L1: 0.0271 | Alpha_L1: 0.0369 | Render_LPIPS: 0.1678 | cos(c,null): +0.2694 | GradNorm: 0.2190 | MSE/t: [0.00-0.50]0.512(n=4787) [0.50-0.85]0.157(n=4390) [0.85-0.95]0.038(n=406) [0.95-1.00]0.027(n=17)
2026-05-03 06:58:53,070 - INFO - [render-loss] step=39400 kept 22/48 samples (t_value >= 0.50)
2026-05-03 07:01:28,978 - INFO - Step   39600 | Epoch  29 | MSE: 0.3321 | Steps/sec: 1.28 | LR: 1.90e-04 | Render_L1: 0.0270 | Alpha_L1: 0.0372 | Render_LPIPS: 0.1668 | cos(c,null): +0.2723 | GradNorm: 0.2196 | MSE/t: [0.00-0.50]0.514(n=4834) [0.50-0.85]0.158(n=4356) [0.85-0.95]0.037(n=394) [0.95-1.00]0.030(n=16)
2026-05-03 07:01:29,053 - INFO - [render-loss] step=39600 kept 26/48 samples (t_value >= 0.50)
2026-05-03 07:04:03,810 - INFO - Step   39800 | Epoch  29 | MSE: 0.3316 | Steps/sec: 1.29 | LR: 1.90e-04 | Render_L1: 0.0267 | Alpha_L1: 0.0365 | Render_LPIPS: 0.1661 | cos(c,null): +0.2709 | GradNorm: 0.2226 | MSE/t: [0.00-0.50]0.512(n=4833) [0.50-0.85]0.159(n=4356) [0.85-0.95]0.037(n=397) [0.95-1.00]0.024(n=14)
2026-05-03 07:04:04,009 - INFO - [render-loss] step=39800 kept 22/48 samples (t_value >= 0.50)
2026-05-03 07:06:38,986 - INFO - Step   40000 | Epoch  30 | MSE: 0.3286 | Steps/sec: 1.29 | LR: 1.90e-04 | Render_L1: 0.0267 | Alpha_L1: 0.0369 | Render_LPIPS: 0.1655 | cos(c,null): +0.2713 | GradNorm: 0.2245 | MSE/t: [0.00-0.50]0.512(n=4781) [0.50-0.85]0.157(n=4415) [0.85-0.95]0.037(n=383) [0.95-1.00]0.026(n=21)
2026-05-03 07:06:39,196 - INFO - [cond] cfg_signal=0.0451 (min=0.0240 max=0.0651, n=16) | class_signal=0.0564 (min=0.0269 max=0.0855, n=16) | pred_rms=0.7275
2026-05-03 07:06:40,948 - INFO - Saved checkpoint to output/jit_B8_postfix_render256_20260503_024444/0040000.pt
2026-05-03 07:06:41,155 - INFO - [cond] cfg_signal=0.0451 (min=0.0240 max=0.0651, n=16) | class_signal=0.0564 (min=0.0269 max=0.0855, n=16) | pred_rms=0.7275
2026-05-03 07:06:49,154 - INFO - [validation] saved: output/jit_B8_postfix_render256_20260503_024444/dit_validation/epoch_030_step_0040000_class094.png (class=94, sampler=heun, steps=100)
2026-05-03 07:06:50,373 - INFO - [overrides] applied from jit/configs/overrides.yaml: lr_scale=1.0 max_grad_norm=5.0 null_repel_weight=0.0 P_mean=0.0
2026-05-03 07:06:50,444 - INFO - [render-loss] step=40000 kept 22/48 samples (t_value >= 0.50)
2026-05-03 07:09:25,656 - INFO - Step   40200 | Epoch  30 | MSE: 0.3345 | Steps/sec: 1.20 | LR: 1.90e-04 | Render_L1: 0.0266 | Alpha_L1: 0.0371 | Render_LPIPS: 0.1640 | cos(c,null): +0.2725 | GradNorm: 0.2255 | MSE/t: [0.00-0.50]0.515(n=4827) [0.50-0.85]0.162(n=4380) [0.85-0.95]0.038(n=380) [0.95-1.00]0.029(n=13)
2026-05-03 07:09:25,730 - INFO - [render-loss] step=40200 kept 26/48 samples (t_value >= 0.50)
2026-05-03 07:11:59,845 - INFO - Step   40400 | Epoch  30 | MSE: 0.3280 | Steps/sec: 1.30 | LR: 1.89e-04 | Render_L1: 0.0270 | Alpha_L1: 0.0371 | Render_LPIPS: 0.1655 | cos(c,null): +0.2742 | GradNorm: 0.2303 | MSE/t: [0.00-0.50]0.510(n=4785) [0.50-0.85]0.157(n=4426) [0.85-0.95]0.038(n=378) [0.95-1.00]0.027(n=11)
2026-05-03 07:11:59,919 - INFO - [render-loss] step=40400 kept 23/48 samples (t_value >= 0.50)
2026-05-03 07:14:35,268 - INFO - Step   40600 | Epoch  30 | MSE: 0.3270 | Steps/sec: 1.29 | LR: 1.89e-04 | Render_L1: 0.0270 | Alpha_L1: 0.0365 | Render_LPIPS: 0.1649 | cos(c,null): +0.2732 | GradNorm: 0.2303 | MSE/t: [0.00-0.50]0.511(n=4719) [0.50-0.85]0.159(n=4462) [0.85-0.95]0.038(n=401) [0.95-1.00]0.032(n=18)
2026-05-03 07:14:35,347 - INFO - [render-loss] step=40600 kept 27/48 samples (t_value >= 0.50)
2026-05-03 07:17:09,582 - INFO - Step   40800 | Epoch  30 | MSE: 0.3291 | Steps/sec: 1.30 | LR: 1.89e-04 | Render_L1: 0.0270 | Alpha_L1: 0.0364 | Render_LPIPS: 0.1638 | cos(c,null): +0.2754 | GradNorm: 0.2305 | MSE/t: [0.00-0.50]0.515(n=4771) [0.50-0.85]0.156(n=4419) [0.85-0.95]0.037(n=395) [0.95-1.00]0.027(n=15)
2026-05-03 07:17:09,658 - INFO - [render-loss] step=40800 kept 26/48 samples (t_value >= 0.50)
2026-05-03 07:19:45,243 - INFO - Step   41000 | Epoch  30 | MSE: 0.3356 | Steps/sec: 1.28 | LR: 1.89e-04 | Render_L1: 0.0264 | Alpha_L1: 0.0362 | Render_LPIPS: 0.1630 | cos(c,null): +0.2754 | GradNorm: 0.2323 | MSE/t: [0.00-0.50]0.519(n=4835) [0.50-0.85]0.160(n=4349) [0.85-0.95]0.037(n=396) [0.95-1.00]0.034(n=20)
2026-05-03 07:19:45,454 - INFO - [cond] cfg_signal=0.0441 (min=0.0241 max=0.0661, n=16) | class_signal=0.0532 (min=0.0266 max=0.0748, n=16) | pred_rms=0.7472
2026-05-03 07:19:53,464 - INFO - [validation] saved: output/jit_B8_postfix_render256_20260503_024444/dit_validation/epoch_030_step_0041000_class007.png (class=7, sampler=heun, steps=100)
2026-05-03 07:19:54,556 - INFO - [overrides] applied from jit/configs/overrides.yaml: lr_scale=1.0 max_grad_norm=5.0 null_repel_weight=0.0 P_mean=0.0
2026-05-03 07:19:54,626 - INFO - [render-loss] step=41000 kept 25/48 samples (t_value >= 0.50)
2026-05-03 07:22:29,584 - INFO - Step   41200 | Epoch  31 | MSE: 0.3281 | Steps/sec: 1.22 | LR: 1.89e-04 | Render_L1: 0.0265 | Alpha_L1: 0.0359 | Render_LPIPS: 0.1640 | cos(c,null): +0.2785 | GradNorm: 0.2328 | MSE/t: [0.00-0.50]0.511(n=4805) [0.50-0.85]0.156(n=4349) [0.85-0.95]0.037(n=426) [0.95-1.00]0.026(n=20)
2026-05-03 07:22:29,660 - INFO - [render-loss] step=41200 kept 19/48 samples (t_value >= 0.50)
2026-05-03 07:25:04,197 - INFO - Step   41400 | Epoch  31 | MSE: 0.3293 | Steps/sec: 1.29 | LR: 1.89e-04 | Render_L1: 0.0266 | Alpha_L1: 0.0366 | Render_LPIPS: 0.1630 | cos(c,null): +0.2803 | GradNorm: 0.2350 | MSE/t: [0.00-0.50]0.513(n=4753) [0.50-0.85]0.159(n=4450) [0.85-0.95]0.038(n=378) [0.95-1.00]0.027(n=19)
2026-05-03 07:25:04,271 - INFO - [render-loss] step=41400 kept 24/48 samples (t_value >= 0.50)
2026-05-03 07:27:38,689 - INFO - Step   41600 | Epoch  31 | MSE: 0.3333 | Steps/sec: 1.29 | LR: 1.89e-04 | Render_L1: 0.0268 | Alpha_L1: 0.0366 | Render_LPIPS: 0.1644 | cos(c,null): +0.2825 | GradNorm: 0.2384 | MSE/t: [0.00-0.50]0.513(n=4837) [0.50-0.85]0.162(n=4347) [0.85-0.95]0.038(n=400) [0.95-1.00]0.031(n=16)
2026-05-03 07:27:38,766 - INFO - [render-loss] step=41600 kept 30/48 samples (t_value >= 0.50)
2026-05-03 07:30:13,512 - INFO - Step   41800 | Epoch  31 | MSE: 0.3335 | Steps/sec: 1.29 | LR: 1.89e-04 | Render_L1: 0.0265 | Alpha_L1: 0.0366 | Render_LPIPS: 0.1636 | cos(c,null): +0.2826 | GradNorm: 0.2410 | MSE/t: [0.00-0.50]0.515(n=4832) [0.50-0.85]0.159(n=4391) [0.85-0.95]0.038(n=366) [0.95-1.00]0.025(n=11)
2026-05-03 07:30:13,586 - INFO - [render-loss] step=41800 kept 26/48 samples (t_value >= 0.50)
2026-05-03 07:32:48,166 - INFO - Step   42000 | Epoch  31 | MSE: 0.3329 | Steps/sec: 1.29 | LR: 1.89e-04 | Render_L1: 0.0274 | Alpha_L1: 0.0374 | Render_LPIPS: 0.1654 | cos(c,null): +0.2854 | GradNorm: 0.2408 | MSE/t: [0.00-0.50]0.519(n=4775) [0.50-0.85]0.159(n=4450) [0.85-0.95]0.037(n=360) [0.95-1.00]0.029(n=15)
2026-05-03 07:32:48,371 - INFO - [cond] cfg_signal=0.0444 (min=0.0236 max=0.0649, n=16) | class_signal=0.0559 (min=0.0316 max=0.0749, n=16) | pred_rms=0.7436
2026-05-03 07:32:56,327 - INFO - [validation] saved: output/jit_B8_postfix_render256_20260503_024444/dit_validation/epoch_031_step_0042000_class076.png (class=76, sampler=heun, steps=100)
2026-05-03 07:32:57,433 - INFO - [overrides] applied from jit/configs/overrides.yaml: lr_scale=1.0 max_grad_norm=5.0 null_repel_weight=0.0 P_mean=0.0
2026-05-03 07:32:57,504 - INFO - [render-loss] step=42000 kept 26/48 samples (t_value >= 0.50)
2026-05-03 07:35:31,501 - INFO - Step   42200 | Epoch  31 | MSE: 0.3330 | Steps/sec: 1.23 | LR: 1.88e-04 | Render_L1: 0.0267 | Alpha_L1: 0.0368 | Render_LPIPS: 0.1633 | cos(c,null): +0.2864 | GradNorm: 0.2437 | MSE/t: [0.00-0.50]0.516(n=4815) [0.50-0.85]0.159(n=4409) [0.85-0.95]0.038(n=361) [0.95-1.00]0.028(n=15)
2026-05-03 07:35:31,577 - INFO - [render-loss] step=42200 kept 28/48 samples (t_value >= 0.50)
2026-05-03 07:38:06,289 - INFO - Step   42400 | Epoch  31 | MSE: 0.3319 | Steps/sec: 1.29 | LR: 1.88e-04 | Render_L1: 0.0271 | Alpha_L1: 0.0366 | Render_LPIPS: 0.1636 | cos(c,null): +0.2880 | GradNorm: 0.2451 | MSE/t: [0.00-0.50]0.515(n=4796) [0.50-0.85]0.159(n=4404) [0.85-0.95]0.039(n=385) [0.95-1.00]0.027(n=15)
2026-05-03 07:38:06,364 - INFO - [render-loss] step=42400 kept 27/48 samples (t_value >= 0.50)
2026-05-03 07:40:41,655 - INFO - Step   42600 | Epoch  32 | MSE: 0.3300 | Steps/sec: 1.29 | LR: 1.88e-04 | Render_L1: 0.0263 | Alpha_L1: 0.0364 | Render_LPIPS: 0.1618 | cos(c,null): +0.2891 | GradNorm: 0.2446 | MSE/t: [0.00-0.50]0.514(n=4770) [0.50-0.85]0.159(n=4404) [0.85-0.95]0.039(n=409) [0.95-1.00]0.028(n=17)
2026-05-03 07:40:41,730 - INFO - [render-loss] step=42600 kept 20/48 samples (t_value >= 0.50)
2026-05-03 07:43:17,483 - INFO - Step   42800 | Epoch  32 | MSE: 0.3303 | Steps/sec: 1.28 | LR: 1.88e-04 | Render_L1: 0.0270 | Alpha_L1: 0.0371 | Render_LPIPS: 0.1644 | cos(c,null): +0.2909 | GradNorm: 0.2492 | MSE/t: [0.00-0.50]0.516(n=4743) [0.50-0.85]0.160(n=4424) [0.85-0.95]0.039(n=417) [0.95-1.00]0.030(n=16)
2026-05-03 07:43:17,559 - INFO - [render-loss] step=42800 kept 33/48 samples (t_value >= 0.50)
2026-05-03 07:45:52,784 - INFO - Step   43000 | Epoch  32 | MSE: 0.3292 | Steps/sec: 1.29 | LR: 1.88e-04 | Render_L1: 0.0264 | Alpha_L1: 0.0357 | Render_LPIPS: 0.1625 | cos(c,null): +0.2921 | GradNorm: 0.2464 | MSE/t: [0.00-0.50]0.510(n=4754) [0.50-0.85]0.162(n=4443) [0.85-0.95]0.038(n=390) [0.95-1.00]0.026(n=13)
2026-05-03 07:45:52,993 - INFO - [cond] cfg_signal=0.0458 (min=0.0284 max=0.0635, n=16) | class_signal=0.0571 (min=0.0345 max=0.0771, n=16) | pred_rms=0.7299
2026-05-03 07:46:00,859 - INFO - [validation] saved: output/jit_B8_postfix_render256_20260503_024444/dit_validation/epoch_032_step_0043000_class067.png (class=67, sampler=heun, steps=100)
2026-05-03 07:46:01,962 - INFO - [overrides] applied from jit/configs/overrides.yaml: lr_scale=1.0 max_grad_norm=5.0 null_repel_weight=0.0 P_mean=0.0
2026-05-03 07:46:02,033 - INFO - [render-loss] step=43000 kept 25/48 samples (t_value >= 0.50)
2026-05-03 07:48:36,215 - INFO - Step   43200 | Epoch  32 | MSE: 0.3303 | Steps/sec: 1.23 | LR: 1.88e-04 | Render_L1: 0.0267 | Alpha_L1: 0.0366 | Render_LPIPS: 0.1628 | cos(c,null): +0.2921 | GradNorm: 0.2505 | MSE/t: [0.00-0.50]0.509(n=4812) [0.50-0.85]0.160(n=4413) [0.85-0.95]0.039(n=363) [0.95-1.00]0.029(n=12)
2026-05-03 07:48:36,289 - INFO - [render-loss] step=43200 kept 25/48 samples (t_value >= 0.50)
2026-05-03 07:51:11,830 - INFO - Step   43400 | Epoch  32 | MSE: 0.3294 | Steps/sec: 1.29 | LR: 1.88e-04 | Render_L1: 0.0269 | Alpha_L1: 0.0364 | Render_LPIPS: 0.1637 | cos(c,null): +0.2929 | GradNorm: 0.2527 | MSE/t: [0.00-0.50]0.513(n=4762) [0.50-0.85]0.159(n=4444) [0.85-0.95]0.039(n=384) [0.95-1.00]0.026(n=10)
2026-05-03 07:51:11,904 - INFO - [render-loss] step=43400 kept 25/48 samples (t_value >= 0.50)
2026-05-03 07:53:46,852 - INFO - Step   43600 | Epoch  32 | MSE: 0.3303 | Steps/sec: 1.29 | LR: 1.88e-04 | Render_L1: 0.0262 | Alpha_L1: 0.0359 | Render_LPIPS: 0.1596 | cos(c,null): +0.2949 | GradNorm: 0.2559 | MSE/t: [0.00-0.50]0.509(n=4781) [0.50-0.85]0.162(n=4456) [0.85-0.95]0.039(n=355) [0.95-1.00]0.027(n=8)
2026-05-03 07:53:46,927 - INFO - [render-loss] step=43600 kept 20/48 samples (t_value >= 0.50)
2026-05-03 07:56:21,858 - INFO - Step   43800 | Epoch  33 | MSE: 0.3280 | Steps/sec: 1.29 | LR: 1.88e-04 | Render_L1: 0.0265 | Alpha_L1: 0.0357 | Render_LPIPS: 0.1616 | cos(c,null): +0.2964 | GradNorm: 0.2573 | MSE/t: [0.00-0.50]0.511(n=4722) [0.50-0.85]0.161(n=4473) [0.85-0.95]0.039(n=376) [0.95-1.00]0.030(n=29)
2026-05-03 07:56:21,934 - INFO - [render-loss] step=43800 kept 23/48 samples (t_value >= 0.50)
2026-05-03 07:58:57,243 - INFO - Step   44000 | Epoch  33 | MSE: 0.3298 | Steps/sec: 1.29 | LR: 1.88e-04 | Render_L1: 0.0265 | Alpha_L1: 0.0359 | Render_LPIPS: 0.1626 | cos(c,null): +0.2969 | GradNorm: 0.2588 | MSE/t: [0.00-0.50]0.510(n=4808) [0.50-0.85]0.160(n=4387) [0.85-0.95]0.040(n=379) [0.95-1.00]0.032(n=26)
2026-05-03 07:58:57,452 - INFO - [cond] cfg_signal=0.0466 (min=0.0267 max=0.0672, n=16) | class_signal=0.0572 (min=0.0257 max=0.0778, n=16) | pred_rms=0.7479
2026-05-03 07:59:05,405 - INFO - [validation] saved: output/jit_B8_postfix_render256_20260503_024444/dit_validation/epoch_033_step_0044000_class079.png (class=79, sampler=heun, steps=100)
2026-05-03 07:59:06,549 - INFO - [overrides] applied from jit/configs/overrides.yaml: lr_scale=1.0 max_grad_norm=5.0 null_repel_weight=0.0 P_mean=0.0
2026-05-03 07:59:06,619 - INFO - [render-loss] step=44000 kept 26/48 samples (t_value >= 0.50)
2026-05-03 08:01:40,789 - INFO - Step   44200 | Epoch  33 | MSE: 0.3353 | Steps/sec: 1.22 | LR: 1.87e-04 | Render_L1: 0.0273 | Alpha_L1: 0.0370 | Render_LPIPS: 0.1641 | cos(c,null): +0.2989 | GradNorm: 0.2616 | MSE/t: [0.00-0.50]0.518(n=4825) [0.50-0.85]0.161(n=4388) [0.85-0.95]0.039(n=378) [0.95-1.00]0.024(n=9)
2026-05-03 08:01:40,863 - INFO - [render-loss] step=44200 kept 22/48 samples (t_value >= 0.50)
2026-05-03 08:04:14,982 - INFO - Step   44400 | Epoch  33 | MSE: 0.3315 | Steps/sec: 1.30 | LR: 1.87e-04 | Render_L1: 0.0266 | Alpha_L1: 0.0360 | Render_LPIPS: 0.1606 | cos(c,null): +0.2992 | GradNorm: 0.2617 | MSE/t: [0.00-0.50]0.513(n=4798) [0.50-0.85]0.160(n=4434) [0.85-0.95]0.039(n=354) [0.95-1.00]0.030(n=14)
2026-05-03 08:04:15,056 - INFO - [render-loss] step=44400 kept 27/48 samples (t_value >= 0.50)
2026-05-03 08:06:49,970 - INFO - Step   44600 | Epoch  33 | MSE: 0.3301 | Steps/sec: 1.29 | LR: 1.87e-04 | Render_L1: 0.0266 | Alpha_L1: 0.0355 | Render_LPIPS: 0.1613 | cos(c,null): +0.3031 | GradNorm: 0.2618 | MSE/t: [0.00-0.50]0.512(n=4752) [0.50-0.85]0.162(n=4422) [0.85-0.95]0.040(n=407) [0.95-1.00]0.034(n=19)
2026-05-03 08:06:50,044 - INFO - [render-loss] step=44600 kept 23/48 samples (t_value >= 0.50)
2026-05-03 08:09:25,803 - INFO - Step   44800 | Epoch  33 | MSE: 0.3294 | Steps/sec: 1.28 | LR: 1.87e-04 | Render_L1: 0.0267 | Alpha_L1: 0.0359 | Render_LPIPS: 0.1630 | cos(c,null): +0.3015 | GradNorm: 0.2674 | MSE/t: [0.00-0.50]0.512(n=4743) [0.50-0.85]0.161(n=4463) [0.85-0.95]0.040(n=380) [0.95-1.00]0.027(n=14)
2026-05-03 08:09:25,878 - INFO - [render-loss] step=44800 kept 25/48 samples (t_value >= 0.50)
2026-05-03 08:12:00,248 - INFO - Step   45000 | Epoch  33 | MSE: 0.3312 | Steps/sec: 1.29 | LR: 1.87e-04 | Render_L1: 0.0265 | Alpha_L1: 0.0358 | Render_LPIPS: 0.1604 | cos(c,null): +0.3035 | GradNorm: 0.2689 | MSE/t: [0.00-0.50]0.512(n=4800) [0.50-0.85]0.161(n=4409) [0.85-0.95]0.040(n=366) [0.95-1.00]0.027(n=25)
2026-05-03 08:12:00,458 - INFO - [cond] cfg_signal=0.0486 (min=0.0296 max=0.0725, n=16) | class_signal=0.0585 (min=0.0273 max=0.0779, n=16) | pred_rms=0.7340
2026-05-03 08:12:08,433 - INFO - [validation] saved: output/jit_B8_postfix_render256_20260503_024444/dit_validation/epoch_033_step_0045000_class038.png (class=38, sampler=heun, steps=100)
2026-05-03 08:12:09,571 - INFO - [overrides] applied from jit/configs/overrides.yaml: lr_scale=1.0 max_grad_norm=5.0 null_repel_weight=0.0 P_mean=0.0
2026-05-03 08:12:09,641 - INFO - [render-loss] step=45000 kept 20/48 samples (t_value >= 0.50)
2026-05-03 08:14:45,698 - INFO - Step   45200 | Epoch  34 | MSE: 0.3306 | Steps/sec: 1.21 | LR: 1.87e-04 | Render_L1: 0.0264 | Alpha_L1: 0.0356 | Render_LPIPS: 0.1603 | cos(c,null): +0.3059 | GradNorm: 0.2692 | MSE/t: [0.00-0.50]0.513(n=4724) [0.50-0.85]0.163(n=4484) [0.85-0.95]0.039(n=377) [0.95-1.00]0.026(n=15)
2026-05-03 08:14:45,772 - INFO - [render-loss] step=45200 kept 31/48 samples (t_value >= 0.50)
2026-05-03 08:17:20,338 - INFO - Step   45400 | Epoch  34 | MSE: 0.3289 | Steps/sec: 1.29 | LR: 1.87e-04 | Render_L1: 0.0267 | Alpha_L1: 0.0361 | Render_LPIPS: 0.1605 | cos(c,null): +0.3083 | GradNorm: 0.2694 | MSE/t: [0.00-0.50]0.511(n=4755) [0.50-0.85]0.161(n=4418) [0.85-0.95]0.039(n=415) [0.95-1.00]0.026(n=12)
2026-05-03 08:17:20,414 - INFO - [render-loss] step=45400 kept 23/48 samples (t_value >= 0.50)
2026-05-03 08:19:55,416 - INFO - Step   45600 | Epoch  34 | MSE: 0.3329 | Steps/sec: 1.29 | LR: 1.87e-04 | Render_L1: 0.0263 | Alpha_L1: 0.0353 | Render_LPIPS: 0.1592 | cos(c,null): +0.3091 | GradNorm: 0.2723 | MSE/t: [0.00-0.50]0.515(n=4782) [0.50-0.85]0.162(n=4424) [0.85-0.95]0.041(n=381) [0.95-1.00]0.029(n=13)
2026-05-03 08:19:55,492 - INFO - [render-loss] step=45600 kept 25/48 samples (t_value >= 0.50)
2026-05-03 08:22:30,039 - INFO - Step   45800 | Epoch  34 | MSE: 0.3317 | Steps/sec: 1.29 | LR: 1.86e-04 | Render_L1: 0.0262 | Alpha_L1: 0.0354 | Render_LPIPS: 0.1589 | cos(c,null): +0.3082 | GradNorm: 0.2748 | MSE/t: [0.00-0.50]0.511(n=4808) [0.50-0.85]0.161(n=4420) [0.85-0.95]0.039(n=363) [0.95-1.00]0.029(n=9)
2026-05-03 08:22:30,113 - INFO - [render-loss] step=45800 kept 24/48 samples (t_value >= 0.50)
2026-05-03 08:25:03,431 - INFO - Step   46000 | Epoch  34 | MSE: 0.3330 | Steps/sec: 1.30 | LR: 1.86e-04 | Render_L1: 0.0261 | Alpha_L1: 0.0352 | Render_LPIPS: 0.1583 | cos(c,null): +0.3101 | GradNorm: 0.2755 | MSE/t: [0.00-0.50]0.513(n=4807) [0.50-0.85]0.162(n=4424) [0.85-0.95]0.041(n=353) [0.95-1.00]0.029(n=16)
2026-05-03 08:25:03,648 - INFO - [cond] cfg_signal=0.0525 (min=0.0313 max=0.0791, n=16) | class_signal=0.0604 (min=0.0270 max=0.0854, n=16) | pred_rms=0.7420
2026-05-03 08:25:11,643 - INFO - [validation] saved: output/jit_B8_postfix_render256_20260503_024444/dit_validation/epoch_034_step_0046000_class078.png (class=78, sampler=heun, steps=100)
2026-05-03 08:25:12,785 - INFO - [overrides] applied from jit/configs/overrides.yaml: lr_scale=1.0 max_grad_norm=5.0 null_repel_weight=0.0 P_mean=0.0
2026-05-03 08:25:12,857 - INFO - [render-loss] step=46000 kept 21/48 samples (t_value >= 0.50)
2026-05-03 08:27:46,489 - INFO - Step   46200 | Epoch  34 | MSE: 0.3324 | Steps/sec: 1.23 | LR: 1.86e-04 | Render_L1: 0.0262 | Alpha_L1: 0.0352 | Render_LPIPS: 0.1586 | cos(c,null): +0.3097 | GradNorm: 0.2801 | MSE/t: [0.00-0.50]0.510(n=4838) [0.50-0.85]0.162(n=4402) [0.85-0.95]0.039(n=343) [0.95-1.00]0.032(n=17)
2026-05-03 08:27:46,563 - INFO - [render-loss] step=46200 kept 22/48 samples (t_value >= 0.50)
2026-05-03 08:30:20,585 - INFO - Step   46400 | Epoch  34 | MSE: 0.3310 | Steps/sec: 1.30 | LR: 1.86e-04 | Render_L1: 0.0262 | Alpha_L1: 0.0350 | Render_LPIPS: 0.1590 | cos(c,null): +0.3104 | GradNorm: 0.2763 | MSE/t: [0.00-0.50]0.512(n=4797) [0.50-0.85]0.161(n=4380) [0.85-0.95]0.040(n=409) [0.95-1.00]0.030(n=14)
2026-05-03 08:30:20,774 - INFO - [render-loss] step=46400 kept 24/48 samples (t_value >= 0.50)
2026-05-03 08:32:54,696 - INFO - Step   46600 | Epoch  35 | MSE: 0.3324 | Steps/sec: 1.30 | LR: 1.86e-04 | Render_L1: 0.0265 | Alpha_L1: 0.0361 | Render_LPIPS: 0.1597 | cos(c,null): +0.3108 | GradNorm: 0.2856 | MSE/t: [0.00-0.50]0.514(n=4789) [0.50-0.85]0.162(n=4431) [0.85-0.95]0.041(n=365) [0.95-1.00]0.030(n=15)
2026-05-03 08:32:54,770 - INFO - [render-loss] step=46600 kept 29/48 samples (t_value >= 0.50)
2026-05-03 08:35:29,095 - INFO - Step   46800 | Epoch  35 | MSE: 0.3298 | Steps/sec: 1.30 | LR: 1.86e-04 | Render_L1: 0.0263 | Alpha_L1: 0.0352 | Render_LPIPS: 0.1574 | cos(c,null): +0.3103 | GradNorm: 0.2847 | MSE/t: [0.00-0.50]0.514(n=4718) [0.50-0.85]0.162(n=4472) [0.85-0.95]0.040(n=391) [0.95-1.00]0.028(n=19)
2026-05-03 08:35:29,171 - INFO - [render-loss] step=46800 kept 25/48 samples (t_value >= 0.50)
2026-05-03 08:38:03,768 - INFO - Step   47000 | Epoch  35 | MSE: 0.3299 | Steps/sec: 1.29 | LR: 1.86e-04 | Render_L1: 0.0260 | Alpha_L1: 0.0353 | Render_LPIPS: 0.1568 | cos(c,null): +0.3118 | GradNorm: 0.2855 | MSE/t: [0.00-0.50]0.508(n=4793) [0.50-0.85]0.163(n=4392) [0.85-0.95]0.040(n=393) [0.95-1.00]0.029(n=22)
2026-05-03 08:38:03,977 - INFO - [cond] cfg_signal=0.0496 (min=0.0308 max=0.0707, n=16) | class_signal=0.0590 (min=0.0278 max=0.0792, n=16) | pred_rms=0.7522
2026-05-03 08:38:11,971 - INFO - [validation] saved: output/jit_B8_postfix_render256_20260503_024444/dit_validation/epoch_035_step_0047000_class090.png (class=90, sampler=heun, steps=100)
2026-05-03 08:38:13,082 - INFO - [overrides] applied from jit/configs/overrides.yaml: lr_scale=1.0 max_grad_norm=5.0 null_repel_weight=0.0 P_mean=0.0
2026-05-03 08:38:13,152 - INFO - [render-loss] step=47000 kept 21/48 samples (t_value >= 0.50)
2026-05-03 08:40:48,738 - INFO - Step   47200 | Epoch  35 | MSE: 0.3299 | Steps/sec: 1.21 | LR: 1.86e-04 | Render_L1: 0.0264 | Alpha_L1: 0.0357 | Render_LPIPS: 0.1586 | cos(c,null): +0.3134 | GradNorm: 0.2892 | MSE/t: [0.00-0.50]0.512(n=4745) [0.50-0.85]0.161(n=4502) [0.85-0.95]0.039(n=341) [0.95-1.00]0.030(n=12)
2026-05-03 08:40:48,811 - INFO - [render-loss] step=47200 kept 20/48 samples (t_value >= 0.50)
2026-05-03 08:43:23,485 - INFO - Step   47400 | Epoch  35 | MSE: 0.3342 | Steps/sec: 1.29 | LR: 1.86e-04 | Render_L1: 0.0256 | Alpha_L1: 0.0350 | Render_LPIPS: 0.1553 | cos(c,null): +0.3132 | GradNorm: 0.2889 | MSE/t: [0.00-0.50]0.517(n=4800) [0.50-0.85]0.162(n=4382) [0.85-0.95]0.041(n=402) [0.95-1.00]0.028(n=16)
2026-05-03 08:43:23,559 - INFO - [render-loss] step=47400 kept 25/48 samples (t_value >= 0.50)
2026-05-03 08:45:58,385 - INFO - Step   47600 | Epoch  35 | MSE: 0.3298 | Steps/sec: 1.29 | LR: 1.85e-04 | Render_L1: 0.0262 | Alpha_L1: 0.0349 | Render_LPIPS: 0.1585 | cos(c,null): +0.3133 | GradNorm: 0.2897 | MSE/t: [0.00-0.50]0.512(n=4722) [0.50-0.85]0.163(n=4505) [0.85-0.95]0.041(n=363) [0.95-1.00]0.030(n=10)
2026-05-03 08:45:58,461 - INFO - [render-loss] step=47600 kept 17/48 samples (t_value >= 0.50)
2026-05-03 08:48:33,175 - INFO - Step   47800 | Epoch  36 | MSE: 0.3324 | Steps/sec: 1.29 | LR: 1.85e-04 | Render_L1: 0.0262 | Alpha_L1: 0.0354 | Render_LPIPS: 0.1581 | cos(c,null): +0.3142 | GradNorm: 0.2871 | MSE/t: [0.00-0.50]0.511(n=4837) [0.50-0.85]0.161(n=4382) [0.85-0.95]0.042(n=359) [0.95-1.00]0.029(n=22)
2026-05-03 08:48:33,253 - INFO - [render-loss] step=47800 kept 18/48 samples (t_value >= 0.50)
2026-05-03 08:51:08,685 - INFO - Step   48000 | Epoch  36 | MSE: 0.3343 | Steps/sec: 1.29 | LR: 1.85e-04 | Render_L1: 0.0259 | Alpha_L1: 0.0352 | Render_LPIPS: 0.1563 | cos(c,null): +0.3160 | GradNorm: 0.2924 | MSE/t: [0.00-0.50]0.515(n=4818) [0.50-0.85]0.163(n=4363) [0.85-0.95]0.041(n=406) [0.95-1.00]0.036(n=13)
2026-05-03 08:51:08,896 - INFO - [cond] cfg_signal=0.0519 (min=0.0284 max=0.0733, n=16) | class_signal=0.0617 (min=0.0303 max=0.0886, n=16) | pred_rms=0.7473
2026-05-03 08:51:16,869 - INFO - [validation] saved: output/jit_B8_postfix_render256_20260503_024444/dit_validation/epoch_036_step_0048000_class079.png (class=79, sampler=heun, steps=100)
2026-05-03 08:51:18,003 - INFO - [overrides] applied from jit/configs/overrides.yaml: lr_scale=1.0 max_grad_norm=5.0 null_repel_weight=0.0 P_mean=0.0
2026-05-03 08:51:18,075 - INFO - [render-loss] step=48000 kept 22/48 samples (t_value >= 0.50)
2026-05-03 08:53:53,518 - INFO - Step   48200 | Epoch  36 | MSE: 0.3300 | Steps/sec: 1.21 | LR: 1.85e-04 | Render_L1: 0.0259 | Alpha_L1: 0.0349 | Render_LPIPS: 0.1571 | cos(c,null): +0.3184 | GradNorm: 0.2926 | MSE/t: [0.00-0.50]0.511(n=4746) [0.50-0.85]0.163(n=4435) [0.85-0.95]0.041(n=403) [0.95-1.00]0.030(n=16)
2026-05-03 08:53:53,593 - INFO - [render-loss] step=48200 kept 33/48 samples (t_value >= 0.50)
2026-05-03 08:56:28,819 - INFO - Step   48400 | Epoch  36 | MSE: 0.3308 | Steps/sec: 1.29 | LR: 1.85e-04 | Render_L1: 0.0261 | Alpha_L1: 0.0350 | Render_LPIPS: 0.1575 | cos(c,null): +0.3200 | GradNorm: 0.2932 | MSE/t: [0.00-0.50]0.514(n=4740) [0.50-0.85]0.162(n=4483) [0.85-0.95]0.041(n=357) [0.95-1.00]0.031(n=20)
2026-05-03 08:56:28,892 - INFO - [render-loss] step=48400 kept 25/48 samples (t_value >= 0.50)
2026-05-03 08:59:03,377 - INFO - Step   48600 | Epoch  36 | MSE: 0.3314 | Steps/sec: 1.29 | LR: 1.85e-04 | Render_L1: 0.0260 | Alpha_L1: 0.0349 | Render_LPIPS: 0.1563 | cos(c,null): +0.3227 | GradNorm: 0.2994 | MSE/t: [0.00-0.50]0.512(n=4791) [0.50-0.85]0.161(n=4415) [0.85-0.95]0.042(n=380) [0.95-1.00]0.027(n=14)
2026-05-03 08:59:03,452 - INFO - [render-loss] step=48600 kept 21/48 samples (t_value >= 0.50)
2026-05-03 09:01:38,886 - INFO - Step   48800 | Epoch  36 | MSE: 0.3292 | Steps/sec: 1.29 | LR: 1.85e-04 | Render_L1: 0.0265 | Alpha_L1: 0.0358 | Render_LPIPS: 0.1583 | cos(c,null): +0.3230 | GradNorm: 0.2984 | MSE/t: [0.00-0.50]0.513(n=4707) [0.50-0.85]0.162(n=4479) [0.85-0.95]0.041(n=399) [0.95-1.00]0.035(n=15)
2026-05-03 09:01:38,961 - INFO - [render-loss] step=48800 kept 27/48 samples (t_value >= 0.50)
2026-05-03 09:04:12,937 - INFO - Step   49000 | Epoch  36 | MSE: 0.3329 | Steps/sec: 1.30 | LR: 1.85e-04 | Render_L1: 0.0263 | Alpha_L1: 0.0353 | Render_LPIPS: 0.1570 | cos(c,null): +0.3234 | GradNorm: 0.3047 | MSE/t: [0.00-0.50]0.512(n=4816) [0.50-0.85]0.163(n=4394) [0.85-0.95]0.042(n=379) [0.95-1.00]0.034(n=11)
2026-05-03 09:04:13,146 - INFO - [cond] cfg_signal=0.0518 (min=0.0251 max=0.0772, n=16) | class_signal=0.0640 (min=0.0332 max=0.0866, n=16) | pred_rms=0.7258
2026-05-03 09:04:21,068 - INFO - [validation] saved: output/jit_B8_postfix_render256_20260503_024444/dit_validation/epoch_036_step_0049000_class095.png (class=95, sampler=heun, steps=100)
2026-05-03 09:04:22,222 - INFO - [overrides] applied from jit/configs/overrides.yaml: lr_scale=1.0 max_grad_norm=5.0 null_repel_weight=0.0 P_mean=0.0
2026-05-03 09:04:22,292 - INFO - [render-loss] step=49000 kept 27/48 samples (t_value >= 0.50)
2026-05-03 09:06:56,462 - INFO - Step   49200 | Epoch  37 | MSE: 0.3338 | Steps/sec: 1.22 | LR: 1.84e-04 | Render_L1: 0.0260 | Alpha_L1: 0.0348 | Render_LPIPS: 0.1563 | cos(c,null): +0.3228 | GradNorm: 0.3025 | MSE/t: [0.00-0.50]0.514(n=4794) [0.50-0.85]0.164(n=4414) [0.85-0.95]0.042(n=378) [0.95-1.00]0.031(n=14)
2026-05-03 09:06:56,536 - INFO - [render-loss] step=49200 kept 27/48 samples (t_value >= 0.50)
2026-05-03 09:09:31,152 - INFO - Step   49400 | Epoch  37 | MSE: 0.3334 | Steps/sec: 1.29 | LR: 1.84e-04 | Render_L1: 0.0258 | Alpha_L1: 0.0343 | Render_LPIPS: 0.1561 | cos(c,null): +0.3230 | GradNorm: 0.2992 | MSE/t: [0.00-0.50]0.512(n=4819) [0.50-0.85]0.164(n=4374) [0.85-0.95]0.042(n=391) [0.95-1.00]0.033(n=16)
2026-05-03 09:09:31,226 - INFO - [render-loss] step=49400 kept 27/48 samples (t_value >= 0.50)
2026-05-03 09:12:07,251 - INFO - Step   49600 | Epoch  37 | MSE: 0.3323 | Steps/sec: 1.28 | LR: 1.84e-04 | Render_L1: 0.0264 | Alpha_L1: 0.0349 | Render_LPIPS: 0.1573 | cos(c,null): +0.3233 | GradNorm: 0.3082 | MSE/t: [0.00-0.50]0.515(n=4742) [0.50-0.85]0.164(n=4437) [0.85-0.95]0.042(n=413) [0.95-1.00]0.030(n=8)
2026-05-03 09:12:07,324 - INFO - [render-loss] step=49600 kept 27/48 samples (t_value >= 0.50)
2026-05-03 09:14:42,752 - INFO - Step   49800 | Epoch  37 | MSE: 0.3318 | Steps/sec: 1.29 | LR: 1.84e-04 | Render_L1: 0.0261 | Alpha_L1: 0.0349 | Render_LPIPS: 0.1553 | cos(c,null): +0.3238 | GradNorm: 0.3068 | MSE/t: [0.00-0.50]0.515(n=4744) [0.50-0.85]0.163(n=4471) [0.85-0.95]0.041(n=368) [0.95-1.00]0.032(n=17)
2026-05-03 09:14:42,826 - INFO - [render-loss] step=49800 kept 25/48 samples (t_value >= 0.50)
2026-05-03 09:17:18,977 - INFO - Step   50000 | Epoch  37 | MSE: 0.3308 | Steps/sec: 1.28 | LR: 1.84e-04 | Render_L1: 0.0257 | Alpha_L1: 0.0343 | Render_LPIPS: 0.1537 | cos(c,null): +0.3244 | GradNorm: 0.3102 | MSE/t: [0.00-0.50]0.512(n=4754) [0.50-0.85]0.162(n=4484) [0.85-0.95]0.041(n=353) [0.95-1.00]0.030(n=9)
2026-05-03 09:17:19,194 - INFO - [cond] cfg_signal=0.0510 (min=0.0270 max=0.0813, n=16) | class_signal=0.0633 (min=0.0271 max=0.0819, n=16) | pred_rms=0.7401
2026-05-03 09:17:27,088 - INFO - [validation] saved: output/jit_B8_postfix_render256_20260503_024444/dit_validation/epoch_037_step_0050000_class025.png (class=25, sampler=heun, steps=100)
2026-05-03 09:17:28,241 - INFO - [overrides] applied from jit/configs/overrides.yaml: lr_scale=1.0 max_grad_norm=5.0 null_repel_weight=0.0 P_mean=0.0
2026-05-03 09:17:28,311 - INFO - [render-loss] step=50000 kept 22/48 samples (t_value >= 0.50)
2026-05-03 09:20:02,601 - INFO - Step   50200 | Epoch  37 | MSE: 0.3339 | Steps/sec: 1.22 | LR: 1.84e-04 | Render_L1: 0.0260 | Alpha_L1: 0.0349 | Render_LPIPS: 0.1558 | cos(c,null): +0.3263 | GradNorm: 0.3091 | MSE/t: [0.00-0.50]0.514(n=4790) [0.50-0.85]0.165(n=4415) [0.85-0.95]0.041(n=382) [0.95-1.00]0.030(n=13)
2026-05-03 09:20:02,675 - INFO - [render-loss] step=50200 kept 21/48 samples (t_value >= 0.50)
2026-05-03 09:22:37,316 - INFO - Step   50400 | Epoch  38 | MSE: 0.3366 | Steps/sec: 1.29 | LR: 1.84e-04 | Render_L1: 0.0257 | Alpha_L1: 0.0344 | Render_LPIPS: 0.1546 | cos(c,null): +0.3260 | GradNorm: 0.3126 | MSE/t: [0.00-0.50]0.516(n=4862) [0.50-0.85]0.163(n=4326) [0.85-0.95]0.043(n=396) [0.95-1.00]0.030(n=16)
2026-05-03 09:22:37,393 - INFO - [render-loss] step=50400 kept 22/48 samples (t_value >= 0.50)
2026-05-03 09:25:12,247 - INFO - Step   50600 | Epoch  38 | MSE: 0.3353 | Steps/sec: 1.29 | LR: 1.84e-04 | Render_L1: 0.0261 | Alpha_L1: 0.0351 | Render_LPIPS: 0.1562 | cos(c,null): +0.3279 | GradNorm: 0.3098 | MSE/t: [0.00-0.50]0.515(n=4814) [0.50-0.85]0.165(n=4375) [0.85-0.95]0.043(n=391) [0.95-1.00]0.030(n=20)
2026-05-03 09:25:12,324 - INFO - [render-loss] step=50600 kept 24/48 samples (t_value >= 0.50)
2026-05-03 09:27:47,408 - INFO - Step   50800 | Epoch  38 | MSE: 0.3288 | Steps/sec: 1.29 | LR: 1.83e-04 | Render_L1: 0.0259 | Alpha_L1: 0.0345 | Render_LPIPS: 0.1546 | cos(c,null): +0.3294 | GradNorm: 0.3211 | MSE/t: [0.00-0.50]0.516(n=4654) [0.50-0.85]0.163(n=4525) [0.85-0.95]0.042(n=404) [0.95-1.00]0.031(n=17)
2026-05-03 09:27:47,483 - INFO - [render-loss] step=50800 kept 24/48 samples (t_value >= 0.50)
2026-05-03 09:30:22,044 - INFO - Step   51000 | Epoch  38 | MSE: 0.3327 | Steps/sec: 1.29 | LR: 1.83e-04 | Render_L1: 0.0261 | Alpha_L1: 0.0352 | Render_LPIPS: 0.1549 | cos(c,null): +0.3295 | GradNorm: 0.3219 | MSE/t: [0.00-0.50]0.515(n=4767) [0.50-0.85]0.163(n=4427) [0.85-0.95]0.042(n=389) [0.95-1.00]0.030(n=17)
2026-05-03 09:30:22,251 - INFO - [cond] cfg_signal=0.0537 (min=0.0320 max=0.0772, n=16) | class_signal=0.0646 (min=0.0392 max=0.0847, n=16) | pred_rms=0.7341
2026-05-03 09:30:30,527 - INFO - [validation] saved: output/jit_B8_postfix_render256_20260503_024444/dit_validation/epoch_038_step_0051000_class041.png (class=41, sampler=heun, steps=100)
2026-05-03 09:30:31,720 - INFO - [overrides] applied from jit/configs/overrides.yaml: lr_scale=1.0 max_grad_norm=5.0 null_repel_weight=0.0 P_mean=0.0
2026-05-03 09:30:31,790 - INFO - [render-loss] step=51000 kept 23/48 samples (t_value >= 0.50)
2026-05-03 09:33:06,942 - INFO - Step   51200 | Epoch  38 | MSE: 0.3369 | Steps/sec: 1.21 | LR: 1.83e-04 | Render_L1: 0.0264 | Alpha_L1: 0.0351 | Render_LPIPS: 0.1565 | cos(c,null): +0.3315 | GradNorm: 0.3215 | MSE/t: [0.00-0.50]0.517(n=4800) [0.50-0.85]0.167(n=4422) [0.85-0.95]0.042(n=364) [0.95-1.00]0.035(n=14)
2026-05-03 09:33:07,016 - INFO - [render-loss] step=51200 kept 28/48 samples (t_value >= 0.50)
2026-05-03 09:35:42,324 - INFO - Step   51400 | Epoch  38 | MSE: 0.3346 | Steps/sec: 1.29 | LR: 1.83e-04 | Render_L1: 0.0262 | Alpha_L1: 0.0346 | Render_LPIPS: 0.1558 | cos(c,null): +0.3320 | GradNorm: 0.3159 | MSE/t: [0.00-0.50]0.514(n=4783) [0.50-0.85]0.167(n=4417) [0.85-0.95]0.042(n=380) [0.95-1.00]0.033(n=20)
2026-05-03 09:35:42,400 - INFO - [render-loss] step=51400 kept 28/48 samples (t_value >= 0.50)
2026-05-03 09:38:18,767 - INFO - Step   51600 | Epoch  38 | MSE: 0.3348 | Steps/sec: 1.28 | LR: 1.83e-04 | Render_L1: 0.0261 | Alpha_L1: 0.0347 | Render_LPIPS: 0.1554 | cos(c,null): +0.3325 | GradNorm: 0.3200 | MSE/t: [0.00-0.50]0.516(n=4756) [0.50-0.85]0.167(n=4479) [0.85-0.95]0.043(n=348) [0.95-1.00]0.032(n=17)
2026-05-03 09:38:18,843 - INFO - [render-loss] step=51600 kept 31/48 samples (t_value >= 0.50)
2026-05-03 09:40:53,201 - INFO - Step   51800 | Epoch  39 | MSE: 0.3368 | Steps/sec: 1.30 | LR: 1.83e-04 | Render_L1: 0.0262 | Alpha_L1: 0.0346 | Render_LPIPS: 0.1564 | cos(c,null): +0.3324 | GradNorm: 0.3218 | MSE/t: [0.00-0.50]0.514(n=4842) [0.50-0.85]0.166(n=4363) [0.85-0.95]0.043(n=380) [0.95-1.00]0.037(n=15)
2026-05-03 09:40:53,278 - INFO - [render-loss] step=51800 kept 29/48 samples (t_value >= 0.50)
2026-05-03 09:43:27,897 - INFO - Step   52000 | Epoch  39 | MSE: 0.3347 | Steps/sec: 1.29 | LR: 1.83e-04 | Render_L1: 0.0258 | Alpha_L1: 0.0342 | Render_LPIPS: 0.1528 | cos(c,null): +0.3316 | GradNorm: 0.3282 | MSE/t: [0.00-0.50]0.514(n=4822) [0.50-0.85]0.163(n=4382) [0.85-0.95]0.043(n=377) [0.95-1.00]0.032(n=19)
2026-05-03 09:43:28,106 - INFO - [cond] cfg_signal=0.0508 (min=0.0303 max=0.0683, n=16) | class_signal=0.0619 (min=0.0335 max=0.0830, n=16) | pred_rms=0.7590
2026-05-03 09:43:36,133 - INFO - [validation] saved: output/jit_B8_postfix_render256_20260503_024444/dit_validation/epoch_039_step_0052000_class009.png (class=9, sampler=heun, steps=100)
2026-05-03 09:43:37,300 - INFO - [overrides] applied from jit/configs/overrides.yaml: lr_scale=1.0 max_grad_norm=5.0 null_repel_weight=0.0 P_mean=0.0
2026-05-03 09:43:37,371 - INFO - [render-loss] step=52000 kept 27/48 samples (t_value >= 0.50)
2026-05-03 09:46:12,280 - INFO - Step   52200 | Epoch  39 | MSE: 0.3329 | Steps/sec: 1.22 | LR: 1.83e-04 | Render_L1: 0.0260 | Alpha_L1: 0.0344 | Render_LPIPS: 0.1531 | cos(c,null): +0.3332 | GradNorm: 0.3274 | MSE/t: [0.00-0.50]0.512(n=4770) [0.50-0.85]0.165(n=4472) [0.85-0.95]0.045(n=347) [0.95-1.00]0.030(n=11)
2026-05-03 09:46:12,354 - INFO - [render-loss] step=52200 kept 18/48 samples (t_value >= 0.50)
2026-05-03 09:48:47,583 - INFO - Step   52400 | Epoch  39 | MSE: 0.3325 | Steps/sec: 1.29 | LR: 1.82e-04 | Render_L1: 0.0262 | Alpha_L1: 0.0346 | Render_LPIPS: 0.1555 | cos(c,null): +0.3342 | GradNorm: 0.3282 | MSE/t: [0.00-0.50]0.513(n=4746) [0.50-0.85]0.166(n=4457) [0.85-0.95]0.043(n=380) [0.95-1.00]0.031(n=17)
2026-05-03 09:48:47,657 - INFO - [render-loss] step=52400 kept 26/48 samples (t_value >= 0.50)
2026-05-03 09:51:21,644 - INFO - Step   52600 | Epoch  39 | MSE: 0.3387 | Steps/sec: 1.30 | LR: 1.82e-04 | Render_L1: 0.0262 | Alpha_L1: 0.0344 | Render_LPIPS: 0.1545 | cos(c,null): +0.3343 | GradNorm: 0.3294 | MSE/t: [0.00-0.50]0.514(n=4900) [0.50-0.85]0.166(n=4321) [0.85-0.95]0.043(n=364) [0.95-1.00]0.030(n=15)
2026-05-03 09:51:21,720 - INFO - [render-loss] step=52600 kept 19/48 samples (t_value >= 0.50)
2026-05-03 09:53:56,374 - INFO - Step   52800 | Epoch  39 | MSE: 0.3311 | Steps/sec: 1.29 | LR: 1.82e-04 | Render_L1: 0.0258 | Alpha_L1: 0.0339 | Render_LPIPS: 0.1534 | cos(c,null): +0.3331 | GradNorm: 0.3332 | MSE/t: [0.00-0.50]0.510(n=4769) [0.50-0.85]0.166(n=4405) [0.85-0.95]0.043(n=412) [0.95-1.00]0.038(n=14)
2026-05-03 09:53:56,451 - INFO - [render-loss] step=52800 kept 25/48 samples (t_value >= 0.50)
2026-05-03 09:56:30,481 - INFO - Step   53000 | Epoch  39 | MSE: 0.3357 | Steps/sec: 1.30 | LR: 1.82e-04 | Render_L1: 0.0255 | Alpha_L1: 0.0342 | Render_LPIPS: 0.1518 | cos(c,null): +0.3323 | GradNorm: 0.3379 | MSE/t: [0.00-0.50]0.513(n=4827) [0.50-0.85]0.165(n=4411) [0.85-0.95]0.043(n=351) [0.95-1.00]0.035(n=11)
2026-05-03 09:56:30,691 - INFO - [cond] cfg_signal=0.0543 (min=0.0305 max=0.0834, n=16) | class_signal=0.0650 (min=0.0294 max=0.0847, n=16) | pred_rms=0.7581
2026-05-03 09:56:39,016 - INFO - [validation] saved: output/jit_B8_postfix_render256_20260503_024444/dit_validation/epoch_039_step_0053000_class089.png (class=89, sampler=heun, steps=100)
2026-05-03 09:56:40,360 - INFO - [overrides] applied from jit/configs/overrides.yaml: lr_scale=1.0 max_grad_norm=5.0 null_repel_weight=0.0 P_mean=0.0
2026-05-03 09:56:40,434 - INFO - [render-loss] step=53000 kept 20/48 samples (t_value >= 0.50)
2026-05-03 09:59:12,869 - INFO - Step   53200 | Epoch  40 | MSE: 0.3384 | Steps/sec: 1.23 | LR: 1.82e-04 | Render_L1: 0.0261 | Alpha_L1: 0.0346 | Render_LPIPS: 0.1545 | cos(c,null): +0.3343 | GradNorm: 0.3414 | MSE/t: [0.00-0.50]0.513(n=4898) [0.50-0.85]0.166(n=4316) [0.85-0.95]0.043(n=371) [0.95-1.00]0.034(n=15)
2026-05-03 09:59:12,946 - INFO - [render-loss] step=53200 kept 27/48 samples (t_value >= 0.50)
2026-05-03 10:01:47,056 - INFO - Step   53400 | Epoch  40 | MSE: 0.3351 | Steps/sec: 1.30 | LR: 1.82e-04 | Render_L1: 0.0254 | Alpha_L1: 0.0337 | Render_LPIPS: 0.1513 | cos(c,null): +0.3367 | GradNorm: 0.3337 | MSE/t: [0.00-0.50]0.512(n=4827) [0.50-0.85]0.166(n=4378) [0.85-0.95]0.045(n=384) [0.95-1.00]0.033(n=11)
2026-05-03 10:01:47,130 - INFO - [render-loss] step=53400 kept 22/48 samples (t_value >= 0.50)
2026-05-03 10:04:22,217 - INFO - Step   53600 | Epoch  40 | MSE: 0.3362 | Steps/sec: 1.29 | LR: 1.82e-04 | Render_L1: 0.0257 | Alpha_L1: 0.0334 | Render_LPIPS: 0.1531 | cos(c,null): +0.3372 | GradNorm: 0.3428 | MSE/t: [0.00-0.50]0.515(n=4823) [0.50-0.85]0.166(n=4387) [0.85-0.95]0.044(n=375) [0.95-1.00]0.035(n=15)
2026-05-03 10:04:22,291 - INFO - [render-loss] step=53600 kept 29/48 samples (t_value >= 0.50)
2026-05-03 10:06:57,431 - INFO - Step   53800 | Epoch  40 | MSE: 0.3333 | Steps/sec: 1.29 | LR: 1.81e-04 | Render_L1: 0.0259 | Alpha_L1: 0.0341 | Render_LPIPS: 0.1527 | cos(c,null): +0.3392 | GradNorm: 0.3435 | MSE/t: [0.00-0.50]0.510(n=4781) [0.50-0.85]0.168(n=4436) [0.85-0.95]0.045(n=365) [0.95-1.00]0.034(n=18)
2026-05-03 10:06:57,505 - INFO - [render-loss] step=53800 kept 24/48 samples (t_value >= 0.50)
2026-05-03 10:09:31,896 - INFO - Step   54000 | Epoch  40 | MSE: 0.3336 | Steps/sec: 1.29 | LR: 1.81e-04 | Render_L1: 0.0261 | Alpha_L1: 0.0340 | Render_LPIPS: 0.1544 | cos(c,null): +0.3400 | GradNorm: 0.3436 | MSE/t: [0.00-0.50]0.515(n=4771) [0.50-0.85]0.165(n=4420) [0.85-0.95]0.043(n=397) [0.95-1.00]0.035(n=12)
2026-05-03 10:09:32,107 - INFO - [cond] cfg_signal=0.0541 (min=0.0315 max=0.0848, n=16) | class_signal=0.0647 (min=0.0328 max=0.0867, n=16) | pred_rms=0.7675
2026-05-03 10:09:40,140 - INFO - [validation] saved: output/jit_B8_postfix_render256_20260503_024444/dit_validation/epoch_040_step_0054000_class015.png (class=15, sampler=heun, steps=100)
2026-05-03 10:09:41,346 - INFO - [overrides] applied from jit/configs/overrides.yaml: lr_scale=1.0 max_grad_norm=5.0 null_repel_weight=0.0 P_mean=0.0
2026-05-03 10:09:41,417 - INFO - [render-loss] step=54000 kept 32/48 samples (t_value >= 0.50)
2026-05-03 10:12:17,506 - INFO - Step   54200 | Epoch  40 | MSE: 0.3358 | Steps/sec: 1.21 | LR: 1.81e-04 | Render_L1: 0.0252 | Alpha_L1: 0.0335 | Render_LPIPS: 0.1510 | cos(c,null): +0.3417 | GradNorm: 0.3474 | MSE/t: [0.00-0.50]0.517(n=4835) [0.50-0.85]0.163(n=4333) [0.85-0.95]0.044(n=420) [0.95-1.00]0.031(n=12)
2026-05-03 10:12:17,584 - INFO - [render-loss] step=54200 kept 19/48 samples (t_value >= 0.50)
2026-05-03 10:14:52,462 - INFO - Step   54400 | Epoch  41 | MSE: 0.3346 | Steps/sec: 1.29 | LR: 1.81e-04 | Render_L1: 0.0257 | Alpha_L1: 0.0337 | Render_LPIPS: 0.1519 | cos(c,null): +0.3407 | GradNorm: 0.3435 | MSE/t: [0.00-0.50]0.513(n=4823) [0.50-0.85]0.165(n=4390) [0.85-0.95]0.044(n=369) [0.95-1.00]0.036(n=18)
2026-05-03 10:14:52,536 - INFO - [render-loss] step=54400 kept 22/48 samples (t_value >= 0.50)
2026-05-03 10:17:27,288 - INFO - Step   54600 | Epoch  41 | MSE: 0.3351 | Steps/sec: 1.29 | LR: 1.81e-04 | Render_L1: 0.0259 | Alpha_L1: 0.0339 | Render_LPIPS: 0.1533 | cos(c,null): +0.3419 | GradNorm: 0.3394 | MSE/t: [0.00-0.50]0.514(n=4798) [0.50-0.85]0.166(n=4404) [0.85-0.95]0.045(n=387) [0.95-1.00]0.035(n=11)
2026-05-03 10:17:27,362 - INFO - [render-loss] step=54600 kept 26/48 samples (t_value >= 0.50)
2026-05-03 10:20:01,991 - INFO - Step   54800 | Epoch  41 | MSE: 0.3350 | Steps/sec: 1.29 | LR: 1.81e-04 | Render_L1: 0.0254 | Alpha_L1: 0.0335 | Render_LPIPS: 0.1517 | cos(c,null): +0.3428 | GradNorm: 0.3404 | MSE/t: [0.00-0.50]0.514(n=4772) [0.50-0.85]0.169(n=4426) [0.85-0.95]0.044(n=392) [0.95-1.00]0.032(n=10)
2026-05-03 10:20:02,068 - INFO - [render-loss] step=54800 kept 27/48 samples (t_value >= 0.50)
2026-05-03 10:22:36,829 - INFO - Step   55000 | Epoch  41 | MSE: 0.3374 | Steps/sec: 1.29 | LR: 1.81e-04 | Render_L1: 0.0253 | Alpha_L1: 0.0334 | Render_LPIPS: 0.1502 | cos(c,null): +0.3424 | GradNorm: 0.3442 | MSE/t: [0.00-0.50]0.517(n=4830) [0.50-0.85]0.165(n=4373) [0.85-0.95]0.044(n=378) [0.95-1.00]0.037(n=19)
2026-05-03 10:22:37,037 - INFO - [cond] cfg_signal=0.0524 (min=0.0312 max=0.0765, n=16) | class_signal=0.0626 (min=0.0275 max=0.0842, n=16) | pred_rms=0.7533
2026-05-03 10:22:45,241 - INFO - [validation] saved: output/jit_B8_postfix_render256_20260503_024444/dit_validation/epoch_041_step_0055000_class029.png (class=29, sampler=heun, steps=100)
2026-05-03 10:22:46,492 - INFO - [overrides] applied from jit/configs/overrides.yaml: lr_scale=1.0 max_grad_norm=5.0 null_repel_weight=0.0 P_mean=0.0
2026-05-03 10:22:46,563 - INFO - [render-loss] step=55000 kept 28/48 samples (t_value >= 0.50)
2026-05-03 10:25:22,360 - INFO - Step   55200 | Epoch  41 | MSE: 0.3310 | Steps/sec: 1.21 | LR: 1.81e-04 | Render_L1: 0.0253 | Alpha_L1: 0.0333 | Render_LPIPS: 0.1498 | cos(c,null): +0.3465 | GradNorm: 0.3458 | MSE/t: [0.00-0.50]0.512(n=4736) [0.50-0.85]0.165(n=4446) [0.85-0.95]0.045(n=400) [0.95-1.00]0.036(n=18)
2026-05-03 10:25:22,433 - INFO - [render-loss] step=55200 kept 27/48 samples (t_value >= 0.50)
2026-05-03 10:27:56,477 - INFO - Step   55400 | Epoch  41 | MSE: 0.3366 | Steps/sec: 1.30 | LR: 1.80e-04 | Render_L1: 0.0252 | Alpha_L1: 0.0333 | Render_LPIPS: 0.1504 | cos(c,null): +0.3433 | GradNorm: 0.3555 | MSE/t: [0.00-0.50]0.517(n=4786) [0.50-0.85]0.167(n=4431) [0.85-0.95]0.043(n=364) [0.95-1.00]0.032(n=19)
2026-05-03 10:27:56,550 - INFO - [render-loss] step=55400 kept 24/48 samples (t_value >= 0.50)
2026-05-03 10:30:32,042 - INFO - Step   55600 | Epoch  41 | MSE: 0.3316 | Steps/sec: 1.29 | LR: 1.80e-04 | Render_L1: 0.0257 | Alpha_L1: 0.0334 | Render_LPIPS: 0.1511 | cos(c,null): +0.3446 | GradNorm: 0.3582 | MSE/t: [0.00-0.50]0.512(n=4714) [0.50-0.85]0.168(n=4470) [0.85-0.95]0.044(n=399) [0.95-1.00]0.039(n=17)
2026-05-03 10:30:32,117 - INFO - [render-loss] step=55600 kept 28/48 samples (t_value >= 0.50)
2026-05-03 10:33:08,487 - INFO - Step   55800 | Epoch  42 | MSE: 0.3332 | Steps/sec: 1.28 | LR: 1.80e-04 | Render_L1: 0.0254 | Alpha_L1: 0.0335 | Render_LPIPS: 0.1509 | cos(c,null): +0.3451 | GradNorm: 0.3551 | MSE/t: [0.00-0.50]0.516(n=4716) [0.50-0.85]0.167(n=4467) [0.85-0.95]0.044(n=399) [0.95-1.00]0.036(n=18)
2026-05-03 10:33:08,563 - INFO - [render-loss] step=55800 kept 30/48 samples (t_value >= 0.50)
2026-05-03 10:35:43,698 - INFO - Step   56000 | Epoch  42 | MSE: 0.3343 | Steps/sec: 1.29 | LR: 1.80e-04 | Render_L1: 0.0257 | Alpha_L1: 0.0336 | Render_LPIPS: 0.1522 | cos(c,null): +0.3451 | GradNorm: 0.3575 | MSE/t: [0.00-0.50]0.516(n=4744) [0.50-0.85]0.165(n=4497) [0.85-0.95]0.045(n=344) [0.95-1.00]0.038(n=15)
2026-05-03 10:35:43,912 - INFO - [cond] cfg_signal=0.0534 (min=0.0290 max=0.0787, n=16) | class_signal=0.0657 (min=0.0305 max=0.0869, n=16) | pred_rms=0.7538
2026-05-03 10:35:51,928 - INFO - [validation] saved: output/jit_B8_postfix_render256_20260503_024444/dit_validation/epoch_042_step_0056000_class090.png (class=90, sampler=heun, steps=100)
2026-05-03 10:35:53,143 - INFO - [overrides] applied from jit/configs/overrides.yaml: lr_scale=1.0 max_grad_norm=5.0 null_repel_weight=0.0 P_mean=0.0
2026-05-03 10:35:53,213 - INFO - [render-loss] step=56000 kept 24/48 samples (t_value >= 0.50)
2026-05-03 10:38:27,709 - INFO - Step   56200 | Epoch  42 | MSE: 0.3329 | Steps/sec: 1.22 | LR: 1.80e-04 | Render_L1: 0.0257 | Alpha_L1: 0.0340 | Render_LPIPS: 0.1517 | cos(c,null): +0.3449 | GradNorm: 0.3565 | MSE/t: [0.00-0.50]0.512(n=4755) [0.50-0.85]0.168(n=4426) [0.85-0.95]0.045(n=403) [0.95-1.00]0.038(n=16)
2026-05-03 10:38:27,784 - INFO - [render-loss] step=56200 kept 16/48 samples (t_value >= 0.50)
2026-05-03 10:41:01,481 - INFO - Step   56400 | Epoch  42 | MSE: 0.3377 | Steps/sec: 1.30 | LR: 1.80e-04 | Render_L1: 0.0255 | Alpha_L1: 0.0334 | Render_LPIPS: 0.1508 | cos(c,null): +0.3478 | GradNorm: 0.3531 | MSE/t: [0.00-0.50]0.511(n=4888) [0.50-0.85]0.169(n=4319) [0.85-0.95]0.044(n=377) [0.95-1.00]0.035(n=16)
2026-05-03 10:41:01,555 - INFO - [render-loss] step=56400 kept 25/48 samples (t_value >= 0.50)
2026-05-03 10:43:36,286 - INFO - Step   56600 | Epoch  42 | MSE: 0.3341 | Steps/sec: 1.29 | LR: 1.80e-04 | Render_L1: 0.0253 | Alpha_L1: 0.0335 | Render_LPIPS: 0.1495 | cos(c,null): +0.3465 | GradNorm: 0.3582 | MSE/t: [0.00-0.50]0.513(n=4770) [0.50-0.85]0.167(n=4446) [0.85-0.95]0.045(n=362) [0.95-1.00]0.033(n=22)
2026-05-03 10:43:36,361 - INFO - [render-loss] step=56600 kept 20/48 samples (t_value >= 0.50)
2026-05-03 10:46:09,724 - INFO - Step   56800 | Epoch  42 | MSE: 0.3381 | Steps/sec: 1.30 | LR: 1.79e-04 | Render_L1: 0.0260 | Alpha_L1: 0.0338 | Render_LPIPS: 0.1521 | cos(c,null): +0.3459 | GradNorm: 0.3737 | MSE/t: [0.00-0.50]0.513(n=4886) [0.50-0.85]0.167(n=4306) [0.85-0.95]0.045(n=396) [0.95-1.00]0.033(n=12)
2026-05-03 10:46:09,798 - INFO - [render-loss] step=56800 kept 22/48 samples (t_value >= 0.50)
2026-05-03 10:48:43,461 - INFO - Step   57000 | Epoch  43 | MSE: 0.3345 | Steps/sec: 1.30 | LR: 1.79e-04 | Render_L1: 0.0251 | Alpha_L1: 0.0334 | Render_LPIPS: 0.1484 | cos(c,null): +0.3466 | GradNorm: 0.3703 | MSE/t: [0.00-0.50]0.513(n=4759) [0.50-0.85]0.169(n=4476) [0.85-0.95]0.045(n=346) [0.95-1.00]0.039(n=19)
2026-05-03 10:48:43,672 - INFO - [cond] cfg_signal=0.0528 (min=0.0334 max=0.0742, n=16) | class_signal=0.0630 (min=0.0315 max=0.0855, n=16) | pred_rms=0.7525
2026-05-03 10:48:51,600 - INFO - [validation] saved: output/jit_B8_postfix_render256_20260503_024444/dit_validation/epoch_043_step_0057000_class029.png (class=29, sampler=heun, steps=100)
2026-05-03 10:48:52,821 - INFO - [overrides] applied from jit/configs/overrides.yaml: lr_scale=1.0 max_grad_norm=5.0 null_repel_weight=0.0 P_mean=0.0
2026-05-03 10:48:52,892 - INFO - [render-loss] step=57000 kept 28/48 samples (t_value >= 0.50)
2026-05-03 10:51:28,605 - INFO - Step   57200 | Epoch  43 | MSE: 0.3336 | Steps/sec: 1.21 | LR: 1.79e-04 | Render_L1: 0.0254 | Alpha_L1: 0.0333 | Render_LPIPS: 0.1507 | cos(c,null): +0.3480 | GradNorm: 0.3711 | MSE/t: [0.00-0.50]0.512(n=4767) [0.50-0.85]0.168(n=4407) [0.85-0.95]0.044(n=412) [0.95-1.00]0.034(n=14)
2026-05-03 10:51:28,679 - INFO - [render-loss] step=57200 kept 28/48 samples (t_value >= 0.50)
2026-05-03 10:54:03,203 - INFO - Step   57400 | Epoch  43 | MSE: 0.3360 | Steps/sec: 1.29 | LR: 1.79e-04 | Render_L1: 0.0258 | Alpha_L1: 0.0338 | Render_LPIPS: 0.1520 | cos(c,null): +0.3488 | GradNorm: 0.3622 | MSE/t: [0.00-0.50]0.517(n=4766) [0.50-0.85]0.167(n=4459) [0.85-0.95]0.045(n=349) [0.95-1.00]0.036(n=26)
2026-05-03 10:54:03,277 - INFO - [render-loss] step=57400 kept 25/48 samples (t_value >= 0.50)
2026-05-03 10:56:37,356 - INFO - Step   57600 | Epoch  43 | MSE: 0.3367 | Steps/sec: 1.30 | LR: 1.79e-04 | Render_L1: 0.0247 | Alpha_L1: 0.0328 | Render_LPIPS: 0.1470 | cos(c,null): +0.3467 | GradNorm: 0.3619 | MSE/t: [0.00-0.50]0.515(n=4796) [0.50-0.85]0.169(n=4414) [0.85-0.95]0.045(n=379) [0.95-1.00]0.036(n=11)
2026-05-03 10:56:37,431 - INFO - [render-loss] step=57600 kept 29/48 samples (t_value >= 0.50)
2026-05-03 10:59:12,535 - INFO - Step   57800 | Epoch  43 | MSE: 0.3355 | Steps/sec: 1.29 | LR: 1.79e-04 | Render_L1: 0.0255 | Alpha_L1: 0.0334 | Render_LPIPS: 0.1513 | cos(c,null): +0.3463 | GradNorm: 0.3723 | MSE/t: [0.00-0.50]0.516(n=4764) [0.50-0.85]0.168(n=4448) [0.85-0.95]0.046(n=371) [0.95-1.00]0.039(n=17)
2026-05-03 10:59:12,611 - INFO - [render-loss] step=57800 kept 23/48 samples (t_value >= 0.50)
2026-05-03 11:01:47,101 - INFO - Step   58000 | Epoch  43 | MSE: 0.3382 | Steps/sec: 1.29 | LR: 1.79e-04 | Render_L1: 0.0255 | Alpha_L1: 0.0335 | Render_LPIPS: 0.1507 | cos(c,null): +0.3498 | GradNorm: 0.3685 | MSE/t: [0.00-0.50]0.517(n=4826) [0.50-0.85]0.167(n=4391) [0.85-0.95]0.046(n=367) [0.95-1.00]0.038(n=16)
2026-05-03 11:01:47,317 - INFO - [cond] cfg_signal=0.0580 (min=0.0344 max=0.0863, n=16) | class_signal=0.0677 (min=0.0416 max=0.0911, n=16) | pred_rms=0.7561
2026-05-03 11:01:55,364 - INFO - [validation] saved: output/jit_B8_postfix_render256_20260503_024444/dit_validation/epoch_043_step_0058000_class005.png (class=5, sampler=heun, steps=100)
2026-05-03 11:01:57,006 - INFO - [overrides] applied from jit/configs/overrides.yaml: lr_scale=1.0 max_grad_norm=5.0 null_repel_weight=0.0 P_mean=0.0
2026-05-03 11:01:57,077 - INFO - [render-loss] step=58000 kept 19/48 samples (t_value >= 0.50)
2026-05-03 11:04:32,877 - INFO - Step   58200 | Epoch  43 | MSE: 0.3358 | Steps/sec: 1.21 | LR: 1.78e-04 | Render_L1: 0.0254 | Alpha_L1: 0.0336 | Render_LPIPS: 0.1497 | cos(c,null): +0.3509 | GradNorm: 0.3876 | MSE/t: [0.00-0.50]0.512(n=4802) [0.50-0.85]0.169(n=4396) [0.85-0.95]0.047(n=395) [0.95-1.00]0.038(n=7)
2026-05-03 11:04:32,951 - INFO - [render-loss] step=58200 kept 19/48 samples (t_value >= 0.50)
2026-05-03 11:07:07,815 - INFO - Step   58400 | Epoch  44 | MSE: 0.3384 | Steps/sec: 1.29 | LR: 1.78e-04 | Render_L1: 0.0252 | Alpha_L1: 0.0330 | Render_LPIPS: 0.1497 | cos(c,null): +0.3525 | GradNorm: 0.3773 | MSE/t: [0.00-0.50]0.514(n=4848) [0.50-0.85]0.170(n=4351) [0.85-0.95]0.047(n=382) [0.95-1.00]0.034(n=19)
2026-05-03 11:07:07,892 - INFO - [render-loss] step=58400 kept 19/48 samples (t_value >= 0.50)
2026-05-03 11:09:42,885 - INFO - Step   58600 | Epoch  44 | MSE: 0.3366 | Steps/sec: 1.29 | LR: 1.78e-04 | Render_L1: 0.0254 | Alpha_L1: 0.0330 | Render_LPIPS: 0.1492 | cos(c,null): +0.3518 | GradNorm: 0.3816 | MSE/t: [0.00-0.50]0.513(n=4811) [0.50-0.85]0.169(n=4398) [0.85-0.95]0.047(n=375) [0.95-1.00]0.038(n=16)
2026-05-03 11:09:42,959 - INFO - [render-loss] step=58600 kept 25/48 samples (t_value >= 0.50)
2026-05-03 11:12:17,937 - INFO - Step   58800 | Epoch  44 | MSE: 0.3325 | Steps/sec: 1.29 | LR: 1.78e-04 | Render_L1: 0.0260 | Alpha_L1: 0.0331 | Render_LPIPS: 0.1514 | cos(c,null): +0.3528 | GradNorm: 0.3821 | MSE/t: [0.00-0.50]0.510(n=4749) [0.50-0.85]0.169(n=4444) [0.85-0.95]0.045(n=393) [0.95-1.00]0.039(n=14)
2026-05-03 11:12:18,011 - INFO - [render-loss] step=58800 kept 18/48 samples (t_value >= 0.50)
2026-05-03 11:14:52,598 - INFO - Step   59000 | Epoch  44 | MSE: 0.3372 | Steps/sec: 1.29 | LR: 1.78e-04 | Render_L1: 0.0254 | Alpha_L1: 0.0328 | Render_LPIPS: 0.1509 | cos(c,null): +0.3519 | GradNorm: 0.3869 | MSE/t: [0.00-0.50]0.516(n=4782) [0.50-0.85]0.170(n=4436) [0.85-0.95]0.045(n=369) [0.95-1.00]0.037(n=13)
2026-05-03 11:14:52,813 - INFO - [cond] cfg_signal=0.0569 (min=0.0335 max=0.0807, n=16) | class_signal=0.0673 (min=0.0371 max=0.0863, n=16) | pred_rms=0.7585
2026-05-03 11:15:00,765 - INFO - [validation] saved: output/jit_B8_postfix_render256_20260503_024444/dit_validation/epoch_044_step_0059000_class032.png (class=32, sampler=heun, steps=100)
2026-05-03 11:15:02,014 - INFO - [overrides] applied from jit/configs/overrides.yaml: lr_scale=1.0 max_grad_norm=5.0 null_repel_weight=0.0 P_mean=0.0
2026-05-03 11:15:02,084 - INFO - [render-loss] step=59000 kept 20/48 samples (t_value >= 0.50)
2026-05-03 11:17:37,077 - INFO - Step   59200 | Epoch  44 | MSE: 0.3338 | Steps/sec: 1.22 | LR: 1.78e-04 | Render_L1: 0.0254 | Alpha_L1: 0.0331 | Render_LPIPS: 0.1503 | cos(c,null): +0.3534 | GradNorm: 0.3787 | MSE/t: [0.00-0.50]0.511(n=4757) [0.50-0.85]0.170(n=4460) [0.85-0.95]0.045(n=368) [0.95-1.00]0.041(n=15)
2026-05-03 11:17:37,153 - INFO - [render-loss] step=59200 kept 22/48 samples (t_value >= 0.50)
2026-05-03 11:20:11,690 - INFO - Step   59400 | Epoch  44 | MSE: 0.3378 | Steps/sec: 1.29 | LR: 1.78e-04 | Render_L1: 0.0255 | Alpha_L1: 0.0334 | Render_LPIPS: 0.1499 | cos(c,null): +0.3532 | GradNorm: 0.3737 | MSE/t: [0.00-0.50]0.514(n=4854) [0.50-0.85]0.168(n=4347) [0.85-0.95]0.047(n=380) [0.95-1.00]0.035(n=19)
2026-05-03 11:20:11,767 - INFO - [render-loss] step=59400 kept 25/48 samples (t_value >= 0.50)
2026-05-03 11:22:47,219 - INFO - Step   59600 | Epoch  44 | MSE: 0.3361 | Steps/sec: 1.29 | LR: 1.77e-04 | Render_L1: 0.0255 | Alpha_L1: 0.0326 | Render_LPIPS: 0.1495 | cos(c,null): +0.3550 | GradNorm: 0.3850 | MSE/t: [0.00-0.50]0.515(n=4781) [0.50-0.85]0.169(n=4402) [0.85-0.95]0.047(n=394) [0.95-1.00]0.037(n=23)
2026-05-03 11:22:47,452 - INFO - [render-loss] step=59600 kept 26/48 samples (t_value >= 0.50)
2026-05-03 11:25:23,228 - INFO - Step   59800 | Epoch  45 | MSE: 0.3348 | Steps/sec: 1.28 | LR: 1.77e-04 | Render_L1: 0.0251 | Alpha_L1: 0.0322 | Render_LPIPS: 0.1478 | cos(c,null): +0.3561 | GradNorm: 0.3735 | MSE/t: [0.00-0.50]0.515(n=4737) [0.50-0.85]0.170(n=4444) [0.85-0.95]0.047(n=399) [0.95-1.00]0.038(n=20)
2026-05-03 11:25:23,305 - INFO - [render-loss] step=59800 kept 25/48 samples (t_value >= 0.50)
2026-05-03 11:27:57,225 - INFO - Step   60000 | Epoch  45 | MSE: 0.3356 | Steps/sec: 1.30 | LR: 1.77e-04 | Render_L1: 0.0251 | Alpha_L1: 0.0326 | Render_LPIPS: 0.1494 | cos(c,null): +0.3563 | GradNorm: 0.3928 | MSE/t: [0.00-0.50]0.512(n=4820) [0.50-0.85]0.169(n=4349) [0.85-0.95]0.046(n=417) [0.95-1.00]0.038(n=14)
2026-05-03 11:27:57,439 - INFO - [cond] cfg_signal=0.0612 (min=0.0329 max=0.1010, n=16) | class_signal=0.0692 (min=0.0367 max=0.0904, n=16) | pred_rms=0.7545
2026-05-03 11:27:59,186 - INFO - Saved checkpoint to output/jit_B8_postfix_render256_20260503_024444/0060000.pt
2026-05-03 11:27:59,393 - INFO - [cond] cfg_signal=0.0612 (min=0.0329 max=0.1010, n=16) | class_signal=0.0692 (min=0.0367 max=0.0904, n=16) | pred_rms=0.7545
2026-05-03 11:28:07,368 - INFO - [validation] saved: output/jit_B8_postfix_render256_20260503_024444/dit_validation/epoch_045_step_0060000_class048.png (class=48, sampler=heun, steps=100)
2026-05-03 11:28:09,058 - INFO - [overrides] applied from jit/configs/overrides.yaml: lr_scale=1.0 max_grad_norm=5.0 null_repel_weight=0.0 P_mean=0.0
2026-05-03 11:28:09,128 - INFO - [render-loss] step=60000 kept 18/48 samples (t_value >= 0.50)
2026-05-03 11:30:44,437 - INFO - Step   60200 | Epoch  45 | MSE: 0.3368 | Steps/sec: 1.20 | LR: 1.77e-04 | Render_L1: 0.0252 | Alpha_L1: 0.0330 | Render_LPIPS: 0.1483 | cos(c,null): +0.3580 | GradNorm: 0.3938 | MSE/t: [0.00-0.50]0.513(n=4837) [0.50-0.85]0.168(n=4343) [0.85-0.95]0.048(n=402) [0.95-1.00]0.039(n=18)
2026-05-03 11:30:44,511 - INFO - [render-loss] step=60200 kept 27/48 samples (t_value >= 0.50)
2026-05-03 11:33:19,474 - INFO - Step   60400 | Epoch  45 | MSE: 0.3369 | Steps/sec: 1.29 | LR: 1.77e-04 | Render_L1: 0.0248 | Alpha_L1: 0.0323 | Render_LPIPS: 0.1466 | cos(c,null): +0.3580 | GradNorm: 0.3837 | MSE/t: [0.00-0.50]0.513(n=4815) [0.50-0.85]0.170(n=4389) [0.85-0.95]0.047(n=374) [0.95-1.00]0.036(n=22)
2026-05-03 11:33:19,549 - INFO - [render-loss] step=60400 kept 25/48 samples (t_value >= 0.50)
2026-05-03 11:35:53,978 - INFO - Step   60600 | Epoch  45 | MSE: 0.3377 | Steps/sec: 1.29 | LR: 1.77e-04 | Render_L1: 0.0250 | Alpha_L1: 0.0327 | Render_LPIPS: 0.1474 | cos(c,null): +0.3570 | GradNorm: 0.3917 | MSE/t: [0.00-0.50]0.511(n=4853) [0.50-0.85]0.170(n=4370) [0.85-0.95]0.047(n=360) [0.95-1.00]0.033(n=17)
2026-05-03 11:35:54,052 - INFO - [render-loss] step=60600 kept 24/48 samples (t_value >= 0.50)
2026-05-03 11:38:28,775 - INFO - Step   60800 | Epoch  45 | MSE: 0.3370 | Steps/sec: 1.29 | LR: 1.76e-04 | Render_L1: 0.0253 | Alpha_L1: 0.0329 | Render_LPIPS: 0.1490 | cos(c,null): +0.3590 | GradNorm: 0.3869 | MSE/t: [0.00-0.50]0.513(n=4824) [0.50-0.85]0.170(n=4392) [0.85-0.95]0.046(n=365) [0.95-1.00]0.036(n=19)
2026-05-03 11:38:28,852 - INFO - [render-loss] step=60800 kept 22/48 samples (t_value >= 0.50)
2026-05-03 11:41:03,824 - INFO - Step   61000 | Epoch  46 | MSE: 0.3354 | Steps/sec: 1.29 | LR: 1.76e-04 | Render_L1: 0.0246 | Alpha_L1: 0.0321 | Render_LPIPS: 0.1456 | cos(c,null): +0.3596 | GradNorm: 0.3858 | MSE/t: [0.00-0.50]0.513(n=4783) [0.50-0.85]0.170(n=4406) [0.85-0.95]0.047(n=397) [0.95-1.00]0.035(n=14)
2026-05-03 11:41:04,039 - INFO - [cond] cfg_signal=0.0599 (min=0.0359 max=0.0926, n=16) | class_signal=0.0707 (min=0.0361 max=0.0963, n=16) | pred_rms=0.7686
2026-05-03 11:41:12,037 - INFO - [validation] saved: output/jit_B8_postfix_render256_20260503_024444/dit_validation/epoch_046_step_0061000_class048.png (class=48, sampler=heun, steps=100)
2026-05-03 11:41:13,301 - INFO - [overrides] applied from jit/configs/overrides.yaml: lr_scale=1.0 max_grad_norm=5.0 null_repel_weight=0.0 P_mean=0.0
2026-05-03 11:41:13,373 - INFO - [render-loss] step=61000 kept 20/48 samples (t_value >= 0.50)
2026-05-03 11:43:47,923 - INFO - Step   61200 | Epoch  46 | MSE: 0.3361 | Steps/sec: 1.22 | LR: 1.76e-04 | Render_L1: 0.0256 | Alpha_L1: 0.0328 | Render_LPIPS: 0.1490 | cos(c,null): +0.3606 | GradNorm: 0.3875 | MSE/t: [0.00-0.50]0.512(n=4838) [0.50-0.85]0.167(n=4373) [0.85-0.95]0.048(n=370) [0.95-1.00]0.034(n=19)
2026-05-03 11:43:47,997 - INFO - [render-loss] step=61200 kept 22/48 samples (t_value >= 0.50)
2026-05-03 11:46:22,841 - INFO - Step   61400 | Epoch  46 | MSE: 0.3344 | Steps/sec: 1.29 | LR: 1.76e-04 | Render_L1: 0.0252 | Alpha_L1: 0.0328 | Render_LPIPS: 0.1475 | cos(c,null): +0.3597 | GradNorm: 0.3927 | MSE/t: [0.00-0.50]0.512(n=4811) [0.50-0.85]0.167(n=4380) [0.85-0.95]0.048(n=392) [0.95-1.00]0.036(n=17)
2026-05-03 11:46:22,918 - INFO - [render-loss] step=61400 kept 20/48 samples (t_value >= 0.50)
2026-05-03 11:48:57,532 - INFO - Step   61600 | Epoch  46 | MSE: 0.3366 | Steps/sec: 1.29 | LR: 1.76e-04 | Render_L1: 0.0251 | Alpha_L1: 0.0327 | Render_LPIPS: 0.1473 | cos(c,null): +0.3592 | GradNorm: 0.3771 | MSE/t: [0.00-0.50]0.511(n=4827) [0.50-0.85]0.170(n=4391) [0.85-0.95]0.047(n=367) [0.95-1.00]0.039(n=15)
2026-05-03 11:48:57,606 - INFO - [render-loss] step=61600 kept 24/48 samples (t_value >= 0.50)
2026-05-03 11:51:32,052 - INFO - Step   61800 | Epoch  46 | MSE: 0.3364 | Steps/sec: 1.29 | LR: 1.76e-04 | Render_L1: 0.0248 | Alpha_L1: 0.0325 | Render_LPIPS: 0.1469 | cos(c,null): +0.3605 | GradNorm: 0.3845 | MSE/t: [0.00-0.50]0.513(n=4809) [0.50-0.85]0.170(n=4384) [0.85-0.95]0.047(n=389) [0.95-1.00]0.035(n=18)
2026-05-03 11:51:32,128 - INFO - [render-loss] step=61800 kept 26/48 samples (t_value >= 0.50)
2026-05-03 11:54:06,636 - INFO - Step   62000 | Epoch  46 | MSE: 0.3363 | Steps/sec: 1.29 | LR: 1.76e-04 | Render_L1: 0.0252 | Alpha_L1: 0.0328 | Render_LPIPS: 0.1480 | cos(c,null): +0.3605 | GradNorm: 0.3862 | MSE/t: [0.00-0.50]0.515(n=4789) [0.50-0.85]0.169(n=4392) [0.85-0.95]0.048(n=406) [0.95-1.00]0.036(n=13)
2026-05-03 11:54:06,850 - INFO - [cond] cfg_signal=0.0597 (min=0.0357 max=0.0869, n=16) | class_signal=0.0700 (min=0.0392 max=0.0929, n=16) | pred_rms=0.7586
2026-05-03 11:54:14,836 - INFO - [validation] saved: output/jit_B8_postfix_render256_20260503_024444/dit_validation/epoch_046_step_0062000_class093.png (class=93, sampler=heun, steps=100)
2026-05-03 11:54:15,958 - INFO - [overrides] applied from jit/configs/overrides.yaml: lr_scale=1.0 max_grad_norm=5.0 null_repel_weight=0.0 P_mean=0.0
2026-05-03 11:54:16,029 - INFO - [render-loss] step=62000 kept 31/48 samples (t_value >= 0.50)
2026-05-03 11:56:52,120 - INFO - Step   62200 | Epoch  46 | MSE: 0.3353 | Steps/sec: 1.21 | LR: 1.75e-04 | Render_L1: 0.0250 | Alpha_L1: 0.0325 | Render_LPIPS: 0.1484 | cos(c,null): +0.3631 | GradNorm: 0.3732 | MSE/t: [0.00-0.50]0.514(n=4767) [0.50-0.85]0.170(n=4414) [0.85-0.95]0.049(n=401) [0.95-1.00]0.034(n=18)
2026-05-03 11:56:52,196 - INFO - [render-loss] step=62200 kept 30/48 samples (t_value >= 0.50)
2026-05-03 11:59:28,595 - INFO - Step   62400 | Epoch  47 | MSE: 0.3353 | Steps/sec: 1.28 | LR: 1.75e-04 | Render_L1: 0.0249 | Alpha_L1: 0.0324 | Render_LPIPS: 0.1464 | cos(c,null): +0.3638 | GradNorm: 0.3781 | MSE/t: [0.00-0.50]0.512(n=4789) [0.50-0.85]0.169(n=4435) [0.85-0.95]0.047(n=360) [0.95-1.00]0.034(n=16)
2026-05-03 11:59:28,669 - INFO - [render-loss] step=62400 kept 30/48 samples (t_value >= 0.50)
2026-05-03 12:02:03,756 - INFO - Step   62600 | Epoch  47 | MSE: 0.3370 | Steps/sec: 1.29 | LR: 1.75e-04 | Render_L1: 0.0249 | Alpha_L1: 0.0319 | Render_LPIPS: 0.1468 | cos(c,null): +0.3645 | GradNorm: 0.3909 | MSE/t: [0.00-0.50]0.512(n=4826) [0.50-0.85]0.170(n=4384) [0.85-0.95]0.046(n=370) [0.95-1.00]0.034(n=20)
2026-05-03 12:02:03,830 - INFO - [render-loss] step=62600 kept 26/48 samples (t_value >= 0.50)
2026-05-03 12:04:38,754 - INFO - Step   62800 | Epoch  47 | MSE: 0.3352 | Steps/sec: 1.29 | LR: 1.75e-04 | Render_L1: 0.0251 | Alpha_L1: 0.0326 | Render_LPIPS: 0.1487 | cos(c,null): +0.3639 | GradNorm: 0.3793 | MSE/t: [0.00-0.50]0.512(n=4802) [0.50-0.85]0.168(n=4412) [0.85-0.95]0.048(n=371) [0.95-1.00]0.041(n=15)
2026-05-03 12:04:38,831 - INFO - [render-loss] step=62800 kept 21/48 samples (t_value >= 0.50)
2026-05-03 12:07:12,785 - INFO - Step   63000 | Epoch  47 | MSE: 0.3350 | Steps/sec: 1.30 | LR: 1.75e-04 | Render_L1: 0.0252 | Alpha_L1: 0.0325 | Render_LPIPS: 0.1477 | cos(c,null): +0.3629 | GradNorm: 0.3861 | MSE/t: [0.00-0.50]0.514(n=4784) [0.50-0.85]0.167(n=4416) [0.85-0.95]0.048(n=384) [0.95-1.00]0.035(n=16)
2026-05-03 12:07:12,993 - INFO - [cond] cfg_signal=0.0622 (min=0.0385 max=0.0979, n=16) | class_signal=0.0685 (min=0.0368 max=0.0971, n=16) | pred_rms=0.7539
2026-05-03 12:07:20,996 - INFO - [validation] saved: output/jit_B8_postfix_render256_20260503_024444/dit_validation/epoch_047_step_0063000_class055.png (class=55, sampler=heun, steps=100)
2026-05-03 12:07:22,125 - INFO - [overrides] applied from jit/configs/overrides.yaml: lr_scale=1.0 max_grad_norm=5.0 null_repel_weight=0.0 P_mean=0.0
2026-05-03 12:07:22,195 - INFO - [render-loss] step=63000 kept 24/48 samples (t_value >= 0.50)
2026-05-03 12:09:56,764 - INFO - Step   63200 | Epoch  47 | MSE: 0.3375 | Steps/sec: 1.22 | LR: 1.75e-04 | Render_L1: 0.0250 | Alpha_L1: 0.0322 | Render_LPIPS: 0.1466 | cos(c,null): +0.3635 | GradNorm: 0.3871 | MSE/t: [0.00-0.50]0.514(n=4801) [0.50-0.85]0.172(n=4372) [0.85-0.95]0.047(n=415) [0.95-1.00]0.032(n=12)
2026-05-03 12:09:56,837 - INFO - [render-loss] step=63200 kept 28/48 samples (t_value >= 0.50)
2026-05-03 12:12:30,789 - INFO - Step   63400 | Epoch  47 | MSE: 0.3379 | Steps/sec: 1.30 | LR: 1.75e-04 | Render_L1: 0.0251 | Alpha_L1: 0.0327 | Render_LPIPS: 0.1473 | cos(c,null): +0.3613 | GradNorm: 0.3827 | MSE/t: [0.00-0.50]0.512(n=4856) [0.50-0.85]0.170(n=4346) [0.85-0.95]0.047(n=380) [0.95-1.00]0.040(n=18)
2026-05-03 12:12:30,866 - INFO - [render-loss] step=63400 kept 30/48 samples (t_value >= 0.50)
2026-05-03 12:15:06,118 - INFO - Step   63600 | Epoch  48 | MSE: 0.3378 | Steps/sec: 1.29 | LR: 1.74e-04 | Render_L1: 0.0253 | Alpha_L1: 0.0325 | Render_LPIPS: 0.1480 | cos(c,null): +0.3623 | GradNorm: 0.3829 | MSE/t: [0.00-0.50]0.512(n=4841) [0.50-0.85]0.171(n=4383) [0.85-0.95]0.047(n=358) [0.95-1.00]0.037(n=18)
2026-05-03 12:15:06,194 - INFO - [render-loss] step=63600 kept 24/48 samples (t_value >= 0.50)
2026-05-03 12:17:41,262 - INFO - Step   63800 | Epoch  48 | MSE: 0.3349 | Steps/sec: 1.29 | LR: 1.74e-04 | Render_L1: 0.0245 | Alpha_L1: 0.0318 | Render_LPIPS: 0.1454 | cos(c,null): +0.3637 | GradNorm: 0.3808 | MSE/t: [0.00-0.50]0.512(n=4805) [0.50-0.85]0.167(n=4406) [0.85-0.95]0.047(n=372) [0.95-1.00]0.034(n=17)
2026-05-03 12:17:41,336 - INFO - [render-loss] step=63800 kept 20/48 samples (t_value >= 0.50)
2026-05-03 12:20:16,492 - INFO - Step   64000 | Epoch  48 | MSE: 0.3325 | Steps/sec: 1.29 | LR: 1.74e-04 | Render_L1: 0.0246 | Alpha_L1: 0.0318 | Render_LPIPS: 0.1457 | cos(c,null): +0.3634 | GradNorm: 0.3778 | MSE/t: [0.00-0.50]0.510(n=4754) [0.50-0.85]0.169(n=4422) [0.85-0.95]0.046(n=403) [0.95-1.00]0.036(n=21)
2026-05-03 12:20:16,708 - INFO - [cond] cfg_signal=0.0585 (min=0.0352 max=0.0877, n=16) | class_signal=0.0656 (min=0.0349 max=0.0923, n=16) | pred_rms=0.7768
2026-05-03 12:20:24,723 - INFO - [validation] saved: output/jit_B8_postfix_render256_20260503_024444/dit_validation/epoch_048_step_0064000_class045.png (class=45, sampler=heun, steps=100)
2026-05-03 12:20:25,845 - INFO - [overrides] applied from jit/configs/overrides.yaml: lr_scale=1.0 max_grad_norm=5.0 null_repel_weight=0.0 P_mean=0.0
2026-05-03 12:20:25,915 - INFO - [render-loss] step=64000 kept 24/48 samples (t_value >= 0.50)
2026-05-03 12:23:00,664 - INFO - Step   64200 | Epoch  48 | MSE: 0.3364 | Steps/sec: 1.22 | LR: 1.74e-04 | Render_L1: 0.0256 | Alpha_L1: 0.0330 | Render_LPIPS: 0.1499 | cos(c,null): +0.3645 | GradNorm: 0.3881 | MSE/t: [0.00-0.50]0.514(n=4791) [0.50-0.85]0.169(n=4444) [0.85-0.95]0.048(n=344) [0.95-1.00]0.038(n=21)
2026-05-03 12:23:00,738 - INFO - [render-loss] step=64200 kept 24/48 samples (t_value >= 0.50)
2026-05-03 12:25:35,664 - INFO - Step   64400 | Epoch  48 | MSE: 0.3365 | Steps/sec: 1.29 | LR: 1.74e-04 | Render_L1: 0.0245 | Alpha_L1: 0.0315 | Render_LPIPS: 0.1448 | cos(c,null): +0.3655 | GradNorm: 0.3720 | MSE/t: [0.00-0.50]0.514(n=4778) [0.50-0.85]0.171(n=4416) [0.85-0.95]0.046(n=392) [0.95-1.00]0.036(n=14)
2026-05-03 12:25:35,741 - INFO - [render-loss] step=64400 kept 24/48 samples (t_value >= 0.50)
2026-05-03 12:28:10,419 - INFO - Step   64600 | Epoch  48 | MSE: 0.3375 | Steps/sec: 1.29 | LR: 1.74e-04 | Render_L1: 0.0246 | Alpha_L1: 0.0320 | Render_LPIPS: 0.1455 | cos(c,null): +0.3681 | GradNorm: 0.3813 | MSE/t: [0.00-0.50]0.515(n=4827) [0.50-0.85]0.169(n=4365) [0.85-0.95]0.047(n=388) [0.95-1.00]0.036(n=20)
2026-05-03 12:28:10,492 - INFO - [render-loss] step=64600 kept 22/48 samples (t_value >= 0.50)
2026-05-03 12:30:44,748 - INFO - Step   64800 | Epoch  48 | MSE: 0.3435 | Steps/sec: 1.30 | LR: 1.73e-04 | Render_L1: 0.0248 | Alpha_L1: 0.0323 | Render_LPIPS: 0.1459 | cos(c,null): +0.3693 | GradNorm: 0.3687 | MSE/t: [0.00-0.50]0.517(n=4938) [0.50-0.85]0.169(n=4292) [0.85-0.95]0.047(n=359) [0.95-1.00]0.038(n=11)
2026-05-03 12:30:44,822 - INFO - [render-loss] step=64800 kept 23/48 samples (t_value >= 0.50)
2026-05-03 12:33:19,165 - INFO - Step   65000 | Epoch  49 | MSE: 0.3337 | Steps/sec: 1.30 | LR: 1.73e-04 | Render_L1: 0.0249 | Alpha_L1: 0.0320 | Render_LPIPS: 0.1470 | cos(c,null): +0.3728 | GradNorm: 0.3855 | MSE/t: [0.00-0.50]0.509(n=4815) [0.50-0.85]0.168(n=4367) [0.85-0.95]0.047(n=403) [0.95-1.00]0.033(n=15)
2026-05-03 12:33:19,378 - INFO - [cond] cfg_signal=0.0602 (min=0.0371 max=0.0954, n=16) | class_signal=0.0668 (min=0.0341 max=0.0846, n=16) | pred_rms=0.7678
2026-05-03 12:33:27,309 - INFO - [validation] saved: output/jit_B8_postfix_render256_20260503_024444/dit_validation/epoch_049_step_0065000_class013.png (class=13, sampler=heun, steps=100)
2026-05-03 12:33:28,436 - INFO - [overrides] applied from jit/configs/overrides.yaml: lr_scale=1.0 max_grad_norm=5.0 null_repel_weight=0.0 P_mean=0.0
2026-05-03 12:33:28,507 - INFO - [render-loss] step=65000 kept 19/48 samples (t_value >= 0.50)
2026-05-03 12:36:02,856 - INFO - Step   65200 | Epoch  49 | MSE: 0.3402 | Steps/sec: 1.22 | LR: 1.73e-04 | Render_L1: 0.0248 | Alpha_L1: 0.0325 | Render_LPIPS: 0.1460 | cos(c,null): +0.3708 | GradNorm: 0.3836 | MSE/t: [0.00-0.50]0.515(n=4888) [0.50-0.85]0.168(n=4328) [0.85-0.95]0.047(n=377) [0.95-1.00]0.036(n=7)
2026-05-03 12:36:02,930 - INFO - [render-loss] step=65200 kept 20/48 samples (t_value >= 0.50)
2026-05-03 12:38:38,197 - INFO - Step   65400 | Epoch  49 | MSE: 0.3343 | Steps/sec: 1.29 | LR: 1.73e-04 | Render_L1: 0.0246 | Alpha_L1: 0.0318 | Render_LPIPS: 0.1445 | cos(c,null): +0.3674 | GradNorm: 0.3770 | MSE/t: [0.00-0.50]0.512(n=4735) [0.50-0.85]0.171(n=4519) [0.85-0.95]0.047(n=333) [0.95-1.00]0.040(n=13)
2026-05-03 12:38:38,272 - INFO - [render-loss] step=65400 kept 23/48 samples (t_value >= 0.50)
2026-05-03 12:41:13,245 - INFO - Step   65600 | Epoch  49 | MSE: 0.3385 | Steps/sec: 1.29 | LR: 1.73e-04 | Render_L1: 0.0253 | Alpha_L1: 0.0326 | Render_LPIPS: 0.1468 | cos(c,null): +0.3690 | GradNorm: 0.3948 | MSE/t: [0.00-0.50]0.515(n=4814) [0.50-0.85]0.172(n=4340) [0.85-0.95]0.047(n=426) [0.95-1.00]0.045(n=20)
2026-05-03 12:41:13,319 - INFO - [render-loss] step=65600 kept 20/48 samples (t_value >= 0.50)
2026-05-03 12:43:47,189 - INFO - Step   65800 | Epoch  49 | MSE: 0.3344 | Steps/sec: 1.30 | LR: 1.73e-04 | Render_L1: 0.0246 | Alpha_L1: 0.0317 | Render_LPIPS: 0.1450 | cos(c,null): +0.3693 | GradNorm: 0.3831 | MSE/t: [0.00-0.50]0.514(n=4750) [0.50-0.85]0.168(n=4459) [0.85-0.95]0.048(n=376) [0.95-1.00]0.042(n=15)
2026-05-03 12:43:47,263 - INFO - [render-loss] step=65800 kept 24/48 samples (t_value >= 0.50)
2026-05-03 12:46:21,681 - INFO - Step   66000 | Epoch  49 | MSE: 0.3391 | Steps/sec: 1.29 | LR: 1.72e-04 | Render_L1: 0.0248 | Alpha_L1: 0.0315 | Render_LPIPS: 0.1464 | cos(c,null): +0.3693 | GradNorm: 0.3962 | MSE/t: [0.00-0.50]0.513(n=4859) [0.50-0.85]0.171(n=4338) [0.85-0.95]0.046(n=395) [0.95-1.00]0.037(n=8)
2026-05-03 12:46:21,894 - INFO - [cond] cfg_signal=0.0631 (min=0.0376 max=0.0951, n=16) | class_signal=0.0700 (min=0.0362 max=0.1000, n=16) | pred_rms=0.7685
2026-05-03 12:46:29,889 - INFO - [validation] saved: output/jit_B8_postfix_render256_20260503_024444/dit_validation/epoch_049_step_0066000_class099.png (class=99, sampler=heun, steps=100)
2026-05-03 12:46:31,018 - INFO - [overrides] applied from jit/configs/overrides.yaml: lr_scale=1.0 max_grad_norm=5.0 null_repel_weight=0.0 P_mean=0.0
2026-05-03 12:46:31,088 - INFO - [render-loss] step=66000 kept 24/48 samples (t_value >= 0.50)
2026-05-03 12:49:07,889 - INFO - Step   66200 | Epoch  49 | MSE: 0.3314 | Steps/sec: 1.20 | LR: 1.72e-04 | Render_L1: 0.0247 | Alpha_L1: 0.0317 | Render_LPIPS: 0.1454 | cos(c,null): +0.3702 | GradNorm: 0.3782 | MSE/t: [0.00-0.50]0.513(n=4678) [0.50-0.85]0.168(n=4539) [0.85-0.95]0.047(n=366) [0.95-1.00]0.040(n=17)
2026-05-03 12:49:08,121 - INFO - [render-loss] step=66200 kept 24/48 samples (t_value >= 0.50)
2026-05-03 12:51:43,472 - INFO - Step   66400 | Epoch  50 | MSE: 0.3354 | Steps/sec: 1.29 | LR: 1.72e-04 | Render_L1: 0.0247 | Alpha_L1: 0.0320 | Render_LPIPS: 0.1448 | cos(c,null): +0.3688 | GradNorm: 0.3830 | MSE/t: [0.00-0.50]0.515(n=4758) [0.50-0.85]0.168(n=4468) [0.85-0.95]0.048(n=362) [0.95-1.00]0.035(n=12)
2026-05-03 12:51:43,546 - INFO - [render-loss] step=66400 kept 23/48 samples (t_value >= 0.50)
2026-05-03 12:54:18,729 - INFO - Step   66600 | Epoch  50 | MSE: 0.3336 | Steps/sec: 1.29 | LR: 1.72e-04 | Render_L1: 0.0249 | Alpha_L1: 0.0316 | Render_LPIPS: 0.1458 | cos(c,null): +0.3715 | GradNorm: 0.3771 | MSE/t: [0.00-0.50]0.510(n=4783) [0.50-0.85]0.169(n=4389) [0.85-0.95]0.048(n=413) [0.95-1.00]0.047(n=15)
2026-05-03 12:54:18,804 - INFO - [render-loss] step=66600 kept 28/48 samples (t_value >= 0.50)
2026-05-03 12:56:54,018 - INFO - Step   66800 | Epoch  50 | MSE: 0.3386 | Steps/sec: 1.29 | LR: 1.72e-04 | Render_L1: 0.0252 | Alpha_L1: 0.0321 | Render_LPIPS: 0.1465 | cos(c,null): +0.3700 | GradNorm: 0.3915 | MSE/t: [0.00-0.50]0.517(n=4795) [0.50-0.85]0.170(n=4436) [0.85-0.95]0.047(n=359) [0.95-1.00]0.033(n=10)
2026-05-03 12:56:54,092 - INFO - [render-loss] step=66800 kept 26/48 samples (t_value >= 0.50)
2026-05-03 12:59:28,876 - INFO - Step   67000 | Epoch  50 | MSE: 0.3341 | Steps/sec: 1.29 | LR: 1.72e-04 | Render_L1: 0.0249 | Alpha_L1: 0.0318 | Render_LPIPS: 0.1460 | cos(c,null): +0.3721 | GradNorm: 0.3792 | MSE/t: [0.00-0.50]0.512(n=4790) [0.50-0.85]0.169(n=4360) [0.85-0.95]0.048(n=438) [0.95-1.00]0.038(n=12)
2026-05-03 12:59:29,097 - INFO - [cond] cfg_signal=0.0595 (min=0.0366 max=0.0862, n=16) | class_signal=0.0672 (min=0.0379 max=0.0842, n=16) | pred_rms=0.7676
2026-05-03 12:59:37,058 - INFO - [validation] saved: output/jit_B8_postfix_render256_20260503_024444/dit_validation/epoch_050_step_0067000_class080.png (class=80, sampler=heun, steps=100)
2026-05-03 12:59:38,205 - INFO - [overrides] applied from jit/configs/overrides.yaml: lr_scale=1.0 max_grad_norm=5.0 null_repel_weight=0.0 P_mean=0.0
2026-05-03 12:59:38,276 - INFO - [render-loss] step=67000 kept 21/48 samples (t_value >= 0.50)
2026-05-03 13:02:13,661 - INFO - Step   67200 | Epoch  50 | MSE: 0.3394 | Steps/sec: 1.22 | LR: 1.72e-04 | Render_L1: 0.0246 | Alpha_L1: 0.0317 | Render_LPIPS: 0.1450 | cos(c,null): +0.3698 | GradNorm: 0.3821 | MSE/t: [0.00-0.50]0.514(n=4862) [0.50-0.85]0.171(n=4330) [0.85-0.95]0.047(n=399) [0.95-1.00]0.037(n=9)
2026-05-03 13:02:13,734 - INFO - [render-loss] step=67200 kept 21/48 samples (t_value >= 0.50)
2026-05-03 13:04:49,215 - INFO - Step   67400 | Epoch  50 | MSE: 0.3352 | Steps/sec: 1.29 | LR: 1.71e-04 | Render_L1: 0.0242 | Alpha_L1: 0.0310 | Render_LPIPS: 0.1433 | cos(c,null): +0.3723 | GradNorm: 0.3697 | MSE/t: [0.00-0.50]0.509(n=4831) [0.50-0.85]0.169(n=4378) [0.85-0.95]0.049(n=374) [0.95-1.00]0.035(n=17)
2026-05-03 13:04:49,289 - INFO - [render-loss] step=67400 kept 15/48 samples (t_value >= 0.50)
2026-05-03 13:07:23,590 - INFO - Step   67600 | Epoch  51 | MSE: 0.3401 | Steps/sec: 1.30 | LR: 1.71e-04 | Render_L1: 0.0245 | Alpha_L1: 0.0318 | Render_LPIPS: 0.1440 | cos(c,null): +0.3767 | GradNorm: 0.3790 | MSE/t: [0.00-0.50]0.515(n=4888) [0.50-0.85]0.169(n=4342) [0.85-0.95]0.047(n=355) [0.95-1.00]0.035(n=15)
2026-05-03 13:07:23,664 - INFO - [render-loss] step=67600 kept 20/48 samples (t_value >= 0.50)
2026-05-03 13:09:59,908 - INFO - Step   67800 | Epoch  51 | MSE: 0.3318 | Steps/sec: 1.28 | LR: 1.71e-04 | Render_L1: 0.0244 | Alpha_L1: 0.0313 | Render_LPIPS: 0.1451 | cos(c,null): +0.3752 | GradNorm: 0.3749 | MSE/t: [0.00-0.50]0.510(n=4765) [0.50-0.85]0.167(n=4411) [0.85-0.95]0.047(n=409) [0.95-1.00]0.036(n=15)
2026-05-03 13:09:59,982 - INFO - [render-loss] step=67800 kept 26/48 samples (t_value >= 0.50)
2026-05-03 13:12:34,176 - INFO - Step   68000 | Epoch  51 | MSE: 0.3389 | Steps/sec: 1.30 | LR: 1.71e-04 | Render_L1: 0.0250 | Alpha_L1: 0.0321 | Render_LPIPS: 0.1455 | cos(c,null): +0.3741 | GradNorm: 0.3783 | MSE/t: [0.00-0.50]0.512(n=4882) [0.50-0.85]0.170(n=4323) [0.85-0.95]0.048(n=381) [0.95-1.00]0.035(n=14)
2026-05-03 13:12:34,386 - INFO - [cond] cfg_signal=0.0605 (min=0.0381 max=0.0861, n=16) | class_signal=0.0685 (min=0.0393 max=0.0885, n=16) | pred_rms=0.7865
2026-05-03 13:12:42,248 - INFO - [validation] saved: output/jit_B8_postfix_render256_20260503_024444/dit_validation/epoch_051_step_0068000_class073.png (class=73, sampler=heun, steps=100)
2026-05-03 13:12:43,402 - INFO - [overrides] applied from jit/configs/overrides.yaml: lr_scale=1.0 max_grad_norm=5.0 null_repel_weight=0.0 P_mean=0.0
2026-05-03 13:12:43,473 - INFO - [render-loss] step=68000 kept 22/48 samples (t_value >= 0.50)
2026-05-03 13:15:18,204 - INFO - Step   68200 | Epoch  51 | MSE: 0.3332 | Steps/sec: 1.22 | LR: 1.71e-04 | Render_L1: 0.0242 | Alpha_L1: 0.0315 | Render_LPIPS: 0.1441 | cos(c,null): +0.3745 | GradNorm: 0.3703 | MSE/t: [0.00-0.50]0.513(n=4721) [0.50-0.85]0.169(n=4476) [0.85-0.95]0.046(n=391) [0.95-1.00]0.032(n=12)
2026-05-03 13:15:18,279 - INFO - [render-loss] step=68200 kept 25/48 samples (t_value >= 0.50)
2026-05-03 13:17:51,780 - INFO - Step   68400 | Epoch  51 | MSE: 0.3386 | Steps/sec: 1.30 | LR: 1.71e-04 | Render_L1: 0.0248 | Alpha_L1: 0.0314 | Render_LPIPS: 0.1451 | cos(c,null): +0.3754 | GradNorm: 0.3738 | MSE/t: [0.00-0.50]0.510(n=4906) [0.50-0.85]0.169(n=4314) [0.85-0.95]0.049(n=369) [0.95-1.00]0.033(n=11)
2026-05-03 13:17:51,858 - INFO - [render-loss] step=68400 kept 24/48 samples (t_value >= 0.50)
2026-05-03 13:20:26,838 - INFO - Step   68600 | Epoch  51 | MSE: 0.3360 | Steps/sec: 1.29 | LR: 1.70e-04 | Render_L1: 0.0247 | Alpha_L1: 0.0316 | Render_LPIPS: 0.1458 | cos(c,null): +0.3728 | GradNorm: 0.3825 | MSE/t: [0.00-0.50]0.514(n=4812) [0.50-0.85]0.168(n=4368) [0.85-0.95]0.046(n=397) [0.95-1.00]0.037(n=23)
2026-05-03 13:20:26,912 - INFO - [render-loss] step=68600 kept 25/48 samples (t_value >= 0.50)
2026-05-03 13:23:01,596 - INFO - Step   68800 | Epoch  51 | MSE: 0.3355 | Steps/sec: 1.29 | LR: 1.70e-04 | Render_L1: 0.0247 | Alpha_L1: 0.0314 | Render_LPIPS: 0.1450 | cos(c,null): +0.3763 | GradNorm: 0.3750 | MSE/t: [0.00-0.50]0.512(n=4792) [0.50-0.85]0.169(n=4416) [0.85-0.95]0.049(n=381) [0.95-1.00]0.037(n=11)
2026-05-03 13:23:01,673 - INFO - [render-loss] step=68800 kept 25/48 samples (t_value >= 0.50)
2026-05-03 13:25:36,827 - INFO - Step   69000 | Epoch  52 | MSE: 0.3321 | Steps/sec: 1.29 | LR: 1.70e-04 | Render_L1: 0.0246 | Alpha_L1: 0.0318 | Render_LPIPS: 0.1449 | cos(c,null): +0.3765 | GradNorm: 0.3713 | MSE/t: [0.00-0.50]0.510(n=4753) [0.50-0.85]0.168(n=4426) [0.85-0.95]0.048(n=402) [0.95-1.00]0.036(n=19)
2026-05-03 13:25:37,040 - INFO - [cond] cfg_signal=0.0597 (min=0.0409 max=0.0828, n=16) | class_signal=0.0675 (min=0.0396 max=0.0926, n=16) | pred_rms=0.7842
2026-05-03 13:25:45,007 - INFO - [validation] saved: output/jit_B8_postfix_render256_20260503_024444/dit_validation/epoch_052_step_0069000_class022.png (class=22, sampler=heun, steps=100)
2026-05-03 13:25:46,603 - INFO - [overrides] applied from jit/configs/overrides.yaml: lr_scale=1.0 max_grad_norm=5.0 null_repel_weight=0.0 P_mean=0.0
2026-05-03 13:25:46,674 - INFO - [render-loss] step=69000 kept 22/48 samples (t_value >= 0.50)
2026-05-03 13:28:21,027 - INFO - Step   69200 | Epoch  52 | MSE: 0.3384 | Steps/sec: 1.22 | LR: 1.70e-04 | Render_L1: 0.0244 | Alpha_L1: 0.0316 | Render_LPIPS: 0.1438 | cos(c,null): +0.3769 | GradNorm: 0.3685 | MSE/t: [0.00-0.50]0.513(n=4848) [0.50-0.85]0.170(n=4361) [0.85-0.95]0.048(n=376) [0.95-1.00]0.038(n=15)
2026-05-03 13:28:21,104 - INFO - [render-loss] step=69200 kept 33/48 samples (t_value >= 0.50)
2026-05-03 13:30:55,750 - INFO - Step   69400 | Epoch  52 | MSE: 0.3389 | Steps/sec: 1.29 | LR: 1.70e-04 | Render_L1: 0.0248 | Alpha_L1: 0.0312 | Render_LPIPS: 0.1453 | cos(c,null): +0.3769 | GradNorm: 0.3684 | MSE/t: [0.00-0.50]0.515(n=4863) [0.50-0.85]0.169(n=4347) [0.85-0.95]0.048(n=376) [0.95-1.00]0.034(n=14)
2026-05-03 13:30:55,827 - INFO - [render-loss] step=69400 kept 27/48 samples (t_value >= 0.50)
2026-05-03 13:33:30,232 - INFO - Step   69600 | Epoch  52 | MSE: 0.3375 | Steps/sec: 1.29 | LR: 1.70e-04 | Render_L1: 0.0244 | Alpha_L1: 0.0309 | Render_LPIPS: 0.1441 | cos(c,null): +0.3773 | GradNorm: 0.3750 | MSE/t: [0.00-0.50]0.518(n=4773) [0.50-0.85]0.169(n=4406) [0.85-0.95]0.047(n=412) [0.95-1.00]0.042(n=9)
2026-05-03 13:33:30,306 - INFO - [render-loss] step=69600 kept 17/48 samples (t_value >= 0.50)
2026-05-03 13:36:03,807 - INFO - Step   69800 | Epoch  52 | MSE: 0.3398 | Steps/sec: 1.30 | LR: 1.69e-04 | Render_L1: 0.0252 | Alpha_L1: 0.0315 | Render_LPIPS: 0.1470 | cos(c,null): +0.3785 | GradNorm: 0.3697 | MSE/t: [0.00-0.50]0.513(n=4871) [0.50-0.85]0.171(n=4347) [0.85-0.95]0.048(n=366) [0.95-1.00]0.034(n=16)
2026-05-03 13:36:03,882 - INFO - [render-loss] step=69800 kept 22/48 samples (t_value >= 0.50)
2026-05-03 13:38:38,223 - INFO - Step   70000 | Epoch  52 | MSE: 0.3368 | Steps/sec: 1.30 | LR: 1.69e-04 | Render_L1: 0.0249 | Alpha_L1: 0.0317 | Render_LPIPS: 0.1455 | cos(c,null): +0.3773 | GradNorm: 0.3702 | MSE/t: [0.00-0.50]0.512(n=4819) [0.50-0.85]0.170(n=4397) [0.85-0.95]0.048(n=372) [0.95-1.00]0.036(n=12)
2026-05-03 13:38:38,438 - INFO - [cond] cfg_signal=0.0614 (min=0.0427 max=0.0929, n=16) | class_signal=0.0674 (min=0.0393 max=0.0912, n=16) | pred_rms=0.7745
2026-05-03 13:38:46,391 - INFO - [validation] saved: output/jit_B8_postfix_render256_20260503_024444/dit_validation/epoch_052_step_0070000_class092.png (class=92, sampler=heun, steps=100)
2026-05-03 13:38:47,559 - INFO - [overrides] applied from jit/configs/overrides.yaml: lr_scale=1.0 max_grad_norm=5.0 null_repel_weight=0.0 P_mean=0.0
2026-05-03 13:38:47,630 - INFO - [render-loss] step=70000 kept 21/48 samples (t_value >= 0.50)
2026-05-03 13:41:23,300 - INFO - Step   70200 | Epoch  53 | MSE: 0.3340 | Steps/sec: 1.21 | LR: 1.69e-04 | Render_L1: 0.0246 | Alpha_L1: 0.0312 | Render_LPIPS: 0.1437 | cos(c,null): +0.3807 | GradNorm: 0.3711 | MSE/t: [0.00-0.50]0.514(n=4747) [0.50-0.85]0.168(n=4449) [0.85-0.95]0.047(n=385) [0.95-1.00]0.033(n=19)
2026-05-03 13:41:23,375 - INFO - [render-loss] step=70200 kept 27/48 samples (t_value >= 0.50)
2026-05-03 13:43:58,528 - INFO - Step   70400 | Epoch  53 | MSE: 0.3364 | Steps/sec: 1.29 | LR: 1.69e-04 | Render_L1: 0.0248 | Alpha_L1: 0.0315 | Render_LPIPS: 0.1449 | cos(c,null): +0.3803 | GradNorm: 0.3790 | MSE/t: [0.00-0.50]0.515(n=4769) [0.50-0.85]0.170(n=4460) [0.85-0.95]0.049(n=352) [0.95-1.00]0.035(n=19)
2026-05-03 13:43:58,603 - INFO - [render-loss] step=70400 kept 26/48 samples (t_value >= 0.50)
2026-05-03 13:46:33,251 - INFO - Step   70600 | Epoch  53 | MSE: 0.3347 | Steps/sec: 1.29 | LR: 1.69e-04 | Render_L1: 0.0248 | Alpha_L1: 0.0317 | Render_LPIPS: 0.1460 | cos(c,null): +0.3801 | GradNorm: 0.3669 | MSE/t: [0.00-0.50]0.511(n=4800) [0.50-0.85]0.168(n=4402) [0.85-0.95]0.049(n=385) [0.95-1.00]0.037(n=13)
2026-05-03 13:46:33,325 - INFO - [render-loss] step=70600 kept 18/48 samples (t_value >= 0.50)
2026-05-03 13:49:09,021 - INFO - Step   70800 | Epoch  53 | MSE: 0.3338 | Steps/sec: 1.28 | LR: 1.69e-04 | Render_L1: 0.0249 | Alpha_L1: 0.0318 | Render_LPIPS: 0.1453 | cos(c,null): +0.3796 | GradNorm: 0.3750 | MSE/t: [0.00-0.50]0.510(n=4798) [0.50-0.85]0.168(n=4412) [0.85-0.95]0.047(n=376) [0.95-1.00]0.037(n=14)
2026-05-03 13:49:09,095 - INFO - [render-loss] step=70800 kept 23/48 samples (t_value >= 0.50)
2026-05-03 13:51:43,727 - INFO - Step   71000 | Epoch  53 | MSE: 0.3378 | Steps/sec: 1.29 | LR: 1.68e-04 | Render_L1: 0.0246 | Alpha_L1: 0.0314 | Render_LPIPS: 0.1442 | cos(c,null): +0.3849 | GradNorm: 0.3674 | MSE/t: [0.00-0.50]0.514(n=4813) [0.50-0.85]0.171(n=4373) [0.85-0.95]0.047(n=396) [0.95-1.00]0.038(n=18)
2026-05-03 13:51:43,937 - INFO - [cond] cfg_signal=0.0637 (min=0.0400 max=0.0946, n=16) | class_signal=0.0676 (min=0.0323 max=0.0928, n=16) | pred_rms=0.7867
2026-05-03 13:51:52,107 - INFO - [validation] saved: output/jit_B8_postfix_render256_20260503_024444/dit_validation/epoch_053_step_0071000_class001.png (class=1, sampler=heun, steps=100)
2026-05-03 13:51:53,315 - INFO - [overrides] applied from jit/configs/overrides.yaml: lr_scale=1.0 max_grad_norm=5.0 null_repel_weight=0.0 P_mean=0.0
2026-05-03 13:51:53,386 - INFO - [render-loss] step=71000 kept 25/48 samples (t_value >= 0.50)
2026-05-03 13:54:28,058 - INFO - Step   71200 | Epoch  53 | MSE: 0.3344 | Steps/sec: 1.22 | LR: 1.68e-04 | Render_L1: 0.0248 | Alpha_L1: 0.0317 | Render_LPIPS: 0.1454 | cos(c,null): +0.3850 | GradNorm: 0.3734 | MSE/t: [0.00-0.50]0.511(n=4735) [0.50-0.85]0.173(n=4481) [0.85-0.95]0.048(n=364) [0.95-1.00]0.036(n=20)
2026-05-03 13:54:28,134 - INFO - [render-loss] step=71200 kept 27/48 samples (t_value >= 0.50)
2026-05-03 13:57:02,715 - INFO - Step   71400 | Epoch  53 | MSE: 0.3354 | Steps/sec: 1.29 | LR: 1.68e-04 | Render_L1: 0.0247 | Alpha_L1: 0.0314 | Render_LPIPS: 0.1444 | cos(c,null): +0.3844 | GradNorm: 0.3665 | MSE/t: [0.00-0.50]0.514(n=4737) [0.50-0.85]0.171(n=4486) [0.85-0.95]0.049(n=361) [0.95-1.00]0.037(n=16)
2026-05-03 13:57:02,789 - INFO - [render-loss] step=71400 kept 22/48 samples (t_value >= 0.50)
2026-05-03 13:59:37,446 - INFO - Step   71600 | Epoch  54 | MSE: 0.3398 | Steps/sec: 1.29 | LR: 1.68e-04 | Render_L1: 0.0246 | Alpha_L1: 0.0312 | Render_LPIPS: 0.1440 | cos(c,null): +0.3830 | GradNorm: 0.3730 | MSE/t: [0.00-0.50]0.514(n=4858) [0.50-0.85]0.171(n=4363) [0.85-0.95]0.048(n=368) [0.95-1.00]0.036(n=11)
2026-05-03 13:59:37,524 - INFO - [render-loss] step=71600 kept 18/48 samples (t_value >= 0.50)
2026-05-03 14:02:11,754 - INFO - Step   71800 | Epoch  54 | MSE: 0.3320 | Steps/sec: 1.30 | LR: 1.68e-04 | Render_L1: 0.0245 | Alpha_L1: 0.0312 | Render_LPIPS: 0.1442 | cos(c,null): +0.3847 | GradNorm: 0.3771 | MSE/t: [0.00-0.50]0.511(n=4729) [0.50-0.85]0.169(n=4443) [0.85-0.95]0.046(n=415) [0.95-1.00]0.034(n=13)
2026-05-03 14:02:11,830 - INFO - [render-loss] step=71800 kept 24/48 samples (t_value >= 0.50)
2026-05-03 14:04:47,242 - INFO - Step   72000 | Epoch  54 | MSE: 0.3330 | Steps/sec: 1.29 | LR: 1.68e-04 | Render_L1: 0.0250 | Alpha_L1: 0.0315 | Render_LPIPS: 0.1461 | cos(c,null): +0.3842 | GradNorm: 0.3715 | MSE/t: [0.00-0.50]0.510(n=4775) [0.50-0.85]0.167(n=4449) [0.85-0.95]0.048(n=366) [0.95-1.00]0.034(n=10)
2026-05-03 14:04:47,460 - INFO - [cond] cfg_signal=0.0607 (min=0.0389 max=0.0839, n=16) | class_signal=0.0664 (min=0.0329 max=0.0934, n=16) | pred_rms=0.7854
2026-05-03 14:04:55,417 - INFO - [validation] saved: output/jit_B8_postfix_render256_20260503_024444/dit_validation/epoch_054_step_0072000_class086.png (class=86, sampler=heun, steps=100)
2026-05-03 14:04:56,596 - INFO - [overrides] applied from jit/configs/overrides.yaml: lr_scale=1.0 max_grad_norm=5.0 null_repel_weight=0.0 P_mean=0.0
2026-05-03 14:04:56,667 - INFO - [render-loss] step=72000 kept 25/48 samples (t_value >= 0.50)
2026-05-03 14:07:31,160 - INFO - Step   72200 | Epoch  54 | MSE: 0.3343 | Steps/sec: 1.22 | LR: 1.67e-04 | Render_L1: 0.0244 | Alpha_L1: 0.0312 | Render_LPIPS: 0.1434 | cos(c,null): +0.3838 | GradNorm: 0.3809 | MSE/t: [0.00-0.50]0.513(n=4754) [0.50-0.85]0.170(n=4407) [0.85-0.95]0.047(n=424) [0.95-1.00]0.041(n=15)
2026-05-03 14:07:31,234 - INFO - [render-loss] step=72200 kept 23/48 samples (t_value >= 0.50)
2026-05-03 14:10:06,625 - INFO - Step   72400 | Epoch  54 | MSE: 0.3340 | Steps/sec: 1.29 | LR: 1.67e-04 | Render_L1: 0.0240 | Alpha_L1: 0.0305 | Render_LPIPS: 0.1418 | cos(c,null): +0.3876 | GradNorm: 0.3666 | MSE/t: [0.00-0.50]0.512(n=4787) [0.50-0.85]0.167(n=4415) [0.85-0.95]0.048(n=384) [0.95-1.00]0.035(n=14)
2026-05-03 14:10:06,700 - INFO - [render-loss] step=72400 kept 26/48 samples (t_value >= 0.50)
2026-05-03 14:12:42,081 - INFO - Step   72600 | Epoch  54 | MSE: 0.3328 | Steps/sec: 1.29 | LR: 1.67e-04 | Render_L1: 0.0244 | Alpha_L1: 0.0313 | Render_LPIPS: 0.1447 | cos(c,null): +0.3879 | GradNorm: 0.3689 | MSE/t: [0.00-0.50]0.512(n=4723) [0.50-0.85]0.170(n=4452) [0.85-0.95]0.048(n=410) [0.95-1.00]0.035(n=15)
2026-05-03 14:12:42,158 - INFO - [render-loss] step=72600 kept 24/48 samples (t_value >= 0.50)
2026-05-03 14:15:16,737 - INFO - Step   72800 | Epoch  54 | MSE: 0.3359 | Steps/sec: 1.29 | LR: 1.67e-04 | Render_L1: 0.0245 | Alpha_L1: 0.0317 | Render_LPIPS: 0.1449 | cos(c,null): +0.3855 | GradNorm: 0.3666 | MSE/t: [0.00-0.50]0.512(n=4824) [0.50-0.85]0.168(n=4385) [0.85-0.95]0.048(n=377) [0.95-1.00]0.037(n=14)
2026-05-03 14:15:16,970 - INFO - [render-loss] step=72800 kept 27/48 samples (t_value >= 0.50)
2026-05-03 14:17:51,406 - INFO - Step   73000 | Epoch  55 | MSE: 0.3381 | Steps/sec: 1.29 | LR: 1.67e-04 | Render_L1: 0.0246 | Alpha_L1: 0.0315 | Render_LPIPS: 0.1448 | cos(c,null): +0.3848 | GradNorm: 0.3889 | MSE/t: [0.00-0.50]0.517(n=4827) [0.50-0.85]0.167(n=4375) [0.85-0.95]0.048(n=373) [0.95-1.00]0.034(n=25)
2026-05-03 14:17:51,615 - INFO - [cond] cfg_signal=0.0608 (min=0.0340 max=0.0937, n=16) | class_signal=0.0681 (min=0.0308 max=0.0964, n=16) | pred_rms=0.7795
2026-05-03 14:17:59,809 - INFO - [validation] saved: output/jit_B8_postfix_render256_20260503_024444/dit_validation/epoch_055_step_0073000_class096.png (class=96, sampler=heun, steps=100)
2026-05-03 14:18:01,025 - INFO - [overrides] applied from jit/configs/overrides.yaml: lr_scale=1.0 max_grad_norm=5.0 null_repel_weight=0.0 P_mean=0.0
2026-05-03 14:18:01,096 - INFO - [render-loss] step=73000 kept 22/48 samples (t_value >= 0.50)
2026-05-03 14:20:35,690 - INFO - Step   73200 | Epoch  55 | MSE: 0.3408 | Steps/sec: 1.22 | LR: 1.66e-04 | Render_L1: 0.0250 | Alpha_L1: 0.0314 | Render_LPIPS: 0.1451 | cos(c,null): +0.3868 | GradNorm: 0.3772 | MSE/t: [0.00-0.50]0.515(n=4875) [0.50-0.85]0.171(n=4326) [0.85-0.95]0.047(n=384) [0.95-1.00]0.037(n=15)
2026-05-03 14:20:35,764 - INFO - [render-loss] step=73200 kept 26/48 samples (t_value >= 0.50)
2026-05-03 14:23:11,528 - INFO - Step   73400 | Epoch  55 | MSE: 0.3354 | Steps/sec: 1.28 | LR: 1.66e-04 | Render_L1: 0.0242 | Alpha_L1: 0.0304 | Render_LPIPS: 0.1420 | cos(c,null): +0.3894 | GradNorm: 0.3638 | MSE/t: [0.00-0.50]0.514(n=4741) [0.50-0.85]0.171(n=4491) [0.85-0.95]0.047(n=345) [0.95-1.00]0.036(n=23)
2026-05-03 14:23:11,601 - INFO - [render-loss] step=73400 kept 26/48 samples (t_value >= 0.50)
2026-05-03 14:25:45,170 - INFO - Step   73600 | Epoch  55 | MSE: 0.3397 | Steps/sec: 1.30 | LR: 1.66e-04 | Render_L1: 0.0245 | Alpha_L1: 0.0312 | Render_LPIPS: 0.1439 | cos(c,null): +0.3900 | GradNorm: 0.3651 | MSE/t: [0.00-0.50]0.514(n=4870) [0.50-0.85]0.171(n=4341) [0.85-0.95]0.046(n=382) [0.95-1.00]0.040(n=7)
2026-05-03 14:25:45,245 - INFO - [render-loss] step=73600 kept 25/48 samples (t_value >= 0.50)
2026-05-03 14:28:20,827 - INFO - Step   73800 | Epoch  55 | MSE: 0.3373 | Steps/sec: 1.28 | LR: 1.66e-04 | Render_L1: 0.0242 | Alpha_L1: 0.0306 | Render_LPIPS: 0.1431 | cos(c,null): +0.3895 | GradNorm: 0.3605 | MSE/t: [0.00-0.50]0.515(n=4823) [0.50-0.85]0.168(n=4381) [0.85-0.95]0.048(n=385) [0.95-1.00]0.041(n=11)
2026-05-03 14:28:20,904 - INFO - [render-loss] step=73800 kept 17/48 samples (t_value >= 0.50)
2026-05-03 14:30:57,037 - INFO - Step   74000 | Epoch  55 | MSE: 0.3318 | Steps/sec: 1.28 | LR: 1.66e-04 | Render_L1: 0.0239 | Alpha_L1: 0.0305 | Render_LPIPS: 0.1419 | cos(c,null): +0.3902 | GradNorm: 0.3711 | MSE/t: [0.00-0.50]0.512(n=4704) [0.50-0.85]0.170(n=4469) [0.85-0.95]0.047(n=407) [0.95-1.00]0.043(n=20)
2026-05-03 14:30:57,246 - INFO - [cond] cfg_signal=0.0600 (min=0.0391 max=0.0832, n=16) | class_signal=0.0661 (min=0.0341 max=0.0942, n=16) | pred_rms=0.7868
2026-05-03 14:31:05,287 - INFO - [validation] saved: output/jit_B8_postfix_render256_20260503_024444/dit_validation/epoch_055_step_0074000_class083.png (class=83, sampler=heun, steps=100)
2026-05-03 14:31:06,455 - INFO - [overrides] applied from jit/configs/overrides.yaml: lr_scale=1.0 max_grad_norm=5.0 null_repel_weight=0.0 P_mean=0.0
2026-05-03 14:31:06,525 - INFO - [render-loss] step=74000 kept 25/48 samples (t_value >= 0.50)
2026-05-03 14:33:42,688 - INFO - Step   74200 | Epoch  56 | MSE: 0.3344 | Steps/sec: 1.21 | LR: 1.66e-04 | Render_L1: 0.0247 | Alpha_L1: 0.0315 | Render_LPIPS: 0.1446 | cos(c,null): +0.3908 | GradNorm: 0.3701 | MSE/t: [0.00-0.50]0.508(n=4797) [0.50-0.85]0.172(n=4399) [0.85-0.95]0.047(n=381) [0.95-1.00]0.040(n=23)
2026-05-03 14:33:42,765 - INFO - [render-loss] step=74200 kept 24/48 samples (t_value >= 0.50)
2026-05-03 14:36:17,906 - INFO - Step   74400 | Epoch  56 | MSE: 0.3381 | Steps/sec: 1.29 | LR: 1.65e-04 | Render_L1: 0.0243 | Alpha_L1: 0.0312 | Render_LPIPS: 0.1434 | cos(c,null): +0.3899 | GradNorm: 0.3671 | MSE/t: [0.00-0.50]0.517(n=4790) [0.50-0.85]0.170(n=4429) [0.85-0.95]0.047(n=367) [0.95-1.00]0.037(n=14)
2026-05-03 14:36:17,980 - INFO - [render-loss] step=74400 kept 20/48 samples (t_value >= 0.50)
2026-05-03 14:38:52,302 - INFO - Step   74600 | Epoch  56 | MSE: 0.3351 | Steps/sec: 1.30 | LR: 1.65e-04 | Render_L1: 0.0246 | Alpha_L1: 0.0310 | Render_LPIPS: 0.1437 | cos(c,null): +0.3918 | GradNorm: 0.3735 | MSE/t: [0.00-0.50]0.510(n=4825) [0.50-0.85]0.168(n=4370) [0.85-0.95]0.047(n=387) [0.95-1.00]0.036(n=18)
2026-05-03 14:38:52,376 - INFO - [render-loss] step=74600 kept 28/48 samples (t_value >= 0.50)
2026-05-03 14:41:27,105 - INFO - Step   74800 | Epoch  56 | MSE: 0.3354 | Steps/sec: 1.29 | LR: 1.65e-04 | Render_L1: 0.0243 | Alpha_L1: 0.0307 | Render_LPIPS: 0.1423 | cos(c,null): +0.3924 | GradNorm: 0.3690 | MSE/t: [0.00-0.50]0.512(n=4800) [0.50-0.85]0.169(n=4396) [0.85-0.95]0.047(n=386) [0.95-1.00]0.032(n=18)
2026-05-03 14:41:27,181 - INFO - [render-loss] step=74800 kept 17/48 samples (t_value >= 0.50)
2026-05-03 14:44:00,873 - INFO - Step   75000 | Epoch  56 | MSE: 0.3381 | Steps/sec: 1.30 | LR: 1.65e-04 | Render_L1: 0.0241 | Alpha_L1: 0.0307 | Render_LPIPS: 0.1418 | cos(c,null): +0.3921 | GradNorm: 0.3686 | MSE/t: [0.00-0.50]0.513(n=4845) [0.50-0.85]0.169(n=4381) [0.85-0.95]0.047(n=364) [0.95-1.00]0.038(n=10)
2026-05-03 14:44:01,081 - INFO - [cond] cfg_signal=0.0662 (min=0.0413 max=0.0914, n=16) | class_signal=0.0706 (min=0.0416 max=0.1028, n=16) | pred_rms=0.8037
2026-05-03 14:44:09,063 - INFO - [validation] saved: output/jit_B8_postfix_render256_20260503_024444/dit_validation/epoch_056_step_0075000_class090.png (class=90, sampler=heun, steps=100)
2026-05-03 14:44:10,223 - INFO - [overrides] applied from jit/configs/overrides.yaml: lr_scale=1.0 max_grad_norm=5.0 null_repel_weight=0.0 P_mean=0.0
2026-05-03 14:44:10,294 - INFO - [render-loss] step=75000 kept 23/48 samples (t_value >= 0.50)
2026-05-03 14:46:44,887 - INFO - Step   75200 | Epoch  56 | MSE: 0.3350 | Steps/sec: 1.22 | LR: 1.65e-04 | Render_L1: 0.0242 | Alpha_L1: 0.0307 | Render_LPIPS: 0.1429 | cos(c,null): +0.3892 | GradNorm: 0.3635 | MSE/t: [0.00-0.50]0.511(n=4811) [0.50-0.85]0.168(n=4412) [0.85-0.95]0.048(n=361) [0.95-1.00]0.035(n=16)
2026-05-03 14:46:44,961 - INFO - [render-loss] step=75200 kept 24/48 samples (t_value >= 0.50)
2026-05-03 14:49:18,773 - INFO - Step   75400 | Epoch  56 | MSE: 0.3365 | Steps/sec: 1.30 | LR: 1.65e-04 | Render_L1: 0.0244 | Alpha_L1: 0.0310 | Render_LPIPS: 0.1435 | cos(c,null): +0.3890 | GradNorm: 0.3687 | MSE/t: [0.00-0.50]0.513(n=4823) [0.50-0.85]0.168(n=4389) [0.85-0.95]0.048(n=374) [0.95-1.00]0.038(n=14)
2026-05-03 14:49:18,847 - INFO - [render-loss] step=75400 kept 25/48 samples (t_value >= 0.50)
2026-05-03 14:51:53,782 - INFO - Step   75600 | Epoch  57 | MSE: 0.3376 | Steps/sec: 1.29 | LR: 1.64e-04 | Render_L1: 0.0239 | Alpha_L1: 0.0309 | Render_LPIPS: 0.1424 | cos(c,null): +0.3926 | GradNorm: 0.3639 | MSE/t: [0.00-0.50]0.510(n=4860) [0.50-0.85]0.170(n=4378) [0.85-0.95]0.047(n=350) [0.95-1.00]0.037(n=12)
2026-05-03 14:51:53,856 - INFO - [render-loss] step=75600 kept 22/48 samples (t_value >= 0.50)
2026-05-03 14:54:27,221 - INFO - Step   75800 | Epoch  57 | MSE: 0.3423 | Steps/sec: 1.30 | LR: 1.64e-04 | Render_L1: 0.0239 | Alpha_L1: 0.0303 | Render_LPIPS: 0.1430 | cos(c,null): +0.3956 | GradNorm: 0.3664 | MSE/t: [0.00-0.50]0.511(n=5000) [0.50-0.85]0.168(n=4225) [0.85-0.95]0.047(n=367) [0.95-1.00]0.036(n=8)
2026-05-03 14:54:27,297 - INFO - [render-loss] step=75800 kept 19/48 samples (t_value >= 0.50)
2026-05-03 14:57:03,682 - INFO - Step   76000 | Epoch  57 | MSE: 0.3367 | Steps/sec: 1.28 | LR: 1.64e-04 | Render_L1: 0.0241 | Alpha_L1: 0.0304 | Render_LPIPS: 0.1412 | cos(c,null): +0.3940 | GradNorm: 0.3618 | MSE/t: [0.00-0.50]0.513(n=4822) [0.50-0.85]0.169(n=4376) [0.85-0.95]0.046(n=374) [0.95-1.00]0.036(n=28)
2026-05-03 14:57:03,893 - INFO - [cond] cfg_signal=0.0612 (min=0.0402 max=0.0864, n=16) | class_signal=0.0657 (min=0.0351 max=0.0921, n=16) | pred_rms=0.7938
2026-05-03 14:57:11,808 - INFO - [validation] saved: output/jit_B8_postfix_render256_20260503_024444/dit_validation/epoch_057_step_0076000_class062.png (class=62, sampler=heun, steps=100)
2026-05-03 14:57:12,967 - INFO - [overrides] applied from jit/configs/overrides.yaml: lr_scale=1.0 max_grad_norm=5.0 null_repel_weight=0.0 P_mean=0.0
2026-05-03 14:57:13,037 - INFO - [render-loss] step=76000 kept 25/48 samples (t_value >= 0.50)
2026-05-03 14:59:47,440 - INFO - Step   76200 | Epoch  57 | MSE: 0.3387 | Steps/sec: 1.22 | LR: 1.64e-04 | Render_L1: 0.0243 | Alpha_L1: 0.0302 | Render_LPIPS: 0.1427 | cos(c,null): +0.3957 | GradNorm: 0.3600 | MSE/t: [0.00-0.50]0.513(n=4859) [0.50-0.85]0.170(n=4352) [0.85-0.95]0.048(n=368) [0.95-1.00]0.040(n=21)
2026-05-03 14:59:47,514 - INFO - [render-loss] step=76200 kept 28/48 samples (t_value >= 0.50)
2026-05-03 15:02:21,521 - INFO - Step   76400 | Epoch  57 | MSE: 0.3355 | Steps/sec: 1.30 | LR: 1.64e-04 | Render_L1: 0.0241 | Alpha_L1: 0.0307 | Render_LPIPS: 0.1421 | cos(c,null): +0.3964 | GradNorm: 0.3665 | MSE/t: [0.00-0.50]0.512(n=4819) [0.50-0.85]0.168(n=4376) [0.85-0.95]0.048(n=387) [0.95-1.00]0.036(n=18)
2026-05-03 15:02:21,598 - INFO - [render-loss] step=76400 kept 22/48 samples (t_value >= 0.50)
2026-05-03 15:04:56,269 - INFO - Step   76600 | Epoch  57 | MSE: 0.3336 | Steps/sec: 1.29 | LR: 1.64e-04 | Render_L1: 0.0241 | Alpha_L1: 0.0301 | Render_LPIPS: 0.1409 | cos(c,null): +0.3954 | GradNorm: 0.3608 | MSE/t: [0.00-0.50]0.512(n=4741) [0.50-0.85]0.169(n=4483) [0.85-0.95]0.047(n=365) [0.95-1.00]0.036(n=11)
2026-05-03 15:04:56,343 - INFO - [render-loss] step=76600 kept 25/48 samples (t_value >= 0.50)
2026-05-03 15:07:31,190 - INFO - Step   76800 | Epoch  58 | MSE: 0.3362 | Steps/sec: 1.29 | LR: 1.63e-04 | Render_L1: 0.0240 | Alpha_L1: 0.0304 | Render_LPIPS: 0.1418 | cos(c,null): +0.3992 | GradNorm: 0.3595 | MSE/t: [0.00-0.50]0.513(n=4793) [0.50-0.85]0.169(n=4428) [0.85-0.95]0.047(n=370) [0.95-1.00]0.032(n=9)
2026-05-03 15:07:31,267 - INFO - [render-loss] step=76800 kept 27/48 samples (t_value >= 0.50)
2026-05-03 15:10:05,585 - INFO - Step   77000 | Epoch  58 | MSE: 0.3349 | Steps/sec: 1.30 | LR: 1.63e-04 | Render_L1: 0.0246 | Alpha_L1: 0.0310 | Render_LPIPS: 0.1427 | cos(c,null): +0.3974 | GradNorm: 0.3758 | MSE/t: [0.00-0.50]0.515(n=4774) [0.50-0.85]0.168(n=4414) [0.85-0.95]0.046(n=390) [0.95-1.00]0.039(n=22)
2026-05-03 15:10:05,793 - INFO - [cond] cfg_signal=0.0607 (min=0.0370 max=0.0798, n=16) | class_signal=0.0666 (min=0.0363 max=0.0951, n=16) | pred_rms=0.8033
2026-05-03 15:10:13,768 - INFO - [validation] saved: output/jit_B8_postfix_render256_20260503_024444/dit_validation/epoch_058_step_0077000_class023.png (class=23, sampler=heun, steps=100)
2026-05-03 15:10:14,929 - INFO - [overrides] applied from jit/configs/overrides.yaml: lr_scale=1.0 max_grad_norm=5.0 null_repel_weight=0.0 P_mean=0.0
2026-05-03 15:10:15,000 - INFO - [render-loss] step=77000 kept 18/48 samples (t_value >= 0.50)
2026-05-03 15:12:50,477 - INFO - Step   77200 | Epoch  58 | MSE: 0.3390 | Steps/sec: 1.21 | LR: 1.63e-04 | Render_L1: 0.0240 | Alpha_L1: 0.0302 | Render_LPIPS: 0.1423 | cos(c,null): +0.4004 | GradNorm: 0.3609 | MSE/t: [0.00-0.50]0.513(n=4862) [0.50-0.85]0.170(n=4363) [0.85-0.95]0.046(n=363) [0.95-1.00]0.035(n=12)
2026-05-03 15:12:50,551 - INFO - [render-loss] step=77200 kept 22/48 samples (t_value >= 0.50)
2026-05-03 15:15:25,487 - INFO - Step   77400 | Epoch  58 | MSE: 0.3347 | Steps/sec: 1.29 | LR: 1.63e-04 | Render_L1: 0.0240 | Alpha_L1: 0.0307 | Render_LPIPS: 0.1416 | cos(c,null): +0.4019 | GradNorm: 0.3686 | MSE/t: [0.00-0.50]0.512(n=4759) [0.50-0.85]0.171(n=4426) [0.85-0.95]0.047(n=401) [0.95-1.00]0.033(n=14)
2026-05-03 15:15:25,562 - INFO - [render-loss] step=77400 kept 20/48 samples (t_value >= 0.50)
2026-05-03 15:17:58,634 - INFO - Step   77600 | Epoch  58 | MSE: 0.3372 | Steps/sec: 1.31 | LR: 1.63e-04 | Render_L1: 0.0247 | Alpha_L1: 0.0305 | Render_LPIPS: 0.1430 | cos(c,null): +0.3988 | GradNorm: 0.3596 | MSE/t: [0.00-0.50]0.512(n=4833) [0.50-0.85]0.170(n=4376) [0.85-0.95]0.049(n=374) [0.95-1.00]0.040(n=17)
2026-05-03 15:17:58,712 - INFO - [render-loss] step=77600 kept 26/48 samples (t_value >= 0.50)
2026-05-03 15:20:34,093 - INFO - Step   77800 | Epoch  58 | MSE: 0.3348 | Steps/sec: 1.29 | LR: 1.62e-04 | Render_L1: 0.0246 | Alpha_L1: 0.0308 | Render_LPIPS: 0.1441 | cos(c,null): +0.4007 | GradNorm: 0.3622 | MSE/t: [0.00-0.50]0.516(n=4752) [0.50-0.85]0.167(n=4442) [0.85-0.95]0.048(n=395) [0.95-1.00]0.031(n=11)
2026-05-03 15:20:34,169 - INFO - [render-loss] step=77800 kept 21/48 samples (t_value >= 0.50)
2026-05-03 15:23:08,593 - INFO - Step   78000 | Epoch  58 | MSE: 0.3347 | Steps/sec: 1.29 | LR: 1.62e-04 | Render_L1: 0.0244 | Alpha_L1: 0.0305 | Render_LPIPS: 0.1420 | cos(c,null): +0.4009 | GradNorm: 0.3718 | MSE/t: [0.00-0.50]0.510(n=4782) [0.50-0.85]0.171(n=4412) [0.85-0.95]0.048(n=393) [0.95-1.00]0.036(n=13)
2026-05-03 15:23:08,806 - INFO - [cond] cfg_signal=0.0618 (min=0.0349 max=0.0922, n=16) | class_signal=0.0682 (min=0.0335 max=0.0983, n=16) | pred_rms=0.7927
2026-05-03 15:23:16,812 - INFO - [validation] saved: output/jit_B8_postfix_render256_20260503_024444/dit_validation/epoch_058_step_0078000_class075.png (class=75, sampler=heun, steps=100)
2026-05-03 15:23:18,006 - INFO - [overrides] applied from jit/configs/overrides.yaml: lr_scale=1.0 max_grad_norm=5.0 null_repel_weight=0.0 P_mean=0.0
2026-05-03 15:23:18,077 - INFO - [render-loss] step=78000 kept 25/48 samples (t_value >= 0.50)
2026-05-03 15:25:52,435 - INFO - Step   78200 | Epoch  59 | MSE: 0.3373 | Steps/sec: 1.22 | LR: 1.62e-04 | Render_L1: 0.0240 | Alpha_L1: 0.0305 | Render_LPIPS: 0.1410 | cos(c,null): +0.4016 | GradNorm: 0.3679 | MSE/t: [0.00-0.50]0.514(n=4806) [0.50-0.85]0.170(n=4396) [0.85-0.95]0.047(n=378) [0.95-1.00]0.039(n=20)
2026-05-03 15:25:52,512 - INFO - [render-loss] step=78200 kept 22/48 samples (t_value >= 0.50)
2026-05-03 15:28:27,448 - INFO - Step   78400 | Epoch  59 | MSE: 0.3343 | Steps/sec: 1.29 | LR: 1.62e-04 | Render_L1: 0.0240 | Alpha_L1: 0.0306 | Render_LPIPS: 0.1415 | cos(c,null): +0.4021 | GradNorm: 0.3612 | MSE/t: [0.00-0.50]0.513(n=4793) [0.50-0.85]0.167(n=4397) [0.85-0.95]0.048(n=392) [0.95-1.00]0.038(n=18)
2026-05-03 15:28:27,524 - INFO - [render-loss] step=78400 kept 26/48 samples (t_value >= 0.50)
2026-05-03 15:31:02,216 - INFO - Step   78600 | Epoch  59 | MSE: 0.3355 | Steps/sec: 1.29 | LR: 1.62e-04 | Render_L1: 0.0241 | Alpha_L1: 0.0303 | Render_LPIPS: 0.1418 | cos(c,null): +0.4053 | GradNorm: 0.3650 | MSE/t: [0.00-0.50]0.511(n=4790) [0.50-0.85]0.170(n=4439) [0.85-0.95]0.047(n=355) [0.95-1.00]0.038(n=16)
2026-05-03 15:31:02,290 - INFO - [render-loss] step=78600 kept 29/48 samples (t_value >= 0.50)
2026-05-03 15:33:37,651 - INFO - Step   78800 | Epoch  59 | MSE: 0.3317 | Steps/sec: 1.29 | LR: 1.62e-04 | Render_L1: 0.0245 | Alpha_L1: 0.0309 | Render_LPIPS: 0.1439 | cos(c,null): +0.4025 | GradNorm: 0.3703 | MSE/t: [0.00-0.50]0.512(n=4703) [0.50-0.85]0.169(n=4487) [0.85-0.95]0.047(n=394) [0.95-1.00]0.038(n=16)
2026-05-03 15:33:37,728 - INFO - [render-loss] step=78800 kept 23/48 samples (t_value >= 0.50)
2026-05-03 15:36:11,473 - INFO - Step   79000 | Epoch  59 | MSE: 0.3369 | Steps/sec: 1.30 | LR: 1.61e-04 | Render_L1: 0.0240 | Alpha_L1: 0.0306 | Render_LPIPS: 0.1405 | cos(c,null): +0.4001 | GradNorm: 0.3668 | MSE/t: [0.00-0.50]0.510(n=4849) [0.50-0.85]0.170(n=4361) [0.85-0.95]0.047(n=378) [0.95-1.00]0.043(n=12)
2026-05-03 15:36:11,688 - INFO - [cond] cfg_signal=0.0619 (min=0.0346 max=0.0943, n=16) | class_signal=0.0666 (min=0.0346 max=0.0873, n=16) | pred_rms=0.7843
2026-05-03 15:36:19,693 - INFO - [validation] saved: output/jit_B8_postfix_render256_20260503_024444/dit_validation/epoch_059_step_0079000_class077.png (class=77, sampler=heun, steps=100)
2026-05-03 15:36:20,889 - INFO - [overrides] applied from jit/configs/overrides.yaml: lr_scale=1.0 max_grad_norm=5.0 null_repel_weight=0.0 P_mean=0.0
2026-05-03 15:36:20,959 - INFO - [render-loss] step=79000 kept 21/48 samples (t_value >= 0.50)
2026-05-03 15:38:55,280 - INFO - Step   79200 | Epoch  59 | MSE: 0.3355 | Steps/sec: 1.22 | LR: 1.61e-04 | Render_L1: 0.0243 | Alpha_L1: 0.0305 | Render_LPIPS: 0.1426 | cos(c,null): +0.4002 | GradNorm: 0.3641 | MSE/t: [0.00-0.50]0.514(n=4772) [0.50-0.85]0.169(n=4438) [0.85-0.95]0.048(n=375) [0.95-1.00]0.038(n=15)
2026-05-03 15:38:55,354 - INFO - [render-loss] step=79200 kept 25/48 samples (t_value >= 0.50)
2026-05-03 15:41:31,067 - INFO - Step   79400 | Epoch  59 | MSE: 0.3319 | Steps/sec: 1.28 | LR: 1.61e-04 | Render_L1: 0.0239 | Alpha_L1: 0.0303 | Render_LPIPS: 0.1412 | cos(c,null): +0.4012 | GradNorm: 0.3652 | MSE/t: [0.00-0.50]0.511(n=4716) [0.50-0.85]0.169(n=4464) [0.85-0.95]0.048(n=405) [0.95-1.00]0.037(n=15)
2026-05-03 15:41:31,254 - INFO - [render-loss] step=79400 kept 27/48 samples (t_value >= 0.50)
2026-05-03 15:44:06,645 - INFO - Step   79600 | Epoch  60 | MSE: 0.3316 | Steps/sec: 1.29 | LR: 1.61e-04 | Render_L1: 0.0242 | Alpha_L1: 0.0305 | Render_LPIPS: 0.1426 | cos(c,null): +0.4023 | GradNorm: 0.3704 | MSE/t: [0.00-0.50]0.511(n=4710) [0.50-0.85]0.169(n=4466) [0.85-0.95]0.047(n=412) [0.95-1.00]0.040(n=12)
2026-05-03 15:44:06,720 - INFO - [render-loss] step=79600 kept 30/48 samples (t_value >= 0.50)
2026-05-03 15:46:41,904 - INFO - Step   79800 | Epoch  60 | MSE: 0.3373 | Steps/sec: 1.29 | LR: 1.61e-04 | Render_L1: 0.0242 | Alpha_L1: 0.0304 | Render_LPIPS: 0.1416 | cos(c,null): +0.4011 | GradNorm: 0.3668 | MSE/t: [0.00-0.50]0.513(n=4823) [0.50-0.85]0.171(n=4354) [0.85-0.95]0.047(n=401) [0.95-1.00]0.034(n=22)
2026-05-03 15:46:41,978 - INFO - [render-loss] step=79800 kept 22/48 samples (t_value >= 0.50)
2026-05-03 15:49:16,948 - INFO - Step   80000 | Epoch  60 | MSE: 0.3395 | Steps/sec: 1.29 | LR: 1.60e-04 | Render_L1: 0.0241 | Alpha_L1: 0.0301 | Render_LPIPS: 0.1418 | cos(c,null): +0.4036 | GradNorm: 0.3740 | MSE/t: [0.00-0.50]0.516(n=4850) [0.50-0.85]0.170(n=4353) [0.85-0.95]0.047(n=388) [0.95-1.00]0.041(n=9)
2026-05-03 15:49:17,168 - INFO - [cond] cfg_signal=0.0623 (min=0.0360 max=0.0883, n=16) | class_signal=0.0650 (min=0.0395 max=0.0899, n=16) | pred_rms=0.7694
2026-05-03 15:49:18,944 - INFO - Saved checkpoint to output/jit_B8_postfix_render256_20260503_024444/0080000.pt
2026-05-03 15:49:19,154 - INFO - [cond] cfg_signal=0.0623 (min=0.0360 max=0.0883, n=16) | class_signal=0.0650 (min=0.0395 max=0.0899, n=16) | pred_rms=0.7694
2026-05-03 15:49:27,069 - INFO - [validation] saved: output/jit_B8_postfix_render256_20260503_024444/dit_validation/epoch_060_step_0080000_class081.png (class=81, sampler=heun, steps=100)
2026-05-03 15:49:28,266 - INFO - [overrides] applied from jit/configs/overrides.yaml: lr_scale=1.0 max_grad_norm=5.0 null_repel_weight=0.0 P_mean=0.0
2026-05-03 15:49:28,336 - INFO - [render-loss] step=80000 kept 18/48 samples (t_value >= 0.50)
2026-05-03 15:52:02,959 - INFO - Step   80200 | Epoch  60 | MSE: 0.3367 | Steps/sec: 1.21 | LR: 1.60e-04 | Render_L1: 0.0238 | Alpha_L1: 0.0301 | Render_LPIPS: 0.1409 | cos(c,null): +0.4030 | GradNorm: 0.3600 | MSE/t: [0.00-0.50]0.513(n=4814) [0.50-0.85]0.170(n=4394) [0.85-0.95]0.047(n=377) [0.95-1.00]0.036(n=15)
2026-05-03 15:52:03,037 - INFO - [render-loss] step=80200 kept 22/48 samples (t_value >= 0.50)
2026-05-03 15:54:36,709 - INFO - Step   80400 | Epoch  60 | MSE: 0.3400 | Steps/sec: 1.30 | LR: 1.60e-04 | Render_L1: 0.0242 | Alpha_L1: 0.0307 | Render_LPIPS: 0.1424 | cos(c,null): +0.4003 | GradNorm: 0.3670 | MSE/t: [0.00-0.50]0.513(n=4897) [0.50-0.85]0.171(n=4298) [0.85-0.95]0.048(n=387) [0.95-1.00]0.036(n=18)
2026-05-03 15:54:36,786 - INFO - [render-loss] step=80400 kept 18/48 samples (t_value >= 0.50)
2026-05-03 15:57:11,655 - INFO - Step   80600 | Epoch  60 | MSE: 0.3344 | Steps/sec: 1.29 | LR: 1.60e-04 | Render_L1: 0.0237 | Alpha_L1: 0.0296 | Render_LPIPS: 0.1397 | cos(c,null): +0.4004 | GradNorm: 0.3709 | MSE/t: [0.00-0.50]0.512(n=4783) [0.50-0.85]0.168(n=4434) [0.85-0.95]0.047(n=375) [0.95-1.00]0.038(n=8)
2026-05-03 15:57:11,728 - INFO - [render-loss] step=80600 kept 22/48 samples (t_value >= 0.50)
2026-05-03 15:59:46,634 - INFO - Step   80800 | Epoch  61 | MSE: 0.3365 | Steps/sec: 1.29 | LR: 1.60e-04 | Render_L1: 0.0245 | Alpha_L1: 0.0306 | Render_LPIPS: 0.1428 | cos(c,null): +0.4025 | GradNorm: 0.3586 | MSE/t: [0.00-0.50]0.510(n=4860) [0.50-0.85]0.168(n=4361) [0.85-0.95]0.047(n=366) [0.95-1.00]0.035(n=13)
2026-05-03 15:59:46,709 - INFO - [render-loss] step=80800 kept 29/48 samples (t_value >= 0.50)
2026-05-03 16:02:21,180 - INFO - Step   81000 | Epoch  61 | MSE: 0.3375 | Steps/sec: 1.29 | LR: 1.60e-04 | Render_L1: 0.0242 | Alpha_L1: 0.0303 | Render_LPIPS: 0.1410 | cos(c,null): +0.4031 | GradNorm: 0.3659 | MSE/t: [0.00-0.50]0.514(n=4845) [0.50-0.85]0.169(n=4329) [0.85-0.95]0.047(n=414) [0.95-1.00]0.040(n=12)
2026-05-03 16:02:21,394 - INFO - [cond] cfg_signal=0.0634 (min=0.0404 max=0.0929, n=16) | class_signal=0.0679 (min=0.0433 max=0.0925, n=16) | pred_rms=0.7787
2026-05-03 16:02:29,334 - INFO - [validation] saved: output/jit_B8_postfix_render256_20260503_024444/dit_validation/epoch_061_step_0081000_class007.png (class=7, sampler=heun, steps=100)
2026-05-03 16:02:30,525 - INFO - [overrides] applied from jit/configs/overrides.yaml: lr_scale=1.0 max_grad_norm=5.0 null_repel_weight=0.0 P_mean=0.0
2026-05-03 16:02:30,595 - INFO - [render-loss] step=81000 kept 24/48 samples (t_value >= 0.50)
2026-05-03 16:05:04,880 - INFO - Step   81200 | Epoch  61 | MSE: 0.3363 | Steps/sec: 1.22 | LR: 1.59e-04 | Render_L1: 0.0242 | Alpha_L1: 0.0302 | Render_LPIPS: 0.1429 | cos(c,null): +0.4070 | GradNorm: 0.3487 | MSE/t: [0.00-0.50]0.513(n=4804) [0.50-0.85]0.169(n=4401) [0.85-0.95]0.048(n=378) [0.95-1.00]0.038(n=17)
2026-05-03 16:05:04,955 - INFO - [render-loss] step=81200 kept 24/48 samples (t_value >= 0.50)
2026-05-03 16:07:39,332 - INFO - Step   81400 | Epoch  61 | MSE: 0.3344 | Steps/sec: 1.29 | LR: 1.59e-04 | Render_L1: 0.0242 | Alpha_L1: 0.0306 | Render_LPIPS: 0.1430 | cos(c,null): +0.4043 | GradNorm: 0.3615 | MSE/t: [0.00-0.50]0.509(n=4801) [0.50-0.85]0.170(n=4400) [0.85-0.95]0.048(n=385) [0.95-1.00]0.030(n=14)
2026-05-03 16:07:39,406 - INFO - [render-loss] step=81400 kept 22/48 samples (t_value >= 0.50)
2026-05-03 16:10:13,659 - INFO - Step   81600 | Epoch  61 | MSE: 0.3347 | Steps/sec: 1.30 | LR: 1.59e-04 | Render_L1: 0.0237 | Alpha_L1: 0.0298 | Render_LPIPS: 0.1403 | cos(c,null): +0.4036 | GradNorm: 0.3674 | MSE/t: [0.00-0.50]0.511(n=4784) [0.50-0.85]0.170(n=4401) [0.85-0.95]0.049(n=399) [0.95-1.00]0.036(n=16)
2026-05-03 16:10:13,733 - INFO - [render-loss] step=81600 kept 18/48 samples (t_value >= 0.50)
2026-05-03 16:12:48,321 - INFO - Step   81800 | Epoch  61 | MSE: 0.3341 | Steps/sec: 1.29 | LR: 1.59e-04 | Render_L1: 0.0242 | Alpha_L1: 0.0301 | Render_LPIPS: 0.1427 | cos(c,null): +0.4034 | GradNorm: 0.3685 | MSE/t: [0.00-0.50]0.513(n=4752) [0.50-0.85]0.169(n=4448) [0.85-0.95]0.047(n=386) [0.95-1.00]0.044(n=14)
2026-05-03 16:12:48,397 - INFO - [render-loss] step=81800 kept 26/48 samples (t_value >= 0.50)
2026-05-03 16:15:22,540 - INFO - Step   82000 | Epoch  61 | MSE: 0.3397 | Steps/sec: 1.30 | LR: 1.59e-04 | Render_L1: 0.0240 | Alpha_L1: 0.0303 | Render_LPIPS: 0.1402 | cos(c,null): +0.4039 | GradNorm: 0.3632 | MSE/t: [0.00-0.50]0.513(n=4883) [0.50-0.85]0.169(n=4364) [0.85-0.95]0.047(n=334) [0.95-1.00]0.034(n=19)
2026-05-03 16:15:22,758 - INFO - [cond] cfg_signal=0.0630 (min=0.0392 max=0.0912, n=16) | class_signal=0.0666 (min=0.0392 max=0.0960, n=16) | pred_rms=0.8070
2026-05-03 16:15:30,998 - INFO - [validation] saved: output/jit_B8_postfix_render256_20260503_024444/dit_validation/epoch_061_step_0082000_class047.png (class=47, sampler=heun, steps=100)
2026-05-03 16:15:32,222 - INFO - [overrides] applied from jit/configs/overrides.yaml: lr_scale=1.0 max_grad_norm=5.0 null_repel_weight=0.0 P_mean=0.0
2026-05-03 16:15:32,293 - INFO - [render-loss] step=82000 kept 21/48 samples (t_value >= 0.50)
2026-05-03 16:18:08,173 - INFO - Step   82200 | Epoch  62 | MSE: 0.3343 | Steps/sec: 1.21 | LR: 1.58e-04 | Render_L1: 0.0239 | Alpha_L1: 0.0301 | Render_LPIPS: 0.1400 | cos(c,null): +0.4064 | GradNorm: 0.3665 | MSE/t: [0.00-0.50]0.513(n=4766) [0.50-0.85]0.168(n=4444) [0.85-0.95]0.048(n=370) [0.95-1.00]0.045(n=20)
2026-05-03 16:18:08,247 - INFO - [render-loss] step=82200 kept 26/48 samples (t_value >= 0.50)
2026-05-03 16:20:42,362 - INFO - Step   82400 | Epoch  62 | MSE: 0.3324 | Steps/sec: 1.30 | LR: 1.58e-04 | Render_L1: 0.0242 | Alpha_L1: 0.0304 | Render_LPIPS: 0.1420 | cos(c,null): +0.4084 | GradNorm: 0.3689 | MSE/t: [0.00-0.50]0.508(n=4765) [0.50-0.85]0.169(n=4458) [0.85-0.95]0.048(n=366) [0.95-1.00]0.034(n=11)
2026-05-03 16:20:42,436 - INFO - [render-loss] step=82400 kept 26/48 samples (t_value >= 0.50)
2026-05-03 16:23:17,350 - INFO - Step   82600 | Epoch  62 | MSE: 0.3341 | Steps/sec: 1.29 | LR: 1.58e-04 | Render_L1: 0.0239 | Alpha_L1: 0.0298 | Render_LPIPS: 0.1407 | cos(c,null): +0.4053 | GradNorm: 0.3612 | MSE/t: [0.00-0.50]0.511(n=4801) [0.50-0.85]0.167(n=4416) [0.85-0.95]0.047(n=363) [0.95-1.00]0.033(n=20)
2026-05-03 16:23:17,425 - INFO - [render-loss] step=82600 kept 24/48 samples (t_value >= 0.50)
2026-05-03 16:25:51,298 - INFO - Step   82800 | Epoch  62 | MSE: 0.3365 | Steps/sec: 1.30 | LR: 1.58e-04 | Render_L1: 0.0242 | Alpha_L1: 0.0303 | Render_LPIPS: 0.1423 | cos(c,null): +0.4086 | GradNorm: 0.3694 | MSE/t: [0.00-0.50]0.509(n=4861) [0.50-0.85]0.169(n=4375) [0.85-0.95]0.046(n=353) [0.95-1.00]0.037(n=11)
2026-05-03 16:25:51,375 - INFO - [render-loss] step=82800 kept 26/48 samples (t_value >= 0.50)
2026-05-03 16:28:26,007 - INFO - Step   83000 | Epoch  62 | MSE: 0.3346 | Steps/sec: 1.29 | LR: 1.58e-04 | Render_L1: 0.0240 | Alpha_L1: 0.0302 | Render_LPIPS: 0.1409 | cos(c,null): +0.4083 | GradNorm: 0.3615 | MSE/t: [0.00-0.50]0.513(n=4771) [0.50-0.85]0.168(n=4420) [0.85-0.95]0.048(n=396) [0.95-1.00]0.038(n=13)
2026-05-03 16:28:26,223 - INFO - [cond] cfg_signal=0.0618 (min=0.0361 max=0.0863, n=16) | class_signal=0.0664 (min=0.0331 max=0.0971, n=16) | pred_rms=0.7796
2026-05-03 16:28:34,301 - INFO - [validation] saved: output/jit_B8_postfix_render256_20260503_024444/dit_validation/epoch_062_step_0083000_class005.png (class=5, sampler=heun, steps=100)
2026-05-03 16:28:35,525 - INFO - [overrides] applied from jit/configs/overrides.yaml: lr_scale=1.0 max_grad_norm=5.0 null_repel_weight=0.0 P_mean=0.0
2026-05-03 16:28:35,595 - INFO - [render-loss] step=83000 kept 23/48 samples (t_value >= 0.50)
2026-05-03 16:31:11,204 - INFO - Step   83200 | Epoch  62 | MSE: 0.3298 | Steps/sec: 1.21 | LR: 1.57e-04 | Render_L1: 0.0240 | Alpha_L1: 0.0297 | Render_LPIPS: 0.1406 | cos(c,null): +0.4089 | GradNorm: 0.3509 | MSE/t: [0.00-0.50]0.510(n=4677) [0.50-0.85]0.169(n=4525) [0.85-0.95]0.048(n=380) [0.95-1.00]0.044(n=18)
2026-05-03 16:31:11,277 - INFO - [render-loss] step=83200 kept 21/48 samples (t_value >= 0.50)
2026-05-03 16:33:47,730 - INFO - Step   83400 | Epoch  63 | MSE: 0.3310 | Steps/sec: 1.28 | LR: 1.57e-04 | Render_L1: 0.0242 | Alpha_L1: 0.0300 | Render_LPIPS: 0.1415 | cos(c,null): +0.4080 | GradNorm: 0.3690 | MSE/t: [0.00-0.50]0.512(n=4691) [0.50-0.85]0.168(n=4484) [0.85-0.95]0.048(n=409) [0.95-1.00]0.037(n=16)
2026-05-03 16:33:47,807 - INFO - [render-loss] step=83400 kept 22/48 samples (t_value >= 0.50)
2026-05-03 16:36:24,269 - INFO - Step   83600 | Epoch  63 | MSE: 0.3316 | Steps/sec: 1.28 | LR: 1.57e-04 | Render_L1: 0.0240 | Alpha_L1: 0.0304 | Render_LPIPS: 0.1417 | cos(c,null): +0.4115 | GradNorm: 0.3548 | MSE/t: [0.00-0.50]0.509(n=4734) [0.50-0.85]0.169(n=4451) [0.85-0.95]0.048(n=405) [0.95-1.00]0.038(n=10)
2026-05-03 16:36:24,343 - INFO - [render-loss] step=83600 kept 26/48 samples (t_value >= 0.50)
2026-05-03 16:38:57,544 - INFO - Step   83800 | Epoch  63 | MSE: 0.3378 | Steps/sec: 1.30 | LR: 1.57e-04 | Render_L1: 0.0241 | Alpha_L1: 0.0301 | Render_LPIPS: 0.1407 | cos(c,null): +0.4119 | GradNorm: 0.3683 | MSE/t: [0.00-0.50]0.508(n=4902) [0.50-0.85]0.171(n=4317) [0.85-0.95]0.047(n=366) [0.95-1.00]0.037(n=15)
2026-05-03 16:38:57,621 - INFO - [render-loss] step=83800 kept 22/48 samples (t_value >= 0.50)
2026-05-03 16:41:33,381 - INFO - Step   84000 | Epoch  63 | MSE: 0.3316 | Steps/sec: 1.28 | LR: 1.57e-04 | Render_L1: 0.0239 | Alpha_L1: 0.0300 | Render_LPIPS: 0.1399 | cos(c,null): +0.4146 | GradNorm: 0.3627 | MSE/t: [0.00-0.50]0.514(n=4674) [0.50-0.85]0.169(n=4497) [0.85-0.95]0.047(n=412) [0.95-1.00]0.040(n=17)
2026-05-03 16:41:33,590 - INFO - [cond] cfg_signal=0.0656 (min=0.0380 max=0.0968, n=16) | class_signal=0.0682 (min=0.0353 max=0.0912, n=16) | pred_rms=0.7818
2026-05-03 16:41:41,748 - INFO - [validation] saved: output/jit_B8_postfix_render256_20260503_024444/dit_validation/epoch_063_step_0084000_class059.png (class=59, sampler=heun, steps=100)
2026-05-03 16:41:42,957 - INFO - [overrides] applied from jit/configs/overrides.yaml: lr_scale=1.0 max_grad_norm=5.0 null_repel_weight=0.0 P_mean=0.0
2026-05-03 16:41:43,027 - INFO - [render-loss] step=84000 kept 22/48 samples (t_value >= 0.50)
2026-05-03 16:44:17,366 - INFO - Step   84200 | Epoch  63 | MSE: 0.3381 | Steps/sec: 1.22 | LR: 1.56e-04 | Render_L1: 0.0240 | Alpha_L1: 0.0304 | Render_LPIPS: 0.1400 | cos(c,null): +0.4156 | GradNorm: 0.3593 | MSE/t: [0.00-0.50]0.512(n=4864) [0.50-0.85]0.169(n=4347) [0.85-0.95]0.047(n=380) [0.95-1.00]0.041(n=9)
2026-05-03 16:44:17,440 - INFO - [render-loss] step=84200 kept 24/48 samples (t_value >= 0.50)
2026-05-03 16:46:51,808 - INFO - Step   84400 | Epoch  63 | MSE: 0.3420 | Steps/sec: 1.29 | LR: 1.56e-04 | Render_L1: 0.0240 | Alpha_L1: 0.0300 | Render_LPIPS: 0.1417 | cos(c,null): +0.4151 | GradNorm: 0.3589 | MSE/t: [0.00-0.50]0.521(n=4858) [0.50-0.85]0.169(n=4327) [0.85-0.95]0.049(n=397) [0.95-1.00]0.033(n=18)
2026-05-03 16:46:51,882 - INFO - [render-loss] step=84400 kept 24/48 samples (t_value >= 0.50)
2026-05-03 16:49:26,138 - INFO - Step   84600 | Epoch  63 | MSE: 0.3366 | Steps/sec: 1.30 | LR: 1.56e-04 | Render_L1: 0.0241 | Alpha_L1: 0.0298 | Render_LPIPS: 0.1405 | cos(c,null): +0.4171 | GradNorm: 0.3695 | MSE/t: [0.00-0.50]0.510(n=4866) [0.50-0.85]0.169(n=4295) [0.85-0.95]0.048(n=424) [0.95-1.00]0.035(n=15)
2026-05-03 16:49:26,212 - INFO - [render-loss] step=84600 kept 20/48 samples (t_value >= 0.50)
2026-05-03 16:52:02,510 - INFO - Step   84800 | Epoch  64 | MSE: 0.3339 | Steps/sec: 1.28 | LR: 1.56e-04 | Render_L1: 0.0242 | Alpha_L1: 0.0300 | Render_LPIPS: 0.1416 | cos(c,null): +0.4178 | GradNorm: 0.3520 | MSE/t: [0.00-0.50]0.512(n=4734) [0.50-0.85]0.171(n=4455) [0.85-0.95]0.048(n=393) [0.95-1.00]0.040(n=18)
2026-05-03 16:52:02,584 - INFO - [render-loss] step=84800 kept 23/48 samples (t_value >= 0.50)
2026-05-03 16:54:38,395 - INFO - Step   85000 | Epoch  64 | MSE: 0.3341 | Steps/sec: 1.28 | LR: 1.56e-04 | Render_L1: 0.0235 | Alpha_L1: 0.0295 | Render_LPIPS: 0.1386 | cos(c,null): +0.4192 | GradNorm: 0.3611 | MSE/t: [0.00-0.50]0.517(n=4723) [0.50-0.85]0.167(n=4467) [0.85-0.95]0.046(n=394) [0.95-1.00]0.037(n=16)
2026-05-03 16:54:38,602 - INFO - [cond] cfg_signal=0.0621 (min=0.0373 max=0.0924, n=16) | class_signal=0.0667 (min=0.0319 max=0.0953, n=16) | pred_rms=0.7968
2026-05-03 16:54:46,794 - INFO - [validation] saved: output/jit_B8_postfix_render256_20260503_024444/dit_validation/epoch_064_step_0085000_class096.png (class=96, sampler=heun, steps=100)
2026-05-03 16:54:48,023 - INFO - [overrides] applied from jit/configs/overrides.yaml: lr_scale=1.0 max_grad_norm=5.0 null_repel_weight=0.0 P_mean=0.0
2026-05-03 16:54:48,094 - INFO - [render-loss] step=85000 kept 28/48 samples (t_value >= 0.50)
2026-05-03 16:57:22,252 - INFO - Step   85200 | Epoch  64 | MSE: 0.3382 | Steps/sec: 1.22 | LR: 1.56e-04 | Render_L1: 0.0240 | Alpha_L1: 0.0306 | Render_LPIPS: 0.1407 | cos(c,null): +0.4197 | GradNorm: 0.3611 | MSE/t: [0.00-0.50]0.511(n=4899) [0.50-0.85]0.169(n=4290) [0.85-0.95]0.047(n=397) [0.95-1.00]0.035(n=14)
2026-05-03 16:57:22,329 - INFO - [render-loss] step=85200 kept 29/48 samples (t_value >= 0.50)
2026-05-03 16:59:56,971 - INFO - Step   85400 | Epoch  64 | MSE: 0.3354 | Steps/sec: 1.29 | LR: 1.55e-04 | Render_L1: 0.0245 | Alpha_L1: 0.0302 | Render_LPIPS: 0.1426 | cos(c,null): +0.4195 | GradNorm: 0.3649 | MSE/t: [0.00-0.50]0.513(n=4790) [0.50-0.85]0.170(n=4382) [0.85-0.95]0.048(n=411) [0.95-1.00]0.036(n=17)
2026-05-03 16:59:57,045 - INFO - [render-loss] step=85400 kept 29/48 samples (t_value >= 0.50)
2026-05-03 17:02:31,527 - INFO - Step   85600 | Epoch  64 | MSE: 0.3386 | Steps/sec: 1.29 | LR: 1.55e-04 | Render_L1: 0.0241 | Alpha_L1: 0.0302 | Render_LPIPS: 0.1412 | cos(c,null): +0.4176 | GradNorm: 0.3518 | MSE/t: [0.00-0.50]0.515(n=4820) [0.50-0.85]0.172(n=4370) [0.85-0.95]0.047(n=390) [0.95-1.00]0.037(n=20)
2026-05-03 17:02:31,601 - INFO - [render-loss] step=85600 kept 18/48 samples (t_value >= 0.50)
2026-05-03 17:05:05,818 - INFO - Step   85800 | Epoch  64 | MSE: 0.3365 | Steps/sec: 1.30 | LR: 1.55e-04 | Render_L1: 0.0238 | Alpha_L1: 0.0300 | Render_LPIPS: 0.1404 | cos(c,null): +0.4175 | GradNorm: 0.3599 | MSE/t: [0.00-0.50]0.508(n=4883) [0.50-0.85]0.168(n=4356) [0.85-0.95]0.046(n=348) [0.95-1.00]0.036(n=13)
2026-05-03 17:05:05,892 - INFO - [render-loss] step=85800 kept 21/48 samples (t_value >= 0.50)
2026-05-03 17:07:41,331 - INFO - Step   86000 | Epoch  64 | MSE: 0.3330 | Steps/sec: 1.29 | LR: 1.55e-04 | Render_L1: 0.0243 | Alpha_L1: 0.0304 | Render_LPIPS: 0.1418 | cos(c,null): +0.4189 | GradNorm: 0.3610 | MSE/t: [0.00-0.50]0.514(n=4690) [0.50-0.85]0.171(n=4479) [0.85-0.95]0.047(n=412) [0.95-1.00]0.037(n=19)
2026-05-03 17:07:41,546 - INFO - [cond] cfg_signal=0.0640 (min=0.0400 max=0.1062, n=16) | class_signal=0.0661 (min=0.0357 max=0.0889, n=16) | pred_rms=0.8047
2026-05-03 17:07:49,719 - INFO - [validation] saved: output/jit_B8_postfix_render256_20260503_024444/dit_validation/epoch_064_step_0086000_class017.png (class=17, sampler=heun, steps=100)
2026-05-03 17:07:51,085 - INFO - [overrides] applied from jit/configs/overrides.yaml: lr_scale=1.0 max_grad_norm=5.0 null_repel_weight=0.0 P_mean=0.0
2026-05-03 17:07:51,167 - INFO - [render-loss] step=86000 kept 21/48 samples (t_value >= 0.50)
2026-05-03 17:10:26,845 - INFO - Step   86200 | Epoch  65 | MSE: 0.3303 | Steps/sec: 1.21 | LR: 1.55e-04 | Render_L1: 0.0234 | Alpha_L1: 0.0294 | Render_LPIPS: 0.1386 | cos(c,null): +0.4177 | GradNorm: 0.3577 | MSE/t: [0.00-0.50]0.506(n=4761) [0.50-0.85]0.169(n=4416) [0.85-0.95]0.047(n=409) [0.95-1.00]0.032(n=14)
2026-05-03 17:10:26,921 - INFO - [render-loss] step=86200 kept 22/48 samples (t_value >= 0.50)
2026-05-03 17:13:01,758 - INFO - Step   86400 | Epoch  65 | MSE: 0.3362 | Steps/sec: 1.29 | LR: 1.54e-04 | Render_L1: 0.0237 | Alpha_L1: 0.0298 | Render_LPIPS: 0.1398 | cos(c,null): +0.4169 | GradNorm: 0.3702 | MSE/t: [0.00-0.50]0.514(n=4786) [0.50-0.85]0.169(n=4436) [0.85-0.95]0.047(n=363) [0.95-1.00]0.038(n=15)
2026-05-03 17:13:01,835 - INFO - [render-loss] step=86400 kept 23/48 samples (t_value >= 0.50)
2026-05-03 17:15:38,099 - INFO - Step   86600 | Epoch  65 | MSE: 0.3313 | Steps/sec: 1.28 | LR: 1.54e-04 | Render_L1: 0.0237 | Alpha_L1: 0.0302 | Render_LPIPS: 0.1402 | cos(c,null): +0.4170 | GradNorm: 0.3515 | MSE/t: [0.00-0.50]0.511(n=4721) [0.50-0.85]0.168(n=4471) [0.85-0.95]0.047(n=393) [0.95-1.00]0.035(n=15)
2026-05-03 17:15:38,174 - INFO - [render-loss] step=86600 kept 23/48 samples (t_value >= 0.50)
2026-05-03 17:18:15,119 - INFO - Step   86800 | Epoch  65 | MSE: 0.3309 | Steps/sec: 1.27 | LR: 1.54e-04 | Render_L1: 0.0239 | Alpha_L1: 0.0298 | Render_LPIPS: 0.1394 | cos(c,null): +0.4190 | GradNorm: 0.3563 | MSE/t: [0.00-0.50]0.511(n=4698) [0.50-0.85]0.168(n=4512) [0.85-0.95]0.047(n=377) [0.95-1.00]0.033(n=13)
2026-05-03 17:18:15,193 - INFO - [render-loss] step=86800 kept 21/48 samples (t_value >= 0.50)
2026-05-03 17:20:50,881 - INFO - Step   87000 | Epoch  65 | MSE: 0.3344 | Steps/sec: 1.28 | LR: 1.54e-04 | Render_L1: 0.0232 | Alpha_L1: 0.0291 | Render_LPIPS: 0.1388 | cos(c,null): +0.4175 | GradNorm: 0.3579 | MSE/t: [0.00-0.50]0.515(n=4782) [0.50-0.85]0.166(n=4399) [0.85-0.95]0.047(n=402) [0.95-1.00]0.036(n=17)
2026-05-03 17:20:51,092 - INFO - [cond] cfg_signal=0.0636 (min=0.0421 max=0.1022, n=16) | class_signal=0.0658 (min=0.0430 max=0.0824, n=16) | pred_rms=0.7982
2026-05-03 17:20:59,179 - INFO - [validation] saved: output/jit_B8_postfix_render256_20260503_024444/dit_validation/epoch_065_step_0087000_class048.png (class=48, sampler=heun, steps=100)
2026-05-03 17:21:00,421 - INFO - [overrides] applied from jit/configs/overrides.yaml: lr_scale=1.0 max_grad_norm=5.0 null_repel_weight=0.0 P_mean=0.0
2026-05-03 17:21:00,491 - INFO - [render-loss] step=87000 kept 21/48 samples (t_value >= 0.50)
2026-05-03 17:23:35,733 - INFO - Step   87200 | Epoch  65 | MSE: 0.3367 | Steps/sec: 1.21 | LR: 1.54e-04 | Render_L1: 0.0236 | Alpha_L1: 0.0294 | Render_LPIPS: 0.1392 | cos(c,null): +0.4179 | GradNorm: 0.3632 | MSE/t: [0.00-0.50]0.514(n=4844) [0.50-0.85]0.167(n=4326) [0.85-0.95]0.048(n=415) [0.95-1.00]0.039(n=15)
2026-05-03 17:23:35,808 - INFO - [render-loss] step=87200 kept 20/48 samples (t_value >= 0.50)
2026-05-03 17:26:11,646 - INFO - Step   87400 | Epoch  66 | MSE: 0.3334 | Steps/sec: 1.28 | LR: 1.53e-04 | Render_L1: 0.0239 | Alpha_L1: 0.0296 | Render_LPIPS: 0.1402 | cos(c,null): +0.4196 | GradNorm: 0.3483 | MSE/t: [0.00-0.50]0.510(n=4786) [0.50-0.85]0.167(n=4435) [0.85-0.95]0.047(n=361) [0.95-1.00]0.044(n=18)
2026-05-03 17:26:11,720 - INFO - [render-loss] step=87400 kept 24/48 samples (t_value >= 0.50)
2026-05-03 17:28:46,253 - INFO - Step   87600 | Epoch  66 | MSE: 0.3327 | Steps/sec: 1.29 | LR: 1.53e-04 | Render_L1: 0.0239 | Alpha_L1: 0.0298 | Render_LPIPS: 0.1398 | cos(c,null): +0.4195 | GradNorm: 0.3596 | MSE/t: [0.00-0.50]0.508(n=4773) [0.50-0.85]0.170(n=4382) [0.85-0.95]0.047(n=431) [0.95-1.00]0.038(n=14)
2026-05-03 17:28:46,330 - INFO - [render-loss] step=87600 kept 23/48 samples (t_value >= 0.50)
2026-05-03 17:31:20,131 - INFO - Step   87800 | Epoch  66 | MSE: 0.3387 | Steps/sec: 1.30 | LR: 1.53e-04 | Render_L1: 0.0239 | Alpha_L1: 0.0293 | Render_LPIPS: 0.1399 | cos(c,null): +0.4212 | GradNorm: 0.3527 | MSE/t: [0.00-0.50]0.511(n=4903) [0.50-0.85]0.169(n=4334) [0.85-0.95]0.047(n=351) [0.95-1.00]0.040(n=12)
2026-05-03 17:31:20,206 - INFO - [render-loss] step=87800 kept 22/48 samples (t_value >= 0.50)
2026-05-03 17:33:54,451 - INFO - Step   88000 | Epoch  66 | MSE: 0.3361 | Steps/sec: 1.30 | LR: 1.53e-04 | Render_L1: 0.0236 | Alpha_L1: 0.0295 | Render_LPIPS: 0.1397 | cos(c,null): +0.4208 | GradNorm: 0.3598 | MSE/t: [0.00-0.50]0.513(n=4778) [0.50-0.85]0.170(n=4439) [0.85-0.95]0.047(n=362) [0.95-1.00]0.039(n=21)
2026-05-03 17:33:54,665 - INFO - [cond] cfg_signal=0.0623 (min=0.0372 max=0.0993, n=16) | class_signal=0.0670 (min=0.0340 max=0.0900, n=16) | pred_rms=0.8002
2026-05-03 17:34:02,779 - INFO - [validation] saved: output/jit_B8_postfix_render256_20260503_024444/dit_validation/epoch_066_step_0088000_class088.png (class=88, sampler=heun, steps=100)
2026-05-03 17:34:04,020 - INFO - [overrides] applied from jit/configs/overrides.yaml: lr_scale=1.0 max_grad_norm=5.0 null_repel_weight=0.0 P_mean=0.0
2026-05-03 17:34:04,090 - INFO - [render-loss] step=88000 kept 22/48 samples (t_value >= 0.50)
2026-05-03 17:36:39,794 - INFO - Step   88200 | Epoch  66 | MSE: 0.3325 | Steps/sec: 1.21 | LR: 1.53e-04 | Render_L1: 0.0236 | Alpha_L1: 0.0294 | Render_LPIPS: 0.1396 | cos(c,null): +0.4227 | GradNorm: 0.3469 | MSE/t: [0.00-0.50]0.513(n=4707) [0.50-0.85]0.169(n=4508) [0.85-0.95]0.048(n=371) [0.95-1.00]0.044(n=14)
2026-05-03 17:36:39,868 - INFO - [render-loss] step=88200 kept 23/48 samples (t_value >= 0.50)
2026-05-03 17:39:14,020 - INFO - Step   88400 | Epoch  66 | MSE: 0.3344 | Steps/sec: 1.30 | LR: 1.52e-04 | Render_L1: 0.0234 | Alpha_L1: 0.0291 | Render_LPIPS: 0.1378 | cos(c,null): +0.4224 | GradNorm: 0.3560 | MSE/t: [0.00-0.50]0.513(n=4795) [0.50-0.85]0.167(n=4394) [0.85-0.95]0.048(n=388) [0.95-1.00]0.036(n=23)
2026-05-03 17:39:14,098 - INFO - [render-loss] step=88400 kept 24/48 samples (t_value >= 0.50)
2026-05-03 17:41:48,413 - INFO - Step   88600 | Epoch  66 | MSE: 0.3387 | Steps/sec: 1.30 | LR: 1.52e-04 | Render_L1: 0.0237 | Alpha_L1: 0.0298 | Render_LPIPS: 0.1392 | cos(c,null): +0.4243 | GradNorm: 0.3490 | MSE/t: [0.00-0.50]0.512(n=4902) [0.50-0.85]0.168(n=4307) [0.85-0.95]0.046(n=377) [0.95-1.00]0.035(n=14)
2026-05-03 17:41:48,487 - INFO - [render-loss] step=88600 kept 26/48 samples (t_value >= 0.50)
2026-05-03 17:44:23,898 - INFO - Step   88800 | Epoch  67 | MSE: 0.3342 | Steps/sec: 1.29 | LR: 1.52e-04 | Render_L1: 0.0237 | Alpha_L1: 0.0289 | Render_LPIPS: 0.1402 | cos(c,null): +0.4229 | GradNorm: 0.3633 | MSE/t: [0.00-0.50]0.513(n=4776) [0.50-0.85]0.167(n=4416) [0.85-0.95]0.046(n=391) [0.95-1.00]0.035(n=17)
2026-05-03 17:44:23,973 - INFO - [render-loss] step=88800 kept 21/48 samples (t_value >= 0.50)
2026-05-03 17:46:57,886 - INFO - Step   89000 | Epoch  67 | MSE: 0.3355 | Steps/sec: 1.30 | LR: 1.52e-04 | Render_L1: 0.0237 | Alpha_L1: 0.0292 | Render_LPIPS: 0.1388 | cos(c,null): +0.4248 | GradNorm: 0.3573 | MSE/t: [0.00-0.50]0.511(n=4831) [0.50-0.85]0.168(n=4358) [0.85-0.95]0.047(n=396) [0.95-1.00]0.043(n=15)
2026-05-03 17:46:58,106 - INFO - [cond] cfg_signal=0.0617 (min=0.0327 max=0.0986, n=16) | class_signal=0.0649 (min=0.0409 max=0.0808, n=16) | pred_rms=0.8104
2026-05-03 17:47:06,756 - INFO - [validation] saved: output/jit_B8_postfix_render256_20260503_024444/dit_validation/epoch_067_step_0089000_class085.png (class=85, sampler=heun, steps=100)
2026-05-03 17:47:08,481 - INFO - [overrides] applied from jit/configs/overrides.yaml: lr_scale=1.0 max_grad_norm=5.0 null_repel_weight=0.0 P_mean=0.0
2026-05-03 17:47:08,552 - INFO - [render-loss] step=89000 kept 20/48 samples (t_value >= 0.50)
2026-05-03 17:49:44,211 - INFO - Step   89200 | Epoch  67 | MSE: 0.3376 | Steps/sec: 1.20 | LR: 1.52e-04 | Render_L1: 0.0237 | Alpha_L1: 0.0297 | Render_LPIPS: 0.1399 | cos(c,null): +0.4252 | GradNorm: 0.3535 | MSE/t: [0.00-0.50]0.516(n=4802) [0.50-0.85]0.169(n=4401) [0.85-0.95]0.047(n=383) [0.95-1.00]0.038(n=14)
2026-05-03 17:49:44,285 - INFO - [render-loss] step=89200 kept 25/48 samples (t_value >= 0.50)
2026-05-03 17:52:18,408 - INFO - Step   89400 | Epoch  67 | MSE: 0.3324 | Steps/sec: 1.30 | LR: 1.51e-04 | Render_L1: 0.0239 | Alpha_L1: 0.0297 | Render_LPIPS: 0.1403 | cos(c,null): +0.4241 | GradNorm: 0.3584 | MSE/t: [0.00-0.50]0.512(n=4729) [0.50-0.85]0.168(n=4485) [0.85-0.95]0.047(n=369) [0.95-1.00]0.036(n=17)
2026-05-03 17:52:18,483 - INFO - [render-loss] step=89400 kept 25/48 samples (t_value >= 0.50)
2026-05-03 17:54:53,568 - INFO - Step   89600 | Epoch  67 | MSE: 0.3335 | Steps/sec: 1.29 | LR: 1.51e-04 | Render_L1: 0.0239 | Alpha_L1: 0.0293 | Render_LPIPS: 0.1398 | cos(c,null): +0.4241 | GradNorm: 0.3528 | MSE/t: [0.00-0.50]0.509(n=4770) [0.50-0.85]0.169(n=4459) [0.85-0.95]0.049(n=360) [0.95-1.00]0.041(n=11)
2026-05-03 17:54:53,642 - INFO - [render-loss] step=89600 kept 26/48 samples (t_value >= 0.50)
2026-05-03 17:57:28,442 - INFO - Step   89800 | Epoch  67 | MSE: 0.3322 | Steps/sec: 1.29 | LR: 1.51e-04 | Render_L1: 0.0234 | Alpha_L1: 0.0293 | Render_LPIPS: 0.1386 | cos(c,null): +0.4276 | GradNorm: 0.3559 | MSE/t: [0.00-0.50]0.511(n=4754) [0.50-0.85]0.167(n=4440) [0.85-0.95]0.048(n=386) [0.95-1.00]0.039(n=20)
2026-05-03 17:57:28,516 - INFO - [render-loss] step=89800 kept 25/48 samples (t_value >= 0.50)
2026-05-03 18:00:03,305 - INFO - Step   90000 | Epoch  68 | MSE: 0.3323 | Steps/sec: 1.29 | LR: 1.51e-04 | Render_L1: 0.0233 | Alpha_L1: 0.0296 | Render_LPIPS: 0.1383 | cos(c,null): +0.4281 | GradNorm: 0.3570 | MSE/t: [0.00-0.50]0.511(n=4749) [0.50-0.85]0.167(n=4457) [0.85-0.95]0.048(n=377) [0.95-1.00]0.034(n=17)
2026-05-03 18:00:03,512 - INFO - [cond] cfg_signal=0.0603 (min=0.0318 max=0.0945, n=16) | class_signal=0.0659 (min=0.0414 max=0.0900, n=16) | pred_rms=0.8083
2026-05-03 18:00:11,725 - INFO - [validation] saved: output/jit_B8_postfix_render256_20260503_024444/dit_validation/epoch_068_step_0090000_class091.png (class=91, sampler=heun, steps=100)
2026-05-03 18:00:12,952 - INFO - [overrides] applied from jit/configs/overrides.yaml: lr_scale=1.0 max_grad_norm=5.0 null_repel_weight=0.0 P_mean=0.0
2026-05-03 18:00:13,024 - INFO - [render-loss] step=90000 kept 23/48 samples (t_value >= 0.50)
2026-05-03 18:02:47,710 - INFO - Step   90200 | Epoch  68 | MSE: 0.3339 | Steps/sec: 1.22 | LR: 1.51e-04 | Render_L1: 0.0234 | Alpha_L1: 0.0294 | Render_LPIPS: 0.1375 | cos(c,null): +0.4286 | GradNorm: 0.3534 | MSE/t: [0.00-0.50]0.509(n=4802) [0.50-0.85]0.168(n=4419) [0.85-0.95]0.047(n=364) [0.95-1.00]0.034(n=15)
2026-05-03 18:02:47,785 - INFO - [render-loss] step=90200 kept 23/48 samples (t_value >= 0.50)
2026-05-03 18:05:22,484 - INFO - Step   90400 | Epoch  68 | MSE: 0.3358 | Steps/sec: 1.29 | LR: 1.50e-04 | Render_L1: 0.0235 | Alpha_L1: 0.0289 | Render_LPIPS: 0.1383 | cos(c,null): +0.4286 | GradNorm: 0.3464 | MSE/t: [0.00-0.50]0.509(n=4866) [0.50-0.85]0.167(n=4365) [0.85-0.95]0.048(n=352) [0.95-1.00]0.035(n=17)
2026-05-03 18:05:22,558 - INFO - [render-loss] step=90400 kept 25/48 samples (t_value >= 0.50)
2026-05-03 18:07:56,400 - INFO - Step   90600 | Epoch  68 | MSE: 0.3363 | Steps/sec: 1.30 | LR: 1.50e-04 | Render_L1: 0.0234 | Alpha_L1: 0.0290 | Render_LPIPS: 0.1382 | cos(c,null): +0.4278 | GradNorm: 0.3555 | MSE/t: [0.00-0.50]0.511(n=4874) [0.50-0.85]0.167(n=4328) [0.85-0.95]0.047(n=383) [0.95-1.00]0.041(n=15)
2026-05-03 18:07:56,475 - INFO - [render-loss] step=90600 kept 21/48 samples (t_value >= 0.50)
2026-05-03 18:10:31,915 - INFO - Step   90800 | Epoch  68 | MSE: 0.3344 | Steps/sec: 1.29 | LR: 1.50e-04 | Render_L1: 0.0239 | Alpha_L1: 0.0297 | Render_LPIPS: 0.1392 | cos(c,null): +0.4296 | GradNorm: 0.3590 | MSE/t: [0.00-0.50]0.511(n=4792) [0.50-0.85]0.168(n=4428) [0.85-0.95]0.048(n=367) [0.95-1.00]0.039(n=13)
2026-05-03 18:10:31,990 - INFO - [render-loss] step=90800 kept 21/48 samples (t_value >= 0.50)
2026-05-03 18:13:07,330 - INFO - Step   91000 | Epoch  68 | MSE: 0.3389 | Steps/sec: 1.29 | LR: 1.50e-04 | Render_L1: 0.0240 | Alpha_L1: 0.0297 | Render_LPIPS: 0.1400 | cos(c,null): +0.4295 | GradNorm: 0.3513 | MSE/t: [0.00-0.50]0.513(n=4853) [0.50-0.85]0.170(n=4365) [0.85-0.95]0.049(n=365) [0.95-1.00]0.036(n=17)
2026-05-03 18:13:07,546 - INFO - [cond] cfg_signal=0.0614 (min=0.0373 max=0.0984, n=16) | class_signal=0.0674 (min=0.0346 max=0.0904, n=16) | pred_rms=0.8067
2026-05-03 18:13:15,562 - INFO - [validation] saved: output/jit_B8_postfix_render256_20260503_024444/dit_validation/epoch_068_step_0091000_class088.png (class=88, sampler=heun, steps=100)
2026-05-03 18:13:16,795 - INFO - [overrides] applied from jit/configs/overrides.yaml: lr_scale=1.0 max_grad_norm=5.0 null_repel_weight=0.0 P_mean=0.0
2026-05-03 18:13:16,865 - INFO - [render-loss] step=91000 kept 24/48 samples (t_value >= 0.50)
2026-05-03 18:15:51,544 - INFO - Step   91200 | Epoch  68 | MSE: 0.3357 | Steps/sec: 1.22 | LR: 1.50e-04 | Render_L1: 0.0233 | Alpha_L1: 0.0292 | Render_LPIPS: 0.1378 | cos(c,null): +0.4302 | GradNorm: 0.3597 | MSE/t: [0.00-0.50]0.513(n=4810) [0.50-0.85]0.167(n=4394) [0.85-0.95]0.046(n=375) [0.95-1.00]0.035(n=21)
2026-05-03 18:15:51,619 - INFO - [render-loss] step=91200 kept 22/48 samples (t_value >= 0.50)
2026-05-03 18:18:26,731 - INFO - Step   91400 | Epoch  69 | MSE: 0.3360 | Steps/sec: 1.29 | LR: 1.49e-04 | Render_L1: 0.0235 | Alpha_L1: 0.0293 | Render_LPIPS: 0.1384 | cos(c,null): +0.4312 | GradNorm: 0.3517 | MSE/t: [0.00-0.50]0.513(n=4802) [0.50-0.85]0.169(n=4410) [0.85-0.95]0.045(n=379) [0.95-1.00]0.039(n=9)
2026-05-03 18:18:26,805 - INFO - [render-loss] step=91400 kept 18/48 samples (t_value >= 0.50)
2026-05-03 18:21:02,026 - INFO - Step   91600 | Epoch  69 | MSE: 0.3371 | Steps/sec: 1.29 | LR: 1.49e-04 | Render_L1: 0.0231 | Alpha_L1: 0.0290 | Render_LPIPS: 0.1369 | cos(c,null): +0.4313 | GradNorm: 0.3484 | MSE/t: [0.00-0.50]0.516(n=4785) [0.50-0.85]0.170(n=4423) [0.85-0.95]0.048(n=376) [0.95-1.00]0.033(n=16)
2026-05-03 18:21:02,100 - INFO - [render-loss] step=91600 kept 24/48 samples (t_value >= 0.50)
2026-05-03 18:23:36,559 - INFO - Step   91800 | Epoch  69 | MSE: 0.3340 | Steps/sec: 1.29 | LR: 1.49e-04 | Render_L1: 0.0234 | Alpha_L1: 0.0292 | Render_LPIPS: 0.1386 | cos(c,null): +0.4301 | GradNorm: 0.3521 | MSE/t: [0.00-0.50]0.506(n=4852) [0.50-0.85]0.168(n=4368) [0.85-0.95]0.047(n=364) [0.95-1.00]0.033(n=16)
2026-05-03 18:23:36,632 - INFO - [render-loss] step=91800 kept 26/48 samples (t_value >= 0.50)
2026-05-03 18:26:11,756 - INFO - Step   92000 | Epoch  69 | MSE: 0.3335 | Steps/sec: 1.29 | LR: 1.49e-04 | Render_L1: 0.0238 | Alpha_L1: 0.0295 | Render_LPIPS: 0.1395 | cos(c,null): +0.4312 | GradNorm: 0.3513 | MSE/t: [0.00-0.50]0.510(n=4811) [0.50-0.85]0.166(n=4391) [0.85-0.95]0.047(n=382) [0.95-1.00]0.045(n=16)
2026-05-03 18:26:11,964 - INFO - [cond] cfg_signal=0.0585 (min=0.0367 max=0.0916, n=16) | class_signal=0.0639 (min=0.0337 max=0.0793, n=16) | pred_rms=0.8230
2026-05-03 18:26:20,152 - INFO - [validation] saved: output/jit_B8_postfix_render256_20260503_024444/dit_validation/epoch_069_step_0092000_class090.png (class=90, sampler=heun, steps=100)
2026-05-03 18:26:21,397 - INFO - [overrides] applied from jit/configs/overrides.yaml: lr_scale=1.0 max_grad_norm=5.0 null_repel_weight=0.0 P_mean=0.0
2026-05-03 18:26:21,468 - INFO - [render-loss] step=92000 kept 23/48 samples (t_value >= 0.50)
2026-05-03 18:28:55,976 - INFO - Step   92200 | Epoch  69 | MSE: 0.3336 | Steps/sec: 1.22 | LR: 1.49e-04 | Render_L1: 0.0239 | Alpha_L1: 0.0294 | Render_LPIPS: 0.1403 | cos(c,null): +0.4303 | GradNorm: 0.3535 | MSE/t: [0.00-0.50]0.509(n=4799) [0.50-0.85]0.168(n=4404) [0.85-0.95]0.048(n=382) [0.95-1.00]0.032(n=15)
2026-05-03 18:28:56,053 - INFO - [render-loss] step=92200 kept 22/48 samples (t_value >= 0.50)
2026-05-03 18:31:30,590 - INFO - Step   92400 | Epoch  69 | MSE: 0.3343 | Steps/sec: 1.29 | LR: 1.48e-04 | Render_L1: 0.0241 | Alpha_L1: 0.0298 | Render_LPIPS: 0.1405 | cos(c,null): +0.4317 | GradNorm: 0.3489 | MSE/t: [0.00-0.50]0.510(n=4820) [0.50-0.85]0.167(n=4393) [0.85-0.95]0.046(n=375) [0.95-1.00]0.040(n=12)
2026-05-03 18:31:30,663 - INFO - [render-loss] step=92400 kept 28/48 samples (t_value >= 0.50)
2026-05-03 18:34:04,873 - INFO - Step   92600 | Epoch  69 | MSE: 0.3345 | Steps/sec: 1.30 | LR: 1.48e-04 | Render_L1: 0.0230 | Alpha_L1: 0.0289 | Render_LPIPS: 0.1373 | cos(c,null): +0.4339 | GradNorm: 0.3537 | MSE/t: [0.00-0.50]0.511(n=4798) [0.50-0.85]0.168(n=4394) [0.85-0.95]0.047(n=398) [0.95-1.00]0.033(n=10)
2026-05-03 18:34:05,087 - INFO - [render-loss] step=92600 kept 26/48 samples (t_value >= 0.50)
2026-05-03 18:36:39,362 - INFO - Step   92800 | Epoch  70 | MSE: 0.3347 | Steps/sec: 1.29 | LR: 1.48e-04 | Render_L1: 0.0237 | Alpha_L1: 0.0296 | Render_LPIPS: 0.1385 | cos(c,null): +0.4317 | GradNorm: 0.3633 | MSE/t: [0.00-0.50]0.510(n=4812) [0.50-0.85]0.168(n=4398) [0.85-0.95]0.047(n=378) [0.95-1.00]0.039(n=12)
2026-05-03 18:36:39,438 - INFO - [render-loss] step=92800 kept 22/48 samples (t_value >= 0.50)
2026-05-03 18:39:14,476 - INFO - Step   93000 | Epoch  70 | MSE: 0.3350 | Steps/sec: 1.29 | LR: 1.48e-04 | Render_L1: 0.0234 | Alpha_L1: 0.0287 | Render_LPIPS: 0.1394 | cos(c,null): +0.4305 | GradNorm: 0.3424 | MSE/t: [0.00-0.50]0.513(n=4805) [0.50-0.85]0.167(n=4392) [0.85-0.95]0.047(n=383) [0.95-1.00]0.039(n=20)
2026-05-03 18:39:14,689 - INFO - [cond] cfg_signal=0.0622 (min=0.0375 max=0.0934, n=16) | class_signal=0.0653 (min=0.0327 max=0.0837, n=16) | pred_rms=0.8291
2026-05-03 18:39:22,958 - INFO - [validation] saved: output/jit_B8_postfix_render256_20260503_024444/dit_validation/epoch_070_step_0093000_class093.png (class=93, sampler=heun, steps=100)
2026-05-03 18:39:24,197 - INFO - [overrides] applied from jit/configs/overrides.yaml: lr_scale=1.0 max_grad_norm=5.0 null_repel_weight=0.0 P_mean=0.0
2026-05-03 18:39:24,268 - INFO - [render-loss] step=93000 kept 20/48 samples (t_value >= 0.50)
2026-05-03 18:41:59,231 - INFO - Step   93200 | Epoch  70 | MSE: 0.3343 | Steps/sec: 1.22 | LR: 1.48e-04 | Render_L1: 0.0238 | Alpha_L1: 0.0298 | Render_LPIPS: 0.1407 | cos(c,null): +0.4314 | GradNorm: 0.3434 | MSE/t: [0.00-0.50]0.512(n=4815) [0.50-0.85]0.166(n=4361) [0.85-0.95]0.048(n=409) [0.95-1.00]0.036(n=15)
2026-05-03 18:41:59,305 - INFO - [render-loss] step=93200 kept 22/48 samples (t_value >= 0.50)
2026-05-03 18:44:33,620 - INFO - Step   93400 | Epoch  70 | MSE: 0.3350 | Steps/sec: 1.30 | LR: 1.47e-04 | Render_L1: 0.0233 | Alpha_L1: 0.0290 | Render_LPIPS: 0.1383 | cos(c,null): +0.4314 | GradNorm: 0.3428 | MSE/t: [0.00-0.50]0.512(n=4807) [0.50-0.85]0.168(n=4405) [0.85-0.95]0.047(n=372) [0.95-1.00]0.033(n=16)
2026-05-03 18:44:33,694 - INFO - [render-loss] step=93400 kept 22/48 samples (t_value >= 0.50)
2026-05-03 18:47:08,794 - INFO - Step   93600 | Epoch  70 | MSE: 0.3373 | Steps/sec: 1.29 | LR: 1.47e-04 | Render_L1: 0.0234 | Alpha_L1: 0.0293 | Render_LPIPS: 0.1388 | cos(c,null): +0.4316 | GradNorm: 0.3531 | MSE/t: [0.00-0.50]0.513(n=4836) [0.50-0.85]0.168(n=4377) [0.85-0.95]0.047(n=377) [0.95-1.00]0.032(n=10)
2026-05-03 18:47:08,868 - INFO - [render-loss] step=93600 kept 25/48 samples (t_value >= 0.50)
2026-05-03 18:49:43,950 - INFO - Step   93800 | Epoch  70 | MSE: 0.3349 | Steps/sec: 1.29 | LR: 1.47e-04 | Render_L1: 0.0235 | Alpha_L1: 0.0291 | Render_LPIPS: 0.1386 | cos(c,null): +0.4319 | GradNorm: 0.3421 | MSE/t: [0.00-0.50]0.517(n=4724) [0.50-0.85]0.168(n=4491) [0.85-0.95]0.047(n=370) [0.95-1.00]0.040(n=15)
2026-05-03 18:49:44,025 - INFO - [render-loss] step=93800 kept 29/48 samples (t_value >= 0.50)
2026-05-03 18:52:18,629 - INFO - Step   94000 | Epoch  71 | MSE: 0.3337 | Steps/sec: 1.29 | LR: 1.47e-04 | Render_L1: 0.0235 | Alpha_L1: 0.0293 | Render_LPIPS: 0.1387 | cos(c,null): +0.4341 | GradNorm: 0.3558 | MSE/t: [0.00-0.50]0.511(n=4774) [0.50-0.85]0.168(n=4427) [0.85-0.95]0.047(n=382) [0.95-1.00]0.038(n=17)
2026-05-03 18:52:18,838 - INFO - [cond] cfg_signal=0.0608 (min=0.0345 max=0.0961, n=16) | class_signal=0.0671 (min=0.0328 max=0.0853, n=16) | pred_rms=0.8053
2026-05-03 18:52:27,084 - INFO - [validation] saved: output/jit_B8_postfix_render256_20260503_024444/dit_validation/epoch_071_step_0094000_class094.png (class=94, sampler=heun, steps=100)
2026-05-03 18:52:28,320 - INFO - [overrides] applied from jit/configs/overrides.yaml: lr_scale=1.0 max_grad_norm=5.0 null_repel_weight=0.0 P_mean=0.0
2026-05-03 18:52:28,393 - INFO - [render-loss] step=94000 kept 19/48 samples (t_value >= 0.50)
2026-05-03 18:55:03,883 - INFO - Step   94200 | Epoch  71 | MSE: 0.3327 | Steps/sec: 1.21 | LR: 1.47e-04 | Render_L1: 0.0235 | Alpha_L1: 0.0289 | Render_LPIPS: 0.1381 | cos(c,null): +0.4342 | GradNorm: 0.3398 | MSE/t: [0.00-0.50]0.511(n=4764) [0.50-0.85]0.167(n=4433) [0.85-0.95]0.047(n=386) [0.95-1.00]0.042(n=17)
2026-05-03 18:55:03,961 - INFO - [render-loss] step=94200 kept 19/48 samples (t_value >= 0.50)
2026-05-03 18:57:39,031 - INFO - Step   94400 | Epoch  71 | MSE: 0.3362 | Steps/sec: 1.29 | LR: 1.46e-04 | Render_L1: 0.0232 | Alpha_L1: 0.0285 | Render_LPIPS: 0.1367 | cos(c,null): +0.4354 | GradNorm: 0.3462 | MSE/t: [0.00-0.50]0.511(n=4825) [0.50-0.85]0.169(n=4416) [0.85-0.95]0.047(n=341) [0.95-1.00]0.030(n=18)
2026-05-03 18:57:39,107 - INFO - [render-loss] step=94400 kept 23/48 samples (t_value >= 0.50)
2026-05-03 19:00:13,472 - INFO - Step   94600 | Epoch  71 | MSE: 0.3327 | Steps/sec: 1.30 | LR: 1.46e-04 | Render_L1: 0.0234 | Alpha_L1: 0.0289 | Render_LPIPS: 0.1373 | cos(c,null): +0.4367 | GradNorm: 0.3594 | MSE/t: [0.00-0.50]0.507(n=4792) [0.50-0.85]0.169(n=4403) [0.85-0.95]0.047(n=386) [0.95-1.00]0.033(n=19)
2026-05-03 19:00:13,548 - INFO - [render-loss] step=94600 kept 26/48 samples (t_value >= 0.50)
2026-05-03 19:02:48,596 - INFO - Step   94800 | Epoch  71 | MSE: 0.3385 | Steps/sec: 1.29 | LR: 1.46e-04 | Render_L1: 0.0238 | Alpha_L1: 0.0293 | Render_LPIPS: 0.1392 | cos(c,null): +0.4392 | GradNorm: 0.3499 | MSE/t: [0.00-0.50]0.511(n=4878) [0.50-0.85]0.170(n=4339) [0.85-0.95]0.046(n=364) [0.95-1.00]0.038(n=19)
2026-05-03 19:02:48,672 - INFO - [render-loss] step=94800 kept 22/48 samples (t_value >= 0.50)
2026-05-03 19:05:24,139 - INFO - Step   95000 | Epoch  71 | MSE: 0.3320 | Steps/sec: 1.29 | LR: 1.46e-04 | Render_L1: 0.0239 | Alpha_L1: 0.0293 | Render_LPIPS: 0.1403 | cos(c,null): +0.4397 | GradNorm: 0.3478 | MSE/t: [0.00-0.50]0.511(n=4720) [0.50-0.85]0.169(n=4493) [0.85-0.95]0.047(n=372) [0.95-1.00]0.032(n=15)
2026-05-03 19:05:24,349 - INFO - [cond] cfg_signal=0.0627 (min=0.0370 max=0.0913, n=16) | class_signal=0.0656 (min=0.0349 max=0.0862, n=16) | pred_rms=0.8155
2026-05-03 19:05:32,522 - INFO - [validation] saved: output/jit_B8_postfix_render256_20260503_024444/dit_validation/epoch_071_step_0095000_class024.png (class=24, sampler=heun, steps=100)
2026-05-03 19:05:33,762 - INFO - [overrides] applied from jit/configs/overrides.yaml: lr_scale=1.0 max_grad_norm=5.0 null_repel_weight=0.0 P_mean=0.0
2026-05-03 19:05:33,832 - INFO - [render-loss] step=95000 kept 20/48 samples (t_value >= 0.50)
2026-05-03 19:08:09,031 - INFO - Step   95200 | Epoch  71 | MSE: 0.3338 | Steps/sec: 1.21 | LR: 1.46e-04 | Render_L1: 0.0235 | Alpha_L1: 0.0296 | Render_LPIPS: 0.1375 | cos(c,null): +0.4403 | GradNorm: 0.3491 | MSE/t: [0.00-0.50]0.509(n=4780) [0.50-0.85]0.170(n=4443) [0.85-0.95]0.046(n=360) [0.95-1.00]0.034(n=17)
2026-05-03 19:08:09,108 - INFO - [render-loss] step=95200 kept 22/48 samples (t_value >= 0.50)
2026-05-03 19:10:44,550 - INFO - Step   95400 | Epoch  72 | MSE: 0.3329 | Steps/sec: 1.29 | LR: 1.45e-04 | Render_L1: 0.0236 | Alpha_L1: 0.0293 | Render_LPIPS: 0.1387 | cos(c,null): +0.4396 | GradNorm: 0.3511 | MSE/t: [0.00-0.50]0.508(n=4806) [0.50-0.85]0.167(n=4406) [0.85-0.95]0.047(n=376) [0.95-1.00]0.038(n=12)
2026-05-03 19:10:44,628 - INFO - [render-loss] step=95400 kept 24/48 samples (t_value >= 0.50)
2026-05-03 19:13:19,496 - INFO - Step   95600 | Epoch  72 | MSE: 0.3328 | Steps/sec: 1.29 | LR: 1.45e-04 | Render_L1: 0.0232 | Alpha_L1: 0.0284 | Render_LPIPS: 0.1364 | cos(c,null): +0.4395 | GradNorm: 0.3614 | MSE/t: [0.00-0.50]0.511(n=4773) [0.50-0.85]0.166(n=4449) [0.85-0.95]0.046(n=368) [0.95-1.00]0.037(n=10)
2026-05-03 19:13:19,570 - INFO - [render-loss] step=95600 kept 25/48 samples (t_value >= 0.50)
2026-05-03 19:15:54,726 - INFO - Step   95800 | Epoch  72 | MSE: 0.3311 | Steps/sec: 1.29 | LR: 1.45e-04 | Render_L1: 0.0230 | Alpha_L1: 0.0288 | Render_LPIPS: 0.1364 | cos(c,null): +0.4376 | GradNorm: 0.3502 | MSE/t: [0.00-0.50]0.509(n=4764) [0.50-0.85]0.166(n=4428) [0.85-0.95]0.046(n=394) [0.95-1.00]0.048(n=14)
2026-05-03 19:15:54,800 - INFO - [render-loss] step=95800 kept 18/48 samples (t_value >= 0.50)
2026-05-03 19:18:28,532 - INFO - Step   96000 | Epoch  72 | MSE: 0.3370 | Steps/sec: 1.30 | LR: 1.45e-04 | Render_L1: 0.0235 | Alpha_L1: 0.0291 | Render_LPIPS: 0.1382 | cos(c,null): +0.4412 | GradNorm: 0.3499 | MSE/t: [0.00-0.50]0.508(n=4892) [0.50-0.85]0.169(n=4309) [0.85-0.95]0.048(n=391) [0.95-1.00]0.046(n=8)
2026-05-03 19:18:28,744 - INFO - [cond] cfg_signal=0.0592 (min=0.0365 max=0.0859, n=16) | class_signal=0.0647 (min=0.0342 max=0.0821, n=16) | pred_rms=0.8104
2026-05-03 19:18:36,897 - INFO - [validation] saved: output/jit_B8_postfix_render256_20260503_024444/dit_validation/epoch_072_step_0096000_class038.png (class=38, sampler=heun, steps=100)
2026-05-03 19:18:38,144 - INFO - [overrides] applied from jit/configs/overrides.yaml: lr_scale=1.0 max_grad_norm=5.0 null_repel_weight=0.0 P_mean=0.0
2026-05-03 19:18:38,215 - INFO - [render-loss] step=96000 kept 23/48 samples (t_value >= 0.50)
2026-05-03 19:21:13,407 - INFO - Step   96200 | Epoch  72 | MSE: 0.3338 | Steps/sec: 1.21 | LR: 1.45e-04 | Render_L1: 0.0239 | Alpha_L1: 0.0293 | Render_LPIPS: 0.1396 | cos(c,null): +0.4406 | GradNorm: 0.3495 | MSE/t: [0.00-0.50]0.514(n=4747) [0.50-0.85]0.168(n=4439) [0.85-0.95]0.048(n=399) [0.95-1.00]0.036(n=15)
2026-05-03 19:21:13,483 - INFO - [render-loss] step=96200 kept 22/48 samples (t_value >= 0.50)
2026-05-03 19:23:47,815 - INFO - Step   96400 | Epoch  72 | MSE: 0.3332 | Steps/sec: 1.30 | LR: 1.44e-04 | Render_L1: 0.0234 | Alpha_L1: 0.0287 | Render_LPIPS: 0.1375 | cos(c,null): +0.4403 | GradNorm: 0.3448 | MSE/t: [0.00-0.50]0.513(n=4763) [0.50-0.85]0.167(n=4437) [0.85-0.95]0.047(n=378) [0.95-1.00]0.035(n=22)
2026-05-03 19:23:47,893 - INFO - [render-loss] step=96400 kept 23/48 samples (t_value >= 0.50)
2026-05-03 19:26:23,333 - INFO - Step   96600 | Epoch  73 | MSE: 0.3315 | Steps/sec: 1.29 | LR: 1.44e-04 | Render_L1: 0.0239 | Alpha_L1: 0.0290 | Render_LPIPS: 0.1402 | cos(c,null): +0.4413 | GradNorm: 0.3589 | MSE/t: [0.00-0.50]0.507(n=4768) [0.50-0.85]0.169(n=4412) [0.85-0.95]0.047(n=411) [0.95-1.00]0.034(n=9)
2026-05-03 19:26:23,408 - INFO - [render-loss] step=96600 kept 26/48 samples (t_value >= 0.50)
2026-05-03 19:28:57,459 - INFO - Step   96800 | Epoch  73 | MSE: 0.3365 | Steps/sec: 1.30 | LR: 1.44e-04 | Render_L1: 0.0233 | Alpha_L1: 0.0286 | Render_LPIPS: 0.1371 | cos(c,null): +0.4429 | GradNorm: 0.3493 | MSE/t: [0.00-0.50]0.510(n=4866) [0.50-0.85]0.168(n=4327) [0.85-0.95]0.047(n=397) [0.95-1.00]0.035(n=10)
2026-05-03 19:28:57,536 - INFO - [render-loss] step=96800 kept 22/48 samples (t_value >= 0.50)
2026-05-03 19:31:33,023 - INFO - Step   97000 | Epoch  73 | MSE: 0.3349 | Steps/sec: 1.29 | LR: 1.44e-04 | Render_L1: 0.0237 | Alpha_L1: 0.0290 | Render_LPIPS: 0.1381 | cos(c,null): +0.4405 | GradNorm: 0.3571 | MSE/t: [0.00-0.50]0.515(n=4762) [0.50-0.85]0.167(n=4464) [0.85-0.95]0.048(n=361) [0.95-1.00]0.040(n=13)
2026-05-03 19:31:33,229 - INFO - [cond] cfg_signal=0.0598 (min=0.0392 max=0.0940, n=16) | class_signal=0.0655 (min=0.0402 max=0.0848, n=16) | pred_rms=0.8097
2026-05-03 19:31:41,417 - INFO - [validation] saved: output/jit_B8_postfix_render256_20260503_024444/dit_validation/epoch_073_step_0097000_class053.png (class=53, sampler=heun, steps=100)
2026-05-03 19:31:42,687 - INFO - [overrides] applied from jit/configs/overrides.yaml: lr_scale=1.0 max_grad_norm=5.0 null_repel_weight=0.0 P_mean=0.0
2026-05-03 19:31:42,758 - INFO - [render-loss] step=97000 kept 21/48 samples (t_value >= 0.50)
2026-05-03 19:34:17,955 - INFO - Step   97200 | Epoch  73 | MSE: 0.3299 | Steps/sec: 1.21 | LR: 1.44e-04 | Render_L1: 0.0234 | Alpha_L1: 0.0291 | Render_LPIPS: 0.1378 | cos(c,null): +0.4413 | GradNorm: 0.3537 | MSE/t: [0.00-0.50]0.510(n=4700) [0.50-0.85]0.168(n=4490) [0.85-0.95]0.046(n=396) [0.95-1.00]0.040(n=14)
2026-05-03 19:34:18,029 - INFO - [render-loss] step=97200 kept 20/48 samples (t_value >= 0.50)
2026-05-03 19:36:53,598 - INFO - Step   97400 | Epoch  73 | MSE: 0.3325 | Steps/sec: 1.28 | LR: 1.43e-04 | Render_L1: 0.0231 | Alpha_L1: 0.0283 | Render_LPIPS: 0.1368 | cos(c,null): +0.4414 | GradNorm: 0.3568 | MSE/t: [0.00-0.50]0.513(n=4740) [0.50-0.85]0.166(n=4483) [0.85-0.95]0.047(n=362) [0.95-1.00]0.041(n=15)
2026-05-03 19:36:53,673 - INFO - [render-loss] step=97400 kept 24/48 samples (t_value >= 0.50)
2026-05-03 19:39:27,822 - INFO - Step   97600 | Epoch  73 | MSE: 0.3375 | Steps/sec: 1.30 | LR: 1.43e-04 | Render_L1: 0.0232 | Alpha_L1: 0.0287 | Render_LPIPS: 0.1361 | cos(c,null): +0.4405 | GradNorm: 0.3463 | MSE/t: [0.00-0.50]0.514(n=4847) [0.50-0.85]0.168(n=4334) [0.85-0.95]0.047(n=406) [0.95-1.00]0.036(n=13)
2026-05-03 19:39:27,896 - INFO - [render-loss] step=97600 kept 28/48 samples (t_value >= 0.50)
2026-05-03 19:42:03,034 - INFO - Step   97800 | Epoch  73 | MSE: 0.3340 | Steps/sec: 1.29 | LR: 1.43e-04 | Render_L1: 0.0237 | Alpha_L1: 0.0295 | Render_LPIPS: 0.1396 | cos(c,null): +0.4393 | GradNorm: 0.3464 | MSE/t: [0.00-0.50]0.513(n=4767) [0.50-0.85]0.168(n=4428) [0.85-0.95]0.048(n=396) [0.95-1.00]0.044(n=9)
2026-05-03 19:42:03,109 - INFO - [render-loss] step=97800 kept 26/48 samples (t_value >= 0.50)
2026-05-03 19:44:38,013 - INFO - Step   98000 | Epoch  74 | MSE: 0.3354 | Steps/sec: 1.29 | LR: 1.43e-04 | Render_L1: 0.0233 | Alpha_L1: 0.0287 | Render_LPIPS: 0.1370 | cos(c,null): +0.4401 | GradNorm: 0.3557 | MSE/t: [0.00-0.50]0.509(n=4845) [0.50-0.85]0.168(n=4401) [0.85-0.95]0.047(n=340) [0.95-1.00]0.034(n=14)
2026-05-03 19:44:38,221 - INFO - [cond] cfg_signal=0.0622 (min=0.0381 max=0.0984, n=16) | class_signal=0.0666 (min=0.0425 max=0.0898, n=16) | pred_rms=0.8282
2026-05-03 19:44:46,341 - INFO - [validation] saved: output/jit_B8_postfix_render256_20260503_024444/dit_validation/epoch_074_step_0098000_class021.png (class=21, sampler=heun, steps=100)
2026-05-03 19:44:47,614 - INFO - [overrides] applied from jit/configs/overrides.yaml: lr_scale=1.0 max_grad_norm=5.0 null_repel_weight=0.0 P_mean=0.0
2026-05-03 19:44:47,684 - INFO - [render-loss] step=98000 kept 16/48 samples (t_value >= 0.50)
2026-05-03 19:47:22,021 - INFO - Step   98200 | Epoch  74 | MSE: 0.3366 | Steps/sec: 1.22 | LR: 1.43e-04 | Render_L1: 0.0230 | Alpha_L1: 0.0283 | Render_LPIPS: 0.1367 | cos(c,null): +0.4408 | GradNorm: 0.3490 | MSE/t: [0.00-0.50]0.512(n=4838) [0.50-0.85]0.168(n=4365) [0.85-0.95]0.047(n=380) [0.95-1.00]0.035(n=17)
2026-05-03 19:47:22,095 - INFO - [render-loss] step=98200 kept 27/48 samples (t_value >= 0.50)
2026-05-03 19:49:57,187 - INFO - Step   98400 | Epoch  74 | MSE: 0.3319 | Steps/sec: 1.29 | LR: 1.42e-04 | Render_L1: 0.0232 | Alpha_L1: 0.0282 | Render_LPIPS: 0.1367 | cos(c,null): +0.4414 | GradNorm: 0.3413 | MSE/t: [0.00-0.50]0.511(n=4747) [0.50-0.85]0.167(n=4455) [0.85-0.95]0.047(n=381) [0.95-1.00]0.034(n=17)
2026-05-03 19:49:57,263 - INFO - [render-loss] step=98400 kept 18/48 samples (t_value >= 0.50)
2026-05-03 19:52:32,088 - INFO - Step   98600 | Epoch  74 | MSE: 0.3341 | Steps/sec: 1.29 | LR: 1.42e-04 | Render_L1: 0.0236 | Alpha_L1: 0.0287 | Render_LPIPS: 0.1385 | cos(c,null): +0.4430 | GradNorm: 0.3496 | MSE/t: [0.00-0.50]0.510(n=4812) [0.50-0.85]0.167(n=4396) [0.85-0.95]0.048(n=383) [0.95-1.00]0.032(n=9)
2026-05-03 19:52:32,163 - INFO - [render-loss] step=98600 kept 25/48 samples (t_value >= 0.50)
2026-05-03 19:55:08,162 - INFO - Step   98800 | Epoch  74 | MSE: 0.3345 | Steps/sec: 1.28 | LR: 1.42e-04 | Render_L1: 0.0236 | Alpha_L1: 0.0292 | Render_LPIPS: 0.1390 | cos(c,null): +0.4433 | GradNorm: 0.3462 | MSE/t: [0.00-0.50]0.511(n=4800) [0.50-0.85]0.168(n=4422) [0.85-0.95]0.047(n=363) [0.95-1.00]0.031(n=15)
2026-05-03 19:55:08,237 - INFO - [render-loss] step=98800 kept 21/48 samples (t_value >= 0.50)
2026-05-03 19:57:43,884 - INFO - Step   99000 | Epoch  74 | MSE: 0.3313 | Steps/sec: 1.28 | LR: 1.42e-04 | Render_L1: 0.0234 | Alpha_L1: 0.0284 | Render_LPIPS: 0.1366 | cos(c,null): +0.4438 | GradNorm: 0.3443 | MSE/t: [0.00-0.50]0.508(n=4760) [0.50-0.85]0.167(n=4470) [0.85-0.95]0.047(n=350) [0.95-1.00]0.041(n=20)
2026-05-03 19:57:44,094 - INFO - [cond] cfg_signal=0.0613 (min=0.0381 max=0.0967, n=16) | class_signal=0.0684 (min=0.0503 max=0.0926, n=16) | pred_rms=0.8160
2026-05-03 19:57:52,400 - INFO - [validation] saved: output/jit_B8_postfix_render256_20260503_024444/dit_validation/epoch_074_step_0099000_class024.png (class=24, sampler=heun, steps=100)
2026-05-03 19:57:53,677 - INFO - [overrides] applied from jit/configs/overrides.yaml: lr_scale=1.0 max_grad_norm=5.0 null_repel_weight=0.0 P_mean=0.0
2026-05-03 19:57:53,748 - INFO - [render-loss] step=99000 kept 24/48 samples (t_value >= 0.50)
2026-05-03 20:00:27,989 - INFO - Step   99200 | Epoch  74 | MSE: 0.3354 | Steps/sec: 1.22 | LR: 1.41e-04 | Render_L1: 0.0233 | Alpha_L1: 0.0290 | Render_LPIPS: 0.1366 | cos(c,null): +0.4425 | GradNorm: 0.3491 | MSE/t: [0.00-0.50]0.510(n=4846) [0.50-0.85]0.168(n=4368) [0.85-0.95]0.045(n=370) [0.95-1.00]0.040(n=16)
2026-05-03 20:00:28,227 - INFO - [render-loss] step=99200 kept 21/48 samples (t_value >= 0.50)
2026-05-03 20:03:02,826 - INFO - Step   99400 | Epoch  75 | MSE: 0.3358 | Steps/sec: 1.29 | LR: 1.41e-04 | Render_L1: 0.0233 | Alpha_L1: 0.0290 | Render_LPIPS: 0.1367 | cos(c,null): +0.4432 | GradNorm: 0.3410 | MSE/t: [0.00-0.50]0.512(n=4836) [0.50-0.85]0.168(n=4361) [0.85-0.95]0.046(n=383) [0.95-1.00]0.037(n=20)
2026-05-03 20:03:02,904 - INFO - [render-loss] step=99400 kept 20/48 samples (t_value >= 0.50)
2026-05-03 20:05:37,660 - INFO - Step   99600 | Epoch  75 | MSE: 0.3321 | Steps/sec: 1.29 | LR: 1.41e-04 | Render_L1: 0.0237 | Alpha_L1: 0.0291 | Render_LPIPS: 0.1393 | cos(c,null): +0.4455 | GradNorm: 0.3483 | MSE/t: [0.00-0.50]0.509(n=4773) [0.50-0.85]0.166(n=4432) [0.85-0.95]0.049(n=384) [0.95-1.00]0.043(n=11)
2026-05-03 20:05:37,734 - INFO - [render-loss] step=99600 kept 27/48 samples (t_value >= 0.50)
2026-05-03 20:08:10,948 - INFO - Step   99800 | Epoch  75 | MSE: 0.3348 | Steps/sec: 1.30 | LR: 1.41e-04 | Render_L1: 0.0234 | Alpha_L1: 0.0290 | Render_LPIPS: 0.1374 | cos(c,null): +0.4463 | GradNorm: 0.3507 | MSE/t: [0.00-0.50]0.511(n=4810) [0.50-0.85]0.168(n=4409) [0.85-0.95]0.047(n=369) [0.95-1.00]0.037(n=12)
2026-05-03 20:08:11,024 - INFO - [render-loss] step=99800 kept 25/48 samples (t_value >= 0.50)
2026-05-03 20:10:46,462 - INFO - Step  100000 | Epoch  75 | MSE: 0.3304 | Steps/sec: 1.29 | LR: 1.41e-04 | Render_L1: 0.0234 | Alpha_L1: 0.0286 | Render_LPIPS: 0.1370 | cos(c,null): +0.4457 | GradNorm: 0.3460 | MSE/t: [0.00-0.50]0.510(n=4709) [0.50-0.85]0.168(n=4479) [0.85-0.95]0.047(n=398) [0.95-1.00]0.044(n=14)
2026-05-03 20:10:46,675 - INFO - [cond] cfg_signal=0.0629 (min=0.0392 max=0.0975, n=16) | class_signal=0.0660 (min=0.0392 max=0.0884, n=16) | pred_rms=0.8298
2026-05-03 20:10:48,686 - INFO - Saved checkpoint to output/jit_B8_postfix_render256_20260503_024444/0100000.pt
2026-05-03 20:10:48,896 - INFO - [cond] cfg_signal=0.0629 (min=0.0392 max=0.0975, n=16) | class_signal=0.0660 (min=0.0392 max=0.0884, n=16) | pred_rms=0.8298
2026-05-03 20:10:57,157 - INFO - [validation] saved: output/jit_B8_postfix_render256_20260503_024444/dit_validation/epoch_075_step_0100000_class006.png (class=6, sampler=heun, steps=100)
2026-05-03 20:10:58,870 - INFO - [overrides] applied from jit/configs/overrides.yaml: lr_scale=1.0 max_grad_norm=5.0 null_repel_weight=0.0 P_mean=0.0
2026-05-03 20:10:58,940 - INFO - [render-loss] step=100000 kept 23/48 samples (t_value >= 0.50)
2026-05-03 20:13:34,505 - INFO - Step  100200 | Epoch  75 | MSE: 0.3346 | Steps/sec: 1.19 | LR: 1.40e-04 | Render_L1: 0.0235 | Alpha_L1: 0.0292 | Render_LPIPS: 0.1376 | cos(c,null): +0.4459 | GradNorm: 0.3444 | MSE/t: [0.00-0.50]0.513(n=4793) [0.50-0.85]0.168(n=4376) [0.85-0.95]0.046(n=414) [0.95-1.00]0.033(n=17)
2026-05-03 20:13:34,579 - INFO - [render-loss] step=100200 kept 28/48 samples (t_value >= 0.50)
2026-05-03 20:16:09,886 - INFO - Step  100400 | Epoch  75 | MSE: 0.3341 | Steps/sec: 1.29 | LR: 1.40e-04 | Render_L1: 0.0235 | Alpha_L1: 0.0290 | Render_LPIPS: 0.1384 | cos(c,null): +0.4452 | GradNorm: 0.3530 | MSE/t: [0.00-0.50]0.516(n=4737) [0.50-0.85]0.167(n=4444) [0.85-0.95]0.048(n=405) [0.95-1.00]0.036(n=14)
2026-05-03 20:16:09,960 - INFO - [render-loss] step=100400 kept 23/48 samples (t_value >= 0.50)
2026-05-03 20:18:45,614 - INFO - Step  100600 | Epoch  76 | MSE: 0.3346 | Steps/sec: 1.28 | LR: 1.40e-04 | Render_L1: 0.0235 | Alpha_L1: 0.0289 | Render_LPIPS: 0.1390 | cos(c,null): +0.4472 | GradNorm: 0.3530 | MSE/t: [0.00-0.50]0.513(n=4772) [0.50-0.85]0.167(n=4455) [0.85-0.95]0.046(n=363) [0.95-1.00]0.036(n=10)
2026-05-03 20:18:45,688 - INFO - [render-loss] step=100600 kept 21/48 samples (t_value >= 0.50)
2026-05-03 20:21:20,148 - INFO - Step  100800 | Epoch  76 | MSE: 0.3348 | Steps/sec: 1.29 | LR: 1.40e-04 | Render_L1: 0.0234 | Alpha_L1: 0.0286 | Render_LPIPS: 0.1381 | cos(c,null): +0.4460 | GradNorm: 0.3514 | MSE/t: [0.00-0.50]0.511(n=4837) [0.50-0.85]0.167(n=4334) [0.85-0.95]0.046(n=410) [0.95-1.00]0.039(n=19)
2026-05-03 20:21:20,222 - INFO - [render-loss] step=100800 kept 24/48 samples (t_value >= 0.50)
2026-05-03 20:23:54,812 - INFO - Step  101000 | Epoch  76 | MSE: 0.3393 | Steps/sec: 1.29 | LR: 1.40e-04 | Render_L1: 0.0230 | Alpha_L1: 0.0284 | Render_LPIPS: 0.1361 | cos(c,null): +0.4466 | GradNorm: 0.3449 | MSE/t: [0.00-0.50]0.517(n=4862) [0.50-0.85]0.167(n=4342) [0.85-0.95]0.046(n=381) [0.95-1.00]0.039(n=15)
2026-05-03 20:23:55,022 - INFO - [cond] cfg_signal=0.0588 (min=0.0364 max=0.0921, n=16) | class_signal=0.0661 (min=0.0360 max=0.0891, n=16) | pred_rms=0.8192
2026-05-03 20:24:03,329 - INFO - [validation] saved: output/jit_B8_postfix_render256_20260503_024444/dit_validation/epoch_076_step_0101000_class006.png (class=6, sampler=heun, steps=100)
2026-05-03 20:24:04,601 - INFO - [overrides] applied from jit/configs/overrides.yaml: lr_scale=1.0 max_grad_norm=5.0 null_repel_weight=0.0 P_mean=0.0
2026-05-03 20:24:04,671 - INFO - [render-loss] step=101000 kept 25/48 samples (t_value >= 0.50)
2026-05-03 20:26:38,976 - INFO - Step  101200 | Epoch  76 | MSE: 0.3334 | Steps/sec: 1.22 | LR: 1.39e-04 | Render_L1: 0.0233 | Alpha_L1: 0.0285 | Render_LPIPS: 0.1368 | cos(c,null): +0.4483 | GradNorm: 0.3544 | MSE/t: [0.00-0.50]0.508(n=4810) [0.50-0.85]0.168(n=4406) [0.85-0.95]0.048(n=369) [0.95-1.00]0.030(n=15)
2026-05-03 20:26:39,052 - INFO - [render-loss] step=101200 kept 19/48 samples (t_value >= 0.50)
2026-05-03 20:29:13,988 - INFO - Step  101400 | Epoch  76 | MSE: 0.3364 | Steps/sec: 1.29 | LR: 1.39e-04 | Render_L1: 0.0235 | Alpha_L1: 0.0291 | Render_LPIPS: 0.1370 | cos(c,null): +0.4490 | GradNorm: 0.3465 | MSE/t: [0.00-0.50]0.515(n=4804) [0.50-0.85]0.167(n=4423) [0.85-0.95]0.049(n=352) [0.95-1.00]0.034(n=21)
2026-05-03 20:29:14,063 - INFO - [render-loss] step=101400 kept 26/48 samples (t_value >= 0.50)
2026-05-03 20:31:49,030 - INFO - Step  101600 | Epoch  76 | MSE: 0.3315 | Steps/sec: 1.29 | LR: 1.39e-04 | Render_L1: 0.0231 | Alpha_L1: 0.0285 | Render_LPIPS: 0.1365 | cos(c,null): +0.4482 | GradNorm: 0.3459 | MSE/t: [0.00-0.50]0.509(n=4745) [0.50-0.85]0.167(n=4478) [0.85-0.95]0.045(n=362) [0.95-1.00]0.032(n=15)
2026-05-03 20:31:49,106 - INFO - [render-loss] step=101600 kept 24/48 samples (t_value >= 0.50)
2026-05-03 20:34:24,045 - INFO - Step  101800 | Epoch  76 | MSE: 0.3356 | Steps/sec: 1.29 | LR: 1.39e-04 | Render_L1: 0.0232 | Alpha_L1: 0.0291 | Render_LPIPS: 0.1369 | cos(c,null): +0.4477 | GradNorm: 0.3562 | MSE/t: [0.00-0.50]0.513(n=4772) [0.50-0.85]0.169(n=4474) [0.85-0.95]0.047(n=339) [0.95-1.00]0.035(n=15)
2026-05-03 20:34:24,119 - INFO - [render-loss] step=101800 kept 27/48 samples (t_value >= 0.50)
2026-05-03 20:37:00,010 - INFO - Step  102000 | Epoch  77 | MSE: 0.3353 | Steps/sec: 1.28 | LR: 1.39e-04 | Render_L1: 0.0232 | Alpha_L1: 0.0287 | Render_LPIPS: 0.1373 | cos(c,null): +0.4463 | GradNorm: 0.3481 | MSE/t: [0.00-0.50]0.511(n=4851) [0.50-0.85]0.165(n=4367) [0.85-0.95]0.047(n=368) [0.95-1.00]0.035(n=14)
2026-05-03 20:37:00,227 - INFO - [cond] cfg_signal=0.0621 (min=0.0381 max=0.0988, n=16) | class_signal=0.0659 (min=0.0375 max=0.0846, n=16) | pred_rms=0.8172
2026-05-03 20:37:08,164 - INFO - [validation] saved: output/jit_B8_postfix_render256_20260503_024444/dit_validation/epoch_077_step_0102000_class018.png (class=18, sampler=heun, steps=100)
2026-05-03 20:37:09,418 - INFO - [overrides] applied from jit/configs/overrides.yaml: lr_scale=1.0 max_grad_norm=5.0 null_repel_weight=0.0 P_mean=0.0
2026-05-03 20:37:09,488 - INFO - [render-loss] step=102000 kept 25/48 samples (t_value >= 0.50)
2026-05-03 20:39:44,537 - INFO - Step  102200 | Epoch  77 | MSE: 0.3329 | Steps/sec: 1.22 | LR: 1.38e-04 | Render_L1: 0.0230 | Alpha_L1: 0.0281 | Render_LPIPS: 0.1354 | cos(c,null): +0.4464 | GradNorm: 0.3473 | MSE/t: [0.00-0.50]0.511(n=4810) [0.50-0.85]0.166(n=4342) [0.85-0.95]0.047(n=414) [0.95-1.00]0.042(n=34)
2026-05-03 20:39:44,611 - INFO - [render-loss] step=102200 kept 16/48 samples (t_value >= 0.50)
2026-05-03 20:42:20,450 - INFO - Step  102400 | Epoch  77 | MSE: 0.3352 | Steps/sec: 1.28 | LR: 1.38e-04 | Render_L1: 0.0232 | Alpha_L1: 0.0279 | Render_LPIPS: 0.1362 | cos(c,null): +0.4491 | GradNorm: 0.3440 | MSE/t: [0.00-0.50]0.511(n=4827) [0.50-0.85]0.167(n=4381) [0.85-0.95]0.046(n=375) [0.95-1.00]0.035(n=17)
2026-05-03 20:42:20,525 - INFO - [render-loss] step=102400 kept 20/48 samples (t_value >= 0.50)
2026-05-03 20:44:55,823 - INFO - Step  102600 | Epoch  77 | MSE: 0.3333 | Steps/sec: 1.29 | LR: 1.38e-04 | Render_L1: 0.0234 | Alpha_L1: 0.0286 | Render_LPIPS: 0.1373 | cos(c,null): +0.4439 | GradNorm: 0.3497 | MSE/t: [0.00-0.50]0.510(n=4799) [0.50-0.85]0.167(n=4400) [0.85-0.95]0.046(n=387) [0.95-1.00]0.037(n=14)
2026-05-03 20:44:55,897 - INFO - [render-loss] step=102600 kept 19/48 samples (t_value >= 0.50)
2026-05-03 20:47:30,414 - INFO - Step  102800 | Epoch  77 | MSE: 0.3338 | Steps/sec: 1.29 | LR: 1.38e-04 | Render_L1: 0.0234 | Alpha_L1: 0.0284 | Render_LPIPS: 0.1382 | cos(c,null): +0.4464 | GradNorm: 0.3442 | MSE/t: [0.00-0.50]0.513(n=4774) [0.50-0.85]0.168(n=4392) [0.85-0.95]0.047(n=423) [0.95-1.00]0.040(n=11)
2026-05-03 20:47:30,489 - INFO - [render-loss] step=102800 kept 30/48 samples (t_value >= 0.50)
2026-05-03 20:50:05,432 - INFO - Step  103000 | Epoch  77 | MSE: 0.3302 | Steps/sec: 1.29 | LR: 1.37e-04 | Render_L1: 0.0230 | Alpha_L1: 0.0286 | Render_LPIPS: 0.1364 | cos(c,null): +0.4474 | GradNorm: 0.3388 | MSE/t: [0.00-0.50]0.508(n=4760) [0.50-0.85]0.166(n=4426) [0.85-0.95]0.048(n=400) [0.95-1.00]0.036(n=14)
2026-05-03 20:50:05,647 - INFO - [cond] cfg_signal=0.0608 (min=0.0360 max=0.0955, n=16) | class_signal=0.0679 (min=0.0379 max=0.0851, n=16) | pred_rms=0.8372
2026-05-03 20:50:13,654 - INFO - [validation] saved: output/jit_B8_postfix_render256_20260503_024444/dit_validation/epoch_077_step_0103000_class042.png (class=42, sampler=heun, steps=100)
2026-05-03 20:50:14,782 - INFO - [overrides] applied from jit/configs/overrides.yaml: lr_scale=1.0 max_grad_norm=5.0 null_repel_weight=0.0 P_mean=0.0
2026-05-03 20:50:14,853 - INFO - [render-loss] step=103000 kept 27/48 samples (t_value >= 0.50)
2026-05-03 20:52:50,775 - INFO - Step  103200 | Epoch  78 | MSE: 0.3336 | Steps/sec: 1.21 | LR: 1.37e-04 | Render_L1: 0.0230 | Alpha_L1: 0.0286 | Render_LPIPS: 0.1360 | cos(c,null): +0.4482 | GradNorm: 0.3501 | MSE/t: [0.00-0.50]0.514(n=4744) [0.50-0.85]0.167(n=4451) [0.85-0.95]0.046(n=395) [0.95-1.00]0.038(n=10)
2026-05-03 20:52:50,850 - INFO - [render-loss] step=103200 kept 28/48 samples (t_value >= 0.50)
2026-05-03 20:55:27,216 - INFO - Step  103400 | Epoch  78 | MSE: 0.3312 | Steps/sec: 1.28 | LR: 1.37e-04 | Render_L1: 0.0233 | Alpha_L1: 0.0287 | Render_LPIPS: 0.1373 | cos(c,null): +0.4484 | GradNorm: 0.3449 | MSE/t: [0.00-0.50]0.511(n=4733) [0.50-0.85]0.167(n=4455) [0.85-0.95]0.047(n=389) [0.95-1.00]0.034(n=23)
2026-05-03 20:55:27,290 - INFO - [render-loss] step=103400 kept 25/48 samples (t_value >= 0.50)
2026-05-03 20:58:02,431 - INFO - Step  103600 | Epoch  78 | MSE: 0.3344 | Steps/sec: 1.29 | LR: 1.37e-04 | Render_L1: 0.0233 | Alpha_L1: 0.0290 | Render_LPIPS: 0.1371 | cos(c,null): +0.4460 | GradNorm: 0.3406 | MSE/t: [0.00-0.50]0.512(n=4782) [0.50-0.85]0.168(n=4405) [0.85-0.95]0.047(n=400) [0.95-1.00]0.033(n=13)
2026-05-03 20:58:02,505 - INFO - [render-loss] step=103600 kept 21/48 samples (t_value >= 0.50)
2026-05-03 21:00:37,759 - INFO - Step  103800 | Epoch  78 | MSE: 0.3312 | Steps/sec: 1.29 | LR: 1.37e-04 | Render_L1: 0.0230 | Alpha_L1: 0.0281 | Render_LPIPS: 0.1360 | cos(c,null): +0.4482 | GradNorm: 0.3447 | MSE/t: [0.00-0.50]0.512(n=4729) [0.50-0.85]0.166(n=4472) [0.85-0.95]0.047(n=383) [0.95-1.00]0.041(n=16)
2026-05-03 21:00:37,832 - INFO - [render-loss] step=103800 kept 22/48 samples (t_value >= 0.50)
2026-05-03 21:03:12,510 - INFO - Step  104000 | Epoch  78 | MSE: 0.3331 | Steps/sec: 1.29 | LR: 1.36e-04 | Render_L1: 0.0235 | Alpha_L1: 0.0288 | Render_LPIPS: 0.1379 | cos(c,null): +0.4477 | GradNorm: 0.3448 | MSE/t: [0.00-0.50]0.511(n=4796) [0.50-0.85]0.166(n=4383) [0.85-0.95]0.047(n=405) [0.95-1.00]0.038(n=16)
2026-05-03 21:03:12,727 - INFO - [cond] cfg_signal=0.0642 (min=0.0392 max=0.1049, n=16) | class_signal=0.0680 (min=0.0361 max=0.0891, n=16) | pred_rms=0.8271
2026-05-03 21:03:20,796 - INFO - [validation] saved: output/jit_B8_postfix_render256_20260503_024444/dit_validation/epoch_078_step_0104000_class027.png (class=27, sampler=heun, steps=100)
2026-05-03 21:03:21,928 - INFO - [overrides] applied from jit/configs/overrides.yaml: lr_scale=1.0 max_grad_norm=5.0 null_repel_weight=0.0 P_mean=0.0
2026-05-03 21:03:21,998 - INFO - [render-loss] step=104000 kept 17/48 samples (t_value >= 0.50)
2026-05-03 21:05:56,483 - INFO - Step  104200 | Epoch  78 | MSE: 0.3351 | Steps/sec: 1.22 | LR: 1.36e-04 | Render_L1: 0.0230 | Alpha_L1: 0.0286 | Render_LPIPS: 0.1361 | cos(c,null): +0.4453 | GradNorm: 0.3504 | MSE/t: [0.00-0.50]0.512(n=4824) [0.50-0.85]0.166(n=4405) [0.85-0.95]0.046(n=358) [0.95-1.00]0.034(n=13)
2026-05-03 21:05:56,557 - INFO - [render-loss] step=104200 kept 24/48 samples (t_value >= 0.50)
2026-05-03 21:08:30,748 - INFO - Step  104400 | Epoch  78 | MSE: 0.3359 | Steps/sec: 1.30 | LR: 1.36e-04 | Render_L1: 0.0234 | Alpha_L1: 0.0287 | Render_LPIPS: 0.1375 | cos(c,null): +0.4496 | GradNorm: 0.3469 | MSE/t: [0.00-0.50]0.509(n=4897) [0.50-0.85]0.166(n=4303) [0.85-0.95]0.047(n=379) [0.95-1.00]0.031(n=21)
2026-05-03 21:08:30,824 - INFO - [render-loss] step=104400 kept 27/48 samples (t_value >= 0.50)
2026-05-03 21:11:05,904 - INFO - Step  104600 | Epoch  79 | MSE: 0.3340 | Steps/sec: 1.29 | LR: 1.36e-04 | Render_L1: 0.0234 | Alpha_L1: 0.0286 | Render_LPIPS: 0.1365 | cos(c,null): +0.4487 | GradNorm: 0.3462 | MSE/t: [0.00-0.50]0.510(n=4767) [0.50-0.85]0.170(n=4425) [0.85-0.95]0.047(n=386) [0.95-1.00]0.036(n=22)
2026-05-03 21:11:05,980 - INFO - [render-loss] step=104600 kept 27/48 samples (t_value >= 0.50)
2026-05-03 21:13:40,309 - INFO - Step  104800 | Epoch  79 | MSE: 0.3334 | Steps/sec: 1.30 | LR: 1.36e-04 | Render_L1: 0.0228 | Alpha_L1: 0.0279 | Render_LPIPS: 0.1355 | cos(c,null): +0.4489 | GradNorm: 0.3389 | MSE/t: [0.00-0.50]0.510(n=4813) [0.50-0.85]0.167(n=4351) [0.85-0.95]0.046(n=427) [0.95-1.00]0.031(n=9)
2026-05-03 21:13:40,383 - INFO - [render-loss] step=104800 kept 28/48 samples (t_value >= 0.50)
2026-05-03 21:16:16,162 - INFO - Step  105000 | Epoch  79 | MSE: 0.3323 | Steps/sec: 1.28 | LR: 1.35e-04 | Render_L1: 0.0233 | Alpha_L1: 0.0285 | Render_LPIPS: 0.1382 | cos(c,null): +0.4470 | GradNorm: 0.3413 | MSE/t: [0.00-0.50]0.510(n=4748) [0.50-0.85]0.168(n=4481) [0.85-0.95]0.046(n=357) [0.95-1.00]0.041(n=14)
2026-05-03 21:16:16,373 - INFO - [cond] cfg_signal=0.0615 (min=0.0373 max=0.0991, n=16) | class_signal=0.0679 (min=0.0393 max=0.0908, n=16) | pred_rms=0.8131
2026-05-03 21:16:24,403 - INFO - [validation] saved: output/jit_B8_postfix_render256_20260503_024444/dit_validation/epoch_079_step_0105000_class020.png (class=20, sampler=heun, steps=100)
2026-05-03 21:16:25,536 - INFO - [overrides] applied from jit/configs/overrides.yaml: lr_scale=1.0 max_grad_norm=5.0 null_repel_weight=0.0 P_mean=0.0
2026-05-03 21:16:25,606 - INFO - [render-loss] step=105000 kept 30/48 samples (t_value >= 0.50)
2026-05-03 21:19:01,431 - INFO - Step  105200 | Epoch  79 | MSE: 0.3319 | Steps/sec: 1.21 | LR: 1.35e-04 | Render_L1: 0.0229 | Alpha_L1: 0.0279 | Render_LPIPS: 0.1342 | cos(c,null): +0.4499 | GradNorm: 0.3428 | MSE/t: [0.00-0.50]0.510(n=4734) [0.50-0.85]0.168(n=4489) [0.85-0.95]0.046(n=367) [0.95-1.00]0.038(n=10)
2026-05-03 21:19:01,504 - INFO - [render-loss] step=105200 kept 27/48 samples (t_value >= 0.50)
2026-05-03 21:21:36,437 - INFO - Step  105400 | Epoch  79 | MSE: 0.3321 | Steps/sec: 1.29 | LR: 1.35e-04 | Render_L1: 0.0233 | Alpha_L1: 0.0291 | Render_LPIPS: 0.1375 | cos(c,null): +0.4499 | GradNorm: 0.3468 | MSE/t: [0.00-0.50]0.506(n=4798) [0.50-0.85]0.168(n=4435) [0.85-0.95]0.046(n=352) [0.95-1.00]0.040(n=15)
2026-05-03 21:21:36,512 - INFO - [render-loss] step=105400 kept 25/48 samples (t_value >= 0.50)
2026-05-03 21:24:11,826 - INFO - Step  105600 | Epoch  79 | MSE: 0.3292 | Steps/sec: 1.29 | LR: 1.35e-04 | Render_L1: 0.0227 | Alpha_L1: 0.0279 | Render_LPIPS: 0.1343 | cos(c,null): +0.4508 | GradNorm: 0.3487 | MSE/t: [0.00-0.50]0.508(n=4731) [0.50-0.85]0.165(n=4460) [0.85-0.95]0.047(n=395) [0.95-1.00]0.035(n=14)
2026-05-03 21:24:11,900 - INFO - [render-loss] step=105600 kept 25/48 samples (t_value >= 0.50)
2026-05-03 21:26:46,903 - INFO - Step  105800 | Epoch  79 | MSE: 0.3355 | Steps/sec: 1.29 | LR: 1.34e-04 | Render_L1: 0.0231 | Alpha_L1: 0.0283 | Render_LPIPS: 0.1365 | cos(c,null): +0.4494 | GradNorm: 0.3324 | MSE/t: [0.00-0.50]0.513(n=4771) [0.50-0.85]0.169(n=4476) [0.85-0.95]0.047(n=334) [0.95-1.00]0.034(n=19)
2026-05-03 21:26:47,132 - INFO - [render-loss] step=105800 kept 29/48 samples (t_value >= 0.50)
2026-05-03 21:29:21,806 - INFO - Step  106000 | Epoch  80 | MSE: 0.3351 | Steps/sec: 1.29 | LR: 1.34e-04 | Render_L1: 0.0235 | Alpha_L1: 0.0286 | Render_LPIPS: 0.1379 | cos(c,null): +0.4500 | GradNorm: 0.3484 | MSE/t: [0.00-0.50]0.511(n=4828) [0.50-0.85]0.168(n=4333) [0.85-0.95]0.047(n=420) [0.95-1.00]0.034(n=19)
2026-05-03 21:29:22,020 - INFO - [cond] cfg_signal=0.0605 (min=0.0377 max=0.1027, n=16) | class_signal=0.0682 (min=0.0378 max=0.0905, n=16) | pred_rms=0.8327
2026-05-03 21:29:30,118 - INFO - [validation] saved: output/jit_B8_postfix_render256_20260503_024444/dit_validation/epoch_080_step_0106000_class037.png (class=37, sampler=heun, steps=100)
2026-05-03 21:29:31,253 - INFO - [overrides] applied from jit/configs/overrides.yaml: lr_scale=1.0 max_grad_norm=5.0 null_repel_weight=0.0 P_mean=0.0
2026-05-03 21:29:31,323 - INFO - [render-loss] step=106000 kept 29/48 samples (t_value >= 0.50)
2026-05-03 21:32:06,673 - INFO - Step  106200 | Epoch  80 | MSE: 0.3288 | Steps/sec: 1.21 | LR: 1.34e-04 | Render_L1: 0.0228 | Alpha_L1: 0.0285 | Render_LPIPS: 0.1365 | cos(c,null): +0.4516 | GradNorm: 0.3418 | MSE/t: [0.00-0.50]0.508(n=4701) [0.50-0.85]0.167(n=4455) [0.85-0.95]0.046(n=421) [0.95-1.00]0.035(n=23)
2026-05-03 21:32:06,747 - INFO - [render-loss] step=106200 kept 28/48 samples (t_value >= 0.50)
2026-05-03 21:34:41,470 - INFO - Step  106400 | Epoch  80 | MSE: 0.3344 | Steps/sec: 1.29 | LR: 1.34e-04 | Render_L1: 0.0232 | Alpha_L1: 0.0286 | Render_LPIPS: 0.1370 | cos(c,null): +0.4520 | GradNorm: 0.3495 | MSE/t: [0.00-0.50]0.510(n=4797) [0.50-0.85]0.169(n=4435) [0.85-0.95]0.048(n=350) [0.95-1.00]0.038(n=18)
2026-05-03 21:34:41,543 - INFO - [render-loss] step=106400 kept 17/48 samples (t_value >= 0.50)
2026-05-03 21:37:16,065 - INFO - Step  106600 | Epoch  80 | MSE: 0.3345 | Steps/sec: 1.29 | LR: 1.34e-04 | Render_L1: 0.0232 | Alpha_L1: 0.0287 | Render_LPIPS: 0.1373 | cos(c,null): +0.4537 | GradNorm: 0.3486 | MSE/t: [0.00-0.50]0.510(n=4820) [0.50-0.85]0.168(n=4367) [0.85-0.95]0.047(n=396) [0.95-1.00]0.036(n=17)
2026-05-03 21:37:16,139 - INFO - [render-loss] step=106600 kept 26/48 samples (t_value >= 0.50)
2026-05-03 21:39:51,620 - INFO - Step  106800 | Epoch  80 | MSE: 0.3323 | Steps/sec: 1.29 | LR: 1.33e-04 | Render_L1: 0.0234 | Alpha_L1: 0.0282 | Render_LPIPS: 0.1358 | cos(c,null): +0.4514 | GradNorm: 0.3472 | MSE/t: [0.00-0.50]0.511(n=4731) [0.50-0.85]0.169(n=4457) [0.85-0.95]0.047(n=393) [0.95-1.00]0.037(n=19)
2026-05-03 21:39:51,695 - INFO - [render-loss] step=106800 kept 21/48 samples (t_value >= 0.50)
2026-05-03 21:42:26,222 - INFO - Step  107000 | Epoch  80 | MSE: 0.3341 | Steps/sec: 1.29 | LR: 1.33e-04 | Render_L1: 0.0234 | Alpha_L1: 0.0280 | Render_LPIPS: 0.1374 | cos(c,null): +0.4525 | GradNorm: 0.3533 | MSE/t: [0.00-0.50]0.509(n=4825) [0.50-0.85]0.168(n=4379) [0.85-0.95]0.047(n=378) [0.95-1.00]0.034(n=18)
2026-05-03 21:42:26,427 - INFO - [cond] cfg_signal=0.0651 (min=0.0367 max=0.1060, n=16) | class_signal=0.0674 (min=0.0407 max=0.0917, n=16) | pred_rms=0.8317
2026-05-03 21:42:34,373 - INFO - [validation] saved: output/jit_B8_postfix_render256_20260503_024444/dit_validation/epoch_080_step_0107000_class037.png (class=37, sampler=heun, steps=100)
2026-05-03 21:42:35,504 - INFO - [overrides] applied from jit/configs/overrides.yaml: lr_scale=1.0 max_grad_norm=5.0 null_repel_weight=0.0 P_mean=0.0
2026-05-03 21:42:35,575 - INFO - [render-loss] step=107000 kept 25/48 samples (t_value >= 0.50)
2026-05-03 21:45:10,555 - INFO - Step  107200 | Epoch  81 | MSE: 0.3340 | Steps/sec: 1.22 | LR: 1.33e-04 | Render_L1: 0.0231 | Alpha_L1: 0.0287 | Render_LPIPS: 0.1370 | cos(c,null): +0.4510 | GradNorm: 0.3440 | MSE/t: [0.00-0.50]0.514(n=4789) [0.50-0.85]0.165(n=4407) [0.85-0.95]0.048(n=389) [0.95-1.00]0.037(n=15)
2026-05-03 21:45:10,629 - INFO - [render-loss] step=107200 kept 23/48 samples (t_value >= 0.50)
2026-05-03 21:47:45,171 - INFO - Step  107400 | Epoch  81 | MSE: 0.3349 | Steps/sec: 1.29 | LR: 1.33e-04 | Render_L1: 0.0233 | Alpha_L1: 0.0288 | Render_LPIPS: 0.1372 | cos(c,null): +0.4495 | GradNorm: 0.3431 | MSE/t: [0.00-0.50]0.513(n=4772) [0.50-0.85]0.169(n=4436) [0.85-0.95]0.046(n=373) [0.95-1.00]0.035(n=19)
2026-05-03 21:47:45,246 - INFO - [render-loss] step=107400 kept 29/48 samples (t_value >= 0.50)
2026-05-03 21:50:19,421 - INFO - Step  107600 | Epoch  81 | MSE: 0.3353 | Steps/sec: 1.30 | LR: 1.33e-04 | Render_L1: 0.0231 | Alpha_L1: 0.0282 | Render_LPIPS: 0.1366 | cos(c,null): +0.4517 | GradNorm: 0.3440 | MSE/t: [0.00-0.50]0.510(n=4847) [0.50-0.85]0.168(n=4335) [0.85-0.95]0.048(n=403) [0.95-1.00]0.039(n=15)
2026-05-03 21:50:19,496 - INFO - [render-loss] step=107600 kept 27/48 samples (t_value >= 0.50)
2026-05-03 21:52:53,774 - INFO - Step  107800 | Epoch  81 | MSE: 0.3347 | Steps/sec: 1.30 | LR: 1.32e-04 | Render_L1: 0.0232 | Alpha_L1: 0.0288 | Render_LPIPS: 0.1372 | cos(c,null): +0.4502 | GradNorm: 0.3426 | MSE/t: [0.00-0.50]0.509(n=4845) [0.50-0.85]0.167(n=4386) [0.85-0.95]0.045(n=355) [0.95-1.00]0.040(n=14)
2026-05-03 21:52:53,849 - INFO - [render-loss] step=107800 kept 23/48 samples (t_value >= 0.50)
2026-05-03 21:55:28,581 - INFO - Step  108000 | Epoch  81 | MSE: 0.3333 | Steps/sec: 1.29 | LR: 1.32e-04 | Render_L1: 0.0233 | Alpha_L1: 0.0282 | Render_LPIPS: 0.1366 | cos(c,null): +0.4510 | GradNorm: 0.3417 | MSE/t: [0.00-0.50]0.512(n=4755) [0.50-0.85]0.168(n=4448) [0.85-0.95]0.049(n=379) [0.95-1.00]0.039(n=18)
2026-05-03 21:55:28,795 - INFO - [cond] cfg_signal=0.0618 (min=0.0371 max=0.0993, n=16) | class_signal=0.0655 (min=0.0382 max=0.0890, n=16) | pred_rms=0.8462
2026-05-03 21:55:36,865 - INFO - [validation] saved: output/jit_B8_postfix_render256_20260503_024444/dit_validation/epoch_081_step_0108000_class075.png (class=75, sampler=heun, steps=100)
2026-05-03 21:55:38,001 - INFO - [overrides] applied from jit/configs/overrides.yaml: lr_scale=1.0 max_grad_norm=5.0 null_repel_weight=0.0 P_mean=0.0
2026-05-03 21:55:38,073 - INFO - [render-loss] step=108000 kept 25/48 samples (t_value >= 0.50)
2026-05-03 21:58:13,214 - INFO - Step  108200 | Epoch  81 | MSE: 0.3339 | Steps/sec: 1.22 | LR: 1.32e-04 | Render_L1: 0.0231 | Alpha_L1: 0.0282 | Render_LPIPS: 0.1357 | cos(c,null): +0.4522 | GradNorm: 0.3420 | MSE/t: [0.00-0.50]0.511(n=4794) [0.50-0.85]0.167(n=4409) [0.85-0.95]0.048(n=381) [0.95-1.00]0.036(n=16)
2026-05-03 21:58:13,288 - INFO - [render-loss] step=108200 kept 18/48 samples (t_value >= 0.50)
2026-05-03 22:00:47,362 - INFO - Step  108400 | Epoch  81 | MSE: 0.3343 | Steps/sec: 1.30 | LR: 1.32e-04 | Render_L1: 0.0229 | Alpha_L1: 0.0278 | Render_LPIPS: 0.1354 | cos(c,null): +0.4528 | GradNorm: 0.3457 | MSE/t: [0.00-0.50]0.510(n=4821) [0.50-0.85]0.167(n=4372) [0.85-0.95]0.047(n=387) [0.95-1.00]0.035(n=20)
2026-05-03 22:00:47,438 - INFO - [render-loss] step=108400 kept 22/48 samples (t_value >= 0.50)
2026-05-03 22:03:21,581 - INFO - Step  108600 | Epoch  82 | MSE: 0.3356 | Steps/sec: 1.30 | LR: 1.31e-04 | Render_L1: 0.0229 | Alpha_L1: 0.0284 | Render_LPIPS: 0.1352 | cos(c,null): +0.4579 | GradNorm: 0.3403 | MSE/t: [0.00-0.50]0.508(n=4855) [0.50-0.85]0.168(n=4398) [0.85-0.95]0.047(n=334) [0.95-1.00]0.038(n=13)
2026-05-03 22:03:21,655 - INFO - [render-loss] step=108600 kept 24/48 samples (t_value >= 0.50)
2026-05-03 22:05:57,444 - INFO - Step  108800 | Epoch  82 | MSE: 0.3329 | Steps/sec: 1.28 | LR: 1.31e-04 | Render_L1: 0.0230 | Alpha_L1: 0.0288 | Render_LPIPS: 0.1356 | cos(c,null): +0.4591 | GradNorm: 0.3481 | MSE/t: [0.00-0.50]0.512(n=4748) [0.50-0.85]0.168(n=4465) [0.85-0.95]0.046(n=358) [0.95-1.00]0.038(n=29)
2026-05-03 22:05:57,519 - INFO - [render-loss] step=108800 kept 24/48 samples (t_value >= 0.50)
2026-05-03 22:08:32,136 - INFO - Step  109000 | Epoch  82 | MSE: 0.3340 | Steps/sec: 1.29 | LR: 1.31e-04 | Render_L1: 0.0228 | Alpha_L1: 0.0284 | Render_LPIPS: 0.1341 | cos(c,null): +0.4577 | GradNorm: 0.3499 | MSE/t: [0.00-0.50]0.509(n=4804) [0.50-0.85]0.168(n=4410) [0.85-0.95]0.047(n=370) [0.95-1.00]0.033(n=16)
2026-05-03 22:08:32,344 - INFO - [cond] cfg_signal=0.0600 (min=0.0371 max=0.0926, n=16) | class_signal=0.0664 (min=0.0396 max=0.0898, n=16) | pred_rms=0.8313
2026-05-03 22:08:40,415 - INFO - [validation] saved: output/jit_B8_postfix_render256_20260503_024444/dit_validation/epoch_082_step_0109000_class054.png (class=54, sampler=heun, steps=100)
2026-05-03 22:08:41,980 - INFO - [overrides] applied from jit/configs/overrides.yaml: lr_scale=1.0 max_grad_norm=5.0 null_repel_weight=0.0 P_mean=0.0
2026-05-03 22:08:42,051 - INFO - [render-loss] step=109000 kept 18/48 samples (t_value >= 0.50)
2026-05-03 22:11:16,175 - INFO - Step  109200 | Epoch  82 | MSE: 0.3350 | Steps/sec: 1.22 | LR: 1.31e-04 | Render_L1: 0.0224 | Alpha_L1: 0.0271 | Render_LPIPS: 0.1330 | cos(c,null): +0.4565 | GradNorm: 0.3440 | MSE/t: [0.00-0.50]0.510(n=4854) [0.50-0.85]0.165(n=4383) [0.85-0.95]0.048(n=350) [0.95-1.00]0.034(n=13)
2026-05-03 22:11:16,251 - INFO - [render-loss] step=109200 kept 24/48 samples (t_value >= 0.50)
2026-05-03 22:13:51,392 - INFO - Step  109400 | Epoch  82 | MSE: 0.3342 | Steps/sec: 1.29 | LR: 1.31e-04 | Render_L1: 0.0233 | Alpha_L1: 0.0283 | Render_LPIPS: 0.1364 | cos(c,null): +0.4569 | GradNorm: 0.3454 | MSE/t: [0.00-0.50]0.511(n=4795) [0.50-0.85]0.168(n=4382) [0.85-0.95]0.045(n=409) [0.95-1.00]0.040(n=14)
2026-05-03 22:13:51,466 - INFO - [render-loss] step=109400 kept 23/48 samples (t_value >= 0.50)
2026-05-03 22:16:26,290 - INFO - Step  109600 | Epoch  82 | MSE: 0.3331 | Steps/sec: 1.29 | LR: 1.30e-04 | Render_L1: 0.0233 | Alpha_L1: 0.0286 | Render_LPIPS: 0.1366 | cos(c,null): +0.4579 | GradNorm: 0.3390 | MSE/t: [0.00-0.50]0.510(n=4786) [0.50-0.85]0.167(n=4419) [0.85-0.95]0.046(n=374) [0.95-1.00]0.035(n=21)
2026-05-03 22:16:26,364 - INFO - [render-loss] step=109600 kept 20/48 samples (t_value >= 0.50)
2026-05-03 22:19:01,052 - INFO - Step  109800 | Epoch  83 | MSE: 0.3348 | Steps/sec: 1.29 | LR: 1.30e-04 | Render_L1: 0.0227 | Alpha_L1: 0.0283 | Render_LPIPS: 0.1346 | cos(c,null): +0.4576 | GradNorm: 0.3471 | MSE/t: [0.00-0.50]0.514(n=4784) [0.50-0.85]0.167(n=4406) [0.85-0.95]0.048(n=393) [0.95-1.00]0.036(n=17)
2026-05-03 22:19:01,127 - INFO - [render-loss] step=109800 kept 23/48 samples (t_value >= 0.50)
2026-05-03 22:21:35,734 - INFO - Step  110000 | Epoch  83 | MSE: 0.3330 | Steps/sec: 1.29 | LR: 1.30e-04 | Render_L1: 0.0229 | Alpha_L1: 0.0281 | Render_LPIPS: 0.1346 | cos(c,null): +0.4574 | GradNorm: 0.3353 | MSE/t: [0.00-0.50]0.512(n=4751) [0.50-0.85]0.168(n=4449) [0.85-0.95]0.046(n=379) [0.95-1.00]0.034(n=21)
2026-05-03 22:21:35,947 - INFO - [cond] cfg_signal=0.0623 (min=0.0370 max=0.1006, n=16) | class_signal=0.0662 (min=0.0337 max=0.0854, n=16) | pred_rms=0.8207
2026-05-03 22:21:43,967 - INFO - [validation] saved: output/jit_B8_postfix_render256_20260503_024444/dit_validation/epoch_083_step_0110000_class003.png (class=3, sampler=heun, steps=100)
2026-05-03 22:21:45,102 - INFO - [overrides] applied from jit/configs/overrides.yaml: lr_scale=1.0 max_grad_norm=5.0 null_repel_weight=0.0 P_mean=0.0
2026-05-03 22:21:45,172 - INFO - [render-loss] step=110000 kept 22/48 samples (t_value >= 0.50)
2026-05-03 22:24:19,030 - INFO - Step  110200 | Epoch  83 | MSE: 0.3339 | Steps/sec: 1.23 | LR: 1.30e-04 | Render_L1: 0.0227 | Alpha_L1: 0.0279 | Render_LPIPS: 0.1347 | cos(c,null): +0.4582 | GradNorm: 0.3456 | MSE/t: [0.00-0.50]0.509(n=4822) [0.50-0.85]0.168(n=4363) [0.85-0.95]0.046(n=394) [0.95-1.00]0.038(n=21)
2026-05-03 22:24:19,104 - INFO - [render-loss] step=110200 kept 23/48 samples (t_value >= 0.50)
2026-05-03 22:26:53,968 - INFO - Step  110400 | Epoch  83 | MSE: 0.3317 | Steps/sec: 1.29 | LR: 1.29e-04 | Render_L1: 0.0231 | Alpha_L1: 0.0287 | Render_LPIPS: 0.1367 | cos(c,null): +0.4593 | GradNorm: 0.3481 | MSE/t: [0.00-0.50]0.511(n=4745) [0.50-0.85]0.166(n=4466) [0.85-0.95]0.047(n=369) [0.95-1.00]0.037(n=20)
2026-05-03 22:26:54,043 - INFO - [render-loss] step=110400 kept 23/48 samples (t_value >= 0.50)
2026-05-03 22:29:29,744 - INFO - Step  110600 | Epoch  83 | MSE: 0.3316 | Steps/sec: 1.28 | LR: 1.29e-04 | Render_L1: 0.0232 | Alpha_L1: 0.0283 | Render_LPIPS: 0.1366 | cos(c,null): +0.4604 | GradNorm: 0.3352 | MSE/t: [0.00-0.50]0.509(n=4762) [0.50-0.85]0.166(n=4459) [0.85-0.95]0.046(n=363) [0.95-1.00]0.038(n=16)
2026-05-03 22:29:29,818 - INFO - [render-loss] step=110600 kept 26/48 samples (t_value >= 0.50)
2026-05-03 22:32:05,894 - INFO - Step  110800 | Epoch  83 | MSE: 0.3338 | Steps/sec: 1.28 | LR: 1.29e-04 | Render_L1: 0.0227 | Alpha_L1: 0.0280 | Render_LPIPS: 0.1344 | cos(c,null): +0.4592 | GradNorm: 0.3347 | MSE/t: [0.00-0.50]0.513(n=4757) [0.50-0.85]0.167(n=4465) [0.85-0.95]0.046(n=366) [0.95-1.00]0.044(n=12)
2026-05-03 22:32:05,968 - INFO - [render-loss] step=110800 kept 24/48 samples (t_value >= 0.50)
2026-05-03 22:34:40,701 - INFO - Step  111000 | Epoch  83 | MSE: 0.3348 | Steps/sec: 1.29 | LR: 1.29e-04 | Render_L1: 0.0233 | Alpha_L1: 0.0278 | Render_LPIPS: 0.1362 | cos(c,null): +0.4598 | GradNorm: 0.3360 | MSE/t: [0.00-0.50]0.514(n=4780) [0.50-0.85]0.168(n=4413) [0.85-0.95]0.045(n=394) [0.95-1.00]0.042(n=13)
2026-05-03 22:34:40,911 - INFO - [cond] cfg_signal=0.0633 (min=0.0363 max=0.1033, n=16) | class_signal=0.0657 (min=0.0338 max=0.0839, n=16) | pred_rms=0.8380
2026-05-03 22:34:48,896 - INFO - [validation] saved: output/jit_B8_postfix_render256_20260503_024444/dit_validation/epoch_083_step_0111000_class102.png (class=102, sampler=heun, steps=100)
2026-05-03 22:34:50,024 - INFO - [overrides] applied from jit/configs/overrides.yaml: lr_scale=1.0 max_grad_norm=5.0 null_repel_weight=0.0 P_mean=0.0
2026-05-03 22:34:50,094 - INFO - [render-loss] step=111000 kept 28/48 samples (t_value >= 0.50)
2026-05-03 22:37:26,007 - INFO - Step  111200 | Epoch  84 | MSE: 0.3335 | Steps/sec: 1.21 | LR: 1.29e-04 | Render_L1: 0.0230 | Alpha_L1: 0.0282 | Render_LPIPS: 0.1357 | cos(c,null): +0.4574 | GradNorm: 0.3487 | MSE/t: [0.00-0.50]0.512(n=4771) [0.50-0.85]0.167(n=4424) [0.85-0.95]0.047(n=386) [0.95-1.00]0.032(n=19)
2026-05-03 22:37:26,082 - INFO - [render-loss] step=111200 kept 22/48 samples (t_value >= 0.50)
2026-05-03 22:40:01,511 - INFO - Step  111400 | Epoch  84 | MSE: 0.3348 | Steps/sec: 1.29 | LR: 1.28e-04 | Render_L1: 0.0227 | Alpha_L1: 0.0276 | Render_LPIPS: 0.1350 | cos(c,null): +0.4588 | GradNorm: 0.3508 | MSE/t: [0.00-0.50]0.513(n=4791) [0.50-0.85]0.169(n=4382) [0.85-0.95]0.046(n=417) [0.95-1.00]0.034(n=10)
2026-05-03 22:40:01,589 - INFO - [render-loss] step=111400 kept 23/48 samples (t_value >= 0.50)
2026-05-03 22:42:35,871 - INFO - Step  111600 | Epoch  84 | MSE: 0.3361 | Steps/sec: 1.30 | LR: 1.28e-04 | Render_L1: 0.0229 | Alpha_L1: 0.0281 | Render_LPIPS: 0.1351 | cos(c,null): +0.4604 | GradNorm: 0.3531 | MSE/t: [0.00-0.50]0.512(n=4855) [0.50-0.85]0.167(n=4329) [0.85-0.95]0.045(n=395) [0.95-1.00]0.035(n=21)
2026-05-03 22:42:35,945 - INFO - [render-loss] step=111600 kept 31/48 samples (t_value >= 0.50)
2026-05-03 22:45:11,252 - INFO - Step  111800 | Epoch  84 | MSE: 0.3301 | Steps/sec: 1.29 | LR: 1.28e-04 | Render_L1: 0.0231 | Alpha_L1: 0.0286 | Render_LPIPS: 0.1355 | cos(c,null): +0.4602 | GradNorm: 0.3457 | MSE/t: [0.00-0.50]0.510(n=4688) [0.50-0.85]0.169(n=4464) [0.85-0.95]0.047(n=432) [0.95-1.00]0.034(n=16)
2026-05-03 22:45:11,326 - INFO - [render-loss] step=111800 kept 24/48 samples (t_value >= 0.50)
2026-05-03 22:47:46,186 - INFO - Step  112000 | Epoch  84 | MSE: 0.3348 | Steps/sec: 1.29 | LR: 1.28e-04 | Render_L1: 0.0231 | Alpha_L1: 0.0279 | Render_LPIPS: 0.1370 | cos(c,null): +0.4596 | GradNorm: 0.3514 | MSE/t: [0.00-0.50]0.511(n=4814) [0.50-0.85]0.167(n=4428) [0.85-0.95]0.045(n=348) [0.95-1.00]0.045(n=10)
2026-05-03 22:47:46,400 - INFO - [cond] cfg_signal=0.0646 (min=0.0387 max=0.1116, n=16) | class_signal=0.0672 (min=0.0353 max=0.0926, n=16) | pred_rms=0.8419
2026-05-03 22:47:54,419 - INFO - [validation] saved: output/jit_B8_postfix_render256_20260503_024444/dit_validation/epoch_084_step_0112000_class068.png (class=68, sampler=heun, steps=100)
2026-05-03 22:47:55,563 - INFO - [overrides] applied from jit/configs/overrides.yaml: lr_scale=1.0 max_grad_norm=5.0 null_repel_weight=0.0 P_mean=0.0
2026-05-03 22:47:55,634 - INFO - [render-loss] step=112000 kept 22/48 samples (t_value >= 0.50)
2026-05-03 22:50:30,351 - INFO - Step  112200 | Epoch  84 | MSE: 0.3351 | Steps/sec: 1.22 | LR: 1.27e-04 | Render_L1: 0.0227 | Alpha_L1: 0.0278 | Render_LPIPS: 0.1346 | cos(c,null): +0.4606 | GradNorm: 0.3464 | MSE/t: [0.00-0.50]0.512(n=4804) [0.50-0.85]0.168(n=4395) [0.85-0.95]0.046(n=389) [0.95-1.00]0.057(n=12)
2026-05-03 22:50:30,426 - INFO - [render-loss] step=112200 kept 20/48 samples (t_value >= 0.50)
2026-05-03 22:53:05,234 - INFO - Step  112400 | Epoch  84 | MSE: 0.3345 | Steps/sec: 1.29 | LR: 1.27e-04 | Render_L1: 0.0230 | Alpha_L1: 0.0283 | Render_LPIPS: 0.1347 | cos(c,null): +0.4614 | GradNorm: 0.3378 | MSE/t: [0.00-0.50]0.512(n=4801) [0.50-0.85]0.168(n=4388) [0.85-0.95]0.046(n=397) [0.95-1.00]0.034(n=14)
2026-05-03 22:53:05,487 - INFO - [render-loss] step=112400 kept 26/48 samples (t_value >= 0.50)
2026-05-03 22:55:39,705 - INFO - Step  112600 | Epoch  85 | MSE: 0.3354 | Steps/sec: 1.29 | LR: 1.27e-04 | Render_L1: 0.0229 | Alpha_L1: 0.0279 | Render_LPIPS: 0.1356 | cos(c,null): +0.4604 | GradNorm: 0.3414 | MSE/t: [0.00-0.50]0.512(n=4828) [0.50-0.85]0.167(n=4376) [0.85-0.95]0.046(n=381) [0.95-1.00]0.036(n=15)
2026-05-03 22:55:39,783 - INFO - [render-loss] step=112600 kept 28/48 samples (t_value >= 0.50)
2026-05-03 22:58:14,614 - INFO - Step  112800 | Epoch  85 | MSE: 0.3375 | Steps/sec: 1.29 | LR: 1.27e-04 | Render_L1: 0.0226 | Alpha_L1: 0.0275 | Render_LPIPS: 0.1338 | cos(c,null): +0.4598 | GradNorm: 0.3443 | MSE/t: [0.00-0.50]0.513(n=4871) [0.50-0.85]0.166(n=4343) [0.85-0.95]0.045(n=369) [0.95-1.00]0.034(n=17)
2026-05-03 22:58:14,688 - INFO - [render-loss] step=112800 kept 23/48 samples (t_value >= 0.50)
2026-05-03 23:00:50,494 - INFO - Step  113000 | Epoch  85 | MSE: 0.3332 | Steps/sec: 1.28 | LR: 1.27e-04 | Render_L1: 0.0231 | Alpha_L1: 0.0279 | Render_LPIPS: 0.1352 | cos(c,null): +0.4571 | GradNorm: 0.3616 | MSE/t: [0.00-0.50]0.509(n=4768) [0.50-0.85]0.169(n=4457) [0.85-0.95]0.047(n=361) [0.95-1.00]0.035(n=14)
2026-05-03 23:00:50,712 - INFO - [cond] cfg_signal=0.0643 (min=0.0396 max=0.1091, n=16) | class_signal=0.0684 (min=0.0330 max=0.0903, n=16) | pred_rms=0.8215
2026-05-03 23:00:58,671 - INFO - [validation] saved: output/jit_B8_postfix_render256_20260503_024444/dit_validation/epoch_085_step_0113000_class018.png (class=18, sampler=heun, steps=100)
2026-05-03 23:00:59,817 - INFO - [overrides] applied from jit/configs/overrides.yaml: lr_scale=1.0 max_grad_norm=5.0 null_repel_weight=0.0 P_mean=0.0
2026-05-03 23:00:59,888 - INFO - [render-loss] step=113000 kept 29/48 samples (t_value >= 0.50)
2026-05-03 23:03:34,429 - INFO - Step  113200 | Epoch  85 | MSE: 0.3334 | Steps/sec: 1.22 | LR: 1.26e-04 | Render_L1: 0.0227 | Alpha_L1: 0.0278 | Render_LPIPS: 0.1338 | cos(c,null): +0.4588 | GradNorm: 0.3354 | MSE/t: [0.00-0.50]0.507(n=4834) [0.50-0.85]0.167(n=4379) [0.85-0.95]0.046(n=379) [0.95-1.00]0.034(n=8)
2026-05-03 23:03:34,506 - INFO - [render-loss] step=113200 kept 21/48 samples (t_value >= 0.50)
2026-05-03 23:06:08,419 - INFO - Step  113400 | Epoch  85 | MSE: 0.3329 | Steps/sec: 1.30 | LR: 1.26e-04 | Render_L1: 0.0227 | Alpha_L1: 0.0279 | Render_LPIPS: 0.1346 | cos(c,null): +0.4605 | GradNorm: 0.3504 | MSE/t: [0.00-0.50]0.508(n=4825) [0.50-0.85]0.167(n=4327) [0.85-0.95]0.045(n=440) [0.95-1.00]0.037(n=8)
2026-05-03 23:06:08,493 - INFO - [render-loss] step=113400 kept 26/48 samples (t_value >= 0.50)
2026-05-03 23:08:44,172 - INFO - Step  113600 | Epoch  85 | MSE: 0.3322 | Steps/sec: 1.28 | LR: 1.26e-04 | Render_L1: 0.0230 | Alpha_L1: 0.0281 | Render_LPIPS: 0.1346 | cos(c,null): +0.4634 | GradNorm: 0.3422 | MSE/t: [0.00-0.50]0.513(n=4764) [0.50-0.85]0.165(n=4395) [0.85-0.95]0.047(n=429) [0.95-1.00]0.030(n=12)
2026-05-03 23:08:44,248 - INFO - [render-loss] step=113600 kept 27/48 samples (t_value >= 0.50)
2026-05-03 23:11:19,418 - INFO - Step  113800 | Epoch  86 | MSE: 0.3327 | Steps/sec: 1.29 | LR: 1.26e-04 | Render_L1: 0.0228 | Alpha_L1: 0.0282 | Render_LPIPS: 0.1353 | cos(c,null): +0.4630 | GradNorm: 0.3348 | MSE/t: [0.00-0.50]0.513(n=4755) [0.50-0.85]0.166(n=4450) [0.85-0.95]0.046(n=380) [0.95-1.00]0.031(n=15)
2026-05-03 23:11:19,493 - INFO - [render-loss] step=113800 kept 27/48 samples (t_value >= 0.50)
2026-05-03 23:13:54,203 - INFO - Step  114000 | Epoch  86 | MSE: 0.3284 | Steps/sec: 1.29 | LR: 1.26e-04 | Render_L1: 0.0227 | Alpha_L1: 0.0275 | Render_LPIPS: 0.1342 | cos(c,null): +0.4625 | GradNorm: 0.3450 | MSE/t: [0.00-0.50]0.507(n=4727) [0.50-0.85]0.166(n=4442) [0.85-0.95]0.045(n=413) [0.95-1.00]0.032(n=18)
2026-05-03 23:13:54,422 - INFO - [cond] cfg_signal=0.0588 (min=0.0359 max=0.0952, n=16) | class_signal=0.0667 (min=0.0309 max=0.0903, n=16) | pred_rms=0.8327
2026-05-03 23:14:02,472 - INFO - [validation] saved: output/jit_B8_postfix_render256_20260503_024444/dit_validation/epoch_086_step_0114000_class083.png (class=83, sampler=heun, steps=100)
2026-05-03 23:14:03,588 - INFO - [overrides] applied from jit/configs/overrides.yaml: lr_scale=1.0 max_grad_norm=5.0 null_repel_weight=0.0 P_mean=0.0
2026-05-03 23:14:03,658 - INFO - [render-loss] step=114000 kept 22/48 samples (t_value >= 0.50)
2026-05-03 23:16:37,047 - INFO - Step  114200 | Epoch  86 | MSE: 0.3392 | Steps/sec: 1.23 | LR: 1.25e-04 | Render_L1: 0.0230 | Alpha_L1: 0.0279 | Render_LPIPS: 0.1343 | cos(c,null): +0.4638 | GradNorm: 0.3327 | MSE/t: [0.00-0.50]0.512(n=4924) [0.50-0.85]0.168(n=4277) [0.85-0.95]0.045(n=382) [0.95-1.00]0.038(n=17)
2026-05-03 23:16:37,120 - INFO - [render-loss] step=114200 kept 22/48 samples (t_value >= 0.50)
2026-05-03 23:19:11,544 - INFO - Step  114400 | Epoch  86 | MSE: 0.3330 | Steps/sec: 1.29 | LR: 1.25e-04 | Render_L1: 0.0228 | Alpha_L1: 0.0277 | Render_LPIPS: 0.1336 | cos(c,null): +0.4644 | GradNorm: 0.3449 | MSE/t: [0.00-0.50]0.515(n=4746) [0.50-0.85]0.166(n=4428) [0.85-0.95]0.046(n=410) [0.95-1.00]0.038(n=16)
2026-05-03 23:19:11,622 - INFO - [render-loss] step=114400 kept 29/48 samples (t_value >= 0.50)
2026-05-03 23:21:46,828 - INFO - Step  114600 | Epoch  86 | MSE: 0.3339 | Steps/sec: 1.29 | LR: 1.25e-04 | Render_L1: 0.0228 | Alpha_L1: 0.0280 | Render_LPIPS: 0.1359 | cos(c,null): +0.4649 | GradNorm: 0.3459 | MSE/t: [0.00-0.50]0.513(n=4781) [0.50-0.85]0.167(n=4393) [0.85-0.95]0.046(n=402) [0.95-1.00]0.036(n=24)
2026-05-03 23:21:46,901 - INFO - [render-loss] step=114600 kept 25/48 samples (t_value >= 0.50)
2026-05-03 23:24:21,443 - INFO - Step  114800 | Epoch  86 | MSE: 0.3319 | Steps/sec: 1.29 | LR: 1.25e-04 | Render_L1: 0.0229 | Alpha_L1: 0.0277 | Render_LPIPS: 0.1348 | cos(c,null): +0.4636 | GradNorm: 0.3474 | MSE/t: [0.00-0.50]0.511(n=4738) [0.50-0.85]0.167(n=4485) [0.85-0.95]0.044(n=361) [0.95-1.00]0.040(n=16)
2026-05-03 23:24:21,518 - INFO - [render-loss] step=114800 kept 23/48 samples (t_value >= 0.50)
2026-05-03 23:26:56,967 - INFO - Step  115000 | Epoch  86 | MSE: 0.3301 | Steps/sec: 1.29 | LR: 1.24e-04 | Render_L1: 0.0228 | Alpha_L1: 0.0275 | Render_LPIPS: 0.1348 | cos(c,null): +0.4640 | GradNorm: 0.3340 | MSE/t: [0.00-0.50]0.511(n=4715) [0.50-0.85]0.165(n=4496) [0.85-0.95]0.045(n=379) [0.95-1.00]0.033(n=10)
2026-05-03 23:26:57,177 - INFO - [cond] cfg_signal=0.0625 (min=0.0389 max=0.1059, n=16) | class_signal=0.0690 (min=0.0340 max=0.0925, n=16) | pred_rms=0.8396
2026-05-03 23:27:05,208 - INFO - [validation] saved: output/jit_B8_postfix_render256_20260503_024444/dit_validation/epoch_086_step_0115000_class034.png (class=34, sampler=heun, steps=100)
2026-05-03 23:27:06,325 - INFO - [overrides] applied from jit/configs/overrides.yaml: lr_scale=1.0 max_grad_norm=5.0 null_repel_weight=0.0 P_mean=0.0
2026-05-03 23:27:06,397 - INFO - [render-loss] step=115000 kept 23/48 samples (t_value >= 0.50)
2026-05-03 23:29:40,927 - INFO - Step  115200 | Epoch  87 | MSE: 0.3323 | Steps/sec: 1.22 | LR: 1.24e-04 | Render_L1: 0.0225 | Alpha_L1: 0.0277 | Render_LPIPS: 0.1328 | cos(c,null): +0.4655 | GradNorm: 0.3451 | MSE/t: [0.00-0.50]0.511(n=4774) [0.50-0.85]0.165(n=4434) [0.85-0.95]0.047(n=376) [0.95-1.00]0.037(n=16)
2026-05-03 23:29:41,002 - INFO - [render-loss] step=115200 kept 30/48 samples (t_value >= 0.50)
2026-05-03 23:32:16,537 - INFO - Step  115400 | Epoch  87 | MSE: 0.3341 | Steps/sec: 1.29 | LR: 1.24e-04 | Render_L1: 0.0226 | Alpha_L1: 0.0279 | Render_LPIPS: 0.1324 | cos(c,null): +0.4658 | GradNorm: 0.3380 | MSE/t: [0.00-0.50]0.511(n=4806) [0.50-0.85]0.167(n=4409) [0.85-0.95]0.047(n=371) [0.95-1.00]0.036(n=14)
2026-05-03 23:32:16,614 - INFO - [render-loss] step=115400 kept 26/48 samples (t_value >= 0.50)
2026-05-03 23:34:52,827 - INFO - Step  115600 | Epoch  87 | MSE: 0.3279 | Steps/sec: 1.28 | LR: 1.24e-04 | Render_L1: 0.0226 | Alpha_L1: 0.0278 | Render_LPIPS: 0.1342 | cos(c,null): +0.4657 | GradNorm: 0.3457 | MSE/t: [0.00-0.50]0.508(n=4692) [0.50-0.85]0.165(n=4506) [0.85-0.95]0.046(n=386) [0.95-1.00]0.039(n=16)
2026-05-03 23:34:52,902 - INFO - [render-loss] step=115600 kept 28/48 samples (t_value >= 0.50)
2026-05-03 23:37:26,772 - INFO - Step  115800 | Epoch  87 | MSE: 0.3329 | Steps/sec: 1.30 | LR: 1.24e-04 | Render_L1: 0.0232 | Alpha_L1: 0.0279 | Render_LPIPS: 0.1367 | cos(c,null): +0.4642 | GradNorm: 0.3390 | MSE/t: [0.00-0.50]0.509(n=4823) [0.50-0.85]0.166(n=4360) [0.85-0.95]0.046(n=395) [0.95-1.00]0.036(n=22)
2026-05-03 23:37:26,846 - INFO - [render-loss] step=115800 kept 27/48 samples (t_value >= 0.50)
2026-05-03 23:40:01,087 - INFO - Step  116000 | Epoch  87 | MSE: 0.3343 | Steps/sec: 1.30 | LR: 1.23e-04 | Render_L1: 0.0228 | Alpha_L1: 0.0278 | Render_LPIPS: 0.1346 | cos(c,null): +0.4660 | GradNorm: 0.3452 | MSE/t: [0.00-0.50]0.515(n=4756) [0.50-0.85]0.167(n=4454) [0.85-0.95]0.047(n=375) [0.95-1.00]0.042(n=15)
2026-05-03 23:40:01,297 - INFO - [cond] cfg_signal=0.0631 (min=0.0396 max=0.1045, n=16) | class_signal=0.0673 (min=0.0377 max=0.0854, n=16) | pred_rms=0.8266
2026-05-03 23:40:09,354 - INFO - [validation] saved: output/jit_B8_postfix_render256_20260503_024444/dit_validation/epoch_087_step_0116000_class060.png (class=60, sampler=heun, steps=100)
2026-05-03 23:40:10,513 - INFO - [overrides] applied from jit/configs/overrides.yaml: lr_scale=1.0 max_grad_norm=5.0 null_repel_weight=0.0 P_mean=0.0
2026-05-03 23:40:10,584 - INFO - [render-loss] step=116000 kept 22/48 samples (t_value >= 0.50)
2026-05-03 23:42:46,017 - INFO - Step  116200 | Epoch  87 | MSE: 0.3301 | Steps/sec: 1.21 | LR: 1.23e-04 | Render_L1: 0.0228 | Alpha_L1: 0.0277 | Render_LPIPS: 0.1355 | cos(c,null): +0.4648 | GradNorm: 0.3383 | MSE/t: [0.00-0.50]0.513(n=4678) [0.50-0.85]0.166(n=4496) [0.85-0.95]0.047(n=409) [0.95-1.00]0.037(n=17)
2026-05-03 23:42:46,093 - INFO - [render-loss] step=116200 kept 25/48 samples (t_value >= 0.50)
2026-05-03 23:45:20,457 - INFO - Step  116400 | Epoch  88 | MSE: 0.3347 | Steps/sec: 1.30 | LR: 1.23e-04 | Render_L1: 0.0230 | Alpha_L1: 0.0283 | Render_LPIPS: 0.1354 | cos(c,null): +0.4664 | GradNorm: 0.3387 | MSE/t: [0.00-0.50]0.511(n=4800) [0.50-0.85]0.168(n=4423) [0.85-0.95]0.046(n=363) [0.95-1.00]0.041(n=14)
2026-05-03 23:45:20,531 - INFO - [render-loss] step=116400 kept 23/48 samples (t_value >= 0.50)
2026-05-03 23:47:55,206 - INFO - Step  116600 | Epoch  88 | MSE: 0.3315 | Steps/sec: 1.29 | LR: 1.23e-04 | Render_L1: 0.0231 | Alpha_L1: 0.0281 | Render_LPIPS: 0.1345 | cos(c,null): +0.4680 | GradNorm: 0.3452 | MSE/t: [0.00-0.50]0.507(n=4787) [0.50-0.85]0.167(n=4417) [0.85-0.95]0.045(n=376) [0.95-1.00]0.034(n=20)
2026-05-03 23:47:55,280 - INFO - [render-loss] step=116600 kept 27/48 samples (t_value >= 0.50)
2026-05-03 23:50:30,464 - INFO - Step  116800 | Epoch  88 | MSE: 0.3349 | Steps/sec: 1.29 | LR: 1.22e-04 | Render_L1: 0.0228 | Alpha_L1: 0.0272 | Render_LPIPS: 0.1337 | cos(c,null): +0.4682 | GradNorm: 0.3356 | MSE/t: [0.00-0.50]0.513(n=4802) [0.50-0.85]0.167(n=4413) [0.85-0.95]0.045(n=370) [0.95-1.00]0.036(n=15)
2026-05-03 23:50:30,540 - INFO - [render-loss] step=116800 kept 22/48 samples (t_value >= 0.50)
2026-05-03 23:53:04,898 - INFO - Step  117000 | Epoch  88 | MSE: 0.3381 | Steps/sec: 1.30 | LR: 1.22e-04 | Render_L1: 0.0232 | Alpha_L1: 0.0286 | Render_LPIPS: 0.1358 | cos(c,null): +0.4676 | GradNorm: 0.3403 | MSE/t: [0.00-0.50]0.511(n=4867) [0.50-0.85]0.170(n=4364) [0.85-0.95]0.046(n=356) [0.95-1.00]0.035(n=13)
2026-05-03 23:53:05,106 - INFO - [cond] cfg_signal=0.0631 (min=0.0382 max=0.1062, n=16) | class_signal=0.0680 (min=0.0483 max=0.0857, n=16) | pred_rms=0.8407
2026-05-03 23:53:13,112 - INFO - [validation] saved: output/jit_B8_postfix_render256_20260503_024444/dit_validation/epoch_088_step_0117000_class063.png (class=63, sampler=heun, steps=100)
2026-05-03 23:53:14,260 - INFO - [overrides] applied from jit/configs/overrides.yaml: lr_scale=1.0 max_grad_norm=5.0 null_repel_weight=0.0 P_mean=0.0
2026-05-03 23:53:14,331 - INFO - [render-loss] step=117000 kept 25/48 samples (t_value >= 0.50)
2026-05-03 23:55:49,035 - INFO - Step  117200 | Epoch  88 | MSE: 0.3311 | Steps/sec: 1.22 | LR: 1.22e-04 | Render_L1: 0.0229 | Alpha_L1: 0.0276 | Render_LPIPS: 0.1346 | cos(c,null): +0.4681 | GradNorm: 0.3292 | MSE/t: [0.00-0.50]0.510(n=4754) [0.50-0.85]0.166(n=4443) [0.85-0.95]0.046(n=382) [0.95-1.00]0.033(n=21)
2026-05-03 23:55:49,113 - INFO - [render-loss] step=117200 kept 26/48 samples (t_value >= 0.50)
2026-05-03 23:58:23,731 - INFO - Step  117400 | Epoch  88 | MSE: 0.3367 | Steps/sec: 1.29 | LR: 1.22e-04 | Render_L1: 0.0226 | Alpha_L1: 0.0276 | Render_LPIPS: 0.1328 | cos(c,null): +0.4681 | GradNorm: 0.3444 | MSE/t: [0.00-0.50]0.511(n=4907) [0.50-0.85]0.165(n=4311) [0.85-0.95]0.046(n=370) [0.95-1.00]0.038(n=12)
2026-05-03 23:58:23,805 - INFO - [render-loss] step=117400 kept 25/48 samples (t_value >= 0.50)
2026-05-04 00:00:58,928 - INFO - Step  117600 | Epoch  88 | MSE: 0.3353 | Steps/sec: 1.29 | LR: 1.22e-04 | Render_L1: 0.0229 | Alpha_L1: 0.0273 | Render_LPIPS: 0.1347 | cos(c,null): +0.4694 | GradNorm: 0.3406 | MSE/t: [0.00-0.50]0.515(n=4802) [0.50-0.85]0.166(n=4380) [0.85-0.95]0.046(n=402) [0.95-1.00]0.035(n=16)
2026-05-04 00:00:59,005 - INFO - [render-loss] step=117600 kept 26/48 samples (t_value >= 0.50)
2026-05-04 00:03:34,492 - INFO - Step  117800 | Epoch  89 | MSE: 0.3311 | Steps/sec: 1.29 | LR: 1.21e-04 | Render_L1: 0.0229 | Alpha_L1: 0.0280 | Render_LPIPS: 0.1351 | cos(c,null): +0.4699 | GradNorm: 0.3320 | MSE/t: [0.00-0.50]0.511(n=4709) [0.50-0.85]0.168(n=4462) [0.85-0.95]0.045(n=403) [0.95-1.00]0.037(n=26)
2026-05-04 00:03:34,565 - INFO - [render-loss] step=117800 kept 24/48 samples (t_value >= 0.50)
2026-05-04 00:06:09,871 - INFO - Step  118000 | Epoch  89 | MSE: 0.3335 | Steps/sec: 1.29 | LR: 1.21e-04 | Render_L1: 0.0224 | Alpha_L1: 0.0274 | Render_LPIPS: 0.1335 | cos(c,null): +0.4686 | GradNorm: 0.3453 | MSE/t: [0.00-0.50]0.513(n=4805) [0.50-0.85]0.163(n=4422) [0.85-0.95]0.047(n=351) [0.95-1.00]0.038(n=22)
2026-05-04 00:06:10,086 - INFO - [cond] cfg_signal=0.0649 (min=0.0393 max=0.1058, n=16) | class_signal=0.0669 (min=0.0381 max=0.0871, n=16) | pred_rms=0.8367
2026-05-04 00:06:18,047 - INFO - [validation] saved: output/jit_B8_postfix_render256_20260503_024444/dit_validation/epoch_089_step_0118000_class068.png (class=68, sampler=heun, steps=100)
2026-05-04 00:06:19,621 - INFO - [overrides] applied from jit/configs/overrides.yaml: lr_scale=1.0 max_grad_norm=5.0 null_repel_weight=0.0 P_mean=0.0
2026-05-04 00:06:19,692 - INFO - [render-loss] step=118000 kept 26/48 samples (t_value >= 0.50)
2026-05-04 00:08:54,216 - INFO - Step  118200 | Epoch  89 | MSE: 0.3330 | Steps/sec: 1.22 | LR: 1.21e-04 | Render_L1: 0.0229 | Alpha_L1: 0.0278 | Render_LPIPS: 0.1347 | cos(c,null): +0.4712 | GradNorm: 0.3235 | MSE/t: [0.00-0.50]0.511(n=4787) [0.50-0.85]0.167(n=4377) [0.85-0.95]0.047(n=421) [0.95-1.00]0.039(n=15)
2026-05-04 00:08:54,292 - INFO - [render-loss] step=118200 kept 28/48 samples (t_value >= 0.50)
2026-05-04 00:11:29,157 - INFO - Step  118400 | Epoch  89 | MSE: 0.3366 | Steps/sec: 1.29 | LR: 1.21e-04 | Render_L1: 0.0228 | Alpha_L1: 0.0276 | Render_LPIPS: 0.1340 | cos(c,null): +0.4722 | GradNorm: 0.3344 | MSE/t: [0.00-0.50]0.511(n=4883) [0.50-0.85]0.166(n=4347) [0.85-0.95]0.046(n=357) [0.95-1.00]0.034(n=13)
2026-05-04 00:11:29,232 - INFO - [render-loss] step=118400 kept 25/48 samples (t_value >= 0.50)
2026-05-04 00:14:03,543 - INFO - Step  118600 | Epoch  89 | MSE: 0.3319 | Steps/sec: 1.30 | LR: 1.20e-04 | Render_L1: 0.0226 | Alpha_L1: 0.0272 | Render_LPIPS: 0.1330 | cos(c,null): +0.4720 | GradNorm: 0.3319 | MSE/t: [0.00-0.50]0.509(n=4782) [0.50-0.85]0.166(n=4428) [0.85-0.95]0.046(n=377) [0.95-1.00]0.035(n=13)
2026-05-04 00:14:03,617 - INFO - [render-loss] step=118600 kept 28/48 samples (t_value >= 0.50)
2026-05-04 00:16:37,296 - INFO - Step  118800 | Epoch  89 | MSE: 0.3349 | Steps/sec: 1.30 | LR: 1.20e-04 | Render_L1: 0.0229 | Alpha_L1: 0.0276 | Render_LPIPS: 0.1346 | cos(c,null): +0.4716 | GradNorm: 0.3353 | MSE/t: [0.00-0.50]0.513(n=4814) [0.50-0.85]0.165(n=4405) [0.85-0.95]0.046(n=368) [0.95-1.00]0.031(n=13)
2026-05-04 00:16:37,373 - INFO - [render-loss] step=118800 kept 25/48 samples (t_value >= 0.50)
2026-05-04 00:19:12,148 - INFO - Step  119000 | Epoch  89 | MSE: 0.3330 | Steps/sec: 1.29 | LR: 1.20e-04 | Render_L1: 0.0225 | Alpha_L1: 0.0269 | Render_LPIPS: 0.1342 | cos(c,null): +0.4712 | GradNorm: 0.3307 | MSE/t: [0.00-0.50]0.509(n=4819) [0.50-0.85]0.166(n=4380) [0.85-0.95]0.046(n=387) [0.95-1.00]0.035(n=14)
2026-05-04 00:19:12,364 - INFO - [cond] cfg_signal=0.0632 (min=0.0437 max=0.1088, n=16) | class_signal=0.0674 (min=0.0409 max=0.0860, n=16) | pred_rms=0.8465
2026-05-04 00:19:20,401 - INFO - [validation] saved: output/jit_B8_postfix_render256_20260503_024444/dit_validation/epoch_089_step_0119000_class026.png (class=26, sampler=heun, steps=100)
2026-05-04 00:19:21,702 - INFO - [overrides] applied from jit/configs/overrides.yaml: lr_scale=1.0 max_grad_norm=5.0 null_repel_weight=0.0 P_mean=0.0
2026-05-04 00:19:21,776 - INFO - [render-loss] step=119000 kept 22/48 samples (t_value >= 0.50)
2026-05-04 00:21:55,687 - INFO - Step  119200 | Epoch  90 | MSE: 0.3334 | Steps/sec: 1.22 | LR: 1.20e-04 | Render_L1: 0.0227 | Alpha_L1: 0.0277 | Render_LPIPS: 0.1344 | cos(c,null): +0.4717 | GradNorm: 0.3315 | MSE/t: [0.00-0.50]0.508(n=4838) [0.50-0.85]0.166(n=4348) [0.85-0.95]0.046(n=403) [0.95-1.00]0.037(n=11)
2026-05-04 00:21:55,761 - INFO - [render-loss] step=119200 kept 27/48 samples (t_value >= 0.50)
2026-05-04 00:24:31,857 - INFO - Step  119400 | Epoch  90 | MSE: 0.3304 | Steps/sec: 1.28 | LR: 1.19e-04 | Render_L1: 0.0222 | Alpha_L1: 0.0276 | Render_LPIPS: 0.1331 | cos(c,null): +0.4697 | GradNorm: 0.3354 | MSE/t: [0.00-0.50]0.508(n=4737) [0.50-0.85]0.167(n=4462) [0.85-0.95]0.047(n=392) [0.95-1.00]0.037(n=9)
2026-05-04 00:24:31,933 - INFO - [render-loss] step=119400 kept 28/48 samples (t_value >= 0.50)
2026-05-04 00:27:07,906 - INFO - Step  119600 | Epoch  90 | MSE: 0.3302 | Steps/sec: 1.28 | LR: 1.19e-04 | Render_L1: 0.0228 | Alpha_L1: 0.0279 | Render_LPIPS: 0.1350 | cos(c,null): +0.4699 | GradNorm: 0.3354 | MSE/t: [0.00-0.50]0.507(n=4755) [0.50-0.85]0.167(n=4439) [0.85-0.95]0.045(n=389) [0.95-1.00]0.038(n=17)
2026-05-04 00:27:07,982 - INFO - [render-loss] step=119600 kept 25/48 samples (t_value >= 0.50)
2026-05-04 00:29:44,809 - INFO - Step  119800 | Epoch  90 | MSE: 0.3293 | Steps/sec: 1.27 | LR: 1.19e-04 | Render_L1: 0.0226 | Alpha_L1: 0.0274 | Render_LPIPS: 0.1345 | cos(c,null): +0.4697 | GradNorm: 0.3303 | MSE/t: [0.00-0.50]0.508(n=4730) [0.50-0.85]0.165(n=4468) [0.85-0.95]0.047(n=383) [0.95-1.00]0.034(n=19)
2026-05-04 00:29:44,883 - INFO - [render-loss] step=119800 kept 24/48 samples (t_value >= 0.50)
2026-05-04 00:32:21,008 - INFO - Step  120000 | Epoch  90 | MSE: 0.3303 | Steps/sec: 1.28 | LR: 1.19e-04 | Render_L1: 0.0226 | Alpha_L1: 0.0272 | Render_LPIPS: 0.1347 | cos(c,null): +0.4714 | GradNorm: 0.3355 | MSE/t: [0.00-0.50]0.508(n=4732) [0.50-0.85]0.167(n=4475) [0.85-0.95]0.046(n=375) [0.95-1.00]0.038(n=18)
2026-05-04 00:32:21,219 - INFO - [cond] cfg_signal=0.0619 (min=0.0358 max=0.1077, n=16) | class_signal=0.0683 (min=0.0321 max=0.0912, n=16) | pred_rms=0.8481
2026-05-04 00:32:23,064 - INFO - Saved checkpoint to output/jit_B8_postfix_render256_20260503_024444/0120000.pt
2026-05-04 00:32:23,271 - INFO - [cond] cfg_signal=0.0619 (min=0.0358 max=0.1077, n=16) | class_signal=0.0683 (min=0.0321 max=0.0912, n=16) | pred_rms=0.8481
2026-05-04 00:32:31,153 - INFO - [validation] saved: output/jit_B8_postfix_render256_20260503_024444/dit_validation/epoch_090_step_0120000_class067.png (class=67, sampler=heun, steps=100)
2026-05-04 00:32:32,289 - INFO - [overrides] applied from jit/configs/overrides.yaml: lr_scale=1.0 max_grad_norm=5.0 null_repel_weight=0.0 P_mean=0.0
2026-05-04 00:32:32,359 - INFO - [render-loss] step=120000 kept 24/48 samples (t_value >= 0.50)
2026-05-04 00:35:07,465 - INFO - Step  120200 | Epoch  90 | MSE: 0.3320 | Steps/sec: 1.20 | LR: 1.19e-04 | Render_L1: 0.0228 | Alpha_L1: 0.0278 | Render_LPIPS: 0.1333 | cos(c,null): +0.4716 | GradNorm: 0.3269 | MSE/t: [0.00-0.50]0.512(n=4747) [0.50-0.85]0.166(n=4453) [0.85-0.95]0.045(n=385) [0.95-1.00]0.043(n=15)
2026-05-04 00:35:07,539 - INFO - [render-loss] step=120200 kept 20/48 samples (t_value >= 0.50)
2026-05-04 00:37:43,318 - INFO - Step  120400 | Epoch  91 | MSE: 0.3306 | Steps/sec: 1.28 | LR: 1.18e-04 | Render_L1: 0.0223 | Alpha_L1: 0.0271 | Render_LPIPS: 0.1324 | cos(c,null): +0.4724 | GradNorm: 0.3365 | MSE/t: [0.00-0.50]0.510(n=4743) [0.50-0.85]0.166(n=4432) [0.85-0.95]0.047(n=411) [0.95-1.00]0.034(n=14)
2026-05-04 00:37:43,394 - INFO - [render-loss] step=120400 kept 25/48 samples (t_value >= 0.50)
2026-05-04 00:40:18,213 - INFO - Step  120600 | Epoch  91 | MSE: 0.3320 | Steps/sec: 1.29 | LR: 1.18e-04 | Render_L1: 0.0226 | Alpha_L1: 0.0275 | Render_LPIPS: 0.1337 | cos(c,null): +0.4724 | GradNorm: 0.3349 | MSE/t: [0.00-0.50]0.508(n=4785) [0.50-0.85]0.167(n=4434) [0.85-0.95]0.047(n=365) [0.95-1.00]0.038(n=16)
2026-05-04 00:40:18,291 - INFO - [render-loss] step=120600 kept 22/48 samples (t_value >= 0.50)
2026-05-04 00:42:53,974 - INFO - Step  120800 | Epoch  91 | MSE: 0.3304 | Steps/sec: 1.28 | LR: 1.18e-04 | Render_L1: 0.0228 | Alpha_L1: 0.0275 | Render_LPIPS: 0.1336 | cos(c,null): +0.4742 | GradNorm: 0.3357 | MSE/t: [0.00-0.50]0.510(n=4727) [0.50-0.85]0.166(n=4453) [0.85-0.95]0.045(n=409) [0.95-1.00]0.043(n=11)
2026-05-04 00:42:54,050 - INFO - [render-loss] step=120800 kept 22/48 samples (t_value >= 0.50)
2026-05-04 00:45:28,866 - INFO - Step  121000 | Epoch  91 | MSE: 0.3326 | Steps/sec: 1.29 | LR: 1.18e-04 | Render_L1: 0.0228 | Alpha_L1: 0.0275 | Render_LPIPS: 0.1345 | cos(c,null): +0.4726 | GradNorm: 0.3422 | MSE/t: [0.00-0.50]0.513(n=4745) [0.50-0.85]0.168(n=4399) [0.85-0.95]0.046(n=445) [0.95-1.00]0.032(n=11)
2026-05-04 00:45:29,079 - INFO - [cond] cfg_signal=0.0627 (min=0.0378 max=0.1128, n=16) | class_signal=0.0660 (min=0.0345 max=0.0883, n=16) | pred_rms=0.8299
2026-05-04 00:45:37,192 - INFO - [validation] saved: output/jit_B8_postfix_render256_20260503_024444/dit_validation/epoch_091_step_0121000_class035.png (class=35, sampler=heun, steps=100)
2026-05-04 00:45:38,353 - INFO - [overrides] applied from jit/configs/overrides.yaml: lr_scale=1.0 max_grad_norm=5.0 null_repel_weight=0.0 P_mean=0.0
2026-05-04 00:45:38,424 - INFO - [render-loss] step=121000 kept 24/48 samples (t_value >= 0.50)
2026-05-04 00:48:13,481 - INFO - Step  121200 | Epoch  91 | MSE: 0.3325 | Steps/sec: 1.22 | LR: 1.17e-04 | Render_L1: 0.0228 | Alpha_L1: 0.0278 | Render_LPIPS: 0.1340 | cos(c,null): +0.4718 | GradNorm: 0.3424 | MSE/t: [0.00-0.50]0.511(n=4724) [0.50-0.85]0.169(n=4486) [0.85-0.95]0.046(n=368) [0.95-1.00]0.036(n=22)
2026-05-04 00:48:13,558 - INFO - [render-loss] step=121200 kept 22/48 samples (t_value >= 0.50)
2026-05-04 00:50:49,550 - INFO - Step  121400 | Epoch  91 | MSE: 0.3332 | Steps/sec: 1.28 | LR: 1.17e-04 | Render_L1: 0.0225 | Alpha_L1: 0.0271 | Render_LPIPS: 0.1325 | cos(c,null): +0.4729 | GradNorm: 0.3388 | MSE/t: [0.00-0.50]0.511(n=4789) [0.50-0.85]0.166(n=4422) [0.85-0.95]0.046(n=380) [0.95-1.00]0.032(n=9)
2026-05-04 00:50:49,624 - INFO - [render-loss] step=121400 kept 21/48 samples (t_value >= 0.50)
2026-05-04 00:53:23,335 - INFO - Step  121600 | Epoch  91 | MSE: 0.3349 | Steps/sec: 1.30 | LR: 1.17e-04 | Render_L1: 0.0226 | Alpha_L1: 0.0274 | Render_LPIPS: 0.1349 | cos(c,null): +0.4757 | GradNorm: 0.3512 | MSE/t: [0.00-0.50]0.513(n=4785) [0.50-0.85]0.169(n=4386) [0.85-0.95]0.047(n=407) [0.95-1.00]0.034(n=22)
2026-05-04 00:53:23,409 - INFO - [render-loss] step=121600 kept 22/48 samples (t_value >= 0.50)
2026-05-04 00:55:58,078 - INFO - Step  121800 | Epoch  92 | MSE: 0.3362 | Steps/sec: 1.29 | LR: 1.17e-04 | Render_L1: 0.0228 | Alpha_L1: 0.0274 | Render_LPIPS: 0.1343 | cos(c,null): +0.4738 | GradNorm: 0.3394 | MSE/t: [0.00-0.50]0.512(n=4829) [0.50-0.85]0.169(n=4368) [0.85-0.95]0.047(n=385) [0.95-1.00]0.042(n=18)
2026-05-04 00:55:58,153 - INFO - [render-loss] step=121800 kept 29/48 samples (t_value >= 0.50)
2026-05-04 00:58:30,775 - INFO - Step  122000 | Epoch  92 | MSE: 0.3347 | Steps/sec: 1.31 | LR: 1.17e-04 | Render_L1: 0.0230 | Alpha_L1: 0.0276 | Render_LPIPS: 0.1337 | cos(c,null): +0.4743 | GradNorm: 0.3399 | MSE/t: [0.00-0.50]0.508(n=4853) [0.50-0.85]0.168(n=4349) [0.85-0.95]0.046(n=384) [0.95-1.00]0.027(n=14)
2026-05-04 00:58:30,989 - INFO - [cond] cfg_signal=0.0619 (min=0.0362 max=0.1059, n=16) | class_signal=0.0669 (min=0.0390 max=0.0876, n=16) | pred_rms=0.8436
2026-05-04 00:58:39,278 - INFO - [validation] saved: output/jit_B8_postfix_render256_20260503_024444/dit_validation/epoch_092_step_0122000_class076.png (class=76, sampler=heun, steps=100)
2026-05-04 00:58:40,434 - INFO - [overrides] applied from jit/configs/overrides.yaml: lr_scale=1.0 max_grad_norm=5.0 null_repel_weight=0.0 P_mean=0.0
2026-05-04 00:58:40,504 - INFO - [render-loss] step=122000 kept 29/48 samples (t_value >= 0.50)
2026-05-04 01:01:14,243 - INFO - Step  122200 | Epoch  92 | MSE: 0.3364 | Steps/sec: 1.23 | LR: 1.16e-04 | Render_L1: 0.0225 | Alpha_L1: 0.0271 | Render_LPIPS: 0.1335 | cos(c,null): +0.4732 | GradNorm: 0.3367 | MSE/t: [0.00-0.50]0.510(n=4881) [0.50-0.85]0.166(n=4337) [0.85-0.95]0.047(n=369) [0.95-1.00]0.041(n=13)
2026-05-04 01:01:14,317 - INFO - [render-loss] step=122200 kept 28/48 samples (t_value >= 0.50)
2026-05-04 01:03:49,195 - INFO - Step  122400 | Epoch  92 | MSE: 0.3300 | Steps/sec: 1.29 | LR: 1.16e-04 | Render_L1: 0.0225 | Alpha_L1: 0.0273 | Render_LPIPS: 0.1320 | cos(c,null): +0.4757 | GradNorm: 0.3303 | MSE/t: [0.00-0.50]0.510(n=4708) [0.50-0.85]0.166(n=4497) [0.85-0.95]0.045(n=376) [0.95-1.00]0.037(n=19)
2026-05-04 01:03:49,270 - INFO - [render-loss] step=122400 kept 29/48 samples (t_value >= 0.50)
2026-05-04 01:06:24,835 - INFO - Step  122600 | Epoch  92 | MSE: 0.3308 | Steps/sec: 1.29 | LR: 1.16e-04 | Render_L1: 0.0230 | Alpha_L1: 0.0279 | Render_LPIPS: 0.1345 | cos(c,null): +0.4772 | GradNorm: 0.3289 | MSE/t: [0.00-0.50]0.512(n=4743) [0.50-0.85]0.164(n=4452) [0.85-0.95]0.045(n=390) [0.95-1.00]0.036(n=15)
2026-05-04 01:06:24,909 - INFO - [render-loss] step=122600 kept 19/48 samples (t_value >= 0.50)
2026-05-04 01:08:58,293 - INFO - Step  122800 | Epoch  92 | MSE: 0.3331 | Steps/sec: 1.30 | LR: 1.16e-04 | Render_L1: 0.0230 | Alpha_L1: 0.0277 | Render_LPIPS: 0.1348 | cos(c,null): +0.4766 | GradNorm: 0.3357 | MSE/t: [0.00-0.50]0.508(n=4827) [0.50-0.85]0.167(n=4368) [0.85-0.95]0.047(n=394) [0.95-1.00]0.036(n=11)
2026-05-04 01:08:58,367 - INFO - [render-loss] step=122800 kept 26/48 samples (t_value >= 0.50)
2026-05-04 01:11:33,384 - INFO - Step  123000 | Epoch  93 | MSE: 0.3336 | Steps/sec: 1.29 | LR: 1.15e-04 | Render_L1: 0.0226 | Alpha_L1: 0.0274 | Render_LPIPS: 0.1335 | cos(c,null): +0.4756 | GradNorm: 0.3328 | MSE/t: [0.00-0.50]0.509(n=4842) [0.50-0.85]0.165(n=4369) [0.85-0.95]0.045(n=375) [0.95-1.00]0.035(n=14)
2026-05-04 01:11:33,592 - INFO - [cond] cfg_signal=0.0626 (min=0.0374 max=0.1051, n=16) | class_signal=0.0674 (min=0.0399 max=0.0912, n=16) | pred_rms=0.8434
2026-05-04 01:11:41,629 - INFO - [validation] saved: output/jit_B8_postfix_render256_20260503_024444/dit_validation/epoch_093_step_0123000_class092.png (class=92, sampler=heun, steps=100)
2026-05-04 01:11:42,784 - INFO - [overrides] applied from jit/configs/overrides.yaml: lr_scale=1.0 max_grad_norm=5.0 null_repel_weight=0.0 P_mean=0.0
2026-05-04 01:11:42,855 - INFO - [render-loss] step=123000 kept 28/48 samples (t_value >= 0.50)
2026-05-04 01:14:18,065 - INFO - Step  123200 | Epoch  93 | MSE: 0.3346 | Steps/sec: 1.22 | LR: 1.15e-04 | Render_L1: 0.0226 | Alpha_L1: 0.0268 | Render_LPIPS: 0.1336 | cos(c,null): +0.4767 | GradNorm: 0.3374 | MSE/t: [0.00-0.50]0.512(n=4829) [0.50-0.85]0.165(n=4374) [0.85-0.95]0.047(n=377) [0.95-1.00]0.036(n=20)
2026-05-04 01:14:18,139 - INFO - [render-loss] step=123200 kept 24/48 samples (t_value >= 0.50)
2026-05-04 01:16:52,470 - INFO - Step  123400 | Epoch  93 | MSE: 0.3366 | Steps/sec: 1.30 | LR: 1.15e-04 | Render_L1: 0.0224 | Alpha_L1: 0.0271 | Render_LPIPS: 0.1327 | cos(c,null): +0.4771 | GradNorm: 0.3366 | MSE/t: [0.00-0.50]0.511(n=4863) [0.50-0.85]0.167(n=4389) [0.85-0.95]0.045(n=337) [0.95-1.00]0.043(n=11)
2026-05-04 01:16:52,547 - INFO - [render-loss] step=123400 kept 26/48 samples (t_value >= 0.50)
2026-05-04 01:19:26,020 - INFO - Step  123600 | Epoch  93 | MSE: 0.3347 | Steps/sec: 1.30 | LR: 1.15e-04 | Render_L1: 0.0222 | Alpha_L1: 0.0272 | Render_LPIPS: 0.1325 | cos(c,null): +0.4780 | GradNorm: 0.3355 | MSE/t: [0.00-0.50]0.512(n=4795) [0.50-0.85]0.167(n=4402) [0.85-0.95]0.046(n=390) [0.95-1.00]0.037(n=13)
2026-05-04 01:19:26,094 - INFO - [render-loss] step=123600 kept 21/48 samples (t_value >= 0.50)
2026-05-04 01:22:00,629 - INFO - Step  123800 | Epoch  93 | MSE: 0.3321 | Steps/sec: 1.29 | LR: 1.15e-04 | Render_L1: 0.0226 | Alpha_L1: 0.0271 | Render_LPIPS: 0.1340 | cos(c,null): +0.4779 | GradNorm: 0.3349 | MSE/t: [0.00-0.50]0.506(n=4855) [0.50-0.85]0.163(n=4371) [0.85-0.95]0.046(n=358) [0.95-1.00]0.035(n=16)
2026-05-04 01:22:00,703 - INFO - [render-loss] step=123800 kept 23/48 samples (t_value >= 0.50)
2026-05-04 01:24:35,694 - INFO - Step  124000 | Epoch  93 | MSE: 0.3316 | Steps/sec: 1.29 | LR: 1.14e-04 | Render_L1: 0.0224 | Alpha_L1: 0.0270 | Render_LPIPS: 0.1318 | cos(c,null): +0.4754 | GradNorm: 0.3240 | MSE/t: [0.00-0.50]0.510(n=4768) [0.50-0.85]0.165(n=4434) [0.85-0.95]0.045(n=380) [0.95-1.00]0.035(n=18)
2026-05-04 01:24:35,913 - INFO - [cond] cfg_signal=0.0658 (min=0.0392 max=0.1078, n=16) | class_signal=0.0666 (min=0.0322 max=0.0922, n=16) | pred_rms=0.8627
2026-05-04 01:24:44,060 - INFO - [validation] saved: output/jit_B8_postfix_render256_20260503_024444/dit_validation/epoch_093_step_0124000_class046.png (class=46, sampler=heun, steps=100)
2026-05-04 01:24:45,216 - INFO - [overrides] applied from jit/configs/overrides.yaml: lr_scale=1.0 max_grad_norm=5.0 null_repel_weight=0.0 P_mean=0.0
2026-05-04 01:24:45,287 - INFO - [render-loss] step=124000 kept 23/48 samples (t_value >= 0.50)
2026-05-04 01:27:20,637 - INFO - Step  124200 | Epoch  93 | MSE: 0.3326 | Steps/sec: 1.21 | LR: 1.14e-04 | Render_L1: 0.0229 | Alpha_L1: 0.0280 | Render_LPIPS: 0.1350 | cos(c,null): +0.4752 | GradNorm: 0.3321 | MSE/t: [0.00-0.50]0.513(n=4736) [0.50-0.85]0.168(n=4454) [0.85-0.95]0.046(n=394) [0.95-1.00]0.045(n=16)
2026-05-04 01:27:20,711 - INFO - [render-loss] step=124200 kept 26/48 samples (t_value >= 0.50)
2026-05-04 01:29:55,616 - INFO - Step  124400 | Epoch  94 | MSE: 0.3312 | Steps/sec: 1.29 | LR: 1.14e-04 | Render_L1: 0.0223 | Alpha_L1: 0.0268 | Render_LPIPS: 0.1317 | cos(c,null): +0.4761 | GradNorm: 0.3428 | MSE/t: [0.00-0.50]0.509(n=4771) [0.50-0.85]0.166(n=4402) [0.85-0.95]0.046(n=410) [0.95-1.00]0.033(n=17)
2026-05-04 01:29:55,690 - INFO - [render-loss] step=124400 kept 19/48 samples (t_value >= 0.50)
2026-05-04 01:32:29,664 - INFO - Step  124600 | Epoch  94 | MSE: 0.3353 | Steps/sec: 1.30 | LR: 1.14e-04 | Render_L1: 0.0225 | Alpha_L1: 0.0275 | Render_LPIPS: 0.1330 | cos(c,null): +0.4759 | GradNorm: 0.3376 | MSE/t: [0.00-0.50]0.511(n=4818) [0.50-0.85]0.168(n=4384) [0.85-0.95]0.046(n=377) [0.95-1.00]0.039(n=21)
2026-05-04 01:32:29,741 - INFO - [render-loss] step=124600 kept 22/48 samples (t_value >= 0.50)
2026-05-04 01:35:05,048 - INFO - Step  124800 | Epoch  94 | MSE: 0.3321 | Steps/sec: 1.29 | LR: 1.13e-04 | Render_L1: 0.0224 | Alpha_L1: 0.0272 | Render_LPIPS: 0.1331 | cos(c,null): +0.4761 | GradNorm: 0.3327 | MSE/t: [0.00-0.50]0.507(n=4821) [0.50-0.85]0.166(n=4367) [0.85-0.95]0.046(n=396) [0.95-1.00]0.040(n=16)
2026-05-04 01:35:05,122 - INFO - [render-loss] step=124800 kept 28/48 samples (t_value >= 0.50)
2026-05-04 01:37:39,959 - INFO - Step  125000 | Epoch  94 | MSE: 0.3307 | Steps/sec: 1.29 | LR: 1.13e-04 | Render_L1: 0.0226 | Alpha_L1: 0.0269 | Render_LPIPS: 0.1327 | cos(c,null): +0.4767 | GradNorm: 0.3231 | MSE/t: [0.00-0.50]0.508(n=4770) [0.50-0.85]0.165(n=4419) [0.85-0.95]0.046(n=394) [0.95-1.00]0.035(n=17)
2026-05-04 01:37:40,165 - INFO - [cond] cfg_signal=0.0605 (min=0.0363 max=0.1030, n=16) | class_signal=0.0649 (min=0.0311 max=0.0854, n=16) | pred_rms=0.8409
2026-05-04 01:37:48,395 - INFO - [validation] saved: output/jit_B8_postfix_render256_20260503_024444/dit_validation/epoch_094_step_0125000_class093.png (class=93, sampler=heun, steps=100)
2026-05-04 01:37:49,584 - INFO - [overrides] applied from jit/configs/overrides.yaml: lr_scale=1.0 max_grad_norm=5.0 null_repel_weight=0.0 P_mean=0.0
2026-05-04 01:37:49,658 - INFO - [render-loss] step=125000 kept 24/48 samples (t_value >= 0.50)
2026-05-04 01:40:24,462 - INFO - Step  125200 | Epoch  94 | MSE: 0.3331 | Steps/sec: 1.22 | LR: 1.13e-04 | Render_L1: 0.0225 | Alpha_L1: 0.0271 | Render_LPIPS: 0.1324 | cos(c,null): +0.4765 | GradNorm: 0.3311 | MSE/t: [0.00-0.50]0.509(n=4830) [0.50-0.85]0.165(n=4363) [0.85-0.95]0.045(n=388) [0.95-1.00]0.037(n=19)
2026-05-04 01:40:24,539 - INFO - [render-loss] step=125200 kept 25/48 samples (t_value >= 0.50)
2026-05-04 01:42:59,813 - INFO - Step  125400 | Epoch  94 | MSE: 0.3300 | Steps/sec: 1.29 | LR: 1.13e-04 | Render_L1: 0.0228 | Alpha_L1: 0.0277 | Render_LPIPS: 0.1331 | cos(c,null): +0.4770 | GradNorm: 0.3255 | MSE/t: [0.00-0.50]0.510(n=4701) [0.50-0.85]0.168(n=4486) [0.85-0.95]0.044(n=389) [0.95-1.00]0.035(n=24)
2026-05-04 01:42:59,887 - INFO - [render-loss] step=125400 kept 20/48 samples (t_value >= 0.50)
2026-05-04 01:45:35,905 - INFO - Step  125600 | Epoch  94 | MSE: 0.3310 | Steps/sec: 1.28 | LR: 1.13e-04 | Render_L1: 0.0227 | Alpha_L1: 0.0275 | Render_LPIPS: 0.1339 | cos(c,null): +0.4765 | GradNorm: 0.3288 | MSE/t: [0.00-0.50]0.508(n=4742) [0.50-0.85]0.168(n=4475) [0.85-0.95]0.046(n=374) [0.95-1.00]0.032(n=9)
2026-05-04 01:45:36,100 - INFO - [render-loss] step=125600 kept 28/48 samples (t_value >= 0.50)
2026-05-04 01:48:11,710 - INFO - Step  125800 | Epoch  95 | MSE: 0.3335 | Steps/sec: 1.28 | LR: 1.12e-04 | Render_L1: 0.0222 | Alpha_L1: 0.0271 | Render_LPIPS: 0.1321 | cos(c,null): +0.4771 | GradNorm: 0.3299 | MSE/t: [0.00-0.50]0.511(n=4772) [0.50-0.85]0.169(n=4423) [0.85-0.95]0.045(n=387) [0.95-1.00]0.037(n=18)
2026-05-04 01:48:11,785 - INFO - [render-loss] step=125800 kept 28/48 samples (t_value >= 0.50)
2026-05-04 01:50:47,070 - INFO - Step  126000 | Epoch  95 | MSE: 0.3331 | Steps/sec: 1.29 | LR: 1.12e-04 | Render_L1: 0.0226 | Alpha_L1: 0.0274 | Render_LPIPS: 0.1333 | cos(c,null): +0.4771 | GradNorm: 0.3335 | MSE/t: [0.00-0.50]0.512(n=4784) [0.50-0.85]0.166(n=4386) [0.85-0.95]0.044(n=412) [0.95-1.00]0.032(n=18)
2026-05-04 01:50:47,283 - INFO - [cond] cfg_signal=0.0625 (min=0.0374 max=0.1086, n=16) | class_signal=0.0673 (min=0.0318 max=0.0932, n=16) | pred_rms=0.8573
2026-05-04 01:50:55,431 - INFO - [validation] saved: output/jit_B8_postfix_render256_20260503_024444/dit_validation/epoch_095_step_0126000_class073.png (class=73, sampler=heun, steps=100)
2026-05-04 01:50:56,602 - INFO - [overrides] applied from jit/configs/overrides.yaml: lr_scale=1.0 max_grad_norm=5.0 null_repel_weight=0.0 P_mean=0.0
2026-05-04 01:50:56,673 - INFO - [render-loss] step=126000 kept 27/48 samples (t_value >= 0.50)
2026-05-04 01:53:31,087 - INFO - Step  126200 | Epoch  95 | MSE: 0.3352 | Steps/sec: 1.22 | LR: 1.12e-04 | Render_L1: 0.0222 | Alpha_L1: 0.0267 | Render_LPIPS: 0.1315 | cos(c,null): +0.4750 | GradNorm: 0.3353 | MSE/t: [0.00-0.50]0.513(n=4794) [0.50-0.85]0.167(n=4437) [0.85-0.95]0.046(n=352) [0.95-1.00]0.039(n=17)
2026-05-04 01:53:31,164 - INFO - [render-loss] step=126200 kept 26/48 samples (t_value >= 0.50)
W0504 01:55:32.372000 972133 torch/distributed/elastic/multiprocessing/api.py:1012] Sending process 972279 closing signal SIGTERM
W0504 01:55:32.374000 972133 torch/distributed/elastic/multiprocessing/api.py:1012] Sending process 972280 closing signal SIGTERM
W0504 01:55:32.374000 972133 torch/distributed/elastic/multiprocessing/api.py:1012] Sending process 972281 closing signal SIGTERM
E0504 01:55:32.375000 972133 torch/distributed/elastic/multiprocessing/api.py:986] failed (exitcode: -15) local_rank: 0 (pid: 972278) of binary: /home/hmolin/3DGen-Playground/.3dgen/bin/python3
Traceback (most recent call last):
  File "/home/hmolin/3DGen-Playground/.3dgen/bin/accelerate", line 8, in <module>
    sys.exit(main())
  File "/home/hmolin/3DGen-Playground/.3dgen/lib/python3.10/site-packages/accelerate/commands/accelerate_cli.py", line 50, in main
    args.func(args)
  File "/home/hmolin/3DGen-Playground/.3dgen/lib/python3.10/site-packages/accelerate/commands/launch.py", line 1396, in launch_command
    multi_gpu_launcher(args)
  File "/home/hmolin/3DGen-Playground/.3dgen/lib/python3.10/site-packages/accelerate/commands/launch.py", line 1023, in multi_gpu_launcher
    distrib_run.run(args)
  File "/home/hmolin/3DGen-Playground/.3dgen/lib/python3.10/site-packages/torch/distributed/run.py", line 981, in run
    elastic_launch(
  File "/home/hmolin/3DGen-Playground/.3dgen/lib/python3.10/site-packages/torch/distributed/launcher/api.py", line 170, in __call__
    return launch_agent(self._config, self._entrypoint, list(args))
  File "/home/hmolin/3DGen-Playground/.3dgen/lib/python3.10/site-packages/torch/distributed/launcher/api.py", line 317, in launch_agent
    raise ChildFailedError(
torch.distributed.elastic.multiprocessing.errors.ChildFailedError: 
========================================================
jit/train_gsplat.py FAILED
--------------------------------------------------------
Failures:
[1]:
  time      : 2026-05-04_01:55:32
  host      : yusu-l4.c.gcp-langmotion.internal
  rank      : 1 (local_rank: 1)
  exitcode  : -15 (pid: 972279)
  error_file: <N/A>
  traceback : Signal 15 (SIGTERM) received by PID 972279
[2]:
  time      : 2026-05-04_01:55:32
  host      : yusu-l4.c.gcp-langmotion.internal
  rank      : 2 (local_rank: 2)
  exitcode  : -15 (pid: 972280)
  error_file: <N/A>
  traceback : Signal 15 (SIGTERM) received by PID 972280
[3]:
  time      : 2026-05-04_01:55:32
  host      : yusu-l4.c.gcp-langmotion.internal
  rank      : 3 (local_rank: 3)
  exitcode  : -15 (pid: 972281)
  error_file: <N/A>
  traceback : Signal 15 (SIGTERM) received by PID 972281
--------------------------------------------------------
Root Cause (first observed failure):
[0]:
  time      : 2026-05-04_01:55:32
  host      : yusu-l4.c.gcp-langmotion.internal
  rank      : 0 (local_rank: 0)
  exitcode  : -15 (pid: 972278)
  error_file: <N/A>
  traceback : Signal 15 (SIGTERM) received by PID 972278
========================================================
