2026-04-30 19:45:36,178 - INFO - Accelerator: num_processes=4, mixed_precision=bf16, device=cuda:0
2026-04-30 19:45:36,178 - INFO - Validation sampler: heun
2026-04-30 19:45:36,561 - INFO - Loading class map from /home/hmolin/3DGen-Playground/object_labels/image_kmeans_k103/object_to_class.json
2026-04-30 19:45:36,724 - INFO - Loading sphere2plane permutation from /home/tiangexiang/gen3d/gaussianverse/sphere2plane.npy
2026-04-30 19:45:36,726 - INFO - Loading obj list from /home/tiangexiang/gen3d/gaussianverse/all_obj_list_filtered.json
2026-04-30 19:45:36,727 - INFO - Loading sphere2plane permutation from /home/tiangexiang/gen3d/gaussianverse/sphere2plane.npy
2026-04-30 19:45:36,728 - INFO - Loading obj list from /home/tiangexiang/gen3d/gaussianverse/all_obj_list_filtered.json
2026-04-30 19:45:36,761 - INFO - Loading sphere2plane permutation from /home/tiangexiang/gen3d/gaussianverse/sphere2plane.npy
2026-04-30 19:45:36,762 - INFO - Number of classes: 103
2026-04-30 19:45:36,762 - INFO - Creating base dataset...
2026-04-30 19:45:36,762 - INFO - Loading sphere2plane permutation from /home/tiangexiang/gen3d/gaussianverse/sphere2plane.npy
2026-04-30 19:45:36,762 - INFO - Loading obj list from /home/tiangexiang/gen3d/gaussianverse/all_obj_list_filtered.json
2026-04-30 19:45:36,763 - INFO - Loading obj list from /home/tiangexiang/gen3d/gaussianverse/all_obj_list_filtered.json
2026-04-30 19:45:36,897 - INFO - Loaded 254338 entries from /home/tiangexiang/gen3d/gaussianverse/all_obj_list_filtered.json
2026-04-30 19:45:36,901 - INFO - Loaded 254338 entries from /home/tiangexiang/gen3d/gaussianverse/all_obj_list_filtered.json
2026-04-30 19:45:36,903 - INFO - Total merged entries: 254338
2026-04-30 19:45:36,907 - INFO - Total merged entries: 254338
2026-04-30 19:45:36,911 - INFO - Loading normalization statistics from /home/tiangexiang/gen3d/3DGen-Playground/data/stats/all_mean.pt and /home/tiangexiang/gen3d/3DGen-Playground/data/stats/all_std.pt
2026-04-30 19:45:36,915 - INFO - Loading normalization statistics from /home/tiangexiang/gen3d/3DGen-Playground/data/stats/all_mean.pt and /home/tiangexiang/gen3d/3DGen-Playground/data/stats/all_std.pt
2026-04-30 19:45:36,920 - INFO - Initialized dataset with 254338 samples
2026-04-30 19:45:36,924 - INFO - Initialized dataset with 254338 samples
2026-04-30 19:45:36,936 - INFO - Loaded 254338 entries from /home/tiangexiang/gen3d/gaussianverse/all_obj_list_filtered.json
2026-04-30 19:45:36,943 - INFO - Total merged entries: 254338
2026-04-30 19:45:36,950 - INFO - Loading normalization statistics from /home/tiangexiang/gen3d/3DGen-Playground/data/stats/all_mean.pt and /home/tiangexiang/gen3d/3DGen-Playground/data/stats/all_std.pt
2026-04-30 19:45:36,959 - INFO - Initialized dataset with 254338 samples
2026-04-30 19:45:36,972 - INFO - Loaded 254338 entries from /home/tiangexiang/gen3d/gaussianverse/all_obj_list_filtered.json
2026-04-30 19:45:36,978 - INFO - Total merged entries: 254338
2026-04-30 19:45:36,985 - INFO - Loading normalization statistics from /home/tiangexiang/gen3d/3DGen-Playground/data/stats/all_mean.pt and /home/tiangexiang/gen3d/3DGen-Playground/data/stats/all_std.pt
2026-04-30 19:45:36,993 - INFO - Initialized dataset with 254338 samples
2026-04-30 19:45:36,993 - INFO - sh_degree0_only: selecting 14 features from 59
2026-04-30 19:45:37,023 - INFO - Loaded sphere2plane permutation: 16384 points
2026-04-30 19:45:37,204 - INFO - Class3DGenDataset: 254337 valid samples, 1 skipped (class -1 or missing)
2026-04-30 19:45:37,207 - INFO - Class3DGenDataset: 254337 valid samples, 1 skipped (class -1 or missing)
2026-04-30 19:45:37,241 - INFO - Class3DGenDataset: 254337 valid samples, 1 skipped (class -1 or missing)
2026-04-30 19:45:37,268 - INFO - Class3DGenDataset: 254337 valid samples, 1 skipped (class -1 or missing)
2026-04-30 19:45:37,576 - INFO - Attached to existing lazy shared CPU cache: /home/hmolin/3dgen_cache/preload/16908fbeb8fefd88793c92aa99efbfe6
2026-04-30 19:45:37,619 - INFO - Attached to existing lazy shared CPU cache: /home/hmolin/3dgen_cache/preload/16908fbeb8fefd88793c92aa99efbfe6
2026-04-30 19:45:37,662 - INFO - Attached to existing lazy shared CPU cache: /home/hmolin/3dgen_cache/preload/16908fbeb8fefd88793c92aa99efbfe6
2026-04-30 19:45:37,705 - INFO - Attached to existing lazy shared CPU cache: /home/hmolin/3dgen_cache/preload/16908fbeb8fefd88793c92aa99efbfe6
2026-04-30 19:45:37,725 - INFO - [class-balanced] sampling with inverse-frequency weights over 103 classes (min=791, max=4760, mean=2469.3 samples/class)
2026-04-30 19:45:37,725 - INFO - Dataset size: 254337, Per-GPU batch size: 64
2026-04-30 19:45:37,726 - INFO - Creating model: JiT-B/8
2026-04-30 19:45:39,423 - INFO - [patch-embed] single-conv (in_chans→embed_dim, no rank reduction below embed_dim)
2026-04-30 19:45:39,423 - INFO - JiT spatial folding: disabled (factor=1)
2026-04-30 19:45:39,424 - INFO - Model parameters: 131,196,800 (131.2M)
2026-04-30 19:45:39,754 - INFO - [layout] converted 1 Conv2d weights to channels_last
2026-04-30 19:45:39,754 - INFO - torch.compile: enabled (mode=default)
2026-04-30 19:45:42,019 - INFO - Diffusion timesteps: 1000, predict=x0, schedule=squaredcos_cap_v2
2026-04-30 19:45:42,019 - INFO - Training mode: DDPM (sampler=heun), timestep sampling: sigmoid(N(0.000, 1.000)) mapped to discrete steps [0, 999]
2026-04-30 19:45:42,453 - INFO - LR schedule: cosine | warmup=500 opt steps | max_opt_steps=198600 | lr_min=1e-05
2026-04-30 19:45:42,506 - INFO - [channel_loss_weights] active: 14 values, mean=1.0000, min=0.6440, max=1.7350
2026-04-30 19:45:42,677 - INFO - Loaded 52 reference cameras from /home/hmolin/3DGen-Playground/artifacts/ref_camera.tar.gz
/home/hmolin/3DGen-Playground/.3dgen/lib/python3.10/site-packages/torchvision/models/_utils.py:208: UserWarning: The parameter 'pretrained' is deprecated since 0.13 and may be removed in the future, please use 'weights' instead.
  warnings.warn(
/home/hmolin/3DGen-Playground/.3dgen/lib/python3.10/site-packages/torchvision/models/_utils.py:208: UserWarning: The parameter 'pretrained' is deprecated since 0.13 and may be removed in the future, please use 'weights' instead.
  warnings.warn(
/home/hmolin/3DGen-Playground/.3dgen/lib/python3.10/site-packages/torchvision/models/_utils.py:208: UserWarning: The parameter 'pretrained' is deprecated since 0.13 and may be removed in the future, please use 'weights' instead.
  warnings.warn(
/home/hmolin/3DGen-Playground/.3dgen/lib/python3.10/site-packages/torchvision/models/_utils.py:208: UserWarning: The parameter 'pretrained' is deprecated since 0.13 and may be removed in the future, please use 'weights' instead.
  warnings.warn(
/home/hmolin/3DGen-Playground/.3dgen/lib/python3.10/site-packages/torchvision/models/_utils.py:223: UserWarning: Arguments other than a weight enum or `None` for 'weights' are deprecated since 0.13 and may be removed in the future. The current behavior is equivalent to passing `weights=VGG16_Weights.IMAGENET1K_V1`. You can also use `weights=VGG16_Weights.DEFAULT` to get the most up-to-date weights.
  warnings.warn(msg)
/home/hmolin/3DGen-Playground/.3dgen/lib/python3.10/site-packages/torchvision/models/_utils.py:223: UserWarning: Arguments other than a weight enum or `None` for 'weights' are deprecated since 0.13 and may be removed in the future. The current behavior is equivalent to passing `weights=VGG16_Weights.IMAGENET1K_V1`. You can also use `weights=VGG16_Weights.DEFAULT` to get the most up-to-date weights.
  warnings.warn(msg)
/home/hmolin/3DGen-Playground/.3dgen/lib/python3.10/site-packages/torchvision/models/_utils.py:223: UserWarning: Arguments other than a weight enum or `None` for 'weights' are deprecated since 0.13 and may be removed in the future. The current behavior is equivalent to passing `weights=VGG16_Weights.IMAGENET1K_V1`. You can also use `weights=VGG16_Weights.DEFAULT` to get the most up-to-date weights.
  warnings.warn(msg)
/home/hmolin/3DGen-Playground/.3dgen/lib/python3.10/site-packages/torchvision/models/_utils.py:223: UserWarning: Arguments other than a weight enum or `None` for 'weights' are deprecated since 0.13 and may be removed in the future. The current behavior is equivalent to passing `weights=VGG16_Weights.IMAGENET1K_V1`. You can also use `weights=VGG16_Weights.DEFAULT` to get the most up-to-date weights.
  warnings.warn(msg)
2026-04-30 19:45:45,568 - INFO - Starting training from epoch 0, step 0...
2026-04-30 19:45:45,568 - INFO - [render_weight_schedule] active with 2 control points: (20000, rl1=0.000, a=0.000, lp=0.0000), (100000, rl1=0.600, a=0.300, lp=0.0400) | initial weights at step 0: rl1=0.0000, alpha=0.0000, lpips=0.0000
[rank3]:W0430 19:45:54.202000 309807 .3dgen/lib/python3.10/site-packages/torch/_inductor/utils.py:1731] [0/0] Not enough SMs to use max_autotune_gemm mode
[rank1]:W0430 19:45:54.202000 309805 .3dgen/lib/python3.10/site-packages/torch/_inductor/utils.py:1731] [0/0] Not enough SMs to use max_autotune_gemm mode
[rank0]:W0430 19:45:54.202000 309804 .3dgen/lib/python3.10/site-packages/torch/_inductor/utils.py:1731] [0/0] Not enough SMs to use max_autotune_gemm mode
[rank2]:W0430 19:45:54.202000 309806 .3dgen/lib/python3.10/site-packages/torch/_inductor/utils.py:1731] [0/0] Not enough SMs to use max_autotune_gemm mode
2026-04-30 19:48:04,513 - INFO - Step     200 | Epoch   0 | MSE: 0.7573 | Steps/sec: 1.44 | LR: 8.00e-05 | cos(c,null): +0.0043 | GradNorm: 0.1499 | MSE/t: [0.00-0.50]0.781(n=6413) [0.50-0.85]0.734(n=5851) [0.85-0.95]0.736(n=515) [0.95-1.00]0.559(n=21)
2026-04-30 19:49:29,363 - INFO - Step     400 | Epoch   0 | MSE: 0.3850 | Steps/sec: 2.36 | LR: 1.60e-04 | cos(c,null): +0.0057 | GradNorm: 0.3539 | MSE/t: [0.00-0.50]0.517(n=6256) [0.50-0.85]0.267(n=5980) [0.85-0.95]0.172(n=543) [0.95-1.00]0.111(n=21)
2026-04-30 19:50:54,150 - INFO - Step     600 | Epoch   0 | MSE: 0.3273 | Steps/sec: 2.36 | LR: 2.00e-04 | cos(c,null): +0.0043 | GradNorm: 0.2432 | MSE/t: [0.00-0.50]0.480(n=6388) [0.50-0.85]0.185(n=5898) [0.85-0.95]0.059(n=500) [0.95-1.00]0.068(n=14)
2026-04-30 19:52:18,872 - INFO - Step     800 | Epoch   0 | MSE: 0.3122 | Steps/sec: 2.36 | LR: 2.00e-04 | cos(c,null): +0.0034 | GradNorm: 0.1835 | MSE/t: [0.00-0.50]0.468(n=6360) [0.50-0.85]0.169(n=5889) [0.85-0.95]0.048(n=526) [0.95-1.00]0.045(n=25)
2026-04-30 19:53:43,747 - INFO - Step    1000 | Epoch   1 | MSE: 0.3084 | Steps/sec: 2.36 | LR: 2.00e-04 | cos(c,null): +0.0028 | GradNorm: 0.1386 | MSE/t: [0.00-0.50]0.461(n=6377) [0.50-0.85]0.167(n=5906) [0.85-0.95]0.042(n=502) [0.95-1.00]0.034(n=15)
2026-04-30 19:54:10,739 - INFO - [cond] cfg_signal=0.0298 (min=0.0128 max=0.0633, n=16) | class_signal=0.0374 (min=0.0117 max=0.0754, n=16) | pred_rms=0.7638
2026-04-30 19:54:20,158 - INFO - [validation] saved: output/jit_B8_no_bottleneck_20260430_194526/dit_validation/epoch_001_step_0001000_class049.png (class=49, sampler=heun, steps=100)
2026-04-30 19:55:45,770 - INFO - Step    1200 | Epoch   1 | MSE: 0.2996 | Steps/sec: 2.10 | LR: 2.00e-04 | cos(c,null): +0.0024 | GradNorm: 0.1161 | MSE/t: [0.00-0.50]0.456(n=6237) [0.50-0.85]0.161(n=6014) [0.85-0.95]0.038(n=525) [0.95-1.00]0.028(n=24)
2026-04-30 19:57:10,462 - INFO - Step    1400 | Epoch   1 | MSE: 0.3005 | Steps/sec: 2.36 | LR: 2.00e-04 | cos(c,null): +0.0018 | GradNorm: 0.1072 | MSE/t: [0.00-0.50]0.454(n=6391) [0.50-0.85]0.157(n=5860) [0.85-0.95]0.040(n=533) [0.95-1.00]0.031(n=16)
2026-04-30 19:58:35,153 - INFO - Step    1600 | Epoch   1 | MSE: 0.3002 | Steps/sec: 2.36 | LR: 2.00e-04 | cos(c,null): +0.0013 | GradNorm: 0.1011 | MSE/t: [0.00-0.50]0.455(n=6388) [0.50-0.85]0.158(n=5817) [0.85-0.95]0.037(n=575) [0.95-1.00]0.030(n=20)
2026-04-30 19:59:59,838 - INFO - Step    1800 | Epoch   1 | MSE: 0.3030 | Steps/sec: 2.36 | LR: 2.00e-04 | cos(c,null): +0.0009 | GradNorm: 0.0977 | MSE/t: [0.00-0.50]0.455(n=6471) [0.50-0.85]0.158(n=5779) [0.85-0.95]0.037(n=530) [0.95-1.00]0.029(n=20)
2026-04-30 20:01:24,740 - INFO - Step    2000 | Epoch   2 | MSE: 0.2994 | Steps/sec: 2.36 | LR: 2.00e-04 | cos(c,null): +0.0006 | GradNorm: 0.0881 | MSE/t: [0.00-0.50]0.452(n=6405) [0.50-0.85]0.156(n=5881) [0.85-0.95]0.035(n=497) [0.95-1.00]0.023(n=17)
2026-04-30 20:01:24,956 - INFO - [cond] cfg_signal=0.0299 (min=0.0141 max=0.0489, n=16) | class_signal=0.0344 (min=0.0117 max=0.0590, n=16) | pred_rms=1.1451
2026-04-30 20:01:33,231 - INFO - [validation] saved: output/jit_B8_no_bottleneck_20260430_194526/dit_validation/epoch_002_step_0002000_class053.png (class=53, sampler=heun, steps=100)
2026-04-30 20:02:58,733 - INFO - Step    2200 | Epoch   2 | MSE: 0.2954 | Steps/sec: 2.13 | LR: 2.00e-04 | cos(c,null): +0.0002 | GradNorm: 0.0855 | MSE/t: [0.00-0.50]0.445(n=6375) [0.50-0.85]0.156(n=5914) [0.85-0.95]0.035(n=491) [0.95-1.00]0.022(n=20)
2026-04-30 20:04:23,425 - INFO - Step    2400 | Epoch   2 | MSE: 0.2970 | Steps/sec: 2.36 | LR: 2.00e-04 | cos(c,null): -0.0001 | GradNorm: 0.0830 | MSE/t: [0.00-0.50]0.447(n=6373) [0.50-0.85]0.158(n=5900) [0.85-0.95]0.035(n=509) [0.95-1.00]0.027(n=18)
2026-04-30 20:05:48,101 - INFO - Step    2600 | Epoch   2 | MSE: 0.2953 | Steps/sec: 2.36 | LR: 2.00e-04 | cos(c,null): -0.0003 | GradNorm: 0.0693 | MSE/t: [0.00-0.50]0.445(n=6425) [0.50-0.85]0.155(n=5844) [0.85-0.95]0.034(n=509) [0.95-1.00]0.026(n=22)
2026-04-30 20:07:12,846 - INFO - Step    2800 | Epoch   2 | MSE: 0.2973 | Steps/sec: 2.36 | LR: 2.00e-04 | cos(c,null): -0.0005 | GradNorm: 0.0718 | MSE/t: [0.00-0.50]0.450(n=6458) [0.50-0.85]0.151(n=5805) [0.85-0.95]0.035(n=514) [0.95-1.00]0.023(n=23)
2026-04-30 20:08:37,767 - INFO - Step    3000 | Epoch   3 | MSE: 0.2876 | Steps/sec: 2.36 | LR: 2.00e-04 | cos(c,null): -0.0007 | GradNorm: 0.0644 | MSE/t: [0.00-0.50]0.437(n=6343) [0.50-0.85]0.150(n=5926) [0.85-0.95]0.035(n=513) [0.95-1.00]0.028(n=18)
2026-04-30 20:08:37,981 - INFO - [cond] cfg_signal=0.0353 (min=0.0155 max=0.0673, n=16) | class_signal=0.0362 (min=0.0162 max=0.0696, n=16) | pred_rms=1.3259
2026-04-30 20:08:46,347 - INFO - [validation] saved: output/jit_B8_no_bottleneck_20260430_194526/dit_validation/epoch_003_step_0003000_class033.png (class=33, sampler=heun, steps=100)
2026-04-30 20:10:11,895 - INFO - Step    3200 | Epoch   3 | MSE: 0.2897 | Steps/sec: 2.13 | LR: 2.00e-04 | cos(c,null): -0.0008 | GradNorm: 0.0663 | MSE/t: [0.00-0.50]0.442(n=6359) [0.50-0.85]0.150(n=5899) [0.85-0.95]0.032(n=521) [0.95-1.00]0.022(n=21)
2026-04-30 20:11:36,662 - INFO - Step    3400 | Epoch   3 | MSE: 0.2882 | Steps/sec: 2.36 | LR: 2.00e-04 | cos(c,null): -0.0009 | GradNorm: 0.0559 | MSE/t: [0.00-0.50]0.441(n=6305) [0.50-0.85]0.150(n=5941) [0.85-0.95]0.031(n=539) [0.95-1.00]0.026(n=15)
2026-04-30 20:13:01,444 - INFO - Step    3600 | Epoch   3 | MSE: 0.2882 | Steps/sec: 2.36 | LR: 2.00e-04 | cos(c,null): -0.0009 | GradNorm: 0.0608 | MSE/t: [0.00-0.50]0.438(n=6386) [0.50-0.85]0.149(n=5889) [0.85-0.95]0.032(n=505) [0.95-1.00]0.022(n=20)
2026-04-30 20:14:26,220 - INFO - Step    3800 | Epoch   3 | MSE: 0.2919 | Steps/sec: 2.36 | LR: 2.00e-04 | cos(c,null): -0.0009 | GradNorm: 0.0586 | MSE/t: [0.00-0.50]0.447(n=6394) [0.50-0.85]0.147(n=5860) [0.85-0.95]0.033(n=525) [0.95-1.00]0.024(n=21)
2026-04-30 20:15:51,166 - INFO - Step    4000 | Epoch   4 | MSE: 0.2834 | Steps/sec: 2.35 | LR: 2.00e-04 | cos(c,null): -0.0015 | GradNorm: 0.0514 | MSE/t: [0.00-0.50]0.431(n=6283) [0.50-0.85]0.151(n=5967) [0.85-0.95]0.030(n=524) [0.95-1.00]0.021(n=26)
2026-04-30 20:15:51,382 - INFO - [cond] cfg_signal=0.0361 (min=0.0195 max=0.0593, n=16) | class_signal=0.0368 (min=0.0166 max=0.0744, n=16) | pred_rms=1.2818
2026-04-30 20:15:59,735 - INFO - [validation] saved: output/jit_B8_no_bottleneck_20260430_194526/dit_validation/epoch_004_step_0004000_class062.png (class=62, sampler=heun, steps=100)
2026-04-30 20:17:26,013 - INFO - Step    4200 | Epoch   4 | MSE: 0.2895 | Steps/sec: 2.11 | LR: 2.00e-04 | cos(c,null): -0.0014 | GradNorm: 0.0580 | MSE/t: [0.00-0.50]0.439(n=6413) [0.50-0.85]0.148(n=5870) [0.85-0.95]0.032(n=497) [0.95-1.00]0.024(n=20)
2026-04-30 20:18:50,804 - INFO - Step    4400 | Epoch   4 | MSE: 0.2896 | Steps/sec: 2.36 | LR: 2.00e-04 | cos(c,null): -0.0011 | GradNorm: 0.0552 | MSE/t: [0.00-0.50]0.439(n=6438) [0.50-0.85]0.148(n=5831) [0.85-0.95]0.030(n=510) [0.95-1.00]0.019(n=21)
2026-04-30 20:20:15,616 - INFO - Step    4600 | Epoch   4 | MSE: 0.2862 | Steps/sec: 2.36 | LR: 2.00e-04 | cos(c,null): -0.0009 | GradNorm: 0.0517 | MSE/t: [0.00-0.50]0.442(n=6262) [0.50-0.85]0.148(n=5953) [0.85-0.95]0.031(n=566) [0.95-1.00]0.017(n=19)
2026-04-30 20:21:40,466 - INFO - Step    4800 | Epoch   4 | MSE: 0.2876 | Steps/sec: 2.36 | LR: 2.00e-04 | cos(c,null): -0.0004 | GradNorm: 0.0454 | MSE/t: [0.00-0.50]0.439(n=6321) [0.50-0.85]0.149(n=5983) [0.85-0.95]0.030(n=478) [0.95-1.00]0.020(n=18)
2026-04-30 20:23:05,472 - INFO - Step    5000 | Epoch   5 | MSE: 0.2881 | Steps/sec: 2.35 | LR: 2.00e-04 | cos(c,null): -0.0008 | GradNorm: 0.0477 | MSE/t: [0.00-0.50]0.438(n=6413) [0.50-0.85]0.148(n=5844) [0.85-0.95]0.030(n=522) [0.95-1.00]0.017(n=21)
2026-04-30 20:23:05,685 - INFO - [cond] cfg_signal=0.0429 (min=0.0196 max=0.0712, n=16) | class_signal=0.0381 (min=0.0116 max=0.0701, n=16) | pred_rms=1.3453
2026-04-30 20:23:13,985 - INFO - [validation] saved: output/jit_B8_no_bottleneck_20260430_194526/dit_validation/epoch_005_step_0005000_class100.png (class=100, sampler=heun, steps=100)
2026-04-30 20:24:39,517 - INFO - Step    5200 | Epoch   5 | MSE: 0.2879 | Steps/sec: 2.13 | LR: 2.00e-04 | cos(c,null): -0.0010 | GradNorm: 0.0404 | MSE/t: [0.00-0.50]0.436(n=6425) [0.50-0.85]0.148(n=5869) [0.85-0.95]0.030(n=481) [0.95-1.00]0.017(n=25)
2026-04-30 20:26:04,312 - INFO - Step    5400 | Epoch   5 | MSE: 0.2846 | Steps/sec: 2.36 | LR: 2.00e-04 | cos(c,null): -0.0017 | GradNorm: 0.0465 | MSE/t: [0.00-0.50]0.434(n=6365) [0.50-0.85]0.146(n=5910) [0.85-0.95]0.031(n=500) [0.95-1.00]0.029(n=25)
2026-04-30 20:27:29,182 - INFO - Step    5600 | Epoch   5 | MSE: 0.2812 | Steps/sec: 2.36 | LR: 2.00e-04 | cos(c,null): -0.0018 | GradNorm: 0.0403 | MSE/t: [0.00-0.50]0.429(n=6301) [0.50-0.85]0.147(n=6006) [0.85-0.95]0.029(n=474) [0.95-1.00]0.017(n=19)
2026-04-30 20:28:54,032 - INFO - Step    5800 | Epoch   5 | MSE: 0.2836 | Steps/sec: 2.36 | LR: 2.00e-04 | cos(c,null): -0.0016 | GradNorm: 0.0408 | MSE/t: [0.00-0.50]0.432(n=6376) [0.50-0.85]0.146(n=5892) [0.85-0.95]0.029(n=522) [0.95-1.00]0.035(n=10)
2026-04-30 20:30:19,068 - INFO - Step    6000 | Epoch   6 | MSE: 0.2888 | Steps/sec: 2.35 | LR: 2.00e-04 | cos(c,null): -0.0013 | GradNorm: 0.0403 | MSE/t: [0.00-0.50]0.437(n=6392) [0.50-0.85]0.147(n=5906) [0.85-0.95]0.075(n=482) [0.95-1.00]0.019(n=20)
2026-04-30 20:30:19,280 - INFO - [cond] cfg_signal=0.0334 (min=0.0129 max=0.0522, n=16) | class_signal=0.0347 (min=0.0108 max=0.0663, n=16) | pred_rms=1.1604
2026-04-30 20:30:27,614 - INFO - [validation] saved: output/jit_B8_no_bottleneck_20260430_194526/dit_validation/epoch_006_step_0006000_class061.png (class=61, sampler=heun, steps=100)
2026-04-30 20:31:53,228 - INFO - Step    6200 | Epoch   6 | MSE: 0.2850 | Steps/sec: 2.13 | LR: 2.00e-04 | cos(c,null): -0.0010 | GradNorm: 0.0380 | MSE/t: [0.00-0.50]0.437(n=6334) [0.50-0.85]0.146(n=5941) [0.85-0.95]0.028(n=504) [0.95-1.00]0.019(n=21)
2026-04-30 20:33:18,076 - INFO - Step    6400 | Epoch   6 | MSE: 0.2849 | Steps/sec: 2.36 | LR: 2.00e-04 | cos(c,null): -0.0016 | GradNorm: 0.0379 | MSE/t: [0.00-0.50]0.435(n=6393) [0.50-0.85]0.145(n=5885) [0.85-0.95]0.029(n=499) [0.95-1.00]0.019(n=23)
2026-04-30 20:34:42,882 - INFO - Step    6600 | Epoch   6 | MSE: 0.2874 | Steps/sec: 2.36 | LR: 2.00e-04 | cos(c,null): -0.0020 | GradNorm: 0.0394 | MSE/t: [0.00-0.50]0.440(n=6405) [0.50-0.85]0.144(n=5888) [0.85-0.95]0.028(n=492) [0.95-1.00]0.014(n=15)
2026-04-30 20:36:07,741 - INFO - Step    6800 | Epoch   6 | MSE: 0.2828 | Steps/sec: 2.36 | LR: 2.00e-04 | cos(c,null): -0.0017 | GradNorm: 0.0353 | MSE/t: [0.00-0.50]0.433(n=6314) [0.50-0.85]0.146(n=5935) [0.85-0.95]0.027(n=532) [0.95-1.00]0.018(n=19)
2026-04-30 20:37:32,721 - INFO - Step    7000 | Epoch   7 | MSE: 0.2860 | Steps/sec: 2.35 | LR: 1.99e-04 | cos(c,null): -0.0016 | GradNorm: 0.0368 | MSE/t: [0.00-0.50]0.438(n=6397) [0.50-0.85]0.144(n=5839) [0.85-0.95]0.027(n=548) [0.95-1.00]0.023(n=16)
2026-04-30 20:37:32,935 - INFO - [cond] cfg_signal=0.0284 (min=0.0183 max=0.0383, n=16) | class_signal=0.0333 (min=0.0186 max=0.0480, n=16) | pred_rms=0.9238
2026-04-30 20:37:41,277 - INFO - [validation] saved: output/jit_B8_no_bottleneck_20260430_194526/dit_validation/epoch_007_step_0007000_class074.png (class=74, sampler=heun, steps=100)
2026-04-30 20:39:06,919 - INFO - Step    7200 | Epoch   7 | MSE: 0.2846 | Steps/sec: 2.13 | LR: 1.99e-04 | cos(c,null): -0.0011 | GradNorm: 0.0360 | MSE/t: [0.00-0.50]0.435(n=6386) [0.50-0.85]0.145(n=5877) [0.85-0.95]0.028(n=527) [0.95-1.00]0.017(n=10)
2026-04-30 20:40:31,685 - INFO - Step    7400 | Epoch   7 | MSE: 0.2812 | Steps/sec: 2.36 | LR: 1.99e-04 | cos(c,null): -0.0017 | GradNorm: 0.0389 | MSE/t: [0.00-0.50]0.430(n=6322) [0.50-0.85]0.146(n=5951) [0.85-0.95]0.027(n=511) [0.95-1.00]0.015(n=16)
2026-04-30 20:41:56,465 - INFO - Step    7600 | Epoch   7 | MSE: 0.2836 | Steps/sec: 2.36 | LR: 1.99e-04 | cos(c,null): -0.0012 | GradNorm: 0.0303 | MSE/t: [0.00-0.50]0.432(n=6448) [0.50-0.85]0.143(n=5814) [0.85-0.95]0.026(n=516) [0.95-1.00]0.018(n=22)
2026-04-30 20:43:21,214 - INFO - Step    7800 | Epoch   7 | MSE: 0.2795 | Steps/sec: 2.36 | LR: 1.99e-04 | cos(c,null): -0.0015 | GradNorm: 0.0299 | MSE/t: [0.00-0.50]0.428(n=6350) [0.50-0.85]0.143(n=5924) [0.85-0.95]0.025(n=498) [0.95-1.00]0.014(n=28)
2026-04-30 20:44:46,161 - INFO - Step    8000 | Epoch   8 | MSE: 0.2804 | Steps/sec: 2.35 | LR: 1.99e-04 | cos(c,null): -0.0012 | GradNorm: 0.0327 | MSE/t: [0.00-0.50]0.428(n=6329) [0.50-0.85]0.146(n=5900) [0.85-0.95]0.026(n=553) [0.95-1.00]0.015(n=18)
2026-04-30 20:44:46,375 - INFO - [cond] cfg_signal=0.0350 (min=0.0230 max=0.0496, n=16) | class_signal=0.0367 (min=0.0180 max=0.0537, n=16) | pred_rms=1.1622
2026-04-30 20:44:54,760 - INFO - [validation] saved: output/jit_B8_no_bottleneck_20260430_194526/dit_validation/epoch_008_step_0008000_class064.png (class=64, sampler=heun, steps=100)
2026-04-30 20:46:20,382 - INFO - Step    8200 | Epoch   8 | MSE: 0.2802 | Steps/sec: 2.13 | LR: 1.99e-04 | cos(c,null): -0.0011 | GradNorm: 0.0307 | MSE/t: [0.00-0.50]0.425(n=6464) [0.50-0.85]0.142(n=5813) [0.85-0.95]0.026(n=505) [0.95-1.00]0.012(n=18)
2026-04-30 20:47:45,105 - INFO - Step    8400 | Epoch   8 | MSE: 0.2834 | Steps/sec: 2.36 | LR: 1.99e-04 | cos(c,null): -0.0007 | GradNorm: 0.0352 | MSE/t: [0.00-0.50]0.437(n=6359) [0.50-0.85]0.141(n=5919) [0.85-0.95]0.026(n=500) [0.95-1.00]0.014(n=22)
2026-04-30 20:49:09,850 - INFO - Step    8600 | Epoch   8 | MSE: 0.2808 | Steps/sec: 2.36 | LR: 1.99e-04 | cos(c,null): +0.0000 | GradNorm: 0.0321 | MSE/t: [0.00-0.50]0.428(n=6399) [0.50-0.85]0.143(n=5899) [0.85-0.95]0.026(n=487) [0.95-1.00]0.014(n=15)
2026-04-30 20:50:34,631 - INFO - Step    8800 | Epoch   8 | MSE: 0.2843 | Steps/sec: 2.36 | LR: 1.99e-04 | cos(c,null): +0.0002 | GradNorm: 0.0314 | MSE/t: [0.00-0.50]0.436(n=6387) [0.50-0.85]0.143(n=5872) [0.85-0.95]0.026(n=517) [0.95-1.00]0.011(n=24)
2026-04-30 20:51:59,636 - INFO - Step    9000 | Epoch   9 | MSE: 0.2844 | Steps/sec: 2.35 | LR: 1.99e-04 | cos(c,null): -0.0015 | GradNorm: 0.0334 | MSE/t: [0.00-0.50]0.434(n=6456) [0.50-0.85]0.141(n=5766) [0.85-0.95]0.048(n=544) [0.95-1.00]0.014(n=34)
2026-04-30 20:51:59,852 - INFO - [cond] cfg_signal=0.0434 (min=0.0292 max=0.0682, n=16) | class_signal=0.0455 (min=0.0203 max=0.0646, n=16) | pred_rms=1.2176
2026-04-30 20:52:08,244 - INFO - [validation] saved: output/jit_B8_no_bottleneck_20260430_194526/dit_validation/epoch_009_step_0009000_class036.png (class=36, sampler=heun, steps=100)
2026-04-30 20:53:33,822 - INFO - Step    9200 | Epoch   9 | MSE: 0.2821 | Steps/sec: 2.13 | LR: 1.99e-04 | cos(c,null): -0.0032 | GradNorm: 0.0287 | MSE/t: [0.00-0.50]0.432(n=6376) [0.50-0.85]0.143(n=5894) [0.85-0.95]0.024(n=511) [0.95-1.00]0.014(n=19)
2026-04-30 20:54:58,596 - INFO - Step    9400 | Epoch   9 | MSE: 0.2759 | Steps/sec: 2.36 | LR: 1.99e-04 | cos(c,null): -0.0054 | GradNorm: 0.0308 | MSE/t: [0.00-0.50]0.423(n=6381) [0.50-0.85]0.139(n=5893) [0.85-0.95]0.026(n=510) [0.95-1.00]0.013(n=16)
2026-04-30 20:56:23,342 - INFO - Step    9600 | Epoch   9 | MSE: 0.2805 | Steps/sec: 2.36 | LR: 1.99e-04 | cos(c,null): -0.0052 | GradNorm: 0.0261 | MSE/t: [0.00-0.50]0.428(n=6386) [0.50-0.85]0.143(n=5880) [0.85-0.95]0.024(n=516) [0.95-1.00]0.018(n=18)
2026-04-30 20:57:48,074 - INFO - Step    9800 | Epoch   9 | MSE: 0.2767 | Steps/sec: 2.36 | LR: 1.99e-04 | cos(c,null): -0.0050 | GradNorm: 0.0259 | MSE/t: [0.00-0.50]0.427(n=6332) [0.50-0.85]0.139(n=5947) [0.85-0.95]0.024(n=497) [0.95-1.00]0.014(n=24)
2026-04-30 20:59:12,967 - INFO - Step   10000 | Epoch  10 | MSE: 0.2772 | Steps/sec: 2.36 | LR: 1.99e-04 | cos(c,null): -0.0052 | GradNorm: 0.0286 | MSE/t: [0.00-0.50]0.425(n=6360) [0.50-0.85]0.141(n=5898) [0.85-0.95]0.024(n=519) [0.95-1.00]0.014(n=23)
2026-04-30 20:59:13,182 - INFO - [cond] cfg_signal=0.0410 (min=0.0337 max=0.0542, n=16) | class_signal=0.0474 (min=0.0218 max=0.0697, n=16) | pred_rms=1.2685
2026-04-30 20:59:21,589 - INFO - [validation] saved: output/jit_B8_no_bottleneck_20260430_194526/dit_validation/epoch_010_step_0010000_class096.png (class=96, sampler=heun, steps=100)
2026-04-30 21:00:47,077 - INFO - Step   10200 | Epoch  10 | MSE: 0.2788 | Steps/sec: 2.13 | LR: 1.99e-04 | cos(c,null): -0.0058 | GradNorm: 0.0276 | MSE/t: [0.00-0.50]0.425(n=6465) [0.50-0.85]0.140(n=5772) [0.85-0.95]0.024(n=536) [0.95-1.00]0.015(n=27)
2026-04-30 21:02:11,803 - INFO - Step   10400 | Epoch  10 | MSE: 0.2749 | Steps/sec: 2.36 | LR: 1.99e-04 | cos(c,null): -0.0056 | GradNorm: 0.0286 | MSE/t: [0.00-0.50]0.425(n=6345) [0.50-0.85]0.137(n=5913) [0.85-0.95]0.025(n=518) [0.95-1.00]0.013(n=24)
2026-04-30 21:03:36,461 - INFO - Step   10600 | Epoch  10 | MSE: 0.2744 | Steps/sec: 2.36 | LR: 1.99e-04 | cos(c,null): -0.0050 | GradNorm: 0.0275 | MSE/t: [0.00-0.50]0.426(n=6305) [0.50-0.85]0.137(n=5952) [0.85-0.95]0.025(n=518) [0.95-1.00]0.012(n=25)
2026-04-30 21:05:01,151 - INFO - Step   10800 | Epoch  10 | MSE: 0.2787 | Steps/sec: 2.36 | LR: 1.99e-04 | cos(c,null): -0.0044 | GradNorm: 0.0270 | MSE/t: [0.00-0.50]0.426(n=6461) [0.50-0.85]0.139(n=5807) [0.85-0.95]0.024(n=506) [0.95-1.00]0.012(n=26)
2026-04-30 21:06:26,026 - INFO - Step   11000 | Epoch  11 | MSE: 0.2788 | Steps/sec: 2.36 | LR: 1.99e-04 | cos(c,null): -0.0048 | GradNorm: 0.0262 | MSE/t: [0.00-0.50]0.423(n=6529) [0.50-0.85]0.137(n=5762) [0.85-0.95]0.028(n=487) [0.95-1.00]0.014(n=22)
2026-04-30 21:06:26,241 - INFO - [cond] cfg_signal=0.0434 (min=0.0319 max=0.0661, n=16) | class_signal=0.0499 (min=0.0227 max=0.0687, n=16) | pred_rms=1.2417
2026-04-30 21:06:34,771 - INFO - [validation] saved: output/jit_B8_no_bottleneck_20260430_194526/dit_validation/epoch_011_step_0011000_class079.png (class=79, sampler=heun, steps=100)
2026-04-30 21:08:00,256 - INFO - Step   11200 | Epoch  11 | MSE: 0.2739 | Steps/sec: 2.13 | LR: 1.99e-04 | cos(c,null): -0.0053 | GradNorm: 0.0229 | MSE/t: [0.00-0.50]0.421(n=6368) [0.50-0.85]0.138(n=5876) [0.85-0.95]0.025(n=536) [0.95-1.00]0.015(n=20)
2026-04-30 21:09:24,949 - INFO - Step   11400 | Epoch  11 | MSE: 0.2734 | Steps/sec: 2.36 | LR: 1.99e-04 | cos(c,null): -0.0045 | GradNorm: 0.0250 | MSE/t: [0.00-0.50]0.425(n=6274) [0.50-0.85]0.137(n=5967) [0.85-0.95]0.025(n=538) [0.95-1.00]0.014(n=21)
2026-04-30 21:10:49,629 - INFO - Step   11600 | Epoch  11 | MSE: 0.2727 | Steps/sec: 2.36 | LR: 1.99e-04 | cos(c,null): -0.0055 | GradNorm: 0.0263 | MSE/t: [0.00-0.50]0.421(n=6346) [0.50-0.85]0.136(n=5924) [0.85-0.95]0.024(n=510) [0.95-1.00]0.014(n=20)
2026-04-30 21:12:14,288 - INFO - Step   11800 | Epoch  11 | MSE: 0.2735 | Steps/sec: 2.36 | LR: 1.98e-04 | cos(c,null): -0.0049 | GradNorm: 0.0282 | MSE/t: [0.00-0.50]0.421(n=6406) [0.50-0.85]0.135(n=5825) [0.85-0.95]0.025(n=542) [0.95-1.00]0.015(n=27)
2026-04-30 21:13:39,172 - INFO - Step   12000 | Epoch  12 | MSE: 0.2736 | Steps/sec: 2.36 | LR: 1.98e-04 | cos(c,null): -0.0039 | GradNorm: 0.0255 | MSE/t: [0.00-0.50]0.420(n=6392) [0.50-0.85]0.137(n=5868) [0.85-0.95]0.025(n=520) [0.95-1.00]0.011(n=20)
2026-04-30 21:13:39,385 - INFO - [cond] cfg_signal=0.0455 (min=0.0310 max=0.0711, n=16) | class_signal=0.0549 (min=0.0281 max=0.0909, n=16) | pred_rms=1.4062
2026-04-30 21:13:47,720 - INFO - [validation] saved: output/jit_B8_no_bottleneck_20260430_194526/dit_validation/epoch_012_step_0012000_class032.png (class=32, sampler=heun, steps=100)
2026-04-30 21:15:13,171 - INFO - Step   12200 | Epoch  12 | MSE: 0.2720 | Steps/sec: 2.13 | LR: 1.98e-04 | cos(c,null): -0.0033 | GradNorm: 0.0244 | MSE/t: [0.00-0.50]0.421(n=6346) [0.50-0.85]0.134(n=5933) [0.85-0.95]0.024(n=502) [0.95-1.00]0.013(n=19)
2026-04-30 21:16:37,814 - INFO - Step   12400 | Epoch  12 | MSE: 0.2723 | Steps/sec: 2.36 | LR: 1.98e-04 | cos(c,null): -0.0023 | GradNorm: 0.0252 | MSE/t: [0.00-0.50]0.418(n=6411) [0.50-0.85]0.136(n=5845) [0.85-0.95]0.024(n=527) [0.95-1.00]0.016(n=17)
2026-04-30 21:18:02,368 - INFO - Step   12600 | Epoch  12 | MSE: 0.2751 | Steps/sec: 2.37 | LR: 1.98e-04 | cos(c,null): -0.0007 | GradNorm: 0.0259 | MSE/t: [0.00-0.50]0.423(n=6448) [0.50-0.85]0.135(n=5796) [0.85-0.95]0.024(n=535) [0.95-1.00]0.014(n=21)
2026-04-30 21:19:27,018 - INFO - Step   12800 | Epoch  12 | MSE: 0.2755 | Steps/sec: 2.36 | LR: 1.98e-04 | cos(c,null): +0.0008 | GradNorm: 0.0242 | MSE/t: [0.00-0.50]0.423(n=6380) [0.50-0.85]0.137(n=5921) [0.85-0.95]0.025(n=479) [0.95-1.00]0.013(n=20)
2026-04-30 21:20:51,827 - INFO - Step   13000 | Epoch  13 | MSE: 0.2706 | Steps/sec: 2.36 | LR: 1.98e-04 | cos(c,null): +0.0002 | GradNorm: 0.0273 | MSE/t: [0.00-0.50]0.419(n=6299) [0.50-0.85]0.136(n=5984) [0.85-0.95]0.024(n=496) [0.95-1.00]0.011(n=21)
2026-04-30 21:20:52,043 - INFO - [cond] cfg_signal=0.0451 (min=0.0354 max=0.0576, n=16) | class_signal=0.0529 (min=0.0262 max=0.0703, n=16) | pred_rms=1.2232
2026-04-30 21:21:00,514 - INFO - [validation] saved: output/jit_B8_no_bottleneck_20260430_194526/dit_validation/epoch_013_step_0013000_class090.png (class=90, sampler=heun, steps=100)
2026-04-30 21:22:25,898 - INFO - Step   13200 | Epoch  13 | MSE: 0.2728 | Steps/sec: 2.13 | LR: 1.98e-04 | cos(c,null): +0.0016 | GradNorm: 0.0238 | MSE/t: [0.00-0.50]0.419(n=6428) [0.50-0.85]0.135(n=5818) [0.85-0.95]0.024(n=526) [0.95-1.00]0.014(n=28)
2026-04-30 21:23:50,410 - INFO - Step   13400 | Epoch  13 | MSE: 0.2696 | Steps/sec: 2.37 | LR: 1.98e-04 | cos(c,null): +0.0006 | GradNorm: 0.0225 | MSE/t: [0.00-0.50]0.414(n=6423) [0.50-0.85]0.133(n=5823) [0.85-0.95]0.024(n=531) [0.95-1.00]0.015(n=23)
2026-04-30 21:25:14,931 - INFO - Step   13600 | Epoch  13 | MSE: 0.2697 | Steps/sec: 2.37 | LR: 1.98e-04 | cos(c,null): +0.0021 | GradNorm: 0.0247 | MSE/t: [0.00-0.50]0.417(n=6382) [0.50-0.85]0.132(n=5885) [0.85-0.95]0.024(n=516) [0.95-1.00]0.013(n=17)
2026-04-30 21:26:39,455 - INFO - Step   13800 | Epoch  13 | MSE: 0.2762 | Steps/sec: 2.37 | LR: 1.98e-04 | cos(c,null): +0.0058 | GradNorm: 0.0376 | MSE/t: [0.00-0.50]0.423(n=6494) [0.50-0.85]0.135(n=5731) [0.85-0.95]0.024(n=550) [0.95-1.00]0.014(n=25)
2026-04-30 21:28:04,215 - INFO - Step   14000 | Epoch  14 | MSE: 0.2702 | Steps/sec: 2.36 | LR: 1.98e-04 | cos(c,null): +0.0096 | GradNorm: 0.0208 | MSE/t: [0.00-0.50]0.416(n=6406) [0.50-0.85]0.133(n=5867) [0.85-0.95]0.024(n=506) [0.95-1.00]0.009(n=21)
2026-04-30 21:28:04,429 - INFO - [cond] cfg_signal=0.0458 (min=0.0336 max=0.0612, n=16) | class_signal=0.0576 (min=0.0316 max=0.0897, n=16) | pred_rms=1.1268
2026-04-30 21:28:12,924 - INFO - [validation] saved: output/jit_B8_no_bottleneck_20260430_194526/dit_validation/epoch_014_step_0014000_class077.png (class=77, sampler=heun, steps=100)
2026-04-30 21:29:38,173 - INFO - Step   14200 | Epoch  14 | MSE: 0.2697 | Steps/sec: 2.13 | LR: 1.98e-04 | cos(c,null): +0.0085 | GradNorm: 0.0245 | MSE/t: [0.00-0.50]0.416(n=6438) [0.50-0.85]0.131(n=5801) [0.85-0.95]0.023(n=543) [0.95-1.00]0.015(n=18)
2026-04-30 21:31:02,600 - INFO - Step   14400 | Epoch  14 | MSE: 0.2736 | Steps/sec: 2.37 | LR: 1.98e-04 | cos(c,null): +0.0103 | GradNorm: 0.0223 | MSE/t: [0.00-0.50]0.423(n=6410) [0.50-0.85]0.133(n=5856) [0.85-0.95]0.024(n=510) [0.95-1.00]0.015(n=24)
2026-04-30 21:32:26,972 - INFO - Step   14600 | Epoch  14 | MSE: 0.2729 | Steps/sec: 2.37 | LR: 1.98e-04 | cos(c,null): +0.0076 | GradNorm: 0.0211 | MSE/t: [0.00-0.50]0.422(n=6425) [0.50-0.85]0.132(n=5849) [0.85-0.95]0.023(n=507) [0.95-1.00]0.014(n=19)
2026-04-30 21:33:51,345 - INFO - Step   14800 | Epoch  14 | MSE: 0.2715 | Steps/sec: 2.37 | LR: 1.98e-04 | cos(c,null): +0.0092 | GradNorm: 0.0254 | MSE/t: [0.00-0.50]0.421(n=6390) [0.50-0.85]0.132(n=5865) [0.85-0.95]0.025(n=524) [0.95-1.00]0.015(n=21)
2026-04-30 21:35:15,818 - INFO - Step   15000 | Epoch  15 | MSE: 0.2726 | Steps/sec: 2.37 | LR: 1.97e-04 | cos(c,null): +0.0059 | GradNorm: 0.0223 | MSE/t: [0.00-0.50]0.425(n=6335) [0.50-0.85]0.132(n=5927) [0.85-0.95]0.025(n=515) [0.95-1.00]0.014(n=23)
2026-04-30 21:35:16,034 - INFO - [cond] cfg_signal=0.0463 (min=0.0311 max=0.0576, n=16) | class_signal=0.0578 (min=0.0287 max=0.0896, n=16) | pred_rms=1.1647
2026-04-30 21:35:24,459 - INFO - [validation] saved: output/jit_B8_no_bottleneck_20260430_194526/dit_validation/epoch_015_step_0015000_class039.png (class=39, sampler=heun, steps=100)
2026-04-30 21:36:49,608 - INFO - Step   15200 | Epoch  15 | MSE: 0.2686 | Steps/sec: 2.14 | LR: 1.97e-04 | cos(c,null): +0.0057 | GradNorm: 0.0231 | MSE/t: [0.00-0.50]0.416(n=6359) [0.50-0.85]0.132(n=5917) [0.85-0.95]0.024(n=500) [0.95-1.00]0.011(n=24)
2026-04-30 21:38:13,841 - INFO - Step   15400 | Epoch  15 | MSE: 0.2696 | Steps/sec: 2.37 | LR: 1.97e-04 | cos(c,null): +0.0037 | GradNorm: 0.0218 | MSE/t: [0.00-0.50]0.417(n=6396) [0.50-0.85]0.131(n=5883) [0.85-0.95]0.024(n=507) [0.95-1.00]0.015(n=14)
2026-04-30 21:39:38,041 - INFO - Step   15600 | Epoch  15 | MSE: 0.2676 | Steps/sec: 2.38 | LR: 1.97e-04 | cos(c,null): +0.0051 | GradNorm: 0.0223 | MSE/t: [0.00-0.50]0.417(n=6351) [0.50-0.85]0.130(n=5905) [0.85-0.95]0.025(n=518) [0.95-1.00]0.016(n=26)
2026-04-30 21:41:02,167 - INFO - Step   15800 | Epoch  15 | MSE: 0.2729 | Steps/sec: 2.38 | LR: 1.97e-04 | cos(c,null): +0.0055 | GradNorm: 0.0230 | MSE/t: [0.00-0.50]0.423(n=6382) [0.50-0.85]0.133(n=5885) [0.85-0.95]0.024(n=513) [0.95-1.00]0.014(n=20)
2026-04-30 21:42:26,520 - INFO - Step   16000 | Epoch  16 | MSE: 0.2700 | Steps/sec: 2.37 | LR: 1.97e-04 | cos(c,null): +0.0019 | GradNorm: 0.0224 | MSE/t: [0.00-0.50]0.416(n=6429) [0.50-0.85]0.132(n=5838) [0.85-0.95]0.024(n=507) [0.95-1.00]0.013(n=26)
2026-04-30 21:42:26,736 - INFO - [cond] cfg_signal=0.0540 (min=0.0380 max=0.0665, n=16) | class_signal=0.0599 (min=0.0316 max=0.0972, n=16) | pred_rms=1.1343
2026-04-30 21:42:35,185 - INFO - [validation] saved: output/jit_B8_no_bottleneck_20260430_194526/dit_validation/epoch_016_step_0016000_class093.png (class=93, sampler=heun, steps=100)
2026-04-30 21:44:00,370 - INFO - Step   16200 | Epoch  16 | MSE: 0.2707 | Steps/sec: 2.14 | LR: 1.97e-04 | cos(c,null): +0.0006 | GradNorm: 0.0224 | MSE/t: [0.00-0.50]0.416(n=6477) [0.50-0.85]0.131(n=5754) [0.85-0.95]0.024(n=544) [0.95-1.00]0.010(n=25)
2026-04-30 21:45:24,498 - INFO - Step   16400 | Epoch  16 | MSE: 0.2701 | Steps/sec: 2.38 | LR: 1.97e-04 | cos(c,null): +0.0017 | GradNorm: 0.0196 | MSE/t: [0.00-0.50]0.415(n=6453) [0.50-0.85]0.131(n=5841) [0.85-0.95]0.023(n=485) [0.95-1.00]0.017(n=21)
2026-04-30 21:46:48,597 - INFO - Step   16600 | Epoch  16 | MSE: 0.2676 | Steps/sec: 2.38 | LR: 1.97e-04 | cos(c,null): +0.0019 | GradNorm: 0.0256 | MSE/t: [0.00-0.50]0.415(n=6348) [0.50-0.85]0.131(n=5927) [0.85-0.95]0.024(n=506) [0.95-1.00]0.020(n=19)
2026-04-30 21:48:12,749 - INFO - Step   16800 | Epoch  16 | MSE: 0.2681 | Steps/sec: 2.38 | LR: 1.97e-04 | cos(c,null): +0.0019 | GradNorm: 0.0203 | MSE/t: [0.00-0.50]0.415(n=6375) [0.50-0.85]0.131(n=5910) [0.85-0.95]0.025(n=499) [0.95-1.00]0.013(n=16)
2026-04-30 21:49:37,103 - INFO - Step   17000 | Epoch  17 | MSE: 0.2705 | Steps/sec: 2.37 | LR: 1.97e-04 | cos(c,null): +0.0045 | GradNorm: 0.0228 | MSE/t: [0.00-0.50]0.421(n=6326) [0.50-0.85]0.132(n=5927) [0.85-0.95]0.024(n=527) [0.95-1.00]0.011(n=20)
2026-04-30 21:49:37,317 - INFO - [cond] cfg_signal=0.0463 (min=0.0341 max=0.0618, n=16) | class_signal=0.0593 (min=0.0305 max=0.0957, n=16) | pred_rms=1.2771
2026-04-30 21:49:45,681 - INFO - [validation] saved: output/jit_B8_no_bottleneck_20260430_194526/dit_validation/epoch_017_step_0017000_class087.png (class=87, sampler=heun, steps=100)
2026-04-30 21:51:10,813 - INFO - Step   17200 | Epoch  17 | MSE: 0.2700 | Steps/sec: 2.14 | LR: 1.97e-04 | cos(c,null): +0.0075 | GradNorm: 0.0189 | MSE/t: [0.00-0.50]0.413(n=6508) [0.50-0.85]0.131(n=5781) [0.85-0.95]0.024(n=488) [0.95-1.00]0.009(n=23)
2026-04-30 21:52:35,006 - INFO - Step   17400 | Epoch  17 | MSE: 0.2678 | Steps/sec: 2.38 | LR: 1.97e-04 | cos(c,null): +0.0084 | GradNorm: 0.0260 | MSE/t: [0.00-0.50]0.416(n=6419) [0.50-0.85]0.128(n=5843) [0.85-0.95]0.024(n=517) [0.95-1.00]0.011(n=21)
2026-04-30 21:53:59,199 - INFO - Step   17600 | Epoch  17 | MSE: 0.2645 | Steps/sec: 2.38 | LR: 1.97e-04 | cos(c,null): +0.0083 | GradNorm: 0.0214 | MSE/t: [0.00-0.50]0.407(n=6406) [0.50-0.85]0.131(n=5866) [0.85-0.95]0.025(n=506) [0.95-1.00]0.013(n=22)
2026-04-30 21:55:23,352 - INFO - Step   17800 | Epoch  17 | MSE: 0.2669 | Steps/sec: 2.38 | LR: 1.96e-04 | cos(c,null): +0.0100 | GradNorm: 0.0192 | MSE/t: [0.00-0.50]0.410(n=6499) [0.50-0.85]0.128(n=5799) [0.85-0.95]0.023(n=479) [0.95-1.00]0.012(n=23)
2026-04-30 21:56:47,906 - INFO - Step   18000 | Epoch  18 | MSE: 0.2643 | Steps/sec: 2.37 | LR: 1.96e-04 | cos(c,null): +0.0123 | GradNorm: 0.0198 | MSE/t: [0.00-0.50]0.409(n=6376) [0.50-0.85]0.129(n=5896) [0.85-0.95]0.023(n=508) [0.95-1.00]0.012(n=20)
2026-04-30 21:56:48,123 - INFO - [cond] cfg_signal=0.0490 (min=0.0334 max=0.0632, n=16) | class_signal=0.0601 (min=0.0260 max=0.1007, n=16) | pred_rms=1.1544
2026-04-30 21:56:56,493 - INFO - [validation] saved: output/jit_B8_no_bottleneck_20260430_194526/dit_validation/epoch_018_step_0018000_class060.png (class=60, sampler=heun, steps=100)
2026-04-30 21:58:21,675 - INFO - Step   18200 | Epoch  18 | MSE: 0.2650 | Steps/sec: 2.14 | LR: 1.96e-04 | cos(c,null): +0.0130 | GradNorm: 0.0216 | MSE/t: [0.00-0.50]0.413(n=6303) [0.50-0.85]0.129(n=5955) [0.85-0.95]0.036(n=524) [0.95-1.00]0.011(n=18)
2026-04-30 21:59:45,972 - INFO - Step   18400 | Epoch  18 | MSE: 0.2680 | Steps/sec: 2.37 | LR: 1.96e-04 | cos(c,null): +0.0135 | GradNorm: 0.0235 | MSE/t: [0.00-0.50]0.413(n=6474) [0.50-0.85]0.129(n=5813) [0.85-0.95]0.024(n=491) [0.95-1.00]0.016(n=22)
2026-04-30 22:01:10,166 - INFO - Step   18600 | Epoch  18 | MSE: 0.2663 | Steps/sec: 2.38 | LR: 1.96e-04 | cos(c,null): +0.0176 | GradNorm: 0.0193 | MSE/t: [0.00-0.50]0.413(n=6378) [0.50-0.85]0.129(n=5906) [0.85-0.95]0.024(n=494) [0.95-1.00]0.013(n=22)
2026-04-30 22:02:34,494 - INFO - Step   18800 | Epoch  18 | MSE: 0.2698 | Steps/sec: 2.37 | LR: 1.96e-04 | cos(c,null): +0.0223 | GradNorm: 0.0205 | MSE/t: [0.00-0.50]0.417(n=6432) [0.50-0.85]0.129(n=5857) [0.85-0.95]0.023(n=489) [0.95-1.00]0.021(n=22)
2026-04-30 22:03:58,987 - INFO - Step   19000 | Epoch  19 | MSE: 0.2676 | Steps/sec: 2.37 | LR: 1.96e-04 | cos(c,null): +0.0268 | GradNorm: 0.0220 | MSE/t: [0.00-0.50]0.414(n=6428) [0.50-0.85]0.129(n=5861) [0.85-0.95]0.023(n=485) [0.95-1.00]0.011(n=26)
2026-04-30 22:03:59,200 - INFO - [cond] cfg_signal=0.0519 (min=0.0298 max=0.0784, n=16) | class_signal=0.0664 (min=0.0236 max=0.1158, n=16) | pred_rms=1.1991
2026-04-30 22:04:07,532 - INFO - [validation] saved: output/jit_B8_no_bottleneck_20260430_194526/dit_validation/epoch_019_step_0019000_class012.png (class=12, sampler=heun, steps=100)
2026-04-30 22:05:32,777 - INFO - Step   19200 | Epoch  19 | MSE: 0.2680 | Steps/sec: 2.14 | LR: 1.96e-04 | cos(c,null): +0.0316 | GradNorm: 0.0252 | MSE/t: [0.00-0.50]0.414(n=6428) [0.50-0.85]0.129(n=5849) [0.85-0.95]0.024(n=506) [0.95-1.00]0.022(n=17)
2026-04-30 22:06:57,911 - INFO - Step   19400 | Epoch  19 | MSE: 0.2703 | Steps/sec: 2.35 | LR: 1.96e-04 | cos(c,null): +0.0308 | GradNorm: 0.0172 | MSE/t: [0.00-0.50]0.417(n=6407) [0.50-0.85]0.132(n=5894) [0.85-0.95]0.023(n=484) [0.95-1.00]0.013(n=15)
2026-04-30 22:08:22,385 - INFO - Step   19600 | Epoch  19 | MSE: 0.2727 | Steps/sec: 2.37 | LR: 1.96e-04 | cos(c,null): +0.0340 | GradNorm: 0.0206 | MSE/t: [0.00-0.50]0.423(n=6431) [0.50-0.85]0.130(n=5814) [0.85-0.95]0.024(n=537) [0.95-1.00]0.013(n=18)
2026-04-30 22:09:46,880 - INFO - Step   19800 | Epoch  19 | MSE: 0.2674 | Steps/sec: 2.37 | LR: 1.96e-04 | cos(c,null): +0.0378 | GradNorm: 0.0231 | MSE/t: [0.00-0.50]0.417(n=6382) [0.50-0.85]0.127(n=5848) [0.85-0.95]0.033(n=543) [0.95-1.00]0.015(n=27)
2026-04-30 22:11:11,601 - INFO - Step   20000 | Epoch  20 | MSE: 0.2665 | Steps/sec: 2.36 | LR: 1.95e-04 | cos(c,null): +0.0414 | GradNorm: 0.0179 | MSE/t: [0.00-0.50]0.416(n=6337) [0.50-0.85]0.128(n=5959) [0.85-0.95]0.023(n=480) [0.95-1.00]0.016(n=24)
2026-04-30 22:11:11,814 - INFO - [cond] cfg_signal=0.0524 (min=0.0287 max=0.0837, n=16) | class_signal=0.0671 (min=0.0228 max=0.1200, n=16) | pred_rms=1.2222
2026-04-30 22:11:15,356 - INFO - Saved checkpoint to output/jit_B8_no_bottleneck_20260430_194526/0020000.pt
2026-04-30 22:11:15,565 - INFO - [cond] cfg_signal=0.0524 (min=0.0287 max=0.0837, n=16) | class_signal=0.0671 (min=0.0228 max=0.1200, n=16) | pred_rms=1.2222
2026-04-30 22:11:23,950 - INFO - [validation] saved: output/jit_B8_no_bottleneck_20260430_194526/dit_validation/epoch_020_step_0020000_class055.png (class=55, sampler=heun, steps=100)
2026-04-30 22:11:24,784 - INFO - [overrides] applied from jit/configs/overrides.yaml: lr_scale=1.0 max_grad_norm=5.0 null_repel_weight=0.0 P_mean=0.0
2026-04-30 22:13:19,986 - INFO - Step   20200 | Epoch  20 | MSE: 0.2710 | Steps/sec: 1.56 | LR: 1.95e-04 | Render_L1: 0.0370 | Alpha_L1: 0.0562 | Render_LPIPS: 0.2509 | cos(c,null): +0.0421 | GradNorm: 0.0217 | MSE/t: [0.00-0.50]0.416(n=6463) [0.50-0.85]0.132(n=5797) [0.85-0.95]0.025(n=522) [0.95-1.00]0.018(n=18)
2026-04-30 22:13:20,090 - INFO - [render-loss] step=20200 kept 38/64 samples (t_value >= 0.50)
2026-04-30 22:15:15,112 - INFO - Step   20400 | Epoch  20 | MSE: 0.2668 | Steps/sec: 1.74 | LR: 1.95e-04 | Render_L1: 0.0361 | Alpha_L1: 0.0542 | Render_LPIPS: 0.2487 | cos(c,null): +0.0321 | GradNorm: 0.0194 | MSE/t: [0.00-0.50]0.414(n=6412) [0.50-0.85]0.129(n=5833) [0.85-0.95]0.023(n=530) [0.95-1.00]0.015(n=25)
2026-04-30 22:15:15,215 - INFO - [render-loss] step=20400 kept 30/64 samples (t_value >= 0.50)
2026-04-30 22:17:11,030 - INFO - Step   20600 | Epoch  20 | MSE: 0.2651 | Steps/sec: 1.73 | LR: 1.95e-04 | Render_L1: 0.0358 | Alpha_L1: 0.0535 | Render_LPIPS: 0.2480 | cos(c,null): +0.0361 | GradNorm: 0.0219 | MSE/t: [0.00-0.50]0.414(n=6286) [0.50-0.85]0.130(n=5966) [0.85-0.95]0.024(n=529) [0.95-1.00]0.018(n=19)
2026-04-30 22:17:11,133 - INFO - [render-loss] step=20600 kept 33/64 samples (t_value >= 0.50)
2026-04-30 22:19:06,317 - INFO - Step   20800 | Epoch  20 | MSE: 0.2715 | Steps/sec: 1.73 | LR: 1.95e-04 | Render_L1: 0.0349 | Alpha_L1: 0.0524 | Render_LPIPS: 0.2457 | cos(c,null): +0.0416 | GradNorm: 0.0233 | MSE/t: [0.00-0.50]0.421(n=6443) [0.50-0.85]0.130(n=5796) [0.85-0.95]0.024(n=530) [0.95-1.00]0.010(n=31)
2026-04-30 22:19:06,420 - INFO - [render-loss] step=20800 kept 30/64 samples (t_value >= 0.50)
2026-04-30 22:21:01,892 - INFO - Step   21000 | Epoch  21 | MSE: 0.2678 | Steps/sec: 1.73 | LR: 1.95e-04 | Render_L1: 0.0346 | Alpha_L1: 0.0508 | Render_LPIPS: 0.2434 | cos(c,null): +0.0447 | GradNorm: 0.0196 | MSE/t: [0.00-0.50]0.416(n=6382) [0.50-0.85]0.129(n=5905) [0.85-0.95]0.023(n=498) [0.95-1.00]0.014(n=15)
2026-04-30 22:21:02,108 - INFO - [cond] cfg_signal=0.0534 (min=0.0289 max=0.0762, n=16) | class_signal=0.0670 (min=0.0282 max=0.1121, n=16) | pred_rms=1.1716
2026-04-30 22:21:10,552 - INFO - [validation] saved: output/jit_B8_no_bottleneck_20260430_194526/dit_validation/epoch_021_step_0021000_class095.png (class=95, sampler=heun, steps=100)
2026-04-30 22:21:11,736 - INFO - [overrides] applied from jit/configs/overrides.yaml: lr_scale=1.0 max_grad_norm=5.0 null_repel_weight=0.0 P_mean=0.0
2026-04-30 22:21:11,833 - INFO - [render-loss] step=21000 kept 37/64 samples (t_value >= 0.50)
2026-04-30 22:23:07,330 - INFO - Step   21200 | Epoch  21 | MSE: 0.2641 | Steps/sec: 1.60 | LR: 1.95e-04 | Render_L1: 0.0344 | Alpha_L1: 0.0504 | Render_LPIPS: 0.2436 | cos(c,null): +0.0462 | GradNorm: 0.0197 | MSE/t: [0.00-0.50]0.412(n=6330) [0.50-0.85]0.128(n=5934) [0.85-0.95]0.023(n=515) [0.95-1.00]0.014(n=21)
2026-04-30 22:23:07,434 - INFO - [render-loss] step=21200 kept 31/64 samples (t_value >= 0.50)
2026-04-30 22:25:02,567 - INFO - Step   21400 | Epoch  21 | MSE: 0.2670 | Steps/sec: 1.74 | LR: 1.95e-04 | Render_L1: 0.0338 | Alpha_L1: 0.0496 | Render_LPIPS: 0.2407 | cos(c,null): +0.0507 | GradNorm: 0.0203 | MSE/t: [0.00-0.50]0.413(n=6428) [0.50-0.85]0.129(n=5796) [0.85-0.95]0.024(n=555) [0.95-1.00]0.015(n=21)
2026-04-30 22:25:02,669 - INFO - [render-loss] step=21400 kept 30/64 samples (t_value >= 0.50)
2026-04-30 22:26:57,990 - INFO - Step   21600 | Epoch  21 | MSE: 0.2666 | Steps/sec: 1.73 | LR: 1.95e-04 | Render_L1: 0.0332 | Alpha_L1: 0.0486 | Render_LPIPS: 0.2376 | cos(c,null): +0.0564 | GradNorm: 0.0197 | MSE/t: [0.00-0.50]0.414(n=6416) [0.50-0.85]0.127(n=5870) [0.85-0.95]0.024(n=495) [0.95-1.00]0.010(n=19)
2026-04-30 22:26:58,092 - INFO - [render-loss] step=21600 kept 28/64 samples (t_value >= 0.50)
2026-04-30 22:28:53,381 - INFO - Step   21800 | Epoch  21 | MSE: 0.2660 | Steps/sec: 1.73 | LR: 1.95e-04 | Render_L1: 0.0329 | Alpha_L1: 0.0481 | Render_LPIPS: 0.2379 | cos(c,null): +0.0585 | GradNorm: 0.0206 | MSE/t: [0.00-0.50]0.413(n=6386) [0.50-0.85]0.129(n=5832) [0.85-0.95]0.023(n=558) [0.95-1.00]0.017(n=24)
2026-04-30 22:28:53,483 - INFO - [render-loss] step=21800 kept 30/64 samples (t_value >= 0.50)
2026-04-30 22:30:48,530 - INFO - Step   22000 | Epoch  22 | MSE: 0.2664 | Steps/sec: 1.74 | LR: 1.95e-04 | Render_L1: 0.0328 | Alpha_L1: 0.0476 | Render_LPIPS: 0.2373 | cos(c,null): +0.0523 | GradNorm: 0.0208 | MSE/t: [0.00-0.50]0.408(n=6468) [0.50-0.85]0.130(n=5840) [0.85-0.95]0.023(n=474) [0.95-1.00]0.015(n=18)
2026-04-30 22:30:48,747 - INFO - [cond] cfg_signal=0.0492 (min=0.0281 max=0.0701, n=16) | class_signal=0.0645 (min=0.0290 max=0.1116, n=16) | pred_rms=1.2619
2026-04-30 22:30:57,204 - INFO - [validation] saved: output/jit_B8_no_bottleneck_20260430_194526/dit_validation/epoch_022_step_0022000_class049.png (class=49, sampler=heun, steps=100)
2026-04-30 22:30:58,368 - INFO - [overrides] applied from jit/configs/overrides.yaml: lr_scale=1.0 max_grad_norm=5.0 null_repel_weight=0.0 P_mean=0.0
2026-04-30 22:30:58,465 - INFO - [render-loss] step=22000 kept 32/64 samples (t_value >= 0.50)
2026-04-30 22:32:53,893 - INFO - Step   22200 | Epoch  22 | MSE: 0.2655 | Steps/sec: 1.60 | LR: 1.94e-04 | Render_L1: 0.0324 | Alpha_L1: 0.0463 | Render_LPIPS: 0.2340 | cos(c,null): +0.0482 | GradNorm: 0.0182 | MSE/t: [0.00-0.50]0.416(n=6325) [0.50-0.85]0.127(n=5940) [0.85-0.95]0.023(n=517) [0.95-1.00]0.012(n=18)
2026-04-30 22:32:53,997 - INFO - [render-loss] step=22200 kept 32/64 samples (t_value >= 0.50)
2026-04-30 22:34:49,292 - INFO - Step   22400 | Epoch  22 | MSE: 0.2675 | Steps/sec: 1.73 | LR: 1.94e-04 | Render_L1: 0.0323 | Alpha_L1: 0.0461 | Render_LPIPS: 0.2341 | cos(c,null): +0.0448 | GradNorm: 0.0187 | MSE/t: [0.00-0.50]0.417(n=6375) [0.50-0.85]0.128(n=5870) [0.85-0.95]0.024(n=543) [0.95-1.00]0.014(n=12)
2026-04-30 22:34:49,395 - INFO - [render-loss] step=22400 kept 31/64 samples (t_value >= 0.50)
2026-04-30 22:36:44,910 - INFO - Step   22600 | Epoch  22 | MSE: 0.2667 | Steps/sec: 1.73 | LR: 1.94e-04 | Render_L1: 0.0321 | Alpha_L1: 0.0455 | Render_LPIPS: 0.2333 | cos(c,null): +0.0457 | GradNorm: 0.0195 | MSE/t: [0.00-0.50]0.419(n=6288) [0.50-0.85]0.129(n=5964) [0.85-0.95]0.024(n=524) [0.95-1.00]0.012(n=24)
2026-04-30 22:36:45,012 - INFO - [render-loss] step=22600 kept 34/64 samples (t_value >= 0.50)
2026-04-30 22:38:40,519 - INFO - Step   22800 | Epoch  22 | MSE: 0.2669 | Steps/sec: 1.73 | LR: 1.94e-04 | Render_L1: 0.0316 | Alpha_L1: 0.0448 | Render_LPIPS: 0.2296 | cos(c,null): +0.0485 | GradNorm: 0.0216 | MSE/t: [0.00-0.50]0.414(n=6392) [0.50-0.85]0.130(n=5865) [0.85-0.95]0.023(n=517) [0.95-1.00]0.011(n=26)
2026-04-30 22:38:40,622 - INFO - [render-loss] step=22800 kept 32/64 samples (t_value >= 0.50)
2026-04-30 22:40:36,614 - INFO - Step   23000 | Epoch  23 | MSE: 0.2672 | Steps/sec: 1.72 | LR: 1.94e-04 | Render_L1: 0.0311 | Alpha_L1: 0.0442 | Render_LPIPS: 0.2292 | cos(c,null): +0.0524 | GradNorm: 0.0205 | MSE/t: [0.00-0.50]0.413(n=6452) [0.50-0.85]0.127(n=5835) [0.85-0.95]0.023(n=497) [0.95-1.00]0.015(n=16)
2026-04-30 22:40:36,823 - INFO - [cond] cfg_signal=0.0494 (min=0.0293 max=0.0708, n=16) | class_signal=0.0636 (min=0.0277 max=0.0982, n=16) | pred_rms=1.1800
2026-04-30 22:40:45,257 - INFO - [validation] saved: output/jit_B8_no_bottleneck_20260430_194526/dit_validation/epoch_023_step_0023000_class097.png (class=97, sampler=heun, steps=100)
2026-04-30 22:40:46,431 - INFO - [overrides] applied from jit/configs/overrides.yaml: lr_scale=1.0 max_grad_norm=5.0 null_repel_weight=0.0 P_mean=0.0
2026-04-30 22:40:46,528 - INFO - [render-loss] step=23000 kept 27/64 samples (t_value >= 0.50)
2026-04-30 22:42:42,590 - INFO - Step   23200 | Epoch  23 | MSE: 0.2703 | Steps/sec: 1.59 | LR: 1.94e-04 | Render_L1: 0.0313 | Alpha_L1: 0.0444 | Render_LPIPS: 0.2291 | cos(c,null): +0.0572 | GradNorm: 0.0200 | MSE/t: [0.00-0.50]0.418(n=6502) [0.50-0.85]0.127(n=5766) [0.85-0.95]0.024(n=505) [0.95-1.00]0.012(n=27)
2026-04-30 22:42:42,692 - INFO - [render-loss] step=23200 kept 31/64 samples (t_value >= 0.50)
2026-04-30 22:44:38,087 - INFO - Step   23400 | Epoch  23 | MSE: 0.2639 | Steps/sec: 1.73 | LR: 1.94e-04 | Render_L1: 0.0316 | Alpha_L1: 0.0441 | Render_LPIPS: 0.2303 | cos(c,null): +0.0607 | GradNorm: 0.0194 | MSE/t: [0.00-0.50]0.413(n=6318) [0.50-0.85]0.128(n=5929) [0.85-0.95]0.023(n=530) [0.95-1.00]0.013(n=23)
2026-04-30 22:44:38,189 - INFO - [render-loss] step=23400 kept 34/64 samples (t_value >= 0.50)
2026-04-30 22:46:33,562 - INFO - Step   23600 | Epoch  23 | MSE: 0.2666 | Steps/sec: 1.73 | LR: 1.94e-04 | Render_L1: 0.0311 | Alpha_L1: 0.0437 | Render_LPIPS: 0.2291 | cos(c,null): +0.0630 | GradNorm: 0.0200 | MSE/t: [0.00-0.50]0.416(n=6368) [0.50-0.85]0.127(n=5909) [0.85-0.95]0.024(n=501) [0.95-1.00]0.015(n=22)
2026-04-30 22:46:33,665 - INFO - [render-loss] step=23600 kept 37/64 samples (t_value >= 0.50)
2026-04-30 22:48:29,215 - INFO - Step   23800 | Epoch  23 | MSE: 0.2670 | Steps/sec: 1.73 | LR: 1.94e-04 | Render_L1: 0.0305 | Alpha_L1: 0.0428 | Render_LPIPS: 0.2264 | cos(c,null): +0.0682 | GradNorm: 0.0214 | MSE/t: [0.00-0.50]0.416(n=6412) [0.50-0.85]0.126(n=5863) [0.85-0.95]0.023(n=511) [0.95-1.00]0.012(n=14)
2026-04-30 22:48:29,319 - INFO - [render-loss] step=23800 kept 33/64 samples (t_value >= 0.50)
2026-04-30 22:50:24,672 - INFO - Step   24000 | Epoch  24 | MSE: 0.2664 | Steps/sec: 1.73 | LR: 1.93e-04 | Render_L1: 0.0306 | Alpha_L1: 0.0427 | Render_LPIPS: 0.2257 | cos(c,null): +0.0659 | GradNorm: 0.0219 | MSE/t: [0.00-0.50]0.417(n=6353) [0.50-0.85]0.127(n=5884) [0.85-0.95]0.023(n=547) [0.95-1.00]0.017(n=16)
2026-04-30 22:50:24,893 - INFO - [cond] cfg_signal=0.0491 (min=0.0272 max=0.0747, n=16) | class_signal=0.0615 (min=0.0231 max=0.1008, n=16) | pred_rms=1.2984
2026-04-30 22:50:33,294 - INFO - [validation] saved: output/jit_B8_no_bottleneck_20260430_194526/dit_validation/epoch_024_step_0024000_class075.png (class=75, sampler=heun, steps=100)
2026-04-30 22:50:34,497 - INFO - [overrides] applied from jit/configs/overrides.yaml: lr_scale=1.0 max_grad_norm=5.0 null_repel_weight=0.0 P_mean=0.0
2026-04-30 22:50:34,594 - INFO - [render-loss] step=24000 kept 33/64 samples (t_value >= 0.50)
2026-04-30 22:52:29,396 - INFO - Step   24200 | Epoch  24 | MSE: 0.2683 | Steps/sec: 1.61 | LR: 1.93e-04 | Render_L1: 0.0305 | Alpha_L1: 0.0427 | Render_LPIPS: 0.2267 | cos(c,null): +0.0588 | GradNorm: 0.0225 | MSE/t: [0.00-0.50]0.414(n=6454) [0.50-0.85]0.129(n=5811) [0.85-0.95]0.024(n=519) [0.95-1.00]0.018(n=16)
2026-04-30 22:52:29,498 - INFO - [render-loss] step=24200 kept 25/64 samples (t_value >= 0.50)
2026-04-30 22:54:24,999 - INFO - Step   24400 | Epoch  24 | MSE: 0.2660 | Steps/sec: 1.73 | LR: 1.93e-04 | Render_L1: 0.0313 | Alpha_L1: 0.0436 | Render_LPIPS: 0.2306 | cos(c,null): +0.0632 | GradNorm: 0.0246 | MSE/t: [0.00-0.50]0.412(n=6359) [0.50-0.85]0.130(n=5929) [0.85-0.95]0.024(n=493) [0.95-1.00]0.012(n=19)
2026-04-30 22:54:25,101 - INFO - [render-loss] step=24400 kept 31/64 samples (t_value >= 0.50)
2026-04-30 22:56:20,381 - INFO - Step   24600 | Epoch  24 | MSE: 0.2676 | Steps/sec: 1.73 | LR: 1.93e-04 | Render_L1: 0.0312 | Alpha_L1: 0.0431 | Render_LPIPS: 0.2292 | cos(c,null): +0.0650 | GradNorm: 0.0186 | MSE/t: [0.00-0.50]0.413(n=6418) [0.50-0.85]0.130(n=5847) [0.85-0.95]0.024(n=519) [0.95-1.00]0.013(n=16)
2026-04-30 22:56:20,484 - INFO - [render-loss] step=24600 kept 37/64 samples (t_value >= 0.50)
2026-04-30 22:58:15,494 - INFO - Step   24800 | Epoch  24 | MSE: 0.2653 | Steps/sec: 1.74 | LR: 1.93e-04 | Render_L1: 0.0306 | Alpha_L1: 0.0431 | Render_LPIPS: 0.2265 | cos(c,null): +0.0621 | GradNorm: 0.0190 | MSE/t: [0.00-0.50]0.412(n=6393) [0.50-0.85]0.128(n=5877) [0.85-0.95]0.023(n=519) [0.95-1.00]0.013(n=11)
2026-04-30 22:58:15,597 - INFO - [render-loss] step=24800 kept 30/64 samples (t_value >= 0.50)
2026-04-30 23:00:10,980 - INFO - Step   25000 | Epoch  25 | MSE: 0.2654 | Steps/sec: 1.73 | LR: 1.93e-04 | Render_L1: 0.0302 | Alpha_L1: 0.0419 | Render_LPIPS: 0.2237 | cos(c,null): +0.0650 | GradNorm: 0.0179 | MSE/t: [0.00-0.50]0.407(n=6431) [0.50-0.85]0.131(n=5848) [0.85-0.95]0.024(n=502) [0.95-1.00]0.011(n=19)
2026-04-30 23:00:11,193 - INFO - [cond] cfg_signal=0.0481 (min=0.0295 max=0.0756, n=16) | class_signal=0.0590 (min=0.0240 max=0.0961, n=16) | pred_rms=1.2869
2026-04-30 23:00:19,796 - INFO - [validation] saved: output/jit_B8_no_bottleneck_20260430_194526/dit_validation/epoch_025_step_0025000_class077.png (class=77, sampler=heun, steps=100)
2026-04-30 23:00:21,019 - INFO - [overrides] applied from jit/configs/overrides.yaml: lr_scale=1.0 max_grad_norm=5.0 null_repel_weight=0.0 P_mean=0.0
2026-04-30 23:00:21,116 - INFO - [render-loss] step=25000 kept 35/64 samples (t_value >= 0.50)
2026-04-30 23:02:16,314 - INFO - Step   25200 | Epoch  25 | MSE: 0.2688 | Steps/sec: 1.60 | LR: 1.93e-04 | Render_L1: 0.0301 | Alpha_L1: 0.0417 | Render_LPIPS: 0.2243 | cos(c,null): +0.0685 | GradNorm: 0.0197 | MSE/t: [0.00-0.50]0.419(n=6357) [0.50-0.85]0.129(n=5912) [0.85-0.95]0.024(n=506) [0.95-1.00]0.012(n=25)
2026-04-30 23:02:16,418 - INFO - [render-loss] step=25200 kept 34/64 samples (t_value >= 0.50)
2026-04-30 23:04:11,580 - INFO - Step   25400 | Epoch  25 | MSE: 0.2660 | Steps/sec: 1.74 | LR: 1.93e-04 | Render_L1: 0.0306 | Alpha_L1: 0.0423 | Render_LPIPS: 0.2262 | cos(c,null): +0.0725 | GradNorm: 0.0188 | MSE/t: [0.00-0.50]0.415(n=6384) [0.50-0.85]0.126(n=5888) [0.85-0.95]0.025(n=506) [0.95-1.00]0.012(n=22)
2026-04-30 23:04:11,682 - INFO - [render-loss] step=25400 kept 36/64 samples (t_value >= 0.50)
2026-04-30 23:06:06,802 - INFO - Step   25600 | Epoch  25 | MSE: 0.2675 | Steps/sec: 1.74 | LR: 1.93e-04 | Render_L1: 0.0296 | Alpha_L1: 0.0411 | Render_LPIPS: 0.2220 | cos(c,null): +0.0738 | GradNorm: 0.0204 | MSE/t: [0.00-0.50]0.416(n=6393) [0.50-0.85]0.127(n=5917) [0.85-0.95]0.024(n=466) [0.95-1.00]0.015(n=24)
2026-04-30 23:06:06,905 - INFO - [render-loss] step=25600 kept 29/64 samples (t_value >= 0.50)
2026-04-30 23:08:02,607 - INFO - Step   25800 | Epoch  25 | MSE: 0.2656 | Steps/sec: 1.73 | LR: 1.92e-04 | Render_L1: 0.0296 | Alpha_L1: 0.0410 | Render_LPIPS: 0.2224 | cos(c,null): +0.0789 | GradNorm: 0.0201 | MSE/t: [0.00-0.50]0.413(n=6430) [0.50-0.85]0.126(n=5793) [0.85-0.95]0.023(n=550) [0.95-1.00]0.015(n=27)
2026-04-30 23:08:02,709 - INFO - [render-loss] step=25800 kept 28/64 samples (t_value >= 0.50)
2026-04-30 23:10:00,073 - INFO - Step   26000 | Epoch  26 | MSE: 0.2674 | Steps/sec: 1.70 | LR: 1.92e-04 | Render_L1: 0.0301 | Alpha_L1: 0.0416 | Render_LPIPS: 0.2237 | cos(c,null): +0.0751 | GradNorm: 0.0244 | MSE/t: [0.00-0.50]0.414(n=6455) [0.50-0.85]0.127(n=5804) [0.85-0.95]0.023(n=521) [0.95-1.00]0.013(n=20)
2026-04-30 23:10:00,284 - INFO - [cond] cfg_signal=0.0449 (min=0.0242 max=0.0694, n=16) | class_signal=0.0547 (min=0.0215 max=0.0905, n=16) | pred_rms=1.2037
2026-04-30 23:10:08,809 - INFO - [validation] saved: output/jit_B8_no_bottleneck_20260430_194526/dit_validation/epoch_026_step_0026000_class027.png (class=27, sampler=heun, steps=100)
2026-04-30 23:10:10,025 - INFO - [overrides] applied from jit/configs/overrides.yaml: lr_scale=1.0 max_grad_norm=5.0 null_repel_weight=0.0 P_mean=0.0
2026-04-30 23:10:10,122 - INFO - [render-loss] step=26000 kept 38/64 samples (t_value >= 0.50)
2026-04-30 23:12:05,565 - INFO - Step   26200 | Epoch  26 | MSE: 0.2646 | Steps/sec: 1.60 | LR: 1.92e-04 | Render_L1: 0.0299 | Alpha_L1: 0.0414 | Render_LPIPS: 0.2250 | cos(c,null): +0.0829 | GradNorm: 1.0290 | MSE/t: [0.00-0.50]0.413(n=6342) [0.50-0.85]0.127(n=5907) [0.85-0.95]0.025(n=524) [0.95-1.00]0.019(n=27)
2026-04-30 23:12:05,669 - INFO - [render-loss] step=26200 kept 35/64 samples (t_value >= 0.50)
2026-04-30 23:14:00,659 - INFO - Step   26400 | Epoch  26 | MSE: 0.2662 | Steps/sec: 1.74 | LR: 1.92e-04 | Render_L1: 0.0296 | Alpha_L1: 0.0408 | Render_LPIPS: 0.2225 | cos(c,null): +0.0924 | GradNorm: 0.0208 | MSE/t: [0.00-0.50]0.412(n=6435) [0.50-0.85]0.127(n=5834) [0.85-0.95]0.025(n=513) [0.95-1.00]0.015(n=18)
2026-04-30 23:14:00,763 - INFO - [render-loss] step=26400 kept 37/64 samples (t_value >= 0.50)
2026-04-30 23:15:55,962 - INFO - Step   26600 | Epoch  26 | MSE: 0.2669 | Steps/sec: 1.73 | LR: 1.92e-04 | Render_L1: 0.0298 | Alpha_L1: 0.0411 | Render_LPIPS: 0.2237 | cos(c,null): +0.0938 | GradNorm: 0.0215 | MSE/t: [0.00-0.50]0.416(n=6333) [0.50-0.85]0.129(n=5947) [0.85-0.95]0.024(n=501) [0.95-1.00]0.012(n=19)
2026-04-30 23:15:56,064 - INFO - [render-loss] step=26600 kept 28/64 samples (t_value >= 0.50)
2026-04-30 23:17:51,162 - INFO - Step   26800 | Epoch  26 | MSE: 0.2672 | Steps/sec: 1.74 | LR: 1.92e-04 | Render_L1: 0.0295 | Alpha_L1: 0.0402 | Render_LPIPS: 0.2212 | cos(c,null): +0.0947 | GradNorm: 0.0201 | MSE/t: [0.00-0.50]0.415(n=6429) [0.50-0.85]0.127(n=5832) [0.85-0.95]0.024(n=507) [0.95-1.00]0.016(n=32)
2026-04-30 23:17:51,265 - INFO - [render-loss] step=26800 kept 29/64 samples (t_value >= 0.50)
2026-04-30 23:19:46,658 - INFO - Step   27000 | Epoch  27 | MSE: 0.2648 | Steps/sec: 1.73 | LR: 1.92e-04 | Render_L1: 0.0293 | Alpha_L1: 0.0398 | Render_LPIPS: 0.2197 | cos(c,null): +0.0975 | GradNorm: 0.0198 | MSE/t: [0.00-0.50]0.410(n=6419) [0.50-0.85]0.127(n=5882) [0.85-0.95]0.024(n=488) [0.95-1.00]0.013(n=11)
2026-04-30 23:19:46,873 - INFO - [cond] cfg_signal=0.0505 (min=0.0278 max=0.0727, n=16) | class_signal=0.0627 (min=0.0246 max=0.1078, n=16) | pred_rms=1.2534
2026-04-30 23:19:55,328 - INFO - [validation] saved: output/jit_B8_no_bottleneck_20260430_194526/dit_validation/epoch_027_step_0027000_class098.png (class=98, sampler=heun, steps=100)
2026-04-30 23:19:56,550 - INFO - [overrides] applied from jit/configs/overrides.yaml: lr_scale=1.0 max_grad_norm=5.0 null_repel_weight=0.0 P_mean=0.0
2026-04-30 23:19:56,648 - INFO - [render-loss] step=27000 kept 30/64 samples (t_value >= 0.50)
2026-04-30 23:21:51,689 - INFO - Step   27200 | Epoch  27 | MSE: 0.2667 | Steps/sec: 1.60 | LR: 1.92e-04 | Render_L1: 0.0290 | Alpha_L1: 0.0397 | Render_LPIPS: 0.2188 | cos(c,null): +0.0995 | GradNorm: 0.0205 | MSE/t: [0.00-0.50]0.406(n=6542) [0.50-0.85]0.129(n=5769) [0.85-0.95]0.024(n=470) [0.95-1.00]0.013(n=19)
2026-04-30 23:21:51,792 - INFO - [render-loss] step=27200 kept 32/64 samples (t_value >= 0.50)
2026-04-30 23:23:47,114 - INFO - Step   27400 | Epoch  27 | MSE: 0.2662 | Steps/sec: 1.73 | LR: 1.91e-04 | Render_L1: 0.0298 | Alpha_L1: 0.0403 | Render_LPIPS: 0.2220 | cos(c,null): +0.1014 | GradNorm: 0.0183 | MSE/t: [0.00-0.50]0.414(n=6412) [0.50-0.85]0.127(n=5857) [0.85-0.95]0.025(n=510) [0.95-1.00]0.014(n=21)
2026-04-30 23:23:47,217 - INFO - [render-loss] step=27400 kept 27/64 samples (t_value >= 0.50)
2026-04-30 23:25:42,163 - INFO - Step   27600 | Epoch  27 | MSE: 0.2676 | Steps/sec: 1.74 | LR: 1.91e-04 | Render_L1: 0.0293 | Alpha_L1: 0.0404 | Render_LPIPS: 0.2212 | cos(c,null): +0.1045 | GradNorm: 0.0308 | MSE/t: [0.00-0.50]0.414(n=6396) [0.50-0.85]0.129(n=5896) [0.85-0.95]0.027(n=481) [0.95-1.00]0.017(n=27)
2026-04-30 23:25:42,266 - INFO - [render-loss] step=27600 kept 34/64 samples (t_value >= 0.50)
2026-04-30 23:27:37,575 - INFO - Step   27800 | Epoch  27 | MSE: 0.2671 | Steps/sec: 1.73 | LR: 1.91e-04 | Render_L1: 0.0291 | Alpha_L1: 0.0403 | Render_LPIPS: 0.2208 | cos(c,null): +0.1020 | GradNorm: 0.0205 | MSE/t: [0.00-0.50]0.415(n=6397) [0.50-0.85]0.128(n=5869) [0.85-0.95]0.024(n=513) [0.95-1.00]0.015(n=21)
2026-04-30 23:27:37,677 - INFO - [render-loss] step=27800 kept 30/64 samples (t_value >= 0.50)
2026-04-30 23:29:33,157 - INFO - Step   28000 | Epoch  28 | MSE: 0.2635 | Steps/sec: 1.73 | LR: 1.91e-04 | Render_L1: 0.0287 | Alpha_L1: 0.0391 | Render_LPIPS: 0.2186 | cos(c,null): +0.1000 | GradNorm: 0.0245 | MSE/t: [0.00-0.50]0.412(n=6345) [0.50-0.85]0.127(n=5888) [0.85-0.95]0.024(n=541) [0.95-1.00]0.013(n=26)
2026-04-30 23:29:33,370 - INFO - [cond] cfg_signal=0.0477 (min=0.0280 max=0.0688, n=16) | class_signal=0.0620 (min=0.0226 max=0.1049, n=16) | pred_rms=1.2944
2026-04-30 23:29:41,926 - INFO - [validation] saved: output/jit_B8_no_bottleneck_20260430_194526/dit_validation/epoch_028_step_0028000_class075.png (class=75, sampler=heun, steps=100)
2026-04-30 23:29:43,165 - INFO - [overrides] applied from jit/configs/overrides.yaml: lr_scale=1.0 max_grad_norm=5.0 null_repel_weight=0.0 P_mean=0.0
2026-04-30 23:29:43,263 - INFO - [render-loss] step=28000 kept 34/64 samples (t_value >= 0.50)
2026-04-30 23:31:38,119 - INFO - Step   28200 | Epoch  28 | MSE: 0.2677 | Steps/sec: 1.60 | LR: 1.91e-04 | Render_L1: 0.0297 | Alpha_L1: 0.0404 | Render_LPIPS: 0.2215 | cos(c,null): +0.1012 | GradNorm: 0.0196 | MSE/t: [0.00-0.50]0.415(n=6424) [0.50-0.85]0.128(n=5847) [0.85-0.95]0.024(n=506) [0.95-1.00]0.012(n=23)
2026-04-30 23:31:38,221 - INFO - [render-loss] step=28200 kept 33/64 samples (t_value >= 0.50)
2026-04-30 23:33:33,739 - INFO - Step   28400 | Epoch  28 | MSE: 0.2641 | Steps/sec: 1.73 | LR: 1.91e-04 | Render_L1: 0.0294 | Alpha_L1: 0.0396 | Render_LPIPS: 0.2214 | cos(c,null): +0.0964 | GradNorm: 0.0216 | MSE/t: [0.00-0.50]0.410(n=6302) [0.50-0.85]0.131(n=6007) [0.85-0.95]0.023(n=476) [0.95-1.00]0.016(n=15)
2026-04-30 23:33:33,841 - INFO - [render-loss] step=28400 kept 37/64 samples (t_value >= 0.50)
2026-04-30 23:35:29,999 - INFO - Step   28600 | Epoch  28 | MSE: 0.2669 | Steps/sec: 1.72 | LR: 1.91e-04 | Render_L1: 0.0284 | Alpha_L1: 0.0387 | Render_LPIPS: 0.2170 | cos(c,null): +0.0918 | GradNorm: 0.0189 | MSE/t: [0.00-0.50]0.413(n=6448) [0.50-0.85]0.127(n=5827) [0.85-0.95]0.024(n=503) [0.95-1.00]0.011(n=22)
2026-04-30 23:35:30,102 - INFO - [render-loss] step=28600 kept 35/64 samples (t_value >= 0.50)
2026-04-30 23:37:26,586 - INFO - Step   28800 | Epoch  29 | MSE: 0.2639 | Steps/sec: 1.72 | LR: 1.91e-04 | Render_L1: 0.0291 | Alpha_L1: 0.0398 | Render_LPIPS: 0.2197 | cos(c,null): +0.0929 | GradNorm: 0.0202 | MSE/t: [0.00-0.50]0.415(n=6273) [0.50-0.85]0.127(n=6005) [0.85-0.95]0.034(n=497) [0.95-1.00]0.014(n=25)
2026-04-30 23:37:26,688 - INFO - [render-loss] step=28800 kept 34/64 samples (t_value >= 0.50)
2026-04-30 23:39:21,972 - INFO - Step   29000 | Epoch  29 | MSE: 0.2669 | Steps/sec: 1.73 | LR: 1.90e-04 | Render_L1: 0.0289 | Alpha_L1: 0.0390 | Render_LPIPS: 0.2180 | cos(c,null): +0.0964 | GradNorm: 0.0221 | MSE/t: [0.00-0.50]0.415(n=6413) [0.50-0.85]0.128(n=5831) [0.85-0.95]0.025(n=535) [0.95-1.00]0.014(n=21)
2026-04-30 23:39:22,188 - INFO - [cond] cfg_signal=0.0528 (min=0.0296 max=0.0808, n=16) | class_signal=0.0618 (min=0.0256 max=0.0938, n=16) | pred_rms=1.2660
2026-04-30 23:39:30,751 - INFO - [validation] saved: output/jit_B8_no_bottleneck_20260430_194526/dit_validation/epoch_029_step_0029000_class047.png (class=47, sampler=heun, steps=100)
2026-04-30 23:39:31,954 - INFO - [overrides] applied from jit/configs/overrides.yaml: lr_scale=1.0 max_grad_norm=5.0 null_repel_weight=0.0 P_mean=0.0
2026-04-30 23:39:32,051 - INFO - [render-loss] step=29000 kept 30/64 samples (t_value >= 0.50)
2026-04-30 23:41:27,523 - INFO - Step   29200 | Epoch  29 | MSE: 0.2648 | Steps/sec: 1.60 | LR: 1.90e-04 | Render_L1: 0.0285 | Alpha_L1: 0.0388 | Render_LPIPS: 0.2173 | cos(c,null): +0.0988 | GradNorm: 0.0207 | MSE/t: [0.00-0.50]0.413(n=6353) [0.50-0.85]0.127(n=5948) [0.85-0.95]0.024(n=477) [0.95-1.00]0.015(n=22)
2026-04-30 23:41:27,625 - INFO - [render-loss] step=29200 kept 34/64 samples (t_value >= 0.50)
2026-04-30 23:43:22,855 - INFO - Step   29400 | Epoch  29 | MSE: 0.2660 | Steps/sec: 1.73 | LR: 1.90e-04 | Render_L1: 0.0288 | Alpha_L1: 0.0392 | Render_LPIPS: 0.2188 | cos(c,null): +0.0991 | GradNorm: 0.0191 | MSE/t: [0.00-0.50]0.407(n=6544) [0.50-0.85]0.127(n=5755) [0.85-0.95]0.024(n=480) [0.95-1.00]0.015(n=21)
2026-04-30 23:43:22,957 - INFO - [render-loss] step=29400 kept 23/64 samples (t_value >= 0.50)
2026-04-30 23:45:18,089 - INFO - Step   29600 | Epoch  29 | MSE: 0.2654 | Steps/sec: 1.74 | LR: 1.90e-04 | Render_L1: 0.0286 | Alpha_L1: 0.0387 | Render_LPIPS: 0.2167 | cos(c,null): +0.0926 | GradNorm: 0.0218 | MSE/t: [0.00-0.50]0.413(n=6367) [0.50-0.85]0.127(n=5917) [0.85-0.95]0.024(n=496) [0.95-1.00]0.011(n=20)
2026-04-30 23:45:18,191 - INFO - [render-loss] step=29600 kept 34/64 samples (t_value >= 0.50)
2026-04-30 23:47:13,615 - INFO - Step   29800 | Epoch  30 | MSE: 0.2648 | Steps/sec: 1.73 | LR: 1.90e-04 | Render_L1: 0.0285 | Alpha_L1: 0.0383 | Render_LPIPS: 0.2174 | cos(c,null): +0.0885 | GradNorm: 0.0223 | MSE/t: [0.00-0.50]0.412(n=6372) [0.50-0.85]0.127(n=5893) [0.85-0.95]0.024(n=511) [0.95-1.00]0.016(n=24)
2026-04-30 23:47:13,717 - INFO - [render-loss] step=29800 kept 36/64 samples (t_value >= 0.50)
2026-04-30 23:49:09,039 - INFO - Step   30000 | Epoch  30 | MSE: 0.2649 | Steps/sec: 1.73 | LR: 1.90e-04 | Render_L1: 0.0287 | Alpha_L1: 0.0383 | Render_LPIPS: 0.2177 | cos(c,null): +0.0913 | GradNorm: 0.0220 | MSE/t: [0.00-0.50]0.410(n=6424) [0.50-0.85]0.128(n=5826) [0.85-0.95]0.025(n=530) [0.95-1.00]0.014(n=20)
2026-04-30 23:49:09,253 - INFO - [cond] cfg_signal=0.0438 (min=0.0278 max=0.0660, n=16) | class_signal=0.0552 (min=0.0239 max=0.0873, n=16) | pred_rms=1.2573
2026-04-30 23:49:17,650 - INFO - [validation] saved: output/jit_B8_no_bottleneck_20260430_194526/dit_validation/epoch_030_step_0030000_class090.png (class=90, sampler=heun, steps=100)
2026-04-30 23:49:18,854 - INFO - [overrides] applied from jit/configs/overrides.yaml: lr_scale=1.0 max_grad_norm=5.0 null_repel_weight=0.0 P_mean=0.0
2026-04-30 23:49:18,951 - INFO - [render-loss] step=30000 kept 30/64 samples (t_value >= 0.50)
2026-04-30 23:51:14,367 - INFO - Step   30200 | Epoch  30 | MSE: 0.2635 | Steps/sec: 1.60 | LR: 1.90e-04 | Render_L1: 0.0291 | Alpha_L1: 0.0390 | Render_LPIPS: 0.2193 | cos(c,null): +0.0955 | GradNorm: 0.0214 | MSE/t: [0.00-0.50]0.410(n=6344) [0.50-0.85]0.128(n=5919) [0.85-0.95]0.023(n=518) [0.95-1.00]0.016(n=19)
2026-04-30 23:51:14,469 - INFO - [render-loss] step=30200 kept 35/64 samples (t_value >= 0.50)
2026-04-30 23:53:09,978 - INFO - Step   30400 | Epoch  30 | MSE: 0.2653 | Steps/sec: 1.73 | LR: 1.90e-04 | Render_L1: 0.0288 | Alpha_L1: 0.0386 | Render_LPIPS: 0.2170 | cos(c,null): +0.0984 | GradNorm: 0.0192 | MSE/t: [0.00-0.50]0.413(n=6393) [0.50-0.85]0.127(n=5885) [0.85-0.95]0.023(n=506) [0.95-1.00]0.013(n=16)
2026-04-30 23:53:10,080 - INFO - [render-loss] step=30400 kept 26/64 samples (t_value >= 0.50)
2026-04-30 23:55:05,531 - INFO - Step   30600 | Epoch  30 | MSE: 0.2630 | Steps/sec: 1.73 | LR: 1.89e-04 | Render_L1: 0.0284 | Alpha_L1: 0.0378 | Render_LPIPS: 0.2167 | cos(c,null): +0.1031 | GradNorm: 0.0230 | MSE/t: [0.00-0.50]0.409(n=6396) [0.50-0.85]0.126(n=5840) [0.85-0.95]0.025(n=535) [0.95-1.00]0.017(n=29)
2026-04-30 23:55:05,633 - INFO - [render-loss] step=30600 kept 33/64 samples (t_value >= 0.50)
2026-04-30 23:57:01,039 - INFO - Step   30800 | Epoch  31 | MSE: 0.2698 | Steps/sec: 1.73 | LR: 1.89e-04 | Render_L1: 0.0285 | Alpha_L1: 0.0382 | Render_LPIPS: 0.2161 | cos(c,null): +0.0978 | GradNorm: 0.0203 | MSE/t: [0.00-0.50]0.420(n=6436) [0.50-0.85]0.127(n=5817) [0.85-0.95]0.025(n=526) [0.95-1.00]0.012(n=21)
2026-04-30 23:57:01,142 - INFO - [render-loss] step=30800 kept 32/64 samples (t_value >= 0.50)
2026-04-30 23:58:56,401 - INFO - Step   31000 | Epoch  31 | MSE: 0.2643 | Steps/sec: 1.73 | LR: 1.89e-04 | Render_L1: 0.0281 | Alpha_L1: 0.0376 | Render_LPIPS: 0.2149 | cos(c,null): +0.1006 | GradNorm: 0.0239 | MSE/t: [0.00-0.50]0.410(n=6429) [0.50-0.85]0.126(n=5861) [0.85-0.95]0.024(n=492) [0.95-1.00]0.011(n=18)
2026-04-30 23:58:56,616 - INFO - [cond] cfg_signal=0.0437 (min=0.0242 max=0.0634, n=16) | class_signal=0.0550 (min=0.0215 max=0.0882, n=16) | pred_rms=1.2285
2026-04-30 23:59:05,148 - INFO - [validation] saved: output/jit_B8_no_bottleneck_20260430_194526/dit_validation/epoch_031_step_0031000_class005.png (class=5, sampler=heun, steps=100)
2026-04-30 23:59:06,364 - INFO - [overrides] applied from jit/configs/overrides.yaml: lr_scale=1.0 max_grad_norm=5.0 null_repel_weight=0.0 P_mean=0.0
2026-04-30 23:59:06,463 - INFO - [render-loss] step=31000 kept 30/64 samples (t_value >= 0.50)
2026-05-01 00:01:02,258 - INFO - Step   31200 | Epoch  31 | MSE: 0.2670 | Steps/sec: 1.59 | LR: 1.89e-04 | Render_L1: 0.0280 | Alpha_L1: 0.0378 | Render_LPIPS: 0.2162 | cos(c,null): +0.1030 | GradNorm: 0.0212 | MSE/t: [0.00-0.50]0.409(n=6514) [0.50-0.85]0.128(n=5766) [0.85-0.95]0.024(n=505) [0.95-1.00]0.022(n=15)
2026-05-01 00:01:02,361 - INFO - [render-loss] step=31200 kept 37/64 samples (t_value >= 0.50)
2026-05-01 00:02:58,054 - INFO - Step   31400 | Epoch  31 | MSE: 0.2629 | Steps/sec: 1.73 | LR: 1.89e-04 | Render_L1: 0.0283 | Alpha_L1: 0.0378 | Render_LPIPS: 0.2162 | cos(c,null): +0.1078 | GradNorm: 0.0224 | MSE/t: [0.00-0.50]0.412(n=6292) [0.50-0.85]0.128(n=5957) [0.85-0.95]0.024(n=535) [0.95-1.00]0.015(n=16)
2026-05-01 00:02:58,157 - INFO - [render-loss] step=31400 kept 28/64 samples (t_value >= 0.50)
2026-05-01 00:04:52,966 - INFO - Step   31600 | Epoch  31 | MSE: 0.2659 | Steps/sec: 1.74 | LR: 1.89e-04 | Render_L1: 0.0284 | Alpha_L1: 0.0379 | Render_LPIPS: 0.2161 | cos(c,null): +0.1144 | GradNorm: 0.0244 | MSE/t: [0.00-0.50]0.411(n=6456) [0.50-0.85]0.128(n=5788) [0.85-0.95]0.024(n=536) [0.95-1.00]0.013(n=20)
2026-05-01 00:04:53,069 - INFO - [render-loss] step=31600 kept 36/64 samples (t_value >= 0.50)
2026-05-01 00:06:49,304 - INFO - Step   31800 | Epoch  32 | MSE: 0.2648 | Steps/sec: 1.72 | LR: 1.89e-04 | Render_L1: 0.0281 | Alpha_L1: 0.0373 | Render_LPIPS: 0.2160 | cos(c,null): +0.1171 | GradNorm: 0.0236 | MSE/t: [0.00-0.50]0.411(n=6425) [0.50-0.85]0.126(n=5826) [0.85-0.95]0.025(n=520) [0.95-1.00]0.018(n=29)
2026-05-01 00:06:49,407 - INFO - [render-loss] step=31800 kept 32/64 samples (t_value >= 0.50)
2026-05-01 00:08:44,768 - INFO - Step   32000 | Epoch  32 | MSE: 0.2646 | Steps/sec: 1.73 | LR: 1.88e-04 | Render_L1: 0.0284 | Alpha_L1: 0.0375 | Render_LPIPS: 0.2163 | cos(c,null): +0.1195 | GradNorm: 0.0243 | MSE/t: [0.00-0.50]0.411(n=6418) [0.50-0.85]0.126(n=5852) [0.85-0.95]0.024(n=518) [0.95-1.00]0.013(n=12)
2026-05-01 00:08:44,979 - INFO - [cond] cfg_signal=0.0436 (min=0.0277 max=0.0654, n=16) | class_signal=0.0555 (min=0.0232 max=0.0874, n=16) | pred_rms=1.2996
2026-05-01 00:08:53,359 - INFO - [validation] saved: output/jit_B8_no_bottleneck_20260430_194526/dit_validation/epoch_032_step_0032000_class017.png (class=17, sampler=heun, steps=100)
2026-05-01 00:08:54,597 - INFO - [overrides] applied from jit/configs/overrides.yaml: lr_scale=1.0 max_grad_norm=5.0 null_repel_weight=0.0 P_mean=0.0
2026-05-01 00:08:54,694 - INFO - [render-loss] step=32000 kept 35/64 samples (t_value >= 0.50)
2026-05-01 00:10:50,199 - INFO - Step   32200 | Epoch  32 | MSE: 0.2656 | Steps/sec: 1.60 | LR: 1.88e-04 | Render_L1: 0.0281 | Alpha_L1: 0.0374 | Render_LPIPS: 0.2158 | cos(c,null): +0.1219 | GradNorm: 0.0199 | MSE/t: [0.00-0.50]0.412(n=6395) [0.50-0.85]0.128(n=5880) [0.85-0.95]0.024(n=509) [0.95-1.00]0.013(n=16)
2026-05-01 00:10:50,301 - INFO - [render-loss] step=32200 kept 24/64 samples (t_value >= 0.50)
2026-05-01 00:12:45,008 - INFO - Step   32400 | Epoch  32 | MSE: 0.2675 | Steps/sec: 1.74 | LR: 1.88e-04 | Render_L1: 0.0291 | Alpha_L1: 0.0386 | Render_LPIPS: 0.2217 | cos(c,null): +0.1199 | GradNorm: 0.0347 | MSE/t: [0.00-0.50]0.410(n=6497) [0.50-0.85]0.129(n=5790) [0.85-0.95]0.026(n=490) [0.95-1.00]0.016(n=23)
2026-05-01 00:12:45,111 - INFO - [render-loss] step=32400 kept 33/64 samples (t_value >= 0.50)
2026-05-01 00:14:40,282 - INFO - Step   32600 | Epoch  32 | MSE: 0.2663 | Steps/sec: 1.74 | LR: 1.88e-04 | Render_L1: 0.0279 | Alpha_L1: 0.0369 | Render_LPIPS: 0.2154 | cos(c,null): +0.1291 | GradNorm: 0.0277 | MSE/t: [0.00-0.50]0.410(n=6498) [0.50-0.85]0.127(n=5779) [0.85-0.95]0.026(n=500) [0.95-1.00]0.013(n=23)
2026-05-01 00:14:40,385 - INFO - [render-loss] step=32600 kept 26/64 samples (t_value >= 0.50)
2026-05-01 00:16:35,462 - INFO - Step   32800 | Epoch  33 | MSE: 0.2674 | Steps/sec: 1.74 | LR: 1.88e-04 | Render_L1: 0.0282 | Alpha_L1: 0.0377 | Render_LPIPS: 0.2172 | cos(c,null): +0.1318 | GradNorm: 0.0213 | MSE/t: [0.00-0.50]0.413(n=6443) [0.50-0.85]0.127(n=5881) [0.85-0.95]0.025(n=452) [0.95-1.00]0.014(n=24)
2026-05-01 00:16:35,563 - INFO - [render-loss] step=32800 kept 36/64 samples (t_value >= 0.50)
2026-05-01 00:18:30,513 - INFO - Step   33000 | Epoch  33 | MSE: 0.2657 | Steps/sec: 1.74 | LR: 1.88e-04 | Render_L1: 0.0279 | Alpha_L1: 0.0372 | Render_LPIPS: 0.2146 | cos(c,null): +0.1340 | GradNorm: 0.0410 | MSE/t: [0.00-0.50]0.409(n=6471) [0.50-0.85]0.128(n=5782) [0.85-0.95]0.025(n=529) [0.95-1.00]0.012(n=18)
2026-05-01 00:18:30,726 - INFO - [cond] cfg_signal=0.0463 (min=0.0296 max=0.0673, n=16) | class_signal=0.0584 (min=0.0268 max=0.0959, n=16) | pred_rms=1.2979
2026-05-01 00:18:39,127 - INFO - [validation] saved: output/jit_B8_no_bottleneck_20260430_194526/dit_validation/epoch_033_step_0033000_class016.png (class=16, sampler=heun, steps=100)
2026-05-01 00:18:40,366 - INFO - [overrides] applied from jit/configs/overrides.yaml: lr_scale=1.0 max_grad_norm=5.0 null_repel_weight=0.0 P_mean=0.0
2026-05-01 00:18:40,462 - INFO - [render-loss] step=33000 kept 40/64 samples (t_value >= 0.50)
2026-05-01 00:20:36,222 - INFO - Step   33200 | Epoch  33 | MSE: 0.2696 | Steps/sec: 1.59 | LR: 1.88e-04 | Render_L1: 0.0283 | Alpha_L1: 0.0373 | Render_LPIPS: 0.2159 | cos(c,null): +0.1223 | GradNorm: 0.0298 | MSE/t: [0.00-0.50]0.419(n=6403) [0.50-0.85]0.129(n=5870) [0.85-0.95]0.026(n=515) [0.95-1.00]0.012(n=12)
2026-05-01 00:20:36,324 - INFO - [render-loss] step=33200 kept 32/64 samples (t_value >= 0.50)
2026-05-01 00:22:31,583 - INFO - Step   33400 | Epoch  33 | MSE: 0.2640 | Steps/sec: 1.73 | LR: 1.87e-04 | Render_L1: 0.0278 | Alpha_L1: 0.0368 | Render_LPIPS: 0.2137 | cos(c,null): +0.1153 | GradNorm: 0.0228 | MSE/t: [0.00-0.50]0.410(n=6416) [0.50-0.85]0.126(n=5808) [0.85-0.95]0.024(n=556) [0.95-1.00]0.019(n=20)
2026-05-01 00:22:31,686 - INFO - [render-loss] step=33400 kept 34/64 samples (t_value >= 0.50)
2026-05-01 00:24:26,712 - INFO - Step   33600 | Epoch  33 | MSE: 0.2683 | Steps/sec: 1.74 | LR: 1.87e-04 | Render_L1: 0.0279 | Alpha_L1: 0.0374 | Render_LPIPS: 0.2154 | cos(c,null): +0.1135 | GradNorm: 0.0215 | MSE/t: [0.00-0.50]0.414(n=6451) [0.50-0.85]0.129(n=5795) [0.85-0.95]0.025(n=530) [0.95-1.00]0.016(n=24)
2026-05-01 00:24:26,814 - INFO - [render-loss] step=33600 kept 36/64 samples (t_value >= 0.50)
2026-05-01 00:26:22,341 - INFO - Step   33800 | Epoch  34 | MSE: 0.2666 | Steps/sec: 1.73 | LR: 1.87e-04 | Render_L1: 0.0276 | Alpha_L1: 0.0366 | Render_LPIPS: 0.2133 | cos(c,null): +0.1139 | GradNorm: 0.0208 | MSE/t: [0.00-0.50]0.416(n=6379) [0.50-0.85]0.127(n=5870) [0.85-0.95]0.024(n=533) [0.95-1.00]0.014(n=18)
2026-05-01 00:26:22,445 - INFO - [render-loss] step=33800 kept 27/64 samples (t_value >= 0.50)
2026-05-01 00:28:18,611 - INFO - Step   34000 | Epoch  34 | MSE: 0.2661 | Steps/sec: 1.72 | LR: 1.87e-04 | Render_L1: 0.0280 | Alpha_L1: 0.0370 | Render_LPIPS: 0.2138 | cos(c,null): +0.1154 | GradNorm: 0.0221 | MSE/t: [0.00-0.50]0.409(n=6502) [0.50-0.85]0.128(n=5763) [0.85-0.95]0.024(n=515) [0.95-1.00]0.016(n=20)
2026-05-01 00:28:18,829 - INFO - [cond] cfg_signal=0.0429 (min=0.0256 max=0.0630, n=16) | class_signal=0.0544 (min=0.0203 max=0.0847, n=16) | pred_rms=1.3110
2026-05-01 00:28:27,292 - INFO - [validation] saved: output/jit_B8_no_bottleneck_20260430_194526/dit_validation/epoch_034_step_0034000_class036.png (class=36, sampler=heun, steps=100)
2026-05-01 00:28:28,547 - INFO - [overrides] applied from jit/configs/overrides.yaml: lr_scale=1.0 max_grad_norm=5.0 null_repel_weight=0.0 P_mean=0.0
2026-05-01 00:28:28,645 - INFO - [render-loss] step=34000 kept 35/64 samples (t_value >= 0.50)
2026-05-01 00:30:24,049 - INFO - Step   34200 | Epoch  34 | MSE: 0.2672 | Steps/sec: 1.60 | LR: 1.87e-04 | Render_L1: 0.0277 | Alpha_L1: 0.0362 | Render_LPIPS: 0.2137 | cos(c,null): +0.1174 | GradNorm: 0.0225 | MSE/t: [0.00-0.50]0.412(n=6488) [0.50-0.85]0.127(n=5785) [0.85-0.95]0.025(n=507) [0.95-1.00]0.013(n=20)
2026-05-01 00:30:24,152 - INFO - [render-loss] step=34200 kept 32/64 samples (t_value >= 0.50)
2026-05-01 00:32:19,326 - INFO - Step   34400 | Epoch  34 | MSE: 0.2638 | Steps/sec: 1.73 | LR: 1.87e-04 | Render_L1: 0.0276 | Alpha_L1: 0.0362 | Render_LPIPS: 0.2129 | cos(c,null): +0.1163 | GradNorm: 0.0227 | MSE/t: [0.00-0.50]0.411(n=6374) [0.50-0.85]0.127(n=5866) [0.85-0.95]0.024(n=533) [0.95-1.00]0.019(n=27)
2026-05-01 00:32:19,429 - INFO - [render-loss] step=34400 kept 31/64 samples (t_value >= 0.50)
2026-05-01 00:34:14,640 - INFO - Step   34600 | Epoch  34 | MSE: 0.2648 | Steps/sec: 1.73 | LR: 1.86e-04 | Render_L1: 0.0278 | Alpha_L1: 0.0362 | Render_LPIPS: 0.2136 | cos(c,null): +0.1191 | GradNorm: 0.0215 | MSE/t: [0.00-0.50]0.410(n=6456) [0.50-0.85]0.126(n=5841) [0.85-0.95]0.024(n=479) [0.95-1.00]0.012(n=24)
2026-05-01 00:34:14,743 - INFO - [render-loss] step=34600 kept 35/64 samples (t_value >= 0.50)
2026-05-01 00:36:11,001 - INFO - Step   34800 | Epoch  35 | MSE: 0.2637 | Steps/sec: 1.72 | LR: 1.86e-04 | Render_L1: 0.0276 | Alpha_L1: 0.0361 | Render_LPIPS: 0.2122 | cos(c,null): +0.1215 | GradNorm: 0.0210 | MSE/t: [0.00-0.50]0.410(n=6372) [0.50-0.85]0.127(n=5886) [0.85-0.95]0.024(n=526) [0.95-1.00]0.014(n=16)
2026-05-01 00:36:11,104 - INFO - [render-loss] step=34800 kept 35/64 samples (t_value >= 0.50)
2026-05-01 00:38:06,661 - INFO - Step   35000 | Epoch  35 | MSE: 0.2601 | Steps/sec: 1.73 | LR: 1.86e-04 | Render_L1: 0.0276 | Alpha_L1: 0.0363 | Render_LPIPS: 0.2132 | cos(c,null): +0.1145 | GradNorm: 0.0239 | MSE/t: [0.00-0.50]0.405(n=6352) [0.50-0.85]0.125(n=5933) [0.85-0.95]0.025(n=493) [0.95-1.00]0.016(n=22)
2026-05-01 00:38:06,872 - INFO - [cond] cfg_signal=0.0434 (min=0.0277 max=0.0618, n=16) | class_signal=0.0548 (min=0.0199 max=0.0859, n=16) | pred_rms=1.3398
2026-05-01 00:38:15,308 - INFO - [validation] saved: output/jit_B8_no_bottleneck_20260430_194526/dit_validation/epoch_035_step_0035000_class037.png (class=37, sampler=heun, steps=100)
2026-05-01 00:38:16,599 - INFO - [overrides] applied from jit/configs/overrides.yaml: lr_scale=1.0 max_grad_norm=5.0 null_repel_weight=0.0 P_mean=0.0
2026-05-01 00:38:16,696 - INFO - [render-loss] step=35000 kept 36/64 samples (t_value >= 0.50)
2026-05-01 00:40:12,041 - INFO - Step   35200 | Epoch  35 | MSE: 0.2666 | Steps/sec: 1.60 | LR: 1.86e-04 | Render_L1: 0.0271 | Alpha_L1: 0.0360 | Render_LPIPS: 0.2110 | cos(c,null): +0.1132 | GradNorm: 0.0244 | MSE/t: [0.00-0.50]0.413(n=6455) [0.50-0.85]0.126(n=5817) [0.85-0.95]0.025(n=506) [0.95-1.00]0.020(n=22)
2026-05-01 00:40:12,143 - INFO - [render-loss] step=35200 kept 20/64 samples (t_value >= 0.50)
2026-05-01 00:42:07,196 - INFO - Step   35400 | Epoch  35 | MSE: 0.2651 | Steps/sec: 1.74 | LR: 1.86e-04 | Render_L1: 0.0276 | Alpha_L1: 0.0356 | Render_LPIPS: 0.2119 | cos(c,null): +0.1172 | GradNorm: 0.0214 | MSE/t: [0.00-0.50]0.410(n=6464) [0.50-0.85]0.126(n=5797) [0.85-0.95]0.024(n=507) [0.95-1.00]0.014(n=32)
2026-05-01 00:42:07,297 - INFO - [render-loss] step=35400 kept 34/64 samples (t_value >= 0.50)
2026-05-01 00:44:02,975 - INFO - Step   35600 | Epoch  35 | MSE: 0.2621 | Steps/sec: 1.73 | LR: 1.86e-04 | Render_L1: 0.0280 | Alpha_L1: 0.0368 | Render_LPIPS: 0.2156 | cos(c,null): +0.1162 | GradNorm: 0.1525 | MSE/t: [0.00-0.50]0.411(n=6273) [0.50-0.85]0.127(n=6013) [0.85-0.95]0.026(n=486) [0.95-1.00]0.019(n=28)
2026-05-01 00:44:03,077 - INFO - [render-loss] step=35600 kept 36/64 samples (t_value >= 0.50)
2026-05-01 00:45:58,540 - INFO - Step   35800 | Epoch  36 | MSE: 0.2645 | Steps/sec: 1.73 | LR: 1.85e-04 | Render_L1: 0.0281 | Alpha_L1: 0.0376 | Render_LPIPS: 0.2170 | cos(c,null): +0.1167 | GradNorm: 0.0500 | MSE/t: [0.00-0.50]0.409(n=6357) [0.50-0.85]0.130(n=5891) [0.85-0.95]0.029(n=533) [0.95-1.00]0.021(n=19)
2026-05-01 00:45:58,642 - INFO - [render-loss] step=35800 kept 35/64 samples (t_value >= 0.50)
2026-05-01 00:47:53,753 - INFO - Step   36000 | Epoch  36 | MSE: 0.2678 | Steps/sec: 1.74 | LR: 1.85e-04 | Render_L1: 0.0281 | Alpha_L1: 0.0368 | Render_LPIPS: 0.2165 | cos(c,null): +0.1157 | GradNorm: 0.0256 | MSE/t: [0.00-0.50]0.414(n=6401) [0.50-0.85]0.130(n=5864) [0.85-0.95]0.026(n=514) [0.95-1.00]0.013(n=21)
2026-05-01 00:47:53,966 - INFO - [cond] cfg_signal=0.0432 (min=0.0286 max=0.0645, n=16) | class_signal=0.0541 (min=0.0219 max=0.0801, n=16) | pred_rms=1.2865
2026-05-01 00:48:02,522 - INFO - [validation] saved: output/jit_B8_no_bottleneck_20260430_194526/dit_validation/epoch_036_step_0036000_class099.png (class=99, sampler=heun, steps=100)
2026-05-01 00:48:03,795 - INFO - [overrides] applied from jit/configs/overrides.yaml: lr_scale=1.0 max_grad_norm=5.0 null_repel_weight=0.0 P_mean=0.0
2026-05-01 00:48:03,892 - INFO - [render-loss] step=36000 kept 33/64 samples (t_value >= 0.50)
2026-05-01 00:49:59,325 - INFO - Step   36200 | Epoch  36 | MSE: 0.2655 | Steps/sec: 1.60 | LR: 1.85e-04 | Render_L1: 0.0275 | Alpha_L1: 0.0359 | Render_LPIPS: 0.2122 | cos(c,null): +0.1132 | GradNorm: 0.0239 | MSE/t: [0.00-0.50]0.411(n=6423) [0.50-0.85]0.127(n=5855) [0.85-0.95]0.025(n=497) [0.95-1.00]0.014(n=25)
2026-05-01 00:49:59,428 - INFO - [render-loss] step=36200 kept 27/64 samples (t_value >= 0.50)
2026-05-01 00:51:54,679 - INFO - Step   36400 | Epoch  36 | MSE: 0.2662 | Steps/sec: 1.73 | LR: 1.85e-04 | Render_L1: 0.0272 | Alpha_L1: 0.0359 | Render_LPIPS: 0.2120 | cos(c,null): +0.1113 | GradNorm: 0.0237 | MSE/t: [0.00-0.50]0.412(n=6417) [0.50-0.85]0.128(n=5859) [0.85-0.95]0.025(n=498) [0.95-1.00]0.014(n=26)
2026-05-01 00:51:54,781 - INFO - [render-loss] step=36400 kept 35/64 samples (t_value >= 0.50)
2026-05-01 00:53:50,723 - INFO - Step   36600 | Epoch  36 | MSE: 0.2659 | Steps/sec: 1.72 | LR: 1.85e-04 | Render_L1: 0.0270 | Alpha_L1: 0.0359 | Render_LPIPS: 0.2109 | cos(c,null): +0.1135 | GradNorm: 0.0259 | MSE/t: [0.00-0.50]0.412(n=6456) [0.50-0.85]0.126(n=5802) [0.85-0.95]0.024(n=528) [0.95-1.00]0.016(n=14)
2026-05-01 00:53:50,827 - INFO - [render-loss] step=36600 kept 25/64 samples (t_value >= 0.50)
2026-05-01 00:55:45,894 - INFO - Step   36800 | Epoch  37 | MSE: 0.2630 | Steps/sec: 1.74 | LR: 1.85e-04 | Render_L1: 0.0274 | Alpha_L1: 0.0357 | Render_LPIPS: 0.2109 | cos(c,null): +0.1144 | GradNorm: 0.0239 | MSE/t: [0.00-0.50]0.407(n=6390) [0.50-0.85]0.129(n=5873) [0.85-0.95]0.025(n=518) [0.95-1.00]0.011(n=19)
2026-05-01 00:55:45,996 - INFO - [render-loss] step=36800 kept 29/64 samples (t_value >= 0.50)
2026-05-01 00:57:41,067 - INFO - Step   37000 | Epoch  37 | MSE: 0.2632 | Steps/sec: 1.74 | LR: 1.85e-04 | Render_L1: 0.0271 | Alpha_L1: 0.0353 | Render_LPIPS: 0.2102 | cos(c,null): +0.1144 | GradNorm: 0.0248 | MSE/t: [0.00-0.50]0.407(n=6440) [0.50-0.85]0.126(n=5867) [0.85-0.95]0.025(n=470) [0.95-1.00]0.013(n=23)
2026-05-01 00:57:41,278 - INFO - [cond] cfg_signal=0.0427 (min=0.0259 max=0.0586, n=16) | class_signal=0.0562 (min=0.0207 max=0.0894, n=16) | pred_rms=1.3466
2026-05-01 00:57:49,771 - INFO - [validation] saved: output/jit_B8_no_bottleneck_20260430_194526/dit_validation/epoch_037_step_0037000_class066.png (class=66, sampler=heun, steps=100)
2026-05-01 00:57:51,040 - INFO - [overrides] applied from jit/configs/overrides.yaml: lr_scale=1.0 max_grad_norm=5.0 null_repel_weight=0.0 P_mean=0.0
2026-05-01 00:57:51,138 - INFO - [render-loss] step=37000 kept 34/64 samples (t_value >= 0.50)
2026-05-01 00:59:46,677 - INFO - Step   37200 | Epoch  37 | MSE: 0.2656 | Steps/sec: 1.59 | LR: 1.84e-04 | Render_L1: 0.0267 | Alpha_L1: 0.0352 | Render_LPIPS: 0.2095 | cos(c,null): +0.1163 | GradNorm: 0.0234 | MSE/t: [0.00-0.50]0.414(n=6405) [0.50-0.85]0.126(n=5845) [0.85-0.95]0.025(n=524) [0.95-1.00]0.013(n=26)
2026-05-01 00:59:46,780 - INFO - [render-loss] step=37200 kept 38/64 samples (t_value >= 0.50)
2026-05-01 01:01:42,467 - INFO - Step   37400 | Epoch  37 | MSE: 0.2634 | Steps/sec: 1.73 | LR: 1.84e-04 | Render_L1: 0.0276 | Alpha_L1: 0.0362 | Render_LPIPS: 0.2143 | cos(c,null): +0.1194 | GradNorm: 0.0788 | MSE/t: [0.00-0.50]0.411(n=6321) [0.50-0.85]0.128(n=5951) [0.85-0.95]0.026(n=502) [0.95-1.00]0.012(n=26)
2026-05-01 01:01:42,569 - INFO - [render-loss] step=37400 kept 31/64 samples (t_value >= 0.50)
2026-05-01 01:03:38,403 - INFO - Step   37600 | Epoch  37 | MSE: 0.2644 | Steps/sec: 1.73 | LR: 1.84e-04 | Render_L1: 0.0274 | Alpha_L1: 0.0358 | Render_LPIPS: 0.2126 | cos(c,null): +0.1206 | GradNorm: 0.0265 | MSE/t: [0.00-0.50]0.412(n=6352) [0.50-0.85]0.127(n=5917) [0.85-0.95]0.025(n=507) [0.95-1.00]0.025(n=24)
2026-05-01 01:03:38,506 - INFO - [render-loss] step=37600 kept 30/64 samples (t_value >= 0.50)
2026-05-01 01:05:33,983 - INFO - Step   37800 | Epoch  38 | MSE: 0.2631 | Steps/sec: 1.73 | LR: 1.84e-04 | Render_L1: 0.0271 | Alpha_L1: 0.0353 | Render_LPIPS: 0.2114 | cos(c,null): +0.1200 | GradNorm: 0.0282 | MSE/t: [0.00-0.50]0.409(n=6345) [0.50-0.85]0.128(n=5935) [0.85-0.95]0.025(n=496) [0.95-1.00]0.015(n=24)
2026-05-01 01:05:34,085 - INFO - [render-loss] step=37800 kept 31/64 samples (t_value >= 0.50)
2026-05-01 01:07:29,157 - INFO - Step   38000 | Epoch  38 | MSE: 0.2639 | Steps/sec: 1.74 | LR: 1.84e-04 | Render_L1: 0.0273 | Alpha_L1: 0.0355 | Render_LPIPS: 0.2114 | cos(c,null): +0.1189 | GradNorm: 0.0237 | MSE/t: [0.00-0.50]0.410(n=6444) [0.50-0.85]0.124(n=5821) [0.85-0.95]0.025(n=509) [0.95-1.00]0.021(n=26)
2026-05-01 01:07:29,372 - INFO - [cond] cfg_signal=0.0409 (min=0.0252 max=0.0601, n=16) | class_signal=0.0537 (min=0.0205 max=0.0788, n=16) | pred_rms=1.3304
2026-05-01 01:07:37,877 - INFO - [validation] saved: output/jit_B8_no_bottleneck_20260430_194526/dit_validation/epoch_038_step_0038000_class059.png (class=59, sampler=heun, steps=100)
2026-05-01 01:07:39,121 - INFO - [overrides] applied from jit/configs/overrides.yaml: lr_scale=1.0 max_grad_norm=5.0 null_repel_weight=0.0 P_mean=0.0
2026-05-01 01:07:39,218 - INFO - [render-loss] step=38000 kept 36/64 samples (t_value >= 0.50)
2026-05-01 01:09:34,638 - INFO - Step   38200 | Epoch  38 | MSE: 0.2669 | Steps/sec: 1.60 | LR: 1.84e-04 | Render_L1: 0.0269 | Alpha_L1: 0.0353 | Render_LPIPS: 0.2102 | cos(c,null): +0.1163 | GradNorm: 0.0241 | MSE/t: [0.00-0.50]0.415(n=6405) [0.50-0.85]0.127(n=5864) [0.85-0.95]0.024(n=512) [0.95-1.00]0.011(n=19)
2026-05-01 01:09:34,741 - INFO - [render-loss] step=38200 kept 24/64 samples (t_value >= 0.50)
2026-05-01 01:11:29,963 - INFO - Step   38400 | Epoch  38 | MSE: 0.2642 | Steps/sec: 1.73 | LR: 1.83e-04 | Render_L1: 0.0270 | Alpha_L1: 0.0349 | Render_LPIPS: 0.2097 | cos(c,null): +0.1119 | GradNorm: 0.0225 | MSE/t: [0.00-0.50]0.409(n=6451) [0.50-0.85]0.126(n=5783) [0.85-0.95]0.024(n=548) [0.95-1.00]0.013(n=18)
2026-05-01 01:11:30,066 - INFO - [render-loss] step=38400 kept 35/64 samples (t_value >= 0.50)
2026-05-01 01:13:25,348 - INFO - Step   38600 | Epoch  38 | MSE: 0.2681 | Steps/sec: 1.73 | LR: 1.83e-04 | Render_L1: 0.0273 | Alpha_L1: 0.0358 | Render_LPIPS: 0.2116 | cos(c,null): +0.1126 | GradNorm: 0.0241 | MSE/t: [0.00-0.50]0.414(n=6446) [0.50-0.85]0.129(n=5825) [0.85-0.95]0.025(n=501) [0.95-1.00]0.013(n=28)
2026-05-01 01:13:25,450 - INFO - [render-loss] step=38600 kept 33/64 samples (t_value >= 0.50)
2026-05-01 01:15:20,855 - INFO - Step   38800 | Epoch  39 | MSE: 0.2655 | Steps/sec: 1.73 | LR: 1.83e-04 | Render_L1: 0.0272 | Alpha_L1: 0.0356 | Render_LPIPS: 0.2107 | cos(c,null): +0.1147 | GradNorm: 0.0250 | MSE/t: [0.00-0.50]0.410(n=6445) [0.50-0.85]0.127(n=5849) [0.85-0.95]0.024(n=489) [0.95-1.00]0.014(n=17)
2026-05-01 01:15:20,957 - INFO - [render-loss] step=38800 kept 35/64 samples (t_value >= 0.50)
2026-05-01 01:17:16,332 - INFO - Step   39000 | Epoch  39 | MSE: 0.2652 | Steps/sec: 1.73 | LR: 1.83e-04 | Render_L1: 0.0272 | Alpha_L1: 0.0354 | Render_LPIPS: 0.2100 | cos(c,null): +0.1141 | GradNorm: 0.0270 | MSE/t: [0.00-0.50]0.412(n=6367) [0.50-0.85]0.129(n=5885) [0.85-0.95]0.025(n=531) [0.95-1.00]0.015(n=17)
2026-05-01 01:17:16,549 - INFO - [cond] cfg_signal=0.0433 (min=0.0276 max=0.0628, n=16) | class_signal=0.0557 (min=0.0205 max=0.0849, n=16) | pred_rms=1.3284
2026-05-01 01:17:25,137 - INFO - [validation] saved: output/jit_B8_no_bottleneck_20260430_194526/dit_validation/epoch_039_step_0039000_class015.png (class=15, sampler=heun, steps=100)
2026-05-01 01:17:26,397 - INFO - [overrides] applied from jit/configs/overrides.yaml: lr_scale=1.0 max_grad_norm=5.0 null_repel_weight=0.0 P_mean=0.0
2026-05-01 01:17:26,494 - INFO - [render-loss] step=39000 kept 30/64 samples (t_value >= 0.50)
2026-05-01 01:19:22,738 - INFO - Step   39200 | Epoch  39 | MSE: 0.2621 | Steps/sec: 1.58 | LR: 1.83e-04 | Render_L1: 0.0269 | Alpha_L1: 0.0351 | Render_LPIPS: 0.2095 | cos(c,null): +0.1130 | GradNorm: 0.0228 | MSE/t: [0.00-0.50]0.408(n=6323) [0.50-0.85]0.128(n=5944) [0.85-0.95]0.024(n=518) [0.95-1.00]0.011(n=15)
2026-05-01 01:19:22,841 - INFO - [render-loss] step=39200 kept 41/64 samples (t_value >= 0.50)
2026-05-01 01:21:18,539 - INFO - Step   39400 | Epoch  39 | MSE: 0.2620 | Steps/sec: 1.73 | LR: 1.82e-04 | Render_L1: 0.0267 | Alpha_L1: 0.0350 | Render_LPIPS: 0.2100 | cos(c,null): +0.1162 | GradNorm: 0.0285 | MSE/t: [0.00-0.50]0.406(n=6314) [0.50-0.85]0.130(n=5954) [0.85-0.95]0.025(n=517) [0.95-1.00]0.010(n=15)
2026-05-01 01:21:18,643 - INFO - [render-loss] step=39400 kept 30/64 samples (t_value >= 0.50)
2026-05-01 01:23:13,764 - INFO - Step   39600 | Epoch  39 | MSE: 0.2661 | Steps/sec: 1.74 | LR: 1.82e-04 | Render_L1: 0.0271 | Alpha_L1: 0.0354 | Render_LPIPS: 0.2098 | cos(c,null): +0.1219 | GradNorm: 0.0254 | MSE/t: [0.00-0.50]0.412(n=6473) [0.50-0.85]0.124(n=5826) [0.85-0.95]0.024(n=479) [0.95-1.00]0.014(n=22)
2026-05-01 01:23:13,867 - INFO - [render-loss] step=39600 kept 33/64 samples (t_value >= 0.50)
2026-05-01 01:25:09,478 - INFO - Step   39800 | Epoch  40 | MSE: 0.2663 | Steps/sec: 1.73 | LR: 1.82e-04 | Render_L1: 0.0270 | Alpha_L1: 0.0353 | Render_LPIPS: 0.2095 | cos(c,null): +0.1258 | GradNorm: 0.0233 | MSE/t: [0.00-0.50]0.413(n=6413) [0.50-0.85]0.127(n=5872) [0.85-0.95]0.024(n=492) [0.95-1.00]0.020(n=23)
2026-05-01 01:25:09,580 - INFO - [render-loss] step=39800 kept 35/64 samples (t_value >= 0.50)
2026-05-01 01:27:04,653 - INFO - Step   40000 | Epoch  40 | MSE: 0.2650 | Steps/sec: 1.74 | LR: 1.82e-04 | Render_L1: 0.0270 | Alpha_L1: 0.0345 | Render_LPIPS: 0.2099 | cos(c,null): +0.1300 | GradNorm: 0.0218 | MSE/t: [0.00-0.50]0.411(n=6419) [0.50-0.85]0.126(n=5863) [0.85-0.95]0.025(n=488) [0.95-1.00]0.012(n=30)
2026-05-01 01:27:04,865 - INFO - [cond] cfg_signal=0.0418 (min=0.0252 max=0.0608, n=16) | class_signal=0.0559 (min=0.0239 max=0.0862, n=16) | pred_rms=1.3449
2026-05-01 01:27:06,640 - INFO - Saved checkpoint to output/jit_B8_no_bottleneck_20260430_194526/0040000.pt
2026-05-01 01:27:06,850 - INFO - [cond] cfg_signal=0.0418 (min=0.0252 max=0.0608, n=16) | class_signal=0.0559 (min=0.0239 max=0.0862, n=16) | pred_rms=1.3449
2026-05-01 01:27:15,315 - INFO - [validation] saved: output/jit_B8_no_bottleneck_20260430_194526/dit_validation/epoch_040_step_0040000_class096.png (class=96, sampler=heun, steps=100)
2026-05-01 01:27:16,593 - INFO - [overrides] applied from jit/configs/overrides.yaml: lr_scale=1.0 max_grad_norm=5.0 null_repel_weight=0.0 P_mean=0.0
2026-05-01 01:27:16,689 - INFO - [render-loss] step=40000 kept 34/64 samples (t_value >= 0.50)
2026-05-01 01:29:12,345 - INFO - Step   40200 | Epoch  40 | MSE: 0.2651 | Steps/sec: 1.57 | LR: 1.82e-04 | Render_L1: 0.0266 | Alpha_L1: 0.0345 | Render_LPIPS: 0.2073 | cos(c,null): +0.1328 | GradNorm: 0.0229 | MSE/t: [0.00-0.50]0.408(n=6446) [0.50-0.85]0.128(n=5828) [0.85-0.95]0.026(n=509) [0.95-1.00]0.017(n=17)
2026-05-01 01:29:12,448 - INFO - [render-loss] step=40200 kept 35/64 samples (t_value >= 0.50)
2026-05-01 01:31:07,804 - INFO - Step   40400 | Epoch  40 | MSE: 0.2644 | Steps/sec: 1.73 | LR: 1.82e-04 | Render_L1: 0.0274 | Alpha_L1: 0.0351 | Render_LPIPS: 0.2103 | cos(c,null): +0.1387 | GradNorm: 0.0282 | MSE/t: [0.00-0.50]0.412(n=6366) [0.50-0.85]0.126(n=5939) [0.85-0.95]0.026(n=477) [0.95-1.00]0.013(n=18)
2026-05-01 01:31:07,906 - INFO - [render-loss] step=40400 kept 32/64 samples (t_value >= 0.50)
2026-05-01 01:33:03,826 - INFO - Step   40600 | Epoch  40 | MSE: 0.2623 | Steps/sec: 1.72 | LR: 1.81e-04 | Render_L1: 0.0272 | Alpha_L1: 0.0352 | Render_LPIPS: 0.2090 | cos(c,null): +0.1445 | GradNorm: 0.0233 | MSE/t: [0.00-0.50]0.411(n=6320) [0.50-0.85]0.126(n=5958) [0.85-0.95]0.025(n=502) [0.95-1.00]0.012(n=20)
2026-05-01 01:33:03,928 - INFO - [render-loss] step=40600 kept 28/64 samples (t_value >= 0.50)
2026-05-01 01:34:59,468 - INFO - Step   40800 | Epoch  41 | MSE: 0.2621 | Steps/sec: 1.73 | LR: 1.81e-04 | Render_L1: 0.0269 | Alpha_L1: 0.0352 | Render_LPIPS: 0.2091 | cos(c,null): +0.1460 | GradNorm: 0.0244 | MSE/t: [0.00-0.50]0.406(n=6403) [0.50-0.85]0.126(n=5899) [0.85-0.95]0.025(n=477) [0.95-1.00]0.022(n=21)
2026-05-01 01:34:59,570 - INFO - [render-loss] step=40800 kept 30/64 samples (t_value >= 0.50)
2026-05-01 01:36:54,357 - INFO - Step   41000 | Epoch  41 | MSE: 0.2676 | Steps/sec: 1.74 | LR: 1.81e-04 | Render_L1: 0.0275 | Alpha_L1: 0.0360 | Render_LPIPS: 0.2121 | cos(c,null): +0.1497 | GradNorm: 0.0780 | MSE/t: [0.00-0.50]0.411(n=6451) [0.50-0.85]0.130(n=5840) [0.85-0.95]0.027(n=489) [0.95-1.00]0.016(n=20)
2026-05-01 01:36:54,571 - INFO - [cond] cfg_signal=0.0484 (min=0.0281 max=0.0805, n=16) | class_signal=0.0599 (min=0.0237 max=0.0881, n=16) | pred_rms=1.0730
2026-05-01 01:37:03,144 - INFO - [validation] saved: output/jit_B8_no_bottleneck_20260430_194526/dit_validation/epoch_041_step_0041000_class072.png (class=72, sampler=heun, steps=100)
2026-05-01 01:37:04,370 - INFO - [overrides] applied from jit/configs/overrides.yaml: lr_scale=1.0 max_grad_norm=5.0 null_repel_weight=0.0 P_mean=0.0
2026-05-01 01:37:04,468 - INFO - [render-loss] step=41000 kept 26/64 samples (t_value >= 0.50)
2026-05-01 01:38:59,651 - INFO - Step   41200 | Epoch  41 | MSE: 0.2716 | Steps/sec: 1.60 | LR: 1.81e-04 | Render_L1: 0.0290 | Alpha_L1: 0.0393 | Render_LPIPS: 0.2213 | cos(c,null): +0.1517 | GradNorm: 0.0854 | MSE/t: [0.00-0.50]0.415(n=6437) [0.50-0.85]0.135(n=5836) [0.85-0.95]0.033(n=510) [0.95-1.00]0.031(n=17)
2026-05-01 01:38:59,753 - INFO - [render-loss] step=41200 kept 38/64 samples (t_value >= 0.50)
2026-05-01 01:40:54,691 - INFO - Step   41400 | Epoch  41 | MSE: 0.2634 | Steps/sec: 1.74 | LR: 1.81e-04 | Render_L1: 0.0270 | Alpha_L1: 0.0348 | Render_LPIPS: 0.2102 | cos(c,null): +0.1524 | GradNorm: 0.0252 | MSE/t: [0.00-0.50]0.408(n=6402) [0.50-0.85]0.127(n=5865) [0.85-0.95]0.026(n=511) [0.95-1.00]0.014(n=22)
2026-05-01 01:40:54,792 - INFO - [render-loss] step=41400 kept 35/64 samples (t_value >= 0.50)
2026-05-01 01:42:50,229 - INFO - Step   41600 | Epoch  41 | MSE: 0.2650 | Steps/sec: 1.73 | LR: 1.81e-04 | Render_L1: 0.0271 | Alpha_L1: 0.0351 | Render_LPIPS: 0.2110 | cos(c,null): +0.1539 | GradNorm: 0.0273 | MSE/t: [0.00-0.50]0.413(n=6357) [0.50-0.85]0.128(n=5920) [0.85-0.95]0.025(n=497) [0.95-1.00]0.013(n=26)
2026-05-01 01:42:50,332 - INFO - [render-loss] step=41600 kept 31/64 samples (t_value >= 0.50)
2026-05-01 01:44:45,847 - INFO - Step   41800 | Epoch  42 | MSE: 0.2609 | Steps/sec: 1.73 | LR: 1.80e-04 | Render_L1: 0.0271 | Alpha_L1: 0.0351 | Render_LPIPS: 0.2105 | cos(c,null): +0.1544 | GradNorm: 0.0237 | MSE/t: [0.00-0.50]0.404(n=6351) [0.50-0.85]0.129(n=5906) [0.85-0.95]0.024(n=519) [0.95-1.00]0.011(n=24)
2026-05-01 01:44:45,950 - INFO - [render-loss] step=41800 kept 34/64 samples (t_value >= 0.50)
2026-05-01 01:46:42,255 - INFO - Step   42000 | Epoch  42 | MSE: 0.2645 | Steps/sec: 1.72 | LR: 1.80e-04 | Render_L1: 0.0266 | Alpha_L1: 0.0345 | Render_LPIPS: 0.2091 | cos(c,null): +0.1512 | GradNorm: 0.0245 | MSE/t: [0.00-0.50]0.415(n=6334) [0.50-0.85]0.126(n=5942) [0.85-0.95]0.025(n=503) [0.95-1.00]0.015(n=21)
2026-05-01 01:46:42,469 - INFO - [cond] cfg_signal=0.0471 (min=0.0287 max=0.0701, n=16) | class_signal=0.0594 (min=0.0217 max=0.0965, n=16) | pred_rms=1.3691
2026-05-01 01:46:50,918 - INFO - [validation] saved: output/jit_B8_no_bottleneck_20260430_194526/dit_validation/epoch_042_step_0042000_class039.png (class=39, sampler=heun, steps=100)
2026-05-01 01:46:52,069 - INFO - [overrides] applied from jit/configs/overrides.yaml: lr_scale=1.0 max_grad_norm=5.0 null_repel_weight=0.0 P_mean=0.0
2026-05-01 01:46:52,167 - INFO - [render-loss] step=42000 kept 28/64 samples (t_value >= 0.50)
2026-05-01 01:48:47,434 - INFO - Step   42200 | Epoch  42 | MSE: 0.2664 | Steps/sec: 1.60 | LR: 1.80e-04 | Render_L1: 0.0268 | Alpha_L1: 0.0350 | Render_LPIPS: 0.2093 | cos(c,null): +0.1509 | GradNorm: 0.0236 | MSE/t: [0.00-0.50]0.410(n=6513) [0.50-0.85]0.127(n=5737) [0.85-0.95]0.025(n=526) [0.95-1.00]0.014(n=24)
2026-05-01 01:48:47,536 - INFO - [render-loss] step=42200 kept 25/64 samples (t_value >= 0.50)
2026-05-01 01:50:42,945 - INFO - Step   42400 | Epoch  42 | MSE: 0.2660 | Steps/sec: 1.73 | LR: 1.80e-04 | Render_L1: 0.0263 | Alpha_L1: 0.0339 | Render_LPIPS: 0.2060 | cos(c,null): +0.1519 | GradNorm: 0.0232 | MSE/t: [0.00-0.50]0.413(n=6431) [0.50-0.85]0.126(n=5827) [0.85-0.95]0.025(n=526) [0.95-1.00]0.014(n=16)
2026-05-01 01:50:43,047 - INFO - [render-loss] step=42400 kept 46/64 samples (t_value >= 0.50)
2026-05-01 01:52:38,614 - INFO - Step   42600 | Epoch  42 | MSE: 0.2623 | Steps/sec: 1.73 | LR: 1.80e-04 | Render_L1: 0.0266 | Alpha_L1: 0.0346 | Render_LPIPS: 0.2077 | cos(c,null): +0.1546 | GradNorm: 0.0238 | MSE/t: [0.00-0.50]0.411(n=6330) [0.50-0.85]0.125(n=5924) [0.85-0.95]0.024(n=524) [0.95-1.00]0.012(n=22)
2026-05-01 01:52:38,717 - INFO - [render-loss] step=42600 kept 27/64 samples (t_value >= 0.50)
2026-05-01 01:54:33,798 - INFO - Step   42800 | Epoch  43 | MSE: 0.2669 | Steps/sec: 1.74 | LR: 1.79e-04 | Render_L1: 0.0269 | Alpha_L1: 0.0345 | Render_LPIPS: 0.2087 | cos(c,null): +0.1557 | GradNorm: 0.0249 | MSE/t: [0.00-0.50]0.412(n=6479) [0.50-0.85]0.127(n=5745) [0.85-0.95]0.024(n=558) [0.95-1.00]0.013(n=18)
2026-05-01 01:54:33,901 - INFO - [render-loss] step=42800 kept 33/64 samples (t_value >= 0.50)
2026-05-01 01:56:29,340 - INFO - Step   43000 | Epoch  43 | MSE: 0.2618 | Steps/sec: 1.73 | LR: 1.79e-04 | Render_L1: 0.0266 | Alpha_L1: 0.0341 | Render_LPIPS: 0.2072 | cos(c,null): +0.1569 | GradNorm: 0.0232 | MSE/t: [0.00-0.50]0.407(n=6362) [0.50-0.85]0.127(n=5924) [0.85-0.95]0.024(n=496) [0.95-1.00]0.013(n=18)
2026-05-01 01:56:29,551 - INFO - [cond] cfg_signal=0.0439 (min=0.0272 max=0.0642, n=16) | class_signal=0.0568 (min=0.0210 max=0.0814, n=16) | pred_rms=1.3246
2026-05-01 01:56:38,004 - INFO - [validation] saved: output/jit_B8_no_bottleneck_20260430_194526/dit_validation/epoch_043_step_0043000_class074.png (class=74, sampler=heun, steps=100)
2026-05-01 01:56:39,158 - INFO - [overrides] applied from jit/configs/overrides.yaml: lr_scale=1.0 max_grad_norm=5.0 null_repel_weight=0.0 P_mean=0.0
2026-05-01 01:56:39,256 - INFO - [render-loss] step=43000 kept 29/64 samples (t_value >= 0.50)
2026-05-01 01:58:34,798 - INFO - Step   43200 | Epoch  43 | MSE: 0.2583 | Steps/sec: 1.60 | LR: 1.79e-04 | Render_L1: 0.0264 | Alpha_L1: 0.0341 | Render_LPIPS: 0.2075 | cos(c,null): +0.1582 | GradNorm: 0.0258 | MSE/t: [0.00-0.50]0.403(n=6285) [0.50-0.85]0.127(n=5981) [0.85-0.95]0.024(n=515) [0.95-1.00]0.013(n=19)
2026-05-01 01:58:34,901 - INFO - [render-loss] step=43200 kept 27/64 samples (t_value >= 0.50)
2026-05-01 02:00:30,226 - INFO - Step   43400 | Epoch  43 | MSE: 0.2642 | Steps/sec: 1.73 | LR: 1.79e-04 | Render_L1: 0.0262 | Alpha_L1: 0.0340 | Render_LPIPS: 0.2061 | cos(c,null): +0.1595 | GradNorm: 0.0240 | MSE/t: [0.00-0.50]0.408(n=6450) [0.50-0.85]0.127(n=5796) [0.85-0.95]0.025(n=533) [0.95-1.00]0.017(n=21)
2026-05-01 02:00:30,328 - INFO - [render-loss] step=43400 kept 33/64 samples (t_value >= 0.50)
2026-05-01 02:02:26,043 - INFO - Step   43600 | Epoch  43 | MSE: 0.2639 | Steps/sec: 1.73 | LR: 1.79e-04 | Render_L1: 0.0268 | Alpha_L1: 0.0350 | Render_LPIPS: 0.2092 | cos(c,null): +0.1597 | GradNorm: 0.0286 | MSE/t: [0.00-0.50]0.407(n=6455) [0.50-0.85]0.127(n=5801) [0.85-0.95]0.025(n=522) [0.95-1.00]0.012(n=22)
2026-05-01 02:02:26,146 - INFO - [render-loss] step=43600 kept 36/64 samples (t_value >= 0.50)
2026-05-01 02:04:21,533 - INFO - Step   43800 | Epoch  44 | MSE: 0.2656 | Steps/sec: 1.73 | LR: 1.78e-04 | Render_L1: 0.0261 | Alpha_L1: 0.0338 | Render_LPIPS: 0.2059 | cos(c,null): +0.1608 | GradNorm: 0.0253 | MSE/t: [0.00-0.50]0.412(n=6433) [0.50-0.85]0.126(n=5826) [0.85-0.95]0.025(n=525) [0.95-1.00]0.011(n=16)
2026-05-01 02:04:21,635 - INFO - [render-loss] step=43800 kept 30/64 samples (t_value >= 0.50)
2026-05-01 02:06:16,927 - INFO - Step   44000 | Epoch  44 | MSE: 0.2643 | Steps/sec: 1.73 | LR: 1.78e-04 | Render_L1: 0.0268 | Alpha_L1: 0.0343 | Render_LPIPS: 0.2091 | cos(c,null): +0.1612 | GradNorm: 0.0269 | MSE/t: [0.00-0.50]0.410(n=6406) [0.50-0.85]0.127(n=5863) [0.85-0.95]0.024(n=509) [0.95-1.00]0.011(n=22)
2026-05-01 02:06:17,148 - INFO - [cond] cfg_signal=0.0443 (min=0.0257 max=0.0709, n=16) | class_signal=0.0575 (min=0.0204 max=0.0843, n=16) | pred_rms=1.2948
2026-05-01 02:06:25,631 - INFO - [validation] saved: output/jit_B8_no_bottleneck_20260430_194526/dit_validation/epoch_044_step_0044000_class041.png (class=41, sampler=heun, steps=100)
2026-05-01 02:06:26,799 - INFO - [overrides] applied from jit/configs/overrides.yaml: lr_scale=1.0 max_grad_norm=5.0 null_repel_weight=0.0 P_mean=0.0
2026-05-01 02:06:26,896 - INFO - [render-loss] step=44000 kept 27/64 samples (t_value >= 0.50)
2026-05-01 02:08:21,920 - INFO - Step   44200 | Epoch  44 | MSE: 0.2634 | Steps/sec: 1.60 | LR: 1.78e-04 | Render_L1: 0.0264 | Alpha_L1: 0.0334 | Render_LPIPS: 0.2072 | cos(c,null): +0.1622 | GradNorm: 0.0239 | MSE/t: [0.00-0.50]0.409(n=6423) [0.50-0.85]0.125(n=5841) [0.85-0.95]0.024(n=508) [0.95-1.00]0.012(n=28)
2026-05-01 02:08:22,024 - INFO - [render-loss] step=44200 kept 33/64 samples (t_value >= 0.50)
2026-05-01 02:10:17,415 - INFO - Step   44400 | Epoch  44 | MSE: 0.2655 | Steps/sec: 1.73 | LR: 1.78e-04 | Render_L1: 0.0266 | Alpha_L1: 0.0345 | Render_LPIPS: 0.2084 | cos(c,null): +0.1645 | GradNorm: 0.0296 | MSE/t: [0.00-0.50]0.415(n=6372) [0.50-0.85]0.127(n=5835) [0.85-0.95]0.025(n=564) [0.95-1.00]0.017(n=29)
2026-05-01 02:10:17,517 - INFO - [render-loss] step=44400 kept 41/64 samples (t_value >= 0.50)
2026-05-01 02:12:13,736 - INFO - Step   44600 | Epoch  44 | MSE: 0.2633 | Steps/sec: 1.72 | LR: 1.78e-04 | Render_L1: 0.0267 | Alpha_L1: 0.0344 | Render_LPIPS: 0.2076 | cos(c,null): +0.1565 | GradNorm: 0.0250 | MSE/t: [0.00-0.50]0.409(n=6332) [0.50-0.85]0.130(n=5943) [0.85-0.95]0.025(n=507) [0.95-1.00]0.013(n=18)
2026-05-01 02:12:13,839 - INFO - [render-loss] step=44600 kept 34/64 samples (t_value >= 0.50)
2026-05-01 02:14:09,737 - INFO - Step   44800 | Epoch  45 | MSE: 0.2651 | Steps/sec: 1.72 | LR: 1.78e-04 | Render_L1: 0.0265 | Alpha_L1: 0.0341 | Render_LPIPS: 0.2081 | cos(c,null): +0.1549 | GradNorm: 0.0260 | MSE/t: [0.00-0.50]0.410(n=6369) [0.50-0.85]0.130(n=5883) [0.85-0.95]0.026(n=528) [0.95-1.00]0.014(n=20)
2026-05-01 02:14:09,839 - INFO - [render-loss] step=44800 kept 37/64 samples (t_value >= 0.50)
2026-05-01 02:16:05,433 - INFO - Step   45000 | Epoch  45 | MSE: 0.2632 | Steps/sec: 1.73 | LR: 1.77e-04 | Render_L1: 0.0267 | Alpha_L1: 0.0342 | Render_LPIPS: 0.2089 | cos(c,null): +0.1520 | GradNorm: 0.0263 | MSE/t: [0.00-0.50]0.409(n=6301) [0.50-0.85]0.130(n=5980) [0.85-0.95]0.025(n=490) [0.95-1.00]0.016(n=29)
2026-05-01 02:16:05,648 - INFO - [cond] cfg_signal=0.0445 (min=0.0283 max=0.0624, n=16) | class_signal=0.0566 (min=0.0196 max=0.0923, n=16) | pred_rms=1.3560
2026-05-01 02:16:14,165 - INFO - [validation] saved: output/jit_B8_no_bottleneck_20260430_194526/dit_validation/epoch_045_step_0045000_class059.png (class=59, sampler=heun, steps=100)
2026-05-01 02:16:15,315 - INFO - [overrides] applied from jit/configs/overrides.yaml: lr_scale=1.0 max_grad_norm=5.0 null_repel_weight=0.0 P_mean=0.0
2026-05-01 02:16:15,412 - INFO - [render-loss] step=45000 kept 22/64 samples (t_value >= 0.50)
2026-05-01 02:18:10,631 - INFO - Step   45200 | Epoch  45 | MSE: 0.2616 | Steps/sec: 1.60 | LR: 1.77e-04 | Render_L1: 0.0265 | Alpha_L1: 0.0341 | Render_LPIPS: 0.2078 | cos(c,null): +0.1552 | GradNorm: 0.0243 | MSE/t: [0.00-0.50]0.403(n=6449) [0.50-0.85]0.126(n=5844) [0.85-0.95]0.023(n=487) [0.95-1.00]0.013(n=20)
2026-05-01 02:18:10,734 - INFO - [render-loss] step=45200 kept 26/64 samples (t_value >= 0.50)
2026-05-01 02:20:05,888 - INFO - Step   45400 | Epoch  45 | MSE: 0.2655 | Steps/sec: 1.74 | LR: 1.77e-04 | Render_L1: 0.0264 | Alpha_L1: 0.0337 | Render_LPIPS: 0.2060 | cos(c,null): +0.1574 | GradNorm: 0.0277 | MSE/t: [0.00-0.50]0.410(n=6479) [0.50-0.85]0.127(n=5752) [0.85-0.95]0.028(n=547) [0.95-1.00]0.013(n=22)
2026-05-01 02:20:05,991 - INFO - [render-loss] step=45400 kept 30/64 samples (t_value >= 0.50)
2026-05-01 02:22:01,434 - INFO - Step   45600 | Epoch  45 | MSE: 0.2658 | Steps/sec: 1.73 | LR: 1.77e-04 | Render_L1: 0.0267 | Alpha_L1: 0.0340 | Render_LPIPS: 0.2074 | cos(c,null): +0.1563 | GradNorm: 0.0273 | MSE/t: [0.00-0.50]0.411(n=6445) [0.50-0.85]0.127(n=5843) [0.85-0.95]0.025(n=489) [0.95-1.00]0.012(n=23)
2026-05-01 02:22:01,538 - INFO - [render-loss] step=45600 kept 34/64 samples (t_value >= 0.50)
2026-05-01 02:23:56,819 - INFO - Step   45800 | Epoch  46 | MSE: 0.2649 | Steps/sec: 1.73 | LR: 1.77e-04 | Render_L1: 0.0263 | Alpha_L1: 0.0336 | Render_LPIPS: 0.2049 | cos(c,null): +0.1550 | GradNorm: 0.0241 | MSE/t: [0.00-0.50]0.407(n=6500) [0.50-0.85]0.126(n=5801) [0.85-0.95]0.024(n=474) [0.95-1.00]0.017(n=25)
2026-05-01 02:23:56,922 - INFO - [render-loss] step=45800 kept 28/64 samples (t_value >= 0.50)
2026-05-01 02:25:51,990 - INFO - Step   46000 | Epoch  46 | MSE: 0.2640 | Steps/sec: 1.74 | LR: 1.76e-04 | Render_L1: 0.0267 | Alpha_L1: 0.0341 | Render_LPIPS: 0.2072 | cos(c,null): +0.1558 | GradNorm: 0.0251 | MSE/t: [0.00-0.50]0.410(n=6389) [0.50-0.85]0.126(n=5927) [0.85-0.95]0.025(n=468) [0.95-1.00]0.011(n=16)
2026-05-01 02:25:52,202 - INFO - [cond] cfg_signal=0.0418 (min=0.0277 max=0.0654, n=16) | class_signal=0.0548 (min=0.0184 max=0.0861, n=16) | pred_rms=1.3252
2026-05-01 02:26:01,059 - INFO - [validation] saved: output/jit_B8_no_bottleneck_20260430_194526/dit_validation/epoch_046_step_0046000_class050.png (class=50, sampler=heun, steps=100)
2026-05-01 02:26:02,283 - INFO - [overrides] applied from jit/configs/overrides.yaml: lr_scale=1.0 max_grad_norm=5.0 null_repel_weight=0.0 P_mean=0.0
2026-05-01 02:26:02,380 - INFO - [render-loss] step=46000 kept 34/64 samples (t_value >= 0.50)
2026-05-01 02:27:57,705 - INFO - Step   46200 | Epoch  46 | MSE: 0.2644 | Steps/sec: 1.59 | LR: 1.76e-04 | Render_L1: 0.0264 | Alpha_L1: 0.0337 | Render_LPIPS: 0.2062 | cos(c,null): +0.1580 | GradNorm: 0.0246 | MSE/t: [0.00-0.50]0.413(n=6350) [0.50-0.85]0.127(n=5891) [0.85-0.95]0.025(n=536) [0.95-1.00]0.016(n=23)
2026-05-01 02:27:57,807 - INFO - [render-loss] step=46200 kept 39/64 samples (t_value >= 0.50)
2026-05-01 02:29:53,017 - INFO - Step   46400 | Epoch  46 | MSE: 0.2684 | Steps/sec: 1.73 | LR: 1.76e-04 | Render_L1: 0.0266 | Alpha_L1: 0.0345 | Render_LPIPS: 0.2071 | cos(c,null): +0.1598 | GradNorm: 0.0269 | MSE/t: [0.00-0.50]0.414(n=6408) [0.50-0.85]0.131(n=5869) [0.85-0.95]0.024(n=501) [0.95-1.00]0.012(n=22)
2026-05-01 02:29:53,120 - INFO - [render-loss] step=46400 kept 32/64 samples (t_value >= 0.50)
2026-05-01 02:31:49,232 - INFO - Step   46600 | Epoch  46 | MSE: 0.2658 | Steps/sec: 1.72 | LR: 1.76e-04 | Render_L1: 0.0265 | Alpha_L1: 0.0337 | Render_LPIPS: 0.2068 | cos(c,null): +0.1637 | GradNorm: 0.0269 | MSE/t: [0.00-0.50]0.415(n=6380) [0.50-0.85]0.126(n=5892) [0.85-0.95]0.025(n=509) [0.95-1.00]0.014(n=19)
2026-05-01 02:31:49,335 - INFO - [render-loss] step=46600 kept 33/64 samples (t_value >= 0.50)
2026-05-01 02:33:44,544 - INFO - Step   46800 | Epoch  47 | MSE: 0.2660 | Steps/sec: 1.73 | LR: 1.76e-04 | Render_L1: 0.0262 | Alpha_L1: 0.0339 | Render_LPIPS: 0.2061 | cos(c,null): +0.1685 | GradNorm: 0.0272 | MSE/t: [0.00-0.50]0.415(n=6389) [0.50-0.85]0.126(n=5865) [0.85-0.95]0.025(n=537) [0.95-1.00]0.013(n=9)
2026-05-01 02:33:44,646 - INFO - [render-loss] step=46800 kept 30/64 samples (t_value >= 0.50)
2026-05-01 02:35:40,189 - INFO - Step   47000 | Epoch  47 | MSE: 0.2630 | Steps/sec: 1.73 | LR: 1.75e-04 | Render_L1: 0.0261 | Alpha_L1: 0.0334 | Render_LPIPS: 0.2048 | cos(c,null): +0.1683 | GradNorm: 0.0276 | MSE/t: [0.00-0.50]0.407(n=6436) [0.50-0.85]0.126(n=5863) [0.85-0.95]0.024(n=476) [0.95-1.00]0.018(n=25)
2026-05-01 02:35:40,398 - INFO - [cond] cfg_signal=0.0421 (min=0.0251 max=0.0647, n=16) | class_signal=0.0564 (min=0.0202 max=0.0887, n=16) | pred_rms=1.3006
2026-05-01 02:35:48,861 - INFO - [validation] saved: output/jit_B8_no_bottleneck_20260430_194526/dit_validation/epoch_047_step_0047000_class090.png (class=90, sampler=heun, steps=100)
2026-05-01 02:35:50,028 - INFO - [overrides] applied from jit/configs/overrides.yaml: lr_scale=1.0 max_grad_norm=5.0 null_repel_weight=0.0 P_mean=0.0
2026-05-01 02:35:50,126 - INFO - [render-loss] step=47000 kept 30/64 samples (t_value >= 0.50)
2026-05-01 02:37:45,021 - INFO - Step   47200 | Epoch  47 | MSE: 0.2615 | Steps/sec: 1.60 | LR: 1.75e-04 | Render_L1: 0.0261 | Alpha_L1: 0.0335 | Render_LPIPS: 0.2047 | cos(c,null): +0.1695 | GradNorm: 0.0276 | MSE/t: [0.00-0.50]0.404(n=6428) [0.50-0.85]0.126(n=5832) [0.85-0.95]0.024(n=519) [0.95-1.00]0.014(n=21)
2026-05-01 02:37:45,124 - INFO - [render-loss] step=47200 kept 30/64 samples (t_value >= 0.50)
2026-05-01 02:39:41,322 - INFO - Step   47400 | Epoch  47 | MSE: 0.2631 | Steps/sec: 1.72 | LR: 1.75e-04 | Render_L1: 0.0262 | Alpha_L1: 0.0335 | Render_LPIPS: 0.2063 | cos(c,null): +0.1702 | GradNorm: 0.0252 | MSE/t: [0.00-0.50]0.408(n=6411) [0.50-0.85]0.126(n=5883) [0.85-0.95]0.026(n=487) [0.95-1.00]0.013(n=19)
2026-05-01 02:39:41,424 - INFO - [render-loss] step=47400 kept 30/64 samples (t_value >= 0.50)
2026-05-01 02:41:36,340 - INFO - Step   47600 | Epoch  47 | MSE: 0.2663 | Steps/sec: 1.74 | LR: 1.75e-04 | Render_L1: 0.0263 | Alpha_L1: 0.0336 | Render_LPIPS: 0.2064 | cos(c,null): +0.1737 | GradNorm: 0.0263 | MSE/t: [0.00-0.50]0.409(n=6527) [0.50-0.85]0.127(n=5717) [0.85-0.95]0.024(n=532) [0.95-1.00]0.015(n=24)
2026-05-01 02:41:36,443 - INFO - [render-loss] step=47600 kept 31/64 samples (t_value >= 0.50)
2026-05-01 02:43:31,579 - INFO - Step   47800 | Epoch  48 | MSE: 0.2693 | Steps/sec: 1.74 | LR: 1.75e-04 | Render_L1: 0.0255 | Alpha_L1: 0.0331 | Render_LPIPS: 0.2030 | cos(c,null): +0.1775 | GradNorm: 0.0256 | MSE/t: [0.00-0.50]0.413(n=6480) [0.50-0.85]0.129(n=5784) [0.85-0.95]0.048(n=522) [0.95-1.00]0.018(n=14)
2026-05-01 02:43:31,680 - INFO - [render-loss] step=47800 kept 28/64 samples (t_value >= 0.50)
2026-05-01 02:45:26,891 - INFO - Step   48000 | Epoch  48 | MSE: 0.2625 | Steps/sec: 1.73 | LR: 1.74e-04 | Render_L1: 0.0259 | Alpha_L1: 0.0334 | Render_LPIPS: 0.2052 | cos(c,null): +0.1785 | GradNorm: 0.0255 | MSE/t: [0.00-0.50]0.410(n=6362) [0.50-0.85]0.125(n=5916) [0.85-0.95]0.024(n=498) [0.95-1.00]0.019(n=24)
2026-05-01 02:45:27,105 - INFO - [cond] cfg_signal=0.0422 (min=0.0255 max=0.0656, n=16) | class_signal=0.0558 (min=0.0203 max=0.0892, n=16) | pred_rms=1.3351
2026-05-01 02:45:35,576 - INFO - [validation] saved: output/jit_B8_no_bottleneck_20260430_194526/dit_validation/epoch_048_step_0048000_class059.png (class=59, sampler=heun, steps=100)
2026-05-01 02:45:36,748 - INFO - [overrides] applied from jit/configs/overrides.yaml: lr_scale=1.0 max_grad_norm=5.0 null_repel_weight=0.0 P_mean=0.0
2026-05-01 02:45:36,846 - INFO - [render-loss] step=48000 kept 33/64 samples (t_value >= 0.50)
2026-05-01 02:47:32,058 - INFO - Step   48200 | Epoch  48 | MSE: 0.2636 | Steps/sec: 1.60 | LR: 1.74e-04 | Render_L1: 0.0265 | Alpha_L1: 0.0335 | Render_LPIPS: 0.2062 | cos(c,null): +0.1817 | GradNorm: 0.0264 | MSE/t: [0.00-0.50]0.411(n=6373) [0.50-0.85]0.126(n=5873) [0.85-0.95]0.025(n=528) [0.95-1.00]0.015(n=26)
2026-05-01 02:47:32,160 - INFO - [render-loss] step=48200 kept 32/64 samples (t_value >= 0.50)
2026-05-01 02:49:27,434 - INFO - Step   48400 | Epoch  48 | MSE: 0.2665 | Steps/sec: 1.73 | LR: 1.74e-04 | Render_L1: 0.0260 | Alpha_L1: 0.0335 | Render_LPIPS: 0.2051 | cos(c,null): +0.1857 | GradNorm: 0.0265 | MSE/t: [0.00-0.50]0.413(n=6431) [0.50-0.85]0.127(n=5848) [0.85-0.95]0.025(n=498) [0.95-1.00]0.015(n=23)
2026-05-01 02:49:27,537 - INFO - [render-loss] step=48400 kept 32/64 samples (t_value >= 0.50)
2026-05-01 02:51:22,737 - INFO - Step   48600 | Epoch  48 | MSE: 0.2649 | Steps/sec: 1.73 | LR: 1.74e-04 | Render_L1: 0.0260 | Alpha_L1: 0.0333 | Render_LPIPS: 0.2044 | cos(c,null): +0.1886 | GradNorm: 0.0251 | MSE/t: [0.00-0.50]0.410(n=6458) [0.50-0.85]0.126(n=5789) [0.85-0.95]0.025(n=529) [0.95-1.00]0.015(n=24)
2026-05-01 02:51:22,840 - INFO - [render-loss] step=48600 kept 30/64 samples (t_value >= 0.50)
2026-05-01 02:53:18,354 - INFO - Step   48800 | Epoch  49 | MSE: 0.2648 | Steps/sec: 1.73 | LR: 1.73e-04 | Render_L1: 0.0260 | Alpha_L1: 0.0332 | Render_LPIPS: 0.2047 | cos(c,null): +0.1903 | GradNorm: 0.0255 | MSE/t: [0.00-0.50]0.410(n=6420) [0.50-0.85]0.127(n=5858) [0.85-0.95]0.025(n=510) [0.95-1.00]0.011(n=12)
2026-05-01 02:53:18,456 - INFO - [render-loss] step=48800 kept 31/64 samples (t_value >= 0.50)
2026-05-01 02:55:13,972 - INFO - Step   49000 | Epoch  49 | MSE: 0.2635 | Steps/sec: 1.73 | LR: 1.73e-04 | Render_L1: 0.0262 | Alpha_L1: 0.0335 | Render_LPIPS: 0.2052 | cos(c,null): +0.1914 | GradNorm: 0.0268 | MSE/t: [0.00-0.50]0.413(n=6313) [0.50-0.85]0.127(n=5960) [0.85-0.95]0.025(n=508) [0.95-1.00]0.016(n=19)
2026-05-01 02:55:14,187 - INFO - [cond] cfg_signal=0.0406 (min=0.0241 max=0.0575, n=16) | class_signal=0.0532 (min=0.0201 max=0.0877, n=16) | pred_rms=1.3128
2026-05-01 02:55:22,679 - INFO - [validation] saved: output/jit_B8_no_bottleneck_20260430_194526/dit_validation/epoch_049_step_0049000_class040.png (class=40, sampler=heun, steps=100)
2026-05-01 02:55:23,899 - INFO - [overrides] applied from jit/configs/overrides.yaml: lr_scale=1.0 max_grad_norm=5.0 null_repel_weight=0.0 P_mean=0.0
2026-05-01 02:55:23,999 - INFO - [render-loss] step=49000 kept 34/64 samples (t_value >= 0.50)
2026-05-01 02:57:19,027 - INFO - Step   49200 | Epoch  49 | MSE: 0.2634 | Steps/sec: 1.60 | LR: 1.73e-04 | Render_L1: 0.0261 | Alpha_L1: 0.0333 | Render_LPIPS: 0.2045 | cos(c,null): +0.1879 | GradNorm: 0.0293 | MSE/t: [0.00-0.50]0.410(n=6377) [0.50-0.85]0.126(n=5921) [0.85-0.95]0.025(n=489) [0.95-1.00]0.016(n=13)
2026-05-01 02:57:19,131 - INFO - [render-loss] step=49200 kept 33/64 samples (t_value >= 0.50)
2026-05-01 02:59:14,577 - INFO - Step   49400 | Epoch  49 | MSE: 0.2678 | Steps/sec: 1.73 | LR: 1.73e-04 | Render_L1: 0.0262 | Alpha_L1: 0.0338 | Render_LPIPS: 0.2061 | cos(c,null): +0.1919 | GradNorm: 0.0524 | MSE/t: [0.00-0.50]0.416(n=6428) [0.50-0.85]0.127(n=5845) [0.85-0.95]0.025(n=505) [0.95-1.00]0.017(n=22)
2026-05-01 02:59:14,679 - INFO - [render-loss] step=49400 kept 40/64 samples (t_value >= 0.50)
2026-05-01 03:01:10,245 - INFO - Step   49600 | Epoch  49 | MSE: 0.2654 | Steps/sec: 1.73 | LR: 1.73e-04 | Render_L1: 0.0259 | Alpha_L1: 0.0328 | Render_LPIPS: 0.2045 | cos(c,null): +0.1972 | GradNorm: 0.0340 | MSE/t: [0.00-0.50]0.412(n=6384) [0.50-0.85]0.127(n=5915) [0.85-0.95]0.025(n=484) [0.95-1.00]0.016(n=17)
2026-05-01 03:01:10,346 - INFO - [render-loss] step=49600 kept 30/64 samples (t_value >= 0.50)
2026-05-01 03:03:06,513 - INFO - Step   49800 | Epoch  50 | MSE: 0.2627 | Steps/sec: 1.72 | LR: 1.72e-04 | Render_L1: 0.0259 | Alpha_L1: 0.0334 | Render_LPIPS: 0.2033 | cos(c,null): +0.1894 | GradNorm: 0.0335 | MSE/t: [0.00-0.50]0.408(n=6404) [0.50-0.85]0.126(n=5849) [0.85-0.95]0.026(n=528) [0.95-1.00]0.014(n=19)
2026-05-01 03:03:06,616 - INFO - [render-loss] step=49800 kept 37/64 samples (t_value >= 0.50)
2026-05-01 03:05:02,204 - INFO - Step   50000 | Epoch  50 | MSE: 0.2656 | Steps/sec: 1.73 | LR: 1.72e-04 | Render_L1: 0.0259 | Alpha_L1: 0.0330 | Render_LPIPS: 0.2033 | cos(c,null): +0.1897 | GradNorm: 0.0292 | MSE/t: [0.00-0.50]0.411(n=6456) [0.50-0.85]0.124(n=5834) [0.85-0.95]0.039(n=481) [0.95-1.00]0.015(n=29)
2026-05-01 03:05:02,418 - INFO - [cond] cfg_signal=0.0382 (min=0.0227 max=0.0575, n=16) | class_signal=0.0516 (min=0.0184 max=0.0807, n=16) | pred_rms=1.2306
2026-05-01 03:05:10,890 - INFO - [validation] saved: output/jit_B8_no_bottleneck_20260430_194526/dit_validation/epoch_050_step_0050000_class069.png (class=69, sampler=heun, steps=100)
2026-05-01 03:05:12,084 - INFO - [overrides] applied from jit/configs/overrides.yaml: lr_scale=1.0 max_grad_norm=5.0 null_repel_weight=0.0 P_mean=0.0
2026-05-01 03:05:12,182 - INFO - [render-loss] step=50000 kept 34/64 samples (t_value >= 0.50)
2026-05-01 03:07:08,292 - INFO - Step   50200 | Epoch  50 | MSE: 0.2654 | Steps/sec: 1.59 | LR: 1.72e-04 | Render_L1: 0.0260 | Alpha_L1: 0.0332 | Render_LPIPS: 0.2046 | cos(c,null): +0.1927 | GradNorm: 0.0282 | MSE/t: [0.00-0.50]0.414(n=6349) [0.50-0.85]0.127(n=5944) [0.85-0.95]0.025(n=495) [0.95-1.00]0.017(n=12)
2026-05-01 03:07:08,395 - INFO - [render-loss] step=50200 kept 31/64 samples (t_value >= 0.50)
2026-05-01 03:09:03,734 - INFO - Step   50400 | Epoch  50 | MSE: 0.2652 | Steps/sec: 1.73 | LR: 1.72e-04 | Render_L1: 0.0260 | Alpha_L1: 0.0329 | Render_LPIPS: 0.2051 | cos(c,null): +0.1937 | GradNorm: 0.0259 | MSE/t: [0.00-0.50]0.411(n=6431) [0.50-0.85]0.126(n=5847) [0.85-0.95]0.024(n=502) [0.95-1.00]0.017(n=20)
2026-05-01 03:09:03,837 - INFO - [render-loss] step=50400 kept 29/64 samples (t_value >= 0.50)
2026-05-01 03:10:58,787 - INFO - Step   50600 | Epoch  50 | MSE: 0.2649 | Steps/sec: 1.74 | LR: 1.72e-04 | Render_L1: 0.0260 | Alpha_L1: 0.0329 | Render_LPIPS: 0.2041 | cos(c,null): +0.1940 | GradNorm: 0.0279 | MSE/t: [0.00-0.50]0.410(n=6459) [0.50-0.85]0.126(n=5787) [0.85-0.95]0.025(n=533) [0.95-1.00]0.014(n=21)
2026-05-01 03:10:58,891 - INFO - [render-loss] step=50600 kept 32/64 samples (t_value >= 0.50)
2026-05-01 03:12:54,046 - INFO - Step   50800 | Epoch  51 | MSE: 0.2628 | Steps/sec: 1.74 | LR: 1.71e-04 | Render_L1: 0.0262 | Alpha_L1: 0.0332 | Render_LPIPS: 0.2046 | cos(c,null): +0.1924 | GradNorm: 0.0326 | MSE/t: [0.00-0.50]0.407(n=6404) [0.50-0.85]0.127(n=5887) [0.85-0.95]0.025(n=490) [0.95-1.00]0.010(n=19)
2026-05-01 03:12:54,149 - INFO - [render-loss] step=50800 kept 32/64 samples (t_value >= 0.50)
2026-05-01 03:14:49,597 - INFO - Step   51000 | Epoch  51 | MSE: 0.2632 | Steps/sec: 1.73 | LR: 1.71e-04 | Render_L1: 0.0260 | Alpha_L1: 0.0329 | Render_LPIPS: 0.2041 | cos(c,null): +0.1989 | GradNorm: 0.0315 | MSE/t: [0.00-0.50]0.410(n=6375) [0.50-0.85]0.127(n=5862) [0.85-0.95]0.025(n=546) [0.95-1.00]0.016(n=17)
2026-05-01 03:14:49,809 - INFO - [cond] cfg_signal=0.0378 (min=0.0215 max=0.0533, n=16) | class_signal=0.0509 (min=0.0189 max=0.0791, n=16) | pred_rms=1.2503
2026-05-01 03:14:58,334 - INFO - [validation] saved: output/jit_B8_no_bottleneck_20260430_194526/dit_validation/epoch_051_step_0051000_class030.png (class=30, sampler=heun, steps=100)
2026-05-01 03:14:59,513 - INFO - [overrides] applied from jit/configs/overrides.yaml: lr_scale=1.0 max_grad_norm=5.0 null_repel_weight=0.0 P_mean=0.0
2026-05-01 03:14:59,611 - INFO - [render-loss] step=51000 kept 29/64 samples (t_value >= 0.50)
2026-05-01 03:16:54,719 - INFO - Step   51200 | Epoch  51 | MSE: 0.2639 | Steps/sec: 1.60 | LR: 1.71e-04 | Render_L1: 0.0258 | Alpha_L1: 0.0330 | Render_LPIPS: 0.2027 | cos(c,null): +0.2033 | GradNorm: 0.0255 | MSE/t: [0.00-0.50]0.411(n=6409) [0.50-0.85]0.125(n=5839) [0.85-0.95]0.024(n=527) [0.95-1.00]0.012(n=25)
2026-05-01 03:16:54,820 - INFO - [render-loss] step=51200 kept 32/64 samples (t_value >= 0.50)
2026-05-01 03:18:50,165 - INFO - Step   51400 | Epoch  51 | MSE: 0.2638 | Steps/sec: 1.73 | LR: 1.71e-04 | Render_L1: 0.0259 | Alpha_L1: 0.0329 | Render_LPIPS: 0.2031 | cos(c,null): +0.2055 | GradNorm: 0.0287 | MSE/t: [0.00-0.50]0.410(n=6378) [0.50-0.85]0.127(n=5897) [0.85-0.95]0.025(n=503) [0.95-1.00]0.014(n=22)
2026-05-01 03:18:50,269 - INFO - [render-loss] step=51400 kept 32/64 samples (t_value >= 0.50)
2026-05-01 03:20:45,643 - INFO - Step   51600 | Epoch  51 | MSE: 0.2643 | Steps/sec: 1.73 | LR: 1.70e-04 | Render_L1: 0.0258 | Alpha_L1: 0.0326 | Render_LPIPS: 0.2032 | cos(c,null): +0.2027 | GradNorm: 0.0274 | MSE/t: [0.00-0.50]0.410(n=6432) [0.50-0.85]0.126(n=5813) [0.85-0.95]0.024(n=538) [0.95-1.00]0.013(n=17)
2026-05-01 03:20:45,745 - INFO - [render-loss] step=51600 kept 34/64 samples (t_value >= 0.50)
2026-05-01 03:22:41,284 - INFO - Step   51800 | Epoch  52 | MSE: 0.2631 | Steps/sec: 1.73 | LR: 1.70e-04 | Render_L1: 0.0260 | Alpha_L1: 0.0326 | Render_LPIPS: 0.2036 | cos(c,null): +0.2040 | GradNorm: 0.0281 | MSE/t: [0.00-0.50]0.408(n=6374) [0.50-0.85]0.127(n=5949) [0.85-0.95]0.028(n=459) [0.95-1.00]0.018(n=18)
2026-05-01 03:22:41,387 - INFO - [render-loss] step=51800 kept 29/64 samples (t_value >= 0.50)
2026-05-01 03:24:36,945 - INFO - Step   52000 | Epoch  52 | MSE: 0.2600 | Steps/sec: 1.73 | LR: 1.70e-04 | Render_L1: 0.0260 | Alpha_L1: 0.0329 | Render_LPIPS: 0.2036 | cos(c,null): +0.2034 | GradNorm: 0.0268 | MSE/t: [0.00-0.50]0.405(n=6315) [0.50-0.85]0.127(n=5947) [0.85-0.95]0.025(n=522) [0.95-1.00]0.013(n=16)
2026-05-01 03:24:37,161 - INFO - [cond] cfg_signal=0.0403 (min=0.0241 max=0.0625, n=16) | class_signal=0.0557 (min=0.0211 max=0.0893, n=16) | pred_rms=1.2803
2026-05-01 03:24:45,674 - INFO - [validation] saved: output/jit_B8_no_bottleneck_20260430_194526/dit_validation/epoch_052_step_0052000_class058.png (class=58, sampler=heun, steps=100)
2026-05-01 03:24:46,846 - INFO - [overrides] applied from jit/configs/overrides.yaml: lr_scale=1.0 max_grad_norm=5.0 null_repel_weight=0.0 P_mean=0.0
2026-05-01 03:24:46,943 - INFO - [render-loss] step=52000 kept 34/64 samples (t_value >= 0.50)
2026-05-01 03:26:41,965 - INFO - Step   52200 | Epoch  52 | MSE: 0.2638 | Steps/sec: 1.60 | LR: 1.70e-04 | Render_L1: 0.0255 | Alpha_L1: 0.0323 | Render_LPIPS: 0.2022 | cos(c,null): +0.2074 | GradNorm: 0.0268 | MSE/t: [0.00-0.50]0.408(n=6443) [0.50-0.85]0.126(n=5853) [0.85-0.95]0.026(n=486) [0.95-1.00]0.011(n=18)
2026-05-01 03:26:42,068 - INFO - [render-loss] step=52200 kept 28/64 samples (t_value >= 0.50)
2026-05-01 03:28:37,058 - INFO - Step   52400 | Epoch  52 | MSE: 0.2672 | Steps/sec: 1.74 | LR: 1.70e-04 | Render_L1: 0.0258 | Alpha_L1: 0.0322 | Render_LPIPS: 0.2017 | cos(c,null): +0.2112 | GradNorm: 0.0290 | MSE/t: [0.00-0.50]0.417(n=6402) [0.50-0.85]0.126(n=5817) [0.85-0.95]0.025(n=558) [0.95-1.00]0.015(n=23)
2026-05-01 03:28:37,161 - INFO - [render-loss] step=52400 kept 35/64 samples (t_value >= 0.50)
2026-05-01 03:30:33,139 - INFO - Step   52600 | Epoch  52 | MSE: 0.2618 | Steps/sec: 1.72 | LR: 1.69e-04 | Render_L1: 0.0256 | Alpha_L1: 0.0324 | Render_LPIPS: 0.2024 | cos(c,null): +0.2152 | GradNorm: 0.0272 | MSE/t: [0.00-0.50]0.407(n=6366) [0.50-0.85]0.127(n=5863) [0.85-0.95]0.024(n=550) [0.95-1.00]0.012(n=21)
2026-05-01 03:30:33,241 - INFO - [render-loss] step=52600 kept 34/64 samples (t_value >= 0.50)
2026-05-01 03:32:29,404 - INFO - Step   52800 | Epoch  53 | MSE: 0.2638 | Steps/sec: 1.72 | LR: 1.69e-04 | Render_L1: 0.0261 | Alpha_L1: 0.0327 | Render_LPIPS: 0.2038 | cos(c,null): +0.2174 | GradNorm: 0.0277 | MSE/t: [0.00-0.50]0.406(n=6460) [0.50-0.85]0.127(n=5822) [0.85-0.95]0.025(n=501) [0.95-1.00]0.014(n=17)
2026-05-01 03:32:29,506 - INFO - [render-loss] step=52800 kept 31/64 samples (t_value >= 0.50)
2026-05-01 03:34:24,379 - INFO - Step   53000 | Epoch  53 | MSE: 0.2683 | Steps/sec: 1.74 | LR: 1.69e-04 | Render_L1: 0.0259 | Alpha_L1: 0.0328 | Render_LPIPS: 0.2024 | cos(c,null): +0.2198 | GradNorm: 0.0294 | MSE/t: [0.00-0.50]0.414(n=6497) [0.50-0.85]0.126(n=5800) [0.85-0.95]0.025(n=484) [0.95-1.00]0.011(n=19)
2026-05-01 03:34:24,594 - INFO - [cond] cfg_signal=0.0394 (min=0.0222 max=0.0628, n=16) | class_signal=0.0536 (min=0.0187 max=0.0942, n=16) | pred_rms=1.2539
2026-05-01 03:34:33,109 - INFO - [validation] saved: output/jit_B8_no_bottleneck_20260430_194526/dit_validation/epoch_053_step_0053000_class007.png (class=7, sampler=heun, steps=100)
2026-05-01 03:34:34,295 - INFO - [overrides] applied from jit/configs/overrides.yaml: lr_scale=1.0 max_grad_norm=5.0 null_repel_weight=0.0 P_mean=0.0
2026-05-01 03:34:34,392 - INFO - [render-loss] step=53000 kept 30/64 samples (t_value >= 0.50)
2026-05-01 03:36:29,879 - INFO - Step   53200 | Epoch  53 | MSE: 0.2640 | Steps/sec: 1.60 | LR: 1.69e-04 | Render_L1: 0.0259 | Alpha_L1: 0.0324 | Render_LPIPS: 0.2015 | cos(c,null): +0.2189 | GradNorm: 0.0269 | MSE/t: [0.00-0.50]0.411(n=6402) [0.50-0.85]0.126(n=5847) [0.85-0.95]0.024(n=535) [0.95-1.00]0.016(n=16)
2026-05-01 03:36:29,980 - INFO - [render-loss] step=53200 kept 30/64 samples (t_value >= 0.50)
2026-05-01 03:38:25,307 - INFO - Step   53400 | Epoch  53 | MSE: 0.2620 | Steps/sec: 1.73 | LR: 1.68e-04 | Render_L1: 0.0259 | Alpha_L1: 0.0323 | Render_LPIPS: 0.2028 | cos(c,null): +0.2163 | GradNorm: 0.0286 | MSE/t: [0.00-0.50]0.406(n=6373) [0.50-0.85]0.127(n=5915) [0.85-0.95]0.023(n=486) [0.95-1.00]0.014(n=26)
2026-05-01 03:38:25,409 - INFO - [render-loss] step=53400 kept 39/64 samples (t_value >= 0.50)
2026-05-01 03:40:21,061 - INFO - Step   53600 | Epoch  53 | MSE: 0.2644 | Steps/sec: 1.73 | LR: 1.68e-04 | Render_L1: 0.0255 | Alpha_L1: 0.0322 | Render_LPIPS: 0.2019 | cos(c,null): +0.2188 | GradNorm: 0.0273 | MSE/t: [0.00-0.50]0.411(n=6405) [0.50-0.85]0.126(n=5864) [0.85-0.95]0.024(n=518) [0.95-1.00]0.013(n=13)
2026-05-01 03:40:21,163 - INFO - [render-loss] step=53600 kept 39/64 samples (t_value >= 0.50)
2026-05-01 03:42:16,971 - INFO - Step   53800 | Epoch  54 | MSE: 0.2617 | Steps/sec: 1.73 | LR: 1.68e-04 | Render_L1: 0.0258 | Alpha_L1: 0.0326 | Render_LPIPS: 0.2034 | cos(c,null): +0.2222 | GradNorm: 0.0293 | MSE/t: [0.00-0.50]0.409(n=6341) [0.50-0.85]0.126(n=5905) [0.85-0.95]0.025(n=536) [0.95-1.00]0.018(n=18)
2026-05-01 03:42:17,074 - INFO - [render-loss] step=53800 kept 42/64 samples (t_value >= 0.50)
2026-05-01 03:44:12,357 - INFO - Step   54000 | Epoch  54 | MSE: 0.2618 | Steps/sec: 1.73 | LR: 1.68e-04 | Render_L1: 0.0254 | Alpha_L1: 0.0319 | Render_LPIPS: 0.1996 | cos(c,null): +0.2264 | GradNorm: 0.0272 | MSE/t: [0.00-0.50]0.405(n=6388) [0.50-0.85]0.127(n=5881) [0.85-0.95]0.024(n=505) [0.95-1.00]0.018(n=26)
2026-05-01 03:44:12,570 - INFO - [cond] cfg_signal=0.0404 (min=0.0238 max=0.0574, n=16) | class_signal=0.0531 (min=0.0216 max=0.0898, n=16) | pred_rms=1.2963
2026-05-01 03:44:21,030 - INFO - [validation] saved: output/jit_B8_no_bottleneck_20260430_194526/dit_validation/epoch_054_step_0054000_class013.png (class=13, sampler=heun, steps=100)
2026-05-01 03:44:22,218 - INFO - [overrides] applied from jit/configs/overrides.yaml: lr_scale=1.0 max_grad_norm=5.0 null_repel_weight=0.0 P_mean=0.0
2026-05-01 03:44:22,315 - INFO - [render-loss] step=54000 kept 28/64 samples (t_value >= 0.50)
2026-05-01 03:46:17,801 - INFO - Step   54200 | Epoch  54 | MSE: 0.2615 | Steps/sec: 1.60 | LR: 1.68e-04 | Render_L1: 0.0260 | Alpha_L1: 0.0331 | Render_LPIPS: 0.2042 | cos(c,null): +0.2295 | GradNorm: 0.1112 | MSE/t: [0.00-0.50]0.408(n=6309) [0.50-0.85]0.128(n=5941) [0.85-0.95]0.028(n=530) [0.95-1.00]0.014(n=20)
2026-05-01 03:46:17,903 - INFO - [render-loss] step=54200 kept 29/64 samples (t_value >= 0.50)
2026-05-01 03:48:13,078 - INFO - Step   54400 | Epoch  54 | MSE: 0.2614 | Steps/sec: 1.73 | LR: 1.67e-04 | Render_L1: 0.0256 | Alpha_L1: 0.0322 | Render_LPIPS: 0.2019 | cos(c,null): +0.2280 | GradNorm: 0.0303 | MSE/t: [0.00-0.50]0.407(n=6351) [0.50-0.85]0.126(n=5939) [0.85-0.95]0.026(n=494) [0.95-1.00]0.010(n=16)
2026-05-01 03:48:13,180 - INFO - [render-loss] step=54400 kept 30/64 samples (t_value >= 0.50)
2026-05-01 03:50:08,754 - INFO - Step   54600 | Epoch  54 | MSE: 0.2598 | Steps/sec: 1.73 | LR: 1.67e-04 | Render_L1: 0.0255 | Alpha_L1: 0.0321 | Render_LPIPS: 0.2017 | cos(c,null): +0.2241 | GradNorm: 0.0298 | MSE/t: [0.00-0.50]0.405(n=6296) [0.50-0.85]0.127(n=5989) [0.85-0.95]0.025(n=493) [0.95-1.00]0.016(n=22)
2026-05-01 03:50:08,857 - INFO - [render-loss] step=54600 kept 32/64 samples (t_value >= 0.50)
2026-05-01 03:52:04,527 - INFO - Step   54800 | Epoch  55 | MSE: 0.2653 | Steps/sec: 1.73 | LR: 1.67e-04 | Render_L1: 0.0257 | Alpha_L1: 0.0323 | Render_LPIPS: 0.2019 | cos(c,null): +0.2225 | GradNorm: 0.0293 | MSE/t: [0.00-0.50]0.413(n=6374) [0.50-0.85]0.127(n=5899) [0.85-0.95]0.025(n=512) [0.95-1.00]0.017(n=15)
2026-05-01 03:52:04,629 - INFO - [render-loss] step=54800 kept 29/64 samples (t_value >= 0.50)
2026-05-01 03:53:59,567 - INFO - Step   55000 | Epoch  55 | MSE: 0.2636 | Steps/sec: 1.74 | LR: 1.67e-04 | Render_L1: 0.0257 | Alpha_L1: 0.0323 | Render_LPIPS: 0.2018 | cos(c,null): +0.2208 | GradNorm: 0.0304 | MSE/t: [0.00-0.50]0.408(n=6450) [0.50-0.85]0.125(n=5848) [0.85-0.95]0.025(n=485) [0.95-1.00]0.019(n=17)
2026-05-01 03:53:59,777 - INFO - [cond] cfg_signal=0.0389 (min=0.0227 max=0.0549, n=16) | class_signal=0.0518 (min=0.0190 max=0.0799, n=16) | pred_rms=1.2741
2026-05-01 03:54:08,233 - INFO - [validation] saved: output/jit_B8_no_bottleneck_20260430_194526/dit_validation/epoch_055_step_0055000_class020.png (class=20, sampler=heun, steps=100)
2026-05-01 03:54:09,427 - INFO - [overrides] applied from jit/configs/overrides.yaml: lr_scale=1.0 max_grad_norm=5.0 null_repel_weight=0.0 P_mean=0.0
2026-05-01 03:54:09,526 - INFO - [render-loss] step=55000 kept 36/64 samples (t_value >= 0.50)
2026-05-01 03:56:04,649 - INFO - Step   55200 | Epoch  55 | MSE: 0.2645 | Steps/sec: 1.60 | LR: 1.66e-04 | Render_L1: 0.0250 | Alpha_L1: 0.0317 | Render_LPIPS: 0.1994 | cos(c,null): +0.2198 | GradNorm: 0.0295 | MSE/t: [0.00-0.50]0.412(n=6366) [0.50-0.85]0.126(n=5924) [0.85-0.95]0.025(n=493) [0.95-1.00]0.012(n=17)
2026-05-01 03:56:04,752 - INFO - [render-loss] step=55200 kept 35/64 samples (t_value >= 0.50)
2026-05-01 03:58:00,989 - INFO - Step   55400 | Epoch  55 | MSE: 0.2651 | Steps/sec: 1.72 | LR: 1.66e-04 | Render_L1: 0.0252 | Alpha_L1: 0.0319 | Render_LPIPS: 0.2013 | cos(c,null): +0.2188 | GradNorm: 0.0302 | MSE/t: [0.00-0.50]0.410(n=6449) [0.50-0.85]0.126(n=5858) [0.85-0.95]0.026(n=469) [0.95-1.00]0.011(n=24)
2026-05-01 03:58:01,091 - INFO - [render-loss] step=55400 kept 25/64 samples (t_value >= 0.50)
2026-05-01 03:59:56,690 - INFO - Step   55600 | Epoch  55 | MSE: 0.2663 | Steps/sec: 1.73 | LR: 1.66e-04 | Render_L1: 0.0257 | Alpha_L1: 0.0316 | Render_LPIPS: 0.2010 | cos(c,null): +0.2208 | GradNorm: 0.0290 | MSE/t: [0.00-0.50]0.414(n=6456) [0.50-0.85]0.125(n=5785) [0.85-0.95]0.026(n=539) [0.95-1.00]0.014(n=20)
2026-05-01 03:59:56,792 - INFO - [render-loss] step=55600 kept 28/64 samples (t_value >= 0.50)
2026-05-01 04:01:52,646 - INFO - Step   55800 | Epoch  56 | MSE: 0.2647 | Steps/sec: 1.72 | LR: 1.66e-04 | Render_L1: 0.0256 | Alpha_L1: 0.0322 | Render_LPIPS: 0.2026 | cos(c,null): +0.2222 | GradNorm: 0.0306 | MSE/t: [0.00-0.50]0.411(n=6412) [0.50-0.85]0.126(n=5845) [0.85-0.95]0.025(n=527) [0.95-1.00]0.015(n=16)
2026-05-01 04:01:52,749 - INFO - [render-loss] step=55800 kept 31/64 samples (t_value >= 0.50)
2026-05-01 04:03:48,041 - INFO - Step   56000 | Epoch  56 | MSE: 0.2620 | Steps/sec: 1.73 | LR: 1.66e-04 | Render_L1: 0.0256 | Alpha_L1: 0.0323 | Render_LPIPS: 0.2011 | cos(c,null): +0.2242 | GradNorm: 0.0320 | MSE/t: [0.00-0.50]0.406(n=6383) [0.50-0.85]0.127(n=5890) [0.85-0.95]0.026(n=508) [0.95-1.00]0.013(n=19)
2026-05-01 04:03:48,249 - INFO - [cond] cfg_signal=0.0372 (min=0.0212 max=0.0571, n=16) | class_signal=0.0486 (min=0.0175 max=0.0729, n=16) | pred_rms=1.2250
2026-05-01 04:03:56,798 - INFO - [validation] saved: output/jit_B8_no_bottleneck_20260430_194526/dit_validation/epoch_056_step_0056000_class002.png (class=2, sampler=heun, steps=100)
2026-05-01 04:03:57,999 - INFO - [overrides] applied from jit/configs/overrides.yaml: lr_scale=1.0 max_grad_norm=5.0 null_repel_weight=0.0 P_mean=0.0
2026-05-01 04:03:58,096 - INFO - [render-loss] step=56000 kept 35/64 samples (t_value >= 0.50)
2026-05-01 04:05:53,524 - INFO - Step   56200 | Epoch  56 | MSE: 0.2637 | Steps/sec: 1.60 | LR: 1.65e-04 | Render_L1: 0.0257 | Alpha_L1: 0.0321 | Render_LPIPS: 0.2022 | cos(c,null): +0.2244 | GradNorm: 0.0312 | MSE/t: [0.00-0.50]0.411(n=6347) [0.50-0.85]0.126(n=5943) [0.85-0.95]0.029(n=488) [0.95-1.00]0.018(n=22)
2026-05-01 04:05:53,627 - INFO - [render-loss] step=56200 kept 29/64 samples (t_value >= 0.50)
2026-05-01 04:07:48,746 - INFO - Step   56400 | Epoch  56 | MSE: 0.2615 | Steps/sec: 1.74 | LR: 1.65e-04 | Render_L1: 0.0252 | Alpha_L1: 0.0321 | Render_LPIPS: 0.2013 | cos(c,null): +0.2216 | GradNorm: 0.0290 | MSE/t: [0.00-0.50]0.406(n=6378) [0.50-0.85]0.127(n=5862) [0.85-0.95]0.025(n=536) [0.95-1.00]0.017(n=24)
2026-05-01 04:07:48,849 - INFO - [render-loss] step=56400 kept 31/64 samples (t_value >= 0.50)
2026-05-01 04:09:44,243 - INFO - Step   56600 | Epoch  56 | MSE: 0.2624 | Steps/sec: 1.73 | LR: 1.65e-04 | Render_L1: 0.0254 | Alpha_L1: 0.0319 | Render_LPIPS: 0.2004 | cos(c,null): +0.2272 | GradNorm: 0.0386 | MSE/t: [0.00-0.50]0.406(n=6415) [0.50-0.85]0.127(n=5848) [0.85-0.95]0.026(n=517) [0.95-1.00]0.016(n=20)
2026-05-01 04:09:44,345 - INFO - [render-loss] step=56600 kept 36/64 samples (t_value >= 0.50)
2026-05-01 04:11:39,838 - INFO - Step   56800 | Epoch  57 | MSE: 0.2632 | Steps/sec: 1.73 | LR: 1.65e-04 | Render_L1: 0.0254 | Alpha_L1: 0.0320 | Render_LPIPS: 0.2006 | cos(c,null): +0.2289 | GradNorm: 0.0281 | MSE/t: [0.00-0.50]0.410(n=6388) [0.50-0.85]0.126(n=5861) [0.85-0.95]0.025(n=540) [0.95-1.00]0.011(n=11)
2026-05-01 04:11:39,940 - INFO - [render-loss] step=56800 kept 35/64 samples (t_value >= 0.50)
2026-05-01 04:13:35,202 - INFO - Step   57000 | Epoch  57 | MSE: 0.2622 | Steps/sec: 1.73 | LR: 1.64e-04 | Render_L1: 0.0249 | Alpha_L1: 0.0313 | Render_LPIPS: 0.1992 | cos(c,null): +0.2300 | GradNorm: 0.0309 | MSE/t: [0.00-0.50]0.409(n=6358) [0.50-0.85]0.125(n=5928) [0.85-0.95]0.025(n=495) [0.95-1.00]0.019(n=19)
2026-05-01 04:13:35,418 - INFO - [cond] cfg_signal=0.0388 (min=0.0205 max=0.0533, n=16) | class_signal=0.0510 (min=0.0187 max=0.0821, n=16) | pred_rms=1.3451
2026-05-01 04:13:43,828 - INFO - [validation] saved: output/jit_B8_no_bottleneck_20260430_194526/dit_validation/epoch_057_step_0057000_class053.png (class=53, sampler=heun, steps=100)
2026-05-01 04:13:45,030 - INFO - [overrides] applied from jit/configs/overrides.yaml: lr_scale=1.0 max_grad_norm=5.0 null_repel_weight=0.0 P_mean=0.0
2026-05-01 04:13:45,128 - INFO - [render-loss] step=57000 kept 39/64 samples (t_value >= 0.50)
2026-05-01 04:15:40,153 - INFO - Step   57200 | Epoch  57 | MSE: 0.2619 | Steps/sec: 1.60 | LR: 1.64e-04 | Render_L1: 0.0253 | Alpha_L1: 0.0317 | Render_LPIPS: 0.1992 | cos(c,null): +0.2315 | GradNorm: 0.0311 | MSE/t: [0.00-0.50]0.406(n=6398) [0.50-0.85]0.126(n=5898) [0.85-0.95]0.024(n=485) [0.95-1.00]0.012(n=19)
2026-05-01 04:15:40,257 - INFO - [render-loss] step=57200 kept 27/64 samples (t_value >= 0.50)
2026-05-01 04:17:35,839 - INFO - Step   57400 | Epoch  57 | MSE: 0.2636 | Steps/sec: 1.73 | LR: 1.64e-04 | Render_L1: 0.0253 | Alpha_L1: 0.0322 | Render_LPIPS: 0.2009 | cos(c,null): +0.2329 | GradNorm: 0.0378 | MSE/t: [0.00-0.50]0.409(n=6372) [0.50-0.85]0.127(n=5921) [0.85-0.95]0.026(n=483) [0.95-1.00]0.016(n=24)
2026-05-01 04:17:35,941 - INFO - [render-loss] step=57400 kept 36/64 samples (t_value >= 0.50)
2026-05-01 04:19:31,515 - INFO - Step   57600 | Epoch  58 | MSE: 0.2674 | Steps/sec: 1.73 | LR: 1.64e-04 | Render_L1: 0.0261 | Alpha_L1: 0.0328 | Render_LPIPS: 0.2043 | cos(c,null): +0.2314 | GradNorm: 0.0558 | MSE/t: [0.00-0.50]0.411(n=6410) [0.50-0.85]0.132(n=5892) [0.85-0.95]0.027(n=475) [0.95-1.00]0.018(n=23)
2026-05-01 04:19:31,618 - INFO - [render-loss] step=57600 kept 37/64 samples (t_value >= 0.50)
2026-05-01 04:21:26,620 - INFO - Step   57800 | Epoch  58 | MSE: 0.2674 | Steps/sec: 1.74 | LR: 1.63e-04 | Render_L1: 0.0256 | Alpha_L1: 0.0328 | Render_LPIPS: 0.2022 | cos(c,null): +0.2385 | GradNorm: 0.0415 | MSE/t: [0.00-0.50]0.409(n=6548) [0.50-0.85]0.128(n=5747) [0.85-0.95]0.025(n=490) [0.95-1.00]0.017(n=15)
2026-05-01 04:21:26,722 - INFO - [render-loss] step=57800 kept 31/64 samples (t_value >= 0.50)
2026-05-01 04:23:23,074 - INFO - Step   58000 | Epoch  58 | MSE: 0.2623 | Steps/sec: 1.72 | LR: 1.63e-04 | Render_L1: 0.0258 | Alpha_L1: 0.0324 | Render_LPIPS: 0.2025 | cos(c,null): +0.2364 | GradNorm: 0.0319 | MSE/t: [0.00-0.50]0.409(n=6352) [0.50-0.85]0.126(n=5938) [0.85-0.95]0.026(n=496) [0.95-1.00]0.018(n=14)
2026-05-01 04:23:23,283 - INFO - [cond] cfg_signal=0.0375 (min=0.0222 max=0.0521, n=16) | class_signal=0.0497 (min=0.0190 max=0.0756, n=16) | pred_rms=1.3331
2026-05-01 04:23:31,630 - INFO - [validation] saved: output/jit_B8_no_bottleneck_20260430_194526/dit_validation/epoch_058_step_0058000_class050.png (class=50, sampler=heun, steps=100)
2026-05-01 04:23:32,835 - INFO - [overrides] applied from jit/configs/overrides.yaml: lr_scale=1.0 max_grad_norm=5.0 null_repel_weight=0.0 P_mean=0.0
2026-05-01 04:23:32,933 - INFO - [render-loss] step=58000 kept 31/64 samples (t_value >= 0.50)
2026-05-01 04:25:28,862 - INFO - Step   58200 | Epoch  58 | MSE: 0.2619 | Steps/sec: 1.59 | LR: 1.63e-04 | Render_L1: 0.0250 | Alpha_L1: 0.0313 | Render_LPIPS: 0.1991 | cos(c,null): +0.2363 | GradNorm: 0.0289 | MSE/t: [0.00-0.50]0.406(n=6398) [0.50-0.85]0.126(n=5896) [0.85-0.95]0.025(n=487) [0.95-1.00]0.014(n=19)
2026-05-01 04:25:28,966 - INFO - [render-loss] step=58200 kept 31/64 samples (t_value >= 0.50)
2026-05-01 04:27:24,436 - INFO - Step   58400 | Epoch  58 | MSE: 0.2625 | Steps/sec: 1.73 | LR: 1.63e-04 | Render_L1: 0.0253 | Alpha_L1: 0.0316 | Render_LPIPS: 0.1997 | cos(c,null): +0.2369 | GradNorm: 0.0297 | MSE/t: [0.00-0.50]0.409(n=6366) [0.50-0.85]0.126(n=5906) [0.85-0.95]0.025(n=507) [0.95-1.00]0.017(n=21)
2026-05-01 04:27:24,539 - INFO - [render-loss] step=58400 kept 27/64 samples (t_value >= 0.50)
2026-05-01 04:29:19,972 - INFO - Step   58600 | Epoch  59 | MSE: 0.2616 | Steps/sec: 1.73 | LR: 1.62e-04 | Render_L1: 0.0252 | Alpha_L1: 0.0317 | Render_LPIPS: 0.1992 | cos(c,null): +0.2363 | GradNorm: 0.0301 | MSE/t: [0.00-0.50]0.405(n=6402) [0.50-0.85]0.126(n=5869) [0.85-0.95]0.025(n=501) [0.95-1.00]0.015(n=28)
2026-05-01 04:29:20,074 - INFO - [render-loss] step=58600 kept 29/64 samples (t_value >= 0.50)
2026-05-01 04:31:16,078 - INFO - Step   58800 | Epoch  59 | MSE: 0.2673 | Steps/sec: 1.72 | LR: 1.62e-04 | Render_L1: 0.0258 | Alpha_L1: 0.0325 | Render_LPIPS: 0.2013 | cos(c,null): +0.2352 | GradNorm: 0.3504 | MSE/t: [0.00-0.50]0.415(n=6398) [0.50-0.85]0.129(n=5860) [0.85-0.95]0.025(n=521) [0.95-1.00]0.016(n=21)
2026-05-01 04:31:16,181 - INFO - [render-loss] step=58800 kept 31/64 samples (t_value >= 0.50)
2026-05-01 04:33:11,496 - INFO - Step   59000 | Epoch  59 | MSE: 0.2667 | Steps/sec: 1.73 | LR: 1.62e-04 | Render_L1: 0.0255 | Alpha_L1: 0.0317 | Render_LPIPS: 0.2014 | cos(c,null): +0.2396 | GradNorm: 0.0359 | MSE/t: [0.00-0.50]0.412(n=6395) [0.50-0.85]0.129(n=5929) [0.85-0.95]0.026(n=446) [0.95-1.00]0.014(n=30)
2026-05-01 04:33:11,712 - INFO - [cond] cfg_signal=0.0397 (min=0.0221 max=0.0695, n=16) | class_signal=0.0491 (min=0.0193 max=0.0654, n=16) | pred_rms=1.2210
2026-05-01 04:33:20,150 - INFO - [validation] saved: output/jit_B8_no_bottleneck_20260430_194526/dit_validation/epoch_059_step_0059000_class064.png (class=64, sampler=heun, steps=100)
2026-05-01 04:33:21,374 - INFO - [overrides] applied from jit/configs/overrides.yaml: lr_scale=1.0 max_grad_norm=5.0 null_repel_weight=0.0 P_mean=0.0
2026-05-01 04:33:21,471 - INFO - [render-loss] step=59000 kept 30/64 samples (t_value >= 0.50)
2026-05-01 04:35:17,022 - INFO - Step   59200 | Epoch  59 | MSE: 0.2585 | Steps/sec: 1.60 | LR: 1.62e-04 | Render_L1: 0.0250 | Alpha_L1: 0.0313 | Render_LPIPS: 0.1981 | cos(c,null): +0.2394 | GradNorm: 0.0318 | MSE/t: [0.00-0.50]0.404(n=6336) [0.50-0.85]0.123(n=5949) [0.85-0.95]0.025(n=495) [0.95-1.00]0.014(n=20)
2026-05-01 04:35:17,125 - INFO - [render-loss] step=59200 kept 37/64 samples (t_value >= 0.50)
2026-05-01 04:37:12,220 - INFO - Step   59400 | Epoch  59 | MSE: 0.2619 | Steps/sec: 1.74 | LR: 1.61e-04 | Render_L1: 0.0249 | Alpha_L1: 0.0310 | Render_LPIPS: 0.1986 | cos(c,null): +0.2377 | GradNorm: 0.0331 | MSE/t: [0.00-0.50]0.407(n=6388) [0.50-0.85]0.125(n=5887) [0.85-0.95]0.025(n=510) [0.95-1.00]0.016(n=15)
2026-05-01 04:37:12,322 - INFO - [render-loss] step=59400 kept 30/64 samples (t_value >= 0.50)
2026-05-01 04:39:07,903 - INFO - Step   59600 | Epoch  60 | MSE: 0.2616 | Steps/sec: 1.73 | LR: 1.61e-04 | Render_L1: 0.0253 | Alpha_L1: 0.0316 | Render_LPIPS: 0.1998 | cos(c,null): +0.2374 | GradNorm: 0.0307 | MSE/t: [0.00-0.50]0.405(n=6402) [0.50-0.85]0.126(n=5897) [0.85-0.95]0.025(n=483) [0.95-1.00]0.020(n=18)
2026-05-01 04:39:08,006 - INFO - [render-loss] step=59600 kept 31/64 samples (t_value >= 0.50)
2026-05-01 04:41:03,129 - INFO - Step   59800 | Epoch  60 | MSE: 0.2641 | Steps/sec: 1.74 | LR: 1.61e-04 | Render_L1: 0.0250 | Alpha_L1: 0.0316 | Render_LPIPS: 0.1984 | cos(c,null): +0.2375 | GradNorm: 0.0306 | MSE/t: [0.00-0.50]0.410(n=6402) [0.50-0.85]0.126(n=5891) [0.85-0.95]0.025(n=480) [0.95-1.00]0.011(n=27)
2026-05-01 04:41:03,233 - INFO - [render-loss] step=59800 kept 34/64 samples (t_value >= 0.50)
2026-05-01 04:42:58,936 - INFO - Step   60000 | Epoch  60 | MSE: 0.2613 | Steps/sec: 1.73 | LR: 1.61e-04 | Render_L1: 0.0250 | Alpha_L1: 0.0311 | Render_LPIPS: 0.1988 | cos(c,null): +0.2391 | GradNorm: 0.0309 | MSE/t: [0.00-0.50]0.412(n=6252) [0.50-0.85]0.125(n=5995) [0.85-0.95]0.025(n=534) [0.95-1.00]0.016(n=19)
2026-05-01 04:42:59,142 - INFO - [cond] cfg_signal=0.0367 (min=0.0222 max=0.0588, n=16) | class_signal=0.0479 (min=0.0183 max=0.0648, n=16) | pred_rms=1.2809
2026-05-01 04:43:00,901 - INFO - Saved checkpoint to output/jit_B8_no_bottleneck_20260430_194526/0060000.pt
2026-05-01 04:43:01,104 - INFO - [cond] cfg_signal=0.0367 (min=0.0222 max=0.0588, n=16) | class_signal=0.0479 (min=0.0183 max=0.0648, n=16) | pred_rms=1.2809
2026-05-01 04:43:09,370 - INFO - [validation] saved: output/jit_B8_no_bottleneck_20260430_194526/dit_validation/epoch_060_step_0060000_class017.png (class=17, sampler=heun, steps=100)
2026-05-01 04:43:10,598 - INFO - [overrides] applied from jit/configs/overrides.yaml: lr_scale=1.0 max_grad_norm=5.0 null_repel_weight=0.0 P_mean=0.0
2026-05-01 04:43:10,695 - INFO - [render-loss] step=60000 kept 32/64 samples (t_value >= 0.50)
2026-05-01 04:45:06,353 - INFO - Step   60200 | Epoch  60 | MSE: 0.2632 | Steps/sec: 1.57 | LR: 1.61e-04 | Render_L1: 0.0250 | Alpha_L1: 0.0314 | Render_LPIPS: 0.1984 | cos(c,null): +0.2397 | GradNorm: 0.0285 | MSE/t: [0.00-0.50]0.409(n=6420) [0.50-0.85]0.124(n=5851) [0.85-0.95]0.024(n=515) [0.95-1.00]0.014(n=14)
2026-05-01 04:45:06,455 - INFO - [render-loss] step=60200 kept 38/64 samples (t_value >= 0.50)
2026-05-01 04:47:01,894 - INFO - Step   60400 | Epoch  60 | MSE: 0.2619 | Steps/sec: 1.73 | LR: 1.60e-04 | Render_L1: 0.0249 | Alpha_L1: 0.0316 | Render_LPIPS: 0.1972 | cos(c,null): +0.2406 | GradNorm: 0.0303 | MSE/t: [0.00-0.50]0.407(n=6386) [0.50-0.85]0.125(n=5896) [0.85-0.95]0.024(n=500) [0.95-1.00]0.015(n=18)
2026-05-01 04:47:01,998 - INFO - [render-loss] step=60400 kept 34/64 samples (t_value >= 0.50)
2026-05-01 04:48:58,210 - INFO - Step   60600 | Epoch  61 | MSE: 0.2642 | Steps/sec: 1.72 | LR: 1.60e-04 | Render_L1: 0.0257 | Alpha_L1: 0.0324 | Render_LPIPS: 0.2018 | cos(c,null): +0.2415 | GradNorm: 0.0366 | MSE/t: [0.00-0.50]0.407(n=6457) [0.50-0.85]0.128(n=5806) [0.85-0.95]0.025(n=514) [0.95-1.00]0.015(n=23)
2026-05-01 04:48:58,313 - INFO - [render-loss] step=60600 kept 38/64 samples (t_value >= 0.50)
2026-05-01 04:50:53,882 - INFO - Step   60800 | Epoch  61 | MSE: 0.2656 | Steps/sec: 1.73 | LR: 1.60e-04 | Render_L1: 0.0253 | Alpha_L1: 0.0318 | Render_LPIPS: 0.1984 | cos(c,null): +0.2406 | GradNorm: 0.0342 | MSE/t: [0.00-0.50]0.413(n=6357) [0.50-0.85]0.128(n=5911) [0.85-0.95]0.026(n=514) [0.95-1.00]0.013(n=18)
2026-05-01 04:50:53,984 - INFO - [render-loss] step=60800 kept 27/64 samples (t_value >= 0.50)
2026-05-01 04:52:49,066 - INFO - Step   61000 | Epoch  61 | MSE: 0.2653 | Steps/sec: 1.74 | LR: 1.60e-04 | Render_L1: 0.0249 | Alpha_L1: 0.0312 | Render_LPIPS: 0.1973 | cos(c,null): +0.2417 | GradNorm: 0.0324 | MSE/t: [0.00-0.50]0.414(n=6378) [0.50-0.85]0.125(n=5907) [0.85-0.95]0.024(n=484) [0.95-1.00]0.019(n=31)
2026-05-01 04:52:49,279 - INFO - [cond] cfg_signal=0.0377 (min=0.0211 max=0.0609, n=16) | class_signal=0.0493 (min=0.0192 max=0.0636, n=16) | pred_rms=1.2776
2026-05-01 04:52:57,635 - INFO - [validation] saved: output/jit_B8_no_bottleneck_20260430_194526/dit_validation/epoch_061_step_0061000_class058.png (class=58, sampler=heun, steps=100)
2026-05-01 04:52:58,857 - INFO - [overrides] applied from jit/configs/overrides.yaml: lr_scale=1.0 max_grad_norm=5.0 null_repel_weight=0.0 P_mean=0.0
2026-05-01 04:52:58,954 - INFO - [render-loss] step=61000 kept 28/64 samples (t_value >= 0.50)
2026-05-01 04:54:54,008 - INFO - Step   61200 | Epoch  61 | MSE: 0.2660 | Steps/sec: 1.60 | LR: 1.59e-04 | Render_L1: 0.0250 | Alpha_L1: 0.0313 | Render_LPIPS: 0.1981 | cos(c,null): +0.2427 | GradNorm: 0.0310 | MSE/t: [0.00-0.50]0.412(n=6430) [0.50-0.85]0.127(n=5852) [0.85-0.95]0.026(n=499) [0.95-1.00]0.015(n=19)
2026-05-01 04:54:54,111 - INFO - [render-loss] step=61200 kept 33/64 samples (t_value >= 0.50)
2026-05-01 04:56:49,567 - INFO - Step   61400 | Epoch  61 | MSE: 0.2670 | Steps/sec: 1.73 | LR: 1.59e-04 | Render_L1: 0.0255 | Alpha_L1: 0.0315 | Render_LPIPS: 0.1999 | cos(c,null): +0.2440 | GradNorm: 0.0328 | MSE/t: [0.00-0.50]0.411(n=6434) [0.50-0.85]0.130(n=5853) [0.85-0.95]0.024(n=491) [0.95-1.00]0.014(n=22)
2026-05-01 04:56:49,669 - INFO - [render-loss] step=61400 kept 35/64 samples (t_value >= 0.50)
2026-05-01 04:58:45,304 - INFO - Step   61600 | Epoch  62 | MSE: 0.2684 | Steps/sec: 1.73 | LR: 1.59e-04 | Render_L1: 0.0250 | Alpha_L1: 0.0311 | Render_LPIPS: 0.1979 | cos(c,null): +0.2455 | GradNorm: 0.0318 | MSE/t: [0.00-0.50]0.411(n=6516) [0.50-0.85]0.128(n=5795) [0.85-0.95]0.026(n=463) [0.95-1.00]0.015(n=26)
2026-05-01 04:58:45,407 - INFO - [render-loss] step=61600 kept 40/64 samples (t_value >= 0.50)
2026-05-01 05:00:41,245 - INFO - Step   61800 | Epoch  62 | MSE: 0.2664 | Steps/sec: 1.73 | LR: 1.59e-04 | Render_L1: 0.0252 | Alpha_L1: 0.0313 | Render_LPIPS: 0.1991 | cos(c,null): +0.2501 | GradNorm: 0.0312 | MSE/t: [0.00-0.50]0.413(n=6381) [0.50-0.85]0.129(n=5919) [0.85-0.95]0.025(n=472) [0.95-1.00]0.011(n=28)
2026-05-01 05:00:41,348 - INFO - [render-loss] step=61800 kept 30/64 samples (t_value >= 0.50)
2026-05-01 05:02:36,755 - INFO - Step   62000 | Epoch  62 | MSE: 0.2635 | Steps/sec: 1.73 | LR: 1.58e-04 | Render_L1: 0.0250 | Alpha_L1: 0.0316 | Render_LPIPS: 0.1992 | cos(c,null): +0.2499 | GradNorm: 0.0319 | MSE/t: [0.00-0.50]0.410(n=6353) [0.50-0.85]0.127(n=5928) [0.85-0.95]0.026(n=497) [0.95-1.00]0.013(n=22)
2026-05-01 05:02:36,967 - INFO - [cond] cfg_signal=0.0376 (min=0.0223 max=0.0583, n=16) | class_signal=0.0500 (min=0.0188 max=0.0698, n=16) | pred_rms=1.2810
2026-05-01 05:02:45,285 - INFO - [validation] saved: output/jit_B8_no_bottleneck_20260430_194526/dit_validation/epoch_062_step_0062000_class005.png (class=5, sampler=heun, steps=100)
2026-05-01 05:02:46,454 - INFO - [overrides] applied from jit/configs/overrides.yaml: lr_scale=1.0 max_grad_norm=5.0 null_repel_weight=0.0 P_mean=0.0
2026-05-01 05:02:46,551 - INFO - [render-loss] step=62000 kept 37/64 samples (t_value >= 0.50)
2026-05-01 05:04:42,165 - INFO - Step   62200 | Epoch  62 | MSE: 0.2605 | Steps/sec: 1.60 | LR: 1.58e-04 | Render_L1: 0.0248 | Alpha_L1: 0.0312 | Render_LPIPS: 0.1981 | cos(c,null): +0.2519 | GradNorm: 0.0300 | MSE/t: [0.00-0.50]0.407(n=6371) [0.50-0.85]0.124(n=5857) [0.85-0.95]0.026(n=559) [0.95-1.00]0.014(n=13)
2026-05-01 05:04:42,266 - INFO - [render-loss] step=62200 kept 35/64 samples (t_value >= 0.50)
2026-05-01 05:06:37,745 - INFO - Step   62400 | Epoch  62 | MSE: 0.2639 | Steps/sec: 1.73 | LR: 1.58e-04 | Render_L1: 0.0253 | Alpha_L1: 0.0315 | Render_LPIPS: 0.1987 | cos(c,null): +0.2533 | GradNorm: 0.0306 | MSE/t: [0.00-0.50]0.412(n=6356) [0.50-0.85]0.127(n=5922) [0.85-0.95]0.025(n=497) [0.95-1.00]0.017(n=25)
2026-05-01 05:06:37,847 - INFO - [render-loss] step=62400 kept 29/64 samples (t_value >= 0.50)
2026-05-01 05:08:33,554 - INFO - Step   62600 | Epoch  63 | MSE: 0.2631 | Steps/sec: 1.73 | LR: 1.58e-04 | Render_L1: 0.0253 | Alpha_L1: 0.0313 | Render_LPIPS: 0.1991 | cos(c,null): +0.2526 | GradNorm: 0.0336 | MSE/t: [0.00-0.50]0.410(n=6324) [0.50-0.85]0.128(n=5972) [0.85-0.95]0.026(n=485) [0.95-1.00]0.016(n=19)
2026-05-01 05:08:33,657 - INFO - [render-loss] step=62600 kept 28/64 samples (t_value >= 0.50)
2026-05-01 05:10:28,686 - INFO - Step   62800 | Epoch  63 | MSE: 0.2656 | Steps/sec: 1.74 | LR: 1.57e-04 | Render_L1: 0.0251 | Alpha_L1: 0.0311 | Render_LPIPS: 0.1968 | cos(c,null): +0.2552 | GradNorm: 0.0333 | MSE/t: [0.00-0.50]0.412(n=6440) [0.50-0.85]0.126(n=5835) [0.85-0.95]0.025(n=499) [0.95-1.00]0.014(n=26)
2026-05-01 05:10:28,790 - INFO - [render-loss] step=62800 kept 26/64 samples (t_value >= 0.50)
2026-05-01 05:12:23,832 - INFO - Step   63000 | Epoch  63 | MSE: 0.2635 | Steps/sec: 1.74 | LR: 1.57e-04 | Render_L1: 0.0250 | Alpha_L1: 0.0307 | Render_LPIPS: 0.1974 | cos(c,null): +0.2575 | GradNorm: 0.0305 | MSE/t: [0.00-0.50]0.410(n=6435) [0.50-0.85]0.125(n=5815) [0.85-0.95]0.024(n=531) [0.95-1.00]0.014(n=19)
2026-05-01 05:12:24,044 - INFO - [cond] cfg_signal=0.0384 (min=0.0218 max=0.0586, n=16) | class_signal=0.0511 (min=0.0204 max=0.0743, n=16) | pred_rms=1.3318
2026-05-01 05:12:32,439 - INFO - [validation] saved: output/jit_B8_no_bottleneck_20260430_194526/dit_validation/epoch_063_step_0063000_class075.png (class=75, sampler=heun, steps=100)
2026-05-01 05:12:33,611 - INFO - [overrides] applied from jit/configs/overrides.yaml: lr_scale=1.0 max_grad_norm=5.0 null_repel_weight=0.0 P_mean=0.0
2026-05-01 05:12:33,709 - INFO - [render-loss] step=63000 kept 27/64 samples (t_value >= 0.50)
2026-05-01 05:14:29,051 - INFO - Step   63200 | Epoch  63 | MSE: 0.2647 | Steps/sec: 1.60 | LR: 1.57e-04 | Render_L1: 0.0249 | Alpha_L1: 0.0311 | Render_LPIPS: 0.1974 | cos(c,null): +0.2574 | GradNorm: 0.0317 | MSE/t: [0.00-0.50]0.413(n=6400) [0.50-0.85]0.126(n=5837) [0.85-0.95]0.025(n=544) [0.95-1.00]0.013(n=19)
2026-05-01 05:14:29,155 - INFO - [render-loss] step=63200 kept 35/64 samples (t_value >= 0.50)
2026-05-01 05:16:25,576 - INFO - Step   63400 | Epoch  63 | MSE: 0.2598 | Steps/sec: 1.72 | LR: 1.57e-04 | Render_L1: 0.0250 | Alpha_L1: 0.0311 | Render_LPIPS: 0.1981 | cos(c,null): +0.2585 | GradNorm: 0.0313 | MSE/t: [0.00-0.50]0.405(n=6355) [0.50-0.85]0.126(n=5875) [0.85-0.95]0.026(n=548) [0.95-1.00]0.017(n=22)
2026-05-01 05:16:25,678 - INFO - [render-loss] step=63400 kept 32/64 samples (t_value >= 0.50)
2026-05-01 05:18:20,620 - INFO - Step   63600 | Epoch  64 | MSE: 0.2647 | Steps/sec: 1.74 | LR: 1.56e-04 | Render_L1: 0.0250 | Alpha_L1: 0.0310 | Render_LPIPS: 0.1972 | cos(c,null): +0.2605 | GradNorm: 0.0304 | MSE/t: [0.00-0.50]0.406(n=6514) [0.50-0.85]0.127(n=5759) [0.85-0.95]0.025(n=510) [0.95-1.00]0.017(n=17)
2026-05-01 05:18:20,722 - INFO - [render-loss] step=63600 kept 28/64 samples (t_value >= 0.50)
2026-05-01 05:20:16,349 - INFO - Step   63800 | Epoch  64 | MSE: 0.2623 | Steps/sec: 1.73 | LR: 1.56e-04 | Render_L1: 0.0249 | Alpha_L1: 0.0310 | Render_LPIPS: 0.1961 | cos(c,null): +0.2623 | GradNorm: 0.0299 | MSE/t: [0.00-0.50]0.410(n=6359) [0.50-0.85]0.125(n=5893) [0.85-0.95]0.024(n=523) [0.95-1.00]0.017(n=25)
2026-05-01 05:20:16,451 - INFO - [render-loss] step=63800 kept 36/64 samples (t_value >= 0.50)
2026-05-01 05:22:11,725 - INFO - Step   64000 | Epoch  64 | MSE: 0.2627 | Steps/sec: 1.73 | LR: 1.56e-04 | Render_L1: 0.0249 | Alpha_L1: 0.0306 | Render_LPIPS: 0.1968 | cos(c,null): +0.2632 | GradNorm: 0.0306 | MSE/t: [0.00-0.50]0.408(n=6360) [0.50-0.85]0.126(n=5952) [0.85-0.95]0.025(n=468) [0.95-1.00]0.010(n=20)
2026-05-01 05:22:11,937 - INFO - [cond] cfg_signal=0.0379 (min=0.0239 max=0.0602, n=16) | class_signal=0.0495 (min=0.0210 max=0.0705, n=16) | pred_rms=1.2984
2026-05-01 05:22:20,308 - INFO - [validation] saved: output/jit_B8_no_bottleneck_20260430_194526/dit_validation/epoch_064_step_0064000_class095.png (class=95, sampler=heun, steps=100)
2026-05-01 05:22:21,480 - INFO - [overrides] applied from jit/configs/overrides.yaml: lr_scale=1.0 max_grad_norm=5.0 null_repel_weight=0.0 P_mean=0.0
2026-05-01 05:22:21,577 - INFO - [render-loss] step=64000 kept 30/64 samples (t_value >= 0.50)
2026-05-01 05:24:17,092 - INFO - Step   64200 | Epoch  64 | MSE: 0.2632 | Steps/sec: 1.60 | LR: 1.56e-04 | Render_L1: 0.0248 | Alpha_L1: 0.0306 | Render_LPIPS: 0.1974 | cos(c,null): +0.2644 | GradNorm: 0.0314 | MSE/t: [0.00-0.50]0.406(n=6475) [0.50-0.85]0.126(n=5814) [0.85-0.95]0.025(n=492) [0.95-1.00]0.014(n=19)
2026-05-01 05:24:17,195 - INFO - [render-loss] step=64200 kept 36/64 samples (t_value >= 0.50)
2026-05-01 05:26:12,817 - INFO - Step   64400 | Epoch  64 | MSE: 0.2612 | Steps/sec: 1.73 | LR: 1.55e-04 | Render_L1: 0.0250 | Alpha_L1: 0.0310 | Render_LPIPS: 0.1968 | cos(c,null): +0.2658 | GradNorm: 0.0331 | MSE/t: [0.00-0.50]0.410(n=6302) [0.50-0.85]0.125(n=5986) [0.85-0.95]0.025(n=495) [0.95-1.00]0.019(n=17)
2026-05-01 05:26:12,920 - INFO - [render-loss] step=64400 kept 36/64 samples (t_value >= 0.50)
2026-05-01 05:28:08,358 - INFO - Step   64600 | Epoch  65 | MSE: 0.2646 | Steps/sec: 1.73 | LR: 1.55e-04 | Render_L1: 0.0247 | Alpha_L1: 0.0310 | Render_LPIPS: 0.1971 | cos(c,null): +0.2676 | GradNorm: 0.0305 | MSE/t: [0.00-0.50]0.411(n=6419) [0.50-0.85]0.125(n=5865) [0.85-0.95]0.024(n=492) [0.95-1.00]0.015(n=24)
2026-05-01 05:28:08,460 - INFO - [render-loss] step=64600 kept 35/64 samples (t_value >= 0.50)
2026-05-01 05:30:04,302 - INFO - Step   64800 | Epoch  65 | MSE: 0.2639 | Steps/sec: 1.72 | LR: 1.55e-04 | Render_L1: 0.0250 | Alpha_L1: 0.0309 | Render_LPIPS: 0.1974 | cos(c,null): +0.2707 | GradNorm: 0.0304 | MSE/t: [0.00-0.50]0.407(n=6476) [0.50-0.85]0.126(n=5804) [0.85-0.95]0.026(n=505) [0.95-1.00]0.015(n=15)
2026-05-01 05:30:04,403 - INFO - [render-loss] step=64800 kept 32/64 samples (t_value >= 0.50)
2026-05-01 05:31:59,802 - INFO - Step   65000 | Epoch  65 | MSE: 0.2651 | Steps/sec: 1.73 | LR: 1.54e-04 | Render_L1: 0.0252 | Alpha_L1: 0.0313 | Render_LPIPS: 0.1975 | cos(c,null): +0.2678 | GradNorm: 0.0327 | MSE/t: [0.00-0.50]0.412(n=6416) [0.50-0.85]0.125(n=5878) [0.85-0.95]0.024(n=481) [0.95-1.00]0.018(n=25)
2026-05-01 05:32:00,014 - INFO - [cond] cfg_signal=0.0369 (min=0.0223 max=0.0505, n=16) | class_signal=0.0486 (min=0.0178 max=0.0722, n=16) | pred_rms=1.3136
2026-05-01 05:32:08,423 - INFO - [validation] saved: output/jit_B8_no_bottleneck_20260430_194526/dit_validation/epoch_065_step_0065000_class005.png (class=5, sampler=heun, steps=100)
2026-05-01 05:32:09,614 - INFO - [overrides] applied from jit/configs/overrides.yaml: lr_scale=1.0 max_grad_norm=5.0 null_repel_weight=0.0 P_mean=0.0
2026-05-01 05:32:09,712 - INFO - [render-loss] step=65000 kept 23/64 samples (t_value >= 0.50)
2026-05-01 05:34:04,985 - INFO - Step   65200 | Epoch  65 | MSE: 0.2606 | Steps/sec: 1.60 | LR: 1.54e-04 | Render_L1: 0.0250 | Alpha_L1: 0.0311 | Render_LPIPS: 0.1973 | cos(c,null): +0.2692 | GradNorm: 0.0343 | MSE/t: [0.00-0.50]0.406(n=6349) [0.50-0.85]0.126(n=5878) [0.85-0.95]0.026(n=543) [0.95-1.00]0.016(n=30)
2026-05-01 05:34:05,088 - INFO - [render-loss] step=65200 kept 38/64 samples (t_value >= 0.50)
2026-05-01 05:36:00,299 - INFO - Step   65400 | Epoch  65 | MSE: 0.2638 | Steps/sec: 1.73 | LR: 1.54e-04 | Render_L1: 0.0250 | Alpha_L1: 0.0310 | Render_LPIPS: 0.1966 | cos(c,null): +0.2715 | GradNorm: 0.0333 | MSE/t: [0.00-0.50]0.408(n=6456) [0.50-0.85]0.125(n=5836) [0.85-0.95]0.026(n=486) [0.95-1.00]0.014(n=22)
2026-05-01 05:36:00,402 - INFO - [render-loss] step=65400 kept 34/64 samples (t_value >= 0.50)
2026-05-01 05:37:56,076 - INFO - Step   65600 | Epoch  66 | MSE: 0.2617 | Steps/sec: 1.73 | LR: 1.54e-04 | Render_L1: 0.0248 | Alpha_L1: 0.0304 | Render_LPIPS: 0.1960 | cos(c,null): +0.2754 | GradNorm: 0.0321 | MSE/t: [0.00-0.50]0.410(n=6343) [0.50-0.85]0.125(n=5881) [0.85-0.95]0.025(n=553) [0.95-1.00]0.012(n=23)
2026-05-01 05:37:56,179 - INFO - [render-loss] step=65600 kept 31/64 samples (t_value >= 0.50)
2026-05-01 05:39:51,402 - INFO - Step   65800 | Epoch  66 | MSE: 0.2642 | Steps/sec: 1.73 | LR: 1.53e-04 | Render_L1: 0.0249 | Alpha_L1: 0.0303 | Render_LPIPS: 0.1971 | cos(c,null): +0.2778 | GradNorm: 0.0299 | MSE/t: [0.00-0.50]0.409(n=6439) [0.50-0.85]0.126(n=5811) [0.85-0.95]0.025(n=528) [0.95-1.00]0.011(n=22)
2026-05-01 05:39:51,505 - INFO - [render-loss] step=65800 kept 25/64 samples (t_value >= 0.50)
2026-05-01 05:41:47,047 - INFO - Step   66000 | Epoch  66 | MSE: 0.2618 | Steps/sec: 1.73 | LR: 1.53e-04 | Render_L1: 0.0251 | Alpha_L1: 0.0311 | Render_LPIPS: 0.1982 | cos(c,null): +0.2813 | GradNorm: 0.0314 | MSE/t: [0.00-0.50]0.405(n=6424) [0.50-0.85]0.126(n=5857) [0.85-0.95]0.025(n=498) [0.95-1.00]0.012(n=21)
2026-05-01 05:41:47,259 - INFO - [cond] cfg_signal=0.0373 (min=0.0220 max=0.0511, n=16) | class_signal=0.0492 (min=0.0194 max=0.0732, n=16) | pred_rms=1.3387
2026-05-01 05:41:55,630 - INFO - [validation] saved: output/jit_B8_no_bottleneck_20260430_194526/dit_validation/epoch_066_step_0066000_class070.png (class=70, sampler=heun, steps=100)
2026-05-01 05:41:56,801 - INFO - [overrides] applied from jit/configs/overrides.yaml: lr_scale=1.0 max_grad_norm=5.0 null_repel_weight=0.0 P_mean=0.0
2026-05-01 05:41:56,899 - INFO - [render-loss] step=66000 kept 39/64 samples (t_value >= 0.50)
2026-05-01 05:43:52,596 - INFO - Step   66200 | Epoch  66 | MSE: 0.2625 | Steps/sec: 1.60 | LR: 1.53e-04 | Render_L1: 0.0252 | Alpha_L1: 0.0313 | Render_LPIPS: 0.1983 | cos(c,null): +0.2792 | GradNorm: 0.0356 | MSE/t: [0.00-0.50]0.406(n=6323) [0.50-0.85]0.132(n=5913) [0.85-0.95]0.025(n=541) [0.95-1.00]0.012(n=23)
2026-05-01 05:43:52,699 - INFO - [render-loss] step=66200 kept 31/64 samples (t_value >= 0.50)
2026-05-01 05:45:47,758 - INFO - Step   66400 | Epoch  66 | MSE: 0.2648 | Steps/sec: 1.74 | LR: 1.53e-04 | Render_L1: 0.0245 | Alpha_L1: 0.0302 | Render_LPIPS: 0.1948 | cos(c,null): +0.2734 | GradNorm: 0.0347 | MSE/t: [0.00-0.50]0.412(n=6414) [0.50-0.85]0.126(n=5850) [0.85-0.95]0.025(n=520) [0.95-1.00]0.012(n=16)
2026-05-01 05:45:47,860 - INFO - [render-loss] step=66400 kept 23/64 samples (t_value >= 0.50)
2026-05-01 05:47:43,430 - INFO - Step   66600 | Epoch  67 | MSE: 0.2639 | Steps/sec: 1.73 | LR: 1.52e-04 | Render_L1: 0.0250 | Alpha_L1: 0.0314 | Render_LPIPS: 0.1968 | cos(c,null): +0.2761 | GradNorm: 0.0385 | MSE/t: [0.00-0.50]0.410(n=6378) [0.50-0.85]0.125(n=5899) [0.85-0.95]0.051(n=505) [0.95-1.00]0.017(n=18)
2026-05-01 05:47:43,533 - INFO - [render-loss] step=66600 kept 30/64 samples (t_value >= 0.50)
2026-05-01 05:49:38,764 - INFO - Step   66800 | Epoch  67 | MSE: 0.2687 | Steps/sec: 1.73 | LR: 1.52e-04 | Render_L1: 0.0244 | Alpha_L1: 0.0301 | Render_LPIPS: 0.1945 | cos(c,null): +0.2792 | GradNorm: 0.0340 | MSE/t: [0.00-0.50]0.414(n=6514) [0.50-0.85]0.127(n=5756) [0.85-0.95]0.024(n=516) [0.95-1.00]0.013(n=14)
2026-05-01 05:49:38,866 - INFO - [render-loss] step=66800 kept 29/64 samples (t_value >= 0.50)
2026-05-01 05:51:34,059 - INFO - Step   67000 | Epoch  67 | MSE: 0.2633 | Steps/sec: 1.73 | LR: 1.52e-04 | Render_L1: 0.0249 | Alpha_L1: 0.0306 | Render_LPIPS: 0.1957 | cos(c,null): +0.2805 | GradNorm: 0.0417 | MSE/t: [0.00-0.50]0.405(n=6465) [0.50-0.85]0.127(n=5797) [0.85-0.95]0.025(n=522) [0.95-1.00]0.013(n=16)
2026-05-01 05:51:34,275 - INFO - [cond] cfg_signal=0.0375 (min=0.0223 max=0.0511, n=16) | class_signal=0.0490 (min=0.0193 max=0.0707, n=16) | pred_rms=1.3362
2026-05-01 05:51:42,497 - INFO - [validation] saved: output/jit_B8_no_bottleneck_20260430_194526/dit_validation/epoch_067_step_0067000_class055.png (class=55, sampler=heun, steps=100)
2026-05-01 05:51:43,695 - INFO - [overrides] applied from jit/configs/overrides.yaml: lr_scale=1.0 max_grad_norm=5.0 null_repel_weight=0.0 P_mean=0.0
2026-05-01 05:51:43,792 - INFO - [render-loss] step=67000 kept 31/64 samples (t_value >= 0.50)
2026-05-01 05:53:39,244 - INFO - Step   67200 | Epoch  67 | MSE: 0.2612 | Steps/sec: 1.60 | LR: 1.52e-04 | Render_L1: 0.0246 | Alpha_L1: 0.0303 | Render_LPIPS: 0.1950 | cos(c,null): +0.2819 | GradNorm: 0.0336 | MSE/t: [0.00-0.50]0.406(n=6388) [0.50-0.85]0.125(n=5868) [0.85-0.95]0.025(n=530) [0.95-1.00]0.015(n=14)
2026-05-01 05:53:39,347 - INFO - [render-loss] step=67200 kept 34/64 samples (t_value >= 0.50)
2026-05-01 05:55:35,169 - INFO - Step   67400 | Epoch  67 | MSE: 0.2625 | Steps/sec: 1.73 | LR: 1.51e-04 | Render_L1: 0.0251 | Alpha_L1: 0.0310 | Render_LPIPS: 0.1981 | cos(c,null): +0.2817 | GradNorm: 0.0328 | MSE/t: [0.00-0.50]0.415(n=6261) [0.50-0.85]0.126(n=5969) [0.85-0.95]0.025(n=555) [0.95-1.00]0.014(n=15)
2026-05-01 05:55:35,272 - INFO - [render-loss] step=67400 kept 36/64 samples (t_value >= 0.50)
2026-05-01 05:57:30,733 - INFO - Step   67600 | Epoch  68 | MSE: 0.2676 | Steps/sec: 1.73 | LR: 1.51e-04 | Render_L1: 0.0246 | Alpha_L1: 0.0308 | Render_LPIPS: 0.1956 | cos(c,null): +0.2798 | GradNorm: 0.0310 | MSE/t: [0.00-0.50]0.412(n=6475) [0.50-0.85]0.129(n=5812) [0.85-0.95]0.024(n=492) [0.95-1.00]0.015(n=21)
2026-05-01 05:57:30,836 - INFO - [render-loss] step=67600 kept 37/64 samples (t_value >= 0.50)
2026-05-01 05:59:26,877 - INFO - Step   67800 | Epoch  68 | MSE: 0.2634 | Steps/sec: 1.72 | LR: 1.51e-04 | Render_L1: 0.0247 | Alpha_L1: 0.0304 | Render_LPIPS: 0.1959 | cos(c,null): +0.2794 | GradNorm: 0.0332 | MSE/t: [0.00-0.50]0.409(n=6431) [0.50-0.85]0.125(n=5814) [0.85-0.95]0.026(n=534) [0.95-1.00]0.011(n=21)
2026-05-01 05:59:26,979 - INFO - [render-loss] step=67800 kept 26/64 samples (t_value >= 0.50)
2026-05-01 06:01:22,414 - INFO - Step   68000 | Epoch  68 | MSE: 0.2618 | Steps/sec: 1.73 | LR: 1.51e-04 | Render_L1: 0.0247 | Alpha_L1: 0.0305 | Render_LPIPS: 0.1958 | cos(c,null): +0.2814 | GradNorm: 0.0371 | MSE/t: [0.00-0.50]0.407(n=6341) [0.50-0.85]0.127(n=5940) [0.85-0.95]0.024(n=506) [0.95-1.00]0.011(n=13)
2026-05-01 06:01:22,625 - INFO - [cond] cfg_signal=0.0374 (min=0.0233 max=0.0520, n=16) | class_signal=0.0486 (min=0.0203 max=0.0690, n=16) | pred_rms=1.2949
2026-05-01 06:01:31,070 - INFO - [validation] saved: output/jit_B8_no_bottleneck_20260430_194526/dit_validation/epoch_068_step_0068000_class048.png (class=48, sampler=heun, steps=100)
2026-05-01 06:01:32,282 - INFO - [overrides] applied from jit/configs/overrides.yaml: lr_scale=1.0 max_grad_norm=5.0 null_repel_weight=0.0 P_mean=0.0
2026-05-01 06:01:32,380 - INFO - [render-loss] step=68000 kept 27/64 samples (t_value >= 0.50)
2026-05-01 06:03:27,374 - INFO - Step   68200 | Epoch  68 | MSE: 0.2605 | Steps/sec: 1.60 | LR: 1.50e-04 | Render_L1: 0.0249 | Alpha_L1: 0.0308 | Render_LPIPS: 0.1968 | cos(c,null): +0.2843 | GradNorm: 0.0336 | MSE/t: [0.00-0.50]0.403(n=6404) [0.50-0.85]0.125(n=5897) [0.85-0.95]0.026(n=478) [0.95-1.00]0.017(n=21)
2026-05-01 06:03:27,477 - INFO - [render-loss] step=68200 kept 30/64 samples (t_value >= 0.50)
2026-05-01 06:05:22,861 - INFO - Step   68400 | Epoch  68 | MSE: 0.2644 | Steps/sec: 1.73 | LR: 1.50e-04 | Render_L1: 0.0244 | Alpha_L1: 0.0306 | Render_LPIPS: 0.1942 | cos(c,null): +0.2862 | GradNorm: 0.0336 | MSE/t: [0.00-0.50]0.415(n=6343) [0.50-0.85]0.125(n=5914) [0.85-0.95]0.025(n=518) [0.95-1.00]0.018(n=25)
2026-05-01 06:05:22,964 - INFO - [render-loss] step=68400 kept 30/64 samples (t_value >= 0.50)
2026-05-01 06:07:18,671 - INFO - Step   68600 | Epoch  69 | MSE: 0.2623 | Steps/sec: 1.73 | LR: 1.50e-04 | Render_L1: 0.0250 | Alpha_L1: 0.0303 | Render_LPIPS: 0.1965 | cos(c,null): +0.2891 | GradNorm: 0.0336 | MSE/t: [0.00-0.50]0.413(n=6276) [0.50-0.85]0.127(n=5931) [0.85-0.95]0.025(n=577) [0.95-1.00]0.014(n=16)
2026-05-01 06:07:18,774 - INFO - [render-loss] step=68600 kept 24/64 samples (t_value >= 0.50)
2026-05-01 06:09:14,703 - INFO - Step   68800 | Epoch  69 | MSE: 0.2627 | Steps/sec: 1.72 | LR: 1.50e-04 | Render_L1: 0.0248 | Alpha_L1: 0.0302 | Render_LPIPS: 0.1958 | cos(c,null): +0.2924 | GradNorm: 0.0343 | MSE/t: [0.00-0.50]0.403(n=6523) [0.50-0.85]0.125(n=5778) [0.85-0.95]0.024(n=487) [0.95-1.00]0.023(n=12)
2026-05-01 06:09:14,806 - INFO - [render-loss] step=68800 kept 38/64 samples (t_value >= 0.50)
2026-05-01 06:11:10,088 - INFO - Step   69000 | Epoch  69 | MSE: 0.2644 | Steps/sec: 1.73 | LR: 1.49e-04 | Render_L1: 0.0244 | Alpha_L1: 0.0303 | Render_LPIPS: 0.1936 | cos(c,null): +0.2948 | GradNorm: 0.0330 | MSE/t: [0.00-0.50]0.408(n=6471) [0.50-0.85]0.126(n=5786) [0.85-0.95]0.026(n=522) [0.95-1.00]0.017(n=21)
2026-05-01 06:11:10,300 - INFO - [cond] cfg_signal=0.0382 (min=0.0229 max=0.0524, n=16) | class_signal=0.0500 (min=0.0197 max=0.0728, n=16) | pred_rms=1.3374
2026-05-01 06:11:18,631 - INFO - [validation] saved: output/jit_B8_no_bottleneck_20260430_194526/dit_validation/epoch_069_step_0069000_class087.png (class=87, sampler=heun, steps=100)
2026-05-01 06:11:19,843 - INFO - [overrides] applied from jit/configs/overrides.yaml: lr_scale=1.0 max_grad_norm=5.0 null_repel_weight=0.0 P_mean=0.0
2026-05-01 06:11:19,941 - INFO - [render-loss] step=69000 kept 29/64 samples (t_value >= 0.50)
2026-05-01 06:13:15,309 - INFO - Step   69200 | Epoch  69 | MSE: 0.2622 | Steps/sec: 1.60 | LR: 1.49e-04 | Render_L1: 0.0243 | Alpha_L1: 0.0300 | Render_LPIPS: 0.1942 | cos(c,null): +0.2952 | GradNorm: 0.0328 | MSE/t: [0.00-0.50]0.409(n=6363) [0.50-0.85]0.125(n=5912) [0.85-0.95]0.026(n=506) [0.95-1.00]0.015(n=19)
2026-05-01 06:13:15,411 - INFO - [render-loss] step=69200 kept 38/64 samples (t_value >= 0.50)
2026-05-01 06:15:10,956 - INFO - Step   69400 | Epoch  69 | MSE: 0.2651 | Steps/sec: 1.73 | LR: 1.49e-04 | Render_L1: 0.0244 | Alpha_L1: 0.0297 | Render_LPIPS: 0.1936 | cos(c,null): +0.2941 | GradNorm: 0.0328 | MSE/t: [0.00-0.50]0.410(n=6489) [0.50-0.85]0.124(n=5794) [0.85-0.95]0.025(n=489) [0.95-1.00]0.013(n=28)
2026-05-01 06:15:11,058 - INFO - [render-loss] step=69400 kept 31/64 samples (t_value >= 0.50)
2026-05-01 06:17:06,236 - INFO - Step   69600 | Epoch  70 | MSE: 0.2644 | Steps/sec: 1.73 | LR: 1.48e-04 | Render_L1: 0.0246 | Alpha_L1: 0.0299 | Render_LPIPS: 0.1947 | cos(c,null): +0.2967 | GradNorm: 0.0325 | MSE/t: [0.00-0.50]0.411(n=6435) [0.50-0.85]0.125(n=5819) [0.85-0.95]0.025(n=529) [0.95-1.00]0.013(n=17)
2026-05-01 06:17:06,338 - INFO - [render-loss] step=69600 kept 33/64 samples (t_value >= 0.50)
2026-05-01 06:19:01,941 - INFO - Step   69800 | Epoch  70 | MSE: 0.2614 | Steps/sec: 1.73 | LR: 1.48e-04 | Render_L1: 0.0243 | Alpha_L1: 0.0299 | Render_LPIPS: 0.1933 | cos(c,null): +0.3012 | GradNorm: 0.0332 | MSE/t: [0.00-0.50]0.410(n=6328) [0.50-0.85]0.125(n=5908) [0.85-0.95]0.026(n=540) [0.95-1.00]0.018(n=24)
2026-05-01 06:19:02,044 - INFO - [render-loss] step=69800 kept 31/64 samples (t_value >= 0.50)
2026-05-01 06:20:57,252 - INFO - Step   70000 | Epoch  70 | MSE: 0.2650 | Steps/sec: 1.73 | LR: 1.48e-04 | Render_L1: 0.0246 | Alpha_L1: 0.0300 | Render_LPIPS: 0.1944 | cos(c,null): +0.3027 | GradNorm: 0.0335 | MSE/t: [0.00-0.50]0.411(n=6430) [0.50-0.85]0.125(n=5864) [0.85-0.95]0.025(n=484) [0.95-1.00]0.013(n=22)
2026-05-01 06:20:57,464 - INFO - [cond] cfg_signal=0.0376 (min=0.0213 max=0.0533, n=16) | class_signal=0.0493 (min=0.0219 max=0.0691, n=16) | pred_rms=1.3502
2026-05-01 06:21:05,797 - INFO - [validation] saved: output/jit_B8_no_bottleneck_20260430_194526/dit_validation/epoch_070_step_0070000_class034.png (class=34, sampler=heun, steps=100)
2026-05-01 06:21:07,009 - INFO - [overrides] applied from jit/configs/overrides.yaml: lr_scale=1.0 max_grad_norm=5.0 null_repel_weight=0.0 P_mean=0.0
2026-05-01 06:21:07,107 - INFO - [render-loss] step=70000 kept 33/64 samples (t_value >= 0.50)
2026-05-01 06:23:02,355 - INFO - Step   70200 | Epoch  70 | MSE: 0.2621 | Steps/sec: 1.60 | LR: 1.48e-04 | Render_L1: 0.0241 | Alpha_L1: 0.0300 | Render_LPIPS: 0.1939 | cos(c,null): +0.3024 | GradNorm: 0.0319 | MSE/t: [0.00-0.50]0.406(n=6399) [0.50-0.85]0.126(n=5896) [0.85-0.95]0.025(n=484) [0.95-1.00]0.012(n=21)
2026-05-01 06:23:02,458 - INFO - [render-loss] step=70200 kept 29/64 samples (t_value >= 0.50)
2026-05-01 06:24:57,792 - INFO - Step   70400 | Epoch  70 | MSE: 0.2614 | Steps/sec: 1.73 | LR: 1.47e-04 | Render_L1: 0.0247 | Alpha_L1: 0.0299 | Render_LPIPS: 0.1949 | cos(c,null): +0.3037 | GradNorm: 0.0320 | MSE/t: [0.00-0.50]0.404(n=6441) [0.50-0.85]0.125(n=5829) [0.85-0.95]0.025(n=510) [0.95-1.00]0.013(n=20)
2026-05-01 06:24:57,894 - INFO - [render-loss] step=70400 kept 33/64 samples (t_value >= 0.50)
2026-05-01 06:26:53,230 - INFO - Step   70600 | Epoch  71 | MSE: 0.2661 | Steps/sec: 1.73 | LR: 1.47e-04 | Render_L1: 0.0247 | Alpha_L1: 0.0304 | Render_LPIPS: 0.1964 | cos(c,null): +0.3018 | GradNorm: 0.0338 | MSE/t: [0.00-0.50]0.408(n=6521) [0.50-0.85]0.127(n=5757) [0.85-0.95]0.024(n=506) [0.95-1.00]0.011(n=16)
2026-05-01 06:26:53,332 - INFO - [render-loss] step=70600 kept 29/64 samples (t_value >= 0.50)
2026-05-01 06:28:49,577 - INFO - Step   70800 | Epoch  71 | MSE: 0.2636 | Steps/sec: 1.72 | LR: 1.47e-04 | Render_L1: 0.0246 | Alpha_L1: 0.0301 | Render_LPIPS: 0.1951 | cos(c,null): +0.3035 | GradNorm: 0.0350 | MSE/t: [0.00-0.50]0.410(n=6337) [0.50-0.85]0.128(n=5941) [0.85-0.95]0.025(n=505) [0.95-1.00]0.020(n=17)
2026-05-01 06:28:49,679 - INFO - [render-loss] step=70800 kept 24/64 samples (t_value >= 0.50)
2026-05-01 06:30:45,118 - INFO - Step   71000 | Epoch  71 | MSE: 0.2658 | Steps/sec: 1.73 | LR: 1.47e-04 | Render_L1: 0.0248 | Alpha_L1: 0.0307 | Render_LPIPS: 0.1951 | cos(c,null): +0.3097 | GradNorm: 0.0358 | MSE/t: [0.00-0.50]0.410(n=6493) [0.50-0.85]0.125(n=5800) [0.85-0.95]0.025(n=486) [0.95-1.00]0.013(n=21)
2026-05-01 06:30:45,329 - INFO - [cond] cfg_signal=0.0381 (min=0.0254 max=0.0533, n=16) | class_signal=0.0498 (min=0.0219 max=0.0715, n=16) | pred_rms=1.3320
2026-05-01 06:30:53,670 - INFO - [validation] saved: output/jit_B8_no_bottleneck_20260430_194526/dit_validation/epoch_071_step_0071000_class007.png (class=7, sampler=heun, steps=100)
2026-05-01 06:30:54,894 - INFO - [overrides] applied from jit/configs/overrides.yaml: lr_scale=1.0 max_grad_norm=5.0 null_repel_weight=0.0 P_mean=0.0
2026-05-01 06:30:54,991 - INFO - [render-loss] step=71000 kept 30/64 samples (t_value >= 0.50)
2026-05-01 06:32:50,316 - INFO - Step   71200 | Epoch  71 | MSE: 0.2606 | Steps/sec: 1.60 | LR: 1.46e-04 | Render_L1: 0.0251 | Alpha_L1: 0.0308 | Render_LPIPS: 0.1972 | cos(c,null): +0.3117 | GradNorm: 0.0727 | MSE/t: [0.00-0.50]0.404(n=6360) [0.50-0.85]0.126(n=5951) [0.85-0.95]0.029(n=476) [0.95-1.00]0.014(n=13)
2026-05-01 06:32:50,419 - INFO - [render-loss] step=71200 kept 30/64 samples (t_value >= 0.50)
2026-05-01 06:34:46,336 - INFO - Step   71400 | Epoch  71 | MSE: 0.2616 | Steps/sec: 1.72 | LR: 1.46e-04 | Render_L1: 0.0248 | Alpha_L1: 0.0305 | Render_LPIPS: 0.1957 | cos(c,null): +0.3173 | GradNorm: 0.0371 | MSE/t: [0.00-0.50]0.403(n=6430) [0.50-0.85]0.127(n=5832) [0.85-0.95]0.027(n=530) [0.95-1.00]0.022(n=8)
2026-05-01 06:34:46,438 - INFO - [render-loss] step=71400 kept 29/64 samples (t_value >= 0.50)
2026-05-01 06:36:42,198 - INFO - Step   71600 | Epoch  72 | MSE: 0.2610 | Steps/sec: 1.73 | LR: 1.46e-04 | Render_L1: 0.0242 | Alpha_L1: 0.0297 | Render_LPIPS: 0.1926 | cos(c,null): +0.3191 | GradNorm: 0.0354 | MSE/t: [0.00-0.50]0.409(n=6343) [0.50-0.85]0.124(n=5917) [0.85-0.95]0.026(n=515) [0.95-1.00]0.016(n=25)
2026-05-01 06:36:42,301 - INFO - [render-loss] step=71600 kept 35/64 samples (t_value >= 0.50)
2026-05-01 06:38:37,729 - INFO - Step   71800 | Epoch  72 | MSE: 0.2637 | Steps/sec: 1.73 | LR: 1.45e-04 | Render_L1: 0.0247 | Alpha_L1: 0.0306 | Render_LPIPS: 0.1958 | cos(c,null): +0.3208 | GradNorm: 0.0427 | MSE/t: [0.00-0.50]0.408(n=6409) [0.50-0.85]0.128(n=5831) [0.85-0.95]0.025(n=535) [0.95-1.00]0.016(n=25)
2026-05-01 06:38:37,831 - INFO - [render-loss] step=71800 kept 37/64 samples (t_value >= 0.50)
2026-05-01 06:40:33,233 - INFO - Step   72000 | Epoch  72 | MSE: 0.2641 | Steps/sec: 1.73 | LR: 1.45e-04 | Render_L1: 0.0245 | Alpha_L1: 0.0299 | Render_LPIPS: 0.1934 | cos(c,null): +0.3208 | GradNorm: 0.0347 | MSE/t: [0.00-0.50]0.409(n=6350) [0.50-0.85]0.130(n=5942) [0.85-0.95]0.025(n=493) [0.95-1.00]0.012(n=15)
2026-05-01 06:40:33,444 - INFO - [cond] cfg_signal=0.0383 (min=0.0225 max=0.0560, n=16) | class_signal=0.0501 (min=0.0185 max=0.0701, n=16) | pred_rms=1.3260
2026-05-01 06:40:41,812 - INFO - [validation] saved: output/jit_B8_no_bottleneck_20260430_194526/dit_validation/epoch_072_step_0072000_class021.png (class=21, sampler=heun, steps=100)
2026-05-01 06:40:43,037 - INFO - [overrides] applied from jit/configs/overrides.yaml: lr_scale=1.0 max_grad_norm=5.0 null_repel_weight=0.0 P_mean=0.0
2026-05-01 06:40:43,135 - INFO - [render-loss] step=72000 kept 30/64 samples (t_value >= 0.50)
2026-05-01 06:42:38,255 - INFO - Step   72200 | Epoch  72 | MSE: 0.2668 | Steps/sec: 1.60 | LR: 1.45e-04 | Render_L1: 0.0241 | Alpha_L1: 0.0298 | Render_LPIPS: 0.1923 | cos(c,null): +0.3214 | GradNorm: 0.0331 | MSE/t: [0.00-0.50]0.416(n=6400) [0.50-0.85]0.126(n=5884) [0.85-0.95]0.025(n=498) [0.95-1.00]0.012(n=18)
2026-05-01 06:42:38,357 - INFO - [render-loss] step=72200 kept 32/64 samples (t_value >= 0.50)
2026-05-01 06:44:34,052 - INFO - Step   72400 | Epoch  72 | MSE: 0.2632 | Steps/sec: 1.73 | LR: 1.45e-04 | Render_L1: 0.0245 | Alpha_L1: 0.0300 | Render_LPIPS: 0.1938 | cos(c,null): +0.3217 | GradNorm: 0.0335 | MSE/t: [0.00-0.50]0.408(n=6413) [0.50-0.85]0.126(n=5878) [0.85-0.95]0.025(n=495) [0.95-1.00]0.012(n=14)
2026-05-01 06:44:34,155 - INFO - [render-loss] step=72400 kept 32/64 samples (t_value >= 0.50)
2026-05-01 06:46:29,674 - INFO - Step   72600 | Epoch  73 | MSE: 0.2641 | Steps/sec: 1.73 | LR: 1.44e-04 | Render_L1: 0.0242 | Alpha_L1: 0.0296 | Render_LPIPS: 0.1918 | cos(c,null): +0.3219 | GradNorm: 0.0352 | MSE/t: [0.00-0.50]0.409(n=6432) [0.50-0.85]0.125(n=5862) [0.85-0.95]0.025(n=492) [0.95-1.00]0.015(n=14)
2026-05-01 06:46:29,777 - INFO - [render-loss] step=72600 kept 32/64 samples (t_value >= 0.50)
2026-05-01 06:48:25,636 - INFO - Step   72800 | Epoch  73 | MSE: 0.2630 | Steps/sec: 1.72 | LR: 1.44e-04 | Render_L1: 0.0245 | Alpha_L1: 0.0298 | Render_LPIPS: 0.1925 | cos(c,null): +0.3230 | GradNorm: 0.0326 | MSE/t: [0.00-0.50]0.410(n=6378) [0.50-0.85]0.126(n=5855) [0.85-0.95]0.025(n=547) [0.95-1.00]0.012(n=20)
2026-05-01 06:48:25,738 - INFO - [render-loss] step=72800 kept 31/64 samples (t_value >= 0.50)
2026-05-01 06:50:21,173 - INFO - Step   73000 | Epoch  73 | MSE: 0.2632 | Steps/sec: 1.73 | LR: 1.44e-04 | Render_L1: 0.0243 | Alpha_L1: 0.0297 | Render_LPIPS: 0.1923 | cos(c,null): +0.3219 | GradNorm: 0.0336 | MSE/t: [0.00-0.50]0.409(n=6414) [0.50-0.85]0.125(n=5869) [0.85-0.95]0.024(n=497) [0.95-1.00]0.018(n=20)
2026-05-01 06:50:21,387 - INFO - [cond] cfg_signal=0.0369 (min=0.0215 max=0.0561, n=16) | class_signal=0.0480 (min=0.0206 max=0.0690, n=16) | pred_rms=1.3037
2026-05-01 06:50:29,696 - INFO - [validation] saved: output/jit_B8_no_bottleneck_20260430_194526/dit_validation/epoch_073_step_0073000_class075.png (class=75, sampler=heun, steps=100)
2026-05-01 06:50:30,916 - INFO - [overrides] applied from jit/configs/overrides.yaml: lr_scale=1.0 max_grad_norm=5.0 null_repel_weight=0.0 P_mean=0.0
2026-05-01 06:50:31,013 - INFO - [render-loss] step=73000 kept 31/64 samples (t_value >= 0.50)
2026-05-01 06:52:26,331 - INFO - Step   73200 | Epoch  73 | MSE: 0.2618 | Steps/sec: 1.60 | LR: 1.44e-04 | Render_L1: 0.0244 | Alpha_L1: 0.0302 | Render_LPIPS: 0.1931 | cos(c,null): +0.3222 | GradNorm: 0.0375 | MSE/t: [0.00-0.50]0.407(n=6400) [0.50-0.85]0.126(n=5851) [0.85-0.95]0.025(n=531) [0.95-1.00]0.012(n=18)
2026-05-01 06:52:26,434 - INFO - [render-loss] step=73200 kept 34/64 samples (t_value >= 0.50)
2026-05-01 06:54:21,728 - INFO - Step   73400 | Epoch  73 | MSE: 0.2650 | Steps/sec: 1.73 | LR: 1.43e-04 | Render_L1: 0.0242 | Alpha_L1: 0.0296 | Render_LPIPS: 0.1920 | cos(c,null): +0.3243 | GradNorm: 0.0350 | MSE/t: [0.00-0.50]0.413(n=6375) [0.50-0.85]0.127(n=5868) [0.85-0.95]0.026(n=531) [0.95-1.00]0.018(n=26)
2026-05-01 06:54:21,830 - INFO - [render-loss] step=73400 kept 39/64 samples (t_value >= 0.50)
2026-05-01 06:56:17,851 - INFO - Step   73600 | Epoch  74 | MSE: 0.2627 | Steps/sec: 1.72 | LR: 1.43e-04 | Render_L1: 0.0247 | Alpha_L1: 0.0305 | Render_LPIPS: 0.1956 | cos(c,null): +0.3271 | GradNorm: 0.0355 | MSE/t: [0.00-0.50]0.406(n=6434) [0.50-0.85]0.126(n=5849) [0.85-0.95]0.026(n=500) [0.95-1.00]0.012(n=17)
2026-05-01 06:56:17,954 - INFO - [render-loss] step=73600 kept 29/64 samples (t_value >= 0.50)
2026-05-01 06:58:13,161 - INFO - Step   73800 | Epoch  74 | MSE: 0.2647 | Steps/sec: 1.73 | LR: 1.43e-04 | Render_L1: 0.0247 | Alpha_L1: 0.0300 | Render_LPIPS: 0.1946 | cos(c,null): +0.3262 | GradNorm: 0.0345 | MSE/t: [0.00-0.50]0.412(n=6368) [0.50-0.85]0.126(n=5861) [0.85-0.95]0.049(n=549) [0.95-1.00]0.013(n=22)
2026-05-01 06:58:13,265 - INFO - [render-loss] step=73800 kept 31/64 samples (t_value >= 0.50)
2026-05-01 07:00:09,010 - INFO - Step   74000 | Epoch  74 | MSE: 0.2647 | Steps/sec: 1.73 | LR: 1.42e-04 | Render_L1: 0.0242 | Alpha_L1: 0.0292 | Render_LPIPS: 0.1916 | cos(c,null): +0.3263 | GradNorm: 0.0356 | MSE/t: [0.00-0.50]0.410(n=6440) [0.50-0.85]0.126(n=5832) [0.85-0.95]0.025(n=514) [0.95-1.00]0.010(n=14)
2026-05-01 07:00:09,223 - INFO - [cond] cfg_signal=0.0381 (min=0.0232 max=0.0575, n=16) | class_signal=0.0508 (min=0.0218 max=0.0721, n=16) | pred_rms=1.3222
2026-05-01 07:00:17,681 - INFO - [validation] saved: output/jit_B8_no_bottleneck_20260430_194526/dit_validation/epoch_074_step_0074000_class071.png (class=71, sampler=heun, steps=100)
2026-05-01 07:00:18,909 - INFO - [overrides] applied from jit/configs/overrides.yaml: lr_scale=1.0 max_grad_norm=5.0 null_repel_weight=0.0 P_mean=0.0
2026-05-01 07:00:19,007 - INFO - [render-loss] step=74000 kept 27/64 samples (t_value >= 0.50)
2026-05-01 07:02:14,474 - INFO - Step   74200 | Epoch  74 | MSE: 0.2671 | Steps/sec: 1.60 | LR: 1.42e-04 | Render_L1: 0.0243 | Alpha_L1: 0.0299 | Render_LPIPS: 0.1926 | cos(c,null): +0.3272 | GradNorm: 0.0606 | MSE/t: [0.00-0.50]0.412(n=6497) [0.50-0.85]0.126(n=5788) [0.85-0.95]0.025(n=500) [0.95-1.00]0.013(n=15)
2026-05-01 07:02:14,576 - INFO - [render-loss] step=74200 kept 38/64 samples (t_value >= 0.50)
2026-05-01 07:04:09,966 - INFO - Step   74400 | Epoch  74 | MSE: 0.2638 | Steps/sec: 1.73 | LR: 1.42e-04 | Render_L1: 0.0243 | Alpha_L1: 0.0298 | Render_LPIPS: 0.1924 | cos(c,null): +0.3308 | GradNorm: 0.0459 | MSE/t: [0.00-0.50]0.413(n=6356) [0.50-0.85]0.126(n=5883) [0.85-0.95]0.027(n=543) [0.95-1.00]0.021(n=18)
2026-05-01 07:04:10,067 - INFO - [render-loss] step=74400 kept 31/64 samples (t_value >= 0.50)
2026-05-01 07:06:05,632 - INFO - Step   74600 | Epoch  75 | MSE: 0.2611 | Steps/sec: 1.73 | LR: 1.42e-04 | Render_L1: 0.0240 | Alpha_L1: 0.0295 | Render_LPIPS: 0.1920 | cos(c,null): +0.3231 | GradNorm: 0.0376 | MSE/t: [0.00-0.50]0.410(n=6291) [0.50-0.85]0.126(n=5948) [0.85-0.95]0.026(n=541) [0.95-1.00]0.014(n=20)
2026-05-01 07:06:05,735 - INFO - [render-loss] step=74600 kept 31/64 samples (t_value >= 0.50)
2026-05-01 07:08:01,041 - INFO - Step   74800 | Epoch  75 | MSE: 0.2612 | Steps/sec: 1.73 | LR: 1.41e-04 | Render_L1: 0.0240 | Alpha_L1: 0.0293 | Render_LPIPS: 0.1906 | cos(c,null): +0.3216 | GradNorm: 0.0341 | MSE/t: [0.00-0.50]0.401(n=6414) [0.50-0.85]0.129(n=5883) [0.85-0.95]0.025(n=483) [0.95-1.00]0.017(n=20)
2026-05-01 07:08:01,144 - INFO - [render-loss] step=74800 kept 33/64 samples (t_value >= 0.50)
2026-05-01 07:09:56,506 - INFO - Step   75000 | Epoch  75 | MSE: 0.2658 | Steps/sec: 1.73 | LR: 1.41e-04 | Render_L1: 0.0245 | Alpha_L1: 0.0300 | Render_LPIPS: 0.1943 | cos(c,null): +0.3233 | GradNorm: 0.0346 | MSE/t: [0.00-0.50]0.408(n=6492) [0.50-0.85]0.128(n=5784) [0.85-0.95]0.025(n=503) [0.95-1.00]0.012(n=21)
2026-05-01 07:09:56,717 - INFO - [cond] cfg_signal=0.0377 (min=0.0232 max=0.0544, n=16) | class_signal=0.0491 (min=0.0211 max=0.0718, n=16) | pred_rms=1.3436
2026-05-01 07:10:05,036 - INFO - [validation] saved: output/jit_B8_no_bottleneck_20260430_194526/dit_validation/epoch_075_step_0075000_class029.png (class=29, sampler=heun, steps=100)
2026-05-01 07:10:06,256 - INFO - [overrides] applied from jit/configs/overrides.yaml: lr_scale=1.0 max_grad_norm=5.0 null_repel_weight=0.0 P_mean=0.0
2026-05-01 07:10:06,353 - INFO - [render-loss] step=75000 kept 27/64 samples (t_value >= 0.50)
2026-05-01 07:12:02,266 - INFO - Step   75200 | Epoch  75 | MSE: 0.2625 | Steps/sec: 1.59 | LR: 1.41e-04 | Render_L1: 0.0245 | Alpha_L1: 0.0294 | Render_LPIPS: 0.1935 | cos(c,null): +0.3218 | GradNorm: 0.0356 | MSE/t: [0.00-0.50]0.407(n=6413) [0.50-0.85]0.126(n=5832) [0.85-0.95]0.026(n=540) [0.95-1.00]0.011(n=15)
2026-05-01 07:12:02,368 - INFO - [render-loss] step=75200 kept 34/64 samples (t_value >= 0.50)
2026-05-01 07:13:57,649 - INFO - Step   75400 | Epoch  75 | MSE: 0.2626 | Steps/sec: 1.73 | LR: 1.41e-04 | Render_L1: 0.0243 | Alpha_L1: 0.0298 | Render_LPIPS: 0.1924 | cos(c,null): +0.3199 | GradNorm: 0.0360 | MSE/t: [0.00-0.50]0.409(n=6366) [0.50-0.85]0.126(n=5937) [0.85-0.95]0.024(n=484) [0.95-1.00]0.011(n=13)
2026-05-01 07:13:57,752 - INFO - [render-loss] step=75400 kept 33/64 samples (t_value >= 0.50)
2026-05-01 07:15:52,846 - INFO - Step   75600 | Epoch  76 | MSE: 0.2662 | Steps/sec: 1.74 | LR: 1.40e-04 | Render_L1: 0.0247 | Alpha_L1: 0.0299 | Render_LPIPS: 0.1943 | cos(c,null): +0.3219 | GradNorm: 0.0411 | MSE/t: [0.00-0.50]0.414(n=6403) [0.50-0.85]0.127(n=5852) [0.85-0.95]0.025(n=526) [0.95-1.00]0.014(n=19)
2026-05-01 07:15:52,950 - INFO - [render-loss] step=75600 kept 28/64 samples (t_value >= 0.50)
2026-05-01 07:17:48,206 - INFO - Step   75800 | Epoch  76 | MSE: 0.2640 | Steps/sec: 1.73 | LR: 1.40e-04 | Render_L1: 0.0241 | Alpha_L1: 0.0301 | Render_LPIPS: 0.1924 | cos(c,null): +0.3227 | GradNorm: 0.1144 | MSE/t: [0.00-0.50]0.409(n=6418) [0.50-0.85]0.127(n=5844) [0.85-0.95]0.028(n=517) [0.95-1.00]0.017(n=21)
2026-05-01 07:17:48,308 - INFO - [render-loss] step=75800 kept 33/64 samples (t_value >= 0.50)
2026-05-01 07:19:43,411 - INFO - Step   76000 | Epoch  76 | MSE: 0.2624 | Steps/sec: 1.74 | LR: 1.40e-04 | Render_L1: 0.0242 | Alpha_L1: 0.0294 | Render_LPIPS: 0.1920 | cos(c,null): +0.3210 | GradNorm: 0.0409 | MSE/t: [0.00-0.50]0.408(n=6386) [0.50-0.85]0.126(n=5879) [0.85-0.95]0.026(n=515) [0.95-1.00]0.012(n=20)
2026-05-01 07:19:43,623 - INFO - [cond] cfg_signal=0.0412 (min=0.0255 max=0.0589, n=16) | class_signal=0.0535 (min=0.0213 max=0.0776, n=16) | pred_rms=1.3553
2026-05-01 07:19:51,867 - INFO - [validation] saved: output/jit_B8_no_bottleneck_20260430_194526/dit_validation/epoch_076_step_0076000_class055.png (class=55, sampler=heun, steps=100)
2026-05-01 07:19:53,075 - INFO - [overrides] applied from jit/configs/overrides.yaml: lr_scale=1.0 max_grad_norm=5.0 null_repel_weight=0.0 P_mean=0.0
2026-05-01 07:19:53,172 - INFO - [render-loss] step=76000 kept 33/64 samples (t_value >= 0.50)
2026-05-01 07:21:48,810 - INFO - Step   76200 | Epoch  76 | MSE: 0.2594 | Steps/sec: 1.60 | LR: 1.39e-04 | Render_L1: 0.0242 | Alpha_L1: 0.0291 | Render_LPIPS: 0.1918 | cos(c,null): +0.3224 | GradNorm: 0.0392 | MSE/t: [0.00-0.50]0.408(n=6280) [0.50-0.85]0.125(n=5976) [0.85-0.95]0.025(n=520) [0.95-1.00]0.014(n=24)
2026-05-01 07:21:48,912 - INFO - [render-loss] step=76200 kept 28/64 samples (t_value >= 0.50)
2026-05-01 07:23:44,381 - INFO - Step   76400 | Epoch  76 | MSE: 0.2653 | Steps/sec: 1.73 | LR: 1.39e-04 | Render_L1: 0.0240 | Alpha_L1: 0.0294 | Render_LPIPS: 0.1915 | cos(c,null): +0.3235 | GradNorm: 0.0361 | MSE/t: [0.00-0.50]0.412(n=6447) [0.50-0.85]0.125(n=5833) [0.85-0.95]0.025(n=495) [0.95-1.00]0.019(n=25)
2026-05-01 07:23:44,483 - INFO - [render-loss] step=76400 kept 31/64 samples (t_value >= 0.50)
2026-05-01 07:25:40,395 - INFO - Step   76600 | Epoch  77 | MSE: 0.2652 | Steps/sec: 1.72 | LR: 1.39e-04 | Render_L1: 0.0239 | Alpha_L1: 0.0285 | Render_LPIPS: 0.1893 | cos(c,null): +0.3241 | GradNorm: 0.0395 | MSE/t: [0.00-0.50]0.414(n=6423) [0.50-0.85]0.124(n=5822) [0.85-0.95]0.025(n=531) [0.95-1.00]0.014(n=24)
2026-05-01 07:25:40,496 - INFO - [render-loss] step=76600 kept 27/64 samples (t_value >= 0.50)
2026-05-01 07:27:35,779 - INFO - Step   76800 | Epoch  77 | MSE: 0.2654 | Steps/sec: 1.73 | LR: 1.39e-04 | Render_L1: 0.0241 | Alpha_L1: 0.0294 | Render_LPIPS: 0.1910 | cos(c,null): +0.3237 | GradNorm: 0.0406 | MSE/t: [0.00-0.50]0.405(n=6508) [0.50-0.85]0.130(n=5775) [0.85-0.95]0.025(n=504) [0.95-1.00]0.012(n=13)
2026-05-01 07:27:35,882 - INFO - [render-loss] step=76800 kept 34/64 samples (t_value >= 0.50)
2026-05-01 07:29:31,698 - INFO - Step   77000 | Epoch  77 | MSE: 0.2632 | Steps/sec: 1.73 | LR: 1.38e-04 | Render_L1: 0.0242 | Alpha_L1: 0.0293 | Render_LPIPS: 0.1907 | cos(c,null): +0.3244 | GradNorm: 0.0377 | MSE/t: [0.00-0.50]0.410(n=6394) [0.50-0.85]0.125(n=5889) [0.85-0.95]0.025(n=498) [0.95-1.00]0.024(n=19)
2026-05-01 07:29:31,911 - INFO - [cond] cfg_signal=0.0393 (min=0.0237 max=0.0595, n=16) | class_signal=0.0511 (min=0.0210 max=0.0747, n=16) | pred_rms=1.3680
2026-05-01 07:29:40,208 - INFO - [validation] saved: output/jit_B8_no_bottleneck_20260430_194526/dit_validation/epoch_077_step_0077000_class030.png (class=30, sampler=heun, steps=100)
2026-05-01 07:29:41,455 - INFO - [overrides] applied from jit/configs/overrides.yaml: lr_scale=1.0 max_grad_norm=5.0 null_repel_weight=0.0 P_mean=0.0
2026-05-01 07:29:41,553 - INFO - [render-loss] step=77000 kept 34/64 samples (t_value >= 0.50)
2026-05-01 07:31:36,889 - INFO - Step   77200 | Epoch  77 | MSE: 0.2656 | Steps/sec: 1.60 | LR: 1.38e-04 | Render_L1: 0.0240 | Alpha_L1: 0.0291 | Render_LPIPS: 0.1915 | cos(c,null): +0.3236 | GradNorm: 0.0363 | MSE/t: [0.00-0.50]0.411(n=6403) [0.50-0.85]0.129(n=5893) [0.85-0.95]0.027(n=474) [0.95-1.00]0.014(n=30)
2026-05-01 07:31:36,992 - INFO - [render-loss] step=77200 kept 37/64 samples (t_value >= 0.50)
2026-05-01 07:33:32,078 - INFO - Step   77400 | Epoch  77 | MSE: 0.2644 | Steps/sec: 1.74 | LR: 1.38e-04 | Render_L1: 0.0241 | Alpha_L1: 0.0295 | Render_LPIPS: 0.1913 | cos(c,null): +0.3236 | GradNorm: 0.0365 | MSE/t: [0.00-0.50]0.411(n=6389) [0.50-0.85]0.127(n=5852) [0.85-0.95]0.025(n=542) [0.95-1.00]0.012(n=17)
2026-05-01 07:33:32,182 - INFO - [render-loss] step=77400 kept 39/64 samples (t_value >= 0.50)
2026-05-01 07:35:27,824 - INFO - Step   77600 | Epoch  78 | MSE: 0.2617 | Steps/sec: 1.73 | LR: 1.37e-04 | Render_L1: 0.0244 | Alpha_L1: 0.0295 | Render_LPIPS: 0.1920 | cos(c,null): +0.3249 | GradNorm: 0.0350 | MSE/t: [0.00-0.50]0.409(n=6342) [0.50-0.85]0.125(n=5946) [0.85-0.95]0.025(n=493) [0.95-1.00]0.011(n=19)
2026-05-01 07:35:27,927 - INFO - [render-loss] step=77600 kept 36/64 samples (t_value >= 0.50)
2026-05-01 07:37:23,217 - INFO - Step   77800 | Epoch  78 | MSE: 0.2628 | Steps/sec: 1.73 | LR: 1.37e-04 | Render_L1: 0.0241 | Alpha_L1: 0.0292 | Render_LPIPS: 0.1904 | cos(c,null): +0.3258 | GradNorm: 0.0368 | MSE/t: [0.00-0.50]0.408(n=6415) [0.50-0.85]0.125(n=5863) [0.85-0.95]0.025(n=507) [0.95-1.00]0.014(n=15)
2026-05-01 07:37:23,320 - INFO - [render-loss] step=77800 kept 30/64 samples (t_value >= 0.50)
2026-05-01 07:39:18,900 - INFO - Step   78000 | Epoch  78 | MSE: 0.2693 | Steps/sec: 1.73 | LR: 1.37e-04 | Render_L1: 0.0241 | Alpha_L1: 0.0289 | Render_LPIPS: 0.1914 | cos(c,null): +0.3269 | GradNorm: 0.0364 | MSE/t: [0.00-0.50]0.418(n=6427) [0.50-0.85]0.128(n=5846) [0.85-0.95]0.025(n=503) [0.95-1.00]0.011(n=24)
2026-05-01 07:39:19,111 - INFO - [cond] cfg_signal=0.0383 (min=0.0236 max=0.0556, n=16) | class_signal=0.0505 (min=0.0216 max=0.0727, n=16) | pred_rms=1.2584
2026-05-01 07:39:27,510 - INFO - [validation] saved: output/jit_B8_no_bottleneck_20260430_194526/dit_validation/epoch_078_step_0078000_class090.png (class=90, sampler=heun, steps=100)
2026-05-01 07:39:28,774 - INFO - [overrides] applied from jit/configs/overrides.yaml: lr_scale=1.0 max_grad_norm=5.0 null_repel_weight=0.0 P_mean=0.0
2026-05-01 07:39:28,871 - INFO - [render-loss] step=78000 kept 35/64 samples (t_value >= 0.50)
2026-05-01 07:41:24,383 - INFO - Step   78200 | Epoch  78 | MSE: 0.2600 | Steps/sec: 1.60 | LR: 1.37e-04 | Render_L1: 0.0239 | Alpha_L1: 0.0292 | Render_LPIPS: 0.1890 | cos(c,null): +0.3241 | GradNorm: 0.0413 | MSE/t: [0.00-0.50]0.407(n=6338) [0.50-0.85]0.125(n=5912) [0.85-0.95]0.026(n=529) [0.95-1.00]0.013(n=21)
2026-05-01 07:41:24,486 - INFO - [render-loss] step=78200 kept 37/64 samples (t_value >= 0.50)
2026-05-01 07:43:19,929 - INFO - Step   78400 | Epoch  78 | MSE: 0.2593 | Steps/sec: 1.73 | LR: 1.36e-04 | Render_L1: 0.0239 | Alpha_L1: 0.0297 | Render_LPIPS: 0.1909 | cos(c,null): +0.3237 | GradNorm: 0.0397 | MSE/t: [0.00-0.50]0.401(n=6414) [0.50-0.85]0.126(n=5834) [0.85-0.95]0.024(n=528) [0.95-1.00]0.012(n=24)
2026-05-01 07:43:20,032 - INFO - [render-loss] step=78400 kept 39/64 samples (t_value >= 0.50)
2026-05-01 07:45:15,701 - INFO - Step   78600 | Epoch  79 | MSE: 0.2606 | Steps/sec: 1.73 | LR: 1.36e-04 | Render_L1: 0.0242 | Alpha_L1: 0.0295 | Render_LPIPS: 0.1907 | cos(c,null): +0.3219 | GradNorm: 0.0363 | MSE/t: [0.00-0.50]0.408(n=6293) [0.50-0.85]0.127(n=5978) [0.85-0.95]0.025(n=512) [0.95-1.00]0.013(n=17)
2026-05-01 07:45:15,803 - INFO - [render-loss] step=78600 kept 33/64 samples (t_value >= 0.50)
2026-05-01 07:47:11,227 - INFO - Step   78800 | Epoch  79 | MSE: 0.2640 | Steps/sec: 1.73 | LR: 1.36e-04 | Render_L1: 0.0237 | Alpha_L1: 0.0287 | Render_LPIPS: 0.1887 | cos(c,null): +0.3226 | GradNorm: 0.0364 | MSE/t: [0.00-0.50]0.412(n=6389) [0.50-0.85]0.126(n=5840) [0.85-0.95]0.025(n=550) [0.95-1.00]0.016(n=21)
2026-05-01 07:47:11,329 - INFO - [render-loss] step=78800 kept 29/64 samples (t_value >= 0.50)
2026-05-01 07:49:06,543 - INFO - Step   79000 | Epoch  79 | MSE: 0.2622 | Steps/sec: 1.73 | LR: 1.35e-04 | Render_L1: 0.0239 | Alpha_L1: 0.0287 | Render_LPIPS: 0.1899 | cos(c,null): +0.3229 | GradNorm: 0.0362 | MSE/t: [0.00-0.50]0.406(n=6415) [0.50-0.85]0.126(n=5847) [0.85-0.95]0.025(n=508) [0.95-1.00]0.013(n=30)
2026-05-01 07:49:06,756 - INFO - [cond] cfg_signal=0.0402 (min=0.0245 max=0.0618, n=16) | class_signal=0.0517 (min=0.0209 max=0.0754, n=16) | pred_rms=1.3407
2026-05-01 07:49:15,050 - INFO - [validation] saved: output/jit_B8_no_bottleneck_20260430_194526/dit_validation/epoch_079_step_0079000_class013.png (class=13, sampler=heun, steps=100)
2026-05-01 07:49:16,292 - INFO - [overrides] applied from jit/configs/overrides.yaml: lr_scale=1.0 max_grad_norm=5.0 null_repel_weight=0.0 P_mean=0.0
2026-05-01 07:49:16,390 - INFO - [render-loss] step=79000 kept 34/64 samples (t_value >= 0.50)
2026-05-01 07:51:11,900 - INFO - Step   79200 | Epoch  79 | MSE: 0.2658 | Steps/sec: 1.60 | LR: 1.35e-04 | Render_L1: 0.0242 | Alpha_L1: 0.0296 | Render_LPIPS: 0.1910 | cos(c,null): +0.3250 | GradNorm: 0.0364 | MSE/t: [0.00-0.50]0.412(n=6456) [0.50-0.85]0.126(n=5816) [0.85-0.95]0.026(n=511) [0.95-1.00]0.015(n=17)
2026-05-01 07:51:12,003 - INFO - [render-loss] step=79200 kept 36/64 samples (t_value >= 0.50)
2026-05-01 07:53:08,001 - INFO - Step   79400 | Epoch  79 | MSE: 0.2655 | Steps/sec: 1.72 | LR: 1.35e-04 | Render_L1: 0.0241 | Alpha_L1: 0.0294 | Render_LPIPS: 0.1912 | cos(c,null): +0.3279 | GradNorm: 0.0388 | MSE/t: [0.00-0.50]0.410(n=6464) [0.50-0.85]0.127(n=5817) [0.85-0.95]0.025(n=502) [0.95-1.00]0.015(n=17)
2026-05-01 07:53:08,104 - INFO - [render-loss] step=79400 kept 28/64 samples (t_value >= 0.50)
2026-05-01 07:55:04,165 - INFO - Step   79600 | Epoch  80 | MSE: 0.2662 | Steps/sec: 1.72 | LR: 1.35e-04 | Render_L1: 0.0239 | Alpha_L1: 0.0289 | Render_LPIPS: 0.1901 | cos(c,null): +0.3299 | GradNorm: 0.0361 | MSE/t: [0.00-0.50]0.410(n=6523) [0.50-0.85]0.126(n=5732) [0.85-0.95]0.025(n=526) [0.95-1.00]0.013(n=19)
2026-05-01 07:55:04,267 - INFO - [render-loss] step=79600 kept 25/64 samples (t_value >= 0.50)
2026-05-01 07:56:59,686 - INFO - Step   79800 | Epoch  80 | MSE: 0.2637 | Steps/sec: 1.73 | LR: 1.34e-04 | Render_L1: 0.0241 | Alpha_L1: 0.0295 | Render_LPIPS: 0.1911 | cos(c,null): +0.3318 | GradNorm: 0.0360 | MSE/t: [0.00-0.50]0.413(n=6350) [0.50-0.85]0.126(n=5897) [0.85-0.95]0.024(n=535) [0.95-1.00]0.014(n=18)
2026-05-01 07:56:59,789 - INFO - [render-loss] step=79800 kept 36/64 samples (t_value >= 0.50)
2026-05-01 07:58:55,064 - INFO - Step   80000 | Epoch  80 | MSE: 0.2625 | Steps/sec: 1.73 | LR: 1.34e-04 | Render_L1: 0.0241 | Alpha_L1: 0.0294 | Render_LPIPS: 0.1913 | cos(c,null): +0.3340 | GradNorm: 0.0346 | MSE/t: [0.00-0.50]0.408(n=6376) [0.50-0.85]0.127(n=5899) [0.85-0.95]0.026(n=501) [0.95-1.00]0.012(n=24)
2026-05-01 07:58:55,276 - INFO - [cond] cfg_signal=0.0385 (min=0.0230 max=0.0585, n=16) | class_signal=0.0498 (min=0.0216 max=0.0754, n=16) | pred_rms=1.3050
2026-05-01 07:58:57,058 - INFO - Saved checkpoint to output/jit_B8_no_bottleneck_20260430_194526/0080000.pt
2026-05-01 07:58:57,268 - INFO - [cond] cfg_signal=0.0385 (min=0.0230 max=0.0585, n=16) | class_signal=0.0498 (min=0.0216 max=0.0754, n=16) | pred_rms=1.3050
2026-05-01 07:59:05,637 - INFO - [validation] saved: output/jit_B8_no_bottleneck_20260430_194526/dit_validation/epoch_080_step_0080000_class044.png (class=44, sampler=heun, steps=100)
2026-05-01 07:59:06,911 - INFO - [overrides] applied from jit/configs/overrides.yaml: lr_scale=1.0 max_grad_norm=5.0 null_repel_weight=0.0 P_mean=0.0
2026-05-01 07:59:07,008 - INFO - [render-loss] step=80000 kept 32/64 samples (t_value >= 0.50)
2026-05-01 08:01:02,323 - INFO - Step   80200 | Epoch  80 | MSE: 0.2616 | Steps/sec: 1.57 | LR: 1.34e-04 | Render_L1: 0.0237 | Alpha_L1: 0.0286 | Render_LPIPS: 0.1892 | cos(c,null): +0.3369 | GradNorm: 0.0360 | MSE/t: [0.00-0.50]0.408(n=6389) [0.50-0.85]0.125(n=5843) [0.85-0.95]0.025(n=544) [0.95-1.00]0.013(n=24)
2026-05-01 08:01:02,425 - INFO - [render-loss] step=80200 kept 31/64 samples (t_value >= 0.50)
2026-05-01 08:02:57,738 - INFO - Step   80400 | Epoch  80 | MSE: 0.2648 | Steps/sec: 1.73 | LR: 1.33e-04 | Render_L1: 0.0242 | Alpha_L1: 0.0294 | Render_LPIPS: 0.1913 | cos(c,null): +0.3386 | GradNorm: 0.0386 | MSE/t: [0.00-0.50]0.413(n=6362) [0.50-0.85]0.127(n=5909) [0.85-0.95]0.026(n=507) [0.95-1.00]0.012(n=22)
2026-05-01 08:02:57,841 - INFO - [render-loss] step=80400 kept 37/64 samples (t_value >= 0.50)
2026-05-01 08:04:53,482 - INFO - Step   80600 | Epoch  81 | MSE: 0.2614 | Steps/sec: 1.73 | LR: 1.33e-04 | Render_L1: 0.0242 | Alpha_L1: 0.0294 | Render_LPIPS: 0.1911 | cos(c,null): +0.3375 | GradNorm: 0.0353 | MSE/t: [0.00-0.50]0.405(n=6390) [0.50-0.85]0.127(n=5868) [0.85-0.95]0.026(n=519) [0.95-1.00]0.014(n=23)
2026-05-01 08:04:53,585 - INFO - [render-loss] step=80600 kept 35/64 samples (t_value >= 0.50)
2026-05-01 08:06:49,222 - INFO - Step   80800 | Epoch  81 | MSE: 0.2617 | Steps/sec: 1.73 | LR: 1.33e-04 | Render_L1: 0.0243 | Alpha_L1: 0.0291 | Render_LPIPS: 0.1915 | cos(c,null): +0.3392 | GradNorm: 0.0352 | MSE/t: [0.00-0.50]0.409(n=6317) [0.50-0.85]0.127(n=5960) [0.85-0.95]0.025(n=501) [0.95-1.00]0.015(n=22)
2026-05-01 08:06:49,325 - INFO - [render-loss] step=80800 kept 37/64 samples (t_value >= 0.50)
2026-05-01 08:08:44,924 - INFO - Step   81000 | Epoch  81 | MSE: 0.2622 | Steps/sec: 1.73 | LR: 1.33e-04 | Render_L1: 0.0242 | Alpha_L1: 0.0290 | Render_LPIPS: 0.1907 | cos(c,null): +0.3404 | GradNorm: 0.0387 | MSE/t: [0.00-0.50]0.407(n=6382) [0.50-0.85]0.127(n=5885) [0.85-0.95]0.025(n=505) [0.95-1.00]0.019(n=28)
2026-05-01 08:08:45,139 - INFO - [cond] cfg_signal=0.0401 (min=0.0222 max=0.0593, n=16) | class_signal=0.0536 (min=0.0202 max=0.0806, n=16) | pred_rms=1.3469
2026-05-01 08:08:53,481 - INFO - [validation] saved: output/jit_B8_no_bottleneck_20260430_194526/dit_validation/epoch_081_step_0081000_class102.png (class=102, sampler=heun, steps=100)
2026-05-01 08:08:54,730 - INFO - [overrides] applied from jit/configs/overrides.yaml: lr_scale=1.0 max_grad_norm=5.0 null_repel_weight=0.0 P_mean=0.0
2026-05-01 08:08:54,827 - INFO - [render-loss] step=81000 kept 34/64 samples (t_value >= 0.50)
2026-05-01 08:10:49,989 - INFO - Step   81200 | Epoch  81 | MSE: 0.2656 | Steps/sec: 1.60 | LR: 1.32e-04 | Render_L1: 0.0241 | Alpha_L1: 0.0291 | Render_LPIPS: 0.1902 | cos(c,null): +0.3425 | GradNorm: 0.0401 | MSE/t: [0.00-0.50]0.410(n=6463) [0.50-0.85]0.128(n=5792) [0.85-0.95]0.024(n=520) [0.95-1.00]0.012(n=25)
2026-05-01 08:10:50,092 - INFO - [render-loss] step=81200 kept 28/64 samples (t_value >= 0.50)
2026-05-01 08:12:45,524 - INFO - Step   81400 | Epoch  81 | MSE: 0.2592 | Steps/sec: 1.73 | LR: 1.32e-04 | Render_L1: 0.0241 | Alpha_L1: 0.0289 | Render_LPIPS: 0.1908 | cos(c,null): +0.3432 | GradNorm: 0.0371 | MSE/t: [0.00-0.50]0.405(n=6287) [0.50-0.85]0.126(n=6015) [0.85-0.95]0.025(n=474) [0.95-1.00]0.015(n=24)
2026-05-01 08:12:45,627 - INFO - [render-loss] step=81400 kept 35/64 samples (t_value >= 0.50)
2026-05-01 08:14:41,360 - INFO - Step   81600 | Epoch  82 | MSE: 0.2592 | Steps/sec: 1.73 | LR: 1.32e-04 | Render_L1: 0.0239 | Alpha_L1: 0.0292 | Render_LPIPS: 0.1904 | cos(c,null): +0.3449 | GradNorm: 0.0349 | MSE/t: [0.00-0.50]0.406(n=6311) [0.50-0.85]0.124(n=5949) [0.85-0.95]0.025(n=520) [0.95-1.00]0.018(n=20)
2026-05-01 08:14:41,462 - INFO - [render-loss] step=81600 kept 28/64 samples (t_value >= 0.50)
2026-05-01 08:16:36,797 - INFO - Step   81800 | Epoch  82 | MSE: 0.2627 | Steps/sec: 1.73 | LR: 1.31e-04 | Render_L1: 0.0241 | Alpha_L1: 0.0294 | Render_LPIPS: 0.1908 | cos(c,null): +0.3481 | GradNorm: 0.0370 | MSE/t: [0.00-0.50]0.409(n=6383) [0.50-0.85]0.126(n=5867) [0.85-0.95]0.025(n=530) [0.95-1.00]0.013(n=20)
2026-05-01 08:16:36,899 - INFO - [render-loss] step=81800 kept 31/64 samples (t_value >= 0.50)
2026-05-01 08:18:32,469 - INFO - Step   82000 | Epoch  82 | MSE: 0.2615 | Steps/sec: 1.73 | LR: 1.31e-04 | Render_L1: 0.0235 | Alpha_L1: 0.0287 | Render_LPIPS: 0.1879 | cos(c,null): +0.3494 | GradNorm: 0.0360 | MSE/t: [0.00-0.50]0.405(n=6421) [0.50-0.85]0.126(n=5794) [0.85-0.95]0.025(n=563) [0.95-1.00]0.012(n=22)
2026-05-01 08:18:32,681 - INFO - [cond] cfg_signal=0.0388 (min=0.0217 max=0.0598, n=16) | class_signal=0.0508 (min=0.0212 max=0.0740, n=16) | pred_rms=1.3247
2026-05-01 08:18:40,960 - INFO - [validation] saved: output/jit_B8_no_bottleneck_20260430_194526/dit_validation/epoch_082_step_0082000_class016.png (class=16, sampler=heun, steps=100)
2026-05-01 08:18:42,211 - INFO - [overrides] applied from jit/configs/overrides.yaml: lr_scale=1.0 max_grad_norm=5.0 null_repel_weight=0.0 P_mean=0.0
2026-05-01 08:18:42,308 - INFO - [render-loss] step=82000 kept 30/64 samples (t_value >= 0.50)
2026-05-01 08:20:38,009 - INFO - Step   82200 | Epoch  82 | MSE: 0.2646 | Steps/sec: 1.60 | LR: 1.31e-04 | Render_L1: 0.0240 | Alpha_L1: 0.0291 | Render_LPIPS: 0.1895 | cos(c,null): +0.3529 | GradNorm: 0.0396 | MSE/t: [0.00-0.50]0.414(n=6364) [0.50-0.85]0.126(n=5885) [0.85-0.95]0.026(n=525) [0.95-1.00]0.014(n=26)
2026-05-01 08:20:38,111 - INFO - [render-loss] step=82200 kept 33/64 samples (t_value >= 0.50)
2026-05-01 08:22:34,214 - INFO - Step   82400 | Epoch  82 | MSE: 0.2611 | Steps/sec: 1.72 | LR: 1.31e-04 | Render_L1: 0.0240 | Alpha_L1: 0.0289 | Render_LPIPS: 0.1910 | cos(c,null): +0.3564 | GradNorm: 0.0379 | MSE/t: [0.00-0.50]0.407(n=6359) [0.50-0.85]0.125(n=5939) [0.85-0.95]0.025(n=485) [0.95-1.00]0.018(n=17)
2026-05-01 08:22:34,317 - INFO - [render-loss] step=82400 kept 30/64 samples (t_value >= 0.50)
2026-05-01 08:24:30,492 - INFO - Step   82600 | Epoch  83 | MSE: 0.2604 | Steps/sec: 1.72 | LR: 1.30e-04 | Render_L1: 0.0240 | Alpha_L1: 0.0290 | Render_LPIPS: 0.1894 | cos(c,null): +0.3567 | GradNorm: 0.0382 | MSE/t: [0.00-0.50]0.405(n=6350) [0.50-0.85]0.126(n=5929) [0.85-0.95]0.025(n=499) [0.95-1.00]0.012(n=22)
2026-05-01 08:24:30,595 - INFO - [render-loss] step=82600 kept 35/64 samples (t_value >= 0.50)
2026-05-01 08:26:25,867 - INFO - Step   82800 | Epoch  83 | MSE: 0.2631 | Steps/sec: 1.73 | LR: 1.30e-04 | Render_L1: 0.0236 | Alpha_L1: 0.0288 | Render_LPIPS: 0.1885 | cos(c,null): +0.3572 | GradNorm: 0.0457 | MSE/t: [0.00-0.50]0.407(n=6441) [0.50-0.85]0.125(n=5813) [0.85-0.95]0.032(n=518) [0.95-1.00]0.017(n=28)
2026-05-01 08:26:25,970 - INFO - [render-loss] step=82800 kept 41/64 samples (t_value >= 0.50)
2026-05-01 08:28:21,678 - INFO - Step   83000 | Epoch  83 | MSE: 0.2627 | Steps/sec: 1.73 | LR: 1.30e-04 | Render_L1: 0.0241 | Alpha_L1: 0.0288 | Render_LPIPS: 0.1886 | cos(c,null): +0.3586 | GradNorm: 0.0431 | MSE/t: [0.00-0.50]0.408(n=6365) [0.50-0.85]0.127(n=5939) [0.85-0.95]0.030(n=480) [0.95-1.00]0.018(n=16)
2026-05-01 08:28:21,889 - INFO - [cond] cfg_signal=0.0371 (min=0.0210 max=0.0573, n=16) | class_signal=0.0484 (min=0.0224 max=0.0702, n=16) | pred_rms=1.3175
2026-05-01 08:28:30,224 - INFO - [validation] saved: output/jit_B8_no_bottleneck_20260430_194526/dit_validation/epoch_083_step_0083000_class028.png (class=28, sampler=heun, steps=100)
2026-05-01 08:28:31,404 - INFO - [overrides] applied from jit/configs/overrides.yaml: lr_scale=1.0 max_grad_norm=5.0 null_repel_weight=0.0 P_mean=0.0
2026-05-01 08:28:31,502 - INFO - [render-loss] step=83000 kept 21/64 samples (t_value >= 0.50)
2026-05-01 08:30:26,800 - INFO - Step   83200 | Epoch  83 | MSE: 0.2635 | Steps/sec: 1.60 | LR: 1.29e-04 | Render_L1: 0.0237 | Alpha_L1: 0.0281 | Render_LPIPS: 0.1883 | cos(c,null): +0.3542 | GradNorm: 0.0392 | MSE/t: [0.00-0.50]0.404(n=6498) [0.50-0.85]0.127(n=5763) [0.85-0.95]0.026(n=520) [0.95-1.00]0.018(n=19)
2026-05-01 08:30:26,903 - INFO - [render-loss] step=83200 kept 41/64 samples (t_value >= 0.50)
2026-05-01 08:32:22,245 - INFO - Step   83400 | Epoch  83 | MSE: 0.2640 | Steps/sec: 1.73 | LR: 1.29e-04 | Render_L1: 0.0239 | Alpha_L1: 0.0290 | Render_LPIPS: 0.1890 | cos(c,null): +0.3534 | GradNorm: 0.0396 | MSE/t: [0.00-0.50]0.413(n=6353) [0.50-0.85]0.126(n=5915) [0.85-0.95]0.026(n=506) [0.95-1.00]0.012(n=26)
2026-05-01 08:32:22,347 - INFO - [render-loss] step=83400 kept 30/64 samples (t_value >= 0.50)
2026-05-01 08:34:18,048 - INFO - Step   83600 | Epoch  84 | MSE: 0.2645 | Steps/sec: 1.73 | LR: 1.29e-04 | Render_L1: 0.0240 | Alpha_L1: 0.0288 | Render_LPIPS: 0.1896 | cos(c,null): +0.3565 | GradNorm: 0.0355 | MSE/t: [0.00-0.50]0.411(n=6397) [0.50-0.85]0.127(n=5849) [0.85-0.95]0.025(n=523) [0.95-1.00]0.014(n=31)
2026-05-01 08:34:18,150 - INFO - [render-loss] step=83600 kept 35/64 samples (t_value >= 0.50)
2026-05-01 08:36:13,625 - INFO - Step   83800 | Epoch  84 | MSE: 0.2635 | Steps/sec: 1.73 | LR: 1.28e-04 | Render_L1: 0.0239 | Alpha_L1: 0.0289 | Render_LPIPS: 0.1884 | cos(c,null): +0.3577 | GradNorm: 0.0401 | MSE/t: [0.00-0.50]0.407(n=6464) [0.50-0.85]0.125(n=5813) [0.85-0.95]0.025(n=505) [0.95-1.00]0.012(n=18)
2026-05-01 08:36:13,727 - INFO - [render-loss] step=83800 kept 32/64 samples (t_value >= 0.50)
2026-05-01 08:38:09,000 - INFO - Step   84000 | Epoch  84 | MSE: 0.2659 | Steps/sec: 1.73 | LR: 1.28e-04 | Render_L1: 0.0239 | Alpha_L1: 0.0290 | Render_LPIPS: 0.1905 | cos(c,null): +0.3581 | GradNorm: 0.0383 | MSE/t: [0.00-0.50]0.415(n=6429) [0.50-0.85]0.124(n=5834) [0.85-0.95]0.025(n=511) [0.95-1.00]0.014(n=26)
2026-05-01 08:38:09,211 - INFO - [cond] cfg_signal=0.0374 (min=0.0219 max=0.0578, n=16) | class_signal=0.0488 (min=0.0203 max=0.0720, n=16) | pred_rms=1.3100
2026-05-01 08:38:17,379 - INFO - [validation] saved: output/jit_B8_no_bottleneck_20260430_194526/dit_validation/epoch_084_step_0084000_class038.png (class=38, sampler=heun, steps=100)
2026-05-01 08:38:18,552 - INFO - [overrides] applied from jit/configs/overrides.yaml: lr_scale=1.0 max_grad_norm=5.0 null_repel_weight=0.0 P_mean=0.0
2026-05-01 08:38:18,649 - INFO - [render-loss] step=84000 kept 29/64 samples (t_value >= 0.50)
2026-05-01 08:40:14,063 - INFO - Step   84200 | Epoch  84 | MSE: 0.2610 | Steps/sec: 1.60 | LR: 1.28e-04 | Render_L1: 0.0238 | Alpha_L1: 0.0287 | Render_LPIPS: 0.1885 | cos(c,null): +0.3598 | GradNorm: 0.0416 | MSE/t: [0.00-0.50]0.407(n=6351) [0.50-0.85]0.126(n=5898) [0.85-0.95]0.024(n=527) [0.95-1.00]0.016(n=24)
2026-05-01 08:40:14,166 - INFO - [render-loss] step=84200 kept 31/64 samples (t_value >= 0.50)
2026-05-01 08:42:09,298 - INFO - Step   84400 | Epoch  84 | MSE: 0.2641 | Steps/sec: 1.74 | LR: 1.28e-04 | Render_L1: 0.0240 | Alpha_L1: 0.0286 | Render_LPIPS: 0.1897 | cos(c,null): +0.3614 | GradNorm: 0.0372 | MSE/t: [0.00-0.50]0.405(n=6543) [0.50-0.85]0.124(n=5771) [0.85-0.95]0.028(n=466) [0.95-1.00]0.012(n=20)
2026-05-01 08:42:09,401 - INFO - [render-loss] step=84400 kept 32/64 samples (t_value >= 0.50)
2026-05-01 08:44:04,795 - INFO - Step   84600 | Epoch  85 | MSE: 0.2623 | Steps/sec: 1.73 | LR: 1.27e-04 | Render_L1: 0.0239 | Alpha_L1: 0.0288 | Render_LPIPS: 0.1889 | cos(c,null): +0.3631 | GradNorm: 0.0392 | MSE/t: [0.00-0.50]0.409(n=6325) [0.50-0.85]0.128(n=5936) [0.85-0.95]0.025(n=518) [0.95-1.00]0.016(n=21)
2026-05-01 08:44:04,896 - INFO - [render-loss] step=84600 kept 40/64 samples (t_value >= 0.50)
2026-05-01 08:46:00,564 - INFO - Step   84800 | Epoch  85 | MSE: 0.2632 | Steps/sec: 1.73 | LR: 1.27e-04 | Render_L1: 0.0238 | Alpha_L1: 0.0288 | Render_LPIPS: 0.1894 | cos(c,null): +0.3646 | GradNorm: 0.0365 | MSE/t: [0.00-0.50]0.414(n=6322) [0.50-0.85]0.126(n=5883) [0.85-0.95]0.025(n=576) [0.95-1.00]0.017(n=19)
2026-05-01 08:46:00,667 - INFO - [render-loss] step=84800 kept 40/64 samples (t_value >= 0.50)
2026-05-01 08:47:56,582 - INFO - Step   85000 | Epoch  85 | MSE: 0.2620 | Steps/sec: 1.72 | LR: 1.27e-04 | Render_L1: 0.0237 | Alpha_L1: 0.0284 | Render_LPIPS: 0.1872 | cos(c,null): +0.3659 | GradNorm: 0.0369 | MSE/t: [0.00-0.50]0.411(n=6311) [0.50-0.85]0.125(n=5962) [0.85-0.95]0.025(n=501) [0.95-1.00]0.015(n=26)
2026-05-01 08:47:56,792 - INFO - [cond] cfg_signal=0.0376 (min=0.0220 max=0.0579, n=16) | class_signal=0.0496 (min=0.0206 max=0.0739, n=16) | pred_rms=1.3380
2026-05-01 08:48:04,986 - INFO - [validation] saved: output/jit_B8_no_bottleneck_20260430_194526/dit_validation/epoch_085_step_0085000_class036.png (class=36, sampler=heun, steps=100)
2026-05-01 08:48:06,153 - INFO - [overrides] applied from jit/configs/overrides.yaml: lr_scale=1.0 max_grad_norm=5.0 null_repel_weight=0.0 P_mean=0.0
2026-05-01 08:48:06,250 - INFO - [render-loss] step=85000 kept 29/64 samples (t_value >= 0.50)
2026-05-01 08:50:01,475 - INFO - Step   85200 | Epoch  85 | MSE: 0.2624 | Steps/sec: 1.60 | LR: 1.26e-04 | Render_L1: 0.0237 | Alpha_L1: 0.0285 | Render_LPIPS: 0.1884 | cos(c,null): +0.3664 | GradNorm: 0.0380 | MSE/t: [0.00-0.50]0.407(n=6397) [0.50-0.85]0.126(n=5883) [0.85-0.95]0.026(n=500) [0.95-1.00]0.015(n=20)
2026-05-01 08:50:01,578 - INFO - [render-loss] step=85200 kept 29/64 samples (t_value >= 0.50)
2026-05-01 08:51:57,665 - INFO - Step   85400 | Epoch  86 | MSE: 0.2625 | Steps/sec: 1.72 | LR: 1.26e-04 | Render_L1: 0.0238 | Alpha_L1: 0.0284 | Render_LPIPS: 0.1882 | cos(c,null): +0.3667 | GradNorm: 0.0401 | MSE/t: [0.00-0.50]0.411(n=6346) [0.50-0.85]0.125(n=5903) [0.85-0.95]0.025(n=527) [0.95-1.00]0.011(n=24)
2026-05-01 08:51:57,768 - INFO - [render-loss] step=85400 kept 34/64 samples (t_value >= 0.50)
2026-05-01 08:53:53,360 - INFO - Step   85600 | Epoch  86 | MSE: 0.2611 | Steps/sec: 1.73 | LR: 1.26e-04 | Render_L1: 0.0239 | Alpha_L1: 0.0289 | Render_LPIPS: 0.1891 | cos(c,null): +0.3619 | GradNorm: 0.0390 | MSE/t: [0.00-0.50]0.408(n=6328) [0.50-0.85]0.126(n=5922) [0.85-0.95]0.025(n=515) [0.95-1.00]0.015(n=35)
2026-05-01 08:53:53,462 - INFO - [render-loss] step=85600 kept 31/64 samples (t_value >= 0.50)
2026-05-01 08:55:48,669 - INFO - Step   85800 | Epoch  86 | MSE: 0.2643 | Steps/sec: 1.73 | LR: 1.26e-04 | Render_L1: 0.0234 | Alpha_L1: 0.0282 | Render_LPIPS: 0.1868 | cos(c,null): +0.3587 | GradNorm: 0.0388 | MSE/t: [0.00-0.50]0.409(n=6462) [0.50-0.85]0.125(n=5813) [0.85-0.95]0.025(n=499) [0.95-1.00]0.019(n=26)
2026-05-01 08:55:48,771 - INFO - [render-loss] step=85800 kept 35/64 samples (t_value >= 0.50)
2026-05-01 08:57:44,587 - INFO - Step   86000 | Epoch  86 | MSE: 0.2637 | Steps/sec: 1.73 | LR: 1.25e-04 | Render_L1: 0.0240 | Alpha_L1: 0.0293 | Render_LPIPS: 0.1904 | cos(c,null): +0.3602 | GradNorm: 0.0399 | MSE/t: [0.00-0.50]0.407(n=6376) [0.50-0.85]0.130(n=5887) [0.85-0.95]0.026(n=513) [0.95-1.00]0.013(n=24)
2026-05-01 08:57:44,803 - INFO - [cond] cfg_signal=0.0375 (min=0.0219 max=0.0532, n=16) | class_signal=0.0489 (min=0.0218 max=0.0724, n=16) | pred_rms=1.3144
2026-05-01 08:57:53,073 - INFO - [validation] saved: output/jit_B8_no_bottleneck_20260430_194526/dit_validation/epoch_086_step_0086000_class034.png (class=34, sampler=heun, steps=100)
2026-05-01 08:57:54,253 - INFO - [overrides] applied from jit/configs/overrides.yaml: lr_scale=1.0 max_grad_norm=5.0 null_repel_weight=0.0 P_mean=0.0
2026-05-01 08:57:54,351 - INFO - [render-loss] step=86000 kept 33/64 samples (t_value >= 0.50)
2026-05-01 08:59:49,951 - INFO - Step   86200 | Epoch  86 | MSE: 0.2638 | Steps/sec: 1.60 | LR: 1.25e-04 | Render_L1: 0.0236 | Alpha_L1: 0.0286 | Render_LPIPS: 0.1887 | cos(c,null): +0.3624 | GradNorm: 0.0388 | MSE/t: [0.00-0.50]0.414(n=6326) [0.50-0.85]0.126(n=5911) [0.85-0.95]0.025(n=530) [0.95-1.00]0.011(n=33)
2026-05-01 08:59:50,053 - INFO - [render-loss] step=86200 kept 33/64 samples (t_value >= 0.50)
2026-05-01 09:01:45,345 - INFO - Step   86400 | Epoch  87 | MSE: 0.2631 | Steps/sec: 1.73 | LR: 1.25e-04 | Render_L1: 0.0238 | Alpha_L1: 0.0288 | Render_LPIPS: 0.1883 | cos(c,null): +0.3639 | GradNorm: 0.0397 | MSE/t: [0.00-0.50]0.411(n=6348) [0.50-0.85]0.126(n=5910) [0.85-0.95]0.025(n=527) [0.95-1.00]0.017(n=15)
2026-05-01 09:01:45,448 - INFO - [render-loss] step=86400 kept 30/64 samples (t_value >= 0.50)
2026-05-01 09:03:40,676 - INFO - Step   86600 | Epoch  87 | MSE: 0.2597 | Steps/sec: 1.73 | LR: 1.24e-04 | Render_L1: 0.0234 | Alpha_L1: 0.0287 | Render_LPIPS: 0.1870 | cos(c,null): +0.3659 | GradNorm: 0.0406 | MSE/t: [0.00-0.50]0.402(n=6403) [0.50-0.85]0.125(n=5885) [0.85-0.95]0.025(n=489) [0.95-1.00]0.015(n=23)
2026-05-01 09:03:40,779 - INFO - [render-loss] step=86600 kept 30/64 samples (t_value >= 0.50)
2026-05-01 09:05:36,200 - INFO - Step   86800 | Epoch  87 | MSE: 0.2646 | Steps/sec: 1.73 | LR: 1.24e-04 | Render_L1: 0.0241 | Alpha_L1: 0.0290 | Render_LPIPS: 0.1893 | cos(c,null): +0.3679 | GradNorm: 0.0380 | MSE/t: [0.00-0.50]0.412(n=6404) [0.50-0.85]0.126(n=5851) [0.85-0.95]0.026(n=527) [0.95-1.00]0.013(n=18)
2026-05-01 09:05:36,302 - INFO - [render-loss] step=86800 kept 34/64 samples (t_value >= 0.50)
2026-05-01 09:07:31,442 - INFO - Step   87000 | Epoch  87 | MSE: 0.2625 | Steps/sec: 1.74 | LR: 1.24e-04 | Render_L1: 0.0236 | Alpha_L1: 0.0289 | Render_LPIPS: 0.1894 | cos(c,null): +0.3695 | GradNorm: 0.0397 | MSE/t: [0.00-0.50]0.408(n=6375) [0.50-0.85]0.127(n=5888) [0.85-0.95]0.026(n=521) [0.95-1.00]0.016(n=16)
2026-05-01 09:07:31,654 - INFO - [cond] cfg_signal=0.0387 (min=0.0230 max=0.0559, n=16) | class_signal=0.0521 (min=0.0226 max=0.0764, n=16) | pred_rms=1.3548
2026-05-01 09:07:40,052 - INFO - [validation] saved: output/jit_B8_no_bottleneck_20260430_194526/dit_validation/epoch_087_step_0087000_class069.png (class=69, sampler=heun, steps=100)
2026-05-01 09:07:41,249 - INFO - [overrides] applied from jit/configs/overrides.yaml: lr_scale=1.0 max_grad_norm=5.0 null_repel_weight=0.0 P_mean=0.0
2026-05-01 09:07:41,346 - INFO - [render-loss] step=87000 kept 29/64 samples (t_value >= 0.50)
2026-05-01 09:09:37,341 - INFO - Step   87200 | Epoch  87 | MSE: 0.2616 | Steps/sec: 1.59 | LR: 1.23e-04 | Render_L1: 0.0239 | Alpha_L1: 0.0289 | Render_LPIPS: 0.1886 | cos(c,null): +0.3720 | GradNorm: 0.0391 | MSE/t: [0.00-0.50]0.408(n=6317) [0.50-0.85]0.127(n=5936) [0.85-0.95]0.026(n=530) [0.95-1.00]0.013(n=17)
2026-05-01 09:09:37,443 - INFO - [render-loss] step=87200 kept 32/64 samples (t_value >= 0.50)
2026-05-01 09:11:33,396 - INFO - Step   87400 | Epoch  88 | MSE: 0.2605 | Steps/sec: 1.72 | LR: 1.23e-04 | Render_L1: 0.0237 | Alpha_L1: 0.0285 | Render_LPIPS: 0.1877 | cos(c,null): +0.3725 | GradNorm: 0.0391 | MSE/t: [0.00-0.50]0.408(n=6293) [0.50-0.85]0.126(n=5960) [0.85-0.95]0.026(n=531) [0.95-1.00]0.020(n=16)
2026-05-01 09:11:33,498 - INFO - [render-loss] step=87400 kept 35/64 samples (t_value >= 0.50)
2026-05-01 09:13:28,720 - INFO - Step   87600 | Epoch  88 | MSE: 0.2652 | Steps/sec: 1.73 | LR: 1.23e-04 | Render_L1: 0.0236 | Alpha_L1: 0.0281 | Render_LPIPS: 0.1888 | cos(c,null): +0.3731 | GradNorm: 0.0398 | MSE/t: [0.00-0.50]0.410(n=6456) [0.50-0.85]0.126(n=5793) [0.85-0.95]0.026(n=527) [0.95-1.00]0.016(n=24)
2026-05-01 09:13:28,822 - INFO - [render-loss] step=87600 kept 33/64 samples (t_value >= 0.50)
2026-05-01 09:15:23,931 - INFO - Step   87800 | Epoch  88 | MSE: 0.2614 | Steps/sec: 1.74 | LR: 1.23e-04 | Render_L1: 0.0237 | Alpha_L1: 0.0282 | Render_LPIPS: 0.1869 | cos(c,null): +0.3743 | GradNorm: 0.0387 | MSE/t: [0.00-0.50]0.405(n=6411) [0.50-0.85]0.126(n=5847) [0.85-0.95]0.025(n=518) [0.95-1.00]0.016(n=24)
2026-05-01 09:15:24,034 - INFO - [render-loss] step=87800 kept 32/64 samples (t_value >= 0.50)
2026-05-01 09:17:19,475 - INFO - Step   88000 | Epoch  88 | MSE: 0.2626 | Steps/sec: 1.73 | LR: 1.22e-04 | Render_L1: 0.0233 | Alpha_L1: 0.0284 | Render_LPIPS: 0.1863 | cos(c,null): +0.3758 | GradNorm: 0.0395 | MSE/t: [0.00-0.50]0.409(n=6377) [0.50-0.85]0.126(n=5876) [0.85-0.95]0.025(n=531) [0.95-1.00]0.013(n=16)
2026-05-01 09:17:19,688 - INFO - [cond] cfg_signal=0.0386 (min=0.0229 max=0.0557, n=16) | class_signal=0.0510 (min=0.0215 max=0.0744, n=16) | pred_rms=1.3640
2026-05-01 09:17:28,009 - INFO - [validation] saved: output/jit_B8_no_bottleneck_20260430_194526/dit_validation/epoch_088_step_0088000_class086.png (class=86, sampler=heun, steps=100)
2026-05-01 09:17:29,199 - INFO - [overrides] applied from jit/configs/overrides.yaml: lr_scale=1.0 max_grad_norm=5.0 null_repel_weight=0.0 P_mean=0.0
2026-05-01 09:17:29,298 - INFO - [render-loss] step=88000 kept 37/64 samples (t_value >= 0.50)
2026-05-01 09:19:25,140 - INFO - Step   88200 | Epoch  88 | MSE: 0.2628 | Steps/sec: 1.59 | LR: 1.22e-04 | Render_L1: 0.0238 | Alpha_L1: 0.0284 | Render_LPIPS: 0.1883 | cos(c,null): +0.3778 | GradNorm: 0.0441 | MSE/t: [0.00-0.50]0.409(n=6387) [0.50-0.85]0.126(n=5892) [0.85-0.95]0.026(n=506) [0.95-1.00]0.015(n=15)
2026-05-01 09:19:25,243 - INFO - [render-loss] step=88200 kept 25/64 samples (t_value >= 0.50)
2026-05-01 09:21:20,781 - INFO - Step   88400 | Epoch  89 | MSE: 0.2634 | Steps/sec: 1.73 | LR: 1.22e-04 | Render_L1: 0.0237 | Alpha_L1: 0.0287 | Render_LPIPS: 0.1877 | cos(c,null): +0.3784 | GradNorm: 0.0403 | MSE/t: [0.00-0.50]0.408(n=6425) [0.50-0.85]0.126(n=5807) [0.85-0.95]0.025(n=549) [0.95-1.00]0.017(n=19)
2026-05-01 09:21:20,883 - INFO - [render-loss] step=88400 kept 36/64 samples (t_value >= 0.50)
2026-05-01 09:23:15,960 - INFO - Step   88600 | Epoch  89 | MSE: 0.2642 | Steps/sec: 1.74 | LR: 1.21e-04 | Render_L1: 0.0238 | Alpha_L1: 0.0287 | Render_LPIPS: 0.1870 | cos(c,null): +0.3786 | GradNorm: 0.0393 | MSE/t: [0.00-0.50]0.409(n=6429) [0.50-0.85]0.126(n=5888) [0.85-0.95]0.026(n=467) [0.95-1.00]0.025(n=16)
2026-05-01 09:23:16,063 - INFO - [render-loss] step=88600 kept 26/64 samples (t_value >= 0.50)
2026-05-01 09:25:10,793 - INFO - Step   88800 | Epoch  89 | MSE: 0.2657 | Steps/sec: 1.74 | LR: 1.21e-04 | Render_L1: 0.0240 | Alpha_L1: 0.0288 | Render_LPIPS: 0.1895 | cos(c,null): +0.3796 | GradNorm: 0.0384 | MSE/t: [0.00-0.50]0.407(n=6518) [0.50-0.85]0.128(n=5771) [0.85-0.95]0.025(n=490) [0.95-1.00]0.015(n=21)
2026-05-01 09:25:10,895 - INFO - [render-loss] step=88800 kept 31/64 samples (t_value >= 0.50)
2026-05-01 09:27:06,389 - INFO - Step   89000 | Epoch  89 | MSE: 0.2629 | Steps/sec: 1.73 | LR: 1.21e-04 | Render_L1: 0.0236 | Alpha_L1: 0.0283 | Render_LPIPS: 0.1866 | cos(c,null): +0.3797 | GradNorm: 0.0386 | MSE/t: [0.00-0.50]0.411(n=6340) [0.50-0.85]0.125(n=5933) [0.85-0.95]0.025(n=499) [0.95-1.00]0.013(n=28)
2026-05-01 09:27:06,601 - INFO - [cond] cfg_signal=0.0397 (min=0.0231 max=0.0569, n=16) | class_signal=0.0521 (min=0.0221 max=0.0747, n=16) | pred_rms=1.3566
2026-05-01 09:27:14,846 - INFO - [validation] saved: output/jit_B8_no_bottleneck_20260430_194526/dit_validation/epoch_089_step_0089000_class086.png (class=86, sampler=heun, steps=100)
2026-05-01 09:27:16,026 - INFO - [overrides] applied from jit/configs/overrides.yaml: lr_scale=1.0 max_grad_norm=5.0 null_repel_weight=0.0 P_mean=0.0
2026-05-01 09:27:16,122 - INFO - [render-loss] step=89000 kept 34/64 samples (t_value >= 0.50)
2026-05-01 09:29:11,573 - INFO - Step   89200 | Epoch  89 | MSE: 0.2641 | Steps/sec: 1.60 | LR: 1.21e-04 | Render_L1: 0.0233 | Alpha_L1: 0.0280 | Render_LPIPS: 0.1858 | cos(c,null): +0.3794 | GradNorm: 0.0400 | MSE/t: [0.00-0.50]0.412(n=6370) [0.50-0.85]0.126(n=5922) [0.85-0.95]0.026(n=489) [0.95-1.00]0.015(n=19)
2026-05-01 09:29:11,675 - INFO - [render-loss] step=89200 kept 29/64 samples (t_value >= 0.50)
2026-05-01 09:31:07,030 - INFO - Step   89400 | Epoch  90 | MSE: 0.2660 | Steps/sec: 1.73 | LR: 1.20e-04 | Render_L1: 0.0239 | Alpha_L1: 0.0286 | Render_LPIPS: 0.1876 | cos(c,null): +0.3797 | GradNorm: 0.0385 | MSE/t: [0.00-0.50]0.409(n=6526) [0.50-0.85]0.125(n=5761) [0.85-0.95]0.026(n=498) [0.95-1.00]0.020(n=15)
2026-05-01 09:31:07,133 - INFO - [render-loss] step=89400 kept 25/64 samples (t_value >= 0.50)
2026-05-01 09:33:02,220 - INFO - Step   89600 | Epoch  90 | MSE: 0.2657 | Steps/sec: 1.74 | LR: 1.20e-04 | Render_L1: 0.0239 | Alpha_L1: 0.0282 | Render_LPIPS: 0.1884 | cos(c,null): +0.3807 | GradNorm: 0.0388 | MSE/t: [0.00-0.50]0.412(n=6403) [0.50-0.85]0.127(n=5886) [0.85-0.95]0.029(n=488) [0.95-1.00]0.018(n=23)
2026-05-01 09:33:02,322 - INFO - [render-loss] step=89600 kept 32/64 samples (t_value >= 0.50)
2026-05-01 09:34:57,476 - INFO - Step   89800 | Epoch  90 | MSE: 0.2638 | Steps/sec: 1.74 | LR: 1.20e-04 | Render_L1: 0.0237 | Alpha_L1: 0.0287 | Render_LPIPS: 0.1881 | cos(c,null): +0.3804 | GradNorm: 0.0405 | MSE/t: [0.00-0.50]0.406(n=6425) [0.50-0.85]0.129(n=5842) [0.85-0.95]0.026(n=510) [0.95-1.00]0.014(n=23)
2026-05-01 09:34:57,579 - INFO - [render-loss] step=89800 kept 32/64 samples (t_value >= 0.50)
2026-05-01 09:36:53,031 - INFO - Step   90000 | Epoch  90 | MSE: 0.2623 | Steps/sec: 1.73 | LR: 1.19e-04 | Render_L1: 0.0233 | Alpha_L1: 0.0282 | Render_LPIPS: 0.1865 | cos(c,null): +0.3826 | GradNorm: 0.0411 | MSE/t: [0.00-0.50]0.406(n=6383) [0.50-0.85]0.127(n=5914) [0.85-0.95]0.025(n=487) [0.95-1.00]0.019(n=16)
2026-05-01 09:36:53,245 - INFO - [cond] cfg_signal=0.0395 (min=0.0235 max=0.0592, n=16) | class_signal=0.0526 (min=0.0219 max=0.0771, n=16) | pred_rms=1.3167
2026-05-01 09:37:01,610 - INFO - [validation] saved: output/jit_B8_no_bottleneck_20260430_194526/dit_validation/epoch_090_step_0090000_class005.png (class=5, sampler=heun, steps=100)
2026-05-01 09:37:02,801 - INFO - [overrides] applied from jit/configs/overrides.yaml: lr_scale=1.0 max_grad_norm=5.0 null_repel_weight=0.0 P_mean=0.0
2026-05-01 09:37:02,898 - INFO - [render-loss] step=90000 kept 37/64 samples (t_value >= 0.50)
2026-05-01 09:38:58,182 - INFO - Step   90200 | Epoch  90 | MSE: 0.2610 | Steps/sec: 1.60 | LR: 1.19e-04 | Render_L1: 0.0236 | Alpha_L1: 0.0282 | Render_LPIPS: 0.1862 | cos(c,null): +0.3835 | GradNorm: 0.0407 | MSE/t: [0.00-0.50]0.402(n=6444) [0.50-0.85]0.127(n=5815) [0.85-0.95]0.024(n=518) [0.95-1.00]0.017(n=23)
2026-05-01 09:38:58,285 - INFO - [render-loss] step=90200 kept 31/64 samples (t_value >= 0.50)
2026-05-01 09:40:53,774 - INFO - Step   90400 | Epoch  91 | MSE: 0.2655 | Steps/sec: 1.73 | LR: 1.19e-04 | Render_L1: 0.0236 | Alpha_L1: 0.0282 | Render_LPIPS: 0.1861 | cos(c,null): +0.3853 | GradNorm: 0.0396 | MSE/t: [0.00-0.50]0.409(n=6495) [0.50-0.85]0.126(n=5768) [0.85-0.95]0.027(n=517) [0.95-1.00]0.015(n=20)
2026-05-01 09:40:53,877 - INFO - [render-loss] step=90400 kept 23/64 samples (t_value >= 0.50)
2026-05-01 09:42:49,330 - INFO - Step   90600 | Epoch  91 | MSE: 0.2633 | Steps/sec: 1.73 | LR: 1.18e-04 | Render_L1: 0.0236 | Alpha_L1: 0.0289 | Render_LPIPS: 0.1870 | cos(c,null): +0.3861 | GradNorm: 0.0421 | MSE/t: [0.00-0.50]0.408(n=6416) [0.50-0.85]0.126(n=5899) [0.85-0.95]0.026(n=461) [0.95-1.00]0.012(n=24)
2026-05-01 09:42:49,432 - INFO - [render-loss] step=90600 kept 35/64 samples (t_value >= 0.50)
2026-05-01 09:44:45,110 - INFO - Step   90800 | Epoch  91 | MSE: 0.2654 | Steps/sec: 1.73 | LR: 1.18e-04 | Render_L1: 0.0234 | Alpha_L1: 0.0281 | Render_LPIPS: 0.1860 | cos(c,null): +0.3856 | GradNorm: 0.1092 | MSE/t: [0.00-0.50]0.411(n=6394) [0.50-0.85]0.128(n=5869) [0.85-0.95]0.027(n=516) [0.95-1.00]0.014(n=21)
2026-05-01 09:44:45,212 - INFO - [render-loss] step=90800 kept 36/64 samples (t_value >= 0.50)
2026-05-01 09:46:40,113 - INFO - Step   91000 | Epoch  91 | MSE: 0.2637 | Steps/sec: 1.74 | LR: 1.18e-04 | Render_L1: 0.0233 | Alpha_L1: 0.0279 | Render_LPIPS: 0.1857 | cos(c,null): +0.3857 | GradNorm: 0.0451 | MSE/t: [0.00-0.50]0.413(n=6344) [0.50-0.85]0.125(n=5965) [0.85-0.95]0.026(n=471) [0.95-1.00]0.020(n=20)
2026-05-01 09:46:40,326 - INFO - [cond] cfg_signal=0.0405 (min=0.0236 max=0.0595, n=16) | class_signal=0.0539 (min=0.0214 max=0.0816, n=16) | pred_rms=1.3684
2026-05-01 09:46:48,611 - INFO - [validation] saved: output/jit_B8_no_bottleneck_20260430_194526/dit_validation/epoch_091_step_0091000_class013.png (class=13, sampler=heun, steps=100)
2026-05-01 09:46:49,804 - INFO - [overrides] applied from jit/configs/overrides.yaml: lr_scale=1.0 max_grad_norm=5.0 null_repel_weight=0.0 P_mean=0.0
2026-05-01 09:46:49,902 - INFO - [render-loss] step=91000 kept 26/64 samples (t_value >= 0.50)
2026-05-01 09:48:45,778 - INFO - Step   91200 | Epoch  91 | MSE: 0.2615 | Steps/sec: 1.59 | LR: 1.18e-04 | Render_L1: 0.0237 | Alpha_L1: 0.0289 | Render_LPIPS: 0.1878 | cos(c,null): +0.3805 | GradNorm: 0.0421 | MSE/t: [0.00-0.50]0.404(n=6426) [0.50-0.85]0.126(n=5882) [0.85-0.95]0.025(n=469) [0.95-1.00]0.026(n=23)
2026-05-01 09:48:45,881 - INFO - [render-loss] step=91200 kept 39/64 samples (t_value >= 0.50)
2026-05-01 09:50:41,039 - INFO - Step   91400 | Epoch  92 | MSE: 0.2631 | Steps/sec: 1.74 | LR: 1.17e-04 | Render_L1: 0.0232 | Alpha_L1: 0.0278 | Render_LPIPS: 0.1848 | cos(c,null): +0.3823 | GradNorm: 0.0424 | MSE/t: [0.00-0.50]0.408(n=6419) [0.50-0.85]0.125(n=5848) [0.85-0.95]0.025(n=510) [0.95-1.00]0.017(n=23)
2026-05-01 09:50:41,141 - INFO - [render-loss] step=91400 kept 36/64 samples (t_value >= 0.50)
2026-05-01 09:52:36,103 - INFO - Step   91600 | Epoch  92 | MSE: 0.2646 | Steps/sec: 1.74 | LR: 1.17e-04 | Render_L1: 0.0235 | Alpha_L1: 0.0281 | Render_LPIPS: 0.1867 | cos(c,null): +0.3826 | GradNorm: 0.0445 | MSE/t: [0.00-0.50]0.408(n=6470) [0.50-0.85]0.126(n=5791) [0.85-0.95]0.025(n=516) [0.95-1.00]0.012(n=23)
2026-05-01 09:52:36,206 - INFO - [render-loss] step=91600 kept 33/64 samples (t_value >= 0.50)
2026-05-01 09:54:31,534 - INFO - Step   91800 | Epoch  92 | MSE: 0.2604 | Steps/sec: 1.73 | LR: 1.17e-04 | Render_L1: 0.0234 | Alpha_L1: 0.0282 | Render_LPIPS: 0.1871 | cos(c,null): +0.3800 | GradNorm: 0.0416 | MSE/t: [0.00-0.50]0.406(n=6364) [0.50-0.85]0.125(n=5892) [0.85-0.95]0.024(n=528) [0.95-1.00]0.019(n=16)
2026-05-01 09:54:31,635 - INFO - [render-loss] step=91800 kept 26/64 samples (t_value >= 0.50)
2026-05-01 09:56:27,154 - INFO - Step   92000 | Epoch  92 | MSE: 0.2608 | Steps/sec: 1.73 | LR: 1.16e-04 | Render_L1: 0.0230 | Alpha_L1: 0.0276 | Render_LPIPS: 0.1838 | cos(c,null): +0.3824 | GradNorm: 0.0437 | MSE/t: [0.00-0.50]0.405(n=6387) [0.50-0.85]0.125(n=5916) [0.85-0.95]0.026(n=478) [0.95-1.00]0.013(n=19)
2026-05-01 09:56:27,367 - INFO - [cond] cfg_signal=0.0404 (min=0.0235 max=0.0581, n=16) | class_signal=0.0539 (min=0.0202 max=0.0864, n=16) | pred_rms=1.3560
2026-05-01 09:56:35,662 - INFO - [validation] saved: output/jit_B8_no_bottleneck_20260430_194526/dit_validation/epoch_092_step_0092000_class057.png (class=57, sampler=heun, steps=100)
2026-05-01 09:56:36,859 - INFO - [overrides] applied from jit/configs/overrides.yaml: lr_scale=1.0 max_grad_norm=5.0 null_repel_weight=0.0 P_mean=0.0
2026-05-01 09:56:36,956 - INFO - [render-loss] step=92000 kept 24/64 samples (t_value >= 0.50)
2026-05-01 09:58:32,033 - INFO - Step   92200 | Epoch  92 | MSE: 0.2662 | Steps/sec: 1.60 | LR: 1.16e-04 | Render_L1: 0.0234 | Alpha_L1: 0.0279 | Render_LPIPS: 0.1856 | cos(c,null): +0.3827 | GradNorm: 0.0436 | MSE/t: [0.00-0.50]0.409(n=6497) [0.50-0.85]0.127(n=5779) [0.85-0.95]0.025(n=511) [0.95-1.00]0.011(n=13)
2026-05-01 09:58:32,135 - INFO - [render-loss] step=92200 kept 28/64 samples (t_value >= 0.50)
2026-05-01 10:00:27,370 - INFO - Step   92400 | Epoch  93 | MSE: 0.2639 | Steps/sec: 1.73 | LR: 1.16e-04 | Render_L1: 0.0235 | Alpha_L1: 0.0278 | Render_LPIPS: 0.1853 | cos(c,null): +0.3843 | GradNorm: 0.0412 | MSE/t: [0.00-0.50]0.411(n=6349) [0.50-0.85]0.127(n=5923) [0.85-0.95]0.025(n=507) [0.95-1.00]0.014(n=21)
2026-05-01 10:00:27,473 - INFO - [render-loss] step=92400 kept 31/64 samples (t_value >= 0.50)
2026-05-01 10:02:22,355 - INFO - Step   92600 | Epoch  93 | MSE: 0.2656 | Steps/sec: 1.74 | LR: 1.15e-04 | Render_L1: 0.0234 | Alpha_L1: 0.0280 | Render_LPIPS: 0.1862 | cos(c,null): +0.3861 | GradNorm: 0.0472 | MSE/t: [0.00-0.50]0.411(n=6397) [0.50-0.85]0.128(n=5900) [0.85-0.95]0.026(n=487) [0.95-1.00]0.012(n=16)
2026-05-01 10:02:22,457 - INFO - [render-loss] step=92600 kept 29/64 samples (t_value >= 0.50)
2026-05-01 10:04:17,902 - INFO - Step   92800 | Epoch  93 | MSE: 0.2658 | Steps/sec: 1.73 | LR: 1.15e-04 | Render_L1: 0.0235 | Alpha_L1: 0.0279 | Render_LPIPS: 0.1860 | cos(c,null): +0.3871 | GradNorm: 0.0412 | MSE/t: [0.00-0.50]0.410(n=6486) [0.50-0.85]0.126(n=5824) [0.85-0.95]0.025(n=472) [0.95-1.00]0.011(n=18)
2026-05-01 10:04:18,005 - INFO - [render-loss] step=92800 kept 37/64 samples (t_value >= 0.50)
2026-05-01 10:06:13,520 - INFO - Step   93000 | Epoch  93 | MSE: 0.2651 | Steps/sec: 1.73 | LR: 1.15e-04 | Render_L1: 0.0234 | Alpha_L1: 0.0280 | Render_LPIPS: 0.1853 | cos(c,null): +0.3875 | GradNorm: 0.0397 | MSE/t: [0.00-0.50]0.412(n=6417) [0.50-0.85]0.125(n=5884) [0.85-0.95]0.026(n=479) [0.95-1.00]0.014(n=20)
2026-05-01 10:06:13,731 - INFO - [cond] cfg_signal=0.0398 (min=0.0217 max=0.0557, n=16) | class_signal=0.0520 (min=0.0220 max=0.0813, n=16) | pred_rms=1.4208
2026-05-01 10:06:22,039 - INFO - [validation] saved: output/jit_B8_no_bottleneck_20260430_194526/dit_validation/epoch_093_step_0093000_class006.png (class=6, sampler=heun, steps=100)
2026-05-01 10:06:23,233 - INFO - [overrides] applied from jit/configs/overrides.yaml: lr_scale=1.0 max_grad_norm=5.0 null_repel_weight=0.0 P_mean=0.0
2026-05-01 10:06:23,330 - INFO - [render-loss] step=93000 kept 36/64 samples (t_value >= 0.50)
2026-05-01 10:08:18,545 - INFO - Step   93200 | Epoch  93 | MSE: 0.2629 | Steps/sec: 1.60 | LR: 1.15e-04 | Render_L1: 0.0238 | Alpha_L1: 0.0282 | Render_LPIPS: 0.1874 | cos(c,null): +0.3884 | GradNorm: 0.0439 | MSE/t: [0.00-0.50]0.404(n=6418) [0.50-0.85]0.130(n=5838) [0.85-0.95]0.025(n=521) [0.95-1.00]0.020(n=23)
2026-05-01 10:08:18,648 - INFO - [render-loss] step=93200 kept 33/64 samples (t_value >= 0.50)
2026-05-01 10:10:13,967 - INFO - Step   93400 | Epoch  94 | MSE: 0.2644 | Steps/sec: 1.73 | LR: 1.14e-04 | Render_L1: 0.0236 | Alpha_L1: 0.0285 | Render_LPIPS: 0.1873 | cos(c,null): +0.3920 | GradNorm: 0.0434 | MSE/t: [0.00-0.50]0.408(n=6376) [0.50-0.85]0.127(n=5906) [0.85-0.95]0.065(n=495) [0.95-1.00]0.016(n=23)
2026-05-01 10:10:14,070 - INFO - [render-loss] step=93400 kept 23/64 samples (t_value >= 0.50)
2026-05-01 10:12:09,132 - INFO - Step   93600 | Epoch  94 | MSE: 0.2626 | Steps/sec: 1.74 | LR: 1.14e-04 | Render_L1: 0.0234 | Alpha_L1: 0.0277 | Render_LPIPS: 0.1855 | cos(c,null): +0.3936 | GradNorm: 0.0393 | MSE/t: [0.00-0.50]0.407(n=6423) [0.50-0.85]0.126(n=5840) [0.85-0.95]0.026(n=515) [0.95-1.00]0.014(n=22)
2026-05-01 10:12:09,235 - INFO - [render-loss] step=93600 kept 31/64 samples (t_value >= 0.50)
2026-05-01 10:14:04,419 - INFO - Step   93800 | Epoch  94 | MSE: 0.2618 | Steps/sec: 1.73 | LR: 1.14e-04 | Render_L1: 0.0235 | Alpha_L1: 0.0280 | Render_LPIPS: 0.1865 | cos(c,null): +0.3946 | GradNorm: 0.0568 | MSE/t: [0.00-0.50]0.407(n=6381) [0.50-0.85]0.125(n=5920) [0.85-0.95]0.025(n=477) [0.95-1.00]0.013(n=22)
2026-05-01 10:14:04,521 - INFO - [render-loss] step=93800 kept 35/64 samples (t_value >= 0.50)
2026-05-01 10:15:59,405 - INFO - Step   94000 | Epoch  94 | MSE: 0.2639 | Steps/sec: 1.74 | LR: 1.13e-04 | Render_L1: 0.0238 | Alpha_L1: 0.0287 | Render_LPIPS: 0.1871 | cos(c,null): +0.3953 | GradNorm: 0.0534 | MSE/t: [0.00-0.50]0.406(n=6500) [0.50-0.85]0.126(n=5771) [0.85-0.95]0.026(n=511) [0.95-1.00]0.013(n=18)
2026-05-01 10:15:59,615 - INFO - [cond] cfg_signal=0.0414 (min=0.0222 max=0.0620, n=16) | class_signal=0.0548 (min=0.0210 max=0.0836, n=16) | pred_rms=1.3653
2026-05-01 10:16:07,946 - INFO - [validation] saved: output/jit_B8_no_bottleneck_20260430_194526/dit_validation/epoch_094_step_0094000_class055.png (class=55, sampler=heun, steps=100)
2026-05-01 10:16:09,137 - INFO - [overrides] applied from jit/configs/overrides.yaml: lr_scale=1.0 max_grad_norm=5.0 null_repel_weight=0.0 P_mean=0.0
2026-05-01 10:16:09,235 - INFO - [render-loss] step=94000 kept 39/64 samples (t_value >= 0.50)
2026-05-01 10:18:05,136 - INFO - Step   94200 | Epoch  94 | MSE: 0.2603 | Steps/sec: 1.59 | LR: 1.13e-04 | Render_L1: 0.0236 | Alpha_L1: 0.0282 | Render_LPIPS: 0.1866 | cos(c,null): +0.3910 | GradNorm: 0.0437 | MSE/t: [0.00-0.50]0.408(n=6274) [0.50-0.85]0.127(n=5983) [0.85-0.95]0.025(n=522) [0.95-1.00]0.012(n=21)
2026-05-01 10:18:05,238 - INFO - [render-loss] step=94200 kept 39/64 samples (t_value >= 0.50)
2026-05-01 10:20:00,517 - INFO - Step   94400 | Epoch  95 | MSE: 0.2624 | Steps/sec: 1.73 | LR: 1.13e-04 | Render_L1: 0.0230 | Alpha_L1: 0.0272 | Render_LPIPS: 0.1835 | cos(c,null): +0.3920 | GradNorm: 0.0401 | MSE/t: [0.00-0.50]0.410(n=6382) [0.50-0.85]0.124(n=5880) [0.85-0.95]0.025(n=515) [0.95-1.00]0.013(n=23)
2026-05-01 10:20:00,620 - INFO - [render-loss] step=94400 kept 29/64 samples (t_value >= 0.50)
2026-05-01 10:21:55,661 - INFO - Step   94600 | Epoch  95 | MSE: 0.2636 | Steps/sec: 1.74 | LR: 1.12e-04 | Render_L1: 0.0234 | Alpha_L1: 0.0277 | Render_LPIPS: 0.1856 | cos(c,null): +0.3914 | GradNorm: 0.0440 | MSE/t: [0.00-0.50]0.408(n=6401) [0.50-0.85]0.127(n=5903) [0.85-0.95]0.026(n=477) [0.95-1.00]0.017(n=19)
2026-05-01 10:21:55,763 - INFO - [render-loss] step=94600 kept 36/64 samples (t_value >= 0.50)
2026-05-01 10:23:50,952 - INFO - Step   94800 | Epoch  95 | MSE: 0.2610 | Steps/sec: 1.73 | LR: 1.12e-04 | Render_L1: 0.0229 | Alpha_L1: 0.0275 | Render_LPIPS: 0.1834 | cos(c,null): +0.3921 | GradNorm: 0.0417 | MSE/t: [0.00-0.50]0.408(n=6319) [0.50-0.85]0.126(n=5936) [0.85-0.95]0.025(n=527) [0.95-1.00]0.015(n=18)
2026-05-01 10:23:51,054 - INFO - [render-loss] step=94800 kept 34/64 samples (t_value >= 0.50)
2026-05-01 10:25:46,037 - INFO - Step   95000 | Epoch  95 | MSE: 0.2613 | Steps/sec: 1.74 | LR: 1.12e-04 | Render_L1: 0.0230 | Alpha_L1: 0.0275 | Render_LPIPS: 0.1833 | cos(c,null): +0.3927 | GradNorm: 0.0417 | MSE/t: [0.00-0.50]0.412(n=6260) [0.50-0.85]0.125(n=6018) [0.85-0.95]0.026(n=503) [0.95-1.00]0.016(n=19)
2026-05-01 10:25:46,249 - INFO - [cond] cfg_signal=0.0408 (min=0.0234 max=0.0584, n=16) | class_signal=0.0543 (min=0.0200 max=0.0790, n=16) | pred_rms=1.3654
2026-05-01 10:25:54,425 - INFO - [validation] saved: output/jit_B8_no_bottleneck_20260430_194526/dit_validation/epoch_095_step_0095000_class038.png (class=38, sampler=heun, steps=100)
2026-05-01 10:25:55,614 - INFO - [overrides] applied from jit/configs/overrides.yaml: lr_scale=1.0 max_grad_norm=5.0 null_repel_weight=0.0 P_mean=0.0
2026-05-01 10:25:55,712 - INFO - [render-loss] step=95000 kept 36/64 samples (t_value >= 0.50)
2026-05-01 10:27:51,353 - INFO - Step   95200 | Epoch  95 | MSE: 0.2608 | Steps/sec: 1.60 | LR: 1.12e-04 | Render_L1: 0.0237 | Alpha_L1: 0.0278 | Render_LPIPS: 0.1861 | cos(c,null): +0.3925 | GradNorm: 0.0429 | MSE/t: [0.00-0.50]0.405(n=6362) [0.50-0.85]0.127(n=5892) [0.85-0.95]0.026(n=531) [0.95-1.00]0.013(n=15)
2026-05-01 10:27:51,455 - INFO - [render-loss] step=95200 kept 33/64 samples (t_value >= 0.50)
2026-05-01 10:29:47,627 - INFO - Step   95400 | Epoch  96 | MSE: 0.2657 | Steps/sec: 1.72 | LR: 1.11e-04 | Render_L1: 0.0232 | Alpha_L1: 0.0274 | Render_LPIPS: 0.1851 | cos(c,null): +0.3931 | GradNorm: 0.0558 | MSE/t: [0.00-0.50]0.411(n=6420) [0.50-0.85]0.126(n=5855) [0.85-0.95]0.053(n=496) [0.95-1.00]0.015(n=29)
2026-05-01 10:29:47,730 - INFO - [render-loss] step=95400 kept 34/64 samples (t_value >= 0.50)
2026-05-01 10:31:43,476 - INFO - Step   95600 | Epoch  96 | MSE: 0.2628 | Steps/sec: 1.73 | LR: 1.11e-04 | Render_L1: 0.0234 | Alpha_L1: 0.0281 | Render_LPIPS: 0.1860 | cos(c,null): +0.3924 | GradNorm: 0.0459 | MSE/t: [0.00-0.50]0.409(n=6325) [0.50-0.85]0.129(n=5945) [0.85-0.95]0.026(n=511) [0.95-1.00]0.017(n=19)
2026-05-01 10:31:43,578 - INFO - [render-loss] step=95600 kept 40/64 samples (t_value >= 0.50)
2026-05-01 10:33:38,726 - INFO - Step   95800 | Epoch  96 | MSE: 0.2625 | Steps/sec: 1.74 | LR: 1.11e-04 | Render_L1: 0.0231 | Alpha_L1: 0.0275 | Render_LPIPS: 0.1841 | cos(c,null): +0.3927 | GradNorm: 0.0416 | MSE/t: [0.00-0.50]0.406(n=6439) [0.50-0.85]0.125(n=5842) [0.85-0.95]0.026(n=496) [0.95-1.00]0.015(n=23)
2026-05-01 10:33:38,828 - INFO - [render-loss] step=95800 kept 33/64 samples (t_value >= 0.50)
2026-05-01 10:35:34,046 - INFO - Step   96000 | Epoch  96 | MSE: 0.2607 | Steps/sec: 1.73 | LR: 1.10e-04 | Render_L1: 0.0236 | Alpha_L1: 0.0278 | Render_LPIPS: 0.1866 | cos(c,null): +0.3937 | GradNorm: 0.0417 | MSE/t: [0.00-0.50]0.404(n=6353) [0.50-0.85]0.128(n=5909) [0.85-0.95]0.029(n=521) [0.95-1.00]0.011(n=17)
2026-05-01 10:35:34,257 - INFO - [cond] cfg_signal=0.0421 (min=0.0256 max=0.0585, n=16) | class_signal=0.0560 (min=0.0220 max=0.0778, n=16) | pred_rms=1.3752
2026-05-01 10:35:42,590 - INFO - [validation] saved: output/jit_B8_no_bottleneck_20260430_194526/dit_validation/epoch_096_step_0096000_class043.png (class=43, sampler=heun, steps=100)
2026-05-01 10:35:43,808 - INFO - [overrides] applied from jit/configs/overrides.yaml: lr_scale=1.0 max_grad_norm=5.0 null_repel_weight=0.0 P_mean=0.0
2026-05-01 10:35:43,905 - INFO - [render-loss] step=96000 kept 34/64 samples (t_value >= 0.50)
2026-05-01 10:37:39,687 - INFO - Step   96200 | Epoch  96 | MSE: 0.2617 | Steps/sec: 1.59 | LR: 1.10e-04 | Render_L1: 0.0233 | Alpha_L1: 0.0277 | Render_LPIPS: 0.1839 | cos(c,null): +0.3938 | GradNorm: 0.0411 | MSE/t: [0.00-0.50]0.408(n=6333) [0.50-0.85]0.126(n=5947) [0.85-0.95]0.024(n=493) [0.95-1.00]0.012(n=27)
2026-05-01 10:37:39,790 - INFO - [render-loss] step=96200 kept 29/64 samples (t_value >= 0.50)
2026-05-01 10:39:35,338 - INFO - Step   96400 | Epoch  97 | MSE: 0.2649 | Steps/sec: 1.73 | LR: 1.10e-04 | Render_L1: 0.0233 | Alpha_L1: 0.0275 | Render_LPIPS: 0.1840 | cos(c,null): +0.3912 | GradNorm: 0.0448 | MSE/t: [0.00-0.50]0.410(n=6371) [0.50-0.85]0.130(n=5876) [0.85-0.95]0.026(n=534) [0.95-1.00]0.015(n=19)
2026-05-01 10:39:35,441 - INFO - [render-loss] step=96400 kept 30/64 samples (t_value >= 0.50)
2026-05-01 10:41:30,647 - INFO - Step   96600 | Epoch  97 | MSE: 0.2608 | Steps/sec: 1.73 | LR: 1.09e-04 | Render_L1: 0.0232 | Alpha_L1: 0.0276 | Render_LPIPS: 0.1842 | cos(c,null): +0.3934 | GradNorm: 0.0414 | MSE/t: [0.00-0.50]0.404(n=6371) [0.50-0.85]0.127(n=5907) [0.85-0.95]0.025(n=498) [0.95-1.00]0.017(n=24)
2026-05-01 10:41:30,750 - INFO - [render-loss] step=96600 kept 29/64 samples (t_value >= 0.50)
2026-05-01 10:43:26,165 - INFO - Step   96800 | Epoch  97 | MSE: 0.2615 | Steps/sec: 1.73 | LR: 1.09e-04 | Render_L1: 0.0234 | Alpha_L1: 0.0274 | Render_LPIPS: 0.1844 | cos(c,null): +0.3940 | GradNorm: 0.0428 | MSE/t: [0.00-0.50]0.406(n=6324) [0.50-0.85]0.129(n=5946) [0.85-0.95]0.025(n=504) [0.95-1.00]0.014(n=26)
2026-05-01 10:43:26,268 - INFO - [render-loss] step=96800 kept 34/64 samples (t_value >= 0.50)
2026-05-01 10:45:21,056 - INFO - Step   97000 | Epoch  97 | MSE: 0.2669 | Steps/sec: 1.74 | LR: 1.09e-04 | Render_L1: 0.0232 | Alpha_L1: 0.0280 | Render_LPIPS: 0.1843 | cos(c,null): +0.3947 | GradNorm: 0.0433 | MSE/t: [0.00-0.50]0.414(n=6432) [0.50-0.85]0.127(n=5853) [0.85-0.95]0.026(n=496) [0.95-1.00]0.015(n=19)
2026-05-01 10:45:21,270 - INFO - [cond] cfg_signal=0.0410 (min=0.0251 max=0.0567, n=16) | class_signal=0.0539 (min=0.0199 max=0.0792, n=16) | pred_rms=1.3774
2026-05-01 10:45:29,635 - INFO - [validation] saved: output/jit_B8_no_bottleneck_20260430_194526/dit_validation/epoch_097_step_0097000_class069.png (class=69, sampler=heun, steps=100)
2026-05-01 10:45:30,860 - INFO - [overrides] applied from jit/configs/overrides.yaml: lr_scale=1.0 max_grad_norm=5.0 null_repel_weight=0.0 P_mean=0.0
2026-05-01 10:45:30,959 - INFO - [render-loss] step=97000 kept 36/64 samples (t_value >= 0.50)
2026-05-01 10:47:26,583 - INFO - Step   97200 | Epoch  97 | MSE: 0.2615 | Steps/sec: 1.60 | LR: 1.09e-04 | Render_L1: 0.0234 | Alpha_L1: 0.0279 | Render_LPIPS: 0.1842 | cos(c,null): +0.3934 | GradNorm: 0.0447 | MSE/t: [0.00-0.50]0.404(n=6422) [0.50-0.85]0.126(n=5830) [0.85-0.95]0.026(n=532) [0.95-1.00]0.024(n=16)
2026-05-01 10:47:26,685 - INFO - [render-loss] step=97200 kept 32/64 samples (t_value >= 0.50)
2026-05-01 10:49:22,128 - INFO - Step   97400 | Epoch  98 | MSE: 0.2625 | Steps/sec: 1.73 | LR: 1.08e-04 | Render_L1: 0.0234 | Alpha_L1: 0.0280 | Render_LPIPS: 0.1861 | cos(c,null): +0.3927 | GradNorm: 0.0421 | MSE/t: [0.00-0.50]0.408(n=6383) [0.50-0.85]0.126(n=5880) [0.85-0.95]0.025(n=511) [0.95-1.00]0.017(n=26)
2026-05-01 10:49:22,230 - INFO - [render-loss] step=97400 kept 33/64 samples (t_value >= 0.50)
2026-05-01 10:51:17,379 - INFO - Step   97600 | Epoch  98 | MSE: 0.2619 | Steps/sec: 1.74 | LR: 1.08e-04 | Render_L1: 0.0236 | Alpha_L1: 0.0279 | Render_LPIPS: 0.1851 | cos(c,null): +0.3915 | GradNorm: 0.0432 | MSE/t: [0.00-0.50]0.403(n=6402) [0.50-0.85]0.129(n=5846) [0.85-0.95]0.027(n=535) [0.95-1.00]0.013(n=17)
2026-05-01 10:51:17,481 - INFO - [render-loss] step=97600 kept 34/64 samples (t_value >= 0.50)
2026-05-01 10:53:12,836 - INFO - Step   97800 | Epoch  98 | MSE: 0.2615 | Steps/sec: 1.73 | LR: 1.08e-04 | Render_L1: 0.0232 | Alpha_L1: 0.0277 | Render_LPIPS: 0.1833 | cos(c,null): +0.3930 | GradNorm: 0.0405 | MSE/t: [0.00-0.50]0.404(n=6387) [0.50-0.85]0.128(n=5891) [0.85-0.95]0.025(n=509) [0.95-1.00]0.014(n=13)
2026-05-01 10:53:12,937 - INFO - [render-loss] step=97800 kept 27/64 samples (t_value >= 0.50)
2026-05-01 10:55:08,311 - INFO - Step   98000 | Epoch  98 | MSE: 0.2612 | Steps/sec: 1.73 | LR: 1.07e-04 | Render_L1: 0.0231 | Alpha_L1: 0.0275 | Render_LPIPS: 0.1824 | cos(c,null): +0.3933 | GradNorm: 0.0425 | MSE/t: [0.00-0.50]0.407(n=6331) [0.50-0.85]0.128(n=5883) [0.85-0.95]0.026(n=562) [0.95-1.00]0.014(n=24)
2026-05-01 10:55:08,525 - INFO - [cond] cfg_signal=0.0408 (min=0.0243 max=0.0573, n=16) | class_signal=0.0537 (min=0.0201 max=0.0757, n=16) | pred_rms=1.3566
2026-05-01 10:55:16,793 - INFO - [validation] saved: output/jit_B8_no_bottleneck_20260430_194526/dit_validation/epoch_098_step_0098000_class001.png (class=1, sampler=heun, steps=100)
2026-05-01 10:55:18,046 - INFO - [overrides] applied from jit/configs/overrides.yaml: lr_scale=1.0 max_grad_norm=5.0 null_repel_weight=0.0 P_mean=0.0
2026-05-01 10:55:18,143 - INFO - [render-loss] step=98000 kept 27/64 samples (t_value >= 0.50)
2026-05-01 10:57:14,155 - INFO - Step   98200 | Epoch  98 | MSE: 0.2627 | Steps/sec: 1.59 | LR: 1.07e-04 | Render_L1: 0.0233 | Alpha_L1: 0.0279 | Render_LPIPS: 0.1839 | cos(c,null): +0.3942 | GradNorm: 0.0432 | MSE/t: [0.00-0.50]0.409(n=6373) [0.50-0.85]0.127(n=5874) [0.85-0.95]0.024(n=531) [0.95-1.00]0.012(n=22)
2026-05-01 10:57:14,258 - INFO - [render-loss] step=98200 kept 33/64 samples (t_value >= 0.50)
2026-05-01 10:59:10,513 - INFO - Step   98400 | Epoch  99 | MSE: 0.2599 | Steps/sec: 1.72 | LR: 1.07e-04 | Render_L1: 0.0233 | Alpha_L1: 0.0278 | Render_LPIPS: 0.1841 | cos(c,null): +0.3949 | GradNorm: 0.0446 | MSE/t: [0.00-0.50]0.407(n=6311) [0.50-0.85]0.125(n=5956) [0.85-0.95]0.026(n=518) [0.95-1.00]0.017(n=15)
2026-05-01 10:59:10,615 - INFO - [render-loss] step=98400 kept 29/64 samples (t_value >= 0.50)
2026-05-01 11:01:06,291 - INFO - Step   98600 | Epoch  99 | MSE: 0.2618 | Steps/sec: 1.73 | LR: 1.06e-04 | Render_L1: 0.0232 | Alpha_L1: 0.0277 | Render_LPIPS: 0.1839 | cos(c,null): +0.3955 | GradNorm: 0.0427 | MSE/t: [0.00-0.50]0.408(n=6350) [0.50-0.85]0.126(n=5934) [0.85-0.95]0.026(n=492) [0.95-1.00]0.013(n=24)
2026-05-01 11:01:06,393 - INFO - [render-loss] step=98600 kept 28/64 samples (t_value >= 0.50)
2026-05-01 11:03:01,972 - INFO - Step   98800 | Epoch  99 | MSE: 0.2605 | Steps/sec: 1.73 | LR: 1.06e-04 | Render_L1: 0.0231 | Alpha_L1: 0.0274 | Render_LPIPS: 0.1830 | cos(c,null): +0.3962 | GradNorm: 0.0426 | MSE/t: [0.00-0.50]0.406(n=6337) [0.50-0.85]0.126(n=5915) [0.85-0.95]0.025(n=529) [0.95-1.00]0.015(n=19)
2026-05-01 11:03:02,074 - INFO - [render-loss] step=98800 kept 42/64 samples (t_value >= 0.50)
2026-05-01 11:04:57,051 - INFO - Step   99000 | Epoch  99 | MSE: 0.2635 | Steps/sec: 1.74 | LR: 1.06e-04 | Render_L1: 0.0232 | Alpha_L1: 0.0275 | Render_LPIPS: 0.1831 | cos(c,null): +0.3963 | GradNorm: 0.0418 | MSE/t: [0.00-0.50]0.410(n=6399) [0.50-0.85]0.125(n=5868) [0.85-0.95]0.025(n=515) [0.95-1.00]0.014(n=18)
2026-05-01 11:04:57,266 - INFO - [cond] cfg_signal=0.0413 (min=0.0243 max=0.0589, n=16) | class_signal=0.0545 (min=0.0206 max=0.0809, n=16) | pred_rms=1.3870
2026-05-01 11:05:05,599 - INFO - [validation] saved: output/jit_B8_no_bottleneck_20260430_194526/dit_validation/epoch_099_step_0099000_class058.png (class=58, sampler=heun, steps=100)
2026-05-01 11:05:06,829 - INFO - [overrides] applied from jit/configs/overrides.yaml: lr_scale=1.0 max_grad_norm=5.0 null_repel_weight=0.0 P_mean=0.0
2026-05-01 11:05:06,926 - INFO - [render-loss] step=99000 kept 35/64 samples (t_value >= 0.50)
2026-05-01 11:07:02,544 - INFO - Step   99200 | Epoch  99 | MSE: 0.2582 | Steps/sec: 1.60 | LR: 1.06e-04 | Render_L1: 0.0232 | Alpha_L1: 0.0271 | Render_LPIPS: 0.1831 | cos(c,null): +0.3974 | GradNorm: 0.0424 | MSE/t: [0.00-0.50]0.406(n=6266) [0.50-0.85]0.125(n=5969) [0.85-0.95]0.026(n=541) [0.95-1.00]0.013(n=24)
2026-05-01 11:07:02,647 - INFO - [render-loss] step=99200 kept 32/64 samples (t_value >= 0.50)
2026-05-01 11:08:57,785 - INFO - Step   99400 | Epoch 100 | MSE: 0.2634 | Steps/sec: 1.74 | LR: 1.05e-04 | Render_L1: 0.0231 | Alpha_L1: 0.0276 | Render_LPIPS: 0.1836 | cos(c,null): +0.3994 | GradNorm: 0.0510 | MSE/t: [0.00-0.50]0.405(n=6481) [0.50-0.85]0.126(n=5821) [0.85-0.95]0.027(n=473) [0.95-1.00]0.021(n=25)
2026-05-01 11:08:57,887 - INFO - [render-loss] step=99400 kept 26/64 samples (t_value >= 0.50)
2026-05-01 11:10:53,027 - INFO - Step   99600 | Epoch 100 | MSE: 0.2669 | Steps/sec: 1.74 | LR: 1.05e-04 | Render_L1: 0.0236 | Alpha_L1: 0.0281 | Render_LPIPS: 0.1856 | cos(c,null): +0.4000 | GradNorm: 0.1081 | MSE/t: [0.00-0.50]0.411(n=6505) [0.50-0.85]0.126(n=5775) [0.85-0.95]0.026(n=503) [0.95-1.00]0.014(n=17)
2026-05-01 11:10:53,130 - INFO - [render-loss] step=99600 kept 28/64 samples (t_value >= 0.50)
2026-05-01 11:12:48,365 - INFO - Step   99800 | Epoch 100 | MSE: 0.2644 | Steps/sec: 1.73 | LR: 1.05e-04 | Render_L1: 0.0228 | Alpha_L1: 0.0270 | Render_LPIPS: 0.1825 | cos(c,null): +0.3994 | GradNorm: 0.0486 | MSE/t: [0.00-0.50]0.407(n=6498) [0.50-0.85]0.126(n=5750) [0.85-0.95]0.025(n=530) [0.95-1.00]0.013(n=22)
2026-05-01 11:12:48,467 - INFO - [render-loss] step=99800 kept 34/64 samples (t_value >= 0.50)
2026-05-01 11:14:43,637 - INFO - Step  100000 | Epoch 100 | MSE: 0.2599 | Steps/sec: 1.74 | LR: 1.04e-04 | Render_L1: 0.0229 | Alpha_L1: 0.0272 | Render_LPIPS: 0.1819 | cos(c,null): +0.3987 | GradNorm: 0.0434 | MSE/t: [0.00-0.50]0.406(n=6336) [0.50-0.85]0.125(n=5913) [0.85-0.95]0.025(n=531) [0.95-1.00]0.012(n=20)
2026-05-01 11:14:43,853 - INFO - [cond] cfg_signal=0.0430 (min=0.0255 max=0.0593, n=16) | class_signal=0.0563 (min=0.0243 max=0.0780, n=16) | pred_rms=1.3656
2026-05-01 11:14:45,598 - INFO - Saved checkpoint to output/jit_B8_no_bottleneck_20260430_194526/0100000.pt
2026-05-01 11:14:45,808 - INFO - [cond] cfg_signal=0.0430 (min=0.0255 max=0.0593, n=16) | class_signal=0.0563 (min=0.0243 max=0.0780, n=16) | pred_rms=1.3656
2026-05-01 11:14:54,169 - INFO - [validation] saved: output/jit_B8_no_bottleneck_20260430_194526/dit_validation/epoch_100_step_0100000_class027.png (class=27, sampler=heun, steps=100)
2026-05-01 11:14:56,040 - INFO - [overrides] applied from jit/configs/overrides.yaml: lr_scale=1.0 max_grad_norm=5.0 null_repel_weight=0.0 P_mean=0.0
2026-05-01 11:14:56,138 - INFO - [render-loss] step=100000 kept 30/64 samples (t_value >= 0.50)
2026-05-01 11:16:51,041 - INFO - Step  100200 | Epoch 100 | MSE: 0.2616 | Steps/sec: 1.57 | LR: 1.04e-04 | Render_L1: 0.0230 | Alpha_L1: 0.0278 | Render_LPIPS: 0.1827 | cos(c,null): +0.3988 | GradNorm: 0.0463 | MSE/t: [0.00-0.50]0.404(n=6432) [0.50-0.85]0.127(n=5837) [0.85-0.95]0.026(n=510) [0.95-1.00]0.013(n=21)
2026-05-01 11:16:51,145 - INFO - [render-loss] step=100200 kept 33/64 samples (t_value >= 0.50)
2026-05-01 11:18:46,570 - INFO - Step  100400 | Epoch 101 | MSE: 0.2662 | Steps/sec: 1.73 | LR: 1.04e-04 | Render_L1: 0.0232 | Alpha_L1: 0.0271 | Render_LPIPS: 0.1827 | cos(c,null): +0.4000 | GradNorm: 0.0447 | MSE/t: [0.00-0.50]0.407(n=6528) [0.50-0.85]0.127(n=5774) [0.85-0.95]0.025(n=478) [0.95-1.00]0.015(n=20)
2026-05-01 11:18:46,672 - INFO - [render-loss] step=100400 kept 32/64 samples (t_value >= 0.50)
2026-05-01 11:20:41,893 - INFO - Step  100600 | Epoch 101 | MSE: 0.2623 | Steps/sec: 1.73 | LR: 1.03e-04 | Render_L1: 0.0232 | Alpha_L1: 0.0271 | Render_LPIPS: 0.1818 | cos(c,null): +0.4011 | GradNorm: 0.0419 | MSE/t: [0.00-0.50]0.407(n=6436) [0.50-0.85]0.124(n=5851) [0.85-0.95]0.025(n=494) [0.95-1.00]0.015(n=19)
2026-05-01 11:20:41,995 - INFO - [render-loss] step=100600 kept 33/64 samples (t_value >= 0.50)
2026-05-01 11:22:37,649 - INFO - Step  100800 | Epoch 101 | MSE: 0.2622 | Steps/sec: 1.73 | LR: 1.03e-04 | Render_L1: 0.0231 | Alpha_L1: 0.0276 | Render_LPIPS: 0.1830 | cos(c,null): +0.3980 | GradNorm: 0.0443 | MSE/t: [0.00-0.50]0.407(n=6427) [0.50-0.85]0.125(n=5870) [0.85-0.95]0.025(n=478) [0.95-1.00]0.014(n=25)
2026-05-01 11:22:37,751 - INFO - [render-loss] step=100800 kept 36/64 samples (t_value >= 0.50)
2026-05-01 11:24:33,712 - INFO - Step  101000 | Epoch 101 | MSE: 0.2626 | Steps/sec: 1.72 | LR: 1.03e-04 | Render_L1: 0.0230 | Alpha_L1: 0.0275 | Render_LPIPS: 0.1821 | cos(c,null): +0.3980 | GradNorm: 0.0442 | MSE/t: [0.00-0.50]0.411(n=6337) [0.50-0.85]0.124(n=5924) [0.85-0.95]0.037(n=519) [0.95-1.00]0.010(n=20)
2026-05-01 11:24:33,922 - INFO - [cond] cfg_signal=0.0426 (min=0.0240 max=0.0588, n=16) | class_signal=0.0562 (min=0.0241 max=0.0792, n=16) | pred_rms=1.3413
2026-05-01 11:24:42,151 - INFO - [validation] saved: output/jit_B8_no_bottleneck_20260430_194526/dit_validation/epoch_101_step_0101000_class026.png (class=26, sampler=heun, steps=100)
2026-05-01 11:24:43,382 - INFO - [overrides] applied from jit/configs/overrides.yaml: lr_scale=1.0 max_grad_norm=5.0 null_repel_weight=0.0 P_mean=0.0
2026-05-01 11:24:43,479 - INFO - [render-loss] step=101000 kept 32/64 samples (t_value >= 0.50)
2026-05-01 11:26:38,634 - INFO - Step  101200 | Epoch 101 | MSE: 0.2628 | Steps/sec: 1.60 | LR: 1.03e-04 | Render_L1: 0.0232 | Alpha_L1: 0.0274 | Render_LPIPS: 0.1830 | cos(c,null): +0.3991 | GradNorm: 0.0427 | MSE/t: [0.00-0.50]0.408(n=6415) [0.50-0.85]0.126(n=5851) [0.85-0.95]0.025(n=502) [0.95-1.00]0.012(n=32)
2026-05-01 11:26:38,736 - INFO - [render-loss] step=101200 kept 31/64 samples (t_value >= 0.50)
2026-05-01 11:28:34,173 - INFO - Step  101400 | Epoch 102 | MSE: 0.2658 | Steps/sec: 1.73 | LR: 1.02e-04 | Render_L1: 0.0231 | Alpha_L1: 0.0273 | Render_LPIPS: 0.1828 | cos(c,null): +0.3972 | GradNorm: 0.0436 | MSE/t: [0.00-0.50]0.414(n=6408) [0.50-0.85]0.126(n=5832) [0.85-0.95]0.025(n=540) [0.95-1.00]0.012(n=20)
2026-05-01 11:28:34,276 - INFO - [render-loss] step=101400 kept 35/64 samples (t_value >= 0.50)
2026-05-01 11:30:29,575 - INFO - Step  101600 | Epoch 102 | MSE: 0.2612 | Steps/sec: 1.73 | LR: 1.02e-04 | Render_L1: 0.0229 | Alpha_L1: 0.0272 | Render_LPIPS: 0.1814 | cos(c,null): +0.3984 | GradNorm: 0.0423 | MSE/t: [0.00-0.50]0.406(n=6372) [0.50-0.85]0.126(n=5871) [0.85-0.95]0.026(n=539) [0.95-1.00]0.016(n=18)
2026-05-01 11:30:29,678 - INFO - [render-loss] step=101600 kept 32/64 samples (t_value >= 0.50)
2026-05-01 11:32:25,321 - INFO - Step  101800 | Epoch 102 | MSE: 0.2615 | Steps/sec: 1.73 | LR: 1.02e-04 | Render_L1: 0.0230 | Alpha_L1: 0.0272 | Render_LPIPS: 0.1817 | cos(c,null): +0.3998 | GradNorm: 0.0428 | MSE/t: [0.00-0.50]0.406(n=6328) [0.50-0.85]0.129(n=5931) [0.85-0.95]0.026(n=522) [0.95-1.00]0.012(n=19)
2026-05-01 11:32:25,424 - INFO - [render-loss] step=101800 kept 27/64 samples (t_value >= 0.50)
2026-05-01 11:34:20,699 - INFO - Step  102000 | Epoch 102 | MSE: 0.2596 | Steps/sec: 1.73 | LR: 1.01e-04 | Render_L1: 0.0229 | Alpha_L1: 0.0270 | Render_LPIPS: 0.1822 | cos(c,null): +0.3996 | GradNorm: 0.0426 | MSE/t: [0.00-0.50]0.405(n=6368) [0.50-0.85]0.124(n=5907) [0.85-0.95]0.026(n=502) [0.95-1.00]0.016(n=23)
2026-05-01 11:34:20,912 - INFO - [cond] cfg_signal=0.0416 (min=0.0237 max=0.0576, n=16) | class_signal=0.0549 (min=0.0235 max=0.0772, n=16) | pred_rms=1.3851
2026-05-01 11:34:29,242 - INFO - [validation] saved: output/jit_B8_no_bottleneck_20260430_194526/dit_validation/epoch_102_step_0102000_class061.png (class=61, sampler=heun, steps=100)
2026-05-01 11:34:30,475 - INFO - [overrides] applied from jit/configs/overrides.yaml: lr_scale=1.0 max_grad_norm=5.0 null_repel_weight=0.0 P_mean=0.0
2026-05-01 11:34:30,572 - INFO - [render-loss] step=102000 kept 31/64 samples (t_value >= 0.50)
2026-05-01 11:36:26,255 - INFO - Step  102200 | Epoch 102 | MSE: 0.2632 | Steps/sec: 1.60 | LR: 1.01e-04 | Render_L1: 0.0233 | Alpha_L1: 0.0272 | Render_LPIPS: 0.1838 | cos(c,null): +0.3999 | GradNorm: 0.0465 | MSE/t: [0.00-0.50]0.413(n=6330) [0.50-0.85]0.125(n=5918) [0.85-0.95]0.025(n=529) [0.95-1.00]0.018(n=23)
2026-05-01 11:36:26,358 - INFO - [render-loss] step=102200 kept 40/64 samples (t_value >= 0.50)
2026-05-01 11:38:21,832 - INFO - Step  102400 | Epoch 103 | MSE: 0.2627 | Steps/sec: 1.73 | LR: 1.01e-04 | Render_L1: 0.0230 | Alpha_L1: 0.0277 | Render_LPIPS: 0.1821 | cos(c,null): +0.4002 | GradNorm: 0.0416 | MSE/t: [0.00-0.50]0.411(n=6372) [0.50-0.85]0.124(n=5887) [0.85-0.95]0.027(n=505) [0.95-1.00]0.014(n=36)
2026-05-01 11:38:21,934 - INFO - [render-loss] step=102400 kept 39/64 samples (t_value >= 0.50)
2026-05-01 11:40:17,259 - INFO - Step  102600 | Epoch 103 | MSE: 0.2618 | Steps/sec: 1.73 | LR: 1.00e-04 | Render_L1: 0.0230 | Alpha_L1: 0.0271 | Render_LPIPS: 0.1830 | cos(c,null): +0.4010 | GradNorm: 0.0435 | MSE/t: [0.00-0.50]0.409(n=6340) [0.50-0.85]0.126(n=5944) [0.85-0.95]0.025(n=495) [0.95-1.00]0.013(n=21)
2026-05-01 11:40:17,361 - INFO - [render-loss] step=102600 kept 31/64 samples (t_value >= 0.50)
2026-05-01 11:42:12,408 - INFO - Step  102800 | Epoch 103 | MSE: 0.2643 | Steps/sec: 1.74 | LR: 1.00e-04 | Render_L1: 0.0228 | Alpha_L1: 0.0270 | Render_LPIPS: 0.1808 | cos(c,null): +0.4037 | GradNorm: 0.0467 | MSE/t: [0.00-0.50]0.408(n=6441) [0.50-0.85]0.128(n=5815) [0.85-0.95]0.026(n=529) [0.95-1.00]0.015(n=15)
2026-05-01 11:42:12,510 - INFO - [render-loss] step=102800 kept 36/64 samples (t_value >= 0.50)
2026-05-01 11:44:07,805 - INFO - Step  103000 | Epoch 103 | MSE: 0.2604 | Steps/sec: 1.73 | LR: 9.98e-05 | Render_L1: 0.0229 | Alpha_L1: 0.0271 | Render_LPIPS: 0.1820 | cos(c,null): +0.4054 | GradNorm: 0.0420 | MSE/t: [0.00-0.50]0.405(n=6366) [0.50-0.85]0.125(n=5917) [0.85-0.95]0.025(n=496) [0.95-1.00]0.011(n=21)
2026-05-01 11:44:08,016 - INFO - [cond] cfg_signal=0.0423 (min=0.0239 max=0.0574, n=16) | class_signal=0.0551 (min=0.0230 max=0.0814, n=16) | pred_rms=1.3751
2026-05-01 11:44:16,302 - INFO - [validation] saved: output/jit_B8_no_bottleneck_20260430_194526/dit_validation/epoch_103_step_0103000_class022.png (class=22, sampler=heun, steps=100)
2026-05-01 11:44:18,106 - INFO - [overrides] applied from jit/configs/overrides.yaml: lr_scale=1.0 max_grad_norm=5.0 null_repel_weight=0.0 P_mean=0.0
2026-05-01 11:44:18,203 - INFO - [render-loss] step=103000 kept 29/64 samples (t_value >= 0.50)
2026-05-01 11:46:13,502 - INFO - Step  103200 | Epoch 103 | MSE: 0.2674 | Steps/sec: 1.59 | LR: 9.95e-05 | Render_L1: 0.0232 | Alpha_L1: 0.0276 | Render_LPIPS: 0.1831 | cos(c,null): +0.4045 | GradNorm: 0.0425 | MSE/t: [0.00-0.50]0.414(n=6459) [0.50-0.85]0.127(n=5779) [0.85-0.95]0.026(n=537) [0.95-1.00]0.017(n=25)
2026-05-01 11:46:13,604 - INFO - [render-loss] step=103200 kept 33/64 samples (t_value >= 0.50)
2026-05-01 11:48:09,478 - INFO - Step  103400 | Epoch 104 | MSE: 0.2631 | Steps/sec: 1.72 | LR: 9.92e-05 | Render_L1: 0.0231 | Alpha_L1: 0.0273 | Render_LPIPS: 0.1832 | cos(c,null): +0.4048 | GradNorm: 0.0452 | MSE/t: [0.00-0.50]0.408(n=6418) [0.50-0.85]0.125(n=5849) [0.85-0.95]0.027(n=512) [0.95-1.00]0.011(n=21)
2026-05-01 11:48:09,580 - INFO - [render-loss] step=103400 kept 30/64 samples (t_value >= 0.50)
2026-05-01 11:50:04,986 - INFO - Step  103600 | Epoch 104 | MSE: 0.2609 | Steps/sec: 1.73 | LR: 9.89e-05 | Render_L1: 0.0232 | Alpha_L1: 0.0276 | Render_LPIPS: 0.1829 | cos(c,null): +0.4051 | GradNorm: 0.0441 | MSE/t: [0.00-0.50]0.409(n=6299) [0.50-0.85]0.126(n=5976) [0.85-0.95]0.025(n=506) [0.95-1.00]0.011(n=19)
2026-05-01 11:50:05,089 - INFO - [render-loss] step=103600 kept 32/64 samples (t_value >= 0.50)
2026-05-01 11:52:00,759 - INFO - Step  103800 | Epoch 104 | MSE: 0.2615 | Steps/sec: 1.73 | LR: 9.86e-05 | Render_L1: 0.0232 | Alpha_L1: 0.0273 | Render_LPIPS: 0.1825 | cos(c,null): +0.4060 | GradNorm: 0.0476 | MSE/t: [0.00-0.50]0.408(n=6361) [0.50-0.85]0.125(n=5878) [0.85-0.95]0.025(n=533) [0.95-1.00]0.012(n=28)
2026-05-01 11:52:00,861 - INFO - [render-loss] step=103800 kept 29/64 samples (t_value >= 0.50)
2026-05-01 11:53:56,586 - INFO - Step  104000 | Epoch 104 | MSE: 0.2638 | Steps/sec: 1.73 | LR: 9.83e-05 | Render_L1: 0.0234 | Alpha_L1: 0.0276 | Render_LPIPS: 0.1830 | cos(c,null): +0.4065 | GradNorm: 0.0438 | MSE/t: [0.00-0.50]0.410(n=6411) [0.50-0.85]0.126(n=5878) [0.85-0.95]0.026(n=478) [0.95-1.00]0.016(n=33)
2026-05-01 11:53:56,794 - INFO - [cond] cfg_signal=0.0414 (min=0.0247 max=0.0568, n=16) | class_signal=0.0536 (min=0.0244 max=0.0744, n=16) | pred_rms=1.3561
2026-05-01 11:54:05,230 - INFO - [validation] saved: output/jit_B8_no_bottleneck_20260430_194526/dit_validation/epoch_104_step_0104000_class099.png (class=99, sampler=heun, steps=100)
2026-05-01 11:54:06,398 - INFO - [overrides] applied from jit/configs/overrides.yaml: lr_scale=1.0 max_grad_norm=5.0 null_repel_weight=0.0 P_mean=0.0
2026-05-01 11:54:06,497 - INFO - [render-loss] step=104000 kept 34/64 samples (t_value >= 0.50)
2026-05-01 11:56:01,537 - INFO - Step  104200 | Epoch 104 | MSE: 0.2663 | Steps/sec: 1.60 | LR: 9.80e-05 | Render_L1: 0.0230 | Alpha_L1: 0.0270 | Render_LPIPS: 0.1817 | cos(c,null): +0.4070 | GradNorm: 0.0426 | MSE/t: [0.00-0.50]0.416(n=6402) [0.50-0.85]0.125(n=5842) [0.85-0.95]0.025(n=545) [0.95-1.00]0.014(n=11)
2026-05-01 11:56:01,639 - INFO - [render-loss] step=104200 kept 40/64 samples (t_value >= 0.50)
2026-05-01 11:57:57,371 - INFO - Step  104400 | Epoch 105 | MSE: 0.2663 | Steps/sec: 1.73 | LR: 9.77e-05 | Render_L1: 0.0234 | Alpha_L1: 0.0277 | Render_LPIPS: 0.1833 | cos(c,null): +0.4085 | GradNorm: 0.0416 | MSE/t: [0.00-0.50]0.414(n=6392) [0.50-0.85]0.128(n=5869) [0.85-0.95]0.025(n=524) [0.95-1.00]0.016(n=15)
2026-05-01 11:57:57,474 - INFO - [render-loss] step=104400 kept 28/64 samples (t_value >= 0.50)
2026-05-01 11:59:52,452 - INFO - Step  104600 | Epoch 105 | MSE: 0.2611 | Steps/sec: 1.74 | LR: 9.74e-05 | Render_L1: 0.0229 | Alpha_L1: 0.0272 | Render_LPIPS: 0.1817 | cos(c,null): +0.4103 | GradNorm: 0.0426 | MSE/t: [0.00-0.50]0.405(n=6415) [0.50-0.85]0.125(n=5861) [0.85-0.95]0.025(n=503) [0.95-1.00]0.015(n=21)
2026-05-01 11:59:52,554 - INFO - [render-loss] step=104600 kept 29/64 samples (t_value >= 0.50)
2026-05-01 12:01:47,743 - INFO - Step  104800 | Epoch 105 | MSE: 0.2630 | Steps/sec: 1.73 | LR: 9.71e-05 | Render_L1: 0.0231 | Alpha_L1: 0.0274 | Render_LPIPS: 0.1835 | cos(c,null): +0.4119 | GradNorm: 0.0441 | MSE/t: [0.00-0.50]0.410(n=6359) [0.50-0.85]0.127(n=5911) [0.85-0.95]0.026(n=508) [0.95-1.00]0.014(n=22)
2026-05-01 12:01:47,845 - INFO - [render-loss] step=104800 kept 29/64 samples (t_value >= 0.50)
2026-05-01 12:03:43,221 - INFO - Step  105000 | Epoch 105 | MSE: 0.2644 | Steps/sec: 1.73 | LR: 9.68e-05 | Render_L1: 0.0234 | Alpha_L1: 0.0275 | Render_LPIPS: 0.1827 | cos(c,null): +0.4127 | GradNorm: 0.0426 | MSE/t: [0.00-0.50]0.411(n=6400) [0.50-0.85]0.126(n=5854) [0.85-0.95]0.025(n=516) [0.95-1.00]0.014(n=30)
2026-05-01 12:03:43,436 - INFO - [cond] cfg_signal=0.0431 (min=0.0249 max=0.0597, n=16) | class_signal=0.0560 (min=0.0242 max=0.0820, n=16) | pred_rms=1.3841
2026-05-01 12:03:51,824 - INFO - [validation] saved: output/jit_B8_no_bottleneck_20260430_194526/dit_validation/epoch_105_step_0105000_class052.png (class=52, sampler=heun, steps=100)
2026-05-01 12:03:52,982 - INFO - [overrides] applied from jit/configs/overrides.yaml: lr_scale=1.0 max_grad_norm=5.0 null_repel_weight=0.0 P_mean=0.0
2026-05-01 12:03:53,080 - INFO - [render-loss] step=105000 kept 35/64 samples (t_value >= 0.50)
2026-05-01 12:05:48,672 - INFO - Step  105200 | Epoch 105 | MSE: 0.2617 | Steps/sec: 1.60 | LR: 9.65e-05 | Render_L1: 0.0232 | Alpha_L1: 0.0274 | Render_LPIPS: 0.1830 | cos(c,null): +0.4134 | GradNorm: 0.0415 | MSE/t: [0.00-0.50]0.407(n=6344) [0.50-0.85]0.127(n=5912) [0.85-0.95]0.025(n=517) [0.95-1.00]0.014(n=27)
2026-05-01 12:05:48,774 - INFO - [render-loss] step=105200 kept 33/64 samples (t_value >= 0.50)
2026-05-01 12:07:44,125 - INFO - Step  105400 | Epoch 106 | MSE: 0.2659 | Steps/sec: 1.73 | LR: 9.62e-05 | Render_L1: 0.0233 | Alpha_L1: 0.0275 | Render_LPIPS: 0.1827 | cos(c,null): +0.4144 | GradNorm: 0.0423 | MSE/t: [0.00-0.50]0.412(n=6460) [0.50-0.85]0.125(n=5810) [0.85-0.95]0.025(n=517) [0.95-1.00]0.019(n=13)
2026-05-01 12:07:44,228 - INFO - [render-loss] step=105400 kept 38/64 samples (t_value >= 0.50)
2026-05-01 12:09:39,407 - INFO - Step  105600 | Epoch 106 | MSE: 0.2604 | Steps/sec: 1.73 | LR: 9.59e-05 | Render_L1: 0.0228 | Alpha_L1: 0.0269 | Render_LPIPS: 0.1808 | cos(c,null): +0.4148 | GradNorm: 0.0418 | MSE/t: [0.00-0.50]0.404(n=6374) [0.50-0.85]0.126(n=5912) [0.85-0.95]0.025(n=497) [0.95-1.00]0.016(n=17)
2026-05-01 12:09:39,510 - INFO - [render-loss] step=105600 kept 27/64 samples (t_value >= 0.50)
2026-05-01 12:11:35,032 - INFO - Step  105800 | Epoch 106 | MSE: 0.2624 | Steps/sec: 1.73 | LR: 9.56e-05 | Render_L1: 0.0231 | Alpha_L1: 0.0268 | Render_LPIPS: 0.1818 | cos(c,null): +0.4146 | GradNorm: 0.0422 | MSE/t: [0.00-0.50]0.410(n=6310) [0.50-0.85]0.128(n=5931) [0.85-0.95]0.025(n=535) [0.95-1.00]0.010(n=24)
2026-05-01 12:11:35,134 - INFO - [render-loss] step=105800 kept 28/64 samples (t_value >= 0.50)
2026-05-01 12:13:30,656 - INFO - Step  106000 | Epoch 106 | MSE: 0.2627 | Steps/sec: 1.73 | LR: 9.53e-05 | Render_L1: 0.0231 | Alpha_L1: 0.0275 | Render_LPIPS: 0.1824 | cos(c,null): +0.4148 | GradNorm: 0.0439 | MSE/t: [0.00-0.50]0.408(n=6379) [0.50-0.85]0.127(n=5881) [0.85-0.95]0.025(n=524) [0.95-1.00]0.011(n=16)
2026-05-01 12:13:30,870 - INFO - [cond] cfg_signal=0.0432 (min=0.0256 max=0.0590, n=16) | class_signal=0.0557 (min=0.0227 max=0.0837, n=16) | pred_rms=1.3634
2026-05-01 12:13:39,100 - INFO - [validation] saved: output/jit_B8_no_bottleneck_20260430_194526/dit_validation/epoch_106_step_0106000_class045.png (class=45, sampler=heun, steps=100)
2026-05-01 12:13:40,888 - INFO - [overrides] applied from jit/configs/overrides.yaml: lr_scale=1.0 max_grad_norm=5.0 null_repel_weight=0.0 P_mean=0.0
2026-05-01 12:13:40,985 - INFO - [render-loss] step=106000 kept 30/64 samples (t_value >= 0.50)
2026-05-01 12:15:36,699 - INFO - Step  106200 | Epoch 106 | MSE: 0.2629 | Steps/sec: 1.59 | LR: 9.50e-05 | Render_L1: 0.0227 | Alpha_L1: 0.0269 | Render_LPIPS: 0.1804 | cos(c,null): +0.4149 | GradNorm: 0.0419 | MSE/t: [0.00-0.50]0.408(n=6393) [0.50-0.85]0.126(n=5895) [0.85-0.95]0.026(n=492) [0.95-1.00]0.014(n=20)
2026-05-01 12:15:36,801 - INFO - [render-loss] step=106200 kept 34/64 samples (t_value >= 0.50)
2026-05-01 12:17:32,403 - INFO - Step  106400 | Epoch 107 | MSE: 0.2653 | Steps/sec: 1.73 | LR: 9.47e-05 | Render_L1: 0.0229 | Alpha_L1: 0.0270 | Render_LPIPS: 0.1810 | cos(c,null): +0.4154 | GradNorm: 0.0422 | MSE/t: [0.00-0.50]0.408(n=6508) [0.50-0.85]0.126(n=5767) [0.85-0.95]0.025(n=497) [0.95-1.00]0.014(n=28)
2026-05-01 12:17:32,505 - INFO - [render-loss] step=106400 kept 33/64 samples (t_value >= 0.50)
2026-05-01 12:19:27,880 - INFO - Step  106600 | Epoch 107 | MSE: 0.2651 | Steps/sec: 1.73 | LR: 9.44e-05 | Render_L1: 0.0224 | Alpha_L1: 0.0270 | Render_LPIPS: 0.1796 | cos(c,null): +0.4157 | GradNorm: 0.0407 | MSE/t: [0.00-0.50]0.410(n=6422) [0.50-0.85]0.128(n=5829) [0.85-0.95]0.025(n=531) [0.95-1.00]0.017(n=18)
2026-05-01 12:19:27,982 - INFO - [render-loss] step=106600 kept 35/64 samples (t_value >= 0.50)
2026-05-01 12:21:23,528 - INFO - Step  106800 | Epoch 107 | MSE: 0.2636 | Steps/sec: 1.73 | LR: 9.41e-05 | Render_L1: 0.0229 | Alpha_L1: 0.0270 | Render_LPIPS: 0.1811 | cos(c,null): +0.4169 | GradNorm: 0.0416 | MSE/t: [0.00-0.50]0.411(n=6359) [0.50-0.85]0.127(n=5889) [0.85-0.95]0.025(n=529) [0.95-1.00]0.017(n=23)
2026-05-01 12:21:23,630 - INFO - [render-loss] step=106800 kept 36/64 samples (t_value >= 0.50)
2026-05-01 12:23:18,671 - INFO - Step  107000 | Epoch 107 | MSE: 0.2640 | Steps/sec: 1.74 | LR: 9.38e-05 | Render_L1: 0.0226 | Alpha_L1: 0.0272 | Render_LPIPS: 0.1803 | cos(c,null): +0.4168 | GradNorm: 0.0436 | MSE/t: [0.00-0.50]0.410(n=6434) [0.50-0.85]0.124(n=5903) [0.85-0.95]0.025(n=445) [0.95-1.00]0.013(n=18)
2026-05-01 12:23:18,885 - INFO - [cond] cfg_signal=0.0448 (min=0.0246 max=0.0610, n=16) | class_signal=0.0582 (min=0.0234 max=0.0872, n=16) | pred_rms=1.3715
2026-05-01 12:23:27,196 - INFO - [validation] saved: output/jit_B8_no_bottleneck_20260430_194526/dit_validation/epoch_107_step_0107000_class020.png (class=20, sampler=heun, steps=100)
2026-05-01 12:23:28,366 - INFO - [overrides] applied from jit/configs/overrides.yaml: lr_scale=1.0 max_grad_norm=5.0 null_repel_weight=0.0 P_mean=0.0
2026-05-01 12:23:28,464 - INFO - [render-loss] step=107000 kept 31/64 samples (t_value >= 0.50)
2026-05-01 12:25:23,837 - INFO - Step  107200 | Epoch 107 | MSE: 0.2653 | Steps/sec: 1.60 | LR: 9.35e-05 | Render_L1: 0.0229 | Alpha_L1: 0.0273 | Render_LPIPS: 0.1810 | cos(c,null): +0.4171 | GradNorm: 0.0461 | MSE/t: [0.00-0.50]0.416(n=6367) [0.50-0.85]0.125(n=5892) [0.85-0.95]0.025(n=514) [0.95-1.00]0.015(n=27)
2026-05-01 12:25:23,939 - INFO - [render-loss] step=107200 kept 33/64 samples (t_value >= 0.50)
2026-05-01 12:27:19,680 - INFO - Step  107400 | Epoch 108 | MSE: 0.2651 | Steps/sec: 1.73 | LR: 9.32e-05 | Render_L1: 0.0228 | Alpha_L1: 0.0272 | Render_LPIPS: 0.1801 | cos(c,null): +0.4183 | GradNorm: 0.0428 | MSE/t: [0.00-0.50]0.412(n=6360) [0.50-0.85]0.130(n=5876) [0.85-0.95]0.025(n=541) [0.95-1.00]0.018(n=23)
2026-05-01 12:27:19,781 - INFO - [render-loss] step=107400 kept 28/64 samples (t_value >= 0.50)
2026-05-01 12:29:15,330 - INFO - Step  107600 | Epoch 108 | MSE: 0.2639 | Steps/sec: 1.73 | LR: 9.29e-05 | Render_L1: 0.0230 | Alpha_L1: 0.0274 | Render_LPIPS: 0.1814 | cos(c,null): +0.4198 | GradNorm: 0.0442 | MSE/t: [0.00-0.50]0.411(n=6304) [0.50-0.85]0.130(n=5940) [0.85-0.95]0.025(n=537) [0.95-1.00]0.011(n=19)
2026-05-01 12:29:15,433 - INFO - [render-loss] step=107600 kept 28/64 samples (t_value >= 0.50)
2026-05-01 12:31:10,536 - INFO - Step  107800 | Epoch 108 | MSE: 0.2607 | Steps/sec: 1.74 | LR: 9.26e-05 | Render_L1: 0.0230 | Alpha_L1: 0.0269 | Render_LPIPS: 0.1815 | cos(c,null): +0.4202 | GradNorm: 0.0420 | MSE/t: [0.00-0.50]0.403(n=6429) [0.50-0.85]0.126(n=5838) [0.85-0.95]0.026(n=508) [0.95-1.00]0.013(n=25)
2026-05-01 12:31:10,639 - INFO - [render-loss] step=107800 kept 38/64 samples (t_value >= 0.50)
2026-05-01 12:33:05,629 - INFO - Step  108000 | Epoch 108 | MSE: 0.2659 | Steps/sec: 1.74 | LR: 9.23e-05 | Render_L1: 0.0229 | Alpha_L1: 0.0268 | Render_LPIPS: 0.1805 | cos(c,null): +0.4208 | GradNorm: 0.0435 | MSE/t: [0.00-0.50]0.407(n=6528) [0.50-0.85]0.127(n=5766) [0.85-0.95]0.026(n=493) [0.95-1.00]0.019(n=13)
2026-05-01 12:33:05,839 - INFO - [cond] cfg_signal=0.0417 (min=0.0246 max=0.0561, n=16) | class_signal=0.0550 (min=0.0224 max=0.0792, n=16) | pred_rms=1.3520
2026-05-01 12:33:14,116 - INFO - [validation] saved: output/jit_B8_no_bottleneck_20260430_194526/dit_validation/epoch_108_step_0108000_class040.png (class=40, sampler=heun, steps=100)
2026-05-01 12:33:15,287 - INFO - [overrides] applied from jit/configs/overrides.yaml: lr_scale=1.0 max_grad_norm=5.0 null_repel_weight=0.0 P_mean=0.0
2026-05-01 12:33:15,384 - INFO - [render-loss] step=108000 kept 29/64 samples (t_value >= 0.50)
2026-05-01 12:35:10,821 - INFO - Step  108200 | Epoch 108 | MSE: 0.2608 | Steps/sec: 1.60 | LR: 9.20e-05 | Render_L1: 0.0234 | Alpha_L1: 0.0275 | Render_LPIPS: 0.1831 | cos(c,null): +0.4204 | GradNorm: 0.0431 | MSE/t: [0.00-0.50]0.405(n=6361) [0.50-0.85]0.126(n=5934) [0.85-0.95]0.026(n=482) [0.95-1.00]0.011(n=23)
2026-05-01 12:35:10,924 - INFO - [render-loss] step=108200 kept 34/64 samples (t_value >= 0.50)
2026-05-01 12:37:06,165 - INFO - Step  108400 | Epoch 109 | MSE: 0.2649 | Steps/sec: 1.73 | LR: 9.17e-05 | Render_L1: 0.0230 | Alpha_L1: 0.0268 | Render_LPIPS: 0.1811 | cos(c,null): +0.4197 | GradNorm: 0.0414 | MSE/t: [0.00-0.50]0.413(n=6392) [0.50-0.85]0.126(n=5860) [0.85-0.95]0.025(n=523) [0.95-1.00]0.014(n=25)
2026-05-01 12:37:06,268 - INFO - [render-loss] step=108400 kept 37/64 samples (t_value >= 0.50)
2026-05-01 12:39:01,795 - INFO - Step  108600 | Epoch 109 | MSE: 0.2604 | Steps/sec: 1.73 | LR: 9.14e-05 | Render_L1: 0.0224 | Alpha_L1: 0.0262 | Render_LPIPS: 0.1793 | cos(c,null): +0.4164 | GradNorm: 0.0424 | MSE/t: [0.00-0.50]0.405(n=6356) [0.50-0.85]0.126(n=5880) [0.85-0.95]0.030(n=542) [0.95-1.00]0.016(n=22)
2026-05-01 12:39:01,897 - INFO - [render-loss] step=108600 kept 34/64 samples (t_value >= 0.50)
2026-05-01 12:40:57,513 - INFO - Step  108800 | Epoch 109 | MSE: 0.2599 | Steps/sec: 1.73 | LR: 9.11e-05 | Render_L1: 0.0226 | Alpha_L1: 0.0267 | Render_LPIPS: 0.1790 | cos(c,null): +0.4133 | GradNorm: 0.0419 | MSE/t: [0.00-0.50]0.408(n=6304) [0.50-0.85]0.125(n=5943) [0.85-0.95]0.025(n=537) [0.95-1.00]0.017(n=16)
2026-05-01 12:40:57,616 - INFO - [render-loss] step=108800 kept 34/64 samples (t_value >= 0.50)
2026-05-01 12:42:53,209 - INFO - Step  109000 | Epoch 109 | MSE: 0.2629 | Steps/sec: 1.73 | LR: 9.08e-05 | Render_L1: 0.0227 | Alpha_L1: 0.0263 | Render_LPIPS: 0.1801 | cos(c,null): +0.4144 | GradNorm: 0.0420 | MSE/t: [0.00-0.50]0.410(n=6394) [0.50-0.85]0.125(n=5859) [0.85-0.95]0.026(n=531) [0.95-1.00]0.024(n=16)
2026-05-01 12:42:53,422 - INFO - [cond] cfg_signal=0.0426 (min=0.0255 max=0.0575, n=16) | class_signal=0.0551 (min=0.0221 max=0.0771, n=16) | pred_rms=1.3535
2026-05-01 12:43:01,598 - INFO - [validation] saved: output/jit_B8_no_bottleneck_20260430_194526/dit_validation/epoch_109_step_0109000_class022.png (class=22, sampler=heun, steps=100)
2026-05-01 12:43:03,412 - INFO - [overrides] applied from jit/configs/overrides.yaml: lr_scale=1.0 max_grad_norm=5.0 null_repel_weight=0.0 P_mean=0.0
2026-05-01 12:43:03,509 - INFO - [render-loss] step=109000 kept 31/64 samples (t_value >= 0.50)
2026-05-01 12:44:58,775 - INFO - Step  109200 | Epoch 109 | MSE: 0.2605 | Steps/sec: 1.60 | LR: 9.05e-05 | Render_L1: 0.0226 | Alpha_L1: 0.0267 | Render_LPIPS: 0.1793 | cos(c,null): +0.4127 | GradNorm: 0.0416 | MSE/t: [0.00-0.50]0.407(n=6371) [0.50-0.85]0.124(n=5886) [0.85-0.95]0.024(n=523) [0.95-1.00]0.012(n=20)
2026-05-01 12:44:58,878 - INFO - [render-loss] step=109200 kept 30/64 samples (t_value >= 0.50)
2026-05-01 12:46:54,100 - INFO - Step  109400 | Epoch 110 | MSE: 0.2601 | Steps/sec: 1.73 | LR: 9.02e-05 | Render_L1: 0.0232 | Alpha_L1: 0.0273 | Render_LPIPS: 0.1818 | cos(c,null): +0.4131 | GradNorm: 0.0409 | MSE/t: [0.00-0.50]0.405(n=6315) [0.50-0.85]0.128(n=5910) [0.85-0.95]0.024(n=553) [0.95-1.00]0.020(n=22)
2026-05-01 12:46:54,203 - INFO - [render-loss] step=109400 kept 39/64 samples (t_value >= 0.50)
2026-05-01 12:48:49,647 - INFO - Step  109600 | Epoch 110 | MSE: 0.2666 | Steps/sec: 1.73 | LR: 8.99e-05 | Render_L1: 0.0228 | Alpha_L1: 0.0271 | Render_LPIPS: 0.1811 | cos(c,null): +0.4148 | GradNorm: 0.0425 | MSE/t: [0.00-0.50]0.411(n=6510) [0.50-0.85]0.126(n=5780) [0.85-0.95]0.026(n=491) [0.95-1.00]0.010(n=19)
2026-05-01 12:48:49,749 - INFO - [render-loss] step=109600 kept 34/64 samples (t_value >= 0.50)
2026-05-01 12:50:45,008 - INFO - Step  109800 | Epoch 110 | MSE: 0.2628 | Steps/sec: 1.73 | LR: 8.96e-05 | Render_L1: 0.0227 | Alpha_L1: 0.0268 | Render_LPIPS: 0.1801 | cos(c,null): +0.4159 | GradNorm: 0.0425 | MSE/t: [0.00-0.50]0.410(n=6373) [0.50-0.85]0.126(n=5900) [0.85-0.95]0.025(n=503) [0.95-1.00]0.014(n=24)
2026-05-01 12:50:45,111 - INFO - [render-loss] step=109800 kept 28/64 samples (t_value >= 0.50)
2026-05-01 12:52:40,947 - INFO - Step  110000 | Epoch 110 | MSE: 0.2599 | Steps/sec: 1.73 | LR: 8.93e-05 | Render_L1: 0.0229 | Alpha_L1: 0.0266 | Render_LPIPS: 0.1803 | cos(c,null): +0.4175 | GradNorm: 0.0406 | MSE/t: [0.00-0.50]0.407(n=6329) [0.50-0.85]0.124(n=5940) [0.85-0.95]0.025(n=512) [0.95-1.00]0.012(n=19)
2026-05-01 12:52:41,160 - INFO - [cond] cfg_signal=0.0433 (min=0.0257 max=0.0588, n=16) | class_signal=0.0568 (min=0.0222 max=0.0842, n=16) | pred_rms=1.3719
2026-05-01 12:52:49,531 - INFO - [validation] saved: output/jit_B8_no_bottleneck_20260430_194526/dit_validation/epoch_110_step_0110000_class015.png (class=15, sampler=heun, steps=100)
2026-05-01 12:52:50,708 - INFO - [overrides] applied from jit/configs/overrides.yaml: lr_scale=1.0 max_grad_norm=5.0 null_repel_weight=0.0 P_mean=0.0
2026-05-01 12:52:50,804 - INFO - [render-loss] step=110000 kept 35/64 samples (t_value >= 0.50)
2026-05-01 12:54:46,218 - INFO - Step  110200 | Epoch 110 | MSE: 0.2641 | Steps/sec: 1.60 | LR: 8.90e-05 | Render_L1: 0.0230 | Alpha_L1: 0.0269 | Render_LPIPS: 0.1802 | cos(c,null): +0.4182 | GradNorm: 0.0416 | MSE/t: [0.00-0.50]0.413(n=6373) [0.50-0.85]0.125(n=5881) [0.85-0.95]0.025(n=518) [0.95-1.00]0.011(n=28)
2026-05-01 12:54:46,320 - INFO - [render-loss] step=110200 kept 29/64 samples (t_value >= 0.50)
2026-05-01 12:56:41,912 - INFO - Step  110400 | Epoch 111 | MSE: 0.2633 | Steps/sec: 1.73 | LR: 8.87e-05 | Render_L1: 0.0227 | Alpha_L1: 0.0269 | Render_LPIPS: 0.1795 | cos(c,null): +0.4179 | GradNorm: 0.0421 | MSE/t: [0.00-0.50]0.410(n=6416) [0.50-0.85]0.124(n=5851) [0.85-0.95]0.026(n=514) [0.95-1.00]0.011(n=19)
2026-05-01 12:56:42,015 - INFO - [render-loss] step=110400 kept 24/64 samples (t_value >= 0.50)
2026-05-01 12:58:37,436 - INFO - Step  110600 | Epoch 111 | MSE: 0.2643 | Steps/sec: 1.73 | LR: 8.84e-05 | Render_L1: 0.0228 | Alpha_L1: 0.0268 | Render_LPIPS: 0.1800 | cos(c,null): +0.4168 | GradNorm: 0.0410 | MSE/t: [0.00-0.50]0.413(n=6361) [0.50-0.85]0.126(n=5889) [0.85-0.95]0.025(n=530) [0.95-1.00]0.015(n=20)
2026-05-01 12:58:37,538 - INFO - [render-loss] step=110600 kept 30/64 samples (t_value >= 0.50)
2026-05-01 13:00:33,042 - INFO - Step  110800 | Epoch 111 | MSE: 0.2619 | Steps/sec: 1.73 | LR: 8.81e-05 | Render_L1: 0.0226 | Alpha_L1: 0.0262 | Render_LPIPS: 0.1788 | cos(c,null): +0.4174 | GradNorm: 0.0440 | MSE/t: [0.00-0.50]0.409(n=6367) [0.50-0.85]0.125(n=5902) [0.85-0.95]0.025(n=515) [0.95-1.00]0.015(n=16)
2026-05-01 13:00:33,145 - INFO - [render-loss] step=110800 kept 29/64 samples (t_value >= 0.50)
2026-05-01 13:02:28,559 - INFO - Step  111000 | Epoch 111 | MSE: 0.2630 | Steps/sec: 1.73 | LR: 8.78e-05 | Render_L1: 0.0229 | Alpha_L1: 0.0274 | Render_LPIPS: 0.1813 | cos(c,null): +0.4156 | GradNorm: 0.0429 | MSE/t: [0.00-0.50]0.407(n=6415) [0.50-0.85]0.128(n=5844) [0.85-0.95]0.025(n=521) [0.95-1.00]0.012(n=20)
2026-05-01 13:02:28,771 - INFO - [cond] cfg_signal=0.0427 (min=0.0274 max=0.0586, n=16) | class_signal=0.0557 (min=0.0230 max=0.0782, n=16) | pred_rms=1.2610
2026-05-01 13:02:37,154 - INFO - [validation] saved: output/jit_B8_no_bottleneck_20260430_194526/dit_validation/epoch_111_step_0111000_class026.png (class=26, sampler=heun, steps=100)
2026-05-01 13:02:38,334 - INFO - [overrides] applied from jit/configs/overrides.yaml: lr_scale=1.0 max_grad_norm=5.0 null_repel_weight=0.0 P_mean=0.0
2026-05-01 13:02:38,433 - INFO - [render-loss] step=111000 kept 27/64 samples (t_value >= 0.50)
2026-05-01 13:04:33,911 - INFO - Step  111200 | Epoch 111 | MSE: 0.2614 | Steps/sec: 1.60 | LR: 8.75e-05 | Render_L1: 0.0225 | Alpha_L1: 0.0263 | Render_LPIPS: 0.1780 | cos(c,null): +0.4110 | GradNorm: 0.0425 | MSE/t: [0.00-0.50]0.410(n=6343) [0.50-0.85]0.124(n=5886) [0.85-0.95]0.026(n=555) [0.95-1.00]0.019(n=16)
2026-05-01 13:04:34,014 - INFO - [render-loss] step=111200 kept 29/64 samples (t_value >= 0.50)
2026-05-01 13:06:29,310 - INFO - Step  111400 | Epoch 112 | MSE: 0.2628 | Steps/sec: 1.73 | LR: 8.73e-05 | Render_L1: 0.0230 | Alpha_L1: 0.0270 | Render_LPIPS: 0.1815 | cos(c,null): +0.4118 | GradNorm: 0.0408 | MSE/t: [0.00-0.50]0.403(n=6479) [0.50-0.85]0.127(n=5813) [0.85-0.95]0.025(n=484) [0.95-1.00]0.010(n=24)
2026-05-01 13:06:29,412 - INFO - [render-loss] step=111400 kept 30/64 samples (t_value >= 0.50)
2026-05-01 13:08:24,825 - INFO - Step  111600 | Epoch 112 | MSE: 0.2637 | Steps/sec: 1.73 | LR: 8.70e-05 | Render_L1: 0.0228 | Alpha_L1: 0.0270 | Render_LPIPS: 0.1797 | cos(c,null): +0.4137 | GradNorm: 0.0459 | MSE/t: [0.00-0.50]0.406(n=6464) [0.50-0.85]0.127(n=5819) [0.85-0.95]0.026(n=502) [0.95-1.00]0.012(n=15)
2026-05-01 13:08:24,927 - INFO - [render-loss] step=111600 kept 27/64 samples (t_value >= 0.50)
2026-05-01 13:10:20,209 - INFO - Step  111800 | Epoch 112 | MSE: 0.2659 | Steps/sec: 1.73 | LR: 8.67e-05 | Render_L1: 0.0227 | Alpha_L1: 0.0266 | Render_LPIPS: 0.1800 | cos(c,null): +0.4151 | GradNorm: 0.0452 | MSE/t: [0.00-0.50]0.407(n=6564) [0.50-0.85]0.126(n=5721) [0.85-0.95]0.025(n=498) [0.95-1.00]0.014(n=17)
2026-05-01 13:10:20,312 - INFO - [render-loss] step=111800 kept 30/64 samples (t_value >= 0.50)
2026-05-01 13:12:15,419 - INFO - Step  112000 | Epoch 112 | MSE: 0.2643 | Steps/sec: 1.74 | LR: 8.64e-05 | Render_L1: 0.0226 | Alpha_L1: 0.0264 | Render_LPIPS: 0.1789 | cos(c,null): +0.4162 | GradNorm: 0.0416 | MSE/t: [0.00-0.50]0.409(n=6460) [0.50-0.85]0.126(n=5797) [0.85-0.95]0.025(n=527) [0.95-1.00]0.011(n=16)
2026-05-01 13:12:15,630 - INFO - [cond] cfg_signal=0.0445 (min=0.0265 max=0.0600, n=16) | class_signal=0.0582 (min=0.0234 max=0.0855, n=16) | pred_rms=1.3374
2026-05-01 13:12:23,814 - INFO - [validation] saved: output/jit_B8_no_bottleneck_20260430_194526/dit_validation/epoch_112_step_0112000_class003.png (class=3, sampler=heun, steps=100)
2026-05-01 13:12:25,615 - INFO - [overrides] applied from jit/configs/overrides.yaml: lr_scale=1.0 max_grad_norm=5.0 null_repel_weight=0.0 P_mean=0.0
2026-05-01 13:12:25,713 - INFO - [render-loss] step=112000 kept 29/64 samples (t_value >= 0.50)
2026-05-01 13:14:21,268 - INFO - Step  112200 | Epoch 112 | MSE: 0.2644 | Steps/sec: 1.59 | LR: 8.61e-05 | Render_L1: 0.0227 | Alpha_L1: 0.0266 | Render_LPIPS: 0.1795 | cos(c,null): +0.4174 | GradNorm: 0.0416 | MSE/t: [0.00-0.50]0.411(n=6402) [0.50-0.85]0.126(n=5862) [0.85-0.95]0.025(n=511) [0.95-1.00]0.014(n=25)
2026-05-01 13:14:21,370 - INFO - [render-loss] step=112200 kept 39/64 samples (t_value >= 0.50)
2026-05-01 13:16:16,973 - INFO - Step  112400 | Epoch 113 | MSE: 0.2595 | Steps/sec: 1.73 | LR: 8.58e-05 | Render_L1: 0.0225 | Alpha_L1: 0.0263 | Render_LPIPS: 0.1784 | cos(c,null): +0.4187 | GradNorm: 0.0399 | MSE/t: [0.00-0.50]0.405(n=6322) [0.50-0.85]0.125(n=5973) [0.85-0.95]0.025(n=481) [0.95-1.00]0.012(n=24)
2026-05-01 13:16:17,076 - INFO - [render-loss] step=112400 kept 25/64 samples (t_value >= 0.50)
2026-05-01 13:18:12,318 - INFO - Step  112600 | Epoch 113 | MSE: 0.2665 | Steps/sec: 1.73 | LR: 8.55e-05 | Render_L1: 0.0229 | Alpha_L1: 0.0267 | Render_LPIPS: 0.1800 | cos(c,null): +0.4196 | GradNorm: 0.0416 | MSE/t: [0.00-0.50]0.414(n=6432) [0.50-0.85]0.126(n=5825) [0.85-0.95]0.025(n=526) [0.95-1.00]0.012(n=17)
2026-05-01 13:18:12,421 - INFO - [render-loss] step=112600 kept 32/64 samples (t_value >= 0.50)
2026-05-01 13:20:07,990 - INFO - Step  112800 | Epoch 113 | MSE: 0.2620 | Steps/sec: 1.73 | LR: 8.52e-05 | Render_L1: 0.0223 | Alpha_L1: 0.0264 | Render_LPIPS: 0.1782 | cos(c,null): +0.4209 | GradNorm: 0.0403 | MSE/t: [0.00-0.50]0.405(n=6432) [0.50-0.85]0.126(n=5853) [0.85-0.95]0.025(n=498) [0.95-1.00]0.013(n=17)
2026-05-01 13:20:08,092 - INFO - [render-loss] step=112800 kept 24/64 samples (t_value >= 0.50)
2026-05-01 13:22:03,333 - INFO - Step  113000 | Epoch 113 | MSE: 0.2632 | Steps/sec: 1.73 | LR: 8.49e-05 | Render_L1: 0.0228 | Alpha_L1: 0.0267 | Render_LPIPS: 0.1801 | cos(c,null): +0.4180 | GradNorm: 0.0405 | MSE/t: [0.00-0.50]0.407(n=6436) [0.50-0.85]0.127(n=5826) [0.85-0.95]0.025(n=516) [0.95-1.00]0.012(n=22)
2026-05-01 13:22:03,547 - INFO - [cond] cfg_signal=0.0440 (min=0.0282 max=0.0594, n=16) | class_signal=0.0578 (min=0.0226 max=0.0827, n=16) | pred_rms=1.3598
2026-05-01 13:22:11,895 - INFO - [validation] saved: output/jit_B8_no_bottleneck_20260430_194526/dit_validation/epoch_113_step_0113000_class088.png (class=88, sampler=heun, steps=100)
2026-05-01 13:22:13,085 - INFO - [overrides] applied from jit/configs/overrides.yaml: lr_scale=1.0 max_grad_norm=5.0 null_repel_weight=0.0 P_mean=0.0
2026-05-01 13:22:13,183 - INFO - [render-loss] step=113000 kept 31/64 samples (t_value >= 0.50)
2026-05-01 13:24:08,707 - INFO - Step  113200 | Epoch 113 | MSE: 0.2614 | Steps/sec: 1.60 | LR: 8.46e-05 | Render_L1: 0.0225 | Alpha_L1: 0.0268 | Render_LPIPS: 0.1785 | cos(c,null): +0.4177 | GradNorm: 0.0407 | MSE/t: [0.00-0.50]0.405(n=6428) [0.50-0.85]0.125(n=5858) [0.85-0.95]0.025(n=493) [0.95-1.00]0.015(n=21)
2026-05-01 13:24:08,809 - INFO - [render-loss] step=113200 kept 29/64 samples (t_value >= 0.50)
2026-05-01 13:26:04,513 - INFO - Step  113400 | Epoch 114 | MSE: 0.2582 | Steps/sec: 1.73 | LR: 8.43e-05 | Render_L1: 0.0226 | Alpha_L1: 0.0269 | Render_LPIPS: 0.1792 | cos(c,null): +0.4190 | GradNorm: 0.0414 | MSE/t: [0.00-0.50]0.403(n=6303) [0.50-0.85]0.126(n=5980) [0.85-0.95]0.026(n=496) [0.95-1.00]0.012(n=21)
2026-05-01 13:26:04,615 - INFO - [render-loss] step=113400 kept 33/64 samples (t_value >= 0.50)
2026-05-01 13:27:59,600 - INFO - Step  113600 | Epoch 114 | MSE: 0.2638 | Steps/sec: 1.74 | LR: 8.40e-05 | Render_L1: 0.0228 | Alpha_L1: 0.0267 | Render_LPIPS: 0.1793 | cos(c,null): +0.4197 | GradNorm: 0.0431 | MSE/t: [0.00-0.50]0.409(n=6453) [0.50-0.85]0.124(n=5831) [0.85-0.95]0.025(n=492) [0.95-1.00]0.018(n=24)
2026-05-01 13:27:59,702 - INFO - [render-loss] step=113600 kept 30/64 samples (t_value >= 0.50)
2026-05-01 13:29:55,321 - INFO - Step  113800 | Epoch 114 | MSE: 0.2627 | Steps/sec: 1.73 | LR: 8.37e-05 | Render_L1: 0.0227 | Alpha_L1: 0.0266 | Render_LPIPS: 0.1803 | cos(c,null): +0.4229 | GradNorm: 0.0639 | MSE/t: [0.00-0.50]0.407(n=6448) [0.50-0.85]0.125(n=5813) [0.85-0.95]0.026(n=512) [0.95-1.00]0.015(n=27)
2026-05-01 13:29:55,424 - INFO - [render-loss] step=113800 kept 31/64 samples (t_value >= 0.50)
2026-05-01 13:31:50,468 - INFO - Step  114000 | Epoch 114 | MSE: 0.2662 | Steps/sec: 1.74 | LR: 8.34e-05 | Render_L1: 0.0225 | Alpha_L1: 0.0259 | Render_LPIPS: 0.1788 | cos(c,null): +0.4253 | GradNorm: 0.0451 | MSE/t: [0.00-0.50]0.410(n=6467) [0.50-0.85]0.128(n=5791) [0.85-0.95]0.027(n=527) [0.95-1.00]0.013(n=15)
2026-05-01 13:31:50,681 - INFO - [cond] cfg_signal=0.0443 (min=0.0265 max=0.0611, n=16) | class_signal=0.0579 (min=0.0246 max=0.0815, n=16) | pred_rms=1.3639
2026-05-01 13:31:59,026 - INFO - [validation] saved: output/jit_B8_no_bottleneck_20260430_194526/dit_validation/epoch_114_step_0114000_class073.png (class=73, sampler=heun, steps=100)
2026-05-01 13:32:00,199 - INFO - [overrides] applied from jit/configs/overrides.yaml: lr_scale=1.0 max_grad_norm=5.0 null_repel_weight=0.0 P_mean=0.0
2026-05-01 13:32:00,296 - INFO - [render-loss] step=114000 kept 41/64 samples (t_value >= 0.50)
2026-05-01 13:33:56,243 - INFO - Step  114200 | Epoch 115 | MSE: 0.2637 | Steps/sec: 1.59 | LR: 8.31e-05 | Render_L1: 0.0228 | Alpha_L1: 0.0267 | Render_LPIPS: 0.1795 | cos(c,null): +0.4263 | GradNorm: 0.0456 | MSE/t: [0.00-0.50]0.410(n=6402) [0.50-0.85]0.126(n=5840) [0.85-0.95]0.025(n=531) [0.95-1.00]0.013(n=27)
2026-05-01 13:33:56,345 - INFO - [render-loss] step=114200 kept 20/64 samples (t_value >= 0.50)
2026-05-01 13:35:51,963 - INFO - Step  114400 | Epoch 115 | MSE: 0.2627 | Steps/sec: 1.73 | LR: 8.28e-05 | Render_L1: 0.0223 | Alpha_L1: 0.0262 | Render_LPIPS: 0.1776 | cos(c,null): +0.4270 | GradNorm: 0.0423 | MSE/t: [0.00-0.50]0.406(n=6476) [0.50-0.85]0.124(n=5812) [0.85-0.95]0.026(n=490) [0.95-1.00]0.014(n=22)
2026-05-01 13:35:52,066 - INFO - [render-loss] step=114400 kept 33/64 samples (t_value >= 0.50)
2026-05-01 13:37:47,369 - INFO - Step  114600 | Epoch 115 | MSE: 0.2605 | Steps/sec: 1.73 | LR: 8.25e-05 | Render_L1: 0.0227 | Alpha_L1: 0.0267 | Render_LPIPS: 0.1792 | cos(c,null): +0.4270 | GradNorm: 0.0446 | MSE/t: [0.00-0.50]0.405(n=6375) [0.50-0.85]0.126(n=5871) [0.85-0.95]0.025(n=536) [0.95-1.00]0.017(n=18)
2026-05-01 13:37:47,471 - INFO - [render-loss] step=114600 kept 28/64 samples (t_value >= 0.50)
2026-05-01 13:39:42,722 - INFO - Step  114800 | Epoch 115 | MSE: 0.2601 | Steps/sec: 1.73 | LR: 8.22e-05 | Render_L1: 0.0225 | Alpha_L1: 0.0266 | Render_LPIPS: 0.1784 | cos(c,null): +0.4269 | GradNorm: 0.0425 | MSE/t: [0.00-0.50]0.407(n=6332) [0.50-0.85]0.124(n=5952) [0.85-0.95]0.025(n=488) [0.95-1.00]0.017(n=28)
2026-05-01 13:39:42,825 - INFO - [render-loss] step=114800 kept 34/64 samples (t_value >= 0.50)
2026-05-01 13:41:37,930 - INFO - Step  115000 | Epoch 115 | MSE: 0.2646 | Steps/sec: 1.74 | LR: 8.20e-05 | Render_L1: 0.0228 | Alpha_L1: 0.0269 | Render_LPIPS: 0.1790 | cos(c,null): +0.4276 | GradNorm: 0.0431 | MSE/t: [0.00-0.50]0.407(n=6394) [0.50-0.85]0.131(n=5882) [0.85-0.95]0.024(n=504) [0.95-1.00]0.019(n=20)
2026-05-01 13:41:38,141 - INFO - [cond] cfg_signal=0.0465 (min=0.0271 max=0.0593, n=16) | class_signal=0.0611 (min=0.0249 max=0.1002, n=16) | pred_rms=1.4624
2026-05-01 13:41:46,431 - INFO - [validation] saved: output/jit_B8_no_bottleneck_20260430_194526/dit_validation/epoch_115_step_0115000_class017.png (class=17, sampler=heun, steps=100)
2026-05-01 13:41:48,256 - INFO - [overrides] applied from jit/configs/overrides.yaml: lr_scale=1.0 max_grad_norm=5.0 null_repel_weight=0.0 P_mean=0.0
2026-05-01 13:41:48,353 - INFO - [render-loss] step=115000 kept 34/64 samples (t_value >= 0.50)
2026-05-01 13:43:43,909 - INFO - Step  115200 | Epoch 116 | MSE: 0.2578 | Steps/sec: 1.59 | LR: 8.17e-05 | Render_L1: 0.0226 | Alpha_L1: 0.0267 | Render_LPIPS: 0.1792 | cos(c,null): +0.4286 | GradNorm: 0.0434 | MSE/t: [0.00-0.50]0.402(n=6329) [0.50-0.85]0.125(n=5934) [0.85-0.95]0.026(n=521) [0.95-1.00]0.016(n=16)
2026-05-01 13:43:44,012 - INFO - [render-loss] step=115200 kept 33/64 samples (t_value >= 0.50)
2026-05-01 13:45:39,735 - INFO - Step  115400 | Epoch 116 | MSE: 0.2608 | Steps/sec: 1.73 | LR: 8.14e-05 | Render_L1: 0.0225 | Alpha_L1: 0.0265 | Render_LPIPS: 0.1782 | cos(c,null): +0.4270 | GradNorm: 0.0479 | MSE/t: [0.00-0.50]0.404(n=6408) [0.50-0.85]0.126(n=5875) [0.85-0.95]0.025(n=493) [0.95-1.00]0.013(n=24)
2026-05-01 13:45:39,837 - INFO - [render-loss] step=115400 kept 32/64 samples (t_value >= 0.50)
2026-05-01 13:47:35,249 - INFO - Step  115600 | Epoch 116 | MSE: 0.2651 | Steps/sec: 1.73 | LR: 8.11e-05 | Render_L1: 0.0223 | Alpha_L1: 0.0264 | Render_LPIPS: 0.1771 | cos(c,null): +0.4272 | GradNorm: 0.0403 | MSE/t: [0.00-0.50]0.412(n=6442) [0.50-0.85]0.125(n=5849) [0.85-0.95]0.025(n=494) [0.95-1.00]0.016(n=15)
2026-05-01 13:47:35,352 - INFO - [render-loss] step=115600 kept 30/64 samples (t_value >= 0.50)
2026-05-01 13:49:31,021 - INFO - Step  115800 | Epoch 116 | MSE: 0.2640 | Steps/sec: 1.73 | LR: 8.08e-05 | Render_L1: 0.0226 | Alpha_L1: 0.0267 | Render_LPIPS: 0.1782 | cos(c,null): +0.4272 | GradNorm: 0.0402 | MSE/t: [0.00-0.50]0.406(n=6484) [0.50-0.85]0.127(n=5790) [0.85-0.95]0.026(n=502) [0.95-1.00]0.015(n=24)
2026-05-01 13:49:31,123 - INFO - [render-loss] step=115800 kept 29/64 samples (t_value >= 0.50)
2026-05-01 13:51:25,999 - INFO - Step  116000 | Epoch 116 | MSE: 0.2647 | Steps/sec: 1.74 | LR: 8.05e-05 | Render_L1: 0.0221 | Alpha_L1: 0.0258 | Render_LPIPS: 0.1762 | cos(c,null): +0.4255 | GradNorm: 0.0421 | MSE/t: [0.00-0.50]0.410(n=6452) [0.50-0.85]0.126(n=5811) [0.85-0.95]0.026(n=519) [0.95-1.00]0.015(n=18)
2026-05-01 13:51:26,209 - INFO - [cond] cfg_signal=0.0451 (min=0.0267 max=0.0599, n=16) | class_signal=0.0598 (min=0.0233 max=0.0918, n=16) | pred_rms=1.4013
2026-05-01 13:51:34,548 - INFO - [validation] saved: output/jit_B8_no_bottleneck_20260430_194526/dit_validation/epoch_116_step_0116000_class033.png (class=33, sampler=heun, steps=100)
2026-05-01 13:51:35,759 - INFO - [overrides] applied from jit/configs/overrides.yaml: lr_scale=1.0 max_grad_norm=5.0 null_repel_weight=0.0 P_mean=0.0
2026-05-01 13:51:35,857 - INFO - [render-loss] step=116000 kept 32/64 samples (t_value >= 0.50)
2026-05-01 13:53:31,218 - INFO - Step  116200 | Epoch 117 | MSE: 0.2558 | Steps/sec: 1.60 | LR: 8.02e-05 | Render_L1: 0.0224 | Alpha_L1: 0.0262 | Render_LPIPS: 0.1760 | cos(c,null): +0.4251 | GradNorm: 0.0408 | MSE/t: [0.00-0.50]0.400(n=6304) [0.50-0.85]0.125(n=5906) [0.85-0.95]0.025(n=568) [0.95-1.00]0.013(n=22)
2026-05-01 13:53:31,320 - INFO - [render-loss] step=116200 kept 33/64 samples (t_value >= 0.50)
2026-05-01 13:55:26,580 - INFO - Step  116400 | Epoch 117 | MSE: 0.2615 | Steps/sec: 1.73 | LR: 7.99e-05 | Render_L1: 0.0225 | Alpha_L1: 0.0267 | Render_LPIPS: 0.1778 | cos(c,null): +0.4253 | GradNorm: 0.0423 | MSE/t: [0.00-0.50]0.404(n=6382) [0.50-0.85]0.128(n=5899) [0.85-0.95]0.025(n=502) [0.95-1.00]0.014(n=17)
2026-05-01 13:55:26,683 - INFO - [render-loss] step=116400 kept 25/64 samples (t_value >= 0.50)
2026-05-01 13:57:22,019 - INFO - Step  116600 | Epoch 117 | MSE: 0.2614 | Steps/sec: 1.73 | LR: 7.96e-05 | Render_L1: 0.0228 | Alpha_L1: 0.0266 | Render_LPIPS: 0.1791 | cos(c,null): +0.4259 | GradNorm: 0.0406 | MSE/t: [0.00-0.50]0.406(n=6402) [0.50-0.85]0.125(n=5875) [0.85-0.95]0.025(n=508) [0.95-1.00]0.011(n=15)
2026-05-01 13:57:22,121 - INFO - [render-loss] step=116600 kept 39/64 samples (t_value >= 0.50)
2026-05-01 13:59:17,488 - INFO - Step  116800 | Epoch 117 | MSE: 0.2641 | Steps/sec: 1.73 | LR: 7.93e-05 | Render_L1: 0.0226 | Alpha_L1: 0.0263 | Render_LPIPS: 0.1785 | cos(c,null): +0.4252 | GradNorm: 0.0568 | MSE/t: [0.00-0.50]0.408(n=6413) [0.50-0.85]0.127(n=5846) [0.85-0.95]0.042(n=518) [0.95-1.00]0.015(n=23)
2026-05-01 13:59:17,591 - INFO - [render-loss] step=116800 kept 32/64 samples (t_value >= 0.50)
2026-05-01 14:01:12,851 - INFO - Step  117000 | Epoch 117 | MSE: 0.2619 | Steps/sec: 1.73 | LR: 7.90e-05 | Render_L1: 0.0226 | Alpha_L1: 0.0263 | Render_LPIPS: 0.1773 | cos(c,null): +0.4243 | GradNorm: 0.0441 | MSE/t: [0.00-0.50]0.404(n=6460) [0.50-0.85]0.126(n=5826) [0.85-0.95]0.026(n=492) [0.95-1.00]0.014(n=22)
2026-05-01 14:01:13,062 - INFO - [cond] cfg_signal=0.0447 (min=0.0279 max=0.0626, n=16) | class_signal=0.0580 (min=0.0230 max=0.0812, n=16) | pred_rms=1.3665
2026-05-01 14:01:21,384 - INFO - [validation] saved: output/jit_B8_no_bottleneck_20260430_194526/dit_validation/epoch_117_step_0117000_class028.png (class=28, sampler=heun, steps=100)
2026-05-01 14:01:22,589 - INFO - [overrides] applied from jit/configs/overrides.yaml: lr_scale=1.0 max_grad_norm=5.0 null_repel_weight=0.0 P_mean=0.0
2026-05-01 14:01:22,687 - INFO - [render-loss] step=117000 kept 30/64 samples (t_value >= 0.50)
2026-05-01 14:03:18,334 - INFO - Step  117200 | Epoch 118 | MSE: 0.2616 | Steps/sec: 1.60 | LR: 7.88e-05 | Render_L1: 0.0224 | Alpha_L1: 0.0263 | Render_LPIPS: 0.1773 | cos(c,null): +0.4251 | GradNorm: 0.0398 | MSE/t: [0.00-0.50]0.404(n=6454) [0.50-0.85]0.125(n=5807) [0.85-0.95]0.026(n=523) [0.95-1.00]0.017(n=16)
2026-05-01 14:03:18,437 - INFO - [render-loss] step=117200 kept 39/64 samples (t_value >= 0.50)
2026-05-01 14:05:14,014 - INFO - Step  117400 | Epoch 118 | MSE: 0.2605 | Steps/sec: 1.73 | LR: 7.85e-05 | Render_L1: 0.0224 | Alpha_L1: 0.0265 | Render_LPIPS: 0.1780 | cos(c,null): +0.4260 | GradNorm: 0.0435 | MSE/t: [0.00-0.50]0.405(n=6361) [0.50-0.85]0.126(n=5930) [0.85-0.95]0.026(n=487) [0.95-1.00]0.014(n=22)
2026-05-01 14:05:14,117 - INFO - [render-loss] step=117400 kept 33/64 samples (t_value >= 0.50)
2026-05-01 14:07:09,390 - INFO - Step  117600 | Epoch 118 | MSE: 0.2613 | Steps/sec: 1.73 | LR: 7.82e-05 | Render_L1: 0.0225 | Alpha_L1: 0.0262 | Render_LPIPS: 0.1789 | cos(c,null): +0.4264 | GradNorm: 0.0411 | MSE/t: [0.00-0.50]0.404(n=6413) [0.50-0.85]0.127(n=5840) [0.85-0.95]0.026(n=527) [0.95-1.00]0.015(n=20)
2026-05-01 14:07:09,492 - INFO - [render-loss] step=117600 kept 34/64 samples (t_value >= 0.50)
2026-05-01 14:09:04,966 - INFO - Step  117800 | Epoch 118 | MSE: 0.2604 | Steps/sec: 1.73 | LR: 7.79e-05 | Render_L1: 0.0227 | Alpha_L1: 0.0263 | Render_LPIPS: 0.1775 | cos(c,null): +0.4267 | GradNorm: 0.0412 | MSE/t: [0.00-0.50]0.404(n=6379) [0.50-0.85]0.126(n=5902) [0.85-0.95]0.024(n=494) [0.95-1.00]0.015(n=25)
2026-05-01 14:09:05,070 - INFO - [render-loss] step=117800 kept 32/64 samples (t_value >= 0.50)
2026-05-01 14:11:00,330 - INFO - Step  118000 | Epoch 118 | MSE: 0.2628 | Steps/sec: 1.73 | LR: 7.76e-05 | Render_L1: 0.0226 | Alpha_L1: 0.0261 | Render_LPIPS: 0.1776 | cos(c,null): +0.4270 | GradNorm: 0.0410 | MSE/t: [0.00-0.50]0.406(n=6438) [0.50-0.85]0.126(n=5831) [0.85-0.95]0.025(n=513) [0.95-1.00]0.014(n=18)
2026-05-01 14:11:00,544 - INFO - [cond] cfg_signal=0.0457 (min=0.0271 max=0.0623, n=16) | class_signal=0.0599 (min=0.0231 max=0.0845, n=16) | pred_rms=1.3675
2026-05-01 14:11:08,870 - INFO - [validation] saved: output/jit_B8_no_bottleneck_20260430_194526/dit_validation/epoch_118_step_0118000_class060.png (class=60, sampler=heun, steps=100)
2026-05-01 14:11:10,728 - INFO - [overrides] applied from jit/configs/overrides.yaml: lr_scale=1.0 max_grad_norm=5.0 null_repel_weight=0.0 P_mean=0.0
2026-05-01 14:11:10,826 - INFO - [render-loss] step=118000 kept 38/64 samples (t_value >= 0.50)
2026-05-01 14:13:06,257 - INFO - Step  118200 | Epoch 119 | MSE: 0.2636 | Steps/sec: 1.59 | LR: 7.73e-05 | Render_L1: 0.0226 | Alpha_L1: 0.0266 | Render_LPIPS: 0.1781 | cos(c,null): +0.4279 | GradNorm: 0.0399 | MSE/t: [0.00-0.50]0.405(n=6459) [0.50-0.85]0.128(n=5776) [0.85-0.95]0.025(n=546) [0.95-1.00]0.022(n=19)
2026-05-01 14:13:06,361 - INFO - [render-loss] step=118200 kept 31/64 samples (t_value >= 0.50)
2026-05-01 14:15:01,554 - INFO - Step  118400 | Epoch 119 | MSE: 0.2609 | Steps/sec: 1.73 | LR: 7.70e-05 | Render_L1: 0.0226 | Alpha_L1: 0.0265 | Render_LPIPS: 0.1785 | cos(c,null): +0.4291 | GradNorm: 0.0392 | MSE/t: [0.00-0.50]0.407(n=6353) [0.50-0.85]0.125(n=5899) [0.85-0.95]0.025(n=525) [0.95-1.00]0.013(n=23)
2026-05-01 14:15:01,657 - INFO - [render-loss] step=118400 kept 34/64 samples (t_value >= 0.50)
2026-05-01 14:16:56,964 - INFO - Step  118600 | Epoch 119 | MSE: 0.2570 | Steps/sec: 1.73 | LR: 7.67e-05 | Render_L1: 0.0227 | Alpha_L1: 0.0265 | Render_LPIPS: 0.1782 | cos(c,null): +0.4295 | GradNorm: 0.0419 | MSE/t: [0.00-0.50]0.404(n=6240) [0.50-0.85]0.125(n=6040) [0.85-0.95]0.026(n=503) [0.95-1.00]0.019(n=17)
2026-05-01 14:16:57,067 - INFO - [render-loss] step=118600 kept 33/64 samples (t_value >= 0.50)
2026-05-01 14:18:52,708 - INFO - Step  118800 | Epoch 119 | MSE: 0.2610 | Steps/sec: 1.73 | LR: 7.64e-05 | Render_L1: 0.0229 | Alpha_L1: 0.0270 | Render_LPIPS: 0.1789 | cos(c,null): +0.4295 | GradNorm: 0.0401 | MSE/t: [0.00-0.50]0.408(n=6313) [0.50-0.85]0.126(n=5937) [0.85-0.95]0.025(n=531) [0.95-1.00]0.016(n=19)
2026-05-01 14:18:52,811 - INFO - [render-loss] step=118800 kept 35/64 samples (t_value >= 0.50)
2026-05-01 14:20:48,001 - INFO - Step  119000 | Epoch 119 | MSE: 0.2602 | Steps/sec: 1.73 | LR: 7.62e-05 | Render_L1: 0.0223 | Alpha_L1: 0.0260 | Render_LPIPS: 0.1765 | cos(c,null): +0.4295 | GradNorm: 0.0417 | MSE/t: [0.00-0.50]0.402(n=6451) [0.50-0.85]0.125(n=5815) [0.85-0.95]0.025(n=514) [0.95-1.00]0.014(n=20)
2026-05-01 14:20:48,215 - INFO - [cond] cfg_signal=0.0449 (min=0.0278 max=0.0608, n=16) | class_signal=0.0591 (min=0.0225 max=0.0867, n=16) | pred_rms=1.3955
2026-05-01 14:20:56,572 - INFO - [validation] saved: output/jit_B8_no_bottleneck_20260430_194526/dit_validation/epoch_119_step_0119000_class071.png (class=71, sampler=heun, steps=100)
2026-05-01 14:20:57,775 - INFO - [overrides] applied from jit/configs/overrides.yaml: lr_scale=1.0 max_grad_norm=5.0 null_repel_weight=0.0 P_mean=0.0
2026-05-01 14:20:57,873 - INFO - [render-loss] step=119000 kept 37/64 samples (t_value >= 0.50)
2026-05-01 14:22:53,539 - INFO - Step  119200 | Epoch 120 | MSE: 0.2632 | Steps/sec: 1.60 | LR: 7.59e-05 | Render_L1: 0.0228 | Alpha_L1: 0.0266 | Render_LPIPS: 0.1785 | cos(c,null): +0.4294 | GradNorm: 0.0406 | MSE/t: [0.00-0.50]0.407(n=6407) [0.50-0.85]0.128(n=5846) [0.85-0.95]0.025(n=525) [0.95-1.00]0.012(n=22)
2026-05-01 14:22:53,642 - INFO - [render-loss] step=119200 kept 30/64 samples (t_value >= 0.50)
2026-05-01 14:24:49,021 - INFO - Step  119400 | Epoch 120 | MSE: 0.2663 | Steps/sec: 1.73 | LR: 7.56e-05 | Render_L1: 0.0226 | Alpha_L1: 0.0267 | Render_LPIPS: 0.1786 | cos(c,null): +0.4286 | GradNorm: 0.0402 | MSE/t: [0.00-0.50]0.407(n=6546) [0.50-0.85]0.127(n=5752) [0.85-0.95]0.026(n=478) [0.95-1.00]0.020(n=24)
2026-05-01 14:24:49,124 - INFO - [render-loss] step=119400 kept 30/64 samples (t_value >= 0.50)
2026-05-01 14:26:44,742 - INFO - Step  119600 | Epoch 120 | MSE: 0.2614 | Steps/sec: 1.73 | LR: 7.53e-05 | Render_L1: 0.0225 | Alpha_L1: 0.0265 | Render_LPIPS: 0.1776 | cos(c,null): +0.4289 | GradNorm: 0.0416 | MSE/t: [0.00-0.50]0.403(n=6465) [0.50-0.85]0.126(n=5808) [0.85-0.95]0.025(n=507) [0.95-1.00]0.014(n=20)
2026-05-01 14:26:44,844 - INFO - [render-loss] step=119600 kept 29/64 samples (t_value >= 0.50)
2026-05-01 14:28:40,813 - INFO - Step  119800 | Epoch 120 | MSE: 0.2643 | Steps/sec: 1.72 | LR: 7.50e-05 | Render_L1: 0.0224 | Alpha_L1: 0.0263 | Render_LPIPS: 0.1779 | cos(c,null): +0.4295 | GradNorm: 0.0400 | MSE/t: [0.00-0.50]0.410(n=6428) [0.50-0.85]0.125(n=5826) [0.85-0.95]0.028(n=525) [0.95-1.00]0.012(n=21)
2026-05-01 14:28:40,915 - INFO - [render-loss] step=119800 kept 38/64 samples (t_value >= 0.50)
2026-05-01 14:30:36,428 - INFO - Step  120000 | Epoch 120 | MSE: 0.2644 | Steps/sec: 1.73 | LR: 7.47e-05 | Render_L1: 0.0229 | Alpha_L1: 0.0265 | Render_LPIPS: 0.1784 | cos(c,null): +0.4304 | GradNorm: 0.0411 | MSE/t: [0.00-0.50]0.410(n=6392) [0.50-0.85]0.128(n=5880) [0.85-0.95]0.024(n=502) [0.95-1.00]0.013(n=26)
2026-05-01 14:30:36,638 - INFO - [cond] cfg_signal=0.0451 (min=0.0276 max=0.0622, n=16) | class_signal=0.0592 (min=0.0225 max=0.0858, n=16) | pred_rms=1.3923
2026-05-01 14:30:38,374 - INFO - Saved checkpoint to output/jit_B8_no_bottleneck_20260430_194526/0120000.pt
2026-05-01 14:30:38,582 - INFO - [cond] cfg_signal=0.0451 (min=0.0276 max=0.0622, n=16) | class_signal=0.0592 (min=0.0225 max=0.0858, n=16) | pred_rms=1.3923
2026-05-01 14:30:46,837 - INFO - [validation] saved: output/jit_B8_no_bottleneck_20260430_194526/dit_validation/epoch_120_step_0120000_class025.png (class=25, sampler=heun, steps=100)
2026-05-01 14:30:48,049 - INFO - [overrides] applied from jit/configs/overrides.yaml: lr_scale=1.0 max_grad_norm=5.0 null_repel_weight=0.0 P_mean=0.0
2026-05-01 14:30:48,147 - INFO - [render-loss] step=120000 kept 31/64 samples (t_value >= 0.50)
2026-05-01 14:32:43,751 - INFO - Step  120200 | Epoch 121 | MSE: 0.2602 | Steps/sec: 1.57 | LR: 7.44e-05 | Render_L1: 0.0226 | Alpha_L1: 0.0264 | Render_LPIPS: 0.1785 | cos(c,null): +0.4295 | GradNorm: 0.0423 | MSE/t: [0.00-0.50]0.404(n=6385) [0.50-0.85]0.126(n=5868) [0.85-0.95]0.024(n=526) [0.95-1.00]0.013(n=21)
2026-05-01 14:32:43,854 - INFO - [render-loss] step=120200 kept 33/64 samples (t_value >= 0.50)
2026-05-01 14:34:39,338 - INFO - Step  120400 | Epoch 121 | MSE: 0.2636 | Steps/sec: 1.73 | LR: 7.42e-05 | Render_L1: 0.0226 | Alpha_L1: 0.0264 | Render_LPIPS: 0.1776 | cos(c,null): +0.4303 | GradNorm: 0.0397 | MSE/t: [0.00-0.50]0.407(n=6476) [0.50-0.85]0.125(n=5824) [0.85-0.95]0.025(n=480) [0.95-1.00]0.013(n=20)
2026-05-01 14:34:39,441 - INFO - [render-loss] step=120400 kept 29/64 samples (t_value >= 0.50)
2026-05-01 14:36:34,572 - INFO - Step  120600 | Epoch 121 | MSE: 0.2628 | Steps/sec: 1.74 | LR: 7.39e-05 | Render_L1: 0.0225 | Alpha_L1: 0.0265 | Render_LPIPS: 0.1774 | cos(c,null): +0.4311 | GradNorm: 0.0405 | MSE/t: [0.00-0.50]0.404(n=6439) [0.50-0.85]0.127(n=5875) [0.85-0.95]0.025(n=462) [0.95-1.00]0.015(n=24)
2026-05-01 14:36:34,673 - INFO - [render-loss] step=120600 kept 27/64 samples (t_value >= 0.50)
2026-05-01 14:38:30,088 - INFO - Step  120800 | Epoch 121 | MSE: 0.2599 | Steps/sec: 1.73 | LR: 7.36e-05 | Render_L1: 0.0219 | Alpha_L1: 0.0254 | Render_LPIPS: 0.1744 | cos(c,null): +0.4297 | GradNorm: 0.0392 | MSE/t: [0.00-0.50]0.404(n=6409) [0.50-0.85]0.124(n=5848) [0.85-0.95]0.025(n=511) [0.95-1.00]0.012(n=32)
2026-05-01 14:38:30,191 - INFO - [render-loss] step=120800 kept 35/64 samples (t_value >= 0.50)
2026-05-01 14:40:25,781 - INFO - Step  121000 | Epoch 121 | MSE: 0.2597 | Steps/sec: 1.73 | LR: 7.33e-05 | Render_L1: 0.0222 | Alpha_L1: 0.0262 | Render_LPIPS: 0.1772 | cos(c,null): +0.4293 | GradNorm: 0.0397 | MSE/t: [0.00-0.50]0.403(n=6396) [0.50-0.85]0.125(n=5838) [0.85-0.95]0.026(n=549) [0.95-1.00]0.011(n=17)
2026-05-01 14:40:25,994 - INFO - [cond] cfg_signal=0.0455 (min=0.0264 max=0.0629, n=16) | class_signal=0.0597 (min=0.0227 max=0.0926, n=16) | pred_rms=1.3978
2026-05-01 14:40:34,339 - INFO - [validation] saved: output/jit_B8_no_bottleneck_20260430_194526/dit_validation/epoch_121_step_0121000_class021.png (class=21, sampler=heun, steps=100)
2026-05-01 14:40:36,196 - INFO - [overrides] applied from jit/configs/overrides.yaml: lr_scale=1.0 max_grad_norm=5.0 null_repel_weight=0.0 P_mean=0.0
2026-05-01 14:40:36,294 - INFO - [render-loss] step=121000 kept 28/64 samples (t_value >= 0.50)
2026-05-01 14:42:31,769 - INFO - Step  121200 | Epoch 122 | MSE: 0.2621 | Steps/sec: 1.59 | LR: 7.30e-05 | Render_L1: 0.0226 | Alpha_L1: 0.0263 | Render_LPIPS: 0.1779 | cos(c,null): +0.4303 | GradNorm: 0.0403 | MSE/t: [0.00-0.50]0.407(n=6409) [0.50-0.85]0.125(n=5845) [0.85-0.95]0.026(n=526) [0.95-1.00]0.012(n=20)
2026-05-01 14:42:31,872 - INFO - [render-loss] step=121200 kept 27/64 samples (t_value >= 0.50)
2026-05-01 14:44:27,229 - INFO - Step  121400 | Epoch 122 | MSE: 0.2629 | Steps/sec: 1.73 | LR: 7.27e-05 | Render_L1: 0.0226 | Alpha_L1: 0.0263 | Render_LPIPS: 0.1771 | cos(c,null): +0.4311 | GradNorm: 0.0397 | MSE/t: [0.00-0.50]0.410(n=6374) [0.50-0.85]0.126(n=5883) [0.85-0.95]0.025(n=521) [0.95-1.00]0.015(n=22)
2026-05-01 14:44:27,332 - INFO - [render-loss] step=121400 kept 30/64 samples (t_value >= 0.50)
2026-05-01 14:46:22,710 - INFO - Step  121600 | Epoch 122 | MSE: 0.2625 | Steps/sec: 1.73 | LR: 7.25e-05 | Render_L1: 0.0226 | Alpha_L1: 0.0263 | Render_LPIPS: 0.1778 | cos(c,null): +0.4309 | GradNorm: 0.0421 | MSE/t: [0.00-0.50]0.402(n=6541) [0.50-0.85]0.125(n=5746) [0.85-0.95]0.025(n=488) [0.95-1.00]0.014(n=25)
2026-05-01 14:46:22,813 - INFO - [render-loss] step=121600 kept 32/64 samples (t_value >= 0.50)
2026-05-01 14:48:17,969 - INFO - Step  121800 | Epoch 122 | MSE: 0.2629 | Steps/sec: 1.74 | LR: 7.22e-05 | Render_L1: 0.0227 | Alpha_L1: 0.0260 | Render_LPIPS: 0.1789 | cos(c,null): +0.4303 | GradNorm: 0.0415 | MSE/t: [0.00-0.50]0.408(n=6409) [0.50-0.85]0.126(n=5869) [0.85-0.95]0.024(n=495) [0.95-1.00]0.014(n=27)
2026-05-01 14:48:18,072 - INFO - [render-loss] step=121800 kept 31/64 samples (t_value >= 0.50)
2026-05-01 14:50:13,165 - INFO - Step  122000 | Epoch 122 | MSE: 0.2640 | Steps/sec: 1.74 | LR: 7.19e-05 | Render_L1: 0.0225 | Alpha_L1: 0.0261 | Render_LPIPS: 0.1769 | cos(c,null): +0.4313 | GradNorm: 0.0421 | MSE/t: [0.00-0.50]0.407(n=6445) [0.50-0.85]0.127(n=5831) [0.85-0.95]0.026(n=507) [0.95-1.00]0.015(n=17)
2026-05-01 14:50:13,376 - INFO - [cond] cfg_signal=0.0461 (min=0.0287 max=0.0602, n=16) | class_signal=0.0610 (min=0.0236 max=0.0923, n=16) | pred_rms=1.3892
2026-05-01 14:50:21,726 - INFO - [validation] saved: output/jit_B8_no_bottleneck_20260430_194526/dit_validation/epoch_122_step_0122000_class096.png (class=96, sampler=heun, steps=100)
2026-05-01 14:50:22,944 - INFO - [overrides] applied from jit/configs/overrides.yaml: lr_scale=1.0 max_grad_norm=5.0 null_repel_weight=0.0 P_mean=0.0
2026-05-01 14:50:23,041 - INFO - [render-loss] step=122000 kept 31/64 samples (t_value >= 0.50)
2026-05-01 14:52:18,736 - INFO - Step  122200 | Epoch 123 | MSE: 0.2633 | Steps/sec: 1.60 | LR: 7.16e-05 | Render_L1: 0.0225 | Alpha_L1: 0.0263 | Render_LPIPS: 0.1769 | cos(c,null): +0.4326 | GradNorm: 0.0415 | MSE/t: [0.00-0.50]0.405(n=6479) [0.50-0.85]0.127(n=5792) [0.85-0.95]0.025(n=507) [0.95-1.00]0.014(n=22)
2026-05-01 14:52:18,838 - INFO - [render-loss] step=122200 kept 31/64 samples (t_value >= 0.50)
2026-05-01 14:54:14,534 - INFO - Step  122400 | Epoch 123 | MSE: 0.2594 | Steps/sec: 1.73 | LR: 7.13e-05 | Render_L1: 0.0222 | Alpha_L1: 0.0256 | Render_LPIPS: 0.1755 | cos(c,null): +0.4329 | GradNorm: 0.0396 | MSE/t: [0.00-0.50]0.408(n=6260) [0.50-0.85]0.124(n=6033) [0.85-0.95]0.026(n=477) [0.95-1.00]0.017(n=30)
2026-05-01 14:54:14,637 - INFO - [render-loss] step=122400 kept 31/64 samples (t_value >= 0.50)
2026-05-01 14:56:10,255 - INFO - Step  122600 | Epoch 123 | MSE: 0.2599 | Steps/sec: 1.73 | LR: 7.10e-05 | Render_L1: 0.0224 | Alpha_L1: 0.0260 | Render_LPIPS: 0.1762 | cos(c,null): +0.4332 | GradNorm: 0.0408 | MSE/t: [0.00-0.50]0.404(n=6390) [0.50-0.85]0.124(n=5894) [0.85-0.95]0.024(n=500) [0.95-1.00]0.019(n=16)
2026-05-01 14:56:10,357 - INFO - [render-loss] step=122600 kept 32/64 samples (t_value >= 0.50)
2026-05-01 14:58:05,712 - INFO - Step  122800 | Epoch 123 | MSE: 0.2585 | Steps/sec: 1.73 | LR: 7.08e-05 | Render_L1: 0.0225 | Alpha_L1: 0.0258 | Render_LPIPS: 0.1765 | cos(c,null): +0.4336 | GradNorm: 0.0406 | MSE/t: [0.00-0.50]0.400(n=6367) [0.50-0.85]0.127(n=5904) [0.85-0.95]0.026(n=505) [0.95-1.00]0.016(n=24)
2026-05-01 14:58:05,815 - INFO - [render-loss] step=122800 kept 31/64 samples (t_value >= 0.50)
2026-05-01 15:00:00,921 - INFO - Step  123000 | Epoch 123 | MSE: 0.2615 | Steps/sec: 1.74 | LR: 7.05e-05 | Render_L1: 0.0228 | Alpha_L1: 0.0260 | Render_LPIPS: 0.1773 | cos(c,null): +0.4336 | GradNorm: 0.0416 | MSE/t: [0.00-0.50]0.407(n=6401) [0.50-0.85]0.124(n=5852) [0.85-0.95]0.026(n=526) [0.95-1.00]0.013(n=21)
2026-05-01 15:00:01,133 - INFO - [cond] cfg_signal=0.0455 (min=0.0281 max=0.0614, n=16) | class_signal=0.0609 (min=0.0249 max=0.0893, n=16) | pred_rms=1.3824
2026-05-01 15:00:09,512 - INFO - [validation] saved: output/jit_B8_no_bottleneck_20260430_194526/dit_validation/epoch_123_step_0123000_class013.png (class=13, sampler=heun, steps=100)
2026-05-01 15:00:10,725 - INFO - [overrides] applied from jit/configs/overrides.yaml: lr_scale=1.0 max_grad_norm=5.0 null_repel_weight=0.0 P_mean=0.0
2026-05-01 15:00:10,822 - INFO - [render-loss] step=123000 kept 30/64 samples (t_value >= 0.50)
2026-05-01 15:02:06,168 - INFO - Step  123200 | Epoch 124 | MSE: 0.2618 | Steps/sec: 1.60 | LR: 7.02e-05 | Render_L1: 0.0225 | Alpha_L1: 0.0262 | Render_LPIPS: 0.1771 | cos(c,null): +0.4340 | GradNorm: 0.0401 | MSE/t: [0.00-0.50]0.406(n=6418) [0.50-0.85]0.126(n=5852) [0.85-0.95]0.026(n=505) [0.95-1.00]0.014(n=25)
2026-05-01 15:02:06,271 - INFO - [render-loss] step=123200 kept 32/64 samples (t_value >= 0.50)
2026-05-01 15:04:01,712 - INFO - Step  123400 | Epoch 124 | MSE: 0.2653 | Steps/sec: 1.73 | LR: 6.99e-05 | Render_L1: 0.0221 | Alpha_L1: 0.0255 | Render_LPIPS: 0.1759 | cos(c,null): +0.4314 | GradNorm: 0.0396 | MSE/t: [0.00-0.50]0.411(n=6441) [0.50-0.85]0.125(n=5887) [0.85-0.95]0.025(n=451) [0.95-1.00]0.016(n=21)
2026-05-01 15:04:01,815 - INFO - [render-loss] step=123400 kept 34/64 samples (t_value >= 0.50)
2026-05-01 15:05:56,768 - INFO - Step  123600 | Epoch 124 | MSE: 0.2644 | Steps/sec: 1.74 | LR: 6.96e-05 | Render_L1: 0.0224 | Alpha_L1: 0.0263 | Render_LPIPS: 0.1766 | cos(c,null): +0.4315 | GradNorm: 0.0397 | MSE/t: [0.00-0.50]0.411(n=6428) [0.50-0.85]0.125(n=5856) [0.85-0.95]0.025(n=498) [0.95-1.00]0.016(n=18)
2026-05-01 15:05:56,870 - INFO - [render-loss] step=123600 kept 26/64 samples (t_value >= 0.50)
2026-05-01 15:07:52,690 - INFO - Step  123800 | Epoch 124 | MSE: 0.2616 | Steps/sec: 1.73 | LR: 6.94e-05 | Render_L1: 0.0224 | Alpha_L1: 0.0261 | Render_LPIPS: 0.1771 | cos(c,null): +0.4317 | GradNorm: 0.0399 | MSE/t: [0.00-0.50]0.409(n=6345) [0.50-0.85]0.126(n=5881) [0.85-0.95]0.024(n=552) [0.95-1.00]0.012(n=22)
2026-05-01 15:07:52,793 - INFO - [render-loss] step=123800 kept 30/64 samples (t_value >= 0.50)
2026-05-01 15:09:48,541 - INFO - Step  124000 | Epoch 124 | MSE: 0.2606 | Steps/sec: 1.73 | LR: 6.91e-05 | Render_L1: 0.0226 | Alpha_L1: 0.0265 | Render_LPIPS: 0.1775 | cos(c,null): +0.4321 | GradNorm: 0.0400 | MSE/t: [0.00-0.50]0.405(n=6317) [0.50-0.85]0.128(n=5965) [0.85-0.95]0.025(n=489) [0.95-1.00]0.014(n=29)
2026-05-01 15:09:48,753 - INFO - [cond] cfg_signal=0.0457 (min=0.0278 max=0.0615, n=16) | class_signal=0.0596 (min=0.0232 max=0.0903, n=16) | pred_rms=1.3873
2026-05-01 15:09:57,035 - INFO - [validation] saved: output/jit_B8_no_bottleneck_20260430_194526/dit_validation/epoch_124_step_0124000_class050.png (class=50, sampler=heun, steps=100)
2026-05-01 15:09:58,873 - INFO - [overrides] applied from jit/configs/overrides.yaml: lr_scale=1.0 max_grad_norm=5.0 null_repel_weight=0.0 P_mean=0.0
2026-05-01 15:09:58,970 - INFO - [render-loss] step=124000 kept 33/64 samples (t_value >= 0.50)
2026-05-01 15:11:54,574 - INFO - Step  124200 | Epoch 125 | MSE: 0.2629 | Steps/sec: 1.59 | LR: 6.88e-05 | Render_L1: 0.0221 | Alpha_L1: 0.0259 | Render_LPIPS: 0.1754 | cos(c,null): +0.4328 | GradNorm: 0.0397 | MSE/t: [0.00-0.50]0.408(n=6437) [0.50-0.85]0.125(n=5784) [0.85-0.95]0.025(n=550) [0.95-1.00]0.019(n=29)
2026-05-01 15:11:54,676 - INFO - [render-loss] step=124200 kept 31/64 samples (t_value >= 0.50)
2026-05-01 15:13:50,394 - INFO - Step  124400 | Epoch 125 | MSE: 0.2602 | Steps/sec: 1.73 | LR: 6.85e-05 | Render_L1: 0.0221 | Alpha_L1: 0.0262 | Render_LPIPS: 0.1767 | cos(c,null): +0.4304 | GradNorm: 0.0402 | MSE/t: [0.00-0.50]0.408(n=6324) [0.50-0.85]0.125(n=5910) [0.85-0.95]0.025(n=532) [0.95-1.00]0.016(n=34)
2026-05-01 15:13:50,497 - INFO - [render-loss] step=124400 kept 37/64 samples (t_value >= 0.50)
2026-05-01 15:15:45,559 - INFO - Step  124600 | Epoch 125 | MSE: 0.2611 | Steps/sec: 1.74 | LR: 6.82e-05 | Render_L1: 0.0222 | Alpha_L1: 0.0259 | Render_LPIPS: 0.1750 | cos(c,null): +0.4305 | GradNorm: 0.0399 | MSE/t: [0.00-0.50]0.407(n=6371) [0.50-0.85]0.125(n=5901) [0.85-0.95]0.025(n=517) [0.95-1.00]0.013(n=11)
2026-05-01 15:15:45,661 - INFO - [render-loss] step=124600 kept 32/64 samples (t_value >= 0.50)
2026-05-01 15:17:41,052 - INFO - Step  124800 | Epoch 125 | MSE: 0.2634 | Steps/sec: 1.73 | LR: 6.80e-05 | Render_L1: 0.0225 | Alpha_L1: 0.0263 | Render_LPIPS: 0.1774 | cos(c,null): +0.4296 | GradNorm: 0.0413 | MSE/t: [0.00-0.50]0.408(n=6421) [0.50-0.85]0.126(n=5838) [0.85-0.95]0.025(n=518) [0.95-1.00]0.016(n=23)
2026-05-01 15:17:41,156 - INFO - [render-loss] step=124800 kept 31/64 samples (t_value >= 0.50)
2026-05-01 15:19:36,726 - INFO - Step  125000 | Epoch 125 | MSE: 0.2611 | Steps/sec: 1.73 | LR: 6.77e-05 | Render_L1: 0.0223 | Alpha_L1: 0.0256 | Render_LPIPS: 0.1762 | cos(c,null): +0.4288 | GradNorm: 0.0387 | MSE/t: [0.00-0.50]0.404(n=6465) [0.50-0.85]0.124(n=5800) [0.85-0.95]0.026(n=512) [0.95-1.00]0.015(n=23)
2026-05-01 15:19:36,938 - INFO - [cond] cfg_signal=0.0473 (min=0.0302 max=0.0632, n=16) | class_signal=0.0611 (min=0.0242 max=0.0970, n=16) | pred_rms=1.4210
2026-05-01 15:19:45,235 - INFO - [validation] saved: output/jit_B8_no_bottleneck_20260430_194526/dit_validation/epoch_125_step_0125000_class009.png (class=9, sampler=heun, steps=100)
2026-05-01 15:19:46,444 - INFO - [overrides] applied from jit/configs/overrides.yaml: lr_scale=1.0 max_grad_norm=5.0 null_repel_weight=0.0 P_mean=0.0
2026-05-01 15:19:46,542 - INFO - [render-loss] step=125000 kept 32/64 samples (t_value >= 0.50)
2026-05-01 15:21:42,263 - INFO - Step  125200 | Epoch 126 | MSE: 0.2648 | Steps/sec: 1.60 | LR: 6.74e-05 | Render_L1: 0.0218 | Alpha_L1: 0.0253 | Render_LPIPS: 0.1739 | cos(c,null): +0.4297 | GradNorm: 0.0409 | MSE/t: [0.00-0.50]0.411(n=6432) [0.50-0.85]0.125(n=5866) [0.85-0.95]0.025(n=487) [0.95-1.00]0.018(n=15)
2026-05-01 15:21:42,366 - INFO - [render-loss] step=125200 kept 27/64 samples (t_value >= 0.50)
2026-05-01 15:23:37,718 - INFO - Step  125400 | Epoch 126 | MSE: 0.2606 | Steps/sec: 1.73 | LR: 6.71e-05 | Render_L1: 0.0227 | Alpha_L1: 0.0261 | Render_LPIPS: 0.1772 | cos(c,null): +0.4305 | GradNorm: 0.0425 | MSE/t: [0.00-0.50]0.404(n=6385) [0.50-0.85]0.126(n=5904) [0.85-0.95]0.025(n=492) [0.95-1.00]0.012(n=19)
2026-05-01 15:23:37,821 - INFO - [render-loss] step=125400 kept 34/64 samples (t_value >= 0.50)
2026-05-01 15:25:33,340 - INFO - Step  125600 | Epoch 126 | MSE: 0.2621 | Steps/sec: 1.73 | LR: 6.69e-05 | Render_L1: 0.0224 | Alpha_L1: 0.0263 | Render_LPIPS: 0.1768 | cos(c,null): +0.4315 | GradNorm: 0.0403 | MSE/t: [0.00-0.50]0.410(n=6358) [0.50-0.85]0.124(n=5906) [0.85-0.95]0.025(n=516) [0.95-1.00]0.016(n=20)
2026-05-01 15:25:33,441 - INFO - [render-loss] step=125600 kept 34/64 samples (t_value >= 0.50)
2026-05-01 15:27:28,991 - INFO - Step  125800 | Epoch 126 | MSE: 0.2607 | Steps/sec: 1.73 | LR: 6.66e-05 | Render_L1: 0.0226 | Alpha_L1: 0.0265 | Render_LPIPS: 0.1779 | cos(c,null): +0.4324 | GradNorm: 0.0405 | MSE/t: [0.00-0.50]0.407(n=6320) [0.50-0.85]0.126(n=5959) [0.85-0.95]0.026(n=504) [0.95-1.00]0.014(n=17)
2026-05-01 15:27:29,094 - INFO - [render-loss] step=125800 kept 28/64 samples (t_value >= 0.50)
2026-05-01 15:29:24,487 - INFO - Step  126000 | Epoch 126 | MSE: 0.2625 | Steps/sec: 1.73 | LR: 6.63e-05 | Render_L1: 0.0222 | Alpha_L1: 0.0260 | Render_LPIPS: 0.1759 | cos(c,null): +0.4333 | GradNorm: 0.0413 | MSE/t: [0.00-0.50]0.408(n=6439) [0.50-0.85]0.124(n=5826) [0.85-0.95]0.025(n=509) [0.95-1.00]0.014(n=26)
2026-05-01 15:29:24,698 - INFO - [cond] cfg_signal=0.0451 (min=0.0277 max=0.0625, n=16) | class_signal=0.0602 (min=0.0240 max=0.0862, n=16) | pred_rms=1.3703
2026-05-01 15:29:33,095 - INFO - [validation] saved: output/jit_B8_no_bottleneck_20260430_194526/dit_validation/epoch_126_step_0126000_class092.png (class=92, sampler=heun, steps=100)
2026-05-01 15:29:34,311 - INFO - [overrides] applied from jit/configs/overrides.yaml: lr_scale=1.0 max_grad_norm=5.0 null_repel_weight=0.0 P_mean=0.0
2026-05-01 15:29:34,409 - INFO - [render-loss] step=126000 kept 28/64 samples (t_value >= 0.50)
2026-05-01 15:31:29,583 - INFO - Step  126200 | Epoch 127 | MSE: 0.2627 | Steps/sec: 1.60 | LR: 6.60e-05 | Render_L1: 0.0221 | Alpha_L1: 0.0263 | Render_LPIPS: 0.1762 | cos(c,null): +0.4340 | GradNorm: 0.1092 | MSE/t: [0.00-0.50]0.405(n=6443) [0.50-0.85]0.127(n=5833) [0.85-0.95]0.025(n=505) [0.95-1.00]0.018(n=19)
2026-05-01 15:31:29,685 - INFO - [render-loss] step=126200 kept 32/64 samples (t_value >= 0.50)
2026-05-01 15:33:24,902 - INFO - Step  126400 | Epoch 127 | MSE: 0.2610 | Steps/sec: 1.73 | LR: 6.58e-05 | Render_L1: 0.0224 | Alpha_L1: 0.0259 | Render_LPIPS: 0.1761 | cos(c,null): +0.4350 | GradNorm: 0.0402 | MSE/t: [0.00-0.50]0.406(n=6366) [0.50-0.85]0.127(n=5879) [0.85-0.95]0.026(n=533) [0.95-1.00]0.018(n=22)
2026-05-01 15:33:25,005 - INFO - [render-loss] step=126400 kept 36/64 samples (t_value >= 0.50)
2026-05-01 15:35:19,910 - INFO - Step  126600 | Epoch 127 | MSE: 0.2657 | Steps/sec: 1.74 | LR: 6.55e-05 | Render_L1: 0.0221 | Alpha_L1: 0.0260 | Render_LPIPS: 0.1752 | cos(c,null): +0.4347 | GradNorm: 0.0408 | MSE/t: [0.00-0.50]0.411(n=6490) [0.50-0.85]0.126(n=5748) [0.85-0.95]0.026(n=536) [0.95-1.00]0.018(n=26)
2026-05-01 15:35:20,012 - INFO - [render-loss] step=126600 kept 26/64 samples (t_value >= 0.50)
2026-05-01 15:37:15,390 - INFO - Step  126800 | Epoch 127 | MSE: 0.2613 | Steps/sec: 1.73 | LR: 6.52e-05 | Render_L1: 0.0221 | Alpha_L1: 0.0254 | Render_LPIPS: 0.1740 | cos(c,null): +0.4342 | GradNorm: 0.0397 | MSE/t: [0.00-0.50]0.406(n=6409) [0.50-0.85]0.125(n=5821) [0.85-0.95]0.025(n=552) [0.95-1.00]0.015(n=18)
2026-05-01 15:37:15,493 - INFO - [render-loss] step=126800 kept 36/64 samples (t_value >= 0.50)
2026-05-01 15:39:10,590 - INFO - Step  127000 | Epoch 127 | MSE: 0.2594 | Steps/sec: 1.74 | LR: 6.49e-05 | Render_L1: 0.0225 | Alpha_L1: 0.0264 | Render_LPIPS: 0.1766 | cos(c,null): +0.4353 | GradNorm: 0.0391 | MSE/t: [0.00-0.50]0.403(n=6358) [0.50-0.85]0.126(n=5906) [0.85-0.95]0.025(n=513) [0.95-1.00]0.014(n=23)
2026-05-01 15:39:10,804 - INFO - [cond] cfg_signal=0.0467 (min=0.0287 max=0.0620, n=16) | class_signal=0.0620 (min=0.0239 max=0.0944, n=16) | pred_rms=1.3900
2026-05-01 15:39:19,123 - INFO - [validation] saved: output/jit_B8_no_bottleneck_20260430_194526/dit_validation/epoch_127_step_0127000_class056.png (class=56, sampler=heun, steps=100)
2026-05-01 15:39:20,346 - INFO - [overrides] applied from jit/configs/overrides.yaml: lr_scale=1.0 max_grad_norm=5.0 null_repel_weight=0.0 P_mean=0.0
2026-05-01 15:39:20,444 - INFO - [render-loss] step=127000 kept 34/64 samples (t_value >= 0.50)
2026-05-01 15:41:16,742 - INFO - Step  127200 | Epoch 128 | MSE: 0.2614 | Steps/sec: 1.59 | LR: 6.47e-05 | Render_L1: 0.0223 | Alpha_L1: 0.0259 | Render_LPIPS: 0.1762 | cos(c,null): +0.4344 | GradNorm: 0.0397 | MSE/t: [0.00-0.50]0.405(n=6395) [0.50-0.85]0.126(n=5859) [0.85-0.95]0.025(n=528) [0.95-1.00]0.016(n=18)
2026-05-01 15:41:16,845 - INFO - [render-loss] step=127200 kept 36/64 samples (t_value >= 0.50)
2026-05-01 15:43:12,094 - INFO - Step  127400 | Epoch 128 | MSE: 0.2662 | Steps/sec: 1.73 | LR: 6.44e-05 | Render_L1: 0.0225 | Alpha_L1: 0.0262 | Render_LPIPS: 0.1764 | cos(c,null): +0.4331 | GradNorm: 0.0400 | MSE/t: [0.00-0.50]0.413(n=6455) [0.50-0.85]0.125(n=5842) [0.85-0.95]0.025(n=478) [0.95-1.00]0.012(n=25)
2026-05-01 15:43:12,197 - INFO - [render-loss] step=127400 kept 37/64 samples (t_value >= 0.50)
2026-05-01 15:45:07,944 - INFO - Step  127600 | Epoch 128 | MSE: 0.2608 | Steps/sec: 1.73 | LR: 6.41e-05 | Render_L1: 0.0222 | Alpha_L1: 0.0258 | Render_LPIPS: 0.1756 | cos(c,null): +0.4334 | GradNorm: 0.0398 | MSE/t: [0.00-0.50]0.404(n=6447) [0.50-0.85]0.125(n=5774) [0.85-0.95]0.025(n=561) [0.95-1.00]0.017(n=18)
2026-05-01 15:45:08,045 - INFO - [render-loss] step=127600 kept 35/64 samples (t_value >= 0.50)
2026-05-01 15:47:03,922 - INFO - Step  127800 | Epoch 128 | MSE: 0.2645 | Steps/sec: 1.72 | LR: 6.38e-05 | Render_L1: 0.0220 | Alpha_L1: 0.0259 | Render_LPIPS: 0.1746 | cos(c,null): +0.4330 | GradNorm: 0.0390 | MSE/t: [0.00-0.50]0.408(n=6487) [0.50-0.85]0.125(n=5789) [0.85-0.95]0.026(n=511) [0.95-1.00]0.014(n=13)
2026-05-01 15:47:04,025 - INFO - [render-loss] step=127800 kept 38/64 samples (t_value >= 0.50)
2026-05-01 15:49:00,152 - INFO - Step  128000 | Epoch 128 | MSE: 0.2572 | Steps/sec: 1.72 | LR: 6.36e-05 | Render_L1: 0.0224 | Alpha_L1: 0.0257 | Render_LPIPS: 0.1765 | cos(c,null): +0.4331 | GradNorm: 0.0405 | MSE/t: [0.00-0.50]0.402(n=6309) [0.50-0.85]0.124(n=5979) [0.85-0.95]0.026(n=496) [0.95-1.00]0.012(n=16)
2026-05-01 15:49:00,365 - INFO - [cond] cfg_signal=0.0470 (min=0.0285 max=0.0621, n=16) | class_signal=0.0624 (min=0.0232 max=0.0963, n=16) | pred_rms=1.3983
2026-05-01 15:49:08,661 - INFO - [validation] saved: output/jit_B8_no_bottleneck_20260430_194526/dit_validation/epoch_128_step_0128000_class054.png (class=54, sampler=heun, steps=100)
2026-05-01 15:49:09,892 - INFO - [overrides] applied from jit/configs/overrides.yaml: lr_scale=1.0 max_grad_norm=5.0 null_repel_weight=0.0 P_mean=0.0
2026-05-01 15:49:09,989 - INFO - [render-loss] step=128000 kept 30/64 samples (t_value >= 0.50)
2026-05-01 15:51:05,617 - INFO - Step  128200 | Epoch 129 | MSE: 0.2618 | Steps/sec: 1.60 | LR: 6.33e-05 | Render_L1: 0.0224 | Alpha_L1: 0.0261 | Render_LPIPS: 0.1767 | cos(c,null): +0.4339 | GradNorm: 0.0384 | MSE/t: [0.00-0.50]0.410(n=6339) [0.50-0.85]0.124(n=5938) [0.85-0.95]0.026(n=501) [0.95-1.00]0.015(n=22)
2026-05-01 15:51:05,720 - INFO - [render-loss] step=128200 kept 37/64 samples (t_value >= 0.50)
W0501 15:51:21.838000 309637 torch/distributed/elastic/agent/server/api.py:739] Received Signals.SIGTERM death signal, shutting down workers
W0501 15:51:21.839000 309637 torch/distributed/elastic/multiprocessing/api.py:1012] Sending process 309804 closing signal SIGTERM
W0501 15:51:21.840000 309637 torch/distributed/elastic/multiprocessing/api.py:1012] Sending process 309805 closing signal SIGTERM
W0501 15:51:21.840000 309637 torch/distributed/elastic/multiprocessing/api.py:1012] Sending process 309806 closing signal SIGTERM
W0501 15:51:21.840000 309637 torch/distributed/elastic/multiprocessing/api.py:1012] Sending process 309807 closing signal SIGTERM
Traceback (most recent call last):
  File "/home/hmolin/3DGen-Playground/.3dgen/bin/accelerate", line 8, in <module>
    sys.exit(main())
  File "/home/hmolin/3DGen-Playground/.3dgen/lib/python3.10/site-packages/accelerate/commands/accelerate_cli.py", line 50, in main
    args.func(args)
  File "/home/hmolin/3DGen-Playground/.3dgen/lib/python3.10/site-packages/accelerate/commands/launch.py", line 1396, in launch_command
    multi_gpu_launcher(args)
  File "/home/hmolin/3DGen-Playground/.3dgen/lib/python3.10/site-packages/accelerate/commands/launch.py", line 1023, in multi_gpu_launcher
    distrib_run.run(args)
  File "/home/hmolin/3DGen-Playground/.3dgen/lib/python3.10/site-packages/torch/distributed/run.py", line 981, in run
    elastic_launch(
  File "/home/hmolin/3DGen-Playground/.3dgen/lib/python3.10/site-packages/torch/distributed/launcher/api.py", line 170, in __call__
    return launch_agent(self._config, self._entrypoint, list(args))
  File "/home/hmolin/3DGen-Playground/.3dgen/lib/python3.10/site-packages/torch/distributed/launcher/api.py", line 308, in launch_agent
    result = agent.run()
  File "/home/hmolin/3DGen-Playground/.3dgen/lib/python3.10/site-packages/torch/distributed/elastic/metrics/api.py", line 134, in wrapper
    result = f(*args, **kwargs)
  File "/home/hmolin/3DGen-Playground/.3dgen/lib/python3.10/site-packages/torch/distributed/elastic/agent/server/api.py", line 731, in run
    result = self._invoke_run(role)
  File "/home/hmolin/3DGen-Playground/.3dgen/lib/python3.10/site-packages/torch/distributed/elastic/agent/server/api.py", line 908, in _invoke_run
    time.sleep(monitor_interval)
  File "/home/hmolin/3DGen-Playground/.3dgen/lib/python3.10/site-packages/torch/distributed/elastic/multiprocessing/api.py", line 86, in _terminate_process_handler
    raise SignalException(f"Process {os.getpid()} got signal: {sigval}", sigval=sigval)
torch.distributed.elastic.multiprocessing.api.SignalException: Process 309637 got signal: 15
