2026-05-02 19:59:53,965 - INFO - Accelerator: num_processes=4, mixed_precision=bf16, device=cuda:0
2026-05-02 19:59:53,966 - INFO - Validation sampler: heun
2026-05-02 19:59:54,343 - INFO - Loading class map from /home/hmolin/3DGen-Playground/object_labels/image_kmeans_k103/object_to_class.json
2026-05-02 19:59:54,497 - INFO - Loading sphere2plane permutation from /home/tiangexiang/gen3d/gaussianverse/sphere2plane.npy
2026-05-02 19:59:54,498 - INFO - Loading obj list from /home/tiangexiang/gen3d/gaussianverse/all_obj_list_filtered.json
2026-05-02 19:59:54,498 - INFO - Loading sphere2plane permutation from /home/tiangexiang/gen3d/gaussianverse/sphere2plane.npy
2026-05-02 19:59:54,498 - INFO - Number of classes: 103
2026-05-02 19:59:54,498 - INFO - Creating base dataset...
2026-05-02 19:59:54,499 - INFO - Loading sphere2plane permutation from /home/tiangexiang/gen3d/gaussianverse/sphere2plane.npy
2026-05-02 19:59:54,499 - INFO - Loading sphere2plane permutation from /home/tiangexiang/gen3d/gaussianverse/sphere2plane.npy
2026-05-02 19:59:54,499 - INFO - Loading obj list from /home/tiangexiang/gen3d/gaussianverse/all_obj_list_filtered.json
2026-05-02 19:59:54,499 - INFO - Loading obj list from /home/tiangexiang/gen3d/gaussianverse/all_obj_list_filtered.json
2026-05-02 19:59:54,500 - INFO - Loading obj list from /home/tiangexiang/gen3d/gaussianverse/all_obj_list_filtered.json
2026-05-02 19:59:54,670 - INFO - Loaded 254338 entries from /home/tiangexiang/gen3d/gaussianverse/all_obj_list_filtered.json
2026-05-02 19:59:54,672 - INFO - Loaded 254338 entries from /home/tiangexiang/gen3d/gaussianverse/all_obj_list_filtered.json
2026-05-02 19:59:54,672 - INFO - Loaded 254338 entries from /home/tiangexiang/gen3d/gaussianverse/all_obj_list_filtered.json
2026-05-02 19:59:54,673 - INFO - Loaded 254338 entries from /home/tiangexiang/gen3d/gaussianverse/all_obj_list_filtered.json
2026-05-02 19:59:54,677 - INFO - Total merged entries: 254338
2026-05-02 19:59:54,678 - INFO - Total merged entries: 254338
2026-05-02 19:59:54,679 - INFO - Total merged entries: 254338
2026-05-02 19:59:54,680 - INFO - Total merged entries: 254338
2026-05-02 19:59:54,734 - INFO - Excluded 726 of 254338 keys via /home/hmolin/3DGen-Playground/data/outlier_keys_8sigma.json
2026-05-02 19:59:54,735 - INFO - Excluded 726 of 254338 keys via /home/hmolin/3DGen-Playground/data/outlier_keys_8sigma.json
2026-05-02 19:59:54,735 - INFO - Excluded 726 of 254338 keys via /home/hmolin/3DGen-Playground/data/outlier_keys_8sigma.json
2026-05-02 19:59:54,735 - INFO - Excluded 726 of 254338 keys via /home/hmolin/3DGen-Playground/data/outlier_keys_8sigma.json
2026-05-02 19:59:54,738 - INFO - Loading normalization statistics from /home/hmolin/3DGen-Playground/data/stats/all_mean_postfix.pt and /home/hmolin/3DGen-Playground/data/stats/all_std_postfix.pt
2026-05-02 19:59:54,739 - INFO - Loading normalization statistics from /home/hmolin/3DGen-Playground/data/stats/all_mean_postfix.pt and /home/hmolin/3DGen-Playground/data/stats/all_std_postfix.pt
2026-05-02 19:59:54,739 - INFO - Loading normalization statistics from /home/hmolin/3DGen-Playground/data/stats/all_mean_postfix.pt and /home/hmolin/3DGen-Playground/data/stats/all_std_postfix.pt
2026-05-02 19:59:54,739 - INFO - Loading normalization statistics from /home/hmolin/3DGen-Playground/data/stats/all_mean_postfix.pt and /home/hmolin/3DGen-Playground/data/stats/all_std_postfix.pt
2026-05-02 19:59:54,748 - INFO - Initialized dataset with 253612 samples
2026-05-02 19:59:54,748 - INFO - Initialized dataset with 253612 samples
2026-05-02 19:59:54,748 - INFO - Initialized dataset with 253612 samples
2026-05-02 19:59:54,748 - INFO - Initialized dataset with 253612 samples
2026-05-02 19:59:54,748 - INFO - sh_degree0_only: selecting 14 features from 59
2026-05-02 19:59:54,780 - INFO - Loaded sphere2plane permutation: 16384 points
2026-05-02 19:59:55,023 - INFO - Class3DGenDataset: 253611 valid samples, 1 skipped (class -1 or missing)
2026-05-02 19:59:55,023 - INFO - Class3DGenDataset: 253611 valid samples, 1 skipped (class -1 or missing)
2026-05-02 19:59:55,025 - INFO - Class3DGenDataset: 253611 valid samples, 1 skipped (class -1 or missing)
2026-05-02 19:59:55,035 - INFO - Class3DGenDataset: 253611 valid samples, 1 skipped (class -1 or missing)
2026-05-02 19:59:55,391 - INFO - Attached to existing lazy shared CPU cache: /home/hmolin/3dgen_cache/preload/cf3e52f52e4196d6c992dbc1b245635a
2026-05-02 19:59:55,435 - INFO - Attached to existing lazy shared CPU cache: /home/hmolin/3dgen_cache/preload/cf3e52f52e4196d6c992dbc1b245635a
2026-05-02 19:59:55,455 - INFO - [class-balanced] sampling with inverse-frequency weights over 103 classes (min=791, max=4749, mean=2462.2 samples/class)
2026-05-02 19:59:55,455 - INFO - Dataset size: 253611, Per-GPU batch size: 64
2026-05-02 19:59:55,455 - INFO - Creating model: JiT-B/8
2026-05-02 19:59:55,478 - INFO - Attached to existing lazy shared CPU cache: /home/hmolin/3dgen_cache/preload/cf3e52f52e4196d6c992dbc1b245635a
2026-05-02 19:59:55,522 - INFO - Attached to existing lazy shared CPU cache: /home/hmolin/3dgen_cache/preload/cf3e52f52e4196d6c992dbc1b245635a
2026-05-02 19:59:57,142 - INFO - [patch-embed] single-conv (in_chans→embed_dim, no rank reduction below embed_dim)
2026-05-02 19:59:57,143 - INFO - JiT spatial folding: disabled (factor=1)
2026-05-02 19:59:57,143 - INFO - Model parameters: 131,196,800 (131.2M)
2026-05-02 19:59:57,469 - INFO - [layout] converted 1 Conv2d weights to channels_last
2026-05-02 19:59:57,469 - INFO - torch.compile: enabled (mode=default)
2026-05-02 19:59:59,861 - INFO - Diffusion timesteps: 1000, predict=x0, schedule=squaredcos_cap_v2
2026-05-02 19:59:59,861 - INFO - Training mode: DDPM (sampler=heun), timestep sampling: sigmoid(N(0.000, 1.000)) mapped to discrete steps [0, 999]
2026-05-02 20:00:00,275 - INFO - LR schedule: cosine | warmup=500 opt steps | max_opt_steps=198000 | lr_min=1e-05
2026-05-02 20:00:00,447 - INFO - Loaded 52 reference cameras from /home/hmolin/3DGen-Playground/artifacts/ref_camera.tar.gz
/home/hmolin/3DGen-Playground/.3dgen/lib/python3.10/site-packages/torchvision/models/_utils.py:208: UserWarning: The parameter 'pretrained' is deprecated since 0.13 and may be removed in the future, please use 'weights' instead.
  warnings.warn(
/home/hmolin/3DGen-Playground/.3dgen/lib/python3.10/site-packages/torchvision/models/_utils.py:208: UserWarning: The parameter 'pretrained' is deprecated since 0.13 and may be removed in the future, please use 'weights' instead.
  warnings.warn(
/home/hmolin/3DGen-Playground/.3dgen/lib/python3.10/site-packages/torchvision/models/_utils.py:208: UserWarning: The parameter 'pretrained' is deprecated since 0.13 and may be removed in the future, please use 'weights' instead.
  warnings.warn(
/home/hmolin/3DGen-Playground/.3dgen/lib/python3.10/site-packages/torchvision/models/_utils.py:208: UserWarning: The parameter 'pretrained' is deprecated since 0.13 and may be removed in the future, please use 'weights' instead.
  warnings.warn(
/home/hmolin/3DGen-Playground/.3dgen/lib/python3.10/site-packages/torchvision/models/_utils.py:223: UserWarning: Arguments other than a weight enum or `None` for 'weights' are deprecated since 0.13 and may be removed in the future. The current behavior is equivalent to passing `weights=VGG16_Weights.IMAGENET1K_V1`. You can also use `weights=VGG16_Weights.DEFAULT` to get the most up-to-date weights.
  warnings.warn(msg)
/home/hmolin/3DGen-Playground/.3dgen/lib/python3.10/site-packages/torchvision/models/_utils.py:223: UserWarning: Arguments other than a weight enum or `None` for 'weights' are deprecated since 0.13 and may be removed in the future. The current behavior is equivalent to passing `weights=VGG16_Weights.IMAGENET1K_V1`. You can also use `weights=VGG16_Weights.DEFAULT` to get the most up-to-date weights.
  warnings.warn(msg)
/home/hmolin/3DGen-Playground/.3dgen/lib/python3.10/site-packages/torchvision/models/_utils.py:223: UserWarning: Arguments other than a weight enum or `None` for 'weights' are deprecated since 0.13 and may be removed in the future. The current behavior is equivalent to passing `weights=VGG16_Weights.IMAGENET1K_V1`. You can also use `weights=VGG16_Weights.DEFAULT` to get the most up-to-date weights.
  warnings.warn(msg)
/home/hmolin/3DGen-Playground/.3dgen/lib/python3.10/site-packages/torchvision/models/_utils.py:223: UserWarning: Arguments other than a weight enum or `None` for 'weights' are deprecated since 0.13 and may be removed in the future. The current behavior is equivalent to passing `weights=VGG16_Weights.IMAGENET1K_V1`. You can also use `weights=VGG16_Weights.DEFAULT` to get the most up-to-date weights.
  warnings.warn(msg)
2026-05-02 20:00:03,540 - INFO - Resuming from checkpoint: output/jit_B8_postfix_20260501_234201/0020000.pt
2026-05-02 20:00:12,561 - INFO - Resumed at step 20000
2026-05-02 20:00:12,562 - INFO - Resumed LR opt_step=20000
2026-05-02 20:00:12,564 - INFO - Starting training from epoch 20, step 20000...
2026-05-02 20:00:12,564 - INFO - [render_weight_schedule] active with 2 control points: (20000, rl1=0.000, a=0.000, lp=0.0000), (60000, rl1=1.000, a=1.000, lp=1.0000) | initial weights at step 20000: rl1=0.0000, alpha=0.0000, lpips=0.0000
2026-05-02 20:00:12,989 - INFO - [overrides] applied from jit/configs/overrides.yaml: lr_scale=1.0 max_grad_norm=5.0 null_repel_weight=0.0 P_mean=0.0
2026-05-02 20:02:55,833 - INFO - Step   20200 | Epoch  20 | MSE: 0.3211 | Steps/sec: 1.22 | LR: 1.95e-04 | Render_L1: 0.0340 | Alpha_L1: 0.0506 | Render_LPIPS: 0.2361 | cos(c,null): +0.0536 | GradNorm: 0.0180 | MSE/t: [0.00-0.50]0.507(n=6413) [0.50-0.85]0.144(n=5851) [0.85-0.95]0.023(n=515) [0.95-1.00]0.013(n=21)
2026-05-02 20:02:55,936 - INFO - [render-loss] step=20200 kept 32/64 samples (t_value >= 0.50)
2026-05-02 20:04:50,105 - INFO - Step   20400 | Epoch  20 | MSE: 0.3160 | Steps/sec: 1.75 | LR: 1.95e-04 | Render_L1: 0.0331 | Alpha_L1: 0.0481 | Render_LPIPS: 0.2365 | cos(c,null): +0.0546 | GradNorm: 0.0206 | MSE/t: [0.00-0.50]0.508(n=6256) [0.50-0.85]0.143(n=5980) [0.85-0.95]0.024(n=543) [0.95-1.00]0.016(n=21)
2026-05-02 20:04:50,207 - INFO - [render-loss] step=20400 kept 36/64 samples (t_value >= 0.50)
2026-05-02 20:06:43,672 - INFO - Step   20600 | Epoch  20 | MSE: 0.3217 | Steps/sec: 1.76 | LR: 1.95e-04 | Render_L1: 0.0329 | Alpha_L1: 0.0472 | Render_LPIPS: 0.2373 | cos(c,null): +0.0564 | GradNorm: 0.0268 | MSE/t: [0.00-0.50]0.510(n=6388) [0.50-0.85]0.144(n=5898) [0.85-0.95]0.026(n=500) [0.95-1.00]0.013(n=14)
2026-05-02 20:06:43,774 - INFO - [render-loss] step=20600 kept 31/64 samples (t_value >= 0.50)
2026-05-02 20:08:37,356 - INFO - Step   20800 | Epoch  20 | MSE: 0.3210 | Steps/sec: 1.76 | LR: 1.95e-04 | Render_L1: 0.0323 | Alpha_L1: 0.0463 | Render_LPIPS: 0.2356 | cos(c,null): +0.0590 | GradNorm: 0.0304 | MSE/t: [0.00-0.50]0.509(n=6360) [0.50-0.85]0.145(n=5889) [0.85-0.95]0.027(n=526) [0.95-1.00]0.015(n=25)
2026-05-02 20:08:37,457 - INFO - [render-loss] step=20800 kept 28/64 samples (t_value >= 0.50)
2026-05-02 20:10:31,144 - INFO - Step   21000 | Epoch  21 | MSE: 0.3206 | Steps/sec: 1.76 | LR: 1.95e-04 | Render_L1: 0.0321 | Alpha_L1: 0.0445 | Render_LPIPS: 0.2338 | cos(c,null): +0.0615 | GradNorm: 0.0346 | MSE/t: [0.00-0.50]0.506(n=6377) [0.50-0.85]0.146(n=5906) [0.85-0.95]0.026(n=502) [0.95-1.00]0.013(n=15)
2026-05-02 20:10:36,132 - INFO - [cond] cfg_signal=0.0526 (min=0.0317 max=0.0782, n=16) | class_signal=0.0603 (min=0.0301 max=0.0845, n=16) | pred_rms=0.8479
2026-05-02 20:10:44,060 - INFO - [validation] saved: output/jit_B8_postfix_20260502_195943/dit_validation/epoch_021_step_0021000_class053.png (class=53, sampler=heun, steps=100)
2026-05-02 20:10:45,358 - INFO - [overrides] applied from jit/configs/overrides.yaml: lr_scale=1.0 max_grad_norm=5.0 null_repel_weight=0.0 P_mean=0.0
2026-05-02 20:10:45,455 - INFO - [render-loss] step=21000 kept 33/64 samples (t_value >= 0.50)
2026-05-02 20:12:41,077 - INFO - Step   21200 | Epoch  21 | MSE: 0.3178 | Steps/sec: 1.60 | LR: 1.95e-04 | Render_L1: 0.0310 | Alpha_L1: 0.0439 | Render_LPIPS: 0.2318 | cos(c,null): +0.0651 | GradNorm: 0.0378 | MSE/t: [0.00-0.50]0.509(n=6237) [0.50-0.85]0.146(n=6014) [0.85-0.95]0.027(n=525) [0.95-1.00]0.014(n=24)
2026-05-02 20:12:41,179 - INFO - [render-loss] step=21200 kept 37/64 samples (t_value >= 0.50)
2026-05-02 20:14:36,760 - INFO - Step   21400 | Epoch  21 | MSE: 0.3207 | Steps/sec: 1.73 | LR: 1.95e-04 | Render_L1: 0.0308 | Alpha_L1: 0.0428 | Render_LPIPS: 0.2294 | cos(c,null): +0.0684 | GradNorm: 0.0424 | MSE/t: [0.00-0.50]0.506(n=6391) [0.50-0.85]0.146(n=5860) [0.85-0.95]0.028(n=533) [0.95-1.00]0.017(n=16)
2026-05-02 20:14:36,862 - INFO - [render-loss] step=21400 kept 32/64 samples (t_value >= 0.50)
2026-05-02 20:16:32,104 - INFO - Step   21600 | Epoch  21 | MSE: 0.3229 | Steps/sec: 1.73 | LR: 1.95e-04 | Render_L1: 0.0301 | Alpha_L1: 0.0424 | Render_LPIPS: 0.2275 | cos(c,null): +0.0721 | GradNorm: 0.0467 | MSE/t: [0.00-0.50]0.510(n=6388) [0.50-0.85]0.148(n=5817) [0.85-0.95]0.028(n=575) [0.95-1.00]0.015(n=20)
2026-05-02 20:16:32,206 - INFO - [render-loss] step=21600 kept 31/64 samples (t_value >= 0.50)
2026-05-02 20:18:27,300 - INFO - Step   21800 | Epoch  21 | MSE: 0.3245 | Steps/sec: 1.74 | LR: 1.95e-04 | Render_L1: 0.0300 | Alpha_L1: 0.0418 | Render_LPIPS: 0.2247 | cos(c,null): +0.0760 | GradNorm: 0.0516 | MSE/t: [0.00-0.50]0.507(n=6471) [0.50-0.85]0.148(n=5779) [0.85-0.95]0.027(n=530) [0.95-1.00]0.019(n=20)
2026-05-02 20:18:27,402 - INFO - [render-loss] step=21800 kept 28/64 samples (t_value >= 0.50)
2026-05-02 20:20:22,429 - INFO - Step   22000 | Epoch  22 | MSE: 0.3252 | Steps/sec: 1.74 | LR: 1.94e-04 | Render_L1: 0.0305 | Alpha_L1: 0.0417 | Render_LPIPS: 0.2258 | cos(c,null): +0.0805 | GradNorm: 0.0549 | MSE/t: [0.00-0.50]0.512(n=6405) [0.50-0.85]0.148(n=5881) [0.85-0.95]0.029(n=497) [0.95-1.00]0.020(n=17)
2026-05-02 20:20:22,643 - INFO - [cond] cfg_signal=0.0489 (min=0.0306 max=0.0710, n=16) | class_signal=0.0574 (min=0.0298 max=0.0806, n=16) | pred_rms=0.8633
2026-05-02 20:20:30,777 - INFO - [validation] saved: output/jit_B8_postfix_20260502_195943/dit_validation/epoch_022_step_0022000_class089.png (class=89, sampler=heun, steps=100)
2026-05-02 20:20:31,993 - INFO - [overrides] applied from jit/configs/overrides.yaml: lr_scale=1.0 max_grad_norm=5.0 null_repel_weight=0.0 P_mean=0.0
2026-05-02 20:20:32,091 - INFO - [render-loss] step=22000 kept 27/64 samples (t_value >= 0.50)
2026-05-02 20:22:26,799 - INFO - Step   22200 | Epoch  22 | MSE: 0.3210 | Steps/sec: 1.61 | LR: 1.94e-04 | Render_L1: 0.0302 | Alpha_L1: 0.0417 | Render_LPIPS: 0.2252 | cos(c,null): +0.0838 | GradNorm: 0.0592 | MSE/t: [0.00-0.50]0.506(n=6375) [0.50-0.85]0.147(n=5914) [0.85-0.95]0.029(n=491) [0.95-1.00]0.021(n=20)
2026-05-02 20:22:26,902 - INFO - [render-loss] step=22200 kept 26/64 samples (t_value >= 0.50)
2026-05-02 20:24:22,031 - INFO - Step   22400 | Epoch  22 | MSE: 0.3231 | Steps/sec: 1.74 | LR: 1.94e-04 | Render_L1: 0.0299 | Alpha_L1: 0.0410 | Render_LPIPS: 0.2227 | cos(c,null): +0.0877 | GradNorm: 0.0631 | MSE/t: [0.00-0.50]0.509(n=6373) [0.50-0.85]0.148(n=5900) [0.85-0.95]0.029(n=509) [0.95-1.00]0.019(n=18)
2026-05-02 20:24:22,133 - INFO - [render-loss] step=22400 kept 23/64 samples (t_value >= 0.50)
2026-05-02 20:26:17,592 - INFO - Step   22600 | Epoch  22 | MSE: 0.3241 | Steps/sec: 1.73 | LR: 1.94e-04 | Render_L1: 0.0302 | Alpha_L1: 0.0411 | Render_LPIPS: 0.2227 | cos(c,null): +0.0911 | GradNorm: 0.0652 | MSE/t: [0.00-0.50]0.510(n=6425) [0.50-0.85]0.147(n=5844) [0.85-0.95]0.030(n=509) [0.95-1.00]0.019(n=22)
2026-05-02 20:26:17,693 - INFO - [render-loss] step=22600 kept 25/64 samples (t_value >= 0.50)
2026-05-02 20:28:12,659 - INFO - Step   22800 | Epoch  22 | MSE: 0.3264 | Steps/sec: 1.74 | LR: 1.94e-04 | Render_L1: 0.0298 | Alpha_L1: 0.0405 | Render_LPIPS: 0.2221 | cos(c,null): +0.0945 | GradNorm: 0.0695 | MSE/t: [0.00-0.50]0.510(n=6458) [0.50-0.85]0.149(n=5805) [0.85-0.95]0.030(n=514) [0.95-1.00]0.019(n=23)
2026-05-02 20:28:12,761 - INFO - [render-loss] step=22800 kept 29/64 samples (t_value >= 0.50)
2026-05-02 20:30:08,368 - INFO - Step   23000 | Epoch  23 | MSE: 0.3219 | Steps/sec: 1.73 | LR: 1.94e-04 | Render_L1: 0.0298 | Alpha_L1: 0.0405 | Render_LPIPS: 0.2212 | cos(c,null): +0.0982 | GradNorm: 0.0730 | MSE/t: [0.00-0.50]0.508(n=6343) [0.50-0.85]0.148(n=5926) [0.85-0.95]0.030(n=513) [0.95-1.00]0.020(n=18)
2026-05-02 20:30:08,579 - INFO - [cond] cfg_signal=0.0492 (min=0.0290 max=0.0740, n=16) | class_signal=0.0577 (min=0.0305 max=0.0879, n=16) | pred_rms=0.8410
2026-05-02 20:30:16,673 - INFO - [validation] saved: output/jit_B8_postfix_20260502_195943/dit_validation/epoch_023_step_0023000_class001.png (class=1, sampler=heun, steps=100)
2026-05-02 20:30:17,798 - INFO - [overrides] applied from jit/configs/overrides.yaml: lr_scale=1.0 max_grad_norm=5.0 null_repel_weight=0.0 P_mean=0.0
2026-05-02 20:30:17,895 - INFO - [render-loss] step=23000 kept 35/64 samples (t_value >= 0.50)
2026-05-02 20:32:13,227 - INFO - Step   23200 | Epoch  23 | MSE: 0.3212 | Steps/sec: 1.60 | LR: 1.94e-04 | Render_L1: 0.0296 | Alpha_L1: 0.0401 | Render_LPIPS: 0.2207 | cos(c,null): +0.1016 | GradNorm: 0.0769 | MSE/t: [0.00-0.50]0.507(n=6359) [0.50-0.85]0.147(n=5899) [0.85-0.95]0.031(n=521) [0.95-1.00]0.021(n=21)
2026-05-02 20:32:13,329 - INFO - [render-loss] step=23200 kept 27/64 samples (t_value >= 0.50)
2026-05-02 20:34:08,047 - INFO - Step   23400 | Epoch  23 | MSE: 0.3226 | Steps/sec: 1.74 | LR: 1.94e-04 | Render_L1: 0.0299 | Alpha_L1: 0.0407 | Render_LPIPS: 0.2204 | cos(c,null): +0.1053 | GradNorm: 0.0816 | MSE/t: [0.00-0.50]0.511(n=6305) [0.50-0.85]0.150(n=5941) [0.85-0.95]0.029(n=539) [0.95-1.00]0.023(n=15)
2026-05-02 20:34:08,150 - INFO - [render-loss] step=23400 kept 33/64 samples (t_value >= 0.50)
2026-05-02 20:36:03,271 - INFO - Step   23600 | Epoch  23 | MSE: 0.3209 | Steps/sec: 1.74 | LR: 1.94e-04 | Render_L1: 0.0295 | Alpha_L1: 0.0401 | Render_LPIPS: 0.2193 | cos(c,null): +0.1080 | GradNorm: 0.0843 | MSE/t: [0.00-0.50]0.503(n=6386) [0.50-0.85]0.150(n=5889) [0.85-0.95]0.031(n=505) [0.95-1.00]0.019(n=20)
2026-05-02 20:36:03,373 - INFO - [render-loss] step=23600 kept 36/64 samples (t_value >= 0.50)
2026-05-02 20:37:58,006 - INFO - Step   23800 | Epoch  23 | MSE: 0.3234 | Steps/sec: 1.74 | LR: 1.94e-04 | Render_L1: 0.0297 | Alpha_L1: 0.0400 | Render_LPIPS: 0.2179 | cos(c,null): +0.1105 | GradNorm: 0.0871 | MSE/t: [0.00-0.50]0.509(n=6394) [0.50-0.85]0.148(n=5860) [0.85-0.95]0.031(n=525) [0.95-1.00]0.023(n=21)
2026-05-02 20:37:58,109 - INFO - [render-loss] step=23800 kept 33/64 samples (t_value >= 0.50)
2026-05-02 20:39:54,043 - INFO - Step   24000 | Epoch  24 | MSE: 0.3205 | Steps/sec: 1.72 | LR: 1.93e-04 | Render_L1: 0.0297 | Alpha_L1: 0.0403 | Render_LPIPS: 0.2187 | cos(c,null): +0.1144 | GradNorm: 0.0900 | MSE/t: [0.00-0.50]0.508(n=6283) [0.50-0.85]0.150(n=5967) [0.85-0.95]0.031(n=524) [0.95-1.00]0.021(n=26)
2026-05-02 20:39:54,256 - INFO - [cond] cfg_signal=0.0446 (min=0.0287 max=0.0630, n=16) | class_signal=0.0533 (min=0.0355 max=0.0748, n=16) | pred_rms=0.8269
2026-05-02 20:40:02,347 - INFO - [validation] saved: output/jit_B8_postfix_20260502_195943/dit_validation/epoch_024_step_0024000_class003.png (class=3, sampler=heun, steps=100)
2026-05-02 20:40:03,556 - INFO - [overrides] applied from jit/configs/overrides.yaml: lr_scale=1.0 max_grad_norm=5.0 null_repel_weight=0.0 P_mean=0.0
2026-05-02 20:40:03,654 - INFO - [render-loss] step=24000 kept 38/64 samples (t_value >= 0.50)
2026-05-02 20:41:58,671 - INFO - Step   24200 | Epoch  24 | MSE: 0.3264 | Steps/sec: 1.61 | LR: 1.93e-04 | Render_L1: 0.0292 | Alpha_L1: 0.0395 | Render_LPIPS: 0.2174 | cos(c,null): +0.1179 | GradNorm: 0.0936 | MSE/t: [0.00-0.50]0.512(n=6413) [0.50-0.85]0.150(n=5870) [0.85-0.95]0.031(n=497) [0.95-1.00]0.022(n=20)
2026-05-02 20:41:58,773 - INFO - [render-loss] step=24200 kept 34/64 samples (t_value >= 0.50)
2026-05-02 20:43:54,105 - INFO - Step   24400 | Epoch  24 | MSE: 0.3247 | Steps/sec: 1.73 | LR: 1.93e-04 | Render_L1: 0.0286 | Alpha_L1: 0.0384 | Render_LPIPS: 0.2147 | cos(c,null): +0.1210 | GradNorm: 0.0967 | MSE/t: [0.00-0.50]0.506(n=6438) [0.50-0.85]0.151(n=5831) [0.85-0.95]0.031(n=510) [0.95-1.00]0.020(n=21)
2026-05-02 20:43:54,208 - INFO - [render-loss] step=24400 kept 29/64 samples (t_value >= 0.50)
2026-05-02 20:45:49,610 - INFO - Step   24600 | Epoch  24 | MSE: 0.3203 | Steps/sec: 1.73 | LR: 1.93e-04 | Render_L1: 0.0290 | Alpha_L1: 0.0392 | Render_LPIPS: 0.2154 | cos(c,null): +0.1244 | GradNorm: 0.1007 | MSE/t: [0.00-0.50]0.510(n=6262) [0.50-0.85]0.149(n=5953) [0.85-0.95]0.031(n=566) [0.95-1.00]0.023(n=19)
2026-05-02 20:45:49,712 - INFO - [render-loss] step=24600 kept 31/64 samples (t_value >= 0.50)
2026-05-02 20:47:44,713 - INFO - Step   24800 | Epoch  24 | MSE: 0.3260 | Steps/sec: 1.74 | LR: 1.93e-04 | Render_L1: 0.0297 | Alpha_L1: 0.0399 | Render_LPIPS: 0.2177 | cos(c,null): +0.1276 | GradNorm: 0.1034 | MSE/t: [0.00-0.50]0.514(n=6321) [0.50-0.85]0.152(n=5983) [0.85-0.95]0.032(n=478) [0.95-1.00]0.021(n=18)
2026-05-02 20:47:44,815 - INFO - [render-loss] step=24800 kept 38/64 samples (t_value >= 0.50)
2026-05-02 20:49:40,033 - INFO - Step   25000 | Epoch  25 | MSE: 0.3258 | Steps/sec: 1.73 | LR: 1.93e-04 | Render_L1: 0.0292 | Alpha_L1: 0.0398 | Render_LPIPS: 0.2161 | cos(c,null): +0.1305 | GradNorm: 0.1059 | MSE/t: [0.00-0.50]0.511(n=6413) [0.50-0.85]0.150(n=5844) [0.85-0.95]0.031(n=522) [0.95-1.00]0.022(n=21)
2026-05-02 20:49:40,249 - INFO - [cond] cfg_signal=0.0431 (min=0.0267 max=0.0613, n=16) | class_signal=0.0518 (min=0.0305 max=0.0737, n=16) | pred_rms=0.7876
2026-05-02 20:49:48,363 - INFO - [validation] saved: output/jit_B8_postfix_20260502_195943/dit_validation/epoch_025_step_0025000_class041.png (class=41, sampler=heun, steps=100)
2026-05-02 20:49:49,500 - INFO - [overrides] applied from jit/configs/overrides.yaml: lr_scale=1.0 max_grad_norm=5.0 null_repel_weight=0.0 P_mean=0.0
2026-05-02 20:49:49,597 - INFO - [render-loss] step=25000 kept 29/64 samples (t_value >= 0.50)
2026-05-02 20:51:44,242 - INFO - Step   25200 | Epoch  25 | MSE: 0.3276 | Steps/sec: 1.61 | LR: 1.93e-04 | Render_L1: 0.0289 | Alpha_L1: 0.0392 | Render_LPIPS: 0.2140 | cos(c,null): +0.1332 | GradNorm: 0.1094 | MSE/t: [0.00-0.50]0.511(n=6425) [0.50-0.85]0.152(n=5869) [0.85-0.95]0.031(n=481) [0.95-1.00]0.021(n=25)
2026-05-02 20:51:44,345 - INFO - [render-loss] step=25200 kept 27/64 samples (t_value >= 0.50)
2026-05-02 20:53:39,134 - INFO - Step   25400 | Epoch  25 | MSE: 0.3252 | Steps/sec: 1.74 | LR: 1.93e-04 | Render_L1: 0.0287 | Alpha_L1: 0.0387 | Render_LPIPS: 0.2134 | cos(c,null): +0.1365 | GradNorm: 0.1120 | MSE/t: [0.00-0.50]0.510(n=6365) [0.50-0.85]0.152(n=5910) [0.85-0.95]0.032(n=500) [0.95-1.00]0.022(n=25)
2026-05-02 20:53:39,236 - INFO - [render-loss] step=25400 kept 29/64 samples (t_value >= 0.50)
2026-05-02 20:55:34,663 - INFO - Step   25600 | Epoch  25 | MSE: 0.3244 | Steps/sec: 1.73 | LR: 1.93e-04 | Render_L1: 0.0288 | Alpha_L1: 0.0389 | Render_LPIPS: 0.2128 | cos(c,null): +0.1406 | GradNorm: 0.1147 | MSE/t: [0.00-0.50]0.512(n=6301) [0.50-0.85]0.152(n=6006) [0.85-0.95]0.032(n=474) [0.95-1.00]0.023(n=19)
2026-05-02 20:55:34,765 - INFO - [render-loss] step=25600 kept 27/64 samples (t_value >= 0.50)
2026-05-02 20:57:29,799 - INFO - Step   25800 | Epoch  25 | MSE: 0.3240 | Steps/sec: 1.74 | LR: 1.92e-04 | Render_L1: 0.0293 | Alpha_L1: 0.0393 | Render_LPIPS: 0.2145 | cos(c,null): +0.1423 | GradNorm: 0.1184 | MSE/t: [0.00-0.50]0.507(n=6376) [0.50-0.85]0.153(n=5892) [0.85-0.95]0.033(n=522) [0.95-1.00]0.018(n=10)
2026-05-02 20:57:29,900 - INFO - [render-loss] step=25800 kept 30/64 samples (t_value >= 0.50)
2026-05-02 20:59:24,995 - INFO - Step   26000 | Epoch  26 | MSE: 0.3267 | Steps/sec: 1.74 | LR: 1.92e-04 | Render_L1: 0.0286 | Alpha_L1: 0.0389 | Render_LPIPS: 0.2113 | cos(c,null): +0.1433 | GradNorm: 0.1212 | MSE/t: [0.00-0.50]0.510(n=6392) [0.50-0.85]0.154(n=5906) [0.85-0.95]0.033(n=482) [0.95-1.00]0.022(n=20)
2026-05-02 20:59:25,207 - INFO - [cond] cfg_signal=0.0422 (min=0.0257 max=0.0600, n=16) | class_signal=0.0509 (min=0.0300 max=0.0688, n=16) | pred_rms=0.7871
2026-05-02 20:59:33,345 - INFO - [validation] saved: output/jit_B8_postfix_20260502_195943/dit_validation/epoch_026_step_0026000_class080.png (class=80, sampler=heun, steps=100)
2026-05-02 20:59:34,504 - INFO - [overrides] applied from jit/configs/overrides.yaml: lr_scale=1.0 max_grad_norm=5.0 null_repel_weight=0.0 P_mean=0.0
2026-05-02 20:59:34,602 - INFO - [render-loss] step=26000 kept 30/64 samples (t_value >= 0.50)
2026-05-02 21:01:30,055 - INFO - Step   26200 | Epoch  26 | MSE: 0.3250 | Steps/sec: 1.60 | LR: 1.92e-04 | Render_L1: 0.0290 | Alpha_L1: 0.0392 | Render_LPIPS: 0.2137 | cos(c,null): +0.1469 | GradNorm: 0.1223 | MSE/t: [0.00-0.50]0.511(n=6334) [0.50-0.85]0.153(n=5941) [0.85-0.95]0.033(n=504) [0.95-1.00]0.025(n=21)
2026-05-02 21:01:30,157 - INFO - [render-loss] step=26200 kept 33/64 samples (t_value >= 0.50)
2026-05-02 21:03:25,540 - INFO - Step   26400 | Epoch  26 | MSE: 0.3257 | Steps/sec: 1.73 | LR: 1.92e-04 | Render_L1: 0.0289 | Alpha_L1: 0.0387 | Render_LPIPS: 0.2117 | cos(c,null): +0.1488 | GradNorm: 0.1260 | MSE/t: [0.00-0.50]0.509(n=6393) [0.50-0.85]0.152(n=5885) [0.85-0.95]0.032(n=499) [0.95-1.00]0.022(n=23)
2026-05-02 21:03:25,642 - INFO - [render-loss] step=26400 kept 32/64 samples (t_value >= 0.50)
2026-05-02 21:05:21,238 - INFO - Step   26600 | Epoch  26 | MSE: 0.3265 | Steps/sec: 1.73 | LR: 1.92e-04 | Render_L1: 0.0285 | Alpha_L1: 0.0386 | Render_LPIPS: 0.2101 | cos(c,null): +0.1508 | GradNorm: 0.1291 | MSE/t: [0.00-0.50]0.511(n=6405) [0.50-0.85]0.151(n=5888) [0.85-0.95]0.033(n=492) [0.95-1.00]0.021(n=15)
2026-05-02 21:05:21,339 - INFO - [render-loss] step=26600 kept 26/64 samples (t_value >= 0.50)
2026-05-02 21:07:16,662 - INFO - Step   26800 | Epoch  26 | MSE: 0.3245 | Steps/sec: 1.73 | LR: 1.92e-04 | Render_L1: 0.0288 | Alpha_L1: 0.0389 | Render_LPIPS: 0.2109 | cos(c,null): +0.1523 | GradNorm: 0.1316 | MSE/t: [0.00-0.50]0.512(n=6314) [0.50-0.85]0.152(n=5935) [0.85-0.95]0.033(n=532) [0.95-1.00]0.022(n=19)
2026-05-02 21:07:16,764 - INFO - [render-loss] step=26800 kept 28/64 samples (t_value >= 0.50)
2026-05-02 21:09:12,553 - INFO - Step   27000 | Epoch  27 | MSE: 0.3281 | Steps/sec: 1.73 | LR: 1.92e-04 | Render_L1: 0.0289 | Alpha_L1: 0.0389 | Render_LPIPS: 0.2096 | cos(c,null): +0.1548 | GradNorm: 0.1347 | MSE/t: [0.00-0.50]0.513(n=6397) [0.50-0.85]0.154(n=5839) [0.85-0.95]0.034(n=548) [0.95-1.00]0.022(n=16)
2026-05-02 21:09:12,767 - INFO - [cond] cfg_signal=0.0428 (min=0.0249 max=0.0597, n=16) | class_signal=0.0521 (min=0.0260 max=0.0766, n=16) | pred_rms=0.8018
2026-05-02 21:09:21,062 - INFO - [validation] saved: output/jit_B8_postfix_20260502_195943/dit_validation/epoch_027_step_0027000_class084.png (class=84, sampler=heun, steps=100)
2026-05-02 21:09:22,277 - INFO - [overrides] applied from jit/configs/overrides.yaml: lr_scale=1.0 max_grad_norm=5.0 null_repel_weight=0.0 P_mean=0.0
2026-05-02 21:09:22,376 - INFO - [render-loss] step=27000 kept 38/64 samples (t_value >= 0.50)
2026-05-02 21:11:17,534 - INFO - Step   27200 | Epoch  27 | MSE: 0.3264 | Steps/sec: 1.60 | LR: 1.92e-04 | Render_L1: 0.0287 | Alpha_L1: 0.0388 | Render_LPIPS: 0.2088 | cos(c,null): +0.1576 | GradNorm: 0.1365 | MSE/t: [0.00-0.50]0.509(n=6386) [0.50-0.85]0.154(n=5877) [0.85-0.95]0.034(n=527) [0.95-1.00]0.023(n=10)
2026-05-02 21:11:17,636 - INFO - [render-loss] step=27200 kept 24/64 samples (t_value >= 0.50)
2026-05-02 21:13:12,692 - INFO - Step   27400 | Epoch  27 | MSE: 0.3259 | Steps/sec: 1.74 | LR: 1.91e-04 | Render_L1: 0.0283 | Alpha_L1: 0.0377 | Render_LPIPS: 0.2075 | cos(c,null): +0.1601 | GradNorm: 0.1390 | MSE/t: [0.00-0.50]0.513(n=6322) [0.50-0.85]0.153(n=5951) [0.85-0.95]0.034(n=511) [0.95-1.00]0.031(n=16)
2026-05-02 21:13:12,795 - INFO - [render-loss] step=27400 kept 31/64 samples (t_value >= 0.50)
2026-05-02 21:15:07,650 - INFO - Step   27600 | Epoch  27 | MSE: 0.3280 | Steps/sec: 1.74 | LR: 1.91e-04 | Render_L1: 0.0287 | Alpha_L1: 0.0383 | Render_LPIPS: 0.2082 | cos(c,null): +0.1629 | GradNorm: 0.1416 | MSE/t: [0.00-0.50]0.510(n=6448) [0.50-0.85]0.154(n=5814) [0.85-0.95]0.034(n=516) [0.95-1.00]0.022(n=22)
2026-05-02 21:15:07,751 - INFO - [render-loss] step=27600 kept 27/64 samples (t_value >= 0.50)
2026-05-02 21:17:03,101 - INFO - Step   27800 | Epoch  27 | MSE: 0.3268 | Steps/sec: 1.73 | LR: 1.91e-04 | Render_L1: 0.0288 | Alpha_L1: 0.0383 | Render_LPIPS: 0.2078 | cos(c,null): +0.1657 | GradNorm: 0.1448 | MSE/t: [0.00-0.50]0.511(n=6350) [0.50-0.85]0.155(n=5924) [0.85-0.95]0.035(n=498) [0.95-1.00]0.025(n=28)
2026-05-02 21:17:03,202 - INFO - [render-loss] step=27800 kept 34/64 samples (t_value >= 0.50)
2026-05-02 21:18:58,403 - INFO - Step   28000 | Epoch  28 | MSE: 0.3257 | Steps/sec: 1.73 | LR: 1.91e-04 | Render_L1: 0.0284 | Alpha_L1: 0.0378 | Render_LPIPS: 0.2056 | cos(c,null): +0.1666 | GradNorm: 0.1467 | MSE/t: [0.00-0.50]0.511(n=6329) [0.50-0.85]0.155(n=5900) [0.85-0.95]0.034(n=553) [0.95-1.00]0.023(n=18)
2026-05-02 21:18:58,613 - INFO - [cond] cfg_signal=0.0440 (min=0.0267 max=0.0601, n=16) | class_signal=0.0520 (min=0.0292 max=0.0698, n=16) | pred_rms=0.7909
2026-05-02 21:19:06,720 - INFO - [validation] saved: output/jit_B8_postfix_20260502_195943/dit_validation/epoch_028_step_0028000_class043.png (class=43, sampler=heun, steps=100)
2026-05-02 21:19:07,972 - INFO - [overrides] applied from jit/configs/overrides.yaml: lr_scale=1.0 max_grad_norm=5.0 null_repel_weight=0.0 P_mean=0.0
2026-05-02 21:19:08,070 - INFO - [render-loss] step=28000 kept 30/64 samples (t_value >= 0.50)
2026-05-02 21:21:02,918 - INFO - Step   28200 | Epoch  28 | MSE: 0.3307 | Steps/sec: 1.61 | LR: 1.91e-04 | Render_L1: 0.0285 | Alpha_L1: 0.0381 | Render_LPIPS: 0.2047 | cos(c,null): +0.1701 | GradNorm: 0.1486 | MSE/t: [0.00-0.50]0.514(n=6464) [0.50-0.85]0.154(n=5813) [0.85-0.95]0.033(n=505) [0.95-1.00]0.022(n=18)
2026-05-02 21:21:03,020 - INFO - [render-loss] step=28200 kept 33/64 samples (t_value >= 0.50)
2026-05-02 21:22:58,040 - INFO - Step   28400 | Epoch  28 | MSE: 0.3281 | Steps/sec: 1.74 | LR: 1.91e-04 | Render_L1: 0.0286 | Alpha_L1: 0.0381 | Render_LPIPS: 0.2051 | cos(c,null): +0.1706 | GradNorm: 0.1523 | MSE/t: [0.00-0.50]0.515(n=6359) [0.50-0.85]0.154(n=5919) [0.85-0.95]0.035(n=500) [0.95-1.00]0.024(n=22)
2026-05-02 21:22:58,142 - INFO - [render-loss] step=28400 kept 31/64 samples (t_value >= 0.50)
2026-05-02 21:24:53,013 - INFO - Step   28600 | Epoch  28 | MSE: 0.3287 | Steps/sec: 1.74 | LR: 1.91e-04 | Render_L1: 0.0287 | Alpha_L1: 0.0379 | Render_LPIPS: 0.2044 | cos(c,null): +0.1734 | GradNorm: 0.1543 | MSE/t: [0.00-0.50]0.511(n=6399) [0.50-0.85]0.155(n=5899) [0.85-0.95]0.036(n=487) [0.95-1.00]0.025(n=15)
2026-05-02 21:24:53,114 - INFO - [render-loss] step=28600 kept 32/64 samples (t_value >= 0.50)
2026-05-02 21:26:48,470 - INFO - Step   28800 | Epoch  28 | MSE: 0.3287 | Steps/sec: 1.73 | LR: 1.91e-04 | Render_L1: 0.0288 | Alpha_L1: 0.0382 | Render_LPIPS: 0.2039 | cos(c,null): +0.1771 | GradNorm: 0.1554 | MSE/t: [0.00-0.50]0.514(n=6387) [0.50-0.85]0.154(n=5872) [0.85-0.95]0.035(n=517) [0.95-1.00]0.027(n=24)
2026-05-02 21:26:48,572 - INFO - [render-loss] step=28800 kept 31/64 samples (t_value >= 0.50)
2026-05-02 21:28:43,528 - INFO - Step   29000 | Epoch  29 | MSE: 0.3301 | Steps/sec: 1.74 | LR: 1.90e-04 | Render_L1: 0.0286 | Alpha_L1: 0.0379 | Render_LPIPS: 0.2034 | cos(c,null): +0.1778 | GradNorm: 0.1603 | MSE/t: [0.00-0.50]0.513(n=6456) [0.50-0.85]0.155(n=5766) [0.85-0.95]0.035(n=544) [0.95-1.00]0.024(n=34)
2026-05-02 21:28:43,741 - INFO - [cond] cfg_signal=0.0419 (min=0.0265 max=0.0614, n=16) | class_signal=0.0529 (min=0.0303 max=0.0757, n=16) | pred_rms=0.7939
2026-05-02 21:28:51,679 - INFO - [validation] saved: output/jit_B8_postfix_20260502_195943/dit_validation/epoch_029_step_0029000_class100.png (class=100, sampler=heun, steps=100)
2026-05-02 21:28:53,238 - INFO - [overrides] applied from jit/configs/overrides.yaml: lr_scale=1.0 max_grad_norm=5.0 null_repel_weight=0.0 P_mean=0.0
2026-05-02 21:28:53,335 - INFO - [render-loss] step=29000 kept 33/64 samples (t_value >= 0.50)
2026-05-02 21:30:49,457 - INFO - Step   29200 | Epoch  29 | MSE: 0.3269 | Steps/sec: 1.59 | LR: 1.90e-04 | Render_L1: 0.0284 | Alpha_L1: 0.0380 | Render_LPIPS: 0.2013 | cos(c,null): +0.1806 | GradNorm: 0.1603 | MSE/t: [0.00-0.50]0.510(n=6376) [0.50-0.85]0.155(n=5894) [0.85-0.95]0.035(n=511) [0.95-1.00]0.030(n=19)
2026-05-02 21:30:49,558 - INFO - [render-loss] step=29200 kept 17/64 samples (t_value >= 0.50)
2026-05-02 21:32:44,524 - INFO - Step   29400 | Epoch  29 | MSE: 0.3262 | Steps/sec: 1.74 | LR: 1.90e-04 | Render_L1: 0.0287 | Alpha_L1: 0.0381 | Render_LPIPS: 0.2023 | cos(c,null): +0.1827 | GradNorm: 0.1650 | MSE/t: [0.00-0.50]0.509(n=6381) [0.50-0.85]0.154(n=5893) [0.85-0.95]0.035(n=510) [0.95-1.00]0.024(n=16)
2026-05-02 21:32:44,625 - INFO - [render-loss] step=29400 kept 33/64 samples (t_value >= 0.50)
2026-05-02 21:34:40,191 - INFO - Step   29600 | Epoch  29 | MSE: 0.3304 | Steps/sec: 1.73 | LR: 1.90e-04 | Render_L1: 0.0286 | Alpha_L1: 0.0379 | Render_LPIPS: 0.2013 | cos(c,null): +0.1849 | GradNorm: 0.1672 | MSE/t: [0.00-0.50]0.515(n=6386) [0.50-0.85]0.157(n=5880) [0.85-0.95]0.036(n=516) [0.95-1.00]0.023(n=18)
2026-05-02 21:34:40,293 - INFO - [render-loss] step=29600 kept 28/64 samples (t_value >= 0.50)
2026-05-02 21:36:35,170 - INFO - Step   29800 | Epoch  29 | MSE: 0.3267 | Steps/sec: 1.74 | LR: 1.90e-04 | Render_L1: 0.0287 | Alpha_L1: 0.0374 | Render_LPIPS: 0.2006 | cos(c,null): +0.1884 | GradNorm: 0.1710 | MSE/t: [0.00-0.50]0.513(n=6332) [0.50-0.85]0.154(n=5947) [0.85-0.95]0.036(n=497) [0.95-1.00]0.024(n=24)
2026-05-02 21:36:35,271 - INFO - [render-loss] step=29800 kept 33/64 samples (t_value >= 0.50)
2026-05-02 21:38:30,635 - INFO - Step   30000 | Epoch  30 | MSE: 0.3290 | Steps/sec: 1.73 | LR: 1.90e-04 | Render_L1: 0.0281 | Alpha_L1: 0.0373 | Render_LPIPS: 0.1988 | cos(c,null): +0.1907 | GradNorm: 0.1715 | MSE/t: [0.00-0.50]0.512(n=6360) [0.50-0.85]0.158(n=5898) [0.85-0.95]0.036(n=519) [0.95-1.00]0.026(n=23)
2026-05-02 21:38:30,846 - INFO - [cond] cfg_signal=0.0417 (min=0.0238 max=0.0627, n=16) | class_signal=0.0530 (min=0.0292 max=0.0735, n=16) | pred_rms=0.7684
2026-05-02 21:38:38,961 - INFO - [validation] saved: output/jit_B8_postfix_20260502_195943/dit_validation/epoch_030_step_0030000_class099.png (class=99, sampler=heun, steps=100)
2026-05-02 21:38:40,134 - INFO - [overrides] applied from jit/configs/overrides.yaml: lr_scale=1.0 max_grad_norm=5.0 null_repel_weight=0.0 P_mean=0.0
2026-05-02 21:38:40,231 - INFO - [render-loss] step=30000 kept 26/64 samples (t_value >= 0.50)
2026-05-02 21:40:35,324 - INFO - Step   30200 | Epoch  30 | MSE: 0.3305 | Steps/sec: 1.61 | LR: 1.90e-04 | Render_L1: 0.0285 | Alpha_L1: 0.0374 | Render_LPIPS: 0.1992 | cos(c,null): +0.1901 | GradNorm: 0.1750 | MSE/t: [0.00-0.50]0.511(n=6465) [0.50-0.85]0.157(n=5772) [0.85-0.95]0.036(n=536) [0.95-1.00]0.029(n=27)
2026-05-02 21:40:35,426 - INFO - [render-loss] step=30200 kept 35/64 samples (t_value >= 0.50)
2026-05-02 21:42:30,632 - INFO - Step   30400 | Epoch  30 | MSE: 0.3267 | Steps/sec: 1.73 | LR: 1.89e-04 | Render_L1: 0.0285 | Alpha_L1: 0.0377 | Render_LPIPS: 0.1994 | cos(c,null): +0.1918 | GradNorm: 0.1767 | MSE/t: [0.00-0.50]0.511(n=6345) [0.50-0.85]0.156(n=5913) [0.85-0.95]0.036(n=518) [0.95-1.00]0.024(n=24)
2026-05-02 21:42:30,734 - INFO - [render-loss] step=30400 kept 30/64 samples (t_value >= 0.50)
2026-05-02 21:44:25,896 - INFO - Step   30600 | Epoch  30 | MSE: 0.3264 | Steps/sec: 1.74 | LR: 1.89e-04 | Render_L1: 0.0284 | Alpha_L1: 0.0374 | Render_LPIPS: 0.1982 | cos(c,null): +0.1950 | GradNorm: 0.1793 | MSE/t: [0.00-0.50]0.513(n=6305) [0.50-0.85]0.155(n=5952) [0.85-0.95]0.036(n=518) [0.95-1.00]0.027(n=25)
2026-05-02 21:44:25,998 - INFO - [render-loss] step=30600 kept 36/64 samples (t_value >= 0.50)
2026-05-02 21:46:20,611 - INFO - Step   30800 | Epoch  30 | MSE: 0.3323 | Steps/sec: 1.74 | LR: 1.89e-04 | Render_L1: 0.0288 | Alpha_L1: 0.0377 | Render_LPIPS: 0.1995 | cos(c,null): +0.1970 | GradNorm: 0.1824 | MSE/t: [0.00-0.50]0.512(n=6461) [0.50-0.85]0.159(n=5807) [0.85-0.95]0.036(n=506) [0.95-1.00]0.028(n=26)
2026-05-02 21:46:20,714 - INFO - [render-loss] step=30800 kept 35/64 samples (t_value >= 0.50)
2026-05-02 21:48:15,255 - INFO - Step   31000 | Epoch  31 | MSE: 0.3336 | Steps/sec: 1.74 | LR: 1.89e-04 | Render_L1: 0.0282 | Alpha_L1: 0.0374 | Render_LPIPS: 0.1964 | cos(c,null): +0.1990 | GradNorm: 0.1851 | MSE/t: [0.00-0.50]0.513(n=6529) [0.50-0.85]0.156(n=5762) [0.85-0.95]0.037(n=487) [0.95-1.00]0.029(n=22)
2026-05-02 21:48:15,467 - INFO - [cond] cfg_signal=0.0443 (min=0.0247 max=0.0636, n=16) | class_signal=0.0531 (min=0.0258 max=0.0766, n=16) | pred_rms=0.7765
2026-05-02 21:48:23,673 - INFO - [validation] saved: output/jit_B8_postfix_20260502_195943/dit_validation/epoch_031_step_0031000_class100.png (class=100, sampler=heun, steps=100)
2026-05-02 21:48:24,861 - INFO - [overrides] applied from jit/configs/overrides.yaml: lr_scale=1.0 max_grad_norm=5.0 null_repel_weight=0.0 P_mean=0.0
2026-05-02 21:48:24,957 - INFO - [render-loss] step=31000 kept 34/64 samples (t_value >= 0.50)
2026-05-02 21:50:20,422 - INFO - Step   31200 | Epoch  31 | MSE: 0.3293 | Steps/sec: 1.60 | LR: 1.89e-04 | Render_L1: 0.0286 | Alpha_L1: 0.0380 | Render_LPIPS: 0.1976 | cos(c,null): +0.2003 | GradNorm: 0.1856 | MSE/t: [0.00-0.50]0.513(n=6368) [0.50-0.85]0.158(n=5876) [0.85-0.95]0.036(n=536) [0.95-1.00]0.025(n=20)
2026-05-02 21:50:20,525 - INFO - [render-loss] step=31200 kept 38/64 samples (t_value >= 0.50)
2026-05-02 21:52:15,791 - INFO - Step   31400 | Epoch  31 | MSE: 0.3268 | Steps/sec: 1.73 | LR: 1.89e-04 | Render_L1: 0.0280 | Alpha_L1: 0.0377 | Render_LPIPS: 0.1948 | cos(c,null): +0.2026 | GradNorm: 0.1867 | MSE/t: [0.00-0.50]0.513(n=6274) [0.50-0.85]0.159(n=5967) [0.85-0.95]0.038(n=538) [0.95-1.00]0.028(n=21)
2026-05-02 21:52:15,892 - INFO - [render-loss] step=31400 kept 32/64 samples (t_value >= 0.50)
2026-05-02 21:54:10,787 - INFO - Step   31600 | Epoch  31 | MSE: 0.3275 | Steps/sec: 1.74 | LR: 1.89e-04 | Render_L1: 0.0283 | Alpha_L1: 0.0376 | Render_LPIPS: 0.1944 | cos(c,null): +0.2064 | GradNorm: 0.1902 | MSE/t: [0.00-0.50]0.510(n=6346) [0.50-0.85]0.158(n=5924) [0.85-0.95]0.038(n=510) [0.95-1.00]0.029(n=20)
2026-05-02 21:54:10,888 - INFO - [render-loss] step=31600 kept 22/64 samples (t_value >= 0.50)
2026-05-02 21:56:06,640 - INFO - Step   31800 | Epoch  31 | MSE: 0.3297 | Steps/sec: 1.73 | LR: 1.88e-04 | Render_L1: 0.0283 | Alpha_L1: 0.0375 | Render_LPIPS: 0.1936 | cos(c,null): +0.2072 | GradNorm: 0.1927 | MSE/t: [0.00-0.50]0.512(n=6406) [0.50-0.85]0.158(n=5825) [0.85-0.95]0.037(n=542) [0.95-1.00]0.026(n=27)
2026-05-02 21:56:06,742 - INFO - [render-loss] step=31800 kept 33/64 samples (t_value >= 0.50)
2026-05-02 21:58:01,857 - INFO - Step   32000 | Epoch  32 | MSE: 0.3315 | Steps/sec: 1.74 | LR: 1.88e-04 | Render_L1: 0.0286 | Alpha_L1: 0.0373 | Render_LPIPS: 0.1938 | cos(c,null): +0.2103 | GradNorm: 0.1988 | MSE/t: [0.00-0.50]0.515(n=6392) [0.50-0.85]0.159(n=5868) [0.85-0.95]0.037(n=520) [0.95-1.00]0.027(n=20)
2026-05-02 21:58:02,073 - INFO - [cond] cfg_signal=0.0447 (min=0.0247 max=0.0643, n=16) | class_signal=0.0574 (min=0.0340 max=0.0834, n=16) | pred_rms=0.7388
2026-05-02 21:58:10,205 - INFO - [validation] saved: output/jit_B8_postfix_20260502_195943/dit_validation/epoch_032_step_0032000_class024.png (class=24, sampler=heun, steps=100)
2026-05-02 21:58:11,390 - INFO - [overrides] applied from jit/configs/overrides.yaml: lr_scale=1.0 max_grad_norm=5.0 null_repel_weight=0.0 P_mean=0.0
2026-05-02 21:58:11,487 - INFO - [render-loss] step=32000 kept 31/64 samples (t_value >= 0.50)
2026-05-02 22:00:06,878 - INFO - Step   32200 | Epoch  32 | MSE: 0.3272 | Steps/sec: 1.60 | LR: 1.88e-04 | Render_L1: 0.0278 | Alpha_L1: 0.0367 | Render_LPIPS: 0.1905 | cos(c,null): +0.2126 | GradNorm: 0.1970 | MSE/t: [0.00-0.50]0.510(n=6346) [0.50-0.85]0.157(n=5933) [0.85-0.95]0.037(n=502) [0.95-1.00]0.026(n=19)
2026-05-02 22:00:06,981 - INFO - [render-loss] step=32200 kept 31/64 samples (t_value >= 0.50)
2026-05-02 22:02:01,995 - INFO - Step   32400 | Epoch  32 | MSE: 0.3294 | Steps/sec: 1.74 | LR: 1.88e-04 | Render_L1: 0.0287 | Alpha_L1: 0.0374 | Render_LPIPS: 0.1923 | cos(c,null): +0.2140 | GradNorm: 0.1995 | MSE/t: [0.00-0.50]0.509(n=6411) [0.50-0.85]0.159(n=5845) [0.85-0.95]0.037(n=527) [0.95-1.00]0.027(n=17)
2026-05-02 22:02:02,097 - INFO - [render-loss] step=32400 kept 36/64 samples (t_value >= 0.50)
2026-05-02 22:03:57,169 - INFO - Step   32600 | Epoch  32 | MSE: 0.3305 | Steps/sec: 1.74 | LR: 1.88e-04 | Render_L1: 0.0279 | Alpha_L1: 0.0363 | Render_LPIPS: 0.1893 | cos(c,null): +0.2155 | GradNorm: 0.2011 | MSE/t: [0.00-0.50]0.511(n=6448) [0.50-0.85]0.158(n=5796) [0.85-0.95]0.038(n=535) [0.95-1.00]0.027(n=21)
2026-05-02 22:03:57,270 - INFO - [render-loss] step=32600 kept 27/64 samples (t_value >= 0.50)
2026-05-02 22:05:52,210 - INFO - Step   32800 | Epoch  32 | MSE: 0.3295 | Steps/sec: 1.74 | LR: 1.88e-04 | Render_L1: 0.0286 | Alpha_L1: 0.0371 | Render_LPIPS: 0.1913 | cos(c,null): +0.2181 | GradNorm: 0.2035 | MSE/t: [0.00-0.50]0.510(n=6380) [0.50-0.85]0.159(n=5921) [0.85-0.95]0.038(n=479) [0.95-1.00]0.027(n=20)
2026-05-02 22:05:52,312 - INFO - [render-loss] step=32800 kept 34/64 samples (t_value >= 0.50)
2026-05-02 22:07:47,778 - INFO - Step   33000 | Epoch  33 | MSE: 0.3286 | Steps/sec: 1.73 | LR: 1.88e-04 | Render_L1: 0.0285 | Alpha_L1: 0.0374 | Render_LPIPS: 0.1912 | cos(c,null): +0.2200 | GradNorm: 0.2061 | MSE/t: [0.00-0.50]0.513(n=6299) [0.50-0.85]0.160(n=5984) [0.85-0.95]0.038(n=496) [0.95-1.00]0.031(n=21)
2026-05-02 22:07:47,992 - INFO - [cond] cfg_signal=0.0450 (min=0.0251 max=0.0654, n=16) | class_signal=0.0563 (min=0.0306 max=0.0824, n=16) | pred_rms=0.7626
2026-05-02 22:07:56,148 - INFO - [validation] saved: output/jit_B8_postfix_20260502_195943/dit_validation/epoch_033_step_0033000_class083.png (class=83, sampler=heun, steps=100)
2026-05-02 22:07:57,359 - INFO - [overrides] applied from jit/configs/overrides.yaml: lr_scale=1.0 max_grad_norm=5.0 null_repel_weight=0.0 P_mean=0.0
2026-05-02 22:07:57,457 - INFO - [render-loss] step=33000 kept 27/64 samples (t_value >= 0.50)
2026-05-02 22:09:52,050 - INFO - Step   33200 | Epoch  33 | MSE: 0.3291 | Steps/sec: 1.61 | LR: 1.87e-04 | Render_L1: 0.0277 | Alpha_L1: 0.0361 | Render_LPIPS: 0.1866 | cos(c,null): +0.2201 | GradNorm: 0.2103 | MSE/t: [0.00-0.50]0.509(n=6428) [0.50-0.85]0.158(n=5818) [0.85-0.95]0.038(n=526) [0.95-1.00]0.029(n=28)
2026-05-02 22:09:52,152 - INFO - [render-loss] step=33200 kept 36/64 samples (t_value >= 0.50)
2026-05-02 22:11:47,536 - INFO - Step   33400 | Epoch  33 | MSE: 0.3318 | Steps/sec: 1.73 | LR: 1.87e-04 | Render_L1: 0.0282 | Alpha_L1: 0.0364 | Render_LPIPS: 0.1879 | cos(c,null): +0.2227 | GradNorm: 0.2099 | MSE/t: [0.00-0.50]0.513(n=6423) [0.50-0.85]0.160(n=5823) [0.85-0.95]0.038(n=531) [0.95-1.00]0.032(n=23)
2026-05-02 22:11:47,639 - INFO - [render-loss] step=33400 kept 28/64 samples (t_value >= 0.50)
2026-05-02 22:13:42,956 - INFO - Step   33600 | Epoch  33 | MSE: 0.3296 | Steps/sec: 1.73 | LR: 1.87e-04 | Render_L1: 0.0278 | Alpha_L1: 0.0367 | Render_LPIPS: 0.1865 | cos(c,null): +0.2243 | GradNorm: 0.2112 | MSE/t: [0.00-0.50]0.512(n=6382) [0.50-0.85]0.158(n=5885) [0.85-0.95]0.039(n=516) [0.95-1.00]0.028(n=17)
2026-05-02 22:13:43,060 - INFO - [render-loss] step=33600 kept 33/64 samples (t_value >= 0.50)
2026-05-02 22:15:37,777 - INFO - Step   33800 | Epoch  33 | MSE: 0.3333 | Steps/sec: 1.74 | LR: 1.87e-04 | Render_L1: 0.0277 | Alpha_L1: 0.0359 | Render_LPIPS: 0.1841 | cos(c,null): +0.2274 | GradNorm: 0.2128 | MSE/t: [0.00-0.50]0.512(n=6494) [0.50-0.85]0.160(n=5731) [0.85-0.95]0.039(n=550) [0.95-1.00]0.026(n=25)
2026-05-02 22:15:37,879 - INFO - [render-loss] step=33800 kept 30/64 samples (t_value >= 0.50)
2026-05-02 22:17:32,886 - INFO - Step   34000 | Epoch  34 | MSE: 0.3311 | Steps/sec: 1.74 | LR: 1.87e-04 | Render_L1: 0.0278 | Alpha_L1: 0.0364 | Render_LPIPS: 0.1857 | cos(c,null): +0.2283 | GradNorm: 0.2169 | MSE/t: [0.00-0.50]0.512(n=6406) [0.50-0.85]0.159(n=5867) [0.85-0.95]0.038(n=506) [0.95-1.00]0.027(n=21)
2026-05-02 22:17:33,099 - INFO - [cond] cfg_signal=0.0471 (min=0.0238 max=0.0633, n=16) | class_signal=0.0599 (min=0.0306 max=0.0832, n=16) | pred_rms=0.7629
2026-05-02 22:17:41,352 - INFO - [validation] saved: output/jit_B8_postfix_20260502_195943/dit_validation/epoch_034_step_0034000_class033.png (class=33, sampler=heun, steps=100)
2026-05-02 22:17:42,598 - INFO - [overrides] applied from jit/configs/overrides.yaml: lr_scale=1.0 max_grad_norm=5.0 null_repel_weight=0.0 P_mean=0.0
2026-05-02 22:17:42,695 - INFO - [render-loss] step=34000 kept 33/64 samples (t_value >= 0.50)
2026-05-02 22:19:37,506 - INFO - Step   34200 | Epoch  34 | MSE: 0.3299 | Steps/sec: 1.61 | LR: 1.87e-04 | Render_L1: 0.0282 | Alpha_L1: 0.0368 | Render_LPIPS: 0.1857 | cos(c,null): +0.2280 | GradNorm: 0.2195 | MSE/t: [0.00-0.50]0.510(n=6438) [0.50-0.85]0.158(n=5801) [0.85-0.95]0.039(n=543) [0.95-1.00]0.030(n=18)
2026-05-02 22:19:37,607 - INFO - [render-loss] step=34200 kept 18/64 samples (t_value >= 0.50)
2026-05-02 22:21:33,090 - INFO - Step   34400 | Epoch  34 | MSE: 0.3321 | Steps/sec: 1.73 | LR: 1.87e-04 | Render_L1: 0.0283 | Alpha_L1: 0.0366 | Render_LPIPS: 0.1846 | cos(c,null): +0.2302 | GradNorm: 0.2206 | MSE/t: [0.00-0.50]0.514(n=6410) [0.50-0.85]0.160(n=5856) [0.85-0.95]0.039(n=510) [0.95-1.00]0.028(n=24)
2026-05-02 22:21:33,192 - INFO - [render-loss] step=34400 kept 38/64 samples (t_value >= 0.50)
2026-05-02 22:23:27,919 - INFO - Step   34600 | Epoch  34 | MSE: 0.3328 | Steps/sec: 1.74 | LR: 1.86e-04 | Render_L1: 0.0284 | Alpha_L1: 0.0367 | Render_LPIPS: 0.1863 | cos(c,null): +0.2329 | GradNorm: 0.2260 | MSE/t: [0.00-0.50]0.514(n=6425) [0.50-0.85]0.160(n=5849) [0.85-0.95]0.039(n=507) [0.95-1.00]0.029(n=19)
2026-05-02 22:23:28,020 - INFO - [render-loss] step=34600 kept 26/64 samples (t_value >= 0.50)
2026-05-02 22:25:23,393 - INFO - Step   34800 | Epoch  34 | MSE: 0.3318 | Steps/sec: 1.73 | LR: 1.86e-04 | Render_L1: 0.0279 | Alpha_L1: 0.0358 | Render_LPIPS: 0.1833 | cos(c,null): +0.2345 | GradNorm: 0.2254 | MSE/t: [0.00-0.50]0.514(n=6390) [0.50-0.85]0.160(n=5865) [0.85-0.95]0.039(n=524) [0.95-1.00]0.035(n=21)
2026-05-02 22:25:23,495 - INFO - [render-loss] step=34800 kept 32/64 samples (t_value >= 0.50)
2026-05-02 22:27:18,541 - INFO - Step   35000 | Epoch  35 | MSE: 0.3302 | Steps/sec: 1.74 | LR: 1.86e-04 | Render_L1: 0.0279 | Alpha_L1: 0.0360 | Render_LPIPS: 0.1821 | cos(c,null): +0.2343 | GradNorm: 0.2277 | MSE/t: [0.00-0.50]0.514(n=6335) [0.50-0.85]0.160(n=5927) [0.85-0.95]0.039(n=515) [0.95-1.00]0.028(n=23)
2026-05-02 22:27:18,750 - INFO - [cond] cfg_signal=0.0489 (min=0.0270 max=0.0726, n=16) | class_signal=0.0601 (min=0.0297 max=0.0832, n=16) | pred_rms=0.7764
2026-05-02 22:27:26,880 - INFO - [validation] saved: output/jit_B8_postfix_20260502_195943/dit_validation/epoch_035_step_0035000_class094.png (class=94, sampler=heun, steps=100)
2026-05-02 22:27:28,109 - INFO - [overrides] applied from jit/configs/overrides.yaml: lr_scale=1.0 max_grad_norm=5.0 null_repel_weight=0.0 P_mean=0.0
2026-05-02 22:27:28,207 - INFO - [render-loss] step=35000 kept 32/64 samples (t_value >= 0.50)
2026-05-02 22:29:23,212 - INFO - Step   35200 | Epoch  35 | MSE: 0.3288 | Steps/sec: 1.61 | LR: 1.86e-04 | Render_L1: 0.0282 | Alpha_L1: 0.0362 | Render_LPIPS: 0.1836 | cos(c,null): +0.2389 | GradNorm: 0.2304 | MSE/t: [0.00-0.50]0.510(n=6359) [0.50-0.85]0.160(n=5917) [0.85-0.95]0.040(n=500) [0.95-1.00]0.029(n=24)
2026-05-02 22:29:23,315 - INFO - [render-loss] step=35200 kept 36/64 samples (t_value >= 0.50)
2026-05-02 22:31:17,745 - INFO - Step   35400 | Epoch  35 | MSE: 0.3326 | Steps/sec: 1.75 | LR: 1.86e-04 | Render_L1: 0.0285 | Alpha_L1: 0.0369 | Render_LPIPS: 0.1838 | cos(c,null): +0.2367 | GradNorm: 0.2335 | MSE/t: [0.00-0.50]0.514(n=6396) [0.50-0.85]0.161(n=5883) [0.85-0.95]0.040(n=507) [0.95-1.00]0.032(n=14)
2026-05-02 22:31:17,847 - INFO - [render-loss] step=35400 kept 32/64 samples (t_value >= 0.50)
2026-05-02 22:33:13,078 - INFO - Step   35600 | Epoch  35 | MSE: 0.3297 | Steps/sec: 1.73 | LR: 1.86e-04 | Render_L1: 0.0278 | Alpha_L1: 0.0353 | Render_LPIPS: 0.1807 | cos(c,null): +0.2397 | GradNorm: 0.2345 | MSE/t: [0.00-0.50]0.513(n=6351) [0.50-0.85]0.160(n=5905) [0.85-0.95]0.039(n=518) [0.95-1.00]0.031(n=26)
2026-05-02 22:33:13,181 - INFO - [render-loss] step=35600 kept 33/64 samples (t_value >= 0.50)
2026-05-02 22:35:08,227 - INFO - Step   35800 | Epoch  35 | MSE: 0.3313 | Steps/sec: 1.74 | LR: 1.85e-04 | Render_L1: 0.0282 | Alpha_L1: 0.0360 | Render_LPIPS: 0.1818 | cos(c,null): +0.2409 | GradNorm: 0.2363 | MSE/t: [0.00-0.50]0.513(n=6382) [0.50-0.85]0.161(n=5885) [0.85-0.95]0.039(n=513) [0.95-1.00]0.028(n=20)
2026-05-02 22:35:08,329 - INFO - [render-loss] step=35800 kept 20/64 samples (t_value >= 0.50)
2026-05-02 22:37:03,669 - INFO - Step   36000 | Epoch  36 | MSE: 0.3327 | Steps/sec: 1.73 | LR: 1.85e-04 | Render_L1: 0.0278 | Alpha_L1: 0.0357 | Render_LPIPS: 0.1791 | cos(c,null): +0.2409 | GradNorm: 0.2346 | MSE/t: [0.00-0.50]0.511(n=6429) [0.50-0.85]0.163(n=5838) [0.85-0.95]0.040(n=507) [0.95-1.00]0.030(n=26)
2026-05-02 22:37:03,879 - INFO - [cond] cfg_signal=0.0494 (min=0.0254 max=0.0815, n=16) | class_signal=0.0606 (min=0.0274 max=0.0773, n=16) | pred_rms=0.7677
2026-05-02 22:37:11,964 - INFO - [validation] saved: output/jit_B8_postfix_20260502_195943/dit_validation/epoch_036_step_0036000_class022.png (class=22, sampler=heun, steps=100)
2026-05-02 22:37:13,228 - INFO - [overrides] applied from jit/configs/overrides.yaml: lr_scale=1.0 max_grad_norm=5.0 null_repel_weight=0.0 P_mean=0.0
2026-05-02 22:37:13,324 - INFO - [render-loss] step=36000 kept 37/64 samples (t_value >= 0.50)
2026-05-02 22:39:08,296 - INFO - Step   36200 | Epoch  36 | MSE: 0.3341 | Steps/sec: 1.61 | LR: 1.85e-04 | Render_L1: 0.0278 | Alpha_L1: 0.0360 | Render_LPIPS: 0.1793 | cos(c,null): +0.2444 | GradNorm: 0.2385 | MSE/t: [0.00-0.50]0.513(n=6477) [0.50-0.85]0.162(n=5754) [0.85-0.95]0.040(n=544) [0.95-1.00]0.030(n=25)
2026-05-02 22:39:08,398 - INFO - [render-loss] step=36200 kept 34/64 samples (t_value >= 0.50)
2026-05-02 22:41:03,211 - INFO - Step   36400 | Epoch  36 | MSE: 0.3354 | Steps/sec: 1.74 | LR: 1.85e-04 | Render_L1: 0.0281 | Alpha_L1: 0.0358 | Render_LPIPS: 0.1795 | cos(c,null): +0.2449 | GradNorm: 0.2431 | MSE/t: [0.00-0.50]0.515(n=6453) [0.50-0.85]0.162(n=5841) [0.85-0.95]0.041(n=485) [0.95-1.00]0.029(n=21)
2026-05-02 22:41:03,314 - INFO - [render-loss] step=36400 kept 34/64 samples (t_value >= 0.50)
2026-05-02 22:42:58,574 - INFO - Step   36600 | Epoch  36 | MSE: 0.3302 | Steps/sec: 1.73 | LR: 1.85e-04 | Render_L1: 0.0275 | Alpha_L1: 0.0358 | Render_LPIPS: 0.1785 | cos(c,null): +0.2471 | GradNorm: 0.2427 | MSE/t: [0.00-0.50]0.511(n=6348) [0.50-0.85]0.162(n=5927) [0.85-0.95]0.040(n=506) [0.95-1.00]0.031(n=19)
2026-05-02 22:42:58,677 - INFO - [render-loss] step=36600 kept 32/64 samples (t_value >= 0.50)
2026-05-02 22:44:53,902 - INFO - Step   36800 | Epoch  36 | MSE: 0.3308 | Steps/sec: 1.73 | LR: 1.85e-04 | Render_L1: 0.0277 | Alpha_L1: 0.0355 | Render_LPIPS: 0.1782 | cos(c,null): +0.2476 | GradNorm: 0.2462 | MSE/t: [0.00-0.50]0.511(n=6375) [0.50-0.85]0.162(n=5910) [0.85-0.95]0.040(n=499) [0.95-1.00]0.032(n=16)
2026-05-02 22:44:54,005 - INFO - [render-loss] step=36800 kept 30/64 samples (t_value >= 0.50)
2026-05-02 22:46:50,156 - INFO - Step   37000 | Epoch  37 | MSE: 0.3308 | Steps/sec: 1.72 | LR: 1.84e-04 | Render_L1: 0.0284 | Alpha_L1: 0.0361 | Render_LPIPS: 0.1809 | cos(c,null): +0.2489 | GradNorm: 0.2465 | MSE/t: [0.00-0.50]0.513(n=6326) [0.50-0.85]0.163(n=5927) [0.85-0.95]0.041(n=527) [0.95-1.00]0.034(n=20)
2026-05-02 22:46:50,370 - INFO - [cond] cfg_signal=0.0490 (min=0.0252 max=0.0785, n=16) | class_signal=0.0614 (min=0.0319 max=0.0854, n=16) | pred_rms=0.7538
2026-05-02 22:46:58,583 - INFO - [validation] saved: output/jit_B8_postfix_20260502_195943/dit_validation/epoch_037_step_0037000_class058.png (class=58, sampler=heun, steps=100)
2026-05-02 22:46:59,836 - INFO - [overrides] applied from jit/configs/overrides.yaml: lr_scale=1.0 max_grad_norm=5.0 null_repel_weight=0.0 P_mean=0.0
2026-05-02 22:46:59,933 - INFO - [render-loss] step=37000 kept 25/64 samples (t_value >= 0.50)
2026-05-02 22:48:54,821 - INFO - Step   37200 | Epoch  37 | MSE: 0.3371 | Steps/sec: 1.61 | LR: 1.84e-04 | Render_L1: 0.0279 | Alpha_L1: 0.0361 | Render_LPIPS: 0.1793 | cos(c,null): +0.2494 | GradNorm: 0.2493 | MSE/t: [0.00-0.50]0.515(n=6508) [0.50-0.85]0.163(n=5781) [0.85-0.95]0.041(n=488) [0.95-1.00]0.028(n=23)
2026-05-02 22:48:54,924 - INFO - [render-loss] step=37200 kept 33/64 samples (t_value >= 0.50)
2026-05-02 22:50:50,408 - INFO - Step   37400 | Epoch  37 | MSE: 0.3313 | Steps/sec: 1.73 | LR: 1.84e-04 | Render_L1: 0.0276 | Alpha_L1: 0.0352 | Render_LPIPS: 0.1766 | cos(c,null): +0.2512 | GradNorm: 0.2486 | MSE/t: [0.00-0.50]0.512(n=6419) [0.50-0.85]0.159(n=5843) [0.85-0.95]0.041(n=517) [0.95-1.00]0.029(n=21)
2026-05-02 22:50:50,510 - INFO - [render-loss] step=37400 kept 33/64 samples (t_value >= 0.50)
2026-05-02 22:52:45,352 - INFO - Step   37600 | Epoch  37 | MSE: 0.3326 | Steps/sec: 1.74 | LR: 1.84e-04 | Render_L1: 0.0279 | Alpha_L1: 0.0358 | Render_LPIPS: 0.1766 | cos(c,null): +0.2528 | GradNorm: 0.2532 | MSE/t: [0.00-0.50]0.511(n=6406) [0.50-0.85]0.163(n=5866) [0.85-0.95]0.042(n=506) [0.95-1.00]0.029(n=22)
2026-05-02 22:52:45,453 - INFO - [render-loss] step=37600 kept 29/64 samples (t_value >= 0.50)
2026-05-02 22:54:40,193 - INFO - Step   37800 | Epoch  37 | MSE: 0.3345 | Steps/sec: 1.74 | LR: 1.84e-04 | Render_L1: 0.0279 | Alpha_L1: 0.0353 | Render_LPIPS: 0.1779 | cos(c,null): +0.2533 | GradNorm: 0.2598 | MSE/t: [0.00-0.50]0.511(n=6499) [0.50-0.85]0.162(n=5799) [0.85-0.95]0.041(n=479) [0.95-1.00]0.031(n=23)
2026-05-02 22:54:40,294 - INFO - [render-loss] step=37800 kept 31/64 samples (t_value >= 0.50)
2026-05-02 22:56:35,367 - INFO - Step   38000 | Epoch  38 | MSE: 0.3316 | Steps/sec: 1.74 | LR: 1.84e-04 | Render_L1: 0.0273 | Alpha_L1: 0.0349 | Render_LPIPS: 0.1762 | cos(c,null): +0.2545 | GradNorm: 0.2571 | MSE/t: [0.00-0.50]0.511(n=6376) [0.50-0.85]0.164(n=5896) [0.85-0.95]0.041(n=508) [0.95-1.00]0.032(n=20)
2026-05-02 22:56:35,579 - INFO - [cond] cfg_signal=0.0528 (min=0.0302 max=0.0812, n=16) | class_signal=0.0647 (min=0.0308 max=0.0934, n=16) | pred_rms=0.7686
2026-05-02 22:56:43,710 - INFO - [validation] saved: output/jit_B8_postfix_20260502_195943/dit_validation/epoch_038_step_0038000_class098.png (class=98, sampler=heun, steps=100)
2026-05-02 22:56:44,940 - INFO - [overrides] applied from jit/configs/overrides.yaml: lr_scale=1.0 max_grad_norm=5.0 null_repel_weight=0.0 P_mean=0.0
2026-05-02 22:56:45,037 - INFO - [render-loss] step=38000 kept 30/64 samples (t_value >= 0.50)
2026-05-02 22:58:40,246 - INFO - Step   38200 | Epoch  38 | MSE: 0.3301 | Steps/sec: 1.60 | LR: 1.83e-04 | Render_L1: 0.0277 | Alpha_L1: 0.0352 | Render_LPIPS: 0.1764 | cos(c,null): +0.2540 | GradNorm: 0.2634 | MSE/t: [0.00-0.50]0.513(n=6303) [0.50-0.85]0.163(n=5955) [0.85-0.95]0.042(n=524) [0.95-1.00]0.032(n=18)
2026-05-02 22:58:40,348 - INFO - [render-loss] step=38200 kept 36/64 samples (t_value >= 0.50)
2026-05-02 23:00:35,219 - INFO - Step   38400 | Epoch  38 | MSE: 0.3335 | Steps/sec: 1.74 | LR: 1.83e-04 | Render_L1: 0.0276 | Alpha_L1: 0.0354 | Render_LPIPS: 0.1768 | cos(c,null): +0.2548 | GradNorm: 0.2629 | MSE/t: [0.00-0.50]0.511(n=6474) [0.50-0.85]0.162(n=5813) [0.85-0.95]0.041(n=491) [0.95-1.00]0.031(n=22)
2026-05-02 23:00:35,321 - INFO - [render-loss] step=38400 kept 30/64 samples (t_value >= 0.50)
2026-05-02 23:02:30,328 - INFO - Step   38600 | Epoch  38 | MSE: 0.3318 | Steps/sec: 1.74 | LR: 1.83e-04 | Render_L1: 0.0273 | Alpha_L1: 0.0345 | Render_LPIPS: 0.1743 | cos(c,null): +0.2544 | GradNorm: 0.2657 | MSE/t: [0.00-0.50]0.512(n=6378) [0.50-0.85]0.162(n=5906) [0.85-0.95]0.041(n=494) [0.95-1.00]0.034(n=22)
2026-05-02 23:02:30,429 - INFO - [render-loss] step=38600 kept 33/64 samples (t_value >= 0.50)
2026-05-02 23:04:25,380 - INFO - Step   38800 | Epoch  38 | MSE: 0.3343 | Steps/sec: 1.74 | LR: 1.83e-04 | Render_L1: 0.0280 | Alpha_L1: 0.0353 | Render_LPIPS: 0.1761 | cos(c,null): +0.2562 | GradNorm: 0.2646 | MSE/t: [0.00-0.50]0.513(n=6432) [0.50-0.85]0.164(n=5857) [0.85-0.95]0.042(n=489) [0.95-1.00]0.032(n=22)
2026-05-02 23:04:25,482 - INFO - [render-loss] step=38800 kept 30/64 samples (t_value >= 0.50)
2026-05-02 23:06:20,933 - INFO - Step   39000 | Epoch  39 | MSE: 0.3336 | Steps/sec: 1.73 | LR: 1.83e-04 | Render_L1: 0.0276 | Alpha_L1: 0.0352 | Render_LPIPS: 0.1751 | cos(c,null): +0.2563 | GradNorm: 0.2641 | MSE/t: [0.00-0.50]0.513(n=6428) [0.50-0.85]0.163(n=5861) [0.85-0.95]0.042(n=485) [0.95-1.00]0.036(n=26)
2026-05-02 23:06:21,145 - INFO - [cond] cfg_signal=0.0550 (min=0.0316 max=0.0895, n=16) | class_signal=0.0661 (min=0.0300 max=0.0898, n=16) | pred_rms=0.7482
2026-05-02 23:06:29,317 - INFO - [validation] saved: output/jit_B8_postfix_20260502_195943/dit_validation/epoch_039_step_0039000_class000.png (class=0, sampler=heun, steps=100)
2026-05-02 23:06:30,547 - INFO - [overrides] applied from jit/configs/overrides.yaml: lr_scale=1.0 max_grad_norm=5.0 null_repel_weight=0.0 P_mean=0.0
2026-05-02 23:06:30,644 - INFO - [render-loss] step=39000 kept 36/64 samples (t_value >= 0.50)
2026-05-02 23:08:25,785 - INFO - Step   39200 | Epoch  39 | MSE: 0.3345 | Steps/sec: 1.60 | LR: 1.83e-04 | Render_L1: 0.0275 | Alpha_L1: 0.0349 | Render_LPIPS: 0.1747 | cos(c,null): +0.2578 | GradNorm: 0.2687 | MSE/t: [0.00-0.50]0.513(n=6428) [0.50-0.85]0.164(n=5849) [0.85-0.95]0.042(n=506) [0.95-1.00]0.034(n=17)
2026-05-02 23:08:25,887 - INFO - [render-loss] step=39200 kept 40/64 samples (t_value >= 0.50)
2026-05-02 23:10:20,820 - INFO - Step   39400 | Epoch  39 | MSE: 0.3334 | Steps/sec: 1.74 | LR: 1.82e-04 | Render_L1: 0.0277 | Alpha_L1: 0.0353 | Render_LPIPS: 0.1746 | cos(c,null): +0.2602 | GradNorm: 0.2747 | MSE/t: [0.00-0.50]0.511(n=6407) [0.50-0.85]0.165(n=5894) [0.85-0.95]0.043(n=484) [0.95-1.00]0.029(n=15)
2026-05-02 23:10:20,923 - INFO - [render-loss] step=39400 kept 29/64 samples (t_value >= 0.50)
2026-05-02 23:12:16,478 - INFO - Step   39600 | Epoch  39 | MSE: 0.3346 | Steps/sec: 1.73 | LR: 1.82e-04 | Render_L1: 0.0274 | Alpha_L1: 0.0352 | Render_LPIPS: 0.1735 | cos(c,null): +0.2619 | GradNorm: 0.2725 | MSE/t: [0.00-0.50]0.513(n=6431) [0.50-0.85]0.165(n=5814) [0.85-0.95]0.042(n=537) [0.95-1.00]0.032(n=18)
2026-05-02 23:12:16,580 - INFO - [render-loss] step=39600 kept 26/64 samples (t_value >= 0.50)
2026-05-02 23:14:12,018 - INFO - Step   39800 | Epoch  39 | MSE: 0.3317 | Steps/sec: 1.73 | LR: 1.82e-04 | Render_L1: 0.0276 | Alpha_L1: 0.0349 | Render_LPIPS: 0.1744 | cos(c,null): +0.2625 | GradNorm: 0.2701 | MSE/t: [0.00-0.50]0.514(n=6382) [0.50-0.85]0.161(n=5848) [0.85-0.95]0.043(n=543) [0.95-1.00]0.031(n=27)
2026-05-02 23:14:12,294 - INFO - [render-loss] step=39800 kept 39/64 samples (t_value >= 0.50)
2026-05-02 23:16:08,145 - INFO - Step   40000 | Epoch  40 | MSE: 0.3316 | Steps/sec: 1.72 | LR: 1.82e-04 | Render_L1: 0.0274 | Alpha_L1: 0.0342 | Render_LPIPS: 0.1728 | cos(c,null): +0.2617 | GradNorm: 0.2776 | MSE/t: [0.00-0.50]0.512(n=6337) [0.50-0.85]0.165(n=5959) [0.85-0.95]0.043(n=480) [0.95-1.00]0.032(n=24)
2026-05-02 23:16:08,356 - INFO - [cond] cfg_signal=0.0502 (min=0.0274 max=0.0784, n=16) | class_signal=0.0654 (min=0.0283 max=0.0894, n=16) | pred_rms=0.7652
2026-05-02 23:16:10,111 - INFO - Saved checkpoint to output/jit_B8_postfix_20260502_195943/0040000.pt
2026-05-02 23:16:10,318 - INFO - [cond] cfg_signal=0.0502 (min=0.0274 max=0.0784, n=16) | class_signal=0.0654 (min=0.0283 max=0.0894, n=16) | pred_rms=0.7652
2026-05-02 23:16:18,447 - INFO - [validation] saved: output/jit_B8_postfix_20260502_195943/dit_validation/epoch_040_step_0040000_class094.png (class=94, sampler=heun, steps=100)
2026-05-02 23:16:19,706 - INFO - [overrides] applied from jit/configs/overrides.yaml: lr_scale=1.0 max_grad_norm=5.0 null_repel_weight=0.0 P_mean=0.0
2026-05-02 23:16:19,803 - INFO - [render-loss] step=40000 kept 30/64 samples (t_value >= 0.50)
2026-05-02 23:18:14,248 - INFO - Step   40200 | Epoch  40 | MSE: 0.3369 | Steps/sec: 1.59 | LR: 1.82e-04 | Render_L1: 0.0275 | Alpha_L1: 0.0351 | Render_LPIPS: 0.1726 | cos(c,null): +0.2643 | GradNorm: 0.2806 | MSE/t: [0.00-0.50]0.515(n=6463) [0.50-0.85]0.166(n=5797) [0.85-0.95]0.043(n=522) [0.95-1.00]0.028(n=18)
2026-05-02 23:18:14,350 - INFO - [render-loss] step=40200 kept 38/64 samples (t_value >= 0.50)
2026-05-02 23:20:09,174 - INFO - Step   40400 | Epoch  40 | MSE: 0.3339 | Steps/sec: 1.74 | LR: 1.82e-04 | Render_L1: 0.0274 | Alpha_L1: 0.0348 | Render_LPIPS: 0.1726 | cos(c,null): +0.2654 | GradNorm: 0.2806 | MSE/t: [0.00-0.50]0.513(n=6412) [0.50-0.85]0.164(n=5833) [0.85-0.95]0.043(n=530) [0.95-1.00]0.035(n=25)
2026-05-02 23:20:09,276 - INFO - [render-loss] step=40400 kept 30/64 samples (t_value >= 0.50)
2026-05-02 23:22:04,190 - INFO - Step   40600 | Epoch  40 | MSE: 0.3288 | Steps/sec: 1.74 | LR: 1.81e-04 | Render_L1: 0.0270 | Alpha_L1: 0.0342 | Render_LPIPS: 0.1705 | cos(c,null): +0.2664 | GradNorm: 0.2858 | MSE/t: [0.00-0.50]0.510(n=6286) [0.50-0.85]0.164(n=5966) [0.85-0.95]0.043(n=529) [0.95-1.00]0.035(n=19)
2026-05-02 23:22:04,292 - INFO - [render-loss] step=40600 kept 33/64 samples (t_value >= 0.50)
2026-05-02 23:23:59,333 - INFO - Step   40800 | Epoch  41 | MSE: 0.3371 | Steps/sec: 1.74 | LR: 1.81e-04 | Render_L1: 0.0273 | Alpha_L1: 0.0341 | Render_LPIPS: 0.1706 | cos(c,null): +0.2659 | GradNorm: 0.2817 | MSE/t: [0.00-0.50]0.516(n=6443) [0.50-0.85]0.166(n=5796) [0.85-0.95]0.043(n=530) [0.95-1.00]0.032(n=31)
2026-05-02 23:23:59,436 - INFO - [render-loss] step=40800 kept 30/64 samples (t_value >= 0.50)
2026-05-02 23:25:54,489 - INFO - Step   41000 | Epoch  41 | MSE: 0.3333 | Steps/sec: 1.74 | LR: 1.81e-04 | Render_L1: 0.0271 | Alpha_L1: 0.0345 | Render_LPIPS: 0.1709 | cos(c,null): +0.2671 | GradNorm: 0.2806 | MSE/t: [0.00-0.50]0.512(n=6382) [0.50-0.85]0.165(n=5905) [0.85-0.95]0.042(n=498) [0.95-1.00]0.030(n=15)
2026-05-02 23:25:54,698 - INFO - [cond] cfg_signal=0.0546 (min=0.0344 max=0.0889, n=16) | class_signal=0.0670 (min=0.0444 max=0.0836, n=16) | pred_rms=0.7815
2026-05-02 23:26:02,783 - INFO - [validation] saved: output/jit_B8_postfix_20260502_195943/dit_validation/epoch_041_step_0041000_class007.png (class=7, sampler=heun, steps=100)
2026-05-02 23:26:03,901 - INFO - [overrides] applied from jit/configs/overrides.yaml: lr_scale=1.0 max_grad_norm=5.0 null_repel_weight=0.0 P_mean=0.0
2026-05-02 23:26:03,999 - INFO - [render-loss] step=41000 kept 37/64 samples (t_value >= 0.50)
2026-05-02 23:27:59,240 - INFO - Step   41200 | Epoch  41 | MSE: 0.3321 | Steps/sec: 1.61 | LR: 1.81e-04 | Render_L1: 0.0273 | Alpha_L1: 0.0346 | Render_LPIPS: 0.1726 | cos(c,null): +0.2697 | GradNorm: 0.2913 | MSE/t: [0.00-0.50]0.512(n=6330) [0.50-0.85]0.166(n=5934) [0.85-0.95]0.043(n=515) [0.95-1.00]0.036(n=21)
2026-05-02 23:27:59,342 - INFO - [render-loss] step=41200 kept 31/64 samples (t_value >= 0.50)
2026-05-02 23:29:54,158 - INFO - Step   41400 | Epoch  41 | MSE: 0.3346 | Steps/sec: 1.74 | LR: 1.81e-04 | Render_L1: 0.0272 | Alpha_L1: 0.0345 | Render_LPIPS: 0.1713 | cos(c,null): +0.2704 | GradNorm: 0.2961 | MSE/t: [0.00-0.50]0.513(n=6428) [0.50-0.85]0.166(n=5796) [0.85-0.95]0.044(n=555) [0.95-1.00]0.036(n=21)
2026-05-02 23:29:54,260 - INFO - [render-loss] step=41400 kept 30/64 samples (t_value >= 0.50)
2026-05-02 23:31:49,378 - INFO - Step   41600 | Epoch  41 | MSE: 0.3349 | Steps/sec: 1.74 | LR: 1.80e-04 | Render_L1: 0.0273 | Alpha_L1: 0.0345 | Render_LPIPS: 0.1717 | cos(c,null): +0.2697 | GradNorm: 0.2933 | MSE/t: [0.00-0.50]0.514(n=6416) [0.50-0.85]0.164(n=5870) [0.85-0.95]0.043(n=495) [0.95-1.00]0.031(n=19)
2026-05-02 23:31:49,480 - INFO - [render-loss] step=41600 kept 28/64 samples (t_value >= 0.50)
2026-05-02 23:33:44,612 - INFO - Step   41800 | Epoch  42 | MSE: 0.3327 | Steps/sec: 1.74 | LR: 1.80e-04 | Render_L1: 0.0271 | Alpha_L1: 0.0339 | Render_LPIPS: 0.1701 | cos(c,null): +0.2704 | GradNorm: 0.2966 | MSE/t: [0.00-0.50]0.512(n=6386) [0.50-0.85]0.165(n=5832) [0.85-0.95]0.044(n=558) [0.95-1.00]0.032(n=24)
2026-05-02 23:33:44,713 - INFO - [render-loss] step=41800 kept 30/64 samples (t_value >= 0.50)
2026-05-02 23:35:39,347 - INFO - Step   42000 | Epoch  42 | MSE: 0.3351 | Steps/sec: 1.74 | LR: 1.80e-04 | Render_L1: 0.0269 | Alpha_L1: 0.0337 | Render_LPIPS: 0.1698 | cos(c,null): +0.2691 | GradNorm: 0.3002 | MSE/t: [0.00-0.50]0.509(n=6468) [0.50-0.85]0.167(n=5840) [0.85-0.95]0.045(n=474) [0.95-1.00]0.034(n=18)
2026-05-02 23:35:39,561 - INFO - [cond] cfg_signal=0.0557 (min=0.0317 max=0.0892, n=16) | class_signal=0.0668 (min=0.0378 max=0.0896, n=16) | pred_rms=0.7702
2026-05-02 23:35:47,702 - INFO - [validation] saved: output/jit_B8_postfix_20260502_195943/dit_validation/epoch_042_step_0042000_class076.png (class=76, sampler=heun, steps=100)
2026-05-02 23:35:48,818 - INFO - [overrides] applied from jit/configs/overrides.yaml: lr_scale=1.0 max_grad_norm=5.0 null_repel_weight=0.0 P_mean=0.0
2026-05-02 23:35:48,915 - INFO - [render-loss] step=42000 kept 32/64 samples (t_value >= 0.50)
2026-05-02 23:37:44,995 - INFO - Step   42200 | Epoch  42 | MSE: 0.3315 | Steps/sec: 1.59 | LR: 1.80e-04 | Render_L1: 0.0270 | Alpha_L1: 0.0342 | Render_LPIPS: 0.1694 | cos(c,null): +0.2700 | GradNorm: 0.2975 | MSE/t: [0.00-0.50]0.512(n=6325) [0.50-0.85]0.165(n=5940) [0.85-0.95]0.043(n=517) [0.95-1.00]0.037(n=18)
2026-05-02 23:37:45,097 - INFO - [render-loss] step=42200 kept 32/64 samples (t_value >= 0.50)
2026-05-02 23:39:40,125 - INFO - Step   42400 | Epoch  42 | MSE: 0.3335 | Steps/sec: 1.74 | LR: 1.80e-04 | Render_L1: 0.0274 | Alpha_L1: 0.0345 | Render_LPIPS: 0.1710 | cos(c,null): +0.2691 | GradNorm: 0.3030 | MSE/t: [0.00-0.50]0.513(n=6375) [0.50-0.85]0.166(n=5870) [0.85-0.95]0.045(n=543) [0.95-1.00]0.028(n=12)
2026-05-02 23:39:40,227 - INFO - [render-loss] step=42400 kept 31/64 samples (t_value >= 0.50)
2026-05-02 23:41:35,807 - INFO - Step   42600 | Epoch  42 | MSE: 0.3313 | Steps/sec: 1.73 | LR: 1.79e-04 | Render_L1: 0.0266 | Alpha_L1: 0.0333 | Render_LPIPS: 0.1676 | cos(c,null): +0.2728 | GradNorm: 0.3028 | MSE/t: [0.00-0.50]0.513(n=6288) [0.50-0.85]0.166(n=5964) [0.85-0.95]0.044(n=524) [0.95-1.00]0.035(n=24)
2026-05-02 23:41:35,909 - INFO - [render-loss] step=42600 kept 34/64 samples (t_value >= 0.50)
2026-05-02 23:43:31,368 - INFO - Step   42800 | Epoch  43 | MSE: 0.3354 | Steps/sec: 1.73 | LR: 1.79e-04 | Render_L1: 0.0270 | Alpha_L1: 0.0340 | Render_LPIPS: 0.1694 | cos(c,null): +0.2711 | GradNorm: 0.3004 | MSE/t: [0.00-0.50]0.515(n=6392) [0.50-0.85]0.167(n=5865) [0.85-0.95]0.045(n=517) [0.95-1.00]0.036(n=26)
2026-05-02 23:43:31,469 - INFO - [render-loss] step=42800 kept 32/64 samples (t_value >= 0.50)
2026-05-02 23:45:26,401 - INFO - Step   43000 | Epoch  43 | MSE: 0.3364 | Steps/sec: 1.74 | LR: 1.79e-04 | Render_L1: 0.0267 | Alpha_L1: 0.0337 | Render_LPIPS: 0.1675 | cos(c,null): +0.2723 | GradNorm: 0.3024 | MSE/t: [0.00-0.50]0.514(n=6452) [0.50-0.85]0.165(n=5835) [0.85-0.95]0.045(n=497) [0.95-1.00]0.042(n=16)
2026-05-02 23:45:26,619 - INFO - [cond] cfg_signal=0.0558 (min=0.0328 max=0.0900, n=16) | class_signal=0.0649 (min=0.0291 max=0.0833, n=16) | pred_rms=0.7552
2026-05-02 23:45:34,715 - INFO - [validation] saved: output/jit_B8_postfix_20260502_195943/dit_validation/epoch_043_step_0043000_class067.png (class=67, sampler=heun, steps=100)
2026-05-02 23:45:35,842 - INFO - [overrides] applied from jit/configs/overrides.yaml: lr_scale=1.0 max_grad_norm=5.0 null_repel_weight=0.0 P_mean=0.0
2026-05-02 23:45:35,939 - INFO - [render-loss] step=43000 kept 27/64 samples (t_value >= 0.50)
2026-05-02 23:47:30,841 - INFO - Step   43200 | Epoch  43 | MSE: 0.3389 | Steps/sec: 1.61 | LR: 1.79e-04 | Render_L1: 0.0271 | Alpha_L1: 0.0339 | Render_LPIPS: 0.1689 | cos(c,null): +0.2726 | GradNorm: 0.3068 | MSE/t: [0.00-0.50]0.517(n=6502) [0.50-0.85]0.165(n=5766) [0.85-0.95]0.044(n=505) [0.95-1.00]0.032(n=27)
2026-05-02 23:47:30,944 - INFO - [render-loss] step=43200 kept 31/64 samples (t_value >= 0.50)
2026-05-02 23:49:26,100 - INFO - Step   43400 | Epoch  43 | MSE: 0.3324 | Steps/sec: 1.74 | LR: 1.79e-04 | Render_L1: 0.0269 | Alpha_L1: 0.0336 | Render_LPIPS: 0.1679 | cos(c,null): +0.2735 | GradNorm: 0.3119 | MSE/t: [0.00-0.50]0.514(n=6318) [0.50-0.85]0.166(n=5929) [0.85-0.95]0.045(n=530) [0.95-1.00]0.037(n=23)
2026-05-02 23:49:26,202 - INFO - [render-loss] step=43400 kept 34/64 samples (t_value >= 0.50)
2026-05-02 23:51:21,379 - INFO - Step   43600 | Epoch  43 | MSE: 0.3337 | Steps/sec: 1.73 | LR: 1.79e-04 | Render_L1: 0.0271 | Alpha_L1: 0.0344 | Render_LPIPS: 0.1687 | cos(c,null): +0.2745 | GradNorm: 0.3058 | MSE/t: [0.00-0.50]0.513(n=6368) [0.50-0.85]0.166(n=5909) [0.85-0.95]0.045(n=501) [0.95-1.00]0.032(n=22)
2026-05-02 23:51:21,481 - INFO - [render-loss] step=43600 kept 37/64 samples (t_value >= 0.50)
2026-05-02 23:53:16,864 - INFO - Step   43800 | Epoch  44 | MSE: 0.3358 | Steps/sec: 1.73 | LR: 1.78e-04 | Render_L1: 0.0269 | Alpha_L1: 0.0338 | Render_LPIPS: 0.1679 | cos(c,null): +0.2761 | GradNorm: 0.3066 | MSE/t: [0.00-0.50]0.515(n=6412) [0.50-0.85]0.166(n=5863) [0.85-0.95]0.044(n=511) [0.95-1.00]0.032(n=14)
2026-05-02 23:53:16,965 - INFO - [render-loss] step=43800 kept 33/64 samples (t_value >= 0.50)
2026-05-02 23:55:11,840 - INFO - Step   44000 | Epoch  44 | MSE: 0.3345 | Steps/sec: 1.74 | LR: 1.78e-04 | Render_L1: 0.0270 | Alpha_L1: 0.0338 | Render_LPIPS: 0.1677 | cos(c,null): +0.2765 | GradNorm: 0.3095 | MSE/t: [0.00-0.50]0.515(n=6353) [0.50-0.85]0.167(n=5884) [0.85-0.95]0.045(n=547) [0.95-1.00]0.035(n=16)
2026-05-02 23:55:12,053 - INFO - [cond] cfg_signal=0.0568 (min=0.0338 max=0.0960, n=16) | class_signal=0.0663 (min=0.0356 max=0.0880, n=16) | pred_rms=0.7839
2026-05-02 23:55:20,083 - INFO - [validation] saved: output/jit_B8_postfix_20260502_195943/dit_validation/epoch_044_step_0044000_class079.png (class=79, sampler=heun, steps=100)
2026-05-02 23:55:21,245 - INFO - [overrides] applied from jit/configs/overrides.yaml: lr_scale=1.0 max_grad_norm=5.0 null_repel_weight=0.0 P_mean=0.0
2026-05-02 23:55:21,342 - INFO - [render-loss] step=44000 kept 33/64 samples (t_value >= 0.50)
2026-05-02 23:57:15,879 - INFO - Step   44200 | Epoch  44 | MSE: 0.3379 | Steps/sec: 1.62 | LR: 1.78e-04 | Render_L1: 0.0267 | Alpha_L1: 0.0336 | Render_LPIPS: 0.1667 | cos(c,null): +0.2783 | GradNorm: 0.3156 | MSE/t: [0.00-0.50]0.515(n=6454) [0.50-0.85]0.168(n=5811) [0.85-0.95]0.045(n=519) [0.95-1.00]0.035(n=16)
2026-05-02 23:57:15,982 - INFO - [render-loss] step=44200 kept 25/64 samples (t_value >= 0.50)
2026-05-02 23:59:11,594 - INFO - Step   44400 | Epoch  44 | MSE: 0.3350 | Steps/sec: 1.73 | LR: 1.78e-04 | Render_L1: 0.0270 | Alpha_L1: 0.0336 | Render_LPIPS: 0.1680 | cos(c,null): +0.2814 | GradNorm: 0.3168 | MSE/t: [0.00-0.50]0.513(n=6359) [0.50-0.85]0.169(n=5929) [0.85-0.95]0.045(n=493) [0.95-1.00]0.038(n=19)
2026-05-02 23:59:11,695 - INFO - [render-loss] step=44400 kept 31/64 samples (t_value >= 0.50)
2026-05-03 00:01:06,762 - INFO - Step   44600 | Epoch  44 | MSE: 0.3361 | Steps/sec: 1.74 | LR: 1.78e-04 | Render_L1: 0.0271 | Alpha_L1: 0.0337 | Render_LPIPS: 0.1672 | cos(c,null): +0.2810 | GradNorm: 0.3184 | MSE/t: [0.00-0.50]0.513(n=6418) [0.50-0.85]0.168(n=5847) [0.85-0.95]0.046(n=519) [0.95-1.00]0.036(n=16)
2026-05-03 00:01:06,865 - INFO - [render-loss] step=44600 kept 37/64 samples (t_value >= 0.50)
2026-05-03 00:03:02,356 - INFO - Step   44800 | Epoch  45 | MSE: 0.3340 | Steps/sec: 1.73 | LR: 1.77e-04 | Render_L1: 0.0267 | Alpha_L1: 0.0331 | Render_LPIPS: 0.1656 | cos(c,null): +0.2800 | GradNorm: 0.3249 | MSE/t: [0.00-0.50]0.511(n=6393) [0.50-0.85]0.168(n=5877) [0.85-0.95]0.047(n=519) [0.95-1.00]0.037(n=11)
2026-05-03 00:03:02,457 - INFO - [render-loss] step=44800 kept 30/64 samples (t_value >= 0.50)
2026-05-03 00:04:57,334 - INFO - Step   45000 | Epoch  45 | MSE: 0.3365 | Steps/sec: 1.74 | LR: 1.77e-04 | Render_L1: 0.0266 | Alpha_L1: 0.0326 | Render_LPIPS: 0.1650 | cos(c,null): +0.2804 | GradNorm: 0.3229 | MSE/t: [0.00-0.50]0.513(n=6431) [0.50-0.85]0.168(n=5848) [0.85-0.95]0.046(n=502) [0.95-1.00]0.035(n=19)
2026-05-03 00:04:57,548 - INFO - [cond] cfg_signal=0.0562 (min=0.0304 max=0.0894, n=16) | class_signal=0.0664 (min=0.0322 max=0.0889, n=16) | pred_rms=0.7683
2026-05-03 00:05:05,572 - INFO - [validation] saved: output/jit_B8_postfix_20260502_195943/dit_validation/epoch_045_step_0045000_class038.png (class=38, sampler=heun, steps=100)
2026-05-03 00:05:06,742 - INFO - [overrides] applied from jit/configs/overrides.yaml: lr_scale=1.0 max_grad_norm=5.0 null_repel_weight=0.0 P_mean=0.0
2026-05-03 00:05:06,839 - INFO - [render-loss] step=45000 kept 35/64 samples (t_value >= 0.50)
2026-05-03 00:07:02,055 - INFO - Step   45200 | Epoch  45 | MSE: 0.3352 | Steps/sec: 1.61 | LR: 1.77e-04 | Render_L1: 0.0270 | Alpha_L1: 0.0338 | Render_LPIPS: 0.1672 | cos(c,null): +0.2830 | GradNorm: 0.3236 | MSE/t: [0.00-0.50]0.515(n=6357) [0.50-0.85]0.168(n=5912) [0.85-0.95]0.046(n=506) [0.95-1.00]0.037(n=25)
2026-05-03 00:07:02,157 - INFO - [render-loss] step=45200 kept 34/64 samples (t_value >= 0.50)
2026-05-03 00:08:57,037 - INFO - Step   45400 | Epoch  45 | MSE: 0.3348 | Steps/sec: 1.74 | LR: 1.77e-04 | Render_L1: 0.0269 | Alpha_L1: 0.0339 | Render_LPIPS: 0.1669 | cos(c,null): +0.2862 | GradNorm: 0.3248 | MSE/t: [0.00-0.50]0.513(n=6384) [0.50-0.85]0.167(n=5888) [0.85-0.95]0.046(n=506) [0.95-1.00]0.036(n=22)
2026-05-03 00:08:57,140 - INFO - [render-loss] step=45400 kept 36/64 samples (t_value >= 0.50)
2026-05-03 00:10:52,057 - INFO - Step   45600 | Epoch  45 | MSE: 0.3364 | Steps/sec: 1.74 | LR: 1.77e-04 | Render_L1: 0.0270 | Alpha_L1: 0.0336 | Render_LPIPS: 0.1673 | cos(c,null): +0.2850 | GradNorm: 0.3305 | MSE/t: [0.00-0.50]0.514(n=6393) [0.50-0.85]0.168(n=5917) [0.85-0.95]0.046(n=466) [0.95-1.00]0.036(n=24)
2026-05-03 00:10:52,160 - INFO - [render-loss] step=45600 kept 29/64 samples (t_value >= 0.50)
2026-05-03 00:12:47,806 - INFO - Step   45800 | Epoch  46 | MSE: 0.3371 | Steps/sec: 1.73 | LR: 1.76e-04 | Render_L1: 0.0262 | Alpha_L1: 0.0328 | Render_LPIPS: 0.1638 | cos(c,null): +0.2870 | GradNorm: 0.3232 | MSE/t: [0.00-0.50]0.516(n=6430) [0.50-0.85]0.168(n=5793) [0.85-0.95]0.046(n=550) [0.95-1.00]0.035(n=27)
2026-05-03 00:12:47,908 - INFO - [render-loss] step=45800 kept 28/64 samples (t_value >= 0.50)
2026-05-03 00:14:43,133 - INFO - Step   46000 | Epoch  46 | MSE: 0.3358 | Steps/sec: 1.73 | LR: 1.76e-04 | Render_L1: 0.0264 | Alpha_L1: 0.0331 | Render_LPIPS: 0.1646 | cos(c,null): +0.2873 | GradNorm: 0.3295 | MSE/t: [0.00-0.50]0.513(n=6455) [0.50-0.85]0.166(n=5804) [0.85-0.95]0.046(n=521) [0.95-1.00]0.033(n=20)
2026-05-03 00:14:43,343 - INFO - [cond] cfg_signal=0.0562 (min=0.0353 max=0.0977, n=16) | class_signal=0.0654 (min=0.0330 max=0.0845, n=16) | pred_rms=0.7786
2026-05-03 00:14:51,424 - INFO - [validation] saved: output/jit_B8_postfix_20260502_195943/dit_validation/epoch_046_step_0046000_class078.png (class=78, sampler=heun, steps=100)
2026-05-03 00:14:52,591 - INFO - [overrides] applied from jit/configs/overrides.yaml: lr_scale=1.0 max_grad_norm=5.0 null_repel_weight=0.0 P_mean=0.0
2026-05-03 00:14:52,688 - INFO - [render-loss] step=46000 kept 38/64 samples (t_value >= 0.50)
2026-05-03 00:16:47,948 - INFO - Step   46200 | Epoch  46 | MSE: 0.3340 | Steps/sec: 1.61 | LR: 1.76e-04 | Render_L1: 0.0266 | Alpha_L1: 0.0329 | Render_LPIPS: 0.1649 | cos(c,null): +0.2880 | GradNorm: 0.3369 | MSE/t: [0.00-0.50]0.515(n=6342) [0.50-0.85]0.167(n=5907) [0.85-0.95]0.046(n=524) [0.95-1.00]0.038(n=27)
2026-05-03 00:16:48,050 - INFO - [render-loss] step=46200 kept 35/64 samples (t_value >= 0.50)
2026-05-03 00:18:42,790 - INFO - Step   46400 | Epoch  46 | MSE: 0.3360 | Steps/sec: 1.74 | LR: 1.76e-04 | Render_L1: 0.0265 | Alpha_L1: 0.0332 | Render_LPIPS: 0.1643 | cos(c,null): +0.2888 | GradNorm: 0.3320 | MSE/t: [0.00-0.50]0.512(n=6435) [0.50-0.85]0.168(n=5834) [0.85-0.95]0.047(n=513) [0.95-1.00]0.035(n=18)
2026-05-03 00:18:42,891 - INFO - [render-loss] step=46400 kept 37/64 samples (t_value >= 0.50)
2026-05-03 00:20:37,814 - INFO - Step   46600 | Epoch  46 | MSE: 0.3373 | Steps/sec: 1.74 | LR: 1.76e-04 | Render_L1: 0.0267 | Alpha_L1: 0.0333 | Render_LPIPS: 0.1650 | cos(c,null): +0.2882 | GradNorm: 0.3349 | MSE/t: [0.00-0.50]0.518(n=6333) [0.50-0.85]0.170(n=5947) [0.85-0.95]0.046(n=501) [0.95-1.00]0.037(n=19)
2026-05-03 00:20:37,916 - INFO - [render-loss] step=46600 kept 28/64 samples (t_value >= 0.50)
2026-05-03 00:22:33,346 - INFO - Step   46800 | Epoch  47 | MSE: 0.3369 | Steps/sec: 1.73 | LR: 1.75e-04 | Render_L1: 0.0267 | Alpha_L1: 0.0332 | Render_LPIPS: 0.1649 | cos(c,null): +0.2901 | GradNorm: 0.3394 | MSE/t: [0.00-0.50]0.514(n=6429) [0.50-0.85]0.168(n=5832) [0.85-0.95]0.046(n=507) [0.95-1.00]0.040(n=32)
2026-05-03 00:22:33,447 - INFO - [render-loss] step=46800 kept 29/64 samples (t_value >= 0.50)
2026-05-03 00:24:28,359 - INFO - Step   47000 | Epoch  47 | MSE: 0.3370 | Steps/sec: 1.74 | LR: 1.75e-04 | Render_L1: 0.0266 | Alpha_L1: 0.0330 | Render_LPIPS: 0.1642 | cos(c,null): +0.2916 | GradNorm: 0.3439 | MSE/t: [0.00-0.50]0.513(n=6419) [0.50-0.85]0.170(n=5882) [0.85-0.95]0.047(n=488) [0.95-1.00]0.033(n=11)
2026-05-03 00:24:28,573 - INFO - [cond] cfg_signal=0.0601 (min=0.0338 max=0.1083, n=16) | class_signal=0.0675 (min=0.0303 max=0.0845, n=16) | pred_rms=0.7716
2026-05-03 00:24:36,563 - INFO - [validation] saved: output/jit_B8_postfix_20260502_195943/dit_validation/epoch_047_step_0047000_class090.png (class=90, sampler=heun, steps=100)
2026-05-03 00:24:37,746 - INFO - [overrides] applied from jit/configs/overrides.yaml: lr_scale=1.0 max_grad_norm=5.0 null_repel_weight=0.0 P_mean=0.0
2026-05-03 00:24:37,843 - INFO - [render-loss] step=47000 kept 30/64 samples (t_value >= 0.50)
2026-05-03 00:26:32,606 - INFO - Step   47200 | Epoch  47 | MSE: 0.3395 | Steps/sec: 1.61 | LR: 1.75e-04 | Render_L1: 0.0266 | Alpha_L1: 0.0329 | Render_LPIPS: 0.1634 | cos(c,null): +0.2923 | GradNorm: 0.3438 | MSE/t: [0.00-0.50]0.512(n=6542) [0.50-0.85]0.169(n=5769) [0.85-0.95]0.047(n=470) [0.95-1.00]0.039(n=19)
2026-05-03 00:26:32,708 - INFO - [render-loss] step=47200 kept 32/64 samples (t_value >= 0.50)
2026-05-03 00:28:28,323 - INFO - Step   47400 | Epoch  47 | MSE: 0.3371 | Steps/sec: 1.73 | LR: 1.75e-04 | Render_L1: 0.0268 | Alpha_L1: 0.0334 | Render_LPIPS: 0.1649 | cos(c,null): +0.2897 | GradNorm: 0.3377 | MSE/t: [0.00-0.50]0.514(n=6412) [0.50-0.85]0.169(n=5857) [0.85-0.95]0.047(n=510) [0.95-1.00]0.039(n=21)
2026-05-03 00:28:28,424 - INFO - [render-loss] step=47400 kept 27/64 samples (t_value >= 0.50)
2026-05-03 00:30:23,511 - INFO - Step   47600 | Epoch  47 | MSE: 0.3386 | Steps/sec: 1.74 | LR: 1.75e-04 | Render_L1: 0.0267 | Alpha_L1: 0.0332 | Render_LPIPS: 0.1645 | cos(c,null): +0.2902 | GradNorm: 0.3449 | MSE/t: [0.00-0.50]0.517(n=6396) [0.50-0.85]0.170(n=5896) [0.85-0.95]0.048(n=481) [0.95-1.00]0.036(n=27)
2026-05-03 00:30:23,613 - INFO - [render-loss] step=47600 kept 34/64 samples (t_value >= 0.50)
2026-05-03 00:32:18,805 - INFO - Step   47800 | Epoch  48 | MSE: 0.3368 | Steps/sec: 1.73 | LR: 1.74e-04 | Render_L1: 0.0261 | Alpha_L1: 0.0325 | Render_LPIPS: 0.1616 | cos(c,null): +0.2913 | GradNorm: 0.3464 | MSE/t: [0.00-0.50]0.513(n=6397) [0.50-0.85]0.171(n=5869) [0.85-0.95]0.048(n=513) [0.95-1.00]0.042(n=21)
2026-05-03 00:32:18,908 - INFO - [render-loss] step=47800 kept 30/64 samples (t_value >= 0.50)
2026-05-03 00:34:13,954 - INFO - Step   48000 | Epoch  48 | MSE: 0.3343 | Steps/sec: 1.74 | LR: 1.74e-04 | Render_L1: 0.0265 | Alpha_L1: 0.0324 | Render_LPIPS: 0.1620 | cos(c,null): +0.2913 | GradNorm: 0.3468 | MSE/t: [0.00-0.50]0.513(n=6345) [0.50-0.85]0.169(n=5888) [0.85-0.95]0.048(n=541) [0.95-1.00]0.036(n=26)
2026-05-03 00:34:14,168 - INFO - [cond] cfg_signal=0.0603 (min=0.0321 max=0.0951, n=16) | class_signal=0.0728 (min=0.0317 max=0.1013, n=16) | pred_rms=0.7872
2026-05-03 00:34:22,247 - INFO - [validation] saved: output/jit_B8_postfix_20260502_195943/dit_validation/epoch_048_step_0048000_class079.png (class=79, sampler=heun, steps=100)
2026-05-03 00:34:23,431 - INFO - [overrides] applied from jit/configs/overrides.yaml: lr_scale=1.0 max_grad_norm=5.0 null_repel_weight=0.0 P_mean=0.0
2026-05-03 00:34:23,528 - INFO - [render-loss] step=48000 kept 34/64 samples (t_value >= 0.50)
2026-05-03 00:36:18,118 - INFO - Step   48200 | Epoch  48 | MSE: 0.3378 | Steps/sec: 1.61 | LR: 1.74e-04 | Render_L1: 0.0263 | Alpha_L1: 0.0324 | Render_LPIPS: 0.1616 | cos(c,null): +0.2920 | GradNorm: 0.3521 | MSE/t: [0.00-0.50]0.513(n=6424) [0.50-0.85]0.171(n=5847) [0.85-0.95]0.048(n=506) [0.95-1.00]0.035(n=23)
2026-05-03 00:36:18,220 - INFO - [render-loss] step=48200 kept 33/64 samples (t_value >= 0.50)
2026-05-03 00:38:13,440 - INFO - Step   48400 | Epoch  48 | MSE: 0.3346 | Steps/sec: 1.73 | LR: 1.74e-04 | Render_L1: 0.0265 | Alpha_L1: 0.0327 | Render_LPIPS: 0.1627 | cos(c,null): +0.2925 | GradNorm: 0.3529 | MSE/t: [0.00-0.50]0.514(n=6302) [0.50-0.85]0.170(n=6007) [0.85-0.95]0.048(n=476) [0.95-1.00]0.031(n=15)
2026-05-03 00:38:13,543 - INFO - [render-loss] step=48400 kept 37/64 samples (t_value >= 0.50)
2026-05-03 00:40:08,506 - INFO - Step   48600 | Epoch  48 | MSE: 0.3377 | Steps/sec: 1.74 | LR: 1.74e-04 | Render_L1: 0.0265 | Alpha_L1: 0.0328 | Render_LPIPS: 0.1627 | cos(c,null): +0.2910 | GradNorm: 0.3454 | MSE/t: [0.00-0.50]0.512(n=6448) [0.50-0.85]0.171(n=5827) [0.85-0.95]0.048(n=503) [0.95-1.00]0.037(n=22)
2026-05-03 00:40:08,608 - INFO - [render-loss] step=48600 kept 35/64 samples (t_value >= 0.50)
2026-05-03 00:42:04,165 - INFO - Step   48800 | Epoch  49 | MSE: 0.3335 | Steps/sec: 1.73 | LR: 1.73e-04 | Render_L1: 0.0257 | Alpha_L1: 0.0319 | Render_LPIPS: 0.1603 | cos(c,null): +0.2917 | GradNorm: 0.3574 | MSE/t: [0.00-0.50]0.514(n=6273) [0.50-0.85]0.170(n=6005) [0.85-0.95]0.047(n=497) [0.95-1.00]0.039(n=25)
2026-05-03 00:42:04,266 - INFO - [render-loss] step=48800 kept 34/64 samples (t_value >= 0.50)
2026-05-03 00:43:59,556 - INFO - Step   49000 | Epoch  49 | MSE: 0.3382 | Steps/sec: 1.73 | LR: 1.73e-04 | Render_L1: 0.0263 | Alpha_L1: 0.0327 | Render_LPIPS: 0.1621 | cos(c,null): +0.2926 | GradNorm: 0.3681 | MSE/t: [0.00-0.50]0.515(n=6413) [0.50-0.85]0.171(n=5831) [0.85-0.95]0.047(n=535) [0.95-1.00]0.037(n=21)
2026-05-03 00:43:59,765 - INFO - [cond] cfg_signal=0.0651 (min=0.0392 max=0.1142, n=16) | class_signal=0.0723 (min=0.0280 max=0.0969, n=16) | pred_rms=0.7685
2026-05-03 00:44:07,839 - INFO - [validation] saved: output/jit_B8_postfix_20260502_195943/dit_validation/epoch_049_step_0049000_class095.png (class=95, sampler=heun, steps=100)
2026-05-03 00:44:09,038 - INFO - [overrides] applied from jit/configs/overrides.yaml: lr_scale=1.0 max_grad_norm=5.0 null_repel_weight=0.0 P_mean=0.0
2026-05-03 00:44:09,135 - INFO - [render-loss] step=49000 kept 30/64 samples (t_value >= 0.50)
2026-05-03 00:46:04,350 - INFO - Step   49200 | Epoch  49 | MSE: 0.3348 | Steps/sec: 1.61 | LR: 1.73e-04 | Render_L1: 0.0265 | Alpha_L1: 0.0329 | Render_LPIPS: 0.1625 | cos(c,null): +0.2910 | GradNorm: 0.3583 | MSE/t: [0.00-0.50]0.511(n=6353) [0.50-0.85]0.170(n=5948) [0.85-0.95]0.048(n=477) [0.95-1.00]0.037(n=22)
2026-05-03 00:46:04,452 - INFO - [render-loss] step=49200 kept 34/64 samples (t_value >= 0.50)
2026-05-03 00:47:59,414 - INFO - Step   49400 | Epoch  49 | MSE: 0.3417 | Steps/sec: 1.74 | LR: 1.73e-04 | Render_L1: 0.0261 | Alpha_L1: 0.0323 | Render_LPIPS: 0.1611 | cos(c,null): +0.2924 | GradNorm: 0.3551 | MSE/t: [0.00-0.50]0.515(n=6544) [0.50-0.85]0.170(n=5755) [0.85-0.95]0.049(n=480) [0.95-1.00]0.037(n=21)
2026-05-03 00:47:59,516 - INFO - [render-loss] step=49400 kept 23/64 samples (t_value >= 0.50)
2026-05-03 00:49:54,449 - INFO - Step   49600 | Epoch  49 | MSE: 0.3354 | Steps/sec: 1.74 | LR: 1.72e-04 | Render_L1: 0.0262 | Alpha_L1: 0.0324 | Render_LPIPS: 0.1615 | cos(c,null): +0.2941 | GradNorm: 0.3638 | MSE/t: [0.00-0.50]0.511(n=6367) [0.50-0.85]0.171(n=5917) [0.85-0.95]0.049(n=496) [0.95-1.00]0.038(n=20)
2026-05-03 00:49:54,551 - INFO - [render-loss] step=49600 kept 34/64 samples (t_value >= 0.50)
2026-05-03 00:51:49,733 - INFO - Step   49800 | Epoch  50 | MSE: 0.3368 | Steps/sec: 1.73 | LR: 1.72e-04 | Render_L1: 0.0259 | Alpha_L1: 0.0315 | Render_LPIPS: 0.1595 | cos(c,null): +0.2952 | GradNorm: 0.3540 | MSE/t: [0.00-0.50]0.514(n=6372) [0.50-0.85]0.172(n=5893) [0.85-0.95]0.048(n=511) [0.95-1.00]0.038(n=24)
2026-05-03 00:51:49,836 - INFO - [render-loss] step=49800 kept 36/64 samples (t_value >= 0.50)
2026-05-03 00:53:45,629 - INFO - Step   50000 | Epoch  50 | MSE: 0.3370 | Steps/sec: 1.73 | LR: 1.72e-04 | Render_L1: 0.0262 | Alpha_L1: 0.0319 | Render_LPIPS: 0.1615 | cos(c,null): +0.2958 | GradNorm: 0.3642 | MSE/t: [0.00-0.50]0.512(n=6424) [0.50-0.85]0.172(n=5826) [0.85-0.95]0.049(n=530) [0.95-1.00]0.040(n=20)
2026-05-03 00:53:45,841 - INFO - [cond] cfg_signal=0.0617 (min=0.0354 max=0.0991, n=16) | class_signal=0.0715 (min=0.0356 max=0.0955, n=16) | pred_rms=0.7540
2026-05-03 00:53:53,899 - INFO - [validation] saved: output/jit_B8_postfix_20260502_195943/dit_validation/epoch_050_step_0050000_class025.png (class=25, sampler=heun, steps=100)
2026-05-03 00:53:55,093 - INFO - [overrides] applied from jit/configs/overrides.yaml: lr_scale=1.0 max_grad_norm=5.0 null_repel_weight=0.0 P_mean=0.0
2026-05-03 00:53:55,191 - INFO - [render-loss] step=50000 kept 30/64 samples (t_value >= 0.50)
2026-05-03 00:55:50,481 - INFO - Step   50200 | Epoch  50 | MSE: 0.3372 | Steps/sec: 1.60 | LR: 1.72e-04 | Render_L1: 0.0263 | Alpha_L1: 0.0327 | Render_LPIPS: 0.1619 | cos(c,null): +0.2956 | GradNorm: 0.3709 | MSE/t: [0.00-0.50]0.515(n=6344) [0.50-0.85]0.173(n=5919) [0.85-0.95]0.048(n=518) [0.95-1.00]0.040(n=19)
2026-05-03 00:55:50,583 - INFO - [render-loss] step=50200 kept 35/64 samples (t_value >= 0.50)
2026-05-03 00:57:45,814 - INFO - Step   50400 | Epoch  50 | MSE: 0.3381 | Steps/sec: 1.73 | LR: 1.72e-04 | Render_L1: 0.0264 | Alpha_L1: 0.0326 | Render_LPIPS: 0.1617 | cos(c,null): +0.2961 | GradNorm: 0.3693 | MSE/t: [0.00-0.50]0.514(n=6393) [0.50-0.85]0.172(n=5885) [0.85-0.95]0.049(n=506) [0.95-1.00]0.043(n=16)
2026-05-03 00:57:45,916 - INFO - [render-loss] step=50400 kept 26/64 samples (t_value >= 0.50)
2026-05-03 00:59:41,132 - INFO - Step   50600 | Epoch  50 | MSE: 0.3370 | Steps/sec: 1.73 | LR: 1.71e-04 | Render_L1: 0.0260 | Alpha_L1: 0.0322 | Render_LPIPS: 0.1601 | cos(c,null): +0.2956 | GradNorm: 0.3783 | MSE/t: [0.00-0.50]0.515(n=6396) [0.50-0.85]0.170(n=5840) [0.85-0.95]0.049(n=535) [0.95-1.00]0.043(n=29)
2026-05-03 00:59:41,234 - INFO - [render-loss] step=50600 kept 33/64 samples (t_value >= 0.50)
2026-05-03 01:01:36,321 - INFO - Step   50800 | Epoch  51 | MSE: 0.3389 | Steps/sec: 1.74 | LR: 1.71e-04 | Render_L1: 0.0264 | Alpha_L1: 0.0326 | Render_LPIPS: 0.1619 | cos(c,null): +0.2978 | GradNorm: 0.3736 | MSE/t: [0.00-0.50]0.514(n=6436) [0.50-0.85]0.172(n=5817) [0.85-0.95]0.049(n=526) [0.95-1.00]0.040(n=21)
2026-05-03 01:01:36,422 - INFO - [render-loss] step=50800 kept 32/64 samples (t_value >= 0.50)
2026-05-03 01:03:31,361 - INFO - Step   51000 | Epoch  51 | MSE: 0.3382 | Steps/sec: 1.74 | LR: 1.71e-04 | Render_L1: 0.0264 | Alpha_L1: 0.0321 | Render_LPIPS: 0.1617 | cos(c,null): +0.2989 | GradNorm: 0.3716 | MSE/t: [0.00-0.50]0.513(n=6429) [0.50-0.85]0.171(n=5861) [0.85-0.95]0.050(n=492) [0.95-1.00]0.040(n=18)
2026-05-03 01:03:31,571 - INFO - [cond] cfg_signal=0.0622 (min=0.0376 max=0.0986, n=16) | class_signal=0.0719 (min=0.0417 max=0.0870, n=16) | pred_rms=0.7667
2026-05-03 01:03:39,722 - INFO - [validation] saved: output/jit_B8_postfix_20260502_195943/dit_validation/epoch_051_step_0051000_class041.png (class=41, sampler=heun, steps=100)
2026-05-03 01:03:40,917 - INFO - [overrides] applied from jit/configs/overrides.yaml: lr_scale=1.0 max_grad_norm=5.0 null_repel_weight=0.0 P_mean=0.0
2026-05-03 01:03:41,014 - INFO - [render-loss] step=51000 kept 30/64 samples (t_value >= 0.50)
2026-05-03 01:05:36,282 - INFO - Step   51200 | Epoch  51 | MSE: 0.3414 | Steps/sec: 1.60 | LR: 1.71e-04 | Render_L1: 0.0264 | Alpha_L1: 0.0327 | Render_LPIPS: 0.1613 | cos(c,null): +0.2993 | GradNorm: 0.3813 | MSE/t: [0.00-0.50]0.514(n=6514) [0.50-0.85]0.173(n=5766) [0.85-0.95]0.050(n=505) [0.95-1.00]0.034(n=15)
2026-05-03 01:05:36,383 - INFO - [render-loss] step=51200 kept 37/64 samples (t_value >= 0.50)
2026-05-03 01:07:31,568 - INFO - Step   51400 | Epoch  51 | MSE: 0.3347 | Steps/sec: 1.73 | LR: 1.71e-04 | Render_L1: 0.0261 | Alpha_L1: 0.0321 | Render_LPIPS: 0.1603 | cos(c,null): +0.2976 | GradNorm: 0.3832 | MSE/t: [0.00-0.50]0.514(n=6292) [0.50-0.85]0.172(n=5957) [0.85-0.95]0.050(n=535) [0.95-1.00]0.046(n=16)
2026-05-03 01:07:31,670 - INFO - [render-loss] step=51400 kept 28/64 samples (t_value >= 0.50)
2026-05-03 01:09:26,207 - INFO - Step   51600 | Epoch  51 | MSE: 0.3402 | Steps/sec: 1.74 | LR: 1.70e-04 | Render_L1: 0.0263 | Alpha_L1: 0.0323 | Render_LPIPS: 0.1613 | cos(c,null): +0.2996 | GradNorm: 0.3857 | MSE/t: [0.00-0.50]0.515(n=6456) [0.50-0.85]0.174(n=5788) [0.85-0.95]0.050(n=536) [0.95-1.00]0.042(n=20)
2026-05-03 01:09:26,310 - INFO - [render-loss] step=51600 kept 36/64 samples (t_value >= 0.50)
2026-05-03 01:11:21,724 - INFO - Step   51800 | Epoch  52 | MSE: 0.3384 | Steps/sec: 1.73 | LR: 1.70e-04 | Render_L1: 0.0258 | Alpha_L1: 0.0314 | Render_LPIPS: 0.1588 | cos(c,null): +0.3012 | GradNorm: 0.3918 | MSE/t: [0.00-0.50]0.514(n=6425) [0.50-0.85]0.172(n=5826) [0.85-0.95]0.049(n=520) [0.95-1.00]0.038(n=29)
2026-05-03 01:11:21,826 - INFO - [render-loss] step=51800 kept 32/64 samples (t_value >= 0.50)
2026-05-03 01:13:16,947 - INFO - Step   52000 | Epoch  52 | MSE: 0.3385 | Steps/sec: 1.74 | LR: 1.70e-04 | Render_L1: 0.0260 | Alpha_L1: 0.0319 | Render_LPIPS: 0.1594 | cos(c,null): +0.3029 | GradNorm: 0.3897 | MSE/t: [0.00-0.50]0.514(n=6418) [0.50-0.85]0.172(n=5852) [0.85-0.95]0.051(n=518) [0.95-1.00]0.042(n=12)
2026-05-03 01:13:17,158 - INFO - [cond] cfg_signal=0.0626 (min=0.0367 max=0.0964, n=16) | class_signal=0.0708 (min=0.0363 max=0.0980, n=16) | pred_rms=0.7587
2026-05-03 01:13:25,278 - INFO - [validation] saved: output/jit_B8_postfix_20260502_195943/dit_validation/epoch_052_step_0052000_class009.png (class=9, sampler=heun, steps=100)
2026-05-03 01:13:26,487 - INFO - [overrides] applied from jit/configs/overrides.yaml: lr_scale=1.0 max_grad_norm=5.0 null_repel_weight=0.0 P_mean=0.0
2026-05-03 01:13:26,584 - INFO - [render-loss] step=52000 kept 35/64 samples (t_value >= 0.50)
2026-05-03 01:15:21,877 - INFO - Step   52200 | Epoch  52 | MSE: 0.3377 | Steps/sec: 1.60 | LR: 1.70e-04 | Render_L1: 0.0262 | Alpha_L1: 0.0325 | Render_LPIPS: 0.1605 | cos(c,null): +0.3020 | GradNorm: 0.3770 | MSE/t: [0.00-0.50]0.511(n=6395) [0.50-0.85]0.174(n=5880) [0.85-0.95]0.051(n=509) [0.95-1.00]0.037(n=16)
2026-05-03 01:15:21,978 - INFO - [render-loss] step=52200 kept 24/64 samples (t_value >= 0.50)
2026-05-03 01:17:16,450 - INFO - Step   52400 | Epoch  52 | MSE: 0.3403 | Steps/sec: 1.75 | LR: 1.69e-04 | Render_L1: 0.0259 | Alpha_L1: 0.0317 | Render_LPIPS: 0.1590 | cos(c,null): +0.3005 | GradNorm: 0.3900 | MSE/t: [0.00-0.50]0.512(n=6497) [0.50-0.85]0.174(n=5790) [0.85-0.95]0.050(n=490) [0.95-1.00]0.043(n=23)
2026-05-03 01:17:16,552 - INFO - [render-loss] step=52400 kept 33/64 samples (t_value >= 0.50)
2026-05-03 01:19:12,041 - INFO - Step   52600 | Epoch  52 | MSE: 0.3410 | Steps/sec: 1.73 | LR: 1.69e-04 | Render_L1: 0.0263 | Alpha_L1: 0.0318 | Render_LPIPS: 0.1599 | cos(c,null): +0.3046 | GradNorm: 0.3789 | MSE/t: [0.00-0.50]0.514(n=6498) [0.50-0.85]0.172(n=5779) [0.85-0.95]0.051(n=500) [0.95-1.00]0.040(n=23)
2026-05-03 01:19:12,143 - INFO - [render-loss] step=52600 kept 26/64 samples (t_value >= 0.50)
2026-05-03 01:21:07,258 - INFO - Step   52800 | Epoch  53 | MSE: 0.3407 | Steps/sec: 1.74 | LR: 1.69e-04 | Render_L1: 0.0262 | Alpha_L1: 0.0321 | Render_LPIPS: 0.1591 | cos(c,null): +0.3034 | GradNorm: 0.3934 | MSE/t: [0.00-0.50]0.514(n=6443) [0.50-0.85]0.174(n=5881) [0.85-0.95]0.051(n=452) [0.95-1.00]0.044(n=24)
2026-05-03 01:21:07,360 - INFO - [render-loss] step=52800 kept 36/64 samples (t_value >= 0.50)
2026-05-03 01:23:02,103 - INFO - Step   53000 | Epoch  53 | MSE: 0.3381 | Steps/sec: 1.74 | LR: 1.69e-04 | Render_L1: 0.0259 | Alpha_L1: 0.0318 | Render_LPIPS: 0.1583 | cos(c,null): +0.3047 | GradNorm: 0.3974 | MSE/t: [0.00-0.50]0.510(n=6471) [0.50-0.85]0.173(n=5782) [0.85-0.95]0.051(n=529) [0.95-1.00]0.038(n=18)
2026-05-03 01:23:02,315 - INFO - [cond] cfg_signal=0.0659 (min=0.0402 max=0.1082, n=16) | class_signal=0.0738 (min=0.0308 max=0.1063, n=16) | pred_rms=0.7822
2026-05-03 01:23:10,415 - INFO - [validation] saved: output/jit_B8_postfix_20260502_195943/dit_validation/epoch_053_step_0053000_class089.png (class=89, sampler=heun, steps=100)
2026-05-03 01:23:11,613 - INFO - [overrides] applied from jit/configs/overrides.yaml: lr_scale=1.0 max_grad_norm=5.0 null_repel_weight=0.0 P_mean=0.0
2026-05-03 01:23:11,711 - INFO - [render-loss] step=53000 kept 40/64 samples (t_value >= 0.50)
2026-05-03 01:25:07,211 - INFO - Step   53200 | Epoch  53 | MSE: 0.3392 | Steps/sec: 1.60 | LR: 1.69e-04 | Render_L1: 0.0257 | Alpha_L1: 0.0314 | Render_LPIPS: 0.1570 | cos(c,null): +0.3045 | GradNorm: 0.4037 | MSE/t: [0.00-0.50]0.516(n=6403) [0.50-0.85]0.173(n=5870) [0.85-0.95]0.050(n=515) [0.95-1.00]0.039(n=12)
2026-05-03 01:25:07,313 - INFO - [render-loss] step=53200 kept 32/64 samples (t_value >= 0.50)
2026-05-03 01:27:02,663 - INFO - Step   53400 | Epoch  53 | MSE: 0.3391 | Steps/sec: 1.73 | LR: 1.68e-04 | Render_L1: 0.0257 | Alpha_L1: 0.0311 | Render_LPIPS: 0.1568 | cos(c,null): +0.3035 | GradNorm: 0.3848 | MSE/t: [0.00-0.50]0.515(n=6416) [0.50-0.85]0.174(n=5808) [0.85-0.95]0.051(n=556) [0.95-1.00]0.041(n=20)
2026-05-03 01:27:02,765 - INFO - [render-loss] step=53400 kept 34/64 samples (t_value >= 0.50)
2026-05-03 01:28:57,644 - INFO - Step   53600 | Epoch  53 | MSE: 0.3438 | Steps/sec: 1.74 | LR: 1.68e-04 | Render_L1: 0.0259 | Alpha_L1: 0.0318 | Render_LPIPS: 0.1582 | cos(c,null): +0.3049 | GradNorm: 0.4003 | MSE/t: [0.00-0.50]0.519(n=6451) [0.50-0.85]0.177(n=5795) [0.85-0.95]0.052(n=530) [0.95-1.00]0.043(n=24)
2026-05-03 01:28:57,747 - INFO - [render-loss] step=53600 kept 36/64 samples (t_value >= 0.50)
2026-05-03 01:30:52,962 - INFO - Step   53800 | Epoch  54 | MSE: 0.3368 | Steps/sec: 1.73 | LR: 1.68e-04 | Render_L1: 0.0257 | Alpha_L1: 0.0311 | Render_LPIPS: 0.1578 | cos(c,null): +0.3043 | GradNorm: 0.3943 | MSE/t: [0.00-0.50]0.513(n=6379) [0.50-0.85]0.172(n=5870) [0.85-0.95]0.050(n=533) [0.95-1.00]0.042(n=18)
2026-05-03 01:30:53,063 - INFO - [render-loss] step=53800 kept 27/64 samples (t_value >= 0.50)
2026-05-03 01:32:47,982 - INFO - Step   54000 | Epoch  54 | MSE: 0.3422 | Steps/sec: 1.74 | LR: 1.68e-04 | Render_L1: 0.0260 | Alpha_L1: 0.0317 | Render_LPIPS: 0.1584 | cos(c,null): +0.3068 | GradNorm: 0.4010 | MSE/t: [0.00-0.50]0.514(n=6502) [0.50-0.85]0.175(n=5763) [0.85-0.95]0.051(n=515) [0.95-1.00]0.039(n=20)
2026-05-03 01:32:48,195 - INFO - [cond] cfg_signal=0.0594 (min=0.0378 max=0.0984, n=16) | class_signal=0.0714 (min=0.0342 max=0.0897, n=16) | pred_rms=0.7711
2026-05-03 01:32:56,192 - INFO - [validation] saved: output/jit_B8_postfix_20260502_195943/dit_validation/epoch_054_step_0054000_class015.png (class=15, sampler=heun, steps=100)
2026-05-03 01:32:57,429 - INFO - [overrides] applied from jit/configs/overrides.yaml: lr_scale=1.0 max_grad_norm=5.0 null_repel_weight=0.0 P_mean=0.0
2026-05-03 01:32:57,527 - INFO - [render-loss] step=54000 kept 35/64 samples (t_value >= 0.50)
2026-05-03 01:34:52,635 - INFO - Step   54200 | Epoch  54 | MSE: 0.3419 | Steps/sec: 1.61 | LR: 1.67e-04 | Render_L1: 0.0259 | Alpha_L1: 0.0315 | Render_LPIPS: 0.1582 | cos(c,null): +0.3072 | GradNorm: 0.3997 | MSE/t: [0.00-0.50]0.515(n=6488) [0.50-0.85]0.174(n=5785) [0.85-0.95]0.052(n=507) [0.95-1.00]0.038(n=20)
2026-05-03 01:34:52,738 - INFO - [render-loss] step=54200 kept 32/64 samples (t_value >= 0.50)
2026-05-03 01:36:47,668 - INFO - Step   54400 | Epoch  54 | MSE: 0.3372 | Steps/sec: 1.74 | LR: 1.67e-04 | Render_L1: 0.0260 | Alpha_L1: 0.0318 | Render_LPIPS: 0.1582 | cos(c,null): +0.3072 | GradNorm: 0.4027 | MSE/t: [0.00-0.50]0.511(n=6374) [0.50-0.85]0.176(n=5866) [0.85-0.95]0.052(n=533) [0.95-1.00]0.040(n=27)
2026-05-03 01:36:47,771 - INFO - [render-loss] step=54400 kept 31/64 samples (t_value >= 0.50)
2026-05-03 01:38:42,685 - INFO - Step   54600 | Epoch  54 | MSE: 0.3407 | Steps/sec: 1.74 | LR: 1.67e-04 | Render_L1: 0.0259 | Alpha_L1: 0.0314 | Render_LPIPS: 0.1572 | cos(c,null): +0.3067 | GradNorm: 0.4081 | MSE/t: [0.00-0.50]0.516(n=6456) [0.50-0.85]0.172(n=5841) [0.85-0.95]0.053(n=479) [0.95-1.00]0.043(n=24)
2026-05-03 01:38:42,787 - INFO - [render-loss] step=54600 kept 35/64 samples (t_value >= 0.50)
2026-05-03 01:40:38,235 - INFO - Step   54800 | Epoch  55 | MSE: 0.3381 | Steps/sec: 1.73 | LR: 1.67e-04 | Render_L1: 0.0254 | Alpha_L1: 0.0311 | Render_LPIPS: 0.1568 | cos(c,null): +0.3068 | GradNorm: 0.4080 | MSE/t: [0.00-0.50]0.512(n=6372) [0.50-0.85]0.176(n=5886) [0.85-0.95]0.052(n=526) [0.95-1.00]0.040(n=16)
2026-05-03 01:40:38,337 - INFO - [render-loss] step=54800 kept 35/64 samples (t_value >= 0.50)
2026-05-03 01:42:33,892 - INFO - Step   55000 | Epoch  55 | MSE: 0.3382 | Steps/sec: 1.73 | LR: 1.66e-04 | Render_L1: 0.0258 | Alpha_L1: 0.0317 | Render_LPIPS: 0.1575 | cos(c,null): +0.3077 | GradNorm: 0.4143 | MSE/t: [0.00-0.50]0.517(n=6352) [0.50-0.85]0.172(n=5933) [0.85-0.95]0.052(n=493) [0.95-1.00]0.042(n=22)
2026-05-03 01:42:34,102 - INFO - [cond] cfg_signal=0.0617 (min=0.0362 max=0.0972, n=16) | class_signal=0.0704 (min=0.0303 max=0.0935, n=16) | pred_rms=0.7918
2026-05-03 01:42:42,115 - INFO - [validation] saved: output/jit_B8_postfix_20260502_195943/dit_validation/epoch_055_step_0055000_class029.png (class=29, sampler=heun, steps=100)
2026-05-03 01:42:43,347 - INFO - [overrides] applied from jit/configs/overrides.yaml: lr_scale=1.0 max_grad_norm=5.0 null_repel_weight=0.0 P_mean=0.0
2026-05-03 01:42:43,444 - INFO - [render-loss] step=55000 kept 36/64 samples (t_value >= 0.50)
2026-05-03 01:44:38,788 - INFO - Step   55200 | Epoch  55 | MSE: 0.3403 | Steps/sec: 1.60 | LR: 1.66e-04 | Render_L1: 0.0260 | Alpha_L1: 0.0320 | Render_LPIPS: 0.1581 | cos(c,null): +0.3084 | GradNorm: 0.4120 | MSE/t: [0.00-0.50]0.513(n=6455) [0.50-0.85]0.175(n=5817) [0.85-0.95]0.053(n=506) [0.95-1.00]0.045(n=22)
2026-05-03 01:44:38,890 - INFO - [render-loss] step=55200 kept 20/64 samples (t_value >= 0.50)
2026-05-03 01:46:34,056 - INFO - Step   55400 | Epoch  55 | MSE: 0.3409 | Steps/sec: 1.74 | LR: 1.66e-04 | Render_L1: 0.0258 | Alpha_L1: 0.0316 | Render_LPIPS: 0.1578 | cos(c,null): +0.3079 | GradNorm: 0.4163 | MSE/t: [0.00-0.50]0.515(n=6464) [0.50-0.85]0.174(n=5797) [0.85-0.95]0.052(n=507) [0.95-1.00]0.041(n=32)
2026-05-03 01:46:34,158 - INFO - [render-loss] step=55400 kept 34/64 samples (t_value >= 0.50)
2026-05-03 01:48:29,857 - INFO - Step   55600 | Epoch  55 | MSE: 0.3372 | Steps/sec: 1.73 | LR: 1.66e-04 | Render_L1: 0.0255 | Alpha_L1: 0.0309 | Render_LPIPS: 0.1557 | cos(c,null): +0.3093 | GradNorm: 0.4213 | MSE/t: [0.00-0.50]0.518(n=6273) [0.50-0.85]0.173(n=6013) [0.85-0.95]0.053(n=486) [0.95-1.00]0.040(n=28)
2026-05-03 01:48:29,960 - INFO - [render-loss] step=55600 kept 36/64 samples (t_value >= 0.50)
2026-05-03 01:50:25,348 - INFO - Step   55800 | Epoch  56 | MSE: 0.3369 | Steps/sec: 1.73 | LR: 1.66e-04 | Render_L1: 0.0256 | Alpha_L1: 0.0309 | Render_LPIPS: 0.1562 | cos(c,null): +0.3112 | GradNorm: 0.4168 | MSE/t: [0.00-0.50]0.513(n=6357) [0.50-0.85]0.174(n=5891) [0.85-0.95]0.052(n=533) [0.95-1.00]0.044(n=19)
2026-05-03 01:50:25,449 - INFO - [render-loss] step=55800 kept 35/64 samples (t_value >= 0.50)
2026-05-03 01:52:20,342 - INFO - Step   56000 | Epoch  56 | MSE: 0.3409 | Steps/sec: 1.74 | LR: 1.65e-04 | Render_L1: 0.0258 | Alpha_L1: 0.0312 | Render_LPIPS: 0.1566 | cos(c,null): +0.3101 | GradNorm: 0.4214 | MSE/t: [0.00-0.50]0.516(n=6401) [0.50-0.85]0.176(n=5864) [0.85-0.95]0.053(n=514) [0.95-1.00]0.039(n=21)
2026-05-03 01:52:20,553 - INFO - [cond] cfg_signal=0.0635 (min=0.0371 max=0.1008, n=16) | class_signal=0.0743 (min=0.0335 max=0.1012, n=16) | pred_rms=0.7683
2026-05-03 01:52:28,706 - INFO - [validation] saved: output/jit_B8_postfix_20260502_195943/dit_validation/epoch_056_step_0056000_class090.png (class=90, sampler=heun, steps=100)
2026-05-03 01:52:29,958 - INFO - [overrides] applied from jit/configs/overrides.yaml: lr_scale=1.0 max_grad_norm=5.0 null_repel_weight=0.0 P_mean=0.0
2026-05-03 01:52:30,056 - INFO - [render-loss] step=56000 kept 33/64 samples (t_value >= 0.50)
2026-05-03 01:54:25,194 - INFO - Step   56200 | Epoch  56 | MSE: 0.3408 | Steps/sec: 1.60 | LR: 1.65e-04 | Render_L1: 0.0254 | Alpha_L1: 0.0310 | Render_LPIPS: 0.1551 | cos(c,null): +0.3116 | GradNorm: 0.4203 | MSE/t: [0.00-0.50]0.516(n=6423) [0.50-0.85]0.175(n=5855) [0.85-0.95]0.053(n=497) [0.95-1.00]0.042(n=25)
2026-05-03 01:54:25,296 - INFO - [render-loss] step=56200 kept 27/64 samples (t_value >= 0.50)
2026-05-03 01:56:20,210 - INFO - Step   56400 | Epoch  56 | MSE: 0.3401 | Steps/sec: 1.74 | LR: 1.65e-04 | Render_L1: 0.0257 | Alpha_L1: 0.0310 | Render_LPIPS: 0.1556 | cos(c,null): +0.3135 | GradNorm: 0.4134 | MSE/t: [0.00-0.50]0.513(n=6417) [0.50-0.85]0.177(n=5859) [0.85-0.95]0.052(n=498) [0.95-1.00]0.041(n=26)
2026-05-03 01:56:20,312 - INFO - [render-loss] step=56400 kept 35/64 samples (t_value >= 0.50)
2026-05-03 01:58:14,997 - INFO - Step   56600 | Epoch  56 | MSE: 0.3403 | Steps/sec: 1.74 | LR: 1.65e-04 | Render_L1: 0.0253 | Alpha_L1: 0.0309 | Render_LPIPS: 0.1551 | cos(c,null): +0.3115 | GradNorm: 0.4291 | MSE/t: [0.00-0.50]0.513(n=6456) [0.50-0.85]0.175(n=5802) [0.85-0.95]0.054(n=528) [0.95-1.00]0.038(n=14)
2026-05-03 01:58:15,099 - INFO - [render-loss] step=56600 kept 25/64 samples (t_value >= 0.50)
2026-05-03 02:00:09,929 - INFO - Step   56800 | Epoch  57 | MSE: 0.3381 | Steps/sec: 1.74 | LR: 1.64e-04 | Render_L1: 0.0260 | Alpha_L1: 0.0313 | Render_LPIPS: 0.1578 | cos(c,null): +0.3132 | GradNorm: 0.4220 | MSE/t: [0.00-0.50]0.511(n=6390) [0.50-0.85]0.176(n=5873) [0.85-0.95]0.053(n=518) [0.95-1.00]0.044(n=19)
2026-05-03 02:00:10,031 - INFO - [render-loss] step=56800 kept 29/64 samples (t_value >= 0.50)
2026-05-03 02:02:04,872 - INFO - Step   57000 | Epoch  57 | MSE: 0.3413 | Steps/sec: 1.74 | LR: 1.64e-04 | Render_L1: 0.0255 | Alpha_L1: 0.0310 | Render_LPIPS: 0.1551 | cos(c,null): +0.3150 | GradNorm: 0.4248 | MSE/t: [0.00-0.50]0.515(n=6440) [0.50-0.85]0.175(n=5867) [0.85-0.95]0.053(n=470) [0.95-1.00]0.041(n=23)
2026-05-03 02:02:05,083 - INFO - [cond] cfg_signal=0.0669 (min=0.0399 max=0.1038, n=16) | class_signal=0.0761 (min=0.0496 max=0.1031, n=16) | pred_rms=0.8049
2026-05-03 02:02:13,205 - INFO - [validation] saved: output/jit_B8_postfix_20260502_195943/dit_validation/epoch_057_step_0057000_class029.png (class=29, sampler=heun, steps=100)
2026-05-03 02:02:14,438 - INFO - [overrides] applied from jit/configs/overrides.yaml: lr_scale=1.0 max_grad_norm=5.0 null_repel_weight=0.0 P_mean=0.0
2026-05-03 02:02:14,535 - INFO - [render-loss] step=57000 kept 34/64 samples (t_value >= 0.50)
2026-05-03 02:04:09,798 - INFO - Step   57200 | Epoch  57 | MSE: 0.3410 | Steps/sec: 1.60 | LR: 1.64e-04 | Render_L1: 0.0256 | Alpha_L1: 0.0312 | Render_LPIPS: 0.1555 | cos(c,null): +0.3121 | GradNorm: 0.4315 | MSE/t: [0.00-0.50]0.516(n=6405) [0.50-0.85]0.176(n=5845) [0.85-0.95]0.053(n=524) [0.95-1.00]0.043(n=26)
2026-05-03 02:04:09,900 - INFO - [render-loss] step=57200 kept 38/64 samples (t_value >= 0.50)
2026-05-03 02:06:05,434 - INFO - Step   57400 | Epoch  57 | MSE: 0.3392 | Steps/sec: 1.73 | LR: 1.64e-04 | Render_L1: 0.0256 | Alpha_L1: 0.0307 | Render_LPIPS: 0.1549 | cos(c,null): +0.3136 | GradNorm: 0.4332 | MSE/t: [0.00-0.50]0.516(n=6321) [0.50-0.85]0.176(n=5951) [0.85-0.95]0.054(n=502) [0.95-1.00]0.045(n=26)
2026-05-03 02:06:05,537 - INFO - [render-loss] step=57400 kept 31/64 samples (t_value >= 0.50)
2026-05-03 02:08:01,106 - INFO - Step   57600 | Epoch  57 | MSE: 0.3386 | Steps/sec: 1.73 | LR: 1.63e-04 | Render_L1: 0.0251 | Alpha_L1: 0.0308 | Render_LPIPS: 0.1542 | cos(c,null): +0.3124 | GradNorm: 0.4261 | MSE/t: [0.00-0.50]0.514(n=6352) [0.50-0.85]0.176(n=5917) [0.85-0.95]0.054(n=507) [0.95-1.00]0.041(n=24)
2026-05-03 02:08:01,209 - INFO - [render-loss] step=57600 kept 30/64 samples (t_value >= 0.50)
2026-05-03 02:09:56,808 - INFO - Step   57800 | Epoch  58 | MSE: 0.3383 | Steps/sec: 1.73 | LR: 1.63e-04 | Render_L1: 0.0255 | Alpha_L1: 0.0307 | Render_LPIPS: 0.1554 | cos(c,null): +0.3148 | GradNorm: 0.4356 | MSE/t: [0.00-0.50]0.512(n=6345) [0.50-0.85]0.177(n=5935) [0.85-0.95]0.052(n=496) [0.95-1.00]0.047(n=24)
2026-05-03 02:09:56,910 - INFO - [render-loss] step=57800 kept 31/64 samples (t_value >= 0.50)
2026-05-03 02:11:52,069 - INFO - Step   58000 | Epoch  58 | MSE: 0.3396 | Steps/sec: 1.74 | LR: 1.63e-04 | Render_L1: 0.0258 | Alpha_L1: 0.0310 | Render_LPIPS: 0.1550 | cos(c,null): +0.3162 | GradNorm: 0.4300 | MSE/t: [0.00-0.50]0.512(n=6444) [0.50-0.85]0.175(n=5821) [0.85-0.95]0.054(n=509) [0.95-1.00]0.046(n=26)
2026-05-03 02:11:52,281 - INFO - [cond] cfg_signal=0.0686 (min=0.0415 max=0.1091, n=16) | class_signal=0.0740 (min=0.0380 max=0.0968, n=16) | pred_rms=0.7967
2026-05-03 02:12:00,408 - INFO - [validation] saved: output/jit_B8_postfix_20260502_195943/dit_validation/epoch_058_step_0058000_class005.png (class=5, sampler=heun, steps=100)
2026-05-03 02:12:01,619 - INFO - [overrides] applied from jit/configs/overrides.yaml: lr_scale=1.0 max_grad_norm=5.0 null_repel_weight=0.0 P_mean=0.0
2026-05-03 02:12:01,717 - INFO - [render-loss] step=58000 kept 36/64 samples (t_value >= 0.50)
2026-05-03 02:13:56,763 - INFO - Step   58200 | Epoch  58 | MSE: 0.3411 | Steps/sec: 1.61 | LR: 1.63e-04 | Render_L1: 0.0254 | Alpha_L1: 0.0307 | Render_LPIPS: 0.1533 | cos(c,null): +0.3132 | GradNorm: 0.4332 | MSE/t: [0.00-0.50]0.515(n=6405) [0.50-0.85]0.177(n=5864) [0.85-0.95]0.054(n=512) [0.95-1.00]0.042(n=19)
2026-05-03 02:13:56,865 - INFO - [render-loss] step=58200 kept 24/64 samples (t_value >= 0.50)
2026-05-03 02:15:51,804 - INFO - Step   58400 | Epoch  58 | MSE: 0.3408 | Steps/sec: 1.74 | LR: 1.62e-04 | Render_L1: 0.0259 | Alpha_L1: 0.0315 | Render_LPIPS: 0.1562 | cos(c,null): +0.3151 | GradNorm: 0.4319 | MSE/t: [0.00-0.50]0.513(n=6451) [0.50-0.85]0.177(n=5783) [0.85-0.95]0.054(n=548) [0.95-1.00]0.045(n=18)
2026-05-03 02:15:51,905 - INFO - [render-loss] step=58400 kept 35/64 samples (t_value >= 0.50)
2026-05-03 02:17:46,834 - INFO - Step   58600 | Epoch  58 | MSE: 0.3412 | Steps/sec: 1.74 | LR: 1.62e-04 | Render_L1: 0.0255 | Alpha_L1: 0.0307 | Render_LPIPS: 0.1540 | cos(c,null): +0.3144 | GradNorm: 0.4471 | MSE/t: [0.00-0.50]0.513(n=6446) [0.50-0.85]0.178(n=5825) [0.85-0.95]0.055(n=501) [0.95-1.00]0.043(n=28)
2026-05-03 02:17:46,936 - INFO - [render-loss] step=58600 kept 33/64 samples (t_value >= 0.50)
2026-05-03 02:19:42,052 - INFO - Step   58800 | Epoch  59 | MSE: 0.3422 | Steps/sec: 1.74 | LR: 1.62e-04 | Render_L1: 0.0253 | Alpha_L1: 0.0301 | Render_LPIPS: 0.1530 | cos(c,null): +0.3167 | GradNorm: 0.4359 | MSE/t: [0.00-0.50]0.515(n=6445) [0.50-0.85]0.177(n=5849) [0.85-0.95]0.053(n=489) [0.95-1.00]0.040(n=17)
2026-05-03 02:19:42,153 - INFO - [render-loss] step=58800 kept 35/64 samples (t_value >= 0.50)
2026-05-03 02:21:37,297 - INFO - Step   59000 | Epoch  59 | MSE: 0.3406 | Steps/sec: 1.74 | LR: 1.62e-04 | Render_L1: 0.0258 | Alpha_L1: 0.0305 | Render_LPIPS: 0.1556 | cos(c,null): +0.3151 | GradNorm: 0.4440 | MSE/t: [0.00-0.50]0.517(n=6367) [0.50-0.85]0.176(n=5885) [0.85-0.95]0.054(n=531) [0.95-1.00]0.043(n=17)
2026-05-03 02:21:37,507 - INFO - [cond] cfg_signal=0.0673 (min=0.0437 max=0.1024, n=16) | class_signal=0.0765 (min=0.0551 max=0.1055, n=16) | pred_rms=0.7944
2026-05-03 02:21:45,633 - INFO - [validation] saved: output/jit_B8_postfix_20260502_195943/dit_validation/epoch_059_step_0059000_class032.png (class=32, sampler=heun, steps=100)
2026-05-03 02:21:46,880 - INFO - [overrides] applied from jit/configs/overrides.yaml: lr_scale=1.0 max_grad_norm=5.0 null_repel_weight=0.0 P_mean=0.0
2026-05-03 02:21:46,978 - INFO - [render-loss] step=59000 kept 30/64 samples (t_value >= 0.50)
2026-05-03 02:23:42,246 - INFO - Step   59200 | Epoch  59 | MSE: 0.3385 | Steps/sec: 1.60 | LR: 1.62e-04 | Render_L1: 0.0248 | Alpha_L1: 0.0298 | Render_LPIPS: 0.1510 | cos(c,null): +0.3138 | GradNorm: 0.4471 | MSE/t: [0.00-0.50]0.513(n=6323) [0.50-0.85]0.178(n=5944) [0.85-0.95]0.054(n=518) [0.95-1.00]0.044(n=15)
2026-05-03 02:23:42,348 - INFO - [render-loss] step=59200 kept 41/64 samples (t_value >= 0.50)
2026-05-03 02:25:37,432 - INFO - Step   59400 | Epoch  59 | MSE: 0.3380 | Steps/sec: 1.74 | LR: 1.61e-04 | Render_L1: 0.0253 | Alpha_L1: 0.0303 | Render_LPIPS: 0.1522 | cos(c,null): +0.3145 | GradNorm: 0.4422 | MSE/t: [0.00-0.50]0.512(n=6314) [0.50-0.85]0.178(n=5954) [0.85-0.95]0.055(n=517) [0.95-1.00]0.044(n=15)
2026-05-03 02:25:37,534 - INFO - [render-loss] step=59400 kept 30/64 samples (t_value >= 0.50)
2026-05-03 02:27:32,311 - INFO - Step   59600 | Epoch  59 | MSE: 0.3431 | Steps/sec: 1.74 | LR: 1.61e-04 | Render_L1: 0.0258 | Alpha_L1: 0.0310 | Render_LPIPS: 0.1552 | cos(c,null): +0.3147 | GradNorm: 0.4505 | MSE/t: [0.00-0.50]0.516(n=6473) [0.50-0.85]0.176(n=5826) [0.85-0.95]0.055(n=479) [0.95-1.00]0.040(n=22)
2026-05-03 02:27:32,543 - INFO - [render-loss] step=59600 kept 33/64 samples (t_value >= 0.50)
2026-05-03 02:29:27,774 - INFO - Step   59800 | Epoch  60 | MSE: 0.3411 | Steps/sec: 1.73 | LR: 1.61e-04 | Render_L1: 0.0258 | Alpha_L1: 0.0307 | Render_LPIPS: 0.1553 | cos(c,null): +0.3154 | GradNorm: 0.4374 | MSE/t: [0.00-0.50]0.514(n=6413) [0.50-0.85]0.177(n=5872) [0.85-0.95]0.055(n=492) [0.95-1.00]0.049(n=23)
2026-05-03 02:29:27,876 - INFO - [render-loss] step=59800 kept 35/64 samples (t_value >= 0.50)
2026-05-03 02:31:23,019 - INFO - Step   60000 | Epoch  60 | MSE: 0.3414 | Steps/sec: 1.74 | LR: 1.61e-04 | Render_L1: 0.0255 | Alpha_L1: 0.0307 | Render_LPIPS: 0.1537 | cos(c,null): +0.3120 | GradNorm: 0.4593 | MSE/t: [0.00-0.50]0.514(n=6419) [0.50-0.85]0.177(n=5863) [0.85-0.95]0.055(n=488) [0.95-1.00]0.046(n=30)
2026-05-03 02:31:23,234 - INFO - [cond] cfg_signal=0.0687 (min=0.0413 max=0.1064, n=16) | class_signal=0.0771 (min=0.0344 max=0.1179, n=16) | pred_rms=0.7919
2026-05-03 02:31:24,975 - INFO - Saved checkpoint to output/jit_B8_postfix_20260502_195943/0060000.pt
2026-05-03 02:31:25,186 - INFO - [cond] cfg_signal=0.0687 (min=0.0413 max=0.1064, n=16) | class_signal=0.0771 (min=0.0344 max=0.1179, n=16) | pred_rms=0.7919
2026-05-03 02:31:33,289 - INFO - [validation] saved: output/jit_B8_postfix_20260502_195943/dit_validation/epoch_060_step_0060000_class048.png (class=48, sampler=heun, steps=100)
2026-05-03 02:31:34,518 - INFO - [overrides] applied from jit/configs/overrides.yaml: lr_scale=1.0 max_grad_norm=5.0 null_repel_weight=0.0 P_mean=0.0
2026-05-03 02:31:34,614 - INFO - [render-loss] step=60000 kept 34/64 samples (t_value >= 0.50)
W0503 02:32:00.049000 875751 torch/distributed/elastic/multiprocessing/api.py:1012] Sending process 875904 closing signal SIGTERM
W0503 02:32:00.050000 875751 torch/distributed/elastic/multiprocessing/api.py:1012] Sending process 875905 closing signal SIGTERM
W0503 02:32:00.051000 875751 torch/distributed/elastic/multiprocessing/api.py:1012] Sending process 875906 closing signal SIGTERM
E0503 02:32:00.056000 875751 torch/distributed/elastic/multiprocessing/api.py:986] failed (exitcode: -15) local_rank: 0 (pid: 875903) of binary: /home/hmolin/3DGen-Playground/.3dgen/bin/python3
Traceback (most recent call last):
  File "/home/hmolin/3DGen-Playground/.3dgen/bin/accelerate", line 8, in <module>
    sys.exit(main())
  File "/home/hmolin/3DGen-Playground/.3dgen/lib/python3.10/site-packages/accelerate/commands/accelerate_cli.py", line 50, in main
    args.func(args)
  File "/home/hmolin/3DGen-Playground/.3dgen/lib/python3.10/site-packages/accelerate/commands/launch.py", line 1396, in launch_command
    multi_gpu_launcher(args)
  File "/home/hmolin/3DGen-Playground/.3dgen/lib/python3.10/site-packages/accelerate/commands/launch.py", line 1023, in multi_gpu_launcher
    distrib_run.run(args)
  File "/home/hmolin/3DGen-Playground/.3dgen/lib/python3.10/site-packages/torch/distributed/run.py", line 981, in run
    elastic_launch(
  File "/home/hmolin/3DGen-Playground/.3dgen/lib/python3.10/site-packages/torch/distributed/launcher/api.py", line 170, in __call__
    return launch_agent(self._config, self._entrypoint, list(args))
  File "/home/hmolin/3DGen-Playground/.3dgen/lib/python3.10/site-packages/torch/distributed/launcher/api.py", line 317, in launch_agent
    raise ChildFailedError(
torch.distributed.elastic.multiprocessing.errors.ChildFailedError: 
========================================================
jit/train_gsplat.py FAILED
--------------------------------------------------------
Failures:
[1]:
  time      : 2026-05-03_02:32:00
  host      : yusu-l4.c.gcp-langmotion.internal
  rank      : 1 (local_rank: 1)
  exitcode  : -15 (pid: 875904)
  error_file: <N/A>
  traceback : Signal 15 (SIGTERM) received by PID 875904
[2]:
  time      : 2026-05-03_02:32:00
  host      : yusu-l4.c.gcp-langmotion.internal
  rank      : 2 (local_rank: 2)
  exitcode  : -15 (pid: 875905)
  error_file: <N/A>
  traceback : Signal 15 (SIGTERM) received by PID 875905
[3]:
  time      : 2026-05-03_02:32:00
  host      : yusu-l4.c.gcp-langmotion.internal
  rank      : 3 (local_rank: 3)
  exitcode  : -15 (pid: 875906)
  error_file: <N/A>
  traceback : Signal 15 (SIGTERM) received by PID 875906
--------------------------------------------------------
Root Cause (first observed failure):
[0]:
  time      : 2026-05-03_02:32:00
  host      : yusu-l4.c.gcp-langmotion.internal
  rank      : 0 (local_rank: 0)
  exitcode  : -15 (pid: 875903)
  error_file: <N/A>
  traceback : Signal 15 (SIGTERM) received by PID 875903
========================================================
